event,track,particle,d1,d2,d3
1,0,null,0,0,0
2,0,null,0,0,0
3,40,secondary_proton,1,1,1
4,0,null,0,0,0
5,9,secondary_proton,1,1,1
6,0,null,0,0,0
7,0,null,0,0,0
8,0,null,0,0,0
9,6,secondary_proton,1,1,1
10,0,null,0,0,0
11,0,null,0,0,0
12,0,null,0,0,0
13,0,null,0,0,0
14,0,null,0,0,0
15,0,null,0,0,0
16,0,null,0,0,0
17,0,null,0,0,0
18,0,null,0,0,0
19,0,null,0,0,0
20,0,null,0,0,0
21,0,null,0,0,0
22,0,null,0,0,0
23,0,null,0,0,0
24,0,null,0,0,0
25,0,null,0,0,0
26,0,null,0,0,0
27,0,null,0,0,0
28,0,null,0,0,0
29,0,null,0,0,0
30,0,null,0,0,0
31,0,null,0,0,0
32,0,null,0,0,0
33,0,null,0,0,0
34,8,pi+,1,1,1
35,0,null,0,0,0
36,0,null,0,0,0
37,0,null,0,0,0
38,0,null,0,0,0
39,0,null,0,0,0
40,0,null,0,0,0
41,0,null,0,0,0
42,0,null,0,0,0
43,0,null,0,0,0
44,0,null,0,0,0
45,0,null,0,0,0
46,3,secondary_proton,1,1,0
47,0,null,0,0,0
48,0,null,0,0,0
49,0,null,0,0,0
50,0,null,0,0,0
51,0,null,0,0,0
52,0,null,0,0,0
53,0,null,0,0,0
54,0,null,0,0,0
55,0,null,0,0,0
56,0,null,0,0,0
57,0,null,0,0,0
58,0,null,0,0,0
59,0,null,0,0,0
60,0,null,0,0,0
61,0,null,0,0,0
62,0,null,0,0,0
63,0,null,0,0,0
64,0,null,0,0,0
65,0,null,0,0,0
66,0,null,0,0,0
67,0,null,0,0,0
68,0,null,0,0,0
69,0,null,0,0,0
70,0,null,0,0,0
71,7,pi+,1,1,1
72,0,null,0,0,0
73,0,null,0,0,0
74,0,null,0,0,0
75,0,null,0,0,0
76,0,null,0,0,0
77,0,null,0,0,0
78,1,primary_proton,1,1,1
79,0,null,0,0,0
80,0,null,0,0,0
81,0,null,0,0,0
82,0,null,0,0,0
83,0,null,0,0,0
84,0,null,0,0,0
85,0,null,0,0,0
86,0,null,0,0,0
87,0,null,0,0,0
88,0,null,0,0,0
89,1,primary_proton,1,1,1
90,0,null,0,0,0
91,0,null,0,0,0
92,0,null,0,0,0
93,0,null,0,0,0
94,0,null,0,0,0
95,1,primary_proton,1,1,1
96,0,null,0,0,0
97,0,null,0,0,0
98,0,null,0,0,0
99,0,null,0,0,0
100,0,null,0,0,0
101,0,null,0,0,0
102,0,null,0,0,0
103,0,null,0,0,0
104,0,null,0,0,0
105,0,null,0,0,0
106,0,null,0,0,0
107,0,null,0,0,0
108,0,null,0,0,0
109,0,null,0,0,0
110,0,null,0,0,0
111,0,null,0,0,0
112,0,null,0,0,0
113,0,null,0,0,0
114,0,null,0,0,0
115,0,null,0,0,0
116,0,null,0,0,0
117,0,null,0,0,0
118,0,null,0,0,0
119,0,null,0,0,0
120,0,null,0,0,0
121,0,null,0,0,0
122,0,null,0,0,0
123,0,null,0,0,0
124,9,secondary_proton,1,1,1
125,0,null,0,0,0
126,0,null,0,0,0
127,0,null,0,0,0
128,0,null,0,0,0
129,0,null,0,0,0
130,0,null,0,0,0
131,7,pi+,1,1,1
132,3,secondary_proton,1,1,1
133,0,null,0,0,0
134,13,secondary_proton,1,1,1
135,0,null,0,0,0
136,0,null,0,0,0
137,14,pi+,1,1,1
138,0,null,0,0,0
139,1,primary_proton,1,1,1
140,0,null,0,0,0
141,0,null,0,0,0
142,0,null,0,0,0
143,0,null,0,0,0
144,0,null,0,0,0
145,0,null,0,0,0
146,0,null,0,0,0
147,0,null,0,0,0
148,0,null,0,0,0
149,0,null,0,0,0
150,0,null,0,0,0
151,0,null,0,0,0
152,0,null,0,0,0
153,0,null,0,0,0
154,0,null,0,0,0
155,0,null,0,0,0
156,0,null,0,0,0
157,0,null,0,0,0
158,0,null,0,0,0
159,0,null,0,0,0
160,0,null,0,0,0
161,0,null,0,0,0
162,0,null,0,0,0
163,0,null,0,0,0
164,0,null,0,0,0
165,0,null,0,0,0
166,0,null,0,0,0
167,0,null,0,0,0
168,0,null,0,0,0
169,0,null,0,0,0
170,0,null,0,0,0
171,0,null,0,0,0
172,0,null,0,0,0
173,0,null,0,0,0
174,0,null,0,0,0
175,0,null,0,0,0
176,0,null,0,0,0
177,0,null,0,0,0
178,0,null,0,0,0
179,0,null,0,0,0
180,0,null,0,0,0
181,0,null,0,0,0
182,0,null,0,0,0
183,9,pi-,1,1,1
184,0,null,0,0,0
185,0,null,0,0,0
186,0,null,0,0,0
187,0,null,0,0,0
188,0,null,0,0,0
189,0,null,0,0,0
190,0,null,0,0,0
191,0,null,0,0,0
192,0,null,0,0,0
193,0,null,0,0,0
194,0,null,0,0,0
195,0,null,0,0,0
196,0,null,0,0,0
197,0,null,0,0,0
198,0,null,0,0,0
199,9,secondary_proton,1,1,1
200,0,null,0,0,0
201,0,null,0,0,0
202,0,null,0,0,0
203,12,pi+,1,1,1
204,0,null,0,0,0
205,0,null,0,0,0
206,0,null,0,0,0
207,0,null,0,0,0
208,0,null,0,0,0
209,0,null,0,0,0
210,0,null,0,0,0
211,0,null,0,0,0
212,0,null,0,0,0
213,0,null,0,0,0
214,0,null,0,0,0
215,0,null,0,0,0
216,0,null,0,0,0
217,0,null,0,0,0
218,0,null,0,0,0
219,0,null,0,0,0
220,0,null,0,0,0
221,9,pi-,1,0,0
222,0,null,0,0,0
223,0,null,0,0,0
224,0,null,0,0,0
225,0,null,0,0,0
226,0,null,0,0,0
227,0,null,0,0,0
228,0,null,0,0,0
229,0,null,0,0,0
230,0,null,0,0,0
231,0,null,0,0,0
232,0,null,0,0,0
233,0,null,0,0,0
234,0,null,0,0,0
235,0,null,0,0,0
236,0,null,0,0,0
237,0,null,0,0,0
239,0,null,0,0,0
240,0,null,0,0,0
241,3,secondary_proton,1,1,1
242,0,null,0,0,0
243,0,null,0,0,0
244,0,null,0,0,0
245,0,null,0,0,0
246,0,null,0,0,0
247,27,secondary_proton,1,1,1
248,0,null,0,0,0
249,0,null,0,0,0
250,0,null,0,0,0
251,0,null,0,0,0
252,0,null,0,0,0
253,0,null,0,0,0
254,0,null,0,0,0
255,0,null,0,0,0
256,0,null,0,0,0
257,0,null,0,0,0
258,0,null,0,0,0
259,0,null,0,0,0
260,0,null,0,0,0
261,0,null,0,0,0
262,0,null,0,0,0
263,0,null,0,0,0
264,1,primary_proton,1,1,1
265,0,null,0,0,0
266,0,null,0,0,0
267,0,null,0,0,0
268,30,secondary_proton,1,1,1
269,9,pi-,1,1,1
270,0,null,0,0,0
271,0,null,0,0,0
272,0,null,0,0,0
273,0,null,0,0,0
274,0,null,0,0,0
275,0,null,0,0,0
276,0,null,0,0,0
277,0,null,0,0,0
278,0,null,0,0,0
279,2,secondary_proton,1,1,1
280,0,null,0,0,0
281,0,null,0,0,0
282,0,null,0,0,0
283,0,null,0,0,0
284,0,null,0,0,0
285,0,null,0,0,0
286,0,null,0,0,0
287,0,null,0,0,0
288,0,null,0,0,0
289,0,null,0,0,0
290,0,null,0,0,0
291,0,null,0,0,0
292,0,null,0,0,0
293,0,null,0,0,0
294,0,null,0,0,0
295,0,null,0,0,0
296,0,null,0,0,0
297,0,null,0,0,0
298,0,null,0,0,0
299,0,null,0,0,0
300,0,null,0,0,0
301,0,null,0,0,0
302,0,null,0,0,0
303,0,null,0,0,0
304,0,null,0,0,0
305,0,null,0,0,0
306,0,null,0,0,0
307,0,null,0,0,0
308,0,null,0,0,0
309,0,null,0,0,0
310,0,null,0,0,0
311,0,null,0,0,0
312,0,null,0,0,0
313,0,null,0,0,0
314,0,null,0,0,0
315,0,null,0,0,0
316,0,null,0,0,0
317,0,null,0,0,0
318,0,null,0,0,0
319,0,null,0,0,0
320,0,null,0,0,0
321,10,secondary_proton,1,1,1
322,0,null,0,0,0
323,0,null,0,0,0
324,0,null,0,0,0
325,0,null,0,0,0
326,0,null,0,0,0
327,0,null,0,0,0
328,0,null,0,0,0
329,0,null,0,0,0
330,0,null,0,0,0
331,0,null,0,0,0
332,0,null,0,0,0
333,0,null,0,0,0
334,0,null,0,0,0
335,97,secondary_proton,1,1,0
336,0,null,0,0,0
337,0,null,0,0,0
338,0,null,0,0,0
339,0,null,0,0,0
340,0,null,0,0,0
341,0,null,0,0,0
342,0,null,0,0,0
343,9,pi+,1,1,1
344,0,null,0,0,0
345,0,null,0,0,0
346,0,null,0,0,0
347,0,null,0,0,0
348,0,null,0,0,0
349,0,null,0,0,0
350,0,null,0,0,0
351,0,null,0,0,0
352,0,null,0,0,0
353,0,null,0,0,0
354,1,primary_proton,1,1,1
355,0,null,0,0,0
356,1,primary_proton,1,1,1
357,0,null,0,0,0
358,0,null,0,0,0
359,0,null,0,0,0
360,0,null,0,0,0
361,0,null,0,0,0
362,0,null,0,0,0
363,0,null,0,0,0
364,0,null,0,0,0
365,10,pi-,1,1,1
366,0,null,0,0,0
367,0,null,0,0,0
368,0,null,0,0,0
369,0,null,0,0,0
370,0,null,0,0,0
371,0,null,0,0,0
372,0,null,0,0,0
373,24,secondary_proton,1,1,1
374,1,primary_proton,1,1,1
375,0,null,0,0,0
376,78,e-,1,1,0
377,0,null,0,0,0
378,0,null,0,0,0
379,0,null,0,0,0
380,0,null,0,0,0
381,0,null,0,0,0
382,0,null,0,0,0
383,0,null,0,0,0
384,0,null,0,0,0
385,0,null,0,0,0
386,1,primary_proton,1,1,1
387,0,null,0,0,0
388,0,null,0,0,0
389,0,null,0,0,0
390,0,null,0,0,0
391,0,null,0,0,0
392,0,null,0,0,0
393,0,null,0,0,0
394,0,null,0,0,0
395,0,null,0,0,0
396,0,null,0,0,0
397,0,null,0,0,0
398,0,null,0,0,0
399,0,null,0,0,0
400,0,null,0,0,0
401,0,null,0,0,0
402,0,null,0,0,0
403,0,null,0,0,0
404,0,null,0,0,0
405,1193,pi-,1,1,1
406,0,null,0,0,0
407,0,null,0,0,0
408,1,primary_proton,1,1,1
409,0,null,0,0,0
410,0,null,0,0,0
411,0,null,0,0,0
412,0,null,0,0,0
413,0,null,0,0,0
414,0,null,0,0,0
415,0,null,0,0,0
416,0,null,0,0,0
417,15,pi+,1,1,1
418,0,null,0,0,0
419,0,null,0,0,0
420,0,null,0,0,0
421,0,null,0,0,0
422,0,null,0,0,0
423,1,primary_proton,1,1,1
424,0,null,0,0,0
425,0,null,0,0,0
426,0,null,0,0,0
427,0,null,0,0,0
428,0,null,0,0,0
429,8,pi+,1,1,1
430,0,null,0,0,0
431,0,null,0,0,0
432,1,primary_proton,1,1,1
433,0,null,0,0,0
434,0,null,0,0,0
435,0,null,0,0,0
436,0,null,0,0,0
437,0,null,0,0,0
438,0,null,0,0,0
439,0,null,0,0,0
440,0,null,0,0,0
441,0,null,0,0,0
442,0,null,0,0,0
443,0,null,0,0,0
444,0,null,0,0,0
445,0,null,0,0,0
446,0,null,0,0,0
447,0,null,0,0,0
448,0,null,0,0,0
449,9,pi+,1,1,1
450,0,null,0,0,0
451,0,null,0,0,0
452,0,null,0,0,0
453,0,null,0,0,0
454,0,null,0,0,0
455,0,null,0,0,0
456,0,null,0,0,0
457,0,null,0,0,0
458,0,null,0,0,0
459,0,null,0,0,0
460,0,null,0,0,0
461,0,null,0,0,0
462,0,null,0,0,0
463,1395,e-,1,0,0
464,73,pi+,1,1,1
465,0,null,0,0,0
466,0,null,0,0,0
467,0,null,0,0,0
468,8,secondary_proton,1,0,0
470,0,null,0,0,0
471,1,primary_proton,1,1,1
472,0,null,0,0,0
473,0,null,0,0,0
474,0,null,0,0,0
475,0,null,0,0,0
476,0,null,0,0,0
477,0,null,0,0,0
478,0,null,0,0,0
479,0,null,0,0,0
480,0,null,0,0,0
481,0,null,0,0,0
482,0,null,0,0,0
483,0,null,0,0,0
484,0,null,0,0,0
485,0,null,0,0,0
486,0,null,0,0,0
487,0,null,0,0,0
488,0,null,0,0,0
489,0,null,0,0,0
490,0,null,0,0,0
491,0,null,0,0,0
492,0,null,0,0,0
493,13,secondary_proton,1,1,1
494,0,null,0,0,0
495,0,null,0,0,0
496,0,null,0,0,0
497,0,null,0,0,0
498,0,null,0,0,0
499,0,null,0,0,0
500,0,null,0,0,0
501,0,null,0,0,0
502,0,null,0,0,0
503,0,null,0,0,0
504,1,primary_proton,1,1,1
505,0,null,0,0,0
506,1,primary_proton,1,1,1
507,0,null,0,0,0
508,0,null,0,0,0
509,0,null,0,0,0
510,0,null,0,0,0
511,0,null,0,0,0
512,0,null,0,0,0
513,0,null,0,0,0
514,0,null,0,0,0
515,0,null,0,0,0
516,0,null,0,0,0
517,0,null,0,0,0
518,0,null,0,0,0
519,0,null,0,0,0
520,0,null,0,0,0
521,0,null,0,0,0
522,0,null,0,0,0
523,0,null,0,0,0
524,0,null,0,0,0
525,0,null,0,0,0
526,0,null,0,0,0
527,0,null,0,0,0
528,0,null,0,0,0
529,0,null,0,0,0
530,0,null,0,0,0
531,0,null,0,0,0
532,0,null,0,0,0
533,0,null,0,0,0
534,0,null,0,0,0
535,0,null,0,0,0
536,0,null,0,0,0
537,0,null,0,0,0
538,0,null,0,0,0
539,0,null,0,0,0
540,0,null,0,0,0
541,0,null,0,0,0
542,0,null,0,0,0
543,0,null,0,0,0
544,0,null,0,0,0
545,0,null,0,0,0
546,0,null,0,0,0
547,0,null,0,0,0
548,0,null,0,0,0
549,1086,e-,1,1,1
550,0,null,0,0,0
551,0,null,0,0,0
552,1,primary_proton,1,1,1
553,0,null,0,0,0
554,0,null,0,0,0
555,0,null,0,0,0
556,0,null,0,0,0
557,0,null,0,0,0
558,0,null,0,0,0
559,0,null,0,0,0
560,0,null,0,0,0
561,0,null,0,0,0
562,0,null,0,0,0
563,0,null,0,0,0
564,0,null,0,0,0
565,1,primary_proton,1,1,1
566,0,null,0,0,0
567,0,null,0,0,0
568,0,null,0,0,0
569,0,null,0,0,0
570,0,null,0,0,0
571,0,null,0,0,0
572,0,null,0,0,0
573,1,primary_proton,1,1,1
574,0,null,0,0,0
575,0,null,0,0,0
576,0,null,0,0,0
577,0,null,0,0,0
578,0,null,0,0,0
579,10,pi+,1,1,1
580,0,null,0,0,0
581,0,null,0,0,0
582,0,null,0,0,0
583,0,null,0,0,0
584,0,null,0,0,0
585,0,null,0,0,0
586,0,null,0,0,0
587,0,null,0,0,0
588,0,null,0,0,0
589,0,null,0,0,0
590,0,null,0,0,0
591,0,null,0,0,0
592,0,null,0,0,0
593,0,null,0,0,0
594,0,null,0,0,0
595,0,null,0,0,0
596,0,null,0,0,0
597,0,null,0,0,0
598,0,null,0,0,0
599,0,null,0,0,0
600,0,null,0,0,0
601,0,null,0,0,0
602,0,null,0,0,0
603,0,null,0,0,0
604,0,null,0,0,0
605,0,null,0,0,0
606,0,null,0,0,0
607,0,null,0,0,0
608,0,null,0,0,0
609,0,null,0,0,0
610,0,null,0,0,0
611,0,null,0,0,0
612,0,null,0,0,0
613,0,null,0,0,0
614,0,null,0,0,0
615,0,null,0,0,0
616,0,null,0,0,0
617,0,null,0,0,0
618,0,null,0,0,0
619,0,null,0,0,0
620,0,null,0,0,0
621,0,null,0,0,0
622,0,null,0,0,0
623,0,null,0,0,0
624,0,null,0,0,0
625,0,null,0,0,0
626,0,null,0,0,0
627,0,null,0,0,0
628,0,null,0,0,0
629,0,null,0,0,0
630,0,null,0,0,0
631,0,null,0,0,0
632,1,primary_proton,1,1,1
633,0,null,0,0,0
634,1,primary_proton,1,1,1
635,0,null,0,0,0
636,0,null,0,0,0
637,1,primary_proton,1,1,1
638,0,null,0,0,0
639,0,null,0,0,0
640,0,null,0,0,0
641,4,secondary_proton,1,1,1
642,0,null,0,0,0
643,0,null,0,0,0
644,0,null,0,0,0
645,0,null,0,0,0
646,0,null,0,0,0
647,0,null,0,0,0
648,0,null,0,0,0
649,0,null,0,0,0
650,0,null,0,0,0
651,8,secondary_proton,1,1,1
652,0,null,0,0,0
653,0,null,0,0,0
654,0,null,0,0,0
655,0,null,0,0,0
656,0,null,0,0,0
657,0,null,0,0,0
658,0,null,0,0,0
659,0,null,0,0,0
660,0,null,0,0,0
661,0,null,0,0,0
662,0,null,0,0,0
663,0,null,0,0,0
664,0,null,0,0,0
665,0,null,0,0,0
666,0,null,0,0,0
667,0,null,0,0,0
668,0,null,0,0,0
669,0,null,0,0,0
670,0,null,0,0,0
671,0,null,0,0,0
672,0,null,0,0,0
673,0,null,0,0,0
674,0,null,0,0,0
675,0,null,0,0,0
676,0,null,0,0,0
677,0,null,0,0,0
678,11,pi+,1,0,0
679,0,null,0,0,0
680,0,null,0,0,0
681,0,null,0,0,0
682,0,null,0,0,0
683,0,null,0,0,0
684,0,null,0,0,0
685,0,null,0,0,0
686,0,null,0,0,0
687,0,null,0,0,0
688,0,null,0,0,0
689,0,null,0,0,0
690,0,null,0,0,0
691,0,null,0,0,0
692,0,null,0,0,0
693,0,null,0,0,0
694,0,null,0,0,0
695,0,null,0,0,0
696,0,null,0,0,0
697,0,null,0,0,0
698,0,null,0,0,0
699,0,null,0,0,0
700,0,null,0,0,0
701,0,null,0,0,0
703,0,null,0,0,0
704,0,null,0,0,0
705,0,null,0,0,0
706,0,null,0,0,0
707,0,null,0,0,0
708,0,null,0,0,0
709,0,null,0,0,0
710,0,null,0,0,0
711,0,null,0,0,0
712,0,null,0,0,0
713,0,null,0,0,0
714,0,null,0,0,0
715,0,null,0,0,0
716,0,null,0,0,0
717,0,null,0,0,0
718,0,null,0,0,0
719,0,null,0,0,0
720,0,null,0,0,0
721,0,null,0,0,0
722,0,null,0,0,0
723,0,null,0,0,0
724,7,secondary_proton,1,1,1
725,0,null,0,0,0
726,0,null,0,0,0
727,0,null,0,0,0
728,0,null,0,0,0
729,0,null,0,0,0
730,0,null,0,0,0
731,0,null,0,0,0
732,0,null,0,0,0
733,0,null,0,0,0
734,0,null,0,0,0
735,0,null,0,0,0
736,0,null,0,0,0
737,0,null,0,0,0
738,1,primary_proton,1,1,1
739,0,null,0,0,0
740,0,null,0,0,0
741,0,null,0,0,0
742,0,null,0,0,0
743,0,null,0,0,0
744,0,null,0,0,0
745,0,null,0,0,0
746,0,null,0,0,0
747,0,null,0,0,0
748,0,null,0,0,0
749,0,null,0,0,0
750,0,null,0,0,0
751,8,pi-,1,1,1
752,0,null,0,0,0
753,0,null,0,0,0
754,9,secondary_proton,1,1,1
755,0,null,0,0,0
756,0,null,0,0,0
757,0,null,0,0,0
758,0,null,0,0,0
759,0,null,0,0,0
760,8,pi+,1,1,1
761,0,null,0,0,0
762,0,null,0,0,0
763,0,null,0,0,0
764,1,primary_proton,1,1,1
765,0,null,0,0,0
766,0,null,0,0,0
767,0,null,0,0,0
768,0,null,0,0,0
769,0,null,0,0,0
770,0,null,0,0,0
771,0,null,0,0,0
772,0,null,0,0,0
773,1309,e-,1,0,1
774,0,null,0,0,0
775,0,null,0,0,0
776,0,null,0,0,0
777,0,null,0,0,0
778,0,null,0,0,0
779,0,null,0,0,0
780,0,null,0,0,0
781,0,null,0,0,0
782,0,null,0,0,0
783,0,null,0,0,0
784,0,null,0,0,0
785,0,null,0,0,0
786,0,null,0,0,0
787,0,null,0,0,0
788,0,null,0,0,0
789,0,null,0,0,0
790,0,null,0,0,0
791,0,null,0,0,0
792,0,null,0,0,0
793,0,null,0,0,0
794,0,null,0,0,0
795,0,null,0,0,0
796,0,null,0,0,0
797,0,null,0,0,0
798,0,null,0,0,0
799,0,null,0,0,0
800,0,null,0,0,0
801,0,null,0,0,0
802,0,null,0,0,0
803,0,null,0,0,0
804,0,null,0,0,0
805,0,null,0,0,0
806,0,null,0,0,0
807,0,null,0,0,0
808,1,primary_proton,1,1,1
809,0,null,0,0,0
810,0,null,0,0,0
811,0,null,0,0,0
812,0,null,0,0,0
813,0,null,0,0,0
814,0,null,0,0,0
815,0,null,0,0,0
816,0,null,0,0,0
817,0,null,0,0,0
818,0,null,0,0,0
819,0,null,0,0,0
820,0,null,0,0,0
821,0,null,0,0,0
822,0,null,0,0,0
823,0,null,0,0,0
824,0,null,0,0,0
825,0,null,0,0,0
826,1,primary_proton,1,1,1
827,0,null,0,0,0
828,0,null,0,0,0
829,0,null,0,0,0
830,0,null,0,0,0
831,0,null,0,0,0
832,0,null,0,0,0
833,0,null,0,0,0
834,0,null,0,0,0
835,6,secondary_proton,1,1,1
836,0,null,0,0,0
837,0,null,0,0,0
838,1,primary_proton,1,1,1
839,0,null,0,0,0
840,0,null,0,0,0
841,0,null,0,0,0
842,0,null,0,0,0
843,0,null,0,0,0
844,0,null,0,0,0
845,0,null,0,0,0
846,0,null,0,0,0
847,0,null,0,0,0
848,0,null,0,0,0
849,0,null,0,0,0
850,0,null,0,0,0
851,0,null,0,0,0
852,0,null,0,0,0
853,0,null,0,0,0
854,1,primary_proton,1,1,1
855,0,null,0,0,0
856,0,null,0,0,0
857,0,null,0,0,0
858,4,secondary_proton,1,1,1
859,0,null,0,0,0
860,0,null,0,0,0
861,0,null,0,0,0
862,10,pi-,1,1,1
863,0,null,0,0,0
864,0,null,0,0,0
865,0,null,0,0,0
866,0,null,0,0,0
867,0,null,0,0,0
868,0,null,0,0,0
869,0,null,0,0,0
870,0,null,0,0,0
871,0,null,0,0,0
872,0,null,0,0,0
873,0,null,0,0,0
874,0,null,0,0,0
875,0,null,0,0,0
876,0,null,0,0,0
877,10,pi+,1,1,1
878,0,null,0,0,0
879,0,null,0,0,0
880,0,null,0,0,0
881,0,null,0,0,0
882,0,null,0,0,0
883,0,null,0,0,0
884,0,null,0,0,0
885,0,null,0,0,0
886,0,null,0,0,0
887,0,null,0,0,0
888,0,null,0,0,0
889,0,null,0,0,0
890,0,null,0,0,0
891,0,null,0,0,0
892,0,null,0,0,0
893,1,primary_proton,1,1,1
894,1,primary_proton,1,1,1
895,0,null,0,0,0
896,0,null,0,0,0
897,0,null,0,0,0
898,0,null,0,0,0
899,5070,pi+,1,1,1
900,0,null,0,0,0
901,0,null,0,0,0
902,1,primary_proton,1,1,1
903,0,null,0,0,0
904,0,null,0,0,0
905,0,null,0,0,0
906,0,null,0,0,0
907,1,primary_proton,1,1,1
908,0,null,0,0,0
909,0,null,0,0,0
910,0,null,0,0,0
911,0,null,0,0,0
912,0,null,0,0,0
913,0,null,0,0,0
914,0,null,0,0,0
915,0,null,0,0,0
916,0,null,0,0,0
917,0,null,0,0,0
918,0,null,0,0,0
919,0,null,0,0,0
920,0,null,0,0,0
921,0,null,0,0,0
922,0,null,0,0,0
923,0,null,0,0,0
924,0,null,0,0,0
925,0,null,0,0,0
926,0,null,0,0,0
927,1,primary_proton,1,1,1
928,0,null,0,0,0
929,1,primary_proton,1,1,1
930,1,primary_proton,1,1,1
931,0,null,0,0,0
932,0,null,0,0,0
934,0,null,0,0,0
935,0,null,0,0,0
936,0,null,0,0,0
937,7,pi+,1,1,0
938,0,null,0,0,0
939,0,null,0,0,0
940,0,null,0,0,0
941,0,null,0,0,0
942,0,null,0,0,0
943,0,null,0,0,0
944,1,primary_proton,1,1,1
945,1,primary_proton,1,1,1
946,0,null,0,0,0
947,0,null,0,0,0
948,0,null,0,0,0
949,0,null,0,0,0
950,0,null,0,0,0
951,0,null,0,0,0
952,0,null,0,0,0
953,0,null,0,0,0
954,0,null,0,0,0
955,0,null,0,0,0
956,0,null,0,0,0
957,0,null,0,0,0
958,0,null,0,0,0
959,0,null,0,0,0
960,10,pi+,1,1,0
961,0,null,0,0,0
962,0,null,0,0,0
963,0,null,0,0,0
964,0,null,0,0,0
965,0,null,0,0,0
966,0,null,0,0,0
967,0,null,0,0,0
968,0,null,0,0,0
969,0,null,0,0,0
970,0,null,0,0,0
971,0,null,0,0,0
972,2065,pi+,1,0,0
973,0,null,0,0,0
974,1,primary_proton,1,1,1
975,0,null,0,0,0
976,9,pi-,1,0,0
977,0,null,0,0,0
978,0,null,0,0,0
979,0,null,0,0,0
980,0,null,0,0,0
981,0,null,0,0,0
982,0,null,0,0,0
983,7,secondary_proton,1,1,1
984,10,pi-,1,1,1
985,0,null,0,0,0
986,0,null,0,0,0
987,0,null,0,0,0
988,0,null,0,0,0
989,0,null,0,0,0
990,0,null,0,0,0
991,0,null,0,0,0
992,0,null,0,0,0
993,0,null,0,0,0
994,0,null,0,0,0
995,0,null,0,0,0
996,0,null,0,0,0
997,0,null,0,0,0
998,0,null,0,0,0
999,0,null,0,0,0
1000,0,null,0,0,0
1001,0,null,0,0,0
1002,0,null,0,0,0
1003,0,null,0,0,0
1004,18,pi+,1,1,0
1005,0,null,0,0,0
1006,0,null,0,0,0
1007,0,null,0,0,0
1008,0,null,0,0,0
1009,17,pi+,1,1,0
1010,13,pi-,1,1,1
1011,0,null,0,0,0
1012,1,primary_proton,1,1,0
1013,0,null,0,0,0
1014,0,null,0,0,0
1015,0,null,0,0,0
1016,0,null,0,0,0
1017,0,null,0,0,0
1018,0,null,0,0,0
1019,0,null,0,0,0
1020,0,null,0,0,0
1021,0,null,0,0,0
1022,0,null,0,0,0
1023,0,null,0,0,0
1024,0,null,0,0,0
1025,0,null,0,0,0
1026,0,null,0,0,0
1027,0,null,0,0,0
1028,0,null,0,0,0
1029,0,null,0,0,0
1030,0,null,0,0,0
1031,0,null,0,0,0
1032,0,null,0,0,0
1033,0,null,0,0,0
1034,0,null,0,0,0
1035,0,null,0,0,0
1036,0,null,0,0,0
1037,0,null,0,0,0
1038,0,null,0,0,0
1039,0,null,0,0,0
1040,0,null,0,0,0
1041,0,null,0,0,0
1042,0,null,0,0,0
1043,0,null,0,0,0
1044,0,null,0,0,0
1045,906,pi-,1,1,1
1046,0,null,0,0,0
1047,0,null,0,0,0
1048,0,null,0,0,0
1049,0,null,0,0,0
1050,0,null,0,0,0
1051,0,null,0,0,0
1052,0,null,0,0,0
1053,0,null,0,0,0
1054,0,null,0,0,0
1055,0,null,0,0,0
1056,2337,pi+,1,1,1
1057,0,null,0,0,0
1058,0,null,0,0,0
1059,0,null,0,0,0
1060,0,null,0,0,0
1061,0,null,0,0,0
1062,0,null,0,0,0
1063,0,null,0,0,0
1064,0,null,0,0,0
1065,0,null,0,0,0
1066,0,null,0,0,0
1067,0,null,0,0,0
1068,0,null,0,0,0
1069,0,null,0,0,0
1070,0,null,0,0,0
1071,3,secondary_proton,1,1,0
1072,0,null,0,0,0
1073,0,null,0,0,0
1074,0,null,0,0,0
1075,0,null,0,0,0
1076,0,null,0,0,0
1077,12,secondary_proton,1,1,1
1078,0,null,0,0,0
1079,0,null,0,0,0
1080,0,null,0,0,0
1081,0,null,0,0,0
1082,0,null,0,0,0
1083,0,null,0,0,0
1084,1,primary_proton,1,1,1
1085,0,null,0,0,0
1086,0,null,0,0,0
1087,0,null,0,0,0
1088,0,null,0,0,0
1089,0,null,0,0,0
1090,0,null,0,0,0
1091,0,null,0,0,0
1092,0,null,0,0,0
1093,0,null,0,0,0
1094,0,null,0,0,0
1095,0,null,0,0,0
1096,0,null,0,0,0
1097,0,null,0,0,0
1098,0,null,0,0,0
1099,0,null,0,0,0
1100,0,null,0,0,0
1101,0,null,0,0,0
1102,0,null,0,0,0
1103,0,null,0,0,0
1104,0,null,0,0,0
1105,0,null,0,0,0
1106,0,null,0,0,0
1107,0,null,0,0,0
1108,0,null,0,0,0
1109,0,null,0,0,0
1110,0,null,0,0,0
1111,0,null,0,0,0
1112,0,null,0,0,0
1113,0,null,0,0,0
1114,0,null,0,0,0
1115,0,null,0,0,0
1116,0,null,0,0,0
1117,0,null,0,0,0
1118,0,null,0,0,0
1119,0,null,0,0,0
1120,0,null,0,0,0
1121,0,null,0,0,0
1122,0,null,0,0,0
1123,0,null,0,0,0
1124,0,null,0,0,0
1125,0,null,0,0,0
1126,0,null,0,0,0
1127,0,null,0,0,0
1128,0,null,0,0,0
1129,0,null,0,0,0
1130,0,null,0,0,0
1131,0,null,0,0,0
1132,0,null,0,0,0
1133,0,null,0,0,0
1134,0,null,0,0,0
1135,0,null,0,0,0
1136,20,pi-,1,1,0
1137,0,null,0,0,0
1138,0,null,0,0,0
1139,0,null,0,0,0
1140,0,null,0,0,0
1141,0,null,0,0,0
1142,0,null,0,0,0
1143,0,null,0,0,0
1144,1486,e-,1,1,1
1145,0,null,0,0,0
1146,0,null,0,0,0
1147,0,null,0,0,0
1148,0,null,0,0,0
1149,0,null,0,0,0
1150,0,null,0,0,0
1151,0,null,0,0,0
1152,0,null,0,0,0
1153,0,null,0,0,0
1154,0,null,0,0,0
1155,1,primary_proton,1,1,1
1156,0,null,0,0,0
1157,0,null,0,0,0
1159,0,null,0,0,0
1160,7,secondary_proton,1,1,1
1161,0,null,0,0,0
1162,0,null,0,0,0
1163,0,null,0,0,0
1164,0,null,0,0,0
1165,0,null,0,0,0
1166,0,null,0,0,0
1167,0,null,0,0,0
1168,0,null,0,0,0
1169,0,null,0,0,0
1170,0,null,0,0,0
1171,0,null,0,0,0
1172,0,null,0,0,0
1173,0,null,0,0,0
1174,0,null,0,0,0
1175,0,null,0,0,0
1176,0,null,0,0,0
1177,0,null,0,0,0
1178,0,null,0,0,0
1179,0,null,0,0,0
1180,0,null,0,0,0
1181,0,null,0,0,0
1182,0,null,0,0,0
1183,0,null,0,0,0
1184,0,null,0,0,0
1185,0,null,0,0,0
1186,0,null,0,0,0
1187,0,null,0,0,0
1188,0,null,0,0,0
1189,0,null,0,0,0
1190,0,null,0,0,0
1191,0,null,0,0,0
1192,0,null,0,0,0
1193,0,null,0,0,0
1194,0,null,0,0,0
1195,0,null,0,0,0
1196,0,null,0,0,0
1197,0,null,0,0,0
1198,0,null,0,0,0
1199,869,e-,1,1,1
1200,9,pi-,1,1,1
1201,0,null,0,0,0
1202,0,null,0,0,0
1203,0,null,0,0,0
1204,0,null,0,0,0
1205,0,null,0,0,0
1206,0,null,0,0,0
1207,0,null,0,0,0
1208,34,pi+,1,1,1
1209,0,null,0,0,0
1210,0,null,0,0,0
1211,0,null,0,0,0
1212,0,null,0,0,0
1213,0,null,0,0,0
1214,0,null,0,0,0
1215,0,null,0,0,0
1216,0,null,0,0,0
1217,0,null,0,0,0
1218,0,null,0,0,0
1219,0,null,0,0,0
1220,0,null,0,0,0
1221,0,null,0,0,0
1222,17,pi+,1,1,1
1223,1,primary_proton,1,1,1
1224,0,null,0,0,0
1225,0,null,0,0,0
1226,0,null,0,0,0
1227,0,null,0,0,0
1228,7,pi+,1,1,1
1229,0,null,0,0,0
1230,0,null,0,0,0
1231,1,primary_proton,1,1,1
1232,0,null,0,0,0
1233,1,primary_proton,1,1,1
1234,0,null,0,0,0
1235,0,null,0,0,0
1236,0,null,0,0,0
1237,0,null,0,0,0
1238,0,null,0,0,0
1239,0,null,0,0,0
1240,0,null,0,0,0
1241,0,null,0,0,0
1242,0,null,0,0,0
1243,0,null,0,0,0
1244,0,null,0,0,0
1245,0,null,0,0,0
1246,0,null,0,0,0
1247,0,null,0,0,0
1248,0,null,0,0,0
1249,0,null,0,0,0
1250,335,e-,1,0,0
1251,0,null,0,0,0
1252,6,secondary_proton,1,1,0
1253,0,null,0,0,0
1254,0,null,0,0,0
1255,0,null,0,0,0
1256,0,null,0,0,0
1257,0,null,0,0,0
1258,0,null,0,0,0
1259,0,null,0,0,0
1260,5,secondary_proton,1,1,1
1261,0,null,0,0,0
1262,0,null,0,0,0
1263,0,null,0,0,0
1264,0,null,0,0,0
1265,0,null,0,0,0
1266,0,null,0,0,0
1267,0,null,0,0,0
1268,0,null,0,0,0
1269,0,null,0,0,0
1270,0,null,0,0,0
1271,0,null,0,0,0
1272,0,null,0,0,0
1273,0,null,0,0,0
1274,0,null,0,0,0
1275,0,null,0,0,0
1276,0,null,0,0,0
1277,0,null,0,0,0
1278,0,null,0,0,0
1279,0,null,0,0,0
1280,0,null,0,0,0
1281,3,secondary_proton,1,1,1
1282,0,null,0,0,0
1283,0,null,0,0,0
1284,0,null,0,0,0
1285,0,null,0,0,0
1286,0,null,0,0,0
1287,0,null,0,0,0
1288,0,null,0,0,0
1289,0,null,0,0,0
1290,0,null,0,0,0
1291,0,null,0,0,0
1292,0,null,0,0,0
1293,0,null,0,0,0
1294,0,null,0,0,0
1295,0,null,0,0,0
1296,0,null,0,0,0
1297,0,null,0,0,0
1298,0,null,0,0,0
1299,0,null,0,0,0
1300,0,null,0,0,0
1301,0,null,0,0,0
1302,0,null,0,0,0
1303,0,null,0,0,0
1304,0,null,0,0,0
1305,0,null,0,0,0
1306,0,null,0,0,0
1307,0,null,0,0,0
1308,0,null,0,0,0
1309,0,null,0,0,0
1310,0,null,0,0,0
1311,0,null,0,0,0
1312,0,null,0,0,0
1313,0,null,0,0,0
1314,0,null,0,0,0
1315,0,null,0,0,0
1316,0,null,0,0,0
1317,0,null,0,0,0
1318,0,null,0,0,0
1319,0,null,0,0,0
1320,0,null,0,0,0
1321,0,null,0,0,0
1322,0,null,0,0,0
1323,0,null,0,0,0
1324,0,null,0,0,0
1325,0,null,0,0,0
1326,0,null,0,0,0
1327,0,null,0,0,0
1328,0,null,0,0,0
1329,0,null,0,0,0
1330,0,null,0,0,0
1331,0,null,0,0,0
1332,0,null,0,0,0
1333,0,null,0,0,0
1334,0,null,0,0,0
1335,1,primary_proton,1,1,1
1336,0,null,0,0,0
1337,0,null,0,0,0
1338,0,null,0,0,0
1339,9,pi+,1,0,0
1340,0,null,0,0,0
1341,0,null,0,0,0
1342,0,null,0,0,0
1343,0,null,0,0,0
1344,0,null,0,0,0
1345,0,null,0,0,0
1346,0,null,0,0,0
1347,0,null,0,0,0
1348,0,null,0,0,0
1349,0,null,0,0,0
1350,0,null,0,0,0
1351,0,null,0,0,0
1352,0,null,0,0,0
1353,0,null,0,0,0
1354,0,null,0,0,0
1355,0,null,0,0,0
1356,1,primary_proton,1,1,1
1357,0,null,0,0,0
1358,0,null,0,0,0
1359,0,null,0,0,0
1360,0,null,0,0,0
1361,0,null,0,0,0
1362,0,null,0,0,0
1363,0,null,0,0,0
1364,0,null,0,0,0
1365,0,null,0,0,0
1366,0,null,0,0,0
1367,0,null,0,0,0
1368,1,primary_proton,1,1,1
1369,0,null,0,0,0
1370,0,null,0,0,0
1371,0,null,0,0,0
1372,0,null,0,0,0
1373,0,null,0,0,0
1374,0,null,0,0,0
1375,0,null,0,0,0
1376,0,null,0,0,0
1377,0,null,0,0,0
1378,0,null,0,0,0
1379,0,null,0,0,0
1381,0,null,0,0,0
1382,0,null,0,0,0
1383,0,null,0,0,0
1384,0,null,0,0,0
1385,0,null,0,0,0
1386,0,null,0,0,0
1387,0,null,0,0,0
1388,0,null,0,0,0
1389,0,null,0,0,0
1390,0,null,0,0,0
1391,0,null,0,0,0
1392,1,primary_proton,1,1,1
1393,0,null,0,0,0
1394,0,null,0,0,0
1395,0,null,0,0,0
1396,0,null,0,0,0
1397,0,null,0,0,0
1398,0,null,0,0,0
1399,0,null,0,0,0
1400,0,null,0,0,0
1401,0,null,0,0,0
1402,0,null,0,0,0
1403,23,pi+,1,1,1
1404,0,null,0,0,0
1405,0,null,0,0,0
1406,0,null,0,0,0
1407,0,null,0,0,0
1408,0,null,0,0,0
1409,0,null,0,0,0
1410,4,secondary_proton,1,0,0
1411,1,primary_proton,1,1,1
1412,12,pi+,1,1,1
1413,0,null,0,0,0
1414,0,null,0,0,0
1415,0,null,0,0,0
1416,19,secondary_proton,1,0,0
1417,0,null,0,0,0
1418,0,null,0,0,0
1419,0,null,0,0,0
1420,0,null,0,0,0
1421,0,null,0,0,0
1422,0,null,0,0,0
1423,1,primary_proton,1,1,1
1424,0,null,0,0,0
1425,2330,pi+,1,0,0
1426,0,null,0,0,0
1427,0,null,0,0,0
1428,0,null,0,0,0
1429,0,null,0,0,0
1430,0,null,0,0,0
1431,0,null,0,0,0
1432,0,null,0,0,0
1433,0,null,0,0,0
1434,0,null,0,0,0
1435,0,null,0,0,0
1436,0,null,0,0,0
1437,0,null,0,0,0
1438,0,null,0,0,0
1439,0,null,0,0,0
1440,0,null,0,0,0
1441,0,null,0,0,0
1442,138,pi+,1,1,1
1443,0,null,0,0,0
1444,0,null,0,0,0
1445,0,null,0,0,0
1446,0,null,0,0,0
1447,0,null,0,0,0
1448,0,null,0,0,0
1449,0,null,0,0,0
1450,0,null,0,0,0
1451,0,null,0,0,0
1452,0,null,0,0,0
1453,0,null,0,0,0
1454,0,null,0,0,0
1455,7,pi-,1,1,1
1456,0,null,0,0,0
1457,0,null,0,0,0
1458,0,null,0,0,0
1459,0,null,0,0,0
1460,0,null,0,0,0
1461,0,null,0,0,0
1462,0,null,0,0,0
1463,0,null,0,0,0
1464,0,null,0,0,0
1465,0,null,0,0,0
1466,0,null,0,0,0
1467,5,secondary_proton,1,1,1
1468,0,null,0,0,0
1469,0,null,0,0,0
1470,0,null,0,0,0
1471,12,pi-,1,1,1
1472,0,null,0,0,0
1473,0,null,0,0,0
1474,0,null,0,0,0
1475,0,null,0,0,0
1476,0,null,0,0,0
1477,0,null,0,0,0
1478,0,null,0,0,0
1479,0,null,0,0,0
1480,0,null,0,0,0
1481,2892,e-,1,1,1
1482,0,null,0,0,0
1483,0,null,0,0,0
1484,0,null,0,0,0
1485,0,null,0,0,0
1486,0,null,0,0,0
1487,0,null,0,0,0
1488,0,null,0,0,0
1489,0,null,0,0,0
1490,0,null,0,0,0
1491,0,null,0,0,0
1492,0,null,0,0,0
1493,1,primary_proton,1,1,1
1494,0,null,0,0,0
1495,0,null,0,0,0
1496,619,e-,1,1,0
1497,0,null,0,0,0
1498,0,null,0,0,0
1499,0,null,0,0,0
1500,1,primary_proton,1,1,1
1501,0,null,0,0,0
1502,0,null,0,0,0
1503,0,null,0,0,0
1504,0,null,0,0,0
1505,0,null,0,0,0
1506,0,null,0,0,0
1507,0,null,0,0,0
1508,0,null,0,0,0
1509,0,null,0,0,0
1510,0,null,0,0,0
1511,0,null,0,0,0
1512,0,null,0,0,0
1513,0,null,0,0,0
1514,0,null,0,0,0
1515,0,null,0,0,0
1516,0,null,0,0,0
1517,0,null,0,0,0
1518,0,null,0,0,0
1519,0,null,0,0,0
1520,0,null,0,0,0
1521,0,null,0,0,0
1522,0,null,0,0,0
1523,0,null,0,0,0
1524,1,primary_proton,1,1,1
1525,0,null,0,0,0
1526,0,null,0,0,0
1527,0,null,0,0,0
1528,0,null,0,0,0
1529,0,null,0,0,0
1530,0,null,0,0,0
1531,0,null,0,0,0
1532,0,null,0,0,0
1533,1,primary_proton,1,0,0
1534,0,null,0,0,0
1535,0,null,0,0,0
1536,0,null,0,0,0
1537,0,null,0,0,0
1538,0,null,0,0,0
1539,0,null,0,0,0
1540,0,null,0,0,0
1541,0,null,0,0,0
1542,0,null,0,0,0
1543,0,null,0,0,0
1544,0,null,0,0,0
1545,1,primary_proton,1,1,1
1546,0,null,0,0,0
1547,0,null,0,0,0
1548,0,null,0,0,0
1549,0,null,0,0,0
1550,0,null,0,0,0
1551,0,null,0,0,0
1552,0,null,0,0,0
1553,8,secondary_proton,1,1,1
1554,0,null,0,0,0
1555,0,null,0,0,0
1556,0,null,0,0,0
1557,0,null,0,0,0
1558,0,null,0,0,0
1559,0,null,0,0,0
1560,0,null,0,0,0
1561,0,null,0,0,0
1562,0,null,0,0,0
1563,0,null,0,0,0
1564,0,null,0,0,0
1565,0,null,0,0,0
1566,0,null,0,0,0
1567,0,null,0,0,0
1568,0,null,0,0,0
1569,0,null,0,0,0
1570,0,null,0,0,0
1571,0,null,0,0,0
1572,0,null,0,0,0
1573,0,null,0,0,0
1574,0,null,0,0,0
1575,0,null,0,0,0
1576,0,null,0,0,0
1577,0,null,0,0,0
1578,0,null,0,0,0
1579,0,null,0,0,0
1580,0,null,0,0,0
1581,0,null,0,0,0
1582,0,null,0,0,0
1583,0,null,0,0,0
1584,0,null,0,0,0
1585,0,null,0,0,0
1586,0,null,0,0,0
1587,0,null,0,0,0
1588,0,null,0,0,0
1589,0,null,0,0,0
1590,0,null,0,0,0
1591,0,null,0,0,0
1592,0,null,0,0,0
1593,0,null,0,0,0
1594,0,null,0,0,0
1595,0,null,0,0,0
1596,0,null,0,0,0
1597,0,null,0,0,0
1598,0,null,0,0,0
1599,0,null,0,0,0
1601,1,primary_proton,1,1,1
1602,0,null,0,0,0
1603,0,null,0,0,0
1604,1,primary_proton,1,1,1
1605,0,null,0,0,0
1606,0,null,0,0,0
1607,0,null,0,0,0
1608,19,pi+,1,1,1
1609,0,null,0,0,0
1610,6,secondary_proton,1,1,1
1611,0,null,0,0,0
1612,0,null,0,0,0
1613,1,primary_proton,1,1,1
1614,0,null,0,0,0
1615,0,null,0,0,0
1616,0,null,0,0,0
1617,0,null,0,0,0
1618,0,null,0,0,0
1619,0,null,0,0,0
1620,0,null,0,0,0
1621,0,null,0,0,0
1622,0,null,0,0,0
1623,0,null,0,0,0
1624,0,null,0,0,0
1625,0,null,0,0,0
1626,0,null,0,0,0
1627,0,null,0,0,0
1628,0,null,0,0,0
1629,0,null,0,0,0
1630,0,null,0,0,0
1631,0,null,0,0,0
1632,0,null,0,0,0
1633,0,null,0,0,0
1634,0,null,0,0,0
1635,0,null,0,0,0
1636,0,null,0,0,0
1637,0,null,0,0,0
1638,0,null,0,0,0
1639,10,pi+,1,1,1
1640,0,null,0,0,0
1641,0,null,0,0,0
1642,1272,e-,1,1,1
1643,0,null,0,0,0
1644,0,null,0,0,0
1645,0,null,0,0,0
1646,0,null,0,0,0
1647,1,primary_proton,1,1,1
1648,1,primary_proton,1,1,1
1649,0,null,0,0,0
1650,0,null,0,0,0
1651,0,null,0,0,0
1652,0,null,0,0,0
1653,0,null,0,0,0
1654,0,null,0,0,0
1655,0,null,0,0,0
1656,0,null,0,0,0
1657,0,null,0,0,0
1658,0,null,0,0,0
1659,0,null,0,0,0
1660,0,null,0,0,0
1661,0,null,0,0,0
1662,0,null,0,0,0
1663,0,null,0,0,0
1664,0,null,0,0,0
1665,0,null,0,0,0
1666,0,null,0,0,0
1667,0,null,0,0,0
1668,0,null,0,0,0
1669,0,null,0,0,0
1670,0,null,0,0,0
1671,6,pi+,1,0,0
1672,0,null,0,0,0
1673,0,null,0,0,0
1674,0,null,0,0,0
1675,0,null,0,0,0
1676,4,secondary_proton,1,1,0
1677,0,null,0,0,0
1678,0,null,0,0,0
1679,0,null,0,0,0
1680,0,null,0,0,0
1681,0,null,0,0,0
1682,0,null,0,0,0
1683,0,null,0,0,0
1684,0,null,0,0,0
1685,0,null,0,0,0
1686,0,null,0,0,0
1687,0,null,0,0,0
1688,0,null,0,0,0
1689,0,null,0,0,0
1690,0,null,0,0,0
1691,0,null,0,0,0
1692,0,null,0,0,0
1693,0,null,0,0,0
1694,0,null,0,0,0
1695,0,null,0,0,0
1696,0,null,0,0,0
1697,0,null,0,0,0
1698,0,null,0,0,0
1699,0,null,0,0,0
1700,0,null,0,0,0
1701,0,null,0,0,0
1702,4,pi+,1,1,1
1703,0,null,0,0,0
1704,0,null,0,0,0
1705,0,null,0,0,0
1706,0,null,0,0,0
1707,0,null,0,0,0
1708,0,null,0,0,0
1709,0,null,0,0,0
1710,0,null,0,0,0
1711,0,null,0,0,0
1712,0,null,0,0,0
1713,0,null,0,0,0
1714,0,null,0,0,0
1715,0,null,0,0,0
1716,0,null,0,0,0
1717,0,null,0,0,0
1718,0,null,0,0,0
1719,15,pi-,1,1,1
1720,0,null,0,0,0
1721,1,primary_proton,1,1,1
1722,0,null,0,0,0
1723,0,null,0,0,0
1724,0,null,0,0,0
1725,0,null,0,0,0
1726,0,null,0,0,0
1727,0,null,0,0,0
1728,0,null,0,0,0
1729,1,primary_proton,1,1,1
1730,0,null,0,0,0
1731,0,null,0,0,0
1732,0,null,0,0,0
1733,1,primary_proton,1,1,0
1734,0,null,0,0,0
1735,0,null,0,0,0
1736,0,null,0,0,0
1737,11,pi+,1,1,1
1738,0,null,0,0,0
1739,0,null,0,0,0
1740,1,primary_proton,1,1,1
1741,0,null,0,0,0
1742,0,null,0,0,0
1743,0,null,0,0,0
1744,0,null,0,0,0
1745,0,null,0,0,0
1746,0,null,0,0,0
1747,0,null,0,0,0
1748,0,null,0,0,0
1749,0,null,0,0,0
1750,0,null,0,0,0
1751,0,null,0,0,0
1752,0,null,0,0,0
1753,0,null,0,0,0
1754,0,null,0,0,0
1755,0,null,0,0,0
1756,0,null,0,0,0
1757,0,null,0,0,0
1758,0,null,0,0,0
1759,0,null,0,0,0
1760,0,null,0,0,0
1761,0,null,0,0,0
1762,0,null,0,0,0
1763,0,null,0,0,0
1764,0,null,0,0,0
1765,0,null,0,0,0
1766,0,null,0,0,0
1767,0,null,0,0,0
1768,0,null,0,0,0
1769,0,null,0,0,0
1770,9,secondary_proton,1,1,1
1771,0,null,0,0,0
1772,0,null,0,0,0
1773,1,primary_proton,1,1,1
1774,0,null,0,0,0
1775,0,null,0,0,0
1776,0,null,0,0,0
1777,0,null,0,0,0
1778,0,null,0,0,0
1779,0,null,0,0,0
1780,0,null,0,0,0
1781,0,null,0,0,0
1782,0,null,0,0,0
1783,0,null,0,0,0
1784,0,null,0,0,0
1785,0,null,0,0,0
1786,0,null,0,0,0
1787,0,null,0,0,0
1788,0,null,0,0,0
1789,0,null,0,0,0
1790,0,null,0,0,0
1791,0,null,0,0,0
1792,0,null,0,0,0
1793,0,null,0,0,0
1794,1,primary_proton,1,1,1
1795,0,null,0,0,0
1796,0,null,0,0,0
1797,1,primary_proton,1,1,1
1798,0,null,0,0,0
1799,0,null,0,0,0
1800,0,null,0,0,0
1801,0,null,0,0,0
1802,0,null,0,0,0
1803,0,null,0,0,0
1804,0,null,0,0,0
1805,0,null,0,0,0
1806,0,null,0,0,0
1807,7,secondary_proton,1,1,1
1808,0,null,0,0,0
1809,0,null,0,0,0
1810,0,null,0,0,0
1811,0,null,0,0,0
1812,0,null,0,0,0
1813,0,null,0,0,0
1814,0,null,0,0,0
1815,0,null,0,0,0
1816,0,null,0,0,0
1817,0,null,0,0,0
1819,1,primary_proton,1,1,1
1820,0,null,0,0,0
1821,0,null,0,0,0
1822,0,null,0,0,0
1823,0,null,0,0,0
1824,0,null,0,0,0
1825,0,null,0,0,0
1826,0,null,0,0,0
1827,0,null,0,0,0
1828,0,null,0,0,0
1829,0,null,0,0,0
1830,0,null,0,0,0
1831,0,null,0,0,0
1832,0,null,0,0,0
1833,0,null,0,0,0
1834,0,null,0,0,0
1835,0,null,0,0,0
1836,0,null,0,0,0
1837,0,null,0,0,0
1838,0,null,0,0,0
1839,0,null,0,0,0
1840,0,null,0,0,0
1841,0,null,0,0,0
1842,0,null,0,0,0
1843,0,null,0,0,0
1844,0,null,0,0,0
1845,0,null,0,0,0
1846,0,null,0,0,0
1847,0,null,0,0,0
1848,0,null,0,0,0
1849,0,null,0,0,0
1850,0,null,0,0,0
1851,0,null,0,0,0
1852,0,null,0,0,0
1853,0,null,0,0,0
1854,0,null,0,0,0
1855,0,null,0,0,0
1856,0,null,0,0,0
1857,0,null,0,0,0
1858,0,null,0,0,0
1859,0,null,0,0,0
1860,0,null,0,0,0
1861,0,null,0,0,0
1862,0,null,0,0,0
1863,0,null,0,0,0
1864,0,null,0,0,0
1865,0,null,0,0,0
1866,0,null,0,0,0
1867,0,null,0,0,0
1868,0,null,0,0,0
1869,12,pi-,1,1,1
1870,0,null,0,0,0
1871,0,null,0,0,0
1872,0,null,0,0,0
1873,0,null,0,0,0
1874,0,null,0,0,0
1875,0,null,0,0,0
1876,0,null,0,0,0
1877,0,null,0,0,0
1878,0,null,0,0,0
1879,0,null,0,0,0
1880,0,null,0,0,0
1881,0,null,0,0,0
1882,0,null,0,0,0
1883,16,pi+,1,1,0
1884,0,null,0,0,0
1885,0,null,0,0,0
1886,0,null,0,0,0
1887,0,null,0,0,0
1888,0,null,0,0,0
1889,0,null,0,0,0
1890,0,null,0,0,0
1891,0,null,0,0,0
1892,0,null,0,0,0
1893,0,null,0,0,0
1894,0,null,0,0,0
1895,0,null,0,0,0
1896,0,null,0,0,0
1897,5,secondary_proton,1,1,1
1898,0,null,0,0,0
1899,0,null,0,0,0
1900,0,null,0,0,0
1901,0,null,0,0,0
1902,0,null,0,0,0
1903,0,null,0,0,0
1904,0,null,0,0,0
1905,0,null,0,0,0
1906,0,null,0,0,0
1907,0,null,0,0,0
1908,0,null,0,0,0
1909,0,null,0,0,0
1910,0,null,0,0,0
1911,0,null,0,0,0
1912,0,null,0,0,0
1913,0,null,0,0,0
1914,0,null,0,0,0
1915,1,primary_proton,1,1,1
1916,0,null,0,0,0
1917,0,null,0,0,0
1918,0,null,0,0,0
1919,0,null,0,0,0
1920,0,null,0,0,0
1921,0,null,0,0,0
1922,0,null,0,0,0
1923,0,null,0,0,0
1924,0,null,0,0,0
1925,0,null,0,0,0
1926,0,null,0,0,0
1927,0,null,0,0,0
1928,0,null,0,0,0
1929,0,null,0,0,0
1930,0,null,0,0,0
1931,0,null,0,0,0
1932,147,pi+,1,1,1
1933,0,null,0,0,0
1934,0,null,0,0,0
1935,0,null,0,0,0
1936,0,null,0,0,0
1937,0,null,0,0,0
1938,0,null,0,0,0
1939,0,null,0,0,0
1940,0,null,0,0,0
1941,0,null,0,0,0
1942,0,null,0,0,0
1943,0,null,0,0,0
1944,0,null,0,0,0
1945,0,null,0,0,0
1946,0,null,0,0,0
1947,0,null,0,0,0
1948,0,null,0,0,0
1949,0,null,0,0,0
1950,0,null,0,0,0
1951,0,null,0,0,0
1952,0,null,0,0,0
1953,0,null,0,0,0
1954,0,null,0,0,0
1955,0,null,0,0,0
1956,0,null,0,0,0
1957,0,null,0,0,0
1958,0,null,0,0,0
1959,0,null,0,0,0
1960,0,null,0,0,0
1961,0,null,0,0,0
1962,0,null,0,0,0
1963,0,null,0,0,0
1964,0,null,0,0,0
1965,0,null,0,0,0
1966,0,null,0,0,0
1967,1,primary_proton,1,1,1
1968,0,null,0,0,0
1969,4,secondary_proton,1,1,0
1970,0,null,0,0,0
1971,0,null,0,0,0
1972,0,null,0,0,0
1973,0,null,0,0,0
1974,0,null,0,0,0
1975,0,null,0,0,0
1976,0,null,0,0,0
1977,0,null,0,0,0
1978,0,null,0,0,0
1979,0,null,0,0,0
1980,0,null,0,0,0
1981,0,null,0,0,0
1982,0,null,0,0,0
1983,0,null,0,0,0
1984,0,null,0,0,0
1985,0,null,0,0,0
1986,0,null,0,0,0
1987,0,null,0,0,0
1988,0,null,0,0,0
1989,0,null,0,0,0
1990,0,null,0,0,0
1991,0,null,0,0,0
1992,0,null,0,0,0
1993,1,primary_proton,1,1,1
1994,0,null,0,0,0
1995,0,null,0,0,0
1996,0,null,0,0,0
1997,0,null,0,0,0
1998,0,null,0,0,0
1999,0,null,0,0,0
2000,0,null,0,0,0
2001,0,null,0,0,0
2002,0,null,0,0,0
2003,0,null,0,0,0
2004,0,null,0,0,0
2005,0,null,0,0,0
2006,1,primary_proton,1,1,1
2007,0,null,0,0,0
2008,0,null,0,0,0
2009,0,null,0,0,0
2010,0,null,0,0,0
2011,9,secondary_proton,1,1,1
2012,0,null,0,0,0
2013,0,null,0,0,0
2014,0,null,0,0,0
2015,0,null,0,0,0
2016,0,null,0,0,0
2017,0,null,0,0,0
2018,0,null,0,0,0
2019,0,null,0,0,0
2020,25,kaon-,1,1,1
2021,0,null,0,0,0
2022,0,null,0,0,0
2023,0,null,0,0,0
2024,0,null,0,0,0
2025,0,null,0,0,0
2026,0,null,0,0,0
2027,0,null,0,0,0
2028,1519,e-,1,0,0
2029,0,null,0,0,0
2030,0,null,0,0,0
2031,0,null,0,0,0
2032,23,pi+,1,1,0
2033,0,null,0,0,0
2034,0,null,0,0,0
2035,0,null,0,0,0
2036,0,null,0,0,0
2037,6544,e-,0,0,1
2038,0,null,0,0,0
2039,0,null,0,0,0
2040,0,null,0,0,0
2042,0,null,0,0,0
2043,0,null,0,0,0
2044,1,primary_proton,1,1,1
2045,0,null,0,0,0
2046,0,null,0,0,0
2047,0,null,0,0,0
2048,0,null,0,0,0
2049,0,null,0,0,0
2050,0,null,0,0,0
2051,0,null,0,0,0
2052,1,primary_proton,1,1,1
2053,0,null,0,0,0
2054,0,null,0,0,0
2055,0,null,0,0,0
2056,1,primary_proton,1,1,1
2057,9,secondary_proton,1,0,0
2058,0,null,0,0,0
2059,0,null,0,0,0
2060,0,null,0,0,0
2061,0,null,0,0,0
2062,9908,e-,1,1,1
2063,0,null,0,0,0
2064,0,null,0,0,0
2065,0,null,0,0,0
2066,0,null,0,0,0
2067,0,null,0,0,0
2068,0,null,0,0,0
2069,0,null,0,0,0
2070,0,null,0,0,0
2071,0,null,0,0,0
2072,0,null,0,0,0
2073,0,null,0,0,0
2074,0,null,0,0,0
2075,0,null,0,0,0
2076,0,null,0,0,0
2077,0,null,0,0,0
2078,0,null,0,0,0
2079,0,null,0,0,0
2080,0,null,0,0,0
2081,0,null,0,0,0
2082,0,null,0,0,0
2083,0,null,0,0,0
2084,0,null,0,0,0
2085,0,null,0,0,0
2086,1,primary_proton,1,1,1
2087,0,null,0,0,0
2088,0,null,0,0,0
2089,1,primary_proton,1,1,1
2090,0,null,0,0,0
2091,0,null,0,0,0
2092,0,null,0,0,0
2093,0,null,0,0,0
2094,0,null,0,0,0
2095,0,null,0,0,0
2096,0,null,0,0,0
2097,0,null,0,0,0
2098,0,null,0,0,0
2099,0,null,0,0,0
2100,0,null,0,0,0
2101,0,null,0,0,0
2102,0,null,0,0,0
2103,161,e-,1,1,1
2104,0,null,0,0,0
2105,0,null,0,0,0
2106,0,null,0,0,0
2107,0,null,0,0,0
2108,0,null,0,0,0
2109,0,null,0,0,0
2110,0,null,0,0,0
2111,0,null,0,0,0
2112,0,null,0,0,0
2113,0,null,0,0,0
2114,0,null,0,0,0
2115,0,null,0,0,0
2116,0,null,0,0,0
2117,0,null,0,0,0
2118,0,null,0,0,0
2119,0,null,0,0,0
2120,1,primary_proton,1,1,1
2121,0,null,0,0,0
2122,0,null,0,0,0
2123,0,null,0,0,0
2124,0,null,0,0,0
2125,0,null,0,0,0
2126,0,null,0,0,0
2127,0,null,0,0,0
2128,0,null,0,0,0
2129,0,null,0,0,0
2130,0,null,0,0,0
2131,0,null,0,0,0
2132,9,secondary_proton,1,1,1
2133,0,null,0,0,0
2134,28,secondary_proton,1,1,1
2135,0,null,0,0,0
2136,0,null,0,0,0
2137,0,null,0,0,0
2138,0,null,0,0,0
2139,0,null,0,0,0
2140,0,null,0,0,0
2141,0,null,0,0,0
2142,0,null,0,0,0
2143,0,null,0,0,0
2144,0,null,0,0,0
2145,0,null,0,0,0
2146,0,null,0,0,0
2147,6,pi+,1,1,1
2148,0,null,0,0,0
2149,0,null,0,0,0
2150,0,null,0,0,0
2151,0,null,0,0,0
2152,0,null,0,0,0
2153,0,null,0,0,0
2154,0,null,0,0,0
2155,0,null,0,0,0
2156,0,null,0,0,0
2157,0,null,0,0,0
2158,0,null,0,0,0
2159,0,null,0,0,0
2160,0,null,0,0,0
2161,0,null,0,0,0
2162,20,pi+,1,0,0
2163,0,null,0,0,0
2164,0,null,0,0,0
2165,0,null,0,0,0
2166,0,null,0,0,0
2167,0,null,0,0,0
2168,0,null,0,0,0
2169,0,null,0,0,0
2170,0,null,0,0,0
2171,0,null,0,0,0
2172,0,null,0,0,0
2173,0,null,0,0,0
2174,0,null,0,0,0
2175,0,null,0,0,0
2176,0,null,0,0,0
2177,0,null,0,0,0
2178,0,null,0,0,0
2179,0,null,0,0,0
2180,0,null,0,0,0
2181,0,null,0,0,0
2182,0,null,0,0,0
2183,0,null,0,0,0
2184,0,null,0,0,0
2185,1,primary_proton,1,1,1
2186,0,null,0,0,0
2187,0,null,0,0,0
2188,0,null,0,0,0
2189,0,null,0,0,0
2190,0,null,0,0,0
2191,3289,e-,1,0,1
2192,0,null,0,0,0
2193,0,null,0,0,0
2194,0,null,0,0,0
2195,0,null,0,0,0
2196,0,null,0,0,0
2197,0,null,0,0,0
2198,0,null,0,0,0
2199,0,null,0,0,0
2200,0,null,0,0,0
2201,0,null,0,0,0
2202,0,null,0,0,0
2203,0,null,0,0,0
2204,0,null,0,0,0
2205,0,null,0,0,0
2206,0,null,0,0,0
2207,0,null,0,0,0
2208,0,null,0,0,0
2209,0,null,0,0,0
2210,0,null,0,0,0
2211,0,null,0,0,0
2212,0,null,0,0,0
2213,0,null,0,0,0
2214,0,null,0,0,0
2215,0,null,0,0,0
2216,0,null,0,0,0
2217,0,null,0,0,0
2218,0,null,0,0,0
2219,0,null,0,0,0
2220,0,null,0,0,0
2221,0,null,0,0,0
2222,0,null,0,0,0
2223,0,null,0,0,0
2224,0,null,0,0,0
2225,0,null,0,0,0
2226,0,null,0,0,0
2227,0,null,0,0,0
2228,0,null,0,0,0
2229,0,null,0,0,0
2230,0,null,0,0,0
2231,0,null,0,0,0
2232,0,null,0,0,0
2233,0,null,0,0,0
2234,0,null,0,0,0
2235,0,null,0,0,0
2236,0,null,0,0,0
2237,0,null,0,0,0
2238,0,null,0,0,0
2239,0,null,0,0,0
2240,0,null,0,0,0
2241,0,null,0,0,0
2242,0,null,0,0,0
2243,0,null,0,0,0
2244,0,null,0,0,0
2245,5,secondary_proton,1,1,1
2246,12,pi-,1,1,1
2247,0,null,0,0,0
2248,0,null,0,0,0
2249,0,null,0,0,0
2250,1,primary_proton,1,1,1
2251,0,null,0,0,0
2252,0,null,0,0,0
2253,0,null,0,0,0
2254,0,null,0,0,0
2255,0,null,0,0,0
2256,0,null,0,0,0
2257,0,null,0,0,0
2258,0,null,0,0,0
2259,0,null,0,0,0
2260,0,null,0,0,0
2262,0,null,0,0,0
2263,0,null,0,0,0
2264,0,null,0,0,0
2265,0,null,0,0,0
2266,0,null,0,0,0
2267,0,null,0,0,0
2268,0,null,0,0,0
2269,0,null,0,0,0
2270,0,null,0,0,0
2271,0,null,0,0,0
2272,0,null,0,0,0
2273,0,null,0,0,0
2274,0,null,0,0,0
2275,0,null,0,0,0
2276,0,null,0,0,0
2277,0,null,0,0,0
2278,1,primary_proton,1,1,1
2279,0,null,0,0,0
2280,0,null,0,0,0
2281,0,null,0,0,0
2282,0,null,0,0,0
2283,0,null,0,0,0
2284,0,null,0,0,0
2285,0,null,0,0,0
2286,0,null,0,0,0
2287,0,null,0,0,0
2288,0,null,0,0,0
2289,0,null,0,0,0
2290,0,null,0,0,0
2291,0,null,0,0,0
2292,0,null,0,0,0
2293,0,null,0,0,0
2294,1,primary_proton,1,1,1
2295,0,null,0,0,0
2296,0,null,0,0,0
2297,0,null,0,0,0
2298,0,null,0,0,0
2299,294,pi+,1,1,1
2300,0,null,0,0,0
2301,0,null,0,0,0
2302,0,null,0,0,0
2303,0,null,0,0,0
2304,0,null,0,0,0
2305,0,null,0,0,0
2306,0,null,0,0,0
2307,0,null,0,0,0
2308,0,null,0,0,0
2309,0,null,0,0,0
2310,0,null,0,0,0
2311,0,null,0,0,0
2312,0,null,0,0,0
2313,0,null,0,0,0
2314,0,null,0,0,0
2315,0,null,0,0,0
2316,0,null,0,0,0
2317,0,null,0,0,0
2318,0,null,0,0,0
2319,0,null,0,0,0
2320,0,null,0,0,0
2321,0,null,0,0,0
2322,0,null,0,0,0
2323,0,null,0,0,0
2324,0,null,0,0,0
2325,0,null,0,0,0
2326,0,null,0,0,0
2327,0,null,0,0,0
2328,0,null,0,0,0
2329,0,null,0,0,0
2330,0,null,0,0,0
2331,0,null,0,0,0
2332,0,null,0,0,0
2333,1,primary_proton,1,1,1
2334,0,null,0,0,0
2335,0,null,0,0,0
2336,0,null,0,0,0
2337,0,null,0,0,0
2338,0,null,0,0,0
2339,0,null,0,0,0
2340,0,null,0,0,0
2341,0,null,0,0,0
2342,0,null,0,0,0
2343,0,null,0,0,0
2344,35,pi-,1,1,1
2345,0,null,0,0,0
2346,0,null,0,0,0
2347,7,secondary_proton,1,1,0
2348,0,null,0,0,0
2349,0,null,0,0,0
2350,0,null,0,0,0
2351,0,null,0,0,0
2352,0,null,0,0,0
2353,0,null,0,0,0
2354,0,null,0,0,0
2355,0,null,0,0,0
2356,0,null,0,0,0
2357,0,null,0,0,0
2358,0,null,0,0,0
2359,0,null,0,0,0
2360,0,null,0,0,0
2361,0,null,0,0,0
2362,0,null,0,0,0
2363,0,null,0,0,0
2364,0,null,0,0,0
2365,0,null,0,0,0
2366,0,null,0,0,0
2367,0,null,0,0,0
2368,0,null,0,0,0
2369,0,null,0,0,0
2370,0,null,0,0,0
2371,0,null,0,0,0
2372,0,null,0,0,0
2373,0,null,0,0,0
2374,0,null,0,0,0
2375,0,null,0,0,0
2376,0,null,0,0,0
2377,0,null,0,0,0
2378,0,null,0,0,0
2379,0,null,0,0,0
2380,13,kaon+,1,1,1
2381,0,null,0,0,0
2382,0,null,0,0,0
2383,0,null,0,0,0
2384,0,null,0,0,0
2385,0,null,0,0,0
2386,0,null,0,0,0
2387,0,null,0,0,0
2388,0,null,0,0,0
2389,0,null,0,0,0
2390,0,null,0,0,0
2391,0,null,0,0,0
2392,0,null,0,0,0
2393,0,null,0,0,0
2394,0,null,0,0,0
2395,0,null,0,0,0
2396,0,null,0,0,0
2397,0,null,0,0,0
2398,0,null,0,0,0
2399,0,null,0,0,0
2400,0,null,0,0,0
2401,0,null,0,0,0
2402,0,null,0,0,0
2403,2194,pi-,1,1,1
2404,0,null,0,0,0
2405,0,null,0,0,0
2406,0,null,0,0,0
2407,0,null,0,0,0
2408,0,null,0,0,0
2409,0,null,0,0,0
2410,0,null,0,0,0
2411,0,null,0,0,0
2412,0,null,0,0,0
2413,0,null,0,0,0
2414,0,null,0,0,0
2415,0,null,0,0,0
2416,0,null,0,0,0
2417,0,null,0,0,0
2418,0,null,0,0,0
2419,0,null,0,0,0
2420,0,null,0,0,0
2421,0,null,0,0,0
2422,0,null,0,0,0
2423,0,null,0,0,0
2424,0,null,0,0,0
2425,5,pi+,1,1,1
2426,0,null,0,0,0
2427,0,null,0,0,0
2428,0,null,0,0,0
2429,0,null,0,0,0
2430,0,null,0,0,0
2431,0,null,0,0,0
2432,0,null,0,0,0
2433,0,null,0,0,0
2434,0,null,0,0,0
2435,0,null,0,0,0
2436,0,null,0,0,0
2437,0,null,0,0,0
2438,0,null,0,0,0
2439,0,null,0,0,0
2440,0,null,0,0,0
2441,0,null,0,0,0
2442,0,null,0,0,0
2443,0,null,0,0,0
2444,0,null,0,0,0
2445,0,null,0,0,0
2446,0,null,0,0,0
2447,0,null,0,0,0
2448,0,null,0,0,0
2449,0,null,0,0,0
2450,0,null,0,0,0
2451,0,null,0,0,0
2452,0,null,0,0,0
2453,0,null,0,0,0
2454,0,null,0,0,0
2455,0,null,0,0,0
2456,0,null,0,0,0
2457,0,null,0,0,0
2458,0,null,0,0,0
2459,0,null,0,0,0
2460,3,secondary_proton,1,1,1
2461,0,null,0,0,0
2462,0,null,0,0,0
2463,0,null,0,0,0
2464,0,null,0,0,0
2465,0,null,0,0,0
2466,0,null,0,0,0
2467,0,null,0,0,0
2468,0,null,0,0,0
2469,5,pi+,1,1,1
2470,0,null,0,0,0
2471,0,null,0,0,0
2472,0,null,0,0,0
2473,0,null,0,0,0
2474,0,null,0,0,0
2475,0,null,0,0,0
2476,0,null,0,0,0
2477,0,null,0,0,0
2478,0,null,0,0,0
2479,0,null,0,0,0
2480,0,null,0,0,0
2481,0,null,0,0,0
2482,0,null,0,0,0
2483,0,null,0,0,0
2484,0,null,0,0,0
2486,0,null,0,0,0
2487,0,null,0,0,0
2488,0,null,0,0,0
2489,0,null,0,0,0
2490,2189,e-,1,1,1
2491,311,secondary_proton,1,1,1
2492,0,null,0,0,0
2493,0,null,0,0,0
2494,0,null,0,0,0
2495,0,null,0,0,0
2496,0,null,0,0,0
2497,636,pi+,1,1,1
2498,0,null,0,0,0
2499,0,null,0,0,0
2500,0,null,0,0,0
2501,0,null,0,0,0
2502,0,null,0,0,0
2503,0,null,0,0,0
2504,0,null,0,0,0
2505,0,null,0,0,0
2506,0,null,0,0,0
2507,0,null,0,0,0
2508,0,null,0,0,0
2509,5,secondary_proton,1,1,1
2510,0,null,0,0,0
2511,0,null,0,0,0
2512,0,null,0,0,0
2513,0,null,0,0,0
2514,0,null,0,0,0
2515,0,null,0,0,0
2516,0,null,0,0,0
2517,1,primary_proton,1,1,1
2518,0,null,0,0,0
2519,1,primary_proton,1,1,1
2520,0,null,0,0,0
2521,0,null,0,0,0
2522,0,null,0,0,0
2523,0,null,0,0,0
2524,0,null,0,0,0
2525,0,null,0,0,0
2526,0,null,0,0,0
2527,0,null,0,0,0
2528,12,pi-,1,1,1
2529,0,null,0,0,0
2530,0,null,0,0,0
2531,0,null,0,0,0
2532,0,null,0,0,0
2533,0,null,0,0,0
2534,0,null,0,0,0
2535,4,secondary_proton,1,1,0
2536,0,null,0,0,0
2537,0,null,0,0,0
2538,0,null,0,0,0
2539,0,null,0,0,0
2540,0,null,0,0,0
2541,0,null,0,0,0
2542,0,null,0,0,0
2543,0,null,0,0,0
2544,0,null,0,0,0
2545,0,null,0,0,0
2546,0,null,0,0,0
2547,0,null,0,0,0
2548,0,null,0,0,0
2549,0,null,0,0,0
2550,0,null,0,0,0
2551,0,null,0,0,0
2552,0,null,0,0,0
2553,0,null,0,0,0
2554,0,null,0,0,0
2555,0,null,0,0,0
2556,0,null,0,0,0
2557,0,null,0,0,0
2558,0,null,0,0,0
2559,0,null,0,0,0
2560,0,null,0,0,0
2561,0,null,0,0,0
2562,0,null,0,0,0
2563,0,null,0,0,0
2564,0,null,0,0,0
2565,0,null,0,0,0
2566,0,null,0,0,0
2567,1423,secondary_proton,1,0,0
2568,0,null,0,0,0
2569,0,null,0,0,0
2570,0,null,0,0,0
2571,0,null,0,0,0
2572,0,null,0,0,0
2573,501,pi+,1,0,0
2574,0,null,0,0,0
2575,0,null,0,0,0
2576,0,null,0,0,0
2577,0,null,0,0,0
2578,0,null,0,0,0
2579,0,null,0,0,0
2580,0,null,0,0,0
2581,0,null,0,0,0
2582,3,secondary_proton,1,1,1
2583,0,null,0,0,0
2584,0,null,0,0,0
2585,0,null,0,0,0
2586,0,null,0,0,0
2587,0,null,0,0,0
2588,0,null,0,0,0
2589,0,null,0,0,0
2590,0,null,0,0,0
2591,0,null,0,0,0
2592,8,secondary_proton,1,1,1
2593,0,null,0,0,0
2594,0,null,0,0,0
2595,0,null,0,0,0
2596,0,null,0,0,0
2597,1,primary_proton,1,1,1
2598,0,null,0,0,0
2599,0,null,0,0,0
2600,0,null,0,0,0
2601,0,null,0,0,0
2602,0,null,0,0,0
2603,0,null,0,0,0
2604,151,e-,1,1,1
2605,0,null,0,0,0
2606,0,null,0,0,0
2607,0,null,0,0,0
2608,0,null,0,0,0
2609,0,null,0,0,0
2610,0,null,0,0,0
2611,0,null,0,0,0
2612,1,primary_proton,1,1,1
2613,0,null,0,0,0
2614,5,pi+,1,1,1
2615,0,null,0,0,0
2616,0,null,0,0,0
2617,0,null,0,0,0
2618,36,pi+,1,0,0
2619,0,null,0,0,0
2620,0,null,0,0,0
2621,0,null,0,0,0
2622,0,null,0,0,0
2623,6,pi+,1,1,1
2624,0,null,0,0,0
2625,0,null,0,0,0
2626,0,null,0,0,0
2627,0,null,0,0,0
2628,0,null,0,0,0
2629,0,null,0,0,0
2630,0,null,0,0,0
2631,0,null,0,0,0
2632,0,null,0,0,0
2633,0,null,0,0,0
2634,0,null,0,0,0
2635,0,null,0,0,0
2636,0,null,0,0,0
2637,0,null,0,0,0
2638,0,null,0,0,0
2639,0,null,0,0,0
2640,0,null,0,0,0
2641,0,null,0,0,0
2642,0,null,0,0,0
2643,0,null,0,0,0
2644,0,null,0,0,0
2645,0,null,0,0,0
2646,0,null,0,0,0
2647,0,null,0,0,0
2648,0,null,0,0,0
2649,0,null,0,0,0
2650,0,null,0,0,0
2651,0,null,0,0,0
2652,0,null,0,0,0
2653,0,null,0,0,0
2654,0,null,0,0,0
2655,0,null,0,0,0
2656,0,null,0,0,0
2657,0,null,0,0,0
2658,0,null,0,0,0
2659,0,null,0,0,0
2660,0,null,0,0,0
2661,0,null,0,0,0
2662,0,null,0,0,0
2663,0,null,0,0,0
2664,0,null,0,0,0
2665,7,pi+,1,1,0
2666,0,null,0,0,0
2667,0,null,0,0,0
2668,0,null,0,0,0
2669,0,null,0,0,0
2670,0,null,0,0,0
2671,0,null,0,0,0
2672,1,primary_proton,1,1,1
2673,1,primary_proton,1,1,1
2674,0,null,0,0,0
2675,0,null,0,0,0
2676,0,null,0,0,0
2677,0,null,0,0,0
2678,0,null,0,0,0
2679,0,null,0,0,0
2680,0,null,0,0,0
2681,0,null,0,0,0
2682,0,null,0,0,0
2683,0,null,0,0,0
2684,0,null,0,0,0
2685,0,null,0,0,0
2686,0,null,0,0,0
2687,0,null,0,0,0
2688,0,null,0,0,0
2689,0,null,0,0,0
2690,0,null,0,0,0
2691,0,null,0,0,0
2692,0,null,0,0,0
2693,0,null,0,0,0
2694,1,primary_proton,1,1,1
2695,0,null,0,0,0
2696,0,null,0,0,0
2697,0,null,0,0,0
2698,0,null,0,0,0
2699,0,null,0,0,0
2700,0,null,0,0,0
2701,0,null,0,0,0
2702,0,null,0,0,0
2703,0,null,0,0,0
2705,0,null,0,0,0
2706,0,null,0,0,0
2707,0,null,0,0,0
2708,12,secondary_proton,1,1,1
2709,1,primary_proton,1,1,1
2710,0,null,0,0,0
2711,13,pi+,1,1,1
2712,0,null,0,0,0
2713,0,null,0,0,0
2714,0,null,0,0,0
2715,0,null,0,0,0
2716,0,null,0,0,0
2717,0,null,0,0,0
2718,0,null,0,0,0
2719,0,null,0,0,0
2720,0,null,0,0,0
2721,0,null,0,0,0
2722,0,null,0,0,0
2723,0,null,0,0,0
2724,0,null,0,0,0
2725,0,null,0,0,0
2726,0,null,0,0,0
2727,0,null,0,0,0
2728,0,null,0,0,0
2729,0,null,0,0,0
2730,0,null,0,0,0
2731,1,primary_proton,1,1,1
2732,0,null,0,0,0
2733,0,null,0,0,0
2734,0,null,0,0,0
2735,0,null,0,0,0
2736,0,null,0,0,0
2737,0,null,0,0,0
2738,10,pi-,1,1,1
2739,0,null,0,0,0
2740,0,null,0,0,0
2741,0,null,0,0,0
2742,0,null,0,0,0
2743,0,null,0,0,0
2744,0,null,0,0,0
2745,0,null,0,0,0
2746,0,null,0,0,0
2747,0,null,0,0,0
2748,0,null,0,0,0
2749,0,null,0,0,0
2750,0,null,0,0,0
2751,0,null,0,0,0
2752,0,null,0,0,0
2753,0,null,0,0,0
2754,0,null,0,0,0
2755,0,null,0,0,0
2756,0,null,0,0,0
2757,0,null,0,0,0
2758,0,null,0,0,0
2759,0,null,0,0,0
2760,0,null,0,0,0
2761,0,null,0,0,0
2762,0,null,0,0,0
2763,0,null,0,0,0
2764,0,null,0,0,0
2765,0,null,0,0,0
2766,0,null,0,0,0
2767,0,null,0,0,0
2768,1,primary_proton,1,1,1
2769,0,null,0,0,0
2770,0,null,0,0,0
2771,0,null,0,0,0
2772,0,null,0,0,0
2773,0,null,0,0,0
2774,0,null,0,0,0
2775,0,null,0,0,0
2776,0,null,0,0,0
2777,0,null,0,0,0
2778,0,null,0,0,0
2779,0,null,0,0,0
2780,0,null,0,0,0
2781,0,null,0,0,0
2782,0,null,0,0,0
2783,0,null,0,0,0
2784,0,null,0,0,0
2785,0,null,0,0,0
2786,0,null,0,0,0
2787,0,null,0,0,0
2788,0,null,0,0,0
2789,0,null,0,0,0
2790,0,null,0,0,0
2791,0,null,0,0,0
2792,0,null,0,0,0
2793,0,null,0,0,0
2794,0,null,0,0,0
2795,0,null,0,0,0
2796,0,null,0,0,0
2797,0,null,0,0,0
2798,0,null,0,0,0
2799,10,secondary_proton,1,1,1
2800,0,null,0,0,0
2801,0,null,0,0,0
2802,0,null,0,0,0
2803,0,null,0,0,0
2804,0,null,0,0,0
2805,0,null,0,0,0
2806,0,null,0,0,0
2807,0,null,0,0,0
2808,0,null,0,0,0
2809,0,null,0,0,0
2810,0,null,0,0,0
2811,0,null,0,0,0
2812,0,null,0,0,0
2813,0,null,0,0,0
2814,0,null,0,0,0
2815,0,null,0,0,0
2816,0,null,0,0,0
2817,0,null,0,0,0
2818,0,null,0,0,0
2819,0,null,0,0,0
2820,0,null,0,0,0
2821,0,null,0,0,0
2822,1,primary_proton,1,1,1
2823,0,null,0,0,0
2824,0,null,0,0,0
2825,0,null,0,0,0
2826,0,null,0,0,0
2827,0,null,0,0,0
2828,0,null,0,0,0
2829,0,null,0,0,0
2830,7,secondary_proton,1,1,1
2831,0,null,0,0,0
2832,0,null,0,0,0
2833,0,null,0,0,0
2834,0,null,0,0,0
2835,0,null,0,0,0
2836,0,null,0,0,0
2837,0,null,0,0,0
2838,0,null,0,0,0
2839,0,null,0,0,0
2840,0,null,0,0,0
2841,0,null,0,0,0
2842,0,null,0,0,0
2843,0,null,0,0,0
2844,1,primary_proton,1,1,1
2845,0,null,0,0,0
2846,0,null,0,0,0
2847,0,null,0,0,0
2848,0,null,0,0,0
2849,0,null,0,0,0
2850,9,pi-,1,1,0
2851,32,secondary_proton,1,1,1
2852,0,null,0,0,0
2853,0,null,0,0,0
2854,0,null,0,0,0
2855,0,null,0,0,0
2856,0,null,0,0,0
2857,0,null,0,0,0
2858,0,null,0,0,0
2859,0,null,0,0,0
2860,0,null,0,0,0
2861,0,null,0,0,0
2862,0,null,0,0,0
2863,0,null,0,0,0
2864,0,null,0,0,0
2865,0,null,0,0,0
2866,0,null,0,0,0
2867,0,null,0,0,0
2868,0,null,0,0,0
2869,0,null,0,0,0
2870,0,null,0,0,0
2871,0,null,0,0,0
2872,0,null,0,0,0
2873,0,null,0,0,0
2874,0,null,0,0,0
2875,0,null,0,0,0
2876,0,null,0,0,0
2877,0,null,0,0,0
2878,0,null,0,0,0
2879,0,null,0,0,0
2880,6,secondary_proton,1,1,1
2881,0,null,0,0,0
2882,0,null,0,0,0
2883,0,null,0,0,0
2884,14,secondary_proton,1,1,1
2885,0,null,0,0,0
2886,0,null,0,0,0
2887,0,null,0,0,0
2888,0,null,0,0,0
2889,0,null,0,0,0
2890,0,null,0,0,0
2891,0,null,0,0,0
2892,0,null,0,0,0
2893,0,null,0,0,0
2894,0,null,0,0,0
2895,0,null,0,0,0
2896,11,pi-,1,1,1
2897,0,null,0,0,0
2898,0,null,0,0,0
2899,8,secondary_proton,1,1,1
2900,0,null,0,0,0
2901,0,null,0,0,0
2902,0,null,0,0,0
2903,0,null,0,0,0
2904,0,null,0,0,0
2905,0,null,0,0,0
2906,0,null,0,0,0
2907,0,null,0,0,0
2908,0,null,0,0,0
2909,0,null,0,0,0
2910,0,null,0,0,0
2911,0,null,0,0,0
2912,0,null,0,0,0
2913,0,null,0,0,0
2914,0,null,0,0,0
2915,0,null,0,0,0
2916,0,null,0,0,0
2917,0,null,0,0,0
2918,0,null,0,0,0
2919,0,null,0,0,0
2920,0,null,0,0,0
2921,576,e+,1,1,1
2922,0,null,0,0,0
2923,0,null,0,0,0
2925,0,null,0,0,0
2926,0,null,0,0,0
2927,0,null,0,0,0
2928,0,null,0,0,0
2929,0,null,0,0,0
2930,0,null,0,0,0
2931,0,null,0,0,0
2932,0,null,0,0,0
2933,0,null,0,0,0
2934,0,null,0,0,0
2935,0,null,0,0,0
2936,31,pi+,1,1,1
2937,6,pi-,1,1,1
2938,0,null,0,0,0
2939,1,primary_proton,1,1,1
2940,0,null,0,0,0
2941,0,null,0,0,0
2942,0,null,0,0,0
2943,0,null,0,0,0
2944,0,null,0,0,0
2945,0,null,0,0,0
2946,0,null,0,0,0
2947,0,null,0,0,0
2948,0,null,0,0,0
2949,8,secondary_proton,1,1,1
2950,0,null,0,0,0
2951,0,null,0,0,0
2952,0,null,0,0,0
2953,0,null,0,0,0
2954,0,null,0,0,0
2955,0,null,0,0,0
2956,0,null,0,0,0
2957,0,null,0,0,0
2958,0,null,0,0,0
2959,0,null,0,0,0
2960,0,null,0,0,0
2961,0,null,0,0,0
2962,0,null,0,0,0
2963,0,null,0,0,0
2964,0,null,0,0,0
2965,0,null,0,0,0
2966,0,null,0,0,0
2967,0,null,0,0,0
2968,0,null,0,0,0
2969,0,null,0,0,0
2970,0,null,0,0,0
2971,0,null,0,0,0
2972,0,null,0,0,0
2973,0,null,0,0,0
2974,0,null,0,0,0
2975,0,null,0,0,0
2976,0,null,0,0,0
2977,0,null,0,0,0
2978,0,null,0,0,0
2979,0,null,0,0,0
2980,0,null,0,0,0
2981,0,null,0,0,0
2982,0,null,0,0,0
2983,0,null,0,0,0
2984,0,null,0,0,0
2985,0,null,0,0,0
2986,0,null,0,0,0
2987,0,null,0,0,0
2988,0,null,0,0,0
2989,0,null,0,0,0
2990,0,null,0,0,0
2991,0,null,0,0,0
2992,6,secondary_proton,1,0,1
2993,0,null,0,0,0
2994,0,null,0,0,0
2995,0,null,0,0,0
2996,0,null,0,0,0
2997,0,null,0,0,0
2998,0,null,0,0,0
2999,0,null,0,0,0
3000,0,null,0,0,0
3001,0,null,0,0,0
3002,0,null,0,0,0
3003,0,null,0,0,0
3004,0,null,0,0,0
3005,0,null,0,0,0
3006,0,null,0,0,0
3007,0,null,0,0,0
3008,0,null,0,0,0
3009,0,null,0,0,0
3010,0,null,0,0,0
3011,0,null,0,0,0
3012,0,null,0,0,0
3013,1,primary_proton,1,1,1
3014,0,null,0,0,0
3015,1,primary_proton,1,1,1
3016,0,null,0,0,0
3017,0,null,0,0,0
3018,0,null,0,0,0
3019,0,null,0,0,0
3020,0,null,0,0,0
3021,0,null,0,0,0
3022,0,null,0,0,0
3023,0,null,0,0,0
3024,0,null,0,0,0
3025,0,null,0,0,0
3026,799,e-,1,1,1
3027,0,null,0,0,0
3028,0,null,0,0,0
3029,20,pi-,1,1,1
3030,0,null,0,0,0
3031,0,null,0,0,0
3032,0,null,0,0,0
3033,0,null,0,0,0
3034,0,null,0,0,0
3035,0,null,0,0,0
3036,0,null,0,0,0
3037,0,null,0,0,0
3038,0,null,0,0,0
3039,0,null,0,0,0
3040,0,null,0,0,0
3041,0,null,0,0,0
3042,0,null,0,0,0
3043,0,null,0,0,0
3044,0,null,0,0,0
3045,0,null,0,0,0
3046,0,null,0,0,0
3047,0,null,0,0,0
3048,0,null,0,0,0
3049,0,null,0,0,0
3050,0,null,0,0,0
3051,0,null,0,0,0
3052,0,null,0,0,0
3053,0,null,0,0,0
3054,0,null,0,0,0
3055,0,null,0,0,0
3056,0,null,0,0,0
3057,0,null,0,0,0
3058,0,null,0,0,0
3059,0,null,0,0,0
3060,0,null,0,0,0
3061,0,null,0,0,0
3062,0,null,0,0,0
3063,0,null,0,0,0
3064,0,null,0,0,0
3065,0,null,0,0,0
3066,0,null,0,0,0
3067,0,null,0,0,0
3068,0,null,0,0,0
3069,750,secondary_proton,1,0,0
3070,11,pi-,1,1,1
3071,0,null,0,0,0
3072,0,null,0,0,0
3073,0,null,0,0,0
3074,3013,e-,1,1,0
3075,0,null,0,0,0
3076,0,null,0,0,0
3077,0,null,0,0,0
3078,0,null,0,0,0
3079,0,null,0,0,0
3080,0,null,0,0,0
3081,0,null,0,0,0
3082,0,null,0,0,0
3083,0,null,0,0,0
3084,0,null,0,0,0
3085,0,null,0,0,0
3086,0,null,0,0,0
3087,0,null,0,0,0
3088,0,null,0,0,0
3089,0,null,0,0,0
3090,0,null,0,0,0
3091,0,null,0,0,0
3092,0,null,0,0,0
3093,0,null,0,0,0
3094,0,null,0,0,0
3095,0,null,0,0,0
3096,0,null,0,0,0
3097,0,null,0,0,0
3098,0,null,0,0,0
3099,0,null,0,0,0
3100,0,null,0,0,0
3101,0,null,0,0,0
3102,0,null,0,0,0
3103,0,null,0,0,0
3104,1059,e-,1,1,0
3105,0,null,0,0,0
3106,0,null,0,0,0
3107,0,null,0,0,0
3108,0,null,0,0,0
3109,0,null,0,0,0
3110,0,null,0,0,0
3111,0,null,0,0,0
3112,0,null,0,0,0
3113,0,null,0,0,0
3114,0,null,0,0,0
3115,0,null,0,0,0
3116,0,null,0,0,0
3117,0,null,0,0,0
3118,0,null,0,0,0
3119,0,null,0,0,0
3120,0,null,0,0,0
3121,0,null,0,0,0
3122,0,null,0,0,0
3123,0,null,0,0,0
3124,0,null,0,0,0
3125,0,null,0,0,0
3126,0,null,0,0,0
3127,0,null,0,0,0
3128,0,null,0,0,0
3129,0,null,0,0,0
3130,0,null,0,0,0
3131,0,null,0,0,0
3132,0,null,0,0,0
3133,0,null,0,0,0
3134,0,null,0,0,0
3135,0,null,0,0,0
3136,0,null,0,0,0
3137,0,null,0,0,0
3138,0,null,0,0,0
3139,0,null,0,0,0
3140,0,null,0,0,0
3141,0,null,0,0,0
3142,0,null,0,0,0
3143,0,null,0,0,0
3144,0,null,0,0,0
3145,0,null,0,0,0
3146,0,null,0,0,0
3147,0,null,0,0,0
3149,0,null,0,0,0
3150,0,null,0,0,0
3151,0,null,0,0,0
3152,0,null,0,0,0
3153,0,null,0,0,0
3154,0,null,0,0,0
3155,0,null,0,0,0
3156,0,null,0,0,0
3157,0,null,0,0,0
3158,0,null,0,0,0
3159,0,null,0,0,0
3160,0,null,0,0,0
3161,0,null,0,0,0
3162,8,secondary_proton,1,1,1
3163,0,null,0,0,0
3164,344,secondary_proton,1,1,1
3165,0,null,0,0,0
3166,0,null,0,0,0
3167,1235,secondary_proton,1,1,1
3168,0,null,0,0,0
3169,0,null,0,0,0
3170,0,null,0,0,0
3171,0,null,0,0,0
3172,0,null,0,0,0
3173,0,null,0,0,0
3174,0,null,0,0,0
3175,0,null,0,0,0
3176,0,null,0,0,0
3177,0,null,0,0,0
3178,0,null,0,0,0
3179,0,null,0,0,0
3180,0,null,0,0,0
3181,0,null,0,0,0
3182,0,null,0,0,0
3183,0,null,0,0,0
3184,0,null,0,0,0
3185,0,null,0,0,0
3186,0,null,0,0,0
3187,22,secondary_proton,1,1,1
3188,0,null,0,0,0
3189,0,null,0,0,0
3190,0,null,0,0,0
3191,0,null,0,0,0
3192,0,null,0,0,0
3193,0,null,0,0,0
3194,0,null,0,0,0
3195,0,null,0,0,0
3196,0,null,0,0,0
3197,0,null,0,0,0
3198,0,null,0,0,0
3199,0,null,0,0,0
3200,0,null,0,0,0
3201,0,null,0,0,0
3202,0,null,0,0,0
3203,0,null,0,0,0
3204,0,null,0,0,0
3205,0,null,0,0,0
3206,0,null,0,0,0
3207,0,null,0,0,0
3208,0,null,0,0,0
3209,0,null,0,0,0
3210,0,null,0,0,0
3211,0,null,0,0,0
3212,0,null,0,0,0
3213,0,null,0,0,0
3214,0,null,0,0,0
3215,0,null,0,0,0
3216,0,null,0,0,0
3217,0,null,0,0,0
3218,0,null,0,0,0
3219,0,null,0,0,0
3220,0,null,0,0,0
3221,0,null,0,0,0
3222,0,null,0,0,0
3223,0,null,0,0,0
3224,0,null,0,0,0
3225,0,null,0,0,0
3226,0,null,0,0,0
3227,0,null,0,0,0
3228,0,null,0,0,0
3229,0,null,0,0,0
3230,0,null,0,0,0
3231,0,null,0,0,0
3232,0,null,0,0,0
3233,0,null,0,0,0
3234,0,null,0,0,0
3235,0,null,0,0,0
3236,0,null,0,0,0
3237,0,null,0,0,0
3238,0,null,0,0,0
3239,0,null,0,0,0
3240,0,null,0,0,0
3241,0,null,0,0,0
3242,0,null,0,0,0
3243,0,null,0,0,0
3244,0,null,0,0,0
3245,0,null,0,0,0
3246,0,null,0,0,0
3247,0,null,0,0,0
3248,0,null,0,0,0
3249,0,null,0,0,0
3250,0,null,0,0,0
3251,0,null,0,0,0
3252,0,null,0,0,0
3253,0,null,0,0,0
3254,0,null,0,0,0
3255,14,pi-,1,1,1
3256,0,null,0,0,0
3257,0,null,0,0,0
3258,0,null,0,0,0
3259,0,null,0,0,0
3260,0,null,0,0,0
3261,0,null,0,0,0
3262,0,null,0,0,0
3263,0,null,0,0,0
3264,0,null,0,0,0
3265,0,null,0,0,0
3266,0,null,0,0,0
3267,0,null,0,0,0
3268,0,null,0,0,0
3269,0,null,0,0,0
3270,0,null,0,0,0
3271,0,null,0,0,0
3272,0,null,0,0,0
3273,0,null,0,0,0
3274,0,null,0,0,0
3275,0,null,0,0,0
3276,0,null,0,0,0
3277,0,null,0,0,0
3278,0,null,0,0,0
3279,0,null,0,0,0
3280,0,null,0,0,0
3281,0,null,0,0,0
3282,0,null,0,0,0
3283,0,null,0,0,0
3284,0,null,0,0,0
3285,0,null,0,0,0
3286,0,null,0,0,0
3287,0,null,0,0,0
3288,0,null,0,0,0
3289,0,null,0,0,0
3290,0,null,0,0,0
3291,0,null,0,0,0
3292,0,null,0,0,0
3293,0,null,0,0,0
3294,0,null,0,0,0
3295,0,null,0,0,0
3296,0,null,0,0,0
3297,0,null,0,0,0
3298,0,null,0,0,0
3299,0,null,0,0,0
3300,0,null,0,0,0
3301,0,null,0,0,0
3302,0,null,0,0,0
3303,0,null,0,0,0
3304,0,null,0,0,0
3305,0,null,0,0,0
3306,0,null,0,0,0
3307,0,null,0,0,0
3308,0,null,0,0,0
3309,0,null,0,0,0
3310,0,null,0,0,0
3311,0,null,0,0,0
3312,0,null,0,0,0
3313,0,null,0,0,0
3314,0,null,0,0,0
3315,0,null,0,0,0
3316,0,null,0,0,0
3317,0,null,0,0,0
3318,0,null,0,0,0
3319,0,null,0,0,0
3320,0,null,0,0,0
3321,0,null,0,0,0
3322,0,null,0,0,0
3323,0,null,0,0,0
3324,0,null,0,0,0
3325,0,null,0,0,0
3326,0,null,0,0,0
3327,0,null,0,0,0
3328,0,null,0,0,0
3329,11,pi-,1,1,1
3330,0,null,0,0,0
3331,0,null,0,0,0
3332,0,null,0,0,0
3333,319,e-,1,0,1
3334,14,secondary_proton,1,1,1
3335,0,null,0,0,0
3336,0,null,0,0,0
3337,0,null,0,0,0
3338,0,null,0,0,0
3339,0,null,0,0,0
3340,0,null,0,0,0
3341,0,null,0,0,0
3342,0,null,0,0,0
3343,0,null,0,0,0
3344,0,null,0,0,0
3345,0,null,0,0,0
3346,0,null,0,0,0
3347,0,null,0,0,0
3348,2589,pi+,1,0,0
3349,0,null,0,0,0
3350,0,null,0,0,0
3351,0,null,0,0,0
3352,0,null,0,0,0
3353,0,null,0,0,0
3354,1,primary_proton,1,1,1
3355,10,kaon+,1,1,1
3356,0,null,0,0,0
3357,0,null,0,0,0
3358,0,null,0,0,0
3359,0,null,0,0,0
3360,0,null,0,0,0
3361,0,null,0,0,0
3362,0,null,0,0,0
3363,0,null,0,0,0
3364,0,null,0,0,0
3365,0,null,0,0,0
3366,0,null,0,0,0
3367,0,null,0,0,0
3368,0,null,0,0,0
3370,0,null,0,0,0
3371,0,null,0,0,0
3372,0,null,0,0,0
3373,0,null,0,0,0
3374,0,null,0,0,0
3375,0,null,0,0,0
3376,0,null,0,0,0
3377,958,e-,1,1,1
3378,0,null,0,0,0
3379,0,null,0,0,0
3380,1,primary_proton,1,1,1
3381,0,null,0,0,0
3382,0,null,0,0,0
3383,0,null,0,0,0
3384,0,null,0,0,0
3385,0,null,0,0,0
3386,0,null,0,0,0
3387,0,null,0,0,0
3388,0,null,0,0,0
3389,0,null,0,0,0
3390,0,null,0,0,0
3391,0,null,0,0,0
3392,0,null,0,0,0
3393,0,null,0,0,0
3394,0,null,0,0,0
3395,0,null,0,0,0
3396,0,null,0,0,0
3397,0,null,0,0,0
3398,0,null,0,0,0
3399,0,null,0,0,0
3400,0,null,0,0,0
3401,0,null,0,0,0
3402,0,null,0,0,0
3403,0,null,0,0,0
3404,0,null,0,0,0
3405,0,null,0,0,0
3406,0,null,0,0,0
3407,0,null,0,0,0
3408,0,null,0,0,0
3409,0,null,0,0,0
3410,0,null,0,0,0
3411,0,null,0,0,0
3412,0,null,0,0,0
3413,0,null,0,0,0
3414,0,null,0,0,0
3415,0,null,0,0,0
3416,0,null,0,0,0
3417,0,null,0,0,0
3418,0,null,0,0,0
3419,0,null,0,0,0
3420,0,null,0,0,0
3421,0,null,0,0,0
3422,0,null,0,0,0
3423,0,null,0,0,0
3424,0,null,0,0,0
3425,0,null,0,0,0
3426,0,null,0,0,0
3427,0,null,0,0,0
3428,0,null,0,0,0
3429,0,null,0,0,0
3430,0,null,0,0,0
3431,0,null,0,0,0
3432,0,null,0,0,0
3433,0,null,0,0,0
3434,26,secondary_proton,1,1,1
3435,0,null,0,0,0
3436,0,null,0,0,0
3437,0,null,0,0,0
3438,0,null,0,0,0
3439,0,null,0,0,0
3440,0,null,0,0,0
3441,0,null,0,0,0
3442,0,null,0,0,0
3443,0,null,0,0,0
3444,0,null,0,0,0
3445,0,null,0,0,0
3446,0,null,0,0,0
3447,0,null,0,0,0
3448,0,null,0,0,0
3449,0,null,0,0,0
3450,0,null,0,0,0
3451,0,null,0,0,0
3452,1,primary_proton,1,1,1
3453,0,null,0,0,0
3454,0,null,0,0,0
3455,0,null,0,0,0
3456,0,null,0,0,0
3457,0,null,0,0,0
3458,0,null,0,0,0
3459,0,null,0,0,0
3460,0,null,0,0,0
3461,0,null,0,0,0
3462,0,null,0,0,0
3463,1,primary_proton,1,1,1
3464,0,null,0,0,0
3465,0,null,0,0,0
3466,0,null,0,0,0
3467,0,null,0,0,0
3468,0,null,0,0,0
3469,0,null,0,0,0
3470,0,null,0,0,0
3471,0,null,0,0,0
3472,0,null,0,0,0
3473,0,null,0,0,0
3474,0,null,0,0,0
3475,0,null,0,0,0
3476,0,null,0,0,0
3477,0,null,0,0,0
3478,0,null,0,0,0
3479,0,null,0,0,0
3480,0,null,0,0,0
3481,0,null,0,0,0
3482,0,null,0,0,0
3483,0,null,0,0,0
3484,0,null,0,0,0
3485,0,null,0,0,0
3486,0,null,0,0,0
3487,0,null,0,0,0
3488,0,null,0,0,0
3489,0,null,0,0,0
3490,0,null,0,0,0
3491,0,null,0,0,0
3492,1,primary_proton,1,1,1
3493,0,null,0,0,0
3494,0,null,0,0,0
3495,0,null,0,0,0
3496,0,null,0,0,0
3497,0,null,0,0,0
3498,0,null,0,0,0
3499,0,null,0,0,0
3500,0,null,0,0,0
3501,1,primary_proton,1,1,1
3502,0,null,0,0,0
3503,0,null,0,0,0
3504,0,null,0,0,0
3505,0,null,0,0,0
3506,0,null,0,0,0
3507,0,null,0,0,0
3508,0,null,0,0,0
3509,0,null,0,0,0
3510,0,null,0,0,0
3511,0,null,0,0,0
3512,0,null,0,0,0
3513,0,null,0,0,0
3514,0,null,0,0,0
3515,0,null,0,0,0
3516,0,null,0,0,0
3517,0,null,0,0,0
3518,0,null,0,0,0
3519,0,null,0,0,0
3520,0,null,0,0,0
3521,0,null,0,0,0
3522,0,null,0,0,0
3523,1,primary_proton,1,1,1
3524,0,null,0,0,0
3525,0,null,0,0,0
3526,0,null,0,0,0
3527,0,null,0,0,0
3528,0,null,0,0,0
3529,0,null,0,0,0
3530,0,null,0,0,0
3531,0,null,0,0,0
3532,0,null,0,0,0
3533,0,null,0,0,0
3534,0,null,0,0,0
3535,0,null,0,0,0
3536,0,null,0,0,0
3537,0,null,0,0,0
3538,0,null,0,0,0
3539,0,null,0,0,0
3540,0,null,0,0,0
3541,317,pi-,1,1,0
3542,0,null,0,0,0
3543,0,null,0,0,0
3544,0,null,0,0,0
3545,0,null,0,0,0
3546,0,null,0,0,0
3547,0,null,0,0,0
3548,0,null,0,0,0
3549,0,null,0,0,0
3550,0,null,0,0,0
3551,0,null,0,0,0
3552,0,null,0,0,0
3553,0,null,0,0,0
3554,0,null,0,0,0
3555,0,null,0,0,0
3556,0,null,0,0,0
3557,21,secondary_proton,1,0,0
3558,0,null,0,0,0
3559,0,null,0,0,0
3560,0,null,0,0,0
3561,0,null,0,0,0
3562,0,null,0,0,0
3563,0,null,0,0,0
3564,0,null,0,0,0
3565,0,null,0,0,0
3566,0,null,0,0,0
3567,0,null,0,0,0
3568,0,null,0,0,0
3569,0,null,0,0,0
3570,0,null,0,0,0
3571,0,null,0,0,0
3572,0,null,0,0,0
3573,0,null,0,0,0
3574,0,null,0,0,0
3575,0,null,0,0,0
3576,0,null,0,0,0
3577,0,null,0,0,0
3578,0,null,0,0,0
3579,0,null,0,0,0
3580,0,null,0,0,0
3581,0,null,0,0,0
3582,0,null,0,0,0
3583,3367,e-,1,0,0
3584,0,null,0,0,0
3585,0,null,0,0,0
3586,0,null,0,0,0
3587,0,null,0,0,0
3588,0,null,0,0,0
3589,0,null,0,0,0
3590,0,null,0,0,0
3591,0,null,0,0,0
3593,1,primary_proton,1,1,0
3594,0,null,0,0,0
3595,0,null,0,0,0
3596,0,null,0,0,0
3597,0,null,0,0,0
3598,6,pi+,1,1,1
3599,0,null,0,0,0
3600,0,null,0,0,0
3601,0,null,0,0,0
3602,0,null,0,0,0
3603,0,null,0,0,0
3604,1,primary_proton,1,1,1
3605,0,null,0,0,0
3606,0,null,0,0,0
3607,0,null,0,0,0
3608,0,null,0,0,0
3609,0,null,0,0,0
3610,0,null,0,0,0
3611,0,null,0,0,0
3612,0,null,0,0,0
3613,0,null,0,0,0
3614,0,null,0,0,0
3615,0,null,0,0,0
3616,0,null,0,0,0
3617,0,null,0,0,0
3618,0,null,0,0,0
3619,13,pi-,1,0,0
3620,0,null,0,0,0
3621,0,null,0,0,0
3622,0,null,0,0,0
3623,6,pi-,1,0,0
3624,0,null,0,0,0
3625,0,null,0,0,0
3626,0,null,0,0,0
3627,0,null,0,0,0
3628,19,pi+,1,0,0
3629,6,pi-,1,1,1
3630,0,null,0,0,0
3631,0,null,0,0,0
3632,0,null,0,0,0
3633,3,secondary_proton,1,1,1
3634,0,null,0,0,0
3635,0,null,0,0,0
3636,0,null,0,0,0
3637,0,null,0,0,0
3638,2220,pi+,1,1,0
3639,0,null,0,0,0
3640,0,null,0,0,0
3641,0,null,0,0,0
3642,0,null,0,0,0
3643,0,null,0,0,0
3644,0,null,0,0,0
3645,0,null,0,0,0
3646,0,null,0,0,0
3647,0,null,0,0,0
3648,0,null,0,0,0
3649,0,null,0,0,0
3650,0,null,0,0,0
3651,0,null,0,0,0
3652,0,null,0,0,0
3653,0,null,0,0,0
3654,0,null,0,0,0
3655,0,null,0,0,0
3656,0,null,0,0,0
3657,1,primary_proton,1,1,1
3658,0,null,0,0,0
3659,0,null,0,0,0
3660,22,pi+,1,1,1
3661,0,null,0,0,0
3662,2511,pi+,1,1,1
3663,0,null,0,0,0
3664,1,primary_proton,1,1,1
3665,0,null,0,0,0
3666,0,null,0,0,0
3667,0,null,0,0,0
3668,0,null,0,0,0
3669,0,null,0,0,0
3670,0,null,0,0,0
3671,12,secondary_proton,1,1,1
3672,0,null,0,0,0
3673,0,null,0,0,0
3674,0,null,0,0,0
3675,0,null,0,0,0
3676,0,null,0,0,0
3677,0,null,0,0,0
3678,11,kaon+,1,1,1
3679,0,null,0,0,0
3680,0,null,0,0,0
3681,0,null,0,0,0
3682,0,null,0,0,0
3683,0,null,0,0,0
3684,0,null,0,0,0
3685,0,null,0,0,0
3686,0,null,0,0,0
3687,6,secondary_proton,1,1,1
3688,0,null,0,0,0
3689,0,null,0,0,0
3690,0,null,0,0,0
3691,0,null,0,0,0
3692,0,null,0,0,0
3693,0,null,0,0,0
3694,0,null,0,0,0
3695,0,null,0,0,0
3696,1,primary_proton,1,1,1
3697,0,null,0,0,0
3698,1,primary_proton,1,0,0
3699,0,null,0,0,0
3700,0,null,0,0,0
3701,0,null,0,0,0
3702,0,null,0,0,0
3703,0,null,0,0,0
3704,0,null,0,0,0
3705,0,null,0,0,0
3706,0,null,0,0,0
3707,0,null,0,0,0
3708,0,null,0,0,0
3709,0,null,0,0,0
3710,0,null,0,0,0
3711,0,null,0,0,0
3712,0,null,0,0,0
3713,0,null,0,0,0
3714,0,null,0,0,0
3715,0,null,0,0,0
3716,0,null,0,0,0
3717,0,null,0,0,0
3718,0,null,0,0,0
3719,0,null,0,0,0
3720,0,null,0,0,0
3721,0,null,0,0,0
3722,0,null,0,0,0
3723,0,null,0,0,0
3724,0,null,0,0,0
3725,0,null,0,0,0
3726,0,null,0,0,0
3727,6648,e-,1,0,0
3728,0,null,0,0,0
3729,0,null,0,0,0
3730,0,null,0,0,0
3731,0,null,0,0,0
3732,0,null,0,0,0
3733,0,null,0,0,0
3734,0,null,0,0,0
3735,0,null,0,0,0
3736,0,null,0,0,0
3737,4,pi+,1,1,1
3738,0,null,0,0,0
3739,0,null,0,0,0
3740,0,null,0,0,0
3741,0,null,0,0,0
3742,0,null,0,0,0
3743,0,null,0,0,0
3744,0,null,0,0,0
3745,0,null,0,0,0
3746,0,null,0,0,0
3747,20,secondary_proton,1,1,1
3748,0,null,0,0,0
3749,0,null,0,0,0
3750,0,null,0,0,0
3751,1,primary_proton,1,1,1
3752,0,null,0,0,0
3753,0,null,0,0,0
3754,0,null,0,0,0
3755,0,null,0,0,0
3756,0,null,0,0,0
3757,0,null,0,0,0
3758,0,null,0,0,0
3759,0,null,0,0,0
3760,21,pi+,1,1,1
3761,0,null,0,0,0
3762,0,null,0,0,0
3763,0,null,0,0,0
3764,33,pi+,1,1,1
3765,0,null,0,0,0
3766,0,null,0,0,0
3767,0,null,0,0,0
3768,0,null,0,0,0
3769,0,null,0,0,0
3770,12,pi-,1,1,0
3771,0,null,0,0,0
3772,0,null,0,0,0
3773,0,null,0,0,0
3774,0,null,0,0,0
3775,0,null,0,0,0
3776,0,null,0,0,0
3777,0,null,0,0,0
3778,0,null,0,0,0
3779,0,null,0,0,0
3780,1,primary_proton,1,1,1
3781,0,null,0,0,0
3782,0,null,0,0,0
3783,0,null,0,0,0
3784,0,null,0,0,0
3785,0,null,0,0,0
3786,0,null,0,0,0
3787,5,secondary_proton,1,1,1
3788,0,null,0,0,0
3789,0,null,0,0,0
3790,12,pi-,1,1,1
3791,1,primary_proton,1,1,1
3792,0,null,0,0,0
3793,0,null,0,0,0
3794,0,null,0,0,0
3795,0,null,0,0,0
3796,9,secondary_proton,1,1,1
3797,0,null,0,0,0
3798,0,null,0,0,0
3799,0,null,0,0,0
3800,0,null,0,0,0
3801,0,null,0,0,0
3802,0,null,0,0,0
3803,0,null,0,0,0
3804,0,null,0,0,0
3805,0,null,0,0,0
3806,0,null,0,0,0
3807,0,null,0,0,0
3808,0,null,0,0,0
3810,0,null,0,0,0
3811,0,null,0,0,0
3812,0,null,0,0,0
3813,0,null,0,0,0
3814,0,null,0,0,0
3815,0,null,0,0,0
3816,1757,e+,1,1,1
3817,11,pi-,1,0,0
3818,0,null,0,0,0
3819,0,null,0,0,0
3820,0,null,0,0,0
3821,0,null,0,0,0
3822,0,null,0,0,0
3823,0,null,0,0,0
3824,0,null,0,0,0
3825,0,null,0,0,0
3826,0,null,0,0,0
3827,0,null,0,0,0
3828,0,null,0,0,0
3829,2670,e-,1,1,1
3830,0,null,0,0,0
3831,0,null,0,0,0
3832,0,null,0,0,0
3833,0,null,0,0,0
3834,0,null,0,0,0
3835,0,null,0,0,0
3836,0,null,0,0,0
3837,0,null,0,0,0
3838,0,null,0,0,0
3839,0,null,0,0,0
3840,0,null,0,0,0
3841,0,null,0,0,0
3842,0,null,0,0,0
3843,0,null,0,0,0
3844,0,null,0,0,0
3845,0,null,0,0,0
3846,1,primary_proton,1,1,1
3847,0,null,0,0,0
3848,0,null,0,0,0
3849,0,null,0,0,0
3850,0,null,0,0,0
3851,0,null,0,0,0
3852,0,null,0,0,0
3853,0,null,0,0,0
3854,0,null,0,0,0
3855,0,null,0,0,0
3856,0,null,0,0,0
3857,0,null,0,0,0
3858,0,null,0,0,0
3859,0,null,0,0,0
3860,0,null,0,0,0
3861,0,null,0,0,0
3862,0,null,0,0,0
3863,0,null,0,0,0
3864,0,null,0,0,0
3865,0,null,0,0,0
3866,0,null,0,0,0
3867,0,null,0,0,0
3868,0,null,0,0,0
3869,0,null,0,0,0
3870,2,secondary_proton,1,1,1
3871,0,null,0,0,0
3872,0,null,0,0,0
3873,0,null,0,0,0
3874,0,null,0,0,0
3875,0,null,0,0,0
3876,0,null,0,0,0
3877,0,null,0,0,0
3878,0,null,0,0,0
3879,0,null,0,0,0
3880,0,null,0,0,0
3881,0,null,0,0,0
3882,12,secondary_proton,1,1,1
3883,6,pi-,1,1,1
3884,0,null,0,0,0
3885,0,null,0,0,0
3886,0,null,0,0,0
3887,0,null,0,0,0
3888,0,null,0,0,0
3889,19,pi+,1,1,1
3890,0,null,0,0,0
3891,0,null,0,0,0
3892,0,null,0,0,0
3893,0,null,0,0,0
3894,0,null,0,0,0
3895,0,null,0,0,0
3896,0,null,0,0,0
3897,0,null,0,0,0
3898,0,null,0,0,0
3899,0,null,0,0,0
3900,0,null,0,0,0
3901,0,null,0,0,0
3902,0,null,0,0,0
3903,0,null,0,0,0
3904,0,null,0,0,0
3905,0,null,0,0,0
3906,0,null,0,0,0
3907,0,null,0,0,0
3908,0,null,0,0,0
3909,0,null,0,0,0
3910,0,null,0,0,0
3911,0,null,0,0,0
3912,0,null,0,0,0
3913,0,null,0,0,0
3914,0,null,0,0,0
3915,0,null,0,0,0
3916,0,null,0,0,0
3917,0,null,0,0,0
3918,0,null,0,0,0
3919,1,primary_proton,1,1,1
3920,0,null,0,0,0
3921,0,null,0,0,0
3922,0,null,0,0,0
3923,0,null,0,0,0
3924,0,null,0,0,0
3925,0,null,0,0,0
3926,0,null,0,0,0
3927,0,null,0,0,0
3928,0,null,0,0,0
3929,0,null,0,0,0
3930,0,null,0,0,0
3931,0,null,0,0,0
3932,0,null,0,0,0
3933,0,null,0,0,0
3934,0,null,0,0,0
3935,0,null,0,0,0
3936,0,null,0,0,0
3937,0,null,0,0,0
3938,0,null,0,0,0
3939,0,null,0,0,0
3940,0,null,0,0,0
3941,5,secondary_proton,1,1,1
3942,7,secondary_proton,1,1,1
3943,0,null,0,0,0
3944,4,pi+,1,1,0
3945,0,null,0,0,0
3946,0,null,0,0,0
3947,205,pi-,1,1,1
3948,0,null,0,0,0
3949,0,null,0,0,0
3950,0,null,0,0,0
3951,0,null,0,0,0
3952,0,null,0,0,0
3953,0,null,0,0,0
3954,0,null,0,0,0
3955,1,primary_proton,1,1,1
3956,0,null,0,0,0
3957,0,null,0,0,0
3958,0,null,0,0,0
3959,0,null,0,0,0
3960,6,pi+,1,1,1
3961,0,null,0,0,0
3962,0,null,0,0,0
3963,0,null,0,0,0
3964,0,null,0,0,0
3965,0,null,0,0,0
3966,0,null,0,0,0
3967,1,primary_proton,1,1,1
3968,0,null,0,0,0
3969,0,null,0,0,0
3970,7,secondary_proton,1,1,1
3971,0,null,0,0,0
3972,1,primary_proton,1,1,1
3973,0,null,0,0,0
3974,0,null,0,0,0
3975,0,null,0,0,0
3976,0,null,0,0,0
3977,0,null,0,0,0
3978,1,primary_proton,1,1,1
3979,0,null,0,0,0
3980,0,null,0,0,0
3981,0,null,0,0,0
3982,0,null,0,0,0
3983,0,null,0,0,0
3984,0,null,0,0,0
3985,1,primary_proton,1,1,1
3986,0,null,0,0,0
3987,0,null,0,0,0
3988,7,pi-,1,1,1
3989,0,null,0,0,0
3990,0,null,0,0,0
3991,0,null,0,0,0
3992,0,null,0,0,0
3993,0,null,0,0,0
3994,0,null,0,0,0
3995,0,null,0,0,0
3996,0,null,0,0,0
3997,0,null,0,0,0
3998,0,null,0,0,0
3999,0,null,0,0,0
4000,0,null,0,0,0
4001,0,null,0,0,0
4002,0,null,0,0,0
4003,0,null,0,0,0
4004,0,null,0,0,0
4005,0,null,0,0,0
4006,0,null,0,0,0
4007,0,null,0,0,0
4008,0,null,0,0,0
4009,0,null,0,0,0
4010,0,null,0,0,0
4011,0,null,0,0,0
4012,0,null,0,0,0
4013,0,null,0,0,0
4014,0,null,0,0,0
4015,0,null,0,0,0
4016,0,null,0,0,0
4017,0,null,0,0,0
4018,0,null,0,0,0
4019,0,null,0,0,0
4020,0,null,0,0,0
4021,0,null,0,0,0
4022,0,null,0,0,0
4023,0,null,0,0,0
4024,0,null,0,0,0
4025,0,null,0,0,0
4026,0,null,0,0,0
4027,0,null,0,0,0
4028,0,null,0,0,0
4029,0,null,0,0,0
4031,0,null,0,0,0
4032,0,null,0,0,0
4033,0,null,0,0,0
4034,0,null,0,0,0
4035,0,null,0,0,0
4036,0,null,0,0,0
4037,0,null,0,0,0
4038,1198,e-,1,1,0
4039,0,null,0,0,0
4040,0,null,0,0,0
4041,0,null,0,0,0
4042,0,null,0,0,0
4043,0,null,0,0,0
4044,0,null,0,0,0
4045,0,null,0,0,0
4046,0,null,0,0,0
4047,0,null,0,0,0
4048,0,null,0,0,0
4049,0,null,0,0,0
4050,0,null,0,0,0
4051,0,null,0,0,0
4052,0,null,0,0,0
4053,1,primary_proton,1,1,1
4054,0,null,0,0,0
4055,0,null,0,0,0
4056,0,null,0,0,0
4057,0,null,0,0,0
4058,0,null,0,0,0
4059,14,pi-,1,1,1
4060,0,null,0,0,0
4061,0,null,0,0,0
4062,1,primary_proton,1,1,1
4063,1,primary_proton,1,1,1
4064,2,secondary_proton,1,1,1
4065,0,null,0,0,0
4066,0,null,0,0,0
4067,0,null,0,0,0
4068,4,secondary_proton,1,1,1
4069,0,null,0,0,0
4070,0,null,0,0,0
4071,0,null,0,0,0
4072,0,null,0,0,0
4073,0,null,0,0,0
4074,0,null,0,0,0
4075,0,null,0,0,0
4076,0,null,0,0,0
4077,0,null,0,0,0
4078,0,null,0,0,0
4079,0,null,0,0,0
4080,0,null,0,0,0
4081,0,null,0,0,0
4082,0,null,0,0,0
4083,0,null,0,0,0
4084,0,null,0,0,0
4085,0,null,0,0,0
4086,0,null,0,0,0
4087,0,null,0,0,0
4088,0,null,0,0,0
4089,0,null,0,0,0
4090,0,null,0,0,0
4091,0,null,0,0,0
4092,0,null,0,0,0
4093,0,null,0,0,0
4094,0,null,0,0,0
4095,13,secondary_proton,1,1,1
4096,0,null,0,0,0
4097,0,null,0,0,0
4098,0,null,0,0,0
4099,1,primary_proton,1,1,1
4100,0,null,0,0,0
4101,1,primary_proton,1,1,1
4102,0,null,0,0,0
4103,0,null,0,0,0
4104,0,null,0,0,0
4105,0,null,0,0,0
4106,0,null,0,0,0
4107,0,null,0,0,0
4108,0,null,0,0,0
4109,0,null,0,0,0
4110,1,primary_proton,1,1,1
4111,0,null,0,0,0
4112,0,null,0,0,0
4113,0,null,0,0,0
4114,0,null,0,0,0
4115,0,null,0,0,0
4116,0,null,0,0,0
4117,0,null,0,0,0
4118,0,null,0,0,0
4119,0,null,0,0,0
4120,0,null,0,0,0
4121,0,null,0,0,0
4122,0,null,0,0,0
4123,0,null,0,0,0
4124,0,null,0,0,0
4125,0,null,0,0,0
4126,0,null,0,0,0
4127,0,null,0,0,0
4128,0,null,0,0,0
4129,0,null,0,0,0
4130,0,null,0,0,0
4131,0,null,0,0,0
4132,0,null,0,0,0
4133,0,null,0,0,0
4134,0,null,0,0,0
4135,0,null,0,0,0
4136,0,null,0,0,0
4137,0,null,0,0,0
4138,0,null,0,0,0
4139,0,null,0,0,0
4140,0,null,0,0,0
4141,0,null,0,0,0
4142,0,null,0,0,0
4143,0,null,0,0,0
4144,0,null,0,0,0
4145,0,null,0,0,0
4146,0,null,0,0,0
4147,0,null,0,0,0
4148,0,null,0,0,0
4149,0,null,0,0,0
4150,0,null,0,0,0
4151,0,null,0,0,0
4152,0,null,0,0,0
4153,0,null,0,0,0
4154,0,null,0,0,0
4155,0,null,0,0,0
4156,0,null,0,0,0
4157,0,null,0,0,0
4158,0,null,0,0,0
4159,20,pi-,1,1,1
4160,0,null,0,0,0
4161,0,null,0,0,0
4162,0,null,0,0,0
4163,0,null,0,0,0
4164,0,null,0,0,0
4165,0,null,0,0,0
4166,0,null,0,0,0
4167,0,null,0,0,0
4168,11,pi+,1,1,1
4169,0,null,0,0,0
4170,0,null,0,0,0
4171,0,null,0,0,0
4172,0,null,0,0,0
4173,1,primary_proton,1,1,1
4174,0,null,0,0,0
4175,0,null,0,0,0
4176,0,null,0,0,0
4177,0,null,0,0,0
4178,1,primary_proton,1,1,1
4179,0,null,0,0,0
4180,0,null,0,0,0
4181,0,null,0,0,0
4182,0,null,0,0,0
4183,0,null,0,0,0
4184,0,null,0,0,0
4185,0,null,0,0,0
4186,0,null,0,0,0
4187,0,null,0,0,0
4188,9,secondary_proton,1,1,1
4189,0,null,0,0,0
4190,0,null,0,0,0
4191,0,null,0,0,0
4192,0,null,0,0,0
4193,0,null,0,0,0
4194,0,null,0,0,0
4195,0,null,0,0,0
4196,0,null,0,0,0
4197,0,null,0,0,0
4198,32,pi-,1,1,1
4199,0,null,0,0,0
4200,0,null,0,0,0
4201,0,null,0,0,0
4202,0,null,0,0,0
4203,0,null,0,0,0
4204,0,null,0,0,0
4205,0,null,0,0,0
4206,0,null,0,0,0
4207,0,null,0,0,0
4208,0,null,0,0,0
4209,0,null,0,0,0
4210,0,null,0,0,0
4211,0,null,0,0,0
4212,0,null,0,0,0
4213,0,null,0,0,0
4214,0,null,0,0,0
4215,0,null,0,0,0
4216,0,null,0,0,0
4217,0,null,0,0,0
4218,0,null,0,0,0
4219,0,null,0,0,0
4220,0,null,0,0,0
4221,0,null,0,0,0
4222,0,null,0,0,0
4223,0,null,0,0,0
4224,0,null,0,0,0
4225,0,null,0,0,0
4226,0,null,0,0,0
4227,1,primary_proton,1,1,1
4228,0,null,0,0,0
4229,0,null,0,0,0
4230,0,null,0,0,0
4231,0,null,0,0,0
4232,0,null,0,0,0
4233,0,null,0,0,0
4234,0,null,0,0,0
4235,0,null,0,0,0
4236,0,null,0,0,0
4237,0,null,0,0,0
4238,0,null,0,0,0
4239,0,null,0,0,0
4240,11,secondary_proton,1,1,1
4241,0,null,0,0,0
4242,0,null,0,0,0
4243,0,null,0,0,0
4244,0,null,0,0,0
4245,0,null,0,0,0
4246,0,null,0,0,0
4247,0,null,0,0,0
4248,0,null,0,0,0
4250,0,null,0,0,0
4251,0,null,0,0,0
4252,0,null,0,0,0
4253,0,null,0,0,0
4254,0,null,0,0,0
4255,1,primary_proton,1,1,1
4256,0,null,0,0,0
4257,0,null,0,0,0
4258,0,null,0,0,0
4259,0,null,0,0,0
4260,0,null,0,0,0
4261,0,null,0,0,0
4262,0,null,0,0,0
4263,0,null,0,0,0
4264,0,null,0,0,0
4265,0,null,0,0,0
4266,0,null,0,0,0
4267,0,null,0,0,0
4268,0,null,0,0,0
4269,0,null,0,0,0
4270,0,null,0,0,0
4271,0,null,0,0,0
4272,0,null,0,0,0
4273,0,null,0,0,0
4274,0,null,0,0,0
4275,0,null,0,0,0
4276,0,null,0,0,0
4277,0,null,0,0,0
4278,0,null,0,0,0
4279,3,secondary_proton,1,1,0
4280,1,primary_proton,1,1,1
4281,0,null,0,0,0
4282,0,null,0,0,0
4283,35,pi-,1,1,1
4284,0,null,0,0,0
4285,0,null,0,0,0
4286,0,null,0,0,0
4287,0,null,0,0,0
4288,0,null,0,0,0
4289,0,null,0,0,0
4290,0,null,0,0,0
4291,0,null,0,0,0
4292,0,null,0,0,0
4293,0,null,0,0,0
4294,0,null,0,0,0
4295,0,null,0,0,0
4296,0,null,0,0,0
4297,0,null,0,0,0
4298,0,null,0,0,0
4299,0,null,0,0,0
4300,0,null,0,0,0
4301,0,null,0,0,0
4302,0,null,0,0,0
4303,0,null,0,0,0
4304,0,null,0,0,0
4305,0,null,0,0,0
4306,0,null,0,0,0
4307,0,null,0,0,0
4308,0,null,0,0,0
4309,50,pi-,1,1,1
4310,0,null,0,0,0
4311,0,null,0,0,0
4312,0,null,0,0,0
4313,0,null,0,0,0
4314,0,null,0,0,0
4315,0,null,0,0,0
4316,0,null,0,0,0
4317,0,null,0,0,0
4318,0,null,0,0,0
4319,0,null,0,0,0
4320,0,null,0,0,0
4321,0,null,0,0,0
4322,0,null,0,0,0
4323,0,null,0,0,0
4324,1,primary_proton,1,1,1
4325,0,null,0,0,0
4326,0,null,0,0,0
4327,0,null,0,0,0
4328,0,null,0,0,0
4329,0,null,0,0,0
4330,0,null,0,0,0
4331,0,null,0,0,0
4332,0,null,0,0,0
4333,0,null,0,0,0
4334,0,null,0,0,0
4335,0,null,0,0,0
4336,0,null,0,0,0
4337,0,null,0,0,0
4338,0,null,0,0,0
4339,0,null,0,0,0
4340,0,null,0,0,0
4341,0,null,0,0,0
4342,7,pi-,1,1,1
4343,0,null,0,0,0
4344,0,null,0,0,0
4345,0,null,0,0,0
4346,0,null,0,0,0
4347,0,null,0,0,0
4348,0,null,0,0,0
4349,0,null,0,0,0
4350,0,null,0,0,0
4351,0,null,0,0,0
4352,0,null,0,0,0
4353,0,null,0,0,0
4354,0,null,0,0,0
4355,0,null,0,0,0
4356,0,null,0,0,0
4357,0,null,0,0,0
4358,0,null,0,0,0
4359,0,null,0,0,0
4360,0,null,0,0,0
4361,0,null,0,0,0
4362,0,null,0,0,0
4363,0,null,0,0,0
4364,0,null,0,0,0
4365,0,null,0,0,0
4366,0,null,0,0,0
4367,0,null,0,0,0
4368,305,pi-,1,1,0
4369,0,null,0,0,0
4370,0,null,0,0,0
4371,0,null,0,0,0
4372,0,null,0,0,0
4373,0,null,0,0,0
4374,0,null,0,0,0
4375,0,null,0,0,0
4376,0,null,0,0,0
4377,0,null,0,0,0
4378,13,pi-,1,1,1
4379,0,null,0,0,0
4380,0,null,0,0,0
4381,0,null,0,0,0
4382,0,null,0,0,0
4383,0,null,0,0,0
4384,0,null,0,0,0
4385,0,null,0,0,0
4386,0,null,0,0,0
4387,0,null,0,0,0
4388,0,null,0,0,0
4389,0,null,0,0,0
4390,0,null,0,0,0
4391,0,null,0,0,0
4392,0,null,0,0,0
4393,0,null,0,0,0
4394,0,null,0,0,0
4395,0,null,0,0,0
4396,0,null,0,0,0
4397,0,null,0,0,0
4398,0,null,0,0,0
4399,0,null,0,0,0
4400,0,null,0,0,0
4401,0,null,0,0,0
4402,0,null,0,0,0
4403,1425,e-,1,0,0
4404,0,null,0,0,0
4405,0,null,0,0,0
4406,0,null,0,0,0
4407,0,null,0,0,0
4408,0,null,0,0,0
4409,0,null,0,0,0
4410,0,null,0,0,0
4411,0,null,0,0,0
4412,0,null,0,0,0
4413,0,null,0,0,0
4414,1,primary_proton,1,1,1
4415,0,null,0,0,0
4416,11435,e-,1,0,0
4417,0,null,0,0,0
4418,0,null,0,0,0
4419,0,null,0,0,0
4420,1,primary_proton,1,1,1
4421,0,null,0,0,0
4422,0,null,0,0,0
4423,0,null,0,0,0
4424,0,null,0,0,0
4425,0,null,0,0,0
4426,0,null,0,0,0
4427,0,null,0,0,0
4428,0,null,0,0,0
4429,0,null,0,0,0
4430,0,null,0,0,0
4431,0,null,0,0,0
4432,0,null,0,0,0
4433,0,null,0,0,0
4434,0,null,0,0,0
4435,0,null,0,0,0
4436,0,null,0,0,0
4437,8,kaon+,1,1,1
4438,0,null,0,0,0
4439,0,null,0,0,0
4440,0,null,0,0,0
4441,0,null,0,0,0
4442,0,null,0,0,0
4443,0,null,0,0,0
4444,0,null,0,0,0
4445,0,null,0,0,0
4446,0,null,0,0,0
4447,0,null,0,0,0
4448,0,null,0,0,0
4449,0,null,0,0,0
4450,0,null,0,0,0
4451,0,null,0,0,0
4452,0,null,0,0,0
4453,0,null,0,0,0
4454,0,null,0,0,0
4455,0,null,0,0,0
4456,0,null,0,0,0
4457,1,primary_proton,1,1,1
4458,0,null,0,0,0
4459,0,null,0,0,0
4460,0,null,0,0,0
4461,0,null,0,0,0
4462,0,null,0,0,0
4463,0,null,0,0,0
4464,0,null,0,0,0
4465,22,pi+,1,1,1
4466,0,null,0,0,0
4467,0,null,0,0,0
4468,0,null,0,0,0
4469,0,null,0,0,0
4470,0,null,0,0,0
4472,0,null,0,0,0
4473,0,null,0,0,0
4474,0,null,0,0,0
4475,316,e-,1,1,1
4476,0,null,0,0,0
4477,0,null,0,0,0
4478,0,null,0,0,0
4479,0,null,0,0,0
4480,0,null,0,0,0
4481,0,null,0,0,0
4482,0,null,0,0,0
4483,0,null,0,0,0
4484,0,null,0,0,0
4485,0,null,0,0,0
4486,0,null,0,0,0
4487,0,null,0,0,0
4488,0,null,0,0,0
4489,1,primary_proton,1,1,1
4490,0,null,0,0,0
4491,0,null,0,0,0
4492,0,null,0,0,0
4493,0,null,0,0,0
4494,0,null,0,0,0
4495,0,null,0,0,0
4496,0,null,0,0,0
4497,0,null,0,0,0
4498,0,null,0,0,0
4499,0,null,0,0,0
4500,0,null,0,0,0
4501,0,null,0,0,0
4502,1,primary_proton,1,1,1
4503,0,null,0,0,0
4504,706,pi-,1,0,0
4505,0,null,0,0,0
4506,0,null,0,0,0
4507,0,null,0,0,0
4508,0,null,0,0,0
4509,0,null,0,0,0
4510,7,pi+,1,0,0
4511,0,null,0,0,0
4512,0,null,0,0,0
4513,0,null,0,0,0
4514,0,null,0,0,0
4515,0,null,0,0,0
4516,0,null,0,0,0
4517,0,null,0,0,0
4518,0,null,0,0,0
4519,0,null,0,0,0
4520,0,null,0,0,0
4521,0,null,0,0,0
4522,0,null,0,0,0
4523,0,null,0,0,0
4524,0,null,0,0,0
4525,0,null,0,0,0
4526,0,null,0,0,0
4527,0,null,0,0,0
4528,9,pi+,1,1,0
4529,0,null,0,0,0
4530,0,null,0,0,0
4531,0,null,0,0,0
4532,0,null,0,0,0
4533,0,null,0,0,0
4534,0,null,0,0,0
4535,0,null,0,0,0
4536,0,null,0,0,0
4537,0,null,0,0,0
4538,0,null,0,0,0
4539,0,null,0,0,0
4540,0,null,0,0,0
4541,0,null,0,0,0
4542,0,null,0,0,0
4543,0,null,0,0,0
4544,0,null,0,0,0
4545,0,null,0,0,0
4546,0,null,0,0,0
4547,0,null,0,0,0
4548,0,null,0,0,0
4549,0,null,0,0,0
4550,0,null,0,0,0
4551,0,null,0,0,0
4552,0,null,0,0,0
4553,0,null,0,0,0
4554,0,null,0,0,0
4555,12,pi+,1,1,1
4556,0,null,0,0,0
4557,0,null,0,0,0
4558,0,null,0,0,0
4559,24,secondary_proton,1,1,0
4560,0,null,0,0,0
4561,1,primary_proton,1,1,1
4562,0,null,0,0,0
4563,0,null,0,0,0
4564,0,null,0,0,0
4565,0,null,0,0,0
4566,0,null,0,0,0
4567,0,null,0,0,0
4568,0,null,0,0,0
4569,0,null,0,0,0
4570,0,null,0,0,0
4571,0,null,0,0,0
4572,0,null,0,0,0
4573,0,null,0,0,0
4574,0,null,0,0,0
4575,0,null,0,0,0
4576,0,null,0,0,0
4577,0,null,0,0,0
4578,0,null,0,0,0
4579,9,secondary_proton,1,1,1
4580,0,null,0,0,0
4581,0,null,0,0,0
4582,0,null,0,0,0
4583,0,null,0,0,0
4584,0,null,0,0,0
4585,0,null,0,0,0
4586,0,null,0,0,0
4587,0,null,0,0,0
4588,0,null,0,0,0
4589,0,null,0,0,0
4590,0,null,0,0,0
4591,0,null,0,0,0
4592,0,null,0,0,0
4593,0,null,0,0,0
4594,0,null,0,0,0
4595,0,null,0,0,0
4596,0,null,0,0,0
4597,0,null,0,0,0
4598,0,null,0,0,0
4599,0,null,0,0,0
4600,0,null,0,0,0
4601,0,null,0,0,0
4602,0,null,0,0,0
4603,0,null,0,0,0
4604,0,null,0,0,0
4605,0,null,0,0,0
4606,0,null,0,0,0
4607,0,null,0,0,0
4608,0,null,0,0,0
4609,0,null,0,0,0
4610,0,null,0,0,0
4611,0,null,0,0,0
4612,0,null,0,0,0
4613,0,null,0,0,0
4614,0,null,0,0,0
4615,0,null,0,0,0
4616,0,null,0,0,0
4617,0,null,0,0,0
4618,1,primary_proton,1,1,1
4619,0,null,0,0,0
4620,0,null,0,0,0
4621,0,null,0,0,0
4622,1,primary_proton,1,1,1
4623,0,null,0,0,0
4624,0,null,0,0,0
4625,0,null,0,0,0
4626,0,null,0,0,0
4627,0,null,0,0,0
4628,0,null,0,0,0
4629,0,null,0,0,0
4630,0,null,0,0,0
4631,0,null,0,0,0
4632,0,null,0,0,0
4633,0,null,0,0,0
4634,0,null,0,0,0
4635,0,null,0,0,0
4636,0,null,0,0,0
4637,0,null,0,0,0
4638,0,null,0,0,0
4639,0,null,0,0,0
4640,0,null,0,0,0
4641,0,null,0,0,0
4642,0,null,0,0,0
4643,0,null,0,0,0
4644,1,primary_proton,1,1,1
4645,0,null,0,0,0
4646,0,null,0,0,0
4647,0,null,0,0,0
4648,0,null,0,0,0
4649,0,null,0,0,0
4650,0,null,0,0,0
4651,0,null,0,0,0
4652,0,null,0,0,0
4653,0,null,0,0,0
4654,7,pi+,1,1,1
4655,0,null,0,0,0
4656,0,null,0,0,0
4657,0,null,0,0,0
4658,0,null,0,0,0
4659,0,null,0,0,0
4660,0,null,0,0,0
4661,0,null,0,0,0
4662,0,null,0,0,0
4663,0,null,0,0,0
4664,0,null,0,0,0
4665,10,secondary_proton,1,1,0
4666,0,null,0,0,0
4667,0,null,0,0,0
4668,3,secondary_proton,1,1,1
4669,0,null,0,0,0
4670,0,null,0,0,0
4671,0,null,0,0,0
4672,0,null,0,0,0
4673,0,null,0,0,0
4674,0,null,0,0,0
4675,0,null,0,0,0
4676,0,null,0,0,0
4677,0,null,0,0,0
4678,0,null,0,0,0
4679,0,null,0,0,0
4680,0,null,0,0,0
4681,0,null,0,0,0
4682,3091,secondary_proton,1,1,0
4683,0,null,0,0,0
4684,0,null,0,0,0
4685,0,null,0,0,0
4686,0,null,0,0,0
4687,0,null,0,0,0
4688,0,null,0,0,0
4689,0,null,0,0,0
4690,0,null,0,0,0
4691,0,null,0,0,0
4693,0,null,0,0,0
4694,0,null,0,0,0
4695,0,null,0,0,0
4696,0,null,0,0,0
4697,0,null,0,0,0
4698,0,null,0,0,0
4699,0,null,0,0,0
4700,0,null,0,0,0
4701,0,null,0,0,0
4702,0,null,0,0,0
4703,0,null,0,0,0
4704,0,null,0,0,0
4705,5,secondary_proton,1,1,1
4706,0,null,0,0,0
4707,13,pi-,1,1,1
4708,0,null,0,0,0
4709,0,null,0,0,0
4710,0,null,0,0,0
4711,0,null,0,0,0
4712,0,null,0,0,0
4713,8,pi-,1,1,1
4714,0,null,0,0,0
4715,0,null,0,0,0
4716,0,null,0,0,0
4717,0,null,0,0,0
4718,0,null,0,0,0
4719,0,null,0,0,0
4720,0,null,0,0,0
4721,0,null,0,0,0
4722,0,null,0,0,0
4723,0,null,0,0,0
4724,0,null,0,0,0
4725,0,null,0,0,0
4726,2471,pi+,1,1,1
4727,0,null,0,0,0
4728,0,null,0,0,0
4729,0,null,0,0,0
4730,0,null,0,0,0
4731,0,null,0,0,0
4732,0,null,0,0,0
4733,0,null,0,0,0
4734,0,null,0,0,0
4735,1,primary_proton,1,1,1
4736,0,null,0,0,0
4737,0,null,0,0,0
4738,0,null,0,0,0
4739,0,null,0,0,0
4740,0,null,0,0,0
4741,0,null,0,0,0
4742,0,null,0,0,0
4743,0,null,0,0,0
4744,0,null,0,0,0
4745,0,null,0,0,0
4746,0,null,0,0,0
4747,0,null,0,0,0
4748,0,null,0,0,0
4749,0,null,0,0,0
4750,3079,e-,1,1,1
4751,0,null,0,0,0
4752,0,null,0,0,0
4753,0,null,0,0,0
4754,0,null,0,0,0
4755,0,null,0,0,0
4756,0,null,0,0,0
4757,1,primary_proton,1,1,1
4758,632,e-,1,1,1
4759,0,null,0,0,0
4760,0,null,0,0,0
4761,0,null,0,0,0
4762,0,null,0,0,0
4763,0,null,0,0,0
4764,0,null,0,0,0
4765,0,null,0,0,0
4766,0,null,0,0,0
4767,0,null,0,0,0
4768,0,null,0,0,0
4769,0,null,0,0,0
4770,0,null,0,0,0
4771,0,null,0,0,0
4772,0,null,0,0,0
4773,0,null,0,0,0
4774,0,null,0,0,0
4775,1,primary_proton,1,1,1
4776,0,null,0,0,0
4777,0,null,0,0,0
4778,4,kaon+,1,0,0
4779,0,null,0,0,0
4780,0,null,0,0,0
4781,0,null,0,0,0
4782,0,null,0,0,0
4783,10,pi-,1,1,1
4784,0,null,0,0,0
4785,0,null,0,0,0
4786,0,null,0,0,0
4787,0,null,0,0,0
4788,0,null,0,0,0
4789,0,null,0,0,0
4790,0,null,0,0,0
4791,1,primary_proton,1,1,1
4792,0,null,0,0,0
4793,0,null,0,0,0
4794,0,null,0,0,0
4795,0,null,0,0,0
4796,0,null,0,0,0
4797,0,null,0,0,0
4798,0,null,0,0,0
4799,0,null,0,0,0
4800,0,null,0,0,0
4801,0,null,0,0,0
4802,0,null,0,0,0
4803,0,null,0,0,0
4804,0,null,0,0,0
4805,0,null,0,0,0
4806,0,null,0,0,0
4807,0,null,0,0,0
4808,0,null,0,0,0
4809,0,null,0,0,0
4810,0,null,0,0,0
4811,0,null,0,0,0
4812,0,null,0,0,0
4813,0,null,0,0,0
4814,0,null,0,0,0
4815,2859,e-,1,1,0
4816,0,null,0,0,0
4817,0,null,0,0,0
4818,0,null,0,0,0
4819,0,null,0,0,0
4820,0,null,0,0,0
4821,0,null,0,0,0
4822,0,null,0,0,0
4823,0,null,0,0,0
4824,0,null,0,0,0
4825,0,null,0,0,0
4826,6,sigma+,1,1,1
4827,1,primary_proton,1,1,1
4828,0,null,0,0,0
4829,0,null,0,0,0
4830,0,null,0,0,0
4831,0,null,0,0,0
4832,0,null,0,0,0
4833,0,null,0,0,0
4834,0,null,0,0,0
4835,0,null,0,0,0
4836,0,null,0,0,0
4837,0,null,0,0,0
4838,0,null,0,0,0
4839,0,null,0,0,0
4840,0,null,0,0,0
4841,0,null,0,0,0
4842,0,null,0,0,0
4843,0,null,0,0,0
4844,0,null,0,0,0
4845,0,null,0,0,0
4846,0,null,0,0,0
4847,0,null,0,0,0
4848,1,primary_proton,1,1,1
4849,0,null,0,0,0
4850,0,null,0,0,0
4851,0,null,0,0,0
4852,0,null,0,0,0
4853,0,null,0,0,0
4854,0,null,0,0,0
4855,0,null,0,0,0
4856,0,null,0,0,0
4857,0,null,0,0,0
4858,0,null,0,0,0
4859,0,null,0,0,0
4860,0,null,0,0,0
4861,0,null,0,0,0
4862,0,null,0,0,0
4863,0,null,0,0,0
4864,0,null,0,0,0
4865,0,null,0,0,0
4866,0,null,0,0,0
4867,0,null,0,0,0
4868,0,null,0,0,0
4869,0,null,0,0,0
4870,0,null,0,0,0
4871,0,null,0,0,0
4872,0,null,0,0,0
4873,0,null,0,0,0
4874,0,null,0,0,0
4875,0,null,0,0,0
4876,0,null,0,0,0
4877,0,null,0,0,0
4878,0,null,0,0,0
4879,0,null,0,0,0
4880,0,null,0,0,0
4881,0,null,0,0,0
4882,0,null,0,0,0
4883,0,null,0,0,0
4884,0,null,0,0,0
4885,0,null,0,0,0
4886,1,primary_proton,1,1,1
4887,0,null,0,0,0
4888,0,null,0,0,0
4889,0,null,0,0,0
4890,0,null,0,0,0
4891,0,null,0,0,0
4892,0,null,0,0,0
4893,0,null,0,0,0
4894,0,null,0,0,0
4895,0,null,0,0,0
4896,0,null,0,0,0
4897,0,null,0,0,0
4898,0,null,0,0,0
4899,0,null,0,0,0
4900,0,null,0,0,0
4901,0,null,0,0,0
4902,0,null,0,0,0
4903,19,pi-,1,1,1
4904,0,null,0,0,0
4905,0,null,0,0,0
4906,0,null,0,0,0
4907,0,null,0,0,0
4908,0,null,0,0,0
4909,0,null,0,0,0
4910,0,null,0,0,0
4911,1,primary_proton,1,1,1
4912,0,null,0,0,0
4913,0,null,0,0,0
4915,0,null,0,0,0
4916,0,null,0,0,0
4917,1,primary_proton,1,1,1
4918,0,null,0,0,0
4919,0,null,0,0,0
4920,0,null,0,0,0
4921,0,null,0,0,0
4922,0,null,0,0,0
4923,0,null,0,0,0
4924,0,null,0,0,0
4925,0,null,0,0,0
4926,0,null,0,0,0
4927,0,null,0,0,0
4928,0,null,0,0,0
4929,0,null,0,0,0
4930,1,primary_proton,1,1,1
4931,0,null,0,0,0
4932,0,null,0,0,0
4933,0,null,0,0,0
4934,0,null,0,0,0
4935,0,null,0,0,0
4936,0,null,0,0,0
4937,0,null,0,0,0
4938,0,null,0,0,0
4939,0,null,0,0,0
4940,0,null,0,0,0
4941,0,null,0,0,0
4942,0,null,0,0,0
4943,0,null,0,0,0
4944,0,null,0,0,0
4945,0,null,0,0,0
4946,11,pi+,1,1,1
4947,0,null,0,0,0
4948,0,null,0,0,0
4949,0,null,0,0,0
4950,0,null,0,0,0
4951,0,null,0,0,0
4952,0,null,0,0,0
4953,0,null,0,0,0
4954,16,secondary_proton,1,1,1
4955,0,null,0,0,0
4956,0,null,0,0,0
4957,0,null,0,0,0
4958,445,secondary_proton,1,1,1
4959,0,null,0,0,0
4960,0,null,0,0,0
4961,0,null,0,0,0
4962,0,null,0,0,0
4963,0,null,0,0,0
4964,0,null,0,0,0
4965,0,null,0,0,0
4966,0,null,0,0,0
4967,0,null,0,0,0
4968,0,null,0,0,0
4969,0,null,0,0,0
4970,0,null,0,0,0
4971,21,kaon+,1,1,1
4972,0,null,0,0,0
4973,6,secondary_proton,1,1,1
4974,0,null,0,0,0
4975,0,null,0,0,0
4976,0,null,0,0,0
4977,0,null,0,0,0
4978,12,pi+,1,1,1
4979,1,primary_proton,1,1,1
4980,0,null,0,0,0
4981,0,null,0,0,0
4982,0,null,0,0,0
4983,0,null,0,0,0
4984,1,primary_proton,1,1,1
4985,0,null,0,0,0
4986,0,null,0,0,0
4987,0,null,0,0,0
4988,0,null,0,0,0
4989,0,null,0,0,0
4990,0,null,0,0,0
4991,0,null,0,0,0
4992,0,null,0,0,0
4993,0,null,0,0,0
4994,0,null,0,0,0
4995,0,null,0,0,0
4996,7,secondary_proton,1,1,1
4997,0,null,0,0,0
4998,0,null,0,0,0
4999,0,null,0,0,0
1,0,null,0,0,0
2,0,null,0,0,0
3,0,null,0,0,0
4,0,null,0,0,0
5,0,null,0,0,0
6,0,null,0,0,0
7,0,null,0,0,0
8,0,null,0,0,0
9,0,null,0,0,0
10,0,null,0,0,0
11,0,null,0,0,0
12,0,null,0,0,0
13,0,null,0,0,0
14,0,null,0,0,0
15,0,null,0,0,0
16,0,null,0,0,0
17,0,null,0,0,0
18,0,null,0,0,0
19,0,null,0,0,0
20,0,null,0,0,0
21,0,null,0,0,0
22,0,null,0,0,0
23,0,null,0,0,0
24,0,null,0,0,0
25,0,null,0,0,0
26,0,null,0,0,0
27,0,null,0,0,0
28,0,null,0,0,0
29,0,null,0,0,0
30,0,null,0,0,0
31,0,null,0,0,0
32,0,null,0,0,0
33,0,null,0,0,0
34,0,null,0,0,0
35,0,null,0,0,0
36,0,null,0,0,0
37,0,null,0,0,0
38,0,null,0,0,0
39,0,null,0,0,0
40,0,null,0,0,0
41,0,null,0,0,0
42,0,null,0,0,0
43,0,null,0,0,0
44,0,null,0,0,0
45,0,null,0,0,0
46,0,null,0,0,0
47,0,null,0,0,0
48,0,null,0,0,0
49,0,null,0,0,0
50,0,null,0,0,0
51,0,null,0,0,0
52,0,null,0,0,0
53,0,null,0,0,0
54,0,null,0,0,0
55,0,null,0,0,0
56,0,null,0,0,0
57,0,null,0,0,0
58,0,null,0,0,0
59,0,null,0,0,0
60,0,null,0,0,0
61,0,null,0,0,0
62,0,null,0,0,0
63,0,null,0,0,0
64,0,null,0,0,0
65,0,null,0,0,0
66,0,null,0,0,0
67,0,null,0,0,0
68,0,null,0,0,0
69,0,null,0,0,0
70,0,null,0,0,0
71,3166,e-,1,1,1
72,0,null,0,0,0
73,0,null,0,0,0
74,0,null,0,0,0
75,0,null,0,0,0
76,0,null,0,0,0
77,0,null,0,0,0
78,0,null,0,0,0
79,0,null,0,0,0
80,0,null,0,0,0
81,0,null,0,0,0
82,0,null,0,0,0
83,0,null,0,0,0
84,0,null,0,0,0
85,0,null,0,0,0
86,0,null,0,0,0
87,0,null,0,0,0
88,4219,e-,0,1,0
89,0,null,0,0,0
90,0,null,0,0,0
91,0,null,0,0,0
92,0,null,0,0,0
93,0,null,0,0,0
94,0,null,0,0,0
95,0,null,0,0,0
96,0,null,0,0,0
97,0,null,0,0,0
98,0,null,0,0,0
99,0,null,0,0,0
100,0,null,0,0,0
101,0,null,0,0,0
102,0,null,0,0,0
103,0,null,0,0,0
104,0,null,0,0,0
105,0,null,0,0,0
106,0,null,0,0,0
107,0,null,0,0,0
108,0,null,0,0,0
109,0,null,0,0,0
110,0,null,0,0,0
111,4,secondary_proton,1,1,1
112,0,null,0,0,0
113,0,null,0,0,0
114,0,null,0,0,0
115,0,null,0,0,0
116,0,null,0,0,0
117,0,null,0,0,0
118,0,null,0,0,0
119,0,null,0,0,0
120,0,null,0,0,0
121,0,null,0,0,0
122,0,null,0,0,0
123,0,null,0,0,0
124,0,null,0,0,0
125,0,null,0,0,0
126,0,null,0,0,0
127,0,null,0,0,0
128,0,null,0,0,0
129,0,null,0,0,0
130,0,null,0,0,0
131,0,null,0,0,0
132,0,null,0,0,0
133,4,secondary_proton,1,1,1
134,0,null,0,0,0
135,5,pi-,1,1,1
136,0,null,0,0,0
137,9,pi+,1,1,1
138,0,null,0,0,0
139,0,null,0,0,0
140,0,null,0,0,0
141,0,null,0,0,0
142,0,null,0,0,0
143,0,null,0,0,0
144,0,null,0,0,0
145,0,null,0,0,0
146,0,null,0,0,0
147,0,null,0,0,0
148,0,null,0,0,0
149,0,null,0,0,0
150,0,null,0,0,0
151,0,null,0,0,0
152,0,null,0,0,0
153,0,null,0,0,0
154,0,null,0,0,0
155,0,null,0,0,0
156,0,null,0,0,0
157,0,null,0,0,0
158,0,null,0,0,0
159,0,null,0,0,0
160,0,null,0,0,0
161,0,null,0,0,0
162,0,null,0,0,0
163,1,primary_proton,1,1,1
164,0,null,0,0,0
165,0,null,0,0,0
166,0,null,0,0,0
167,0,null,0,0,0
168,9,pi+,1,1,1
169,0,null,0,0,0
170,0,null,0,0,0
171,0,null,0,0,0
172,1,primary_proton,1,1,1
173,0,null,0,0,0
174,0,null,0,0,0
175,0,null,0,0,0
176,0,null,0,0,0
177,0,null,0,0,0
178,0,null,0,0,0
179,0,null,0,0,0
180,0,null,0,0,0
181,0,null,0,0,0
182,7,pi+,1,1,1
183,0,null,0,0,0
184,0,null,0,0,0
185,0,null,0,0,0
186,0,null,0,0,0
187,1,primary_proton,1,0,0
188,0,null,0,0,0
189,10,pi+,1,1,1
190,0,null,0,0,0
191,0,null,0,0,0
192,0,null,0,0,0
193,0,null,0,0,0
194,0,null,0,0,0
195,0,null,0,0,0
196,0,null,0,0,0
197,0,null,0,0,0
198,0,null,0,0,0
199,12,pi+,1,1,1
200,0,null,0,0,0
201,0,null,0,0,0
202,0,null,0,0,0
203,0,null,0,0,0
204,0,null,0,0,0
205,0,null,0,0,0
206,7,pi+,1,1,1
207,0,null,0,0,0
208,0,null,0,0,0
209,0,null,0,0,0
210,0,null,0,0,0
211,0,null,0,0,0
212,0,null,0,0,0
213,0,null,0,0,0
214,0,null,0,0,0
215,19,pi-,1,1,1
216,0,null,0,0,0
217,0,null,0,0,0
218,0,null,0,0,0
219,0,null,0,0,0
220,0,null,0,0,0
221,0,null,0,0,0
222,0,null,0,0,0
223,0,null,0,0,0
224,0,null,0,0,0
225,0,null,0,0,0
226,0,null,0,0,0
227,0,null,0,0,0
228,0,null,0,0,0
229,0,null,0,0,0
230,0,null,0,0,0
231,0,null,0,0,0
232,0,null,0,0,0
233,0,null,0,0,0
234,0,null,0,0,0
235,0,null,0,0,0
236,0,null,0,0,0
237,0,null,0,0,0
238,0,null,0,0,0
239,0,null,0,0,0
240,0,null,0,0,0
241,0,null,0,0,0
242,0,null,0,0,0
243,0,null,0,0,0
245,0,null,0,0,0
246,0,null,0,0,0
247,0,null,0,0,0
248,0,null,0,0,0
249,1779,e+,1,1,1
250,0,null,0,0,0
251,0,null,0,0,0
252,0,null,0,0,0
253,0,null,0,0,0
254,0,null,0,0,0
255,0,null,0,0,0
256,0,null,0,0,0
257,0,null,0,0,0
258,0,null,0,0,0
259,0,null,0,0,0
260,0,null,0,0,0
261,0,null,0,0,0
262,0,null,0,0,0
263,0,null,0,0,0
264,0,null,0,0,0
265,0,null,0,0,0
266,0,null,0,0,0
267,0,null,0,0,0
268,0,null,0,0,0
269,0,null,0,0,0
270,7,pi+,1,1,0
271,0,null,0,0,0
272,0,null,0,0,0
273,0,null,0,0,0
274,0,null,0,0,0
275,0,null,0,0,0
276,0,null,0,0,0
277,0,null,0,0,0
278,0,null,0,0,0
279,0,null,0,0,0
280,0,null,0,0,0
281,0,null,0,0,0
282,0,null,0,0,0
283,0,null,0,0,0
284,0,null,0,0,0
285,0,null,0,0,0
286,0,null,0,0,0
287,7,secondary_proton,1,1,1
288,0,null,0,0,0
289,0,null,0,0,0
290,0,null,0,0,0
291,0,null,0,0,0
292,0,null,0,0,0
293,0,null,0,0,0
294,0,null,0,0,0
295,0,null,0,0,0
296,0,null,0,0,0
297,0,null,0,0,0
298,0,null,0,0,0
299,0,null,0,0,0
300,0,null,0,0,0
301,0,null,0,0,0
302,0,null,0,0,0
303,0,null,0,0,0
304,0,null,0,0,0
305,0,null,0,0,0
306,0,null,0,0,0
307,0,null,0,0,0
308,0,null,0,0,0
309,0,null,0,0,0
310,0,null,0,0,0
311,0,null,0,0,0
312,0,null,0,0,0
313,0,null,0,0,0
314,0,null,0,0,0
315,0,null,0,0,0
316,0,null,0,0,0
317,0,null,0,0,0
318,0,null,0,0,0
319,0,null,0,0,0
320,0,null,0,0,0
321,0,null,0,0,0
322,0,null,0,0,0
323,0,null,0,0,0
324,0,null,0,0,0
325,0,null,0,0,0
326,0,null,0,0,0
327,0,null,0,0,0
328,0,null,0,0,0
329,0,null,0,0,0
330,0,null,0,0,0
331,4745,e-,1,0,0
332,0,null,0,0,0
333,0,null,0,0,0
334,0,null,0,0,0
335,0,null,0,0,0
336,0,null,0,0,0
337,0,null,0,0,0
338,0,null,0,0,0
339,1,primary_proton,1,1,1
340,7,pi-,1,1,1
341,0,null,0,0,0
342,0,null,0,0,0
343,0,null,0,0,0
344,0,null,0,0,0
345,0,null,0,0,0
346,0,null,0,0,0
347,0,null,0,0,0
348,0,null,0,0,0
349,0,null,0,0,0
350,0,null,0,0,0
351,0,null,0,0,0
352,0,null,0,0,0
353,0,null,0,0,0
354,0,null,0,0,0
355,0,null,0,0,0
356,0,null,0,0,0
357,0,null,0,0,0
358,0,null,0,0,0
359,0,null,0,0,0
360,0,null,0,0,0
361,0,null,0,0,0
362,0,null,0,0,0
363,0,null,0,0,0
364,3941,secondary_proton,1,1,1
365,0,null,0,0,0
366,0,null,0,0,0
367,0,null,0,0,0
368,0,null,0,0,0
369,0,null,0,0,0
370,1,primary_proton,1,1,1
371,0,null,0,0,0
372,0,null,0,0,0
373,0,null,0,0,0
374,0,null,0,0,0
375,0,null,0,0,0
376,0,null,0,0,0
377,0,null,0,0,0
378,0,null,0,0,0
379,0,null,0,0,0
380,0,null,0,0,0
381,0,null,0,0,0
382,0,null,0,0,0
383,0,null,0,0,0
384,0,null,0,0,0
385,6,pi+,1,1,1
386,0,null,0,0,0
387,0,null,0,0,0
388,0,null,0,0,0
389,0,null,0,0,0
390,0,null,0,0,0
391,0,null,0,0,0
392,0,null,0,0,0
393,0,null,0,0,0
394,0,null,0,0,0
395,0,null,0,0,0
396,0,null,0,0,0
397,0,null,0,0,0
398,0,null,0,0,0
399,0,null,0,0,0
400,0,null,0,0,0
401,0,null,0,0,0
402,1,primary_proton,1,1,1
403,3,pi-,1,0,0
404,0,null,0,0,0
405,0,null,0,0,0
406,0,null,0,0,0
407,0,null,0,0,0
408,0,null,0,0,0
409,0,null,0,0,0
410,0,null,0,0,0
411,0,null,0,0,0
412,0,null,0,0,0
413,0,null,0,0,0
414,0,null,0,0,0
415,2,pi+,1,1,1
416,0,null,0,0,0
417,0,null,0,0,0
418,0,null,0,0,0
419,0,null,0,0,0
420,0,null,0,0,0
421,0,null,0,0,0
422,1,primary_proton,1,1,1
423,0,null,0,0,0
424,0,null,0,0,0
425,0,null,0,0,0
426,0,null,0,0,0
427,0,null,0,0,0
428,0,null,0,0,0
429,0,null,0,0,0
430,0,null,0,0,0
431,0,null,0,0,0
432,0,null,0,0,0
433,0,null,0,0,0
434,0,null,0,0,0
435,0,null,0,0,0
436,0,null,0,0,0
437,0,null,0,0,0
438,6,pi-,1,1,0
439,1,primary_proton,1,1,1
440,0,null,0,0,0
441,0,null,0,0,0
442,0,null,0,0,0
443,0,null,0,0,0
444,0,null,0,0,0
445,0,null,0,0,0
446,0,null,0,0,0
447,0,null,0,0,0
448,0,null,0,0,0
449,1,primary_proton,1,1,1
450,0,null,0,0,0
451,0,null,0,0,0
452,0,null,0,0,0
453,0,null,0,0,0
454,0,null,0,0,0
455,17,pi-,1,1,1
456,0,null,0,0,0
457,0,null,0,0,0
458,0,null,0,0,0
459,0,null,0,0,0
460,0,null,0,0,0
461,17,pi+,1,1,1
462,0,null,0,0,0
463,0,null,0,0,0
464,0,null,0,0,0
465,11,pi+,1,0,0
466,0,null,0,0,0
467,0,null,0,0,0
468,0,null,0,0,0
469,0,null,0,0,0
470,1,primary_proton,1,1,1
471,0,null,0,0,0
472,0,null,0,0,0
473,0,null,0,0,0
474,0,null,0,0,0
475,0,null,0,0,0
476,0,null,0,0,0
477,0,null,0,0,0
478,0,null,0,0,0
480,0,null,0,0,0
481,0,null,0,0,0
482,0,null,0,0,0
483,0,null,0,0,0
484,0,null,0,0,0
485,0,null,0,0,0
486,0,null,0,0,0
487,1,primary_proton,1,1,1
488,0,null,0,0,0
489,0,null,0,0,0
490,0,null,0,0,0
491,0,null,0,0,0
492,0,null,0,0,0
493,0,null,0,0,0
494,0,null,0,0,0
495,0,null,0,0,0
496,0,null,0,0,0
497,0,null,0,0,0
498,0,null,0,0,0
499,0,null,0,0,0
500,0,null,0,0,0
501,0,null,0,0,0
502,0,null,0,0,0
503,0,null,0,0,0
504,0,null,0,0,0
505,0,null,0,0,0
506,0,null,0,0,0
507,0,null,0,0,0
508,0,null,0,0,0
509,0,null,0,0,0
510,0,null,0,0,0
511,0,null,0,0,0
512,0,null,0,0,0
513,0,null,0,0,0
514,0,null,0,0,0
515,0,null,0,0,0
516,0,null,0,0,0
517,0,null,0,0,0
518,6,secondary_proton,1,1,1
519,0,null,0,0,0
520,0,null,0,0,0
521,85,e-,1,1,1
522,0,null,0,0,0
523,0,null,0,0,0
524,0,null,0,0,0
525,0,null,0,0,0
526,0,null,0,0,0
527,0,null,0,0,0
528,0,null,0,0,0
529,1,primary_proton,1,1,1
530,8,pi+,1,1,1
531,0,null,0,0,0
532,8,pi+,1,1,1
533,0,null,0,0,0
534,0,null,0,0,0
535,0,null,0,0,0
536,0,null,0,0,0
537,0,null,0,0,0
538,0,null,0,0,0
539,0,null,0,0,0
540,20,secondary_proton,1,0,0
541,0,null,0,0,0
542,0,null,0,0,0
543,0,null,0,0,0
544,0,null,0,0,0
545,8,secondary_proton,1,1,1
546,0,null,0,0,0
547,1,primary_proton,1,1,1
548,0,null,0,0,0
549,0,null,0,0,0
550,0,null,0,0,0
551,0,null,0,0,0
552,0,null,0,0,0
553,9,secondary_proton,1,0,0
554,0,null,0,0,0
555,0,null,0,0,0
556,0,null,0,0,0
557,0,null,0,0,0
558,0,null,0,0,0
559,0,null,0,0,0
560,0,null,0,0,0
561,0,null,0,0,0
562,0,null,0,0,0
563,0,null,0,0,0
564,0,null,0,0,0
565,0,null,0,0,0
566,0,null,0,0,0
567,6,pi-,1,1,1
568,0,null,0,0,0
569,0,null,0,0,0
570,1,primary_proton,1,1,1
571,0,null,0,0,0
572,0,null,0,0,0
573,0,null,0,0,0
574,0,null,0,0,0
575,0,null,0,0,0
576,0,null,0,0,0
577,0,null,0,0,0
578,0,null,0,0,0
579,0,null,0,0,0
580,0,null,0,0,0
581,0,null,0,0,0
582,0,null,0,0,0
583,0,null,0,0,0
584,0,null,0,0,0
585,6,secondary_proton,1,1,1
586,0,null,0,0,0
587,0,null,0,0,0
588,10,secondary_proton,1,1,1
589,0,null,0,0,0
590,0,null,0,0,0
591,0,null,0,0,0
592,0,null,0,0,0
593,0,null,0,0,0
594,0,null,0,0,0
595,0,null,0,0,0
596,0,null,0,0,0
597,0,null,0,0,0
598,0,null,0,0,0
599,0,null,0,0,0
600,0,null,0,0,0
601,0,null,0,0,0
602,0,null,0,0,0
603,0,null,0,0,0
604,0,null,0,0,0
605,0,null,0,0,0
606,0,null,0,0,0
607,0,null,0,0,0
608,192,secondary_proton,1,1,1
609,0,null,0,0,0
610,0,null,0,0,0
611,0,null,0,0,0
612,0,null,0,0,0
613,0,null,0,0,0
614,0,null,0,0,0
615,0,null,0,0,0
616,23,pi-,1,0,0
617,0,null,0,0,0
618,0,null,0,0,0
619,0,null,0,0,0
620,0,null,0,0,0
621,0,null,0,0,0
622,0,null,0,0,0
623,0,null,0,0,0
624,0,null,0,0,0
625,0,null,0,0,0
626,0,null,0,0,0
627,0,null,0,0,0
628,0,null,0,0,0
629,0,null,0,0,0
630,0,null,0,0,0
631,0,null,0,0,0
632,0,null,0,0,0
633,0,null,0,0,0
634,0,null,0,0,0
635,0,null,0,0,0
636,5,secondary_proton,1,1,1
637,0,null,0,0,0
638,0,null,0,0,0
639,0,null,0,0,0
640,0,null,0,0,0
641,0,null,0,0,0
642,0,null,0,0,0
643,0,null,0,0,0
644,0,null,0,0,0
645,0,null,0,0,0
646,0,null,0,0,0
647,0,null,0,0,0
648,0,null,0,0,0
649,8,pi+,1,1,1
650,0,null,0,0,0
651,0,null,0,0,0
652,0,null,0,0,0
653,0,null,0,0,0
654,0,null,0,0,0
655,0,null,0,0,0
656,0,null,0,0,0
657,0,null,0,0,0
658,0,null,0,0,0
659,0,null,0,0,0
660,0,null,0,0,0
661,0,null,0,0,0
662,1,primary_proton,1,1,1
663,1,primary_proton,1,1,1
664,0,null,0,0,0
665,0,null,0,0,0
666,0,null,0,0,0
667,0,null,0,0,0
668,0,null,0,0,0
669,7,pi-,1,1,1
670,0,null,0,0,0
671,0,null,0,0,0
672,0,null,0,0,0
673,0,null,0,0,0
674,0,null,0,0,0
675,0,null,0,0,0
676,0,null,0,0,0
677,7,kaon-,1,1,1
678,0,null,0,0,0
679,0,null,0,0,0
680,0,null,0,0,0
681,0,null,0,0,0
682,0,null,0,0,0
683,8,secondary_proton,1,1,1
684,0,null,0,0,0
685,0,null,0,0,0
686,0,null,0,0,0
687,0,null,0,0,0
688,0,null,0,0,0
689,0,null,0,0,0
690,0,null,0,0,0
691,0,null,0,0,0
692,0,null,0,0,0
693,0,null,0,0,0
694,5389,e-,1,0,0
695,0,null,0,0,0
696,0,null,0,0,0
697,0,null,0,0,0
698,0,null,0,0,0
699,0,null,0,0,0
700,0,null,0,0,0
701,0,null,0,0,0
702,0,null,0,0,0
703,0,null,0,0,0
704,0,null,0,0,0
705,0,null,0,0,0
706,16,pi-,1,1,1
707,0,null,0,0,0
708,0,null,0,0,0
709,0,null,0,0,0
711,10,pi-,1,1,1
712,0,null,0,0,0
713,0,null,0,0,0
714,0,null,0,0,0
715,0,null,0,0,0
716,0,null,0,0,0
717,0,null,0,0,0
718,0,null,0,0,0
719,0,null,0,0,0
720,0,null,0,0,0
721,0,null,0,0,0
722,0,null,0,0,0
723,0,null,0,0,0
724,0,null,0,0,0
725,0,null,0,0,0
726,0,null,0,0,0
727,0,null,0,0,0
728,0,null,0,0,0
729,0,null,0,0,0
730,0,null,0,0,0
731,0,null,0,0,0
732,0,null,0,0,0
733,0,null,0,0,0
734,0,null,0,0,0
735,0,null,0,0,0
736,0,null,0,0,0
737,0,null,0,0,0
738,0,null,0,0,0
739,0,null,0,0,0
740,0,null,0,0,0
741,2,secondary_proton,1,1,1
742,0,null,0,0,0
743,0,null,0,0,0
744,0,null,0,0,0
745,0,null,0,0,0
746,0,null,0,0,0
747,0,null,0,0,0
748,0,null,0,0,0
749,0,null,0,0,0
750,0,null,0,0,0
751,0,null,0,0,0
752,0,null,0,0,0
753,0,null,0,0,0
754,0,null,0,0,0
755,0,null,0,0,0
756,0,null,0,0,0
757,0,null,0,0,0
758,0,null,0,0,0
759,0,null,0,0,0
760,0,null,0,0,0
761,0,null,0,0,0
762,0,null,0,0,0
763,0,null,0,0,0
764,0,null,0,0,0
765,0,null,0,0,0
766,0,null,0,0,0
767,0,null,0,0,0
768,0,null,0,0,0
769,0,null,0,0,0
770,0,null,0,0,0
771,0,null,0,0,0
772,0,null,0,0,0
773,0,null,0,0,0
774,0,null,0,0,0
775,0,null,0,0,0
776,0,null,0,0,0
777,0,null,0,0,0
778,0,null,0,0,0
779,0,null,0,0,0
780,0,null,0,0,0
781,0,null,0,0,0
782,0,null,0,0,0
783,0,null,0,0,0
784,0,null,0,0,0
785,0,null,0,0,0
786,0,null,0,0,0
787,0,null,0,0,0
788,0,null,0,0,0
789,0,null,0,0,0
790,0,null,0,0,0
791,0,null,0,0,0
792,0,null,0,0,0
793,0,null,0,0,0
794,0,null,0,0,0
795,0,null,0,0,0
796,0,null,0,0,0
797,0,null,0,0,0
798,0,null,0,0,0
799,0,null,0,0,0
800,0,null,0,0,0
801,0,null,0,0,0
802,0,null,0,0,0
803,0,null,0,0,0
804,0,null,0,0,0
805,0,null,0,0,0
806,0,null,0,0,0
807,27,pi+,1,1,1
808,0,null,0,0,0
809,0,null,0,0,0
810,3,secondary_proton,1,1,1
811,0,null,0,0,0
812,0,null,0,0,0
813,0,null,0,0,0
814,0,null,0,0,0
815,0,null,0,0,0
816,0,null,0,0,0
817,0,null,0,0,0
818,0,null,0,0,0
819,0,null,0,0,0
820,0,null,0,0,0
821,0,null,0,0,0
822,0,null,0,0,0
823,0,null,0,0,0
824,0,null,0,0,0
825,0,null,0,0,0
826,0,null,0,0,0
827,0,null,0,0,0
828,0,null,0,0,0
829,0,null,0,0,0
830,8,pi-,1,1,1
831,0,null,0,0,0
832,0,null,0,0,0
833,0,null,0,0,0
834,9,secondary_proton,1,1,1
835,0,null,0,0,0
836,0,null,0,0,0
837,0,null,0,0,0
838,0,null,0,0,0
839,0,null,0,0,0
840,0,null,0,0,0
841,0,null,0,0,0
842,0,null,0,0,0
843,0,null,0,0,0
844,0,null,0,0,0
845,6,pi-,1,1,1
846,0,null,0,0,0
847,2068,pi+,1,1,1
848,0,null,0,0,0
849,0,null,0,0,0
850,0,null,0,0,0
851,0,null,0,0,0
852,0,null,0,0,0
853,0,null,0,0,0
854,696,secondary_proton,1,1,1
855,1,primary_proton,1,1,1
856,0,null,0,0,0
857,0,null,0,0,0
858,0,null,0,0,0
859,0,null,0,0,0
860,0,null,0,0,0
861,0,null,0,0,0
862,0,null,0,0,0
863,0,null,0,0,0
864,0,null,0,0,0
865,0,null,0,0,0
866,0,null,0,0,0
867,0,null,0,0,0
868,0,null,0,0,0
869,0,null,0,0,0
870,0,null,0,0,0
871,0,null,0,0,0
872,0,null,0,0,0
873,0,null,0,0,0
874,0,null,0,0,0
875,0,null,0,0,0
876,0,null,0,0,0
877,0,null,0,0,0
878,0,null,0,0,0
879,0,null,0,0,0
880,0,null,0,0,0
881,0,null,0,0,0
882,0,null,0,0,0
883,0,null,0,0,0
884,0,null,0,0,0
885,0,null,0,0,0
886,0,null,0,0,0
887,0,null,0,0,0
888,0,null,0,0,0
889,0,null,0,0,0
890,0,null,0,0,0
891,0,null,0,0,0
892,0,null,0,0,0
893,0,null,0,0,0
894,0,null,0,0,0
895,1,primary_proton,1,1,1
896,0,null,0,0,0
897,1,primary_proton,1,1,1
898,0,null,0,0,0
899,0,null,0,0,0
900,0,null,0,0,0
901,5563,e-,1,0,0
902,0,null,0,0,0
903,0,null,0,0,0
904,0,null,0,0,0
905,0,null,0,0,0
906,0,null,0,0,0
907,0,null,0,0,0
908,0,null,0,0,0
909,0,null,0,0,0
910,0,null,0,0,0
911,0,null,0,0,0
912,0,null,0,0,0
913,0,null,0,0,0
914,0,null,0,0,0
915,1,primary_proton,1,1,1
916,0,null,0,0,0
917,0,null,0,0,0
918,0,null,0,0,0
919,0,null,0,0,0
920,0,null,0,0,0
921,2,secondary_proton,1,1,1
922,0,null,0,0,0
923,0,null,0,0,0
924,0,null,0,0,0
925,0,null,0,0,0
926,0,null,0,0,0
927,0,null,0,0,0
928,0,null,0,0,0
929,0,null,0,0,0
930,1,primary_proton,1,1,1
931,0,null,0,0,0
932,0,null,0,0,0
933,0,null,0,0,0
934,0,null,0,0,0
935,0,null,0,0,0
936,0,null,0,0,0
937,0,null,0,0,0
938,0,null,0,0,0
939,0,null,0,0,0
940,0,null,0,0,0
941,0,null,0,0,0
942,0,null,0,0,0
943,1,primary_proton,1,1,1
945,0,null,0,0,0
946,0,null,0,0,0
947,0,null,0,0,0
948,0,null,0,0,0
949,0,null,0,0,0
950,0,null,0,0,0
951,0,null,0,0,0
952,0,null,0,0,0
953,0,null,0,0,0
954,0,null,0,0,0
955,0,null,0,0,0
956,0,null,0,0,0
957,0,null,0,0,0
958,0,null,0,0,0
959,0,null,0,0,0
960,0,null,0,0,0
961,0,null,0,0,0
962,0,null,0,0,0
963,0,null,0,0,0
964,0,null,0,0,0
965,1,primary_proton,1,1,1
966,0,null,0,0,0
967,0,null,0,0,0
968,0,null,0,0,0
969,0,null,0,0,0
970,0,null,0,0,0
971,0,null,0,0,0
972,0,null,0,0,0
973,0,null,0,0,0
974,0,null,0,0,0
975,0,null,0,0,0
976,0,null,0,0,0
977,0,null,0,0,0
978,0,null,0,0,0
979,0,null,0,0,0
980,0,null,0,0,0
981,0,null,0,0,0
982,0,null,0,0,0
983,0,null,0,0,0
984,0,null,0,0,0
985,0,null,0,0,0
986,0,null,0,0,0
987,0,null,0,0,0
988,0,null,0,0,0
989,1,primary_proton,1,1,1
990,0,null,0,0,0
991,0,null,0,0,0
992,0,null,0,0,0
993,1,primary_proton,1,1,1
994,0,null,0,0,0
995,0,null,0,0,0
996,0,null,0,0,0
997,0,null,0,0,0
998,0,null,0,0,0
999,2279,pi-,1,1,1
1000,0,null,0,0,0
1001,0,null,0,0,0
1002,0,null,0,0,0
1003,0,null,0,0,0
1004,0,null,0,0,0
1005,0,null,0,0,0
1006,0,null,0,0,0
1007,0,null,0,0,0
1008,0,null,0,0,0
1009,0,null,0,0,0
1010,0,null,0,0,0
1011,0,null,0,0,0
1012,0,null,0,0,0
1013,8,pi+,1,1,0
1014,0,null,0,0,0
1015,0,null,0,0,0
1016,0,null,0,0,0
1017,0,null,0,0,0
1018,0,null,0,0,0
1019,0,null,0,0,0
1020,0,null,0,0,0
1021,0,null,0,0,0
1022,0,null,0,0,0
1023,0,null,0,0,0
1024,0,null,0,0,0
1025,0,null,0,0,0
1026,0,null,0,0,0
1027,9,pi+,1,1,0
1028,0,null,0,0,0
1029,0,null,0,0,0
1030,0,null,0,0,0
1031,0,null,0,0,0
1032,0,null,0,0,0
1033,1,primary_proton,1,1,1
1034,0,null,0,0,0
1035,0,null,0,0,0
1036,0,null,0,0,0
1037,0,null,0,0,0
1038,0,null,0,0,0
1039,0,null,0,0,0
1040,0,null,0,0,0
1041,0,null,0,0,0
1042,0,null,0,0,0
1043,0,null,0,0,0
1044,0,null,0,0,0
1045,0,null,0,0,0
1046,0,null,0,0,0
1047,0,null,0,0,0
1048,0,null,0,0,0
1049,0,null,0,0,0
1050,0,null,0,0,0
1051,0,null,0,0,0
1052,0,null,0,0,0
1053,0,null,0,0,0
1054,0,null,0,0,0
1055,0,null,0,0,0
1056,0,null,0,0,0
1057,0,null,0,0,0
1058,1,primary_proton,1,1,1
1059,0,null,0,0,0
1060,0,null,0,0,0
1061,0,null,0,0,0
1062,0,null,0,0,0
1063,0,null,0,0,0
1064,0,null,0,0,0
1065,0,null,0,0,0
1066,12,pi+,1,1,1
1067,23,pi+,1,1,0
1068,0,null,0,0,0
1069,0,null,0,0,0
1070,0,null,0,0,0
1071,0,null,0,0,0
1072,20,secondary_proton,1,1,1
1073,0,null,0,0,0
1074,1,primary_proton,1,1,1
1075,0,null,0,0,0
1076,0,null,0,0,0
1077,0,null,0,0,0
1078,0,null,0,0,0
1079,0,null,0,0,0
1080,0,null,0,0,0
1081,0,null,0,0,0
1082,0,null,0,0,0
1083,0,null,0,0,0
1084,0,null,0,0,0
1085,0,null,0,0,0
1086,0,null,0,0,0
1087,0,null,0,0,0
1088,0,null,0,0,0
1089,0,null,0,0,0
1090,0,null,0,0,0
1091,0,null,0,0,0
1092,0,null,0,0,0
1093,0,null,0,0,0
1094,0,null,0,0,0
1095,1,primary_proton,1,1,1
1096,0,null,0,0,0
1097,9,pi-,1,1,1
1098,0,null,0,0,0
1099,0,null,0,0,0
1100,4,secondary_proton,1,1,1
1101,0,null,0,0,0
1102,0,null,0,0,0
1103,0,null,0,0,0
1104,11,pi+,1,1,1
1105,0,null,0,0,0
1106,1908,secondary_proton,1,1,1
1107,0,null,0,0,0
1108,0,null,0,0,0
1109,0,null,0,0,0
1110,0,null,0,0,0
1111,0,null,0,0,0
1112,0,null,0,0,0
1113,0,null,0,0,0
1114,0,null,0,0,0
1115,0,null,0,0,0
1116,0,null,0,0,0
1117,0,null,0,0,0
1118,0,null,0,0,0
1119,0,null,0,0,0
1120,0,null,0,0,0
1121,0,null,0,0,0
1122,0,null,0,0,0
1123,0,null,0,0,0
1124,0,null,0,0,0
1125,0,null,0,0,0
1126,0,null,0,0,0
1127,0,null,0,0,0
1128,0,null,0,0,0
1129,0,null,0,0,0
1130,0,null,0,0,0
1131,0,null,0,0,0
1132,0,null,0,0,0
1133,0,null,0,0,0
1134,1,primary_proton,1,1,1
1135,0,null,0,0,0
1136,0,null,0,0,0
1137,0,null,0,0,0
1138,0,null,0,0,0
1139,0,null,0,0,0
1140,0,null,0,0,0
1141,0,null,0,0,0
1142,0,null,0,0,0
1143,0,null,0,0,0
1144,0,null,0,0,0
1145,0,null,0,0,0
1146,0,null,0,0,0
1147,0,null,0,0,0
1148,0,null,0,0,0
1149,0,null,0,0,0
1150,0,null,0,0,0
1151,0,null,0,0,0
1152,0,null,0,0,0
1153,0,null,0,0,0
1154,0,null,0,0,0
1155,0,null,0,0,0
1156,0,null,0,0,0
1157,0,null,0,0,0
1158,0,null,0,0,0
1159,0,null,0,0,0
1160,0,null,0,0,0
1161,0,null,0,0,0
1162,0,null,0,0,0
1163,0,null,0,0,0
1164,0,null,0,0,0
1165,0,null,0,0,0
1166,0,null,0,0,0
1167,0,null,0,0,0
1169,0,null,0,0,0
1170,0,null,0,0,0
1171,0,null,0,0,0
1172,0,null,0,0,0
1173,0,null,0,0,0
1174,0,null,0,0,0
1175,0,null,0,0,0
1176,0,null,0,0,0
1177,0,null,0,0,0
1178,0,null,0,0,0
1179,0,null,0,0,0
1180,0,null,0,0,0
1181,0,null,0,0,0
1182,0,null,0,0,0
1183,84,secondary_proton,1,1,1
1184,4,secondary_proton,1,1,1
1185,0,null,0,0,0
1186,0,null,0,0,0
1187,0,null,0,0,0
1188,0,null,0,0,0
1189,0,null,0,0,0
1190,0,null,0,0,0
1191,0,null,0,0,0
1192,0,null,0,0,0
1193,0,null,0,0,0
1194,0,null,0,0,0
1195,0,null,0,0,0
1196,0,null,0,0,0
1197,0,null,0,0,0
1198,0,null,0,0,0
1199,0,null,0,0,0
1200,0,null,0,0,0
1201,0,null,0,0,0
1202,0,null,0,0,0
1203,0,null,0,0,0
1204,0,null,0,0,0
1205,0,null,0,0,0
1206,0,null,0,0,0
1207,0,null,0,0,0
1208,0,null,0,0,0
1209,0,null,0,0,0
1210,0,null,0,0,0
1211,0,null,0,0,0
1212,0,null,0,0,0
1213,0,null,0,0,0
1214,0,null,0,0,0
1215,0,null,0,0,0
1216,0,null,0,0,0
1217,0,null,0,0,0
1218,0,null,0,0,0
1219,0,null,0,0,0
1220,1,primary_proton,1,1,1
1221,0,null,0,0,0
1222,0,null,0,0,0
1223,0,null,0,0,0
1224,0,null,0,0,0
1225,0,null,0,0,0
1226,0,null,0,0,0
1227,0,null,0,0,0
1228,0,null,0,0,0
1229,0,null,0,0,0
1230,0,null,0,0,0
1231,0,null,0,0,0
1232,0,null,0,0,0
1233,0,null,0,0,0
1234,0,null,0,0,0
1235,0,null,0,0,0
1236,0,null,0,0,0
1237,0,null,0,0,0
1238,0,null,0,0,0
1239,0,null,0,0,0
1240,0,null,0,0,0
1241,0,null,0,0,0
1242,0,null,0,0,0
1243,0,null,0,0,0
1244,0,null,0,0,0
1245,0,null,0,0,0
1246,0,null,0,0,0
1247,0,null,0,0,0
1248,0,null,0,0,0
1249,0,null,0,0,0
1250,0,null,0,0,0
1251,0,null,0,0,0
1252,0,null,0,0,0
1253,0,null,0,0,0
1254,1285,secondary_proton,1,1,1
1255,0,null,0,0,0
1256,4,secondary_proton,1,1,1
1257,0,null,0,0,0
1258,0,null,0,0,0
1259,0,null,0,0,0
1260,0,null,0,0,0
1261,91,secondary_proton,1,1,1
1262,0,null,0,0,0
1263,1,primary_proton,1,1,1
1264,0,null,0,0,0
1265,1,primary_proton,1,1,1
1266,0,null,0,0,0
1267,6,pi+,1,1,1
1268,0,null,0,0,0
1269,0,null,0,0,0
1270,0,null,0,0,0
1271,0,null,0,0,0
1272,0,null,0,0,0
1273,0,null,0,0,0
1274,0,null,0,0,0
1275,8231,secondary_proton,1,0,0
1276,0,null,0,0,0
1277,0,null,0,0,0
1278,0,null,0,0,0
1279,0,null,0,0,0
1280,0,null,0,0,0
1281,0,null,0,0,0
1282,0,null,0,0,0
1283,0,null,0,0,0
1284,0,null,0,0,0
1285,0,null,0,0,0
1286,0,null,0,0,0
1287,0,null,0,0,0
1288,0,null,0,0,0
1289,0,null,0,0,0
1290,0,null,0,0,0
1291,0,null,0,0,0
1292,0,null,0,0,0
1293,0,null,0,0,0
1294,0,null,0,0,0
1295,22,pi+,1,1,1
1296,0,null,0,0,0
1297,0,null,0,0,0
1298,0,null,0,0,0
1299,17,pi-,1,1,1
1300,0,null,0,0,0
1301,0,null,0,0,0
1302,1,primary_proton,1,1,1
1303,0,null,0,0,0
1304,0,null,0,0,0
1305,3802,pi+,1,1,1
1306,0,null,0,0,0
1307,0,null,0,0,0
1308,0,null,0,0,0
1309,0,null,0,0,0
1310,0,null,0,0,0
1311,0,null,0,0,0
1312,0,null,0,0,0
1313,0,null,0,0,0
1314,0,null,0,0,0
1315,0,null,0,0,0
1316,0,null,0,0,0
1317,0,null,0,0,0
1318,0,null,0,0,0
1319,0,null,0,0,0
1320,0,null,0,0,0
1321,0,null,0,0,0
1322,0,null,0,0,0
1323,0,null,0,0,0
1324,0,null,0,0,0
1325,0,null,0,0,0
1326,0,null,0,0,0
1327,0,null,0,0,0
1328,0,null,0,0,0
1329,0,null,0,0,0
1330,4550,e-,1,0,0
1331,0,null,0,0,0
1332,0,null,0,0,0
1333,0,null,0,0,0
1334,0,null,0,0,0
1335,0,null,0,0,0
1336,0,null,0,0,0
1337,0,null,0,0,0
1338,0,null,0,0,0
1339,0,null,0,0,0
1340,0,null,0,0,0
1341,0,null,0,0,0
1342,1575,pi+,1,1,1
1343,0,null,0,0,0
1344,0,null,0,0,0
1345,0,null,0,0,0
1346,7,secondary_proton,1,1,1
1347,0,null,0,0,0
1348,0,null,0,0,0
1349,0,null,0,0,0
1350,0,null,0,0,0
1351,0,null,0,0,0
1352,0,null,0,0,0
1353,0,null,0,0,0
1354,0,null,0,0,0
1355,0,null,0,0,0
1356,0,null,0,0,0
1357,0,null,0,0,0
1358,0,null,0,0,0
1359,0,null,0,0,0
1360,0,null,0,0,0
1361,0,null,0,0,0
1362,0,null,0,0,0
1363,0,null,0,0,0
1364,0,null,0,0,0
1365,0,null,0,0,0
1366,0,null,0,0,0
1367,506,secondary_proton,1,1,1
1368,0,null,0,0,0
1369,0,null,0,0,0
1370,0,null,0,0,0
1371,0,null,0,0,0
1372,0,null,0,0,0
1373,0,null,0,0,0
1374,0,null,0,0,0
1375,0,null,0,0,0
1376,0,null,0,0,0
1377,0,null,0,0,0
1378,0,null,0,0,0
1379,0,null,0,0,0
1380,1,primary_proton,1,1,1
1381,0,null,0,0,0
1382,0,null,0,0,0
1383,0,null,0,0,0
1384,0,null,0,0,0
1385,0,null,0,0,0
1386,9,pi-,1,1,1
1388,0,null,0,0,0
1389,0,null,0,0,0
1390,0,null,0,0,0
1391,29,pi-,1,1,1
1392,0,null,0,0,0
1393,0,null,0,0,0
1394,1,primary_proton,1,1,1
1395,0,null,0,0,0
1396,12,pi+,1,0,0
1397,0,null,0,0,0
1398,1,primary_proton,1,1,1
1399,0,null,0,0,0
1400,0,null,0,0,0
1401,10,pi+,1,1,1
1402,0,null,0,0,0
1403,0,null,0,0,0
1404,1,primary_proton,1,1,1
1405,0,null,0,0,0
1406,0,null,0,0,0
1407,0,null,0,0,0
1408,0,null,0,0,0
1409,0,null,0,0,0
1410,0,null,0,0,0
1411,0,null,0,0,0
1412,0,null,0,0,0
1413,0,null,0,0,0
1414,0,null,0,0,0
1415,0,null,0,0,0
1416,0,null,0,0,0
1417,0,null,0,0,0
1418,0,null,0,0,0
1419,0,null,0,0,0
1420,0,null,0,0,0
1421,0,null,0,0,0
1422,0,null,0,0,0
1423,0,null,0,0,0
1424,1,primary_proton,1,1,1
1425,0,null,0,0,0
1426,0,null,0,0,0
1427,0,null,0,0,0
1428,0,null,0,0,0
1429,0,null,0,0,0
1430,0,null,0,0,0
1431,0,null,0,0,0
1432,0,null,0,0,0
1433,0,null,0,0,0
1434,0,null,0,0,0
1435,0,null,0,0,0
1436,0,null,0,0,0
1437,0,null,0,0,0
1438,0,null,0,0,0
1439,0,null,0,0,0
1440,0,null,0,0,0
1441,0,null,0,0,0
1442,19,secondary_proton,1,1,1
1443,0,null,0,0,0
1444,0,null,0,0,0
1445,0,null,0,0,0
1446,0,null,0,0,0
1447,0,null,0,0,0
1448,0,null,0,0,0
1449,0,null,0,0,0
1450,0,null,0,0,0
1451,0,null,0,0,0
1452,0,null,0,0,0
1453,0,null,0,0,0
1454,0,null,0,0,0
1455,0,null,0,0,0
1456,0,null,0,0,0
1457,0,null,0,0,0
1458,0,null,0,0,0
1459,0,null,0,0,0
1460,0,null,0,0,0
1461,0,null,0,0,0
1462,0,null,0,0,0
1463,0,null,0,0,0
1464,0,null,0,0,0
1465,0,null,0,0,0
1466,0,null,0,0,0
1467,0,null,0,0,0
1468,1,primary_proton,1,1,1
1469,0,null,0,0,0
1470,0,null,0,0,0
1471,19,pi-,1,1,1
1472,0,null,0,0,0
1473,0,null,0,0,0
1474,0,null,0,0,0
1475,0,null,0,0,0
1476,0,null,0,0,0
1477,0,null,0,0,0
1478,0,null,0,0,0
1479,0,null,0,0,0
1480,0,null,0,0,0
1481,0,null,0,0,0
1482,0,null,0,0,0
1483,0,null,0,0,0
1484,0,null,0,0,0
1485,0,null,0,0,0
1486,0,null,0,0,0
1487,0,null,0,0,0
1488,0,null,0,0,0
1489,0,null,0,0,0
1490,0,null,0,0,0
1491,0,null,0,0,0
1492,3,pi+,1,1,1
1493,0,null,0,0,0
1494,0,null,0,0,0
1495,0,null,0,0,0
1496,546,pi+,1,0,0
1497,0,null,0,0,0
1498,0,null,0,0,0
1499,0,null,0,0,0
1500,0,null,0,0,0
1501,0,null,0,0,0
1502,0,null,0,0,0
1503,0,null,0,0,0
1504,0,null,0,0,0
1505,1,primary_proton,1,1,1
1506,0,null,0,0,0
1507,0,null,0,0,0
1508,0,null,0,0,0
1509,0,null,0,0,0
1510,0,null,0,0,0
1511,0,null,0,0,0
1512,0,null,0,0,0
1513,0,null,0,0,0
1514,0,null,0,0,0
1515,0,null,0,0,0
1516,0,null,0,0,0
1517,0,null,0,0,0
1518,0,null,0,0,0
1519,0,null,0,0,0
1520,0,null,0,0,0
1521,0,null,0,0,0
1522,0,null,0,0,0
1523,0,null,0,0,0
1524,0,null,0,0,0
1525,0,null,0,0,0
1526,0,null,0,0,0
1527,1,primary_proton,1,1,1
1528,0,null,0,0,0
1529,0,null,0,0,0
1530,0,null,0,0,0
1531,0,null,0,0,0
1532,0,null,0,0,0
1533,0,null,0,0,0
1534,0,null,0,0,0
1535,0,null,0,0,0
1536,0,null,0,0,0
1537,0,null,0,0,0
1538,0,null,0,0,0
1539,0,null,0,0,0
1540,0,null,0,0,0
1541,0,null,0,0,0
1542,0,null,0,0,0
1543,0,null,0,0,0
1544,0,null,0,0,0
1545,0,null,0,0,0
1546,33,secondary_proton,1,1,1
1547,0,null,0,0,0
1548,0,null,0,0,0
1549,0,null,0,0,0
1550,0,null,0,0,0
1551,0,null,0,0,0
1552,0,null,0,0,0
1553,0,null,0,0,0
1554,0,null,0,0,0
1555,0,null,0,0,0
1556,0,null,0,0,0
1557,0,null,0,0,0
1558,0,null,0,0,0
1559,1,primary_proton,1,1,1
1560,0,null,0,0,0
1561,0,null,0,0,0
1562,0,null,0,0,0
1563,0,null,0,0,0
1564,0,null,0,0,0
1565,0,null,0,0,0
1566,0,null,0,0,0
1567,1,primary_proton,1,1,1
1568,0,null,0,0,0
1569,0,null,0,0,0
1570,0,null,0,0,0
1571,0,null,0,0,0
1572,0,null,0,0,0
1573,0,null,0,0,0
1574,1,primary_proton,1,1,1
1575,3754,e-,1,1,0
1576,0,null,0,0,0
1577,0,null,0,0,0
1578,0,null,0,0,0
1579,0,null,0,0,0
1580,0,null,0,0,0
1581,0,null,0,0,0
1582,0,null,0,0,0
1583,0,null,0,0,0
1584,0,null,0,0,0
1585,0,null,0,0,0
1586,0,null,0,0,0
1587,0,null,0,0,0
1588,0,null,0,0,0
1589,0,null,0,0,0
1590,0,null,0,0,0
1591,0,null,0,0,0
1592,0,null,0,0,0
1593,0,null,0,0,0
1594,0,null,0,0,0
1595,0,null,0,0,0
1596,5,pi-,1,1,1
1597,0,null,0,0,0
1598,0,null,0,0,0
1599,0,null,0,0,0
1600,0,null,0,0,0
1601,0,null,0,0,0
1602,0,null,0,0,0
1603,0,null,0,0,0
1604,0,null,0,0,0
1605,0,null,0,0,0
1606,0,null,0,0,0
1608,0,null,0,0,0
1609,0,null,0,0,0
1610,0,null,0,0,0
1611,0,null,0,0,0
1612,0,null,0,0,0
1613,0,null,0,0,0
1614,0,null,0,0,0
1615,0,null,0,0,0
1616,0,null,0,0,0
1617,0,null,0,0,0
1618,1,primary_proton,1,1,1
1619,0,null,0,0,0
1620,0,null,0,0,0
1621,0,null,0,0,0
1622,3,secondary_proton,1,1,1
1623,0,null,0,0,0
1624,0,null,0,0,0
1625,0,null,0,0,0
1626,0,null,0,0,0
1627,0,null,0,0,0
1628,0,null,0,0,0
1629,0,null,0,0,0
1630,0,null,0,0,0
1631,1,primary_proton,1,1,1
1632,0,null,0,0,0
1633,0,null,0,0,0
1634,0,null,0,0,0
1635,0,null,0,0,0
1636,0,null,0,0,0
1637,0,null,0,0,0
1638,0,null,0,0,0
1639,0,null,0,0,0
1640,0,null,0,0,0
1641,0,null,0,0,0
1642,0,null,0,0,0
1643,0,null,0,0,0
1644,8,secondary_proton,1,1,1
1645,0,null,0,0,0
1646,0,null,0,0,0
1647,0,null,0,0,0
1648,0,null,0,0,0
1649,0,null,0,0,0
1650,0,null,0,0,0
1651,0,null,0,0,0
1652,7982,secondary_proton,1,1,1
1653,0,null,0,0,0
1654,0,null,0,0,0
1655,0,null,0,0,0
1656,0,null,0,0,0
1657,0,null,0,0,0
1658,0,null,0,0,0
1659,0,null,0,0,0
1660,0,null,0,0,0
1661,0,null,0,0,0
1662,0,null,0,0,0
1663,0,null,0,0,0
1664,0,null,0,0,0
1665,0,null,0,0,0
1666,0,null,0,0,0
1667,15,pi+,1,1,1
1668,0,null,0,0,0
1669,12,secondary_proton,1,1,1
1670,684,secondary_proton,1,1,1
1671,12,secondary_proton,1,1,1
1672,0,null,0,0,0
1673,0,null,0,0,0
1674,0,null,0,0,0
1675,0,null,0,0,0
1676,0,null,0,0,0
1677,0,null,0,0,0
1678,0,null,0,0,0
1679,0,null,0,0,0
1680,0,null,0,0,0
1681,28,secondary_proton,1,1,1
1682,0,null,0,0,0
1683,0,null,0,0,0
1684,0,null,0,0,0
1685,0,null,0,0,0
1686,0,null,0,0,0
1687,0,null,0,0,0
1688,0,null,0,0,0
1689,0,null,0,0,0
1690,0,null,0,0,0
1691,0,null,0,0,0
1692,5,pi+,1,1,0
1693,0,null,0,0,0
1694,0,null,0,0,0
1695,0,null,0,0,0
1696,0,null,0,0,0
1697,0,null,0,0,0
1698,0,null,0,0,0
1699,0,null,0,0,0
1700,0,null,0,0,0
1701,0,null,0,0,0
1702,0,null,0,0,0
1703,0,null,0,0,0
1704,0,null,0,0,0
1705,0,null,0,0,0
1706,0,null,0,0,0
1707,0,null,0,0,0
1708,0,null,0,0,0
1709,0,null,0,0,0
1710,1,primary_proton,1,1,1
1711,0,null,0,0,0
1712,0,null,0,0,0
1713,0,null,0,0,0
1714,0,null,0,0,0
1715,9,secondary_proton,1,1,0
1716,0,null,0,0,0
1717,0,null,0,0,0
1718,0,null,0,0,0
1719,0,null,0,0,0
1720,0,null,0,0,0
1721,0,null,0,0,0
1722,0,null,0,0,0
1723,7,pi-,1,0,0
1724,0,null,0,0,0
1725,6,secondary_proton,1,1,1
1726,0,null,0,0,0
1727,0,null,0,0,0
1728,15,pi-,1,1,1
1729,0,null,0,0,0
1730,0,null,0,0,0
1731,0,null,0,0,0
1732,0,null,0,0,0
1733,0,null,0,0,0
1734,0,null,0,0,0
1735,0,null,0,0,0
1736,0,null,0,0,0
1737,0,null,0,0,0
1738,0,null,0,0,0
1739,0,null,0,0,0
1740,0,null,0,0,0
1741,0,null,0,0,0
1742,0,null,0,0,0
1743,13,pi-,1,1,1
1744,11,pi-,1,1,1
1745,0,null,0,0,0
1746,0,null,0,0,0
1747,0,null,0,0,0
1748,0,null,0,0,0
1749,0,null,0,0,0
1750,0,null,0,0,0
1751,0,null,0,0,0
1752,0,null,0,0,0
1753,0,null,0,0,0
1754,0,null,0,0,0
1755,0,null,0,0,0
1756,0,null,0,0,0
1757,0,null,0,0,0
1758,0,null,0,0,0
1759,0,null,0,0,0
1760,0,null,0,0,0
1761,0,null,0,0,0
1762,0,null,0,0,0
1763,0,null,0,0,0
1764,0,null,0,0,0
1765,0,null,0,0,0
1766,0,null,0,0,0
1767,0,null,0,0,0
1768,0,null,0,0,0
1769,0,null,0,0,0
1770,0,null,0,0,0
1771,0,null,0,0,0
1772,0,null,0,0,0
1773,0,null,0,0,0
1774,0,null,0,0,0
1775,14,kaon+,1,1,1
1776,0,null,0,0,0
1777,0,null,0,0,0
1778,0,null,0,0,0
1779,0,null,0,0,0
1780,4,secondary_proton,1,1,1
1781,0,null,0,0,0
1782,0,null,0,0,0
1783,0,null,0,0,0
1784,0,null,0,0,0
1785,0,null,0,0,0
1786,0,null,0,0,0
1787,0,null,0,0,0
1788,0,null,0,0,0
1789,1409,pi-,1,0,1
1790,0,null,0,0,0
1791,0,null,0,0,0
1792,0,null,0,0,0
1793,0,null,0,0,0
1794,0,null,0,0,0
1795,0,null,0,0,0
1796,0,null,0,0,0
1797,0,null,0,0,0
1798,0,null,0,0,0
1799,0,null,0,0,0
1800,1,primary_proton,1,1,1
1801,0,null,0,0,0
1802,0,null,0,0,0
1803,0,null,0,0,0
1804,0,null,0,0,0
1805,108,secondary_proton,1,1,1
1806,0,null,0,0,0
1807,0,null,0,0,0
1808,0,null,0,0,0
1809,0,null,0,0,0
1810,0,null,0,0,0
1811,0,null,0,0,0
1812,0,null,0,0,0
1813,0,null,0,0,0
1814,0,null,0,0,0
1815,0,null,0,0,0
1816,0,null,0,0,0
1817,10,secondary_proton,1,1,1
1818,0,null,0,0,0
1819,0,null,0,0,0
1820,0,null,0,0,0
1821,0,null,0,0,0
1822,2782,e-,1,1,1
1823,0,null,0,0,0
1825,0,null,0,0,0
1826,0,null,0,0,0
1827,0,null,0,0,0
1828,0,null,0,0,0
1829,0,null,0,0,0
1830,1,primary_proton,1,1,1
1831,0,null,0,0,0
1832,0,null,0,0,0
1833,0,null,0,0,0
1834,0,null,0,0,0
1835,0,null,0,0,0
1836,0,null,0,0,0
1837,0,null,0,0,0
1838,0,null,0,0,0
1839,0,null,0,0,0
1840,0,null,0,0,0
1841,0,null,0,0,0
1842,0,null,0,0,0
1843,0,null,0,0,0
1844,0,null,0,0,0
1845,0,null,0,0,0
1846,0,null,0,0,0
1847,0,null,0,0,0
1848,0,null,0,0,0
1849,0,null,0,0,0
1850,0,null,0,0,0
1851,0,null,0,0,0
1852,0,null,0,0,0
1853,0,null,0,0,0
1854,0,null,0,0,0
1855,0,null,0,0,0
1856,0,null,0,0,0
1857,0,null,0,0,0
1858,0,null,0,0,0
1859,0,null,0,0,0
1860,0,null,0,0,0
1861,0,null,0,0,0
1862,0,null,0,0,0
1863,0,null,0,0,0
1864,0,null,0,0,0
1865,0,null,0,0,0
1866,1,primary_proton,1,1,1
1867,0,null,0,0,0
1868,0,null,0,0,0
1869,0,null,0,0,0
1870,19,pi-,1,1,1
1871,0,null,0,0,0
1872,0,null,0,0,0
1873,0,null,0,0,0
1874,0,null,0,0,0
1875,0,null,0,0,0
1876,14,pi+,1,1,1
1877,634,e-,1,1,0
1878,0,null,0,0,0
1879,0,null,0,0,0
1880,8,secondary_proton,1,1,1
1881,0,null,0,0,0
1882,0,null,0,0,0
1883,0,null,0,0,0
1884,0,null,0,0,0
1885,0,null,0,0,0
1886,0,null,0,0,0
1887,0,null,0,0,0
1888,0,null,0,0,0
1889,0,null,0,0,0
1890,0,null,0,0,0
1891,0,null,0,0,0
1892,0,null,0,0,0
1893,0,null,0,0,0
1894,0,null,0,0,0
1895,0,null,0,0,0
1896,0,null,0,0,0
1897,0,null,0,0,0
1898,0,null,0,0,0
1899,0,null,0,0,0
1900,0,null,0,0,0
1901,32,pi-,1,1,1
1902,0,null,0,0,0
1903,0,null,0,0,0
1904,0,null,0,0,0
1905,0,null,0,0,0
1906,0,null,0,0,0
1907,0,null,0,0,0
1908,0,null,0,0,0
1909,0,null,0,0,0
1910,0,null,0,0,0
1911,0,null,0,0,0
1912,0,null,0,0,0
1913,0,null,0,0,0
1914,0,null,0,0,0
1915,0,null,0,0,0
1916,0,null,0,0,0
1917,0,null,0,0,0
1918,0,null,0,0,0
1919,1,primary_proton,1,1,1
1920,0,null,0,0,0
1921,0,null,0,0,0
1922,0,null,0,0,0
1923,0,null,0,0,0
1924,0,null,0,0,0
1925,0,null,0,0,0
1926,0,null,0,0,0
1927,0,null,0,0,0
1928,0,null,0,0,0
1929,0,null,0,0,0
1930,1,primary_proton,1,1,1
1931,0,null,0,0,0
1932,0,null,0,0,0
1933,0,null,0,0,0
1934,0,null,0,0,0
1935,0,null,0,0,0
1936,0,null,0,0,0
1937,0,null,0,0,0
1938,0,null,0,0,0
1939,0,null,0,0,0
1940,0,null,0,0,0
1941,0,null,0,0,0
1942,0,null,0,0,0
1943,0,null,0,0,0
1944,0,null,0,0,0
1945,0,null,0,0,0
1946,0,null,0,0,0
1947,0,null,0,0,0
1948,3,secondary_proton,1,1,1
1949,0,null,0,0,0
1950,0,null,0,0,0
1951,0,null,0,0,0
1952,0,null,0,0,0
1953,0,null,0,0,0
1954,0,null,0,0,0
1955,0,null,0,0,0
1956,0,null,0,0,0
1957,0,null,0,0,0
1958,0,null,0,0,0
1959,0,null,0,0,0
1960,0,null,0,0,0
1961,9,kaon+,1,1,1
1962,0,null,0,0,0
1963,0,null,0,0,0
1964,0,null,0,0,0
1965,0,null,0,0,0
1966,13,pi+,1,1,1
1967,0,null,0,0,0
1968,0,null,0,0,0
1969,0,null,0,0,0
1970,0,null,0,0,0
1971,0,null,0,0,0
1972,0,null,0,0,0
1973,0,null,0,0,0
1974,0,null,0,0,0
1975,0,null,0,0,0
1976,0,null,0,0,0
1977,8,pi+,1,1,1
1978,1,primary_proton,1,1,1
1979,23,pi-,1,1,1
1980,0,null,0,0,0
1981,0,null,0,0,0
1982,0,null,0,0,0
1983,0,null,0,0,0
1984,0,null,0,0,0
1985,1,primary_proton,1,1,1
1986,0,null,0,0,0
1987,0,null,0,0,0
1988,0,null,0,0,0
1989,1,primary_proton,1,1,1
1990,0,null,0,0,0
1991,0,null,0,0,0
1992,0,null,0,0,0
1993,0,null,0,0,0
1994,0,null,0,0,0
1995,0,null,0,0,0
1996,2391,pi+,1,0,0
1997,0,null,0,0,0
1998,0,null,0,0,0
1999,0,null,0,0,0
2000,0,null,0,0,0
2001,0,null,0,0,0
2002,0,null,0,0,0
2003,0,null,0,0,0
2004,0,null,0,0,0
2005,0,null,0,0,0
2006,0,null,0,0,0
2007,0,null,0,0,0
2008,4,secondary_proton,1,0,0
2009,0,null,0,0,0
2010,0,null,0,0,0
2011,0,null,0,0,0
2012,0,null,0,0,0
2013,0,null,0,0,0
2014,0,null,0,0,0
2015,0,null,0,0,0
2016,0,null,0,0,0
2017,0,null,0,0,0
2018,0,null,0,0,0
2019,0,null,0,0,0
2020,0,null,0,0,0
2021,1,primary_proton,1,1,1
2022,0,null,0,0,0
2023,0,null,0,0,0
2024,0,null,0,0,0
2025,1,primary_proton,1,1,1
2026,0,null,0,0,0
2027,0,null,0,0,0
2028,0,null,0,0,0
2029,0,null,0,0,0
2030,0,null,0,0,0
2031,0,null,0,0,0
2032,0,null,0,0,0
2033,0,null,0,0,0
2034,0,null,0,0,0
2035,0,null,0,0,0
2036,0,null,0,0,0
2037,0,null,0,0,0
2038,0,null,0,0,0
2039,0,null,0,0,0
2040,0,null,0,0,0
2041,0,null,0,0,0
2042,0,null,0,0,0
2043,0,null,0,0,0
2045,0,null,0,0,0
2046,0,null,0,0,0
2047,0,null,0,0,0
2048,0,null,0,0,0
2049,0,null,0,0,0
2050,0,null,0,0,0
2051,0,null,0,0,0
2052,0,null,0,0,0
2053,1,primary_proton,1,1,1
2054,0,null,0,0,0
2055,0,null,0,0,0
2056,0,null,0,0,0
2057,10,secondary_proton,1,1,1
2058,0,null,0,0,0
2059,0,null,0,0,0
2060,0,null,0,0,0
2061,0,null,0,0,0
2062,0,null,0,0,0
2063,0,null,0,0,0
2064,8,pi-,1,1,1
2065,7,pi+,1,1,1
2066,0,null,0,0,0
2067,0,null,0,0,0
2068,16,pi-,1,1,1
2069,1,primary_proton,1,1,1
2070,0,null,0,0,0
2071,4,secondary_proton,1,1,1
2072,0,null,0,0,0
2073,0,null,0,0,0
2074,0,null,0,0,0
2075,1,primary_proton,1,1,1
2076,0,null,0,0,0
2077,0,null,0,0,0
2078,0,null,0,0,0
2079,0,null,0,0,0
2080,0,null,0,0,0
2081,0,null,0,0,0
2082,0,null,0,0,0
2083,0,null,0,0,0
2084,0,null,0,0,0
2085,0,null,0,0,0
2086,0,null,0,0,0
2087,0,null,0,0,0
2088,0,null,0,0,0
2089,0,null,0,0,0
2090,0,null,0,0,0
2091,0,null,0,0,0
2092,0,null,0,0,0
2093,0,null,0,0,0
2094,106,e-,1,0,0
2095,1,primary_proton,1,1,1
2096,0,null,0,0,0
2097,0,null,0,0,0
2098,0,null,0,0,0
2099,0,null,0,0,0
2100,0,null,0,0,0
2101,0,null,0,0,0
2102,0,null,0,0,0
2103,0,null,0,0,0
2104,0,null,0,0,0
2105,0,null,0,0,0
2106,0,null,0,0,0
2107,0,null,0,0,0
2108,0,null,0,0,0
2109,0,null,0,0,0
2110,0,null,0,0,0
2111,0,null,0,0,0
2112,0,null,0,0,0
2113,0,null,0,0,0
2114,0,null,0,0,0
2115,0,null,0,0,0
2116,0,null,0,0,0
2117,1,primary_proton,1,1,1
2118,0,null,0,0,0
2119,0,null,0,0,0
2120,0,null,0,0,0
2121,0,null,0,0,0
2122,0,null,0,0,0
2123,0,null,0,0,0
2124,0,null,0,0,0
2125,0,null,0,0,0
2126,0,null,0,0,0
2127,0,null,0,0,0
2128,0,null,0,0,0
2129,0,null,0,0,0
2130,0,null,0,0,0
2131,0,null,0,0,0
2132,0,null,0,0,0
2133,0,null,0,0,0
2134,0,null,0,0,0
2135,0,null,0,0,0
2136,0,null,0,0,0
2137,0,null,0,0,0
2138,0,null,0,0,0
2139,0,null,0,0,0
2140,0,null,0,0,0
2141,0,null,0,0,0
2142,0,null,0,0,0
2143,0,null,0,0,0
2144,0,null,0,0,0
2145,0,null,0,0,0
2146,0,null,0,0,0
2147,0,null,0,0,0
2148,4,secondary_proton,1,1,1
2149,0,null,0,0,0
2150,0,null,0,0,0
2151,0,null,0,0,0
2152,0,null,0,0,0
2153,0,null,0,0,0
2154,0,null,0,0,0
2155,0,null,0,0,0
2156,0,null,0,0,0
2157,0,null,0,0,0
2158,8,pi+,1,1,1
2159,0,null,0,0,0
2160,0,null,0,0,0
2161,0,null,0,0,0
2162,0,null,0,0,0
2163,0,null,0,0,0
2164,0,null,0,0,0
2165,0,null,0,0,0
2166,0,null,0,0,0
2167,0,null,0,0,0
2168,0,null,0,0,0
2169,0,null,0,0,0
2170,0,null,0,0,0
2171,0,null,0,0,0
2172,0,null,0,0,0
2173,0,null,0,0,0
2174,0,null,0,0,0
2175,0,null,0,0,0
2176,0,null,0,0,0
2177,0,null,0,0,0
2178,0,null,0,0,0
2179,0,null,0,0,0
2180,0,null,0,0,0
2181,0,null,0,0,0
2182,0,null,0,0,0
2183,0,null,0,0,0
2184,0,null,0,0,0
2185,0,null,0,0,0
2186,0,null,0,0,0
2187,0,null,0,0,0
2188,0,null,0,0,0
2189,0,null,0,0,0
2190,0,null,0,0,0
2191,0,null,0,0,0
2192,0,null,0,0,0
2193,0,null,0,0,0
2194,0,null,0,0,0
2195,0,null,0,0,0
2196,0,null,0,0,0
2197,0,null,0,0,0
2198,0,null,0,0,0
2199,0,null,0,0,0
2200,0,null,0,0,0
2201,0,null,0,0,0
2202,0,null,0,0,0
2203,0,null,0,0,0
2204,0,null,0,0,0
2205,1,primary_proton,1,1,1
2206,0,null,0,0,0
2207,0,null,0,0,0
2208,0,null,0,0,0
2209,0,null,0,0,0
2210,0,null,0,0,0
2211,0,null,0,0,0
2212,0,null,0,0,0
2213,0,null,0,0,0
2214,0,null,0,0,0
2215,0,null,0,0,0
2216,0,null,0,0,0
2217,0,null,0,0,0
2218,0,null,0,0,0
2219,0,null,0,0,0
2220,0,null,0,0,0
2221,0,null,0,0,0
2222,0,null,0,0,0
2223,0,null,0,0,0
2224,0,null,0,0,0
2225,0,null,0,0,0
2226,0,null,0,0,0
2227,0,null,0,0,0
2228,0,null,0,0,0
2229,0,null,0,0,0
2230,0,null,0,0,0
2231,0,null,0,0,0
2232,0,null,0,0,0
2233,0,null,0,0,0
2234,0,null,0,0,0
2235,0,null,0,0,0
2236,0,null,0,0,0
2237,0,null,0,0,0
2238,453,e-,1,1,0
2239,0,null,0,0,0
2240,0,null,0,0,0
2241,0,null,0,0,0
2242,1,primary_proton,1,1,1
2243,0,null,0,0,0
2244,0,null,0,0,0
2245,0,null,0,0,0
2246,0,null,0,0,0
2247,0,null,0,0,0
2248,0,null,0,0,0
2249,0,null,0,0,0
2250,0,null,0,0,0
2251,5,secondary_proton,1,1,1
2252,0,null,0,0,0
2253,0,null,0,0,0
2254,0,null,0,0,0
2255,0,null,0,0,0
2256,0,null,0,0,0
2257,0,null,0,0,0
2258,0,null,0,0,0
2259,0,null,0,0,0
2260,0,null,0,0,0
2261,0,null,0,0,0
2262,0,null,0,0,0
2263,0,null,0,0,0
2264,0,null,0,0,0
2266,0,null,0,0,0
2267,0,null,0,0,0
2268,0,null,0,0,0
2269,0,null,0,0,0
2270,0,null,0,0,0
2271,0,null,0,0,0
2272,463,pi+,1,1,1
2273,0,null,0,0,0
2274,0,null,0,0,0
2275,0,null,0,0,0
2276,0,null,0,0,0
2277,0,null,0,0,0
2278,0,null,0,0,0
2279,0,null,0,0,0
2280,0,null,0,0,0
2281,0,null,0,0,0
2282,0,null,0,0,0
2283,0,null,0,0,0
2284,0,null,0,0,0
2285,0,null,0,0,0
2286,0,null,0,0,0
2287,0,null,0,0,0
2288,0,null,0,0,0
2289,0,null,0,0,0
2290,0,null,0,0,0
2291,0,null,0,0,0
2292,9,secondary_proton,1,1,1
2293,0,null,0,0,0
2294,0,null,0,0,0
2295,0,null,0,0,0
2296,0,null,0,0,0
2297,0,null,0,0,0
2298,0,null,0,0,0
2299,0,null,0,0,0
2300,0,null,0,0,0
2301,0,null,0,0,0
2302,0,null,0,0,0
2303,0,null,0,0,0
2304,0,null,0,0,0
2305,0,null,0,0,0
2306,0,null,0,0,0
2307,0,null,0,0,0
2308,0,null,0,0,0
2309,0,null,0,0,0
2310,0,null,0,0,0
2311,0,null,0,0,0
2312,0,null,0,0,0
2313,0,null,0,0,0
2314,0,null,0,0,0
2315,0,null,0,0,0
2316,1,primary_proton,1,1,1
2317,0,null,0,0,0
2318,0,null,0,0,0
2319,3,pi-,1,1,1
2320,5,secondary_proton,1,1,1
2321,0,null,0,0,0
2322,0,null,0,0,0
2323,0,null,0,0,0
2324,0,null,0,0,0
2325,0,null,0,0,0
2326,0,null,0,0,0
2327,0,null,0,0,0
2328,0,null,0,0,0
2329,0,null,0,0,0
2330,0,null,0,0,0
2331,0,null,0,0,0
2332,0,null,0,0,0
2333,0,null,0,0,0
2334,0,null,0,0,0
2335,0,null,0,0,0
2336,0,null,0,0,0
2337,0,null,0,0,0
2338,0,null,0,0,0
2339,0,null,0,0,0
2340,0,null,0,0,0
2341,23,pi+,1,0,0
2342,0,null,0,0,0
2343,0,null,0,0,0
2344,1,primary_proton,1,1,1
2345,0,null,0,0,0
2346,16,pi-,1,1,0
2347,0,null,0,0,0
2348,0,null,0,0,0
2349,0,null,0,0,0
2350,0,null,0,0,0
2351,0,null,0,0,0
2352,0,null,0,0,0
2353,0,null,0,0,0
2354,0,null,0,0,0
2355,0,null,0,0,0
2356,0,null,0,0,0
2357,1,primary_proton,1,1,1
2358,1,primary_proton,1,1,1
2359,0,null,0,0,0
2360,0,null,0,0,0
2361,0,null,0,0,0
2362,0,null,0,0,0
2363,0,null,0,0,0
2364,0,null,0,0,0
2365,0,null,0,0,0
2366,0,null,0,0,0
2367,0,null,0,0,0
2368,0,null,0,0,0
2369,0,null,0,0,0
2370,0,null,0,0,0
2371,0,null,0,0,0
2372,0,null,0,0,0
2373,0,null,0,0,0
2374,0,null,0,0,0
2375,0,null,0,0,0
2376,0,null,0,0,0
2377,0,null,0,0,0
2378,0,null,0,0,0
2379,0,null,0,0,0
2380,0,null,0,0,0
2381,0,null,0,0,0
2382,0,null,0,0,0
2383,0,null,0,0,0
2384,0,null,0,0,0
2385,0,null,0,0,0
2386,17,pi+,1,1,1
2387,0,null,0,0,0
2388,0,null,0,0,0
2389,0,null,0,0,0
2390,1,primary_proton,1,1,1
2391,0,null,0,0,0
2392,0,null,0,0,0
2393,0,null,0,0,0
2394,0,null,0,0,0
2395,0,null,0,0,0
2396,0,null,0,0,0
2397,0,null,0,0,0
2398,0,null,0,0,0
2399,0,null,0,0,0
2400,0,null,0,0,0
2401,0,null,0,0,0
2402,0,null,0,0,0
2403,0,null,0,0,0
2404,0,null,0,0,0
2405,0,null,0,0,0
2406,0,null,0,0,0
2407,0,null,0,0,0
2408,0,null,0,0,0
2409,0,null,0,0,0
2410,6,secondary_proton,1,1,1
2411,0,null,0,0,0
2412,0,null,0,0,0
2413,0,null,0,0,0
2414,0,null,0,0,0
2415,0,null,0,0,0
2416,0,null,0,0,0
2417,0,null,0,0,0
2418,0,null,0,0,0
2419,0,null,0,0,0
2420,0,null,0,0,0
2421,0,null,0,0,0
2422,0,null,0,0,0
2423,0,null,0,0,0
2424,0,null,0,0,0
2425,0,null,0,0,0
2426,0,null,0,0,0
2427,0,null,0,0,0
2428,1,primary_proton,1,1,1
2429,0,null,0,0,0
2430,0,null,0,0,0
2431,0,null,0,0,0
2432,0,null,0,0,0
2433,0,null,0,0,0
2434,0,null,0,0,0
2435,23,pi-,1,1,1
2436,0,null,0,0,0
2437,1,primary_proton,1,1,1
2438,0,null,0,0,0
2439,0,null,0,0,0
2440,1,primary_proton,1,1,1
2441,0,null,0,0,0
2442,1,primary_proton,1,1,1
2443,0,null,0,0,0
2444,0,null,0,0,0
2445,0,null,0,0,0
2446,0,null,0,0,0
2447,0,null,0,0,0
2448,0,null,0,0,0
2449,0,null,0,0,0
2450,0,null,0,0,0
2451,0,null,0,0,0
2452,0,null,0,0,0
2453,0,null,0,0,0
2454,0,null,0,0,0
2455,0,null,0,0,0
2456,0,null,0,0,0
2457,0,null,0,0,0
2458,0,null,0,0,0
2459,4769,secondary_proton,1,1,1
2460,0,null,0,0,0
2461,0,null,0,0,0
2462,0,null,0,0,0
2463,0,null,0,0,0
2464,0,null,0,0,0
2465,0,null,0,0,0
2466,0,null,0,0,0
2467,0,null,0,0,0
2468,0,null,0,0,0
2469,0,null,0,0,0
2470,0,null,0,0,0
2471,0,null,0,0,0
2472,0,null,0,0,0
2473,6,pi+,1,0,0
2474,0,null,0,0,0
2475,0,null,0,0,0
2476,0,null,0,0,0
2477,9,pi-,1,0,0
2478,0,null,0,0,0
2479,1,primary_proton,1,1,1
2480,0,null,0,0,0
2481,0,null,0,0,0
2482,0,null,0,0,0
2483,0,null,0,0,0
2485,0,null,0,0,0
2486,0,null,0,0,0
2487,0,null,0,0,0
2488,0,null,0,0,0
2489,0,null,0,0,0
2490,0,null,0,0,0
2491,0,null,0,0,0
2492,0,null,0,0,0
2493,0,null,0,0,0
2494,0,null,0,0,0
2495,0,null,0,0,0
2496,0,null,0,0,0
2497,0,null,0,0,0
2498,0,null,0,0,0
2499,0,null,0,0,0
2500,0,null,0,0,0
2501,0,null,0,0,0
2502,0,null,0,0,0
2503,0,null,0,0,0
2504,0,null,0,0,0
2505,0,null,0,0,0
2506,0,null,0,0,0
2507,0,null,0,0,0
2508,0,null,0,0,0
2509,9,pi+,1,1,1
2510,0,null,0,0,0
2511,7,secondary_proton,1,1,1
2512,0,null,0,0,0
2513,0,null,0,0,0
2514,0,null,0,0,0
2515,0,null,0,0,0
2516,0,null,0,0,0
2517,0,null,0,0,0
2518,0,null,0,0,0
2519,0,null,0,0,0
2520,0,null,0,0,0
2521,0,null,0,0,0
2522,0,null,0,0,0
2523,0,null,0,0,0
2524,0,null,0,0,0
2525,0,null,0,0,0
2526,0,null,0,0,0
2527,0,null,0,0,0
2528,0,null,0,0,0
2529,0,null,0,0,0
2530,0,null,0,0,0
2531,0,null,0,0,0
2532,0,null,0,0,0
2533,0,null,0,0,0
2534,0,null,0,0,0
2535,0,null,0,0,0
2536,0,null,0,0,0
2537,0,null,0,0,0
2538,0,null,0,0,0
2539,0,null,0,0,0
2540,0,null,0,0,0
2541,0,null,0,0,0
2542,13,secondary_proton,1,1,1
2543,0,null,0,0,0
2544,0,null,0,0,0
2545,10,pi+,1,1,1
2546,0,null,0,0,0
2547,0,null,0,0,0
2548,0,null,0,0,0
2549,0,null,0,0,0
2550,4,pi+,1,1,1
2551,0,null,0,0,0
2552,0,null,0,0,0
2553,0,null,0,0,0
2554,0,null,0,0,0
2555,0,null,0,0,0
2556,0,null,0,0,0
2557,0,null,0,0,0
2558,0,null,0,0,0
2559,0,null,0,0,0
2560,0,null,0,0,0
2561,2,secondary_proton,1,1,1
2562,1,primary_proton,1,1,1
2563,0,null,0,0,0
2564,0,null,0,0,0
2565,0,null,0,0,0
2566,0,null,0,0,0
2567,0,null,0,0,0
2568,0,null,0,0,0
2569,0,null,0,0,0
2570,11,secondary_proton,1,1,1
2571,0,null,0,0,0
2572,7,pi-,1,1,1
2573,0,null,0,0,0
2574,1,primary_proton,1,1,1
2575,0,null,0,0,0
2576,0,null,0,0,0
2577,2986,secondary_proton,1,1,1
2578,0,null,0,0,0
2579,0,null,0,0,0
2580,1,primary_proton,1,1,1
2581,0,null,0,0,0
2582,0,null,0,0,0
2583,0,null,0,0,0
2584,0,null,0,0,0
2585,0,null,0,0,0
2586,0,null,0,0,0
2587,0,null,0,0,0
2588,1,primary_proton,1,1,1
2589,0,null,0,0,0
2590,135,secondary_proton,1,1,0
2591,0,null,0,0,0
2592,0,null,0,0,0
2593,0,null,0,0,0
2594,0,null,0,0,0
2595,0,null,0,0,0
2596,0,null,0,0,0
2597,0,null,0,0,0
2598,0,null,0,0,0
2599,0,null,0,0,0
2600,0,null,0,0,0
2601,0,null,0,0,0
2602,0,null,0,0,0
2603,0,null,0,0,0
2604,0,null,0,0,0
2605,0,null,0,0,0
2606,0,null,0,0,0
2607,0,null,0,0,0
2608,1,primary_proton,1,1,1
2609,13,pi-,1,1,1
2610,0,null,0,0,0
2611,0,null,0,0,0
2612,0,null,0,0,0
2613,0,null,0,0,0
2614,0,null,0,0,0
2615,180,pi-,1,1,0
2616,0,null,0,0,0
2617,1,primary_proton,1,1,1
2618,0,null,0,0,0
2619,0,null,0,0,0
2620,0,null,0,0,0
2621,0,null,0,0,0
2622,0,null,0,0,0
2623,0,null,0,0,0
2624,0,null,0,0,0
2625,0,null,0,0,0
2626,0,null,0,0,0
2627,0,null,0,0,0
2628,0,null,0,0,0
2629,0,null,0,0,0
2630,0,null,0,0,0
2631,0,null,0,0,0
2632,0,null,0,0,0
2633,0,null,0,0,0
2634,0,null,0,0,0
2635,0,null,0,0,0
2636,0,null,0,0,0
2637,0,null,0,0,0
2638,0,null,0,0,0
2639,0,null,0,0,0
2640,0,null,0,0,0
2641,0,null,0,0,0
2642,0,null,0,0,0
2643,0,null,0,0,0
2644,0,null,0,0,0
2645,1,primary_proton,1,1,1
2646,0,null,0,0,0
2647,0,null,0,0,0
2648,0,null,0,0,0
2649,0,null,0,0,0
2650,0,null,0,0,0
2651,1,primary_proton,1,1,1
2652,0,null,0,0,0
2653,0,null,0,0,0
2654,0,null,0,0,0
2655,0,null,0,0,0
2656,0,null,0,0,0
2657,0,null,0,0,0
2658,0,null,0,0,0
2659,0,null,0,0,0
2660,0,null,0,0,0
2661,0,null,0,0,0
2662,10,secondary_proton,1,1,1
2663,0,null,0,0,0
2664,0,null,0,0,0
2665,0,null,0,0,0
2666,0,null,0,0,0
2667,0,null,0,0,0
2668,0,null,0,0,0
2669,0,null,0,0,0
2670,0,null,0,0,0
2671,0,null,0,0,0
2672,0,null,0,0,0
2673,0,null,0,0,0
2674,0,null,0,0,0
2675,0,null,0,0,0
2676,0,null,0,0,0
2677,0,null,0,0,0
2678,0,null,0,0,0
2679,19,pi+,1,1,1
2680,0,null,0,0,0
2681,0,null,0,0,0
2682,0,null,0,0,0
2683,0,null,0,0,0
2684,0,null,0,0,0
2685,0,null,0,0,0
2686,0,null,0,0,0
2687,0,null,0,0,0
2688,0,null,0,0,0
2689,0,null,0,0,0
2690,0,null,0,0,0
2691,0,null,0,0,0
2692,0,null,0,0,0
2693,0,null,0,0,0
2694,0,null,0,0,0
2695,0,null,0,0,0
2696,0,null,0,0,0
2697,0,null,0,0,0
2698,0,null,0,0,0
2699,0,null,0,0,0
2700,1,primary_proton,1,1,1
2701,7,pi+,1,1,1
2703,0,null,0,0,0
2704,0,null,0,0,0
2705,0,null,0,0,0
2706,0,null,0,0,0
2707,0,null,0,0,0
2708,0,null,0,0,0
2709,0,null,0,0,0
2710,0,null,0,0,0
2711,1,primary_proton,1,1,1
2712,0,null,0,0,0
2713,0,null,0,0,0
2714,0,null,0,0,0
2715,0,null,0,0,0
2716,0,null,0,0,0
2717,0,null,0,0,0
2718,0,null,0,0,0
2719,0,null,0,0,0
2720,0,null,0,0,0
2721,0,null,0,0,0
2722,0,null,0,0,0
2723,0,null,0,0,0
2724,0,null,0,0,0
2725,0,null,0,0,0
2726,0,null,0,0,0
2727,0,null,0,0,0
2728,0,null,0,0,0
2729,0,null,0,0,0
2730,0,null,0,0,0
2731,0,null,0,0,0
2732,0,null,0,0,0
2733,6184,e-,1,1,0
2734,0,null,0,0,0
2735,0,null,0,0,0
2736,0,null,0,0,0
2737,0,null,0,0,0
2738,0,null,0,0,0
2739,0,null,0,0,0
2740,0,null,0,0,0
2741,0,null,0,0,0
2742,0,null,0,0,0
2743,1569,pi+,1,1,1
2744,0,null,0,0,0
2745,0,null,0,0,0
2746,0,null,0,0,0
2747,0,null,0,0,0
2748,5,secondary_proton,1,1,1
2749,7,secondary_proton,1,1,1
2750,0,null,0,0,0
2751,0,null,0,0,0
2752,0,null,0,0,0
2753,2,secondary_proton,1,1,1
2754,0,null,0,0,0
2755,0,null,0,0,0
2756,0,null,0,0,0
2757,0,null,0,0,0
2758,0,null,0,0,0
2759,0,null,0,0,0
2760,0,null,0,0,0
2761,15,pi-,1,1,1
2762,0,null,0,0,0
2763,0,null,0,0,0
2764,0,null,0,0,0
2765,0,null,0,0,0
2766,352,e-,0,1,1
2767,0,null,0,0,0
2768,0,null,0,0,0
2769,0,null,0,0,0
2770,0,null,0,0,0
2771,0,null,0,0,0
2772,0,null,0,0,0
2773,3,pi+,1,1,0
2774,0,null,0,0,0
2775,7,pi+,1,1,1
2776,0,null,0,0,0
2777,1,primary_proton,1,1,1
2778,0,null,0,0,0
2779,0,null,0,0,0
2780,0,null,0,0,0
2781,0,null,0,0,0
2782,0,null,0,0,0
2783,0,null,0,0,0
2784,1,primary_proton,1,1,1
2785,0,null,0,0,0
2786,0,null,0,0,0
2787,0,null,0,0,0
2788,0,null,0,0,0
2789,0,null,0,0,0
2790,13,secondary_proton,1,1,1
2791,0,null,0,0,0
2792,0,null,0,0,0
2793,0,null,0,0,0
2794,0,null,0,0,0
2795,0,null,0,0,0
2796,0,null,0,0,0
2797,0,null,0,0,0
2798,0,null,0,0,0
2799,0,null,0,0,0
2800,0,null,0,0,0
2801,0,null,0,0,0
2802,0,null,0,0,0
2803,0,null,0,0,0
2804,0,null,0,0,0
2805,0,null,0,0,0
2806,0,null,0,0,0
2807,0,null,0,0,0
2808,0,null,0,0,0
2809,0,null,0,0,0
2810,0,null,0,0,0
2811,1,primary_proton,1,1,1
2812,0,null,0,0,0
2813,0,null,0,0,0
2814,0,null,0,0,0
2815,0,null,0,0,0
2816,0,null,0,0,0
2817,0,null,0,0,0
2818,0,null,0,0,0
2819,0,null,0,0,0
2820,1,primary_proton,1,1,1
2821,0,null,0,0,0
2822,0,null,0,0,0
2823,1,primary_proton,1,1,1
2824,0,null,0,0,0
2825,0,null,0,0,0
2826,0,null,0,0,0
2827,0,null,0,0,0
2828,0,null,0,0,0
2829,0,null,0,0,0
2830,0,null,0,0,0
2831,0,null,0,0,0
2832,0,null,0,0,0
2833,0,null,0,0,0
2834,0,null,0,0,0
2835,0,null,0,0,0
2836,0,null,0,0,0
2837,0,null,0,0,0
2838,0,null,0,0,0
2839,0,null,0,0,0
2840,0,null,0,0,0
2841,0,null,0,0,0
2842,0,null,0,0,0
2843,0,null,0,0,0
2844,0,null,0,0,0
2845,0,null,0,0,0
2846,0,null,0,0,0
2847,0,null,0,0,0
2848,0,null,0,0,0
2849,0,null,0,0,0
2850,1,primary_proton,1,1,1
2851,0,null,0,0,0
2852,0,null,0,0,0
2853,0,null,0,0,0
2854,0,null,0,0,0
2855,0,null,0,0,0
2856,0,null,0,0,0
2857,0,null,0,0,0
2858,0,null,0,0,0
2859,15,pi+,1,1,1
2860,0,null,0,0,0
2861,0,null,0,0,0
2862,0,null,0,0,0
2863,0,null,0,0,0
2864,0,null,0,0,0
2865,0,null,0,0,0
2866,0,null,0,0,0
2867,0,null,0,0,0
2868,0,null,0,0,0
2869,0,null,0,0,0
2870,0,null,0,0,0
2871,0,null,0,0,0
2872,0,null,0,0,0
2873,0,null,0,0,0
2874,0,null,0,0,0
2875,0,null,0,0,0
2876,0,null,0,0,0
2877,0,null,0,0,0
2878,0,null,0,0,0
2879,0,null,0,0,0
2880,0,null,0,0,0
2881,0,null,0,0,0
2882,0,null,0,0,0
2883,3,secondary_proton,1,1,1
2884,0,null,0,0,0
2885,0,null,0,0,0
2886,0,null,0,0,0
2887,0,null,0,0,0
2888,189,secondary_proton,1,1,0
2889,0,null,0,0,0
2890,0,null,0,0,0
2891,0,null,0,0,0
2892,0,null,0,0,0
2893,0,null,0,0,0
2894,7,secondary_proton,1,1,1
2895,0,null,0,0,0
2896,0,null,0,0,0
2897,0,null,0,0,0
2898,0,null,0,0,0
2899,0,null,0,0,0
2900,0,null,0,0,0
2901,0,null,0,0,0
2902,0,null,0,0,0
2903,0,null,0,0,0
2904,0,null,0,0,0
2905,0,null,0,0,0
2906,0,null,0,0,0
2907,0,null,0,0,0
2908,0,null,0,0,0
2909,0,null,0,0,0
2910,0,null,0,0,0
2911,0,null,0,0,0
2912,0,null,0,0,0
2913,4,pi-,1,1,0
2914,0,null,0,0,0
2915,0,null,0,0,0
2916,18,pi+,1,1,1
2917,0,null,0,0,0
2918,0,null,0,0,0
2919,0,null,0,0,0
2920,0,null,0,0,0
2922,0,null,0,0,0
2923,0,null,0,0,0
2924,0,null,0,0,0
2925,0,null,0,0,0
2926,0,null,0,0,0
2927,0,null,0,0,0
2928,0,null,0,0,0
2929,0,null,0,0,0
2930,0,null,0,0,0
2931,0,null,0,0,0
2932,0,null,0,0,0
2933,0,null,0,0,0
2934,0,null,0,0,0
2935,0,null,0,0,0
2936,0,null,0,0,0
2937,0,null,0,0,0
2938,8,pi-,1,1,1
2939,0,null,0,0,0
2940,0,null,0,0,0
2941,0,null,0,0,0
2942,0,null,0,0,0
2943,0,null,0,0,0
2944,0,null,0,0,0
2945,0,null,0,0,0
2946,0,null,0,0,0
2947,0,null,0,0,0
2948,0,null,0,0,0
2949,1104,e-,1,1,1
2950,0,null,0,0,0
2951,0,null,0,0,0
2952,0,null,0,0,0
2953,0,null,0,0,0
2954,0,null,0,0,0
2955,0,null,0,0,0
2956,0,null,0,0,0
2957,0,null,0,0,0
2958,0,null,0,0,0
2959,0,null,0,0,0
2960,0,null,0,0,0
2961,0,null,0,0,0
2962,0,null,0,0,0
2963,0,null,0,0,0
2964,0,null,0,0,0
2965,0,null,0,0,0
2966,0,null,0,0,0
2967,0,null,0,0,0
2968,0,null,0,0,0
2969,0,null,0,0,0
2970,0,null,0,0,0
2971,1,primary_proton,1,1,1
2972,0,null,0,0,0
2973,0,null,0,0,0
2974,0,null,0,0,0
2975,0,null,0,0,0
2976,0,null,0,0,0
2977,0,null,0,0,0
2978,0,null,0,0,0
2979,0,null,0,0,0
2980,0,null,0,0,0
2981,0,null,0,0,0
2982,0,null,0,0,0
2983,0,null,0,0,0
2984,0,null,0,0,0
2985,0,null,0,0,0
2986,0,null,0,0,0
2987,0,null,0,0,0
2988,0,null,0,0,0
2989,0,null,0,0,0
2990,0,null,0,0,0
2991,0,null,0,0,0
2992,0,null,0,0,0
2993,0,null,0,0,0
2994,0,null,0,0,0
2995,1,primary_proton,1,1,1
2996,0,null,0,0,0
2997,0,null,0,0,0
2998,0,null,0,0,0
2999,33,pi+,1,1,1
3000,0,null,0,0,0
3001,3118,pi-,1,1,0
3002,0,null,0,0,0
3003,0,null,0,0,0
3004,0,null,0,0,0
3005,0,null,0,0,0
3006,0,null,0,0,0
3007,0,null,0,0,0
3008,0,null,0,0,0
3009,0,null,0,0,0
3010,0,null,0,0,0
3011,1,primary_proton,1,1,1
3012,0,null,0,0,0
3013,1402,mu+,1,0,0
3014,0,null,0,0,0
3015,0,null,0,0,0
3016,0,null,0,0,0
3017,15,pi+,1,1,1
3018,0,null,0,0,0
3019,0,null,0,0,0
3020,0,null,0,0,0
3021,0,null,0,0,0
3022,0,null,0,0,0
3023,0,null,0,0,0
3024,0,null,0,0,0
3025,0,null,0,0,0
3026,0,null,0,0,0
3027,0,null,0,0,0
3028,0,null,0,0,0
3029,0,null,0,0,0
3030,0,null,0,0,0
3031,0,null,0,0,0
3032,0,null,0,0,0
3033,0,null,0,0,0
3034,0,null,0,0,0
3035,0,null,0,0,0
3036,0,null,0,0,0
3037,0,null,0,0,0
3038,0,null,0,0,0
3039,0,null,0,0,0
3040,0,null,0,0,0
3041,0,null,0,0,0
3042,9,secondary_proton,1,1,1
3043,0,null,0,0,0
3044,0,null,0,0,0
3045,0,null,0,0,0
3046,0,null,0,0,0
3047,0,null,0,0,0
3048,0,null,0,0,0
3049,6,secondary_proton,1,1,1
3050,0,null,0,0,0
3051,0,null,0,0,0
3052,0,null,0,0,0
3053,0,null,0,0,0
3054,0,null,0,0,0
3055,1,primary_proton,1,1,1
3056,0,null,0,0,0
3057,0,null,0,0,0
3058,0,null,0,0,0
3059,0,null,0,0,0
3060,0,null,0,0,0
3061,0,null,0,0,0
3062,0,null,0,0,0
3063,0,null,0,0,0
3064,0,null,0,0,0
3065,0,null,0,0,0
3066,0,null,0,0,0
3067,0,null,0,0,0
3068,0,null,0,0,0
3069,0,null,0,0,0
3070,0,null,0,0,0
3071,0,null,0,0,0
3072,0,null,0,0,0
3073,0,null,0,0,0
3074,0,null,0,0,0
3075,0,null,0,0,0
3076,0,null,0,0,0
3077,0,null,0,0,0
3078,0,null,0,0,0
3079,0,null,0,0,0
3080,0,null,0,0,0
3081,0,null,0,0,0
3082,0,null,0,0,0
3083,0,null,0,0,0
3084,0,null,0,0,0
3085,0,null,0,0,0
3086,0,null,0,0,0
3087,0,null,0,0,0
3088,0,null,0,0,0
3089,0,null,0,0,0
3090,0,null,0,0,0
3091,0,null,0,0,0
3092,0,null,0,0,0
3093,0,null,0,0,0
3094,0,null,0,0,0
3095,0,null,0,0,0
3096,0,null,0,0,0
3097,0,null,0,0,0
3098,1,primary_proton,1,1,1
3099,0,null,0,0,0
3100,0,null,0,0,0
3101,0,null,0,0,0
3102,0,null,0,0,0
3103,0,null,0,0,0
3104,0,null,0,0,0
3105,0,null,0,0,0
3106,25,pi+,1,1,1
3107,0,null,0,0,0
3108,0,null,0,0,0
3109,0,null,0,0,0
3110,0,null,0,0,0
3111,0,null,0,0,0
3112,0,null,0,0,0
3113,0,null,0,0,0
3114,0,null,0,0,0
3115,0,null,0,0,0
3116,0,null,0,0,0
3117,1,primary_proton,1,1,1
3118,0,null,0,0,0
3119,0,null,0,0,0
3120,0,null,0,0,0
3121,0,null,0,0,0
3122,0,null,0,0,0
3123,7,pi+,1,1,1
3124,0,null,0,0,0
3125,0,null,0,0,0
3126,0,null,0,0,0
3127,0,null,0,0,0
3128,0,null,0,0,0
3129,0,null,0,0,0
3130,0,null,0,0,0
3131,0,null,0,0,0
3132,0,null,0,0,0
3133,0,null,0,0,0
3134,0,null,0,0,0
3135,0,null,0,0,0
3136,0,null,0,0,0
3137,0,null,0,0,0
3138,0,null,0,0,0
3139,0,null,0,0,0
3140,0,null,0,0,0
3141,0,null,0,0,0
3142,0,null,0,0,0
3144,0,null,0,0,0
3145,0,null,0,0,0
3146,0,null,0,0,0
3147,0,null,0,0,0
3148,0,null,0,0,0
3149,0,null,0,0,0
3150,0,null,0,0,0
3151,0,null,0,0,0
3152,0,null,0,0,0
3153,0,null,0,0,0
3154,3,secondary_proton,1,1,1
3155,0,null,0,0,0
3156,0,null,0,0,0
3157,0,null,0,0,0
3158,0,null,0,0,0
3159,0,null,0,0,0
3160,0,null,0,0,0
3161,0,null,0,0,0
3162,1,primary_proton,1,1,1
3163,0,null,0,0,0
3164,0,null,0,0,0
3165,1,primary_proton,1,1,1
3166,0,null,0,0,0
3167,0,null,0,0,0
3168,0,null,0,0,0
3169,0,null,0,0,0
3170,0,null,0,0,0
3171,0,null,0,0,0
3172,0,null,0,0,0
3173,0,null,0,0,0
3174,0,null,0,0,0
3175,0,null,0,0,0
3176,1,primary_proton,1,1,1
3177,0,null,0,0,0
3178,0,null,0,0,0
3179,2,secondary_proton,1,1,1
3180,0,null,0,0,0
3181,0,null,0,0,0
3182,0,null,0,0,0
3183,0,null,0,0,0
3184,0,null,0,0,0
3185,0,null,0,0,0
3186,0,null,0,0,0
3187,0,null,0,0,0
3188,0,null,0,0,0
3189,0,null,0,0,0
3190,0,null,0,0,0
3191,0,null,0,0,0
3192,0,null,0,0,0
3193,0,null,0,0,0
3194,0,null,0,0,0
3195,0,null,0,0,0
3196,0,null,0,0,0
3197,0,null,0,0,0
3198,0,null,0,0,0
3199,0,null,0,0,0
3200,0,null,0,0,0
3201,0,null,0,0,0
3202,0,null,0,0,0
3203,0,null,0,0,0
3204,0,null,0,0,0
3205,0,null,0,0,0
3206,0,null,0,0,0
3207,0,null,0,0,0
3208,0,null,0,0,0
3209,0,null,0,0,0
3210,0,null,0,0,0
3211,0,null,0,0,0
3212,1,primary_proton,1,1,1
3213,0,null,0,0,0
3214,0,null,0,0,0
3215,0,null,0,0,0
3216,0,null,0,0,0
3217,0,null,0,0,0
3218,0,null,0,0,0
3219,0,null,0,0,0
3220,0,null,0,0,0
3221,0,null,0,0,0
3222,0,null,0,0,0
3223,0,null,0,0,0
3224,0,null,0,0,0
3225,0,null,0,0,0
3226,0,null,0,0,0
3227,0,null,0,0,0
3228,0,null,0,0,0
3229,0,null,0,0,0
3230,0,null,0,0,0
3231,0,null,0,0,0
3232,0,null,0,0,0
3233,0,null,0,0,0
3234,0,null,0,0,0
3235,0,null,0,0,0
3236,0,null,0,0,0
3237,0,null,0,0,0
3238,0,null,0,0,0
3239,0,null,0,0,0
3240,1,primary_proton,1,1,1
3241,0,null,0,0,0
3242,0,null,0,0,0
3243,0,null,0,0,0
3244,0,null,0,0,0
3245,19,pi-,1,1,1
3246,0,null,0,0,0
3247,10,pi+,1,1,1
3248,0,null,0,0,0
3249,0,null,0,0,0
3250,0,null,0,0,0
3251,0,null,0,0,0
3252,0,null,0,0,0
3253,0,null,0,0,0
3254,0,null,0,0,0
3255,0,null,0,0,0
3256,0,null,0,0,0
3257,0,null,0,0,0
3258,0,null,0,0,0
3259,0,null,0,0,0
3260,0,null,0,0,0
3261,0,null,0,0,0
3262,13,pi-,1,1,1
3263,0,null,0,0,0
3264,0,null,0,0,0
3265,0,null,0,0,0
3266,0,null,0,0,0
3267,0,null,0,0,0
3268,0,null,0,0,0
3269,4,pi-,1,1,1
3270,0,null,0,0,0
3271,0,null,0,0,0
3272,136,pi-,1,0,0
3273,0,null,0,0,0
3274,0,null,0,0,0
3275,1,primary_proton,1,1,1
3276,0,null,0,0,0
3277,0,null,0,0,0
3278,0,null,0,0,0
3279,1,primary_proton,1,1,1
3280,0,null,0,0,0
3281,0,null,0,0,0
3282,0,null,0,0,0
3283,0,null,0,0,0
3284,0,null,0,0,0
3285,0,null,0,0,0
3286,0,null,0,0,0
3287,0,null,0,0,0
3288,0,null,0,0,0
3289,0,null,0,0,0
3290,0,null,0,0,0
3291,0,null,0,0,0
3292,0,null,0,0,0
3293,0,null,0,0,0
3294,0,null,0,0,0
3295,0,null,0,0,0
3296,0,null,0,0,0
3297,0,null,0,0,0
3298,0,null,0,0,0
3299,0,null,0,0,0
3300,0,null,0,0,0
3301,0,null,0,0,0
3302,0,null,0,0,0
3303,0,null,0,0,0
3304,6,secondary_proton,1,1,1
3305,0,null,0,0,0
3306,0,null,0,0,0
3307,0,null,0,0,0
3308,1,primary_proton,1,1,1
3309,0,null,0,0,0
3310,0,null,0,0,0
3311,0,null,0,0,0
3312,0,null,0,0,0
3313,0,null,0,0,0
3314,0,null,0,0,0
3315,0,null,0,0,0
3316,0,null,0,0,0
3317,0,null,0,0,0
3318,0,null,0,0,0
3319,0,null,0,0,0
3320,0,null,0,0,0
3321,0,null,0,0,0
3322,6,secondary_proton,1,1,1
3323,0,null,0,0,0
3324,0,null,0,0,0
3325,0,null,0,0,0
3326,0,null,0,0,0
3327,0,null,0,0,0
3328,0,null,0,0,0
3329,0,null,0,0,0
3330,0,null,0,0,0
3331,0,null,0,0,0
3332,0,null,0,0,0
3333,0,null,0,0,0
3334,0,null,0,0,0
3335,0,null,0,0,0
3336,0,null,0,0,0
3337,0,null,0,0,0
3338,0,null,0,0,0
3339,0,null,0,0,0
3340,2343,e-,1,0,0
3341,0,null,0,0,0
3342,0,null,0,0,0
3343,0,null,0,0,0
3344,0,null,0,0,0
3345,0,null,0,0,0
3346,0,null,0,0,0
3347,1,primary_proton,1,1,1
3348,0,null,0,0,0
3349,965,pi-,1,0,0
3350,0,null,0,0,0
3351,0,null,0,0,0
3352,1032,pi+,1,1,1
3353,0,null,0,0,0
3354,0,null,0,0,0
3355,0,null,0,0,0
3356,0,null,0,0,0
3357,0,null,0,0,0
3358,0,null,0,0,0
3359,0,null,0,0,0
3360,0,null,0,0,0
3361,0,null,0,0,0
3362,0,null,0,0,0
3364,0,null,0,0,0
3365,0,null,0,0,0
3366,0,null,0,0,0
3367,0,null,0,0,0
3368,1,primary_proton,1,1,1
3369,0,null,0,0,0
3370,0,null,0,0,0
3371,0,null,0,0,0
3372,0,null,0,0,0
3373,0,null,0,0,0
3374,0,null,0,0,0
3375,0,null,0,0,0
3376,0,null,0,0,0
3377,0,null,0,0,0
3378,0,null,0,0,0
3379,0,null,0,0,0
3380,0,null,0,0,0
3381,0,null,0,0,0
3382,0,null,0,0,0
3383,0,null,0,0,0
3384,0,null,0,0,0
3385,0,null,0,0,0
3386,0,null,0,0,0
3387,0,null,0,0,0
3388,0,null,0,0,0
3389,0,null,0,0,0
3390,0,null,0,0,0
3391,0,null,0,0,0
3392,0,null,0,0,0
3393,0,null,0,0,0
3394,0,null,0,0,0
3395,0,null,0,0,0
3396,0,null,0,0,0
3397,0,null,0,0,0
3398,0,null,0,0,0
3399,0,null,0,0,0
3400,0,null,0,0,0
3401,0,null,0,0,0
3402,0,null,0,0,0
3403,1,primary_proton,1,1,1
3404,0,null,0,0,0
3405,0,null,0,0,0
3406,0,null,0,0,0
3407,0,null,0,0,0
3408,0,null,0,0,0
3409,0,null,0,0,0
3410,0,null,0,0,0
3411,0,null,0,0,0
3412,0,null,0,0,0
3413,0,null,0,0,0
3414,0,null,0,0,0
3415,0,null,0,0,0
3416,0,null,0,0,0
3417,20,secondary_proton,1,1,0
3418,0,null,0,0,0
3419,0,null,0,0,0
3420,9,pi+,1,1,0
3421,0,null,0,0,0
3422,0,null,0,0,0
3423,0,null,0,0,0
3424,0,null,0,0,0
3425,0,null,0,0,0
3426,0,null,0,0,0
3427,0,null,0,0,0
3428,0,null,0,0,0
3429,2415,e-,1,0,0
3430,0,null,0,0,0
3431,0,null,0,0,0
3432,0,null,0,0,0
3433,0,null,0,0,0
3434,1,primary_proton,1,1,1
3435,0,null,0,0,0
3436,0,null,0,0,0
3437,0,null,0,0,0
3438,0,null,0,0,0
3439,0,null,0,0,0
3440,0,null,0,0,0
3441,0,null,0,0,0
3442,0,null,0,0,0
3443,0,null,0,0,0
3444,0,null,0,0,0
3445,0,null,0,0,0
3446,0,null,0,0,0
3447,0,null,0,0,0
3448,0,null,0,0,0
3449,0,null,0,0,0
3450,0,null,0,0,0
3451,0,null,0,0,0
3452,0,null,0,0,0
3453,0,null,0,0,0
3454,0,null,0,0,0
3455,0,null,0,0,0
3456,0,null,0,0,0
3457,0,null,0,0,0
3458,0,null,0,0,0
3459,0,null,0,0,0
3460,1,primary_proton,1,1,1
3461,0,null,0,0,0
3462,0,null,0,0,0
3463,0,null,0,0,0
3464,0,null,0,0,0
3465,0,null,0,0,0
3466,0,null,0,0,0
3467,0,null,0,0,0
3468,0,null,0,0,0
3469,0,null,0,0,0
3470,0,null,0,0,0
3471,0,null,0,0,0
3472,29,pi+,1,0,0
3473,0,null,0,0,0
3474,0,null,0,0,0
3475,0,null,0,0,0
3476,0,null,0,0,0
3477,0,null,0,0,0
3478,0,null,0,0,0
3479,9,secondary_proton,1,1,1
3480,0,null,0,0,0
3481,0,null,0,0,0
3482,0,null,0,0,0
3483,0,null,0,0,0
3484,0,null,0,0,0
3485,0,null,0,0,0
3486,0,null,0,0,0
3487,0,null,0,0,0
3488,0,null,0,0,0
3489,1,primary_proton,1,1,1
3490,0,null,0,0,0
3491,0,null,0,0,0
3492,0,null,0,0,0
3493,0,null,0,0,0
3494,0,null,0,0,0
3495,0,null,0,0,0
3496,0,null,0,0,0
3497,0,null,0,0,0
3498,1,primary_proton,1,1,1
3499,0,null,0,0,0
3500,0,null,0,0,0
3501,0,null,0,0,0
3502,0,null,0,0,0
3503,0,null,0,0,0
3504,0,null,0,0,0
3505,0,null,0,0,0
3506,0,null,0,0,0
3507,0,null,0,0,0
3508,0,null,0,0,0
3509,0,null,0,0,0
3510,0,null,0,0,0
3511,0,null,0,0,0
3512,101,pi+,1,1,1
3513,0,null,0,0,0
3514,0,null,0,0,0
3515,0,null,0,0,0
3516,0,null,0,0,0
3517,0,null,0,0,0
3518,9,pi-,1,1,1
3519,0,null,0,0,0
3520,0,null,0,0,0
3521,0,null,0,0,0
3522,0,null,0,0,0
3523,0,null,0,0,0
3524,0,null,0,0,0
3525,0,null,0,0,0
3526,0,null,0,0,0
3527,0,null,0,0,0
3528,0,null,0,0,0
3529,0,null,0,0,0
3530,0,null,0,0,0
3531,0,null,0,0,0
3532,0,null,0,0,0
3533,0,null,0,0,0
3534,0,null,0,0,0
3535,0,null,0,0,0
3536,0,null,0,0,0
3537,0,null,0,0,0
3538,0,null,0,0,0
3539,1,primary_proton,1,1,1
3540,0,null,0,0,0
3541,0,null,0,0,0
3542,0,null,0,0,0
3543,0,null,0,0,0
3544,0,null,0,0,0
3545,0,null,0,0,0
3546,0,null,0,0,0
3547,0,null,0,0,0
3548,0,null,0,0,0
3549,0,null,0,0,0
3550,0,null,0,0,0
3551,0,null,0,0,0
3552,0,null,0,0,0
3553,0,null,0,0,0
3554,3475,e-,0,1,0
3555,0,null,0,0,0
3556,3,secondary_proton,1,1,1
3557,0,null,0,0,0
3558,0,null,0,0,0
3559,0,null,0,0,0
3560,0,null,0,0,0
3561,0,null,0,0,0
3562,0,null,0,0,0
3563,0,null,0,0,0
3564,0,null,0,0,0
3565,0,null,0,0,0
3566,0,null,0,0,0
3567,0,null,0,0,0
3568,0,null,0,0,0
3569,0,null,0,0,0
3570,0,null,0,0,0
3571,0,null,0,0,0
3572,0,null,0,0,0
3573,1,primary_proton,1,1,1
3574,26,secondary_proton,1,0,0
3575,820,e-,1,1,1
3576,0,null,0,0,0
3577,0,null,0,0,0
3578,0,null,0,0,0
3579,0,null,0,0,0
3580,0,null,0,0,0
3581,0,null,0,0,0
3582,0,null,0,0,0
3584,0,null,0,0,0
3585,0,null,0,0,0
3586,0,null,0,0,0
3587,5,secondary_proton,1,1,1
3588,0,null,0,0,0
3589,0,null,0,0,0
3590,0,null,0,0,0
3591,0,null,0,0,0
3592,0,null,0,0,0
3593,13,secondary_proton,1,1,0
3594,0,null,0,0,0
3595,0,null,0,0,0
3596,0,null,0,0,0
3597,0,null,0,0,0
3598,0,null,0,0,0
3599,0,null,0,0,0
3600,0,null,0,0,0
3601,5,pi-,1,0,0
3602,0,null,0,0,0
3603,0,null,0,0,0
3604,0,null,0,0,0
3605,0,null,0,0,0
3606,0,null,0,0,0
3607,0,null,0,0,0
3608,0,null,0,0,0
3609,0,null,0,0,0
3610,0,null,0,0,0
3611,0,null,0,0,0
3612,0,null,0,0,0
3613,0,null,0,0,0
3614,0,null,0,0,0
3615,0,null,0,0,0
3616,28,pi-,1,1,1
3617,0,null,0,0,0
3618,0,null,0,0,0
3619,0,null,0,0,0
3620,1,primary_proton,1,1,1
3621,0,null,0,0,0
3622,0,null,0,0,0
3623,0,null,0,0,0
3624,3214,pi-,1,1,1
3625,0,null,0,0,0
3626,0,null,0,0,0
3627,0,null,0,0,0
3628,0,null,0,0,0
3629,0,null,0,0,0
3630,0,null,0,0,0
3631,0,null,0,0,0
3632,4,secondary_proton,1,1,1
3633,0,null,0,0,0
3634,0,null,0,0,0
3635,5,pi-,1,1,1
3636,0,null,0,0,0
3637,0,null,0,0,0
3638,0,null,0,0,0
3639,0,null,0,0,0
3640,0,null,0,0,0
3641,0,null,0,0,0
3642,0,null,0,0,0
3643,0,null,0,0,0
3644,0,null,0,0,0
3645,0,null,0,0,0
3646,0,null,0,0,0
3647,0,null,0,0,0
3648,0,null,0,0,0
3649,0,null,0,0,0
3650,0,null,0,0,0
3651,0,null,0,0,0
3652,0,null,0,0,0
3653,0,null,0,0,0
3654,0,null,0,0,0
3655,0,null,0,0,0
3656,0,null,0,0,0
3657,0,null,0,0,0
3658,0,null,0,0,0
3659,0,null,0,0,0
3660,0,null,0,0,0
3661,0,null,0,0,0
3662,0,null,0,0,0
3663,0,null,0,0,0
3664,0,null,0,0,0
3665,1,primary_proton,1,1,1
3666,0,null,0,0,0
3667,0,null,0,0,0
3668,0,null,0,0,0
3669,0,null,0,0,0
3670,0,null,0,0,0
3671,0,null,0,0,0
3672,0,null,0,0,0
3673,0,null,0,0,0
3674,0,null,0,0,0
3675,0,null,0,0,0
3676,0,null,0,0,0
3677,0,null,0,0,0
3678,0,null,0,0,0
3679,0,null,0,0,0
3680,0,null,0,0,0
3681,0,null,0,0,0
3682,0,null,0,0,0
3683,0,null,0,0,0
3684,0,null,0,0,0
3685,0,null,0,0,0
3686,4,secondary_proton,1,1,1
3687,0,null,0,0,0
3688,0,null,0,0,0
3689,0,null,0,0,0
3690,0,null,0,0,0
3691,0,null,0,0,0
3692,0,null,0,0,0
3693,0,null,0,0,0
3694,0,null,0,0,0
3695,0,null,0,0,0
3696,0,null,0,0,0
3697,0,null,0,0,0
3698,0,null,0,0,0
3699,0,null,0,0,0
3700,0,null,0,0,0
3701,0,null,0,0,0
3702,0,null,0,0,0
3703,0,null,0,0,0
3704,0,null,0,0,0
3705,0,null,0,0,0
3706,0,null,0,0,0
3707,0,null,0,0,0
3708,0,null,0,0,0
3709,0,null,0,0,0
3710,0,null,0,0,0
3711,0,null,0,0,0
3712,0,null,0,0,0
3713,0,null,0,0,0
3714,0,null,0,0,0
3715,0,null,0,0,0
3716,0,null,0,0,0
3717,0,null,0,0,0
3718,0,null,0,0,0
3719,0,null,0,0,0
3720,1,primary_proton,1,1,1
3721,0,null,0,0,0
3722,0,null,0,0,0
3723,0,null,0,0,0
3724,0,null,0,0,0
3725,0,null,0,0,0
3726,0,null,0,0,0
3727,370,secondary_proton,1,1,0
3728,0,null,0,0,0
3729,0,null,0,0,0
3730,0,null,0,0,0
3731,0,null,0,0,0
3732,0,null,0,0,0
3733,0,null,0,0,0
3734,0,null,0,0,0
3735,0,null,0,0,0
3736,0,null,0,0,0
3737,0,null,0,0,0
3738,0,null,0,0,0
3739,0,null,0,0,0
3740,0,null,0,0,0
3741,0,null,0,0,0
3742,10,pi-,1,0,0
3743,0,null,0,0,0
3744,0,null,0,0,0
3745,0,null,0,0,0
3746,5,pi+,1,1,1
3747,0,null,0,0,0
3748,0,null,0,0,0
3749,0,null,0,0,0
3750,0,null,0,0,0
3751,0,null,0,0,0
3752,0,null,0,0,0
3753,0,null,0,0,0
3754,0,null,0,0,0
3755,0,null,0,0,0
3756,0,null,0,0,0
3757,0,null,0,0,0
3758,0,null,0,0,0
3759,0,null,0,0,0
3760,0,null,0,0,0
3761,0,null,0,0,0
3762,0,null,0,0,0
3763,0,null,0,0,0
3764,0,null,0,0,0
3765,0,null,0,0,0
3766,0,null,0,0,0
3767,0,null,0,0,0
3768,0,null,0,0,0
3769,0,null,0,0,0
3770,0,null,0,0,0
3771,0,null,0,0,0
3772,0,null,0,0,0
3773,0,null,0,0,0
3774,0,null,0,0,0
3775,0,null,0,0,0
3776,0,null,0,0,0
3777,0,null,0,0,0
3778,0,null,0,0,0
3779,0,null,0,0,0
3780,0,null,0,0,0
3781,0,null,0,0,0
3782,0,null,0,0,0
3783,0,null,0,0,0
3784,0,null,0,0,0
3785,0,null,0,0,0
3786,0,null,0,0,0
3787,0,null,0,0,0
3788,0,null,0,0,0
3789,7,pi+,1,1,1
3790,0,null,0,0,0
3791,0,null,0,0,0
3792,0,null,0,0,0
3793,0,null,0,0,0
3794,0,null,0,0,0
3795,0,null,0,0,0
3796,0,null,0,0,0
3797,4625,e-,1,0,0
3798,0,null,0,0,0
3799,0,null,0,0,0
3800,1379,e-,1,0,0
3801,0,null,0,0,0
3802,0,null,0,0,0
3803,0,null,0,0,0
3804,0,null,0,0,0
3806,0,null,0,0,0
3807,0,null,0,0,0
3808,0,null,0,0,0
3809,0,null,0,0,0
3810,0,null,0,0,0
3811,0,null,0,0,0
3812,0,null,0,0,0
3813,0,null,0,0,0
3814,0,null,0,0,0
3815,0,null,0,0,0
3816,0,null,0,0,0
3817,1,primary_proton,1,1,1
3818,0,null,0,0,0
3819,0,null,0,0,0
3820,0,null,0,0,0
3821,0,null,0,0,0
3822,0,null,0,0,0
3823,0,null,0,0,0
3824,0,null,0,0,0
3825,0,null,0,0,0
3826,0,null,0,0,0
3827,0,null,0,0,0
3828,0,null,0,0,0
3829,0,null,0,0,0
3830,0,null,0,0,0
3831,14,secondary_proton,1,1,0
3832,0,null,0,0,0
3833,0,null,0,0,0
3834,0,null,0,0,0
3835,0,null,0,0,0
3836,0,null,0,0,0
3837,0,null,0,0,0
3838,0,null,0,0,0
3839,0,null,0,0,0
3840,0,null,0,0,0
3841,0,null,0,0,0
3842,0,null,0,0,0
3843,1,primary_proton,1,1,1
3844,0,null,0,0,0
3845,0,null,0,0,0
3846,1,primary_proton,1,1,1
3847,18,pi+,1,1,1
3848,0,null,0,0,0
3849,0,null,0,0,0
3850,0,null,0,0,0
3851,0,null,0,0,0
3852,0,null,0,0,0
3853,0,null,0,0,0
3854,0,null,0,0,0
3855,0,null,0,0,0
3856,1,primary_proton,1,1,1
3857,0,null,0,0,0
3858,0,null,0,0,0
3859,0,null,0,0,0
3860,0,null,0,0,0
3861,0,null,0,0,0
3862,0,null,0,0,0
3863,0,null,0,0,0
3864,0,null,0,0,0
3865,0,null,0,0,0
3866,0,null,0,0,0
3867,0,null,0,0,0
3868,0,null,0,0,0
3869,0,null,0,0,0
3870,0,null,0,0,0
3871,0,null,0,0,0
3872,0,null,0,0,0
3873,0,null,0,0,0
3874,0,null,0,0,0
3875,5899,pi+,1,0,0
3876,0,null,0,0,0
3877,0,null,0,0,0
3878,0,null,0,0,0
3879,0,null,0,0,0
3880,0,null,0,0,0
3881,0,null,0,0,0
3882,0,null,0,0,0
3883,0,null,0,0,0
3884,0,null,0,0,0
3885,0,null,0,0,0
3886,0,null,0,0,0
3887,10,pi-,1,1,1
3888,0,null,0,0,0
3889,0,null,0,0,0
3890,0,null,0,0,0
3891,0,null,0,0,0
3892,0,null,0,0,0
3893,0,null,0,0,0
3894,0,null,0,0,0
3895,0,null,0,0,0
3896,0,null,0,0,0
3897,0,null,0,0,0
3898,0,null,0,0,0
3899,1,primary_proton,1,1,1
3900,0,null,0,0,0
3901,0,null,0,0,0
3902,0,null,0,0,0
3903,0,null,0,0,0
3904,0,null,0,0,0
3905,0,null,0,0,0
3906,0,null,0,0,0
3907,0,null,0,0,0
3908,0,null,0,0,0
3909,0,null,0,0,0
3910,0,null,0,0,0
3911,0,null,0,0,0
3912,0,null,0,0,0
3913,0,null,0,0,0
3914,7,pi+,1,1,1
3915,0,null,0,0,0
3916,0,null,0,0,0
3917,0,null,0,0,0
3918,0,null,0,0,0
3919,0,null,0,0,0
3920,0,null,0,0,0
3921,0,null,0,0,0
3922,0,null,0,0,0
3923,0,null,0,0,0
3924,2894,e-,1,0,0
3925,1,primary_proton,1,1,1
3926,0,null,0,0,0
3927,0,null,0,0,0
3928,0,null,0,0,0
3929,0,null,0,0,0
3930,0,null,0,0,0
3931,0,null,0,0,0
3932,0,null,0,0,0
3933,0,null,0,0,0
3934,0,null,0,0,0
3935,0,null,0,0,0
3936,0,null,0,0,0
3937,0,null,0,0,0
3938,0,null,0,0,0
3939,0,null,0,0,0
3940,0,null,0,0,0
3941,0,null,0,0,0
3942,0,null,0,0,0
3943,0,null,0,0,0
3944,0,null,0,0,0
3945,0,null,0,0,0
3946,0,null,0,0,0
3947,0,null,0,0,0
3948,0,null,0,0,0
3949,0,null,0,0,0
3950,0,null,0,0,0
3951,1,primary_proton,1,1,1
3952,0,null,0,0,0
3953,0,null,0,0,0
3954,0,null,0,0,0
3955,0,null,0,0,0
3956,0,null,0,0,0
3957,0,null,0,0,0
3958,0,null,0,0,0
3959,0,null,0,0,0
3960,0,null,0,0,0
3961,0,null,0,0,0
3962,0,null,0,0,0
3963,0,null,0,0,0
3964,12,secondary_proton,1,1,1
3965,0,null,0,0,0
3966,0,null,0,0,0
3967,0,null,0,0,0
3968,0,null,0,0,0
3969,0,null,0,0,0
3970,0,null,0,0,0
3971,0,null,0,0,0
3972,0,null,0,0,0
3973,0,null,0,0,0
3974,0,null,0,0,0
3975,0,null,0,0,0
3976,8,secondary_proton,1,1,0
3977,0,null,0,0,0
3978,0,null,0,0,0
3979,0,null,0,0,0
3980,0,null,0,0,0
3981,0,null,0,0,0
3982,0,null,0,0,0
3983,0,null,0,0,0
3984,0,null,0,0,0
3985,0,null,0,0,0
3986,0,null,0,0,0
3987,8,pi-,1,1,1
3988,0,null,0,0,0
3989,0,null,0,0,0
3990,11,secondary_proton,1,1,1
3991,0,null,0,0,0
3992,1,primary_proton,1,1,1
3993,1,primary_proton,1,1,1
3994,0,null,0,0,0
3995,0,null,0,0,0
3996,0,null,0,0,0
3997,0,null,0,0,0
3998,0,null,0,0,0
3999,1,primary_proton,1,1,1
4000,0,null,0,0,0
4001,0,null,0,0,0
4002,0,null,0,0,0
4003,2,secondary_proton,1,1,1
4004,0,null,0,0,0
4005,0,null,0,0,0
4006,0,null,0,0,0
4007,13,pi+,1,1,1
4008,0,null,0,0,0
4009,0,null,0,0,0
4010,0,null,0,0,0
4011,0,null,0,0,0
4012,0,null,0,0,0
4013,0,null,0,0,0
4014,0,null,0,0,0
4015,0,null,0,0,0
4016,0,null,0,0,0
4017,0,null,0,0,0
4018,0,null,0,0,0
4019,0,null,0,0,0
4020,0,null,0,0,0
4021,0,null,0,0,0
4022,0,null,0,0,0
4023,0,null,0,0,0
4025,0,null,0,0,0
4026,0,null,0,0,0
4027,0,null,0,0,0
4028,0,null,0,0,0
4029,0,null,0,0,0
4030,1,primary_proton,1,1,1
4031,0,null,0,0,0
4032,0,null,0,0,0
4033,0,null,0,0,0
4034,0,null,0,0,0
4035,0,null,0,0,0
4036,0,null,0,0,0
4037,0,null,0,0,0
4038,0,null,0,0,0
4039,0,null,0,0,0
4040,0,null,0,0,0
4041,0,null,0,0,0
4042,0,null,0,0,0
4043,0,null,0,0,0
4044,0,null,0,0,0
4045,0,null,0,0,0
4046,0,null,0,0,0
4047,0,null,0,0,0
4048,0,null,0,0,0
4049,0,null,0,0,0
4050,0,null,0,0,0
4051,1,primary_proton,1,1,1
4052,0,null,0,0,0
4053,0,null,0,0,0
4054,0,null,0,0,0
4055,1,primary_proton,1,1,1
4056,0,null,0,0,0
4057,0,null,0,0,0
4058,0,null,0,0,0
4059,0,null,0,0,0
4060,0,null,0,0,0
4061,1,primary_proton,1,1,1
4062,0,null,0,0,0
4063,1,primary_proton,1,1,1
4064,0,null,0,0,0
4065,17,pi-,1,1,1
4066,0,null,0,0,0
4067,1,primary_proton,1,1,1
4068,0,null,0,0,0
4069,0,null,0,0,0
4070,0,null,0,0,0
4071,0,null,0,0,0
4072,0,null,0,0,0
4073,1,primary_proton,1,1,1
4074,0,null,0,0,0
4075,0,null,0,0,0
4076,0,null,0,0,0
4077,0,null,0,0,0
4078,0,null,0,0,0
4079,0,null,0,0,0
4080,0,null,0,0,0
4081,0,null,0,0,0
4082,0,null,0,0,0
4083,0,null,0,0,0
4084,8,pi+,1,1,0
4085,0,null,0,0,0
4086,0,null,0,0,0
4087,0,null,0,0,0
4088,0,null,0,0,0
4089,0,null,0,0,0
4090,6,secondary_proton,1,1,0
4091,0,null,0,0,0
4092,0,null,0,0,0
4093,0,null,0,0,0
4094,0,null,0,0,0
4095,0,null,0,0,0
4096,0,null,0,0,0
4097,0,null,0,0,0
4098,0,null,0,0,0
4099,0,null,0,0,0
4100,0,null,0,0,0
4101,0,null,0,0,0
4102,0,null,0,0,0
4103,0,null,0,0,0
4104,0,null,0,0,0
4105,0,null,0,0,0
4106,0,null,0,0,0
4107,0,null,0,0,0
4108,0,null,0,0,0
4109,0,null,0,0,0
4110,0,null,0,0,0
4111,0,null,0,0,0
4112,0,null,0,0,0
4113,0,null,0,0,0
4114,1,primary_proton,1,1,1
4115,0,null,0,0,0
4116,0,null,0,0,0
4117,0,null,0,0,0
4118,0,null,0,0,0
4119,0,null,0,0,0
4120,0,null,0,0,0
4121,0,null,0,0,0
4122,0,null,0,0,0
4123,0,null,0,0,0
4124,0,null,0,0,0
4125,0,null,0,0,0
4126,0,null,0,0,0
4127,0,null,0,0,0
4128,0,null,0,0,0
4129,0,null,0,0,0
4130,1425,pi+,1,0,0
4131,0,null,0,0,0
4132,0,null,0,0,0
4133,0,null,0,0,0
4134,0,null,0,0,0
4135,0,null,0,0,0
4136,0,null,0,0,0
4137,0,null,0,0,0
4138,0,null,0,0,0
4139,0,null,0,0,0
4140,0,null,0,0,0
4141,0,null,0,0,0
4142,7,secondary_proton,1,1,1
4143,0,null,0,0,0
4144,0,null,0,0,0
4145,0,null,0,0,0
4146,1,primary_proton,1,1,1
4147,0,null,0,0,0
4148,0,null,0,0,0
4149,0,null,0,0,0
4150,0,null,0,0,0
4151,0,null,0,0,0
4152,0,null,0,0,0
4153,19,pi-,1,0,0
4154,0,null,0,0,0
4155,0,null,0,0,0
4156,0,null,0,0,0
4157,18,pi-,1,1,1
4158,0,null,0,0,0
4159,0,null,0,0,0
4160,0,null,0,0,0
4161,1,primary_proton,1,1,1
4162,0,null,0,0,0
4163,0,null,0,0,0
4164,0,null,0,0,0
4165,0,null,0,0,0
4166,0,null,0,0,0
4167,0,null,0,0,0
4168,0,null,0,0,0
4169,0,null,0,0,0
4170,0,null,0,0,0
4171,0,null,0,0,0
4172,0,null,0,0,0
4173,0,null,0,0,0
4174,0,null,0,0,0
4175,0,null,0,0,0
4176,0,null,0,0,0
4177,0,null,0,0,0
4178,0,null,0,0,0
4179,0,null,0,0,0
4180,0,null,0,0,0
4181,0,null,0,0,0
4182,0,null,0,0,0
4183,0,null,0,0,0
4184,0,null,0,0,0
4185,0,null,0,0,0
4186,0,null,0,0,0
4187,0,null,0,0,0
4188,0,null,0,0,0
4189,0,null,0,0,0
4190,0,null,0,0,0
4191,0,null,0,0,0
4192,0,null,0,0,0
4193,0,null,0,0,0
4194,0,null,0,0,0
4195,0,null,0,0,0
4196,0,null,0,0,0
4197,0,null,0,0,0
4198,0,null,0,0,0
4199,0,null,0,0,0
4200,0,null,0,0,0
4201,0,null,0,0,0
4202,0,null,0,0,0
4203,0,null,0,0,0
4204,0,null,0,0,0
4205,0,null,0,0,0
4206,36,pi+,1,1,1
4207,0,null,0,0,0
4208,0,null,0,0,0
4209,0,null,0,0,0
4210,0,null,0,0,0
4211,0,null,0,0,0
4212,0,null,0,0,0
4213,0,null,0,0,0
4214,0,null,0,0,0
4215,0,null,0,0,0
4216,0,null,0,0,0
4217,1,primary_proton,1,1,1
4218,1,primary_proton,1,1,1
4219,0,null,0,0,0
4220,0,null,0,0,0
4221,0,null,0,0,0
4222,0,null,0,0,0
4223,0,null,0,0,0
4224,0,null,0,0,0
4225,0,null,0,0,0
4226,0,null,0,0,0
4227,0,null,0,0,0
4228,0,null,0,0,0
4229,0,null,0,0,0
4230,0,null,0,0,0
4231,0,null,0,0,0
4232,0,null,0,0,0
4233,0,null,0,0,0
4234,0,null,0,0,0
4235,0,null,0,0,0
4236,0,null,0,0,0
4237,0,null,0,0,0
4238,0,null,0,0,0
4239,0,null,0,0,0
4240,0,null,0,0,0
4241,0,null,0,0,0
4242,0,null,0,0,0
4244,0,null,0,0,0
4245,0,null,0,0,0
4246,0,null,0,0,0
4247,0,null,0,0,0
4248,0,null,0,0,0
4249,0,null,0,0,0
4250,0,null,0,0,0
4251,13,pi-,1,1,1
4252,0,null,0,0,0
4253,0,null,0,0,0
4254,0,null,0,0,0
4255,0,null,0,0,0
4256,0,null,0,0,0
4257,0,null,0,0,0
4258,0,null,0,0,0
4259,1,primary_proton,1,1,1
4260,0,null,0,0,0
4261,0,null,0,0,0
4262,0,null,0,0,0
4263,0,null,0,0,0
4264,0,null,0,0,0
4265,0,null,0,0,0
4266,0,null,0,0,0
4267,0,null,0,0,0
4268,0,null,0,0,0
4269,0,null,0,0,0
4270,0,null,0,0,0
4271,0,null,0,0,0
4272,0,null,0,0,0
4273,0,null,0,0,0
4274,0,null,0,0,0
4275,0,null,0,0,0
4276,0,null,0,0,0
4277,0,null,0,0,0
4278,0,null,0,0,0
4279,0,null,0,0,0
4280,9,secondary_proton,1,1,1
4281,0,null,0,0,0
4282,0,null,0,0,0
4283,0,null,0,0,0
4284,0,null,0,0,0
4285,0,null,0,0,0
4286,0,null,0,0,0
4287,1,primary_proton,1,1,1
4288,0,null,0,0,0
4289,0,null,0,0,0
4290,0,null,0,0,0
4291,0,null,0,0,0
4292,0,null,0,0,0
4293,0,null,0,0,0
4294,0,null,0,0,0
4295,0,null,0,0,0
4296,8,secondary_proton,1,1,1
4297,0,null,0,0,0
4298,0,null,0,0,0
4299,0,null,0,0,0
4300,0,null,0,0,0
4301,0,null,0,0,0
4302,0,null,0,0,0
4303,0,null,0,0,0
4304,0,null,0,0,0
4305,0,null,0,0,0
4306,0,null,0,0,0
4307,0,null,0,0,0
4308,2,secondary_proton,1,1,1
4309,0,null,0,0,0
4310,27,pi-,1,1,1
4311,0,null,0,0,0
4312,0,null,0,0,0
4313,0,null,0,0,0
4314,0,null,0,0,0
4315,0,null,0,0,0
4316,0,null,0,0,0
4317,0,null,0,0,0
4318,0,null,0,0,0
4319,0,null,0,0,0
4320,0,null,0,0,0
4321,0,null,0,0,0
4322,0,null,0,0,0
4323,0,null,0,0,0
4324,0,null,0,0,0
4325,0,null,0,0,0
4326,0,null,0,0,0
4327,0,null,0,0,0
4328,221,pi+,1,1,1
4329,0,null,0,0,0
4330,0,null,0,0,0
4331,0,null,0,0,0
4332,0,null,0,0,0
4333,0,null,0,0,0
4334,0,null,0,0,0
4335,0,null,0,0,0
4336,0,null,0,0,0
4337,0,null,0,0,0
4338,5,secondary_proton,1,1,1
4339,0,null,0,0,0
4340,0,null,0,0,0
4341,0,null,0,0,0
4342,0,null,0,0,0
4343,0,null,0,0,0
4344,0,null,0,0,0
4345,0,null,0,0,0
4346,1,primary_proton,1,1,1
4347,0,null,0,0,0
4348,0,null,0,0,0
4349,0,null,0,0,0
4350,0,null,0,0,0
4351,0,null,0,0,0
4352,0,null,0,0,0
4353,0,null,0,0,0
4354,0,null,0,0,0
4355,0,null,0,0,0
4356,0,null,0,0,0
4357,0,null,0,0,0
4358,8,pi+,1,1,1
4359,0,null,0,0,0
4360,0,null,0,0,0
4361,0,null,0,0,0
4362,0,null,0,0,0
4363,0,null,0,0,0
4364,0,null,0,0,0
4365,0,null,0,0,0
4366,5,pi+,1,1,0
4367,1,primary_proton,1,1,1
4368,0,null,0,0,0
4369,11,pi+,1,1,1
4370,0,null,0,0,0
4371,5,secondary_proton,1,1,1
4372,0,null,0,0,0
4373,10,pi-,1,1,1
4374,0,null,0,0,0
4375,0,null,0,0,0
4376,0,null,0,0,0
4377,0,null,0,0,0
4378,0,null,0,0,0
4379,0,null,0,0,0
4380,0,null,0,0,0
4381,0,null,0,0,0
4382,0,null,0,0,0
4383,0,null,0,0,0
4384,0,null,0,0,0
4385,0,null,0,0,0
4386,0,null,0,0,0
4387,0,null,0,0,0
4388,0,null,0,0,0
4389,0,null,0,0,0
4390,0,null,0,0,0
4391,0,null,0,0,0
4392,0,null,0,0,0
4393,0,null,0,0,0
4394,0,null,0,0,0
4395,0,null,0,0,0
4396,0,null,0,0,0
4397,5,pi+,1,1,1
4398,0,null,0,0,0
4399,0,null,0,0,0
4400,0,null,0,0,0
4401,0,null,0,0,0
4402,0,null,0,0,0
4403,0,null,0,0,0
4404,0,null,0,0,0
4405,0,null,0,0,0
4406,0,null,0,0,0
4407,0,null,0,0,0
4408,0,null,0,0,0
4409,0,null,0,0,0
4410,0,null,0,0,0
4411,0,null,0,0,0
4412,0,null,0,0,0
4413,0,null,0,0,0
4414,0,null,0,0,0
4415,0,null,0,0,0
4416,0,null,0,0,0
4417,0,null,0,0,0
4418,0,null,0,0,0
4419,0,null,0,0,0
4420,0,null,0,0,0
4421,0,null,0,0,0
4422,0,null,0,0,0
4423,0,null,0,0,0
4424,0,null,0,0,0
4425,0,null,0,0,0
4426,0,null,0,0,0
4427,0,null,0,0,0
4428,0,null,0,0,0
4429,0,null,0,0,0
4430,0,null,0,0,0
4431,0,null,0,0,0
4432,0,null,0,0,0
4433,0,null,0,0,0
4434,0,null,0,0,0
4435,0,null,0,0,0
4436,7,secondary_proton,1,1,1
4437,0,null,0,0,0
4438,0,null,0,0,0
4439,0,null,0,0,0
4440,0,null,0,0,0
4441,0,null,0,0,0
4442,0,null,0,0,0
4443,0,null,0,0,0
4444,0,null,0,0,0
4445,0,null,0,0,0
4446,1,primary_proton,1,1,1
4447,0,null,0,0,0
4448,0,null,0,0,0
4449,0,null,0,0,0
4450,0,null,0,0,0
4451,0,null,0,0,0
4452,0,null,0,0,0
4453,0,null,0,0,0
4454,1,primary_proton,1,1,1
4455,0,null,0,0,0
4456,0,null,0,0,0
4457,0,null,0,0,0
4458,0,null,0,0,0
4459,0,null,0,0,0
4460,0,null,0,0,0
4461,0,null,0,0,0
4462,0,null,0,0,0
4463,0,null,0,0,0
4465,0,null,0,0,0
4466,0,null,0,0,0
4467,3486,e-,1,1,0
4468,0,null,0,0,0
4469,0,null,0,0,0
4470,0,null,0,0,0
4471,0,null,0,0,0
4472,0,null,0,0,0
4473,0,null,0,0,0
4474,0,null,0,0,0
4475,1,primary_proton,1,1,1
4476,0,null,0,0,0
4477,0,null,0,0,0
4478,0,null,0,0,0
4479,0,null,0,0,0
4480,0,null,0,0,0
4481,0,null,0,0,0
4482,0,null,0,0,0
4483,0,null,0,0,0
4484,0,null,0,0,0
4485,0,null,0,0,0
4486,0,null,0,0,0
4487,0,null,0,0,0
4488,4,secondary_proton,1,1,1
4489,11,pi+,1,1,1
4490,0,null,0,0,0
4491,0,null,0,0,0
4492,0,null,0,0,0
4493,0,null,0,0,0
4494,0,null,0,0,0
4495,0,null,0,0,0
4496,0,null,0,0,0
4497,0,null,0,0,0
4498,0,null,0,0,0
4499,0,null,0,0,0
4500,0,null,0,0,0
4501,0,null,0,0,0
4502,0,null,0,0,0
4503,0,null,0,0,0
4504,0,null,0,0,0
4505,0,null,0,0,0
4506,0,null,0,0,0
4507,0,null,0,0,0
4508,0,null,0,0,0
4509,0,null,0,0,0
4510,0,null,0,0,0
4511,0,null,0,0,0
4512,0,null,0,0,0
4513,0,null,0,0,0
4514,0,null,0,0,0
4515,0,null,0,0,0
4516,0,null,0,0,0
4517,0,null,0,0,0
4518,0,null,0,0,0
4519,0,null,0,0,0
4520,0,null,0,0,0
4521,0,null,0,0,0
4522,8,secondary_proton,1,1,1
4523,0,null,0,0,0
4524,0,null,0,0,0
4525,0,null,0,0,0
4526,0,null,0,0,0
4527,0,null,0,0,0
4528,0,null,0,0,0
4529,0,null,0,0,0
4530,0,null,0,0,0
4531,0,null,0,0,0
4532,0,null,0,0,0
4533,0,null,0,0,0
4534,0,null,0,0,0
4535,0,null,0,0,0
4536,0,null,0,0,0
4537,0,null,0,0,0
4538,0,null,0,0,0
4539,0,null,0,0,0
4540,0,null,0,0,0
4541,0,null,0,0,0
4542,0,null,0,0,0
4543,0,null,0,0,0
4544,0,null,0,0,0
4545,0,null,0,0,0
4546,0,null,0,0,0
4547,0,null,0,0,0
4548,0,null,0,0,0
4549,0,null,0,0,0
4550,0,null,0,0,0
4551,0,null,0,0,0
4552,0,null,0,0,0
4553,0,null,0,0,0
4554,1,primary_proton,1,1,1
4555,0,null,0,0,0
4556,0,null,0,0,0
4557,0,null,0,0,0
4558,0,null,0,0,0
4559,0,null,0,0,0
4560,9,pi+,1,1,0
4561,0,null,0,0,0
4562,0,null,0,0,0
4563,0,null,0,0,0
4564,0,null,0,0,0
4565,0,null,0,0,0
4566,0,null,0,0,0
4567,0,null,0,0,0
4568,0,null,0,0,0
4569,0,null,0,0,0
4570,0,null,0,0,0
4571,0,null,0,0,0
4572,0,null,0,0,0
4573,0,null,0,0,0
4574,0,null,0,0,0
4575,0,null,0,0,0
4576,0,null,0,0,0
4577,21,pi-,1,1,0
4578,0,null,0,0,0
4579,0,null,0,0,0
4580,0,null,0,0,0
4581,0,null,0,0,0
4582,0,null,0,0,0
4583,0,null,0,0,0
4584,3,secondary_proton,1,1,1
4585,0,null,0,0,0
4586,0,null,0,0,0
4587,0,null,0,0,0
4588,0,null,0,0,0
4589,0,null,0,0,0
4590,0,null,0,0,0
4591,0,null,0,0,0
4592,0,null,0,0,0
4593,0,null,0,0,0
4594,0,null,0,0,0
4595,0,null,0,0,0
4596,0,null,0,0,0
4597,0,null,0,0,0
4598,0,null,0,0,0
4599,0,null,0,0,0
4600,0,null,0,0,0
4601,0,null,0,0,0
4602,0,null,0,0,0
4603,0,null,0,0,0
4604,0,null,0,0,0
4605,0,null,0,0,0
4606,0,null,0,0,0
4607,0,null,0,0,0
4608,0,null,0,0,0
4609,0,null,0,0,0
4610,0,null,0,0,0
4611,0,null,0,0,0
4612,0,null,0,0,0
4613,0,null,0,0,0
4614,0,null,0,0,0
4615,0,null,0,0,0
4616,0,null,0,0,0
4617,0,null,0,0,0
4618,0,null,0,0,0
4619,0,null,0,0,0
4620,0,null,0,0,0
4621,0,null,0,0,0
4622,0,null,0,0,0
4623,0,null,0,0,0
4624,0,null,0,0,0
4625,0,null,0,0,0
4626,0,null,0,0,0
4627,0,null,0,0,0
4628,0,null,0,0,0
4629,0,null,0,0,0
4630,0,null,0,0,0
4631,0,null,0,0,0
4632,0,null,0,0,0
4633,0,null,0,0,0
4634,1,primary_proton,1,1,1
4635,0,null,0,0,0
4636,0,null,0,0,0
4637,0,null,0,0,0
4638,0,null,0,0,0
4639,2,secondary_proton,1,1,1
4640,0,null,0,0,0
4641,0,null,0,0,0
4642,0,null,0,0,0
4643,106,pi+,1,1,1
4644,0,null,0,0,0
4645,0,null,0,0,0
4646,0,null,0,0,0
4647,0,null,0,0,0
4648,0,null,0,0,0
4649,0,null,0,0,0
4650,0,null,0,0,0
4651,0,null,0,0,0
4652,0,null,0,0,0
4653,173,secondary_proton,1,1,1
4654,0,null,0,0,0
4655,1358,e-,1,0,1
4656,0,null,0,0,0
4657,0,null,0,0,0
4658,0,null,0,0,0
4659,0,null,0,0,0
4660,0,null,0,0,0
4661,0,null,0,0,0
4662,0,null,0,0,0
4663,0,null,0,0,0
4664,0,null,0,0,0
4665,0,null,0,0,0
4666,0,null,0,0,0
4667,0,null,0,0,0
4668,0,null,0,0,0
4669,0,null,0,0,0
4670,0,null,0,0,0
4671,5,secondary_proton,1,1,1
4672,0,null,0,0,0
4673,0,null,0,0,0
4674,0,null,0,0,0
4675,0,null,0,0,0
4676,0,null,0,0,0
4677,0,null,0,0,0
4678,1,primary_proton,1,1,1
4679,0,null,0,0,0
4680,0,null,0,0,0
4681,0,null,0,0,0
4682,0,null,0,0,0
4683,0,null,0,0,0
4684,0,null,0,0,0
4686,0,null,0,0,0
4687,0,null,0,0,0
4688,0,null,0,0,0
4689,0,null,0,0,0
4690,0,null,0,0,0
4691,6907,e-,1,1,0
4692,0,null,0,0,0
4693,0,null,0,0,0
4694,0,null,0,0,0
4695,1,primary_proton,1,1,1
4696,0,null,0,0,0
4697,0,null,0,0,0
4698,0,null,0,0,0
4699,0,null,0,0,0
4700,0,null,0,0,0
4701,0,null,0,0,0
4702,0,null,0,0,0
4703,0,null,0,0,0
4704,0,null,0,0,0
4705,0,null,0,0,0
4706,0,null,0,0,0
4707,0,null,0,0,0
4708,0,null,0,0,0
4709,0,null,0,0,0
4710,0,null,0,0,0
4711,0,null,0,0,0
4712,0,null,0,0,0
4713,0,null,0,0,0
4714,0,null,0,0,0
4715,0,null,0,0,0
4716,0,null,0,0,0
4717,0,null,0,0,0
4718,13,pi-,1,1,1
4719,0,null,0,0,0
4720,0,null,0,0,0
4721,0,null,0,0,0
4722,0,null,0,0,0
4723,0,null,0,0,0
4724,0,null,0,0,0
4725,0,null,0,0,0
4726,0,null,0,0,0
4727,0,null,0,0,0
4728,0,null,0,0,0
4729,0,null,0,0,0
4730,0,null,0,0,0
4731,0,null,0,0,0
4732,0,null,0,0,0
4733,0,null,0,0,0
4734,0,null,0,0,0
4735,0,null,0,0,0
4736,0,null,0,0,0
4737,285,pi+,1,1,1
4738,0,null,0,0,0
4739,0,null,0,0,0
4740,0,null,0,0,0
4741,0,null,0,0,0
4742,0,null,0,0,0
4743,0,null,0,0,0
4744,0,null,0,0,0
4745,0,null,0,0,0
4746,329,e-,1,1,1
4747,0,null,0,0,0
4748,0,null,0,0,0
4749,0,null,0,0,0
4750,0,null,0,0,0
4751,0,null,0,0,0
4752,0,null,0,0,0
4753,0,null,0,0,0
4754,0,null,0,0,0
4755,1,primary_proton,1,1,1
4756,0,null,0,0,0
4757,0,null,0,0,0
4758,0,null,0,0,0
4759,0,null,0,0,0
4760,0,null,0,0,0
4761,0,null,0,0,0
4762,0,null,0,0,0
4763,0,null,0,0,0
4764,0,null,0,0,0
4765,0,null,0,0,0
4766,0,null,0,0,0
4767,0,null,0,0,0
4768,0,null,0,0,0
4769,0,null,0,0,0
4770,0,null,0,0,0
4771,0,null,0,0,0
4772,0,null,0,0,0
4773,0,null,0,0,0
4774,0,null,0,0,0
4775,0,null,0,0,0
4776,0,null,0,0,0
4777,0,null,0,0,0
4778,0,null,0,0,0
4779,0,null,0,0,0
4780,0,null,0,0,0
4781,0,null,0,0,0
4782,0,null,0,0,0
4783,0,null,0,0,0
4784,29,secondary_proton,1,1,0
4785,0,null,0,0,0
4786,0,null,0,0,0
4787,0,null,0,0,0
4788,0,null,0,0,0
4789,0,null,0,0,0
4790,0,null,0,0,0
4791,0,null,0,0,0
4792,0,null,0,0,0
4793,0,null,0,0,0
4794,0,null,0,0,0
4795,0,null,0,0,0
4796,0,null,0,0,0
4797,0,null,0,0,0
4798,0,null,0,0,0
4799,1,primary_proton,1,1,1
4800,0,null,0,0,0
4801,0,null,0,0,0
4802,0,null,0,0,0
4803,0,null,0,0,0
4804,1,primary_proton,1,1,1
4805,0,null,0,0,0
4806,0,null,0,0,0
4807,0,null,0,0,0
4808,0,null,0,0,0
4809,0,null,0,0,0
4810,0,null,0,0,0
4811,0,null,0,0,0
4812,0,null,0,0,0
4813,0,null,0,0,0
4814,0,null,0,0,0
4815,3117,e-,0,1,0
4816,0,null,0,0,0
4817,0,null,0,0,0
4818,0,null,0,0,0
4819,0,null,0,0,0
4820,0,null,0,0,0
4821,14,pi+,1,0,0
4822,0,null,0,0,0
4823,0,null,0,0,0
4824,0,null,0,0,0
4825,0,null,0,0,0
4826,0,null,0,0,0
4827,0,null,0,0,0
4828,0,null,0,0,0
4829,0,null,0,0,0
4830,0,null,0,0,0
4831,0,null,0,0,0
4832,0,null,0,0,0
4833,0,null,0,0,0
4834,0,null,0,0,0
4835,0,null,0,0,0
4836,0,null,0,0,0
4837,0,null,0,0,0
4838,0,null,0,0,0
4839,0,null,0,0,0
4840,0,null,0,0,0
4841,0,null,0,0,0
4842,0,null,0,0,0
4843,0,null,0,0,0
4844,0,null,0,0,0
4845,0,null,0,0,0
4846,0,null,0,0,0
4847,0,null,0,0,0
4848,0,null,0,0,0
4849,0,null,0,0,0
4850,0,null,0,0,0
4851,0,null,0,0,0
4852,0,null,0,0,0
4853,0,null,0,0,0
4854,0,null,0,0,0
4855,0,null,0,0,0
4856,0,null,0,0,0
4857,9,pi+,1,1,1
4858,0,null,0,0,0
4859,19,pi-,1,1,1
4860,0,null,0,0,0
4861,0,null,0,0,0
4862,0,null,0,0,0
4863,0,null,0,0,0
4864,0,null,0,0,0
4865,0,null,0,0,0
4866,0,null,0,0,0
4867,0,null,0,0,0
4868,0,null,0,0,0
4869,0,null,0,0,0
4870,0,null,0,0,0
4871,0,null,0,0,0
4872,0,null,0,0,0
4873,0,null,0,0,0
4874,0,null,0,0,0
4875,0,null,0,0,0
4876,0,null,0,0,0
4877,0,null,0,0,0
4878,0,null,0,0,0
4879,0,null,0,0,0
4880,0,null,0,0,0
4881,0,null,0,0,0
4882,0,null,0,0,0
4883,0,null,0,0,0
4884,0,null,0,0,0
4885,0,null,0,0,0
4886,0,null,0,0,0
4887,0,null,0,0,0
4888,0,null,0,0,0
4889,0,null,0,0,0
4890,0,null,0,0,0
4891,0,null,0,0,0
4892,0,null,0,0,0
4893,0,null,0,0,0
4894,0,null,0,0,0
4895,0,null,0,0,0
4896,0,null,0,0,0
4897,0,null,0,0,0
4898,0,null,0,0,0
4899,0,null,0,0,0
4900,0,null,0,0,0
4901,0,null,0,0,0
4902,0,null,0,0,0
4903,0,null,0,0,0
4904,0,null,0,0,0
4905,0,null,0,0,0
4906,0,null,0,0,0
4907,0,null,0,0,0
4908,0,null,0,0,0
4910,0,null,0,0,0
4911,0,null,0,0,0
4912,6018,e-,1,1,1
4913,0,null,0,0,0
4914,0,null,0,0,0
4915,0,null,0,0,0
4916,0,null,0,0,0
4917,0,null,0,0,0
4918,0,null,0,0,0
4919,0,null,0,0,0
4920,0,null,0,0,0
4921,0,null,0,0,0
4922,1,primary_proton,1,1,1
4923,0,null,0,0,0
4924,0,null,0,0,0
4925,0,null,0,0,0
4926,0,null,0,0,0
4927,0,null,0,0,0
4928,0,null,0,0,0
4929,0,null,0,0,0
4930,0,null,0,0,0
4931,0,null,0,0,0
4932,0,null,0,0,0
4933,0,null,0,0,0
4934,12,pi+,1,1,1
4935,0,null,0,0,0
4936,0,null,0,0,0
4937,7,secondary_proton,1,1,1
4938,0,null,0,0,0
4939,0,null,0,0,0
4940,0,null,0,0,0
4941,0,null,0,0,0
4942,0,null,0,0,0
4943,0,null,0,0,0
4944,0,null,0,0,0
4945,0,null,0,0,0
4946,0,null,0,0,0
4947,0,null,0,0,0
4948,0,null,0,0,0
4949,0,null,0,0,0
4950,0,null,0,0,0
4951,0,null,0,0,0
4952,0,null,0,0,0
4953,0,null,0,0,0
4954,0,null,0,0,0
4955,0,null,0,0,0
4956,0,null,0,0,0
4957,0,null,0,0,0
4958,0,null,0,0,0
4959,0,null,0,0,0
4960,0,null,0,0,0
4961,0,null,0,0,0
4962,0,null,0,0,0
4963,0,null,0,0,0
4964,0,null,0,0,0
4965,0,null,0,0,0
4966,0,null,0,0,0
4967,0,null,0,0,0
4968,0,null,0,0,0
4969,0,null,0,0,0
4970,0,null,0,0,0
4971,0,null,0,0,0
4972,0,null,0,0,0
4973,0,null,0,0,0
4974,0,null,0,0,0
4975,0,null,0,0,0
4976,0,null,0,0,0
4977,1067,secondary_proton,1,1,1
4978,0,null,0,0,0
4979,0,null,0,0,0
4980,0,null,0,0,0
4981,0,null,0,0,0
4982,0,null,0,0,0
4983,0,null,0,0,0
4984,0,null,0,0,0
4985,0,null,0,0,0
4986,0,null,0,0,0
4987,0,null,0,0,0
4988,0,null,0,0,0
4989,0,null,0,0,0
4990,0,null,0,0,0
4991,0,null,0,0,0
4992,6,pi+,1,1,0
4993,0,null,0,0,0
4994,0,null,0,0,0
4995,0,null,0,0,0
4996,0,null,0,0,0
4997,0,null,0,0,0
4998,0,null,0,0,0
4999,0,null,0,0,0
1,0,null,0,0,0
2,0,null,0,0,0
3,0,null,0,0,0
4,16,pi+,1,1,1
5,0,null,0,0,0
6,0,null,0,0,0
7,0,null,0,0,0
8,0,null,0,0,0
9,0,null,0,0,0
10,0,null,0,0,0
11,0,null,0,0,0
12,0,null,0,0,0
13,0,null,0,0,0
14,0,null,0,0,0
15,11,secondary_proton,1,1,0
16,0,null,0,0,0
17,12,secondary_proton,1,1,1
18,0,null,0,0,0
19,0,null,0,0,0
20,0,null,0,0,0
21,0,null,0,0,0
22,6,secondary_proton,1,1,1
23,0,null,0,0,0
24,0,null,0,0,0
25,0,null,0,0,0
26,0,null,0,0,0
27,0,null,0,0,0
28,0,null,0,0,0
29,0,null,0,0,0
30,0,null,0,0,0
31,0,null,0,0,0
32,0,null,0,0,0
33,0,null,0,0,0
34,0,null,0,0,0
35,0,null,0,0,0
36,13,pi-,1,1,1
37,0,null,0,0,0
38,0,null,0,0,0
39,0,null,0,0,0
40,0,null,0,0,0
41,0,null,0,0,0
42,0,null,0,0,0
43,0,null,0,0,0
44,1,primary_proton,1,1,1
45,0,null,0,0,0
46,0,null,0,0,0
47,1,primary_proton,1,1,1
48,0,null,0,0,0
49,0,null,0,0,0
50,0,null,0,0,0
51,0,null,0,0,0
52,0,null,0,0,0
53,0,null,0,0,0
54,0,null,0,0,0
55,0,null,0,0,0
56,0,null,0,0,0
57,1,primary_proton,1,1,1
58,0,null,0,0,0
59,0,null,0,0,0
60,0,null,0,0,0
61,0,null,0,0,0
62,0,null,0,0,0
63,0,null,0,0,0
64,0,null,0,0,0
65,0,null,0,0,0
66,0,null,0,0,0
67,0,null,0,0,0
68,0,null,0,0,0
69,0,null,0,0,0
70,0,null,0,0,0
71,0,null,0,0,0
72,1,primary_proton,1,1,1
73,0,null,0,0,0
74,0,null,0,0,0
75,0,null,0,0,0
76,5,secondary_proton,1,1,1
77,0,null,0,0,0
78,0,null,0,0,0
79,0,null,0,0,0
80,0,null,0,0,0
81,0,null,0,0,0
82,0,null,0,0,0
83,0,null,0,0,0
84,0,null,0,0,0
85,1,primary_proton,1,1,1
86,7,secondary_proton,1,1,1
87,0,null,0,0,0
88,0,null,0,0,0
89,0,null,0,0,0
90,0,null,0,0,0
91,0,null,0,0,0
92,0,null,0,0,0
93,0,null,0,0,0
94,0,null,0,0,0
95,0,null,0,0,0
96,0,null,0,0,0
97,0,null,0,0,0
98,0,null,0,0,0
99,0,null,0,0,0
100,0,null,0,0,0
101,0,null,0,0,0
102,0,null,0,0,0
103,0,null,0,0,0
104,379,pi-,1,1,1
105,0,null,0,0,0
106,12,pi-,1,1,1
107,0,null,0,0,0
108,0,null,0,0,0
109,0,null,0,0,0
110,0,null,0,0,0
111,0,null,0,0,0
112,0,null,0,0,0
113,0,null,0,0,0
114,0,null,0,0,0
115,0,null,0,0,0
116,0,null,0,0,0
117,5,secondary_proton,1,1,1
118,0,null,0,0,0
119,2,secondary_proton,1,1,1
120,0,null,0,0,0
121,1,primary_proton,1,1,1
122,0,null,0,0,0
123,0,null,0,0,0
124,0,null,0,0,0
125,0,null,0,0,0
126,0,null,0,0,0
127,0,null,0,0,0
128,0,null,0,0,0
129,0,null,0,0,0
130,0,null,0,0,0
131,0,null,0,0,0
132,0,null,0,0,0
133,0,null,0,0,0
134,0,null,0,0,0
135,0,null,0,0,0
136,0,null,0,0,0
137,0,null,0,0,0
138,0,null,0,0,0
139,0,null,0,0,0
140,0,null,0,0,0
141,0,null,0,0,0
142,0,null,0,0,0
143,0,null,0,0,0
144,0,null,0,0,0
145,0,null,0,0,0
146,0,null,0,0,0
147,0,null,0,0,0
148,0,null,0,0,0
149,0,null,0,0,0
150,0,null,0,0,0
151,9,pi+,1,1,0
152,0,null,0,0,0
153,0,null,0,0,0
154,0,null,0,0,0
155,0,null,0,0,0
156,0,null,0,0,0
157,0,null,0,0,0
158,0,null,0,0,0
159,0,null,0,0,0
160,0,null,0,0,0
161,0,null,0,0,0
162,0,null,0,0,0
163,0,null,0,0,0
164,0,null,0,0,0
165,1,primary_proton,1,1,1
166,0,null,0,0,0
167,0,null,0,0,0
168,0,null,0,0,0
169,0,null,0,0,0
170,0,null,0,0,0
171,0,null,0,0,0
172,0,null,0,0,0
173,0,null,0,0,0
174,0,null,0,0,0
175,6,secondary_proton,1,1,1
176,0,null,0,0,0
177,1,primary_proton,1,1,1
178,0,null,0,0,0
179,0,null,0,0,0
180,0,null,0,0,0
181,586,secondary_proton,1,1,1
182,0,null,0,0,0
183,0,null,0,0,0
184,0,null,0,0,0
185,0,null,0,0,0
186,0,null,0,0,0
187,0,null,0,0,0
188,0,null,0,0,0
189,0,null,0,0,0
190,0,null,0,0,0
191,0,null,0,0,0
192,0,null,0,0,0
193,0,null,0,0,0
194,0,null,0,0,0
195,0,null,0,0,0
196,0,null,0,0,0
197,0,null,0,0,0
198,0,null,0,0,0
199,0,null,0,0,0
200,0,null,0,0,0
201,0,null,0,0,0
202,0,null,0,0,0
203,0,null,0,0,0
204,0,null,0,0,0
205,0,null,0,0,0
206,0,null,0,0,0
207,0,null,0,0,0
208,0,null,0,0,0
209,0,null,0,0,0
210,0,null,0,0,0
211,0,null,0,0,0
212,0,null,0,0,0
213,0,null,0,0,0
214,0,null,0,0,0
215,0,null,0,0,0
216,0,null,0,0,0
217,0,null,0,0,0
218,0,null,0,0,0
219,0,null,0,0,0
220,0,null,0,0,0
221,0,null,0,0,0
222,769,secondary_proton,1,1,1
223,0,null,0,0,0
224,0,null,0,0,0
225,0,null,0,0,0
226,0,null,0,0,0
227,23,pi-,1,1,1
228,0,null,0,0,0
229,0,null,0,0,0
230,2491,e-,1,0,0
231,0,null,0,0,0
232,3850,pi-,1,0,0
233,0,null,0,0,0
234,0,null,0,0,0
236,0,null,0,0,0
237,0,null,0,0,0
238,10,pi+,1,1,1
239,0,null,0,0,0
240,0,null,0,0,0
241,0,null,0,0,0
242,0,null,0,0,0
243,0,null,0,0,0
244,0,null,0,0,0
245,0,null,0,0,0
246,0,null,0,0,0
247,0,null,0,0,0
248,0,null,0,0,0
249,0,null,0,0,0
250,0,null,0,0,0
251,0,null,0,0,0
252,0,null,0,0,0
253,0,null,0,0,0
254,0,null,0,0,0
255,1,primary_proton,1,1,1
256,0,null,0,0,0
257,0,null,0,0,0
258,0,null,0,0,0
259,0,null,0,0,0
260,10,pi-,1,1,0
261,0,null,0,0,0
262,0,null,0,0,0
263,0,null,0,0,0
264,0,null,0,0,0
265,0,null,0,0,0
266,0,null,0,0,0
267,0,null,0,0,0
268,0,null,0,0,0
269,0,null,0,0,0
270,0,null,0,0,0
271,0,null,0,0,0
272,0,null,0,0,0
273,0,null,0,0,0
274,0,null,0,0,0
275,0,null,0,0,0
276,1,primary_proton,1,1,1
277,0,null,0,0,0
278,0,null,0,0,0
279,0,null,0,0,0
280,500,e-,0,1,0
281,0,null,0,0,0
282,0,null,0,0,0
283,0,null,0,0,0
284,0,null,0,0,0
285,1,primary_proton,1,1,1
286,0,null,0,0,0
287,0,null,0,0,0
288,0,null,0,0,0
289,0,null,0,0,0
290,0,null,0,0,0
291,0,null,0,0,0
292,5,pi+,1,1,1
293,0,null,0,0,0
294,0,null,0,0,0
295,0,null,0,0,0
296,0,null,0,0,0
297,0,null,0,0,0
298,0,null,0,0,0
299,0,null,0,0,0
300,0,null,0,0,0
301,0,null,0,0,0
302,0,null,0,0,0
303,0,null,0,0,0
304,0,null,0,0,0
305,0,null,0,0,0
306,0,null,0,0,0
307,0,null,0,0,0
308,0,null,0,0,0
309,0,null,0,0,0
310,0,null,0,0,0
311,0,null,0,0,0
312,0,null,0,0,0
313,0,null,0,0,0
314,0,null,0,0,0
315,0,null,0,0,0
316,0,null,0,0,0
317,0,null,0,0,0
318,0,null,0,0,0
319,0,null,0,0,0
320,0,null,0,0,0
321,0,null,0,0,0
322,0,null,0,0,0
323,0,null,0,0,0
324,0,null,0,0,0
325,0,null,0,0,0
326,0,null,0,0,0
327,0,null,0,0,0
328,0,null,0,0,0
329,0,null,0,0,0
330,0,null,0,0,0
331,0,null,0,0,0
332,0,null,0,0,0
333,0,null,0,0,0
334,0,null,0,0,0
335,0,null,0,0,0
336,0,null,0,0,0
337,0,null,0,0,0
338,0,null,0,0,0
339,0,null,0,0,0
340,0,null,0,0,0
341,0,null,0,0,0
342,0,null,0,0,0
343,0,null,0,0,0
344,0,null,0,0,0
345,0,null,0,0,0
346,0,null,0,0,0
347,0,null,0,0,0
348,19,pi-,1,1,0
349,1,primary_proton,1,1,1
350,0,null,0,0,0
351,1,primary_proton,1,1,1
352,0,null,0,0,0
353,0,null,0,0,0
354,0,null,0,0,0
355,0,null,0,0,0
356,0,null,0,0,0
357,389,e-,1,1,0
358,7,secondary_proton,1,1,1
359,4,pi+,1,1,1
360,0,null,0,0,0
361,0,null,0,0,0
362,0,null,0,0,0
363,0,null,0,0,0
364,0,null,0,0,0
365,3,secondary_proton,1,1,1
366,0,null,0,0,0
367,0,null,0,0,0
368,0,null,0,0,0
369,0,null,0,0,0
370,0,null,0,0,0
371,0,null,0,0,0
372,0,null,0,0,0
373,0,null,0,0,0
374,0,null,0,0,0
375,0,null,0,0,0
376,0,null,0,0,0
377,0,null,0,0,0
378,0,null,0,0,0
379,0,null,0,0,0
380,0,null,0,0,0
381,0,null,0,0,0
382,0,null,0,0,0
383,0,null,0,0,0
384,0,null,0,0,0
385,0,null,0,0,0
386,0,null,0,0,0
387,0,null,0,0,0
388,0,null,0,0,0
389,0,null,0,0,0
390,26,pi-,1,1,1
391,0,null,0,0,0
392,0,null,0,0,0
393,0,null,0,0,0
394,0,null,0,0,0
395,0,null,0,0,0
396,0,null,0,0,0
397,0,null,0,0,0
398,0,null,0,0,0
399,0,null,0,0,0
400,3,secondary_proton,1,1,1
401,0,null,0,0,0
402,0,null,0,0,0
403,0,null,0,0,0
404,1,primary_proton,1,1,1
405,0,null,0,0,0
406,0,null,0,0,0
407,0,null,0,0,0
408,0,null,0,0,0
409,0,null,0,0,0
410,0,null,0,0,0
411,0,null,0,0,0
412,0,null,0,0,0
413,1,primary_proton,1,1,1
414,0,null,0,0,0
415,0,null,0,0,0
416,0,null,0,0,0
417,0,null,0,0,0
418,0,null,0,0,0
419,0,null,0,0,0
420,0,null,0,0,0
421,0,null,0,0,0
422,0,null,0,0,0
423,1,primary_proton,1,1,1
424,0,null,0,0,0
425,0,null,0,0,0
426,0,null,0,0,0
427,0,null,0,0,0
428,0,null,0,0,0
429,0,null,0,0,0
430,1,primary_proton,1,1,0
431,0,null,0,0,0
432,0,null,0,0,0
433,0,null,0,0,0
434,0,null,0,0,0
435,1,primary_proton,1,1,1
436,0,null,0,0,0
437,0,null,0,0,0
438,0,null,0,0,0
439,0,null,0,0,0
440,0,null,0,0,0
441,0,null,0,0,0
442,0,null,0,0,0
443,9,secondary_proton,1,1,1
444,7,secondary_proton,1,1,1
445,0,null,0,0,0
446,0,null,0,0,0
447,0,null,0,0,0
448,0,null,0,0,0
449,0,null,0,0,0
450,0,null,0,0,0
451,0,null,0,0,0
452,0,null,0,0,0
453,0,null,0,0,0
454,0,null,0,0,0
455,0,null,0,0,0
456,0,null,0,0,0
457,0,null,0,0,0
458,0,null,0,0,0
459,0,null,0,0,0
460,0,null,0,0,0
461,0,null,0,0,0
462,0,null,0,0,0
463,0,null,0,0,0
464,0,null,0,0,0
465,0,null,0,0,0
467,0,null,0,0,0
468,0,null,0,0,0
469,0,null,0,0,0
470,0,null,0,0,0
471,10,pi-,1,1,1
472,0,null,0,0,0
473,0,null,0,0,0
474,6,pi+,1,1,1
475,0,null,0,0,0
476,4,secondary_proton,1,1,1
477,0,null,0,0,0
478,0,null,0,0,0
479,0,null,0,0,0
480,0,null,0,0,0
481,12,pi-,1,1,1
482,0,null,0,0,0
483,13,secondary_proton,1,1,1
484,0,null,0,0,0
485,0,null,0,0,0
486,0,null,0,0,0
487,0,null,0,0,0
488,1947,e-,1,1,1
489,0,null,0,0,0
490,0,null,0,0,0
491,0,null,0,0,0
492,0,null,0,0,0
493,0,null,0,0,0
494,0,null,0,0,0
495,0,null,0,0,0
496,0,null,0,0,0
497,0,null,0,0,0
498,1,primary_proton,1,1,1
499,0,null,0,0,0
500,0,null,0,0,0
501,0,null,0,0,0
502,0,null,0,0,0
503,0,null,0,0,0
504,0,null,0,0,0
505,0,null,0,0,0
506,0,null,0,0,0
507,0,null,0,0,0
508,0,null,0,0,0
509,0,null,0,0,0
510,169,pi+,1,1,1
511,0,null,0,0,0
512,0,null,0,0,0
513,0,null,0,0,0
514,1,primary_proton,1,1,1
515,4786,e-,0,1,1
516,11,pi+,1,1,1
517,0,null,0,0,0
518,0,null,0,0,0
519,0,null,0,0,0
520,0,null,0,0,0
521,1,primary_proton,1,1,1
522,0,null,0,0,0
523,0,null,0,0,0
524,0,null,0,0,0
525,0,null,0,0,0
526,0,null,0,0,0
527,0,null,0,0,0
528,0,null,0,0,0
529,194,pi+,1,1,1
530,0,null,0,0,0
531,0,null,0,0,0
532,0,null,0,0,0
533,0,null,0,0,0
534,0,null,0,0,0
535,0,null,0,0,0
536,0,null,0,0,0
537,0,null,0,0,0
538,0,null,0,0,0
539,0,null,0,0,0
540,0,null,0,0,0
541,0,null,0,0,0
542,0,null,0,0,0
543,2,secondary_proton,1,1,0
544,0,null,0,0,0
545,0,null,0,0,0
546,0,null,0,0,0
547,0,null,0,0,0
548,0,null,0,0,0
549,6,pi-,1,1,1
550,0,null,0,0,0
551,7,pi+,1,1,1
552,0,null,0,0,0
553,0,null,0,0,0
554,0,null,0,0,0
555,8197,pi+,1,0,0
556,0,null,0,0,0
557,0,null,0,0,0
558,0,null,0,0,0
559,0,null,0,0,0
560,0,null,0,0,0
561,0,null,0,0,0
562,0,null,0,0,0
563,0,null,0,0,0
564,0,null,0,0,0
565,0,null,0,0,0
566,0,null,0,0,0
567,0,null,0,0,0
568,0,null,0,0,0
569,0,null,0,0,0
570,0,null,0,0,0
571,0,null,0,0,0
572,0,null,0,0,0
573,0,null,0,0,0
574,0,null,0,0,0
575,0,null,0,0,0
576,0,null,0,0,0
577,0,null,0,0,0
578,0,null,0,0,0
579,0,null,0,0,0
580,0,null,0,0,0
581,0,null,0,0,0
582,0,null,0,0,0
583,0,null,0,0,0
584,0,null,0,0,0
585,0,null,0,0,0
586,0,null,0,0,0
587,0,null,0,0,0
588,0,null,0,0,0
589,0,null,0,0,0
590,0,null,0,0,0
591,0,null,0,0,0
592,0,null,0,0,0
593,0,null,0,0,0
594,0,null,0,0,0
595,0,null,0,0,0
596,0,null,0,0,0
597,0,null,0,0,0
598,0,null,0,0,0
599,0,null,0,0,0
600,0,null,0,0,0
601,0,null,0,0,0
602,0,null,0,0,0
603,0,null,0,0,0
604,0,null,0,0,0
605,0,null,0,0,0
606,0,null,0,0,0
607,0,null,0,0,0
608,0,null,0,0,0
609,0,null,0,0,0
610,0,null,0,0,0
611,0,null,0,0,0
612,0,null,0,0,0
613,0,null,0,0,0
614,0,null,0,0,0
615,0,null,0,0,0
616,0,null,0,0,0
617,0,null,0,0,0
618,0,null,0,0,0
619,0,null,0,0,0
620,0,null,0,0,0
621,0,null,0,0,0
622,0,null,0,0,0
623,0,null,0,0,0
624,0,null,0,0,0
625,0,null,0,0,0
626,0,null,0,0,0
627,0,null,0,0,0
628,0,null,0,0,0
629,0,null,0,0,0
630,0,null,0,0,0
631,0,null,0,0,0
632,0,null,0,0,0
633,0,null,0,0,0
634,0,null,0,0,0
635,0,null,0,0,0
636,0,null,0,0,0
637,0,null,0,0,0
638,0,null,0,0,0
639,0,null,0,0,0
640,0,null,0,0,0
641,0,null,0,0,0
642,7,secondary_proton,1,1,1
643,0,null,0,0,0
644,0,null,0,0,0
645,0,null,0,0,0
646,0,null,0,0,0
647,0,null,0,0,0
648,0,null,0,0,0
649,1,primary_proton,1,1,1
650,0,null,0,0,0
651,0,null,0,0,0
652,0,null,0,0,0
653,0,null,0,0,0
654,0,null,0,0,0
655,0,null,0,0,0
656,0,null,0,0,0
657,0,null,0,0,0
658,0,null,0,0,0
659,0,null,0,0,0
660,0,null,0,0,0
661,0,null,0,0,0
662,0,null,0,0,0
663,0,null,0,0,0
664,0,null,0,0,0
665,0,null,0,0,0
666,4,secondary_proton,1,0,0
667,0,null,0,0,0
668,0,null,0,0,0
669,0,null,0,0,0
670,0,null,0,0,0
671,0,null,0,0,0
672,0,null,0,0,0
673,0,null,0,0,0
674,0,null,0,0,0
675,0,null,0,0,0
676,31,pi-,1,0,0
677,0,null,0,0,0
678,0,null,0,0,0
679,0,null,0,0,0
680,0,null,0,0,0
681,0,null,0,0,0
682,0,null,0,0,0
683,0,null,0,0,0
684,0,null,0,0,0
685,0,null,0,0,0
686,0,null,0,0,0
687,0,null,0,0,0
688,0,null,0,0,0
689,0,null,0,0,0
690,0,null,0,0,0
691,0,null,0,0,0
692,9,pi-,1,1,1
693,0,null,0,0,0
694,0,null,0,0,0
695,0,null,0,0,0
696,0,null,0,0,0
697,0,null,0,0,0
698,0,null,0,0,0
699,0,null,0,0,0
700,0,null,0,0,0
702,0,null,0,0,0
703,1,primary_proton,1,1,1
704,0,null,0,0,0
705,0,null,0,0,0
706,0,null,0,0,0
707,1,primary_proton,1,1,1
708,0,null,0,0,0
709,0,null,0,0,0
710,0,null,0,0,0
711,0,null,0,0,0
712,0,null,0,0,0
713,0,null,0,0,0
714,0,null,0,0,0
715,0,null,0,0,0
716,2224,pi-,1,0,0
717,0,null,0,0,0
718,0,null,0,0,0
719,0,null,0,0,0
720,0,null,0,0,0
721,0,null,0,0,0
722,0,null,0,0,0
723,0,null,0,0,0
724,0,null,0,0,0
725,1,primary_proton,1,1,1
726,0,null,0,0,0
727,0,null,0,0,0
728,13,pi+,1,1,0
729,0,null,0,0,0
730,0,null,0,0,0
731,0,null,0,0,0
732,0,null,0,0,0
733,0,null,0,0,0
734,0,null,0,0,0
735,0,null,0,0,0
736,0,null,0,0,0
737,0,null,0,0,0
738,0,null,0,0,0
739,0,null,0,0,0
740,21,pi+,1,1,0
741,0,null,0,0,0
742,0,null,0,0,0
743,0,null,0,0,0
744,0,null,0,0,0
745,0,null,0,0,0
746,0,null,0,0,0
747,0,null,0,0,0
748,0,null,0,0,0
749,0,null,0,0,0
750,0,null,0,0,0
751,0,null,0,0,0
752,0,null,0,0,0
753,0,null,0,0,0
754,0,null,0,0,0
755,0,null,0,0,0
756,0,null,0,0,0
757,0,null,0,0,0
758,0,null,0,0,0
759,0,null,0,0,0
760,6,pi-,1,1,1
761,0,null,0,0,0
762,0,null,0,0,0
763,0,null,0,0,0
764,0,null,0,0,0
765,0,null,0,0,0
766,0,null,0,0,0
767,0,null,0,0,0
768,0,null,0,0,0
769,0,null,0,0,0
770,0,null,0,0,0
771,0,null,0,0,0
772,0,null,0,0,0
773,0,null,0,0,0
774,0,null,0,0,0
775,0,null,0,0,0
776,0,null,0,0,0
777,0,null,0,0,0
778,0,null,0,0,0
779,0,null,0,0,0
780,0,null,0,0,0
781,0,null,0,0,0
782,0,null,0,0,0
783,0,null,0,0,0
784,0,null,0,0,0
785,0,null,0,0,0
786,0,null,0,0,0
787,0,null,0,0,0
788,0,null,0,0,0
789,0,null,0,0,0
790,0,null,0,0,0
791,0,null,0,0,0
792,0,null,0,0,0
793,0,null,0,0,0
794,0,null,0,0,0
795,0,null,0,0,0
796,0,null,0,0,0
797,0,null,0,0,0
798,0,null,0,0,0
799,0,null,0,0,0
800,0,null,0,0,0
801,0,null,0,0,0
802,0,null,0,0,0
803,0,null,0,0,0
804,0,null,0,0,0
805,0,null,0,0,0
806,0,null,0,0,0
807,0,null,0,0,0
808,0,null,0,0,0
809,0,null,0,0,0
810,0,null,0,0,0
811,0,null,0,0,0
812,0,null,0,0,0
813,0,null,0,0,0
814,0,null,0,0,0
815,0,null,0,0,0
816,0,null,0,0,0
817,0,null,0,0,0
818,0,null,0,0,0
819,0,null,0,0,0
820,0,null,0,0,0
821,0,null,0,0,0
822,0,null,0,0,0
823,0,null,0,0,0
824,0,null,0,0,0
825,0,null,0,0,0
826,0,null,0,0,0
827,0,null,0,0,0
828,0,null,0,0,0
829,0,null,0,0,0
830,0,null,0,0,0
831,0,null,0,0,0
832,0,null,0,0,0
833,0,null,0,0,0
834,0,null,0,0,0
835,0,null,0,0,0
836,0,null,0,0,0
837,0,null,0,0,0
838,0,null,0,0,0
839,0,null,0,0,0
840,0,null,0,0,0
841,1,primary_proton,1,1,1
842,8,secondary_proton,1,1,1
843,8,pi-,1,1,1
844,0,null,0,0,0
845,0,null,0,0,0
846,0,null,0,0,0
847,0,null,0,0,0
848,0,null,0,0,0
849,0,null,0,0,0
850,0,null,0,0,0
851,0,null,0,0,0
852,0,null,0,0,0
853,3,pi-,1,1,1
854,0,null,0,0,0
855,0,null,0,0,0
856,0,null,0,0,0
857,0,null,0,0,0
858,0,null,0,0,0
859,0,null,0,0,0
860,0,null,0,0,0
861,0,null,0,0,0
862,0,null,0,0,0
863,0,null,0,0,0
864,0,null,0,0,0
865,0,null,0,0,0
866,0,null,0,0,0
867,0,null,0,0,0
868,0,null,0,0,0
869,0,null,0,0,0
870,13,secondary_proton,1,1,1
871,0,null,0,0,0
872,0,null,0,0,0
873,10,pi+,1,1,1
874,0,null,0,0,0
875,0,null,0,0,0
876,0,null,0,0,0
877,0,null,0,0,0
878,0,null,0,0,0
879,0,null,0,0,0
880,0,null,0,0,0
881,10,secondary_proton,1,0,0
882,0,null,0,0,0
883,0,null,0,0,0
884,0,null,0,0,0
885,0,null,0,0,0
886,0,null,0,0,0
887,0,null,0,0,0
888,2183,pi-,1,1,1
889,0,null,0,0,0
890,0,null,0,0,0
891,0,null,0,0,0
892,0,null,0,0,0
893,0,null,0,0,0
894,0,null,0,0,0
895,0,null,0,0,0
896,0,null,0,0,0
897,0,null,0,0,0
898,0,null,0,0,0
899,26,pi+,1,1,0
900,0,null,0,0,0
901,0,null,0,0,0
902,0,null,0,0,0
903,0,null,0,0,0
904,0,null,0,0,0
905,0,null,0,0,0
906,0,null,0,0,0
907,0,null,0,0,0
908,0,null,0,0,0
909,0,null,0,0,0
910,0,null,0,0,0
911,0,null,0,0,0
912,0,null,0,0,0
913,0,null,0,0,0
914,0,null,0,0,0
915,0,null,0,0,0
916,0,null,0,0,0
917,0,null,0,0,0
918,0,null,0,0,0
919,0,null,0,0,0
920,0,null,0,0,0
921,0,null,0,0,0
922,0,null,0,0,0
923,0,null,0,0,0
924,0,null,0,0,0
925,0,null,0,0,0
926,0,null,0,0,0
927,0,null,0,0,0
928,0,null,0,0,0
929,0,null,0,0,0
930,0,null,0,0,0
931,0,null,0,0,0
932,0,null,0,0,0
933,0,null,0,0,0
934,0,null,0,0,0
935,0,null,0,0,0
936,0,null,0,0,0
938,0,null,0,0,0
939,0,null,0,0,0
940,0,null,0,0,0
941,0,null,0,0,0
942,0,null,0,0,0
943,1,primary_proton,1,1,1
944,0,null,0,0,0
945,0,null,0,0,0
946,0,null,0,0,0
947,0,null,0,0,0
948,0,null,0,0,0
949,0,null,0,0,0
950,0,null,0,0,0
951,0,null,0,0,0
952,0,null,0,0,0
953,0,null,0,0,0
954,0,null,0,0,0
955,0,null,0,0,0
956,0,null,0,0,0
957,0,null,0,0,0
958,0,null,0,0,0
959,3728,pi+,1,0,0
960,0,null,0,0,0
961,0,null,0,0,0
962,0,null,0,0,0
963,0,null,0,0,0
964,0,null,0,0,0
965,0,null,0,0,0
966,0,null,0,0,0
967,0,null,0,0,0
968,0,null,0,0,0
969,0,null,0,0,0
970,0,null,0,0,0
971,0,null,0,0,0
972,0,null,0,0,0
973,0,null,0,0,0
974,0,null,0,0,0
975,0,null,0,0,0
976,0,null,0,0,0
977,0,null,0,0,0
978,0,null,0,0,0
979,0,null,0,0,0
980,0,null,0,0,0
981,1,primary_proton,1,1,1
982,0,null,0,0,0
983,0,null,0,0,0
984,0,null,0,0,0
985,0,null,0,0,0
986,0,null,0,0,0
987,0,null,0,0,0
988,0,null,0,0,0
989,0,null,0,0,0
990,0,null,0,0,0
991,0,null,0,0,0
992,0,null,0,0,0
993,0,null,0,0,0
994,0,null,0,0,0
995,0,null,0,0,0
996,0,null,0,0,0
997,0,null,0,0,0
998,0,null,0,0,0
999,0,null,0,0,0
1000,0,null,0,0,0
1001,0,null,0,0,0
1002,0,null,0,0,0
1003,0,null,0,0,0
1004,0,null,0,0,0
1005,0,null,0,0,0
1006,0,null,0,0,0
1007,0,null,0,0,0
1008,0,null,0,0,0
1009,0,null,0,0,0
1010,0,null,0,0,0
1011,0,null,0,0,0
1012,0,null,0,0,0
1013,0,null,0,0,0
1014,0,null,0,0,0
1015,1,primary_proton,1,1,1
1016,0,null,0,0,0
1017,0,null,0,0,0
1018,0,null,0,0,0
1019,0,null,0,0,0
1020,0,null,0,0,0
1021,0,null,0,0,0
1022,0,null,0,0,0
1023,0,null,0,0,0
1024,0,null,0,0,0
1025,0,null,0,0,0
1026,3,secondary_proton,1,1,1
1027,0,null,0,0,0
1028,0,null,0,0,0
1029,0,null,0,0,0
1030,1,primary_proton,1,1,1
1031,0,null,0,0,0
1032,0,null,0,0,0
1033,0,null,0,0,0
1034,0,null,0,0,0
1035,0,null,0,0,0
1036,0,null,0,0,0
1037,1,primary_proton,1,1,1
1038,0,null,0,0,0
1039,0,null,0,0,0
1040,0,null,0,0,0
1041,0,null,0,0,0
1042,0,null,0,0,0
1043,0,null,0,0,0
1044,0,null,0,0,0
1045,0,null,0,0,0
1046,0,null,0,0,0
1047,7,secondary_proton,1,1,1
1048,0,null,0,0,0
1049,1,primary_proton,1,1,1
1050,0,null,0,0,0
1051,0,null,0,0,0
1052,1,primary_proton,1,1,1
1053,0,null,0,0,0
1054,0,null,0,0,0
1055,0,null,0,0,0
1056,0,null,0,0,0
1057,0,null,0,0,0
1058,0,null,0,0,0
1059,0,null,0,0,0
1060,9,pi+,1,0,0
1061,0,null,0,0,0
1062,0,null,0,0,0
1063,0,null,0,0,0
1064,0,null,0,0,0
1065,0,null,0,0,0
1066,0,null,0,0,0
1067,0,null,0,0,0
1068,0,null,0,0,0
1069,0,null,0,0,0
1070,0,null,0,0,0
1071,0,null,0,0,0
1072,3,secondary_proton,1,1,1
1073,1,primary_proton,1,1,1
1074,1,primary_proton,1,1,1
1075,0,null,0,0,0
1076,0,null,0,0,0
1077,0,null,0,0,0
1078,0,null,0,0,0
1079,0,null,0,0,0
1080,0,null,0,0,0
1081,0,null,0,0,0
1082,0,null,0,0,0
1083,0,null,0,0,0
1084,0,null,0,0,0
1085,0,null,0,0,0
1086,0,null,0,0,0
1087,0,null,0,0,0
1088,0,null,0,0,0
1089,0,null,0,0,0
1090,0,null,0,0,0
1091,0,null,0,0,0
1092,0,null,0,0,0
1093,0,null,0,0,0
1094,0,null,0,0,0
1095,0,null,0,0,0
1096,0,null,0,0,0
1097,0,null,0,0,0
1098,0,null,0,0,0
1099,0,null,0,0,0
1100,0,null,0,0,0
1101,0,null,0,0,0
1102,0,null,0,0,0
1103,0,null,0,0,0
1104,0,null,0,0,0
1105,1,primary_proton,1,1,1
1106,0,null,0,0,0
1107,0,null,0,0,0
1108,0,null,0,0,0
1109,0,null,0,0,0
1110,0,null,0,0,0
1111,0,null,0,0,0
1112,0,null,0,0,0
1113,0,null,0,0,0
1114,0,null,0,0,0
1115,0,null,0,0,0
1116,0,null,0,0,0
1117,0,null,0,0,0
1118,0,null,0,0,0
1119,0,null,0,0,0
1120,0,null,0,0,0
1121,0,null,0,0,0
1122,0,null,0,0,0
1123,0,null,0,0,0
1124,0,null,0,0,0
1125,0,null,0,0,0
1126,0,null,0,0,0
1127,0,null,0,0,0
1128,0,null,0,0,0
1129,0,null,0,0,0
1130,0,null,0,0,0
1131,1,primary_proton,1,1,1
1132,0,null,0,0,0
1133,0,null,0,0,0
1134,0,null,0,0,0
1135,0,null,0,0,0
1136,0,null,0,0,0
1137,0,null,0,0,0
1138,0,null,0,0,0
1139,0,null,0,0,0
1140,0,null,0,0,0
1141,0,null,0,0,0
1142,0,null,0,0,0
1143,0,null,0,0,0
1144,0,null,0,0,0
1145,0,null,0,0,0
1146,0,null,0,0,0
1147,8,pi-,1,1,0
1148,0,null,0,0,0
1149,0,null,0,0,0
1150,0,null,0,0,0
1151,0,null,0,0,0
1152,0,null,0,0,0
1153,1,primary_proton,1,1,1
1154,0,null,0,0,0
1155,0,null,0,0,0
1156,0,null,0,0,0
1157,0,null,0,0,0
1158,0,null,0,0,0
1159,0,null,0,0,0
1161,7,secondary_proton,1,1,1
1162,0,null,0,0,0
1163,0,null,0,0,0
1164,0,null,0,0,0
1165,0,null,0,0,0
1166,2362,secondary_proton,1,1,1
1167,0,null,0,0,0
1168,0,null,0,0,0
1169,0,null,0,0,0
1170,0,null,0,0,0
1171,0,null,0,0,0
1172,0,null,0,0,0
1173,0,null,0,0,0
1174,0,null,0,0,0
1175,0,null,0,0,0
1176,0,null,0,0,0
1177,0,null,0,0,0
1178,0,null,0,0,0
1179,0,null,0,0,0
1180,1,primary_proton,1,1,1
1181,0,null,0,0,0
1182,0,null,0,0,0
1183,1,primary_proton,1,1,1
1184,0,null,0,0,0
1185,0,null,0,0,0
1186,0,null,0,0,0
1187,0,null,0,0,0
1188,0,null,0,0,0
1189,0,null,0,0,0
1190,0,null,0,0,0
1191,0,null,0,0,0
1192,0,null,0,0,0
1193,0,null,0,0,0
1194,0,null,0,0,0
1195,0,null,0,0,0
1196,0,null,0,0,0
1197,0,null,0,0,0
1198,0,null,0,0,0
1199,0,null,0,0,0
1200,0,null,0,0,0
1201,25,pi+,1,1,0
1202,0,null,0,0,0
1203,0,null,0,0,0
1204,0,null,0,0,0
1205,0,null,0,0,0
1206,759,pi-,1,1,1
1207,0,null,0,0,0
1208,0,null,0,0,0
1209,0,null,0,0,0
1210,0,null,0,0,0
1211,0,null,0,0,0
1212,0,null,0,0,0
1213,0,null,0,0,0
1214,0,null,0,0,0
1215,0,null,0,0,0
1216,0,null,0,0,0
1217,0,null,0,0,0
1218,0,null,0,0,0
1219,0,null,0,0,0
1220,0,null,0,0,0
1221,0,null,0,0,0
1222,0,null,0,0,0
1223,0,null,0,0,0
1224,0,null,0,0,0
1225,0,null,0,0,0
1226,0,null,0,0,0
1227,0,null,0,0,0
1228,0,null,0,0,0
1229,0,null,0,0,0
1230,0,null,0,0,0
1231,0,null,0,0,0
1232,0,null,0,0,0
1233,0,null,0,0,0
1234,0,null,0,0,0
1235,0,null,0,0,0
1236,0,null,0,0,0
1237,0,null,0,0,0
1238,0,null,0,0,0
1239,0,null,0,0,0
1240,0,null,0,0,0
1241,0,null,0,0,0
1242,0,null,0,0,0
1243,0,null,0,0,0
1244,0,null,0,0,0
1245,0,null,0,0,0
1246,0,null,0,0,0
1247,0,null,0,0,0
1248,30,pi+,1,0,0
1249,0,null,0,0,0
1250,0,null,0,0,0
1251,0,null,0,0,0
1252,0,null,0,0,0
1253,0,null,0,0,0
1254,0,null,0,0,0
1255,0,null,0,0,0
1256,1,primary_proton,1,1,1
1257,1,primary_proton,1,1,1
1258,0,null,0,0,0
1259,0,null,0,0,0
1260,3,pi+,1,1,1
1261,17,pi-,1,1,1
1262,0,null,0,0,0
1263,4,secondary_proton,1,1,1
1264,0,null,0,0,0
1265,0,null,0,0,0
1266,0,null,0,0,0
1267,11,pi-,1,1,1
1268,0,null,0,0,0
1269,0,null,0,0,0
1270,0,null,0,0,0
1271,0,null,0,0,0
1272,0,null,0,0,0
1273,0,null,0,0,0
1274,0,null,0,0,0
1275,0,null,0,0,0
1276,0,null,0,0,0
1277,0,null,0,0,0
1278,0,null,0,0,0
1279,1,primary_proton,1,1,1
1280,0,null,0,0,0
1281,0,null,0,0,0
1282,0,null,0,0,0
1283,0,null,0,0,0
1284,0,null,0,0,0
1285,0,null,0,0,0
1286,0,null,0,0,0
1287,0,null,0,0,0
1288,0,null,0,0,0
1289,0,null,0,0,0
1290,0,null,0,0,0
1291,0,null,0,0,0
1292,0,null,0,0,0
1293,0,null,0,0,0
1294,0,null,0,0,0
1295,0,null,0,0,0
1296,0,null,0,0,0
1297,0,null,0,0,0
1298,0,null,0,0,0
1299,0,null,0,0,0
1300,0,null,0,0,0
1301,0,null,0,0,0
1302,0,null,0,0,0
1303,0,null,0,0,0
1304,0,null,0,0,0
1305,0,null,0,0,0
1306,0,null,0,0,0
1307,0,null,0,0,0
1308,0,null,0,0,0
1309,0,null,0,0,0
1310,0,null,0,0,0
1311,0,null,0,0,0
1312,0,null,0,0,0
1313,0,null,0,0,0
1314,0,null,0,0,0
1315,0,null,0,0,0
1316,8,pi-,1,1,1
1317,2,pi-,1,1,1
1318,6,pi-,1,1,1
1319,0,null,0,0,0
1320,0,null,0,0,0
1321,0,null,0,0,0
1322,0,null,0,0,0
1323,0,null,0,0,0
1324,0,null,0,0,0
1325,0,null,0,0,0
1326,1,primary_proton,1,1,1
1327,11,pi+,1,1,1
1328,0,null,0,0,0
1329,0,null,0,0,0
1330,0,null,0,0,0
1331,1,primary_proton,1,1,1
1332,0,null,0,0,0
1333,0,null,0,0,0
1334,0,null,0,0,0
1335,0,null,0,0,0
1336,0,null,0,0,0
1337,0,null,0,0,0
1338,0,null,0,0,0
1339,0,null,0,0,0
1340,0,null,0,0,0
1341,0,null,0,0,0
1342,23,secondary_proton,1,1,1
1343,0,null,0,0,0
1344,0,null,0,0,0
1345,0,null,0,0,0
1346,0,null,0,0,0
1347,0,null,0,0,0
1348,1,primary_proton,1,1,1
1349,0,null,0,0,0
1350,0,null,0,0,0
1351,0,null,0,0,0
1352,0,null,0,0,0
1353,0,null,0,0,0
1354,0,null,0,0,0
1355,0,null,0,0,0
1356,0,null,0,0,0
1357,0,null,0,0,0
1358,0,null,0,0,0
1359,0,null,0,0,0
1360,0,null,0,0,0
1361,0,null,0,0,0
1362,0,null,0,0,0
1363,0,null,0,0,0
1364,0,null,0,0,0
1365,0,null,0,0,0
1366,0,null,0,0,0
1367,0,null,0,0,0
1368,0,null,0,0,0
1369,0,null,0,0,0
1370,0,null,0,0,0
1371,0,null,0,0,0
1372,0,null,0,0,0
1373,0,null,0,0,0
1374,0,null,0,0,0
1375,0,null,0,0,0
1376,2253,e-,1,1,0
1377,0,null,0,0,0
1378,0,null,0,0,0
1379,0,null,0,0,0
1381,0,null,0,0,0
1382,0,null,0,0,0
1383,0,null,0,0,0
1384,0,null,0,0,0
1385,0,null,0,0,0
1386,0,null,0,0,0
1387,0,null,0,0,0
1388,0,null,0,0,0
1389,0,null,0,0,0
1390,0,null,0,0,0
1391,0,null,0,0,0
1392,0,null,0,0,0
1393,0,null,0,0,0
1394,0,null,0,0,0
1395,0,null,0,0,0
1396,0,null,0,0,0
1397,0,null,0,0,0
1398,0,null,0,0,0
1399,0,null,0,0,0
1400,0,null,0,0,0
1401,0,null,0,0,0
1402,0,null,0,0,0
1403,9,pi-,1,1,1
1404,1,primary_proton,1,1,1
1405,0,null,0,0,0
1406,0,null,0,0,0
1407,0,null,0,0,0
1408,1,primary_proton,1,1,1
1409,0,null,0,0,0
1410,0,null,0,0,0
1411,0,null,0,0,0
1412,0,null,0,0,0
1413,0,null,0,0,0
1414,0,null,0,0,0
1415,0,null,0,0,0
1416,0,null,0,0,0
1417,0,null,0,0,0
1418,0,null,0,0,0
1419,0,null,0,0,0
1420,1713,e-,1,1,1
1421,0,null,0,0,0
1422,0,null,0,0,0
1423,0,null,0,0,0
1424,0,null,0,0,0
1425,0,null,0,0,0
1426,0,null,0,0,0
1427,0,null,0,0,0
1428,1,primary_proton,1,1,1
1429,0,null,0,0,0
1430,0,null,0,0,0
1431,0,null,0,0,0
1432,0,null,0,0,0
1433,1,primary_proton,1,1,1
1434,0,null,0,0,0
1435,0,null,0,0,0
1436,0,null,0,0,0
1437,0,null,0,0,0
1438,0,null,0,0,0
1439,0,null,0,0,0
1440,0,null,0,0,0
1441,0,null,0,0,0
1442,0,null,0,0,0
1443,0,null,0,0,0
1444,0,null,0,0,0
1445,0,null,0,0,0
1446,0,null,0,0,0
1447,0,null,0,0,0
1448,0,null,0,0,0
1449,0,null,0,0,0
1450,0,null,0,0,0
1451,0,null,0,0,0
1452,0,null,0,0,0
1453,0,null,0,0,0
1454,0,null,0,0,0
1455,0,null,0,0,0
1456,0,null,0,0,0
1457,0,null,0,0,0
1458,0,null,0,0,0
1459,0,null,0,0,0
1460,0,null,0,0,0
1461,0,null,0,0,0
1462,0,null,0,0,0
1463,0,null,0,0,0
1464,0,null,0,0,0
1465,0,null,0,0,0
1466,0,null,0,0,0
1467,0,null,0,0,0
1468,0,null,0,0,0
1469,0,null,0,0,0
1470,0,null,0,0,0
1471,0,null,0,0,0
1472,5,pi-,1,1,1
1473,0,null,0,0,0
1474,0,null,0,0,0
1475,0,null,0,0,0
1476,0,null,0,0,0
1477,0,null,0,0,0
1478,0,null,0,0,0
1479,0,null,0,0,0
1480,0,null,0,0,0
1481,0,null,0,0,0
1482,16,pi+,1,1,1
1483,0,null,0,0,0
1484,0,null,0,0,0
1485,0,null,0,0,0
1486,0,null,0,0,0
1487,0,null,0,0,0
1488,0,null,0,0,0
1489,0,null,0,0,0
1490,0,null,0,0,0
1491,0,null,0,0,0
1492,0,null,0,0,0
1493,0,null,0,0,0
1494,0,null,0,0,0
1495,0,null,0,0,0
1496,0,null,0,0,0
1497,202,pi-,1,1,1
1498,0,null,0,0,0
1499,0,null,0,0,0
1500,0,null,0,0,0
1501,0,null,0,0,0
1502,0,null,0,0,0
1503,0,null,0,0,0
1504,8,kaon+,1,1,1
1505,0,null,0,0,0
1506,0,null,0,0,0
1507,0,null,0,0,0
1508,0,null,0,0,0
1509,0,null,0,0,0
1510,0,null,0,0,0
1511,0,null,0,0,0
1512,0,null,0,0,0
1513,0,null,0,0,0
1514,0,null,0,0,0
1515,0,null,0,0,0
1516,10,pi-,1,1,1
1517,0,null,0,0,0
1518,0,null,0,0,0
1519,0,null,0,0,0
1520,0,null,0,0,0
1521,0,null,0,0,0
1522,0,null,0,0,0
1523,0,null,0,0,0
1524,0,null,0,0,0
1525,0,null,0,0,0
1526,0,null,0,0,0
1527,0,null,0,0,0
1528,0,null,0,0,0
1529,0,null,0,0,0
1530,0,null,0,0,0
1531,0,null,0,0,0
1532,0,null,0,0,0
1533,0,null,0,0,0
1534,0,null,0,0,0
1535,0,null,0,0,0
1536,0,null,0,0,0
1537,0,null,0,0,0
1538,0,null,0,0,0
1539,0,null,0,0,0
1540,0,null,0,0,0
1541,0,null,0,0,0
1542,0,null,0,0,0
1543,0,null,0,0,0
1544,0,null,0,0,0
1545,0,null,0,0,0
1546,0,null,0,0,0
1547,13,pi+,1,1,1
1548,0,null,0,0,0
1549,0,null,0,0,0
1550,1,primary_proton,1,1,1
1551,0,null,0,0,0
1552,0,null,0,0,0
1553,1,primary_proton,1,1,1
1554,0,null,0,0,0
1555,9,secondary_proton,1,1,1
1556,0,null,0,0,0
1557,0,null,0,0,0
1558,0,null,0,0,0
1559,0,null,0,0,0
1560,0,null,0,0,0
1561,0,null,0,0,0
1562,0,null,0,0,0
1563,0,null,0,0,0
1564,0,null,0,0,0
1565,0,null,0,0,0
1566,0,null,0,0,0
1567,0,null,0,0,0
1568,0,null,0,0,0
1569,0,null,0,0,0
1570,0,null,0,0,0
1571,0,null,0,0,0
1572,0,null,0,0,0
1573,0,null,0,0,0
1574,0,null,0,0,0
1575,0,null,0,0,0
1576,0,null,0,0,0
1577,0,null,0,0,0
1578,0,null,0,0,0
1579,0,null,0,0,0
1580,0,null,0,0,0
1581,0,null,0,0,0
1582,0,null,0,0,0
1583,0,null,0,0,0
1584,0,null,0,0,0
1585,0,null,0,0,0
1586,0,null,0,0,0
1587,0,null,0,0,0
1588,24,pi+,1,1,1
1589,0,null,0,0,0
1590,0,null,0,0,0
1591,0,null,0,0,0
1592,0,null,0,0,0
1593,0,null,0,0,0
1594,0,null,0,0,0
1595,0,null,0,0,0
1596,0,null,0,0,0
1597,0,null,0,0,0
1598,0,null,0,0,0
1599,0,null,0,0,0
1600,0,null,0,0,0
1601,0,null,0,0,0
1602,0,null,0,0,0
1604,0,null,0,0,0
1605,1,primary_proton,1,1,1
1606,0,null,0,0,0
1607,0,null,0,0,0
1608,0,null,0,0,0
1609,0,null,0,0,0
1610,0,null,0,0,0
1611,0,null,0,0,0
1612,0,null,0,0,0
1613,0,null,0,0,0
1614,0,null,0,0,0
1615,0,null,0,0,0
1616,0,null,0,0,0
1617,0,null,0,0,0
1618,0,null,0,0,0
1619,0,null,0,0,0
1620,1,primary_proton,1,1,1
1621,0,null,0,0,0
1622,0,null,0,0,0
1623,0,null,0,0,0
1624,0,null,0,0,0
1625,1,primary_proton,1,1,1
1626,0,null,0,0,0
1627,0,null,0,0,0
1628,0,null,0,0,0
1629,0,null,0,0,0
1630,0,null,0,0,0
1631,0,null,0,0,0
1632,0,null,0,0,0
1633,0,null,0,0,0
1634,1,primary_proton,1,1,1
1635,0,null,0,0,0
1636,0,null,0,0,0
1637,0,null,0,0,0
1638,362,secondary_proton,1,1,1
1639,0,null,0,0,0
1640,0,null,0,0,0
1641,0,null,0,0,0
1642,0,null,0,0,0
1643,0,null,0,0,0
1644,0,null,0,0,0
1645,0,null,0,0,0
1646,1,primary_proton,1,1,1
1647,0,null,0,0,0
1648,0,null,0,0,0
1649,1,primary_proton,1,0,0
1650,0,null,0,0,0
1651,0,null,0,0,0
1652,0,null,0,0,0
1653,0,null,0,0,0
1654,0,null,0,0,0
1655,0,null,0,0,0
1656,0,null,0,0,0
1657,0,null,0,0,0
1658,0,null,0,0,0
1659,0,null,0,0,0
1660,0,null,0,0,0
1661,0,null,0,0,0
1662,0,null,0,0,0
1663,0,null,0,0,0
1664,0,null,0,0,0
1665,0,null,0,0,0
1666,0,null,0,0,0
1667,0,null,0,0,0
1668,0,null,0,0,0
1669,0,null,0,0,0
1670,0,null,0,0,0
1671,0,null,0,0,0
1672,0,null,0,0,0
1673,0,null,0,0,0
1674,0,null,0,0,0
1675,0,null,0,0,0
1676,0,null,0,0,0
1677,0,null,0,0,0
1678,0,null,0,0,0
1679,0,null,0,0,0
1680,0,null,0,0,0
1681,0,null,0,0,0
1682,0,null,0,0,0
1683,0,null,0,0,0
1684,1,primary_proton,1,1,0
1685,0,null,0,0,0
1686,0,null,0,0,0
1687,0,null,0,0,0
1688,0,null,0,0,0
1689,0,null,0,0,0
1690,0,null,0,0,0
1691,0,null,0,0,0
1692,0,null,0,0,0
1693,0,null,0,0,0
1694,0,null,0,0,0
1695,0,null,0,0,0
1696,0,null,0,0,0
1697,0,null,0,0,0
1698,0,null,0,0,0
1699,0,null,0,0,0
1700,0,null,0,0,0
1701,0,null,0,0,0
1702,0,null,0,0,0
1703,0,null,0,0,0
1704,0,null,0,0,0
1705,0,null,0,0,0
1706,0,null,0,0,0
1707,0,null,0,0,0
1708,0,null,0,0,0
1709,0,null,0,0,0
1710,0,null,0,0,0
1711,0,null,0,0,0
1712,0,null,0,0,0
1713,0,null,0,0,0
1714,0,null,0,0,0
1715,0,null,0,0,0
1716,1,primary_proton,1,1,1
1717,0,null,0,0,0
1718,0,null,0,0,0
1719,0,null,0,0,0
1720,0,null,0,0,0
1721,0,null,0,0,0
1722,0,null,0,0,0
1723,0,null,0,0,0
1724,0,null,0,0,0
1725,0,null,0,0,0
1726,0,null,0,0,0
1727,0,null,0,0,0
1728,0,null,0,0,0
1729,0,null,0,0,0
1730,0,null,0,0,0
1731,0,null,0,0,0
1732,0,null,0,0,0
1733,0,null,0,0,0
1734,0,null,0,0,0
1735,0,null,0,0,0
1736,0,null,0,0,0
1737,0,null,0,0,0
1738,994,e-,1,1,0
1739,0,null,0,0,0
1740,1,primary_proton,1,1,1
1741,0,null,0,0,0
1742,0,null,0,0,0
1743,0,null,0,0,0
1744,0,null,0,0,0
1745,0,null,0,0,0
1746,0,null,0,0,0
1747,0,null,0,0,0
1748,0,null,0,0,0
1749,0,null,0,0,0
1750,0,null,0,0,0
1751,0,null,0,0,0
1752,0,null,0,0,0
1753,0,null,0,0,0
1754,0,null,0,0,0
1755,20,secondary_proton,1,1,1
1756,0,null,0,0,0
1757,0,null,0,0,0
1758,0,null,0,0,0
1759,0,null,0,0,0
1760,0,null,0,0,0
1761,0,null,0,0,0
1762,0,null,0,0,0
1763,0,null,0,0,0
1764,0,null,0,0,0
1765,0,null,0,0,0
1766,0,null,0,0,0
1767,0,null,0,0,0
1768,0,null,0,0,0
1769,0,null,0,0,0
1770,0,null,0,0,0
1771,0,null,0,0,0
1772,0,null,0,0,0
1773,0,null,0,0,0
1774,0,null,0,0,0
1775,0,null,0,0,0
1776,0,null,0,0,0
1777,4306,secondary_proton,1,1,1
1778,3736,e-,1,1,1
1779,0,null,0,0,0
1780,0,null,0,0,0
1781,0,null,0,0,0
1782,5,secondary_proton,1,1,1
1783,0,null,0,0,0
1784,0,null,0,0,0
1785,0,null,0,0,0
1786,0,null,0,0,0
1787,0,null,0,0,0
1788,0,null,0,0,0
1789,0,null,0,0,0
1790,0,null,0,0,0
1791,0,null,0,0,0
1792,0,null,0,0,0
1793,0,null,0,0,0
1794,0,null,0,0,0
1795,0,null,0,0,0
1796,0,null,0,0,0
1797,0,null,0,0,0
1798,14,pi+,1,1,0
1799,0,null,0,0,0
1800,0,null,0,0,0
1801,2,secondary_proton,1,1,1
1802,0,null,0,0,0
1803,0,null,0,0,0
1804,0,null,0,0,0
1805,0,null,0,0,0
1806,0,null,0,0,0
1807,0,null,0,0,0
1808,0,null,0,0,0
1809,0,null,0,0,0
1810,0,null,0,0,0
1811,0,null,0,0,0
1812,0,null,0,0,0
1813,0,null,0,0,0
1814,0,null,0,0,0
1815,0,null,0,0,0
1816,0,null,0,0,0
1817,0,null,0,0,0
1818,0,null,0,0,0
1819,0,null,0,0,0
1820,0,null,0,0,0
1821,0,null,0,0,0
1823,0,null,0,0,0
1824,0,null,0,0,0
1825,0,null,0,0,0
1826,0,null,0,0,0
1827,0,null,0,0,0
1828,0,null,0,0,0
1829,9,pi-,1,1,1
1830,1,primary_proton,1,1,1
1831,0,null,0,0,0
1832,4397,pi+,1,1,0
1833,0,null,0,0,0
1834,0,null,0,0,0
1835,0,null,0,0,0
1836,0,null,0,0,0
1837,1,primary_proton,1,1,1
1838,0,null,0,0,0
1839,0,null,0,0,0
1840,0,null,0,0,0
1841,0,null,0,0,0
1842,0,null,0,0,0
1843,0,null,0,0,0
1844,0,null,0,0,0
1845,0,null,0,0,0
1846,0,null,0,0,0
1847,0,null,0,0,0
1848,0,null,0,0,0
1849,0,null,0,0,0
1850,0,null,0,0,0
1851,0,null,0,0,0
1852,0,null,0,0,0
1853,0,null,0,0,0
1854,0,null,0,0,0
1855,0,null,0,0,0
1856,0,null,0,0,0
1857,0,null,0,0,0
1858,0,null,0,0,0
1859,0,null,0,0,0
1860,0,null,0,0,0
1861,0,null,0,0,0
1862,0,null,0,0,0
1863,0,null,0,0,0
1864,0,null,0,0,0
1865,0,null,0,0,0
1866,0,null,0,0,0
1867,0,null,0,0,0
1868,0,null,0,0,0
1869,0,null,0,0,0
1870,0,null,0,0,0
1871,0,null,0,0,0
1872,0,null,0,0,0
1873,0,null,0,0,0
1874,0,null,0,0,0
1875,0,null,0,0,0
1876,0,null,0,0,0
1877,0,null,0,0,0
1878,0,null,0,0,0
1879,0,null,0,0,0
1880,0,null,0,0,0
1881,0,null,0,0,0
1882,0,null,0,0,0
1883,0,null,0,0,0
1884,0,null,0,0,0
1885,0,null,0,0,0
1886,0,null,0,0,0
1887,0,null,0,0,0
1888,1,primary_proton,1,1,1
1889,0,null,0,0,0
1890,0,null,0,0,0
1891,0,null,0,0,0
1892,0,null,0,0,0
1893,0,null,0,0,0
1894,0,null,0,0,0
1895,6,secondary_proton,1,1,1
1896,0,null,0,0,0
1897,0,null,0,0,0
1898,0,null,0,0,0
1899,0,null,0,0,0
1900,12,secondary_proton,1,1,1
1901,0,null,0,0,0
1902,0,null,0,0,0
1903,0,null,0,0,0
1904,1,primary_proton,1,1,1
1905,1,primary_proton,1,1,1
1906,0,null,0,0,0
1907,0,null,0,0,0
1908,0,null,0,0,0
1909,0,null,0,0,0
1910,0,null,0,0,0
1911,0,null,0,0,0
1912,1,primary_proton,1,1,1
1913,0,null,0,0,0
1914,0,null,0,0,0
1915,10,pi+,1,1,1
1916,0,null,0,0,0
1917,1,primary_proton,1,1,1
1918,0,null,0,0,0
1919,0,null,0,0,0
1920,0,null,0,0,0
1921,0,null,0,0,0
1922,0,null,0,0,0
1923,0,null,0,0,0
1924,0,null,0,0,0
1925,0,null,0,0,0
1926,0,null,0,0,0
1927,0,null,0,0,0
1928,0,null,0,0,0
1929,0,null,0,0,0
1930,0,null,0,0,0
1931,0,null,0,0,0
1932,0,null,0,0,0
1933,0,null,0,0,0
1934,0,null,0,0,0
1935,0,null,0,0,0
1936,5,secondary_proton,1,1,1
1937,0,null,0,0,0
1938,0,null,0,0,0
1939,0,null,0,0,0
1940,0,null,0,0,0
1941,0,null,0,0,0
1942,0,null,0,0,0
1943,0,null,0,0,0
1944,0,null,0,0,0
1945,0,null,0,0,0
1946,0,null,0,0,0
1947,0,null,0,0,0
1948,1,primary_proton,1,1,1
1949,0,null,0,0,0
1950,0,null,0,0,0
1951,0,null,0,0,0
1952,0,null,0,0,0
1953,0,null,0,0,0
1954,0,null,0,0,0
1955,0,null,0,0,0
1956,0,null,0,0,0
1957,8,pi-,1,1,1
1958,0,null,0,0,0
1959,0,null,0,0,0
1960,0,null,0,0,0
1961,1,primary_proton,1,1,1
1962,0,null,0,0,0
1963,0,null,0,0,0
1964,0,null,0,0,0
1965,0,null,0,0,0
1966,0,null,0,0,0
1967,0,null,0,0,0
1968,0,null,0,0,0
1969,0,null,0,0,0
1970,0,null,0,0,0
1971,0,null,0,0,0
1972,2,secondary_proton,1,1,1
1973,0,null,0,0,0
1974,1,primary_proton,1,1,1
1975,0,null,0,0,0
1976,0,null,0,0,0
1977,0,null,0,0,0
1978,0,null,0,0,0
1979,0,null,0,0,0
1980,0,null,0,0,0
1981,0,null,0,0,0
1982,0,null,0,0,0
1983,0,null,0,0,0
1984,0,null,0,0,0
1985,0,null,0,0,0
1986,0,null,0,0,0
1987,0,null,0,0,0
1988,0,null,0,0,0
1989,0,null,0,0,0
1990,0,null,0,0,0
1991,1000,pi-,1,0,0
1992,7,secondary_proton,1,1,1
1993,1,primary_proton,1,1,1
1994,17,pi-,1,1,1
1995,0,null,0,0,0
1996,0,null,0,0,0
1997,0,null,0,0,0
1998,0,null,0,0,0
1999,0,null,0,0,0
2000,0,null,0,0,0
2001,0,null,0,0,0
2002,0,null,0,0,0
2003,0,null,0,0,0
2004,0,null,0,0,0
2005,0,null,0,0,0
2006,0,null,0,0,0
2007,0,null,0,0,0
2008,0,null,0,0,0
2009,0,null,0,0,0
2010,0,null,0,0,0
2011,0,null,0,0,0
2012,0,null,0,0,0
2013,0,null,0,0,0
2014,0,null,0,0,0
2015,0,null,0,0,0
2016,0,null,0,0,0
2017,0,null,0,0,0
2018,0,null,0,0,0
2019,0,null,0,0,0
2020,0,null,0,0,0
2021,316,pi+,1,1,1
2022,0,null,0,0,0
2023,0,null,0,0,0
2024,0,null,0,0,0
2025,0,null,0,0,0
2026,0,null,0,0,0
2027,315,pi-,1,1,0
2028,427,secondary_proton,1,1,1
2029,0,null,0,0,0
2030,0,null,0,0,0
2031,0,null,0,0,0
2032,0,null,0,0,0
2033,0,null,0,0,0
2034,0,null,0,0,0
2035,0,null,0,0,0
2036,0,null,0,0,0
2037,0,null,0,0,0
2038,0,null,0,0,0
2040,0,null,0,0,0
2041,0,null,0,0,0
2042,11,pi-,1,1,1
2043,0,null,0,0,0
2044,0,null,0,0,0
2045,0,null,0,0,0
2046,0,null,0,0,0
2047,0,null,0,0,0
2048,0,null,0,0,0
2049,0,null,0,0,0
2050,0,null,0,0,0
2051,0,null,0,0,0
2052,0,null,0,0,0
2053,0,null,0,0,0
2054,0,null,0,0,0
2055,0,null,0,0,0
2056,0,null,0,0,0
2057,0,null,0,0,0
2058,0,null,0,0,0
2059,0,null,0,0,0
2060,0,null,0,0,0
2061,0,null,0,0,0
2062,0,null,0,0,0
2063,3,pi-,1,1,1
2064,0,null,0,0,0
2065,0,null,0,0,0
2066,0,null,0,0,0
2067,2,secondary_proton,1,1,1
2068,0,null,0,0,0
2069,0,null,0,0,0
2070,0,null,0,0,0
2071,0,null,0,0,0
2072,0,null,0,0,0
2073,0,null,0,0,0
2074,0,null,0,0,0
2075,0,null,0,0,0
2076,0,null,0,0,0
2077,0,null,0,0,0
2078,0,null,0,0,0
2079,0,null,0,0,0
2080,0,null,0,0,0
2081,0,null,0,0,0
2082,0,null,0,0,0
2083,0,null,0,0,0
2084,0,null,0,0,0
2085,0,null,0,0,0
2086,0,null,0,0,0
2087,2,secondary_proton,1,1,1
2088,0,null,0,0,0
2089,0,null,0,0,0
2090,0,null,0,0,0
2091,0,null,0,0,0
2092,0,null,0,0,0
2093,0,null,0,0,0
2094,0,null,0,0,0
2095,0,null,0,0,0
2096,27,pi+,1,1,0
2097,0,null,0,0,0
2098,4,secondary_proton,1,1,1
2099,0,null,0,0,0
2100,0,null,0,0,0
2101,0,null,0,0,0
2102,0,null,0,0,0
2103,1810,e-,1,0,0
2104,0,null,0,0,0
2105,0,null,0,0,0
2106,1638,e-,1,1,1
2107,0,null,0,0,0
2108,0,null,0,0,0
2109,0,null,0,0,0
2110,0,null,0,0,0
2111,0,null,0,0,0
2112,0,null,0,0,0
2113,0,null,0,0,0
2114,0,null,0,0,0
2115,0,null,0,0,0
2116,0,null,0,0,0
2117,0,null,0,0,0
2118,0,null,0,0,0
2119,0,null,0,0,0
2120,0,null,0,0,0
2121,0,null,0,0,0
2122,0,null,0,0,0
2123,0,null,0,0,0
2124,0,null,0,0,0
2125,0,null,0,0,0
2126,0,null,0,0,0
2127,0,null,0,0,0
2128,0,null,0,0,0
2129,0,null,0,0,0
2130,0,null,0,0,0
2131,0,null,0,0,0
2132,1,primary_proton,1,1,1
2133,0,null,0,0,0
2134,0,null,0,0,0
2135,0,null,0,0,0
2136,0,null,0,0,0
2137,7,secondary_proton,1,0,0
2138,0,null,0,0,0
2139,0,null,0,0,0
2140,10,pi-,1,1,1
2141,0,null,0,0,0
2142,1,primary_proton,1,1,0
2143,0,null,0,0,0
2144,0,null,0,0,0
2145,0,null,0,0,0
2146,0,null,0,0,0
2147,1,primary_proton,1,1,1
2148,0,null,0,0,0
2149,0,null,0,0,0
2150,0,null,0,0,0
2151,0,null,0,0,0
2152,0,null,0,0,0
2153,0,null,0,0,0
2154,0,null,0,0,0
2155,0,null,0,0,0
2156,0,null,0,0,0
2157,13,pi+,1,1,1
2158,0,null,0,0,0
2159,0,null,0,0,0
2160,0,null,0,0,0
2161,0,null,0,0,0
2162,435,pi-,1,1,1
2163,0,null,0,0,0
2164,0,null,0,0,0
2165,1,primary_proton,1,1,1
2166,234,pi+,1,1,1
2167,0,null,0,0,0
2168,0,null,0,0,0
2169,0,null,0,0,0
2170,1,primary_proton,1,1,1
2171,0,null,0,0,0
2172,0,null,0,0,0
2173,0,null,0,0,0
2174,0,null,0,0,0
2175,0,null,0,0,0
2176,0,null,0,0,0
2177,0,null,0,0,0
2178,0,null,0,0,0
2179,1,primary_proton,1,1,1
2180,0,null,0,0,0
2181,0,null,0,0,0
2182,0,null,0,0,0
2183,0,null,0,0,0
2184,9,secondary_proton,1,1,1
2185,0,null,0,0,0
2186,0,null,0,0,0
2187,0,null,0,0,0
2188,0,null,0,0,0
2189,0,null,0,0,0
2190,0,null,0,0,0
2191,0,null,0,0,0
2192,0,null,0,0,0
2193,0,null,0,0,0
2194,0,null,0,0,0
2195,0,null,0,0,0
2196,0,null,0,0,0
2197,0,null,0,0,0
2198,0,null,0,0,0
2199,0,null,0,0,0
2200,0,null,0,0,0
2201,0,null,0,0,0
2202,0,null,0,0,0
2203,0,null,0,0,0
2204,0,null,0,0,0
2205,0,null,0,0,0
2206,0,null,0,0,0
2207,0,null,0,0,0
2208,0,null,0,0,0
2209,0,null,0,0,0
2210,0,null,0,0,0
2211,0,null,0,0,0
2212,0,null,0,0,0
2213,0,null,0,0,0
2214,0,null,0,0,0
2215,0,null,0,0,0
2216,0,null,0,0,0
2217,0,null,0,0,0
2218,0,null,0,0,0
2219,0,null,0,0,0
2220,0,null,0,0,0
2221,0,null,0,0,0
2222,0,null,0,0,0
2223,0,null,0,0,0
2224,1,primary_proton,1,1,1
2225,0,null,0,0,0
2226,0,null,0,0,0
2227,0,null,0,0,0
2228,0,null,0,0,0
2229,0,null,0,0,0
2230,1,primary_proton,1,1,1
2231,1,primary_proton,1,1,1
2232,0,null,0,0,0
2233,0,null,0,0,0
2234,0,null,0,0,0
2235,0,null,0,0,0
2236,0,null,0,0,0
2237,0,null,0,0,0
2238,0,null,0,0,0
2239,0,null,0,0,0
2240,0,null,0,0,0
2241,0,null,0,0,0
2242,0,null,0,0,0
2243,0,null,0,0,0
2244,0,null,0,0,0
2245,0,null,0,0,0
2246,0,null,0,0,0
2247,0,null,0,0,0
2248,0,null,0,0,0
2249,0,null,0,0,0
2250,1,primary_proton,1,1,1
2251,0,null,0,0,0
2252,0,null,0,0,0
2253,0,null,0,0,0
2254,0,null,0,0,0
2255,0,null,0,0,0
2256,1,primary_proton,1,1,1
2258,0,null,0,0,0
2259,0,null,0,0,0
2260,0,null,0,0,0
2261,0,null,0,0,0
2262,0,null,0,0,0
2263,0,null,0,0,0
2264,0,null,0,0,0
2265,0,null,0,0,0
2266,0,null,0,0,0
2267,0,null,0,0,0
2268,0,null,0,0,0
2269,0,null,0,0,0
2270,0,null,0,0,0
2271,0,null,0,0,0
2272,0,null,0,0,0
2273,0,null,0,0,0
2274,0,null,0,0,0
2275,0,null,0,0,0
2276,0,null,0,0,0
2277,0,null,0,0,0
2278,0,null,0,0,0
2279,0,null,0,0,0
2280,0,null,0,0,0
2281,0,null,0,0,0
2282,0,null,0,0,0
2283,0,null,0,0,0
2284,0,null,0,0,0
2285,0,null,0,0,0
2286,0,null,0,0,0
2287,0,null,0,0,0
2288,0,null,0,0,0
2289,0,null,0,0,0
2290,0,null,0,0,0
2291,0,null,0,0,0
2292,0,null,0,0,0
2293,0,null,0,0,0
2294,0,null,0,0,0
2295,0,null,0,0,0
2296,0,null,0,0,0
2297,0,null,0,0,0
2298,0,null,0,0,0
2299,0,null,0,0,0
2300,0,null,0,0,0
2301,0,null,0,0,0
2302,0,null,0,0,0
2303,0,null,0,0,0
2304,0,null,0,0,0
2305,1889,e-,1,0,0
2306,0,null,0,0,0
2307,0,null,0,0,0
2308,0,null,0,0,0
2309,0,null,0,0,0
2310,0,null,0,0,0
2311,0,null,0,0,0
2312,0,null,0,0,0
2313,0,null,0,0,0
2314,0,null,0,0,0
2315,0,null,0,0,0
2316,0,null,0,0,0
2317,0,null,0,0,0
2318,0,null,0,0,0
2319,0,null,0,0,0
2320,1,primary_proton,1,1,1
2321,0,null,0,0,0
2322,0,null,0,0,0
2323,0,null,0,0,0
2324,0,null,0,0,0
2325,0,null,0,0,0
2326,0,null,0,0,0
2327,0,null,0,0,0
2328,0,null,0,0,0
2329,0,null,0,0,0
2330,408,e-,1,1,0
2331,0,null,0,0,0
2332,0,null,0,0,0
2333,0,null,0,0,0
2334,0,null,0,0,0
2335,0,null,0,0,0
2336,0,null,0,0,0
2337,0,null,0,0,0
2338,0,null,0,0,0
2339,0,null,0,0,0
2340,0,null,0,0,0
2341,3776,pi+,1,1,1
2342,0,null,0,0,0
2343,0,null,0,0,0
2344,0,null,0,0,0
2345,0,null,0,0,0
2346,0,null,0,0,0
2347,0,null,0,0,0
2348,0,null,0,0,0
2349,0,null,0,0,0
2350,0,null,0,0,0
2351,0,null,0,0,0
2352,0,null,0,0,0
2353,0,null,0,0,0
2354,0,null,0,0,0
2355,0,null,0,0,0
2356,13,pi-,1,1,1
2357,0,null,0,0,0
2358,0,null,0,0,0
2359,0,null,0,0,0
2360,0,null,0,0,0
2361,0,null,0,0,0
2362,0,null,0,0,0
2363,0,null,0,0,0
2364,0,null,0,0,0
2365,0,null,0,0,0
2366,0,null,0,0,0
2367,0,null,0,0,0
2368,0,null,0,0,0
2369,0,null,0,0,0
2370,0,null,0,0,0
2371,0,null,0,0,0
2372,0,null,0,0,0
2373,0,null,0,0,0
2374,0,null,0,0,0
2375,0,null,0,0,0
2376,0,null,0,0,0
2377,0,null,0,0,0
2378,0,null,0,0,0
2379,0,null,0,0,0
2380,0,null,0,0,0
2381,17,pi-,1,1,1
2382,0,null,0,0,0
2383,0,null,0,0,0
2384,0,null,0,0,0
2385,0,null,0,0,0
2386,0,null,0,0,0
2387,0,null,0,0,0
2388,0,null,0,0,0
2389,0,null,0,0,0
2390,0,null,0,0,0
2391,0,null,0,0,0
2392,0,null,0,0,0
2393,0,null,0,0,0
2394,0,null,0,0,0
2395,0,null,0,0,0
2396,0,null,0,0,0
2397,1,primary_proton,1,1,1
2398,528,secondary_proton,1,1,1
2399,0,null,0,0,0
2400,0,null,0,0,0
2401,0,null,0,0,0
2402,1,primary_proton,1,1,1
2403,0,null,0,0,0
2404,0,null,0,0,0
2405,0,null,0,0,0
2406,0,null,0,0,0
2407,0,null,0,0,0
2408,1,primary_proton,1,1,1
2409,0,null,0,0,0
2410,0,null,0,0,0
2411,0,null,0,0,0
2412,0,null,0,0,0
2413,0,null,0,0,0
2414,0,null,0,0,0
2415,0,null,0,0,0
2416,0,null,0,0,0
2417,0,null,0,0,0
2418,0,null,0,0,0
2419,0,null,0,0,0
2420,0,null,0,0,0
2421,0,null,0,0,0
2422,0,null,0,0,0
2423,0,null,0,0,0
2424,0,null,0,0,0
2425,0,null,0,0,0
2426,0,null,0,0,0
2427,10,pi-,1,1,1
2428,0,null,0,0,0
2429,0,null,0,0,0
2430,0,null,0,0,0
2431,0,null,0,0,0
2432,10,pi+,1,0,0
2433,0,null,0,0,0
2434,0,null,0,0,0
2435,36,pi-,1,1,1
2436,0,null,0,0,0
2437,0,null,0,0,0
2438,0,null,0,0,0
2439,4,pi+,1,1,1
2440,0,null,0,0,0
2441,0,null,0,0,0
2442,0,null,0,0,0
2443,1,primary_proton,1,1,1
2444,0,null,0,0,0
2445,0,null,0,0,0
2446,0,null,0,0,0
2447,1,primary_proton,1,1,1
2448,12,pi-,1,1,1
2449,0,null,0,0,0
2450,0,null,0,0,0
2451,0,null,0,0,0
2452,0,null,0,0,0
2453,0,null,0,0,0
2454,0,null,0,0,0
2455,0,null,0,0,0
2456,0,null,0,0,0
2457,0,null,0,0,0
2458,0,null,0,0,0
2459,0,null,0,0,0
2460,0,null,0,0,0
2461,0,null,0,0,0
2462,0,null,0,0,0
2463,0,null,0,0,0
2464,0,null,0,0,0
2465,0,null,0,0,0
2466,0,null,0,0,0
2467,0,null,0,0,0
2468,9,secondary_proton,1,1,1
2469,0,null,0,0,0
2470,0,null,0,0,0
2471,0,null,0,0,0
2472,0,null,0,0,0
2473,0,null,0,0,0
2474,0,null,0,0,0
2475,0,null,0,0,0
2476,0,null,0,0,0
2477,0,null,0,0,0
2478,0,null,0,0,0
2479,0,null,0,0,0
2481,0,null,0,0,0
2482,0,null,0,0,0
2483,0,null,0,0,0
2484,0,null,0,0,0
2485,0,null,0,0,0
2486,0,null,0,0,0
2487,0,null,0,0,0
2488,0,null,0,0,0
2489,0,null,0,0,0
2490,0,null,0,0,0
2491,0,null,0,0,0
2492,0,null,0,0,0
2493,0,null,0,0,0
2494,0,null,0,0,0
2495,0,null,0,0,0
2496,0,null,0,0,0
2497,1,primary_proton,1,1,1
2498,0,null,0,0,0
2499,8,pi-,1,1,1
2500,0,null,0,0,0
2501,0,null,0,0,0
2502,0,null,0,0,0
2503,0,null,0,0,0
2504,0,null,0,0,0
2505,0,null,0,0,0
2506,0,null,0,0,0
2507,0,null,0,0,0
2508,0,null,0,0,0
2509,0,null,0,0,0
2510,0,null,0,0,0
2511,0,null,0,0,0
2512,0,null,0,0,0
2513,0,null,0,0,0
2514,0,null,0,0,0
2515,0,null,0,0,0
2516,0,null,0,0,0
2517,0,null,0,0,0
2518,0,null,0,0,0
2519,0,null,0,0,0
2520,0,null,0,0,0
2521,0,null,0,0,0
2522,0,null,0,0,0
2523,0,null,0,0,0
2524,0,null,0,0,0
2525,0,null,0,0,0
2526,0,null,0,0,0
2527,0,null,0,0,0
2528,0,null,0,0,0
2529,0,null,0,0,0
2530,0,null,0,0,0
2531,0,null,0,0,0
2532,0,null,0,0,0
2533,0,null,0,0,0
2534,0,null,0,0,0
2535,0,null,0,0,0
2536,0,null,0,0,0
2537,0,null,0,0,0
2538,0,null,0,0,0
2539,0,null,0,0,0
2540,0,null,0,0,0
2541,0,null,0,0,0
2542,0,null,0,0,0
2543,0,null,0,0,0
2544,0,null,0,0,0
2545,0,null,0,0,0
2546,7,secondary_proton,1,1,1
2547,0,null,0,0,0
2548,0,null,0,0,0
2549,0,null,0,0,0
2550,0,null,0,0,0
2551,0,null,0,0,0
2552,0,null,0,0,0
2553,0,null,0,0,0
2554,0,null,0,0,0
2555,0,null,0,0,0
2556,0,null,0,0,0
2557,0,null,0,0,0
2558,0,null,0,0,0
2559,0,null,0,0,0
2560,0,null,0,0,0
2561,0,null,0,0,0
2562,0,null,0,0,0
2563,0,null,0,0,0
2564,0,null,0,0,0
2565,0,null,0,0,0
2566,0,null,0,0,0
2567,0,null,0,0,0
2568,0,null,0,0,0
2569,0,null,0,0,0
2570,0,null,0,0,0
2571,0,null,0,0,0
2572,0,null,0,0,0
2573,0,null,0,0,0
2574,0,null,0,0,0
2575,0,null,0,0,0
2576,0,null,0,0,0
2577,0,null,0,0,0
2578,0,null,0,0,0
2579,0,null,0,0,0
2580,0,null,0,0,0
2581,0,null,0,0,0
2582,0,null,0,0,0
2583,0,null,0,0,0
2584,0,null,0,0,0
2585,0,null,0,0,0
2586,0,null,0,0,0
2587,0,null,0,0,0
2588,0,null,0,0,0
2589,0,null,0,0,0
2590,0,null,0,0,0
2591,0,null,0,0,0
2592,0,null,0,0,0
2593,0,null,0,0,0
2594,0,null,0,0,0
2595,0,null,0,0,0
2596,0,null,0,0,0
2597,0,null,0,0,0
2598,0,null,0,0,0
2599,0,null,0,0,0
2600,1,primary_proton,1,1,1
2601,0,null,0,0,0
2602,0,null,0,0,0
2603,0,null,0,0,0
2604,0,null,0,0,0
2605,0,null,0,0,0
2606,0,null,0,0,0
2607,0,null,0,0,0
2608,0,null,0,0,0
2609,0,null,0,0,0
2610,0,null,0,0,0
2611,0,null,0,0,0
2612,0,null,0,0,0
2613,0,null,0,0,0
2614,0,null,0,0,0
2615,0,null,0,0,0
2616,0,null,0,0,0
2617,0,null,0,0,0
2618,0,null,0,0,0
2619,0,null,0,0,0
2620,5,secondary_proton,1,1,1
2621,0,null,0,0,0
2622,0,null,0,0,0
2623,0,null,0,0,0
2624,11,pi+,1,1,0
2625,0,null,0,0,0
2626,0,null,0,0,0
2627,0,null,0,0,0
2628,0,null,0,0,0
2629,0,null,0,0,0
2630,0,null,0,0,0
2631,0,null,0,0,0
2632,0,null,0,0,0
2633,0,null,0,0,0
2634,0,null,0,0,0
2635,1,primary_proton,1,1,1
2636,0,null,0,0,0
2637,0,null,0,0,0
2638,0,null,0,0,0
2639,0,null,0,0,0
2640,0,null,0,0,0
2641,0,null,0,0,0
2642,0,null,0,0,0
2643,0,null,0,0,0
2644,0,null,0,0,0
2645,0,null,0,0,0
2646,0,null,0,0,0
2647,0,null,0,0,0
2648,0,null,0,0,0
2649,0,null,0,0,0
2650,0,null,0,0,0
2651,0,null,0,0,0
2652,12,pi-,1,1,1
2653,0,null,0,0,0
2654,9,pi-,1,1,0
2655,0,null,0,0,0
2656,0,null,0,0,0
2657,0,null,0,0,0
2658,0,null,0,0,0
2659,0,null,0,0,0
2660,0,null,0,0,0
2661,1,primary_proton,1,1,1
2662,0,null,0,0,0
2663,1,primary_proton,1,1,1
2664,0,null,0,0,0
2665,0,null,0,0,0
2666,0,null,0,0,0
2667,0,null,0,0,0
2668,0,null,0,0,0
2669,0,null,0,0,0
2670,0,null,0,0,0
2671,0,null,0,0,0
2672,0,null,0,0,0
2673,0,null,0,0,0
2674,0,null,0,0,0
2675,0,null,0,0,0
2676,0,null,0,0,0
2677,0,null,0,0,0
2678,0,null,0,0,0
2679,0,null,0,0,0
2680,0,null,0,0,0
2681,0,null,0,0,0
2682,0,null,0,0,0
2683,0,null,0,0,0
2684,0,null,0,0,0
2685,0,null,0,0,0
2686,0,null,0,0,0
2687,0,null,0,0,0
2688,0,null,0,0,0
2689,0,null,0,0,0
2690,0,null,0,0,0
2691,0,null,0,0,0
2692,0,null,0,0,0
2693,0,null,0,0,0
2694,0,null,0,0,0
2695,0,null,0,0,0
2696,0,null,0,0,0
2697,0,null,0,0,0
2698,0,null,0,0,0
2699,0,null,0,0,0
2700,0,null,0,0,0
2701,0,null,0,0,0
2702,0,null,0,0,0
2704,0,null,0,0,0
2705,0,null,0,0,0
2706,0,null,0,0,0
2707,0,null,0,0,0
2708,0,null,0,0,0
2709,0,null,0,0,0
2710,0,null,0,0,0
2711,0,null,0,0,0
2712,0,null,0,0,0
2713,23,pi+,1,1,0
2714,0,null,0,0,0
2715,0,null,0,0,0
2716,0,null,0,0,0
2717,0,null,0,0,0
2718,0,null,0,0,0
2719,0,null,0,0,0
2720,0,null,0,0,0
2721,0,null,0,0,0
2722,12,secondary_proton,1,1,1
2723,0,null,0,0,0
2724,0,null,0,0,0
2725,0,null,0,0,0
2726,0,null,0,0,0
2727,0,null,0,0,0
2728,0,null,0,0,0
2729,0,null,0,0,0
2730,0,null,0,0,0
2731,0,null,0,0,0
2732,0,null,0,0,0
2733,0,null,0,0,0
2734,0,null,0,0,0
2735,0,null,0,0,0
2736,2,secondary_proton,1,1,1
2737,0,null,0,0,0
2738,0,null,0,0,0
2739,0,null,0,0,0
2740,0,null,0,0,0
2741,0,null,0,0,0
2742,0,null,0,0,0
2743,0,null,0,0,0
2744,0,null,0,0,0
2745,0,null,0,0,0
2746,0,null,0,0,0
2747,0,null,0,0,0
2748,11,pi-,1,1,1
2749,0,null,0,0,0
2750,23,pi-,1,1,0
2751,0,null,0,0,0
2752,38,pi+,1,0,0
2753,0,null,0,0,0
2754,0,null,0,0,0
2755,0,null,0,0,0
2756,0,null,0,0,0
2757,0,null,0,0,0
2758,317,e-,1,0,0
2759,0,null,0,0,0
2760,0,null,0,0,0
2761,0,null,0,0,0
2762,0,null,0,0,0
2763,0,null,0,0,0
2764,0,null,0,0,0
2765,0,null,0,0,0
2766,0,null,0,0,0
2767,6,secondary_proton,1,1,1
2768,0,null,0,0,0
2769,0,null,0,0,0
2770,3,secondary_proton,1,1,0
2771,0,null,0,0,0
2772,0,null,0,0,0
2773,0,null,0,0,0
2774,0,null,0,0,0
2775,0,null,0,0,0
2776,0,null,0,0,0
2777,0,null,0,0,0
2778,0,null,0,0,0
2779,0,null,0,0,0
2780,0,null,0,0,0
2781,0,null,0,0,0
2782,0,null,0,0,0
2783,0,null,0,0,0
2784,0,null,0,0,0
2785,0,null,0,0,0
2786,0,null,0,0,0
2787,0,null,0,0,0
2788,0,null,0,0,0
2789,0,null,0,0,0
2790,0,null,0,0,0
2791,0,null,0,0,0
2792,0,null,0,0,0
2793,0,null,0,0,0
2794,0,null,0,0,0
2795,0,null,0,0,0
2796,0,null,0,0,0
2797,0,null,0,0,0
2798,0,null,0,0,0
2799,0,null,0,0,0
2800,8,secondary_proton,1,1,1
2801,0,null,0,0,0
2802,0,null,0,0,0
2803,0,null,0,0,0
2804,0,null,0,0,0
2805,0,null,0,0,0
2806,0,null,0,0,0
2807,0,null,0,0,0
2808,0,null,0,0,0
2809,0,null,0,0,0
2810,0,null,0,0,0
2811,0,null,0,0,0
2812,0,null,0,0,0
2813,0,null,0,0,0
2814,0,null,0,0,0
2815,0,null,0,0,0
2816,0,null,0,0,0
2817,0,null,0,0,0
2818,0,null,0,0,0
2819,0,null,0,0,0
2820,0,null,0,0,0
2821,0,null,0,0,0
2822,0,null,0,0,0
2823,272,secondary_proton,1,1,1
2824,0,null,0,0,0
2825,0,null,0,0,0
2826,1,primary_proton,1,1,1
2827,0,null,0,0,0
2828,10,pi+,1,1,0
2829,0,null,0,0,0
2830,0,null,0,0,0
2831,0,null,0,0,0
2832,0,null,0,0,0
2833,0,null,0,0,0
2834,0,null,0,0,0
2835,0,null,0,0,0
2836,0,null,0,0,0
2837,0,null,0,0,0
2838,0,null,0,0,0
2839,0,null,0,0,0
2840,1544,pi-,1,1,1
2841,0,null,0,0,0
2842,0,null,0,0,0
2843,0,null,0,0,0
2844,0,null,0,0,0
2845,0,null,0,0,0
2846,0,null,0,0,0
2847,0,null,0,0,0
2848,0,null,0,0,0
2849,0,null,0,0,0
2850,0,null,0,0,0
2851,0,null,0,0,0
2852,0,null,0,0,0
2853,0,null,0,0,0
2854,0,null,0,0,0
2855,0,null,0,0,0
2856,0,null,0,0,0
2857,0,null,0,0,0
2858,0,null,0,0,0
2859,0,null,0,0,0
2860,0,null,0,0,0
2861,0,null,0,0,0
2862,0,null,0,0,0
2863,0,null,0,0,0
2864,0,null,0,0,0
2865,0,null,0,0,0
2866,0,null,0,0,0
2867,0,null,0,0,0
2868,0,null,0,0,0
2869,0,null,0,0,0
2870,0,null,0,0,0
2871,0,null,0,0,0
2872,0,null,0,0,0
2873,0,null,0,0,0
2874,0,null,0,0,0
2875,0,null,0,0,0
2876,0,null,0,0,0
2877,0,null,0,0,0
2878,1,primary_proton,1,1,1
2879,0,null,0,0,0
2880,0,null,0,0,0
2881,0,null,0,0,0
2882,0,null,0,0,0
2883,0,null,0,0,0
2884,0,null,0,0,0
2885,0,null,0,0,0
2886,0,null,0,0,0
2887,0,null,0,0,0
2888,0,null,0,0,0
2889,0,null,0,0,0
2890,0,null,0,0,0
2891,4,secondary_proton,1,1,1
2892,0,null,0,0,0
2893,0,null,0,0,0
2894,0,null,0,0,0
2895,0,null,0,0,0
2896,0,null,0,0,0
2897,0,null,0,0,0
2898,0,null,0,0,0
2899,10,pi+,1,0,0
2900,0,null,0,0,0
2901,0,null,0,0,0
2902,0,null,0,0,0
2903,0,null,0,0,0
2904,1,primary_proton,1,1,1
2905,0,null,0,0,0
2906,0,null,0,0,0
2907,0,null,0,0,0
2908,220,pi+,1,1,1
2909,0,null,0,0,0
2910,0,null,0,0,0
2911,0,null,0,0,0
2912,0,null,0,0,0
2913,0,null,0,0,0
2914,0,null,0,0,0
2915,0,null,0,0,0
2916,3,secondary_proton,1,1,1
2917,0,null,0,0,0
2918,0,null,0,0,0
2919,0,null,0,0,0
2920,0,null,0,0,0
2921,0,null,0,0,0
2922,0,null,0,0,0
2924,0,null,0,0,0
2925,0,null,0,0,0
2926,0,null,0,0,0
2927,0,null,0,0,0
2928,0,null,0,0,0
2929,0,null,0,0,0
2930,0,null,0,0,0
2931,0,null,0,0,0
2932,0,null,0,0,0
2933,0,null,0,0,0
2934,0,null,0,0,0
2935,1,primary_proton,1,1,1
2936,0,null,0,0,0
2937,0,null,0,0,0
2938,0,null,0,0,0
2939,0,null,0,0,0
2940,0,null,0,0,0
2941,0,null,0,0,0
2942,0,null,0,0,0
2943,0,null,0,0,0
2944,0,null,0,0,0
2945,0,null,0,0,0
2946,0,null,0,0,0
2947,1,primary_proton,1,1,1
2948,0,null,0,0,0
2949,0,null,0,0,0
2950,0,null,0,0,0
2951,0,null,0,0,0
2952,0,null,0,0,0
2953,1,primary_proton,1,1,1
2954,0,null,0,0,0
2955,0,null,0,0,0
2956,0,null,0,0,0
2957,0,null,0,0,0
2958,0,null,0,0,0
2959,0,null,0,0,0
2960,0,null,0,0,0
2961,0,null,0,0,0
2962,4,secondary_proton,1,1,1
2963,0,null,0,0,0
2964,0,null,0,0,0
2965,0,null,0,0,0
2966,0,null,0,0,0
2967,0,null,0,0,0
2968,0,null,0,0,0
2969,0,null,0,0,0
2970,0,null,0,0,0
2971,0,null,0,0,0
2972,0,null,0,0,0
2973,0,null,0,0,0
2974,0,null,0,0,0
2975,1,primary_proton,1,1,1
2976,0,null,0,0,0
2977,0,null,0,0,0
2978,0,null,0,0,0
2979,0,null,0,0,0
2980,0,null,0,0,0
2981,0,null,0,0,0
2982,0,null,0,0,0
2983,0,null,0,0,0
2984,0,null,0,0,0
2985,0,null,0,0,0
2986,0,null,0,0,0
2987,0,null,0,0,0
2988,0,null,0,0,0
2989,0,null,0,0,0
2990,1,primary_proton,1,0,0
2991,0,null,0,0,0
2992,0,null,0,0,0
2993,0,null,0,0,0
2994,0,null,0,0,0
2995,0,null,0,0,0
2996,0,null,0,0,0
2997,0,null,0,0,0
2998,0,null,0,0,0
2999,0,null,0,0,0
3000,0,null,0,0,0
3001,0,null,0,0,0
3002,0,null,0,0,0
3003,0,null,0,0,0
3004,0,null,0,0,0
3005,0,null,0,0,0
3006,0,null,0,0,0
3007,0,null,0,0,0
3008,0,null,0,0,0
3009,0,null,0,0,0
3010,0,null,0,0,0
3011,0,null,0,0,0
3012,0,null,0,0,0
3013,0,null,0,0,0
3014,0,null,0,0,0
3015,0,null,0,0,0
3016,0,null,0,0,0
3017,0,null,0,0,0
3018,0,null,0,0,0
3019,0,null,0,0,0
3020,0,null,0,0,0
3021,0,null,0,0,0
3022,0,null,0,0,0
3023,0,null,0,0,0
3024,0,null,0,0,0
3025,0,null,0,0,0
3026,0,null,0,0,0
3027,0,null,0,0,0
3028,0,null,0,0,0
3029,0,null,0,0,0
3030,0,null,0,0,0
3031,1,primary_proton,1,1,1
3032,0,null,0,0,0
3033,0,null,0,0,0
3034,0,null,0,0,0
3035,0,null,0,0,0
3036,0,null,0,0,0
3037,0,null,0,0,0
3038,0,null,0,0,0
3039,0,null,0,0,0
3040,0,null,0,0,0
3041,0,null,0,0,0
3042,0,null,0,0,0
3043,0,null,0,0,0
3044,0,null,0,0,0
3045,0,null,0,0,0
3046,0,null,0,0,0
3047,0,null,0,0,0
3048,0,null,0,0,0
3049,0,null,0,0,0
3050,0,null,0,0,0
3051,0,null,0,0,0
3052,0,null,0,0,0
3053,0,null,0,0,0
3054,0,null,0,0,0
3055,0,null,0,0,0
3056,0,null,0,0,0
3057,0,null,0,0,0
3058,0,null,0,0,0
3059,0,null,0,0,0
3060,0,null,0,0,0
3061,0,null,0,0,0
3062,0,null,0,0,0
3063,0,null,0,0,0
3064,0,null,0,0,0
3065,0,null,0,0,0
3066,0,null,0,0,0
3067,0,null,0,0,0
3068,0,null,0,0,0
3069,0,null,0,0,0
3070,0,null,0,0,0
3071,0,null,0,0,0
3072,0,null,0,0,0
3073,0,null,0,0,0
3074,1,primary_proton,1,1,1
3075,0,null,0,0,0
3076,0,null,0,0,0
3077,0,null,0,0,0
3078,0,null,0,0,0
3079,0,null,0,0,0
3080,0,null,0,0,0
3081,0,null,0,0,0
3082,0,null,0,0,0
3083,0,null,0,0,0
3084,0,null,0,0,0
3085,0,null,0,0,0
3086,0,null,0,0,0
3087,0,null,0,0,0
3088,0,null,0,0,0
3089,0,null,0,0,0
3090,0,null,0,0,0
3091,0,null,0,0,0
3092,0,null,0,0,0
3093,0,null,0,0,0
3094,0,null,0,0,0
3095,0,null,0,0,0
3096,0,null,0,0,0
3097,0,null,0,0,0
3098,0,null,0,0,0
3099,0,null,0,0,0
3100,0,null,0,0,0
3101,0,null,0,0,0
3102,0,null,0,0,0
3103,0,null,0,0,0
3104,0,null,0,0,0
3105,0,null,0,0,0
3106,0,null,0,0,0
3107,0,null,0,0,0
3108,0,null,0,0,0
3109,0,null,0,0,0
3110,0,null,0,0,0
3111,0,null,0,0,0
3112,0,null,0,0,0
3113,0,null,0,0,0
3114,0,null,0,0,0
3115,0,null,0,0,0
3116,0,null,0,0,0
3117,0,null,0,0,0
3118,0,null,0,0,0
3119,0,null,0,0,0
3120,0,null,0,0,0
3121,0,null,0,0,0
3122,0,null,0,0,0
3123,0,null,0,0,0
3124,0,null,0,0,0
3125,0,null,0,0,0
3126,0,null,0,0,0
3127,0,null,0,0,0
3128,0,null,0,0,0
3129,0,null,0,0,0
3130,0,null,0,0,0
3131,0,null,0,0,0
3132,1,primary_proton,1,1,1
3133,0,null,0,0,0
3134,0,null,0,0,0
3135,0,null,0,0,0
3136,0,null,0,0,0
3137,0,null,0,0,0
3138,0,null,0,0,0
3139,0,null,0,0,0
3140,0,null,0,0,0
3141,1,primary_proton,1,1,1
3142,0,null,0,0,0
3143,0,null,0,0,0
3144,0,null,0,0,0
3146,0,null,0,0,0
3147,0,null,0,0,0
3148,0,null,0,0,0
3149,0,null,0,0,0
3150,0,null,0,0,0
3151,0,null,0,0,0
3152,0,null,0,0,0
3153,0,null,0,0,0
3154,0,null,0,0,0
3155,0,null,0,0,0
3156,0,null,0,0,0
3157,0,null,0,0,0
3158,0,null,0,0,0
3159,0,null,0,0,0
3160,0,null,0,0,0
3161,0,null,0,0,0
3162,0,null,0,0,0
3163,0,null,0,0,0
3164,0,null,0,0,0
3165,0,null,0,0,0
3166,0,null,0,0,0
3167,0,null,0,0,0
3168,0,null,0,0,0
3169,12,pi-,1,1,1
3170,0,null,0,0,0
3171,0,null,0,0,0
3172,0,null,0,0,0
3173,0,null,0,0,0
3174,0,null,0,0,0
3175,0,null,0,0,0
3176,0,null,0,0,0
3177,0,null,0,0,0
3178,0,null,0,0,0
3179,0,null,0,0,0
3180,0,null,0,0,0
3181,0,null,0,0,0
3182,0,null,0,0,0
3183,0,null,0,0,0
3184,0,null,0,0,0
3185,0,null,0,0,0
3186,0,null,0,0,0
3187,0,null,0,0,0
3188,0,null,0,0,0
3189,0,null,0,0,0
3190,0,null,0,0,0
3191,0,null,0,0,0
3192,0,null,0,0,0
3193,0,null,0,0,0
3194,0,null,0,0,0
3195,0,null,0,0,0
3196,0,null,0,0,0
3197,0,null,0,0,0
3198,0,null,0,0,0
3199,0,null,0,0,0
3200,0,null,0,0,0
3201,0,null,0,0,0
3202,0,null,0,0,0
3203,0,null,0,0,0
3204,0,null,0,0,0
3205,9,pi+,1,1,1
3206,0,null,0,0,0
3207,0,null,0,0,0
3208,0,null,0,0,0
3209,0,null,0,0,0
3210,0,null,0,0,0
3211,0,null,0,0,0
3212,0,null,0,0,0
3213,0,null,0,0,0
3214,0,null,0,0,0
3215,0,null,0,0,0
3216,0,null,0,0,0
3217,0,null,0,0,0
3218,0,null,0,0,0
3219,0,null,0,0,0
3220,1,primary_proton,1,1,1
3221,0,null,0,0,0
3222,0,null,0,0,0
3223,0,null,0,0,0
3224,0,null,0,0,0
3225,0,null,0,0,0
3226,0,null,0,0,0
3227,0,null,0,0,0
3228,0,null,0,0,0
3229,0,null,0,0,0
3230,0,null,0,0,0
3231,0,null,0,0,0
3232,0,null,0,0,0
3233,0,null,0,0,0
3234,0,null,0,0,0
3235,0,null,0,0,0
3236,0,null,0,0,0
3237,0,null,0,0,0
3238,0,null,0,0,0
3239,0,null,0,0,0
3240,0,null,0,0,0
3241,0,null,0,0,0
3242,12,pi+,1,1,1
3243,0,null,0,0,0
3244,0,null,0,0,0
3245,1,primary_proton,1,1,1
3246,0,null,0,0,0
3247,0,null,0,0,0
3248,0,null,0,0,0
3249,0,null,0,0,0
3250,0,null,0,0,0
3251,0,null,0,0,0
3252,0,null,0,0,0
3253,0,null,0,0,0
3254,0,null,0,0,0
3255,0,null,0,0,0
3256,0,null,0,0,0
3257,0,null,0,0,0
3258,0,null,0,0,0
3259,0,null,0,0,0
3260,0,null,0,0,0
3261,0,null,0,0,0
3262,0,null,0,0,0
3263,0,null,0,0,0
3264,0,null,0,0,0
3265,0,null,0,0,0
3266,0,null,0,0,0
3267,0,null,0,0,0
3268,215,e-,1,1,1
3269,10,secondary_proton,1,1,0
3270,0,null,0,0,0
3271,0,null,0,0,0
3272,0,null,0,0,0
3273,0,null,0,0,0
3274,0,null,0,0,0
3275,0,null,0,0,0
3276,0,null,0,0,0
3277,0,null,0,0,0
3278,0,null,0,0,0
3279,0,null,0,0,0
3280,0,null,0,0,0
3281,0,null,0,0,0
3282,0,null,0,0,0
3283,0,null,0,0,0
3284,0,null,0,0,0
3285,0,null,0,0,0
3286,0,null,0,0,0
3287,8,secondary_proton,1,1,1
3288,0,null,0,0,0
3289,1,primary_proton,1,1,1
3290,0,null,0,0,0
3291,0,null,0,0,0
3292,0,null,0,0,0
3293,0,null,0,0,0
3294,0,null,0,0,0
3295,0,null,0,0,0
3296,0,null,0,0,0
3297,1,primary_proton,1,1,1
3298,0,null,0,0,0
3299,17,secondary_proton,1,1,1
3300,0,null,0,0,0
3301,0,null,0,0,0
3302,0,null,0,0,0
3303,0,null,0,0,0
3304,0,null,0,0,0
3305,0,null,0,0,0
3306,0,null,0,0,0
3307,0,null,0,0,0
3308,0,null,0,0,0
3309,0,null,0,0,0
3310,0,null,0,0,0
3311,0,null,0,0,0
3312,0,null,0,0,0
3313,0,null,0,0,0
3314,0,null,0,0,0
3315,0,null,0,0,0
3316,0,null,0,0,0
3317,0,null,0,0,0
3318,0,null,0,0,0
3319,0,null,0,0,0
3320,0,null,0,0,0
3321,0,null,0,0,0
3322,0,null,0,0,0
3323,0,null,0,0,0
3324,0,null,0,0,0
3325,0,null,0,0,0
3326,0,null,0,0,0
3327,0,null,0,0,0
3328,0,null,0,0,0
3329,0,null,0,0,0
3330,0,null,0,0,0
3331,0,null,0,0,0
3332,0,null,0,0,0
3333,0,null,0,0,0
3334,0,null,0,0,0
3335,0,null,0,0,0
3336,0,null,0,0,0
3337,0,null,0,0,0
3338,0,null,0,0,0
3339,0,null,0,0,0
3340,0,null,0,0,0
3341,0,null,0,0,0
3342,0,null,0,0,0
3343,0,null,0,0,0
3344,0,null,0,0,0
3345,0,null,0,0,0
3346,0,null,0,0,0
3347,0,null,0,0,0
3348,0,null,0,0,0
3349,0,null,0,0,0
3350,1,primary_proton,1,1,1
3351,0,null,0,0,0
3352,0,null,0,0,0
3353,0,null,0,0,0
3354,0,null,0,0,0
3355,0,null,0,0,0
3356,0,null,0,0,0
3357,0,null,0,0,0
3358,0,null,0,0,0
3359,0,null,0,0,0
3360,0,null,0,0,0
3361,0,null,0,0,0
3362,0,null,0,0,0
3363,4,secondary_proton,1,1,1
3364,0,null,0,0,0
3365,0,null,0,0,0
3366,0,null,0,0,0
3368,0,null,0,0,0
3369,0,null,0,0,0
3370,0,null,0,0,0
3371,0,null,0,0,0
3372,0,null,0,0,0
3373,0,null,0,0,0
3374,0,null,0,0,0
3375,0,null,0,0,0
3376,0,null,0,0,0
3377,0,null,0,0,0
3378,0,null,0,0,0
3379,0,null,0,0,0
3380,0,null,0,0,0
3381,0,null,0,0,0
3382,0,null,0,0,0
3383,0,null,0,0,0
3384,0,null,0,0,0
3385,0,null,0,0,0
3386,0,null,0,0,0
3387,0,null,0,0,0
3388,1,primary_proton,1,1,1
3389,0,null,0,0,0
3390,0,null,0,0,0
3391,0,null,0,0,0
3392,0,null,0,0,0
3393,0,null,0,0,0
3394,0,null,0,0,0
3395,0,null,0,0,0
3396,0,null,0,0,0
3397,0,null,0,0,0
3398,0,null,0,0,0
3399,0,null,0,0,0
3400,0,null,0,0,0
3401,0,null,0,0,0
3402,4,secondary_proton,1,1,1
3403,0,null,0,0,0
3404,0,null,0,0,0
3405,0,null,0,0,0
3406,0,null,0,0,0
3407,0,null,0,0,0
3408,0,null,0,0,0
3409,0,null,0,0,0
3410,0,null,0,0,0
3411,0,null,0,0,0
3412,9,pi+,1,1,1
3413,8,pi-,1,1,1
3414,0,null,0,0,0
3415,0,null,0,0,0
3416,0,null,0,0,0
3417,1,primary_proton,1,1,1
3418,0,null,0,0,0
3419,0,null,0,0,0
3420,0,null,0,0,0
3421,0,null,0,0,0
3422,0,null,0,0,0
3423,0,null,0,0,0
3424,0,null,0,0,0
3425,0,null,0,0,0
3426,4,pi+,1,1,1
3427,0,null,0,0,0
3428,0,null,0,0,0
3429,0,null,0,0,0
3430,0,null,0,0,0
3431,0,null,0,0,0
3432,6,secondary_proton,1,1,1
3433,0,null,0,0,0
3434,0,null,0,0,0
3435,0,null,0,0,0
3436,0,null,0,0,0
3437,0,null,0,0,0
3438,0,null,0,0,0
3439,0,null,0,0,0
3440,0,null,0,0,0
3441,0,null,0,0,0
3442,0,null,0,0,0
3443,0,null,0,0,0
3444,0,null,0,0,0
3445,0,null,0,0,0
3446,0,null,0,0,0
3447,0,null,0,0,0
3448,0,null,0,0,0
3449,0,null,0,0,0
3450,0,null,0,0,0
3451,0,null,0,0,0
3452,0,null,0,0,0
3453,0,null,0,0,0
3454,0,null,0,0,0
3455,0,null,0,0,0
3456,0,null,0,0,0
3457,0,null,0,0,0
3458,0,null,0,0,0
3459,0,null,0,0,0
3460,0,null,0,0,0
3461,0,null,0,0,0
3462,0,null,0,0,0
3463,0,null,0,0,0
3464,0,null,0,0,0
3465,0,null,0,0,0
3466,0,null,0,0,0
3467,0,null,0,0,0
3468,0,null,0,0,0
3469,0,null,0,0,0
3470,0,null,0,0,0
3471,6,pi+,1,1,1
3472,0,null,0,0,0
3473,0,null,0,0,0
3474,0,null,0,0,0
3475,0,null,0,0,0
3476,0,null,0,0,0
3477,0,null,0,0,0
3478,0,null,0,0,0
3479,0,null,0,0,0
3480,1370,pi+,1,0,0
3481,0,null,0,0,0
3482,0,null,0,0,0
3483,11,pi+,1,1,1
3484,0,null,0,0,0
3485,0,null,0,0,0
3486,7,secondary_proton,1,1,1
3487,0,null,0,0,0
3488,0,null,0,0,0
3489,0,null,0,0,0
3490,0,null,0,0,0
3491,0,null,0,0,0
3492,0,null,0,0,0
3493,0,null,0,0,0
3494,0,null,0,0,0
3495,0,null,0,0,0
3496,0,null,0,0,0
3497,0,null,0,0,0
3498,0,null,0,0,0
3499,0,null,0,0,0
3500,0,null,0,0,0
3501,0,null,0,0,0
3502,0,null,0,0,0
3503,0,null,0,0,0
3504,0,null,0,0,0
3505,0,null,0,0,0
3506,0,null,0,0,0
3507,0,null,0,0,0
3508,1,primary_proton,1,1,1
3509,0,null,0,0,0
3510,0,null,0,0,0
3511,0,null,0,0,0
3512,0,null,0,0,0
3513,0,null,0,0,0
3514,0,null,0,0,0
3515,0,null,0,0,0
3516,0,null,0,0,0
3517,1,primary_proton,1,1,1
3518,0,null,0,0,0
3519,0,null,0,0,0
3520,0,null,0,0,0
3521,0,null,0,0,0
3522,0,null,0,0,0
3523,1,primary_proton,1,1,1
3524,1,primary_proton,1,1,1
3525,0,null,0,0,0
3526,0,null,0,0,0
3527,0,null,0,0,0
3528,0,null,0,0,0
3529,0,null,0,0,0
3530,0,null,0,0,0
3531,0,null,0,0,0
3532,0,null,0,0,0
3533,0,null,0,0,0
3534,0,null,0,0,0
3535,0,null,0,0,0
3536,0,null,0,0,0
3537,0,null,0,0,0
3538,0,null,0,0,0
3539,0,null,0,0,0
3540,0,null,0,0,0
3541,0,null,0,0,0
3542,0,null,0,0,0
3543,0,null,0,0,0
3544,0,null,0,0,0
3545,0,null,0,0,0
3546,1,primary_proton,1,1,1
3547,0,null,0,0,0
3548,0,null,0,0,0
3549,0,null,0,0,0
3550,0,null,0,0,0
3551,0,null,0,0,0
3552,0,null,0,0,0
3553,0,null,0,0,0
3554,0,null,0,0,0
3555,0,null,0,0,0
3556,0,null,0,0,0
3557,0,null,0,0,0
3558,0,null,0,0,0
3559,0,null,0,0,0
3560,0,null,0,0,0
3561,0,null,0,0,0
3562,0,null,0,0,0
3563,0,null,0,0,0
3564,0,null,0,0,0
3565,0,null,0,0,0
3566,0,null,0,0,0
3567,0,null,0,0,0
3568,0,null,0,0,0
3569,0,null,0,0,0
3570,0,null,0,0,0
3571,0,null,0,0,0
3572,0,null,0,0,0
3573,0,null,0,0,0
3574,0,null,0,0,0
3575,0,null,0,0,0
3576,0,null,0,0,0
3577,0,null,0,0,0
3578,0,null,0,0,0
3579,0,null,0,0,0
3580,0,null,0,0,0
3581,0,null,0,0,0
3582,0,null,0,0,0
3583,0,null,0,0,0
3584,0,null,0,0,0
3585,0,null,0,0,0
3586,0,null,0,0,0
3587,0,null,0,0,0
3588,0,null,0,0,0
3590,0,null,0,0,0
3591,0,null,0,0,0
3592,0,null,0,0,0
3593,0,null,0,0,0
3594,0,null,0,0,0
3595,0,null,0,0,0
3596,0,null,0,0,0
3597,0,null,0,0,0
3598,0,null,0,0,0
3599,0,null,0,0,0
3600,0,null,0,0,0
3601,0,null,0,0,0
3602,0,null,0,0,0
3603,0,null,0,0,0
3604,0,null,0,0,0
3605,0,null,0,0,0
3606,0,null,0,0,0
3607,1,primary_proton,1,1,1
3608,0,null,0,0,0
3609,0,null,0,0,0
3610,0,null,0,0,0
3611,0,null,0,0,0
3612,0,null,0,0,0
3613,109,pi+,1,1,1
3614,0,null,0,0,0
3615,0,null,0,0,0
3616,0,null,0,0,0
3617,0,null,0,0,0
3618,0,null,0,0,0
3619,0,null,0,0,0
3620,0,null,0,0,0
3621,0,null,0,0,0
3622,0,null,0,0,0
3623,0,null,0,0,0
3624,0,null,0,0,0
3625,0,null,0,0,0
3626,0,null,0,0,0
3627,0,null,0,0,0
3628,0,null,0,0,0
3629,0,null,0,0,0
3630,0,null,0,0,0
3631,0,null,0,0,0
3632,0,null,0,0,0
3633,0,null,0,0,0
3634,0,null,0,0,0
3635,13,pi+,1,1,1
3636,0,null,0,0,0
3637,0,null,0,0,0
3638,0,null,0,0,0
3639,0,null,0,0,0
3640,8384,e-,1,0,0
3641,0,null,0,0,0
3642,6,secondary_proton,1,1,1
3643,0,null,0,0,0
3644,0,null,0,0,0
3645,0,null,0,0,0
3646,3635,e-,1,1,1
3647,9,pi-,1,1,1
3648,0,null,0,0,0
3649,0,null,0,0,0
3650,0,null,0,0,0
3651,0,null,0,0,0
3652,0,null,0,0,0
3653,180,pi+,1,1,1
3654,0,null,0,0,0
3655,0,null,0,0,0
3656,0,null,0,0,0
3657,0,null,0,0,0
3658,0,null,0,0,0
3659,0,null,0,0,0
3660,0,null,0,0,0
3661,1,primary_proton,1,1,1
3662,0,null,0,0,0
3663,0,null,0,0,0
3664,10,pi+,1,1,1
3665,0,null,0,0,0
3666,0,null,0,0,0
3667,0,null,0,0,0
3668,0,null,0,0,0
3669,0,null,0,0,0
3670,0,null,0,0,0
3671,0,null,0,0,0
3672,0,null,0,0,0
3673,0,null,0,0,0
3674,0,null,0,0,0
3675,0,null,0,0,0
3676,1,primary_proton,1,1,1
3677,0,null,0,0,0
3678,0,null,0,0,0
3679,0,null,0,0,0
3680,0,null,0,0,0
3681,0,null,0,0,0
3682,0,null,0,0,0
3683,0,null,0,0,0
3684,0,null,0,0,0
3685,0,null,0,0,0
3686,0,null,0,0,0
3687,0,null,0,0,0
3688,44,pi-,1,1,1
3689,0,null,0,0,0
3690,0,null,0,0,0
3691,0,null,0,0,0
3692,0,null,0,0,0
3693,0,null,0,0,0
3694,0,null,0,0,0
3695,0,null,0,0,0
3696,0,null,0,0,0
3697,0,null,0,0,0
3698,0,null,0,0,0
3699,0,null,0,0,0
3700,0,null,0,0,0
3701,0,null,0,0,0
3702,0,null,0,0,0
3703,0,null,0,0,0
3704,8,secondary_proton,1,1,1
3705,0,null,0,0,0
3706,0,null,0,0,0
3707,0,null,0,0,0
3708,0,null,0,0,0
3709,0,null,0,0,0
3710,0,null,0,0,0
3711,0,null,0,0,0
3712,0,null,0,0,0
3713,1,primary_proton,1,1,1
3714,0,null,0,0,0
3715,0,null,0,0,0
3716,0,null,0,0,0
3717,1,primary_proton,1,1,1
3718,0,null,0,0,0
3719,0,null,0,0,0
3720,0,null,0,0,0
3721,18,secondary_proton,1,1,1
3722,0,null,0,0,0
3723,0,null,0,0,0
3724,0,null,0,0,0
3725,0,null,0,0,0
3726,0,null,0,0,0
3727,0,null,0,0,0
3728,0,null,0,0,0
3729,0,null,0,0,0
3730,0,null,0,0,0
3731,0,null,0,0,0
3732,0,null,0,0,0
3733,0,null,0,0,0
3734,1,primary_proton,1,1,1
3735,10,pi-,1,1,1
3736,0,null,0,0,0
3737,0,null,0,0,0
3738,0,null,0,0,0
3739,0,null,0,0,0
3740,0,null,0,0,0
3741,0,null,0,0,0
3742,0,null,0,0,0
3743,0,null,0,0,0
3744,0,null,0,0,0
3745,0,null,0,0,0
3746,0,null,0,0,0
3747,0,null,0,0,0
3748,0,null,0,0,0
3749,0,null,0,0,0
3750,0,null,0,0,0
3751,0,null,0,0,0
3752,0,null,0,0,0
3753,0,null,0,0,0
3754,0,null,0,0,0
3755,0,null,0,0,0
3756,0,null,0,0,0
3757,0,null,0,0,0
3758,0,null,0,0,0
3759,0,null,0,0,0
3760,0,null,0,0,0
3761,0,null,0,0,0
3762,0,null,0,0,0
3763,0,null,0,0,0
3764,0,null,0,0,0
3765,1,primary_proton,1,1,1
3766,0,null,0,0,0
3767,0,null,0,0,0
3768,0,null,0,0,0
3769,28,pi+,1,1,0
3770,0,null,0,0,0
3771,0,null,0,0,0
3772,0,null,0,0,0
3773,0,null,0,0,0
3774,0,null,0,0,0
3775,0,null,0,0,0
3776,0,null,0,0,0
3777,0,null,0,0,0
3778,0,null,0,0,0
3779,0,null,0,0,0
3780,0,null,0,0,0
3781,0,null,0,0,0
3782,0,null,0,0,0
3783,0,null,0,0,0
3784,0,null,0,0,0
3785,0,null,0,0,0
3786,0,null,0,0,0
3787,0,null,0,0,0
3788,0,null,0,0,0
3789,0,null,0,0,0
3790,1,primary_proton,1,1,1
3791,1,primary_proton,1,1,1
3792,0,null,0,0,0
3793,0,null,0,0,0
3794,0,null,0,0,0
3795,0,null,0,0,0
3796,0,null,0,0,0
3797,0,null,0,0,0
3798,0,null,0,0,0
3799,0,null,0,0,0
3800,0,null,0,0,0
3801,0,null,0,0,0
3802,0,null,0,0,0
3803,0,null,0,0,0
3804,0,null,0,0,0
3805,0,null,0,0,0
3806,0,null,0,0,0
3807,0,null,0,0,0
3809,0,null,0,0,0
3810,0,null,0,0,0
3811,0,null,0,0,0
3812,0,null,0,0,0
3813,0,null,0,0,0
3814,0,null,0,0,0
3815,0,null,0,0,0
3816,0,null,0,0,0
3817,0,null,0,0,0
3818,0,null,0,0,0
3819,0,null,0,0,0
3820,0,null,0,0,0
3821,0,null,0,0,0
3822,0,null,0,0,0
3823,0,null,0,0,0
3824,0,null,0,0,0
3825,0,null,0,0,0
3826,0,null,0,0,0
3827,0,null,0,0,0
3828,0,null,0,0,0
3829,0,null,0,0,0
3830,0,null,0,0,0
3831,0,null,0,0,0
3832,0,null,0,0,0
3833,0,null,0,0,0
3834,0,null,0,0,0
3835,0,null,0,0,0
3836,0,null,0,0,0
3837,0,null,0,0,0
3838,6,secondary_proton,1,1,1
3839,0,null,0,0,0
3840,0,null,0,0,0
3841,0,null,0,0,0
3842,0,null,0,0,0
3843,0,null,0,0,0
3844,0,null,0,0,0
3845,0,null,0,0,0
3846,0,null,0,0,0
3847,0,null,0,0,0
3848,0,null,0,0,0
3849,0,null,0,0,0
3850,0,null,0,0,0
3851,0,null,0,0,0
3852,0,null,0,0,0
3853,10,pi+,1,1,1
3854,0,null,0,0,0
3855,0,null,0,0,0
3856,0,null,0,0,0
3857,0,null,0,0,0
3858,1,primary_proton,1,1,1
3859,0,null,0,0,0
3860,0,null,0,0,0
3861,0,null,0,0,0
3862,0,null,0,0,0
3863,0,null,0,0,0
3864,0,null,0,0,0
3865,0,null,0,0,0
3866,0,null,0,0,0
3867,0,null,0,0,0
3868,0,null,0,0,0
3869,0,null,0,0,0
3870,0,null,0,0,0
3871,0,null,0,0,0
3872,15,secondary_proton,1,1,1
3873,0,null,0,0,0
3874,0,null,0,0,0
3875,0,null,0,0,0
3876,0,null,0,0,0
3877,0,null,0,0,0
3878,0,null,0,0,0
3879,0,null,0,0,0
3880,0,null,0,0,0
3881,0,null,0,0,0
3882,0,null,0,0,0
3883,0,null,0,0,0
3884,0,null,0,0,0
3885,0,null,0,0,0
3886,0,null,0,0,0
3887,0,null,0,0,0
3888,0,null,0,0,0
3889,0,null,0,0,0
3890,0,null,0,0,0
3891,0,null,0,0,0
3892,0,null,0,0,0
3893,0,null,0,0,0
3894,0,null,0,0,0
3895,0,null,0,0,0
3896,1,primary_proton,1,1,1
3897,0,null,0,0,0
3898,1,primary_proton,1,1,1
3899,1,primary_proton,1,1,1
3900,0,null,0,0,0
3901,0,null,0,0,0
3902,0,null,0,0,0
3903,0,null,0,0,0
3904,0,null,0,0,0
3905,0,null,0,0,0
3906,0,null,0,0,0
3907,0,null,0,0,0
3908,0,null,0,0,0
3909,0,null,0,0,0
3910,0,null,0,0,0
3911,0,null,0,0,0
3912,0,null,0,0,0
3913,0,null,0,0,0
3914,0,null,0,0,0
3915,0,null,0,0,0
3916,0,null,0,0,0
3917,0,null,0,0,0
3918,0,null,0,0,0
3919,0,null,0,0,0
3920,0,null,0,0,0
3921,0,null,0,0,0
3922,0,null,0,0,0
3923,0,null,0,0,0
3924,220,pi-,1,1,1
3925,7,pi-,1,1,1
3926,0,null,0,0,0
3927,0,null,0,0,0
3928,0,null,0,0,0
3929,0,null,0,0,0
3930,0,null,0,0,0
3931,0,null,0,0,0
3932,0,null,0,0,0
3933,0,null,0,0,0
3934,0,null,0,0,0
3935,0,null,0,0,0
3936,0,null,0,0,0
3937,0,null,0,0,0
3938,0,null,0,0,0
3939,0,null,0,0,0
3940,0,null,0,0,0
3941,0,null,0,0,0
3942,0,null,0,0,0
3943,0,null,0,0,0
3944,0,null,0,0,0
3945,0,null,0,0,0
3946,0,null,0,0,0
3947,0,null,0,0,0
3948,0,null,0,0,0
3949,0,null,0,0,0
3950,4,pi+,1,1,1
3951,4,pi+,1,1,1
3952,0,null,0,0,0
3953,0,null,0,0,0
3954,0,null,0,0,0
3955,0,null,0,0,0
3956,0,null,0,0,0
3957,0,null,0,0,0
3958,0,null,0,0,0
3959,0,null,0,0,0
3960,0,null,0,0,0
3961,0,null,0,0,0
3962,0,null,0,0,0
3963,0,null,0,0,0
3964,0,null,0,0,0
3965,0,null,0,0,0
3966,0,null,0,0,0
3967,0,null,0,0,0
3968,0,null,0,0,0
3969,0,null,0,0,0
3970,0,null,0,0,0
3971,0,null,0,0,0
3972,0,null,0,0,0
3973,0,null,0,0,0
3974,0,null,0,0,0
3975,0,null,0,0,0
3976,0,null,0,0,0
3977,0,null,0,0,0
3978,0,null,0,0,0
3979,0,null,0,0,0
3980,0,null,0,0,0
3981,0,null,0,0,0
3982,0,null,0,0,0
3983,0,null,0,0,0
3984,0,null,0,0,0
3985,0,null,0,0,0
3986,0,null,0,0,0
3987,0,null,0,0,0
3988,0,null,0,0,0
3989,0,null,0,0,0
3990,0,null,0,0,0
3991,0,null,0,0,0
3992,0,null,0,0,0
3993,0,null,0,0,0
3994,0,null,0,0,0
3995,0,null,0,0,0
3996,0,null,0,0,0
3997,0,null,0,0,0
3998,0,null,0,0,0
3999,0,null,0,0,0
4000,0,null,0,0,0
4001,0,null,0,0,0
4002,7,secondary_proton,1,1,1
4003,0,null,0,0,0
4004,0,null,0,0,0
4005,0,null,0,0,0
4006,0,null,0,0,0
4007,0,null,0,0,0
4008,0,null,0,0,0
4009,1,primary_proton,1,1,1
4010,0,null,0,0,0
4011,0,null,0,0,0
4012,0,null,0,0,0
4013,0,null,0,0,0
4014,0,null,0,0,0
4015,0,null,0,0,0
4016,0,null,0,0,0
4017,0,null,0,0,0
4018,0,null,0,0,0
4019,7,pi+,1,1,1
4020,0,null,0,0,0
4021,0,null,0,0,0
4022,0,null,0,0,0
4023,0,null,0,0,0
4024,0,null,0,0,0
4025,0,null,0,0,0
4026,0,null,0,0,0
4027,0,null,0,0,0
4028,0,null,0,0,0
4029,0,null,0,0,0
4030,0,null,0,0,0
4032,0,null,0,0,0
4033,0,null,0,0,0
4034,0,null,0,0,0
4035,0,null,0,0,0
4036,0,null,0,0,0
4037,0,null,0,0,0
4038,18,pi+,1,1,1
4039,0,null,0,0,0
4040,0,null,0,0,0
4041,0,null,0,0,0
4042,0,null,0,0,0
4043,0,null,0,0,0
4044,0,null,0,0,0
4045,0,null,0,0,0
4046,0,null,0,0,0
4047,0,null,0,0,0
4048,0,null,0,0,0
4049,0,null,0,0,0
4050,0,null,0,0,0
4051,0,null,0,0,0
4052,0,null,0,0,0
4053,0,null,0,0,0
4054,0,null,0,0,0
4055,0,null,0,0,0
4056,0,null,0,0,0
4057,0,null,0,0,0
4058,0,null,0,0,0
4059,0,null,0,0,0
4060,1,primary_proton,1,1,1
4061,0,null,0,0,0
4062,1,primary_proton,1,1,1
4063,0,null,0,0,0
4064,0,null,0,0,0
4065,18,secondary_proton,1,1,1
4066,0,null,0,0,0
4067,0,null,0,0,0
4068,0,null,0,0,0
4069,0,null,0,0,0
4070,0,null,0,0,0
4071,0,null,0,0,0
4072,0,null,0,0,0
4073,0,null,0,0,0
4074,0,null,0,0,0
4075,0,null,0,0,0
4076,0,null,0,0,0
4077,0,null,0,0,0
4078,0,null,0,0,0
4079,0,null,0,0,0
4080,0,null,0,0,0
4081,0,null,0,0,0
4082,0,null,0,0,0
4083,0,null,0,0,0
4084,12,pi+,1,1,0
4085,0,null,0,0,0
4086,0,null,0,0,0
4087,0,null,0,0,0
4088,0,null,0,0,0
4089,0,null,0,0,0
4090,0,null,0,0,0
4091,0,null,0,0,0
4092,0,null,0,0,0
4093,0,null,0,0,0
4094,1,primary_proton,1,1,1
4095,11,pi-,1,1,1
4096,0,null,0,0,0
4097,0,null,0,0,0
4098,1,primary_proton,1,1,1
4099,0,null,0,0,0
4100,0,null,0,0,0
4101,0,null,0,0,0
4102,0,null,0,0,0
4103,0,null,0,0,0
4104,0,null,0,0,0
4105,0,null,0,0,0
4106,0,null,0,0,0
4107,0,null,0,0,0
4108,0,null,0,0,0
4109,9,pi-,1,1,1
4110,7,pi+,1,1,1
4111,0,null,0,0,0
4112,0,null,0,0,0
4113,0,null,0,0,0
4114,0,null,0,0,0
4115,0,null,0,0,0
4116,0,null,0,0,0
4117,0,null,0,0,0
4118,0,null,0,0,0
4119,0,null,0,0,0
4120,0,null,0,0,0
4121,0,null,0,0,0
4122,0,null,0,0,0
4123,8,secondary_proton,1,1,1
4124,0,null,0,0,0
4125,0,null,0,0,0
4126,0,null,0,0,0
4127,0,null,0,0,0
4128,0,null,0,0,0
4129,0,null,0,0,0
4130,0,null,0,0,0
4131,0,null,0,0,0
4132,0,null,0,0,0
4133,0,null,0,0,0
4134,0,null,0,0,0
4135,0,null,0,0,0
4136,0,null,0,0,0
4137,0,null,0,0,0
4138,0,null,0,0,0
4139,0,null,0,0,0
4140,0,null,0,0,0
4141,0,null,0,0,0
4142,0,null,0,0,0
4143,1899,e-,1,0,0
4144,0,null,0,0,0
4145,0,null,0,0,0
4146,0,null,0,0,0
4147,0,null,0,0,0
4148,1,primary_proton,1,1,1
4149,0,null,0,0,0
4150,0,null,0,0,0
4151,0,null,0,0,0
4152,0,null,0,0,0
4153,0,null,0,0,0
4154,0,null,0,0,0
4155,0,null,0,0,0
4156,0,null,0,0,0
4157,0,null,0,0,0
4158,0,null,0,0,0
4159,0,null,0,0,0
4160,0,null,0,0,0
4161,0,null,0,0,0
4162,1,primary_proton,1,1,1
4163,0,null,0,0,0
4164,0,null,0,0,0
4165,0,null,0,0,0
4166,0,null,0,0,0
4167,0,null,0,0,0
4168,5503,e-,1,0,0
4169,0,null,0,0,0
4170,1,primary_proton,1,1,1
4171,0,null,0,0,0
4172,0,null,0,0,0
4173,0,null,0,0,0
4174,0,null,0,0,0
4175,0,null,0,0,0
4176,0,null,0,0,0
4177,0,null,0,0,0
4178,0,null,0,0,0
4179,0,null,0,0,0
4180,0,null,0,0,0
4181,0,null,0,0,0
4182,0,null,0,0,0
4183,0,null,0,0,0
4184,0,null,0,0,0
4185,0,null,0,0,0
4186,0,null,0,0,0
4187,0,null,0,0,0
4188,0,null,0,0,0
4189,0,null,0,0,0
4190,0,null,0,0,0
4191,0,null,0,0,0
4192,0,null,0,0,0
4193,0,null,0,0,0
4194,0,null,0,0,0
4195,0,null,0,0,0
4196,0,null,0,0,0
4197,0,null,0,0,0
4198,0,null,0,0,0
4199,0,null,0,0,0
4200,0,null,0,0,0
4201,0,null,0,0,0
4202,1,primary_proton,1,1,1
4203,0,null,0,0,0
4204,0,null,0,0,0
4205,0,null,0,0,0
4206,0,null,0,0,0
4207,0,null,0,0,0
4208,0,null,0,0,0
4209,0,null,0,0,0
4210,0,null,0,0,0
4211,0,null,0,0,0
4212,0,null,0,0,0
4213,0,null,0,0,0
4214,1,primary_proton,1,1,1
4215,0,null,0,0,0
4216,0,null,0,0,0
4217,0,null,0,0,0
4218,0,null,0,0,0
4219,0,null,0,0,0
4220,0,null,0,0,0
4221,172,pi+,1,1,0
4222,0,null,0,0,0
4223,0,null,0,0,0
4224,0,null,0,0,0
4225,0,null,0,0,0
4226,0,null,0,0,0
4227,1,primary_proton,1,1,1
4228,0,null,0,0,0
4229,0,null,0,0,0
4230,0,null,0,0,0
4231,0,null,0,0,0
4232,0,null,0,0,0
4233,0,null,0,0,0
4234,0,null,0,0,0
4235,0,null,0,0,0
4236,0,null,0,0,0
4237,0,null,0,0,0
4238,0,null,0,0,0
4239,0,null,0,0,0
4240,0,null,0,0,0
4241,0,null,0,0,0
4242,0,null,0,0,0
4243,0,null,0,0,0
4244,0,null,0,0,0
4245,4,pi-,1,1,1
4246,0,null,0,0,0
4247,0,null,0,0,0
4248,0,null,0,0,0
4249,0,null,0,0,0
4250,1,primary_proton,1,1,1
4252,0,null,0,0,0
4253,0,null,0,0,0
4254,0,null,0,0,0
4255,0,null,0,0,0
4256,0,null,0,0,0
4257,0,null,0,0,0
4258,0,null,0,0,0
4259,0,null,0,0,0
4260,0,null,0,0,0
4261,0,null,0,0,0
4262,0,null,0,0,0
4263,0,null,0,0,0
4264,1,primary_proton,1,1,1
4265,0,null,0,0,0
4266,0,null,0,0,0
4267,0,null,0,0,0
4268,0,null,0,0,0
4269,1,primary_proton,1,1,1
4270,0,null,0,0,0
4271,1650,e-,1,1,1
4272,0,null,0,0,0
4273,0,null,0,0,0
4274,0,null,0,0,0
4275,0,null,0,0,0
4276,0,null,0,0,0
4277,0,null,0,0,0
4278,0,null,0,0,0
4279,0,null,0,0,0
4280,0,null,0,0,0
4281,0,null,0,0,0
4282,0,null,0,0,0
4283,0,null,0,0,0
4284,0,null,0,0,0
4285,0,null,0,0,0
4286,0,null,0,0,0
4287,0,null,0,0,0
4288,31,pi+,1,1,1
4289,0,null,0,0,0
4290,0,null,0,0,0
4291,0,null,0,0,0
4292,0,null,0,0,0
4293,0,null,0,0,0
4294,0,null,0,0,0
4295,0,null,0,0,0
4296,0,null,0,0,0
4297,0,null,0,0,0
4298,0,null,0,0,0
4299,0,null,0,0,0
4300,0,null,0,0,0
4301,0,null,0,0,0
4302,0,null,0,0,0
4303,0,null,0,0,0
4304,0,null,0,0,0
4305,0,null,0,0,0
4306,0,null,0,0,0
4307,0,null,0,0,0
4308,0,null,0,0,0
4309,0,null,0,0,0
4310,0,null,0,0,0
4311,0,null,0,0,0
4312,0,null,0,0,0
4313,0,null,0,0,0
4314,0,null,0,0,0
4315,0,null,0,0,0
4316,0,null,0,0,0
4317,0,null,0,0,0
4318,0,null,0,0,0
4319,0,null,0,0,0
4320,0,null,0,0,0
4321,0,null,0,0,0
4322,0,null,0,0,0
4323,0,null,0,0,0
4324,0,null,0,0,0
4325,0,null,0,0,0
4326,0,null,0,0,0
4327,0,null,0,0,0
4328,0,null,0,0,0
4329,0,null,0,0,0
4330,0,null,0,0,0
4331,0,null,0,0,0
4332,0,null,0,0,0
4333,0,null,0,0,0
4334,0,null,0,0,0
4335,0,null,0,0,0
4336,0,null,0,0,0
4337,0,null,0,0,0
4338,0,null,0,0,0
4339,0,null,0,0,0
4340,0,null,0,0,0
4341,1,primary_proton,1,1,1
4342,0,null,0,0,0
4343,0,null,0,0,0
4344,0,null,0,0,0
4345,0,null,0,0,0
4346,0,null,0,0,0
4347,0,null,0,0,0
4348,0,null,0,0,0
4349,0,null,0,0,0
4350,0,null,0,0,0
4351,0,null,0,0,0
4352,0,null,0,0,0
4353,0,null,0,0,0
4354,0,null,0,0,0
4355,0,null,0,0,0
4356,0,null,0,0,0
4357,0,null,0,0,0
4358,6,pi+,1,1,1
4359,0,null,0,0,0
4360,1254,e-,1,0,0
4361,0,null,0,0,0
4362,0,null,0,0,0
4363,0,null,0,0,0
4364,0,null,0,0,0
4365,0,null,0,0,0
4366,0,null,0,0,0
4367,0,null,0,0,0
4368,0,null,0,0,0
4369,0,null,0,0,0
4370,0,null,0,0,0
4371,0,null,0,0,0
4372,0,null,0,0,0
4373,0,null,0,0,0
4374,0,null,0,0,0
4375,0,null,0,0,0
4376,0,null,0,0,0
4377,0,null,0,0,0
4378,0,null,0,0,0
4379,0,null,0,0,0
4380,0,null,0,0,0
4381,0,null,0,0,0
4382,0,null,0,0,0
4383,0,null,0,0,0
4384,0,null,0,0,0
4385,0,null,0,0,0
4386,0,null,0,0,0
4387,0,null,0,0,0
4388,0,null,0,0,0
4389,0,null,0,0,0
4390,0,null,0,0,0
4391,0,null,0,0,0
4392,0,null,0,0,0
4393,0,null,0,0,0
4394,0,null,0,0,0
4395,0,null,0,0,0
4396,191,pi-,1,1,1
4397,0,null,0,0,0
4398,0,null,0,0,0
4399,0,null,0,0,0
4400,0,null,0,0,0
4401,0,null,0,0,0
4402,0,null,0,0,0
4403,0,null,0,0,0
4404,0,null,0,0,0
4405,0,null,0,0,0
4406,0,null,0,0,0
4407,628,e-,0,1,0
4408,0,null,0,0,0
4409,0,null,0,0,0
4410,0,null,0,0,0
4411,0,null,0,0,0
4412,0,null,0,0,0
4413,0,null,0,0,0
4414,0,null,0,0,0
4415,0,null,0,0,0
4416,0,null,0,0,0
4417,0,null,0,0,0
4418,1,primary_proton,1,1,1
4419,0,null,0,0,0
4420,0,null,0,0,0
4421,0,null,0,0,0
4422,7,secondary_proton,1,1,1
4423,0,null,0,0,0
4424,0,null,0,0,0
4425,0,null,0,0,0
4426,0,null,0,0,0
4427,0,null,0,0,0
4428,0,null,0,0,0
4429,0,null,0,0,0
4430,0,null,0,0,0
4431,0,null,0,0,0
4432,0,null,0,0,0
4433,0,null,0,0,0
4434,0,null,0,0,0
4435,0,null,0,0,0
4436,0,null,0,0,0
4437,0,null,0,0,0
4438,0,null,0,0,0
4439,0,null,0,0,0
4440,0,null,0,0,0
4441,0,null,0,0,0
4442,0,null,0,0,0
4443,0,null,0,0,0
4444,0,null,0,0,0
4445,0,null,0,0,0
4446,0,null,0,0,0
4447,0,null,0,0,0
4448,0,null,0,0,0
4449,0,null,0,0,0
4450,0,null,0,0,0
4451,0,null,0,0,0
4452,0,null,0,0,0
4453,0,null,0,0,0
4454,0,null,0,0,0
4455,0,null,0,0,0
4456,0,null,0,0,0
4457,0,null,0,0,0
4458,0,null,0,0,0
4459,2,secondary_proton,1,1,1
4460,0,null,0,0,0
4461,0,null,0,0,0
4462,0,null,0,0,0
4463,0,null,0,0,0
4464,0,null,0,0,0
4465,0,null,0,0,0
4466,0,null,0,0,0
4467,0,null,0,0,0
4468,0,null,0,0,0
4469,0,null,0,0,0
4470,0,null,0,0,0
4471,0,null,0,0,0
4472,0,null,0,0,0
4473,0,null,0,0,0
4475,0,null,0,0,0
4476,0,null,0,0,0
4477,0,null,0,0,0
4478,0,null,0,0,0
4479,0,null,0,0,0
4480,0,null,0,0,0
4481,0,null,0,0,0
4482,0,null,0,0,0
4483,0,null,0,0,0
4484,0,null,0,0,0
4485,0,null,0,0,0
4486,0,null,0,0,0
4487,0,null,0,0,0
4488,0,null,0,0,0
4489,0,null,0,0,0
4490,0,null,0,0,0
4491,0,null,0,0,0
4492,0,null,0,0,0
4493,0,null,0,0,0
4494,0,null,0,0,0
4495,3,pi+,1,1,1
4496,0,null,0,0,0
4497,1,primary_proton,1,1,1
4498,0,null,0,0,0
4499,0,null,0,0,0
4500,0,null,0,0,0
4501,0,null,0,0,0
4502,0,null,0,0,0
4503,0,null,0,0,0
4504,0,null,0,0,0
4505,0,null,0,0,0
4506,0,null,0,0,0
4507,0,null,0,0,0
4508,0,null,0,0,0
4509,0,null,0,0,0
4510,0,null,0,0,0
4511,0,null,0,0,0
4512,0,null,0,0,0
4513,0,null,0,0,0
4514,0,null,0,0,0
4515,0,null,0,0,0
4516,0,null,0,0,0
4517,0,null,0,0,0
4518,0,null,0,0,0
4519,0,null,0,0,0
4520,10,pi-,1,1,1
4521,0,null,0,0,0
4522,0,null,0,0,0
4523,0,null,0,0,0
4524,0,null,0,0,0
4525,0,null,0,0,0
4526,0,null,0,0,0
4527,0,null,0,0,0
4528,8,secondary_proton,1,1,0
4529,0,null,0,0,0
4530,0,null,0,0,0
4531,0,null,0,0,0
4532,0,null,0,0,0
4533,0,null,0,0,0
4534,8,pi+,1,1,1
4535,0,null,0,0,0
4536,0,null,0,0,0
4537,0,null,0,0,0
4538,0,null,0,0,0
4539,0,null,0,0,0
4540,0,null,0,0,0
4541,0,null,0,0,0
4542,0,null,0,0,0
4543,0,null,0,0,0
4544,1,primary_proton,1,1,1
4545,0,null,0,0,0
4546,0,null,0,0,0
4547,0,null,0,0,0
4548,0,null,0,0,0
4549,0,null,0,0,0
4550,0,null,0,0,0
4551,0,null,0,0,0
4552,0,null,0,0,0
4553,0,null,0,0,0
4554,0,null,0,0,0
4555,0,null,0,0,0
4556,0,null,0,0,0
4557,0,null,0,0,0
4558,0,null,0,0,0
4559,0,null,0,0,0
4560,0,null,0,0,0
4561,0,null,0,0,0
4562,0,null,0,0,0
4563,0,null,0,0,0
4564,0,null,0,0,0
4565,0,null,0,0,0
4566,0,null,0,0,0
4567,0,null,0,0,0
4568,0,null,0,0,0
4569,0,null,0,0,0
4570,0,null,0,0,0
4571,0,null,0,0,0
4572,0,null,0,0,0
4573,0,null,0,0,0
4574,0,null,0,0,0
4575,0,null,0,0,0
4576,0,null,0,0,0
4577,0,null,0,0,0
4578,0,null,0,0,0
4579,0,null,0,0,0
4580,0,null,0,0,0
4581,0,null,0,0,0
4582,0,null,0,0,0
4583,0,null,0,0,0
4584,0,null,0,0,0
4585,1,primary_proton,1,1,1
4586,0,null,0,0,0
4587,0,null,0,0,0
4588,0,null,0,0,0
4589,0,null,0,0,0
4590,0,null,0,0,0
4591,0,null,0,0,0
4592,0,null,0,0,0
4593,0,null,0,0,0
4594,0,null,0,0,0
4595,0,null,0,0,0
4596,0,null,0,0,0
4597,0,null,0,0,0
4598,0,null,0,0,0
4599,0,null,0,0,0
4600,0,null,0,0,0
4601,0,null,0,0,0
4602,0,null,0,0,0
4603,5,pi-,1,1,0
4604,0,null,0,0,0
4605,0,null,0,0,0
4606,0,null,0,0,0
4607,0,null,0,0,0
4608,0,null,0,0,0
4609,0,null,0,0,0
4610,0,null,0,0,0
4611,0,null,0,0,0
4612,0,null,0,0,0
4613,0,null,0,0,0
4614,0,null,0,0,0
4615,0,null,0,0,0
4616,0,null,0,0,0
4617,0,null,0,0,0
4618,0,null,0,0,0
4619,0,null,0,0,0
4620,0,null,0,0,0
4621,0,null,0,0,0
4622,0,null,0,0,0
4623,0,null,0,0,0
4624,0,null,0,0,0
4625,0,null,0,0,0
4626,0,null,0,0,0
4627,0,null,0,0,0
4628,0,null,0,0,0
4629,0,null,0,0,0
4630,0,null,0,0,0
4631,0,null,0,0,0
4632,0,null,0,0,0
4633,0,null,0,0,0
4634,0,null,0,0,0
4635,0,null,0,0,0
4636,0,null,0,0,0
4637,0,null,0,0,0
4638,0,null,0,0,0
4639,0,null,0,0,0
4640,0,null,0,0,0
4641,0,null,0,0,0
4642,0,null,0,0,0
4643,0,null,0,0,0
4644,0,null,0,0,0
4645,0,null,0,0,0
4646,0,null,0,0,0
4647,0,null,0,0,0
4648,0,null,0,0,0
4649,0,null,0,0,0
4650,0,null,0,0,0
4651,0,null,0,0,0
4652,0,null,0,0,0
4653,0,null,0,0,0
4654,0,null,0,0,0
4655,0,null,0,0,0
4656,0,null,0,0,0
4657,0,null,0,0,0
4658,0,null,0,0,0
4659,0,null,0,0,0
4660,0,null,0,0,0
4661,0,null,0,0,0
4662,1,primary_proton,1,1,1
4663,0,null,0,0,0
4664,0,null,0,0,0
4665,0,null,0,0,0
4666,0,null,0,0,0
4667,0,null,0,0,0
4668,0,null,0,0,0
4669,0,null,0,0,0
4670,0,null,0,0,0
4671,0,null,0,0,0
4672,0,null,0,0,0
4673,0,null,0,0,0
4674,0,null,0,0,0
4675,0,null,0,0,0
4676,0,null,0,0,0
4677,0,null,0,0,0
4678,0,null,0,0,0
4679,0,null,0,0,0
4680,0,null,0,0,0
4681,0,null,0,0,0
4682,0,null,0,0,0
4683,0,null,0,0,0
4684,0,null,0,0,0
4685,0,null,0,0,0
4686,0,null,0,0,0
4687,0,null,0,0,0
4688,0,null,0,0,0
4689,0,null,0,0,0
4690,0,null,0,0,0
4691,0,null,0,0,0
4692,0,null,0,0,0
4693,0,null,0,0,0
4694,0,null,0,0,0
4695,0,null,0,0,0
4696,0,null,0,0,0
4697,0,null,0,0,0
4698,0,null,0,0,0
4700,0,null,0,0,0
4701,0,null,0,0,0
4702,0,null,0,0,0
4703,0,null,0,0,0
4704,0,null,0,0,0
4705,0,null,0,0,0
4706,0,null,0,0,0
4707,0,null,0,0,0
4708,0,null,0,0,0
4709,0,null,0,0,0
4710,0,null,0,0,0
4711,0,null,0,0,0
4712,0,null,0,0,0
4713,0,null,0,0,0
4714,0,null,0,0,0
4715,15,pi-,1,1,1
4716,0,null,0,0,0
4717,0,null,0,0,0
4718,0,null,0,0,0
4719,0,null,0,0,0
4720,0,null,0,0,0
4721,0,null,0,0,0
4722,0,null,0,0,0
4723,0,null,0,0,0
4724,0,null,0,0,0
4725,20,secondary_proton,1,0,0
4726,0,null,0,0,0
4727,0,null,0,0,0
4728,1,primary_proton,1,1,1
4729,0,null,0,0,0
4730,0,null,0,0,0
4731,0,null,0,0,0
4732,0,null,0,0,0
4733,0,null,0,0,0
4734,0,null,0,0,0
4735,0,null,0,0,0
4736,0,null,0,0,0
4737,0,null,0,0,0
4738,0,null,0,0,0
4739,0,null,0,0,0
4740,0,null,0,0,0
4741,0,null,0,0,0
4742,0,null,0,0,0
4743,0,null,0,0,0
4744,0,null,0,0,0
4745,0,null,0,0,0
4746,0,null,0,0,0
4747,0,null,0,0,0
4748,0,null,0,0,0
4749,0,null,0,0,0
4750,0,null,0,0,0
4751,0,null,0,0,0
4752,0,null,0,0,0
4753,0,null,0,0,0
4754,0,null,0,0,0
4755,0,null,0,0,0
4756,1,primary_proton,1,1,1
4757,0,null,0,0,0
4758,0,null,0,0,0
4759,0,null,0,0,0
4760,0,null,0,0,0
4761,663,e-,1,0,0
4762,0,null,0,0,0
4763,0,null,0,0,0
4764,0,null,0,0,0
4765,0,null,0,0,0
4766,0,null,0,0,0
4767,0,null,0,0,0
4768,0,null,0,0,0
4769,0,null,0,0,0
4770,0,null,0,0,0
4771,0,null,0,0,0
4772,0,null,0,0,0
4773,0,null,0,0,0
4774,0,null,0,0,0
4775,0,null,0,0,0
4776,0,null,0,0,0
4777,0,null,0,0,0
4778,0,null,0,0,0
4779,0,null,0,0,0
4780,0,null,0,0,0
4781,0,null,0,0,0
4782,0,null,0,0,0
4783,0,null,0,0,0
4784,0,null,0,0,0
4785,0,null,0,0,0
4786,1,primary_proton,1,1,1
4787,0,null,0,0,0
4788,0,null,0,0,0
4789,0,null,0,0,0
4790,0,null,0,0,0
4791,0,null,0,0,0
4792,0,null,0,0,0
4793,0,null,0,0,0
4794,0,null,0,0,0
4795,0,null,0,0,0
4796,0,null,0,0,0
4797,0,null,0,0,0
4798,0,null,0,0,0
4799,0,null,0,0,0
4800,0,null,0,0,0
4801,0,null,0,0,0
4802,0,null,0,0,0
4803,0,null,0,0,0
4804,0,null,0,0,0
4805,0,null,0,0,0
4806,0,null,0,0,0
4807,0,null,0,0,0
4808,0,null,0,0,0
4809,0,null,0,0,0
4810,0,null,0,0,0
4811,0,null,0,0,0
4812,0,null,0,0,0
4813,0,null,0,0,0
4814,0,null,0,0,0
4815,0,null,0,0,0
4816,0,null,0,0,0
4817,0,null,0,0,0
4818,0,null,0,0,0
4819,0,null,0,0,0
4820,0,null,0,0,0
4821,0,null,0,0,0
4822,0,null,0,0,0
4823,0,null,0,0,0
4824,0,null,0,0,0
4825,0,null,0,0,0
4826,0,null,0,0,0
4827,0,null,0,0,0
4828,0,null,0,0,0
4829,0,null,0,0,0
4830,0,null,0,0,0
4831,1,primary_proton,1,1,1
4832,0,null,0,0,0
4833,4,secondary_proton,1,1,1
4834,0,null,0,0,0
4835,0,null,0,0,0
4836,0,null,0,0,0
4837,0,null,0,0,0
4838,0,null,0,0,0
4839,0,null,0,0,0
4840,0,null,0,0,0
4841,0,null,0,0,0
4842,0,null,0,0,0
4843,0,null,0,0,0
4844,0,null,0,0,0
4845,0,null,0,0,0
4846,0,null,0,0,0
4847,0,null,0,0,0
4848,0,null,0,0,0
4849,0,null,0,0,0
4850,0,null,0,0,0
4851,0,null,0,0,0
4852,0,null,0,0,0
4853,0,null,0,0,0
4854,0,null,0,0,0
4855,0,null,0,0,0
4856,0,null,0,0,0
4857,0,null,0,0,0
4858,1,primary_proton,1,1,1
4859,0,null,0,0,0
4860,0,null,0,0,0
4861,0,null,0,0,0
4862,0,null,0,0,0
4863,0,null,0,0,0
4864,0,null,0,0,0
4865,0,null,0,0,0
4866,0,null,0,0,0
4867,0,null,0,0,0
4868,0,null,0,0,0
4869,0,null,0,0,0
4870,0,null,0,0,0
4871,0,null,0,0,0
4872,0,null,0,0,0
4873,0,null,0,0,0
4874,0,null,0,0,0
4875,1,primary_proton,1,1,1
4876,0,null,0,0,0
4877,0,null,0,0,0
4878,0,null,0,0,0
4879,0,null,0,0,0
4880,0,null,0,0,0
4881,0,null,0,0,0
4882,0,null,0,0,0
4883,0,null,0,0,0
4884,0,null,0,0,0
4885,0,null,0,0,0
4886,0,null,0,0,0
4887,0,null,0,0,0
4888,0,null,0,0,0
4889,0,null,0,0,0
4890,5,pi-,1,1,1
4891,8,pi+,1,1,1
4892,0,null,0,0,0
4893,0,null,0,0,0
4894,0,null,0,0,0
4895,816,e-,0,1,1
4896,0,null,0,0,0
4897,0,null,0,0,0
4898,0,null,0,0,0
4899,0,null,0,0,0
4900,0,null,0,0,0
4901,0,null,0,0,0
4902,0,null,0,0,0
4903,0,null,0,0,0
4904,0,null,0,0,0
4905,0,null,0,0,0
4906,0,null,0,0,0
4907,0,null,0,0,0
4908,0,null,0,0,0
4909,0,null,0,0,0
4910,0,null,0,0,0
4911,0,null,0,0,0
4912,0,null,0,0,0
4913,0,null,0,0,0
4914,0,null,0,0,0
4915,0,null,0,0,0
4916,0,null,0,0,0
4917,0,null,0,0,0
4918,0,null,0,0,0
4919,1,primary_proton,1,1,1
4920,0,null,0,0,0
4922,0,null,0,0,0
4923,0,null,0,0,0
4924,0,null,0,0,0
4925,0,null,0,0,0
4926,0,null,0,0,0
4927,0,null,0,0,0
4928,0,null,0,0,0
4929,0,null,0,0,0
4930,0,null,0,0,0
4931,0,null,0,0,0
4932,0,null,0,0,0
4933,0,null,0,0,0
4934,0,null,0,0,0
4935,0,null,0,0,0
4936,0,null,0,0,0
4937,0,null,0,0,0
4938,0,null,0,0,0
4939,0,null,0,0,0
4940,0,null,0,0,0
4941,1,primary_proton,1,1,1
4942,0,null,0,0,0
4943,1,primary_proton,1,1,1
4944,0,null,0,0,0
4945,0,null,0,0,0
4946,0,null,0,0,0
4947,0,null,0,0,0
4948,9,secondary_proton,1,1,1
4949,0,null,0,0,0
4950,0,null,0,0,0
4951,0,null,0,0,0
4952,0,null,0,0,0
4953,6,pi-,1,1,1
4954,0,null,0,0,0
4955,0,null,0,0,0
4956,0,null,0,0,0
4957,0,null,0,0,0
4958,0,null,0,0,0
4959,0,null,0,0,0
4960,0,null,0,0,0
4961,0,null,0,0,0
4962,0,null,0,0,0
4963,0,null,0,0,0
4964,19,pi-,1,1,1
4965,0,null,0,0,0
4966,1,primary_proton,1,1,1
4967,0,null,0,0,0
4968,0,null,0,0,0
4969,0,null,0,0,0
4970,0,null,0,0,0
4971,0,null,0,0,0
4972,0,null,0,0,0
4973,0,null,0,0,0
4974,0,null,0,0,0
4975,0,null,0,0,0
4976,0,null,0,0,0
4977,0,null,0,0,0
4978,0,null,0,0,0
4979,0,null,0,0,0
4980,0,null,0,0,0
4981,0,null,0,0,0
4982,0,null,0,0,0
4983,0,null,0,0,0
4984,0,null,0,0,0
4985,0,null,0,0,0
4986,0,null,0,0,0
4987,0,null,0,0,0
4988,0,null,0,0,0
4989,0,null,0,0,0
4990,0,null,0,0,0
4991,0,null,0,0,0
4992,0,null,0,0,0
4993,0,null,0,0,0
4994,0,null,0,0,0
4995,12,pi+,1,1,1
4996,0,null,0,0,0
4997,0,null,0,0,0
4998,0,null,0,0,0
4999,1,primary_proton,1,1,1
1,0,null,0,0,0
2,889,e-,1,1,1
3,1,primary_proton,1,1,1
4,0,null,0,0,0
5,0,null,0,0,0
6,0,null,0,0,0
7,0,null,0,0,0
8,0,null,0,0,0
9,0,null,0,0,0
10,0,null,0,0,0
11,0,null,0,0,0
12,0,null,0,0,0
13,0,null,0,0,0
14,0,null,0,0,0
15,0,null,0,0,0
16,0,null,0,0,0
17,0,null,0,0,0
18,0,null,0,0,0
19,5420,secondary_proton,1,1,1
20,0,null,0,0,0
21,0,null,0,0,0
22,0,null,0,0,0
23,0,null,0,0,0
24,0,null,0,0,0
25,0,null,0,0,0
26,0,null,0,0,0
27,0,null,0,0,0
28,0,null,0,0,0
29,0,null,0,0,0
30,0,null,0,0,0
31,0,null,0,0,0
32,0,null,0,0,0
33,0,null,0,0,0
34,0,null,0,0,0
35,0,null,0,0,0
36,0,null,0,0,0
37,0,null,0,0,0
38,0,null,0,0,0
39,0,null,0,0,0
40,0,null,0,0,0
41,0,null,0,0,0
42,0,null,0,0,0
43,0,null,0,0,0
44,0,null,0,0,0
45,0,null,0,0,0
46,9,pi-,1,1,1
47,0,null,0,0,0
48,10,pi-,1,1,1
49,3412,e-,1,0,0
50,0,null,0,0,0
51,0,null,0,0,0
52,0,null,0,0,0
53,0,null,0,0,0
54,0,null,0,0,0
55,0,null,0,0,0
56,1,primary_proton,1,1,1
57,0,null,0,0,0
58,0,null,0,0,0
59,0,null,0,0,0
60,19,secondary_proton,1,1,0
61,0,null,0,0,0
62,0,null,0,0,0
63,0,null,0,0,0
64,0,null,0,0,0
65,0,null,0,0,0
66,0,null,0,0,0
67,0,null,0,0,0
68,0,null,0,0,0
69,0,null,0,0,0
70,0,null,0,0,0
71,0,null,0,0,0
72,0,null,0,0,0
73,2522,e-,1,0,0
74,0,null,0,0,0
75,0,null,0,0,0
76,0,null,0,0,0
77,0,null,0,0,0
78,0,null,0,0,0
79,0,null,0,0,0
80,0,null,0,0,0
81,0,null,0,0,0
82,0,null,0,0,0
83,0,null,0,0,0
84,0,null,0,0,0
85,0,null,0,0,0
86,0,null,0,0,0
87,0,null,0,0,0
88,0,null,0,0,0
89,0,null,0,0,0
90,0,null,0,0,0
91,0,null,0,0,0
92,0,null,0,0,0
93,4,pi+,1,1,1
94,11,pi-,1,1,1
95,0,null,0,0,0
96,0,null,0,0,0
97,0,null,0,0,0
98,0,null,0,0,0
99,0,null,0,0,0
100,0,null,0,0,0
101,0,null,0,0,0
102,0,null,0,0,0
103,0,null,0,0,0
104,0,null,0,0,0
105,0,null,0,0,0
106,0,null,0,0,0
107,0,null,0,0,0
108,1,primary_proton,1,1,1
109,0,null,0,0,0
110,0,null,0,0,0
111,0,null,0,0,0
112,0,null,0,0,0
113,0,null,0,0,0
114,7,pi+,1,0,0
115,0,null,0,0,0
116,13,secondary_proton,1,1,0
117,0,null,0,0,0
118,4094,e-,1,1,0
119,0,null,0,0,0
120,0,null,0,0,0
121,0,null,0,0,0
122,0,null,0,0,0
123,0,null,0,0,0
124,0,null,0,0,0
125,281,pi+,1,0,0
126,0,null,0,0,0
127,0,null,0,0,0
128,0,null,0,0,0
129,0,null,0,0,0
130,0,null,0,0,0
131,0,null,0,0,0
132,0,null,0,0,0
133,0,null,0,0,0
134,0,null,0,0,0
135,0,null,0,0,0
136,0,null,0,0,0
137,0,null,0,0,0
138,0,null,0,0,0
139,0,null,0,0,0
140,0,null,0,0,0
141,0,null,0,0,0
142,0,null,0,0,0
143,0,null,0,0,0
144,0,null,0,0,0
145,0,null,0,0,0
146,0,null,0,0,0
147,0,null,0,0,0
148,0,null,0,0,0
149,1388,e-,1,0,0
150,3909,e-,1,1,1
151,0,null,0,0,0
152,0,null,0,0,0
153,1,primary_proton,1,1,1
154,0,null,0,0,0
155,0,null,0,0,0
156,0,null,0,0,0
157,0,null,0,0,0
158,0,null,0,0,0
159,0,null,0,0,0
160,0,null,0,0,0
161,0,null,0,0,0
162,0,null,0,0,0
163,0,null,0,0,0
164,0,null,0,0,0
165,0,null,0,0,0
166,0,null,0,0,0
167,0,null,0,0,0
168,0,null,0,0,0
169,0,null,0,0,0
170,0,null,0,0,0
171,0,null,0,0,0
172,0,null,0,0,0
173,0,null,0,0,0
174,0,null,0,0,0
175,0,null,0,0,0
176,0,null,0,0,0
177,0,null,0,0,0
178,4,pi-,1,1,1
179,0,null,0,0,0
180,0,null,0,0,0
181,0,null,0,0,0
182,0,null,0,0,0
183,1,primary_proton,1,1,1
184,0,null,0,0,0
185,0,null,0,0,0
186,0,null,0,0,0
187,0,null,0,0,0
188,0,null,0,0,0
189,0,null,0,0,0
190,0,null,0,0,0
191,0,null,0,0,0
192,1367,pi+,1,1,0
193,0,null,0,0,0
194,1,primary_proton,1,1,1
195,0,null,0,0,0
196,0,null,0,0,0
197,13,secondary_proton,1,1,1
198,0,null,0,0,0
199,0,null,0,0,0
200,0,null,0,0,0
201,0,null,0,0,0
202,11,pi+,1,1,1
203,0,null,0,0,0
204,0,null,0,0,0
205,0,null,0,0,0
206,2,pi+,1,1,1
207,0,null,0,0,0
208,14,pi+,1,1,0
209,0,null,0,0,0
210,1,primary_proton,1,1,1
211,0,null,0,0,0
212,0,null,0,0,0
213,0,null,0,0,0
214,0,null,0,0,0
215,13,secondary_proton,1,1,0
216,0,null,0,0,0
217,0,null,0,0,0
218,1,primary_proton,1,1,1
219,0,null,0,0,0
220,0,null,0,0,0
221,0,null,0,0,0
222,0,null,0,0,0
223,0,null,0,0,0
224,0,null,0,0,0
225,0,null,0,0,0
226,0,null,0,0,0
227,6,secondary_proton,1,1,1
228,0,null,0,0,0
229,0,null,0,0,0
230,0,null,0,0,0
231,0,null,0,0,0
232,0,null,0,0,0
233,0,null,0,0,0
234,0,null,0,0,0
235,0,null,0,0,0
236,0,null,0,0,0
238,0,null,0,0,0
239,0,null,0,0,0
240,0,null,0,0,0
241,0,null,0,0,0
242,0,null,0,0,0
243,0,null,0,0,0
244,0,null,0,0,0
245,0,null,0,0,0
246,0,null,0,0,0
247,0,null,0,0,0
248,0,null,0,0,0
249,0,null,0,0,0
250,0,null,0,0,0
251,0,null,0,0,0
252,0,null,0,0,0
253,0,null,0,0,0
254,0,null,0,0,0
255,0,null,0,0,0
256,0,null,0,0,0
257,0,null,0,0,0
258,0,null,0,0,0
259,0,null,0,0,0
260,1,primary_proton,1,1,1
261,10,pi-,1,1,1
262,0,null,0,0,0
263,0,null,0,0,0
264,0,null,0,0,0
265,0,null,0,0,0
266,1,primary_proton,1,1,1
267,0,null,0,0,0
268,0,null,0,0,0
269,1,primary_proton,1,1,1
270,0,null,0,0,0
271,0,null,0,0,0
272,0,null,0,0,0
273,0,null,0,0,0
274,0,null,0,0,0
275,0,null,0,0,0
276,0,null,0,0,0
277,0,null,0,0,0
278,0,null,0,0,0
279,10,secondary_proton,1,1,1
280,0,null,0,0,0
281,0,null,0,0,0
282,0,null,0,0,0
283,0,null,0,0,0
284,0,null,0,0,0
285,0,null,0,0,0
286,0,null,0,0,0
287,0,null,0,0,0
288,0,null,0,0,0
289,0,null,0,0,0
290,0,null,0,0,0
291,0,null,0,0,0
292,0,null,0,0,0
293,0,null,0,0,0
294,1,primary_proton,1,1,1
295,0,null,0,0,0
296,0,null,0,0,0
297,0,null,0,0,0
298,0,null,0,0,0
299,0,null,0,0,0
300,0,null,0,0,0
301,0,null,0,0,0
302,0,null,0,0,0
303,0,null,0,0,0
304,0,null,0,0,0
305,0,null,0,0,0
306,0,null,0,0,0
307,0,null,0,0,0
308,0,null,0,0,0
309,0,null,0,0,0
310,1,primary_proton,1,1,1
311,0,null,0,0,0
312,0,null,0,0,0
313,0,null,0,0,0
314,0,null,0,0,0
315,0,null,0,0,0
316,0,null,0,0,0
317,13,secondary_proton,1,1,1
318,0,null,0,0,0
319,0,null,0,0,0
320,0,null,0,0,0
321,1,primary_proton,1,1,1
322,0,null,0,0,0
323,0,null,0,0,0
324,0,null,0,0,0
325,0,null,0,0,0
326,0,null,0,0,0
327,0,null,0,0,0
328,0,null,0,0,0
329,0,null,0,0,0
330,0,null,0,0,0
331,0,null,0,0,0
332,0,null,0,0,0
333,0,null,0,0,0
334,0,null,0,0,0
335,0,null,0,0,0
336,0,null,0,0,0
337,0,null,0,0,0
338,0,null,0,0,0
339,0,null,0,0,0
340,0,null,0,0,0
341,0,null,0,0,0
342,0,null,0,0,0
343,0,null,0,0,0
344,0,null,0,0,0
345,1,primary_proton,1,1,1
346,0,null,0,0,0
347,0,null,0,0,0
348,0,null,0,0,0
349,0,null,0,0,0
350,0,null,0,0,0
351,0,null,0,0,0
352,0,null,0,0,0
353,0,null,0,0,0
354,0,null,0,0,0
355,1,primary_proton,1,1,1
356,0,null,0,0,0
357,0,null,0,0,0
358,0,null,0,0,0
359,0,null,0,0,0
360,0,null,0,0,0
361,0,null,0,0,0
362,0,null,0,0,0
363,0,null,0,0,0
364,1,primary_proton,1,1,1
365,0,null,0,0,0
366,0,null,0,0,0
367,1304,e-,1,1,1
368,1,primary_proton,1,1,1
369,0,null,0,0,0
370,0,null,0,0,0
371,0,null,0,0,0
372,0,null,0,0,0
373,0,null,0,0,0
374,1,primary_proton,1,1,1
375,0,null,0,0,0
376,0,null,0,0,0
377,0,null,0,0,0
378,0,null,0,0,0
379,0,null,0,0,0
380,0,null,0,0,0
381,3,secondary_proton,1,1,1
382,0,null,0,0,0
383,0,null,0,0,0
384,0,null,0,0,0
385,0,null,0,0,0
386,0,null,0,0,0
387,0,null,0,0,0
388,0,null,0,0,0
389,0,null,0,0,0
390,0,null,0,0,0
391,0,null,0,0,0
392,0,null,0,0,0
393,0,null,0,0,0
394,1,primary_proton,1,1,1
395,0,null,0,0,0
396,0,null,0,0,0
397,0,null,0,0,0
398,0,null,0,0,0
399,0,null,0,0,0
400,0,null,0,0,0
401,0,null,0,0,0
402,0,null,0,0,0
403,0,null,0,0,0
404,0,null,0,0,0
405,0,null,0,0,0
406,0,null,0,0,0
407,0,null,0,0,0
408,0,null,0,0,0
409,0,null,0,0,0
410,0,null,0,0,0
411,0,null,0,0,0
412,0,null,0,0,0
413,0,null,0,0,0
414,0,null,0,0,0
415,0,null,0,0,0
416,2,secondary_proton,1,1,0
417,0,null,0,0,0
418,0,null,0,0,0
419,0,null,0,0,0
420,0,null,0,0,0
421,0,null,0,0,0
422,0,null,0,0,0
423,0,null,0,0,0
424,0,null,0,0,0
425,1511,pi+,1,1,1
426,0,null,0,0,0
427,0,null,0,0,0
428,0,null,0,0,0
429,0,null,0,0,0
430,0,null,0,0,0
431,4,pi-,1,1,0
432,0,null,0,0,0
433,0,null,0,0,0
434,0,null,0,0,0
435,0,null,0,0,0
436,0,null,0,0,0
437,0,null,0,0,0
438,0,null,0,0,0
439,0,null,0,0,0
440,1,primary_proton,1,1,1
441,0,null,0,0,0
442,0,null,0,0,0
443,1,primary_proton,1,1,1
444,0,null,0,0,0
445,0,null,0,0,0
446,0,null,0,0,0
447,0,null,0,0,0
448,0,null,0,0,0
449,0,null,0,0,0
450,1,primary_proton,1,1,1
451,0,null,0,0,0
452,0,null,0,0,0
453,0,null,0,0,0
454,0,null,0,0,0
455,0,null,0,0,0
456,0,null,0,0,0
457,0,null,0,0,0
458,8,secondary_proton,1,1,1
459,0,null,0,0,0
460,0,null,0,0,0
461,0,null,0,0,0
462,0,null,0,0,0
463,0,null,0,0,0
464,0,null,0,0,0
466,0,null,0,0,0
467,0,null,0,0,0
468,0,null,0,0,0
469,0,null,0,0,0
470,8,secondary_proton,1,1,1
471,0,null,0,0,0
472,0,null,0,0,0
473,0,null,0,0,0
474,0,null,0,0,0
475,0,null,0,0,0
476,10,pi+,1,1,1
477,0,null,0,0,0
478,0,null,0,0,0
479,0,null,0,0,0
480,0,null,0,0,0
481,0,null,0,0,0
482,0,null,0,0,0
483,0,null,0,0,0
484,0,null,0,0,0
485,0,null,0,0,0
486,0,null,0,0,0
487,2,secondary_proton,1,0,0
488,0,null,0,0,0
489,0,null,0,0,0
490,0,null,0,0,0
491,0,null,0,0,0
492,0,null,0,0,0
493,0,null,0,0,0
494,0,null,0,0,0
495,0,null,0,0,0
496,0,null,0,0,0
497,0,null,0,0,0
498,0,null,0,0,0
499,0,null,0,0,0
500,0,null,0,0,0
501,0,null,0,0,0
502,0,null,0,0,0
503,0,null,0,0,0
504,0,null,0,0,0
505,0,null,0,0,0
506,0,null,0,0,0
507,0,null,0,0,0
508,0,null,0,0,0
509,0,null,0,0,0
510,0,null,0,0,0
511,0,null,0,0,0
512,0,null,0,0,0
513,0,null,0,0,0
514,0,null,0,0,0
515,0,null,0,0,0
516,0,null,0,0,0
517,1,primary_proton,1,1,1
518,0,null,0,0,0
519,0,null,0,0,0
520,0,null,0,0,0
521,0,null,0,0,0
522,0,null,0,0,0
523,0,null,0,0,0
524,0,null,0,0,0
525,0,null,0,0,0
526,0,null,0,0,0
527,4,secondary_proton,1,1,1
528,5388,secondary_proton,1,1,1
529,0,null,0,0,0
530,0,null,0,0,0
531,0,null,0,0,0
532,0,null,0,0,0
533,1,primary_proton,1,1,1
534,0,null,0,0,0
535,0,null,0,0,0
536,0,null,0,0,0
537,0,null,0,0,0
538,0,null,0,0,0
539,0,null,0,0,0
540,0,null,0,0,0
541,0,null,0,0,0
542,0,null,0,0,0
543,0,null,0,0,0
544,0,null,0,0,0
545,0,null,0,0,0
546,0,null,0,0,0
547,0,null,0,0,0
548,0,null,0,0,0
549,14,secondary_proton,1,1,0
550,0,null,0,0,0
551,0,null,0,0,0
552,0,null,0,0,0
553,0,null,0,0,0
554,0,null,0,0,0
555,0,null,0,0,0
556,0,null,0,0,0
557,0,null,0,0,0
558,0,null,0,0,0
559,0,null,0,0,0
560,0,null,0,0,0
561,0,null,0,0,0
562,0,null,0,0,0
563,0,null,0,0,0
564,0,null,0,0,0
565,0,null,0,0,0
566,0,null,0,0,0
567,0,null,0,0,0
568,0,null,0,0,0
569,0,null,0,0,0
570,0,null,0,0,0
571,0,null,0,0,0
572,1,primary_proton,1,1,1
573,0,null,0,0,0
574,0,null,0,0,0
575,0,null,0,0,0
576,0,null,0,0,0
577,0,null,0,0,0
578,0,null,0,0,0
579,0,null,0,0,0
580,0,null,0,0,0
581,1,primary_proton,1,1,1
582,0,null,0,0,0
583,0,null,0,0,0
584,0,null,0,0,0
585,0,null,0,0,0
586,0,null,0,0,0
587,0,null,0,0,0
588,0,null,0,0,0
589,0,null,0,0,0
590,0,null,0,0,0
591,0,null,0,0,0
592,0,null,0,0,0
593,0,null,0,0,0
594,0,null,0,0,0
595,0,null,0,0,0
596,0,null,0,0,0
597,2,secondary_proton,1,1,1
598,0,null,0,0,0
599,1,primary_proton,1,1,1
600,0,null,0,0,0
601,0,null,0,0,0
602,0,null,0,0,0
603,10,pi-,1,1,1
604,0,null,0,0,0
605,0,null,0,0,0
606,0,null,0,0,0
607,0,null,0,0,0
608,0,null,0,0,0
609,0,null,0,0,0
610,0,null,0,0,0
611,0,null,0,0,0
612,0,null,0,0,0
613,0,null,0,0,0
614,0,null,0,0,0
615,0,null,0,0,0
616,0,null,0,0,0
617,0,null,0,0,0
618,0,null,0,0,0
619,0,null,0,0,0
620,0,null,0,0,0
621,0,null,0,0,0
622,0,null,0,0,0
623,0,null,0,0,0
624,0,null,0,0,0
625,0,null,0,0,0
626,0,null,0,0,0
627,19,secondary_proton,1,0,0
628,0,null,0,0,0
629,0,null,0,0,0
630,0,null,0,0,0
631,0,null,0,0,0
632,0,null,0,0,0
633,0,null,0,0,0
634,0,null,0,0,0
635,0,null,0,0,0
636,0,null,0,0,0
637,0,null,0,0,0
638,0,null,0,0,0
639,0,null,0,0,0
640,1,primary_proton,1,0,0
641,0,null,0,0,0
642,0,null,0,0,0
643,0,null,0,0,0
644,0,null,0,0,0
645,0,null,0,0,0
646,0,null,0,0,0
647,0,null,0,0,0
648,3,secondary_proton,1,1,1
649,0,null,0,0,0
650,0,null,0,0,0
651,0,null,0,0,0
652,0,null,0,0,0
653,0,null,0,0,0
654,0,null,0,0,0
655,0,null,0,0,0
656,0,null,0,0,0
657,0,null,0,0,0
658,0,null,0,0,0
659,0,null,0,0,0
660,0,null,0,0,0
661,0,null,0,0,0
662,0,null,0,0,0
663,0,null,0,0,0
664,2756,pi-,1,1,1
665,0,null,0,0,0
666,0,null,0,0,0
667,0,null,0,0,0
668,0,null,0,0,0
669,0,null,0,0,0
670,0,null,0,0,0
671,0,null,0,0,0
672,0,null,0,0,0
673,0,null,0,0,0
674,0,null,0,0,0
675,1,primary_proton,1,1,1
676,0,null,0,0,0
677,0,null,0,0,0
678,0,null,0,0,0
679,0,null,0,0,0
680,0,null,0,0,0
681,0,null,0,0,0
682,0,null,0,0,0
683,0,null,0,0,0
684,0,null,0,0,0
685,0,null,0,0,0
686,8,pi-,1,1,1
687,0,null,0,0,0
688,0,null,0,0,0
689,0,null,0,0,0
690,0,null,0,0,0
691,0,null,0,0,0
692,0,null,0,0,0
693,0,null,0,0,0
694,0,null,0,0,0
695,0,null,0,0,0
697,0,null,0,0,0
698,0,null,0,0,0
699,0,null,0,0,0
700,0,null,0,0,0
701,0,null,0,0,0
702,0,null,0,0,0
703,0,null,0,0,0
704,0,null,0,0,0
705,0,null,0,0,0
706,0,null,0,0,0
707,0,null,0,0,0
708,0,null,0,0,0
709,0,null,0,0,0
710,0,null,0,0,0
711,0,null,0,0,0
712,0,null,0,0,0
713,0,null,0,0,0
714,0,null,0,0,0
715,0,null,0,0,0
716,0,null,0,0,0
717,0,null,0,0,0
718,0,null,0,0,0
719,1,primary_proton,1,1,1
720,0,null,0,0,0
721,0,null,0,0,0
722,0,null,0,0,0
723,0,null,0,0,0
724,0,null,0,0,0
725,0,null,0,0,0
726,0,null,0,0,0
727,0,null,0,0,0
728,0,null,0,0,0
729,0,null,0,0,0
730,0,null,0,0,0
731,0,null,0,0,0
732,0,null,0,0,0
733,0,null,0,0,0
734,0,null,0,0,0
735,0,null,0,0,0
736,0,null,0,0,0
737,0,null,0,0,0
738,0,null,0,0,0
739,463,pi-,1,1,1
740,0,null,0,0,0
741,0,null,0,0,0
742,0,null,0,0,0
743,0,null,0,0,0
744,0,null,0,0,0
745,0,null,0,0,0
746,0,null,0,0,0
747,0,null,0,0,0
748,0,null,0,0,0
749,16,secondary_proton,1,0,0
750,0,null,0,0,0
751,0,null,0,0,0
752,1,primary_proton,1,1,1
753,0,null,0,0,0
754,0,null,0,0,0
755,0,null,0,0,0
756,0,null,0,0,0
757,1,primary_proton,1,1,1
758,0,null,0,0,0
759,0,null,0,0,0
760,12,pi+,1,1,1
761,0,null,0,0,0
762,0,null,0,0,0
763,0,null,0,0,0
764,0,null,0,0,0
765,0,null,0,0,0
766,0,null,0,0,0
767,0,null,0,0,0
768,0,null,0,0,0
769,2,secondary_proton,1,1,1
770,0,null,0,0,0
771,0,null,0,0,0
772,0,null,0,0,0
773,0,null,0,0,0
774,4,secondary_proton,1,1,1
775,0,null,0,0,0
776,0,null,0,0,0
777,0,null,0,0,0
778,0,null,0,0,0
779,0,null,0,0,0
780,0,null,0,0,0
781,0,null,0,0,0
782,8,pi+,1,1,0
783,0,null,0,0,0
784,0,null,0,0,0
785,1,primary_proton,1,1,1
786,0,null,0,0,0
787,0,null,0,0,0
788,0,null,0,0,0
789,0,null,0,0,0
790,0,null,0,0,0
791,0,null,0,0,0
792,0,null,0,0,0
793,0,null,0,0,0
794,0,null,0,0,0
795,0,null,0,0,0
796,0,null,0,0,0
797,0,null,0,0,0
798,0,null,0,0,0
799,0,null,0,0,0
800,0,null,0,0,0
801,0,null,0,0,0
802,0,null,0,0,0
803,0,null,0,0,0
804,0,null,0,0,0
805,0,null,0,0,0
806,0,null,0,0,0
807,0,null,0,0,0
808,0,null,0,0,0
809,0,null,0,0,0
810,0,null,0,0,0
811,0,null,0,0,0
812,0,null,0,0,0
813,0,null,0,0,0
814,337,kaon+,1,1,1
815,0,null,0,0,0
816,0,null,0,0,0
817,0,null,0,0,0
818,0,null,0,0,0
819,0,null,0,0,0
820,0,null,0,0,0
821,0,null,0,0,0
822,0,null,0,0,0
823,1,primary_proton,1,1,1
824,0,null,0,0,0
825,0,null,0,0,0
826,0,null,0,0,0
827,0,null,0,0,0
828,0,null,0,0,0
829,0,null,0,0,0
830,0,null,0,0,0
831,0,null,0,0,0
832,0,null,0,0,0
833,0,null,0,0,0
834,1369,pi+,1,1,1
835,3,pi+,1,1,1
836,0,null,0,0,0
837,0,null,0,0,0
838,0,null,0,0,0
839,0,null,0,0,0
840,0,null,0,0,0
841,0,null,0,0,0
842,0,null,0,0,0
843,0,null,0,0,0
844,0,null,0,0,0
845,0,null,0,0,0
846,8,pi-,1,1,1
847,0,null,0,0,0
848,0,null,0,0,0
849,0,null,0,0,0
850,0,null,0,0,0
851,0,null,0,0,0
852,0,null,0,0,0
853,0,null,0,0,0
854,0,null,0,0,0
855,0,null,0,0,0
856,0,null,0,0,0
857,11,pi+,1,1,1
858,0,null,0,0,0
859,0,null,0,0,0
860,0,null,0,0,0
861,0,null,0,0,0
862,0,null,0,0,0
863,0,null,0,0,0
864,0,null,0,0,0
865,0,null,0,0,0
866,0,null,0,0,0
867,0,null,0,0,0
868,0,null,0,0,0
869,0,null,0,0,0
870,0,null,0,0,0
871,0,null,0,0,0
872,0,null,0,0,0
873,0,null,0,0,0
874,0,null,0,0,0
875,0,null,0,0,0
876,0,null,0,0,0
877,0,null,0,0,0
878,0,null,0,0,0
879,0,null,0,0,0
880,0,null,0,0,0
881,0,null,0,0,0
882,0,null,0,0,0
883,0,null,0,0,0
884,0,null,0,0,0
885,0,null,0,0,0
886,0,null,0,0,0
887,0,null,0,0,0
888,0,null,0,0,0
889,0,null,0,0,0
890,0,null,0,0,0
891,0,null,0,0,0
892,3,secondary_proton,1,1,1
893,5,pi-,1,1,1
894,0,null,0,0,0
895,0,null,0,0,0
896,0,null,0,0,0
897,0,null,0,0,0
898,0,null,0,0,0
899,0,null,0,0,0
900,0,null,0,0,0
901,0,null,0,0,0
902,0,null,0,0,0
903,0,null,0,0,0
904,0,null,0,0,0
905,0,null,0,0,0
906,0,null,0,0,0
907,0,null,0,0,0
908,0,null,0,0,0
909,0,null,0,0,0
910,0,null,0,0,0
911,0,null,0,0,0
912,0,null,0,0,0
913,0,null,0,0,0
914,0,null,0,0,0
915,0,null,0,0,0
916,0,null,0,0,0
917,0,null,0,0,0
918,0,null,0,0,0
919,0,null,0,0,0
920,0,null,0,0,0
921,0,null,0,0,0
922,1,primary_proton,1,1,1
923,0,null,0,0,0
924,0,null,0,0,0
925,0,null,0,0,0
926,0,null,0,0,0
927,0,null,0,0,0
928,0,null,0,0,0
929,0,null,0,0,0
931,13,pi+,1,1,1
932,0,null,0,0,0
933,0,null,0,0,0
934,0,null,0,0,0
935,0,null,0,0,0
936,0,null,0,0,0
937,0,null,0,0,0
938,0,null,0,0,0
939,4,secondary_proton,1,1,1
940,0,null,0,0,0
941,0,null,0,0,0
942,0,null,0,0,0
943,0,null,0,0,0
944,0,null,0,0,0
945,0,null,0,0,0
946,0,null,0,0,0
947,0,null,0,0,0
948,0,null,0,0,0
949,0,null,0,0,0
950,1,primary_proton,1,1,1
951,0,null,0,0,0
952,0,null,0,0,0
953,0,null,0,0,0
954,0,null,0,0,0
955,4,secondary_proton,1,1,1
956,0,null,0,0,0
957,0,null,0,0,0
958,0,null,0,0,0
959,0,null,0,0,0
960,0,null,0,0,0
961,0,null,0,0,0
962,0,null,0,0,0
963,0,null,0,0,0
964,0,null,0,0,0
965,0,null,0,0,0
966,0,null,0,0,0
967,0,null,0,0,0
968,0,null,0,0,0
969,0,null,0,0,0
970,0,null,0,0,0
971,0,null,0,0,0
972,0,null,0,0,0
973,1,primary_proton,1,1,1
974,0,null,0,0,0
975,6,pi-,1,1,0
976,0,null,0,0,0
977,0,null,0,0,0
978,0,null,0,0,0
979,0,null,0,0,0
980,0,null,0,0,0
981,0,null,0,0,0
982,125,pi+,1,0,0
983,0,null,0,0,0
984,0,null,0,0,0
985,0,null,0,0,0
986,0,null,0,0,0
987,0,null,0,0,0
988,0,null,0,0,0
989,0,null,0,0,0
990,0,null,0,0,0
991,0,null,0,0,0
992,0,null,0,0,0
993,0,null,0,0,0
994,8,pi+,1,1,1
995,0,null,0,0,0
996,0,null,0,0,0
997,0,null,0,0,0
998,0,null,0,0,0
999,0,null,0,0,0
1000,0,null,0,0,0
1001,0,null,0,0,0
1002,0,null,0,0,0
1003,0,null,0,0,0
1004,0,null,0,0,0
1005,0,null,0,0,0
1006,0,null,0,0,0
1007,0,null,0,0,0
1008,0,null,0,0,0
1009,0,null,0,0,0
1010,8,pi+,1,1,1
1011,7142,pi+,1,0,0
1012,0,null,0,0,0
1013,0,null,0,0,0
1014,0,null,0,0,0
1015,0,null,0,0,0
1016,0,null,0,0,0
1017,0,null,0,0,0
1018,0,null,0,0,0
1019,0,null,0,0,0
1020,10,secondary_proton,1,0,0
1021,135,secondary_proton,1,1,0
1022,0,null,0,0,0
1023,0,null,0,0,0
1024,0,null,0,0,0
1025,0,null,0,0,0
1026,1,primary_proton,1,1,1
1027,0,null,0,0,0
1028,0,null,0,0,0
1029,0,null,0,0,0
1030,0,null,0,0,0
1031,0,null,0,0,0
1032,0,null,0,0,0
1033,0,null,0,0,0
1034,0,null,0,0,0
1035,0,null,0,0,0
1036,0,null,0,0,0
1037,1,primary_proton,1,1,1
1038,0,null,0,0,0
1039,0,null,0,0,0
1040,0,null,0,0,0
1041,0,null,0,0,0
1042,1,primary_proton,1,1,1
1043,0,null,0,0,0
1044,1,primary_proton,1,1,1
1045,0,null,0,0,0
1046,0,null,0,0,0
1047,0,null,0,0,0
1048,0,null,0,0,0
1049,0,null,0,0,0
1050,0,null,0,0,0
1051,0,null,0,0,0
1052,0,null,0,0,0
1053,0,null,0,0,0
1054,0,null,0,0,0
1055,0,null,0,0,0
1056,0,null,0,0,0
1057,0,null,0,0,0
1058,0,null,0,0,0
1059,0,null,0,0,0
1060,0,null,0,0,0
1061,0,null,0,0,0
1062,0,null,0,0,0
1063,0,null,0,0,0
1064,0,null,0,0,0
1065,0,null,0,0,0
1066,0,null,0,0,0
1067,0,null,0,0,0
1068,0,null,0,0,0
1069,0,null,0,0,0
1070,0,null,0,0,0
1071,0,null,0,0,0
1072,0,null,0,0,0
1073,0,null,0,0,0
1074,0,null,0,0,0
1075,0,null,0,0,0
1076,8,secondary_proton,1,1,1
1077,0,null,0,0,0
1078,0,null,0,0,0
1079,0,null,0,0,0
1080,0,null,0,0,0
1081,0,null,0,0,0
1082,0,null,0,0,0
1083,0,null,0,0,0
1084,1,primary_proton,1,1,1
1085,0,null,0,0,0
1086,0,null,0,0,0
1087,0,null,0,0,0
1088,0,null,0,0,0
1089,0,null,0,0,0
1090,0,null,0,0,0
1091,0,null,0,0,0
1092,0,null,0,0,0
1093,0,null,0,0,0
1094,0,null,0,0,0
1095,0,null,0,0,0
1096,0,null,0,0,0
1097,9,pi+,1,1,1
1098,0,null,0,0,0
1099,0,null,0,0,0
1100,0,null,0,0,0
1101,32,secondary_proton,1,0,0
1102,0,null,0,0,0
1103,0,null,0,0,0
1104,0,null,0,0,0
1105,0,null,0,0,0
1106,0,null,0,0,0
1107,0,null,0,0,0
1108,0,null,0,0,0
1109,0,null,0,0,0
1110,0,null,0,0,0
1111,0,null,0,0,0
1112,0,null,0,0,0
1113,0,null,0,0,0
1114,0,null,0,0,0
1115,0,null,0,0,0
1116,0,null,0,0,0
1117,0,null,0,0,0
1118,0,null,0,0,0
1119,0,null,0,0,0
1120,0,null,0,0,0
1121,0,null,0,0,0
1122,0,null,0,0,0
1123,0,null,0,0,0
1124,0,null,0,0,0
1125,0,null,0,0,0
1126,0,null,0,0,0
1127,0,null,0,0,0
1128,0,null,0,0,0
1129,0,null,0,0,0
1130,0,null,0,0,0
1131,0,null,0,0,0
1132,0,null,0,0,0
1133,0,null,0,0,0
1134,0,null,0,0,0
1135,0,null,0,0,0
1136,9,pi-,1,0,0
1137,0,null,0,0,0
1138,0,null,0,0,0
1139,0,null,0,0,0
1140,0,null,0,0,0
1141,0,null,0,0,0
1142,0,null,0,0,0
1143,0,null,0,0,0
1144,0,null,0,0,0
1145,0,null,0,0,0
1146,0,null,0,0,0
1147,0,null,0,0,0
1148,0,null,0,0,0
1149,0,null,0,0,0
1150,0,null,0,0,0
1151,0,null,0,0,0
1152,0,null,0,0,0
1154,0,null,0,0,0
1155,0,null,0,0,0
1156,0,null,0,0,0
1157,0,null,0,0,0
1158,0,null,0,0,0
1159,0,null,0,0,0
1160,0,null,0,0,0
1161,0,null,0,0,0
1162,0,null,0,0,0
1163,0,null,0,0,0
1164,0,null,0,0,0
1165,0,null,0,0,0
1166,0,null,0,0,0
1167,0,null,0,0,0
1168,0,null,0,0,0
1169,0,null,0,0,0
1170,0,null,0,0,0
1171,8,pi+,1,1,0
1172,0,null,0,0,0
1173,0,null,0,0,0
1174,0,null,0,0,0
1175,0,null,0,0,0
1176,0,null,0,0,0
1177,0,null,0,0,0
1178,0,null,0,0,0
1179,0,null,0,0,0
1180,0,null,0,0,0
1181,0,null,0,0,0
1182,0,null,0,0,0
1183,0,null,0,0,0
1184,0,null,0,0,0
1185,0,null,0,0,0
1186,0,null,0,0,0
1187,0,null,0,0,0
1188,1,primary_proton,1,1,1
1189,0,null,0,0,0
1190,0,null,0,0,0
1191,0,null,0,0,0
1192,0,null,0,0,0
1193,0,null,0,0,0
1194,0,null,0,0,0
1195,0,null,0,0,0
1196,0,null,0,0,0
1197,0,null,0,0,0
1198,0,null,0,0,0
1199,0,null,0,0,0
1200,0,null,0,0,0
1201,0,null,0,0,0
1202,1,primary_proton,1,1,1
1203,0,null,0,0,0
1204,0,null,0,0,0
1205,16,pi+,1,1,1
1206,0,null,0,0,0
1207,6,pi+,1,1,1
1208,0,null,0,0,0
1209,0,null,0,0,0
1210,0,null,0,0,0
1211,0,null,0,0,0
1212,0,null,0,0,0
1213,0,null,0,0,0
1214,0,null,0,0,0
1215,0,null,0,0,0
1216,0,null,0,0,0
1217,0,null,0,0,0
1218,0,null,0,0,0
1219,1,primary_proton,1,1,1
1220,0,null,0,0,0
1221,0,null,0,0,0
1222,0,null,0,0,0
1223,0,null,0,0,0
1224,0,null,0,0,0
1225,0,null,0,0,0
1226,0,null,0,0,0
1227,0,null,0,0,0
1228,0,null,0,0,0
1229,0,null,0,0,0
1230,0,null,0,0,0
1231,1,primary_proton,1,1,1
1232,0,null,0,0,0
1233,0,null,0,0,0
1234,0,null,0,0,0
1235,0,null,0,0,0
1236,0,null,0,0,0
1237,0,null,0,0,0
1238,0,null,0,0,0
1239,0,null,0,0,0
1240,10,secondary_proton,1,1,1
1241,0,null,0,0,0
1242,0,null,0,0,0
1243,0,null,0,0,0
1244,0,null,0,0,0
1245,0,null,0,0,0
1246,0,null,0,0,0
1247,0,null,0,0,0
1248,0,null,0,0,0
1249,0,null,0,0,0
1250,0,null,0,0,0
1251,0,null,0,0,0
1252,0,null,0,0,0
1253,0,null,0,0,0
1254,0,null,0,0,0
1255,0,null,0,0,0
1256,0,null,0,0,0
1257,0,null,0,0,0
1258,0,null,0,0,0
1259,0,null,0,0,0
1260,0,null,0,0,0
1261,0,null,0,0,0
1262,0,null,0,0,0
1263,0,null,0,0,0
1264,0,null,0,0,0
1265,0,null,0,0,0
1266,0,null,0,0,0
1267,0,null,0,0,0
1268,0,null,0,0,0
1269,0,null,0,0,0
1270,0,null,0,0,0
1271,0,null,0,0,0
1272,1,primary_proton,1,1,1
1273,0,null,0,0,0
1274,0,null,0,0,0
1275,0,null,0,0,0
1276,0,null,0,0,0
1277,0,null,0,0,0
1278,0,null,0,0,0
1279,0,null,0,0,0
1280,0,null,0,0,0
1281,0,null,0,0,0
1282,0,null,0,0,0
1283,0,null,0,0,0
1284,1089,pi+,1,1,1
1285,0,null,0,0,0
1286,1,primary_proton,1,1,1
1287,7,secondary_proton,1,1,1
1288,0,null,0,0,0
1289,0,null,0,0,0
1290,0,null,0,0,0
1291,0,null,0,0,0
1292,0,null,0,0,0
1293,0,null,0,0,0
1294,10,secondary_proton,1,1,1
1295,0,null,0,0,0
1296,0,null,0,0,0
1297,0,null,0,0,0
1298,0,null,0,0,0
1299,0,null,0,0,0
1300,0,null,0,0,0
1301,0,null,0,0,0
1302,0,null,0,0,0
1303,0,null,0,0,0
1304,0,null,0,0,0
1305,0,null,0,0,0
1306,0,null,0,0,0
1307,0,null,0,0,0
1308,0,null,0,0,0
1309,0,null,0,0,0
1310,0,null,0,0,0
1311,0,null,0,0,0
1312,0,null,0,0,0
1313,0,null,0,0,0
1314,0,null,0,0,0
1315,0,null,0,0,0
1316,0,null,0,0,0
1317,0,null,0,0,0
1318,4,secondary_proton,1,1,0
1319,0,null,0,0,0
1320,0,null,0,0,0
1321,0,null,0,0,0
1322,0,null,0,0,0
1323,0,null,0,0,0
1324,0,null,0,0,0
1325,0,null,0,0,0
1326,0,null,0,0,0
1327,0,null,0,0,0
1328,0,null,0,0,0
1329,0,null,0,0,0
1330,0,null,0,0,0
1331,0,null,0,0,0
1332,0,null,0,0,0
1333,0,null,0,0,0
1334,0,null,0,0,0
1335,0,null,0,0,0
1336,0,null,0,0,0
1337,0,null,0,0,0
1338,0,null,0,0,0
1339,0,null,0,0,0
1340,0,null,0,0,0
1341,0,null,0,0,0
1342,0,null,0,0,0
1343,0,null,0,0,0
1344,0,null,0,0,0
1345,0,null,0,0,0
1346,0,null,0,0,0
1347,1,primary_proton,1,1,1
1348,0,null,0,0,0
1349,0,null,0,0,0
1350,0,null,0,0,0
1351,0,null,0,0,0
1352,0,null,0,0,0
1353,0,null,0,0,0
1354,0,null,0,0,0
1355,0,null,0,0,0
1356,0,null,0,0,0
1357,0,null,0,0,0
1358,0,null,0,0,0
1359,0,null,0,0,0
1360,0,null,0,0,0
1361,0,null,0,0,0
1362,0,null,0,0,0
1363,0,null,0,0,0
1364,6,pi-,1,0,0
1365,0,null,0,0,0
1366,0,null,0,0,0
1367,0,null,0,0,0
1368,0,null,0,0,0
1369,0,null,0,0,0
1370,0,null,0,0,0
1371,0,null,0,0,0
1372,0,null,0,0,0
1373,0,null,0,0,0
1375,0,null,0,0,0
1376,0,null,0,0,0
1377,1,primary_proton,1,1,1
1378,0,null,0,0,0
1379,0,null,0,0,0
1380,0,null,0,0,0
1381,1,primary_proton,1,1,1
1382,0,null,0,0,0
1383,0,null,0,0,0
1384,0,null,0,0,0
1385,0,null,0,0,0
1386,0,null,0,0,0
1387,0,null,0,0,0
1388,0,null,0,0,0
1389,0,null,0,0,0
1390,0,null,0,0,0
1391,0,null,0,0,0
1392,0,null,0,0,0
1393,0,null,0,0,0
1394,0,null,0,0,0
1395,0,null,0,0,0
1396,13,pi-,1,1,1
1397,0,null,0,0,0
1398,0,null,0,0,0
1399,0,null,0,0,0
1400,0,null,0,0,0
1401,8,secondary_proton,1,1,1
1402,0,null,0,0,0
1403,0,null,0,0,0
1404,0,null,0,0,0
1405,0,null,0,0,0
1406,0,null,0,0,0
1407,0,null,0,0,0
1408,12,secondary_proton,1,1,1
1409,6916,e-,0,1,0
1410,0,null,0,0,0
1411,0,null,0,0,0
1412,0,null,0,0,0
1413,0,null,0,0,0
1414,0,null,0,0,0
1415,9,pi-,1,1,1
1416,0,null,0,0,0
1417,0,null,0,0,0
1418,0,null,0,0,0
1419,0,null,0,0,0
1420,0,null,0,0,0
1421,0,null,0,0,0
1422,0,null,0,0,0
1423,0,null,0,0,0
1424,0,null,0,0,0
1425,0,null,0,0,0
1426,0,null,0,0,0
1427,0,null,0,0,0
1428,0,null,0,0,0
1429,0,null,0,0,0
1430,0,null,0,0,0
1431,0,null,0,0,0
1432,0,null,0,0,0
1433,0,null,0,0,0
1434,0,null,0,0,0
1435,0,null,0,0,0
1436,0,null,0,0,0
1437,0,null,0,0,0
1438,0,null,0,0,0
1439,0,null,0,0,0
1440,0,null,0,0,0
1441,0,null,0,0,0
1442,0,null,0,0,0
1443,0,null,0,0,0
1444,0,null,0,0,0
1445,0,null,0,0,0
1446,0,null,0,0,0
1447,0,null,0,0,0
1448,7,pi+,1,1,1
1449,0,null,0,0,0
1450,0,null,0,0,0
1451,0,null,0,0,0
1452,0,null,0,0,0
1453,0,null,0,0,0
1454,0,null,0,0,0
1455,0,null,0,0,0
1456,0,null,0,0,0
1457,0,null,0,0,0
1458,0,null,0,0,0
1459,0,null,0,0,0
1460,0,null,0,0,0
1461,0,null,0,0,0
1462,0,null,0,0,0
1463,0,null,0,0,0
1464,0,null,0,0,0
1465,0,null,0,0,0
1466,0,null,0,0,0
1467,0,null,0,0,0
1468,0,null,0,0,0
1469,0,null,0,0,0
1470,0,null,0,0,0
1471,0,null,0,0,0
1472,0,null,0,0,0
1473,0,null,0,0,0
1474,0,null,0,0,0
1475,0,null,0,0,0
1476,0,null,0,0,0
1477,0,null,0,0,0
1478,0,null,0,0,0
1479,0,null,0,0,0
1480,0,null,0,0,0
1481,0,null,0,0,0
1482,0,null,0,0,0
1483,1,primary_proton,1,1,1
1484,0,null,0,0,0
1485,0,null,0,0,0
1486,0,null,0,0,0
1487,0,null,0,0,0
1488,0,null,0,0,0
1489,0,null,0,0,0
1490,0,null,0,0,0
1491,0,null,0,0,0
1492,5,pi+,1,1,1
1493,0,null,0,0,0
1494,0,null,0,0,0
1495,0,null,0,0,0
1496,0,null,0,0,0
1497,0,null,0,0,0
1498,0,null,0,0,0
1499,0,null,0,0,0
1500,21,pi-,1,0,0
1501,0,null,0,0,0
1502,0,null,0,0,0
1503,0,null,0,0,0
1504,0,null,0,0,0
1505,5,secondary_proton,1,0,0
1506,0,null,0,0,0
1507,0,null,0,0,0
1508,0,null,0,0,0
1509,0,null,0,0,0
1510,0,null,0,0,0
1511,0,null,0,0,0
1512,22,pi-,1,1,1
1513,0,null,0,0,0
1514,0,null,0,0,0
1515,0,null,0,0,0
1516,0,null,0,0,0
1517,0,null,0,0,0
1518,0,null,0,0,0
1519,0,null,0,0,0
1520,0,null,0,0,0
1521,0,null,0,0,0
1522,0,null,0,0,0
1523,0,null,0,0,0
1524,0,null,0,0,0
1525,0,null,0,0,0
1526,0,null,0,0,0
1527,1,primary_proton,1,1,1
1528,0,null,0,0,0
1529,0,null,0,0,0
1530,0,null,0,0,0
1531,0,null,0,0,0
1532,0,null,0,0,0
1533,0,null,0,0,0
1534,0,null,0,0,0
1535,0,null,0,0,0
1536,0,null,0,0,0
1537,0,null,0,0,0
1538,0,null,0,0,0
1539,0,null,0,0,0
1540,0,null,0,0,0
1541,0,null,0,0,0
1542,0,null,0,0,0
1543,0,null,0,0,0
1544,0,null,0,0,0
1545,0,null,0,0,0
1546,0,null,0,0,0
1547,0,null,0,0,0
1548,0,null,0,0,0
1549,0,null,0,0,0
1550,0,null,0,0,0
1551,0,null,0,0,0
1552,0,null,0,0,0
1553,0,null,0,0,0
1554,0,null,0,0,0
1555,0,null,0,0,0
1556,0,null,0,0,0
1557,0,null,0,0,0
1558,0,null,0,0,0
1559,0,null,0,0,0
1560,0,null,0,0,0
1561,0,null,0,0,0
1562,0,null,0,0,0
1563,0,null,0,0,0
1564,0,null,0,0,0
1565,0,null,0,0,0
1566,0,null,0,0,0
1567,0,null,0,0,0
1568,0,null,0,0,0
1569,0,null,0,0,0
1570,0,null,0,0,0
1571,0,null,0,0,0
1572,0,null,0,0,0
1573,0,null,0,0,0
1574,0,null,0,0,0
1575,0,null,0,0,0
1576,0,null,0,0,0
1577,0,null,0,0,0
1578,1,primary_proton,1,1,1
1579,0,null,0,0,0
1580,0,null,0,0,0
1581,0,null,0,0,0
1582,0,null,0,0,0
1583,0,null,0,0,0
1584,0,null,0,0,0
1585,14,pi+,1,1,0
1586,1,primary_proton,1,1,1
1587,1,primary_proton,1,1,1
1588,0,null,0,0,0
1589,0,null,0,0,0
1590,0,null,0,0,0
1591,0,null,0,0,0
1592,0,null,0,0,0
1593,0,null,0,0,0
1594,0,null,0,0,0
1595,0,null,0,0,0
1597,0,null,0,0,0
1598,0,null,0,0,0
1599,0,null,0,0,0
1600,0,null,0,0,0
1601,0,null,0,0,0
1602,0,null,0,0,0
1603,0,null,0,0,0
1604,0,null,0,0,0
1605,0,null,0,0,0
1606,0,null,0,0,0
1607,0,null,0,0,0
1608,0,null,0,0,0
1609,0,null,0,0,0
1610,0,null,0,0,0
1611,0,null,0,0,0
1612,0,null,0,0,0
1613,0,null,0,0,0
1614,0,null,0,0,0
1615,0,null,0,0,0
1616,0,null,0,0,0
1617,0,null,0,0,0
1618,1,primary_proton,1,1,1
1619,0,null,0,0,0
1620,0,null,0,0,0
1621,0,null,0,0,0
1622,0,null,0,0,0
1623,0,null,0,0,0
1624,0,null,0,0,0
1625,95,pi+,1,1,1
1626,0,null,0,0,0
1627,0,null,0,0,0
1628,0,null,0,0,0
1629,0,null,0,0,0
1630,590,secondary_proton,1,1,0
1631,0,null,0,0,0
1632,0,null,0,0,0
1633,0,null,0,0,0
1634,0,null,0,0,0
1635,0,null,0,0,0
1636,0,null,0,0,0
1637,0,null,0,0,0
1638,0,null,0,0,0
1639,0,null,0,0,0
1640,0,null,0,0,0
1641,0,null,0,0,0
1642,0,null,0,0,0
1643,0,null,0,0,0
1644,0,null,0,0,0
1645,0,null,0,0,0
1646,0,null,0,0,0
1647,0,null,0,0,0
1648,0,null,0,0,0
1649,0,null,0,0,0
1650,0,null,0,0,0
1651,0,null,0,0,0
1652,0,null,0,0,0
1653,0,null,0,0,0
1654,0,null,0,0,0
1655,0,null,0,0,0
1656,0,null,0,0,0
1657,1,primary_proton,1,1,1
1658,0,null,0,0,0
1659,0,null,0,0,0
1660,0,null,0,0,0
1661,0,null,0,0,0
1662,0,null,0,0,0
1663,5206,e-,0,1,0
1664,0,null,0,0,0
1665,0,null,0,0,0
1666,0,null,0,0,0
1667,0,null,0,0,0
1668,0,null,0,0,0
1669,0,null,0,0,0
1670,0,null,0,0,0
1671,0,null,0,0,0
1672,0,null,0,0,0
1673,0,null,0,0,0
1674,0,null,0,0,0
1675,0,null,0,0,0
1676,0,null,0,0,0
1677,0,null,0,0,0
1678,0,null,0,0,0
1679,0,null,0,0,0
1680,0,null,0,0,0
1681,2339,e-,1,0,0
1682,0,null,0,0,0
1683,0,null,0,0,0
1684,0,null,0,0,0
1685,0,null,0,0,0
1686,0,null,0,0,0
1687,1,primary_proton,1,1,1
1688,0,null,0,0,0
1689,0,null,0,0,0
1690,7,pi-,1,1,1
1691,0,null,0,0,0
1692,0,null,0,0,0
1693,0,null,0,0,0
1694,0,null,0,0,0
1695,0,null,0,0,0
1696,0,null,0,0,0
1697,0,null,0,0,0
1698,0,null,0,0,0
1699,4381,secondary_proton,1,0,0
1700,0,null,0,0,0
1701,0,null,0,0,0
1702,2320,secondary_proton,1,1,1
1703,0,null,0,0,0
1704,1,primary_proton,1,1,1
1705,0,null,0,0,0
1706,0,null,0,0,0
1707,0,null,0,0,0
1708,0,null,0,0,0
1709,0,null,0,0,0
1710,0,null,0,0,0
1711,0,null,0,0,0
1712,0,null,0,0,0
1713,0,null,0,0,0
1714,0,null,0,0,0
1715,13,pi-,1,1,1
1716,0,null,0,0,0
1717,0,null,0,0,0
1718,0,null,0,0,0
1719,0,null,0,0,0
1720,0,null,0,0,0
1721,0,null,0,0,0
1722,0,null,0,0,0
1723,0,null,0,0,0
1724,0,null,0,0,0
1725,0,null,0,0,0
1726,0,null,0,0,0
1727,0,null,0,0,0
1728,0,null,0,0,0
1729,0,null,0,0,0
1730,0,null,0,0,0
1731,0,null,0,0,0
1732,0,null,0,0,0
1733,0,null,0,0,0
1734,0,null,0,0,0
1735,0,null,0,0,0
1736,0,null,0,0,0
1737,0,null,0,0,0
1738,0,null,0,0,0
1739,0,null,0,0,0
1740,0,null,0,0,0
1741,0,null,0,0,0
1742,1,primary_proton,1,1,1
1743,0,null,0,0,0
1744,0,null,0,0,0
1745,0,null,0,0,0
1746,0,null,0,0,0
1747,0,null,0,0,0
1748,0,null,0,0,0
1749,0,null,0,0,0
1750,0,null,0,0,0
1751,4303,secondary_proton,1,0,0
1752,0,null,0,0,0
1753,0,null,0,0,0
1754,0,null,0,0,0
1755,0,null,0,0,0
1756,5,pi+,1,1,1
1757,0,null,0,0,0
1758,0,null,0,0,0
1759,0,null,0,0,0
1760,0,null,0,0,0
1761,0,null,0,0,0
1762,0,null,0,0,0
1763,0,null,0,0,0
1764,0,null,0,0,0
1765,0,null,0,0,0
1766,0,null,0,0,0
1767,0,null,0,0,0
1768,0,null,0,0,0
1769,0,null,0,0,0
1770,0,null,0,0,0
1771,0,null,0,0,0
1772,0,null,0,0,0
1773,0,null,0,0,0
1774,0,null,0,0,0
1775,0,null,0,0,0
1776,0,null,0,0,0
1777,0,null,0,0,0
1778,0,null,0,0,0
1779,0,null,0,0,0
1780,29,secondary_proton,1,1,1
1781,0,null,0,0,0
1782,0,null,0,0,0
1783,0,null,0,0,0
1784,0,null,0,0,0
1785,0,null,0,0,0
1786,0,null,0,0,0
1787,0,null,0,0,0
1788,0,null,0,0,0
1789,0,null,0,0,0
1790,0,null,0,0,0
1791,0,null,0,0,0
1792,0,null,0,0,0
1793,0,null,0,0,0
1794,0,null,0,0,0
1795,0,null,0,0,0
1796,0,null,0,0,0
1797,0,null,0,0,0
1798,0,null,0,0,0
1799,0,null,0,0,0
1800,0,null,0,0,0
1801,1,primary_proton,1,1,1
1802,0,null,0,0,0
1803,0,null,0,0,0
1804,5615,e-,0,1,0
1805,0,null,0,0,0
1806,0,null,0,0,0
1807,0,null,0,0,0
1808,0,null,0,0,0
1809,0,null,0,0,0
1810,0,null,0,0,0
1811,0,null,0,0,0
1812,0,null,0,0,0
1813,0,null,0,0,0
1814,0,null,0,0,0
1815,0,null,0,0,0
1817,0,null,0,0,0
1818,0,null,0,0,0
1819,0,null,0,0,0
1820,0,null,0,0,0
1821,0,null,0,0,0
1822,0,null,0,0,0
1823,0,null,0,0,0
1824,0,null,0,0,0
1825,0,null,0,0,0
1826,0,null,0,0,0
1827,0,null,0,0,0
1828,0,null,0,0,0
1829,0,null,0,0,0
1830,0,null,0,0,0
1831,0,null,0,0,0
1832,0,null,0,0,0
1833,0,null,0,0,0
1834,0,null,0,0,0
1835,0,null,0,0,0
1836,0,null,0,0,0
1837,0,null,0,0,0
1838,0,null,0,0,0
1839,0,null,0,0,0
1840,1,primary_proton,1,1,1
1841,0,null,0,0,0
1842,0,null,0,0,0
1843,0,null,0,0,0
1844,0,null,0,0,0
1845,0,null,0,0,0
1846,0,null,0,0,0
1847,0,null,0,0,0
1848,0,null,0,0,0
1849,0,null,0,0,0
1850,1,primary_proton,1,1,1
1851,0,null,0,0,0
1852,0,null,0,0,0
1853,0,null,0,0,0
1854,0,null,0,0,0
1855,1,primary_proton,1,1,1
1856,0,null,0,0,0
1857,0,null,0,0,0
1858,0,null,0,0,0
1859,0,null,0,0,0
1860,0,null,0,0,0
1861,0,null,0,0,0
1862,0,null,0,0,0
1863,0,null,0,0,0
1864,0,null,0,0,0
1865,0,null,0,0,0
1866,0,null,0,0,0
1867,0,null,0,0,0
1868,0,null,0,0,0
1869,0,null,0,0,0
1870,0,null,0,0,0
1871,0,null,0,0,0
1872,0,null,0,0,0
1873,0,null,0,0,0
1874,0,null,0,0,0
1875,0,null,0,0,0
1876,0,null,0,0,0
1877,0,null,0,0,0
1878,0,null,0,0,0
1879,7,pi+,1,1,1
1880,0,null,0,0,0
1881,0,null,0,0,0
1882,0,null,0,0,0
1883,0,null,0,0,0
1884,0,null,0,0,0
1885,0,null,0,0,0
1886,0,null,0,0,0
1887,0,null,0,0,0
1888,0,null,0,0,0
1889,0,null,0,0,0
1890,0,null,0,0,0
1891,0,null,0,0,0
1892,0,null,0,0,0
1893,0,null,0,0,0
1894,0,null,0,0,0
1895,0,null,0,0,0
1896,0,null,0,0,0
1897,0,null,0,0,0
1898,0,null,0,0,0
1899,0,null,0,0,0
1900,0,null,0,0,0
1901,0,null,0,0,0
1902,0,null,0,0,0
1903,12,secondary_proton,1,1,1
1904,0,null,0,0,0
1905,0,null,0,0,0
1906,0,null,0,0,0
1907,0,null,0,0,0
1908,0,null,0,0,0
1909,0,null,0,0,0
1910,0,null,0,0,0
1911,0,null,0,0,0
1912,0,null,0,0,0
1913,0,null,0,0,0
1914,0,null,0,0,0
1915,1,primary_proton,1,1,1
1916,0,null,0,0,0
1917,0,null,0,0,0
1918,0,null,0,0,0
1919,0,null,0,0,0
1920,0,null,0,0,0
1921,1,primary_proton,1,1,1
1922,0,null,0,0,0
1923,0,null,0,0,0
1924,0,null,0,0,0
1925,0,null,0,0,0
1926,0,null,0,0,0
1927,0,null,0,0,0
1928,0,null,0,0,0
1929,0,null,0,0,0
1930,0,null,0,0,0
1931,0,null,0,0,0
1932,0,null,0,0,0
1933,0,null,0,0,0
1934,0,null,0,0,0
1935,0,null,0,0,0
1936,0,null,0,0,0
1937,0,null,0,0,0
1938,0,null,0,0,0
1939,18,pi-,1,1,1
1940,1,primary_proton,1,1,1
1941,0,null,0,0,0
1942,0,null,0,0,0
1943,0,null,0,0,0
1944,0,null,0,0,0
1945,0,null,0,0,0
1946,1,primary_proton,1,1,1
1947,0,null,0,0,0
1948,0,null,0,0,0
1949,0,null,0,0,0
1950,1,primary_proton,1,1,1
1951,0,null,0,0,0
1952,9,secondary_proton,1,1,1
1953,0,null,0,0,0
1954,0,null,0,0,0
1955,0,null,0,0,0
1956,0,null,0,0,0
1957,0,null,0,0,0
1958,0,null,0,0,0
1959,0,null,0,0,0
1960,0,null,0,0,0
1961,0,null,0,0,0
1962,6,pi+,1,1,1
1963,0,null,0,0,0
1964,0,null,0,0,0
1965,0,null,0,0,0
1966,0,null,0,0,0
1967,0,null,0,0,0
1968,0,null,0,0,0
1969,0,null,0,0,0
1970,0,null,0,0,0
1971,0,null,0,0,0
1972,5,secondary_proton,1,1,1
1973,0,null,0,0,0
1974,0,null,0,0,0
1975,0,null,0,0,0
1976,0,null,0,0,0
1977,0,null,0,0,0
1978,0,null,0,0,0
1979,0,null,0,0,0
1980,0,null,0,0,0
1981,0,null,0,0,0
1982,0,null,0,0,0
1983,0,null,0,0,0
1984,0,null,0,0,0
1985,0,null,0,0,0
1986,0,null,0,0,0
1987,1,primary_proton,1,1,1
1988,0,null,0,0,0
1989,0,null,0,0,0
1990,0,null,0,0,0
1991,0,null,0,0,0
1992,0,null,0,0,0
1993,0,null,0,0,0
1994,0,null,0,0,0
1995,4,pi-,1,1,1
1996,0,null,0,0,0
1997,0,null,0,0,0
1998,0,null,0,0,0
1999,0,null,0,0,0
2000,0,null,0,0,0
2001,0,null,0,0,0
2002,0,null,0,0,0
2003,0,null,0,0,0
2004,0,null,0,0,0
2005,0,null,0,0,0
2006,0,null,0,0,0
2007,0,null,0,0,0
2008,0,null,0,0,0
2009,1,primary_proton,1,1,1
2010,0,null,0,0,0
2011,0,null,0,0,0
2012,0,null,0,0,0
2013,13,pi-,1,1,0
2014,0,null,0,0,0
2015,0,null,0,0,0
2016,0,null,0,0,0
2017,0,null,0,0,0
2018,0,null,0,0,0
2019,0,null,0,0,0
2020,0,null,0,0,0
2021,0,null,0,0,0
2022,0,null,0,0,0
2023,0,null,0,0,0
2024,0,null,0,0,0
2025,11,pi+,1,1,0
2026,0,null,0,0,0
2027,0,null,0,0,0
2028,0,null,0,0,0
2029,0,null,0,0,0
2030,1,primary_proton,1,1,1
2031,0,null,0,0,0
2032,0,null,0,0,0
2033,0,null,0,0,0
2034,0,null,0,0,0
2035,0,null,0,0,0
2037,0,null,0,0,0
2038,0,null,0,0,0
2039,0,null,0,0,0
2040,0,null,0,0,0
2041,0,null,0,0,0
2042,0,null,0,0,0
2043,0,null,0,0,0
2044,0,null,0,0,0
2045,0,null,0,0,0
2046,0,null,0,0,0
2047,0,null,0,0,0
2048,0,null,0,0,0
2049,0,null,0,0,0
2050,0,null,0,0,0
2051,0,null,0,0,0
2052,0,null,0,0,0
2053,0,null,0,0,0
2054,0,null,0,0,0
2055,0,null,0,0,0
2056,37,pi+,1,0,0
2057,0,null,0,0,0
2058,0,null,0,0,0
2059,5,pi-,1,1,1
2060,0,null,0,0,0
2061,0,null,0,0,0
2062,0,null,0,0,0
2063,0,null,0,0,0
2064,0,null,0,0,0
2065,0,null,0,0,0
2066,0,null,0,0,0
2067,0,null,0,0,0
2068,0,null,0,0,0
2069,0,null,0,0,0
2070,0,null,0,0,0
2071,0,null,0,0,0
2072,0,null,0,0,0
2073,0,null,0,0,0
2074,0,null,0,0,0
2075,0,null,0,0,0
2076,0,null,0,0,0
2077,1,primary_proton,1,1,1
2078,0,null,0,0,0
2079,0,null,0,0,0
2080,0,null,0,0,0
2081,0,null,0,0,0
2082,0,null,0,0,0
2083,0,null,0,0,0
2084,0,null,0,0,0
2085,0,null,0,0,0
2086,0,null,0,0,0
2087,1,primary_proton,1,1,1
2088,0,null,0,0,0
2089,0,null,0,0,0
2090,0,null,0,0,0
2091,0,null,0,0,0
2092,0,null,0,0,0
2093,0,null,0,0,0
2094,0,null,0,0,0
2095,0,null,0,0,0
2096,0,null,0,0,0
2097,0,null,0,0,0
2098,16,pi-,1,1,1
2099,0,null,0,0,0
2100,0,null,0,0,0
2101,0,null,0,0,0
2102,18,pi-,1,1,0
2103,0,null,0,0,0
2104,0,null,0,0,0
2105,0,null,0,0,0
2106,0,null,0,0,0
2107,0,null,0,0,0
2108,16,pi-,1,1,1
2109,0,null,0,0,0
2110,0,null,0,0,0
2111,0,null,0,0,0
2112,0,null,0,0,0
2113,0,null,0,0,0
2114,0,null,0,0,0
2115,0,null,0,0,0
2116,1,primary_proton,1,1,1
2117,0,null,0,0,0
2118,1,primary_proton,1,1,1
2119,0,null,0,0,0
2120,0,null,0,0,0
2121,0,null,0,0,0
2122,0,null,0,0,0
2123,0,null,0,0,0
2124,0,null,0,0,0
2125,0,null,0,0,0
2126,0,null,0,0,0
2127,0,null,0,0,0
2128,0,null,0,0,0
2129,0,null,0,0,0
2130,0,null,0,0,0
2131,0,null,0,0,0
2132,0,null,0,0,0
2133,0,null,0,0,0
2134,0,null,0,0,0
2135,1,primary_proton,1,1,1
2136,0,null,0,0,0
2137,0,null,0,0,0
2138,0,null,0,0,0
2139,0,null,0,0,0
2140,0,null,0,0,0
2141,0,null,0,0,0
2142,0,null,0,0,0
2143,0,null,0,0,0
2144,0,null,0,0,0
2145,0,null,0,0,0
2146,0,null,0,0,0
2147,0,null,0,0,0
2148,0,null,0,0,0
2149,0,null,0,0,0
2150,1,primary_proton,1,1,1
2151,0,null,0,0,0
2152,0,null,0,0,0
2153,0,null,0,0,0
2154,9,secondary_proton,1,1,1
2155,0,null,0,0,0
2156,0,null,0,0,0
2157,0,null,0,0,0
2158,0,null,0,0,0
2159,17,secondary_proton,1,1,1
2160,0,null,0,0,0
2161,0,null,0,0,0
2162,0,null,0,0,0
2163,0,null,0,0,0
2164,0,null,0,0,0
2165,186,secondary_proton,1,0,0
2166,0,null,0,0,0
2167,0,null,0,0,0
2168,0,null,0,0,0
2169,0,null,0,0,0
2170,0,null,0,0,0
2171,0,null,0,0,0
2172,0,null,0,0,0
2173,0,null,0,0,0
2174,0,null,0,0,0
2175,0,null,0,0,0
2176,0,null,0,0,0
2177,4,secondary_proton,1,1,1
2178,0,null,0,0,0
2179,0,null,0,0,0
2180,0,null,0,0,0
2181,0,null,0,0,0
2182,0,null,0,0,0
2183,0,null,0,0,0
2184,0,null,0,0,0
2185,0,null,0,0,0
2186,8,pi+,1,1,1
2187,0,null,0,0,0
2188,0,null,0,0,0
2189,0,null,0,0,0
2190,0,null,0,0,0
2191,0,null,0,0,0
2192,0,null,0,0,0
2193,0,null,0,0,0
2194,0,null,0,0,0
2195,0,null,0,0,0
2196,0,null,0,0,0
2197,0,null,0,0,0
2198,0,null,0,0,0
2199,0,null,0,0,0
2200,0,null,0,0,0
2201,0,null,0,0,0
2202,0,null,0,0,0
2203,0,null,0,0,0
2204,0,null,0,0,0
2205,0,null,0,0,0
2206,0,null,0,0,0
2207,0,null,0,0,0
2208,0,null,0,0,0
2209,0,null,0,0,0
2210,0,null,0,0,0
2211,0,null,0,0,0
2212,0,null,0,0,0
2213,0,null,0,0,0
2214,0,null,0,0,0
2215,0,null,0,0,0
2216,1,primary_proton,1,1,1
2217,0,null,0,0,0
2218,10,pi+,1,1,0
2219,0,null,0,0,0
2220,0,null,0,0,0
2221,0,null,0,0,0
2222,0,null,0,0,0
2223,0,null,0,0,0
2224,0,null,0,0,0
2225,0,null,0,0,0
2226,0,null,0,0,0
2227,8,secondary_proton,1,1,1
2228,0,null,0,0,0
2229,0,null,0,0,0
2230,0,null,0,0,0
2231,0,null,0,0,0
2232,0,null,0,0,0
2233,0,null,0,0,0
2234,0,null,0,0,0
2235,0,null,0,0,0
2236,0,null,0,0,0
2237,0,null,0,0,0
2238,0,null,0,0,0
2239,0,null,0,0,0
2240,0,null,0,0,0
2241,0,null,0,0,0
2242,0,null,0,0,0
2243,0,null,0,0,0
2244,0,null,0,0,0
2245,0,null,0,0,0
2246,0,null,0,0,0
2247,1,primary_proton,1,1,1
2248,0,null,0,0,0
2249,0,null,0,0,0
2250,0,null,0,0,0
2251,0,null,0,0,0
2252,0,null,0,0,0
2253,0,null,0,0,0
2254,0,null,0,0,0
2256,0,null,0,0,0
2257,0,null,0,0,0
2258,0,null,0,0,0
2259,0,null,0,0,0
2260,0,null,0,0,0
2261,0,null,0,0,0
2262,0,null,0,0,0
2263,0,null,0,0,0
2264,0,null,0,0,0
2265,0,null,0,0,0
2266,1,primary_proton,1,1,1
2267,0,null,0,0,0
2268,0,null,0,0,0
2269,0,null,0,0,0
2270,0,null,0,0,0
2271,0,null,0,0,0
2272,0,null,0,0,0
2273,0,null,0,0,0
2274,0,null,0,0,0
2275,0,null,0,0,0
2276,0,null,0,0,0
2277,0,null,0,0,0
2278,0,null,0,0,0
2279,0,null,0,0,0
2280,0,null,0,0,0
2281,0,null,0,0,0
2282,0,null,0,0,0
2283,0,null,0,0,0
2284,1,primary_proton,1,1,1
2285,0,null,0,0,0
2286,0,null,0,0,0
2287,0,null,0,0,0
2288,0,null,0,0,0
2289,0,null,0,0,0
2290,0,null,0,0,0
2291,0,null,0,0,0
2292,8,pi-,1,1,1
2293,0,null,0,0,0
2294,0,null,0,0,0
2295,0,null,0,0,0
2296,0,null,0,0,0
2297,0,null,0,0,0
2298,0,null,0,0,0
2299,0,null,0,0,0
2300,0,null,0,0,0
2301,0,null,0,0,0
2302,0,null,0,0,0
2303,0,null,0,0,0
2304,0,null,0,0,0
2305,0,null,0,0,0
2306,0,null,0,0,0
2307,0,null,0,0,0
2308,0,null,0,0,0
2309,0,null,0,0,0
2310,0,null,0,0,0
2311,0,null,0,0,0
2312,0,null,0,0,0
2313,0,null,0,0,0
2314,0,null,0,0,0
2315,0,null,0,0,0
2316,0,null,0,0,0
2317,0,null,0,0,0
2318,0,null,0,0,0
2319,1,primary_proton,1,1,1
2320,0,null,0,0,0
2321,0,null,0,0,0
2322,0,null,0,0,0
2323,0,null,0,0,0
2324,0,null,0,0,0
2325,0,null,0,0,0
2326,0,null,0,0,0
2327,0,null,0,0,0
2328,0,null,0,0,0
2329,0,null,0,0,0
2330,0,null,0,0,0
2331,0,null,0,0,0
2332,0,null,0,0,0
2333,0,null,0,0,0
2334,1,primary_proton,1,1,1
2335,8,pi-,1,1,1
2336,0,null,0,0,0
2337,0,null,0,0,0
2338,0,null,0,0,0
2339,0,null,0,0,0
2340,0,null,0,0,0
2341,0,null,0,0,0
2342,0,null,0,0,0
2343,0,null,0,0,0
2344,0,null,0,0,0
2345,0,null,0,0,0
2346,0,null,0,0,0
2347,0,null,0,0,0
2348,0,null,0,0,0
2349,0,null,0,0,0
2350,0,null,0,0,0
2351,0,null,0,0,0
2352,0,null,0,0,0
2353,0,null,0,0,0
2354,0,null,0,0,0
2355,0,null,0,0,0
2356,0,null,0,0,0
2357,0,null,0,0,0
2358,0,null,0,0,0
2359,0,null,0,0,0
2360,0,null,0,0,0
2361,0,null,0,0,0
2362,0,null,0,0,0
2363,0,null,0,0,0
2364,0,null,0,0,0
2365,0,null,0,0,0
2366,0,null,0,0,0
2367,0,null,0,0,0
2368,0,null,0,0,0
2369,7,pi-,1,1,1
2370,0,null,0,0,0
2371,0,null,0,0,0
2372,0,null,0,0,0
2373,1,primary_proton,1,1,1
2374,5,secondary_proton,1,0,0
2375,0,null,0,0,0
2376,0,null,0,0,0
2377,0,null,0,0,0
2378,0,null,0,0,0
2379,4,pi+,1,0,0
2380,0,null,0,0,0
2381,4,secondary_proton,1,1,0
2382,0,null,0,0,0
2383,0,null,0,0,0
2384,0,null,0,0,0
2385,0,null,0,0,0
2386,11,pi+,1,1,1
2387,1,primary_proton,1,1,1
2388,9,pi-,1,1,1
2389,0,null,0,0,0
2390,0,null,0,0,0
2391,0,null,0,0,0
2392,0,null,0,0,0
2393,0,null,0,0,0
2394,0,null,0,0,0
2395,0,null,0,0,0
2396,0,null,0,0,0
2397,0,null,0,0,0
2398,0,null,0,0,0
2399,0,null,0,0,0
2400,0,null,0,0,0
2401,0,null,0,0,0
2402,0,null,0,0,0
2403,0,null,0,0,0
2404,0,null,0,0,0
2405,0,null,0,0,0
2406,0,null,0,0,0
2407,0,null,0,0,0
2408,0,null,0,0,0
2409,0,null,0,0,0
2410,0,null,0,0,0
2411,0,null,0,0,0
2412,0,null,0,0,0
2413,0,null,0,0,0
2414,7,secondary_proton,1,1,1
2415,0,null,0,0,0
2416,0,null,0,0,0
2417,0,null,0,0,0
2418,0,null,0,0,0
2419,0,null,0,0,0
2420,0,null,0,0,0
2421,0,null,0,0,0
2422,0,null,0,0,0
2423,0,null,0,0,0
2424,0,null,0,0,0
2425,0,null,0,0,0
2426,0,null,0,0,0
2427,0,null,0,0,0
2428,0,null,0,0,0
2429,5,pi-,1,1,1
2430,0,null,0,0,0
2431,0,null,0,0,0
2432,0,null,0,0,0
2433,0,null,0,0,0
2434,0,null,0,0,0
2435,0,null,0,0,0
2436,0,null,0,0,0
2437,0,null,0,0,0
2438,0,null,0,0,0
2439,0,null,0,0,0
2440,0,null,0,0,0
2441,0,null,0,0,0
2442,0,null,0,0,0
2443,0,null,0,0,0
2444,0,null,0,0,0
2445,0,null,0,0,0
2446,0,null,0,0,0
2447,0,null,0,0,0
2448,0,null,0,0,0
2449,0,null,0,0,0
2450,0,null,0,0,0
2451,0,null,0,0,0
2452,1,primary_proton,1,1,1
2453,0,null,0,0,0
2454,0,null,0,0,0
2455,0,null,0,0,0
2456,0,null,0,0,0
2457,0,null,0,0,0
2458,13,pi+,1,1,0
2459,0,null,0,0,0
2460,0,null,0,0,0
2461,11,pi+,1,0,0
2462,0,null,0,0,0
2463,0,null,0,0,0
2464,0,null,0,0,0
2465,0,null,0,0,0
2466,0,null,0,0,0
2467,0,null,0,0,0
2468,0,null,0,0,0
2469,0,null,0,0,0
2470,0,null,0,0,0
2471,0,null,0,0,0
2472,0,null,0,0,0
2473,0,null,0,0,0
2474,0,null,0,0,0
2475,0,null,0,0,0
2476,0,null,0,0,0
2478,0,null,0,0,0
2479,0,null,0,0,0
2480,0,null,0,0,0
2481,0,null,0,0,0
2482,0,null,0,0,0
2483,0,null,0,0,0
2484,0,null,0,0,0
2485,0,null,0,0,0
2486,0,null,0,0,0
2487,0,null,0,0,0
2488,1,primary_proton,1,1,1
2489,5,pi+,1,1,1
2490,0,null,0,0,0
2491,0,null,0,0,0
2492,0,null,0,0,0
2493,0,null,0,0,0
2494,0,null,0,0,0
2495,709,secondary_proton,1,0,0
2496,4416,pi+,1,0,0
2497,0,null,0,0,0
2498,0,null,0,0,0
2499,0,null,0,0,0
2500,0,null,0,0,0
2501,0,null,0,0,0
2502,0,null,0,0,0
2503,0,null,0,0,0
2504,0,null,0,0,0
2505,0,null,0,0,0
2506,0,null,0,0,0
2507,0,null,0,0,0
2508,0,null,0,0,0
2509,0,null,0,0,0
2510,0,null,0,0,0
2511,0,null,0,0,0
2512,0,null,0,0,0
2513,0,null,0,0,0
2514,0,null,0,0,0
2515,0,null,0,0,0
2516,0,null,0,0,0
2517,0,null,0,0,0
2518,0,null,0,0,0
2519,0,null,0,0,0
2520,0,null,0,0,0
2521,0,null,0,0,0
2522,0,null,0,0,0
2523,0,null,0,0,0
2524,0,null,0,0,0
2525,0,null,0,0,0
2526,0,null,0,0,0
2527,6,secondary_proton,1,1,1
2528,0,null,0,0,0
2529,0,null,0,0,0
2530,0,null,0,0,0
2531,0,null,0,0,0
2532,0,null,0,0,0
2533,0,null,0,0,0
2534,0,null,0,0,0
2535,1,primary_proton,1,1,1
2536,0,null,0,0,0
2537,0,null,0,0,0
2538,0,null,0,0,0
2539,0,null,0,0,0
2540,0,null,0,0,0
2541,0,null,0,0,0
2542,0,null,0,0,0
2543,0,null,0,0,0
2544,0,null,0,0,0
2545,0,null,0,0,0
2546,0,null,0,0,0
2547,0,null,0,0,0
2548,0,null,0,0,0
2549,0,null,0,0,0
2550,0,null,0,0,0
2551,0,null,0,0,0
2552,0,null,0,0,0
2553,0,null,0,0,0
2554,0,null,0,0,0
2555,0,null,0,0,0
2556,0,null,0,0,0
2557,0,null,0,0,0
2558,0,null,0,0,0
2559,0,null,0,0,0
2560,0,null,0,0,0
2561,0,null,0,0,0
2562,0,null,0,0,0
2563,0,null,0,0,0
2564,0,null,0,0,0
2565,0,null,0,0,0
2566,0,null,0,0,0
2567,0,null,0,0,0
2568,0,null,0,0,0
2569,0,null,0,0,0
2570,0,null,0,0,0
2571,0,null,0,0,0
2572,0,null,0,0,0
2573,0,null,0,0,0
2574,0,null,0,0,0
2575,0,null,0,0,0
2576,0,null,0,0,0
2577,0,null,0,0,0
2578,0,null,0,0,0
2579,0,null,0,0,0
2580,0,null,0,0,0
2581,0,null,0,0,0
2582,0,null,0,0,0
2583,0,null,0,0,0
2584,0,null,0,0,0
2585,0,null,0,0,0
2586,0,null,0,0,0
2587,0,null,0,0,0
2588,0,null,0,0,0
2589,0,null,0,0,0
2590,0,null,0,0,0
2591,0,null,0,0,0
2592,0,null,0,0,0
2593,0,null,0,0,0
2594,6,pi+,1,1,0
2595,0,null,0,0,0
2596,0,null,0,0,0
2597,0,null,0,0,0
2598,0,null,0,0,0
2599,0,null,0,0,0
2600,0,null,0,0,0
2601,0,null,0,0,0
2602,0,null,0,0,0
2603,0,null,0,0,0
2604,0,null,0,0,0
2605,0,null,0,0,0
2606,0,null,0,0,0
2607,27,pi-,1,0,0
2608,0,null,0,0,0
2609,0,null,0,0,0
2610,0,null,0,0,0
2611,1,primary_proton,1,1,1
2612,0,null,0,0,0
2613,0,null,0,0,0
2614,0,null,0,0,0
2615,0,null,0,0,0
2616,0,null,0,0,0
2617,0,null,0,0,0
2618,0,null,0,0,0
2619,1842,kaon-,1,1,1
2620,0,null,0,0,0
2621,0,null,0,0,0
2622,0,null,0,0,0
2623,0,null,0,0,0
2624,0,null,0,0,0
2625,0,null,0,0,0
2626,0,null,0,0,0
2627,0,null,0,0,0
2628,0,null,0,0,0
2629,0,null,0,0,0
2630,0,null,0,0,0
2631,0,null,0,0,0
2632,0,null,0,0,0
2633,0,null,0,0,0
2634,0,null,0,0,0
2635,0,null,0,0,0
2636,0,null,0,0,0
2637,0,null,0,0,0
2638,0,null,0,0,0
2639,1,primary_proton,1,1,1
2640,0,null,0,0,0
2641,0,null,0,0,0
2642,0,null,0,0,0
2643,0,null,0,0,0
2644,0,null,0,0,0
2645,0,null,0,0,0
2646,0,null,0,0,0
2647,0,null,0,0,0
2648,0,null,0,0,0
2649,0,null,0,0,0
2650,0,null,0,0,0
2651,0,null,0,0,0
2652,0,null,0,0,0
2653,0,null,0,0,0
2654,0,null,0,0,0
2655,0,null,0,0,0
2656,0,null,0,0,0
2657,0,null,0,0,0
2658,0,null,0,0,0
2659,0,null,0,0,0
2660,0,null,0,0,0
2661,0,null,0,0,0
2662,0,null,0,0,0
2663,0,null,0,0,0
2664,0,null,0,0,0
2665,0,null,0,0,0
2666,0,null,0,0,0
2667,0,null,0,0,0
2668,11,secondary_proton,1,1,1
2669,0,null,0,0,0
2670,0,null,0,0,0
2671,0,null,0,0,0
2672,0,null,0,0,0
2673,0,null,0,0,0
2674,0,null,0,0,0
2675,3,secondary_proton,1,1,1
2676,0,null,0,0,0
2677,0,null,0,0,0
2678,0,null,0,0,0
2679,0,null,0,0,0
2680,0,null,0,0,0
2681,0,null,0,0,0
2682,0,null,0,0,0
2683,0,null,0,0,0
2684,0,null,0,0,0
2685,0,null,0,0,0
2686,0,null,0,0,0
2687,1,primary_proton,1,1,1
2688,0,null,0,0,0
2689,0,null,0,0,0
2690,0,null,0,0,0
2691,0,null,0,0,0
2692,0,null,0,0,0
2693,0,null,0,0,0
2694,0,null,0,0,0
2695,0,null,0,0,0
2696,0,null,0,0,0
2697,4,secondary_proton,1,1,1
2699,0,null,0,0,0
2700,0,null,0,0,0
2701,0,null,0,0,0
2702,0,null,0,0,0
2703,0,null,0,0,0
2704,0,null,0,0,0
2705,0,null,0,0,0
2706,0,null,0,0,0
2707,0,null,0,0,0
2708,0,null,0,0,0
2709,0,null,0,0,0
2710,0,null,0,0,0
2711,0,null,0,0,0
2712,0,null,0,0,0
2713,0,null,0,0,0
2714,0,null,0,0,0
2715,0,null,0,0,0
2716,0,null,0,0,0
2717,0,null,0,0,0
2718,0,null,0,0,0
2719,0,null,0,0,0
2720,0,null,0,0,0
2721,1,primary_proton,1,1,1
2722,0,null,0,0,0
2723,0,null,0,0,0
2724,0,null,0,0,0
2725,0,null,0,0,0
2726,0,null,0,0,0
2727,0,null,0,0,0
2728,0,null,0,0,0
2729,0,null,0,0,0
2730,0,null,0,0,0
2731,0,null,0,0,0
2732,0,null,0,0,0
2733,0,null,0,0,0
2734,0,null,0,0,0
2735,0,null,0,0,0
2736,0,null,0,0,0
2737,0,null,0,0,0
2738,0,null,0,0,0
2739,0,null,0,0,0
2740,0,null,0,0,0
2741,0,null,0,0,0
2742,0,null,0,0,0
2743,0,null,0,0,0
2744,5,pi+,1,1,1
2745,0,null,0,0,0
2746,0,null,0,0,0
2747,0,null,0,0,0
2748,0,null,0,0,0
2749,0,null,0,0,0
2750,0,null,0,0,0
2751,0,null,0,0,0
2752,0,null,0,0,0
2753,0,null,0,0,0
2754,1,primary_proton,1,1,1
2755,0,null,0,0,0
2756,0,null,0,0,0
2757,0,null,0,0,0
2758,0,null,0,0,0
2759,1,primary_proton,1,1,1
2760,0,null,0,0,0
2761,0,null,0,0,0
2762,0,null,0,0,0
2763,0,null,0,0,0
2764,0,null,0,0,0
2765,0,null,0,0,0
2766,0,null,0,0,0
2767,0,null,0,0,0
2768,0,null,0,0,0
2769,0,null,0,0,0
2770,1,primary_proton,1,1,1
2771,0,null,0,0,0
2772,0,null,0,0,0
2773,0,null,0,0,0
2774,0,null,0,0,0
2775,0,null,0,0,0
2776,0,null,0,0,0
2777,0,null,0,0,0
2778,0,null,0,0,0
2779,0,null,0,0,0
2780,1,primary_proton,1,1,1
2781,0,null,0,0,0
2782,0,null,0,0,0
2783,0,null,0,0,0
2784,0,null,0,0,0
2785,0,null,0,0,0
2786,0,null,0,0,0
2787,3465,pi-,1,1,0
2788,0,null,0,0,0
2789,0,null,0,0,0
2790,0,null,0,0,0
2791,0,null,0,0,0
2792,0,null,0,0,0
2793,0,null,0,0,0
2794,0,null,0,0,0
2795,0,null,0,0,0
2796,0,null,0,0,0
2797,0,null,0,0,0
2798,0,null,0,0,0
2799,0,null,0,0,0
2800,0,null,0,0,0
2801,0,null,0,0,0
2802,0,null,0,0,0
2803,0,null,0,0,0
2804,0,null,0,0,0
2805,0,null,0,0,0
2806,0,null,0,0,0
2807,0,null,0,0,0
2808,0,null,0,0,0
2809,0,null,0,0,0
2810,0,null,0,0,0
2811,0,null,0,0,0
2812,0,null,0,0,0
2813,1,primary_proton,1,1,1
2814,0,null,0,0,0
2815,0,null,0,0,0
2816,0,null,0,0,0
2817,0,null,0,0,0
2818,0,null,0,0,0
2819,0,null,0,0,0
2820,0,null,0,0,0
2821,0,null,0,0,0
2822,0,null,0,0,0
2823,0,null,0,0,0
2824,0,null,0,0,0
2825,26,kaon+,1,1,1
2826,0,null,0,0,0
2827,0,null,0,0,0
2828,0,null,0,0,0
2829,0,null,0,0,0
2830,0,null,0,0,0
2831,0,null,0,0,0
2832,0,null,0,0,0
2833,0,null,0,0,0
2834,1612,e-,1,0,0
2835,0,null,0,0,0
2836,0,null,0,0,0
2837,0,null,0,0,0
2838,0,null,0,0,0
2839,0,null,0,0,0
2840,0,null,0,0,0
2841,1358,e-,1,1,1
2842,0,null,0,0,0
2843,0,null,0,0,0
2844,0,null,0,0,0
2845,0,null,0,0,0
2846,0,null,0,0,0
2847,0,null,0,0,0
2848,0,null,0,0,0
2849,0,null,0,0,0
2850,0,null,0,0,0
2851,0,null,0,0,0
2852,0,null,0,0,0
2853,0,null,0,0,0
2854,0,null,0,0,0
2855,0,null,0,0,0
2856,0,null,0,0,0
2857,0,null,0,0,0
2858,0,null,0,0,0
2859,12,pi+,1,1,1
2860,0,null,0,0,0
2861,0,null,0,0,0
2862,6422,e-,0,0,1
2863,0,null,0,0,0
2864,0,null,0,0,0
2865,0,null,0,0,0
2866,0,null,0,0,0
2867,0,null,0,0,0
2868,0,null,0,0,0
2869,0,null,0,0,0
2870,0,null,0,0,0
2871,0,null,0,0,0
2872,0,null,0,0,0
2873,0,null,0,0,0
2874,0,null,0,0,0
2875,2911,e-,1,1,0
2876,0,null,0,0,0
2877,0,null,0,0,0
2878,0,null,0,0,0
2879,0,null,0,0,0
2880,0,null,0,0,0
2881,0,null,0,0,0
2882,0,null,0,0,0
2883,1,primary_proton,1,1,1
2884,0,null,0,0,0
2885,0,null,0,0,0
2886,0,null,0,0,0
2887,0,null,0,0,0
2888,0,null,0,0,0
2889,0,null,0,0,0
2890,0,null,0,0,0
2891,0,null,0,0,0
2892,0,null,0,0,0
2893,0,null,0,0,0
2894,0,null,0,0,0
2895,0,null,0,0,0
2896,0,null,0,0,0
2897,0,null,0,0,0
2898,0,null,0,0,0
2899,11,secondary_proton,1,1,1
2900,0,null,0,0,0
2901,0,null,0,0,0
2902,0,null,0,0,0
2903,0,null,0,0,0
2904,0,null,0,0,0
2905,0,null,0,0,0
2906,0,null,0,0,0
2907,0,null,0,0,0
2908,0,null,0,0,0
2909,0,null,0,0,0
2910,0,null,0,0,0
2911,0,null,0,0,0
2912,4665,secondary_proton,1,0,0
2913,0,null,0,0,0
2914,0,null,0,0,0
2915,0,null,0,0,0
2916,0,null,0,0,0
2917,0,null,0,0,0
2918,0,null,0,0,0
2920,1,primary_proton,1,1,1
2921,1,primary_proton,1,1,1
2922,0,null,0,0,0
2923,0,null,0,0,0
2924,0,null,0,0,0
2925,0,null,0,0,0
2926,0,null,0,0,0
2927,8,pi+,1,0,0
2928,0,null,0,0,0
2929,0,null,0,0,0
2930,0,null,0,0,0
2931,0,null,0,0,0
2932,0,null,0,0,0
2933,0,null,0,0,0
2934,0,null,0,0,0
2935,0,null,0,0,0
2936,0,null,0,0,0
2937,0,null,0,0,0
2938,0,null,0,0,0
2939,782,secondary_proton,1,1,1
2940,0,null,0,0,0
2941,0,null,0,0,0
2942,0,null,0,0,0
2943,0,null,0,0,0
2944,0,null,0,0,0
2945,0,null,0,0,0
2946,1,primary_proton,1,1,1
2947,0,null,0,0,0
2948,0,null,0,0,0
2949,0,null,0,0,0
2950,0,null,0,0,0
2951,0,null,0,0,0
2952,0,null,0,0,0
2953,0,null,0,0,0
2954,0,null,0,0,0
2955,1,primary_proton,1,1,1
2956,0,null,0,0,0
2957,0,null,0,0,0
2958,0,null,0,0,0
2959,1891,secondary_proton,1,1,1
2960,1,primary_proton,1,1,1
2961,0,null,0,0,0
2962,0,null,0,0,0
2963,9,pi-,1,1,0
2964,0,null,0,0,0
2965,0,null,0,0,0
2966,1,primary_proton,1,1,1
2967,0,null,0,0,0
2968,0,null,0,0,0
2969,0,null,0,0,0
2970,0,null,0,0,0
2971,0,null,0,0,0
2972,0,null,0,0,0
2973,0,null,0,0,0
2974,0,null,0,0,0
2975,0,null,0,0,0
2976,1,primary_proton,1,1,1
2977,0,null,0,0,0
2978,1,primary_proton,1,1,1
2979,26,pi+,1,1,1
2980,0,null,0,0,0
2981,0,null,0,0,0
2982,0,null,0,0,0
2983,0,null,0,0,0
2984,0,null,0,0,0
2985,2379,e+,1,0,0
2986,0,null,0,0,0
2987,0,null,0,0,0
2988,0,null,0,0,0
2989,0,null,0,0,0
2990,0,null,0,0,0
2991,0,null,0,0,0
2992,0,null,0,0,0
2993,0,null,0,0,0
2994,0,null,0,0,0
2995,0,null,0,0,0
2996,13,secondary_proton,1,1,1
2997,0,null,0,0,0
2998,0,null,0,0,0
2999,0,null,0,0,0
3000,0,null,0,0,0
3001,0,null,0,0,0
3002,0,null,0,0,0
3003,0,null,0,0,0
3004,0,null,0,0,0
3005,0,null,0,0,0
3006,0,null,0,0,0
3007,0,null,0,0,0
3008,0,null,0,0,0
3009,0,null,0,0,0
3010,0,null,0,0,0
3011,0,null,0,0,0
3012,0,null,0,0,0
3013,0,null,0,0,0
3014,0,null,0,0,0
3015,0,null,0,0,0
3016,0,null,0,0,0
3017,0,null,0,0,0
3018,0,null,0,0,0
3019,0,null,0,0,0
3020,0,null,0,0,0
3021,0,null,0,0,0
3022,0,null,0,0,0
3023,0,null,0,0,0
3024,0,null,0,0,0
3025,0,null,0,0,0
3026,0,null,0,0,0
3027,0,null,0,0,0
3028,0,null,0,0,0
3029,0,null,0,0,0
3030,0,null,0,0,0
3031,7,secondary_proton,1,1,1
3032,0,null,0,0,0
3033,0,null,0,0,0
3034,0,null,0,0,0
3035,0,null,0,0,0
3036,0,null,0,0,0
3037,0,null,0,0,0
3038,0,null,0,0,0
3039,652,e-,1,1,0
3040,0,null,0,0,0
3041,0,null,0,0,0
3042,0,null,0,0,0
3043,15,pi+,1,0,0
3044,0,null,0,0,0
3045,0,null,0,0,0
3046,0,null,0,0,0
3047,1029,pi-,1,1,1
3048,0,null,0,0,0
3049,0,null,0,0,0
3050,0,null,0,0,0
3051,0,null,0,0,0
3052,0,null,0,0,0
3053,0,null,0,0,0
3054,0,null,0,0,0
3055,0,null,0,0,0
3056,1,primary_proton,1,1,1
3057,1,primary_proton,1,1,1
3058,0,null,0,0,0
3059,0,null,0,0,0
3060,0,null,0,0,0
3061,0,null,0,0,0
3062,0,null,0,0,0
3063,0,null,0,0,0
3064,0,null,0,0,0
3065,0,null,0,0,0
3066,0,null,0,0,0
3067,0,null,0,0,0
3068,0,null,0,0,0
3069,0,null,0,0,0
3070,0,null,0,0,0
3071,0,null,0,0,0
3072,0,null,0,0,0
3073,0,null,0,0,0
3074,0,null,0,0,0
3075,0,null,0,0,0
3076,0,null,0,0,0
3077,0,null,0,0,0
3078,0,null,0,0,0
3079,0,null,0,0,0
3080,0,null,0,0,0
3081,0,null,0,0,0
3082,0,null,0,0,0
3083,0,null,0,0,0
3084,0,null,0,0,0
3085,0,null,0,0,0
3086,0,null,0,0,0
3087,0,null,0,0,0
3088,0,null,0,0,0
3089,0,null,0,0,0
3090,0,null,0,0,0
3091,0,null,0,0,0
3092,0,null,0,0,0
3093,0,null,0,0,0
3094,0,null,0,0,0
3095,0,null,0,0,0
3096,0,null,0,0,0
3097,0,null,0,0,0
3098,0,null,0,0,0
3099,0,null,0,0,0
3100,0,null,0,0,0
3101,0,null,0,0,0
3102,0,null,0,0,0
3103,0,null,0,0,0
3104,0,null,0,0,0
3105,0,null,0,0,0
3106,0,null,0,0,0
3107,0,null,0,0,0
3108,0,null,0,0,0
3109,0,null,0,0,0
3110,0,null,0,0,0
3111,0,null,0,0,0
3112,0,null,0,0,0
3113,0,null,0,0,0
3114,0,null,0,0,0
3115,0,null,0,0,0
3116,0,null,0,0,0
3117,0,null,0,0,0
3118,0,null,0,0,0
3119,0,null,0,0,0
3120,0,null,0,0,0
3121,0,null,0,0,0
3122,0,null,0,0,0
3123,0,null,0,0,0
3124,0,null,0,0,0
3125,0,null,0,0,0
3126,0,null,0,0,0
3127,0,null,0,0,0
3128,0,null,0,0,0
3129,0,null,0,0,0
3130,0,null,0,0,0
3131,0,null,0,0,0
3132,9,secondary_proton,1,1,1
3133,0,null,0,0,0
3134,0,null,0,0,0
3135,0,null,0,0,0
3136,0,null,0,0,0
3138,0,null,0,0,0
3139,13,pi+,1,1,1
3140,0,null,0,0,0
3141,0,null,0,0,0
3142,0,null,0,0,0
3143,0,null,0,0,0
3144,0,null,0,0,0
3145,0,null,0,0,0
3146,0,null,0,0,0
3147,0,null,0,0,0
3148,0,null,0,0,0
3149,0,null,0,0,0
3150,0,null,0,0,0
3151,2,secondary_proton,1,1,1
3152,0,null,0,0,0
3153,0,null,0,0,0
3154,0,null,0,0,0
3155,0,null,0,0,0
3156,0,null,0,0,0
3157,0,null,0,0,0
3158,0,null,0,0,0
3159,0,null,0,0,0
3160,0,null,0,0,0
3161,0,null,0,0,0
3162,0,null,0,0,0
3163,0,null,0,0,0
3164,0,null,0,0,0
3165,0,null,0,0,0
3166,0,null,0,0,0
3167,0,null,0,0,0
3168,0,null,0,0,0
3169,0,null,0,0,0
3170,0,null,0,0,0
3171,1,primary_proton,1,1,1
3172,0,null,0,0,0
3173,0,null,0,0,0
3174,0,null,0,0,0
3175,0,null,0,0,0
3176,0,null,0,0,0
3177,0,null,0,0,0
3178,0,null,0,0,0
3179,0,null,0,0,0
3180,0,null,0,0,0
3181,0,null,0,0,0
3182,0,null,0,0,0
3183,1,primary_proton,1,1,1
3184,0,null,0,0,0
3185,0,null,0,0,0
3186,0,null,0,0,0
3187,0,null,0,0,0
3188,0,null,0,0,0
3189,0,null,0,0,0
3190,0,null,0,0,0
3191,0,null,0,0,0
3192,0,null,0,0,0
3193,0,null,0,0,0
3194,0,null,0,0,0
3195,1,primary_proton,1,1,1
3196,0,null,0,0,0
3197,0,null,0,0,0
3198,1,primary_proton,1,1,1
3199,0,null,0,0,0
3200,0,null,0,0,0
3201,3,secondary_proton,1,1,1
3202,0,null,0,0,0
3203,0,null,0,0,0
3204,1,primary_proton,1,1,0
3205,0,null,0,0,0
3206,0,null,0,0,0
3207,1,primary_proton,1,1,1
3208,0,null,0,0,0
3209,1,primary_proton,1,1,1
3210,0,null,0,0,0
3211,0,null,0,0,0
3212,0,null,0,0,0
3213,0,null,0,0,0
3214,0,null,0,0,0
3215,0,null,0,0,0
3216,0,null,0,0,0
3217,0,null,0,0,0
3218,1,primary_proton,1,1,1
3219,0,null,0,0,0
3220,0,null,0,0,0
3221,0,null,0,0,0
3222,0,null,0,0,0
3223,0,null,0,0,0
3224,0,null,0,0,0
3225,0,null,0,0,0
3226,0,null,0,0,0
3227,0,null,0,0,0
3228,0,null,0,0,0
3229,0,null,0,0,0
3230,0,null,0,0,0
3231,0,null,0,0,0
3232,0,null,0,0,0
3233,0,null,0,0,0
3234,0,null,0,0,0
3235,0,null,0,0,0
3236,0,null,0,0,0
3237,6,pi+,1,1,1
3238,0,null,0,0,0
3239,0,null,0,0,0
3240,32,pi+,1,1,1
3241,0,null,0,0,0
3242,0,null,0,0,0
3243,0,null,0,0,0
3244,0,null,0,0,0
3245,0,null,0,0,0
3246,0,null,0,0,0
3247,0,null,0,0,0
3248,0,null,0,0,0
3249,0,null,0,0,0
3250,0,null,0,0,0
3251,0,null,0,0,0
3252,0,null,0,0,0
3253,0,null,0,0,0
3254,1,primary_proton,1,1,1
3255,0,null,0,0,0
3256,0,null,0,0,0
3257,0,null,0,0,0
3258,0,null,0,0,0
3259,0,null,0,0,0
3260,0,null,0,0,0
3261,0,null,0,0,0
3262,0,null,0,0,0
3263,0,null,0,0,0
3264,0,null,0,0,0
3265,0,null,0,0,0
3266,0,null,0,0,0
3267,0,null,0,0,0
3268,0,null,0,0,0
3269,0,null,0,0,0
3270,0,null,0,0,0
3271,0,null,0,0,0
3272,0,null,0,0,0
3273,0,null,0,0,0
3274,0,null,0,0,0
3275,0,null,0,0,0
3276,0,null,0,0,0
3277,0,null,0,0,0
3278,0,null,0,0,0
3279,0,null,0,0,0
3280,0,null,0,0,0
3281,0,null,0,0,0
3282,0,null,0,0,0
3283,1,primary_proton,1,1,1
3284,0,null,0,0,0
3285,0,null,0,0,0
3286,0,null,0,0,0
3287,0,null,0,0,0
3288,0,null,0,0,0
3289,0,null,0,0,0
3290,0,null,0,0,0
3291,0,null,0,0,0
3292,0,null,0,0,0
3293,0,null,0,0,0
3294,0,null,0,0,0
3295,0,null,0,0,0
3296,0,null,0,0,0
3297,0,null,0,0,0
3298,0,null,0,0,0
3299,0,null,0,0,0
3300,1,primary_proton,1,1,1
3301,0,null,0,0,0
3302,0,null,0,0,0
3303,0,null,0,0,0
3304,0,null,0,0,0
3305,0,null,0,0,0
3306,0,null,0,0,0
3307,0,null,0,0,0
3308,0,null,0,0,0
3309,14,pi-,1,1,1
3310,0,null,0,0,0
3311,0,null,0,0,0
3312,0,null,0,0,0
3313,0,null,0,0,0
3314,0,null,0,0,0
3315,0,null,0,0,0
3316,0,null,0,0,0
3317,0,null,0,0,0
3318,0,null,0,0,0
3319,0,null,0,0,0
3320,0,null,0,0,0
3321,0,null,0,0,0
3322,0,null,0,0,0
3323,0,null,0,0,0
3324,0,null,0,0,0
3325,0,null,0,0,0
3326,0,null,0,0,0
3327,0,null,0,0,0
3328,0,null,0,0,0
3329,0,null,0,0,0
3330,0,null,0,0,0
3331,0,null,0,0,0
3332,0,null,0,0,0
3333,0,null,0,0,0
3334,0,null,0,0,0
3335,0,null,0,0,0
3336,0,null,0,0,0
3337,0,null,0,0,0
3338,0,null,0,0,0
3339,0,null,0,0,0
3340,0,null,0,0,0
3341,0,null,0,0,0
3342,9,secondary_proton,1,1,1
3343,0,null,0,0,0
3344,0,null,0,0,0
3345,0,null,0,0,0
3346,0,null,0,0,0
3347,0,null,0,0,0
3348,0,null,0,0,0
3349,1,primary_proton,1,1,1
3350,0,null,0,0,0
3351,0,null,0,0,0
3352,0,null,0,0,0
3353,0,null,0,0,0
3354,0,null,0,0,0
3355,0,null,0,0,0
3357,0,null,0,0,0
3358,0,null,0,0,0
3359,0,null,0,0,0
3360,0,null,0,0,0
3361,0,null,0,0,0
3362,0,null,0,0,0
3363,0,null,0,0,0
3364,0,null,0,0,0
3365,0,null,0,0,0
3366,0,null,0,0,0
3367,0,null,0,0,0
3368,0,null,0,0,0
3369,0,null,0,0,0
3370,0,null,0,0,0
3371,0,null,0,0,0
3372,0,null,0,0,0
3373,0,null,0,0,0
3374,0,null,0,0,0
3375,0,null,0,0,0
3376,0,null,0,0,0
3377,0,null,0,0,0
3378,0,null,0,0,0
3379,0,null,0,0,0
3380,0,null,0,0,0
3381,0,null,0,0,0
3382,0,null,0,0,0
3383,0,null,0,0,0
3384,14,pi+,1,1,1
3385,0,null,0,0,0
3386,0,null,0,0,0
3387,1,primary_proton,1,1,1
3388,0,null,0,0,0
3389,0,null,0,0,0
3390,0,null,0,0,0
3391,0,null,0,0,0
3392,0,null,0,0,0
3393,0,null,0,0,0
3394,0,null,0,0,0
3395,0,null,0,0,0
3396,1,primary_proton,1,1,1
3397,0,null,0,0,0
3398,1,primary_proton,1,1,1
3399,0,null,0,0,0
3400,0,null,0,0,0
3401,0,null,0,0,0
3402,0,null,0,0,0
3403,0,null,0,0,0
3404,0,null,0,0,0
3405,0,null,0,0,0
3406,0,null,0,0,0
3407,0,null,0,0,0
3408,0,null,0,0,0
3409,0,null,0,0,0
3410,0,null,0,0,0
3411,0,null,0,0,0
3412,0,null,0,0,0
3413,0,null,0,0,0
3414,0,null,0,0,0
3415,0,null,0,0,0
3416,0,null,0,0,0
3417,0,null,0,0,0
3418,0,null,0,0,0
3419,314,secondary_proton,1,1,1
3420,0,null,0,0,0
3421,0,null,0,0,0
3422,1,primary_proton,1,1,1
3423,0,null,0,0,0
3424,0,null,0,0,0
3425,0,null,0,0,0
3426,0,null,0,0,0
3427,0,null,0,0,0
3428,0,null,0,0,0
3429,0,null,0,0,0
3430,1,primary_proton,1,1,1
3431,0,null,0,0,0
3432,0,null,0,0,0
3433,0,null,0,0,0
3434,0,null,0,0,0
3435,0,null,0,0,0
3436,0,null,0,0,0
3437,0,null,0,0,0
3438,0,null,0,0,0
3439,0,null,0,0,0
3440,0,null,0,0,0
3441,0,null,0,0,0
3442,0,null,0,0,0
3443,0,null,0,0,0
3444,0,null,0,0,0
3445,0,null,0,0,0
3446,0,null,0,0,0
3447,0,null,0,0,0
3448,0,null,0,0,0
3449,0,null,0,0,0
3450,0,null,0,0,0
3451,0,null,0,0,0
3452,0,null,0,0,0
3453,0,null,0,0,0
3454,0,null,0,0,0
3455,0,null,0,0,0
3456,0,null,0,0,0
3457,0,null,0,0,0
3458,0,null,0,0,0
3459,0,null,0,0,0
3460,0,null,0,0,0
3461,0,null,0,0,0
3462,0,null,0,0,0
3463,0,null,0,0,0
3464,10,secondary_proton,1,1,1
3465,0,null,0,0,0
3466,0,null,0,0,0
3467,0,null,0,0,0
3468,6,secondary_proton,1,1,1
3469,0,null,0,0,0
3470,0,null,0,0,0
3471,0,null,0,0,0
3472,0,null,0,0,0
3473,0,null,0,0,0
3474,0,null,0,0,0
3475,0,null,0,0,0
3476,0,null,0,0,0
3477,0,null,0,0,0
3478,0,null,0,0,0
3479,0,null,0,0,0
3480,0,null,0,0,0
3481,0,null,0,0,0
3482,0,null,0,0,0
3483,0,null,0,0,0
3484,0,null,0,0,0
3485,0,null,0,0,0
3486,0,null,0,0,0
3487,0,null,0,0,0
3488,0,null,0,0,0
3489,0,null,0,0,0
3490,0,null,0,0,0
3491,0,null,0,0,0
3492,0,null,0,0,0
3493,0,null,0,0,0
3494,0,null,0,0,0
3495,0,null,0,0,0
3496,0,null,0,0,0
3497,0,null,0,0,0
3498,0,null,0,0,0
3499,0,null,0,0,0
3500,1,primary_proton,1,1,1
3501,0,null,0,0,0
3502,2436,e-,1,1,1
3503,0,null,0,0,0
3504,0,null,0,0,0
3505,0,null,0,0,0
3506,0,null,0,0,0
3507,0,null,0,0,0
3508,0,null,0,0,0
3509,0,null,0,0,0
3510,0,null,0,0,0
3511,0,null,0,0,0
3512,1,primary_proton,1,1,1
3513,8,pi+,1,1,1
3514,0,null,0,0,0
3515,0,null,0,0,0
3516,0,null,0,0,0
3517,0,null,0,0,0
3518,0,null,0,0,0
3519,0,null,0,0,0
3520,0,null,0,0,0
3521,0,null,0,0,0
3522,1,primary_proton,1,1,1
3523,0,null,0,0,0
3524,0,null,0,0,0
3525,0,null,0,0,0
3526,0,null,0,0,0
3527,0,null,0,0,0
3528,0,null,0,0,0
3529,0,null,0,0,0
3530,0,null,0,0,0
3531,0,null,0,0,0
3532,1,primary_proton,1,1,1
3533,0,null,0,0,0
3534,0,null,0,0,0
3535,0,null,0,0,0
3536,1,primary_proton,1,1,1
3537,0,null,0,0,0
3538,0,null,0,0,0
3539,0,null,0,0,0
3540,0,null,0,0,0
3541,0,null,0,0,0
3542,0,null,0,0,0
3543,0,null,0,0,0
3544,0,null,0,0,0
3545,17,pi+,1,1,1
3546,0,null,0,0,0
3547,0,null,0,0,0
3548,0,null,0,0,0
3549,0,null,0,0,0
3550,0,null,0,0,0
3551,0,null,0,0,0
3552,0,null,0,0,0
3553,0,null,0,0,0
3554,0,null,0,0,0
3555,0,null,0,0,0
3556,0,null,0,0,0
3557,0,null,0,0,0
3558,0,null,0,0,0
3559,0,null,0,0,0
3560,0,null,0,0,0
3561,0,null,0,0,0
3562,0,null,0,0,0
3563,0,null,0,0,0
3564,0,null,0,0,0
3565,1655,secondary_proton,1,1,1
3566,0,null,0,0,0
3567,0,null,0,0,0
3568,0,null,0,0,0
3569,0,null,0,0,0
3570,0,null,0,0,0
3571,0,null,0,0,0
3572,1,primary_proton,1,1,1
3573,0,null,0,0,0
3575,0,null,0,0,0
3576,0,null,0,0,0
3577,0,null,0,0,0
3578,13,pi-,1,1,1
3579,0,null,0,0,0
3580,0,null,0,0,0
3581,0,null,0,0,0
3582,0,null,0,0,0
3583,0,null,0,0,0
3584,0,null,0,0,0
3585,12,pi+,1,1,1
3586,0,null,0,0,0
3587,0,null,0,0,0
3588,0,null,0,0,0
3589,0,null,0,0,0
3590,0,null,0,0,0
3591,0,null,0,0,0
3592,0,null,0,0,0
3593,0,null,0,0,0
3594,0,null,0,0,0
3595,0,null,0,0,0
3596,0,null,0,0,0
3597,0,null,0,0,0
3598,9,pi-,1,1,1
3599,0,null,0,0,0
3600,0,null,0,0,0
3601,0,null,0,0,0
3602,0,null,0,0,0
3603,0,null,0,0,0
3604,0,null,0,0,0
3605,0,null,0,0,0
3606,0,null,0,0,0
3607,0,null,0,0,0
3608,0,null,0,0,0
3609,0,null,0,0,0
3610,11,pi+,1,1,1
3611,0,null,0,0,0
3612,26,secondary_proton,1,1,1
3613,0,null,0,0,0
3614,0,null,0,0,0
3615,0,null,0,0,0
3616,0,null,0,0,0
3617,0,null,0,0,0
3618,0,null,0,0,0
3619,0,null,0,0,0
3620,0,null,0,0,0
3621,0,null,0,0,0
3622,12,pi+,1,1,1
3623,0,null,0,0,0
3624,1,primary_proton,1,1,1
3625,0,null,0,0,0
3626,0,null,0,0,0
3627,0,null,0,0,0
3628,0,null,0,0,0
3629,0,null,0,0,0
3630,0,null,0,0,0
3631,0,null,0,0,0
3632,0,null,0,0,0
3633,0,null,0,0,0
3634,0,null,0,0,0
3635,0,null,0,0,0
3636,0,null,0,0,0
3637,0,null,0,0,0
3638,0,null,0,0,0
3639,15,secondary_proton,1,1,1
3640,0,null,0,0,0
3641,0,null,0,0,0
3642,0,null,0,0,0
3643,0,null,0,0,0
3644,0,null,0,0,0
3645,0,null,0,0,0
3646,0,null,0,0,0
3647,0,null,0,0,0
3648,0,null,0,0,0
3649,0,null,0,0,0
3650,0,null,0,0,0
3651,0,null,0,0,0
3652,0,null,0,0,0
3653,0,null,0,0,0
3654,0,null,0,0,0
3655,0,null,0,0,0
3656,0,null,0,0,0
3657,0,null,0,0,0
3658,0,null,0,0,0
3659,0,null,0,0,0
3660,0,null,0,0,0
3661,0,null,0,0,0
3662,0,null,0,0,0
3663,0,null,0,0,0
3664,0,null,0,0,0
3665,0,null,0,0,0
3666,0,null,0,0,0
3667,0,null,0,0,0
3668,0,null,0,0,0
3669,1,primary_proton,1,1,1
3670,0,null,0,0,0
3671,0,null,0,0,0
3672,0,null,0,0,0
3673,0,null,0,0,0
3674,0,null,0,0,0
3675,0,null,0,0,0
3676,0,null,0,0,0
3677,0,null,0,0,0
3678,0,null,0,0,0
3679,0,null,0,0,0
3680,0,null,0,0,0
3681,0,null,0,0,0
3682,0,null,0,0,0
3683,0,null,0,0,0
3684,0,null,0,0,0
3685,0,null,0,0,0
3686,0,null,0,0,0
3687,0,null,0,0,0
3688,0,null,0,0,0
3689,0,null,0,0,0
3690,0,null,0,0,0
3691,0,null,0,0,0
3692,0,null,0,0,0
3693,0,null,0,0,0
3694,0,null,0,0,0
3695,0,null,0,0,0
3696,0,null,0,0,0
3697,0,null,0,0,0
3698,0,null,0,0,0
3699,0,null,0,0,0
3700,0,null,0,0,0
3701,0,null,0,0,0
3702,0,null,0,0,0
3703,0,null,0,0,0
3704,1143,e-,1,1,1
3705,0,null,0,0,0
3706,0,null,0,0,0
3707,11,pi+,1,1,1
3708,17,pi+,1,1,1
3709,0,null,0,0,0
3710,24,pi+,1,1,1
3711,0,null,0,0,0
3712,0,null,0,0,0
3713,0,null,0,0,0
3714,0,null,0,0,0
3715,0,null,0,0,0
3716,0,null,0,0,0
3717,0,null,0,0,0
3718,0,null,0,0,0
3719,0,null,0,0,0
3720,0,null,0,0,0
3721,0,null,0,0,0
3722,0,null,0,0,0
3723,0,null,0,0,0
3724,0,null,0,0,0
3725,0,null,0,0,0
3726,0,null,0,0,0
3727,0,null,0,0,0
3728,0,null,0,0,0
3729,1,primary_proton,1,1,1
3730,0,null,0,0,0
3731,0,null,0,0,0
3732,0,null,0,0,0
3733,0,null,0,0,0
3734,0,null,0,0,0
3735,0,null,0,0,0
3736,0,null,0,0,0
3737,0,null,0,0,0
3738,0,null,0,0,0
3739,4,secondary_proton,1,1,1
3740,0,null,0,0,0
3741,0,null,0,0,0
3742,0,null,0,0,0
3743,0,null,0,0,0
3744,0,null,0,0,0
3745,0,null,0,0,0
3746,0,null,0,0,0
3747,0,null,0,0,0
3748,0,null,0,0,0
3749,0,null,0,0,0
3750,0,null,0,0,0
3751,0,null,0,0,0
3752,0,null,0,0,0
3753,0,null,0,0,0
3754,0,null,0,0,0
3755,0,null,0,0,0
3756,0,null,0,0,0
3757,0,null,0,0,0
3758,0,null,0,0,0
3759,0,null,0,0,0
3760,0,null,0,0,0
3761,0,null,0,0,0
3762,0,null,0,0,0
3763,0,null,0,0,0
3764,5,secondary_proton,1,1,1
3765,0,null,0,0,0
3766,0,null,0,0,0
3767,1,primary_proton,1,1,1
3768,0,null,0,0,0
3769,0,null,0,0,0
3770,0,null,0,0,0
3771,0,null,0,0,0
3772,0,null,0,0,0
3773,0,null,0,0,0
3774,0,null,0,0,0
3775,0,null,0,0,0
3776,0,null,0,0,0
3777,0,null,0,0,0
3778,0,null,0,0,0
3779,0,null,0,0,0
3780,0,null,0,0,0
3781,0,null,0,0,0
3782,0,null,0,0,0
3783,0,null,0,0,0
3784,0,null,0,0,0
3785,0,null,0,0,0
3786,0,null,0,0,0
3787,0,null,0,0,0
3788,0,null,0,0,0
3789,0,null,0,0,0
3790,0,null,0,0,0
3791,0,null,0,0,0
3792,0,null,0,0,0
3793,0,null,0,0,0
3794,0,null,0,0,0
3795,0,null,0,0,0
3796,0,null,0,0,0
3798,0,null,0,0,0
3799,0,null,0,0,0
3800,0,null,0,0,0
3801,0,null,0,0,0
3802,0,null,0,0,0
3803,0,null,0,0,0
3804,0,null,0,0,0
3805,0,null,0,0,0
3806,0,null,0,0,0
3807,0,null,0,0,0
3808,0,null,0,0,0
3809,0,null,0,0,0
3810,0,null,0,0,0
3811,750,secondary_proton,1,1,0
3812,0,null,0,0,0
3813,0,null,0,0,0
3814,0,null,0,0,0
3815,0,null,0,0,0
3816,0,null,0,0,0
3817,0,null,0,0,0
3818,0,null,0,0,0
3819,0,null,0,0,0
3820,0,null,0,0,0
3821,0,null,0,0,0
3822,0,null,0,0,0
3823,0,null,0,0,0
3824,0,null,0,0,0
3825,0,null,0,0,0
3826,0,null,0,0,0
3827,0,null,0,0,0
3828,0,null,0,0,0
3829,0,null,0,0,0
3830,0,null,0,0,0
3831,0,null,0,0,0
3832,0,null,0,0,0
3833,0,null,0,0,0
3834,0,null,0,0,0
3835,0,null,0,0,0
3836,0,null,0,0,0
3837,0,null,0,0,0
3838,0,null,0,0,0
3839,0,null,0,0,0
3840,0,null,0,0,0
3841,0,null,0,0,0
3842,0,null,0,0,0
3843,0,null,0,0,0
3844,0,null,0,0,0
3845,0,null,0,0,0
3846,2816,pi-,1,1,1
3847,0,null,0,0,0
3848,0,null,0,0,0
3849,0,null,0,0,0
3850,0,null,0,0,0
3851,0,null,0,0,0
3852,0,null,0,0,0
3853,0,null,0,0,0
3854,0,null,0,0,0
3855,0,null,0,0,0
3856,0,null,0,0,0
3857,0,null,0,0,0
3858,0,null,0,0,0
3859,0,null,0,0,0
3860,0,null,0,0,0
3861,0,null,0,0,0
3862,4199,e+,1,1,0
3863,0,null,0,0,0
3864,0,null,0,0,0
3865,0,null,0,0,0
3866,0,null,0,0,0
3867,0,null,0,0,0
3868,0,null,0,0,0
3869,0,null,0,0,0
3870,0,null,0,0,0
3871,0,null,0,0,0
3872,0,null,0,0,0
3873,0,null,0,0,0
3874,0,null,0,0,0
3875,0,null,0,0,0
3876,0,null,0,0,0
3877,0,null,0,0,0
3878,0,null,0,0,0
3879,0,null,0,0,0
3880,0,null,0,0,0
3881,0,null,0,0,0
3882,0,null,0,0,0
3883,0,null,0,0,0
3884,0,null,0,0,0
3885,1,primary_proton,1,1,1
3886,0,null,0,0,0
3887,0,null,0,0,0
3888,0,null,0,0,0
3889,0,null,0,0,0
3890,1,primary_proton,1,1,1
3891,0,null,0,0,0
3892,0,null,0,0,0
3893,0,null,0,0,0
3894,0,null,0,0,0
3895,0,null,0,0,0
3896,0,null,0,0,0
3897,0,null,0,0,0
3898,0,null,0,0,0
3899,0,null,0,0,0
3900,0,null,0,0,0
3901,0,null,0,0,0
3902,0,null,0,0,0
3903,0,null,0,0,0
3904,0,null,0,0,0
3905,0,null,0,0,0
3906,0,null,0,0,0
3907,0,null,0,0,0
3908,0,null,0,0,0
3909,0,null,0,0,0
3910,0,null,0,0,0
3911,0,null,0,0,0
3912,0,null,0,0,0
3913,0,null,0,0,0
3914,0,null,0,0,0
3915,0,null,0,0,0
3916,0,null,0,0,0
3917,0,null,0,0,0
3918,0,null,0,0,0
3919,2,secondary_proton,1,1,1
3920,0,null,0,0,0
3921,0,null,0,0,0
3922,0,null,0,0,0
3923,0,null,0,0,0
3924,0,null,0,0,0
3925,0,null,0,0,0
3926,0,null,0,0,0
3927,0,null,0,0,0
3928,0,null,0,0,0
3929,0,null,0,0,0
3930,0,null,0,0,0
3931,0,null,0,0,0
3932,0,null,0,0,0
3933,0,null,0,0,0
3934,0,null,0,0,0
3935,0,null,0,0,0
3936,0,null,0,0,0
3937,0,null,0,0,0
3938,0,null,0,0,0
3939,0,null,0,0,0
3940,0,null,0,0,0
3941,0,null,0,0,0
3942,0,null,0,0,0
3943,6,pi-,1,1,0
3944,0,null,0,0,0
3945,0,null,0,0,0
3946,0,null,0,0,0
3947,0,null,0,0,0
3948,0,null,0,0,0
3949,0,null,0,0,0
3950,1,primary_proton,1,1,1
3951,0,null,0,0,0
3952,0,null,0,0,0
3953,0,null,0,0,0
3954,0,null,0,0,0
3955,0,null,0,0,0
3956,0,null,0,0,0
3957,0,null,0,0,0
3958,0,null,0,0,0
3959,0,null,0,0,0
3960,0,null,0,0,0
3961,0,null,0,0,0
3962,0,null,0,0,0
3963,0,null,0,0,0
3964,0,null,0,0,0
3965,0,null,0,0,0
3966,0,null,0,0,0
3967,0,null,0,0,0
3968,0,null,0,0,0
3969,0,null,0,0,0
3970,1542,pi-,1,1,1
3971,0,null,0,0,0
3972,0,null,0,0,0
3973,0,null,0,0,0
3974,0,null,0,0,0
3975,0,null,0,0,0
3976,0,null,0,0,0
3977,0,null,0,0,0
3978,0,null,0,0,0
3979,0,null,0,0,0
3980,0,null,0,0,0
3981,11,pi-,1,1,1
3982,0,null,0,0,0
3983,0,null,0,0,0
3984,1,primary_proton,1,1,1
3985,0,null,0,0,0
3986,0,null,0,0,0
3987,0,null,0,0,0
3988,0,null,0,0,0
3989,0,null,0,0,0
3990,0,null,0,0,0
3991,0,null,0,0,0
3992,0,null,0,0,0
3993,0,null,0,0,0
3994,0,null,0,0,0
3995,0,null,0,0,0
3996,0,null,0,0,0
3997,0,null,0,0,0
3998,0,null,0,0,0
3999,0,null,0,0,0
4000,0,null,0,0,0
4001,0,null,0,0,0
4002,0,null,0,0,0
4003,0,null,0,0,0
4004,0,null,0,0,0
4005,0,null,0,0,0
4006,0,null,0,0,0
4007,0,null,0,0,0
4008,0,null,0,0,0
4009,0,null,0,0,0
4010,0,null,0,0,0
4011,0,null,0,0,0
4012,1,primary_proton,1,1,1
4013,0,null,0,0,0
4014,0,null,0,0,0
4015,0,null,0,0,0
4016,0,null,0,0,0
4017,0,null,0,0,0
4018,0,null,0,0,0
4019,0,null,0,0,0
4021,0,null,0,0,0
4022,0,null,0,0,0
4023,0,null,0,0,0
4024,0,null,0,0,0
4025,0,null,0,0,0
4026,0,null,0,0,0
4027,0,null,0,0,0
4028,0,null,0,0,0
4029,6935,secondary_proton,1,1,1
4030,0,null,0,0,0
4031,0,null,0,0,0
4032,0,null,0,0,0
4033,0,null,0,0,0
4034,0,null,0,0,0
4035,0,null,0,0,0
4036,0,null,0,0,0
4037,0,null,0,0,0
4038,0,null,0,0,0
4039,0,null,0,0,0
4040,0,null,0,0,0
4041,0,null,0,0,0
4042,0,null,0,0,0
4043,0,null,0,0,0
4044,0,null,0,0,0
4045,0,null,0,0,0
4046,0,null,0,0,0
4047,0,null,0,0,0
4048,0,null,0,0,0
4049,0,null,0,0,0
4050,0,null,0,0,0
4051,0,null,0,0,0
4052,1,primary_proton,1,1,1
4053,0,null,0,0,0
4054,0,null,0,0,0
4055,0,null,0,0,0
4056,0,null,0,0,0
4057,0,null,0,0,0
4058,0,null,0,0,0
4059,0,null,0,0,0
4060,0,null,0,0,0
4061,0,null,0,0,0
4062,0,null,0,0,0
4063,0,null,0,0,0
4064,0,null,0,0,0
4065,0,null,0,0,0
4066,0,null,0,0,0
4067,0,null,0,0,0
4068,0,null,0,0,0
4069,5,kaon+,1,1,0
4070,1,primary_proton,1,1,1
4071,0,null,0,0,0
4072,0,null,0,0,0
4073,0,null,0,0,0
4074,0,null,0,0,0
4075,0,null,0,0,0
4076,0,null,0,0,0
4077,0,null,0,0,0
4078,0,null,0,0,0
4079,0,null,0,0,0
4080,5139,e-,0,1,0
4081,0,null,0,0,0
4082,0,null,0,0,0
4083,0,null,0,0,0
4084,0,null,0,0,0
4085,2535,e-,1,1,1
4086,0,null,0,0,0
4087,0,null,0,0,0
4088,154,secondary_proton,1,1,1
4089,0,null,0,0,0
4090,0,null,0,0,0
4091,0,null,0,0,0
4092,0,null,0,0,0
4093,0,null,0,0,0
4094,0,null,0,0,0
4095,0,null,0,0,0
4096,0,null,0,0,0
4097,0,null,0,0,0
4098,0,null,0,0,0
4099,0,null,0,0,0
4100,1,primary_proton,1,1,1
4101,0,null,0,0,0
4102,0,null,0,0,0
4103,0,null,0,0,0
4104,22,pi+,1,1,1
4105,0,null,0,0,0
4106,0,null,0,0,0
4107,0,null,0,0,0
4108,0,null,0,0,0
4109,0,null,0,0,0
4110,3957,pi-,1,1,1
4111,0,null,0,0,0
4112,0,null,0,0,0
4113,0,null,0,0,0
4114,0,null,0,0,0
4115,0,null,0,0,0
4116,7,pi+,1,1,0
4117,8322,e-,0,0,1
4118,0,null,0,0,0
4119,0,null,0,0,0
4120,5,pi-,1,1,1
4121,0,null,0,0,0
4122,0,null,0,0,0
4123,0,null,0,0,0
4124,0,null,0,0,0
4125,0,null,0,0,0
4126,0,null,0,0,0
4127,0,null,0,0,0
4128,0,null,0,0,0
4129,0,null,0,0,0
4130,1,primary_proton,1,1,1
4131,0,null,0,0,0
4132,1301,e-,1,1,0
4133,0,null,0,0,0
4134,0,null,0,0,0
4135,0,null,0,0,0
4136,0,null,0,0,0
4137,0,null,0,0,0
4138,0,null,0,0,0
4139,0,null,0,0,0
4140,0,null,0,0,0
4141,0,null,0,0,0
4142,8,pi+,1,1,1
4143,0,null,0,0,0
4144,0,null,0,0,0
4145,0,null,0,0,0
4146,0,null,0,0,0
4147,0,null,0,0,0
4148,1,primary_proton,1,1,1
4149,0,null,0,0,0
4150,1,primary_proton,1,1,1
4151,0,null,0,0,0
4152,0,null,0,0,0
4153,0,null,0,0,0
4154,10,secondary_proton,1,1,1
4155,0,null,0,0,0
4156,0,null,0,0,0
4157,0,null,0,0,0
4158,0,null,0,0,0
4159,0,null,0,0,0
4160,0,null,0,0,0
4161,0,null,0,0,0
4162,0,null,0,0,0
4163,0,null,0,0,0
4164,0,null,0,0,0
4165,0,null,0,0,0
4166,0,null,0,0,0
4167,0,null,0,0,0
4168,0,null,0,0,0
4169,0,null,0,0,0
4170,0,null,0,0,0
4171,0,null,0,0,0
4172,0,null,0,0,0
4173,0,null,0,0,0
4174,0,null,0,0,0
4175,0,null,0,0,0
4176,0,null,0,0,0
4177,0,null,0,0,0
4178,0,null,0,0,0
4179,0,null,0,0,0
4180,0,null,0,0,0
4181,0,null,0,0,0
4182,0,null,0,0,0
4183,0,null,0,0,0
4184,0,null,0,0,0
4185,0,null,0,0,0
4186,0,null,0,0,0
4187,0,null,0,0,0
4188,0,null,0,0,0
4189,0,null,0,0,0
4190,4016,e-,1,0,0
4191,0,null,0,0,0
4192,0,null,0,0,0
4193,0,null,0,0,0
4194,0,null,0,0,0
4195,0,null,0,0,0
4196,0,null,0,0,0
4197,0,null,0,0,0
4198,0,null,0,0,0
4199,0,null,0,0,0
4200,0,null,0,0,0
4201,0,null,0,0,0
4202,0,null,0,0,0
4203,0,null,0,0,0
4204,0,null,0,0,0
4205,0,null,0,0,0
4206,0,null,0,0,0
4207,0,null,0,0,0
4208,0,null,0,0,0
4209,0,null,0,0,0
4210,0,null,0,0,0
4211,0,null,0,0,0
4212,0,null,0,0,0
4213,0,null,0,0,0
4214,0,null,0,0,0
4215,0,null,0,0,0
4216,0,null,0,0,0
4217,0,null,0,0,0
4218,0,null,0,0,0
4219,0,null,0,0,0
4220,0,null,0,0,0
4221,0,null,0,0,0
4222,0,null,0,0,0
4223,0,null,0,0,0
4224,0,null,0,0,0
4225,0,null,0,0,0
4226,0,null,0,0,0
4227,0,null,0,0,0
4228,1,primary_proton,1,1,1
4229,0,null,0,0,0
4230,0,null,0,0,0
4231,0,null,0,0,0
4232,0,null,0,0,0
4233,0,null,0,0,0
4234,0,null,0,0,0
4235,0,null,0,0,0
4236,0,null,0,0,0
4237,0,null,0,0,0
4238,0,null,0,0,0
4239,0,null,0,0,0
4240,0,null,0,0,0
4242,0,null,0,0,0
4243,0,null,0,0,0
4244,0,null,0,0,0
4245,0,null,0,0,0
4246,1,primary_proton,1,1,1
4247,0,null,0,0,0
4248,0,null,0,0,0
4249,0,null,0,0,0
4250,0,null,0,0,0
4251,0,null,0,0,0
4252,32,secondary_proton,1,1,1
4253,0,null,0,0,0
4254,0,null,0,0,0
4255,1,primary_proton,1,1,1
4256,0,null,0,0,0
4257,0,null,0,0,0
4258,0,null,0,0,0
4259,0,null,0,0,0
4260,0,null,0,0,0
4261,13,pi-,1,1,1
4262,0,null,0,0,0
4263,0,null,0,0,0
4264,0,null,0,0,0
4265,0,null,0,0,0
4266,0,null,0,0,0
4267,0,null,0,0,0
4268,0,null,0,0,0
4269,0,null,0,0,0
4270,0,null,0,0,0
4271,0,null,0,0,0
4272,0,null,0,0,0
4273,0,null,0,0,0
4274,0,null,0,0,0
4275,0,null,0,0,0
4276,0,null,0,0,0
4277,0,null,0,0,0
4278,0,null,0,0,0
4279,0,null,0,0,0
4280,0,null,0,0,0
4281,0,null,0,0,0
4282,0,null,0,0,0
4283,0,null,0,0,0
4284,0,null,0,0,0
4285,0,null,0,0,0
4286,0,null,0,0,0
4287,0,null,0,0,0
4288,0,null,0,0,0
4289,0,null,0,0,0
4290,1,primary_proton,1,1,1
4291,0,null,0,0,0
4292,1,primary_proton,1,1,1
4293,7,pi+,1,1,1
4294,0,null,0,0,0
4295,4,kaon+,1,1,1
4296,4,secondary_proton,1,1,1
4297,11,pi-,1,1,1
4298,0,null,0,0,0
4299,0,null,0,0,0
4300,0,null,0,0,0
4301,0,null,0,0,0
4302,0,null,0,0,0
4303,1,primary_proton,1,1,1
4304,0,null,0,0,0
4305,0,null,0,0,0
4306,0,null,0,0,0
4307,0,null,0,0,0
4308,0,null,0,0,0
4309,0,null,0,0,0
4310,0,null,0,0,0
4311,0,null,0,0,0
4312,0,null,0,0,0
4313,0,null,0,0,0
4314,0,null,0,0,0
4315,0,null,0,0,0
4316,0,null,0,0,0
4317,0,null,0,0,0
4318,0,null,0,0,0
4319,1,primary_proton,1,1,1
4320,0,null,0,0,0
4321,0,null,0,0,0
4322,0,null,0,0,0
4323,0,null,0,0,0
4324,0,null,0,0,0
4325,1,primary_proton,1,1,1
4326,0,null,0,0,0
4327,0,null,0,0,0
4328,0,null,0,0,0
4329,10,pi-,1,1,1
4330,0,null,0,0,0
4331,0,null,0,0,0
4332,0,null,0,0,0
4333,4,secondary_proton,1,1,1
4334,0,null,0,0,0
4335,0,null,0,0,0
4336,0,null,0,0,0
4337,0,null,0,0,0
4338,0,null,0,0,0
4339,0,null,0,0,0
4340,0,null,0,0,0
4341,8,pi+,1,1,1
4342,0,null,0,0,0
4343,0,null,0,0,0
4344,0,null,0,0,0
4345,0,null,0,0,0
4346,0,null,0,0,0
4347,1,primary_proton,1,1,1
4348,0,null,0,0,0
4349,0,null,0,0,0
4350,0,null,0,0,0
4351,0,null,0,0,0
4352,1,primary_proton,1,1,1
4353,0,null,0,0,0
4354,0,null,0,0,0
4355,0,null,0,0,0
4356,1,primary_proton,1,1,1
4357,0,null,0,0,0
4358,1,primary_proton,1,1,1
4359,0,null,0,0,0
4360,0,null,0,0,0
4361,0,null,0,0,0
4362,0,null,0,0,0
4363,0,null,0,0,0
4364,0,null,0,0,0
4365,0,null,0,0,0
4366,0,null,0,0,0
4367,0,null,0,0,0
4368,0,null,0,0,0
4369,0,null,0,0,0
4370,0,null,0,0,0
4371,0,null,0,0,0
4372,0,null,0,0,0
4373,0,null,0,0,0
4374,0,null,0,0,0
4375,0,null,0,0,0
4376,0,null,0,0,0
4377,0,null,0,0,0
4378,0,null,0,0,0
4379,0,null,0,0,0
4380,0,null,0,0,0
4381,0,null,0,0,0
4382,0,null,0,0,0
4383,0,null,0,0,0
4384,0,null,0,0,0
4385,0,null,0,0,0
4386,0,null,0,0,0
4387,0,null,0,0,0
4388,0,null,0,0,0
4389,0,null,0,0,0
4390,0,null,0,0,0
4391,0,null,0,0,0
4392,0,null,0,0,0
4393,0,null,0,0,0
4394,0,null,0,0,0
4395,0,null,0,0,0
4396,69,secondary_proton,1,1,0
4397,0,null,0,0,0
4398,0,null,0,0,0
4399,0,null,0,0,0
4400,0,null,0,0,0
4401,0,null,0,0,0
4402,0,null,0,0,0
4403,7,secondary_proton,1,1,1
4404,0,null,0,0,0
4405,0,null,0,0,0
4406,0,null,0,0,0
4407,0,null,0,0,0
4408,0,null,0,0,0
4409,0,null,0,0,0
4410,0,null,0,0,0
4411,1,primary_proton,1,1,1
4412,0,null,0,0,0
4413,0,null,0,0,0
4414,0,null,0,0,0
4415,0,null,0,0,0
4416,0,null,0,0,0
4417,0,null,0,0,0
4418,0,null,0,0,0
4419,0,null,0,0,0
4420,0,null,0,0,0
4421,0,null,0,0,0
4422,0,null,0,0,0
4423,0,null,0,0,0
4424,0,null,0,0,0
4425,0,null,0,0,0
4426,0,null,0,0,0
4427,0,null,0,0,0
4428,0,null,0,0,0
4429,0,null,0,0,0
4430,0,null,0,0,0
4431,0,null,0,0,0
4432,0,null,0,0,0
4433,0,null,0,0,0
4434,0,null,0,0,0
4435,0,null,0,0,0
4436,0,null,0,0,0
4437,0,null,0,0,0
4438,0,null,0,0,0
4439,0,null,0,0,0
4440,0,null,0,0,0
4441,7883,e-,0,1,1
4442,0,null,0,0,0
4443,0,null,0,0,0
4444,0,null,0,0,0
4445,0,null,0,0,0
4446,0,null,0,0,0
4447,5655,e-,1,1,1
4448,0,null,0,0,0
4449,0,null,0,0,0
4450,0,null,0,0,0
4451,0,null,0,0,0
4452,0,null,0,0,0
4453,0,null,0,0,0
4454,0,null,0,0,0
4455,0,null,0,0,0
4456,0,null,0,0,0
4457,0,null,0,0,0
4459,0,null,0,0,0
4460,0,null,0,0,0
4461,0,null,0,0,0
4462,1,primary_proton,1,1,1
4463,0,null,0,0,0
4464,0,null,0,0,0
4465,0,null,0,0,0
4466,0,null,0,0,0
4467,0,null,0,0,0
4468,0,null,0,0,0
4469,0,null,0,0,0
4470,10,pi-,1,1,1
4471,0,null,0,0,0
4472,0,null,0,0,0
4473,0,null,0,0,0
4474,0,null,0,0,0
4475,0,null,0,0,0
4476,0,null,0,0,0
4477,0,null,0,0,0
4478,0,null,0,0,0
4479,0,null,0,0,0
4480,0,null,0,0,0
4481,0,null,0,0,0
4482,0,null,0,0,0
4483,0,null,0,0,0
4484,0,null,0,0,0
4485,0,null,0,0,0
4486,0,null,0,0,0
4487,0,null,0,0,0
4488,0,null,0,0,0
4489,0,null,0,0,0
4490,0,null,0,0,0
4491,0,null,0,0,0
4492,0,null,0,0,0
4493,0,null,0,0,0
4494,0,null,0,0,0
4495,0,null,0,0,0
4496,27,secondary_proton,1,1,1
4497,0,null,0,0,0
4498,0,null,0,0,0
4499,0,null,0,0,0
4500,0,null,0,0,0
4501,0,null,0,0,0
4502,0,null,0,0,0
4503,1,primary_proton,1,1,1
4504,0,null,0,0,0
4505,0,null,0,0,0
4506,0,null,0,0,0
4507,0,null,0,0,0
4508,0,null,0,0,0
4509,0,null,0,0,0
4510,0,null,0,0,0
4511,0,null,0,0,0
4512,0,null,0,0,0
4513,0,null,0,0,0
4514,0,null,0,0,0
4515,0,null,0,0,0
4516,0,null,0,0,0
4517,3495,e-,1,0,0
4518,0,null,0,0,0
4519,0,null,0,0,0
4520,1,primary_proton,1,1,1
4521,0,null,0,0,0
4522,0,null,0,0,0
4523,562,pi-,1,1,0
4524,0,null,0,0,0
4525,0,null,0,0,0
4526,0,null,0,0,0
4527,0,null,0,0,0
4528,0,null,0,0,0
4529,0,null,0,0,0
4530,0,null,0,0,0
4531,0,null,0,0,0
4532,0,null,0,0,0
4533,0,null,0,0,0
4534,0,null,0,0,0
4535,0,null,0,0,0
4536,0,null,0,0,0
4537,0,null,0,0,0
4538,0,null,0,0,0
4539,0,null,0,0,0
4540,0,null,0,0,0
4541,0,null,0,0,0
4542,0,null,0,0,0
4543,0,null,0,0,0
4544,0,null,0,0,0
4545,0,null,0,0,0
4546,0,null,0,0,0
4547,0,null,0,0,0
4548,1,primary_proton,1,1,1
4549,0,null,0,0,0
4550,0,null,0,0,0
4551,0,null,0,0,0
4552,0,null,0,0,0
4553,0,null,0,0,0
4554,0,null,0,0,0
4555,0,null,0,0,0
4556,0,null,0,0,0
4557,0,null,0,0,0
4558,0,null,0,0,0
4559,0,null,0,0,0
4560,0,null,0,0,0
4561,0,null,0,0,0
4562,0,null,0,0,0
4563,0,null,0,0,0
4564,0,null,0,0,0
4565,0,null,0,0,0
4566,0,null,0,0,0
4567,0,null,0,0,0
4568,0,null,0,0,0
4569,0,null,0,0,0
4570,0,null,0,0,0
4571,0,null,0,0,0
4572,0,null,0,0,0
4573,0,null,0,0,0
4574,0,null,0,0,0
4575,0,null,0,0,0
4576,0,null,0,0,0
4577,0,null,0,0,0
4578,0,null,0,0,0
4579,0,null,0,0,0
4580,0,null,0,0,0
4581,0,null,0,0,0
4582,0,null,0,0,0
4583,0,null,0,0,0
4584,11,pi-,1,1,1
4585,0,null,0,0,0
4586,0,null,0,0,0
4587,0,null,0,0,0
4588,0,null,0,0,0
4589,0,null,0,0,0
4590,0,null,0,0,0
4591,0,null,0,0,0
4592,0,null,0,0,0
4593,21,pi-,1,1,1
4594,0,null,0,0,0
4595,0,null,0,0,0
4596,0,null,0,0,0
4597,0,null,0,0,0
4598,0,null,0,0,0
4599,0,null,0,0,0
4600,0,null,0,0,0
4601,0,null,0,0,0
4602,0,null,0,0,0
4603,0,null,0,0,0
4604,0,null,0,0,0
4605,0,null,0,0,0
4606,0,null,0,0,0
4607,0,null,0,0,0
4608,0,null,0,0,0
4609,0,null,0,0,0
4610,0,null,0,0,0
4611,0,null,0,0,0
4612,0,null,0,0,0
4613,0,null,0,0,0
4614,0,null,0,0,0
4615,0,null,0,0,0
4616,0,null,0,0,0
4617,0,null,0,0,0
4618,0,null,0,0,0
4619,0,null,0,0,0
4620,0,null,0,0,0
4621,0,null,0,0,0
4622,0,null,0,0,0
4623,0,null,0,0,0
4624,280,pi-,1,1,1
4625,0,null,0,0,0
4626,0,null,0,0,0
4627,0,null,0,0,0
4628,0,null,0,0,0
4629,0,null,0,0,0
4630,0,null,0,0,0
4631,0,null,0,0,0
4632,0,null,0,0,0
4633,0,null,0,0,0
4634,0,null,0,0,0
4635,0,null,0,0,0
4636,0,null,0,0,0
4637,0,null,0,0,0
4638,0,null,0,0,0
4639,1,primary_proton,1,1,1
4640,0,null,0,0,0
4641,0,null,0,0,0
4642,0,null,0,0,0
4643,0,null,0,0,0
4644,0,null,0,0,0
4645,0,null,0,0,0
4646,0,null,0,0,0
4647,0,null,0,0,0
4648,0,null,0,0,0
4649,0,null,0,0,0
4650,0,null,0,0,0
4651,0,null,0,0,0
4652,9,pi+,1,1,1
4653,0,null,0,0,0
4654,0,null,0,0,0
4655,0,null,0,0,0
4656,0,null,0,0,0
4657,0,null,0,0,0
4658,0,null,0,0,0
4659,0,null,0,0,0
4660,0,null,0,0,0
4661,0,null,0,0,0
4662,0,null,0,0,0
4663,0,null,0,0,0
4664,0,null,0,0,0
4665,0,null,0,0,0
4666,0,null,0,0,0
4667,0,null,0,0,0
4668,1,primary_proton,1,1,1
4669,0,null,0,0,0
4670,0,null,0,0,0
4671,0,null,0,0,0
4672,0,null,0,0,0
4673,0,null,0,0,0
4674,1,primary_proton,1,1,1
4675,0,null,0,0,0
4676,0,null,0,0,0
4677,1,primary_proton,1,1,1
4678,0,null,0,0,0
4679,0,null,0,0,0
4681,0,null,0,0,0
4682,0,null,0,0,0
4683,0,null,0,0,0
4684,0,null,0,0,0
4685,0,null,0,0,0
4686,0,null,0,0,0
4687,0,null,0,0,0
4688,0,null,0,0,0
4689,1,primary_proton,1,1,1
4690,0,null,0,0,0
4691,0,null,0,0,0
4692,0,null,0,0,0
4693,0,null,0,0,0
4694,0,null,0,0,0
4695,14,pi-,1,1,1
4696,0,null,0,0,0
4697,0,null,0,0,0
4698,0,null,0,0,0
4699,0,null,0,0,0
4700,0,null,0,0,0
4701,0,null,0,0,0
4702,0,null,0,0,0
4703,0,null,0,0,0
4704,0,null,0,0,0
4705,0,null,0,0,0
4706,0,null,0,0,0
4707,0,null,0,0,0
4708,0,null,0,0,0
4709,0,null,0,0,0
4710,1,primary_proton,1,1,1
4711,0,null,0,0,0
4712,0,null,0,0,0
4713,0,null,0,0,0
4714,0,null,0,0,0
4715,0,null,0,0,0
4716,0,null,0,0,0
4717,0,null,0,0,0
4718,0,null,0,0,0
4719,0,null,0,0,0
4720,0,null,0,0,0
4721,0,null,0,0,0
4722,0,null,0,0,0
4723,0,null,0,0,0
4724,0,null,0,0,0
4725,0,null,0,0,0
4726,0,null,0,0,0
4727,0,null,0,0,0
4728,0,null,0,0,0
4729,0,null,0,0,0
4730,0,null,0,0,0
4731,0,null,0,0,0
4732,0,null,0,0,0
4733,0,null,0,0,0
4734,0,null,0,0,0
4735,0,null,0,0,0
4736,0,null,0,0,0
4737,0,null,0,0,0
4738,0,null,0,0,0
4739,0,null,0,0,0
4740,0,null,0,0,0
4741,0,null,0,0,0
4742,0,null,0,0,0
4743,7,secondary_proton,1,1,1
4744,0,null,0,0,0
4745,0,null,0,0,0
4746,4,secondary_proton,1,1,1
4747,0,null,0,0,0
4748,0,null,0,0,0
4749,0,null,0,0,0
4750,0,null,0,0,0
4751,0,null,0,0,0
4752,7558,e-,1,0,0
4753,0,null,0,0,0
4754,0,null,0,0,0
4755,6254,e-,1,1,1
4756,0,null,0,0,0
4757,0,null,0,0,0
4758,0,null,0,0,0
4759,0,null,0,0,0
4760,0,null,0,0,0
4761,8,secondary_proton,1,1,1
4762,0,null,0,0,0
4763,0,null,0,0,0
4764,0,null,0,0,0
4765,0,null,0,0,0
4766,0,null,0,0,0
4767,0,null,0,0,0
4768,0,null,0,0,0
4769,0,null,0,0,0
4770,0,null,0,0,0
4771,0,null,0,0,0
4772,0,null,0,0,0
4773,0,null,0,0,0
4774,1,primary_proton,1,1,1
4775,0,null,0,0,0
4776,1,primary_proton,1,1,1
4777,0,null,0,0,0
4778,0,null,0,0,0
4779,0,null,0,0,0
4780,1379,e+,1,1,1
4781,0,null,0,0,0
4782,0,null,0,0,0
4783,0,null,0,0,0
4784,0,null,0,0,0
4785,0,null,0,0,0
4786,0,null,0,0,0
4787,0,null,0,0,0
4788,0,null,0,0,0
4789,1,primary_proton,1,1,1
4790,1,primary_proton,1,1,1
4791,0,null,0,0,0
4792,0,null,0,0,0
4793,0,null,0,0,0
4794,0,null,0,0,0
4795,0,null,0,0,0
4796,0,null,0,0,0
4797,7,secondary_proton,1,1,1
4798,0,null,0,0,0
4799,0,null,0,0,0
4800,0,null,0,0,0
4801,0,null,0,0,0
4802,1,primary_proton,1,1,1
4803,0,null,0,0,0
4804,0,null,0,0,0
4805,0,null,0,0,0
4806,0,null,0,0,0
4807,0,null,0,0,0
4808,0,null,0,0,0
4809,0,null,0,0,0
4810,0,null,0,0,0
4811,0,null,0,0,0
4812,0,null,0,0,0
4813,0,null,0,0,0
4814,0,null,0,0,0
4815,0,null,0,0,0
4816,0,null,0,0,0
4817,0,null,0,0,0
4818,0,null,0,0,0
4819,0,null,0,0,0
4820,5,secondary_proton,1,1,1
4821,0,null,0,0,0
4822,0,null,0,0,0
4823,0,null,0,0,0
4824,0,null,0,0,0
4825,0,null,0,0,0
4826,0,null,0,0,0
4827,0,null,0,0,0
4828,0,null,0,0,0
4829,0,null,0,0,0
4830,0,null,0,0,0
4831,1,primary_proton,1,1,1
4832,0,null,0,0,0
4833,0,null,0,0,0
4834,0,null,0,0,0
4835,0,null,0,0,0
4836,0,null,0,0,0
4837,10,pi+,1,1,1
4838,0,null,0,0,0
4839,0,null,0,0,0
4840,0,null,0,0,0
4841,0,null,0,0,0
4842,0,null,0,0,0
4843,0,null,0,0,0
4844,0,null,0,0,0
4845,0,null,0,0,0
4846,0,null,0,0,0
4847,0,null,0,0,0
4848,0,null,0,0,0
4849,0,null,0,0,0
4850,0,null,0,0,0
4851,0,null,0,0,0
4852,0,null,0,0,0
4853,0,null,0,0,0
4854,0,null,0,0,0
4855,0,null,0,0,0
4856,0,null,0,0,0
4857,0,null,0,0,0
4858,0,null,0,0,0
4859,0,null,0,0,0
4860,12,pi+,1,1,1
4861,0,null,0,0,0
4862,0,null,0,0,0
4863,0,null,0,0,0
4864,0,null,0,0,0
4865,0,null,0,0,0
4866,0,null,0,0,0
4867,0,null,0,0,0
4868,0,null,0,0,0
4869,0,null,0,0,0
4870,0,null,0,0,0
4871,0,null,0,0,0
4872,0,null,0,0,0
4873,0,null,0,0,0
4874,0,null,0,0,0
4875,0,null,0,0,0
4876,0,null,0,0,0
4877,0,null,0,0,0
4878,0,null,0,0,0
4879,0,null,0,0,0
4880,0,null,0,0,0
4881,0,null,0,0,0
4882,0,null,0,0,0
4883,0,null,0,0,0
4884,0,null,0,0,0
4885,0,null,0,0,0
4886,0,null,0,0,0
4887,0,null,0,0,0
4888,0,null,0,0,0
4889,0,null,0,0,0
4890,0,null,0,0,0
4891,0,null,0,0,0
4892,0,null,0,0,0
4893,0,null,0,0,0
4894,0,null,0,0,0
4895,0,null,0,0,0
4896,0,null,0,0,0
4897,0,null,0,0,0
4898,0,null,0,0,0
4899,0,null,0,0,0
0,0,null,0,0,0
4901,0,null,0,0,0
4902,0,null,0,0,0
4903,0,null,0,0,0
4904,0,null,0,0,0
4905,0,null,0,0,0
4906,0,null,0,0,0
4907,0,null,0,0,0
4908,4976,e-,1,1,0
4909,0,null,0,0,0
4910,0,null,0,0,0
4911,1,primary_proton,1,1,1
4912,0,null,0,0,0
4913,0,null,0,0,0
4914,0,null,0,0,0
4915,0,null,0,0,0
4916,0,null,0,0,0
4917,0,null,0,0,0
4918,0,null,0,0,0
4919,0,null,0,0,0
4920,0,null,0,0,0
4921,0,null,0,0,0
4922,1,primary_proton,1,1,1
4923,0,null,0,0,0
4924,0,null,0,0,0
4925,0,null,0,0,0
4926,0,null,0,0,0
4927,0,null,0,0,0
4928,0,null,0,0,0
4929,0,null,0,0,0
4930,0,null,0,0,0
4931,0,null,0,0,0
4932,12,pi+,1,1,1
4933,0,null,0,0,0
4934,0,null,0,0,0
4935,1,primary_proton,1,1,1
4936,0,null,0,0,0
4937,0,null,0,0,0
4938,0,null,0,0,0
4939,0,null,0,0,0
4940,0,null,0,0,0
4941,0,null,0,0,0
4942,0,null,0,0,0
4943,0,null,0,0,0
4944,0,null,0,0,0
4945,0,null,0,0,0
4946,0,null,0,0,0
4947,0,null,0,0,0
4948,0,null,0,0,0
4949,0,null,0,0,0
4950,0,null,0,0,0
4951,0,null,0,0,0
4952,0,null,0,0,0
4953,0,null,0,0,0
4954,0,null,0,0,0
4955,1,primary_proton,1,1,1
4956,0,null,0,0,0
4957,0,null,0,0,0
4958,0,null,0,0,0
4959,0,null,0,0,0
4960,0,null,0,0,0
4961,0,null,0,0,0
4962,0,null,0,0,0
4963,0,null,0,0,0
4964,0,null,0,0,0
4965,0,null,0,0,0
4966,0,null,0,0,0
4967,0,null,0,0,0
4968,3,secondary_proton,1,1,1
4969,0,null,0,0,0
4970,0,null,0,0,0
4971,1,primary_proton,1,1,1
4972,0,null,0,0,0
4973,0,null,0,0,0
4974,377,pi+,1,1,0
4975,0,null,0,0,0
4976,0,null,0,0,0
4977,0,null,0,0,0
4978,0,null,0,0,0
4979,0,null,0,0,0
4980,0,null,0,0,0
4981,0,null,0,0,0
4982,0,null,0,0,0
4983,0,null,0,0,0
4984,0,null,0,0,0
4985,0,null,0,0,0
4986,0,null,0,0,0
4987,0,null,0,0,0
4988,0,null,0,0,0
4989,0,null,0,0,0
4990,0,null,0,0,0
4991,0,null,0,0,0
4992,0,null,0,0,0
4993,0,null,0,0,0
4994,0,null,0,0,0
4995,0,null,0,0,0
4996,0,null,0,0,0
4997,0,null,0,0,0
4998,0,null,0,0,0
4999,1,primary_proton,1,1,1
1,0,null,0,0,0
2,0,null,0,0,0
3,0,null,0,0,0
4,0,null,0,0,0
5,76,pi+,1,1,1
6,0,null,0,0,0
7,0,null,0,0,0
8,0,null,0,0,0
9,0,null,0,0,0
10,0,null,0,0,0
11,0,null,0,0,0
12,0,null,0,0,0
13,0,null,0,0,0
14,0,null,0,0,0
15,6157,e+,1,0,0
16,0,null,0,0,0
17,0,null,0,0,0
18,0,null,0,0,0
19,18,pi-,1,1,1
20,0,null,0,0,0
21,0,null,0,0,0
22,0,null,0,0,0
23,0,null,0,0,0
24,0,null,0,0,0
25,0,null,0,0,0
26,0,null,0,0,0
27,0,null,0,0,0
28,0,null,0,0,0
29,0,null,0,0,0
30,0,null,0,0,0
31,0,null,0,0,0
32,0,null,0,0,0
33,0,null,0,0,0
34,0,null,0,0,0
35,0,null,0,0,0
36,0,null,0,0,0
37,0,null,0,0,0
38,0,null,0,0,0
39,0,null,0,0,0
40,0,null,0,0,0
41,0,null,0,0,0
42,0,null,0,0,0
43,0,null,0,0,0
44,0,null,0,0,0
45,0,null,0,0,0
46,0,null,0,0,0
47,0,null,0,0,0
48,0,null,0,0,0
49,0,null,0,0,0
50,0,null,0,0,0
51,0,null,0,0,0
52,0,null,0,0,0
53,0,null,0,0,0
54,0,null,0,0,0
55,0,null,0,0,0
56,0,null,0,0,0
57,0,null,0,0,0
58,0,null,0,0,0
59,0,null,0,0,0
60,0,null,0,0,0
61,0,null,0,0,0
62,0,null,0,0,0
63,0,null,0,0,0
64,0,null,0,0,0
65,1,primary_proton,1,1,1
66,0,null,0,0,0
67,0,null,0,0,0
68,0,null,0,0,0
69,0,null,0,0,0
70,0,null,0,0,0
71,0,null,0,0,0
72,0,null,0,0,0
73,0,null,0,0,0
74,0,null,0,0,0
75,0,null,0,0,0
76,0,null,0,0,0
77,0,null,0,0,0
78,0,null,0,0,0
79,0,null,0,0,0
80,0,null,0,0,0
81,0,null,0,0,0
82,0,null,0,0,0
83,0,null,0,0,0
84,0,null,0,0,0
85,0,null,0,0,0
86,0,null,0,0,0
87,0,null,0,0,0
88,0,null,0,0,0
89,0,null,0,0,0
90,0,null,0,0,0
91,0,null,0,0,0
92,0,null,0,0,0
93,0,null,0,0,0
94,0,null,0,0,0
95,0,null,0,0,0
96,0,null,0,0,0
97,0,null,0,0,0
98,0,null,0,0,0
99,0,null,0,0,0
100,0,null,0,0,0
101,0,null,0,0,0
102,0,null,0,0,0
103,0,null,0,0,0
104,0,null,0,0,0
105,1,primary_proton,1,1,1
106,0,null,0,0,0
107,0,null,0,0,0
108,0,null,0,0,0
109,0,null,0,0,0
110,0,null,0,0,0
111,0,null,0,0,0
112,0,null,0,0,0
113,0,null,0,0,0
114,0,null,0,0,0
115,0,null,0,0,0
116,0,null,0,0,0
117,0,null,0,0,0
118,12,pi+,1,1,1
119,0,null,0,0,0
120,0,null,0,0,0
121,0,null,0,0,0
122,0,null,0,0,0
123,0,null,0,0,0
124,0,null,0,0,0
125,0,null,0,0,0
126,0,null,0,0,0
127,0,null,0,0,0
128,0,null,0,0,0
129,0,null,0,0,0
130,0,null,0,0,0
131,0,null,0,0,0
132,0,null,0,0,0
133,0,null,0,0,0
134,0,null,0,0,0
135,1,primary_proton,1,1,1
136,0,null,0,0,0
137,0,null,0,0,0
138,0,null,0,0,0
139,0,null,0,0,0
140,0,null,0,0,0
141,0,null,0,0,0
142,0,null,0,0,0
143,0,null,0,0,0
144,0,null,0,0,0
145,0,null,0,0,0
146,0,null,0,0,0
147,10,pi+,1,1,1
148,23,pi+,1,1,1
149,0,null,0,0,0
150,0,null,0,0,0
151,0,null,0,0,0
152,13,pi-,1,1,1
153,0,null,0,0,0
154,0,null,0,0,0
155,0,null,0,0,0
156,0,null,0,0,0
157,0,null,0,0,0
158,0,null,0,0,0
159,0,null,0,0,0
160,0,null,0,0,0
161,0,null,0,0,0
162,0,null,0,0,0
163,0,null,0,0,0
164,0,null,0,0,0
165,0,null,0,0,0
166,0,null,0,0,0
167,0,null,0,0,0
168,0,null,0,0,0
169,0,null,0,0,0
170,0,null,0,0,0
171,0,null,0,0,0
172,0,null,0,0,0
173,0,null,0,0,0
174,0,null,0,0,0
175,0,null,0,0,0
176,0,null,0,0,0
177,0,null,0,0,0
178,0,null,0,0,0
179,0,null,0,0,0
180,0,null,0,0,0
181,0,null,0,0,0
182,0,null,0,0,0
183,0,null,0,0,0
184,0,null,0,0,0
185,0,null,0,0,0
186,0,null,0,0,0
187,0,null,0,0,0
188,0,null,0,0,0
189,0,null,0,0,0
190,0,null,0,0,0
191,0,null,0,0,0
192,0,null,0,0,0
193,0,null,0,0,0
194,0,null,0,0,0
195,0,null,0,0,0
196,0,null,0,0,0
197,0,null,0,0,0
198,0,null,0,0,0
199,0,null,0,0,0
200,0,null,0,0,0
201,0,null,0,0,0
202,0,null,0,0,0
203,0,null,0,0,0
204,0,null,0,0,0
205,0,null,0,0,0
206,0,null,0,0,0
207,0,null,0,0,0
208,0,null,0,0,0
209,0,null,0,0,0
210,0,null,0,0,0
211,0,null,0,0,0
212,0,null,0,0,0
213,0,null,0,0,0
214,0,null,0,0,0
215,0,null,0,0,0
216,0,null,0,0,0
217,0,null,0,0,0
218,0,null,0,0,0
219,0,null,0,0,0
220,0,null,0,0,0
221,0,null,0,0,0
222,0,null,0,0,0
223,7,pi-,1,1,1
224,0,null,0,0,0
225,0,null,0,0,0
226,0,null,0,0,0
227,0,null,0,0,0
228,0,null,0,0,0
229,0,null,0,0,0
230,0,null,0,0,0
231,0,null,0,0,0
232,0,null,0,0,0
233,0,null,0,0,0
234,0,null,0,0,0
235,0,null,0,0,0
236,0,null,0,0,0
237,0,null,0,0,0
238,0,null,0,0,0
239,1,primary_proton,1,1,1
240,0,null,0,0,0
241,0,null,0,0,0
242,0,null,0,0,0
243,0,null,0,0,0
245,0,null,0,0,0
246,0,null,0,0,0
247,0,null,0,0,0
248,0,null,0,0,0
249,0,null,0,0,0
250,0,null,0,0,0
251,0,null,0,0,0
252,0,null,0,0,0
253,0,null,0,0,0
254,0,null,0,0,0
255,0,null,0,0,0
256,0,null,0,0,0
257,0,null,0,0,0
258,0,null,0,0,0
259,0,null,0,0,0
260,0,null,0,0,0
261,0,null,0,0,0
262,0,null,0,0,0
263,0,null,0,0,0
264,12,secondary_proton,1,1,1
265,0,null,0,0,0
266,0,null,0,0,0
267,0,null,0,0,0
268,0,null,0,0,0
269,0,null,0,0,0
270,0,null,0,0,0
271,0,null,0,0,0
272,0,null,0,0,0
273,0,null,0,0,0
274,0,null,0,0,0
275,22,pi-,1,1,1
276,0,null,0,0,0
277,12,pi+,1,1,1
278,0,null,0,0,0
279,0,null,0,0,0
280,0,null,0,0,0
281,0,null,0,0,0
282,0,null,0,0,0
283,0,null,0,0,0
284,0,null,0,0,0
285,0,null,0,0,0
286,0,null,0,0,0
287,0,null,0,0,0
288,0,null,0,0,0
289,0,null,0,0,0
290,0,null,0,0,0
291,0,null,0,0,0
292,0,null,0,0,0
293,0,null,0,0,0
294,0,null,0,0,0
295,0,null,0,0,0
296,0,null,0,0,0
297,0,null,0,0,0
298,0,null,0,0,0
299,0,null,0,0,0
300,0,null,0,0,0
301,0,null,0,0,0
302,0,null,0,0,0
303,0,null,0,0,0
304,0,null,0,0,0
305,0,null,0,0,0
306,0,null,0,0,0
307,0,null,0,0,0
308,0,null,0,0,0
309,0,null,0,0,0
310,0,null,0,0,0
311,14,pi+,1,1,1
312,0,null,0,0,0
313,0,null,0,0,0
314,1,primary_proton,1,1,1
315,0,null,0,0,0
316,0,null,0,0,0
317,0,null,0,0,0
318,3671,secondary_proton,1,1,1
319,0,null,0,0,0
320,0,null,0,0,0
321,1,primary_proton,1,1,1
322,0,null,0,0,0
323,0,null,0,0,0
324,0,null,0,0,0
325,6450,e+,1,1,1
326,0,null,0,0,0
327,0,null,0,0,0
328,0,null,0,0,0
329,0,null,0,0,0
330,0,null,0,0,0
331,0,null,0,0,0
332,0,null,0,0,0
333,0,null,0,0,0
334,0,null,0,0,0
335,0,null,0,0,0
336,0,null,0,0,0
337,0,null,0,0,0
338,1,primary_proton,1,1,1
339,0,null,0,0,0
340,0,null,0,0,0
341,0,null,0,0,0
342,0,null,0,0,0
343,0,null,0,0,0
344,0,null,0,0,0
345,1,primary_proton,1,1,1
346,0,null,0,0,0
347,0,null,0,0,0
348,0,null,0,0,0
349,0,null,0,0,0
350,0,null,0,0,0
351,0,null,0,0,0
352,0,null,0,0,0
353,0,null,0,0,0
354,0,null,0,0,0
355,0,null,0,0,0
356,0,null,0,0,0
357,1,primary_proton,1,1,1
358,0,null,0,0,0
359,0,null,0,0,0
360,0,null,0,0,0
361,0,null,0,0,0
362,0,null,0,0,0
363,0,null,0,0,0
364,0,null,0,0,0
365,0,null,0,0,0
366,0,null,0,0,0
367,0,null,0,0,0
368,0,null,0,0,0
369,0,null,0,0,0
370,0,null,0,0,0
371,0,null,0,0,0
372,0,null,0,0,0
373,0,null,0,0,0
374,0,null,0,0,0
375,0,null,0,0,0
376,1,primary_proton,1,1,1
377,0,null,0,0,0
378,0,null,0,0,0
379,0,null,0,0,0
380,0,null,0,0,0
381,0,null,0,0,0
382,0,null,0,0,0
383,0,null,0,0,0
384,0,null,0,0,0
385,0,null,0,0,0
386,0,null,0,0,0
387,0,null,0,0,0
388,0,null,0,0,0
389,0,null,0,0,0
390,0,null,0,0,0
391,0,null,0,0,0
392,0,null,0,0,0
393,0,null,0,0,0
394,0,null,0,0,0
395,0,null,0,0,0
396,0,null,0,0,0
397,0,null,0,0,0
398,0,null,0,0,0
399,0,null,0,0,0
400,0,null,0,0,0
401,0,null,0,0,0
402,0,null,0,0,0
403,0,null,0,0,0
404,0,null,0,0,0
405,0,null,0,0,0
406,0,null,0,0,0
407,25,secondary_proton,1,1,1
408,0,null,0,0,0
409,0,null,0,0,0
410,0,null,0,0,0
411,0,null,0,0,0
412,0,null,0,0,0
413,0,null,0,0,0
414,1,primary_proton,1,1,1
415,0,null,0,0,0
416,0,null,0,0,0
417,0,null,0,0,0
418,0,null,0,0,0
419,0,null,0,0,0
420,1,primary_proton,1,1,1
421,0,null,0,0,0
422,0,null,0,0,0
423,0,null,0,0,0
424,0,null,0,0,0
425,0,null,0,0,0
426,0,null,0,0,0
427,0,null,0,0,0
428,0,null,0,0,0
429,1,primary_proton,1,1,1
430,0,null,0,0,0
431,0,null,0,0,0
432,0,null,0,0,0
433,0,null,0,0,0
434,0,null,0,0,0
435,0,null,0,0,0
436,0,null,0,0,0
437,0,null,0,0,0
438,0,null,0,0,0
439,0,null,0,0,0
440,0,null,0,0,0
441,0,null,0,0,0
442,0,null,0,0,0
443,0,null,0,0,0
444,0,null,0,0,0
445,0,null,0,0,0
446,0,null,0,0,0
447,0,null,0,0,0
448,0,null,0,0,0
449,0,null,0,0,0
450,0,null,0,0,0
451,0,null,0,0,0
452,0,null,0,0,0
453,0,null,0,0,0
454,0,null,0,0,0
455,0,null,0,0,0
456,0,null,0,0,0
457,0,null,0,0,0
458,0,null,0,0,0
459,0,null,0,0,0
460,0,null,0,0,0
461,0,null,0,0,0
462,0,null,0,0,0
463,6,pi+,1,1,1
464,0,null,0,0,0
465,0,null,0,0,0
466,0,null,0,0,0
467,0,null,0,0,0
468,0,null,0,0,0
469,0,null,0,0,0
470,0,null,0,0,0
471,0,null,0,0,0
472,0,null,0,0,0
473,0,null,0,0,0
474,0,null,0,0,0
475,0,null,0,0,0
476,0,null,0,0,0
478,0,null,0,0,0
479,0,null,0,0,0
480,0,null,0,0,0
481,0,null,0,0,0
482,0,null,0,0,0
483,0,null,0,0,0
484,0,null,0,0,0
485,0,null,0,0,0
486,0,null,0,0,0
487,0,null,0,0,0
488,0,null,0,0,0
489,0,null,0,0,0
490,0,null,0,0,0
491,0,null,0,0,0
492,0,null,0,0,0
493,0,null,0,0,0
494,0,null,0,0,0
495,1,primary_proton,1,1,1
496,0,null,0,0,0
497,0,null,0,0,0
498,0,null,0,0,0
499,0,null,0,0,0
500,0,null,0,0,0
501,0,null,0,0,0
502,0,null,0,0,0
503,0,null,0,0,0
504,0,null,0,0,0
505,0,null,0,0,0
506,0,null,0,0,0
507,0,null,0,0,0
508,0,null,0,0,0
509,0,null,0,0,0
510,0,null,0,0,0
511,0,null,0,0,0
512,0,null,0,0,0
513,0,null,0,0,0
514,0,null,0,0,0
515,0,null,0,0,0
516,13,pi+,1,1,1
517,0,null,0,0,0
518,1,primary_proton,1,1,1
519,0,null,0,0,0
520,0,null,0,0,0
521,0,null,0,0,0
522,0,null,0,0,0
523,0,null,0,0,0
524,0,null,0,0,0
525,4,pi-,1,1,1
526,0,null,0,0,0
527,0,null,0,0,0
528,0,null,0,0,0
529,0,null,0,0,0
530,0,null,0,0,0
531,0,null,0,0,0
532,0,null,0,0,0
533,0,null,0,0,0
534,0,null,0,0,0
535,0,null,0,0,0
536,0,null,0,0,0
537,0,null,0,0,0
538,0,null,0,0,0
539,0,null,0,0,0
540,0,null,0,0,0
541,0,null,0,0,0
542,0,null,0,0,0
543,0,null,0,0,0
544,0,null,0,0,0
545,0,null,0,0,0
546,0,null,0,0,0
547,0,null,0,0,0
548,0,null,0,0,0
549,0,null,0,0,0
550,0,null,0,0,0
551,0,null,0,0,0
552,0,null,0,0,0
553,0,null,0,0,0
554,0,null,0,0,0
555,0,null,0,0,0
556,0,null,0,0,0
557,0,null,0,0,0
558,0,null,0,0,0
559,5,secondary_proton,1,1,1
560,11,secondary_proton,1,1,1
561,0,null,0,0,0
562,0,null,0,0,0
563,0,null,0,0,0
564,16,pi+,1,1,1
565,0,null,0,0,0
566,0,null,0,0,0
567,0,null,0,0,0
568,0,null,0,0,0
569,0,null,0,0,0
570,0,null,0,0,0
571,9,pi-,1,1,1
572,0,null,0,0,0
573,0,null,0,0,0
574,0,null,0,0,0
575,0,null,0,0,0
576,0,null,0,0,0
577,0,null,0,0,0
578,0,null,0,0,0
579,0,null,0,0,0
580,0,null,0,0,0
581,112,pi-,1,0,0
582,0,null,0,0,0
583,0,null,0,0,0
584,0,null,0,0,0
585,0,null,0,0,0
586,0,null,0,0,0
587,922,e-,1,0,0
588,0,null,0,0,0
589,21,pi+,1,1,1
590,0,null,0,0,0
591,4043,secondary_proton,1,1,1
592,0,null,0,0,0
593,0,null,0,0,0
594,21,secondary_proton,1,1,1
595,0,null,0,0,0
596,0,null,0,0,0
597,0,null,0,0,0
598,0,null,0,0,0
599,0,null,0,0,0
600,0,null,0,0,0
601,0,null,0,0,0
602,0,null,0,0,0
603,0,null,0,0,0
604,0,null,0,0,0
605,0,null,0,0,0
606,0,null,0,0,0
607,0,null,0,0,0
608,0,null,0,0,0
609,0,null,0,0,0
610,0,null,0,0,0
611,0,null,0,0,0
612,0,null,0,0,0
613,0,null,0,0,0
614,0,null,0,0,0
615,0,null,0,0,0
616,0,null,0,0,0
617,0,null,0,0,0
618,0,null,0,0,0
619,0,null,0,0,0
620,1,primary_proton,1,1,1
621,5118,e-,1,1,0
622,0,null,0,0,0
623,0,null,0,0,0
624,0,null,0,0,0
625,0,null,0,0,0
626,0,null,0,0,0
627,0,null,0,0,0
628,0,null,0,0,0
629,1,primary_proton,1,1,1
630,0,null,0,0,0
631,0,null,0,0,0
632,0,null,0,0,0
633,0,null,0,0,0
634,0,null,0,0,0
635,0,null,0,0,0
636,0,null,0,0,0
637,0,null,0,0,0
638,0,null,0,0,0
639,0,null,0,0,0
640,0,null,0,0,0
641,0,null,0,0,0
642,0,null,0,0,0
643,0,null,0,0,0
644,0,null,0,0,0
645,0,null,0,0,0
646,0,null,0,0,0
647,0,null,0,0,0
648,0,null,0,0,0
649,0,null,0,0,0
650,0,null,0,0,0
651,0,null,0,0,0
652,0,null,0,0,0
653,0,null,0,0,0
654,0,null,0,0,0
655,0,null,0,0,0
656,0,null,0,0,0
657,0,null,0,0,0
658,0,null,0,0,0
659,0,null,0,0,0
660,0,null,0,0,0
661,0,null,0,0,0
662,0,null,0,0,0
663,0,null,0,0,0
664,0,null,0,0,0
665,0,null,0,0,0
666,0,null,0,0,0
667,0,null,0,0,0
668,0,null,0,0,0
669,0,null,0,0,0
670,0,null,0,0,0
671,0,null,0,0,0
672,0,null,0,0,0
673,0,null,0,0,0
674,0,null,0,0,0
675,0,null,0,0,0
676,0,null,0,0,0
677,0,null,0,0,0
678,0,null,0,0,0
679,0,null,0,0,0
680,0,null,0,0,0
681,4,secondary_proton,1,1,1
682,0,null,0,0,0
683,0,null,0,0,0
684,0,null,0,0,0
685,0,null,0,0,0
686,0,null,0,0,0
687,0,null,0,0,0
688,0,null,0,0,0
689,0,null,0,0,0
690,0,null,0,0,0
691,0,null,0,0,0
692,0,null,0,0,0
693,0,null,0,0,0
694,0,null,0,0,0
695,0,null,0,0,0
696,0,null,0,0,0
697,0,null,0,0,0
698,1,primary_proton,1,1,1
699,0,null,0,0,0
700,0,null,0,0,0
701,0,null,0,0,0
702,0,null,0,0,0
703,0,null,0,0,0
704,0,null,0,0,0
705,0,null,0,0,0
706,0,null,0,0,0
707,0,null,0,0,0
708,0,null,0,0,0
709,4,secondary_proton,1,1,1
711,0,null,0,0,0
712,12,pi+,1,0,0
713,0,null,0,0,0
714,0,null,0,0,0
715,0,null,0,0,0
716,0,null,0,0,0
717,0,null,0,0,0
718,0,null,0,0,0
719,0,null,0,0,0
720,0,null,0,0,0
721,0,null,0,0,0
722,1,primary_proton,1,1,1
723,0,null,0,0,0
724,0,null,0,0,0
725,0,null,0,0,0
726,0,null,0,0,0
727,0,null,0,0,0
728,0,null,0,0,0
729,0,null,0,0,0
730,1,primary_proton,1,1,1
731,3,secondary_proton,1,1,1
732,4,secondary_proton,1,1,0
733,0,null,0,0,0
734,0,null,0,0,0
735,0,null,0,0,0
736,0,null,0,0,0
737,0,null,0,0,0
738,0,null,0,0,0
739,0,null,0,0,0
740,0,null,0,0,0
741,0,null,0,0,0
742,0,null,0,0,0
743,0,null,0,0,0
744,0,null,0,0,0
745,0,null,0,0,0
746,0,null,0,0,0
747,0,null,0,0,0
748,0,null,0,0,0
749,0,null,0,0,0
750,0,null,0,0,0
751,0,null,0,0,0
752,0,null,0,0,0
753,0,null,0,0,0
754,0,null,0,0,0
755,0,null,0,0,0
756,0,null,0,0,0
757,0,null,0,0,0
758,0,null,0,0,0
759,0,null,0,0,0
760,7,secondary_proton,1,1,1
761,0,null,0,0,0
762,0,null,0,0,0
763,0,null,0,0,0
764,0,null,0,0,0
765,0,null,0,0,0
766,0,null,0,0,0
767,0,null,0,0,0
768,0,null,0,0,0
769,0,null,0,0,0
770,0,null,0,0,0
771,0,null,0,0,0
772,17,pi+,1,1,1
773,0,null,0,0,0
774,0,null,0,0,0
775,0,null,0,0,0
776,0,null,0,0,0
777,0,null,0,0,0
778,0,null,0,0,0
779,0,null,0,0,0
780,0,null,0,0,0
781,0,null,0,0,0
782,0,null,0,0,0
783,5,secondary_proton,1,1,1
784,0,null,0,0,0
785,0,null,0,0,0
786,0,null,0,0,0
787,0,null,0,0,0
788,0,null,0,0,0
789,0,null,0,0,0
790,0,null,0,0,0
791,0,null,0,0,0
792,0,null,0,0,0
793,1,primary_proton,1,1,1
794,0,null,0,0,0
795,0,null,0,0,0
796,0,null,0,0,0
797,0,null,0,0,0
798,0,null,0,0,0
799,0,null,0,0,0
800,0,null,0,0,0
801,0,null,0,0,0
802,0,null,0,0,0
803,0,null,0,0,0
804,0,null,0,0,0
805,0,null,0,0,0
806,0,null,0,0,0
807,0,null,0,0,0
808,13,pi-,1,0,0
809,0,null,0,0,0
810,0,null,0,0,0
811,2,secondary_proton,1,1,0
812,0,null,0,0,0
813,0,null,0,0,0
814,0,null,0,0,0
815,0,null,0,0,0
816,0,null,0,0,0
817,0,null,0,0,0
818,0,null,0,0,0
819,0,null,0,0,0
820,0,null,0,0,0
821,0,null,0,0,0
822,1,primary_proton,1,1,1
823,0,null,0,0,0
824,0,null,0,0,0
825,23,pi-,1,1,0
826,0,null,0,0,0
827,0,null,0,0,0
828,0,null,0,0,0
829,0,null,0,0,0
830,0,null,0,0,0
831,0,null,0,0,0
832,0,null,0,0,0
833,0,null,0,0,0
834,15,pi+,1,1,1
835,0,null,0,0,0
836,0,null,0,0,0
837,0,null,0,0,0
838,0,null,0,0,0
839,0,null,0,0,0
840,31,pi-,1,1,0
841,0,null,0,0,0
842,0,null,0,0,0
843,0,null,0,0,0
844,0,null,0,0,0
845,0,null,0,0,0
846,0,null,0,0,0
847,0,null,0,0,0
848,0,null,0,0,0
849,19,pi+,1,0,0
850,0,null,0,0,0
851,0,null,0,0,0
852,0,null,0,0,0
853,0,null,0,0,0
854,0,null,0,0,0
855,0,null,0,0,0
856,0,null,0,0,0
857,0,null,0,0,0
858,13,pi-,1,1,1
859,0,null,0,0,0
860,0,null,0,0,0
861,0,null,0,0,0
862,0,null,0,0,0
863,0,null,0,0,0
864,0,null,0,0,0
865,0,null,0,0,0
866,0,null,0,0,0
867,0,null,0,0,0
868,0,null,0,0,0
869,0,null,0,0,0
870,0,null,0,0,0
871,0,null,0,0,0
872,24,secondary_proton,1,1,1
873,0,null,0,0,0
874,0,null,0,0,0
875,0,null,0,0,0
876,0,null,0,0,0
877,0,null,0,0,0
878,0,null,0,0,0
879,0,null,0,0,0
880,0,null,0,0,0
881,0,null,0,0,0
882,0,null,0,0,0
883,0,null,0,0,0
884,0,null,0,0,0
885,0,null,0,0,0
886,0,null,0,0,0
887,0,null,0,0,0
888,0,null,0,0,0
889,0,null,0,0,0
890,0,null,0,0,0
891,0,null,0,0,0
892,0,null,0,0,0
893,0,null,0,0,0
894,0,null,0,0,0
895,0,null,0,0,0
896,0,null,0,0,0
897,0,null,0,0,0
898,0,null,0,0,0
899,0,null,0,0,0
900,0,null,0,0,0
901,0,null,0,0,0
902,0,null,0,0,0
903,0,null,0,0,0
904,0,null,0,0,0
905,0,null,0,0,0
906,0,null,0,0,0
907,0,null,0,0,0
908,0,null,0,0,0
909,0,null,0,0,0
910,0,null,0,0,0
911,0,null,0,0,0
912,0,null,0,0,0
913,1,primary_proton,1,1,1
914,0,null,0,0,0
915,0,null,0,0,0
916,0,null,0,0,0
917,0,null,0,0,0
918,0,null,0,0,0
919,0,null,0,0,0
920,0,null,0,0,0
921,0,null,0,0,0
922,0,null,0,0,0
923,0,null,0,0,0
924,0,null,0,0,0
925,0,null,0,0,0
926,0,null,0,0,0
927,0,null,0,0,0
928,0,null,0,0,0
929,0,null,0,0,0
930,0,null,0,0,0
931,0,null,0,0,0
932,0,null,0,0,0
933,0,null,0,0,0
934,0,null,0,0,0
935,0,null,0,0,0
936,0,null,0,0,0
937,12,pi-,1,1,1
938,0,null,0,0,0
939,0,null,0,0,0
940,0,null,0,0,0
941,0,null,0,0,0
942,0,null,0,0,0
943,0,null,0,0,0
945,0,null,0,0,0
946,0,null,0,0,0
947,16,pi-,1,1,1
948,0,null,0,0,0
949,0,null,0,0,0
950,0,null,0,0,0
951,0,null,0,0,0
952,0,null,0,0,0
953,0,null,0,0,0
954,0,null,0,0,0
955,0,null,0,0,0
956,0,null,0,0,0
957,0,null,0,0,0
958,0,null,0,0,0
959,0,null,0,0,0
960,0,null,0,0,0
961,0,null,0,0,0
962,0,null,0,0,0
963,0,null,0,0,0
964,0,null,0,0,0
965,24,pi+,1,0,0
966,0,null,0,0,0
967,0,null,0,0,0
968,0,null,0,0,0
969,0,null,0,0,0
970,0,null,0,0,0
971,0,null,0,0,0
972,0,null,0,0,0
973,0,null,0,0,0
974,0,null,0,0,0
975,0,null,0,0,0
976,0,null,0,0,0
977,0,null,0,0,0
978,0,null,0,0,0
979,0,null,0,0,0
980,0,null,0,0,0
981,0,null,0,0,0
982,0,null,0,0,0
983,0,null,0,0,0
984,0,null,0,0,0
985,0,null,0,0,0
986,0,null,0,0,0
987,0,null,0,0,0
988,0,null,0,0,0
989,0,null,0,0,0
990,0,null,0,0,0
991,0,null,0,0,0
992,0,null,0,0,0
993,0,null,0,0,0
994,0,null,0,0,0
995,0,null,0,0,0
996,0,null,0,0,0
997,0,null,0,0,0
998,0,null,0,0,0
999,0,null,0,0,0
1000,0,null,0,0,0
1001,0,null,0,0,0
1002,0,null,0,0,0
1003,0,null,0,0,0
1004,0,null,0,0,0
1005,0,null,0,0,0
1006,0,null,0,0,0
1007,0,null,0,0,0
1008,0,null,0,0,0
1009,0,null,0,0,0
1010,0,null,0,0,0
1011,0,null,0,0,0
1012,0,null,0,0,0
1013,0,null,0,0,0
1014,0,null,0,0,0
1015,0,null,0,0,0
1016,0,null,0,0,0
1017,0,null,0,0,0
1018,0,null,0,0,0
1019,0,null,0,0,0
1020,0,null,0,0,0
1021,0,null,0,0,0
1022,0,null,0,0,0
1023,0,null,0,0,0
1024,0,null,0,0,0
1025,0,null,0,0,0
1026,6,pi+,1,1,1
1027,0,null,0,0,0
1028,0,null,0,0,0
1029,0,null,0,0,0
1030,0,null,0,0,0
1031,0,null,0,0,0
1032,0,null,0,0,0
1033,0,null,0,0,0
1034,0,null,0,0,0
1035,0,null,0,0,0
1036,0,null,0,0,0
1037,0,null,0,0,0
1038,0,null,0,0,0
1039,12,secondary_proton,1,1,1
1040,0,null,0,0,0
1041,0,null,0,0,0
1042,0,null,0,0,0
1043,0,null,0,0,0
1044,0,null,0,0,0
1045,0,null,0,0,0
1046,0,null,0,0,0
1047,0,null,0,0,0
1048,0,null,0,0,0
1049,0,null,0,0,0
1050,0,null,0,0,0
1051,0,null,0,0,0
1052,0,null,0,0,0
1053,1,primary_proton,1,1,1
1054,0,null,0,0,0
1055,0,null,0,0,0
1056,0,null,0,0,0
1057,0,null,0,0,0
1058,0,null,0,0,0
1059,0,null,0,0,0
1060,0,null,0,0,0
1061,0,null,0,0,0
1062,1,primary_proton,1,1,1
1063,0,null,0,0,0
1064,0,null,0,0,0
1065,0,null,0,0,0
1066,0,null,0,0,0
1067,0,null,0,0,0
1068,0,null,0,0,0
1069,0,null,0,0,0
1070,0,null,0,0,0
1071,0,null,0,0,0
1072,0,null,0,0,0
1073,0,null,0,0,0
1074,0,null,0,0,0
1075,0,null,0,0,0
1076,8,secondary_proton,1,1,1
1077,0,null,0,0,0
1078,0,null,0,0,0
1079,0,null,0,0,0
1080,0,null,0,0,0
1081,0,null,0,0,0
1082,0,null,0,0,0
1083,0,null,0,0,0
1084,0,null,0,0,0
1085,0,null,0,0,0
1086,0,null,0,0,0
1087,0,null,0,0,0
1088,0,null,0,0,0
1089,0,null,0,0,0
1090,0,null,0,0,0
1091,0,null,0,0,0
1092,0,null,0,0,0
1093,0,null,0,0,0
1094,0,null,0,0,0
1095,0,null,0,0,0
1096,0,null,0,0,0
1097,0,null,0,0,0
1098,0,null,0,0,0
1099,0,null,0,0,0
1100,0,null,0,0,0
1101,1,primary_proton,1,1,1
1102,0,null,0,0,0
1103,0,null,0,0,0
1104,0,null,0,0,0
1105,0,null,0,0,0
1106,0,null,0,0,0
1107,0,null,0,0,0
1108,0,null,0,0,0
1109,0,null,0,0,0
1110,0,null,0,0,0
1111,0,null,0,0,0
1112,0,null,0,0,0
1113,0,null,0,0,0
1114,0,null,0,0,0
1115,0,null,0,0,0
1116,11,pi+,1,1,1
1117,0,null,0,0,0
1118,0,null,0,0,0
1119,0,null,0,0,0
1120,0,null,0,0,0
1121,0,null,0,0,0
1122,0,null,0,0,0
1123,0,null,0,0,0
1124,0,null,0,0,0
1125,0,null,0,0,0
1126,0,null,0,0,0
1127,1,primary_proton,1,1,1
1128,0,null,0,0,0
1129,0,null,0,0,0
1130,0,null,0,0,0
1131,0,null,0,0,0
1132,0,null,0,0,0
1133,0,null,0,0,0
1134,1,primary_proton,1,1,1
1135,0,null,0,0,0
1136,2831,pi+,1,1,1
1137,0,null,0,0,0
1138,0,null,0,0,0
1139,0,null,0,0,0
1140,0,null,0,0,0
1141,0,null,0,0,0
1142,0,null,0,0,0
1143,0,null,0,0,0
1144,0,null,0,0,0
1145,0,null,0,0,0
1146,0,null,0,0,0
1147,0,null,0,0,0
1148,0,null,0,0,0
1149,0,null,0,0,0
1150,0,null,0,0,0
1151,0,null,0,0,0
1152,0,null,0,0,0
1153,0,null,0,0,0
1154,0,null,0,0,0
1155,10,secondary_proton,1,1,1
1156,0,null,0,0,0
1157,0,null,0,0,0
1158,0,null,0,0,0
1159,1,primary_proton,1,1,1
1160,0,null,0,0,0
1161,0,null,0,0,0
1162,0,null,0,0,0
1163,0,null,0,0,0
1164,0,null,0,0,0
1165,0,null,0,0,0
1166,0,null,0,0,0
1167,0,null,0,0,0
1169,0,null,0,0,0
1170,0,null,0,0,0
1171,0,null,0,0,0
1172,0,null,0,0,0
1173,0,null,0,0,0
1174,0,null,0,0,0
1175,0,null,0,0,0
1176,1,primary_proton,1,1,1
1177,0,null,0,0,0
1178,583,pi+,1,0,0
1179,0,null,0,0,0
1180,0,null,0,0,0
1181,0,null,0,0,0
1182,0,null,0,0,0
1183,0,null,0,0,0
1184,0,null,0,0,0
1185,4136,e-,1,1,1
1186,0,null,0,0,0
1187,0,null,0,0,0
1188,0,null,0,0,0
1189,0,null,0,0,0
1190,74,secondary_proton,1,1,1
1191,0,null,0,0,0
1192,0,null,0,0,0
1193,0,null,0,0,0
1194,0,null,0,0,0
1195,1,primary_proton,1,1,1
1196,0,null,0,0,0
1197,0,null,0,0,0
1198,0,null,0,0,0
1199,0,null,0,0,0
1200,0,null,0,0,0
1201,0,null,0,0,0
1202,247,e+,1,1,1
1203,0,null,0,0,0
1204,0,null,0,0,0
1205,0,null,0,0,0
1206,0,null,0,0,0
1207,0,null,0,0,0
1208,0,null,0,0,0
1209,11,kaon+,1,1,1
1210,0,null,0,0,0
1211,0,null,0,0,0
1212,0,null,0,0,0
1213,0,null,0,0,0
1214,0,null,0,0,0
1215,0,null,0,0,0
1216,0,null,0,0,0
1217,0,null,0,0,0
1218,0,null,0,0,0
1219,0,null,0,0,0
1220,0,null,0,0,0
1221,0,null,0,0,0
1222,0,null,0,0,0
1223,0,null,0,0,0
1224,0,null,0,0,0
1225,0,null,0,0,0
1226,0,null,0,0,0
1227,0,null,0,0,0
1228,0,null,0,0,0
1229,0,null,0,0,0
1230,0,null,0,0,0
1231,0,null,0,0,0
1232,0,null,0,0,0
1233,0,null,0,0,0
1234,0,null,0,0,0
1235,0,null,0,0,0
1236,10,pi+,1,1,1
1237,0,null,0,0,0
1238,0,null,0,0,0
1239,0,null,0,0,0
1240,0,null,0,0,0
1241,0,null,0,0,0
1242,0,null,0,0,0
1243,0,null,0,0,0
1244,0,null,0,0,0
1245,0,null,0,0,0
1246,0,null,0,0,0
1247,0,null,0,0,0
1248,0,null,0,0,0
1249,0,null,0,0,0
1250,0,null,0,0,0
1251,0,null,0,0,0
1252,0,null,0,0,0
1253,0,null,0,0,0
1254,0,null,0,0,0
1255,0,null,0,0,0
1256,0,null,0,0,0
1257,0,null,0,0,0
1258,0,null,0,0,0
1259,0,null,0,0,0
1260,0,null,0,0,0
1261,0,null,0,0,0
1262,0,null,0,0,0
1263,0,null,0,0,0
1264,0,null,0,0,0
1265,11,pi+,1,1,1
1266,0,null,0,0,0
1267,0,null,0,0,0
1268,0,null,0,0,0
1269,0,null,0,0,0
1270,0,null,0,0,0
1271,0,null,0,0,0
1272,0,null,0,0,0
1273,0,null,0,0,0
1274,0,null,0,0,0
1275,0,null,0,0,0
1276,0,null,0,0,0
1277,0,null,0,0,0
1278,1,primary_proton,1,1,1
1279,0,null,0,0,0
1280,0,null,0,0,0
1281,0,null,0,0,0
1282,0,null,0,0,0
1283,1,primary_proton,1,1,1
1284,0,null,0,0,0
1285,0,null,0,0,0
1286,0,null,0,0,0
1287,0,null,0,0,0
1288,0,null,0,0,0
1289,0,null,0,0,0
1290,0,null,0,0,0
1291,0,null,0,0,0
1292,0,null,0,0,0
1293,0,null,0,0,0
1294,0,null,0,0,0
1295,0,null,0,0,0
1296,0,null,0,0,0
1297,0,null,0,0,0
1298,0,null,0,0,0
1299,0,null,0,0,0
1300,0,null,0,0,0
1301,1,primary_proton,1,1,1
1302,0,null,0,0,0
1303,0,null,0,0,0
1304,0,null,0,0,0
1305,0,null,0,0,0
1306,0,null,0,0,0
1307,0,null,0,0,0
1308,0,null,0,0,0
1309,0,null,0,0,0
1310,0,null,0,0,0
1311,0,null,0,0,0
1312,0,null,0,0,0
1313,0,null,0,0,0
1314,0,null,0,0,0
1315,0,null,0,0,0
1316,0,null,0,0,0
1317,0,null,0,0,0
1318,0,null,0,0,0
1319,12,pi+,1,1,1
1320,0,null,0,0,0
1321,0,null,0,0,0
1322,0,null,0,0,0
1323,0,null,0,0,0
1324,1,primary_proton,1,1,1
1325,0,null,0,0,0
1326,0,null,0,0,0
1327,0,null,0,0,0
1328,0,null,0,0,0
1329,0,null,0,0,0
1330,0,null,0,0,0
1331,0,null,0,0,0
1332,0,null,0,0,0
1333,0,null,0,0,0
1334,0,null,0,0,0
1335,0,null,0,0,0
1336,0,null,0,0,0
1337,0,null,0,0,0
1338,0,null,0,0,0
1339,0,null,0,0,0
1340,0,null,0,0,0
1341,0,null,0,0,0
1342,0,null,0,0,0
1343,0,null,0,0,0
1344,0,null,0,0,0
1345,0,null,0,0,0
1346,0,null,0,0,0
1347,0,null,0,0,0
1348,0,null,0,0,0
1349,326,pi+,1,1,1
1350,0,null,0,0,0
1351,0,null,0,0,0
1352,0,null,0,0,0
1353,0,null,0,0,0
1354,0,null,0,0,0
1355,0,null,0,0,0
1356,0,null,0,0,0
1357,0,null,0,0,0
1358,0,null,0,0,0
1359,0,null,0,0,0
1360,0,null,0,0,0
1361,0,null,0,0,0
1362,0,null,0,0,0
1363,0,null,0,0,0
1364,0,null,0,0,0
1365,0,null,0,0,0
1366,0,null,0,0,0
1367,0,null,0,0,0
1368,0,null,0,0,0
1369,0,null,0,0,0
1370,0,null,0,0,0
1371,0,null,0,0,0
1372,0,null,0,0,0
1373,0,null,0,0,0
1374,0,null,0,0,0
1375,0,null,0,0,0
1376,0,null,0,0,0
1377,0,null,0,0,0
1378,0,null,0,0,0
1379,0,null,0,0,0
1380,0,null,0,0,0
1381,0,null,0,0,0
1382,0,null,0,0,0
1383,0,null,0,0,0
1384,0,null,0,0,0
1385,0,null,0,0,0
1386,0,null,0,0,0
1387,0,null,0,0,0
1388,0,null,0,0,0
1389,0,null,0,0,0
1390,1,primary_proton,1,1,1
1392,0,null,0,0,0
1393,0,null,0,0,0
1394,0,null,0,0,0
1395,0,null,0,0,0
1396,0,null,0,0,0
1397,0,null,0,0,0
1398,0,null,0,0,0
1399,0,null,0,0,0
1400,0,null,0,0,0
1401,0,null,0,0,0
1402,0,null,0,0,0
1403,6,pi+,1,0,0
1404,0,null,0,0,0
1405,3523,pi+,1,1,0
1406,0,null,0,0,0
1407,0,null,0,0,0
1408,0,null,0,0,0
1409,0,null,0,0,0
1410,0,null,0,0,0
1411,0,null,0,0,0
1412,0,null,0,0,0
1413,0,null,0,0,0
1414,0,null,0,0,0
1415,0,null,0,0,0
1416,0,null,0,0,0
1417,0,null,0,0,0
1418,0,null,0,0,0
1419,1,primary_proton,1,1,1
1420,0,null,0,0,0
1421,0,null,0,0,0
1422,0,null,0,0,0
1423,0,null,0,0,0
1424,0,null,0,0,0
1425,0,null,0,0,0
1426,0,null,0,0,0
1427,0,null,0,0,0
1428,0,null,0,0,0
1429,0,null,0,0,0
1430,0,null,0,0,0
1431,0,null,0,0,0
1432,0,null,0,0,0
1433,0,null,0,0,0
1434,12,pi+,1,1,1
1435,11,pi-,1,1,1
1436,0,null,0,0,0
1437,0,null,0,0,0
1438,0,null,0,0,0
1439,0,null,0,0,0
1440,0,null,0,0,0
1441,0,null,0,0,0
1442,0,null,0,0,0
1443,0,null,0,0,0
1444,0,null,0,0,0
1445,0,null,0,0,0
1446,0,null,0,0,0
1447,0,null,0,0,0
1448,0,null,0,0,0
1449,0,null,0,0,0
1450,0,null,0,0,0
1451,0,null,0,0,0
1452,0,null,0,0,0
1453,0,null,0,0,0
1454,0,null,0,0,0
1455,0,null,0,0,0
1456,0,null,0,0,0
1457,0,null,0,0,0
1458,4,secondary_proton,1,0,0
1459,0,null,0,0,0
1460,0,null,0,0,0
1461,0,null,0,0,0
1462,0,null,0,0,0
1463,0,null,0,0,0
1464,0,null,0,0,0
1465,0,null,0,0,0
1466,1,primary_proton,1,1,1
1467,0,null,0,0,0
1468,0,null,0,0,0
1469,0,null,0,0,0
1470,0,null,0,0,0
1471,0,null,0,0,0
1472,0,null,0,0,0
1473,0,null,0,0,0
1474,1,primary_proton,1,1,1
1475,0,null,0,0,0
1476,0,null,0,0,0
1477,0,null,0,0,0
1478,0,null,0,0,0
1479,0,null,0,0,0
1480,0,null,0,0,0
1481,1,primary_proton,1,1,1
1482,0,null,0,0,0
1483,0,null,0,0,0
1484,0,null,0,0,0
1485,0,null,0,0,0
1486,4,pi+,1,1,1
1487,0,null,0,0,0
1488,0,null,0,0,0
1489,0,null,0,0,0
1490,0,null,0,0,0
1491,0,null,0,0,0
1492,0,null,0,0,0
1493,1,primary_proton,1,1,1
1494,0,null,0,0,0
1495,0,null,0,0,0
1496,0,null,0,0,0
1497,0,null,0,0,0
1498,0,null,0,0,0
1499,0,null,0,0,0
1500,0,null,0,0,0
1501,0,null,0,0,0
1502,1,primary_proton,1,1,1
1503,0,null,0,0,0
1504,10,secondary_proton,1,1,1
1505,2719,pi-,1,0,0
1506,0,null,0,0,0
1507,2,secondary_proton,1,1,1
1508,0,null,0,0,0
1509,13,secondary_proton,1,1,0
1510,0,null,0,0,0
1511,0,null,0,0,0
1512,0,null,0,0,0
1513,0,null,0,0,0
1514,0,null,0,0,0
1515,0,null,0,0,0
1516,0,null,0,0,0
1517,0,null,0,0,0
1518,0,null,0,0,0
1519,0,null,0,0,0
1520,1,primary_proton,1,1,1
1521,0,null,0,0,0
1522,0,null,0,0,0
1523,0,null,0,0,0
1524,0,null,0,0,0
1525,0,null,0,0,0
1526,0,null,0,0,0
1527,0,null,0,0,0
1528,0,null,0,0,0
1529,0,null,0,0,0
1530,0,null,0,0,0
1531,9,secondary_proton,1,1,0
1532,1,primary_proton,1,1,1
1533,0,null,0,0,0
1534,0,null,0,0,0
1535,0,null,0,0,0
1536,0,null,0,0,0
1537,0,null,0,0,0
1538,0,null,0,0,0
1539,0,null,0,0,0
1540,0,null,0,0,0
1541,0,null,0,0,0
1542,0,null,0,0,0
1543,0,null,0,0,0
1544,0,null,0,0,0
1545,0,null,0,0,0
1546,0,null,0,0,0
1547,0,null,0,0,0
1548,0,null,0,0,0
1549,0,null,0,0,0
1550,2499,e-,1,1,0
1551,0,null,0,0,0
1552,0,null,0,0,0
1553,0,null,0,0,0
1554,0,null,0,0,0
1555,0,null,0,0,0
1556,0,null,0,0,0
1557,0,null,0,0,0
1558,0,null,0,0,0
1559,0,null,0,0,0
1560,0,null,0,0,0
1561,0,null,0,0,0
1562,1,primary_proton,1,1,1
1563,0,null,0,0,0
1564,0,null,0,0,0
1565,0,null,0,0,0
1566,0,null,0,0,0
1567,0,null,0,0,0
1568,0,null,0,0,0
1569,0,null,0,0,0
1570,9587,pi+,1,0,0
1571,0,null,0,0,0
1572,0,null,0,0,0
1573,0,null,0,0,0
1574,0,null,0,0,0
1575,0,null,0,0,0
1576,0,null,0,0,0
1577,4,secondary_proton,1,1,1
1578,0,null,0,0,0
1579,0,null,0,0,0
1580,0,null,0,0,0
1581,0,null,0,0,0
1582,0,null,0,0,0
1583,2,secondary_proton,1,1,1
1584,0,null,0,0,0
1585,0,null,0,0,0
1586,0,null,0,0,0
1587,0,null,0,0,0
1588,0,null,0,0,0
1589,0,null,0,0,0
1590,14,pi-,1,1,1
1591,0,null,0,0,0
1592,1,primary_proton,1,1,1
1593,0,null,0,0,0
1594,0,null,0,0,0
1595,0,null,0,0,0
1596,0,null,0,0,0
1597,0,null,0,0,0
1598,0,null,0,0,0
1599,0,null,0,0,0
1600,0,null,0,0,0
1601,0,null,0,0,0
1602,0,null,0,0,0
1603,0,null,0,0,0
1604,0,null,0,0,0
1605,0,null,0,0,0
1606,0,null,0,0,0
1607,0,null,0,0,0
1609,0,null,0,0,0
1610,0,null,0,0,0
1611,0,null,0,0,0
1612,0,null,0,0,0
1613,0,null,0,0,0
1614,5528,mu-,1,0,0
1615,0,null,0,0,0
1616,1,primary_proton,1,1,1
1617,0,null,0,0,0
1618,0,null,0,0,0
1619,9,secondary_proton,1,1,1
1620,0,null,0,0,0
1621,0,null,0,0,0
1622,0,null,0,0,0
1623,0,null,0,0,0
1624,0,null,0,0,0
1625,0,null,0,0,0
1626,0,null,0,0,0
1627,0,null,0,0,0
1628,0,null,0,0,0
1629,0,null,0,0,0
1630,0,null,0,0,0
1631,0,null,0,0,0
1632,0,null,0,0,0
1633,0,null,0,0,0
1634,0,null,0,0,0
1635,0,null,0,0,0
1636,0,null,0,0,0
1637,0,null,0,0,0
1638,0,null,0,0,0
1639,0,null,0,0,0
1640,0,null,0,0,0
1641,0,null,0,0,0
1642,0,null,0,0,0
1643,0,null,0,0,0
1644,0,null,0,0,0
1645,0,null,0,0,0
1646,0,null,0,0,0
1647,0,null,0,0,0
1648,0,null,0,0,0
1649,0,null,0,0,0
1650,0,null,0,0,0
1651,0,null,0,0,0
1652,0,null,0,0,0
1653,0,null,0,0,0
1654,0,null,0,0,0
1655,0,null,0,0,0
1656,0,null,0,0,0
1657,0,null,0,0,0
1658,0,null,0,0,0
1659,0,null,0,0,0
1660,0,null,0,0,0
1661,0,null,0,0,0
1662,0,null,0,0,0
1663,0,null,0,0,0
1664,0,null,0,0,0
1665,0,null,0,0,0
1666,0,null,0,0,0
1667,0,null,0,0,0
1668,0,null,0,0,0
1669,0,null,0,0,0
1670,0,null,0,0,0
1671,0,null,0,0,0
1672,0,null,0,0,0
1673,0,null,0,0,0
1674,0,null,0,0,0
1675,0,null,0,0,0
1676,0,null,0,0,0
1677,0,null,0,0,0
1678,0,null,0,0,0
1679,0,null,0,0,0
1680,0,null,0,0,0
1681,0,null,0,0,0
1682,0,null,0,0,0
1683,0,null,0,0,0
1684,0,null,0,0,0
1685,0,null,0,0,0
1686,0,null,0,0,0
1687,0,null,0,0,0
1688,0,null,0,0,0
1689,0,null,0,0,0
1690,0,null,0,0,0
1691,0,null,0,0,0
1692,0,null,0,0,0
1693,0,null,0,0,0
1694,0,null,0,0,0
1695,0,null,0,0,0
1696,0,null,0,0,0
1697,0,null,0,0,0
1698,0,null,0,0,0
1699,0,null,0,0,0
1700,0,null,0,0,0
1701,0,null,0,0,0
1702,0,null,0,0,0
1703,0,null,0,0,0
1704,0,null,0,0,0
1705,0,null,0,0,0
1706,0,null,0,0,0
1707,0,null,0,0,0
1708,1,primary_proton,1,1,1
1709,0,null,0,0,0
1710,0,null,0,0,0
1711,0,null,0,0,0
1712,0,null,0,0,0
1713,0,null,0,0,0
1714,0,null,0,0,0
1715,0,null,0,0,0
1716,0,null,0,0,0
1717,0,null,0,0,0
1718,0,null,0,0,0
1719,1,primary_proton,1,1,1
1720,0,null,0,0,0
1721,0,null,0,0,0
1722,31,secondary_proton,1,0,0
1723,0,null,0,0,0
1724,0,null,0,0,0
1725,0,null,0,0,0
1726,0,null,0,0,0
1727,0,null,0,0,0
1728,0,null,0,0,0
1729,0,null,0,0,0
1730,0,null,0,0,0
1731,0,null,0,0,0
1732,0,null,0,0,0
1733,0,null,0,0,0
1734,0,null,0,0,0
1735,1,primary_proton,1,1,1
1736,0,null,0,0,0
1737,0,null,0,0,0
1738,0,null,0,0,0
1739,0,null,0,0,0
1740,0,null,0,0,0
1741,0,null,0,0,0
1742,0,null,0,0,0
1743,0,null,0,0,0
1744,0,null,0,0,0
1745,0,null,0,0,0
1746,0,null,0,0,0
1747,6,secondary_proton,1,1,1
1748,0,null,0,0,0
1749,0,null,0,0,0
1750,0,null,0,0,0
1751,0,null,0,0,0
1752,0,null,0,0,0
1753,0,null,0,0,0
1754,0,null,0,0,0
1755,0,null,0,0,0
1756,0,null,0,0,0
1757,0,null,0,0,0
1758,0,null,0,0,0
1759,11,secondary_proton,1,1,1
1760,0,null,0,0,0
1761,44,pi+,1,0,0
1762,0,null,0,0,0
1763,0,null,0,0,0
1764,0,null,0,0,0
1765,0,null,0,0,0
1766,0,null,0,0,0
1767,0,null,0,0,0
1768,0,null,0,0,0
1769,0,null,0,0,0
1770,0,null,0,0,0
1771,0,null,0,0,0
1772,0,null,0,0,0
1773,0,null,0,0,0
1774,0,null,0,0,0
1775,0,null,0,0,0
1776,0,null,0,0,0
1777,0,null,0,0,0
1778,0,null,0,0,0
1779,0,null,0,0,0
1780,0,null,0,0,0
1781,0,null,0,0,0
1782,0,null,0,0,0
1783,0,null,0,0,0
1784,0,null,0,0,0
1785,0,null,0,0,0
1786,0,null,0,0,0
1787,0,null,0,0,0
1788,0,null,0,0,0
1789,0,null,0,0,0
1790,0,null,0,0,0
1791,0,null,0,0,0
1792,0,null,0,0,0
1793,0,null,0,0,0
1794,0,null,0,0,0
1795,0,null,0,0,0
1796,0,null,0,0,0
1797,0,null,0,0,0
1798,0,null,0,0,0
1799,0,null,0,0,0
1800,11,pi+,1,1,0
1801,0,null,0,0,0
1802,0,null,0,0,0
1803,0,null,0,0,0
1804,0,null,0,0,0
1805,0,null,0,0,0
1806,0,null,0,0,0
1807,0,null,0,0,0
1808,0,null,0,0,0
1809,0,null,0,0,0
1810,0,null,0,0,0
1811,0,null,0,0,0
1812,0,null,0,0,0
1813,0,null,0,0,0
1814,0,null,0,0,0
1815,0,null,0,0,0
1816,0,null,0,0,0
1817,0,null,0,0,0
1818,0,null,0,0,0
1819,0,null,0,0,0
1820,0,null,0,0,0
1821,0,null,0,0,0
1822,0,null,0,0,0
1823,0,null,0,0,0
1824,0,null,0,0,0
1825,0,null,0,0,0
1826,0,null,0,0,0
1827,0,null,0,0,0
1828,23,pi+,1,1,1
1829,0,null,0,0,0
1831,0,null,0,0,0
1832,0,null,0,0,0
1833,0,null,0,0,0
1834,0,null,0,0,0
1835,0,null,0,0,0
1836,0,null,0,0,0
1837,0,null,0,0,0
1838,0,null,0,0,0
1839,0,null,0,0,0
1840,0,null,0,0,0
1841,0,null,0,0,0
1842,0,null,0,0,0
1843,0,null,0,0,0
1844,0,null,0,0,0
1845,0,null,0,0,0
1846,0,null,0,0,0
1847,0,null,0,0,0
1848,1,primary_proton,1,1,1
1849,0,null,0,0,0
1850,0,null,0,0,0
1851,5,secondary_proton,1,1,1
1852,0,null,0,0,0
1853,0,null,0,0,0
1854,0,null,0,0,0
1855,0,null,0,0,0
1856,0,null,0,0,0
1857,0,null,0,0,0
1858,0,null,0,0,0
1859,12,pi-,1,1,1
1860,0,null,0,0,0
1861,0,null,0,0,0
1862,0,null,0,0,0
1863,0,null,0,0,0
1864,10,secondary_proton,1,1,1
1865,0,null,0,0,0
1866,0,null,0,0,0
1867,0,null,0,0,0
1868,0,null,0,0,0
1869,0,null,0,0,0
1870,0,null,0,0,0
1871,0,null,0,0,0
1872,0,null,0,0,0
1873,0,null,0,0,0
1874,0,null,0,0,0
1875,0,null,0,0,0
1876,0,null,0,0,0
1877,0,null,0,0,0
1878,0,null,0,0,0
1879,0,null,0,0,0
1880,0,null,0,0,0
1881,0,null,0,0,0
1882,0,null,0,0,0
1883,0,null,0,0,0
1884,0,null,0,0,0
1885,0,null,0,0,0
1886,0,null,0,0,0
1887,0,null,0,0,0
1888,0,null,0,0,0
1889,0,null,0,0,0
1890,0,null,0,0,0
1891,0,null,0,0,0
1892,0,null,0,0,0
1893,0,null,0,0,0
1894,0,null,0,0,0
1895,0,null,0,0,0
1896,0,null,0,0,0
1897,0,null,0,0,0
1898,0,null,0,0,0
1899,0,null,0,0,0
1900,0,null,0,0,0
1901,0,null,0,0,0
1902,0,null,0,0,0
1903,0,null,0,0,0
1904,0,null,0,0,0
1905,0,null,0,0,0
1906,0,null,0,0,0
1907,2263,e-,0,0,1
1908,0,null,0,0,0
1909,0,null,0,0,0
1910,0,null,0,0,0
1911,0,null,0,0,0
1912,0,null,0,0,0
1913,0,null,0,0,0
1914,8,secondary_proton,1,1,1
1915,0,null,0,0,0
1916,0,null,0,0,0
1917,0,null,0,0,0
1918,0,null,0,0,0
1919,0,null,0,0,0
1920,16,secondary_proton,1,1,1
1921,0,null,0,0,0
1922,0,null,0,0,0
1923,0,null,0,0,0
1924,17,pi+,1,1,1
1925,0,null,0,0,0
1926,0,null,0,0,0
1927,0,null,0,0,0
1928,0,null,0,0,0
1929,6959,pi-,1,1,1
1930,0,null,0,0,0
1931,1,primary_proton,1,1,1
1932,0,null,0,0,0
1933,0,null,0,0,0
1934,0,null,0,0,0
1935,0,null,0,0,0
1936,0,null,0,0,0
1937,0,null,0,0,0
1938,0,null,0,0,0
1939,1,primary_proton,1,1,1
1940,0,null,0,0,0
1941,803,e-,1,1,1
1942,0,null,0,0,0
1943,0,null,0,0,0
1944,1,primary_proton,1,1,1
1945,0,null,0,0,0
1946,0,null,0,0,0
1947,0,null,0,0,0
1948,0,null,0,0,0
1949,0,null,0,0,0
1950,0,null,0,0,0
1951,0,null,0,0,0
1952,0,null,0,0,0
1953,0,null,0,0,0
1954,0,null,0,0,0
1955,0,null,0,0,0
1956,0,null,0,0,0
1957,0,null,0,0,0
1958,0,null,0,0,0
1959,0,null,0,0,0
1960,0,null,0,0,0
1961,0,null,0,0,0
1962,0,null,0,0,0
1963,0,null,0,0,0
1964,1,primary_proton,1,1,1
1965,5,secondary_proton,1,1,1
1966,0,null,0,0,0
1967,0,null,0,0,0
1968,0,null,0,0,0
1969,0,null,0,0,0
1970,0,null,0,0,0
1971,0,null,0,0,0
1972,0,null,0,0,0
1973,0,null,0,0,0
1974,0,null,0,0,0
1975,0,null,0,0,0
1976,0,null,0,0,0
1977,0,null,0,0,0
1978,0,null,0,0,0
1979,0,null,0,0,0
1980,1,primary_proton,1,1,1
1981,0,null,0,0,0
1982,0,null,0,0,0
1983,8,pi-,1,1,1
1984,0,null,0,0,0
1985,0,null,0,0,0
1986,0,null,0,0,0
1987,0,null,0,0,0
1988,0,null,0,0,0
1989,1,primary_proton,1,1,1
1990,0,null,0,0,0
1991,0,null,0,0,0
1992,1,primary_proton,1,1,1
1993,0,null,0,0,0
1994,0,null,0,0,0
1995,0,null,0,0,0
1996,0,null,0,0,0
1997,0,null,0,0,0
1998,0,null,0,0,0
1999,0,null,0,0,0
2000,0,null,0,0,0
2001,0,null,0,0,0
2002,0,null,0,0,0
2003,0,null,0,0,0
2004,0,null,0,0,0
2005,0,null,0,0,0
2006,0,null,0,0,0
2007,0,null,0,0,0
2008,2,secondary_proton,1,1,1
2009,0,null,0,0,0
2010,0,null,0,0,0
2011,0,null,0,0,0
2012,0,null,0,0,0
2013,0,null,0,0,0
2014,0,null,0,0,0
2015,0,null,0,0,0
2016,0,null,0,0,0
2017,0,null,0,0,0
2018,0,null,0,0,0
2019,0,null,0,0,0
2020,0,null,0,0,0
2021,0,null,0,0,0
2022,0,null,0,0,0
2023,0,null,0,0,0
2024,0,null,0,0,0
2025,0,null,0,0,0
2026,0,null,0,0,0
2027,0,null,0,0,0
2028,0,null,0,0,0
2029,0,null,0,0,0
2030,0,null,0,0,0
2031,0,null,0,0,0
2032,0,null,0,0,0
2033,0,null,0,0,0
2034,0,null,0,0,0
2035,0,null,0,0,0
2036,0,null,0,0,0
2037,0,null,0,0,0
2038,0,null,0,0,0
2039,0,null,0,0,0
2040,0,null,0,0,0
2041,0,null,0,0,0
2042,0,null,0,0,0
2043,0,null,0,0,0
2044,0,null,0,0,0
2045,0,null,0,0,0
2046,23,pi+,1,1,1
2047,0,null,0,0,0
2048,0,null,0,0,0
2050,0,null,0,0,0
2051,0,null,0,0,0
2052,0,null,0,0,0
2053,0,null,0,0,0
2054,0,null,0,0,0
2055,0,null,0,0,0
2056,0,null,0,0,0
2057,0,null,0,0,0
2058,0,null,0,0,0
2059,0,null,0,0,0
2060,0,null,0,0,0
2061,0,null,0,0,0
2062,0,null,0,0,0
2063,0,null,0,0,0
2064,0,null,0,0,0
2065,0,null,0,0,0
2066,0,null,0,0,0
2067,0,null,0,0,0
2068,0,null,0,0,0
2069,0,null,0,0,0
2070,0,null,0,0,0
2071,0,null,0,0,0
2072,0,null,0,0,0
2073,0,null,0,0,0
2074,0,null,0,0,0
2075,0,null,0,0,0
2076,0,null,0,0,0
2077,1,primary_proton,1,1,1
2078,0,null,0,0,0
2079,0,null,0,0,0
2080,0,null,0,0,0
2081,1,primary_proton,1,1,1
2082,0,null,0,0,0
2083,0,null,0,0,0
2084,0,null,0,0,0
2085,0,null,0,0,0
2086,0,null,0,0,0
2087,0,null,0,0,0
2088,1,primary_proton,1,1,1
2089,0,null,0,0,0
2090,0,null,0,0,0
2091,0,null,0,0,0
2092,0,null,0,0,0
2093,0,null,0,0,0
2094,0,null,0,0,0
2095,0,null,0,0,0
2096,0,null,0,0,0
2097,0,null,0,0,0
2098,0,null,0,0,0
2099,1,primary_proton,1,1,1
2100,0,null,0,0,0
2101,0,null,0,0,0
2102,0,null,0,0,0
2103,1,primary_proton,1,1,1
2104,0,null,0,0,0
2105,0,null,0,0,0
2106,0,null,0,0,0
2107,0,null,0,0,0
2108,0,null,0,0,0
2109,0,null,0,0,0
2110,0,null,0,0,0
2111,0,null,0,0,0
2112,0,null,0,0,0
2113,0,null,0,0,0
2114,7,secondary_proton,1,1,1
2115,0,null,0,0,0
2116,0,null,0,0,0
2117,0,null,0,0,0
2118,0,null,0,0,0
2119,0,null,0,0,0
2120,0,null,0,0,0
2121,0,null,0,0,0
2122,0,null,0,0,0
2123,0,null,0,0,0
2124,0,null,0,0,0
2125,0,null,0,0,0
2126,0,null,0,0,0
2127,0,null,0,0,0
2128,0,null,0,0,0
2129,0,null,0,0,0
2130,0,null,0,0,0
2131,0,null,0,0,0
2132,0,null,0,0,0
2133,0,null,0,0,0
2134,0,null,0,0,0
2135,0,null,0,0,0
2136,0,null,0,0,0
2137,12,secondary_proton,1,1,1
2138,0,null,0,0,0
2139,0,null,0,0,0
2140,0,null,0,0,0
2141,1,primary_proton,1,1,1
2142,0,null,0,0,0
2143,0,null,0,0,0
2144,0,null,0,0,0
2145,0,null,0,0,0
2146,0,null,0,0,0
2147,0,null,0,0,0
2148,0,null,0,0,0
2149,0,null,0,0,0
2150,0,null,0,0,0
2151,0,null,0,0,0
2152,0,null,0,0,0
2153,2135,e-,1,1,0
2154,0,null,0,0,0
2155,0,null,0,0,0
2156,0,null,0,0,0
2157,0,null,0,0,0
2158,0,null,0,0,0
2159,0,null,0,0,0
2160,0,null,0,0,0
2161,0,null,0,0,0
2162,0,null,0,0,0
2163,0,null,0,0,0
2164,0,null,0,0,0
2165,0,null,0,0,0
2166,0,null,0,0,0
2167,0,null,0,0,0
2168,0,null,0,0,0
2169,0,null,0,0,0
2170,0,null,0,0,0
2171,33,pi-,1,1,1
2172,0,null,0,0,0
2173,0,null,0,0,0
2174,0,null,0,0,0
2175,0,null,0,0,0
2176,0,null,0,0,0
2177,0,null,0,0,0
2178,0,null,0,0,0
2179,0,null,0,0,0
2180,0,null,0,0,0
2181,0,null,0,0,0
2182,1,primary_proton,1,1,1
2183,0,null,0,0,0
2184,0,null,0,0,0
2185,0,null,0,0,0
2186,0,null,0,0,0
2187,0,null,0,0,0
2188,0,null,0,0,0
2189,0,null,0,0,0
2190,0,null,0,0,0
2191,0,null,0,0,0
2192,0,null,0,0,0
2193,0,null,0,0,0
2194,0,null,0,0,0
2195,0,null,0,0,0
2196,0,null,0,0,0
2197,0,null,0,0,0
2198,0,null,0,0,0
2199,0,null,0,0,0
2200,0,null,0,0,0
2201,0,null,0,0,0
2202,0,null,0,0,0
2203,0,null,0,0,0
2204,0,null,0,0,0
2205,0,null,0,0,0
2206,0,null,0,0,0
2207,0,null,0,0,0
2208,0,null,0,0,0
2209,0,null,0,0,0
2210,0,null,0,0,0
2211,0,null,0,0,0
2212,0,null,0,0,0
2213,0,null,0,0,0
2214,0,null,0,0,0
2215,0,null,0,0,0
2216,0,null,0,0,0
2217,0,null,0,0,0
2218,0,null,0,0,0
2219,0,null,0,0,0
2220,0,null,0,0,0
2221,0,null,0,0,0
2222,0,null,0,0,0
2223,0,null,0,0,0
2224,0,null,0,0,0
2225,0,null,0,0,0
2226,0,null,0,0,0
2227,0,null,0,0,0
2228,0,null,0,0,0
2229,0,null,0,0,0
2230,4361,e-,1,0,0
2231,0,null,0,0,0
2232,0,null,0,0,0
2233,0,null,0,0,0
2234,0,null,0,0,0
2235,0,null,0,0,0
2236,0,null,0,0,0
2237,1,primary_proton,1,1,1
2238,0,null,0,0,0
2239,0,null,0,0,0
2240,1,primary_proton,1,1,1
2241,0,null,0,0,0
2242,0,null,0,0,0
2243,0,null,0,0,0
2244,0,null,0,0,0
2245,0,null,0,0,0
2246,0,null,0,0,0
2247,1,primary_proton,1,1,1
2248,0,null,0,0,0
2249,0,null,0,0,0
2250,0,null,0,0,0
2251,0,null,0,0,0
2252,0,null,0,0,0
2253,0,null,0,0,0
2254,0,null,0,0,0
2255,0,null,0,0,0
2256,0,null,0,0,0
2257,0,null,0,0,0
2258,0,null,0,0,0
2259,0,null,0,0,0
2260,0,null,0,0,0
2261,0,null,0,0,0
2262,0,null,0,0,0
2263,0,null,0,0,0
2264,0,null,0,0,0
2265,0,null,0,0,0
2266,0,null,0,0,0
2267,0,null,0,0,0
2268,0,null,0,0,0
2269,0,null,0,0,0
2271,0,null,0,0,0
2272,0,null,0,0,0
2273,0,null,0,0,0
2274,17,secondary_proton,1,1,1
2275,0,null,0,0,0
2276,0,null,0,0,0
2277,1,primary_proton,1,1,1
2278,0,null,0,0,0
2279,0,null,0,0,0
2280,0,null,0,0,0
2281,0,null,0,0,0
2282,0,null,0,0,0
2283,0,null,0,0,0
2284,0,null,0,0,0
2285,0,null,0,0,0
2286,0,null,0,0,0
2287,0,null,0,0,0
2288,0,null,0,0,0
2289,0,null,0,0,0
2290,19,pi-,1,1,1
2291,0,null,0,0,0
2292,0,null,0,0,0
2293,0,null,0,0,0
2294,0,null,0,0,0
2295,0,null,0,0,0
2296,0,null,0,0,0
2297,0,null,0,0,0
2298,0,null,0,0,0
2299,0,null,0,0,0
2300,0,null,0,0,0
2301,0,null,0,0,0
2302,0,null,0,0,0
2303,0,null,0,0,0
2304,0,null,0,0,0
2305,1,primary_proton,1,1,1
2306,0,null,0,0,0
2307,1,primary_proton,1,1,1
2308,0,null,0,0,0
2309,0,null,0,0,0
2310,0,null,0,0,0
2311,0,null,0,0,0
2312,0,null,0,0,0
2313,0,null,0,0,0
2314,0,null,0,0,0
2315,0,null,0,0,0
2316,0,null,0,0,0
2317,0,null,0,0,0
2318,0,null,0,0,0
2319,15,pi+,1,1,1
2320,0,null,0,0,0
2321,0,null,0,0,0
2322,1,primary_proton,1,1,1
2323,0,null,0,0,0
2324,0,null,0,0,0
2325,0,null,0,0,0
2326,0,null,0,0,0
2327,6,secondary_proton,1,1,1
2328,0,null,0,0,0
2329,0,null,0,0,0
2330,0,null,0,0,0
2331,0,null,0,0,0
2332,1,primary_proton,1,1,1
2333,0,null,0,0,0
2334,0,null,0,0,0
2335,9,secondary_proton,1,1,1
2336,0,null,0,0,0
2337,0,null,0,0,0
2338,1,primary_proton,1,1,1
2339,0,null,0,0,0
2340,0,null,0,0,0
2341,0,null,0,0,0
2342,0,null,0,0,0
2343,0,null,0,0,0
2344,0,null,0,0,0
2345,0,null,0,0,0
2346,0,null,0,0,0
2347,0,null,0,0,0
2348,0,null,0,0,0
2349,0,null,0,0,0
2350,0,null,0,0,0
2351,0,null,0,0,0
2352,0,null,0,0,0
2353,0,null,0,0,0
2354,0,null,0,0,0
2355,0,null,0,0,0
2356,0,null,0,0,0
2357,0,null,0,0,0
2358,0,null,0,0,0
2359,0,null,0,0,0
2360,10,pi+,1,1,0
2361,0,null,0,0,0
2362,0,null,0,0,0
2363,0,null,0,0,0
2364,0,null,0,0,0
2365,0,null,0,0,0
2366,0,null,0,0,0
2367,0,null,0,0,0
2368,0,null,0,0,0
2369,0,null,0,0,0
2370,0,null,0,0,0
2371,0,null,0,0,0
2372,0,null,0,0,0
2373,0,null,0,0,0
2374,0,null,0,0,0
2375,0,null,0,0,0
2376,0,null,0,0,0
2377,0,null,0,0,0
2378,0,null,0,0,0
2379,0,null,0,0,0
2380,0,null,0,0,0
2381,0,null,0,0,0
2382,0,null,0,0,0
2383,10,pi-,1,1,1
2384,0,null,0,0,0
2385,0,null,0,0,0
2386,0,null,0,0,0
2387,0,null,0,0,0
2388,0,null,0,0,0
2389,10,secondary_proton,1,1,1
2390,0,null,0,0,0
2391,0,null,0,0,0
2392,0,null,0,0,0
2393,0,null,0,0,0
2394,4,secondary_proton,1,1,1
2395,0,null,0,0,0
2396,0,null,0,0,0
2397,0,null,0,0,0
2398,0,null,0,0,0
2399,0,null,0,0,0
2400,0,null,0,0,0
2401,1,primary_proton,1,1,1
2402,0,null,0,0,0
2403,0,null,0,0,0
2404,0,null,0,0,0
2405,0,null,0,0,0
2406,0,null,0,0,0
2407,0,null,0,0,0
2408,0,null,0,0,0
2409,0,null,0,0,0
2410,0,null,0,0,0
2411,0,null,0,0,0
2412,0,null,0,0,0
2413,0,null,0,0,0
2414,0,null,0,0,0
2415,0,null,0,0,0
2416,0,null,0,0,0
2417,0,null,0,0,0
2418,0,null,0,0,0
2419,1,primary_proton,1,1,1
2420,0,null,0,0,0
2421,0,null,0,0,0
2422,5,secondary_proton,1,1,1
2423,0,null,0,0,0
2424,0,null,0,0,0
2425,0,null,0,0,0
2426,0,null,0,0,0
2427,0,null,0,0,0
2428,0,null,0,0,0
2429,0,null,0,0,0
2430,1,primary_proton,1,1,1
2431,0,null,0,0,0
2432,0,null,0,0,0
2433,0,null,0,0,0
2434,0,null,0,0,0
2435,0,null,0,0,0
2436,0,null,0,0,0
2437,0,null,0,0,0
2438,0,null,0,0,0
2439,0,null,0,0,0
2440,0,null,0,0,0
2441,0,null,0,0,0
2442,0,null,0,0,0
2443,0,null,0,0,0
2444,0,null,0,0,0
2445,0,null,0,0,0
2446,0,null,0,0,0
2447,0,null,0,0,0
2448,0,null,0,0,0
2449,0,null,0,0,0
2450,0,null,0,0,0
2451,0,null,0,0,0
2452,0,null,0,0,0
2453,0,null,0,0,0
2454,25,secondary_proton,1,0,0
2455,0,null,0,0,0
2456,0,null,0,0,0
2457,0,null,0,0,0
2458,0,null,0,0,0
2459,0,null,0,0,0
2460,0,null,0,0,0
2461,0,null,0,0,0
2462,2891,e-,1,1,1
2463,0,null,0,0,0
2464,0,null,0,0,0
2465,0,null,0,0,0
2466,0,null,0,0,0
2467,0,null,0,0,0
2468,0,null,0,0,0
2469,0,null,0,0,0
2470,0,null,0,0,0
2471,0,null,0,0,0
2472,0,null,0,0,0
2473,0,null,0,0,0
2474,0,null,0,0,0
2475,0,null,0,0,0
2476,0,null,0,0,0
2477,0,null,0,0,0
2478,0,null,0,0,0
2479,0,null,0,0,0
2480,0,null,0,0,0
2481,0,null,0,0,0
2482,0,null,0,0,0
2483,0,null,0,0,0
2484,0,null,0,0,0
2485,0,null,0,0,0
2486,0,null,0,0,0
2488,0,null,0,0,0
2489,0,null,0,0,0
2490,0,null,0,0,0
2491,0,null,0,0,0
2492,0,null,0,0,0
2493,0,null,0,0,0
2494,25,pi+,1,1,0
2495,0,null,0,0,0
2496,0,null,0,0,0
2497,0,null,0,0,0
2498,0,null,0,0,0
2499,1,primary_proton,1,1,1
2500,0,null,0,0,0
2501,0,null,0,0,0
2502,0,null,0,0,0
2503,0,null,0,0,0
2504,0,null,0,0,0
2505,0,null,0,0,0
2506,0,null,0,0,0
2507,0,null,0,0,0
2508,0,null,0,0,0
2509,0,null,0,0,0
2510,0,null,0,0,0
2511,10,pi+,1,1,1
2512,0,null,0,0,0
2513,0,null,0,0,0
2514,0,null,0,0,0
2515,0,null,0,0,0
2516,0,null,0,0,0
2517,0,null,0,0,0
2518,0,null,0,0,0
2519,0,null,0,0,0
2520,0,null,0,0,0
2521,0,null,0,0,0
2522,0,null,0,0,0
2523,0,null,0,0,0
2524,0,null,0,0,0
2525,0,null,0,0,0
2526,0,null,0,0,0
2527,1,primary_proton,1,1,1
2528,0,null,0,0,0
2529,0,null,0,0,0
2530,0,null,0,0,0
2531,0,null,0,0,0
2532,0,null,0,0,0
2533,1,primary_proton,1,1,1
2534,0,null,0,0,0
2535,0,null,0,0,0
2536,0,null,0,0,0
2537,0,null,0,0,0
2538,0,null,0,0,0
2539,0,null,0,0,0
2540,0,null,0,0,0
2541,0,null,0,0,0
2542,0,null,0,0,0
2543,0,null,0,0,0
2544,0,null,0,0,0
2545,9,secondary_proton,1,1,1
2546,0,null,0,0,0
2547,0,null,0,0,0
2548,0,null,0,0,0
2549,0,null,0,0,0
2550,0,null,0,0,0
2551,0,null,0,0,0
2552,0,null,0,0,0
2553,0,null,0,0,0
2554,0,null,0,0,0
2555,0,null,0,0,0
2556,0,null,0,0,0
2557,0,null,0,0,0
2558,1,primary_proton,1,1,1
2559,2263,e-,1,0,0
2560,0,null,0,0,0
2561,0,null,0,0,0
2562,0,null,0,0,0
2563,0,null,0,0,0
2564,0,null,0,0,0
2565,0,null,0,0,0
2566,0,null,0,0,0
2567,0,null,0,0,0
2568,0,null,0,0,0
2569,0,null,0,0,0
2570,0,null,0,0,0
2571,0,null,0,0,0
2572,0,null,0,0,0
2573,0,null,0,0,0
2574,0,null,0,0,0
2575,0,null,0,0,0
2576,0,null,0,0,0
2577,0,null,0,0,0
2578,0,null,0,0,0
2579,0,null,0,0,0
2580,0,null,0,0,0
2581,0,null,0,0,0
2582,0,null,0,0,0
2583,0,null,0,0,0
2584,0,null,0,0,0
2585,0,null,0,0,0
2586,0,null,0,0,0
2587,0,null,0,0,0
2588,0,null,0,0,0
2589,0,null,0,0,0
2590,0,null,0,0,0
2591,0,null,0,0,0
2592,0,null,0,0,0
2593,0,null,0,0,0
2594,0,null,0,0,0
2595,0,null,0,0,0
2596,0,null,0,0,0
2597,0,null,0,0,0
2598,0,null,0,0,0
2599,0,null,0,0,0
2600,0,null,0,0,0
2601,0,null,0,0,0
2602,0,null,0,0,0
2603,0,null,0,0,0
2604,0,null,0,0,0
2605,16,pi+,1,1,1
2606,0,null,0,0,0
2607,0,null,0,0,0
2608,0,null,0,0,0
2609,0,null,0,0,0
2610,0,null,0,0,0
2611,0,null,0,0,0
2612,0,null,0,0,0
2613,0,null,0,0,0
2614,15,pi-,1,1,1
2615,0,null,0,0,0
2616,0,null,0,0,0
2617,0,null,0,0,0
2618,0,null,0,0,0
2619,0,null,0,0,0
2620,0,null,0,0,0
2621,0,null,0,0,0
2622,4922,e+,1,1,1
2623,0,null,0,0,0
2624,0,null,0,0,0
2625,0,null,0,0,0
2626,0,null,0,0,0
2627,0,null,0,0,0
2628,0,null,0,0,0
2629,0,null,0,0,0
2630,0,null,0,0,0
2631,0,null,0,0,0
2632,0,null,0,0,0
2633,0,null,0,0,0
2634,0,null,0,0,0
2635,4,pi-,1,1,1
2636,0,null,0,0,0
2637,0,null,0,0,0
2638,0,null,0,0,0
2639,0,null,0,0,0
2640,0,null,0,0,0
2641,0,null,0,0,0
2642,0,null,0,0,0
2643,0,null,0,0,0
2644,0,null,0,0,0
2645,0,null,0,0,0
2646,0,null,0,0,0
2647,0,null,0,0,0
2648,0,null,0,0,0
2649,0,null,0,0,0
2650,0,null,0,0,0
2651,0,null,0,0,0
2652,0,null,0,0,0
2653,0,null,0,0,0
2654,0,null,0,0,0
2655,0,null,0,0,0
2656,0,null,0,0,0
2657,0,null,0,0,0
2658,0,null,0,0,0
2659,0,null,0,0,0
2660,0,null,0,0,0
2661,0,null,0,0,0
2662,0,null,0,0,0
2663,2,secondary_proton,1,1,1
2664,0,null,0,0,0
2665,0,null,0,0,0
2666,0,null,0,0,0
2667,0,null,0,0,0
2668,0,null,0,0,0
2669,0,null,0,0,0
2670,0,null,0,0,0
2671,0,null,0,0,0
2672,0,null,0,0,0
2673,0,null,0,0,0
2674,0,null,0,0,0
2675,0,null,0,0,0
2676,0,null,0,0,0
2677,0,null,0,0,0
2678,0,null,0,0,0
2679,0,null,0,0,0
2680,0,null,0,0,0
2681,0,null,0,0,0
2682,0,null,0,0,0
2683,0,null,0,0,0
2684,0,null,0,0,0
2685,0,null,0,0,0
2686,0,null,0,0,0
2687,0,null,0,0,0
2688,0,null,0,0,0
2689,0,null,0,0,0
2690,0,null,0,0,0
2691,0,null,0,0,0
2692,0,null,0,0,0
2693,0,null,0,0,0
2694,0,null,0,0,0
2695,0,null,0,0,0
2696,0,null,0,0,0
2697,0,null,0,0,0
2698,1,primary_proton,1,1,1
2699,0,null,0,0,0
2700,0,null,0,0,0
2701,0,null,0,0,0
2702,0,null,0,0,0
2703,0,null,0,0,0
2704,0,null,0,0,0
2705,0,null,0,0,0
2706,0,null,0,0,0
2707,0,null,0,0,0
2708,0,null,0,0,0
2709,2776,secondary_proton,1,0,0
2711,0,null,0,0,0
2712,0,null,0,0,0
2713,0,null,0,0,0
2714,0,null,0,0,0
2715,0,null,0,0,0
2716,0,null,0,0,0
2717,0,null,0,0,0
2718,0,null,0,0,0
2719,0,null,0,0,0
2720,0,null,0,0,0
2721,7,secondary_proton,1,1,1
2722,0,null,0,0,0
2723,0,null,0,0,0
2724,0,null,0,0,0
2725,0,null,0,0,0
2726,0,null,0,0,0
2727,0,null,0,0,0
2728,0,null,0,0,0
2729,0,null,0,0,0
2730,0,null,0,0,0
2731,0,null,0,0,0
2732,0,null,0,0,0
2733,0,null,0,0,0
2734,0,null,0,0,0
2735,0,null,0,0,0
2736,0,null,0,0,0
2737,0,null,0,0,0
2738,1,primary_proton,1,1,1
2739,0,null,0,0,0
2740,0,null,0,0,0
2741,0,null,0,0,0
2742,0,null,0,0,0
2743,0,null,0,0,0
2744,0,null,0,0,0
2745,0,null,0,0,0
2746,0,null,0,0,0
2747,0,null,0,0,0
2748,0,null,0,0,0
2749,0,null,0,0,0
2750,0,null,0,0,0
2751,0,null,0,0,0
2752,0,null,0,0,0
2753,0,null,0,0,0
2754,0,null,0,0,0
2755,0,null,0,0,0
2756,5,secondary_proton,1,1,1
2757,0,null,0,0,0
2758,0,null,0,0,0
2759,0,null,0,0,0
2760,0,null,0,0,0
2761,0,null,0,0,0
2762,0,null,0,0,0
2763,0,null,0,0,0
2764,0,null,0,0,0
2765,0,null,0,0,0
2766,0,null,0,0,0
2767,0,null,0,0,0
2768,0,null,0,0,0
2769,0,null,0,0,0
2770,0,null,0,0,0
2771,0,null,0,0,0
2772,0,null,0,0,0
2773,0,null,0,0,0
2774,0,null,0,0,0
2775,0,null,0,0,0
2776,0,null,0,0,0
2777,0,null,0,0,0
2778,0,null,0,0,0
2779,0,null,0,0,0
2780,0,null,0,0,0
2781,0,null,0,0,0
2782,0,null,0,0,0
2783,0,null,0,0,0
2784,0,null,0,0,0
2785,0,null,0,0,0
2786,0,null,0,0,0
2787,0,null,0,0,0
2788,0,null,0,0,0
2789,0,null,0,0,0
2790,0,null,0,0,0
2791,0,null,0,0,0
2792,1,primary_proton,1,1,1
2793,0,null,0,0,0
2794,0,null,0,0,0
2795,0,null,0,0,0
2796,0,null,0,0,0
2797,0,null,0,0,0
2798,0,null,0,0,0
2799,0,null,0,0,0
2800,15,secondary_proton,1,1,1
2801,0,null,0,0,0
2802,0,null,0,0,0
2803,0,null,0,0,0
2804,0,null,0,0,0
2805,0,null,0,0,0
2806,0,null,0,0,0
2807,0,null,0,0,0
2808,0,null,0,0,0
2809,0,null,0,0,0
2810,1,primary_proton,1,1,1
2811,0,null,0,0,0
2812,0,null,0,0,0
2813,0,null,0,0,0
2814,0,null,0,0,0
2815,0,null,0,0,0
2816,0,null,0,0,0
2817,0,null,0,0,0
2818,0,null,0,0,0
2819,0,null,0,0,0
2820,0,null,0,0,0
2821,0,null,0,0,0
2822,0,null,0,0,0
2823,0,null,0,0,0
2824,0,null,0,0,0
2825,0,null,0,0,0
2826,0,null,0,0,0
2827,1,primary_proton,1,1,1
2828,0,null,0,0,0
2829,0,null,0,0,0
2830,0,null,0,0,0
2831,0,null,0,0,0
2832,0,null,0,0,0
2833,0,null,0,0,0
2834,0,null,0,0,0
2835,0,null,0,0,0
2836,0,null,0,0,0
2837,0,null,0,0,0
2838,0,null,0,0,0
2839,0,null,0,0,0
2840,0,null,0,0,0
2841,0,null,0,0,0
2842,0,null,0,0,0
2843,0,null,0,0,0
2844,0,null,0,0,0
2845,0,null,0,0,0
2846,0,null,0,0,0
2847,0,null,0,0,0
2848,990,pi+,1,1,1
2849,0,null,0,0,0
2850,1,primary_proton,1,1,1
2851,0,null,0,0,0
2852,0,null,0,0,0
2853,0,null,0,0,0
2854,0,null,0,0,0
2855,2127,e-,1,0,0
2856,0,null,0,0,0
2857,0,null,0,0,0
2858,0,null,0,0,0
2859,0,null,0,0,0
2860,0,null,0,0,0
2861,0,null,0,0,0
2862,0,null,0,0,0
2863,0,null,0,0,0
2864,0,null,0,0,0
2865,23,pi+,1,0,0
2866,0,null,0,0,0
2867,13,pi-,1,1,1
2868,0,null,0,0,0
2869,0,null,0,0,0
2870,0,null,0,0,0
2871,0,null,0,0,0
2872,0,null,0,0,0
2873,0,null,0,0,0
2874,3,secondary_proton,1,1,1
2875,0,null,0,0,0
2876,0,null,0,0,0
2877,0,null,0,0,0
2878,0,null,0,0,0
2879,8,pi+,1,1,1
2880,0,null,0,0,0
2881,0,null,0,0,0
2882,3873,e-,1,1,0
2883,0,null,0,0,0
2884,0,null,0,0,0
2885,0,null,0,0,0
2886,0,null,0,0,0
2887,0,null,0,0,0
2888,0,null,0,0,0
2889,0,null,0,0,0
2890,0,null,0,0,0
2891,0,null,0,0,0
2892,0,null,0,0,0
2893,0,null,0,0,0
2894,0,null,0,0,0
2895,0,null,0,0,0
2896,0,null,0,0,0
2897,0,null,0,0,0
2898,0,null,0,0,0
2899,0,null,0,0,0
2900,0,null,0,0,0
2901,0,null,0,0,0
2902,0,null,0,0,0
2903,0,null,0,0,0
2904,0,null,0,0,0
2905,0,null,0,0,0
2906,0,null,0,0,0
2907,0,null,0,0,0
2908,0,null,0,0,0
2909,13,pi+,1,1,1
2910,0,null,0,0,0
2911,0,null,0,0,0
2912,0,null,0,0,0
2913,0,null,0,0,0
2914,0,null,0,0,0
2915,0,null,0,0,0
2916,14,pi+,1,1,1
2917,0,null,0,0,0
2918,0,null,0,0,0
2919,0,null,0,0,0
2920,0,null,0,0,0
2921,0,null,0,0,0
2922,0,null,0,0,0
2923,0,null,0,0,0
2924,0,null,0,0,0
2925,0,null,0,0,0
2926,0,null,0,0,0
2927,0,null,0,0,0
2928,0,null,0,0,0
2929,0,null,0,0,0
2930,11,pi+,1,1,1
2931,0,null,0,0,0
2933,0,null,0,0,0
2934,0,null,0,0,0
2935,21,pi-,1,1,1
2936,0,null,0,0,0
2937,0,null,0,0,0
2938,0,null,0,0,0
2939,0,null,0,0,0
2940,0,null,0,0,0
2941,0,null,0,0,0
2942,0,null,0,0,0
2943,0,null,0,0,0
2944,0,null,0,0,0
2945,0,null,0,0,0
2946,0,null,0,0,0
2947,0,null,0,0,0
2948,0,null,0,0,0
2949,0,null,0,0,0
2950,0,null,0,0,0
2951,0,null,0,0,0
2952,0,null,0,0,0
2953,0,null,0,0,0
2954,0,null,0,0,0
2955,0,null,0,0,0
2956,0,null,0,0,0
2957,0,null,0,0,0
2958,0,null,0,0,0
2959,0,null,0,0,0
2960,0,null,0,0,0
2961,0,null,0,0,0
2962,0,null,0,0,0
2963,0,null,0,0,0
2964,0,null,0,0,0
2965,0,null,0,0,0
2966,0,null,0,0,0
2967,0,null,0,0,0
2968,0,null,0,0,0
2969,0,null,0,0,0
2970,0,null,0,0,0
2971,0,null,0,0,0
2972,0,null,0,0,0
2973,0,null,0,0,0
2974,0,null,0,0,0
2975,0,null,0,0,0
2976,0,null,0,0,0
2977,0,null,0,0,0
2978,0,null,0,0,0
2979,0,null,0,0,0
2980,0,null,0,0,0
2981,0,null,0,0,0
2982,0,null,0,0,0
2983,0,null,0,0,0
2984,0,null,0,0,0
2985,0,null,0,0,0
2986,0,null,0,0,0
2987,0,null,0,0,0
2988,0,null,0,0,0
2989,0,null,0,0,0
2990,0,null,0,0,0
2991,0,null,0,0,0
2992,0,null,0,0,0
2993,0,null,0,0,0
2994,0,null,0,0,0
2995,0,null,0,0,0
2996,0,null,0,0,0
2997,0,null,0,0,0
2998,0,null,0,0,0
2999,0,null,0,0,0
3000,0,null,0,0,0
3001,15,secondary_proton,1,1,1
3002,0,null,0,0,0
3003,0,null,0,0,0
3004,0,null,0,0,0
3005,0,null,0,0,0
3006,0,null,0,0,0
3007,0,null,0,0,0
3008,0,null,0,0,0
3009,0,null,0,0,0
3010,0,null,0,0,0
3011,0,null,0,0,0
3012,0,null,0,0,0
3013,0,null,0,0,0
3014,375,pi-,1,1,1
3015,0,null,0,0,0
3016,0,null,0,0,0
3017,0,null,0,0,0
3018,0,null,0,0,0
3019,1,primary_proton,1,1,1
3020,0,null,0,0,0
3021,0,null,0,0,0
3022,0,null,0,0,0
3023,0,null,0,0,0
3024,0,null,0,0,0
3025,0,null,0,0,0
3026,0,null,0,0,0
3027,1,primary_proton,1,1,1
3028,0,null,0,0,0
3029,0,null,0,0,0
3030,0,null,0,0,0
3031,0,null,0,0,0
3032,0,null,0,0,0
3033,0,null,0,0,0
3034,0,null,0,0,0
3035,0,null,0,0,0
3036,0,null,0,0,0
3037,0,null,0,0,0
3038,0,null,0,0,0
3039,0,null,0,0,0
3040,0,null,0,0,0
3041,0,null,0,0,0
3042,0,null,0,0,0
3043,14,pi+,1,1,1
3044,0,null,0,0,0
3045,0,null,0,0,0
3046,0,null,0,0,0
3047,0,null,0,0,0
3048,0,null,0,0,0
3049,0,null,0,0,0
3050,0,null,0,0,0
3051,0,null,0,0,0
3052,0,null,0,0,0
3053,0,null,0,0,0
3054,0,null,0,0,0
3055,0,null,0,0,0
3056,0,null,0,0,0
3057,0,null,0,0,0
3058,0,null,0,0,0
3059,0,null,0,0,0
3060,0,null,0,0,0
3061,0,null,0,0,0
3062,0,null,0,0,0
3063,0,null,0,0,0
3064,0,null,0,0,0
3065,0,null,0,0,0
3066,0,null,0,0,0
3067,0,null,0,0,0
3068,0,null,0,0,0
3069,0,null,0,0,0
3070,0,null,0,0,0
3071,0,null,0,0,0
3072,0,null,0,0,0
3073,0,null,0,0,0
3074,0,null,0,0,0
3075,0,null,0,0,0
3076,0,null,0,0,0
3077,0,null,0,0,0
3078,6,secondary_proton,1,1,1
3079,0,null,0,0,0
3080,0,null,0,0,0
3081,0,null,0,0,0
3082,0,null,0,0,0
3083,0,null,0,0,0
3084,0,null,0,0,0
3085,1,primary_proton,1,1,1
3086,0,null,0,0,0
3087,0,null,0,0,0
3088,0,null,0,0,0
3089,0,null,0,0,0
3090,0,null,0,0,0
3091,0,null,0,0,0
3092,0,null,0,0,0
3093,0,null,0,0,0
3094,0,null,0,0,0
3095,0,null,0,0,0
3096,0,null,0,0,0
3097,0,null,0,0,0
3098,0,null,0,0,0
3099,0,null,0,0,0
3100,0,null,0,0,0
3101,0,null,0,0,0
3102,0,null,0,0,0
3103,0,null,0,0,0
3104,0,null,0,0,0
3105,0,null,0,0,0
3106,0,null,0,0,0
3107,0,null,0,0,0
3108,0,null,0,0,0
3109,0,null,0,0,0
3110,0,null,0,0,0
3111,0,null,0,0,0
3112,0,null,0,0,0
3113,0,null,0,0,0
3114,0,null,0,0,0
3115,0,null,0,0,0
3116,0,null,0,0,0
3117,0,null,0,0,0
3118,0,null,0,0,0
3119,0,null,0,0,0
3120,0,null,0,0,0
3121,0,null,0,0,0
3122,1,primary_proton,1,1,1
3123,0,null,0,0,0
3124,0,null,0,0,0
3125,0,null,0,0,0
3126,0,null,0,0,0
3127,0,null,0,0,0
3128,0,null,0,0,0
3129,0,null,0,0,0
3130,0,null,0,0,0
3131,0,null,0,0,0
3132,0,null,0,0,0
3133,0,null,0,0,0
3134,0,null,0,0,0
3135,0,null,0,0,0
3136,0,null,0,0,0
3137,0,null,0,0,0
3138,0,null,0,0,0
3139,7,kaon-,1,1,1
3140,0,null,0,0,0
3141,0,null,0,0,0
3142,0,null,0,0,0
3143,0,null,0,0,0
3144,0,null,0,0,0
3145,266,secondary_proton,1,1,1
3146,0,null,0,0,0
3147,0,null,0,0,0
3148,0,null,0,0,0
3149,0,null,0,0,0
3150,0,null,0,0,0
3151,1,primary_proton,1,1,1
3152,0,null,0,0,0
3153,0,null,0,0,0
3155,0,null,0,0,0
3156,0,null,0,0,0
3157,7366,e-,1,1,0
3158,0,null,0,0,0
3159,0,null,0,0,0
3160,0,null,0,0,0
3161,0,null,0,0,0
3162,0,null,0,0,0
3163,0,null,0,0,0
3164,0,null,0,0,0
3165,0,null,0,0,0
3166,0,null,0,0,0
3167,0,null,0,0,0
3168,0,null,0,0,0
3169,0,null,0,0,0
3170,0,null,0,0,0
3171,0,null,0,0,0
3172,0,null,0,0,0
3173,9,secondary_proton,1,1,1
3174,0,null,0,0,0
3175,0,null,0,0,0
3176,0,null,0,0,0
3177,0,null,0,0,0
3178,5,secondary_proton,1,1,1
3179,0,null,0,0,0
3180,0,null,0,0,0
3181,0,null,0,0,0
3182,0,null,0,0,0
3183,0,null,0,0,0
3184,0,null,0,0,0
3185,1,primary_proton,1,1,1
3186,0,null,0,0,0
3187,6,secondary_proton,1,1,1
3188,1,primary_proton,1,1,1
3189,0,null,0,0,0
3190,0,null,0,0,0
3191,0,null,0,0,0
3192,0,null,0,0,0
3193,0,null,0,0,0
3194,0,null,0,0,0
3195,0,null,0,0,0
3196,0,null,0,0,0
3197,0,null,0,0,0
3198,0,null,0,0,0
3199,0,null,0,0,0
3200,0,null,0,0,0
3201,0,null,0,0,0
3202,0,null,0,0,0
3203,0,null,0,0,0
3204,0,null,0,0,0
3205,0,null,0,0,0
3206,0,null,0,0,0
3207,467,secondary_proton,1,1,1
3208,0,null,0,0,0
3209,0,null,0,0,0
3210,0,null,0,0,0
3211,0,null,0,0,0
3212,0,null,0,0,0
3213,0,null,0,0,0
3214,0,null,0,0,0
3215,0,null,0,0,0
3216,0,null,0,0,0
3217,0,null,0,0,0
3218,1,primary_proton,1,1,1
3219,0,null,0,0,0
3220,0,null,0,0,0
3221,0,null,0,0,0
3222,0,null,0,0,0
3223,0,null,0,0,0
3224,0,null,0,0,0
3225,0,null,0,0,0
3226,0,null,0,0,0
3227,0,null,0,0,0
3228,0,null,0,0,0
3229,0,null,0,0,0
3230,0,null,0,0,0
3231,0,null,0,0,0
3232,0,null,0,0,0
3233,0,null,0,0,0
3234,0,null,0,0,0
3235,0,null,0,0,0
3236,0,null,0,0,0
3237,0,null,0,0,0
3238,0,null,0,0,0
3239,0,null,0,0,0
3240,0,null,0,0,0
3241,0,null,0,0,0
3242,0,null,0,0,0
3243,0,null,0,0,0
3244,1,primary_proton,1,1,1
3245,0,null,0,0,0
3246,0,null,0,0,0
3247,6825,pi-,1,1,1
3248,0,null,0,0,0
3249,0,null,0,0,0
3250,1,primary_proton,1,1,1
3251,0,null,0,0,0
3252,0,null,0,0,0
3253,0,null,0,0,0
3254,0,null,0,0,0
3255,0,null,0,0,0
3256,0,null,0,0,0
3257,0,null,0,0,0
3258,0,null,0,0,0
3259,0,null,0,0,0
3260,0,null,0,0,0
3261,0,null,0,0,0
3262,0,null,0,0,0
3263,0,null,0,0,0
3264,0,null,0,0,0
3265,0,null,0,0,0
3266,0,null,0,0,0
3267,0,null,0,0,0
3268,0,null,0,0,0
3269,0,null,0,0,0
3270,0,null,0,0,0
3271,0,null,0,0,0
3272,879,secondary_proton,1,1,1
3273,0,null,0,0,0
3274,0,null,0,0,0
3275,6,secondary_proton,1,1,1
3276,0,null,0,0,0
3277,0,null,0,0,0
3278,0,null,0,0,0
3279,0,null,0,0,0
3280,0,null,0,0,0
3281,0,null,0,0,0
3282,0,null,0,0,0
3283,7,secondary_proton,1,1,0
3284,0,null,0,0,0
3285,0,null,0,0,0
3286,0,null,0,0,0
3287,0,null,0,0,0
3288,0,null,0,0,0
3289,0,null,0,0,0
3290,0,null,0,0,0
3291,0,null,0,0,0
3292,0,null,0,0,0
3293,0,null,0,0,0
3294,0,null,0,0,0
3295,0,null,0,0,0
3296,10,secondary_proton,1,1,1
3297,0,null,0,0,0
3298,0,null,0,0,0
3299,0,null,0,0,0
3300,0,null,0,0,0
3301,0,null,0,0,0
3302,0,null,0,0,0
3303,0,null,0,0,0
3304,0,null,0,0,0
3305,0,null,0,0,0
3306,0,null,0,0,0
3307,0,null,0,0,0
3308,0,null,0,0,0
3309,0,null,0,0,0
3310,0,null,0,0,0
3311,0,null,0,0,0
3312,0,null,0,0,0
3313,0,null,0,0,0
3314,0,null,0,0,0
3315,0,null,0,0,0
3316,0,null,0,0,0
3317,0,null,0,0,0
3318,0,null,0,0,0
3319,0,null,0,0,0
3320,0,null,0,0,0
3321,0,null,0,0,0
3322,0,null,0,0,0
3323,0,null,0,0,0
3324,0,null,0,0,0
3325,0,null,0,0,0
3326,0,null,0,0,0
3327,17,pi+,1,1,1
3328,0,null,0,0,0
3329,0,null,0,0,0
3330,0,null,0,0,0
3331,0,null,0,0,0
3332,0,null,0,0,0
3333,0,null,0,0,0
3334,0,null,0,0,0
3335,0,null,0,0,0
3336,0,null,0,0,0
3337,0,null,0,0,0
3338,0,null,0,0,0
3339,0,null,0,0,0
3340,0,null,0,0,0
3341,0,null,0,0,0
3342,0,null,0,0,0
3343,0,null,0,0,0
3344,0,null,0,0,0
3345,759,pi-,1,1,1
3346,0,null,0,0,0
3347,0,null,0,0,0
3348,0,null,0,0,0
3349,0,null,0,0,0
3350,0,null,0,0,0
3351,0,null,0,0,0
3352,6253,e-,1,0,1
3353,0,null,0,0,0
3354,0,null,0,0,0
3355,0,null,0,0,0
3356,0,null,0,0,0
3357,0,null,0,0,0
3358,0,null,0,0,0
3359,1,primary_proton,1,1,1
3360,0,null,0,0,0
3361,0,null,0,0,0
3362,0,null,0,0,0
3363,0,null,0,0,0
3364,0,null,0,0,0
3365,0,null,0,0,0
3366,0,null,0,0,0
3367,0,null,0,0,0
3368,0,null,0,0,0
3369,1,primary_proton,1,1,1
3370,2877,pi+,1,0,0
3371,0,null,0,0,0
3373,0,null,0,0,0
3374,0,null,0,0,0
3375,0,null,0,0,0
3376,0,null,0,0,0
3377,0,null,0,0,0
3378,0,null,0,0,0
3379,0,null,0,0,0
3380,0,null,0,0,0
3381,0,null,0,0,0
3382,0,null,0,0,0
3383,0,null,0,0,0
3384,6,secondary_proton,1,1,1
3385,0,null,0,0,0
3386,0,null,0,0,0
3387,0,null,0,0,0
3388,0,null,0,0,0
3389,0,null,0,0,0
3390,0,null,0,0,0
3391,0,null,0,0,0
3392,0,null,0,0,0
3393,0,null,0,0,0
3394,0,null,0,0,0
3395,0,null,0,0,0
3396,0,null,0,0,0
3397,0,null,0,0,0
3398,1,primary_proton,1,1,1
3399,0,null,0,0,0
3400,0,null,0,0,0
3401,0,null,0,0,0
3402,0,null,0,0,0
3403,0,null,0,0,0
3404,0,null,0,0,0
3405,0,null,0,0,0
3406,1,primary_proton,1,1,1
3407,0,null,0,0,0
3408,0,null,0,0,0
3409,0,null,0,0,0
3410,0,null,0,0,0
3411,0,null,0,0,0
3412,0,null,0,0,0
3413,0,null,0,0,0
3414,1,primary_proton,1,1,1
3415,0,null,0,0,0
3416,0,null,0,0,0
3417,0,null,0,0,0
3418,1,primary_proton,1,1,1
3419,0,null,0,0,0
3420,0,null,0,0,0
3421,0,null,0,0,0
3422,0,null,0,0,0
3423,0,null,0,0,0
3424,0,null,0,0,0
3425,0,null,0,0,0
3426,0,null,0,0,0
3427,0,null,0,0,0
3428,0,null,0,0,0
3429,0,null,0,0,0
3430,0,null,0,0,0
3431,0,null,0,0,0
3432,1424,e-,1,1,1
3433,0,null,0,0,0
3434,0,null,0,0,0
3435,0,null,0,0,0
3436,0,null,0,0,0
3437,0,null,0,0,0
3438,0,null,0,0,0
3439,0,null,0,0,0
3440,0,null,0,0,0
3441,0,null,0,0,0
3442,0,null,0,0,0
3443,0,null,0,0,0
3444,0,null,0,0,0
3445,0,null,0,0,0
3446,0,null,0,0,0
3447,0,null,0,0,0
3448,0,null,0,0,0
3449,0,null,0,0,0
3450,0,null,0,0,0
3451,0,null,0,0,0
3452,0,null,0,0,0
3453,0,null,0,0,0
3454,0,null,0,0,0
3455,0,null,0,0,0
3456,0,null,0,0,0
3457,0,null,0,0,0
3458,0,null,0,0,0
3459,5736,pi-,1,0,0
3460,0,null,0,0,0
3461,0,null,0,0,0
3462,0,null,0,0,0
3463,0,null,0,0,0
3464,0,null,0,0,0
3465,0,null,0,0,0
3466,0,null,0,0,0
3467,0,null,0,0,0
3468,0,null,0,0,0
3469,0,null,0,0,0
3470,0,null,0,0,0
3471,0,null,0,0,0
3472,0,null,0,0,0
3473,12,pi-,1,1,1
3474,0,null,0,0,0
3475,0,null,0,0,0
3476,0,null,0,0,0
3477,0,null,0,0,0
3478,0,null,0,0,0
3479,0,null,0,0,0
3480,0,null,0,0,0
3481,0,null,0,0,0
3482,0,null,0,0,0
3483,0,null,0,0,0
3484,0,null,0,0,0
3485,0,null,0,0,0
3486,0,null,0,0,0
3487,0,null,0,0,0
3488,0,null,0,0,0
3489,0,null,0,0,0
3490,0,null,0,0,0
3491,0,null,0,0,0
3492,0,null,0,0,0
3493,0,null,0,0,0
3494,0,null,0,0,0
3495,0,null,0,0,0
3496,0,null,0,0,0
3497,0,null,0,0,0
3498,0,null,0,0,0
3499,0,null,0,0,0
3500,0,null,0,0,0
3501,0,null,0,0,0
3502,0,null,0,0,0
3503,0,null,0,0,0
3504,0,null,0,0,0
3505,0,null,0,0,0
3506,0,null,0,0,0
3507,0,null,0,0,0
3508,0,null,0,0,0
3509,0,null,0,0,0
3510,0,null,0,0,0
3511,0,null,0,0,0
3512,0,null,0,0,0
3513,0,null,0,0,0
3514,0,null,0,0,0
3515,5,pi+,1,1,1
3516,0,null,0,0,0
3517,0,null,0,0,0
3518,0,null,0,0,0
3519,0,null,0,0,0
3520,0,null,0,0,0
3521,0,null,0,0,0
3522,0,null,0,0,0
3523,0,null,0,0,0
3524,0,null,0,0,0
3525,0,null,0,0,0
3526,1,primary_proton,1,1,1
3527,0,null,0,0,0
3528,3,secondary_proton,1,1,1
3529,0,null,0,0,0
3530,0,null,0,0,0
3531,0,null,0,0,0
3532,0,null,0,0,0
3533,0,null,0,0,0
3534,0,null,0,0,0
3535,0,null,0,0,0
3536,1,primary_proton,1,1,1
3537,0,null,0,0,0
3538,0,null,0,0,0
3539,0,null,0,0,0
3540,0,null,0,0,0
3541,0,null,0,0,0
3542,0,null,0,0,0
3543,1,primary_proton,1,1,1
3544,0,null,0,0,0
3545,0,null,0,0,0
3546,0,null,0,0,0
3547,10,pi+,1,1,1
3548,136,pi+,1,1,1
3549,0,null,0,0,0
3550,0,null,0,0,0
3551,0,null,0,0,0
3552,0,null,0,0,0
3553,0,null,0,0,0
3554,0,null,0,0,0
3555,0,null,0,0,0
3556,0,null,0,0,0
3557,0,null,0,0,0
3558,0,null,0,0,0
3559,0,null,0,0,0
3560,0,null,0,0,0
3561,0,null,0,0,0
3562,0,null,0,0,0
3563,0,null,0,0,0
3564,0,null,0,0,0
3565,0,null,0,0,0
3566,0,null,0,0,0
3567,0,null,0,0,0
3568,0,null,0,0,0
3569,15,pi+,1,0,0
3570,0,null,0,0,0
3571,0,null,0,0,0
3572,0,null,0,0,0
3573,0,null,0,0,0
3574,0,null,0,0,0
3575,0,null,0,0,0
3576,0,null,0,0,0
3577,0,null,0,0,0
3578,0,null,0,0,0
3579,0,null,0,0,0
3580,0,null,0,0,0
3581,0,null,0,0,0
3582,0,null,0,0,0
3583,0,null,0,0,0
3584,2,secondary_proton,1,1,1
3585,0,null,0,0,0
3586,0,null,0,0,0
3587,0,null,0,0,0
3588,0,null,0,0,0
3589,0,null,0,0,0
3590,0,null,0,0,0
3591,0,null,0,0,0
3592,0,null,0,0,0
3594,0,null,0,0,0
3595,33,pi+,1,1,1
3596,0,null,0,0,0
3597,1,primary_proton,1,1,1
3598,0,null,0,0,0
3599,24,pi-,1,0,1
3600,0,null,0,0,0
3601,0,null,0,0,0
3602,0,null,0,0,0
3603,0,null,0,0,0
3604,0,null,0,0,0
3605,0,null,0,0,0
3606,0,null,0,0,0
3607,0,null,0,0,0
3608,0,null,0,0,0
3609,0,null,0,0,0
3610,0,null,0,0,0
3611,0,null,0,0,0
3612,0,null,0,0,0
3613,0,null,0,0,0
3614,0,null,0,0,0
3615,0,null,0,0,0
3616,16,secondary_proton,1,1,1
3617,489,pi-,1,1,1
3618,0,null,0,0,0
3619,0,null,0,0,0
3620,0,null,0,0,0
3621,0,null,0,0,0
3622,0,null,0,0,0
3623,0,null,0,0,0
3624,0,null,0,0,0
3625,0,null,0,0,0
3626,0,null,0,0,0
3627,81,secondary_proton,1,0,0
3628,0,null,0,0,0
3629,0,null,0,0,0
3630,0,null,0,0,0
3631,0,null,0,0,0
3632,0,null,0,0,0
3633,0,null,0,0,0
3634,0,null,0,0,0
3635,5,secondary_proton,1,1,1
3636,0,null,0,0,0
3637,0,null,0,0,0
3638,0,null,0,0,0
3639,0,null,0,0,0
3640,0,null,0,0,0
3641,361,pi-,1,1,1
3642,0,null,0,0,0
3643,0,null,0,0,0
3644,0,null,0,0,0
3645,0,null,0,0,0
3646,0,null,0,0,0
3647,0,null,0,0,0
3648,0,null,0,0,0
3649,0,null,0,0,0
3650,0,null,0,0,0
3651,0,null,0,0,0
3652,0,null,0,0,0
3653,0,null,0,0,0
3654,0,null,0,0,0
3655,0,null,0,0,0
3656,1,primary_proton,1,1,1
3657,0,null,0,0,0
3658,0,null,0,0,0
3659,332,pi+,1,0,0
3660,0,null,0,0,0
3661,0,null,0,0,0
3662,3576,e-,1,1,0
3663,0,null,0,0,0
3664,0,null,0,0,0
3665,0,null,0,0,0
3666,0,null,0,0,0
3667,0,null,0,0,0
3668,0,null,0,0,0
3669,0,null,0,0,0
3670,0,null,0,0,0
3671,0,null,0,0,0
3672,0,null,0,0,0
3673,0,null,0,0,0
3674,0,null,0,0,0
3675,0,null,0,0,0
3676,0,null,0,0,0
3677,0,null,0,0,0
3678,0,null,0,0,0
3679,0,null,0,0,0
3680,0,null,0,0,0
3681,0,null,0,0,0
3682,0,null,0,0,0
3683,0,null,0,0,0
3684,0,null,0,0,0
3685,0,null,0,0,0
3686,0,null,0,0,0
3687,0,null,0,0,0
3688,0,null,0,0,0
3689,0,null,0,0,0
3690,0,null,0,0,0
3691,0,null,0,0,0
3692,0,null,0,0,0
3693,0,null,0,0,0
3694,0,null,0,0,0
3695,0,null,0,0,0
3696,0,null,0,0,0
3697,0,null,0,0,0
3698,0,null,0,0,0
3699,1,primary_proton,1,1,1
3700,1,primary_proton,1,1,0
3701,0,null,0,0,0
3702,0,null,0,0,0
3703,0,null,0,0,0
3704,0,null,0,0,0
3705,0,null,0,0,0
3706,0,null,0,0,0
3707,0,null,0,0,0
3708,0,null,0,0,0
3709,0,null,0,0,0
3710,0,null,0,0,0
3711,0,null,0,0,0
3712,0,null,0,0,0
3713,0,null,0,0,0
3714,1,primary_proton,1,1,1
3715,0,null,0,0,0
3716,0,null,0,0,0
3717,0,null,0,0,0
3718,0,null,0,0,0
3719,6,pi-,1,1,1
3720,745,e-,1,1,1
3721,0,null,0,0,0
3722,0,null,0,0,0
3723,0,null,0,0,0
3724,8,pi-,1,1,1
3725,0,null,0,0,0
3726,0,null,0,0,0
3727,0,null,0,0,0
3728,0,null,0,0,0
3729,0,null,0,0,0
3730,0,null,0,0,0
3731,0,null,0,0,0
3732,0,null,0,0,0
3733,0,null,0,0,0
3734,0,null,0,0,0
3735,0,null,0,0,0
3736,0,null,0,0,0
3737,0,null,0,0,0
3738,0,null,0,0,0
3739,0,null,0,0,0
3740,0,null,0,0,0
3741,0,null,0,0,0
3742,0,null,0,0,0
3743,0,null,0,0,0
3744,0,null,0,0,0
3745,0,null,0,0,0
3746,0,null,0,0,0
3747,0,null,0,0,0
3748,0,null,0,0,0
3749,2,secondary_proton,1,1,1
3750,0,null,0,0,0
3751,0,null,0,0,0
3752,1,primary_proton,1,1,1
3753,1,primary_proton,1,1,1
3754,16,pi-,1,1,1
3755,0,null,0,0,0
3756,0,null,0,0,0
3757,0,null,0,0,0
3758,3,pi+,1,1,1
3759,0,null,0,0,0
3760,0,null,0,0,0
3761,0,null,0,0,0
3762,0,null,0,0,0
3763,0,null,0,0,0
3764,0,null,0,0,0
3765,0,null,0,0,0
3766,0,null,0,0,0
3767,0,null,0,0,0
3768,0,null,0,0,0
3769,0,null,0,0,0
3770,0,null,0,0,0
3771,0,null,0,0,0
3772,0,null,0,0,0
3773,0,null,0,0,0
3774,0,null,0,0,0
3775,0,null,0,0,0
3776,0,null,0,0,0
3777,0,null,0,0,0
3778,0,null,0,0,0
3779,8,pi-,1,0,0
3780,0,null,0,0,0
3781,0,null,0,0,0
3782,0,null,0,0,0
3783,7,pi+,1,1,1
3784,0,null,0,0,0
3785,0,null,0,0,0
3786,0,null,0,0,0
3787,0,null,0,0,0
3788,0,null,0,0,0
3789,0,null,0,0,0
3790,0,null,0,0,0
3791,0,null,0,0,0
3792,0,null,0,0,0
3793,0,null,0,0,0
3794,0,null,0,0,0
3795,0,null,0,0,0
3796,1,primary_proton,1,1,1
3797,0,null,0,0,0
3798,0,null,0,0,0
3799,0,null,0,0,0
3800,0,null,0,0,0
3801,0,null,0,0,0
3802,0,null,0,0,0
3803,0,null,0,0,0
3804,0,null,0,0,0
3805,0,null,0,0,0
3806,32,pi+,1,1,1
3807,0,null,0,0,0
3808,0,null,0,0,0
3809,0,null,0,0,0
3810,0,null,0,0,0
3811,0,null,0,0,0
3812,0,null,0,0,0
3814,0,null,0,0,0
3815,0,null,0,0,0
3816,0,null,0,0,0
3817,0,null,0,0,0
3818,0,null,0,0,0
3819,0,null,0,0,0
3820,0,null,0,0,0
3821,0,null,0,0,0
3822,0,null,0,0,0
3823,6,secondary_proton,1,1,1
3824,0,null,0,0,0
3825,25,secondary_proton,1,0,0
3826,0,null,0,0,0
3827,0,null,0,0,0
3828,0,null,0,0,0
3829,0,null,0,0,0
3830,0,null,0,0,0
3831,0,null,0,0,0
3832,0,null,0,0,0
3833,0,null,0,0,0
3834,0,null,0,0,0
3835,0,null,0,0,0
3836,0,null,0,0,0
3837,0,null,0,0,0
3838,0,null,0,0,0
3839,0,null,0,0,0
3840,0,null,0,0,0
3841,0,null,0,0,0
3842,0,null,0,0,0
3843,0,null,0,0,0
3844,0,null,0,0,0
3845,0,null,0,0,0
3846,0,null,0,0,0
3847,0,null,0,0,0
3848,0,null,0,0,0
3849,0,null,0,0,0
3850,0,null,0,0,0
3851,0,null,0,0,0
3852,0,null,0,0,0
3853,0,null,0,0,0
3854,0,null,0,0,0
3855,1,primary_proton,1,1,1
3856,10,pi+,1,1,1
3857,0,null,0,0,0
3858,0,null,0,0,0
3859,0,null,0,0,0
3860,0,null,0,0,0
3861,0,null,0,0,0
3862,0,null,0,0,0
3863,0,null,0,0,0
3864,0,null,0,0,0
3865,0,null,0,0,0
3866,0,null,0,0,0
3867,0,null,0,0,0
3868,0,null,0,0,0
3869,0,null,0,0,0
3870,0,null,0,0,0
3871,0,null,0,0,0
3872,0,null,0,0,0
3873,0,null,0,0,0
3874,0,null,0,0,0
3875,0,null,0,0,0
3876,0,null,0,0,0
3877,0,null,0,0,0
3878,0,null,0,0,0
3879,0,null,0,0,0
3880,0,null,0,0,0
3881,0,null,0,0,0
3882,0,null,0,0,0
3883,0,null,0,0,0
3884,0,null,0,0,0
3885,0,null,0,0,0
3886,0,null,0,0,0
3887,0,null,0,0,0
3888,0,null,0,0,0
3889,0,null,0,0,0
3890,0,null,0,0,0
3891,0,null,0,0,0
3892,0,null,0,0,0
3893,0,null,0,0,0
3894,0,null,0,0,0
3895,0,null,0,0,0
3896,0,null,0,0,0
3897,0,null,0,0,0
3898,0,null,0,0,0
3899,0,null,0,0,0
3900,0,null,0,0,0
3901,0,null,0,0,0
3902,0,null,0,0,0
3903,0,null,0,0,0
3904,0,null,0,0,0
3905,3,pi-,1,1,1
3906,0,null,0,0,0
3907,0,null,0,0,0
3908,0,null,0,0,0
3909,0,null,0,0,0
3910,0,null,0,0,0
3911,0,null,0,0,0
3912,0,null,0,0,0
3913,0,null,0,0,0
3914,0,null,0,0,0
3915,0,null,0,0,0
3916,0,null,0,0,0
3917,0,null,0,0,0
3918,0,null,0,0,0
3919,0,null,0,0,0
3920,0,null,0,0,0
3921,0,null,0,0,0
3922,0,null,0,0,0
3923,0,null,0,0,0
3924,0,null,0,0,0
3925,0,null,0,0,0
3926,0,null,0,0,0
3927,0,null,0,0,0
3928,0,null,0,0,0
3929,0,null,0,0,0
3930,0,null,0,0,0
3931,0,null,0,0,0
3932,0,null,0,0,0
3933,0,null,0,0,0
3934,0,null,0,0,0
3935,0,null,0,0,0
3936,0,null,0,0,0
3937,1,primary_proton,1,1,1
3938,0,null,0,0,0
3939,0,null,0,0,0
3940,0,null,0,0,0
3941,0,null,0,0,0
3942,0,null,0,0,0
3943,0,null,0,0,0
3944,0,null,0,0,0
3945,0,null,0,0,0
3946,0,null,0,0,0
3947,0,null,0,0,0
3948,0,null,0,0,0
3949,0,null,0,0,0
3950,0,null,0,0,0
3951,0,null,0,0,0
3952,0,null,0,0,0
3953,0,null,0,0,0
3954,0,null,0,0,0
3955,0,null,0,0,0
3956,0,null,0,0,0
3957,0,null,0,0,0
3958,0,null,0,0,0
3959,0,null,0,0,0
3960,0,null,0,0,0
3961,0,null,0,0,0
3962,0,null,0,0,0
3963,0,null,0,0,0
3964,0,null,0,0,0
3965,0,null,0,0,0
3966,0,null,0,0,0
3967,0,null,0,0,0
3968,0,null,0,0,0
3969,0,null,0,0,0
3970,0,null,0,0,0
3971,0,null,0,0,0
3972,0,null,0,0,0
3973,0,null,0,0,0
3974,0,null,0,0,0
3975,6,secondary_proton,1,1,1
3976,1,primary_proton,1,1,1
3977,0,null,0,0,0
3978,0,null,0,0,0
3979,0,null,0,0,0
3980,750,e-,1,1,1
3981,0,null,0,0,0
3982,0,null,0,0,0
3983,0,null,0,0,0
3984,0,null,0,0,0
3985,0,null,0,0,0
3986,0,null,0,0,0
3987,0,null,0,0,0
3988,0,null,0,0,0
3989,0,null,0,0,0
3990,0,null,0,0,0
3991,0,null,0,0,0
3992,0,null,0,0,0
3993,0,null,0,0,0
3994,0,null,0,0,0
3995,0,null,0,0,0
3996,0,null,0,0,0
3997,0,null,0,0,0
3998,0,null,0,0,0
3999,0,null,0,0,0
4000,0,null,0,0,0
4001,0,null,0,0,0
4002,0,null,0,0,0
4003,0,null,0,0,0
4004,0,null,0,0,0
4005,0,null,0,0,0
4006,0,null,0,0,0
4007,0,null,0,0,0
4008,0,null,0,0,0
4009,0,null,0,0,0
4010,0,null,0,0,0
4011,0,null,0,0,0
4012,1,primary_proton,1,1,1
4013,0,null,0,0,0
4014,0,null,0,0,0
4015,0,null,0,0,0
4016,0,null,0,0,0
4017,0,null,0,0,0
4018,0,null,0,0,0
4019,0,null,0,0,0
4020,0,null,0,0,0
4021,1,primary_proton,1,1,1
4022,0,null,0,0,0
4023,0,null,0,0,0
4024,0,null,0,0,0
4025,4,secondary_proton,1,1,1
4026,0,null,0,0,0
4027,0,null,0,0,0
4028,0,null,0,0,0
4029,0,null,0,0,0
4030,0,null,0,0,0
4031,0,null,0,0,0
4032,0,null,0,0,0
4033,0,null,0,0,0
4034,0,null,0,0,0
4036,0,null,0,0,0
4037,0,null,0,0,0
4038,0,null,0,0,0
4039,0,null,0,0,0
4040,0,null,0,0,0
4041,0,null,0,0,0
4042,0,null,0,0,0
4043,0,null,0,0,0
4044,4,secondary_proton,1,1,1
4045,1,primary_proton,1,1,1
4046,0,null,0,0,0
4047,0,null,0,0,0
4048,0,null,0,0,0
4049,0,null,0,0,0
4050,0,null,0,0,0
4051,0,null,0,0,0
4052,0,null,0,0,0
4053,0,null,0,0,0
4054,0,null,0,0,0
4055,0,null,0,0,0
4056,0,null,0,0,0
4057,0,null,0,0,0
4058,0,null,0,0,0
4059,0,null,0,0,0
4060,0,null,0,0,0
4061,0,null,0,0,0
4062,0,null,0,0,0
4063,0,null,0,0,0
4064,0,null,0,0,0
4065,0,null,0,0,0
4066,0,null,0,0,0
4067,0,null,0,0,0
4068,1883,e-,1,1,1
4069,0,null,0,0,0
4070,0,null,0,0,0
4071,0,null,0,0,0
4072,0,null,0,0,0
4073,0,null,0,0,0
4074,0,null,0,0,0
4075,0,null,0,0,0
4076,0,null,0,0,0
4077,0,null,0,0,0
4078,0,null,0,0,0
4079,0,null,0,0,0
4080,236,pi+,0,1,1
4081,0,null,0,0,0
4082,0,null,0,0,0
4083,0,null,0,0,0
4084,0,null,0,0,0
4085,0,null,0,0,0
4086,0,null,0,0,0
4087,0,null,0,0,0
4088,0,null,0,0,0
4089,0,null,0,0,0
4090,0,null,0,0,0
4091,2,pi-,1,1,1
4092,0,null,0,0,0
4093,0,null,0,0,0
4094,0,null,0,0,0
4095,0,null,0,0,0
4096,0,null,0,0,0
4097,0,null,0,0,0
4098,0,null,0,0,0
4099,1,primary_proton,1,1,1
4100,0,null,0,0,0
4101,1,primary_proton,1,1,1
4102,0,null,0,0,0
4103,4,secondary_proton,1,1,1
4104,0,null,0,0,0
4105,0,null,0,0,0
4106,0,null,0,0,0
4107,0,null,0,0,0
4108,0,null,0,0,0
4109,0,null,0,0,0
4110,0,null,0,0,0
4111,0,null,0,0,0
4112,0,null,0,0,0
4113,0,null,0,0,0
4114,0,null,0,0,0
4115,0,null,0,0,0
4116,0,null,0,0,0
4117,0,null,0,0,0
4118,0,null,0,0,0
4119,1,primary_proton,1,1,0
4120,0,null,0,0,0
4121,0,null,0,0,0
4122,0,null,0,0,0
4123,0,null,0,0,0
4124,0,null,0,0,0
4125,0,null,0,0,0
4126,0,null,0,0,0
4127,0,null,0,0,0
4128,0,null,0,0,0
4129,0,null,0,0,0
4130,0,null,0,0,0
4131,0,null,0,0,0
4132,0,null,0,0,0
4133,0,null,0,0,0
4134,0,null,0,0,0
4135,0,null,0,0,0
4136,0,null,0,0,0
4137,0,null,0,0,0
4138,67,pi-,1,1,1
4139,0,null,0,0,0
4140,0,null,0,0,0
4141,0,null,0,0,0
4142,1,primary_proton,1,1,1
4143,0,null,0,0,0
4144,0,null,0,0,0
4145,0,null,0,0,0
4146,0,null,0,0,0
4147,0,null,0,0,0
4148,0,null,0,0,0
4149,0,null,0,0,0
4150,0,null,0,0,0
4151,0,null,0,0,0
4152,0,null,0,0,0
4153,0,null,0,0,0
4154,0,null,0,0,0
4155,0,null,0,0,0
4156,1,primary_proton,1,1,1
4157,0,null,0,0,0
4158,1,primary_proton,1,1,1
4159,0,null,0,0,0
4160,0,null,0,0,0
4161,0,null,0,0,0
4162,0,null,0,0,0
4163,0,null,0,0,0
4164,0,null,0,0,0
4165,0,null,0,0,0
4166,0,null,0,0,0
4167,0,null,0,0,0
4168,0,null,0,0,0
4169,0,null,0,0,0
4170,0,null,0,0,0
4171,0,null,0,0,0
4172,0,null,0,0,0
4173,0,null,0,0,0
4174,0,null,0,0,0
4175,0,null,0,0,0
4176,0,null,0,0,0
4177,0,null,0,0,0
4178,0,null,0,0,0
4179,0,null,0,0,0
4180,0,null,0,0,0
4181,0,null,0,0,0
4182,0,null,0,0,0
4183,1,primary_proton,1,1,1
4184,1,primary_proton,1,1,1
4185,0,null,0,0,0
4186,0,null,0,0,0
4187,0,null,0,0,0
4188,0,null,0,0,0
4189,0,null,0,0,0
4190,0,null,0,0,0
4191,0,null,0,0,0
4192,0,null,0,0,0
4193,0,null,0,0,0
4194,0,null,0,0,0
4195,0,null,0,0,0
4196,0,null,0,0,0
4197,0,null,0,0,0
4198,0,null,0,0,0
4199,0,null,0,0,0
4200,0,null,0,0,0
4201,0,null,0,0,0
4202,0,null,0,0,0
4203,0,null,0,0,0
4204,0,null,0,0,0
4205,0,null,0,0,0
4206,1,primary_proton,1,1,1
4207,1,primary_proton,1,1,1
4208,0,null,0,0,0
4209,0,null,0,0,0
4210,0,null,0,0,0
4211,0,null,0,0,0
4212,0,null,0,0,0
4213,0,null,0,0,0
4214,0,null,0,0,0
4215,0,null,0,0,0
4216,0,null,0,0,0
4217,0,null,0,0,0
4218,0,null,0,0,0
4219,0,null,0,0,0
4220,0,null,0,0,0
4221,0,null,0,0,0
4222,0,null,0,0,0
4223,0,null,0,0,0
4224,0,null,0,0,0
4225,0,null,0,0,0
4226,0,null,0,0,0
4227,0,null,0,0,0
4228,1,primary_proton,1,1,1
4229,0,null,0,0,0
4230,0,null,0,0,0
4231,0,null,0,0,0
4232,241,secondary_proton,1,1,0
4233,0,null,0,0,0
4234,17,secondary_proton,1,1,1
4235,1,primary_proton,1,1,1
4236,0,null,0,0,0
4237,0,null,0,0,0
4238,0,null,0,0,0
4239,0,null,0,0,0
4240,0,null,0,0,0
4241,0,null,0,0,0
4242,0,null,0,0,0
4243,0,null,0,0,0
4244,0,null,0,0,0
4245,0,null,0,0,0
4246,0,null,0,0,0
4247,0,null,0,0,0
4248,0,null,0,0,0
4249,0,null,0,0,0
4250,0,null,0,0,0
4251,0,null,0,0,0
4253,0,null,0,0,0
4254,0,null,0,0,0
4255,0,null,0,0,0
4256,0,null,0,0,0
4257,0,null,0,0,0
4258,8,pi-,1,1,1
4259,0,null,0,0,0
4260,0,null,0,0,0
4261,0,null,0,0,0
4262,0,null,0,0,0
4263,0,null,0,0,0
4264,0,null,0,0,0
4265,5543,secondary_proton,1,1,0
4266,2518,pi+,1,1,1
4267,0,null,0,0,0
4268,0,null,0,0,0
4269,0,null,0,0,0
4270,0,null,0,0,0
4271,0,null,0,0,0
4272,0,null,0,0,0
4273,0,null,0,0,0
4274,0,null,0,0,0
4275,0,null,0,0,0
4276,0,null,0,0,0
4277,0,null,0,0,0
4278,0,null,0,0,0
4279,0,null,0,0,0
4280,0,null,0,0,0
4281,0,null,0,0,0
4282,0,null,0,0,0
4283,0,null,0,0,0
4284,0,null,0,0,0
4285,0,null,0,0,0
4286,0,null,0,0,0
4287,0,null,0,0,0
4288,0,null,0,0,0
4289,0,null,0,0,0
4290,0,null,0,0,0
4291,0,null,0,0,0
4292,0,null,0,0,0
4293,3,secondary_proton,1,1,1
4294,0,null,0,0,0
4295,0,null,0,0,0
4296,0,null,0,0,0
4297,0,null,0,0,0
4298,0,null,0,0,0
4299,0,null,0,0,0
4300,0,null,0,0,0
4301,0,null,0,0,0
4302,0,null,0,0,0
4303,0,null,0,0,0
4304,0,null,0,0,0
4305,0,null,0,0,0
4306,0,null,0,0,0
4307,0,null,0,0,0
4308,0,null,0,0,0
4309,0,null,0,0,0
4310,0,null,0,0,0
4311,0,null,0,0,0
4312,0,null,0,0,0
4313,0,null,0,0,0
4314,1,primary_proton,1,1,1
4315,0,null,0,0,0
4316,0,null,0,0,0
4317,0,null,0,0,0
4318,0,null,0,0,0
4319,1,primary_proton,1,1,1
4320,0,null,0,0,0
4321,0,null,0,0,0
4322,0,null,0,0,0
4323,0,null,0,0,0
4324,0,null,0,0,0
4325,0,null,0,0,0
4326,0,null,0,0,0
4327,0,null,0,0,0
4328,0,null,0,0,0
4329,0,null,0,0,0
4330,0,null,0,0,0
4331,0,null,0,0,0
4332,0,null,0,0,0
4333,0,null,0,0,0
4334,0,null,0,0,0
4335,0,null,0,0,0
4336,0,null,0,0,0
4337,0,null,0,0,0
4338,0,null,0,0,0
4339,0,null,0,0,0
4340,3110,e-,1,0,0
4341,0,null,0,0,0
4342,0,null,0,0,0
4343,0,null,0,0,0
4344,0,null,0,0,0
4345,0,null,0,0,0
4346,0,null,0,0,0
4347,0,null,0,0,0
4348,0,null,0,0,0
4349,0,null,0,0,0
4350,0,null,0,0,0
4351,0,null,0,0,0
4352,0,null,0,0,0
4353,0,null,0,0,0
4354,0,null,0,0,0
4355,0,null,0,0,0
4356,1,primary_proton,1,1,1
4357,0,null,0,0,0
4358,0,null,0,0,0
4359,0,null,0,0,0
4360,0,null,0,0,0
4361,1,primary_proton,1,1,1
4362,0,null,0,0,0
4363,0,null,0,0,0
4364,1,primary_proton,1,1,1
4365,1,primary_proton,1,1,1
4366,0,null,0,0,0
4367,0,null,0,0,0
4368,1,primary_proton,1,1,1
4369,0,null,0,0,0
4370,0,null,0,0,0
4371,0,null,0,0,0
4372,0,null,0,0,0
4373,0,null,0,0,0
4374,16,pi+,1,1,1
4375,0,null,0,0,0
4376,0,null,0,0,0
4377,0,null,0,0,0
4378,0,null,0,0,0
4379,0,null,0,0,0
4380,1,primary_proton,1,1,1
4381,0,null,0,0,0
4382,0,null,0,0,0
4383,0,null,0,0,0
4384,0,null,0,0,0
4385,0,null,0,0,0
4386,0,null,0,0,0
4387,0,null,0,0,0
4388,0,null,0,0,0
4389,0,null,0,0,0
4390,0,null,0,0,0
4391,0,null,0,0,0
4392,0,null,0,0,0
4393,0,null,0,0,0
4394,0,null,0,0,0
4395,0,null,0,0,0
4396,0,null,0,0,0
4397,0,null,0,0,0
4398,0,null,0,0,0
4399,0,null,0,0,0
4400,0,null,0,0,0
4401,0,null,0,0,0
4402,0,null,0,0,0
4403,0,null,0,0,0
4404,0,null,0,0,0
4405,0,null,0,0,0
4406,0,null,0,0,0
4407,0,null,0,0,0
4408,11,secondary_proton,1,1,1
4409,0,null,0,0,0
4410,0,null,0,0,0
4411,0,null,0,0,0
4412,0,null,0,0,0
4413,0,null,0,0,0
4414,0,null,0,0,0
4415,0,null,0,0,0
4416,0,null,0,0,0
4417,0,null,0,0,0
4418,0,null,0,0,0
4419,0,null,0,0,0
4420,0,null,0,0,0
4421,0,null,0,0,0
4422,0,null,0,0,0
4423,0,null,0,0,0
4424,0,null,0,0,0
4425,0,null,0,0,0
4426,0,null,0,0,0
4427,0,null,0,0,0
4428,0,null,0,0,0
4429,0,null,0,0,0
4430,0,null,0,0,0
4431,0,null,0,0,0
4432,0,null,0,0,0
4433,0,null,0,0,0
4434,0,null,0,0,0
4435,0,null,0,0,0
4436,0,null,0,0,0
4437,0,null,0,0,0
4438,0,null,0,0,0
4439,0,null,0,0,0
4440,0,null,0,0,0
4441,1,primary_proton,1,1,1
4442,0,null,0,0,0
4443,0,null,0,0,0
4444,0,null,0,0,0
4445,0,null,0,0,0
4446,0,null,0,0,0
4447,0,null,0,0,0
4448,0,null,0,0,0
4449,0,null,0,0,0
4450,0,null,0,0,0
4451,0,null,0,0,0
4452,0,null,0,0,0
4453,0,null,0,0,0
4454,11,secondary_proton,1,1,1
4455,0,null,0,0,0
4456,0,null,0,0,0
4457,0,null,0,0,0
4458,7,pi+,1,1,1
4459,0,null,0,0,0
4460,0,null,0,0,0
4461,0,null,0,0,0
4462,0,null,0,0,0
4463,0,null,0,0,0
4464,0,null,0,0,0
4465,0,null,0,0,0
4466,1,primary_proton,1,1,1
4467,0,null,0,0,0
4468,0,null,0,0,0
4469,0,null,0,0,0
4470,0,null,0,0,0
4472,0,null,0,0,0
4473,0,null,0,0,0
4474,0,null,0,0,0
4475,0,null,0,0,0
4476,0,null,0,0,0
4477,0,null,0,0,0
4478,0,null,0,0,0
4479,12,secondary_proton,1,1,1
4480,0,null,0,0,0
4481,0,null,0,0,0
4482,0,null,0,0,0
4483,0,null,0,0,0
4484,0,null,0,0,0
4485,0,null,0,0,0
4486,0,null,0,0,0
4487,0,null,0,0,0
4488,0,null,0,0,0
4489,0,null,0,0,0
4490,0,null,0,0,0
4491,0,null,0,0,0
4492,0,null,0,0,0
4493,0,null,0,0,0
4494,0,null,0,0,0
4495,0,null,0,0,0
4496,0,null,0,0,0
4497,0,null,0,0,0
4498,0,null,0,0,0
4499,0,null,0,0,0
4500,0,null,0,0,0
4501,0,null,0,0,0
4502,0,null,0,0,0
4503,0,null,0,0,0
4504,0,null,0,0,0
4505,0,null,0,0,0
4506,0,null,0,0,0
4507,0,null,0,0,0
4508,0,null,0,0,0
4509,0,null,0,0,0
4510,0,null,0,0,0
4511,0,null,0,0,0
4512,0,null,0,0,0
4513,0,null,0,0,0
4514,0,null,0,0,0
4515,0,null,0,0,0
4516,0,null,0,0,0
4517,0,null,0,0,0
4518,0,null,0,0,0
4519,9,pi+,1,1,1
4520,0,null,0,0,0
4521,0,null,0,0,0
4522,0,null,0,0,0
4523,0,null,0,0,0
4524,0,null,0,0,0
4525,0,null,0,0,0
4526,0,null,0,0,0
4527,0,null,0,0,0
4528,0,null,0,0,0
4529,0,null,0,0,0
4530,0,null,0,0,0
4531,0,null,0,0,0
4532,0,null,0,0,0
4533,0,null,0,0,0
4534,0,null,0,0,0
4535,0,null,0,0,0
4536,0,null,0,0,0
4537,0,null,0,0,0
4538,0,null,0,0,0
4539,1,primary_proton,1,1,1
4540,0,null,0,0,0
4541,0,null,0,0,0
4542,0,null,0,0,0
4543,0,null,0,0,0
4544,0,null,0,0,0
4545,0,null,0,0,0
4546,0,null,0,0,0
4547,0,null,0,0,0
4548,0,null,0,0,0
4549,16,pi+,1,1,1
4550,0,null,0,0,0
4551,0,null,0,0,0
4552,0,null,0,0,0
4553,0,null,0,0,0
4554,0,null,0,0,0
4555,0,null,0,0,0
4556,0,null,0,0,0
4557,0,null,0,0,0
4558,0,null,0,0,0
4559,0,null,0,0,0
4560,0,null,0,0,0
4561,0,null,0,0,0
4562,0,null,0,0,0
4563,0,null,0,0,0
4564,0,null,0,0,0
4565,0,null,0,0,0
4566,0,null,0,0,0
4567,0,null,0,0,0
4568,0,null,0,0,0
4569,0,null,0,0,0
4570,0,null,0,0,0
4571,5,pi-,1,1,1
4572,0,null,0,0,0
4573,0,null,0,0,0
4574,0,null,0,0,0
4575,0,null,0,0,0
4576,0,null,0,0,0
4577,0,null,0,0,0
4578,0,null,0,0,0
4579,0,null,0,0,0
4580,0,null,0,0,0
4581,1187,secondary_proton,1,1,1
4582,0,null,0,0,0
4583,0,null,0,0,0
4584,0,null,0,0,0
4585,0,null,0,0,0
4586,0,null,0,0,0
4587,0,null,0,0,0
4588,0,null,0,0,0
4589,0,null,0,0,0
4590,0,null,0,0,0
4591,4,pi-,1,1,1
4592,0,null,0,0,0
4593,0,null,0,0,0
4594,0,null,0,0,0
4595,0,null,0,0,0
4596,0,null,0,0,0
4597,0,null,0,0,0
4598,0,null,0,0,0
4599,0,null,0,0,0
4600,0,null,0,0,0
4601,0,null,0,0,0
4602,0,null,0,0,0
4603,0,null,0,0,0
4604,0,null,0,0,0
4605,0,null,0,0,0
4606,0,null,0,0,0
4607,0,null,0,0,0
4608,0,null,0,0,0
4609,0,null,0,0,0
4610,0,null,0,0,0
4611,0,null,0,0,0
4612,0,null,0,0,0
4613,0,null,0,0,0
4614,0,null,0,0,0
4615,0,null,0,0,0
4616,0,null,0,0,0
4617,0,null,0,0,0
4618,584,pi-,1,1,0
4619,0,null,0,0,0
4620,0,null,0,0,0
4621,0,null,0,0,0
4622,0,null,0,0,0
4623,0,null,0,0,0
4624,0,null,0,0,0
4625,0,null,0,0,0
4626,0,null,0,0,0
4627,0,null,0,0,0
4628,0,null,0,0,0
4629,0,null,0,0,0
4630,0,null,0,0,0
4631,0,null,0,0,0
4632,6,secondary_proton,1,1,1
4633,0,null,0,0,0
4634,0,null,0,0,0
4635,0,null,0,0,0
4636,0,null,0,0,0
4637,0,null,0,0,0
4638,0,null,0,0,0
4639,0,null,0,0,0
4640,0,null,0,0,0
4641,0,null,0,0,0
4642,0,null,0,0,0
4643,0,null,0,0,0
4644,0,null,0,0,0
4645,0,null,0,0,0
4646,0,null,0,0,0
4647,0,null,0,0,0
4648,0,null,0,0,0
4649,0,null,0,0,0
4650,2018,pi-,1,1,0
4651,0,null,0,0,0
4652,0,null,0,0,0
4653,0,null,0,0,0
4654,0,null,0,0,0
4655,0,null,0,0,0
4656,0,null,0,0,0
4657,0,null,0,0,0
4658,0,null,0,0,0
4659,0,null,0,0,0
4660,0,null,0,0,0
4661,0,null,0,0,0
4662,0,null,0,0,0
4663,0,null,0,0,0
4664,0,null,0,0,0
4665,0,null,0,0,0
4666,0,null,0,0,0
4667,0,null,0,0,0
4668,0,null,0,0,0
4669,0,null,0,0,0
4670,0,null,0,0,0
4671,0,null,0,0,0
4672,0,null,0,0,0
4673,0,null,0,0,0
4674,0,null,0,0,0
4675,0,null,0,0,0
4676,0,null,0,0,0
4677,5,secondary_proton,1,1,1
4678,14,pi-,1,1,1
4679,0,null,0,0,0
4680,0,null,0,0,0
4681,0,null,0,0,0
4682,0,null,0,0,0
4683,0,null,0,0,0
4684,0,null,0,0,0
4685,0,null,0,0,0
4686,0,null,0,0,0
4687,7,secondary_proton,1,1,1
4688,0,null,0,0,0
4689,0,null,0,0,0
4690,0,null,0,0,0
4691,0,null,0,0,0
4692,0,null,0,0,0
4693,0,null,0,0,0
4694,0,null,0,0,0
4696,0,null,0,0,0
4697,0,null,0,0,0
4698,0,null,0,0,0
4699,0,null,0,0,0
4700,0,null,0,0,0
4701,0,null,0,0,0
4702,0,null,0,0,0
4703,0,null,0,0,0
4704,0,null,0,0,0
4705,0,null,0,0,0
4706,0,null,0,0,0
4707,0,null,0,0,0
4708,1,primary_proton,1,1,1
4709,0,null,0,0,0
4710,0,null,0,0,0
4711,0,null,0,0,0
4712,0,null,0,0,0
4713,0,null,0,0,0
4714,0,null,0,0,0
4715,0,null,0,0,0
4716,0,null,0,0,0
4717,0,null,0,0,0
4718,0,null,0,0,0
4719,0,null,0,0,0
4720,0,null,0,0,0
4721,0,null,0,0,0
4722,0,null,0,0,0
4723,0,null,0,0,0
4724,0,null,0,0,0
4725,0,null,0,0,0
4726,0,null,0,0,0
4727,0,null,0,0,0
4728,0,null,0,0,0
4729,0,null,0,0,0
4730,0,null,0,0,0
4731,0,null,0,0,0
4732,0,null,0,0,0
4733,6,pi-,1,1,1
4734,0,null,0,0,0
4735,13,pi-,1,0,0
4736,0,null,0,0,0
4737,0,null,0,0,0
4738,0,null,0,0,0
4739,0,null,0,0,0
4740,0,null,0,0,0
4741,0,null,0,0,0
4742,0,null,0,0,0
4743,0,null,0,0,0
4744,1,primary_proton,1,1,1
4745,0,null,0,0,0
4746,0,null,0,0,0
4747,0,null,0,0,0
4748,0,null,0,0,0
4749,0,null,0,0,0
4750,0,null,0,0,0
4751,0,null,0,0,0
4752,1,primary_proton,1,1,1
4753,0,null,0,0,0
4754,0,null,0,0,0
4755,0,null,0,0,0
4756,0,null,0,0,0
4757,0,null,0,0,0
4758,0,null,0,0,0
4759,0,null,0,0,0
4760,0,null,0,0,0
4761,0,null,0,0,0
4762,0,null,0,0,0
4763,0,null,0,0,0
4764,0,null,0,0,0
4765,0,null,0,0,0
4766,0,null,0,0,0
4767,0,null,0,0,0
4768,0,null,0,0,0
4769,0,null,0,0,0
4770,0,null,0,0,0
4771,0,null,0,0,0
4772,0,null,0,0,0
4773,0,null,0,0,0
4774,0,null,0,0,0
4775,0,null,0,0,0
4776,0,null,0,0,0
4777,1,primary_proton,1,1,1
4778,0,null,0,0,0
4779,0,null,0,0,0
4780,0,null,0,0,0
4781,0,null,0,0,0
4782,0,null,0,0,0
4783,0,null,0,0,0
4784,0,null,0,0,0
4785,1,primary_proton,1,1,1
4786,9,pi-,1,1,1
4787,0,null,0,0,0
4788,0,null,0,0,0
4789,0,null,0,0,0
4790,0,null,0,0,0
4791,0,null,0,0,0
4792,0,null,0,0,0
4793,0,null,0,0,0
4794,0,null,0,0,0
4795,0,null,0,0,0
4796,0,null,0,0,0
4797,0,null,0,0,0
4798,0,null,0,0,0
4799,0,null,0,0,0
4800,0,null,0,0,0
4801,0,null,0,0,0
4802,0,null,0,0,0
4803,0,null,0,0,0
4804,0,null,0,0,0
4805,0,null,0,0,0
4806,0,null,0,0,0
4807,0,null,0,0,0
4808,0,null,0,0,0
4809,0,null,0,0,0
4810,0,null,0,0,0
4811,0,null,0,0,0
4812,0,null,0,0,0
4813,0,null,0,0,0
4814,0,null,0,0,0
4815,0,null,0,0,0
4816,0,null,0,0,0
4817,0,null,0,0,0
4818,0,null,0,0,0
4819,0,null,0,0,0
4820,0,null,0,0,0
4821,1,primary_proton,1,1,1
4822,0,null,0,0,0
4823,0,null,0,0,0
4824,0,null,0,0,0
4825,0,null,0,0,0
4826,0,null,0,0,0
4827,0,null,0,0,0
4828,0,null,0,0,0
4829,0,null,0,0,0
4830,0,null,0,0,0
4831,1,primary_proton,1,1,1
4832,0,null,0,0,0
4833,0,null,0,0,0
4834,0,null,0,0,0
4835,0,null,0,0,0
4836,0,null,0,0,0
4837,1,primary_proton,1,1,1
4838,0,null,0,0,0
4839,0,null,0,0,0
4840,0,null,0,0,0
4841,0,null,0,0,0
4842,0,null,0,0,0
4843,0,null,0,0,0
4844,0,null,0,0,0
4845,0,null,0,0,0
4846,0,null,0,0,0
4847,0,null,0,0,0
4848,0,null,0,0,0
4849,0,null,0,0,0
4850,0,null,0,0,0
4851,2,secondary_proton,1,1,1
4852,0,null,0,0,0
4853,0,null,0,0,0
4854,0,null,0,0,0
4855,1,primary_proton,1,0,0
4856,0,null,0,0,0
4857,1,primary_proton,1,1,1
4858,0,null,0,0,0
4859,0,null,0,0,0
4860,0,null,0,0,0
4861,0,null,0,0,0
4862,0,null,0,0,0
4863,0,null,0,0,0
4864,0,null,0,0,0
4865,0,null,0,0,0
4866,0,null,0,0,0
4867,0,null,0,0,0
4868,0,null,0,0,0
4869,0,null,0,0,0
4870,0,null,0,0,0
4871,0,null,0,0,0
4872,0,null,0,0,0
4873,0,null,0,0,0
4874,0,null,0,0,0
4875,0,null,0,0,0
4876,0,null,0,0,0
4877,0,null,0,0,0
4878,0,null,0,0,0
4879,0,null,0,0,0
4880,0,null,0,0,0
4881,0,null,0,0,0
4882,0,null,0,0,0
4883,0,null,0,0,0
4884,0,null,0,0,0
4885,0,null,0,0,0
4886,0,null,0,0,0
4887,0,null,0,0,0
4888,0,null,0,0,0
4889,0,null,0,0,0
4890,0,null,0,0,0
4891,0,null,0,0,0
4892,0,null,0,0,0
4893,0,null,0,0,0
4894,0,null,0,0,0
4895,0,null,0,0,0
4896,0,null,0,0,0
4897,0,null,0,0,0
4898,0,null,0,0,0
4899,0,null,0,0,0
4900,0,null,0,0,0
4901,0,null,0,0,0
4902,0,null,0,0,0
4903,0,null,0,0,0
4904,0,null,0,0,0
4905,0,null,0,0,0
4906,0,null,0,0,0
4907,0,null,0,0,0
4908,0,null,0,0,0
4909,0,null,0,0,0
4910,0,null,0,0,0
4911,0,null,0,0,0
4912,0,null,0,0,0
4913,0,null,0,0,0
4914,0,null,0,0,0
4915,0,null,0,0,0
4917,0,null,0,0,0
4918,0,null,0,0,0
4919,1,primary_proton,1,1,1
4920,0,null,0,0,0
4921,0,null,0,0,0
4922,0,null,0,0,0
4923,5,secondary_proton,1,1,1
4924,0,null,0,0,0
4925,0,null,0,0,0
4926,0,null,0,0,0
4927,0,null,0,0,0
4928,0,null,0,0,0
4929,0,null,0,0,0
4930,0,null,0,0,0
4931,0,null,0,0,0
4932,0,null,0,0,0
4933,0,null,0,0,0
4934,0,null,0,0,0
4935,0,null,0,0,0
4936,0,null,0,0,0
4937,0,null,0,0,0
4938,0,null,0,0,0
4939,0,null,0,0,0
4940,0,null,0,0,0
4941,0,null,0,0,0
4942,0,null,0,0,0
4943,0,null,0,0,0
4944,0,null,0,0,0
4945,0,null,0,0,0
4946,0,null,0,0,0
4947,0,null,0,0,0
4948,0,null,0,0,0
4949,0,null,0,0,0
4950,0,null,0,0,0
4951,0,null,0,0,0
4952,0,null,0,0,0
4953,0,null,0,0,0
4954,0,null,0,0,0
4955,0,null,0,0,0
4956,0,null,0,0,0
4957,0,null,0,0,0
4958,0,null,0,0,0
4959,0,null,0,0,0
4960,0,null,0,0,0
4961,0,null,0,0,0
4962,0,null,0,0,0
4963,0,null,0,0,0
4964,0,null,0,0,0
4965,0,null,0,0,0
4966,3,secondary_proton,1,1,0
4967,0,null,0,0,0
4968,0,null,0,0,0
4969,0,null,0,0,0
4970,0,null,0,0,0
4971,0,null,0,0,0
4972,1,primary_proton,1,1,1
4973,0,null,0,0,0
4974,0,null,0,0,0
4975,1,primary_proton,1,1,1
4976,0,null,0,0,0
4977,0,null,0,0,0
4978,0,null,0,0,0
4979,0,null,0,0,0
4980,0,null,0,0,0
4981,0,null,0,0,0
4982,0,null,0,0,0
4983,0,null,0,0,0
4984,0,null,0,0,0
4985,0,null,0,0,0
4986,0,null,0,0,0
4987,0,null,0,0,0
4988,0,null,0,0,0
4989,0,null,0,0,0
4990,0,null,0,0,0
4991,0,null,0,0,0
4992,0,null,0,0,0
4993,0,null,0,0,0
4994,0,null,0,0,0
4995,0,null,0,0,0
4996,0,null,0,0,0
4997,0,null,0,0,0
4998,0,null,0,0,0
4999,0,null,0,0,0
1,0,null,0,0,0
2,0,null,0,0,0
3,0,null,0,0,0
4,0,null,0,0,0
5,0,null,0,0,0
6,0,null,0,0,0
7,0,null,0,0,0
8,0,null,0,0,0
9,0,null,0,0,0
10,0,null,0,0,0
11,0,null,0,0,0
12,1,primary_proton,1,1,1
13,0,null,0,0,0
14,0,null,0,0,0
15,0,null,0,0,0
16,0,null,0,0,0
17,0,null,0,0,0
18,0,null,0,0,0
19,0,null,0,0,0
20,0,null,0,0,0
21,0,null,0,0,0
22,0,null,0,0,0
23,0,null,0,0,0
24,0,null,0,0,0
25,0,null,0,0,0
26,85,pi+,1,1,1
27,0,null,0,0,0
28,0,null,0,0,0
29,0,null,0,0,0
30,0,null,0,0,0
31,0,null,0,0,0
32,0,null,0,0,0
33,0,null,0,0,0
34,0,null,0,0,0
35,0,null,0,0,0
36,0,null,0,0,0
37,0,null,0,0,0
38,0,null,0,0,0
39,0,null,0,0,0
40,0,null,0,0,0
41,0,null,0,0,0
42,0,null,0,0,0
43,0,null,0,0,0
44,0,null,0,0,0
45,0,null,0,0,0
46,0,null,0,0,0
47,0,null,0,0,0
48,0,null,0,0,0
49,0,null,0,0,0
50,27,secondary_proton,1,0,0
51,0,null,0,0,0
52,1,primary_proton,1,1,1
53,0,null,0,0,0
54,0,null,0,0,0
55,0,null,0,0,0
56,0,null,0,0,0
57,0,null,0,0,0
58,1,primary_proton,1,1,1
59,0,null,0,0,0
60,0,null,0,0,0
61,0,null,0,0,0
62,0,null,0,0,0
63,0,null,0,0,0
64,0,null,0,0,0
65,0,null,0,0,0
66,0,null,0,0,0
67,0,null,0,0,0
68,0,null,0,0,0
69,1,primary_proton,1,1,1
70,0,null,0,0,0
71,0,null,0,0,0
72,0,null,0,0,0
73,0,null,0,0,0
74,0,null,0,0,0
75,0,null,0,0,0
76,0,null,0,0,0
77,0,null,0,0,0
78,0,null,0,0,0
79,0,null,0,0,0
80,1,primary_proton,1,1,1
81,0,null,0,0,0
82,0,null,0,0,0
83,0,null,0,0,0
84,0,null,0,0,0
85,0,null,0,0,0
86,0,null,0,0,0
87,0,null,0,0,0
88,1,primary_proton,1,1,1
89,0,null,0,0,0
90,0,null,0,0,0
91,0,null,0,0,0
92,12,pi-,1,1,1
93,0,null,0,0,0
94,0,null,0,0,0
95,0,null,0,0,0
96,0,null,0,0,0
97,0,null,0,0,0
98,4513,e-,1,1,1
99,0,null,0,0,0
100,0,null,0,0,0
101,0,null,0,0,0
102,0,null,0,0,0
103,0,null,0,0,0
104,0,null,0,0,0
105,0,null,0,0,0
106,0,null,0,0,0
107,0,null,0,0,0
108,0,null,0,0,0
109,0,null,0,0,0
110,0,null,0,0,0
111,0,null,0,0,0
112,0,null,0,0,0
113,0,null,0,0,0
114,0,null,0,0,0
115,0,null,0,0,0
116,0,null,0,0,0
117,0,null,0,0,0
118,0,null,0,0,0
119,12,secondary_proton,1,1,1
120,0,null,0,0,0
121,0,null,0,0,0
122,0,null,0,0,0
123,0,null,0,0,0
124,0,null,0,0,0
125,0,null,0,0,0
126,0,null,0,0,0
127,0,null,0,0,0
128,0,null,0,0,0
129,0,null,0,0,0
130,0,null,0,0,0
131,0,null,0,0,0
132,0,null,0,0,0
133,0,null,0,0,0
134,0,null,0,0,0
135,0,null,0,0,0
136,0,null,0,0,0
137,0,null,0,0,0
138,0,null,0,0,0
139,0,null,0,0,0
140,0,null,0,0,0
141,0,null,0,0,0
142,0,null,0,0,0
143,0,null,0,0,0
144,0,null,0,0,0
145,0,null,0,0,0
146,0,null,0,0,0
147,0,null,0,0,0
148,0,null,0,0,0
149,0,null,0,0,0
150,0,null,0,0,0
151,0,null,0,0,0
152,0,null,0,0,0
153,27,pi-,1,0,0
154,0,null,0,0,0
155,0,null,0,0,0
156,0,null,0,0,0
157,0,null,0,0,0
158,0,null,0,0,0
159,0,null,0,0,0
160,0,null,0,0,0
161,0,null,0,0,0
162,0,null,0,0,0
163,0,null,0,0,0
164,1,primary_proton,1,1,1
165,0,null,0,0,0
166,0,null,0,0,0
167,0,null,0,0,0
168,0,null,0,0,0
169,0,null,0,0,0
170,0,null,0,0,0
171,0,null,0,0,0
172,0,null,0,0,0
173,0,null,0,0,0
174,0,null,0,0,0
175,0,null,0,0,0
176,0,null,0,0,0
177,0,null,0,0,0
178,0,null,0,0,0
179,0,null,0,0,0
180,0,null,0,0,0
181,0,null,0,0,0
182,0,null,0,0,0
183,0,null,0,0,0
184,0,null,0,0,0
185,0,null,0,0,0
186,0,null,0,0,0
187,0,null,0,0,0
188,19,kaon+,1,1,1
189,0,null,0,0,0
190,0,null,0,0,0
191,0,null,0,0,0
192,0,null,0,0,0
193,0,null,0,0,0
194,0,null,0,0,0
195,0,null,0,0,0
196,0,null,0,0,0
197,0,null,0,0,0
198,0,null,0,0,0
199,0,null,0,0,0
200,1,primary_proton,1,1,1
201,0,null,0,0,0
202,0,null,0,0,0
203,0,null,0,0,0
204,10,pi-,1,1,1
205,0,null,0,0,0
206,0,null,0,0,0
207,0,null,0,0,0
208,0,null,0,0,0
209,0,null,0,0,0
210,0,null,0,0,0
211,0,null,0,0,0
212,0,null,0,0,0
213,0,null,0,0,0
214,0,null,0,0,0
215,0,null,0,0,0
216,0,null,0,0,0
217,0,null,0,0,0
218,0,null,0,0,0
219,0,null,0,0,0
220,0,null,0,0,0
221,0,null,0,0,0
222,0,null,0,0,0
223,0,null,0,0,0
224,0,null,0,0,0
225,0,null,0,0,0
226,0,null,0,0,0
227,0,null,0,0,0
228,0,null,0,0,0
229,0,null,0,0,0
230,0,null,0,0,0
231,0,null,0,0,0
232,0,null,0,0,0
233,0,null,0,0,0
234,0,null,0,0,0
235,0,null,0,0,0
236,0,null,0,0,0
237,0,null,0,0,0
238,0,null,0,0,0
239,0,null,0,0,0
241,0,null,0,0,0
242,0,null,0,0,0
243,0,null,0,0,0
244,0,null,0,0,0
245,0,null,0,0,0
246,0,null,0,0,0
247,2862,secondary_proton,1,1,1
248,0,null,0,0,0
249,0,null,0,0,0
250,0,null,0,0,0
251,0,null,0,0,0
252,0,null,0,0,0
253,0,null,0,0,0
254,0,null,0,0,0
255,0,null,0,0,0
256,0,null,0,0,0
257,0,null,0,0,0
258,0,null,0,0,0
259,0,null,0,0,0
260,0,null,0,0,0
261,0,null,0,0,0
262,0,null,0,0,0
263,0,null,0,0,0
264,0,null,0,0,0
265,0,null,0,0,0
266,0,null,0,0,0
267,0,null,0,0,0
268,0,null,0,0,0
269,2924,e-,1,1,1
270,0,null,0,0,0
271,0,null,0,0,0
272,0,null,0,0,0
273,0,null,0,0,0
274,0,null,0,0,0
275,0,null,0,0,0
276,0,null,0,0,0
277,0,null,0,0,0
278,0,null,0,0,0
279,0,null,0,0,0
280,0,null,0,0,0
281,10,secondary_proton,1,1,1
282,0,null,0,0,0
283,0,null,0,0,0
284,0,null,0,0,0
285,0,null,0,0,0
286,0,null,0,0,0
287,0,null,0,0,0
288,0,null,0,0,0
289,0,null,0,0,0
290,0,null,0,0,0
291,1,primary_proton,1,1,1
292,0,null,0,0,0
293,0,null,0,0,0
294,0,null,0,0,0
295,0,null,0,0,0
296,0,null,0,0,0
297,0,null,0,0,0
298,0,null,0,0,0
299,0,null,0,0,0
300,0,null,0,0,0
301,0,null,0,0,0
302,0,null,0,0,0
303,0,null,0,0,0
304,0,null,0,0,0
305,0,null,0,0,0
306,450,pi+,1,0,0
307,0,null,0,0,0
308,0,null,0,0,0
309,0,null,0,0,0
310,0,null,0,0,0
311,0,null,0,0,0
312,0,null,0,0,0
313,0,null,0,0,0
314,0,null,0,0,0
315,0,null,0,0,0
316,0,null,0,0,0
317,0,null,0,0,0
318,801,pi-,1,1,0
319,0,null,0,0,0
320,0,null,0,0,0
321,0,null,0,0,0
322,0,null,0,0,0
323,0,null,0,0,0
324,0,null,0,0,0
325,0,null,0,0,0
326,0,null,0,0,0
327,0,null,0,0,0
328,0,null,0,0,0
329,0,null,0,0,0
330,0,null,0,0,0
331,0,null,0,0,0
332,0,null,0,0,0
333,0,null,0,0,0
334,0,null,0,0,0
335,0,null,0,0,0
336,0,null,0,0,0
337,0,null,0,0,0
338,0,null,0,0,0
339,0,null,0,0,0
340,0,null,0,0,0
341,0,null,0,0,0
342,0,null,0,0,0
343,0,null,0,0,0
344,0,null,0,0,0
345,0,null,0,0,0
346,0,null,0,0,0
347,0,null,0,0,0
348,0,null,0,0,0
349,0,null,0,0,0
350,0,null,0,0,0
351,0,null,0,0,0
352,0,null,0,0,0
353,0,null,0,0,0
354,0,null,0,0,0
355,0,null,0,0,0
356,0,null,0,0,0
357,0,null,0,0,0
358,0,null,0,0,0
359,0,null,0,0,0
360,0,null,0,0,0
361,0,null,0,0,0
362,0,null,0,0,0
363,0,null,0,0,0
364,0,null,0,0,0
365,0,null,0,0,0
366,0,null,0,0,0
367,0,null,0,0,0
368,0,null,0,0,0
369,0,null,0,0,0
370,0,null,0,0,0
371,0,null,0,0,0
372,0,null,0,0,0
373,0,null,0,0,0
374,0,null,0,0,0
375,0,null,0,0,0
376,0,null,0,0,0
377,0,null,0,0,0
378,0,null,0,0,0
379,1,primary_proton,1,1,1
380,0,null,0,0,0
381,0,null,0,0,0
382,0,null,0,0,0
383,0,null,0,0,0
384,0,null,0,0,0
385,0,null,0,0,0
386,0,null,0,0,0
387,0,null,0,0,0
388,0,null,0,0,0
389,0,null,0,0,0
390,0,null,0,0,0
391,0,null,0,0,0
392,0,null,0,0,0
393,0,null,0,0,0
394,0,null,0,0,0
395,1,primary_proton,1,1,1
396,0,null,0,0,0
397,0,null,0,0,0
398,0,null,0,0,0
399,0,null,0,0,0
400,0,null,0,0,0
401,0,null,0,0,0
402,0,null,0,0,0
403,0,null,0,0,0
404,0,null,0,0,0
405,0,null,0,0,0
406,0,null,0,0,0
407,0,null,0,0,0
408,0,null,0,0,0
409,0,null,0,0,0
410,0,null,0,0,0
411,13,pi+,1,1,1
412,0,null,0,0,0
413,0,null,0,0,0
414,0,null,0,0,0
415,0,null,0,0,0
416,0,null,0,0,0
417,0,null,0,0,0
418,0,null,0,0,0
419,0,null,0,0,0
420,0,null,0,0,0
421,0,null,0,0,0
422,0,null,0,0,0
423,0,null,0,0,0
424,0,null,0,0,0
425,0,null,0,0,0
426,0,null,0,0,0
427,0,null,0,0,0
428,1481,secondary_proton,1,1,1
429,0,null,0,0,0
430,0,null,0,0,0
431,0,null,0,0,0
432,0,null,0,0,0
433,0,null,0,0,0
434,0,null,0,0,0
435,0,null,0,0,0
436,0,null,0,0,0
437,0,null,0,0,0
438,0,null,0,0,0
439,0,null,0,0,0
440,235,pi+,1,1,1
441,0,null,0,0,0
442,0,null,0,0,0
443,0,null,0,0,0
444,0,null,0,0,0
445,0,null,0,0,0
446,0,null,0,0,0
447,0,null,0,0,0
448,0,null,0,0,0
449,0,null,0,0,0
450,0,null,0,0,0
451,10,pi-,1,1,1
452,0,null,0,0,0
453,0,null,0,0,0
454,0,null,0,0,0
455,0,null,0,0,0
456,0,null,0,0,0
457,0,null,0,0,0
458,0,null,0,0,0
459,0,null,0,0,0
460,0,null,0,0,0
461,0,null,0,0,0
462,0,null,0,0,0
463,0,null,0,0,0
464,0,null,0,0,0
465,0,null,0,0,0
466,0,null,0,0,0
467,0,null,0,0,0
468,0,null,0,0,0
469,0,null,0,0,0
470,0,null,0,0,0
471,0,null,0,0,0
472,0,null,0,0,0
473,0,null,0,0,0
474,0,null,0,0,0
475,0,null,0,0,0
476,0,null,0,0,0
478,0,null,0,0,0
479,0,null,0,0,0
480,0,null,0,0,0
481,0,null,0,0,0
482,0,null,0,0,0
483,0,null,0,0,0
484,0,null,0,0,0
485,0,null,0,0,0
486,0,null,0,0,0
487,0,null,0,0,0
488,0,null,0,0,0
489,0,null,0,0,0
490,0,null,0,0,0
491,0,null,0,0,0
492,0,null,0,0,0
493,0,null,0,0,0
494,0,null,0,0,0
495,0,null,0,0,0
496,0,null,0,0,0
497,0,null,0,0,0
498,0,null,0,0,0
499,0,null,0,0,0
500,0,null,0,0,0
501,0,null,0,0,0
502,0,null,0,0,0
503,9,pi-,1,1,1
504,1004,secondary_proton,1,0,0
505,0,null,0,0,0
506,0,null,0,0,0
507,0,null,0,0,0
508,0,null,0,0,0
509,0,null,0,0,0
510,0,null,0,0,0
511,0,null,0,0,0
512,0,null,0,0,0
513,0,null,0,0,0
514,0,null,0,0,0
515,0,null,0,0,0
516,0,null,0,0,0
517,1,primary_proton,1,1,1
518,0,null,0,0,0
519,0,null,0,0,0
520,0,null,0,0,0
521,0,null,0,0,0
522,2,secondary_proton,1,1,1
523,0,null,0,0,0
524,4,secondary_proton,1,1,1
525,0,null,0,0,0
526,0,null,0,0,0
527,0,null,0,0,0
528,0,null,0,0,0
529,0,null,0,0,0
530,0,null,0,0,0
531,0,null,0,0,0
532,0,null,0,0,0
533,0,null,0,0,0
534,0,null,0,0,0
535,0,null,0,0,0
536,0,null,0,0,0
537,0,null,0,0,0
538,0,null,0,0,0
539,0,null,0,0,0
540,0,null,0,0,0
541,0,null,0,0,0
542,0,null,0,0,0
543,0,null,0,0,0
544,0,null,0,0,0
545,0,null,0,0,0
546,1,primary_proton,1,1,1
547,0,null,0,0,0
548,0,null,0,0,0
549,0,null,0,0,0
550,0,null,0,0,0
551,0,null,0,0,0
552,0,null,0,0,0
553,0,null,0,0,0
554,1,primary_proton,1,1,1
555,0,null,0,0,0
556,0,null,0,0,0
557,0,null,0,0,0
558,16,pi-,1,1,0
559,0,null,0,0,0
560,0,null,0,0,0
561,0,null,0,0,0
562,0,null,0,0,0
563,0,null,0,0,0
564,0,null,0,0,0
565,0,null,0,0,0
566,0,null,0,0,0
567,12,pi-,1,1,1
568,0,null,0,0,0
569,0,null,0,0,0
570,0,null,0,0,0
571,0,null,0,0,0
572,9,pi+,1,1,1
573,0,null,0,0,0
574,0,null,0,0,0
575,1,primary_proton,1,1,1
576,0,null,0,0,0
577,0,null,0,0,0
578,0,null,0,0,0
579,6,secondary_proton,1,1,1
580,1,primary_proton,1,1,1
581,0,null,0,0,0
582,0,null,0,0,0
583,0,null,0,0,0
584,0,null,0,0,0
585,0,null,0,0,0
586,0,null,0,0,0
587,0,null,0,0,0
588,0,null,0,0,0
589,0,null,0,0,0
590,0,null,0,0,0
591,1,primary_proton,1,1,1
592,0,null,0,0,0
593,0,null,0,0,0
594,0,null,0,0,0
595,0,null,0,0,0
596,0,null,0,0,0
597,0,null,0,0,0
598,0,null,0,0,0
599,0,null,0,0,0
600,0,null,0,0,0
601,0,null,0,0,0
602,0,null,0,0,0
603,0,null,0,0,0
604,1,primary_proton,1,1,1
605,0,null,0,0,0
606,0,null,0,0,0
607,0,null,0,0,0
608,0,null,0,0,0
609,0,null,0,0,0
610,0,null,0,0,0
611,0,null,0,0,0
612,0,null,0,0,0
613,0,null,0,0,0
614,0,null,0,0,0
615,0,null,0,0,0
616,0,null,0,0,0
617,0,null,0,0,0
618,0,null,0,0,0
619,0,null,0,0,0
620,0,null,0,0,0
621,0,null,0,0,0
622,0,null,0,0,0
623,0,null,0,0,0
624,0,null,0,0,0
625,0,null,0,0,0
626,0,null,0,0,0
627,0,null,0,0,0
628,0,null,0,0,0
629,0,null,0,0,0
630,0,null,0,0,0
631,0,null,0,0,0
632,0,null,0,0,0
633,0,null,0,0,0
634,0,null,0,0,0
635,0,null,0,0,0
636,66,pi-,1,0,0
637,0,null,0,0,0
638,0,null,0,0,0
639,0,null,0,0,0
640,0,null,0,0,0
641,0,null,0,0,0
642,0,null,0,0,0
643,0,null,0,0,0
644,0,null,0,0,0
645,0,null,0,0,0
646,0,null,0,0,0
647,0,null,0,0,0
648,0,null,0,0,0
649,0,null,0,0,0
650,0,null,0,0,0
651,0,null,0,0,0
652,0,null,0,0,0
653,0,null,0,0,0
654,0,null,0,0,0
655,0,null,0,0,0
656,1,primary_proton,1,1,1
657,0,null,0,0,0
658,0,null,0,0,0
659,0,null,0,0,0
660,0,null,0,0,0
661,0,null,0,0,0
662,0,null,0,0,0
663,0,null,0,0,0
664,0,null,0,0,0
665,0,null,0,0,0
666,0,null,0,0,0
667,0,null,0,0,0
668,0,null,0,0,0
669,0,null,0,0,0
670,0,null,0,0,0
671,1,primary_proton,1,1,1
672,0,null,0,0,0
673,1,primary_proton,1,1,1
674,0,null,0,0,0
675,0,null,0,0,0
676,0,null,0,0,0
677,0,null,0,0,0
678,0,null,0,0,0
679,0,null,0,0,0
680,0,null,0,0,0
681,0,null,0,0,0
682,0,null,0,0,0
683,0,null,0,0,0
684,0,null,0,0,0
685,0,null,0,0,0
686,0,null,0,0,0
687,0,null,0,0,0
688,0,null,0,0,0
689,0,null,0,0,0
690,1,primary_proton,1,1,1
691,1,primary_proton,1,1,1
692,0,null,0,0,0
693,1,primary_proton,1,0,0
694,0,null,0,0,0
695,0,null,0,0,0
696,0,null,0,0,0
697,0,null,0,0,0
698,1,primary_proton,1,1,1
699,0,null,0,0,0
700,0,null,0,0,0
701,0,null,0,0,0
702,0,null,0,0,0
703,0,null,0,0,0
704,0,null,0,0,0
705,0,null,0,0,0
706,0,null,0,0,0
708,0,null,0,0,0
709,0,null,0,0,0
710,0,null,0,0,0
711,0,null,0,0,0
712,0,null,0,0,0
713,0,null,0,0,0
714,0,null,0,0,0
715,0,null,0,0,0
716,0,null,0,0,0
717,0,null,0,0,0
718,11,pi+,1,1,1
719,0,null,0,0,0
720,0,null,0,0,0
721,2698,e-,0,1,0
722,0,null,0,0,0
723,0,null,0,0,0
724,0,null,0,0,0
725,0,null,0,0,0
726,0,null,0,0,0
727,0,null,0,0,0
728,0,null,0,0,0
729,0,null,0,0,0
730,9,pi+,1,1,1
731,0,null,0,0,0
732,0,null,0,0,0
733,0,null,0,0,0
734,0,null,0,0,0
735,0,null,0,0,0
736,0,null,0,0,0
737,0,null,0,0,0
738,0,null,0,0,0
739,0,null,0,0,0
740,0,null,0,0,0
741,0,null,0,0,0
742,0,null,0,0,0
743,0,null,0,0,0
744,0,null,0,0,0
745,0,null,0,0,0
746,0,null,0,0,0
747,0,null,0,0,0
748,0,null,0,0,0
749,0,null,0,0,0
750,0,null,0,0,0
751,0,null,0,0,0
752,1,primary_proton,1,1,1
753,0,null,0,0,0
754,0,null,0,0,0
755,0,null,0,0,0
756,0,null,0,0,0
757,0,null,0,0,0
758,0,null,0,0,0
759,32,pi-,1,1,1
760,0,null,0,0,0
761,0,null,0,0,0
762,0,null,0,0,0
763,0,null,0,0,0
764,1,primary_proton,1,1,1
765,0,null,0,0,0
766,0,null,0,0,0
767,0,null,0,0,0
768,0,null,0,0,0
769,0,null,0,0,0
770,1477,e-,0,0,1
771,0,null,0,0,0
772,0,null,0,0,0
773,0,null,0,0,0
774,0,null,0,0,0
775,0,null,0,0,0
776,0,null,0,0,0
777,0,null,0,0,0
778,0,null,0,0,0
779,0,null,0,0,0
780,0,null,0,0,0
781,0,null,0,0,0
782,0,null,0,0,0
783,0,null,0,0,0
784,0,null,0,0,0
785,0,null,0,0,0
786,0,null,0,0,0
787,0,null,0,0,0
788,0,null,0,0,0
789,0,null,0,0,0
790,0,null,0,0,0
791,0,null,0,0,0
792,0,null,0,0,0
793,532,secondary_proton,1,1,1
794,0,null,0,0,0
795,0,null,0,0,0
796,0,null,0,0,0
797,0,null,0,0,0
798,0,null,0,0,0
799,0,null,0,0,0
800,0,null,0,0,0
801,0,null,0,0,0
802,0,null,0,0,0
803,2521,secondary_proton,1,1,1
804,0,null,0,0,0
805,0,null,0,0,0
806,0,null,0,0,0
807,0,null,0,0,0
808,0,null,0,0,0
809,0,null,0,0,0
810,0,null,0,0,0
811,0,null,0,0,0
812,0,null,0,0,0
813,0,null,0,0,0
814,0,null,0,0,0
815,0,null,0,0,0
816,0,null,0,0,0
817,1,primary_proton,1,1,1
818,0,null,0,0,0
819,0,null,0,0,0
820,0,null,0,0,0
821,0,null,0,0,0
822,0,null,0,0,0
823,0,null,0,0,0
824,0,null,0,0,0
825,1642,e-,1,0,0
826,0,null,0,0,0
827,0,null,0,0,0
828,0,null,0,0,0
829,0,null,0,0,0
830,0,null,0,0,0
831,0,null,0,0,0
832,0,null,0,0,0
833,0,null,0,0,0
834,0,null,0,0,0
835,0,null,0,0,0
836,0,null,0,0,0
837,0,null,0,0,0
838,0,null,0,0,0
839,0,null,0,0,0
840,0,null,0,0,0
841,0,null,0,0,0
842,0,null,0,0,0
843,0,null,0,0,0
844,0,null,0,0,0
845,0,null,0,0,0
846,0,null,0,0,0
847,0,null,0,0,0
848,0,null,0,0,0
849,0,null,0,0,0
850,0,null,0,0,0
851,0,null,0,0,0
852,0,null,0,0,0
853,0,null,0,0,0
854,0,null,0,0,0
855,0,null,0,0,0
856,1,primary_proton,1,1,1
857,0,null,0,0,0
858,0,null,0,0,0
859,0,null,0,0,0
860,0,null,0,0,0
861,0,null,0,0,0
862,0,null,0,0,0
863,0,null,0,0,0
864,0,null,0,0,0
865,0,null,0,0,0
866,0,null,0,0,0
867,0,null,0,0,0
868,0,null,0,0,0
869,0,null,0,0,0
870,0,null,0,0,0
871,0,null,0,0,0
872,0,null,0,0,0
873,0,null,0,0,0
874,0,null,0,0,0
875,0,null,0,0,0
876,1,primary_proton,1,1,1
877,0,null,0,0,0
878,0,null,0,0,0
879,0,null,0,0,0
880,0,null,0,0,0
881,0,null,0,0,0
882,0,null,0,0,0
883,0,null,0,0,0
884,0,null,0,0,0
885,0,null,0,0,0
886,0,null,0,0,0
887,0,null,0,0,0
888,0,null,0,0,0
889,0,null,0,0,0
890,0,null,0,0,0
891,0,null,0,0,0
892,5,pi+,1,0,0
893,0,null,0,0,0
894,0,null,0,0,0
895,0,null,0,0,0
896,0,null,0,0,0
897,0,null,0,0,0
898,0,null,0,0,0
899,0,null,0,0,0
900,0,null,0,0,0
901,0,null,0,0,0
902,0,null,0,0,0
903,5,pi-,1,0,0
904,0,null,0,0,0
905,0,null,0,0,0
906,0,null,0,0,0
907,0,null,0,0,0
908,1,primary_proton,1,1,1
909,0,null,0,0,0
910,0,null,0,0,0
911,0,null,0,0,0
912,0,null,0,0,0
913,0,null,0,0,0
914,0,null,0,0,0
915,0,null,0,0,0
916,0,null,0,0,0
917,0,null,0,0,0
918,0,null,0,0,0
919,0,null,0,0,0
920,0,null,0,0,0
921,0,null,0,0,0
922,0,null,0,0,0
923,0,null,0,0,0
924,0,null,0,0,0
925,0,null,0,0,0
926,0,null,0,0,0
927,0,null,0,0,0
928,0,null,0,0,0
929,0,null,0,0,0
930,0,null,0,0,0
931,0,null,0,0,0
932,0,null,0,0,0
933,0,null,0,0,0
934,0,null,0,0,0
935,0,null,0,0,0
936,0,null,0,0,0
937,0,null,0,0,0
938,0,null,0,0,0
939,5795,e-,1,0,0
940,0,null,0,0,0
941,0,null,0,0,0
943,0,null,0,0,0
944,0,null,0,0,0
945,0,null,0,0,0
946,0,null,0,0,0
947,0,null,0,0,0
948,0,null,0,0,0
949,0,null,0,0,0
950,0,null,0,0,0
951,0,null,0,0,0
952,0,null,0,0,0
953,0,null,0,0,0
954,0,null,0,0,0
955,0,null,0,0,0
956,0,null,0,0,0
957,0,null,0,0,0
958,0,null,0,0,0
959,0,null,0,0,0
960,0,null,0,0,0
961,0,null,0,0,0
962,0,null,0,0,0
963,0,null,0,0,0
964,0,null,0,0,0
965,0,null,0,0,0
966,0,null,0,0,0
967,0,null,0,0,0
968,0,null,0,0,0
969,0,null,0,0,0
970,11,pi+,1,1,1
971,0,null,0,0,0
972,0,null,0,0,0
973,0,null,0,0,0
974,0,null,0,0,0
975,0,null,0,0,0
976,0,null,0,0,0
977,0,null,0,0,0
978,0,null,0,0,0
979,0,null,0,0,0
980,0,null,0,0,0
981,0,null,0,0,0
982,0,null,0,0,0
983,0,null,0,0,0
984,0,null,0,0,0
985,0,null,0,0,0
986,0,null,0,0,0
987,0,null,0,0,0
988,0,null,0,0,0
989,0,null,0,0,0
990,0,null,0,0,0
991,0,null,0,0,0
992,0,null,0,0,0
993,0,null,0,0,0
994,0,null,0,0,0
995,0,null,0,0,0
996,0,null,0,0,0
997,0,null,0,0,0
998,0,null,0,0,0
999,1,primary_proton,1,1,1
1000,0,null,0,0,0
1001,0,null,0,0,0
1002,0,null,0,0,0
1003,0,null,0,0,0
1004,0,null,0,0,0
1005,0,null,0,0,0
1006,0,null,0,0,0
1007,0,null,0,0,0
1008,0,null,0,0,0
1009,0,null,0,0,0
1010,0,null,0,0,0
1011,0,null,0,0,0
1012,0,null,0,0,0
1013,0,null,0,0,0
1014,11,pi+,1,1,1
1015,0,null,0,0,0
1016,0,null,0,0,0
1017,0,null,0,0,0
1018,0,null,0,0,0
1019,0,null,0,0,0
1020,0,null,0,0,0
1021,0,null,0,0,0
1022,0,null,0,0,0
1023,0,null,0,0,0
1024,0,null,0,0,0
1025,0,null,0,0,0
1026,0,null,0,0,0
1027,0,null,0,0,0
1028,0,null,0,0,0
1029,0,null,0,0,0
1030,0,null,0,0,0
1031,0,null,0,0,0
1032,0,null,0,0,0
1033,0,null,0,0,0
1034,0,null,0,0,0
1035,0,null,0,0,0
1036,0,null,0,0,0
1037,1,primary_proton,1,1,1
1038,0,null,0,0,0
1039,0,null,0,0,0
1040,0,null,0,0,0
1041,0,null,0,0,0
1042,0,null,0,0,0
1043,0,null,0,0,0
1044,0,null,0,0,0
1045,1,primary_proton,1,1,1
1046,8,secondary_proton,1,1,1
1047,0,null,0,0,0
1048,0,null,0,0,0
1049,0,null,0,0,0
1050,0,null,0,0,0
1051,0,null,0,0,0
1052,0,null,0,0,0
1053,0,null,0,0,0
1054,0,null,0,0,0
1055,0,null,0,0,0
1056,0,null,0,0,0
1057,0,null,0,0,0
1058,9568,pi-,1,1,0
1059,0,null,0,0,0
1060,0,null,0,0,0
1061,0,null,0,0,0
1062,0,null,0,0,0
1063,3367,secondary_proton,1,1,1
1064,0,null,0,0,0
1065,0,null,0,0,0
1066,0,null,0,0,0
1067,13,pi+,1,1,1
1068,0,null,0,0,0
1069,0,null,0,0,0
1070,0,null,0,0,0
1071,0,null,0,0,0
1072,0,null,0,0,0
1073,0,null,0,0,0
1074,0,null,0,0,0
1075,10,pi+,1,1,1
1076,0,null,0,0,0
1077,0,null,0,0,0
1078,0,null,0,0,0
1079,0,null,0,0,0
1080,0,null,0,0,0
1081,0,null,0,0,0
1082,0,null,0,0,0
1083,0,null,0,0,0
1084,0,null,0,0,0
1085,0,null,0,0,0
1086,0,null,0,0,0
1087,0,null,0,0,0
1088,0,null,0,0,0
1089,0,null,0,0,0
1090,0,null,0,0,0
1091,0,null,0,0,0
1092,0,null,0,0,0
1093,0,null,0,0,0
1094,0,null,0,0,0
1095,0,null,0,0,0
1096,797,e+,1,1,0
1097,0,null,0,0,0
1098,0,null,0,0,0
1099,0,null,0,0,0
1100,0,null,0,0,0
1101,0,null,0,0,0
1102,0,null,0,0,0
1103,0,null,0,0,0
1104,0,null,0,0,0
1105,0,null,0,0,0
1106,0,null,0,0,0
1107,0,null,0,0,0
1108,0,null,0,0,0
1109,0,null,0,0,0
1110,0,null,0,0,0
1111,0,null,0,0,0
1112,0,null,0,0,0
1113,0,null,0,0,0
1114,0,null,0,0,0
1115,0,null,0,0,0
1116,0,null,0,0,0
1117,0,null,0,0,0
1118,0,null,0,0,0
1119,0,null,0,0,0
1120,0,null,0,0,0
1121,0,null,0,0,0
1122,0,null,0,0,0
1123,0,null,0,0,0
1124,0,null,0,0,0
1125,0,null,0,0,0
1126,0,null,0,0,0
1127,3181,e-,1,1,0
1128,0,null,0,0,0
1129,0,null,0,0,0
1130,0,null,0,0,0
1131,0,null,0,0,0
1132,0,null,0,0,0
1133,0,null,0,0,0
1134,2,secondary_proton,1,1,1
1135,0,null,0,0,0
1136,0,null,0,0,0
1137,0,null,0,0,0
1138,0,null,0,0,0
1139,0,null,0,0,0
1140,0,null,0,0,0
1141,0,null,0,0,0
1142,0,null,0,0,0
1143,0,null,0,0,0
1144,1,primary_proton,1,1,1
1145,0,null,0,0,0
1146,0,null,0,0,0
1147,0,null,0,0,0
1148,0,null,0,0,0
1149,0,null,0,0,0
1150,0,null,0,0,0
1151,0,null,0,0,0
1152,0,null,0,0,0
1153,0,null,0,0,0
1154,10,pi-,1,1,1
1155,0,null,0,0,0
1156,0,null,0,0,0
1157,0,null,0,0,0
1158,0,null,0,0,0
1159,0,null,0,0,0
1160,0,null,0,0,0
1161,0,null,0,0,0
1162,0,null,0,0,0
1163,0,null,0,0,0
1164,0,null,0,0,0
1165,0,null,0,0,0
1166,0,null,0,0,0
1167,0,null,0,0,0
1169,194,pi-,1,1,1
1170,0,null,0,0,0
1171,0,null,0,0,0
1172,0,null,0,0,0
1173,0,null,0,0,0
1174,0,null,0,0,0
1175,0,null,0,0,0
1176,7,pi+,1,1,0
1177,8,secondary_proton,1,1,1
1178,0,null,0,0,0
1179,0,null,0,0,0
1180,0,null,0,0,0
1181,0,null,0,0,0
1182,0,null,0,0,0
1183,0,null,0,0,0
1184,9,pi-,1,1,1
1185,0,null,0,0,0
1186,0,null,0,0,0
1187,0,null,0,0,0
1188,0,null,0,0,0
1189,0,null,0,0,0
1190,0,null,0,0,0
1191,0,null,0,0,0
1192,0,null,0,0,0
1193,0,null,0,0,0
1194,1,primary_proton,1,1,1
1195,0,null,0,0,0
1196,0,null,0,0,0
1197,0,null,0,0,0
1198,0,null,0,0,0
1199,0,null,0,0,0
1200,0,null,0,0,0
1201,0,null,0,0,0
1202,9,pi-,1,1,1
1203,0,null,0,0,0
1204,0,null,0,0,0
1205,0,null,0,0,0
1206,0,null,0,0,0
1207,0,null,0,0,0
1208,0,null,0,0,0
1209,0,null,0,0,0
1210,0,null,0,0,0
1211,0,null,0,0,0
1212,0,null,0,0,0
1213,11,secondary_proton,1,0,0
1214,0,null,0,0,0
1215,0,null,0,0,0
1216,0,null,0,0,0
1217,0,null,0,0,0
1218,0,null,0,0,0
1219,0,null,0,0,0
1220,0,null,0,0,0
1221,0,null,0,0,0
1222,0,null,0,0,0
1223,0,null,0,0,0
1224,0,null,0,0,0
1225,0,null,0,0,0
1226,0,null,0,0,0
1227,0,null,0,0,0
1228,0,null,0,0,0
1229,0,null,0,0,0
1230,0,null,0,0,0
1231,0,null,0,0,0
1232,0,null,0,0,0
1233,0,null,0,0,0
1234,0,null,0,0,0
1235,0,null,0,0,0
1236,0,null,0,0,0
1237,0,null,0,0,0
1238,0,null,0,0,0
1239,0,null,0,0,0
1240,0,null,0,0,0
1241,0,null,0,0,0
1242,0,null,0,0,0
1243,0,null,0,0,0
1244,14,pi-,1,1,1
1245,0,null,0,0,0
1246,0,null,0,0,0
1247,0,null,0,0,0
1248,0,null,0,0,0
1249,0,null,0,0,0
1250,0,null,0,0,0
1251,0,null,0,0,0
1252,0,null,0,0,0
1253,0,null,0,0,0
1254,0,null,0,0,0
1255,0,null,0,0,0
1256,0,null,0,0,0
1257,0,null,0,0,0
1258,0,null,0,0,0
1259,0,null,0,0,0
1260,0,null,0,0,0
1261,1,primary_proton,1,1,1
1262,0,null,0,0,0
1263,0,null,0,0,0
1264,0,null,0,0,0
1265,0,null,0,0,0
1266,0,null,0,0,0
1267,0,null,0,0,0
1268,0,null,0,0,0
1269,0,null,0,0,0
1270,6,pi+,1,1,1
1271,0,null,0,0,0
1272,0,null,0,0,0
1273,0,null,0,0,0
1274,0,null,0,0,0
1275,0,null,0,0,0
1276,0,null,0,0,0
1277,0,null,0,0,0
1278,0,null,0,0,0
1279,0,null,0,0,0
1280,0,null,0,0,0
1281,0,null,0,0,0
1282,0,null,0,0,0
1283,0,null,0,0,0
1284,0,null,0,0,0
1285,0,null,0,0,0
1286,0,null,0,0,0
1287,10,secondary_proton,1,1,1
1288,0,null,0,0,0
1289,0,null,0,0,0
1290,0,null,0,0,0
1291,0,null,0,0,0
1292,0,null,0,0,0
1293,7,kaon-,1,1,1
1294,0,null,0,0,0
1295,0,null,0,0,0
1296,0,null,0,0,0
1297,0,null,0,0,0
1298,0,null,0,0,0
1299,0,null,0,0,0
1300,0,null,0,0,0
1301,0,null,0,0,0
1302,0,null,0,0,0
1303,0,null,0,0,0
1304,0,null,0,0,0
1305,0,null,0,0,0
1306,0,null,0,0,0
1307,0,null,0,0,0
1308,0,null,0,0,0
1309,0,null,0,0,0
1310,0,null,0,0,0
1311,0,null,0,0,0
1312,0,null,0,0,0
1313,6,pi-,1,1,1
1314,0,null,0,0,0
1315,0,null,0,0,0
1316,0,null,0,0,0
1317,0,null,0,0,0
1318,0,null,0,0,0
1319,0,null,0,0,0
1320,0,null,0,0,0
1321,0,null,0,0,0
1322,0,null,0,0,0
1323,0,null,0,0,0
1324,0,null,0,0,0
1325,0,null,0,0,0
1326,0,null,0,0,0
1327,0,null,0,0,0
1328,0,null,0,0,0
1329,0,null,0,0,0
1330,0,null,0,0,0
1331,0,null,0,0,0
1332,0,null,0,0,0
1333,0,null,0,0,0
1334,0,null,0,0,0
1335,0,null,0,0,0
1336,0,null,0,0,0
1337,0,null,0,0,0
1338,0,null,0,0,0
1339,0,null,0,0,0
1340,0,null,0,0,0
1341,0,null,0,0,0
1342,0,null,0,0,0
1343,0,null,0,0,0
1344,0,null,0,0,0
1345,0,null,0,0,0
1346,0,null,0,0,0
1347,0,null,0,0,0
1348,0,null,0,0,0
1349,0,null,0,0,0
1350,0,null,0,0,0
1351,418,pi-,1,1,0
1352,0,null,0,0,0
1353,0,null,0,0,0
1354,0,null,0,0,0
1355,0,null,0,0,0
1356,0,null,0,0,0
1357,0,null,0,0,0
1358,0,null,0,0,0
1359,0,null,0,0,0
1360,0,null,0,0,0
1361,0,null,0,0,0
1362,0,null,0,0,0
1363,0,null,0,0,0
1364,0,null,0,0,0
1365,0,null,0,0,0
1366,0,null,0,0,0
1367,0,null,0,0,0
1368,0,null,0,0,0
1369,0,null,0,0,0
1370,2958,pi-,1,1,1
1371,0,null,0,0,0
1372,1555,e-,1,1,0
1373,0,null,0,0,0
1374,0,null,0,0,0
1375,0,null,0,0,0
1376,0,null,0,0,0
1377,0,null,0,0,0
1378,0,null,0,0,0
1379,10,pi-,1,1,1
1380,3,pi+,1,1,1
1381,0,null,0,0,0
1382,0,null,0,0,0
1383,4,secondary_proton,1,1,1
1384,0,null,0,0,0
1385,0,null,0,0,0
1386,0,null,0,0,0
1387,0,null,0,0,0
1388,12,pi+,1,1,1
1389,0,null,0,0,0
1390,0,null,0,0,0
1391,0,null,0,0,0
1393,0,null,0,0,0
1394,0,null,0,0,0
1395,0,null,0,0,0
1396,0,null,0,0,0
1397,0,null,0,0,0
1398,0,null,0,0,0
1399,0,null,0,0,0
1400,0,null,0,0,0
1401,0,null,0,0,0
1402,0,null,0,0,0
1403,0,null,0,0,0
1404,0,null,0,0,0
1405,3,pi+,1,1,1
1406,196,pi+,1,1,1
1407,0,null,0,0,0
1408,0,null,0,0,0
1409,0,null,0,0,0
1410,1,primary_proton,1,1,1
1411,0,null,0,0,0
1412,0,null,0,0,0
1413,0,null,0,0,0
1414,0,null,0,0,0
1415,0,null,0,0,0
1416,0,null,0,0,0
1417,0,null,0,0,0
1418,0,null,0,0,0
1419,0,null,0,0,0
1420,0,null,0,0,0
1421,0,null,0,0,0
1422,0,null,0,0,0
1423,0,null,0,0,0
1424,0,null,0,0,0
1425,0,null,0,0,0
1426,0,null,0,0,0
1427,0,null,0,0,0
1428,0,null,0,0,0
1429,0,null,0,0,0
1430,0,null,0,0,0
1431,1,primary_proton,1,1,1
1432,0,null,0,0,0
1433,0,null,0,0,0
1434,0,null,0,0,0
1435,0,null,0,0,0
1436,0,null,0,0,0
1437,0,null,0,0,0
1438,0,null,0,0,0
1439,0,null,0,0,0
1440,9,secondary_proton,1,1,1
1441,0,null,0,0,0
1442,0,null,0,0,0
1443,0,null,0,0,0
1444,0,null,0,0,0
1445,0,null,0,0,0
1446,0,null,0,0,0
1447,0,null,0,0,0
1448,0,null,0,0,0
1449,0,null,0,0,0
1450,0,null,0,0,0
1451,0,null,0,0,0
1452,0,null,0,0,0
1453,0,null,0,0,0
1454,0,null,0,0,0
1455,0,null,0,0,0
1456,0,null,0,0,0
1457,0,null,0,0,0
1458,0,null,0,0,0
1459,0,null,0,0,0
1460,1,primary_proton,1,1,1
1461,0,null,0,0,0
1462,0,null,0,0,0
1463,0,null,0,0,0
1464,0,null,0,0,0
1465,0,null,0,0,0
1466,0,null,0,0,0
1467,0,null,0,0,0
1468,0,null,0,0,0
1469,0,null,0,0,0
1470,0,null,0,0,0
1471,0,null,0,0,0
1472,0,null,0,0,0
1473,0,null,0,0,0
1474,0,null,0,0,0
1475,0,null,0,0,0
1476,0,null,0,0,0
1477,1,primary_proton,1,1,1
1478,1,primary_proton,1,1,1
1479,0,null,0,0,0
1480,0,null,0,0,0
1481,0,null,0,0,0
1482,0,null,0,0,0
1483,0,null,0,0,0
1484,0,null,0,0,0
1485,0,null,0,0,0
1486,0,null,0,0,0
1487,0,null,0,0,0
1488,0,null,0,0,0
1489,0,null,0,0,0
1490,0,null,0,0,0
1491,0,null,0,0,0
1492,2,secondary_proton,1,1,0
1493,0,null,0,0,0
1494,0,null,0,0,0
1495,0,null,0,0,0
1496,0,null,0,0,0
1497,0,null,0,0,0
1498,0,null,0,0,0
1499,0,null,0,0,0
1500,0,null,0,0,0
1501,0,null,0,0,0
1502,0,null,0,0,0
1503,0,null,0,0,0
1504,0,null,0,0,0
1505,0,null,0,0,0
1506,0,null,0,0,0
1507,0,null,0,0,0
1508,0,null,0,0,0
1509,0,null,0,0,0
1510,0,null,0,0,0
1511,6,pi+,1,0,0
1512,0,null,0,0,0
1513,0,null,0,0,0
1514,0,null,0,0,0
1515,0,null,0,0,0
1516,0,null,0,0,0
1517,0,null,0,0,0
1518,0,null,0,0,0
1519,0,null,0,0,0
1520,0,null,0,0,0
1521,0,null,0,0,0
1522,0,null,0,0,0
1523,0,null,0,0,0
1524,0,null,0,0,0
1525,0,null,0,0,0
1526,0,null,0,0,0
1527,0,null,0,0,0
1528,0,null,0,0,0
1529,0,null,0,0,0
1530,0,null,0,0,0
1531,0,null,0,0,0
1532,0,null,0,0,0
1533,0,null,0,0,0
1534,0,null,0,0,0
1535,0,null,0,0,0
1536,0,null,0,0,0
1537,0,null,0,0,0
1538,0,null,0,0,0
1539,0,null,0,0,0
1540,0,null,0,0,0
1541,0,null,0,0,0
1542,0,null,0,0,0
1543,0,null,0,0,0
1544,0,null,0,0,0
1545,0,null,0,0,0
1546,0,null,0,0,0
1547,0,null,0,0,0
1548,0,null,0,0,0
1549,0,null,0,0,0
1550,0,null,0,0,0
1551,0,null,0,0,0
1552,0,null,0,0,0
1553,1,primary_proton,1,1,1
1554,0,null,0,0,0
1555,0,null,0,0,0
1556,0,null,0,0,0
1557,0,null,0,0,0
1558,0,null,0,0,0
1559,0,null,0,0,0
1560,1755,e-,1,1,1
1561,0,null,0,0,0
1562,0,null,0,0,0
1563,0,null,0,0,0
1564,0,null,0,0,0
1565,0,null,0,0,0
1566,0,null,0,0,0
1567,0,null,0,0,0
1568,0,null,0,0,0
1569,0,null,0,0,0
1570,0,null,0,0,0
1571,0,null,0,0,0
1572,0,null,0,0,0
1573,0,null,0,0,0
1574,0,null,0,0,0
1575,0,null,0,0,0
1576,0,null,0,0,0
1577,0,null,0,0,0
1578,12,pi-,1,1,1
1579,0,null,0,0,0
1580,0,null,0,0,0
1581,0,null,0,0,0
1582,1,primary_proton,1,1,1
1583,0,null,0,0,0
1584,1,primary_proton,1,1,1
1585,0,null,0,0,0
1586,0,null,0,0,0
1587,0,null,0,0,0
1588,0,null,0,0,0
1589,0,null,0,0,0
1590,0,null,0,0,0
1591,0,null,0,0,0
1592,0,null,0,0,0
1593,0,null,0,0,0
1594,0,null,0,0,0
1595,0,null,0,0,0
1596,0,null,0,0,0
1597,0,null,0,0,0
1598,20,pi-,1,1,1
1599,0,null,0,0,0
1600,0,null,0,0,0
1601,2944,pi-,1,1,1
1602,0,null,0,0,0
1603,0,null,0,0,0
1604,0,null,0,0,0
1605,0,null,0,0,0
1606,0,null,0,0,0
1607,9,pi-,1,1,0
1608,0,null,0,0,0
1609,0,null,0,0,0
1610,0,null,0,0,0
1611,0,null,0,0,0
1612,0,null,0,0,0
1614,0,null,0,0,0
1615,0,null,0,0,0
1616,0,null,0,0,0
1617,0,null,0,0,0
1618,0,null,0,0,0
1619,0,null,0,0,0
1620,0,null,0,0,0
1621,12,pi+,1,1,1
1622,0,null,0,0,0
1623,0,null,0,0,0
1624,0,null,0,0,0
1625,0,null,0,0,0
1626,0,null,0,0,0
1627,0,null,0,0,0
1628,0,null,0,0,0
1629,0,null,0,0,0
1630,0,null,0,0,0
1631,0,null,0,0,0
1632,1,primary_proton,1,1,1
1633,0,null,0,0,0
1634,0,null,0,0,0
1635,0,null,0,0,0
1636,0,null,0,0,0
1637,0,null,0,0,0
1638,0,null,0,0,0
1639,0,null,0,0,0
1640,0,null,0,0,0
1641,0,null,0,0,0
1642,0,null,0,0,0
1643,0,null,0,0,0
1644,0,null,0,0,0
1645,0,null,0,0,0
1646,0,null,0,0,0
1647,0,null,0,0,0
1648,0,null,0,0,0
1649,0,null,0,0,0
1650,0,null,0,0,0
1651,0,null,0,0,0
1652,0,null,0,0,0
1653,0,null,0,0,0
1654,0,null,0,0,0
1655,0,null,0,0,0
1656,0,null,0,0,0
1657,0,null,0,0,0
1658,0,null,0,0,0
1659,0,null,0,0,0
1660,0,null,0,0,0
1661,0,null,0,0,0
1662,0,null,0,0,0
1663,0,null,0,0,0
1664,0,null,0,0,0
1665,0,null,0,0,0
1666,0,null,0,0,0
1667,0,null,0,0,0
1668,0,null,0,0,0
1669,0,null,0,0,0
1670,0,null,0,0,0
1671,0,null,0,0,0
1672,0,null,0,0,0
1673,0,null,0,0,0
1674,0,null,0,0,0
1675,0,null,0,0,0
1676,0,null,0,0,0
1677,0,null,0,0,0
1678,0,null,0,0,0
1679,0,null,0,0,0
1680,0,null,0,0,0
1681,0,null,0,0,0
1682,0,null,0,0,0
1683,0,null,0,0,0
1684,0,null,0,0,0
1685,0,null,0,0,0
1686,0,null,0,0,0
1687,0,null,0,0,0
1688,0,null,0,0,0
1689,0,null,0,0,0
1690,0,null,0,0,0
1691,0,null,0,0,0
1692,0,null,0,0,0
1693,0,null,0,0,0
1694,0,null,0,0,0
1695,0,null,0,0,0
1696,0,null,0,0,0
1697,0,null,0,0,0
1698,0,null,0,0,0
1699,0,null,0,0,0
1700,0,null,0,0,0
1701,0,null,0,0,0
1702,0,null,0,0,0
1703,0,null,0,0,0
1704,0,null,0,0,0
1705,0,null,0,0,0
1706,0,null,0,0,0
1707,0,null,0,0,0
1708,0,null,0,0,0
1709,0,null,0,0,0
1710,0,null,0,0,0
1711,0,null,0,0,0
1712,0,null,0,0,0
1713,11,pi-,1,1,1
1714,0,null,0,0,0
1715,0,null,0,0,0
1716,0,null,0,0,0
1717,0,null,0,0,0
1718,0,null,0,0,0
1719,0,null,0,0,0
1720,1,primary_proton,1,1,1
1721,0,null,0,0,0
1722,0,null,0,0,0
1723,0,null,0,0,0
1724,1,primary_proton,1,1,1
1725,0,null,0,0,0
1726,0,null,0,0,0
1727,0,null,0,0,0
1728,0,null,0,0,0
1729,0,null,0,0,0
1730,1,primary_proton,1,1,1
1731,0,null,0,0,0
1732,0,null,0,0,0
1733,2,secondary_proton,1,1,1
1734,0,null,0,0,0
1735,9,pi+,1,1,1
1736,0,null,0,0,0
1737,0,null,0,0,0
1738,0,null,0,0,0
1739,8,kaon+,1,1,1
1740,0,null,0,0,0
1741,0,null,0,0,0
1742,0,null,0,0,0
1743,0,null,0,0,0
1744,1901,pi+,1,1,1
1745,0,null,0,0,0
1746,0,null,0,0,0
1747,0,null,0,0,0
1748,0,null,0,0,0
1749,0,null,0,0,0
1750,0,null,0,0,0
1751,0,null,0,0,0
1752,0,null,0,0,0
1753,6,pi-,1,1,0
1754,0,null,0,0,0
1755,0,null,0,0,0
1756,0,null,0,0,0
1757,0,null,0,0,0
1758,0,null,0,0,0
1759,0,null,0,0,0
1760,0,null,0,0,0
1761,0,null,0,0,0
1762,0,null,0,0,0
1763,0,null,0,0,0
1764,0,null,0,0,0
1765,0,null,0,0,0
1766,0,null,0,0,0
1767,0,null,0,0,0
1768,0,null,0,0,0
1769,0,null,0,0,0
1770,0,null,0,0,0
1771,0,null,0,0,0
1772,0,null,0,0,0
1773,0,null,0,0,0
1774,0,null,0,0,0
1775,0,null,0,0,0
1776,0,null,0,0,0
1777,0,null,0,0,0
1778,0,null,0,0,0
1779,0,null,0,0,0
1780,0,null,0,0,0
1781,0,null,0,0,0
1782,1,primary_proton,1,1,1
1783,0,null,0,0,0
1784,0,null,0,0,0
1785,0,null,0,0,0
1786,0,null,0,0,0
1787,0,null,0,0,0
1788,30,pi+,1,1,1
1789,0,null,0,0,0
1790,0,null,0,0,0
1791,0,null,0,0,0
1792,0,null,0,0,0
1793,0,null,0,0,0
1794,0,null,0,0,0
1795,0,null,0,0,0
1796,0,null,0,0,0
1797,0,null,0,0,0
1798,0,null,0,0,0
1799,0,null,0,0,0
1800,0,null,0,0,0
1801,0,null,0,0,0
1802,0,null,0,0,0
1803,0,null,0,0,0
1804,0,null,0,0,0
1805,0,null,0,0,0
1806,0,null,0,0,0
1807,0,null,0,0,0
1808,0,null,0,0,0
1809,0,null,0,0,0
1810,0,null,0,0,0
1811,0,null,0,0,0
1812,0,null,0,0,0
1813,3,secondary_proton,1,1,1
1814,0,null,0,0,0
1815,0,null,0,0,0
1816,0,null,0,0,0
1817,6,pi+,1,0,0
1818,1,primary_proton,1,1,1
1819,0,null,0,0,0
1820,0,null,0,0,0
1821,0,null,0,0,0
1822,0,null,0,0,0
1823,0,null,0,0,0
1824,0,null,0,0,0
1825,0,null,0,0,0
1826,0,null,0,0,0
1827,0,null,0,0,0
1828,0,null,0,0,0
1829,0,null,0,0,0
1830,0,null,0,0,0
1831,0,null,0,0,0
1832,0,null,0,0,0
1833,0,null,0,0,0
1834,0,null,0,0,0
1835,0,null,0,0,0
1837,0,null,0,0,0
1838,0,null,0,0,0
1839,0,null,0,0,0
1840,0,null,0,0,0
1841,0,null,0,0,0
1842,0,null,0,0,0
1843,0,null,0,0,0
1844,0,null,0,0,0
1845,1361,e-,1,1,1
1846,0,null,0,0,0
1847,0,null,0,0,0
1848,0,null,0,0,0
1849,0,null,0,0,0
1850,0,null,0,0,0
1851,1974,e-,1,0,0
1852,0,null,0,0,0
1853,0,null,0,0,0
1854,0,null,0,0,0
1855,0,null,0,0,0
1856,0,null,0,0,0
1857,0,null,0,0,0
1858,0,null,0,0,0
1859,0,null,0,0,0
1860,0,null,0,0,0
1861,0,null,0,0,0
1862,0,null,0,0,0
1863,0,null,0,0,0
1864,0,null,0,0,0
1865,0,null,0,0,0
1866,0,null,0,0,0
1867,0,null,0,0,0
1868,0,null,0,0,0
1869,0,null,0,0,0
1870,0,null,0,0,0
1871,0,null,0,0,0
1872,0,null,0,0,0
1873,0,null,0,0,0
1874,0,null,0,0,0
1875,0,null,0,0,0
1876,0,null,0,0,0
1877,0,null,0,0,0
1878,1,primary_proton,1,1,1
1879,0,null,0,0,0
1880,0,null,0,0,0
1881,0,null,0,0,0
1882,0,null,0,0,0
1883,0,null,0,0,0
1884,0,null,0,0,0
1885,0,null,0,0,0
1886,0,null,0,0,0
1887,0,null,0,0,0
1888,0,null,0,0,0
1889,0,null,0,0,0
1890,0,null,0,0,0
1891,0,null,0,0,0
1892,0,null,0,0,0
1893,0,null,0,0,0
1894,0,null,0,0,0
1895,0,null,0,0,0
1896,0,null,0,0,0
1897,0,null,0,0,0
1898,0,null,0,0,0
1899,0,null,0,0,0
1900,0,null,0,0,0
1901,0,null,0,0,0
1902,0,null,0,0,0
1903,0,null,0,0,0
1904,10349,secondary_proton,1,1,1
1905,0,null,0,0,0
1906,0,null,0,0,0
1907,0,null,0,0,0
1908,0,null,0,0,0
1909,0,null,0,0,0
1910,0,null,0,0,0
1911,0,null,0,0,0
1912,0,null,0,0,0
1913,0,null,0,0,0
1914,0,null,0,0,0
1915,0,null,0,0,0
1916,0,null,0,0,0
1917,0,null,0,0,0
1918,0,null,0,0,0
1919,0,null,0,0,0
1920,0,null,0,0,0
1921,7,pi+,1,1,1
1922,0,null,0,0,0
1923,7,pi+,1,1,1
1924,0,null,0,0,0
1925,0,null,0,0,0
1926,0,null,0,0,0
1927,0,null,0,0,0
1928,0,null,0,0,0
1929,0,null,0,0,0
1930,9,pi+,1,1,1
1931,0,null,0,0,0
1932,0,null,0,0,0
1933,0,null,0,0,0
1934,0,null,0,0,0
1935,0,null,0,0,0
1936,0,null,0,0,0
1937,0,null,0,0,0
1938,0,null,0,0,0
1939,0,null,0,0,0
1940,0,null,0,0,0
1941,0,null,0,0,0
1942,0,null,0,0,0
1943,0,null,0,0,0
1944,0,null,0,0,0
1945,0,null,0,0,0
1946,0,null,0,0,0
1947,0,null,0,0,0
1948,0,null,0,0,0
1949,0,null,0,0,0
1950,0,null,0,0,0
1951,0,null,0,0,0
1952,0,null,0,0,0
1953,0,null,0,0,0
1954,0,null,0,0,0
1955,0,null,0,0,0
1956,0,null,0,0,0
1957,0,null,0,0,0
1958,0,null,0,0,0
1959,0,null,0,0,0
1960,0,null,0,0,0
1961,0,null,0,0,0
1962,0,null,0,0,0
1963,1,primary_proton,1,1,1
1964,1,primary_proton,1,1,1
1965,0,null,0,0,0
1966,0,null,0,0,0
1967,0,null,0,0,0
1968,0,null,0,0,0
1969,0,null,0,0,0
1970,0,null,0,0,0
1971,0,null,0,0,0
1972,0,null,0,0,0
1973,0,null,0,0,0
1974,0,null,0,0,0
1975,0,null,0,0,0
1976,0,null,0,0,0
1977,0,null,0,0,0
1978,0,null,0,0,0
1979,0,null,0,0,0
1980,0,null,0,0,0
1981,0,null,0,0,0
1982,0,null,0,0,0
1983,0,null,0,0,0
1984,0,null,0,0,0
1985,0,null,0,0,0
1986,9,pi-,1,1,1
1987,0,null,0,0,0
1988,0,null,0,0,0
1989,0,null,0,0,0
1990,0,null,0,0,0
1991,0,null,0,0,0
1992,0,null,0,0,0
1993,0,null,0,0,0
1994,0,null,0,0,0
1995,0,null,0,0,0
1996,0,null,0,0,0
1997,0,null,0,0,0
1998,0,null,0,0,0
1999,0,null,0,0,0
2000,0,null,0,0,0
2001,0,null,0,0,0
2002,0,null,0,0,0
2003,0,null,0,0,0
2004,0,null,0,0,0
2005,0,null,0,0,0
2006,0,null,0,0,0
2007,0,null,0,0,0
2008,0,null,0,0,0
2009,0,null,0,0,0
2010,0,null,0,0,0
2011,0,null,0,0,0
2012,1,primary_proton,1,1,1
2013,1,primary_proton,1,1,1
2014,0,null,0,0,0
2015,0,null,0,0,0
2016,0,null,0,0,0
2017,0,null,0,0,0
2018,0,null,0,0,0
2019,0,null,0,0,0
2020,0,null,0,0,0
2021,0,null,0,0,0
2022,0,null,0,0,0
2023,0,null,0,0,0
2024,0,null,0,0,0
2025,0,null,0,0,0
2026,336,secondary_proton,1,1,1
2027,0,null,0,0,0
2028,0,null,0,0,0
2029,0,null,0,0,0
2030,0,null,0,0,0
2031,0,null,0,0,0
2032,0,null,0,0,0
2033,0,null,0,0,0
2034,0,null,0,0,0
2035,0,null,0,0,0
2036,0,null,0,0,0
2037,0,null,0,0,0
2038,0,null,0,0,0
2039,0,null,0,0,0
2040,0,null,0,0,0
2041,1,primary_proton,1,1,1
2042,0,null,0,0,0
2043,0,null,0,0,0
2044,0,null,0,0,0
2045,0,null,0,0,0
2046,0,null,0,0,0
2047,0,null,0,0,0
2048,0,null,0,0,0
2049,0,null,0,0,0
2050,0,null,0,0,0
2051,0,null,0,0,0
2052,5,secondary_proton,1,1,1
2053,0,null,0,0,0
2054,0,null,0,0,0
2055,0,null,0,0,0
2056,0,null,0,0,0
2057,0,null,0,0,0
2059,0,null,0,0,0
2060,0,null,0,0,0
2061,0,null,0,0,0
2062,0,null,0,0,0
2063,0,null,0,0,0
2064,0,null,0,0,0
2065,0,null,0,0,0
2066,0,null,0,0,0
2067,0,null,0,0,0
2068,0,null,0,0,0
2069,0,null,0,0,0
2070,0,null,0,0,0
2071,0,null,0,0,0
2072,0,null,0,0,0
2073,0,null,0,0,0
2074,0,null,0,0,0
2075,0,null,0,0,0
2076,0,null,0,0,0
2077,1,primary_proton,1,1,1
2078,0,null,0,0,0
2079,0,null,0,0,0
2080,1,primary_proton,1,1,1
2081,0,null,0,0,0
2082,0,null,0,0,0
2083,0,null,0,0,0
2084,0,null,0,0,0
2085,0,null,0,0,0
2086,0,null,0,0,0
2087,0,null,0,0,0
2088,7,pi+,1,1,1
2089,0,null,0,0,0
2090,0,null,0,0,0
2091,0,null,0,0,0
2092,0,null,0,0,0
2093,0,null,0,0,0
2094,0,null,0,0,0
2095,0,null,0,0,0
2096,0,null,0,0,0
2097,0,null,0,0,0
2098,0,null,0,0,0
2099,0,null,0,0,0
2100,1,primary_proton,1,1,1
2101,1,primary_proton,1,1,1
2102,0,null,0,0,0
2103,0,null,0,0,0
2104,0,null,0,0,0
2105,5,secondary_proton,1,1,1
2106,0,null,0,0,0
2107,0,null,0,0,0
2108,0,null,0,0,0
2109,0,null,0,0,0
2110,0,null,0,0,0
2111,0,null,0,0,0
2112,0,null,0,0,0
2113,0,null,0,0,0
2114,0,null,0,0,0
2115,2,secondary_proton,1,1,1
2116,0,null,0,0,0
2117,0,null,0,0,0
2118,0,null,0,0,0
2119,0,null,0,0,0
2120,4,secondary_proton,1,1,1
2121,0,null,0,0,0
2122,7,pi+,1,1,1
2123,0,null,0,0,0
2124,0,null,0,0,0
2125,0,null,0,0,0
2126,0,null,0,0,0
2127,5065,secondary_proton,1,0,0
2128,0,null,0,0,0
2129,0,null,0,0,0
2130,0,null,0,0,0
2131,0,null,0,0,0
2132,0,null,0,0,0
2133,0,null,0,0,0
2134,11,pi+,1,1,1
2135,0,null,0,0,0
2136,0,null,0,0,0
2137,3729,secondary_proton,1,1,1
2138,0,null,0,0,0
2139,0,null,0,0,0
2140,0,null,0,0,0
2141,0,null,0,0,0
2142,0,null,0,0,0
2143,1,primary_proton,1,1,1
2144,0,null,0,0,0
2145,0,null,0,0,0
2146,0,null,0,0,0
2147,0,null,0,0,0
2148,0,null,0,0,0
2149,0,null,0,0,0
2150,0,null,0,0,0
2151,0,null,0,0,0
2152,0,null,0,0,0
2153,0,null,0,0,0
2154,0,null,0,0,0
2155,0,null,0,0,0
2156,0,null,0,0,0
2157,0,null,0,0,0
2158,0,null,0,0,0
2159,0,null,0,0,0
2160,0,null,0,0,0
2161,0,null,0,0,0
2162,0,null,0,0,0
2163,0,null,0,0,0
2164,0,null,0,0,0
2165,0,null,0,0,0
2166,0,null,0,0,0
2167,0,null,0,0,0
2168,0,null,0,0,0
2169,0,null,0,0,0
2170,0,null,0,0,0
2171,0,null,0,0,0
2172,0,null,0,0,0
2173,0,null,0,0,0
2174,3642,pi+,1,1,1
2175,0,null,0,0,0
2176,0,null,0,0,0
2177,0,null,0,0,0
2178,0,null,0,0,0
2179,1,primary_proton,1,1,1
2180,0,null,0,0,0
2181,0,null,0,0,0
2182,0,null,0,0,0
2183,0,null,0,0,0
2184,0,null,0,0,0
2185,29,pi-,1,1,0
2186,0,null,0,0,0
2187,0,null,0,0,0
2188,0,null,0,0,0
2189,0,null,0,0,0
2190,1,primary_proton,1,1,1
2191,0,null,0,0,0
2192,0,null,0,0,0
2193,0,null,0,0,0
2194,0,null,0,0,0
2195,0,null,0,0,0
2196,0,null,0,0,0
2197,0,null,0,0,0
2198,24,pi+,1,1,1
2199,0,null,0,0,0
2200,0,null,0,0,0
2201,0,null,0,0,0
2202,0,null,0,0,0
2203,0,null,0,0,0
2204,0,null,0,0,0
2205,0,null,0,0,0
2206,0,null,0,0,0
2207,0,null,0,0,0
2208,0,null,0,0,0
2209,0,null,0,0,0
2210,164,pi+,1,1,1
2211,0,null,0,0,0
2212,0,null,0,0,0
2213,0,null,0,0,0
2214,0,null,0,0,0
2215,0,null,0,0,0
2216,0,null,0,0,0
2217,0,null,0,0,0
2218,0,null,0,0,0
2219,0,null,0,0,0
2220,0,null,0,0,0
2221,0,null,0,0,0
2222,7,pi+,1,1,1
2223,0,null,0,0,0
2224,0,null,0,0,0
2225,0,null,0,0,0
2226,0,null,0,0,0
2227,0,null,0,0,0
2228,0,null,0,0,0
2229,0,null,0,0,0
2230,0,null,0,0,0
2231,0,null,0,0,0
2232,0,null,0,0,0
2233,0,null,0,0,0
2234,0,null,0,0,0
2235,0,null,0,0,0
2236,0,null,0,0,0
2237,0,null,0,0,0
2238,0,null,0,0,0
2239,0,null,0,0,0
2240,0,null,0,0,0
2241,0,null,0,0,0
2242,0,null,0,0,0
2243,0,null,0,0,0
2244,5,secondary_proton,1,1,1
2245,0,null,0,0,0
2246,0,null,0,0,0
2247,0,null,0,0,0
2248,0,null,0,0,0
2249,0,null,0,0,0
2250,0,null,0,0,0
2251,0,null,0,0,0
2252,0,null,0,0,0
2253,1,primary_proton,1,1,1
2254,0,null,0,0,0
2255,7,secondary_proton,1,1,1
2256,0,null,0,0,0
2257,0,null,0,0,0
2258,0,null,0,0,0
2259,0,null,0,0,0
2260,0,null,0,0,0
2261,0,null,0,0,0
2262,0,null,0,0,0
2263,0,null,0,0,0
2264,0,null,0,0,0
2265,0,null,0,0,0
2266,0,null,0,0,0
2267,0,null,0,0,0
2268,0,null,0,0,0
2269,0,null,0,0,0
2270,0,null,0,0,0
2271,0,null,0,0,0
2272,0,null,0,0,0
2273,0,null,0,0,0
2274,0,null,0,0,0
2275,0,null,0,0,0
2277,0,null,0,0,0
2278,0,null,0,0,0
2279,0,null,0,0,0
2280,0,null,0,0,0
2281,0,null,0,0,0
2282,0,null,0,0,0
2283,0,null,0,0,0
2284,0,null,0,0,0
2285,0,null,0,0,0
2286,0,null,0,0,0
2287,0,null,0,0,0
2288,0,null,0,0,0
2289,0,null,0,0,0
2290,0,null,0,0,0
2291,0,null,0,0,0
2292,0,null,0,0,0
2293,1,primary_proton,1,1,1
2294,0,null,0,0,0
2295,0,null,0,0,0
2296,0,null,0,0,0
2297,1,primary_proton,1,1,1
2298,0,null,0,0,0
2299,0,null,0,0,0
2300,0,null,0,0,0
2301,0,null,0,0,0
2302,0,null,0,0,0
2303,0,null,0,0,0
2304,0,null,0,0,0
2305,0,null,0,0,0
2306,0,null,0,0,0
2307,0,null,0,0,0
2308,0,null,0,0,0
2309,0,null,0,0,0
2310,0,null,0,0,0
2311,1,primary_proton,1,1,1
2312,0,null,0,0,0
2313,0,null,0,0,0
2314,0,null,0,0,0
2315,0,null,0,0,0
2316,0,null,0,0,0
2317,0,null,0,0,0
2318,1,primary_proton,1,1,1
2319,0,null,0,0,0
2320,0,null,0,0,0
2321,0,null,0,0,0
2322,0,null,0,0,0
2323,0,null,0,0,0
2324,0,null,0,0,0
2325,0,null,0,0,0
2326,0,null,0,0,0
2327,0,null,0,0,0
2328,0,null,0,0,0
2329,0,null,0,0,0
2330,0,null,0,0,0
2331,0,null,0,0,0
2332,0,null,0,0,0
2333,0,null,0,0,0
2334,0,null,0,0,0
2335,0,null,0,0,0
2336,0,null,0,0,0
2337,0,null,0,0,0
2338,0,null,0,0,0
2339,0,null,0,0,0
2340,0,null,0,0,0
2341,0,null,0,0,0
2342,1,primary_proton,1,1,1
2343,0,null,0,0,0
2344,0,null,0,0,0
2345,0,null,0,0,0
2346,0,null,0,0,0
2347,0,null,0,0,0
2348,0,null,0,0,0
2349,0,null,0,0,0
2350,0,null,0,0,0
2351,8,pi+,1,1,1
2352,0,null,0,0,0
2353,0,null,0,0,0
2354,0,null,0,0,0
2355,0,null,0,0,0
2356,0,null,0,0,0
2357,0,null,0,0,0
2358,0,null,0,0,0
2359,0,null,0,0,0
2360,0,null,0,0,0
2361,0,null,0,0,0
2362,0,null,0,0,0
2363,0,null,0,0,0
2364,0,null,0,0,0
2365,0,null,0,0,0
2366,1,primary_proton,1,1,1
2367,0,null,0,0,0
2368,5,pi+,1,1,0
2369,0,null,0,0,0
2370,0,null,0,0,0
2371,0,null,0,0,0
2372,13,pi-,1,1,0
2373,0,null,0,0,0
2374,0,null,0,0,0
2375,0,null,0,0,0
2376,0,null,0,0,0
2377,0,null,0,0,0
2378,0,null,0,0,0
2379,0,null,0,0,0
2380,0,null,0,0,0
2381,0,null,0,0,0
2382,0,null,0,0,0
2383,0,null,0,0,0
2384,0,null,0,0,0
2385,0,null,0,0,0
2386,0,null,0,0,0
2387,0,null,0,0,0
2388,0,null,0,0,0
2389,0,null,0,0,0
2390,0,null,0,0,0
2391,0,null,0,0,0
2392,0,null,0,0,0
2393,0,null,0,0,0
2394,0,null,0,0,0
2395,0,null,0,0,0
2396,0,null,0,0,0
2397,0,null,0,0,0
2398,0,null,0,0,0
2399,0,null,0,0,0
2400,0,null,0,0,0
2401,0,null,0,0,0
2402,0,null,0,0,0
2403,0,null,0,0,0
2404,0,null,0,0,0
2405,5113,e-,0,1,1
2406,0,null,0,0,0
2407,0,null,0,0,0
2408,0,null,0,0,0
2409,0,null,0,0,0
2410,0,null,0,0,0
2411,0,null,0,0,0
2412,0,null,0,0,0
2413,0,null,0,0,0
2414,0,null,0,0,0
2415,0,null,0,0,0
2416,0,null,0,0,0
2417,763,secondary_proton,1,1,0
2418,0,null,0,0,0
2419,0,null,0,0,0
2420,0,null,0,0,0
2421,0,null,0,0,0
2422,0,null,0,0,0
2423,0,null,0,0,0
2424,0,null,0,0,0
2425,0,null,0,0,0
2426,0,null,0,0,0
2427,0,null,0,0,0
2428,0,null,0,0,0
2429,0,null,0,0,0
2430,0,null,0,0,0
2431,0,null,0,0,0
2432,0,null,0,0,0
2433,1,primary_proton,1,1,1
2434,0,null,0,0,0
2435,0,null,0,0,0
2436,0,null,0,0,0
2437,0,null,0,0,0
2438,0,null,0,0,0
2439,0,null,0,0,0
2440,0,null,0,0,0
2441,0,null,0,0,0
2442,0,null,0,0,0
2443,0,null,0,0,0
2444,0,null,0,0,0
2445,0,null,0,0,0
2446,0,null,0,0,0
2447,0,null,0,0,0
2448,0,null,0,0,0
2449,0,null,0,0,0
2450,0,null,0,0,0
2451,0,null,0,0,0
2452,0,null,0,0,0
2453,0,null,0,0,0
2454,1,primary_proton,1,1,1
2455,0,null,0,0,0
2456,0,null,0,0,0
2457,0,null,0,0,0
2458,0,null,0,0,0
2459,0,null,0,0,0
2460,0,null,0,0,0
2461,0,null,0,0,0
2462,0,null,0,0,0
2463,0,null,0,0,0
2464,0,null,0,0,0
2465,0,null,0,0,0
2466,0,null,0,0,0
2467,0,null,0,0,0
2468,0,null,0,0,0
2469,0,null,0,0,0
2470,0,null,0,0,0
2471,0,null,0,0,0
2472,0,null,0,0,0
2473,0,null,0,0,0
2474,0,null,0,0,0
2475,0,null,0,0,0
2476,0,null,0,0,0
2477,0,null,0,0,0
2478,9,pi-,1,1,1
2479,0,null,0,0,0
2480,0,null,0,0,0
2481,0,null,0,0,0
2482,0,null,0,0,0
2483,0,null,0,0,0
2484,0,null,0,0,0
2485,0,null,0,0,0
2486,0,null,0,0,0
2487,0,null,0,0,0
2488,0,null,0,0,0
2489,0,null,0,0,0
2490,0,null,0,0,0
2491,0,null,0,0,0
2492,0,null,0,0,0
2493,0,null,0,0,0
2494,0,null,0,0,0
2495,0,null,0,0,0
2496,0,null,0,0,0
2497,16,pi+,1,1,1
2499,0,null,0,0,0
2500,0,null,0,0,0
2501,0,null,0,0,0
2502,0,null,0,0,0
2503,0,null,0,0,0
2504,0,null,0,0,0
2505,0,null,0,0,0
2506,0,null,0,0,0
2507,0,null,0,0,0
2508,0,null,0,0,0
2509,0,null,0,0,0
2510,0,null,0,0,0
2511,0,null,0,0,0
2512,0,null,0,0,0
2513,0,null,0,0,0
2514,0,null,0,0,0
2515,0,null,0,0,0
2516,0,null,0,0,0
2517,0,null,0,0,0
2518,0,null,0,0,0
2519,0,null,0,0,0
2520,0,null,0,0,0
2521,0,null,0,0,0
2522,0,null,0,0,0
2523,0,null,0,0,0
2524,0,null,0,0,0
2525,0,null,0,0,0
2526,0,null,0,0,0
2527,0,null,0,0,0
2528,0,null,0,0,0
2529,0,null,0,0,0
2530,0,null,0,0,0
2531,0,null,0,0,0
2532,0,null,0,0,0
2533,0,null,0,0,0
2534,0,null,0,0,0
2535,0,null,0,0,0
2536,0,null,0,0,0
2537,0,null,0,0,0
2538,1,primary_proton,1,1,1
2539,0,null,0,0,0
2540,0,null,0,0,0
2541,0,null,0,0,0
2542,0,null,0,0,0
2543,0,null,0,0,0
2544,0,null,0,0,0
2545,0,null,0,0,0
2546,12,kaon+,1,1,1
2547,0,null,0,0,0
2548,0,null,0,0,0
2549,0,null,0,0,0
2550,0,null,0,0,0
2551,1,primary_proton,1,1,1
2552,0,null,0,0,0
2553,0,null,0,0,0
2554,0,null,0,0,0
2555,0,null,0,0,0
2556,10,pi-,1,1,0
2557,0,null,0,0,0
2558,0,null,0,0,0
2559,0,null,0,0,0
2560,0,null,0,0,0
2561,0,null,0,0,0
2562,0,null,0,0,0
2563,0,null,0,0,0
2564,416,e+,1,1,1
2565,0,null,0,0,0
2566,0,null,0,0,0
2567,0,null,0,0,0
2568,0,null,0,0,0
2569,0,null,0,0,0
2570,0,null,0,0,0
2571,0,null,0,0,0
2572,0,null,0,0,0
2573,0,null,0,0,0
2574,0,null,0,0,0
2575,0,null,0,0,0
2576,0,null,0,0,0
2577,0,null,0,0,0
2578,0,null,0,0,0
2579,0,null,0,0,0
2580,0,null,0,0,0
2581,0,null,0,0,0
2582,0,null,0,0,0
2583,0,null,0,0,0
2584,0,null,0,0,0
2585,0,null,0,0,0
2586,0,null,0,0,0
2587,0,null,0,0,0
2588,0,null,0,0,0
2589,0,null,0,0,0
2590,0,null,0,0,0
2591,0,null,0,0,0
2592,0,null,0,0,0
2593,0,null,0,0,0
2594,0,null,0,0,0
2595,0,null,0,0,0
2596,0,null,0,0,0
2597,0,null,0,0,0
2598,0,null,0,0,0
2599,0,null,0,0,0
2600,0,null,0,0,0
2601,0,null,0,0,0
2602,0,null,0,0,0
2603,0,null,0,0,0
2604,0,null,0,0,0
2605,585,e-,1,1,0
2606,1,primary_proton,1,1,1
2607,0,null,0,0,0
2608,0,null,0,0,0
2609,0,null,0,0,0
2610,0,null,0,0,0
2611,0,null,0,0,0
2612,0,null,0,0,0
2613,0,null,0,0,0
2614,0,null,0,0,0
2615,0,null,0,0,0
2616,0,null,0,0,0
2617,0,null,0,0,0
2618,0,null,0,0,0
2619,0,null,0,0,0
2620,0,null,0,0,0
2621,0,null,0,0,0
2622,0,null,0,0,0
2623,0,null,0,0,0
2624,0,null,0,0,0
2625,0,null,0,0,0
2626,0,null,0,0,0
2627,0,null,0,0,0
2628,0,null,0,0,0
2629,0,null,0,0,0
2630,1,primary_proton,1,1,1
2631,0,null,0,0,0
2632,0,null,0,0,0
2633,0,null,0,0,0
2634,0,null,0,0,0
2635,0,null,0,0,0
2636,0,null,0,0,0
2637,1130,e-,1,1,1
2638,6021,secondary_proton,1,1,1
2639,0,null,0,0,0
2640,0,null,0,0,0
2641,0,null,0,0,0
2642,0,null,0,0,0
2643,0,null,0,0,0
2644,0,null,0,0,0
2645,0,null,0,0,0
2646,0,null,0,0,0
2647,0,null,0,0,0
2648,0,null,0,0,0
2649,0,null,0,0,0
2650,0,null,0,0,0
2651,0,null,0,0,0
2652,0,null,0,0,0
2653,0,null,0,0,0
2654,0,null,0,0,0
2655,0,null,0,0,0
2656,0,null,0,0,0
2657,0,null,0,0,0
2658,0,null,0,0,0
2659,0,null,0,0,0
2660,0,null,0,0,0
2661,0,null,0,0,0
2662,0,null,0,0,0
2663,0,null,0,0,0
2664,0,null,0,0,0
2665,0,null,0,0,0
2666,0,null,0,0,0
2667,0,null,0,0,0
2668,0,null,0,0,0
2669,0,null,0,0,0
2670,0,null,0,0,0
2671,0,null,0,0,0
2672,0,null,0,0,0
2673,0,null,0,0,0
2674,0,null,0,0,0
2675,0,null,0,0,0
2676,0,null,0,0,0
2677,0,null,0,0,0
2678,0,null,0,0,0
2679,0,null,0,0,0
2680,0,null,0,0,0
2681,0,null,0,0,0
2682,0,null,0,0,0
2683,0,null,0,0,0
2684,0,null,0,0,0
2685,0,null,0,0,0
2686,0,null,0,0,0
2687,0,null,0,0,0
2688,0,null,0,0,0
2689,0,null,0,0,0
2690,0,null,0,0,0
2691,0,null,0,0,0
2692,0,null,0,0,0
2693,0,null,0,0,0
2694,318,secondary_proton,1,1,1
2695,0,null,0,0,0
2696,0,null,0,0,0
2697,0,null,0,0,0
2698,0,null,0,0,0
2699,0,null,0,0,0
2700,0,null,0,0,0
2701,0,null,0,0,0
2702,0,null,0,0,0
2703,0,null,0,0,0
2704,0,null,0,0,0
2705,0,null,0,0,0
2706,0,null,0,0,0
2707,0,null,0,0,0
2708,0,null,0,0,0
2709,0,null,0,0,0
2710,0,null,0,0,0
2711,0,null,0,0,0
2712,0,null,0,0,0
2713,0,null,0,0,0
2714,0,null,0,0,0
2715,0,null,0,0,0
2716,0,null,0,0,0
2717,0,null,0,0,0
2718,0,null,0,0,0
2719,0,null,0,0,0
2720,0,null,0,0,0
2721,0,null,0,0,0
2723,0,null,0,0,0
2724,0,null,0,0,0
2725,0,null,0,0,0
2726,3,secondary_proton,1,0,0
2727,0,null,0,0,0
2728,0,null,0,0,0
2729,0,null,0,0,0
2730,0,null,0,0,0
2731,1,primary_proton,1,1,1
2732,0,null,0,0,0
2733,0,null,0,0,0
2734,0,null,0,0,0
2735,0,null,0,0,0
2736,0,null,0,0,0
2737,0,null,0,0,0
2738,0,null,0,0,0
2739,1,primary_proton,1,1,1
2740,0,null,0,0,0
2741,0,null,0,0,0
2742,0,null,0,0,0
2743,0,null,0,0,0
2744,0,null,0,0,0
2745,0,null,0,0,0
2746,0,null,0,0,0
2747,0,null,0,0,0
2748,0,null,0,0,0
2749,8702,secondary_proton,1,1,1
2750,0,null,0,0,0
2751,0,null,0,0,0
2752,0,null,0,0,0
2753,0,null,0,0,0
2754,0,null,0,0,0
2755,0,null,0,0,0
2756,0,null,0,0,0
2757,0,null,0,0,0
2758,0,null,0,0,0
2759,0,null,0,0,0
2760,0,null,0,0,0
2761,0,null,0,0,0
2762,0,null,0,0,0
2763,0,null,0,0,0
2764,0,null,0,0,0
2765,1,primary_proton,1,1,1
2766,2,secondary_proton,1,1,1
2767,0,null,0,0,0
2768,0,null,0,0,0
2769,0,null,0,0,0
2770,0,null,0,0,0
2771,0,null,0,0,0
2772,0,null,0,0,0
2773,0,null,0,0,0
2774,0,null,0,0,0
2775,0,null,0,0,0
2776,0,null,0,0,0
2777,0,null,0,0,0
2778,0,null,0,0,0
2779,0,null,0,0,0
2780,0,null,0,0,0
2781,0,null,0,0,0
2782,0,null,0,0,0
2783,0,null,0,0,0
2784,0,null,0,0,0
2785,0,null,0,0,0
2786,0,null,0,0,0
2787,0,null,0,0,0
2788,0,null,0,0,0
2789,0,null,0,0,0
2790,0,null,0,0,0
2791,0,null,0,0,0
2792,0,null,0,0,0
2793,0,null,0,0,0
2794,0,null,0,0,0
2795,1,primary_proton,1,1,1
2796,0,null,0,0,0
2797,0,null,0,0,0
2798,0,null,0,0,0
2799,0,null,0,0,0
2800,0,null,0,0,0
2801,0,null,0,0,0
2802,0,null,0,0,0
2803,0,null,0,0,0
2804,0,null,0,0,0
2805,0,null,0,0,0
2806,0,null,0,0,0
2807,0,null,0,0,0
2808,0,null,0,0,0
2809,0,null,0,0,0
2810,0,null,0,0,0
2811,0,null,0,0,0
2812,0,null,0,0,0
2813,0,null,0,0,0
2814,0,null,0,0,0
2815,0,null,0,0,0
2816,0,null,0,0,0
2817,0,null,0,0,0
2818,0,null,0,0,0
2819,0,null,0,0,0
2820,0,null,0,0,0
2821,1,primary_proton,1,1,1
2822,1,primary_proton,1,1,1
2823,9,pi-,1,1,1
2824,0,null,0,0,0
2825,0,null,0,0,0
2826,0,null,0,0,0
2827,0,null,0,0,0
2828,5,pi+,1,1,0
2829,0,null,0,0,0
2830,0,null,0,0,0
2831,0,null,0,0,0
2832,0,null,0,0,0
2833,0,null,0,0,0
2834,0,null,0,0,0
2835,0,null,0,0,0
2836,0,null,0,0,0
2837,0,null,0,0,0
2838,0,null,0,0,0
2839,0,null,0,0,0
2840,0,null,0,0,0
2841,0,null,0,0,0
2842,0,null,0,0,0
2843,0,null,0,0,0
2844,0,null,0,0,0
2845,0,null,0,0,0
2846,0,null,0,0,0
2847,0,null,0,0,0
2848,0,null,0,0,0
2849,0,null,0,0,0
2850,0,null,0,0,0
2851,0,null,0,0,0
2852,0,null,0,0,0
2853,0,null,0,0,0
2854,0,null,0,0,0
2855,0,null,0,0,0
2856,0,null,0,0,0
2857,0,null,0,0,0
2858,0,null,0,0,0
2859,0,null,0,0,0
2860,0,null,0,0,0
2861,0,null,0,0,0
2862,0,null,0,0,0
2863,0,null,0,0,0
2864,0,null,0,0,0
2865,0,null,0,0,0
2866,0,null,0,0,0
2867,0,null,0,0,0
2868,1,primary_proton,1,1,1
2869,0,null,0,0,0
2870,0,null,0,0,0
2871,0,null,0,0,0
2872,0,null,0,0,0
2873,0,null,0,0,0
2874,0,null,0,0,0
2875,0,null,0,0,0
2876,0,null,0,0,0
2877,0,null,0,0,0
2878,0,null,0,0,0
2879,0,null,0,0,0
2880,1,primary_proton,1,1,1
2881,0,null,0,0,0
2882,0,null,0,0,0
2883,0,null,0,0,0
2884,0,null,0,0,0
2885,0,null,0,0,0
2886,0,null,0,0,0
2887,0,null,0,0,0
2888,0,null,0,0,0
2889,0,null,0,0,0
2890,0,null,0,0,0
2891,0,null,0,0,0
2892,0,null,0,0,0
2893,6,pi+,1,1,0
2894,0,null,0,0,0
2895,0,null,0,0,0
2896,0,null,0,0,0
2897,0,null,0,0,0
2898,0,null,0,0,0
2899,0,null,0,0,0
2900,0,null,0,0,0
2901,11,pi-,1,1,1
2902,0,null,0,0,0
2903,0,null,0,0,0
2904,0,null,0,0,0
2905,0,null,0,0,0
2906,0,null,0,0,0
2907,0,null,0,0,0
2908,0,null,0,0,0
2909,0,null,0,0,0
2910,0,null,0,0,0
2911,0,null,0,0,0
2912,0,null,0,0,0
2913,0,null,0,0,0
2914,0,null,0,0,0
2915,0,null,0,0,0
2916,0,null,0,0,0
2917,0,null,0,0,0
2918,0,null,0,0,0
2919,8,pi+,1,1,1
2920,0,null,0,0,0
2921,0,null,0,0,0
2922,0,null,0,0,0
2923,0,null,0,0,0
2924,3,secondary_proton,1,1,1
2925,0,null,0,0,0
2926,0,null,0,0,0
2927,0,null,0,0,0
2928,0,null,0,0,0
2929,0,null,0,0,0
2930,0,null,0,0,0
2931,0,null,0,0,0
2932,0,null,0,0,0
2933,0,null,0,0,0
2934,0,null,0,0,0
2935,0,null,0,0,0
2936,0,null,0,0,0
2937,0,null,0,0,0
2938,0,null,0,0,0
2939,0,null,0,0,0
2940,0,null,0,0,0
2941,0,null,0,0,0
2943,0,null,0,0,0
2944,16,pi-,1,1,1
2945,0,null,0,0,0
2946,1,primary_proton,1,1,1
2947,0,null,0,0,0
2948,0,null,0,0,0
2949,0,null,0,0,0
2950,0,null,0,0,0
2951,0,null,0,0,0
2952,0,null,0,0,0
2953,0,null,0,0,0
2954,0,null,0,0,0
2955,0,null,0,0,0
2956,0,null,0,0,0
2957,0,null,0,0,0
2958,0,null,0,0,0
2959,0,null,0,0,0
2960,0,null,0,0,0
2961,0,null,0,0,0
2962,0,null,0,0,0
2963,0,null,0,0,0
2964,0,null,0,0,0
2965,0,null,0,0,0
2966,0,null,0,0,0
2967,0,null,0,0,0
2968,0,null,0,0,0
2969,0,null,0,0,0
2970,0,null,0,0,0
2971,0,null,0,0,0
2972,0,null,0,0,0
2973,0,null,0,0,0
2974,0,null,0,0,0
2975,0,null,0,0,0
2976,0,null,0,0,0
2977,0,null,0,0,0
2978,0,null,0,0,0
2979,0,null,0,0,0
2980,0,null,0,0,0
2981,0,null,0,0,0
2982,0,null,0,0,0
2983,0,null,0,0,0
2984,0,null,0,0,0
2985,0,null,0,0,0
2986,0,null,0,0,0
2987,0,null,0,0,0
2988,0,null,0,0,0
2989,0,null,0,0,0
2990,0,null,0,0,0
2991,0,null,0,0,0
2992,0,null,0,0,0
2993,0,null,0,0,0
2994,0,null,0,0,0
2995,0,null,0,0,0
2996,0,null,0,0,0
2997,0,null,0,0,0
2998,0,null,0,0,0
2999,0,null,0,0,0
3000,0,null,0,0,0
3001,0,null,0,0,0
3002,0,null,0,0,0
3003,0,null,0,0,0
3004,0,null,0,0,0
3005,0,null,0,0,0
3006,0,null,0,0,0
3007,0,null,0,0,0
3008,0,null,0,0,0
3009,0,null,0,0,0
3010,0,null,0,0,0
3011,13,pi-,1,1,0
3012,0,null,0,0,0
3013,0,null,0,0,0
3014,0,null,0,0,0
3015,0,null,0,0,0
3016,0,null,0,0,0
3017,0,null,0,0,0
3018,0,null,0,0,0
3019,0,null,0,0,0
3020,0,null,0,0,0
3021,0,null,0,0,0
3022,0,null,0,0,0
3023,0,null,0,0,0
3024,0,null,0,0,0
3025,0,null,0,0,0
3026,0,null,0,0,0
3027,0,null,0,0,0
3028,0,null,0,0,0
3029,0,null,0,0,0
3030,0,null,0,0,0
3031,0,null,0,0,0
3032,0,null,0,0,0
3033,0,null,0,0,0
3034,0,null,0,0,0
3035,1,primary_proton,1,1,1
3036,0,null,0,0,0
3037,1,primary_proton,1,1,1
3038,0,null,0,0,0
3039,0,null,0,0,0
3040,0,null,0,0,0
3041,0,null,0,0,0
3042,0,null,0,0,0
3043,0,null,0,0,0
3044,0,null,0,0,0
3045,0,null,0,0,0
3046,0,null,0,0,0
3047,0,null,0,0,0
3048,0,null,0,0,0
3049,0,null,0,0,0
3050,0,null,0,0,0
3051,0,null,0,0,0
3052,0,null,0,0,0
3053,0,null,0,0,0
3054,0,null,0,0,0
3055,0,null,0,0,0
3056,0,null,0,0,0
3057,0,null,0,0,0
3058,0,null,0,0,0
3059,0,null,0,0,0
3060,0,null,0,0,0
3061,0,null,0,0,0
3062,0,null,0,0,0
3063,0,null,0,0,0
3064,0,null,0,0,0
3065,0,null,0,0,0
3066,0,null,0,0,0
3067,0,null,0,0,0
3068,0,null,0,0,0
3069,0,null,0,0,0
3070,1,primary_proton,1,1,1
3071,0,null,0,0,0
3072,0,null,0,0,0
3073,0,null,0,0,0
3074,0,null,0,0,0
3075,0,null,0,0,0
3076,0,null,0,0,0
3077,0,null,0,0,0
3078,0,null,0,0,0
3079,0,null,0,0,0
3080,0,null,0,0,0
3081,0,null,0,0,0
3082,1,primary_proton,1,1,1
3083,0,null,0,0,0
3084,1,primary_proton,1,1,1
3085,0,null,0,0,0
3086,0,null,0,0,0
3087,0,null,0,0,0
3088,0,null,0,0,0
3089,0,null,0,0,0
3090,0,null,0,0,0
3091,0,null,0,0,0
3092,0,null,0,0,0
3093,0,null,0,0,0
3094,0,null,0,0,0
3095,0,null,0,0,0
3096,0,null,0,0,0
3097,0,null,0,0,0
3098,0,null,0,0,0
3099,0,null,0,0,0
3100,0,null,0,0,0
3101,0,null,0,0,0
3102,0,null,0,0,0
3103,0,null,0,0,0
3104,0,null,0,0,0
3105,0,null,0,0,0
3106,0,null,0,0,0
3107,2,secondary_proton,1,1,1
3108,1,primary_proton,1,1,1
3109,0,null,0,0,0
3110,1,primary_proton,1,1,1
3111,0,null,0,0,0
3112,0,null,0,0,0
3113,0,null,0,0,0
3114,0,null,0,0,0
3115,1,primary_proton,1,1,1
3116,0,null,0,0,0
3117,1,primary_proton,1,1,1
3118,0,null,0,0,0
3119,5,pi-,1,1,1
3120,0,null,0,0,0
3121,0,null,0,0,0
3122,0,null,0,0,0
3123,0,null,0,0,0
3124,0,null,0,0,0
3125,0,null,0,0,0
3126,0,null,0,0,0
3127,0,null,0,0,0
3128,0,null,0,0,0
3129,0,null,0,0,0
3130,0,null,0,0,0
3131,0,null,0,0,0
3132,8615,secondary_proton,1,1,1
3133,0,null,0,0,0
3134,0,null,0,0,0
3135,0,null,0,0,0
3136,0,null,0,0,0
3137,1,primary_proton,1,1,1
3138,0,null,0,0,0
3139,0,null,0,0,0
3140,0,null,0,0,0
3141,0,null,0,0,0
3142,0,null,0,0,0
3143,0,null,0,0,0
3144,0,null,0,0,0
3145,0,null,0,0,0
3146,0,null,0,0,0
3147,0,null,0,0,0
3148,0,null,0,0,0
3149,0,null,0,0,0
3150,0,null,0,0,0
3151,0,null,0,0,0
3152,0,null,0,0,0
3153,0,null,0,0,0
3154,0,null,0,0,0
3155,0,null,0,0,0
3156,0,null,0,0,0
3157,0,null,0,0,0
3158,0,null,0,0,0
3159,0,null,0,0,0
3160,0,null,0,0,0
3161,0,null,0,0,0
3163,0,null,0,0,0
3164,0,null,0,0,0
3165,0,null,0,0,0
3166,0,null,0,0,0
3167,0,null,0,0,0
3168,8,secondary_proton,1,1,1
3169,0,null,0,0,0
3170,0,null,0,0,0
3171,0,null,0,0,0
3172,0,null,0,0,0
3173,0,null,0,0,0
3174,0,null,0,0,0
3175,0,null,0,0,0
3176,0,null,0,0,0
3177,0,null,0,0,0
3178,0,null,0,0,0
3179,0,null,0,0,0
3180,0,null,0,0,0
3181,0,null,0,0,0
3182,0,null,0,0,0
3183,0,null,0,0,0
3184,0,null,0,0,0
3185,0,null,0,0,0
3186,0,null,0,0,0
3187,0,null,0,0,0
3188,429,pi+,1,0,0
3189,0,null,0,0,0
3190,4,secondary_proton,1,1,1
3191,12,secondary_proton,1,1,1
3192,0,null,0,0,0
3193,0,null,0,0,0
3194,0,null,0,0,0
3195,0,null,0,0,0
3196,0,null,0,0,0
3197,0,null,0,0,0
3198,0,null,0,0,0
3199,0,null,0,0,0
3200,0,null,0,0,0
3201,0,null,0,0,0
3202,0,null,0,0,0
3203,1,primary_proton,1,1,1
3204,0,null,0,0,0
3205,0,null,0,0,0
3206,0,null,0,0,0
3207,0,null,0,0,0
3208,0,null,0,0,0
3209,0,null,0,0,0
3210,0,null,0,0,0
3211,0,null,0,0,0
3212,0,null,0,0,0
3213,0,null,0,0,0
3214,0,null,0,0,0
3215,0,null,0,0,0
3216,1,primary_proton,1,1,1
3217,0,null,0,0,0
3218,0,null,0,0,0
3219,0,null,0,0,0
3220,0,null,0,0,0
3221,0,null,0,0,0
3222,0,null,0,0,0
3223,0,null,0,0,0
3224,0,null,0,0,0
3225,0,null,0,0,0
3226,0,null,0,0,0
3227,0,null,0,0,0
3228,0,null,0,0,0
3229,0,null,0,0,0
3230,0,null,0,0,0
3231,0,null,0,0,0
3232,17,pi-,1,1,0
3233,0,null,0,0,0
3234,0,null,0,0,0
3235,0,null,0,0,0
3236,0,null,0,0,0
3237,0,null,0,0,0
3238,0,null,0,0,0
3239,0,null,0,0,0
3240,0,null,0,0,0
3241,0,null,0,0,0
3242,0,null,0,0,0
3243,0,null,0,0,0
3244,0,null,0,0,0
3245,0,null,0,0,0
3246,0,null,0,0,0
3247,0,null,0,0,0
3248,0,null,0,0,0
3249,0,null,0,0,0
3250,0,null,0,0,0
3251,0,null,0,0,0
3252,0,null,0,0,0
3253,1,primary_proton,1,1,1
3254,0,null,0,0,0
3255,0,null,0,0,0
3256,0,null,0,0,0
3257,0,null,0,0,0
3258,0,null,0,0,0
3259,0,null,0,0,0
3260,0,null,0,0,0
3261,0,null,0,0,0
3262,0,null,0,0,0
3263,0,null,0,0,0
3264,0,null,0,0,0
3265,0,null,0,0,0
3266,1,primary_proton,1,1,1
3267,1,primary_proton,1,1,1
3268,0,null,0,0,0
3269,0,null,0,0,0
3270,0,null,0,0,0
3271,0,null,0,0,0
3272,0,null,0,0,0
3273,0,null,0,0,0
3274,0,null,0,0,0
3275,0,null,0,0,0
3276,0,null,0,0,0
3277,0,null,0,0,0
3278,0,null,0,0,0
3279,0,null,0,0,0
3280,0,null,0,0,0
3281,0,null,0,0,0
3282,0,null,0,0,0
3283,0,null,0,0,0
3284,0,null,0,0,0
3285,0,null,0,0,0
3286,0,null,0,0,0
3287,0,null,0,0,0
3288,0,null,0,0,0
3289,0,null,0,0,0
3290,0,null,0,0,0
3291,0,null,0,0,0
3292,0,null,0,0,0
3293,0,null,0,0,0
3294,0,null,0,0,0
3295,0,null,0,0,0
3296,0,null,0,0,0
3297,0,null,0,0,0
3298,0,null,0,0,0
3299,7306,e-,1,1,0
3300,0,null,0,0,0
3301,0,null,0,0,0
3302,0,null,0,0,0
3303,0,null,0,0,0
3304,0,null,0,0,0
3305,0,null,0,0,0
3306,0,null,0,0,0
3307,0,null,0,0,0
3308,0,null,0,0,0
3309,0,null,0,0,0
3310,0,null,0,0,0
3311,0,null,0,0,0
3312,0,null,0,0,0
3313,0,null,0,0,0
3314,0,null,0,0,0
3315,0,null,0,0,0
3316,0,null,0,0,0
3317,0,null,0,0,0
3318,0,null,0,0,0
3319,7,secondary_proton,1,1,1
3320,1584,pi-,1,1,0
3321,0,null,0,0,0
3322,0,null,0,0,0
3323,0,null,0,0,0
3324,6,pi-,1,1,1
3325,0,null,0,0,0
3326,0,null,0,0,0
3327,0,null,0,0,0
3328,0,null,0,0,0
3329,0,null,0,0,0
3330,0,null,0,0,0
3331,0,null,0,0,0
3332,0,null,0,0,0
3333,0,null,0,0,0
3334,0,null,0,0,0
3335,0,null,0,0,0
3336,0,null,0,0,0
3337,4,secondary_proton,1,0,0
3338,0,null,0,0,0
3339,0,null,0,0,0
3340,23,secondary_proton,1,1,1
3341,0,null,0,0,0
3342,0,null,0,0,0
3343,0,null,0,0,0
3344,0,null,0,0,0
3345,0,null,0,0,0
3346,0,null,0,0,0
3347,0,null,0,0,0
3348,0,null,0,0,0
3349,0,null,0,0,0
3350,0,null,0,0,0
3351,0,null,0,0,0
3352,0,null,0,0,0
3353,0,null,0,0,0
3354,0,null,0,0,0
3355,0,null,0,0,0
3356,0,null,0,0,0
3357,0,null,0,0,0
3358,0,null,0,0,0
3359,0,null,0,0,0
3360,0,null,0,0,0
3361,0,null,0,0,0
3362,6,secondary_proton,1,1,1
3363,0,null,0,0,0
3364,0,null,0,0,0
3365,0,null,0,0,0
3366,0,null,0,0,0
3367,0,null,0,0,0
3368,0,null,0,0,0
3369,0,null,0,0,0
3370,0,null,0,0,0
3371,0,null,0,0,0
3372,0,null,0,0,0
3373,0,null,0,0,0
3374,0,null,0,0,0
3375,0,null,0,0,0
3376,0,null,0,0,0
3377,1,primary_proton,1,1,1
3378,0,null,0,0,0
3379,0,null,0,0,0
3380,0,null,0,0,0
3382,0,null,0,0,0
3383,0,null,0,0,0
3384,0,null,0,0,0
3385,0,null,0,0,0
3386,0,null,0,0,0
3387,0,null,0,0,0
3388,0,null,0,0,0
3389,0,null,0,0,0
3390,0,null,0,0,0
3391,0,null,0,0,0
3392,0,null,0,0,0
3393,1,primary_proton,1,1,1
3394,0,null,0,0,0
3395,0,null,0,0,0
3396,0,null,0,0,0
3397,0,null,0,0,0
3398,10,pi+,1,1,0
3399,0,null,0,0,0
3400,0,null,0,0,0
3401,0,null,0,0,0
3402,0,null,0,0,0
3403,0,null,0,0,0
3404,0,null,0,0,0
3405,0,null,0,0,0
3406,0,null,0,0,0
3407,0,null,0,0,0
3408,1,primary_proton,1,1,1
3409,0,null,0,0,0
3410,0,null,0,0,0
3411,0,null,0,0,0
3412,0,null,0,0,0
3413,0,null,0,0,0
3414,0,null,0,0,0
3415,0,null,0,0,0
3416,0,null,0,0,0
3417,0,null,0,0,0
3418,0,null,0,0,0
3419,0,null,0,0,0
3420,0,null,0,0,0
3421,0,null,0,0,0
3422,0,null,0,0,0
3423,0,null,0,0,0
3424,0,null,0,0,0
3425,0,null,0,0,0
3426,0,null,0,0,0
3427,0,null,0,0,0
3428,0,null,0,0,0
3429,0,null,0,0,0
3430,0,null,0,0,0
3431,1,primary_proton,1,1,1
3432,0,null,0,0,0
3433,0,null,0,0,0
3434,7,pi+,1,0,0
3435,0,null,0,0,0
3436,0,null,0,0,0
3437,0,null,0,0,0
3438,0,null,0,0,0
3439,0,null,0,0,0
3440,0,null,0,0,0
3441,0,null,0,0,0
3442,0,null,0,0,0
3443,0,null,0,0,0
3444,0,null,0,0,0
3445,0,null,0,0,0
3446,0,null,0,0,0
3447,757,secondary_proton,1,1,1
3448,0,null,0,0,0
3449,0,null,0,0,0
3450,0,null,0,0,0
3451,0,null,0,0,0
3452,0,null,0,0,0
3453,0,null,0,0,0
3454,0,null,0,0,0
3455,0,null,0,0,0
3456,0,null,0,0,0
3457,0,null,0,0,0
3458,0,null,0,0,0
3459,0,null,0,0,0
3460,0,null,0,0,0
3461,0,null,0,0,0
3462,0,null,0,0,0
3463,0,null,0,0,0
3464,0,null,0,0,0
3465,0,null,0,0,0
3466,0,null,0,0,0
3467,0,null,0,0,0
3468,1,primary_proton,1,1,1
3469,0,null,0,0,0
3470,0,null,0,0,0
3471,0,null,0,0,0
3472,0,null,0,0,0
3473,0,null,0,0,0
3474,0,null,0,0,0
3475,2943,e-,1,1,1
3476,0,null,0,0,0
3477,0,null,0,0,0
3478,0,null,0,0,0
3479,0,null,0,0,0
3480,0,null,0,0,0
3481,0,null,0,0,0
3482,0,null,0,0,0
3483,0,null,0,0,0
3484,0,null,0,0,0
3485,0,null,0,0,0
3486,0,null,0,0,0
3487,0,null,0,0,0
3488,0,null,0,0,0
3489,0,null,0,0,0
3490,1,primary_proton,1,1,1
3491,0,null,0,0,0
3492,0,null,0,0,0
3493,1,primary_proton,1,1,1
3494,0,null,0,0,0
3495,0,null,0,0,0
3496,0,null,0,0,0
3497,1,primary_proton,1,1,1
3498,0,null,0,0,0
3499,0,null,0,0,0
3500,1,primary_proton,1,1,1
3501,0,null,0,0,0
3502,0,null,0,0,0
3503,0,null,0,0,0
3504,10,pi+,1,1,1
3505,0,null,0,0,0
3506,0,null,0,0,0
3507,0,null,0,0,0
3508,0,null,0,0,0
3509,0,null,0,0,0
3510,0,null,0,0,0
3511,0,null,0,0,0
3512,0,null,0,0,0
3513,0,null,0,0,0
3514,0,null,0,0,0
3515,0,null,0,0,0
3516,0,null,0,0,0
3517,0,null,0,0,0
3518,0,null,0,0,0
3519,0,null,0,0,0
3520,0,null,0,0,0
3521,0,null,0,0,0
3522,0,null,0,0,0
3523,0,null,0,0,0
3524,0,null,0,0,0
3525,0,null,0,0,0
3526,0,null,0,0,0
3527,0,null,0,0,0
3528,0,null,0,0,0
3529,0,null,0,0,0
3530,0,null,0,0,0
3531,0,null,0,0,0
3532,0,null,0,0,0
3533,0,null,0,0,0
3534,0,null,0,0,0
3535,0,null,0,0,0
3536,0,null,0,0,0
3537,0,null,0,0,0
3538,0,null,0,0,0
3539,0,null,0,0,0
3540,0,null,0,0,0
3541,0,null,0,0,0
3542,11,pi+,1,1,0
3543,1,primary_proton,1,1,1
3544,0,null,0,0,0
3545,0,null,0,0,0
3546,0,null,0,0,0
3547,0,null,0,0,0
3548,0,null,0,0,0
3549,0,null,0,0,0
3550,0,null,0,0,0
3551,0,null,0,0,0
3552,1423,e-,0,0,1
3553,0,null,0,0,0
3554,0,null,0,0,0
3555,0,null,0,0,0
3556,0,null,0,0,0
3557,0,null,0,0,0
3558,1,primary_proton,1,1,1
3559,0,null,0,0,0
3560,0,null,0,0,0
3561,0,null,0,0,0
3562,0,null,0,0,0
3563,0,null,0,0,0
3564,0,null,0,0,0
3565,0,null,0,0,0
3566,0,null,0,0,0
3567,0,null,0,0,0
3568,0,null,0,0,0
3569,0,null,0,0,0
3570,0,null,0,0,0
3571,0,null,0,0,0
3572,0,null,0,0,0
3573,0,null,0,0,0
3574,0,null,0,0,0
3575,0,null,0,0,0
3576,0,null,0,0,0
3577,0,null,0,0,0
3578,0,null,0,0,0
3579,0,null,0,0,0
3580,0,null,0,0,0
3581,0,null,0,0,0
3582,0,null,0,0,0
3583,0,null,0,0,0
3584,0,null,0,0,0
3585,0,null,0,0,0
3586,1,primary_proton,1,1,1
3587,0,null,0,0,0
3588,0,null,0,0,0
3589,0,null,0,0,0
3590,0,null,0,0,0
3591,0,null,0,0,0
3592,0,null,0,0,0
3593,0,null,0,0,0
3594,1,primary_proton,1,1,1
3595,0,null,0,0,0
3596,0,null,0,0,0
3597,0,null,0,0,0
3598,0,null,0,0,0
3599,0,null,0,0,0
3600,0,null,0,0,0
3602,0,null,0,0,0
3603,0,null,0,0,0
3604,0,null,0,0,0
3605,0,null,0,0,0
3606,0,null,0,0,0
3607,0,null,0,0,0
3608,0,null,0,0,0
3609,0,null,0,0,0
3610,0,null,0,0,0
3611,0,null,0,0,0
3612,0,null,0,0,0
3613,0,null,0,0,0
3614,0,null,0,0,0
3615,0,null,0,0,0
3616,0,null,0,0,0
3617,16,pi-,1,1,1
3618,0,null,0,0,0
3619,0,null,0,0,0
3620,0,null,0,0,0
3621,0,null,0,0,0
3622,0,null,0,0,0
3623,0,null,0,0,0
3624,0,null,0,0,0
3625,0,null,0,0,0
3626,0,null,0,0,0
3627,0,null,0,0,0
3628,0,null,0,0,0
3629,0,null,0,0,0
3630,2554,e-,1,1,0
3631,6,pi+,1,1,1
3632,0,null,0,0,0
3633,42,pi-,1,1,1
3634,0,null,0,0,0
3635,0,null,0,0,0
3636,0,null,0,0,0
3637,0,null,0,0,0
3638,0,null,0,0,0
3639,0,null,0,0,0
3640,0,null,0,0,0
3641,0,null,0,0,0
3642,0,null,0,0,0
3643,0,null,0,0,0
3644,0,null,0,0,0
3645,0,null,0,0,0
3646,0,null,0,0,0
3647,0,null,0,0,0
3648,0,null,0,0,0
3649,0,null,0,0,0
3650,0,null,0,0,0
3651,0,null,0,0,0
3652,0,null,0,0,0
3653,0,null,0,0,0
3654,0,null,0,0,0
3655,0,null,0,0,0
3656,0,null,0,0,0
3657,0,null,0,0,0
3658,0,null,0,0,0
3659,0,null,0,0,0
3660,0,null,0,0,0
3661,0,null,0,0,0
3662,0,null,0,0,0
3663,0,null,0,0,0
3664,0,null,0,0,0
3665,0,null,0,0,0
3666,0,null,0,0,0
3667,0,null,0,0,0
3668,1,primary_proton,1,1,1
3669,0,null,0,0,0
3670,0,null,0,0,0
3671,0,null,0,0,0
3672,0,null,0,0,0
3673,0,null,0,0,0
3674,0,null,0,0,0
3675,0,null,0,0,0
3676,0,null,0,0,0
3677,0,null,0,0,0
3678,0,null,0,0,0
3679,0,null,0,0,0
3680,0,null,0,0,0
3681,0,null,0,0,0
3682,0,null,0,0,0
3683,0,null,0,0,0
3684,0,null,0,0,0
3685,0,null,0,0,0
3686,0,null,0,0,0
3687,0,null,0,0,0
3688,0,null,0,0,0
3689,0,null,0,0,0
3690,0,null,0,0,0
3691,0,null,0,0,0
3692,0,null,0,0,0
3693,0,null,0,0,0
3694,0,null,0,0,0
3695,1,primary_proton,1,1,1
3696,0,null,0,0,0
3697,7,secondary_proton,1,1,0
3698,0,null,0,0,0
3699,0,null,0,0,0
3700,12,pi+,1,0,0
3701,0,null,0,0,0
3702,0,null,0,0,0
3703,0,null,0,0,0
3704,0,null,0,0,0
3705,0,null,0,0,0
3706,0,null,0,0,0
3707,0,null,0,0,0
3708,0,null,0,0,0
3709,0,null,0,0,0
3710,0,null,0,0,0
3711,0,null,0,0,0
3712,0,null,0,0,0
3713,0,null,0,0,0
3714,0,null,0,0,0
3715,0,null,0,0,0
3716,0,null,0,0,0
3717,22,pi+,1,1,1
3718,9,pi-,1,1,1
3719,0,null,0,0,0
3720,0,null,0,0,0
3721,0,null,0,0,0
3722,0,null,0,0,0
3723,0,null,0,0,0
3724,0,null,0,0,0
3725,0,null,0,0,0
3726,0,null,0,0,0
3727,0,null,0,0,0
3728,0,null,0,0,0
3729,0,null,0,0,0
3730,0,null,0,0,0
3731,0,null,0,0,0
3732,0,null,0,0,0
3733,0,null,0,0,0
3734,0,null,0,0,0
3735,0,null,0,0,0
3736,0,null,0,0,0
3737,0,null,0,0,0
3738,0,null,0,0,0
3739,0,null,0,0,0
3740,0,null,0,0,0
3741,0,null,0,0,0
3742,0,null,0,0,0
3743,0,null,0,0,0
3744,0,null,0,0,0
3745,0,null,0,0,0
3746,0,null,0,0,0
3747,0,null,0,0,0
3748,0,null,0,0,0
3749,0,null,0,0,0
3750,0,null,0,0,0
3751,0,null,0,0,0
3752,0,null,0,0,0
3753,0,null,0,0,0
3754,0,null,0,0,0
3755,0,null,0,0,0
3756,13,pi-,1,1,1
3757,1,primary_proton,1,1,1
3758,0,null,0,0,0
3759,0,null,0,0,0
3760,0,null,0,0,0
3761,0,null,0,0,0
3762,0,null,0,0,0
3763,0,null,0,0,0
3764,0,null,0,0,0
3765,0,null,0,0,0
3766,0,null,0,0,0
3767,0,null,0,0,0
3768,0,null,0,0,0
3769,0,null,0,0,0
3770,0,null,0,0,0
3771,0,null,0,0,0
3772,0,null,0,0,0
3773,0,null,0,0,0
3774,0,null,0,0,0
3775,0,null,0,0,0
3776,0,null,0,0,0
3777,0,null,0,0,0
3778,0,null,0,0,0
3779,0,null,0,0,0
3780,0,null,0,0,0
3781,0,null,0,0,0
3782,0,null,0,0,0
3783,0,null,0,0,0
3784,7,pi-,1,1,1
3785,0,null,0,0,0
3786,0,null,0,0,0
3787,273,pi+,1,1,1
3788,0,null,0,0,0
3789,0,null,0,0,0
3790,0,null,0,0,0
3791,0,null,0,0,0
3792,0,null,0,0,0
3793,0,null,0,0,0
3794,0,null,0,0,0
3795,0,null,0,0,0
3796,0,null,0,0,0
3797,0,null,0,0,0
3798,0,null,0,0,0
3799,0,null,0,0,0
3800,0,null,0,0,0
3801,0,null,0,0,0
3802,0,null,0,0,0
3803,0,null,0,0,0
3804,0,null,0,0,0
3805,0,null,0,0,0
3806,0,null,0,0,0
3807,0,null,0,0,0
3808,0,null,0,0,0
3809,0,null,0,0,0
3810,1,primary_proton,1,1,1
3811,0,null,0,0,0
3812,0,null,0,0,0
3813,0,null,0,0,0
3814,0,null,0,0,0
3815,0,null,0,0,0
3816,0,null,0,0,0
3817,0,null,0,0,0
3818,0,null,0,0,0
3819,0,null,0,0,0
3820,0,null,0,0,0
3821,0,null,0,0,0
3822,0,null,0,0,0
3823,0,null,0,0,0
3824,0,null,0,0,0
3826,0,null,0,0,0
3827,0,null,0,0,0
3828,0,null,0,0,0
3829,0,null,0,0,0
3830,0,null,0,0,0
3831,0,null,0,0,0
3832,0,null,0,0,0
3833,0,null,0,0,0
3834,0,null,0,0,0
3835,0,null,0,0,0
3836,0,null,0,0,0
3837,0,null,0,0,0
3838,4564,mu+,1,0,0
3839,0,null,0,0,0
3840,0,null,0,0,0
3841,4,secondary_proton,1,1,1
3842,0,null,0,0,0
3843,0,null,0,0,0
3844,0,null,0,0,0
3845,0,null,0,0,0
3846,0,null,0,0,0
3847,0,null,0,0,0
3848,0,null,0,0,0
3849,0,null,0,0,0
3850,0,null,0,0,0
3851,0,null,0,0,0
3852,1,primary_proton,1,1,1
3853,0,null,0,0,0
3854,0,null,0,0,0
3855,0,null,0,0,0
3856,0,null,0,0,0
3857,0,null,0,0,0
3858,0,null,0,0,0
3859,0,null,0,0,0
3860,1,primary_proton,1,1,1
3861,0,null,0,0,0
3862,0,null,0,0,0
3863,0,null,0,0,0
3864,0,null,0,0,0
3865,0,null,0,0,0
3866,0,null,0,0,0
3867,6,pi+,1,1,1
3868,0,null,0,0,0
3869,6,pi-,1,1,1
3870,0,null,0,0,0
3871,0,null,0,0,0
3872,0,null,0,0,0
3873,0,null,0,0,0
3874,0,null,0,0,0
3875,0,null,0,0,0
3876,0,null,0,0,0
3877,0,null,0,0,0
3878,0,null,0,0,0
3879,0,null,0,0,0
3880,0,null,0,0,0
3881,0,null,0,0,0
3882,0,null,0,0,0
3883,0,null,0,0,0
3884,0,null,0,0,0
3885,0,null,0,0,0
3886,0,null,0,0,0
3887,0,null,0,0,0
3888,0,null,0,0,0
3889,0,null,0,0,0
3890,0,null,0,0,0
3891,5,pi-,1,1,1
3892,0,null,0,0,0
3893,0,null,0,0,0
3894,0,null,0,0,0
3895,0,null,0,0,0
3896,0,null,0,0,0
3897,0,null,0,0,0
3898,0,null,0,0,0
3899,4,secondary_proton,1,1,1
3900,0,null,0,0,0
3901,0,null,0,0,0
3902,0,null,0,0,0
3903,0,null,0,0,0
3904,0,null,0,0,0
3905,0,null,0,0,0
3906,0,null,0,0,0
3907,0,null,0,0,0
3908,0,null,0,0,0
3909,0,null,0,0,0
3910,0,null,0,0,0
3911,0,null,0,0,0
3912,0,null,0,0,0
3913,0,null,0,0,0
3914,0,null,0,0,0
3915,0,null,0,0,0
3916,0,null,0,0,0
3917,0,null,0,0,0
3918,0,null,0,0,0
3919,0,null,0,0,0
3920,0,null,0,0,0
3921,19,secondary_proton,1,1,0
3922,0,null,0,0,0
3923,0,null,0,0,0
3924,0,null,0,0,0
3925,0,null,0,0,0
3926,2,secondary_proton,1,1,1
3927,0,null,0,0,0
3928,0,null,0,0,0
3929,0,null,0,0,0
3930,0,null,0,0,0
3931,0,null,0,0,0
3932,0,null,0,0,0
3933,0,null,0,0,0
3934,0,null,0,0,0
3935,0,null,0,0,0
3936,0,null,0,0,0
3937,0,null,0,0,0
3938,0,null,0,0,0
3939,0,null,0,0,0
3940,1,primary_proton,1,1,1
3941,6,pi-,1,1,1
3942,0,null,0,0,0
3943,0,null,0,0,0
3944,8,secondary_proton,1,1,1
3945,0,null,0,0,0
3946,0,null,0,0,0
3947,0,null,0,0,0
3948,0,null,0,0,0
3949,3,secondary_proton,1,1,1
3950,0,null,0,0,0
3951,0,null,0,0,0
3952,1598,pi-,1,1,1
3953,0,null,0,0,0
3954,0,null,0,0,0
3955,1,primary_proton,1,1,1
3956,0,null,0,0,0
3957,0,null,0,0,0
3958,0,null,0,0,0
3959,0,null,0,0,0
3960,0,null,0,0,0
3961,0,null,0,0,0
3962,0,null,0,0,0
3963,0,null,0,0,0
3964,0,null,0,0,0
3965,0,null,0,0,0
3966,0,null,0,0,0
3967,0,null,0,0,0
3968,0,null,0,0,0
3969,0,null,0,0,0
3970,0,null,0,0,0
3971,0,null,0,0,0
3972,0,null,0,0,0
3973,9,pi+,1,1,1
3974,0,null,0,0,0
3975,0,null,0,0,0
3976,0,null,0,0,0
3977,0,null,0,0,0
3978,0,null,0,0,0
3979,0,null,0,0,0
3980,0,null,0,0,0
3981,0,null,0,0,0
3982,0,null,0,0,0
3983,0,null,0,0,0
3984,0,null,0,0,0
3985,0,null,0,0,0
3986,0,null,0,0,0
3987,0,null,0,0,0
3988,0,null,0,0,0
3989,13,pi-,1,1,1
3990,0,null,0,0,0
3991,1,primary_proton,1,1,1
3992,0,null,0,0,0
3993,0,null,0,0,0
3994,0,null,0,0,0
3995,0,null,0,0,0
3996,0,null,0,0,0
3997,0,null,0,0,0
3998,0,null,0,0,0
3999,28,pi+,1,0,0
4000,0,null,0,0,0
4001,0,null,0,0,0
4002,0,null,0,0,0
4003,0,null,0,0,0
4004,0,null,0,0,0
4005,0,null,0,0,0
4006,0,null,0,0,0
4007,0,null,0,0,0
4008,0,null,0,0,0
4009,0,null,0,0,0
4010,0,null,0,0,0
4011,0,null,0,0,0
4012,0,null,0,0,0
4013,1359,e+,1,1,1
4014,0,null,0,0,0
4015,0,null,0,0,0
4016,2674,e-,1,1,1
4017,0,null,0,0,0
4018,0,null,0,0,0
4019,0,null,0,0,0
4020,0,null,0,0,0
4021,0,null,0,0,0
4022,0,null,0,0,0
4023,0,null,0,0,0
4024,0,null,0,0,0
4025,15,pi+,1,1,1
4026,0,null,0,0,0
4027,0,null,0,0,0
4028,0,null,0,0,0
4029,0,null,0,0,0
4030,0,null,0,0,0
4031,0,null,0,0,0
4032,0,null,0,0,0
4033,0,null,0,0,0
4034,0,null,0,0,0
4035,0,null,0,0,0
4036,0,null,0,0,0
4037,0,null,0,0,0
4038,0,null,0,0,0
4039,0,null,0,0,0
4040,0,null,0,0,0
4041,0,null,0,0,0
4042,0,null,0,0,0
4043,0,null,0,0,0
4044,0,null,0,0,0
4045,0,null,0,0,0
4047,0,null,0,0,0
4048,0,null,0,0,0
4049,8,pi+,1,1,1
4050,0,null,0,0,0
4051,0,null,0,0,0
4052,0,null,0,0,0
4053,0,null,0,0,0
4054,0,null,0,0,0
4055,0,null,0,0,0
4056,0,null,0,0,0
4057,0,null,0,0,0
4058,0,null,0,0,0
4059,0,null,0,0,0
4060,0,null,0,0,0
4061,0,null,0,0,0
4062,0,null,0,0,0
4063,1,primary_proton,1,1,1
4064,0,null,0,0,0
4065,0,null,0,0,0
4066,0,null,0,0,0
4067,0,null,0,0,0
4068,0,null,0,0,0
4069,0,null,0,0,0
4070,1,primary_proton,1,1,1
4071,0,null,0,0,0
4072,0,null,0,0,0
4073,0,null,0,0,0
4074,0,null,0,0,0
4075,1,primary_proton,1,1,1
4076,0,null,0,0,0
4077,0,null,0,0,0
4078,0,null,0,0,0
4079,0,null,0,0,0
4080,0,null,0,0,0
4081,0,null,0,0,0
4082,0,null,0,0,0
4083,0,null,0,0,0
4084,1,primary_proton,1,1,1
4085,0,null,0,0,0
4086,0,null,0,0,0
4087,0,null,0,0,0
4088,0,null,0,0,0
4089,0,null,0,0,0
4090,0,null,0,0,0
4091,0,null,0,0,0
4092,0,null,0,0,0
4093,0,null,0,0,0
4094,1,primary_proton,1,1,1
4095,0,null,0,0,0
4096,0,null,0,0,0
4097,0,null,0,0,0
4098,0,null,0,0,0
4099,0,null,0,0,0
4100,0,null,0,0,0
4101,0,null,0,0,0
4102,0,null,0,0,0
4103,0,null,0,0,0
4104,0,null,0,0,0
4105,0,null,0,0,0
4106,0,null,0,0,0
4107,0,null,0,0,0
4108,0,null,0,0,0
4109,0,null,0,0,0
4110,6,pi+,1,1,1
4111,0,null,0,0,0
4112,0,null,0,0,0
4113,0,null,0,0,0
4114,0,null,0,0,0
4115,0,null,0,0,0
4116,1,primary_proton,1,1,1
4117,0,null,0,0,0
4118,0,null,0,0,0
4119,0,null,0,0,0
4120,0,null,0,0,0
4121,0,null,0,0,0
4122,0,null,0,0,0
4123,0,null,0,0,0
4124,0,null,0,0,0
4125,0,null,0,0,0
4126,0,null,0,0,0
4127,0,null,0,0,0
4128,0,null,0,0,0
4129,0,null,0,0,0
4130,0,null,0,0,0
4131,0,null,0,0,0
4132,0,null,0,0,0
4133,0,null,0,0,0
4134,0,null,0,0,0
4135,0,null,0,0,0
4136,0,null,0,0,0
4137,0,null,0,0,0
4138,0,null,0,0,0
4139,0,null,0,0,0
4140,14,pi+,1,1,1
4141,0,null,0,0,0
4142,2733,pi+,1,1,1
4143,0,null,0,0,0
4144,5,secondary_proton,1,1,0
4145,0,null,0,0,0
4146,0,null,0,0,0
4147,0,null,0,0,0
4148,0,null,0,0,0
4149,0,null,0,0,0
4150,0,null,0,0,0
4151,0,null,0,0,0
4152,0,null,0,0,0
4153,0,null,0,0,0
4154,0,null,0,0,0
4155,0,null,0,0,0
4156,0,null,0,0,0
4157,0,null,0,0,0
4158,0,null,0,0,0
4159,0,null,0,0,0
4160,0,null,0,0,0
4161,1,primary_proton,1,1,1
4162,0,null,0,0,0
4163,0,null,0,0,0
4164,0,null,0,0,0
4165,0,null,0,0,0
4166,0,null,0,0,0
4167,0,null,0,0,0
4168,0,null,0,0,0
4169,0,null,0,0,0
4170,0,null,0,0,0
4171,0,null,0,0,0
4172,0,null,0,0,0
4173,0,null,0,0,0
4174,0,null,0,0,0
4175,0,null,0,0,0
4176,0,null,0,0,0
4177,0,null,0,0,0
4178,6,pi+,1,1,1
4179,0,null,0,0,0
4180,0,null,0,0,0
4181,0,null,0,0,0
4182,1,primary_proton,1,1,1
4183,0,null,0,0,0
4184,0,null,0,0,0
4185,0,null,0,0,0
4186,0,null,0,0,0
4187,0,null,0,0,0
4188,0,null,0,0,0
4189,0,null,0,0,0
4190,0,null,0,0,0
4191,0,null,0,0,0
4192,0,null,0,0,0
4193,0,null,0,0,0
4194,0,null,0,0,0
4195,0,null,0,0,0
4196,0,null,0,0,0
4197,0,null,0,0,0
4198,0,null,0,0,0
4199,6,pi+,1,1,1
4200,0,null,0,0,0
4201,0,null,0,0,0
4202,0,null,0,0,0
4203,27,pi-,1,0,0
4204,0,null,0,0,0
4205,0,null,0,0,0
4206,0,null,0,0,0
4207,0,null,0,0,0
4208,9,pi-,1,1,1
4209,0,null,0,0,0
4210,0,null,0,0,0
4211,0,null,0,0,0
4212,0,null,0,0,0
4213,0,null,0,0,0
4214,0,null,0,0,0
4215,0,null,0,0,0
4216,0,null,0,0,0
4217,0,null,0,0,0
4218,0,null,0,0,0
4219,0,null,0,0,0
4220,0,null,0,0,0
4221,0,null,0,0,0
4222,0,null,0,0,0
4223,0,null,0,0,0
4224,0,null,0,0,0
4225,0,null,0,0,0
4226,0,null,0,0,0
4227,0,null,0,0,0
4228,0,null,0,0,0
4229,0,null,0,0,0
4230,0,null,0,0,0
4231,0,null,0,0,0
4232,0,null,0,0,0
4233,0,null,0,0,0
4234,0,null,0,0,0
4235,0,null,0,0,0
4236,0,null,0,0,0
4237,0,null,0,0,0
4238,0,null,0,0,0
4239,0,null,0,0,0
4240,0,null,0,0,0
4241,0,null,0,0,0
4242,0,null,0,0,0
4243,0,null,0,0,0
4244,0,null,0,0,0
4245,0,null,0,0,0
4246,0,null,0,0,0
4247,0,null,0,0,0
4248,0,null,0,0,0
4249,0,null,0,0,0
4250,0,null,0,0,0
4251,7,pi+,1,1,1
4252,0,null,0,0,0
4253,0,null,0,0,0
4254,0,null,0,0,0
4255,0,null,0,0,0
4256,0,null,0,0,0
4257,0,null,0,0,0
4258,0,null,0,0,0
4259,0,null,0,0,0
4260,0,null,0,0,0
4261,0,null,0,0,0
4262,0,null,0,0,0
4263,0,null,0,0,0
4264,0,null,0,0,0
4265,0,null,0,0,0
4266,0,null,0,0,0
4267,0,null,0,0,0
4268,0,null,0,0,0
4270,0,null,0,0,0
4271,16,pi-,1,1,1
4272,0,null,0,0,0
4273,0,null,0,0,0
4274,0,null,0,0,0
4275,0,null,0,0,0
4276,0,null,0,0,0
4277,0,null,0,0,0
4278,0,null,0,0,0
4279,0,null,0,0,0
4280,0,null,0,0,0
4281,0,null,0,0,0
4282,0,null,0,0,0
4283,0,null,0,0,0
4284,0,null,0,0,0
4285,0,null,0,0,0
4286,0,null,0,0,0
4287,0,null,0,0,0
4288,1,primary_proton,1,1,1
4289,0,null,0,0,0
4290,0,null,0,0,0
4291,0,null,0,0,0
4292,0,null,0,0,0
4293,8,pi+,1,1,1
4294,0,null,0,0,0
4295,0,null,0,0,0
4296,0,null,0,0,0
4297,0,null,0,0,0
4298,0,null,0,0,0
4299,0,null,0,0,0
4300,0,null,0,0,0
4301,0,null,0,0,0
4302,0,null,0,0,0
4303,0,null,0,0,0
4304,108,pi+,1,1,1
4305,0,null,0,0,0
4306,11,pi-,1,1,1
4307,0,null,0,0,0
4308,0,null,0,0,0
4309,0,null,0,0,0
4310,0,null,0,0,0
4311,0,null,0,0,0
4312,0,null,0,0,0
4313,0,null,0,0,0
4314,0,null,0,0,0
4315,0,null,0,0,0
4316,0,null,0,0,0
4317,0,null,0,0,0
4318,0,null,0,0,0
4319,0,null,0,0,0
4320,5,pi+,1,0,0
4321,5,secondary_proton,1,1,1
4322,0,null,0,0,0
4323,0,null,0,0,0
4324,0,null,0,0,0
4325,0,null,0,0,0
4326,0,null,0,0,0
4327,0,null,0,0,0
4328,0,null,0,0,0
4329,0,null,0,0,0
4330,0,null,0,0,0
4331,12,pi+,1,1,1
4332,0,null,0,0,0
4333,0,null,0,0,0
4334,0,null,0,0,0
4335,0,null,0,0,0
4336,0,null,0,0,0
4337,0,null,0,0,0
4338,0,null,0,0,0
4339,0,null,0,0,0
4340,0,null,0,0,0
4341,0,null,0,0,0
4342,0,null,0,0,0
4343,1,primary_proton,1,1,1
4344,16,pi+,1,1,1
4345,0,null,0,0,0
4346,0,null,0,0,0
4347,0,null,0,0,0
4348,0,null,0,0,0
4349,0,null,0,0,0
4350,0,null,0,0,0
4351,0,null,0,0,0
4352,0,null,0,0,0
4353,0,null,0,0,0
4354,0,null,0,0,0
4355,0,null,0,0,0
4356,0,null,0,0,0
4357,0,null,0,0,0
4358,0,null,0,0,0
4359,0,null,0,0,0
4360,0,null,0,0,0
4361,0,null,0,0,0
4362,0,null,0,0,0
4363,0,null,0,0,0
4364,0,null,0,0,0
4365,0,null,0,0,0
4366,0,null,0,0,0
4367,0,null,0,0,0
4368,0,null,0,0,0
4369,0,null,0,0,0
4370,0,null,0,0,0
4371,0,null,0,0,0
4372,0,null,0,0,0
4373,0,null,0,0,0
4374,0,null,0,0,0
4375,0,null,0,0,0
4376,0,null,0,0,0
4377,0,null,0,0,0
4378,0,null,0,0,0
4379,0,null,0,0,0
4380,0,null,0,0,0
4381,0,null,0,0,0
4382,0,null,0,0,0
4383,13,pi+,1,1,1
4384,0,null,0,0,0
4385,0,null,0,0,0
4386,0,null,0,0,0
4387,0,null,0,0,0
4388,1,primary_proton,1,1,0
4389,2,secondary_proton,1,1,1
4390,0,null,0,0,0
4391,0,null,0,0,0
4392,0,null,0,0,0
4393,0,null,0,0,0
4394,0,null,0,0,0
4395,0,null,0,0,0
4396,0,null,0,0,0
4397,0,null,0,0,0
4398,0,null,0,0,0
4399,0,null,0,0,0
4400,0,null,0,0,0
4401,0,null,0,0,0
4402,0,null,0,0,0
4403,0,null,0,0,0
4404,0,null,0,0,0
4405,9,secondary_proton,1,1,1
4406,0,null,0,0,0
4407,0,null,0,0,0
4408,0,null,0,0,0
4409,0,null,0,0,0
4410,0,null,0,0,0
4411,0,null,0,0,0
4412,0,null,0,0,0
4413,0,null,0,0,0
4414,0,null,0,0,0
4415,0,null,0,0,0
4416,0,null,0,0,0
4417,0,null,0,0,0
4418,0,null,0,0,0
4419,0,null,0,0,0
4420,0,null,0,0,0
4421,0,null,0,0,0
4422,0,null,0,0,0
4423,0,null,0,0,0
4424,0,null,0,0,0
4425,0,null,0,0,0
4426,0,null,0,0,0
4427,0,null,0,0,0
4428,0,null,0,0,0
4429,0,null,0,0,0
4430,0,null,0,0,0
4431,1,primary_proton,1,1,1
4432,0,null,0,0,0
4433,0,null,0,0,0
4434,0,null,0,0,0
4435,0,null,0,0,0
4436,0,null,0,0,0
4437,0,null,0,0,0
4438,1,primary_proton,1,1,1
4439,0,null,0,0,0
4440,0,null,0,0,0
4441,1,primary_proton,1,1,1
4442,0,null,0,0,0
4443,0,null,0,0,0
4444,0,null,0,0,0
4445,0,null,0,0,0
4446,0,null,0,0,0
4447,0,null,0,0,0
4448,0,null,0,0,0
4449,0,null,0,0,0
4450,0,null,0,0,0
4451,0,null,0,0,0
4452,0,null,0,0,0
4453,0,null,0,0,0
4454,0,null,0,0,0
4455,0,null,0,0,0
4456,0,null,0,0,0
4457,0,null,0,0,0
4458,0,null,0,0,0
4459,0,null,0,0,0
4460,0,null,0,0,0
4461,0,null,0,0,0
4462,0,null,0,0,0
4463,0,null,0,0,0
4464,0,null,0,0,0
4465,0,null,0,0,0
4466,0,null,0,0,0
4467,0,null,0,0,0
4468,0,null,0,0,0
4469,0,null,0,0,0
4470,0,null,0,0,0
4471,0,null,0,0,0
4472,0,null,0,0,0
4473,0,null,0,0,0
4474,0,null,0,0,0
4475,0,null,0,0,0
4476,0,null,0,0,0
4477,0,null,0,0,0
4478,0,null,0,0,0
4479,0,null,0,0,0
4480,0,null,0,0,0
4481,0,null,0,0,0
4482,0,null,0,0,0
4483,0,null,0,0,0
4484,0,null,0,0,0
4485,0,null,0,0,0
4486,0,null,0,0,0
4487,0,null,0,0,0
4488,0,null,0,0,0
4489,0,null,0,0,0
4490,0,null,0,0,0
4492,0,null,0,0,0
4493,0,null,0,0,0
4494,0,null,0,0,0
4495,0,null,0,0,0
4496,0,null,0,0,0
4497,0,null,0,0,0
4498,0,null,0,0,0
4499,97,secondary_proton,1,1,1
4500,0,null,0,0,0
4501,9,secondary_proton,1,1,1
4502,0,null,0,0,0
4503,0,null,0,0,0
4504,120,e-,1,1,1
4505,0,null,0,0,0
4506,0,null,0,0,0
4507,0,null,0,0,0
4508,0,null,0,0,0
4509,0,null,0,0,0
4510,0,null,0,0,0
4511,0,null,0,0,0
4512,0,null,0,0,0
4513,0,null,0,0,0
4514,11,pi+,1,1,1
4515,0,null,0,0,0
4516,0,null,0,0,0
4517,0,null,0,0,0
4518,0,null,0,0,0
4519,0,null,0,0,0
4520,0,null,0,0,0
4521,0,null,0,0,0
4522,0,null,0,0,0
4523,0,null,0,0,0
4524,0,null,0,0,0
4525,1,primary_proton,1,1,1
4526,0,null,0,0,0
4527,0,null,0,0,0
4528,0,null,0,0,0
4529,0,null,0,0,0
4530,0,null,0,0,0
4531,0,null,0,0,0
4532,0,null,0,0,0
4533,0,null,0,0,0
4534,0,null,0,0,0
4535,0,null,0,0,0
4536,0,null,0,0,0
4537,0,null,0,0,0
4538,0,null,0,0,0
4539,0,null,0,0,0
4540,0,null,0,0,0
4541,0,null,0,0,0
4542,0,null,0,0,0
4543,0,null,0,0,0
4544,0,null,0,0,0
4545,0,null,0,0,0
4546,0,null,0,0,0
4547,1,primary_proton,1,1,1
4548,0,null,0,0,0
4549,0,null,0,0,0
4550,0,null,0,0,0
4551,0,null,0,0,0
4552,0,null,0,0,0
4553,0,null,0,0,0
4554,0,null,0,0,0
4555,0,null,0,0,0
4556,0,null,0,0,0
4557,0,null,0,0,0
4558,0,null,0,0,0
4559,0,null,0,0,0
4560,0,null,0,0,0
4561,4,pi-,1,1,0
4562,0,null,0,0,0
4563,0,null,0,0,0
4564,0,null,0,0,0
4565,0,null,0,0,0
4566,0,null,0,0,0
4567,7,pi+,1,1,0
4568,0,null,0,0,0
4569,0,null,0,0,0
4570,0,null,0,0,0
4571,0,null,0,0,0
4572,0,null,0,0,0
4573,0,null,0,0,0
4574,0,null,0,0,0
4575,0,null,0,0,0
4576,0,null,0,0,0
4577,0,null,0,0,0
4578,0,null,0,0,0
4579,0,null,0,0,0
4580,0,null,0,0,0
4581,0,null,0,0,0
4582,0,null,0,0,0
4583,0,null,0,0,0
4584,2777,e-,0,1,0
4585,0,null,0,0,0
4586,0,null,0,0,0
4587,0,null,0,0,0
4588,0,null,0,0,0
4589,0,null,0,0,0
4590,0,null,0,0,0
4591,0,null,0,0,0
4592,0,null,0,0,0
4593,0,null,0,0,0
4594,0,null,0,0,0
4595,0,null,0,0,0
4596,1,primary_proton,1,1,1
4597,0,null,0,0,0
4598,0,null,0,0,0
4599,0,null,0,0,0
4600,0,null,0,0,0
4601,0,null,0,0,0
4602,0,null,0,0,0
4603,0,null,0,0,0
4604,0,null,0,0,0
4605,0,null,0,0,0
4606,11,secondary_proton,1,1,1
4607,0,null,0,0,0
4608,0,null,0,0,0
4609,0,null,0,0,0
4610,0,null,0,0,0
4611,0,null,0,0,0
4612,0,null,0,0,0
4613,0,null,0,0,0
4614,0,null,0,0,0
4615,0,null,0,0,0
4616,0,null,0,0,0
4617,0,null,0,0,0
4618,0,null,0,0,0
4619,0,null,0,0,0
4620,0,null,0,0,0
4621,0,null,0,0,0
4622,0,null,0,0,0
4623,0,null,0,0,0
4624,0,null,0,0,0
4625,0,null,0,0,0
4626,0,null,0,0,0
4627,0,null,0,0,0
4628,0,null,0,0,0
4629,0,null,0,0,0
4630,0,null,0,0,0
4631,0,null,0,0,0
4632,0,null,0,0,0
4633,0,null,0,0,0
4634,1,primary_proton,1,1,1
4635,0,null,0,0,0
4636,0,null,0,0,0
4637,0,null,0,0,0
4638,0,null,0,0,0
4639,0,null,0,0,0
4640,0,null,0,0,0
4641,0,null,0,0,0
4642,0,null,0,0,0
4643,0,null,0,0,0
4644,0,null,0,0,0
4645,0,null,0,0,0
4646,0,null,0,0,0
4647,0,null,0,0,0
4648,0,null,0,0,0
4649,0,null,0,0,0
4650,0,null,0,0,0
4651,0,null,0,0,0
4652,0,null,0,0,0
4653,0,null,0,0,0
4654,0,null,0,0,0
4655,0,null,0,0,0
4656,0,null,0,0,0
4657,0,null,0,0,0
4658,0,null,0,0,0
4659,0,null,0,0,0
4660,0,null,0,0,0
4661,0,null,0,0,0
4662,0,null,0,0,0
4663,0,null,0,0,0
4664,0,null,0,0,0
4665,0,null,0,0,0
4666,0,null,0,0,0
4667,0,null,0,0,0
4668,0,null,0,0,0
4669,4,secondary_proton,1,1,1
4670,0,null,0,0,0
4671,0,null,0,0,0
4672,0,null,0,0,0
4673,0,null,0,0,0
4674,0,null,0,0,0
4675,0,null,0,0,0
4676,0,null,0,0,0
4677,0,null,0,0,0
4678,0,null,0,0,0
4679,0,null,0,0,0
4680,0,null,0,0,0
4681,0,null,0,0,0
4682,0,null,0,0,0
4683,0,null,0,0,0
4684,0,null,0,0,0
4685,0,null,0,0,0
4686,0,null,0,0,0
4687,0,null,0,0,0
4688,0,null,0,0,0
4689,0,null,0,0,0
4690,0,null,0,0,0
4691,0,null,0,0,0
4692,0,null,0,0,0
4693,5,pi-,1,1,1
4694,0,null,0,0,0
4695,1,primary_proton,1,1,1
4696,0,null,0,0,0
4697,0,null,0,0,0
4698,0,null,0,0,0
4699,0,null,0,0,0
4700,0,null,0,0,0
4701,0,null,0,0,0
4702,0,null,0,0,0
4703,0,null,0,0,0
4704,0,null,0,0,0
4705,0,null,0,0,0
4706,0,null,0,0,0
4707,0,null,0,0,0
4708,0,null,0,0,0
4709,1,primary_proton,1,1,1
4710,0,null,0,0,0
4711,0,null,0,0,0
4713,0,null,0,0,0
4714,0,null,0,0,0
4715,0,null,0,0,0
4716,0,null,0,0,0
4717,0,null,0,0,0
4718,0,null,0,0,0
4719,0,null,0,0,0
4720,0,null,0,0,0
4721,0,null,0,0,0
4722,0,null,0,0,0
4723,0,null,0,0,0
4724,0,null,0,0,0
4725,0,null,0,0,0
4726,266,pi+,1,1,1
4727,15,pi+,1,1,1
4728,0,null,0,0,0
4729,0,null,0,0,0
4730,0,null,0,0,0
4731,0,null,0,0,0
4732,0,null,0,0,0
4733,0,null,0,0,0
4734,0,null,0,0,0
4735,0,null,0,0,0
4736,0,null,0,0,0
4737,8,pi+,1,1,1
4738,0,null,0,0,0
4739,0,null,0,0,0
4740,0,null,0,0,0
4741,0,null,0,0,0
4742,0,null,0,0,0
4743,0,null,0,0,0
4744,0,null,0,0,0
4745,1,primary_proton,1,1,1
4746,0,null,0,0,0
4747,0,null,0,0,0
4748,0,null,0,0,0
4749,0,null,0,0,0
4750,30,secondary_proton,1,1,0
4751,0,null,0,0,0
4752,0,null,0,0,0
4753,0,null,0,0,0
4754,0,null,0,0,0
4755,0,null,0,0,0
4756,0,null,0,0,0
4757,0,null,0,0,0
4758,0,null,0,0,0
4759,0,null,0,0,0
4760,0,null,0,0,0
4761,0,null,0,0,0
4762,0,null,0,0,0
4763,0,null,0,0,0
4764,0,null,0,0,0
4765,0,null,0,0,0
4766,0,null,0,0,0
4767,0,null,0,0,0
4768,0,null,0,0,0
4769,0,null,0,0,0
4770,0,null,0,0,0
4771,1,primary_proton,1,1,1
4772,0,null,0,0,0
4773,0,null,0,0,0
4774,0,null,0,0,0
4775,0,null,0,0,0
4776,0,null,0,0,0
4777,0,null,0,0,0
4778,0,null,0,0,0
4779,0,null,0,0,0
4780,0,null,0,0,0
4781,0,null,0,0,0
4782,0,null,0,0,0
4783,0,null,0,0,0
4784,0,null,0,0,0
4785,0,null,0,0,0
4786,0,null,0,0,0
4787,0,null,0,0,0
4788,0,null,0,0,0
4789,0,null,0,0,0
4790,0,null,0,0,0
4791,0,null,0,0,0
4792,0,null,0,0,0
4793,0,null,0,0,0
4794,0,null,0,0,0
4795,0,null,0,0,0
4796,0,null,0,0,0
4797,0,null,0,0,0
4798,0,null,0,0,0
4799,0,null,0,0,0
4800,0,null,0,0,0
4801,0,null,0,0,0
4802,0,null,0,0,0
4803,0,null,0,0,0
4804,0,null,0,0,0
4805,0,null,0,0,0
4806,0,null,0,0,0
4807,0,null,0,0,0
4808,0,null,0,0,0
4809,0,null,0,0,0
4810,1,primary_proton,1,1,1
4811,0,null,0,0,0
4812,0,null,0,0,0
4813,0,null,0,0,0
4814,0,null,0,0,0
4815,1,primary_proton,1,1,1
4816,0,null,0,0,0
4817,0,null,0,0,0
4818,0,null,0,0,0
4819,0,null,0,0,0
4820,0,null,0,0,0
4821,0,null,0,0,0
4822,0,null,0,0,0
4823,0,null,0,0,0
4824,0,null,0,0,0
4825,0,null,0,0,0
4826,0,null,0,0,0
4827,0,null,0,0,0
4828,0,null,0,0,0
4829,0,null,0,0,0
4830,0,null,0,0,0
4831,8,pi-,1,0,0
4832,0,null,0,0,0
4833,0,null,0,0,0
4834,0,null,0,0,0
4835,0,null,0,0,0
4836,0,null,0,0,0
4837,0,null,0,0,0
4838,0,null,0,0,0
4839,0,null,0,0,0
4840,0,null,0,0,0
4841,0,null,0,0,0
4842,0,null,0,0,0
4843,0,null,0,0,0
4844,1,primary_proton,1,1,1
4845,0,null,0,0,0
4846,0,null,0,0,0
4847,0,null,0,0,0
4848,0,null,0,0,0
4849,0,null,0,0,0
4850,0,null,0,0,0
4851,0,null,0,0,0
4852,0,null,0,0,0
4853,0,null,0,0,0
4854,0,null,0,0,0
4855,0,null,0,0,0
4856,0,null,0,0,0
4857,0,null,0,0,0
4858,0,null,0,0,0
4859,0,null,0,0,0
4860,0,null,0,0,0
4861,0,null,0,0,0
4862,0,null,0,0,0
4863,0,null,0,0,0
4864,0,null,0,0,0
4865,0,null,0,0,0
4866,0,null,0,0,0
4867,0,null,0,0,0
4868,0,null,0,0,0
4869,0,null,0,0,0
4870,0,null,0,0,0
4871,0,null,0,0,0
4872,0,null,0,0,0
4873,0,null,0,0,0
4874,0,null,0,0,0
4875,0,null,0,0,0
4876,0,null,0,0,0
4877,0,null,0,0,0
4878,0,null,0,0,0
4879,0,null,0,0,0
4880,0,null,0,0,0
4881,0,null,0,0,0
4882,0,null,0,0,0
4883,0,null,0,0,0
4884,0,null,0,0,0
4885,0,null,0,0,0
4886,1,primary_proton,1,1,1
4887,0,null,0,0,0
4888,0,null,0,0,0
4889,0,null,0,0,0
4890,0,null,0,0,0
4891,18,pi+,1,1,0
4892,10,pi+,1,0,0
4893,0,null,0,0,0
4894,0,null,0,0,0
4895,0,null,0,0,0
4896,0,null,0,0,0
4897,0,null,0,0,0
4898,0,null,0,0,0
4899,0,null,0,0,0
4900,0,null,0,0,0
4901,0,null,0,0,0
4902,0,null,0,0,0
4903,0,null,0,0,0
4904,19,pi+,1,1,1
4905,0,null,0,0,0
4906,0,null,0,0,0
4907,0,null,0,0,0
4908,0,null,0,0,0
4909,0,null,0,0,0
4910,0,null,0,0,0
4911,0,null,0,0,0
4912,0,null,0,0,0
4913,0,null,0,0,0
4914,0,null,0,0,0
4915,0,null,0,0,0
4916,0,null,0,0,0
4917,0,null,0,0,0
4918,0,null,0,0,0
4919,0,null,0,0,0
4920,0,null,0,0,0
4921,0,null,0,0,0
4922,0,null,0,0,0
4923,0,null,0,0,0
4924,0,null,0,0,0
4925,0,null,0,0,0
4926,0,null,0,0,0
4927,0,null,0,0,0
4928,0,null,0,0,0
4929,0,null,0,0,0
4930,1,primary_proton,1,1,1
4931,0,null,0,0,0
4932,0,null,0,0,0
4933,0,null,0,0,0
4934,0,null,0,0,0
4936,0,null,0,0,0
4937,0,null,0,0,0
4938,0,null,0,0,0
4939,0,null,0,0,0
4940,0,null,0,0,0
4941,0,null,0,0,0
4942,6,pi-,1,1,1
4943,0,null,0,0,0
4944,0,null,0,0,0
4945,0,null,0,0,0
4946,0,null,0,0,0
4947,0,null,0,0,0
4948,0,null,0,0,0
4949,1,primary_proton,1,1,1
4950,0,null,0,0,0
4951,0,null,0,0,0
4952,0,null,0,0,0
4953,0,null,0,0,0
4954,0,null,0,0,0
4955,0,null,0,0,0
4956,0,null,0,0,0
4957,0,null,0,0,0
4958,0,null,0,0,0
4959,0,null,0,0,0
4960,0,null,0,0,0
4961,0,null,0,0,0
4962,0,null,0,0,0
4963,0,null,0,0,0
4964,0,null,0,0,0
4965,1,primary_proton,1,1,1
4966,0,null,0,0,0
4967,0,null,0,0,0
4968,0,null,0,0,0
4969,0,null,0,0,0
4970,0,null,0,0,0
4971,0,null,0,0,0
4972,0,null,0,0,0
4973,0,null,0,0,0
4974,3,secondary_proton,1,1,1
4975,1,primary_proton,1,1,1
4976,0,null,0,0,0
4977,0,null,0,0,0
4978,0,null,0,0,0
4979,0,null,0,0,0
4980,0,null,0,0,0
4981,0,null,0,0,0
4982,0,null,0,0,0
4983,0,null,0,0,0
4984,0,null,0,0,0
4985,9,pi-,1,1,1
4986,0,null,0,0,0
4987,0,null,0,0,0
4988,0,null,0,0,0
4989,0,null,0,0,0
4990,0,null,0,0,0
4991,0,null,0,0,0
4992,0,null,0,0,0
4993,0,null,0,0,0
4994,0,null,0,0,0
4995,0,null,0,0,0
4996,0,null,0,0,0
4997,0,null,0,0,0
4998,0,null,0,0,0
4999,0,null,0,0,0
1,0,null,0,0,0
2,0,null,0,0,0
3,0,null,0,0,0
4,8,secondary_proton,1,1,1
5,1514,e-,1,0,0
6,0,null,0,0,0
7,0,null,0,0,0
8,0,null,0,0,0
9,0,null,0,0,0
10,0,null,0,0,0
11,0,null,0,0,0
12,0,null,0,0,0
13,3460,e-,1,0,1
14,0,null,0,0,0
15,1,primary_proton,1,1,1
16,0,null,0,0,0
17,0,null,0,0,0
18,0,null,0,0,0
19,0,null,0,0,0
20,0,null,0,0,0
21,0,null,0,0,0
22,0,null,0,0,0
23,0,null,0,0,0
24,0,null,0,0,0
25,0,null,0,0,0
26,0,null,0,0,0
27,0,null,0,0,0
28,0,null,0,0,0
29,1,primary_proton,1,1,1
30,0,null,0,0,0
31,0,null,0,0,0
32,0,null,0,0,0
33,0,null,0,0,0
34,0,null,0,0,0
35,0,null,0,0,0
36,0,null,0,0,0
37,0,null,0,0,0
38,0,null,0,0,0
39,0,null,0,0,0
40,0,null,0,0,0
41,0,null,0,0,0
42,0,null,0,0,0
43,0,null,0,0,0
44,0,null,0,0,0
45,0,null,0,0,0
46,0,null,0,0,0
47,0,null,0,0,0
48,0,null,0,0,0
49,16,kaon-,1,1,0
50,0,null,0,0,0
51,4,pi+,1,1,1
52,1,primary_proton,1,1,1
53,0,null,0,0,0
54,0,null,0,0,0
55,0,null,0,0,0
56,0,null,0,0,0
57,0,null,0,0,0
58,1,primary_proton,1,1,1
59,0,null,0,0,0
60,0,null,0,0,0
61,0,null,0,0,0
62,0,null,0,0,0
63,0,null,0,0,0
64,0,null,0,0,0
65,0,null,0,0,0
66,0,null,0,0,0
67,0,null,0,0,0
68,12,secondary_proton,1,1,1
69,0,null,0,0,0
70,0,null,0,0,0
71,0,null,0,0,0
72,0,null,0,0,0
73,0,null,0,0,0
74,0,null,0,0,0
75,0,null,0,0,0
76,0,null,0,0,0
77,0,null,0,0,0
78,0,null,0,0,0
79,0,null,0,0,0
80,0,null,0,0,0
81,0,null,0,0,0
82,0,null,0,0,0
83,0,null,0,0,0
84,0,null,0,0,0
85,0,null,0,0,0
86,0,null,0,0,0
87,0,null,0,0,0
88,0,null,0,0,0
89,0,null,0,0,0
90,0,null,0,0,0
91,1,primary_proton,1,1,1
92,0,null,0,0,0
93,0,null,0,0,0
94,0,null,0,0,0
95,0,null,0,0,0
96,0,null,0,0,0
97,0,null,0,0,0
98,11,pi-,1,1,0
99,0,null,0,0,0
100,0,null,0,0,0
101,0,null,0,0,0
102,0,null,0,0,0
103,0,null,0,0,0
104,0,null,0,0,0
105,0,null,0,0,0
106,0,null,0,0,0
107,0,null,0,0,0
108,0,null,0,0,0
109,0,null,0,0,0
110,0,null,0,0,0
111,0,null,0,0,0
112,0,null,0,0,0
113,0,null,0,0,0
114,0,null,0,0,0
115,0,null,0,0,0
116,0,null,0,0,0
117,0,null,0,0,0
118,0,null,0,0,0
119,0,null,0,0,0
120,0,null,0,0,0
121,0,null,0,0,0
122,0,null,0,0,0
123,0,null,0,0,0
124,13,kaon+,1,1,1
125,6,secondary_proton,1,1,1
126,0,null,0,0,0
127,0,null,0,0,0
128,1144,secondary_proton,1,1,1
129,0,null,0,0,0
130,1,primary_proton,1,1,1
131,0,null,0,0,0
132,0,null,0,0,0
133,0,null,0,0,0
134,0,null,0,0,0
135,0,null,0,0,0
136,0,null,0,0,0
137,0,null,0,0,0
138,0,null,0,0,0
139,0,null,0,0,0
140,0,null,0,0,0
141,0,null,0,0,0
142,0,null,0,0,0
143,0,null,0,0,0
144,0,null,0,0,0
145,0,null,0,0,0
146,0,null,0,0,0
147,1,primary_proton,1,1,1
148,0,null,0,0,0
149,0,null,0,0,0
150,0,null,0,0,0
151,0,null,0,0,0
152,0,null,0,0,0
153,0,null,0,0,0
154,0,null,0,0,0
155,4,secondary_proton,1,1,1
156,0,null,0,0,0
157,0,null,0,0,0
158,0,null,0,0,0
159,0,null,0,0,0
160,0,null,0,0,0
161,0,null,0,0,0
162,0,null,0,0,0
163,0,null,0,0,0
164,21,pi+,1,1,1
165,0,null,0,0,0
166,0,null,0,0,0
167,0,null,0,0,0
168,0,null,0,0,0
169,0,null,0,0,0
170,0,null,0,0,0
171,0,null,0,0,0
172,0,null,0,0,0
173,0,null,0,0,0
174,0,null,0,0,0
175,8,pi+,1,1,1
176,0,null,0,0,0
177,0,null,0,0,0
178,0,null,0,0,0
179,0,null,0,0,0
180,0,null,0,0,0
181,0,null,0,0,0
182,0,null,0,0,0
183,0,null,0,0,0
184,0,null,0,0,0
185,0,null,0,0,0
186,0,null,0,0,0
187,0,null,0,0,0
188,6,pi+,1,1,1
189,0,null,0,0,0
190,0,null,0,0,0
191,0,null,0,0,0
192,0,null,0,0,0
193,0,null,0,0,0
194,0,null,0,0,0
195,0,null,0,0,0
196,0,null,0,0,0
197,0,null,0,0,0
198,0,null,0,0,0
199,0,null,0,0,0
200,0,null,0,0,0
201,0,null,0,0,0
202,0,null,0,0,0
203,0,null,0,0,0
204,0,null,0,0,0
205,0,null,0,0,0
206,0,null,0,0,0
207,0,null,0,0,0
208,0,null,0,0,0
209,0,null,0,0,0
210,0,null,0,0,0
211,0,null,0,0,0
212,0,null,0,0,0
213,0,null,0,0,0
214,0,null,0,0,0
215,0,null,0,0,0
216,0,null,0,0,0
217,0,null,0,0,0
218,1,primary_proton,1,1,1
219,0,null,0,0,0
220,0,null,0,0,0
221,0,null,0,0,0
222,0,null,0,0,0
223,0,null,0,0,0
224,0,null,0,0,0
225,2248,secondary_proton,1,1,0
226,0,null,0,0,0
227,0,null,0,0,0
228,0,null,0,0,0
229,3163,secondary_proton,1,1,1
230,0,null,0,0,0
231,0,null,0,0,0
232,0,null,0,0,0
233,0,null,0,0,0
234,0,null,0,0,0
235,0,null,0,0,0
237,0,null,0,0,0
238,0,null,0,0,0
239,0,null,0,0,0
240,0,null,0,0,0
241,0,null,0,0,0
242,0,null,0,0,0
243,0,null,0,0,0
244,0,null,0,0,0
245,0,null,0,0,0
246,0,null,0,0,0
247,0,null,0,0,0
248,0,null,0,0,0
249,9,pi-,1,1,1
250,0,null,0,0,0
251,0,null,0,0,0
252,0,null,0,0,0
253,0,null,0,0,0
254,3615,e-,1,0,0
255,0,null,0,0,0
256,0,null,0,0,0
257,0,null,0,0,0
258,0,null,0,0,0
259,0,null,0,0,0
260,0,null,0,0,0
261,0,null,0,0,0
262,0,null,0,0,0
263,0,null,0,0,0
264,0,null,0,0,0
265,0,null,0,0,0
266,0,null,0,0,0
267,0,null,0,0,0
268,1,primary_proton,1,1,1
269,0,null,0,0,0
270,0,null,0,0,0
271,0,null,0,0,0
272,1,primary_proton,1,1,1
273,0,null,0,0,0
274,0,null,0,0,0
275,0,null,0,0,0
276,0,null,0,0,0
277,0,null,0,0,0
278,0,null,0,0,0
279,0,null,0,0,0
280,0,null,0,0,0
281,1,primary_proton,1,1,1
282,0,null,0,0,0
283,3028,e-,0,0,1
284,0,null,0,0,0
285,0,null,0,0,0
286,0,null,0,0,0
287,0,null,0,0,0
288,0,null,0,0,0
289,0,null,0,0,0
290,0,null,0,0,0
291,0,null,0,0,0
292,0,null,0,0,0
293,0,null,0,0,0
294,4,secondary_proton,1,1,0
295,0,null,0,0,0
296,0,null,0,0,0
297,0,null,0,0,0
298,0,null,0,0,0
299,598,secondary_proton,1,1,1
300,0,null,0,0,0
301,0,null,0,0,0
302,0,null,0,0,0
303,0,null,0,0,0
304,7172,pi+,1,0,0
305,0,null,0,0,0
306,0,null,0,0,0
307,0,null,0,0,0
308,0,null,0,0,0
309,0,null,0,0,0
310,0,null,0,0,0
311,0,null,0,0,0
312,0,null,0,0,0
313,0,null,0,0,0
314,0,null,0,0,0
315,0,null,0,0,0
316,0,null,0,0,0
317,0,null,0,0,0
318,0,null,0,0,0
319,0,null,0,0,0
320,0,null,0,0,0
321,0,null,0,0,0
322,0,null,0,0,0
323,0,null,0,0,0
324,0,null,0,0,0
325,4,kaon+,1,1,1
326,0,null,0,0,0
327,0,null,0,0,0
328,0,null,0,0,0
329,0,null,0,0,0
330,0,null,0,0,0
331,0,null,0,0,0
332,0,null,0,0,0
333,0,null,0,0,0
334,0,null,0,0,0
335,0,null,0,0,0
336,0,null,0,0,0
337,0,null,0,0,0
338,0,null,0,0,0
339,0,null,0,0,0
340,0,null,0,0,0
341,0,null,0,0,0
342,0,null,0,0,0
343,0,null,0,0,0
344,11,pi+,1,1,1
345,11,pi-,1,1,1
346,0,null,0,0,0
347,0,null,0,0,0
348,0,null,0,0,0
349,0,null,0,0,0
350,0,null,0,0,0
351,0,null,0,0,0
352,0,null,0,0,0
353,0,null,0,0,0
354,0,null,0,0,0
355,0,null,0,0,0
356,0,null,0,0,0
357,0,null,0,0,0
358,0,null,0,0,0
359,0,null,0,0,0
360,0,null,0,0,0
361,0,null,0,0,0
362,0,null,0,0,0
363,0,null,0,0,0
364,0,null,0,0,0
365,0,null,0,0,0
366,0,null,0,0,0
367,0,null,0,0,0
368,0,null,0,0,0
369,0,null,0,0,0
370,3,pi+,1,1,1
371,0,null,0,0,0
372,0,null,0,0,0
373,0,null,0,0,0
374,0,null,0,0,0
375,0,null,0,0,0
376,0,null,0,0,0
377,0,null,0,0,0
378,0,null,0,0,0
379,0,null,0,0,0
380,0,null,0,0,0
381,0,null,0,0,0
382,13,secondary_proton,1,1,1
383,0,null,0,0,0
384,0,null,0,0,0
385,0,null,0,0,0
386,0,null,0,0,0
387,0,null,0,0,0
388,0,null,0,0,0
389,0,null,0,0,0
390,0,null,0,0,0
391,0,null,0,0,0
392,0,null,0,0,0
393,0,null,0,0,0
394,0,null,0,0,0
395,0,null,0,0,0
396,0,null,0,0,0
397,0,null,0,0,0
398,0,null,0,0,0
399,0,null,0,0,0
400,0,null,0,0,0
401,0,null,0,0,0
402,0,null,0,0,0
403,0,null,0,0,0
404,0,null,0,0,0
405,0,null,0,0,0
406,0,null,0,0,0
407,0,null,0,0,0
408,8,pi+,1,1,0
409,0,null,0,0,0
410,0,null,0,0,0
411,0,null,0,0,0
412,0,null,0,0,0
413,0,null,0,0,0
414,0,null,0,0,0
415,0,null,0,0,0
416,0,null,0,0,0
417,0,null,0,0,0
418,1587,e-,1,0,0
419,1,primary_proton,1,1,1
420,0,null,0,0,0
421,0,null,0,0,0
422,0,null,0,0,0
423,0,null,0,0,0
424,0,null,0,0,0
425,0,null,0,0,0
426,0,null,0,0,0
427,0,null,0,0,0
428,0,null,0,0,0
429,0,null,0,0,0
430,0,null,0,0,0
431,0,null,0,0,0
432,0,null,0,0,0
433,0,null,0,0,0
434,0,null,0,0,0
435,0,null,0,0,0
436,0,null,0,0,0
437,0,null,0,0,0
438,0,null,0,0,0
439,0,null,0,0,0
440,0,null,0,0,0
441,0,null,0,0,0
442,0,null,0,0,0
443,0,null,0,0,0
444,35,pi+,1,0,0
445,0,null,0,0,0
446,0,null,0,0,0
447,0,null,0,0,0
448,0,null,0,0,0
449,0,null,0,0,0
450,0,null,0,0,0
451,0,null,0,0,0
452,0,null,0,0,0
453,0,null,0,0,0
454,0,null,0,0,0
455,0,null,0,0,0
456,0,null,0,0,0
457,0,null,0,0,0
458,0,null,0,0,0
459,0,null,0,0,0
460,0,null,0,0,0
461,0,null,0,0,0
462,0,null,0,0,0
463,0,null,0,0,0
464,0,null,0,0,0
465,0,null,0,0,0
466,1,primary_proton,1,1,1
467,13,secondary_proton,1,1,1
468,0,null,0,0,0
469,0,null,0,0,0
470,0,null,0,0,0
472,0,null,0,0,0
473,0,null,0,0,0
474,0,null,0,0,0
475,0,null,0,0,0
476,0,null,0,0,0
477,0,null,0,0,0
478,0,null,0,0,0
479,0,null,0,0,0
480,0,null,0,0,0
481,0,null,0,0,0
482,0,null,0,0,0
483,0,null,0,0,0
484,0,null,0,0,0
485,0,null,0,0,0
486,0,null,0,0,0
487,0,null,0,0,0
488,0,null,0,0,0
489,0,null,0,0,0
490,0,null,0,0,0
491,0,null,0,0,0
492,0,null,0,0,0
493,0,null,0,0,0
494,0,null,0,0,0
495,0,null,0,0,0
496,0,null,0,0,0
497,1,primary_proton,1,1,1
498,0,null,0,0,0
499,1,primary_proton,1,1,1
500,0,null,0,0,0
501,0,null,0,0,0
502,0,null,0,0,0
503,0,null,0,0,0
504,0,null,0,0,0
505,25,pi-,1,1,1
506,0,null,0,0,0
507,0,null,0,0,0
508,0,null,0,0,0
509,0,null,0,0,0
510,0,null,0,0,0
511,0,null,0,0,0
512,0,null,0,0,0
513,0,null,0,0,0
514,0,null,0,0,0
515,0,null,0,0,0
516,0,null,0,0,0
517,0,null,0,0,0
518,0,null,0,0,0
519,0,null,0,0,0
520,0,null,0,0,0
521,0,null,0,0,0
522,0,null,0,0,0
523,0,null,0,0,0
524,6,secondary_proton,1,1,1
525,0,null,0,0,0
526,0,null,0,0,0
527,0,null,0,0,0
528,0,null,0,0,0
529,0,null,0,0,0
530,2999,secondary_proton,1,0,0
531,0,null,0,0,0
532,0,null,0,0,0
533,0,null,0,0,0
534,0,null,0,0,0
535,3669,secondary_proton,1,1,1
536,0,null,0,0,0
537,0,null,0,0,0
538,0,null,0,0,0
539,0,null,0,0,0
540,0,null,0,0,0
541,0,null,0,0,0
542,0,null,0,0,0
543,16,pi-,1,1,1
544,0,null,0,0,0
545,0,null,0,0,0
546,0,null,0,0,0
547,0,null,0,0,0
548,8,secondary_proton,1,1,1
549,0,null,0,0,0
550,0,null,0,0,0
551,0,null,0,0,0
552,0,null,0,0,0
553,0,null,0,0,0
554,0,null,0,0,0
555,0,null,0,0,0
556,0,null,0,0,0
557,0,null,0,0,0
558,0,null,0,0,0
559,0,null,0,0,0
560,0,null,0,0,0
561,1703,e-,1,0,0
562,0,null,0,0,0
563,0,null,0,0,0
564,0,null,0,0,0
565,0,null,0,0,0
566,0,null,0,0,0
567,0,null,0,0,0
568,0,null,0,0,0
569,0,null,0,0,0
570,0,null,0,0,0
571,0,null,0,0,0
572,0,null,0,0,0
573,0,null,0,0,0
574,0,null,0,0,0
575,0,null,0,0,0
576,0,null,0,0,0
577,2,pi-,1,0,0
578,0,null,0,0,0
579,0,null,0,0,0
580,0,null,0,0,0
581,0,null,0,0,0
582,0,null,0,0,0
583,0,null,0,0,0
584,0,null,0,0,0
585,0,null,0,0,0
586,0,null,0,0,0
587,0,null,0,0,0
588,0,null,0,0,0
589,0,null,0,0,0
590,0,null,0,0,0
591,0,null,0,0,0
592,0,null,0,0,0
593,0,null,0,0,0
594,0,null,0,0,0
595,0,null,0,0,0
596,8,secondary_proton,1,1,0
597,10,pi-,1,1,1
598,0,null,0,0,0
599,0,null,0,0,0
600,0,null,0,0,0
601,0,null,0,0,0
602,0,null,0,0,0
603,0,null,0,0,0
604,0,null,0,0,0
605,0,null,0,0,0
606,0,null,0,0,0
607,0,null,0,0,0
608,1,primary_proton,1,1,1
609,0,null,0,0,0
610,0,null,0,0,0
611,0,null,0,0,0
612,0,null,0,0,0
613,0,null,0,0,0
614,0,null,0,0,0
615,0,null,0,0,0
616,0,null,0,0,0
617,0,null,0,0,0
618,0,null,0,0,0
619,0,null,0,0,0
620,0,null,0,0,0
621,0,null,0,0,0
622,0,null,0,0,0
623,0,null,0,0,0
624,0,null,0,0,0
625,0,null,0,0,0
626,0,null,0,0,0
627,1,primary_proton,1,1,1
628,0,null,0,0,0
629,0,null,0,0,0
630,0,null,0,0,0
631,0,null,0,0,0
632,0,null,0,0,0
633,0,null,0,0,0
634,0,null,0,0,0
635,0,null,0,0,0
636,0,null,0,0,0
637,0,null,0,0,0
638,0,null,0,0,0
639,0,null,0,0,0
640,0,null,0,0,0
641,0,null,0,0,0
642,0,null,0,0,0
643,0,null,0,0,0
644,0,null,0,0,0
645,0,null,0,0,0
646,0,null,0,0,0
647,0,null,0,0,0
648,0,null,0,0,0
649,0,null,0,0,0
650,0,null,0,0,0
651,0,null,0,0,0
652,0,null,0,0,0
653,0,null,0,0,0
654,0,null,0,0,0
655,0,null,0,0,0
656,0,null,0,0,0
657,0,null,0,0,0
658,0,null,0,0,0
659,0,null,0,0,0
660,5,secondary_proton,1,1,1
661,1,primary_proton,1,1,1
662,7,pi-,1,0,0
663,0,null,0,0,0
664,0,null,0,0,0
665,0,null,0,0,0
666,0,null,0,0,0
667,0,null,0,0,0
668,0,null,0,0,0
669,0,null,0,0,0
670,0,null,0,0,0
671,0,null,0,0,0
672,0,null,0,0,0
673,0,null,0,0,0
674,0,null,0,0,0
675,0,null,0,0,0
676,0,null,0,0,0
677,1,primary_proton,1,1,1
678,0,null,0,0,0
679,0,null,0,0,0
680,0,null,0,0,0
681,0,null,0,0,0
682,15,pi-,1,1,1
683,0,null,0,0,0
684,0,null,0,0,0
685,0,null,0,0,0
686,0,null,0,0,0
687,22,pi+,1,1,1
688,0,null,0,0,0
689,0,null,0,0,0
690,0,null,0,0,0
691,0,null,0,0,0
692,0,null,0,0,0
693,0,null,0,0,0
694,115,pi-,1,1,1
695,0,null,0,0,0
696,0,null,0,0,0
697,0,null,0,0,0
698,0,null,0,0,0
699,0,null,0,0,0
700,0,null,0,0,0
701,0,null,0,0,0
702,0,null,0,0,0
703,0,null,0,0,0
705,0,null,0,0,0
706,0,null,0,0,0
707,0,null,0,0,0
708,0,null,0,0,0
709,0,null,0,0,0
710,0,null,0,0,0
711,0,null,0,0,0
712,0,null,0,0,0
713,0,null,0,0,0
714,2671,secondary_proton,1,0,0
715,0,null,0,0,0
716,0,null,0,0,0
717,0,null,0,0,0
718,0,null,0,0,0
719,0,null,0,0,0
720,0,null,0,0,0
721,0,null,0,0,0
722,0,null,0,0,0
723,0,null,0,0,0
724,0,null,0,0,0
725,0,null,0,0,0
726,1,primary_proton,1,1,1
727,0,null,0,0,0
728,0,null,0,0,0
729,0,null,0,0,0
730,1,primary_proton,1,1,1
731,0,null,0,0,0
732,0,null,0,0,0
733,0,null,0,0,0
734,0,null,0,0,0
735,0,null,0,0,0
736,1,primary_proton,1,1,1
737,0,null,0,0,0
738,0,null,0,0,0
739,0,null,0,0,0
740,0,null,0,0,0
741,0,null,0,0,0
742,0,null,0,0,0
743,0,null,0,0,0
744,0,null,0,0,0
745,0,null,0,0,0
746,0,null,0,0,0
747,0,null,0,0,0
748,0,null,0,0,0
749,0,null,0,0,0
750,0,null,0,0,0
751,0,null,0,0,0
752,14,pi-,1,1,1
753,0,null,0,0,0
754,0,null,0,0,0
755,0,null,0,0,0
756,0,null,0,0,0
757,0,null,0,0,0
758,0,null,0,0,0
759,0,null,0,0,0
760,0,null,0,0,0
761,0,null,0,0,0
762,0,null,0,0,0
763,0,null,0,0,0
764,0,null,0,0,0
765,1,primary_proton,1,1,1
766,0,null,0,0,0
767,0,null,0,0,0
768,0,null,0,0,0
769,0,null,0,0,0
770,0,null,0,0,0
771,0,null,0,0,0
772,0,null,0,0,0
773,0,null,0,0,0
774,0,null,0,0,0
775,0,null,0,0,0
776,1,primary_proton,1,1,1
777,0,null,0,0,0
778,0,null,0,0,0
779,0,null,0,0,0
780,0,null,0,0,0
781,0,null,0,0,0
782,0,null,0,0,0
783,0,null,0,0,0
784,0,null,0,0,0
785,0,null,0,0,0
786,0,null,0,0,0
787,1,primary_proton,1,1,1
788,0,null,0,0,0
789,0,null,0,0,0
790,0,null,0,0,0
791,0,null,0,0,0
792,0,null,0,0,0
793,0,null,0,0,0
794,0,null,0,0,0
795,0,null,0,0,0
796,0,null,0,0,0
797,0,null,0,0,0
798,0,null,0,0,0
799,0,null,0,0,0
800,0,null,0,0,0
801,0,null,0,0,0
802,0,null,0,0,0
803,0,null,0,0,0
804,0,null,0,0,0
805,1,primary_proton,1,1,1
806,0,null,0,0,0
807,0,null,0,0,0
808,0,null,0,0,0
809,0,null,0,0,0
810,0,null,0,0,0
811,0,null,0,0,0
812,0,null,0,0,0
813,0,null,0,0,0
814,0,null,0,0,0
815,11,secondary_proton,1,1,1
816,0,null,0,0,0
817,1,primary_proton,1,1,1
818,0,null,0,0,0
819,9,pi-,1,1,1
820,0,null,0,0,0
821,7,secondary_proton,1,1,1
822,0,null,0,0,0
823,0,null,0,0,0
824,0,null,0,0,0
825,0,null,0,0,0
826,0,null,0,0,0
827,0,null,0,0,0
828,5,secondary_proton,1,1,1
829,0,null,0,0,0
830,0,null,0,0,0
831,0,null,0,0,0
832,0,null,0,0,0
833,0,null,0,0,0
834,0,null,0,0,0
835,0,null,0,0,0
836,0,null,0,0,0
837,0,null,0,0,0
838,0,null,0,0,0
839,0,null,0,0,0
840,0,null,0,0,0
841,0,null,0,0,0
842,0,null,0,0,0
843,0,null,0,0,0
844,0,null,0,0,0
845,0,null,0,0,0
846,0,null,0,0,0
847,0,null,0,0,0
848,11527,secondary_proton,1,1,1
849,1,primary_proton,1,1,1
850,0,null,0,0,0
851,0,null,0,0,0
852,0,null,0,0,0
853,0,null,0,0,0
854,8,secondary_proton,1,0,0
855,0,null,0,0,0
856,0,null,0,0,0
857,0,null,0,0,0
858,0,null,0,0,0
859,0,null,0,0,0
860,0,null,0,0,0
861,0,null,0,0,0
862,0,null,0,0,0
863,0,null,0,0,0
864,0,null,0,0,0
865,0,null,0,0,0
866,0,null,0,0,0
867,0,null,0,0,0
868,0,null,0,0,0
869,0,null,0,0,0
870,0,null,0,0,0
871,0,null,0,0,0
872,0,null,0,0,0
873,0,null,0,0,0
874,0,null,0,0,0
875,0,null,0,0,0
876,0,null,0,0,0
877,0,null,0,0,0
878,0,null,0,0,0
879,0,null,0,0,0
880,0,null,0,0,0
881,0,null,0,0,0
882,0,null,0,0,0
883,0,null,0,0,0
884,0,null,0,0,0
885,0,null,0,0,0
886,0,null,0,0,0
887,0,null,0,0,0
888,0,null,0,0,0
889,0,null,0,0,0
890,25,pi-,1,0,1
891,0,null,0,0,0
892,0,null,0,0,0
893,0,null,0,0,0
894,0,null,0,0,0
895,0,null,0,0,0
896,0,null,0,0,0
897,0,null,0,0,0
898,0,null,0,0,0
899,0,null,0,0,0
900,0,null,0,0,0
901,0,null,0,0,0
902,0,null,0,0,0
903,0,null,0,0,0
904,0,null,0,0,0
905,0,null,0,0,0
906,0,null,0,0,0
907,0,null,0,0,0
908,0,null,0,0,0
909,0,null,0,0,0
910,0,null,0,0,0
911,0,null,0,0,0
912,1776,e-,1,1,1
913,0,null,0,0,0
914,0,null,0,0,0
915,10,secondary_proton,1,1,1
916,0,null,0,0,0
917,0,null,0,0,0
918,0,null,0,0,0
919,0,null,0,0,0
920,0,null,0,0,0
921,0,null,0,0,0
922,0,null,0,0,0
923,0,null,0,0,0
924,0,null,0,0,0
925,14,pi+,1,1,1
926,0,null,0,0,0
927,0,null,0,0,0
928,0,null,0,0,0
929,0,null,0,0,0
930,0,null,0,0,0
931,0,null,0,0,0
932,0,null,0,0,0
934,0,null,0,0,0
935,0,null,0,0,0
936,0,null,0,0,0
937,0,null,0,0,0
938,0,null,0,0,0
939,0,null,0,0,0
940,0,null,0,0,0
941,0,null,0,0,0
942,0,null,0,0,0
943,0,null,0,0,0
944,0,null,0,0,0
945,0,null,0,0,0
946,0,null,0,0,0
947,0,null,0,0,0
948,0,null,0,0,0
949,0,null,0,0,0
950,0,null,0,0,0
951,0,null,0,0,0
952,0,null,0,0,0
953,0,null,0,0,0
954,1,primary_proton,1,1,1
955,0,null,0,0,0
956,0,null,0,0,0
957,0,null,0,0,0
958,0,null,0,0,0
959,0,null,0,0,0
960,274,pi+,1,1,1
961,0,null,0,0,0
962,0,null,0,0,0
963,0,null,0,0,0
964,0,null,0,0,0
965,0,null,0,0,0
966,1,primary_proton,1,1,1
967,0,null,0,0,0
968,4,secondary_proton,1,1,1
969,0,null,0,0,0
970,0,null,0,0,0
971,0,null,0,0,0
972,0,null,0,0,0
973,0,null,0,0,0
974,0,null,0,0,0
975,0,null,0,0,0
976,0,null,0,0,0
977,0,null,0,0,0
978,0,null,0,0,0
979,0,null,0,0,0
980,0,null,0,0,0
981,0,null,0,0,0
982,0,null,0,0,0
983,0,null,0,0,0
984,0,null,0,0,0
985,0,null,0,0,0
986,1,primary_proton,1,1,1
987,0,null,0,0,0
988,0,null,0,0,0
989,0,null,0,0,0
990,0,null,0,0,0
991,0,null,0,0,0
992,0,null,0,0,0
993,0,null,0,0,0
994,0,null,0,0,0
995,0,null,0,0,0
996,0,null,0,0,0
997,10,secondary_proton,1,1,1
998,0,null,0,0,0
999,0,null,0,0,0
1000,0,null,0,0,0
1001,0,null,0,0,0
1002,0,null,0,0,0
1003,7,secondary_proton,1,1,1
1004,0,null,0,0,0
1005,0,null,0,0,0
1006,0,null,0,0,0
1007,0,null,0,0,0
1008,1,primary_proton,1,1,1
1009,0,null,0,0,0
1010,0,null,0,0,0
1011,0,null,0,0,0
1012,0,null,0,0,0
1013,0,null,0,0,0
1014,0,null,0,0,0
1015,0,null,0,0,0
1016,0,null,0,0,0
1017,1,primary_proton,1,1,1
1018,0,null,0,0,0
1019,0,null,0,0,0
1020,0,null,0,0,0
1021,0,null,0,0,0
1022,0,null,0,0,0
1023,1,primary_proton,1,1,1
1024,1,primary_proton,1,1,1
1025,0,null,0,0,0
1026,0,null,0,0,0
1027,0,null,0,0,0
1028,0,null,0,0,0
1029,0,null,0,0,0
1030,1,primary_proton,1,1,1
1031,0,null,0,0,0
1032,0,null,0,0,0
1033,0,null,0,0,0
1034,0,null,0,0,0
1035,0,null,0,0,0
1036,0,null,0,0,0
1037,0,null,0,0,0
1038,0,null,0,0,0
1039,530,secondary_proton,1,1,1
1040,0,null,0,0,0
1041,0,null,0,0,0
1042,0,null,0,0,0
1043,176,secondary_proton,1,1,1
1044,0,null,0,0,0
1045,0,null,0,0,0
1046,0,null,0,0,0
1047,0,null,0,0,0
1048,0,null,0,0,0
1049,0,null,0,0,0
1050,0,null,0,0,0
1051,0,null,0,0,0
1052,0,null,0,0,0
1053,0,null,0,0,0
1054,0,null,0,0,0
1055,10,pi+,1,1,1
1056,0,null,0,0,0
1057,0,null,0,0,0
1058,1,primary_proton,1,1,1
1059,0,null,0,0,0
1060,0,null,0,0,0
1061,0,null,0,0,0
1062,0,null,0,0,0
1063,0,null,0,0,0
1064,0,null,0,0,0
1065,0,null,0,0,0
1066,0,null,0,0,0
1067,0,null,0,0,0
1068,0,null,0,0,0
1069,0,null,0,0,0
1070,0,null,0,0,0
1071,0,null,0,0,0
1072,0,null,0,0,0
1073,0,null,0,0,0
1074,0,null,0,0,0
1075,0,null,0,0,0
1076,0,null,0,0,0
1077,0,null,0,0,0
1078,0,null,0,0,0
1079,0,null,0,0,0
1080,0,null,0,0,0
1081,0,null,0,0,0
1082,0,null,0,0,0
1083,0,null,0,0,0
1084,0,null,0,0,0
1085,0,null,0,0,0
1086,0,null,0,0,0
1087,0,null,0,0,0
1088,0,null,0,0,0
1089,0,null,0,0,0
1090,0,null,0,0,0
1091,0,null,0,0,0
1092,0,null,0,0,0
1093,11,secondary_proton,1,1,1
1094,0,null,0,0,0
1095,0,null,0,0,0
1096,0,null,0,0,0
1097,0,null,0,0,0
1098,0,null,0,0,0
1099,0,null,0,0,0
1100,0,null,0,0,0
1101,0,null,0,0,0
1102,0,null,0,0,0
1103,0,null,0,0,0
1104,0,null,0,0,0
1105,0,null,0,0,0
1106,0,null,0,0,0
1107,0,null,0,0,0
1108,0,null,0,0,0
1109,0,null,0,0,0
1110,0,null,0,0,0
1111,0,null,0,0,0
1112,0,null,0,0,0
1113,0,null,0,0,0
1114,0,null,0,0,0
1115,0,null,0,0,0
1116,0,null,0,0,0
1117,0,null,0,0,0
1118,0,null,0,0,0
1119,1824,e-,1,0,0
1120,0,null,0,0,0
1121,0,null,0,0,0
1122,4415,e-,1,0,0
1123,0,null,0,0,0
1124,0,null,0,0,0
1125,0,null,0,0,0
1126,0,null,0,0,0
1127,0,null,0,0,0
1128,31,pi+,1,1,1
1129,0,null,0,0,0
1130,0,null,0,0,0
1131,8,pi+,1,1,1
1132,0,null,0,0,0
1133,0,null,0,0,0
1134,0,null,0,0,0
1135,0,null,0,0,0
1136,0,null,0,0,0
1137,0,null,0,0,0
1138,0,null,0,0,0
1139,0,null,0,0,0
1140,0,null,0,0,0
1141,0,null,0,0,0
1142,0,null,0,0,0
1143,0,null,0,0,0
1144,0,null,0,0,0
1145,0,null,0,0,0
1146,0,null,0,0,0
1147,0,null,0,0,0
1148,0,null,0,0,0
1149,0,null,0,0,0
1150,0,null,0,0,0
1151,0,null,0,0,0
1152,0,null,0,0,0
1153,0,null,0,0,0
1154,0,null,0,0,0
1156,0,null,0,0,0
1157,0,null,0,0,0
1158,0,null,0,0,0
1159,0,null,0,0,0
1160,0,null,0,0,0
1161,0,null,0,0,0
1162,0,null,0,0,0
1163,0,null,0,0,0
1164,0,null,0,0,0
1165,0,null,0,0,0
1166,0,null,0,0,0
1167,0,null,0,0,0
1168,0,null,0,0,0
1169,5,secondary_proton,1,1,1
1170,0,null,0,0,0
1171,0,null,0,0,0
1172,166,secondary_proton,1,1,1
1173,0,null,0,0,0
1174,0,null,0,0,0
1175,0,null,0,0,0
1176,0,null,0,0,0
1177,0,null,0,0,0
1178,0,null,0,0,0
1179,0,null,0,0,0
1180,0,null,0,0,0
1181,0,null,0,0,0
1182,0,null,0,0,0
1183,0,null,0,0,0
1184,0,null,0,0,0
1185,0,null,0,0,0
1186,0,null,0,0,0
1187,0,null,0,0,0
1188,0,null,0,0,0
1189,0,null,0,0,0
1190,0,null,0,0,0
1191,4,pi+,1,1,1
1192,0,null,0,0,0
1193,0,null,0,0,0
1194,0,null,0,0,0
1195,0,null,0,0,0
1196,0,null,0,0,0
1197,0,null,0,0,0
1198,0,null,0,0,0
1199,0,null,0,0,0
1200,0,null,0,0,0
1201,1,primary_proton,1,1,1
1202,0,null,0,0,0
1203,0,null,0,0,0
1204,0,null,0,0,0
1205,0,null,0,0,0
1206,0,null,0,0,0
1207,0,null,0,0,0
1208,1401,secondary_proton,1,1,0
1209,0,null,0,0,0
1210,0,null,0,0,0
1211,1,primary_proton,1,1,1
1212,0,null,0,0,0
1213,2,secondary_proton,1,1,1
1214,0,null,0,0,0
1215,0,null,0,0,0
1216,0,null,0,0,0
1217,0,null,0,0,0
1218,0,null,0,0,0
1219,1,primary_proton,1,1,1
1220,0,null,0,0,0
1221,0,null,0,0,0
1222,0,null,0,0,0
1223,0,null,0,0,0
1224,0,null,0,0,0
1225,0,null,0,0,0
1226,0,null,0,0,0
1227,0,null,0,0,0
1228,0,null,0,0,0
1229,0,null,0,0,0
1230,0,null,0,0,0
1231,0,null,0,0,0
1232,0,null,0,0,0
1233,0,null,0,0,0
1234,0,null,0,0,0
1235,0,null,0,0,0
1236,0,null,0,0,0
1237,0,null,0,0,0
1238,0,null,0,0,0
1239,0,null,0,0,0
1240,0,null,0,0,0
1241,0,null,0,0,0
1242,0,null,0,0,0
1243,3284,e-,1,1,1
1244,0,null,0,0,0
1245,0,null,0,0,0
1246,0,null,0,0,0
1247,0,null,0,0,0
1248,0,null,0,0,0
1249,0,null,0,0,0
1250,0,null,0,0,0
1251,0,null,0,0,0
1252,0,null,0,0,0
1253,0,null,0,0,0
1254,0,null,0,0,0
1255,1,primary_proton,1,1,1
1256,0,null,0,0,0
1257,0,null,0,0,0
1258,0,null,0,0,0
1259,0,null,0,0,0
1260,1,primary_proton,1,1,1
1261,0,null,0,0,0
1262,0,null,0,0,0
1263,0,null,0,0,0
1264,1,primary_proton,1,1,1
1265,0,null,0,0,0
1266,0,null,0,0,0
1267,0,null,0,0,0
1268,0,null,0,0,0
1269,0,null,0,0,0
1270,0,null,0,0,0
1271,0,null,0,0,0
1272,0,null,0,0,0
1273,0,null,0,0,0
1274,0,null,0,0,0
1275,0,null,0,0,0
1276,0,null,0,0,0
1277,0,null,0,0,0
1278,0,null,0,0,0
1279,0,null,0,0,0
1280,0,null,0,0,0
1281,0,null,0,0,0
1282,0,null,0,0,0
1283,0,null,0,0,0
1284,0,null,0,0,0
1285,0,null,0,0,0
1286,0,null,0,0,0
1287,0,null,0,0,0
1288,0,null,0,0,0
1289,0,null,0,0,0
1290,0,null,0,0,0
1291,0,null,0,0,0
1292,0,null,0,0,0
1293,0,null,0,0,0
1294,0,null,0,0,0
1295,0,null,0,0,0
1296,13,pi+,1,1,1
1297,0,null,0,0,0
1298,0,null,0,0,0
1299,0,null,0,0,0
1300,0,null,0,0,0
1301,0,null,0,0,0
1302,0,null,0,0,0
1303,0,null,0,0,0
1304,0,null,0,0,0
1305,0,null,0,0,0
1306,0,null,0,0,0
1307,0,null,0,0,0
1308,0,null,0,0,0
1309,1,primary_proton,1,1,1
1310,0,null,0,0,0
1311,0,null,0,0,0
1312,0,null,0,0,0
1313,0,null,0,0,0
1314,271,secondary_proton,1,1,1
1315,0,null,0,0,0
1316,0,null,0,0,0
1317,0,null,0,0,0
1318,0,null,0,0,0
1319,0,null,0,0,0
1320,0,null,0,0,0
1321,0,null,0,0,0
1322,0,null,0,0,0
1323,0,null,0,0,0
1324,0,null,0,0,0
1325,0,null,0,0,0
1326,0,null,0,0,0
1327,0,null,0,0,0
1328,0,null,0,0,0
1329,0,null,0,0,0
1330,0,null,0,0,0
1331,0,null,0,0,0
1332,0,null,0,0,0
1333,0,null,0,0,0
1334,0,null,0,0,0
1335,0,null,0,0,0
1336,0,null,0,0,0
1337,0,null,0,0,0
1338,0,null,0,0,0
1339,0,null,0,0,0
1340,12,pi+,1,1,1
1341,0,null,0,0,0
1342,0,null,0,0,0
1343,0,null,0,0,0
1344,0,null,0,0,0
1345,0,null,0,0,0
1346,0,null,0,0,0
1347,13,pi+,1,1,1
1348,0,null,0,0,0
1349,0,null,0,0,0
1350,18,pi+,1,1,1
1351,0,null,0,0,0
1352,0,null,0,0,0
1353,0,null,0,0,0
1354,1,primary_proton,1,1,1
1355,0,null,0,0,0
1356,11,pi-,1,1,1
1357,0,null,0,0,0
1358,0,null,0,0,0
1359,0,null,0,0,0
1360,0,null,0,0,0
1361,0,null,0,0,0
1362,0,null,0,0,0
1363,0,null,0,0,0
1364,0,null,0,0,0
1365,27,pi-,1,1,0
1366,0,null,0,0,0
1367,0,null,0,0,0
1368,0,null,0,0,0
1369,0,null,0,0,0
1370,1,primary_proton,1,1,1
1371,0,null,0,0,0
1372,0,null,0,0,0
1373,0,null,0,0,0
1375,0,null,0,0,0
1376,0,null,0,0,0
1377,0,null,0,0,0
1378,9,secondary_proton,1,1,1
1379,0,null,0,0,0
1380,0,null,0,0,0
1381,0,null,0,0,0
1382,0,null,0,0,0
1383,0,null,0,0,0
1384,0,null,0,0,0
1385,0,null,0,0,0
1386,0,null,0,0,0
1387,0,null,0,0,0
1388,0,null,0,0,0
1389,0,null,0,0,0
1390,0,null,0,0,0
1391,0,null,0,0,0
1392,0,null,0,0,0
1393,0,null,0,0,0
1394,0,null,0,0,0
1395,0,null,0,0,0
1396,1,primary_proton,1,1,1
1397,0,null,0,0,0
1398,0,null,0,0,0
1399,0,null,0,0,0
1400,0,null,0,0,0
1401,0,null,0,0,0
1402,0,null,0,0,0
1403,0,null,0,0,0
1404,0,null,0,0,0
1405,0,null,0,0,0
1406,0,null,0,0,0
1407,0,null,0,0,0
1408,0,null,0,0,0
1409,0,null,0,0,0
1410,0,null,0,0,0
1411,0,null,0,0,0
1412,0,null,0,0,0
1413,1,primary_proton,1,1,1
1414,0,null,0,0,0
1415,0,null,0,0,0
1416,0,null,0,0,0
1417,0,null,0,0,0
1418,0,null,0,0,0
1419,0,null,0,0,0
1420,0,null,0,0,0
1421,1801,pi+,1,1,0
1422,0,null,0,0,0
1423,0,null,0,0,0
1424,0,null,0,0,0
1425,11,pi+,1,1,1
1426,0,null,0,0,0
1427,0,null,0,0,0
1428,0,null,0,0,0
1429,0,null,0,0,0
1430,0,null,0,0,0
1431,0,null,0,0,0
1432,0,null,0,0,0
1433,0,null,0,0,0
1434,0,null,0,0,0
1435,0,null,0,0,0
1436,0,null,0,0,0
1437,0,null,0,0,0
1438,0,null,0,0,0
1439,0,null,0,0,0
1440,0,null,0,0,0
1441,0,null,0,0,0
1442,0,null,0,0,0
1443,0,null,0,0,0
1444,0,null,0,0,0
1445,0,null,0,0,0
1446,0,null,0,0,0
1447,0,null,0,0,0
1448,13,pi-,1,1,1
1449,0,null,0,0,0
1450,0,null,0,0,0
1451,0,null,0,0,0
1452,0,null,0,0,0
1453,0,null,0,0,0
1454,0,null,0,0,0
1455,0,null,0,0,0
1456,0,null,0,0,0
1457,10,pi+,1,1,1
1458,0,null,0,0,0
1459,0,null,0,0,0
1460,19,pi+,1,1,1
1461,0,null,0,0,0
1462,0,null,0,0,0
1463,0,null,0,0,0
1464,0,null,0,0,0
1465,0,null,0,0,0
1466,0,null,0,0,0
1467,0,null,0,0,0
1468,0,null,0,0,0
1469,0,null,0,0,0
1470,0,null,0,0,0
1471,0,null,0,0,0
1472,0,null,0,0,0
1473,0,null,0,0,0
1474,0,null,0,0,0
1475,0,null,0,0,0
1476,0,null,0,0,0
1477,0,null,0,0,0
1478,0,null,0,0,0
1479,0,null,0,0,0
1480,1,primary_proton,1,1,1
1481,9,pi-,1,1,1
1482,2,secondary_proton,1,1,1
1483,0,null,0,0,0
1484,0,null,0,0,0
1485,0,null,0,0,0
1486,0,null,0,0,0
1487,0,null,0,0,0
1488,0,null,0,0,0
1489,0,null,0,0,0
1490,0,null,0,0,0
1491,0,null,0,0,0
1492,0,null,0,0,0
1493,0,null,0,0,0
1494,0,null,0,0,0
1495,0,null,0,0,0
1496,0,null,0,0,0
1497,0,null,0,0,0
1498,0,null,0,0,0
1499,16,pi-,1,1,1
1500,0,null,0,0,0
1501,0,null,0,0,0
1502,0,null,0,0,0
1503,0,null,0,0,0
1504,0,null,0,0,0
1505,0,null,0,0,0
1506,0,null,0,0,0
1507,0,null,0,0,0
1508,0,null,0,0,0
1509,0,null,0,0,0
1510,0,null,0,0,0
1511,0,null,0,0,0
1512,0,null,0,0,0
1513,0,null,0,0,0
1514,2555,e-,1,1,1
1515,0,null,0,0,0
1516,0,null,0,0,0
1517,0,null,0,0,0
1518,0,null,0,0,0
1519,0,null,0,0,0
1520,0,null,0,0,0
1521,0,null,0,0,0
1522,0,null,0,0,0
1523,3,secondary_proton,1,1,0
1524,0,null,0,0,0
1525,0,null,0,0,0
1526,0,null,0,0,0
1527,0,null,0,0,0
1528,0,null,0,0,0
1529,0,null,0,0,0
1530,0,null,0,0,0
1531,0,null,0,0,0
1532,0,null,0,0,0
1533,0,null,0,0,0
1534,0,null,0,0,0
1535,0,null,0,0,0
1536,0,null,0,0,0
1537,0,null,0,0,0
1538,0,null,0,0,0
1539,0,null,0,0,0
1540,0,null,0,0,0
1541,0,null,0,0,0
1542,0,null,0,0,0
1543,0,null,0,0,0
1544,0,null,0,0,0
1545,0,null,0,0,0
1546,0,null,0,0,0
1547,0,null,0,0,0
1548,0,null,0,0,0
1549,0,null,0,0,0
1550,0,null,0,0,0
1551,0,null,0,0,0
1552,1,primary_proton,1,1,1
1553,0,null,0,0,0
1554,0,null,0,0,0
1555,0,null,0,0,0
1556,0,null,0,0,0
1557,0,null,0,0,0
1558,0,null,0,0,0
1559,0,null,0,0,0
1560,0,null,0,0,0
1561,0,null,0,0,0
1562,90,secondary_proton,1,1,1
1563,0,null,0,0,0
1564,0,null,0,0,0
1565,0,null,0,0,0
1566,0,null,0,0,0
1567,0,null,0,0,0
1568,0,null,0,0,0
1569,0,null,0,0,0
1570,0,null,0,0,0
1571,0,null,0,0,0
1572,0,null,0,0,0
1573,1,primary_proton,1,1,1
1574,0,null,0,0,0
1575,0,null,0,0,0
1576,0,null,0,0,0
1577,0,null,0,0,0
1578,0,null,0,0,0
1579,0,null,0,0,0
1580,0,null,0,0,0
1581,0,null,0,0,0
1582,0,null,0,0,0
1583,0,null,0,0,0
1584,0,null,0,0,0
1585,0,null,0,0,0
1586,15,pi-,1,1,0
1587,0,null,0,0,0
1588,0,null,0,0,0
1589,0,null,0,0,0
1590,0,null,0,0,0
1591,0,null,0,0,0
1592,0,null,0,0,0
1593,0,null,0,0,0
1594,0,null,0,0,0
1595,0,null,0,0,0
1597,0,null,0,0,0
1598,0,null,0,0,0
1599,0,null,0,0,0
1600,0,null,0,0,0
1601,0,null,0,0,0
1602,0,null,0,0,0
1603,0,null,0,0,0
1604,0,null,0,0,0
1605,0,null,0,0,0
1606,0,null,0,0,0
1607,15,pi-,1,1,1
1608,0,null,0,0,0
1609,0,null,0,0,0
1610,0,null,0,0,0
1611,0,null,0,0,0
1612,0,null,0,0,0
1613,0,null,0,0,0
1614,0,null,0,0,0
1615,0,null,0,0,0
1616,0,null,0,0,0
1617,0,null,0,0,0
1618,0,null,0,0,0
1619,0,null,0,0,0
1620,0,null,0,0,0
1621,0,null,0,0,0
1622,0,null,0,0,0
1623,0,null,0,0,0
1624,0,null,0,0,0
1625,0,null,0,0,0
1626,0,null,0,0,0
1627,0,null,0,0,0
1628,0,null,0,0,0
1629,0,null,0,0,0
1630,0,null,0,0,0
1631,1,primary_proton,1,1,1
1632,0,null,0,0,0
1633,0,null,0,0,0
1634,0,null,0,0,0
1635,0,null,0,0,0
1636,0,null,0,0,0
1637,22,pi+,1,1,0
1638,0,null,0,0,0
1639,0,null,0,0,0
1640,0,null,0,0,0
1641,0,null,0,0,0
1642,0,null,0,0,0
1643,0,null,0,0,0
1644,0,null,0,0,0
1645,0,null,0,0,0
1646,0,null,0,0,0
1647,0,null,0,0,0
1648,0,null,0,0,0
1649,0,null,0,0,0
1650,11,pi+,1,1,1
1651,0,null,0,0,0
1652,0,null,0,0,0
1653,0,null,0,0,0
1654,0,null,0,0,0
1655,0,null,0,0,0
1656,0,null,0,0,0
1657,0,null,0,0,0
1658,1,primary_proton,1,1,1
1659,0,null,0,0,0
1660,0,null,0,0,0
1661,0,null,0,0,0
1662,0,null,0,0,0
1663,0,null,0,0,0
1664,0,null,0,0,0
1665,0,null,0,0,0
1666,0,null,0,0,0
1667,0,null,0,0,0
1668,0,null,0,0,0
1669,0,null,0,0,0
1670,0,null,0,0,0
1671,0,null,0,0,0
1672,0,null,0,0,0
1673,0,null,0,0,0
1674,0,null,0,0,0
1675,12,pi+,1,1,1
1676,0,null,0,0,0
1677,0,null,0,0,0
1678,0,null,0,0,0
1679,0,null,0,0,0
1680,0,null,0,0,0
1681,0,null,0,0,0
1682,0,null,0,0,0
1683,0,null,0,0,0
1684,0,null,0,0,0
1685,0,null,0,0,0
1686,0,null,0,0,0
1687,0,null,0,0,0
1688,0,null,0,0,0
1689,0,null,0,0,0
1690,0,null,0,0,0
1691,0,null,0,0,0
1692,0,null,0,0,0
1693,0,null,0,0,0
1694,0,null,0,0,0
1695,0,null,0,0,0
1696,0,null,0,0,0
1697,0,null,0,0,0
1698,0,null,0,0,0
1699,0,null,0,0,0
1700,0,null,0,0,0
1701,0,null,0,0,0
1702,0,null,0,0,0
1703,0,null,0,0,0
1704,0,null,0,0,0
1705,0,null,0,0,0
1706,0,null,0,0,0
1707,0,null,0,0,0
1708,1,primary_proton,1,1,1
1709,0,null,0,0,0
1710,0,null,0,0,0
1711,18,pi+,1,0,0
1712,0,null,0,0,0
1713,0,null,0,0,0
1714,0,null,0,0,0
1715,0,null,0,0,0
1716,0,null,0,0,0
1717,0,null,0,0,0
1718,0,null,0,0,0
1719,0,null,0,0,0
1720,0,null,0,0,0
1721,1,primary_proton,1,1,1
1722,0,null,0,0,0
1723,0,null,0,0,0
1724,0,null,0,0,0
1725,0,null,0,0,0
1726,0,null,0,0,0
1727,0,null,0,0,0
1728,0,null,0,0,0
1729,0,null,0,0,0
1730,0,null,0,0,0
1731,0,null,0,0,0
1732,0,null,0,0,0
1733,0,null,0,0,0
1734,0,null,0,0,0
1735,0,null,0,0,0
1736,0,null,0,0,0
1737,0,null,0,0,0
1738,0,null,0,0,0
1739,0,null,0,0,0
1740,0,null,0,0,0
1741,0,null,0,0,0
1742,0,null,0,0,0
1743,0,null,0,0,0
1744,0,null,0,0,0
1745,0,null,0,0,0
1746,0,null,0,0,0
1747,0,null,0,0,0
1748,1,primary_proton,1,1,1
1749,0,null,0,0,0
1750,0,null,0,0,0
1751,0,null,0,0,0
1752,0,null,0,0,0
1753,0,null,0,0,0
1754,0,null,0,0,0
1755,0,null,0,0,0
1756,0,null,0,0,0
1757,0,null,0,0,0
1758,0,null,0,0,0
1759,0,null,0,0,0
1760,0,null,0,0,0
1761,0,null,0,0,0
1762,0,null,0,0,0
1763,0,null,0,0,0
1764,0,null,0,0,0
1765,0,null,0,0,0
1766,0,null,0,0,0
1767,0,null,0,0,0
1768,7,secondary_proton,1,1,1
1769,0,null,0,0,0
1770,0,null,0,0,0
1771,0,null,0,0,0
1772,0,null,0,0,0
1773,0,null,0,0,0
1774,0,null,0,0,0
1775,0,null,0,0,0
1776,0,null,0,0,0
1777,0,null,0,0,0
1778,0,null,0,0,0
1779,0,null,0,0,0
1780,0,null,0,0,0
1781,0,null,0,0,0
1782,0,null,0,0,0
1783,0,null,0,0,0
1784,0,null,0,0,0
1785,0,null,0,0,0
1786,0,null,0,0,0
1787,0,null,0,0,0
1788,0,null,0,0,0
1789,0,null,0,0,0
1790,0,null,0,0,0
1791,0,null,0,0,0
1792,0,null,0,0,0
1793,8,pi-,1,1,1
1794,0,null,0,0,0
1795,10,pi-,1,1,1
1796,0,null,0,0,0
1797,0,null,0,0,0
1798,0,null,0,0,0
1799,0,null,0,0,0
1800,0,null,0,0,0
1801,0,null,0,0,0
1802,1389,e-,1,1,0
1803,0,null,0,0,0
1804,0,null,0,0,0
1805,0,null,0,0,0
1806,0,null,0,0,0
1807,0,null,0,0,0
1808,0,null,0,0,0
1809,0,null,0,0,0
1810,0,null,0,0,0
1811,0,null,0,0,0
1812,0,null,0,0,0
1813,0,null,0,0,0
1814,0,null,0,0,0
1815,0,null,0,0,0
1816,0,null,0,0,0
1817,0,null,0,0,0
1818,0,null,0,0,0
1819,7,pi+,1,0,0
1821,0,null,0,0,0
1822,0,null,0,0,0
1823,0,null,0,0,0
1824,0,null,0,0,0
1825,0,null,0,0,0
1826,0,null,0,0,0
1827,0,null,0,0,0
1828,0,null,0,0,0
1829,0,null,0,0,0
1830,0,null,0,0,0
1831,0,null,0,0,0
1832,0,null,0,0,0
1833,0,null,0,0,0
1834,0,null,0,0,0
1835,0,null,0,0,0
1836,0,null,0,0,0
1837,0,null,0,0,0
1838,0,null,0,0,0
1839,0,null,0,0,0
1840,0,null,0,0,0
1841,0,null,0,0,0
1842,0,null,0,0,0
1843,0,null,0,0,0
1844,0,null,0,0,0
1845,0,null,0,0,0
1846,1,primary_proton,1,1,1
1847,0,null,0,0,0
1848,0,null,0,0,0
1849,13,pi-,1,1,1
1850,0,null,0,0,0
1851,1,primary_proton,1,1,1
1852,0,null,0,0,0
1853,0,null,0,0,0
1854,0,null,0,0,0
1855,0,null,0,0,0
1856,0,null,0,0,0
1857,0,null,0,0,0
1858,0,null,0,0,0
1859,0,null,0,0,0
1860,0,null,0,0,0
1861,0,null,0,0,0
1862,0,null,0,0,0
1863,0,null,0,0,0
1864,0,null,0,0,0
1865,0,null,0,0,0
1866,0,null,0,0,0
1867,0,null,0,0,0
1868,6,pi+,1,1,0
1869,0,null,0,0,0
1870,0,null,0,0,0
1871,0,null,0,0,0
1872,0,null,0,0,0
1873,0,null,0,0,0
1874,0,null,0,0,0
1875,0,null,0,0,0
1876,0,null,0,0,0
1877,0,null,0,0,0
1878,13,pi-,1,1,0
1879,0,null,0,0,0
1880,0,null,0,0,0
1881,12,secondary_proton,1,1,1
1882,0,null,0,0,0
1883,0,null,0,0,0
1884,0,null,0,0,0
1885,0,null,0,0,0
1886,0,null,0,0,0
1887,0,null,0,0,0
1888,0,null,0,0,0
1889,0,null,0,0,0
1890,0,null,0,0,0
1891,0,null,0,0,0
1892,0,null,0,0,0
1893,0,null,0,0,0
1894,0,null,0,0,0
1895,0,null,0,0,0
1896,0,null,0,0,0
1897,0,null,0,0,0
1898,0,null,0,0,0
1899,0,null,0,0,0
1900,0,null,0,0,0
1901,0,null,0,0,0
1902,0,null,0,0,0
1903,0,null,0,0,0
1904,0,null,0,0,0
1905,0,null,0,0,0
1906,0,null,0,0,0
1907,0,null,0,0,0
1908,0,null,0,0,0
1909,0,null,0,0,0
1910,0,null,0,0,0
1911,0,null,0,0,0
1912,0,null,0,0,0
1913,0,null,0,0,0
1914,0,null,0,0,0
1915,0,null,0,0,0
1916,0,null,0,0,0
1917,0,null,0,0,0
1918,0,null,0,0,0
1919,0,null,0,0,0
1920,0,null,0,0,0
1921,0,null,0,0,0
1922,420,secondary_proton,1,1,1
1923,0,null,0,0,0
1924,0,null,0,0,0
1925,0,null,0,0,0
1926,6,secondary_proton,1,1,1
1927,0,null,0,0,0
1928,0,null,0,0,0
1929,0,null,0,0,0
1930,1,primary_proton,1,1,1
1931,0,null,0,0,0
1932,0,null,0,0,0
1933,0,null,0,0,0
1934,5,pi-,1,1,1
1935,0,null,0,0,0
1936,0,null,0,0,0
1937,0,null,0,0,0
1938,0,null,0,0,0
1939,0,null,0,0,0
1940,0,null,0,0,0
1941,8,pi-,1,1,1
1942,0,null,0,0,0
1943,0,null,0,0,0
1944,0,null,0,0,0
1945,0,null,0,0,0
1946,0,null,0,0,0
1947,0,null,0,0,0
1948,0,null,0,0,0
1949,0,null,0,0,0
1950,1,primary_proton,1,1,1
1951,0,null,0,0,0
1952,0,null,0,0,0
1953,0,null,0,0,0
1954,0,null,0,0,0
1955,0,null,0,0,0
1956,0,null,0,0,0
1957,0,null,0,0,0
1958,0,null,0,0,0
1959,0,null,0,0,0
1960,0,null,0,0,0
1961,0,null,0,0,0
1962,0,null,0,0,0
1963,0,null,0,0,0
1964,0,null,0,0,0
1965,0,null,0,0,0
1966,0,null,0,0,0
1967,0,null,0,0,0
1968,0,null,0,0,0
1969,0,null,0,0,0
1970,0,null,0,0,0
1971,0,null,0,0,0
1972,0,null,0,0,0
1973,0,null,0,0,0
1974,0,null,0,0,0
1975,0,null,0,0,0
1976,0,null,0,0,0
1977,0,null,0,0,0
1978,0,null,0,0,0
1979,0,null,0,0,0
1980,0,null,0,0,0
1981,0,null,0,0,0
1982,0,null,0,0,0
1983,0,null,0,0,0
1984,0,null,0,0,0
1985,0,null,0,0,0
1986,0,null,0,0,0
1987,1,primary_proton,1,1,1
1988,0,null,0,0,0
1989,0,null,0,0,0
1990,0,null,0,0,0
1991,0,null,0,0,0
1992,0,null,0,0,0
1993,0,null,0,0,0
1994,0,null,0,0,0
1995,0,null,0,0,0
1996,0,null,0,0,0
1997,0,null,0,0,0
1998,0,null,0,0,0
1999,0,null,0,0,0
2000,0,null,0,0,0
2001,0,null,0,0,0
2002,0,null,0,0,0
2003,0,null,0,0,0
2004,0,null,0,0,0
2005,0,null,0,0,0
2006,15,pi-,1,1,1
2007,0,null,0,0,0
2008,0,null,0,0,0
2009,0,null,0,0,0
2010,0,null,0,0,0
2011,0,null,0,0,0
2012,0,null,0,0,0
2013,9,secondary_proton,1,1,1
2014,0,null,0,0,0
2015,0,null,0,0,0
2016,0,null,0,0,0
2017,0,null,0,0,0
2018,0,null,0,0,0
2019,0,null,0,0,0
2020,0,null,0,0,0
2021,0,null,0,0,0
2022,0,null,0,0,0
2023,0,null,0,0,0
2024,0,null,0,0,0
2025,0,null,0,0,0
2026,0,null,0,0,0
2027,0,null,0,0,0
2028,0,null,0,0,0
2029,0,null,0,0,0
2030,0,null,0,0,0
2031,0,null,0,0,0
2032,0,null,0,0,0
2033,0,null,0,0,0
2034,0,null,0,0,0
2035,0,null,0,0,0
2036,0,null,0,0,0
2037,0,null,0,0,0
2038,0,null,0,0,0
2039,0,null,0,0,0
2040,0,null,0,0,0
2041,0,null,0,0,0
2043,0,null,0,0,0
2044,0,null,0,0,0
2045,0,null,0,0,0
2046,0,null,0,0,0
2047,0,null,0,0,0
2048,0,null,0,0,0
2049,0,null,0,0,0
2050,0,null,0,0,0
2051,0,null,0,0,0
2052,0,null,0,0,0
2053,0,null,0,0,0
2054,0,null,0,0,0
2055,0,null,0,0,0
2056,1,primary_proton,1,1,1
2057,0,null,0,0,0
2058,4,secondary_proton,1,1,1
2059,0,null,0,0,0
2060,0,null,0,0,0
2061,1,primary_proton,1,1,1
2062,0,null,0,0,0
2063,0,null,0,0,0
2064,0,null,0,0,0
2065,0,null,0,0,0
2066,0,null,0,0,0
2067,0,null,0,0,0
2068,219,pi-,1,1,0
2069,0,null,0,0,0
2070,0,null,0,0,0
2071,0,null,0,0,0
2072,0,null,0,0,0
2073,0,null,0,0,0
2074,1,primary_proton,1,1,1
2075,1,primary_proton,1,1,1
2076,1,primary_proton,1,1,1
2077,0,null,0,0,0
2078,0,null,0,0,0
2079,0,null,0,0,0
2080,0,null,0,0,0
2081,0,null,0,0,0
2082,0,null,0,0,0
2083,0,null,0,0,0
2084,0,null,0,0,0
2085,0,null,0,0,0
2086,0,null,0,0,0
2087,0,null,0,0,0
2088,0,null,0,0,0
2089,0,null,0,0,0
2090,0,null,0,0,0
2091,0,null,0,0,0
2092,0,null,0,0,0
2093,0,null,0,0,0
2094,0,null,0,0,0
2095,0,null,0,0,0
2096,0,null,0,0,0
2097,0,null,0,0,0
2098,0,null,0,0,0
2099,10,pi+,1,1,1
2100,137,pi+,1,1,1
2101,0,null,0,0,0
2102,0,null,0,0,0
2103,0,null,0,0,0
2104,0,null,0,0,0
2105,2,secondary_proton,1,1,1
2106,0,null,0,0,0
2107,0,null,0,0,0
2108,0,null,0,0,0
2109,0,null,0,0,0
2110,0,null,0,0,0
2111,0,null,0,0,0
2112,0,null,0,0,0
2113,0,null,0,0,0
2114,0,null,0,0,0
2115,0,null,0,0,0
2116,0,null,0,0,0
2117,0,null,0,0,0
2118,0,null,0,0,0
2119,0,null,0,0,0
2120,0,null,0,0,0
2121,0,null,0,0,0
2122,0,null,0,0,0
2123,0,null,0,0,0
2124,0,null,0,0,0
2125,10,pi+,1,1,1
2126,0,null,0,0,0
2127,0,null,0,0,0
2128,0,null,0,0,0
2129,1,primary_proton,1,1,1
2130,0,null,0,0,0
2131,0,null,0,0,0
2132,0,null,0,0,0
2133,9,pi+,1,1,1
2134,0,null,0,0,0
2135,0,null,0,0,0
2136,0,null,0,0,0
2137,0,null,0,0,0
2138,0,null,0,0,0
2139,0,null,0,0,0
2140,0,null,0,0,0
2141,0,null,0,0,0
2142,0,null,0,0,0
2143,0,null,0,0,0
2144,5,secondary_proton,1,1,0
2145,0,null,0,0,0
2146,0,null,0,0,0
2147,0,null,0,0,0
2148,0,null,0,0,0
2149,0,null,0,0,0
2150,0,null,0,0,0
2151,0,null,0,0,0
2152,0,null,0,0,0
2153,0,null,0,0,0
2154,0,null,0,0,0
2155,0,null,0,0,0
2156,0,null,0,0,0
2157,0,null,0,0,0
2158,0,null,0,0,0
2159,0,null,0,0,0
2160,0,null,0,0,0
2161,0,null,0,0,0
2162,0,null,0,0,0
2163,0,null,0,0,0
2164,0,null,0,0,0
2165,0,null,0,0,0
2166,0,null,0,0,0
2167,0,null,0,0,0
2168,0,null,0,0,0
2169,1,primary_proton,1,1,1
2170,0,null,0,0,0
2171,0,null,0,0,0
2172,0,null,0,0,0
2173,0,null,0,0,0
2174,0,null,0,0,0
2175,0,null,0,0,0
2176,0,null,0,0,0
2177,0,null,0,0,0
2178,0,null,0,0,0
2179,0,null,0,0,0
2180,0,null,0,0,0
2181,0,null,0,0,0
2182,0,null,0,0,0
2183,0,null,0,0,0
2184,26,pi+,1,1,0
2185,0,null,0,0,0
2186,0,null,0,0,0
2187,0,null,0,0,0
2188,0,null,0,0,0
2189,0,null,0,0,0
2190,0,null,0,0,0
2191,0,null,0,0,0
2192,0,null,0,0,0
2193,0,null,0,0,0
2194,0,null,0,0,0
2195,12,pi+,1,1,1
2196,0,null,0,0,0
2197,0,null,0,0,0
2198,1,primary_proton,1,1,1
2199,0,null,0,0,0
2200,0,null,0,0,0
2201,15,secondary_proton,1,1,1
2202,0,null,0,0,0
2203,0,null,0,0,0
2204,0,null,0,0,0
2205,0,null,0,0,0
2206,0,null,0,0,0
2207,0,null,0,0,0
2208,0,null,0,0,0
2209,0,null,0,0,0
2210,0,null,0,0,0
2211,0,null,0,0,0
2212,0,null,0,0,0
2213,0,null,0,0,0
2214,0,null,0,0,0
2215,0,null,0,0,0
2216,0,null,0,0,0
2217,0,null,0,0,0
2218,0,null,0,0,0
2219,0,null,0,0,0
2220,0,null,0,0,0
2221,0,null,0,0,0
2222,3,secondary_proton,1,1,1
2223,1,primary_proton,1,1,1
2224,0,null,0,0,0
2225,0,null,0,0,0
2226,0,null,0,0,0
2227,0,null,0,0,0
2228,0,null,0,0,0
2229,0,null,0,0,0
2230,0,null,0,0,0
2231,0,null,0,0,0
2232,0,null,0,0,0
2233,0,null,0,0,0
2234,17,pi+,1,1,1
2235,0,null,0,0,0
2236,0,null,0,0,0
2237,0,null,0,0,0
2238,0,null,0,0,0
2239,0,null,0,0,0
2240,0,null,0,0,0
2241,0,null,0,0,0
2242,0,null,0,0,0
2243,0,null,0,0,0
2244,0,null,0,0,0
2245,0,null,0,0,0
2246,0,null,0,0,0
2247,0,null,0,0,0
2248,0,null,0,0,0
2249,0,null,0,0,0
2250,0,null,0,0,0
2251,0,null,0,0,0
2252,0,null,0,0,0
2253,0,null,0,0,0
2254,0,null,0,0,0
2255,0,null,0,0,0
2256,0,null,0,0,0
2257,0,null,0,0,0
2258,0,null,0,0,0
2259,0,null,0,0,0
2261,0,null,0,0,0
2262,0,null,0,0,0
2263,0,null,0,0,0
2264,0,null,0,0,0
2265,0,null,0,0,0
2266,0,null,0,0,0
2267,3,secondary_proton,1,1,1
2268,0,null,0,0,0
2269,0,null,0,0,0
2270,0,null,0,0,0
2271,0,null,0,0,0
2272,0,null,0,0,0
2273,0,null,0,0,0
2274,0,null,0,0,0
2275,0,null,0,0,0
2276,0,null,0,0,0
2277,0,null,0,0,0
2278,0,null,0,0,0
2279,0,null,0,0,0
2280,0,null,0,0,0
2281,0,null,0,0,0
2282,0,null,0,0,0
2283,0,null,0,0,0
2284,0,null,0,0,0
2285,0,null,0,0,0
2286,0,null,0,0,0
2287,0,null,0,0,0
2288,0,null,0,0,0
2289,0,null,0,0,0
2290,0,null,0,0,0
2291,0,null,0,0,0
2292,0,null,0,0,0
2293,0,null,0,0,0
2294,0,null,0,0,0
2295,0,null,0,0,0
2296,0,null,0,0,0
2297,0,null,0,0,0
2298,0,null,0,0,0
2299,0,null,0,0,0
2300,0,null,0,0,0
2301,0,null,0,0,0
2302,0,null,0,0,0
2303,0,null,0,0,0
2304,0,null,0,0,0
2305,0,null,0,0,0
2306,0,null,0,0,0
2307,0,null,0,0,0
2308,0,null,0,0,0
2309,0,null,0,0,0
2310,0,null,0,0,0
2311,0,null,0,0,0
2312,0,null,0,0,0
2313,0,null,0,0,0
2314,0,null,0,0,0
2315,0,null,0,0,0
2316,0,null,0,0,0
2317,0,null,0,0,0
2318,1,primary_proton,1,1,1
2319,0,null,0,0,0
2320,1,primary_proton,1,1,1
2321,10,secondary_proton,1,1,1
2322,0,null,0,0,0
2323,0,null,0,0,0
2324,0,null,0,0,0
2325,0,null,0,0,0
2326,0,null,0,0,0
2327,0,null,0,0,0
2328,0,null,0,0,0
2329,0,null,0,0,0
2330,0,null,0,0,0
2331,0,null,0,0,0
2332,0,null,0,0,0
2333,0,null,0,0,0
2334,0,null,0,0,0
2335,0,null,0,0,0
2336,0,null,0,0,0
2337,1,primary_proton,1,1,1
2338,0,null,0,0,0
2339,0,null,0,0,0
2340,0,null,0,0,0
2341,0,null,0,0,0
2342,0,null,0,0,0
2343,1,primary_proton,1,1,1
2344,1,primary_proton,1,1,1
2345,0,null,0,0,0
2346,0,null,0,0,0
2347,0,null,0,0,0
2348,1,primary_proton,1,1,1
2349,0,null,0,0,0
2350,0,null,0,0,0
2351,0,null,0,0,0
2352,0,null,0,0,0
2353,0,null,0,0,0
2354,1,primary_proton,1,1,1
2355,0,null,0,0,0
2356,0,null,0,0,0
2357,0,null,0,0,0
2358,0,null,0,0,0
2359,0,null,0,0,0
2360,0,null,0,0,0
2361,0,null,0,0,0
2362,0,null,0,0,0
2363,0,null,0,0,0
2364,0,null,0,0,0
2365,0,null,0,0,0
2366,0,null,0,0,0
2367,0,null,0,0,0
2368,0,null,0,0,0
2369,3563,e-,0,1,0
2370,0,null,0,0,0
2371,0,null,0,0,0
2372,0,null,0,0,0
2373,0,null,0,0,0
2374,0,null,0,0,0
2375,0,null,0,0,0
2376,0,null,0,0,0
2377,0,null,0,0,0
2378,0,null,0,0,0
2379,0,null,0,0,0
2380,0,null,0,0,0
2381,0,null,0,0,0
2382,0,null,0,0,0
2383,0,null,0,0,0
2384,1,primary_proton,1,1,1
2385,0,null,0,0,0
2386,0,null,0,0,0
2387,0,null,0,0,0
2388,0,null,0,0,0
2389,0,null,0,0,0
2390,0,null,0,0,0
2391,0,null,0,0,0
2392,0,null,0,0,0
2393,0,null,0,0,0
2394,0,null,0,0,0
2395,0,null,0,0,0
2396,0,null,0,0,0
2397,0,null,0,0,0
2398,0,null,0,0,0
2399,1,primary_proton,1,1,1
2400,0,null,0,0,0
2401,0,null,0,0,0
2402,0,null,0,0,0
2403,0,null,0,0,0
2404,0,null,0,0,0
2405,0,null,0,0,0
2406,0,null,0,0,0
2407,0,null,0,0,0
2408,0,null,0,0,0
2409,0,null,0,0,0
2410,0,null,0,0,0
2411,0,null,0,0,0
2412,0,null,0,0,0
2413,0,null,0,0,0
2414,0,null,0,0,0
2415,0,null,0,0,0
2416,0,null,0,0,0
2417,0,null,0,0,0
2418,0,null,0,0,0
2419,0,null,0,0,0
2420,0,null,0,0,0
2421,0,null,0,0,0
2422,0,null,0,0,0
2423,0,null,0,0,0
2424,0,null,0,0,0
2425,0,null,0,0,0
2426,0,null,0,0,0
2427,0,null,0,0,0
2428,0,null,0,0,0
2429,0,null,0,0,0
2430,0,null,0,0,0
2431,1339,pi+,1,1,1
2432,0,null,0,0,0
2433,0,null,0,0,0
2434,0,null,0,0,0
2435,0,null,0,0,0
2436,0,null,0,0,0
2437,0,null,0,0,0
2438,0,null,0,0,0
2439,0,null,0,0,0
2440,0,null,0,0,0
2441,11,secondary_proton,1,1,0
2442,0,null,0,0,0
2443,0,null,0,0,0
2444,0,null,0,0,0
2445,0,null,0,0,0
2446,0,null,0,0,0
2447,0,null,0,0,0
2448,0,null,0,0,0
2449,0,null,0,0,0
2450,0,null,0,0,0
2451,0,null,0,0,0
2452,0,null,0,0,0
2453,0,null,0,0,0
2454,0,null,0,0,0
2455,0,null,0,0,0
2456,0,null,0,0,0
2457,0,null,0,0,0
2458,0,null,0,0,0
2459,0,null,0,0,0
2460,0,null,0,0,0
2461,0,null,0,0,0
2462,0,null,0,0,0
2463,0,null,0,0,0
2464,0,null,0,0,0
2465,0,null,0,0,0
2466,0,null,0,0,0
2467,0,null,0,0,0
2468,0,null,0,0,0
2469,0,null,0,0,0
2470,0,null,0,0,0
2471,0,null,0,0,0
2472,0,null,0,0,0
2473,0,null,0,0,0
2474,0,null,0,0,0
2475,0,null,0,0,0
2476,1,primary_proton,1,0,0
2477,0,null,0,0,0
2478,0,null,0,0,0
2479,0,null,0,0,0
2481,220,e-,1,0,0
2482,0,null,0,0,0
2483,0,null,0,0,0
2484,0,null,0,0,0
2485,0,null,0,0,0
2486,4,secondary_proton,1,1,1
2487,0,null,0,0,0
2488,0,null,0,0,0
2489,0,null,0,0,0
2490,0,null,0,0,0
2491,0,null,0,0,0
2492,0,null,0,0,0
2493,0,null,0,0,0
2494,0,null,0,0,0
2495,0,null,0,0,0
2496,0,null,0,0,0
2497,0,null,0,0,0
2498,1,primary_proton,1,1,1
2499,0,null,0,0,0
2500,0,null,0,0,0
2501,0,null,0,0,0
2502,0,null,0,0,0
2503,0,null,0,0,0
2504,1,primary_proton,1,1,1
2505,0,null,0,0,0
2506,9,kaon+,1,1,1
2507,0,null,0,0,0
2508,0,null,0,0,0
2509,0,null,0,0,0
2510,0,null,0,0,0
2511,0,null,0,0,0
2512,1,primary_proton,1,1,1
2513,0,null,0,0,0
2514,0,null,0,0,0
2515,0,null,0,0,0
2516,0,null,0,0,0
2517,0,null,0,0,0
2518,0,null,0,0,0
2519,0,null,0,0,0
2520,0,null,0,0,0
2521,0,null,0,0,0
2522,0,null,0,0,0
2523,0,null,0,0,0
2524,0,null,0,0,0
2525,0,null,0,0,0
2526,0,null,0,0,0
2527,14,secondary_proton,1,1,1
2528,20,secondary_proton,1,1,1
2529,0,null,0,0,0
2530,0,null,0,0,0
2531,0,null,0,0,0
2532,0,null,0,0,0
2533,0,null,0,0,0
2534,0,null,0,0,0
2535,0,null,0,0,0
2536,0,null,0,0,0
2537,0,null,0,0,0
2538,0,null,0,0,0
2539,0,null,0,0,0
2540,0,null,0,0,0
2541,0,null,0,0,0
2542,0,null,0,0,0
2543,8,pi-,1,1,1
2544,0,null,0,0,0
2545,0,null,0,0,0
2546,0,null,0,0,0
2547,0,null,0,0,0
2548,0,null,0,0,0
2549,0,null,0,0,0
2550,0,null,0,0,0
2551,0,null,0,0,0
2552,0,null,0,0,0
2553,0,null,0,0,0
2554,0,null,0,0,0
2555,0,null,0,0,0
2556,0,null,0,0,0
2557,4,secondary_proton,1,1,1
2558,0,null,0,0,0
2559,0,null,0,0,0
2560,0,null,0,0,0
2561,0,null,0,0,0
2562,0,null,0,0,0
2563,0,null,0,0,0
2564,0,null,0,0,0
2565,0,null,0,0,0
2566,0,null,0,0,0
2567,0,null,0,0,0
2568,0,null,0,0,0
2569,0,null,0,0,0
2570,0,null,0,0,0
2571,0,null,0,0,0
2572,5,secondary_proton,1,1,1
2573,0,null,0,0,0
2574,0,null,0,0,0
2575,0,null,0,0,0
2576,0,null,0,0,0
2577,0,null,0,0,0
2578,0,null,0,0,0
2579,0,null,0,0,0
2580,0,null,0,0,0
2581,0,null,0,0,0
2582,0,null,0,0,0
2583,0,null,0,0,0
2584,0,null,0,0,0
2585,0,null,0,0,0
2586,0,null,0,0,0
2587,0,null,0,0,0
2588,0,null,0,0,0
2589,0,null,0,0,0
2590,0,null,0,0,0
2591,19,pi-,1,1,0
2592,0,null,0,0,0
2593,0,null,0,0,0
2594,0,null,0,0,0
2595,6,pi+,1,1,1
2596,0,null,0,0,0
2597,0,null,0,0,0
2598,0,null,0,0,0
2599,0,null,0,0,0
2600,0,null,0,0,0
2601,0,null,0,0,0
2602,0,null,0,0,0
2603,0,null,0,0,0
2604,0,null,0,0,0
2605,0,null,0,0,0
2606,0,null,0,0,0
2607,0,null,0,0,0
2608,0,null,0,0,0
2609,0,null,0,0,0
2610,0,null,0,0,0
2611,6,pi+,1,1,0
2612,0,null,0,0,0
2613,0,null,0,0,0
2614,0,null,0,0,0
2615,0,null,0,0,0
2616,392,pi+,1,1,1
2617,0,null,0,0,0
2618,0,null,0,0,0
2619,0,null,0,0,0
2620,0,null,0,0,0
2621,0,null,0,0,0
2622,0,null,0,0,0
2623,0,null,0,0,0
2624,0,null,0,0,0
2625,0,null,0,0,0
2626,603,e+,1,1,1
2627,0,null,0,0,0
2628,0,null,0,0,0
2629,0,null,0,0,0
2630,0,null,0,0,0
2631,0,null,0,0,0
2632,0,null,0,0,0
2633,2212,pi+,1,1,1
2634,17,pi+,1,1,1
2635,0,null,0,0,0
2636,0,null,0,0,0
2637,0,null,0,0,0
2638,0,null,0,0,0
2639,0,null,0,0,0
2640,1,primary_proton,1,1,1
2641,0,null,0,0,0
2642,0,null,0,0,0
2643,0,null,0,0,0
2644,0,null,0,0,0
2645,1,primary_proton,1,1,1
2646,0,null,0,0,0
2647,0,null,0,0,0
2648,0,null,0,0,0
2649,12,pi+,1,1,1
2650,0,null,0,0,0
2651,0,null,0,0,0
2652,0,null,0,0,0
2653,0,null,0,0,0
2654,0,null,0,0,0
2655,0,null,0,0,0
2656,0,null,0,0,0
2657,0,null,0,0,0
2658,6,secondary_proton,1,1,1
2659,0,null,0,0,0
2660,0,null,0,0,0
2661,0,null,0,0,0
2662,0,null,0,0,0
2663,0,null,0,0,0
2664,0,null,0,0,0
2665,0,null,0,0,0
2666,0,null,0,0,0
2667,0,null,0,0,0
2668,8,secondary_proton,1,1,1
2669,0,null,0,0,0
2670,0,null,0,0,0
2671,0,null,0,0,0
2672,0,null,0,0,0
2673,0,null,0,0,0
2674,0,null,0,0,0
2675,0,null,0,0,0
2676,0,null,0,0,0
2677,0,null,0,0,0
2678,0,null,0,0,0
2679,0,null,0,0,0
2680,0,null,0,0,0
2681,0,null,0,0,0
2682,0,null,0,0,0
2683,0,null,0,0,0
2684,0,null,0,0,0
2685,1,primary_proton,1,1,1
2686,0,null,0,0,0
2687,0,null,0,0,0
2688,7,secondary_proton,1,1,1
2689,1,primary_proton,1,1,1
2690,0,null,0,0,0
2691,0,null,0,0,0
2692,0,null,0,0,0
2693,0,null,0,0,0
2694,0,null,0,0,0
2695,0,null,0,0,0
2696,0,null,0,0,0
2697,0,null,0,0,0
2699,0,null,0,0,0
2700,0,null,0,0,0
2701,0,null,0,0,0
2702,0,null,0,0,0
2703,0,null,0,0,0
2704,6,pi-,1,1,1
2705,0,null,0,0,0
2706,0,null,0,0,0
2707,0,null,0,0,0
2708,15,kaon-,1,1,1
2709,0,null,0,0,0
2710,0,null,0,0,0
2711,0,null,0,0,0
2712,0,null,0,0,0
2713,0,null,0,0,0
2714,0,null,0,0,0
2715,0,null,0,0,0
2716,0,null,0,0,0
2717,0,null,0,0,0
2718,0,null,0,0,0
2719,0,null,0,0,0
2720,0,null,0,0,0
2721,0,null,0,0,0
2722,0,null,0,0,0
2723,0,null,0,0,0
2724,0,null,0,0,0
2725,0,null,0,0,0
2726,0,null,0,0,0
2727,0,null,0,0,0
2728,0,null,0,0,0
2729,0,null,0,0,0
2730,0,null,0,0,0
2731,0,null,0,0,0
2732,0,null,0,0,0
2733,0,null,0,0,0
2734,0,null,0,0,0
2735,0,null,0,0,0
2736,0,null,0,0,0
2737,550,e-,1,0,0
2738,0,null,0,0,0
2739,6,secondary_proton,1,1,1
2740,0,null,0,0,0
2741,0,null,0,0,0
2742,0,null,0,0,0
2743,3,secondary_proton,1,1,1
2744,0,null,0,0,0
2745,0,null,0,0,0
2746,0,null,0,0,0
2747,0,null,0,0,0
2748,0,null,0,0,0
2749,0,null,0,0,0
2750,0,null,0,0,0
2751,0,null,0,0,0
2752,0,null,0,0,0
2753,0,null,0,0,0
2754,0,null,0,0,0
2755,0,null,0,0,0
2756,7,pi-,1,0,0
2757,0,null,0,0,0
2758,0,null,0,0,0
2759,0,null,0,0,0
2760,0,null,0,0,0
2761,0,null,0,0,0
2762,0,null,0,0,0
2763,0,null,0,0,0
2764,0,null,0,0,0
2765,9,secondary_proton,1,1,1
2766,0,null,0,0,0
2767,29,pi-,1,0,0
2768,0,null,0,0,0
2769,0,null,0,0,0
2770,0,null,0,0,0
2771,0,null,0,0,0
2772,0,null,0,0,0
2773,0,null,0,0,0
2774,0,null,0,0,0
2775,0,null,0,0,0
2776,0,null,0,0,0
2777,0,null,0,0,0
2778,0,null,0,0,0
2779,0,null,0,0,0
2780,0,null,0,0,0
2781,0,null,0,0,0
2782,0,null,0,0,0
2783,0,null,0,0,0
2784,0,null,0,0,0
2785,0,null,0,0,0
2786,0,null,0,0,0
2787,0,null,0,0,0
2788,0,null,0,0,0
2789,0,null,0,0,0
2790,0,null,0,0,0
2791,0,null,0,0,0
2792,0,null,0,0,0
2793,0,null,0,0,0
2794,0,null,0,0,0
2795,0,null,0,0,0
2796,1,primary_proton,1,1,1
2797,0,null,0,0,0
2798,0,null,0,0,0
2799,0,null,0,0,0
2800,0,null,0,0,0
2801,0,null,0,0,0
2802,0,null,0,0,0
2803,0,null,0,0,0
2804,0,null,0,0,0
2805,0,null,0,0,0
2806,17,pi+,1,1,1
2807,0,null,0,0,0
2808,0,null,0,0,0
2809,0,null,0,0,0
2810,0,null,0,0,0
2811,0,null,0,0,0
2812,0,null,0,0,0
2813,0,null,0,0,0
2814,0,null,0,0,0
2815,0,null,0,0,0
2816,0,null,0,0,0
2817,0,null,0,0,0
2818,0,null,0,0,0
2819,0,null,0,0,0
2820,0,null,0,0,0
2821,0,null,0,0,0
2822,1,primary_proton,1,1,1
2823,0,null,0,0,0
2824,0,null,0,0,0
2825,0,null,0,0,0
2826,0,null,0,0,0
2827,0,null,0,0,0
2828,0,null,0,0,0
2829,0,null,0,0,0
2830,0,null,0,0,0
2831,0,null,0,0,0
2832,0,null,0,0,0
2833,0,null,0,0,0
2834,0,null,0,0,0
2835,0,null,0,0,0
2836,0,null,0,0,0
2837,0,null,0,0,0
2838,0,null,0,0,0
2839,0,null,0,0,0
2840,0,null,0,0,0
2841,0,null,0,0,0
2842,0,null,0,0,0
2843,0,null,0,0,0
2844,0,null,0,0,0
2845,0,null,0,0,0
2846,0,null,0,0,0
2847,0,null,0,0,0
2848,0,null,0,0,0
2849,0,null,0,0,0
2850,0,null,0,0,0
2851,0,null,0,0,0
2852,0,null,0,0,0
2853,0,null,0,0,0
2854,4,pi-,1,1,1
2855,0,null,0,0,0
2856,0,null,0,0,0
2857,0,null,0,0,0
2858,0,null,0,0,0
2859,0,null,0,0,0
2860,0,null,0,0,0
2861,0,null,0,0,0
2862,0,null,0,0,0
2863,0,null,0,0,0
2864,0,null,0,0,0
2865,0,null,0,0,0
2866,0,null,0,0,0
2867,0,null,0,0,0
2868,0,null,0,0,0
2869,0,null,0,0,0
2870,0,null,0,0,0
2871,0,null,0,0,0
2872,0,null,0,0,0
2873,3432,e-,0,1,0
2874,0,null,0,0,0
2875,0,null,0,0,0
2876,0,null,0,0,0
2877,0,null,0,0,0
2878,0,null,0,0,0
2879,0,null,0,0,0
2880,0,null,0,0,0
2881,0,null,0,0,0
2882,0,null,0,0,0
2883,0,null,0,0,0
2884,0,null,0,0,0
2885,0,null,0,0,0
2886,0,null,0,0,0
2887,0,null,0,0,0
2888,0,null,0,0,0
2889,0,null,0,0,0
2890,0,null,0,0,0
2891,0,null,0,0,0
2892,0,null,0,0,0
2893,16,pi-,1,1,1
2894,0,null,0,0,0
2895,0,null,0,0,0
2896,0,null,0,0,0
2897,0,null,0,0,0
2898,0,null,0,0,0
2899,0,null,0,0,0
2900,0,null,0,0,0
2901,0,null,0,0,0
2902,0,null,0,0,0
2903,0,null,0,0,0
2904,0,null,0,0,0
2905,1,primary_proton,1,1,1
2906,0,null,0,0,0
2907,0,null,0,0,0
2908,0,null,0,0,0
2909,0,null,0,0,0
2910,0,null,0,0,0
2911,592,e+,1,1,1
2912,0,null,0,0,0
2913,0,null,0,0,0
2914,0,null,0,0,0
2915,0,null,0,0,0
2916,0,null,0,0,0
2917,0,null,0,0,0
2918,0,null,0,0,0
2919,0,null,0,0,0
2920,0,null,0,0,0
2921,0,null,0,0,0
2923,0,null,0,0,0
2924,0,null,0,0,0
2925,0,null,0,0,0
2926,0,null,0,0,0
2927,0,null,0,0,0
2928,0,null,0,0,0
2929,0,null,0,0,0
2930,0,null,0,0,0
2931,0,null,0,0,0
2932,0,null,0,0,0
2933,0,null,0,0,0
2934,0,null,0,0,0
2935,0,null,0,0,0
2936,4,secondary_proton,1,1,1
2937,0,null,0,0,0
2938,0,null,0,0,0
2939,0,null,0,0,0
2940,0,null,0,0,0
2941,0,null,0,0,0
2942,0,null,0,0,0
2943,1,primary_proton,1,1,1
2944,0,null,0,0,0
2945,311,secondary_proton,1,1,0
2946,0,null,0,0,0
2947,0,null,0,0,0
2948,0,null,0,0,0
2949,0,null,0,0,0
2950,0,null,0,0,0
2951,0,null,0,0,0
2952,0,null,0,0,0
2953,0,null,0,0,0
2954,0,null,0,0,0
2955,3064,e+,1,1,1
2956,0,null,0,0,0
2957,0,null,0,0,0
2958,0,null,0,0,0
2959,0,null,0,0,0
2960,0,null,0,0,0
2961,0,null,0,0,0
2962,0,null,0,0,0
2963,0,null,0,0,0
2964,0,null,0,0,0
2965,0,null,0,0,0
2966,0,null,0,0,0
2967,0,null,0,0,0
2968,1,primary_proton,1,1,1
2969,0,null,0,0,0
2970,0,null,0,0,0
2971,0,null,0,0,0
2972,0,null,0,0,0
2973,0,null,0,0,0
2974,0,null,0,0,0
2975,0,null,0,0,0
2976,0,null,0,0,0
2977,40,kaon+,1,1,1
2978,0,null,0,0,0
2979,0,null,0,0,0
2980,0,null,0,0,0
2981,0,null,0,0,0
2982,8,secondary_proton,1,1,1
2983,0,null,0,0,0
2984,0,null,0,0,0
2985,1,primary_proton,1,1,1
2986,0,null,0,0,0
2987,0,null,0,0,0
2988,0,null,0,0,0
2989,0,null,0,0,0
2990,0,null,0,0,0
2991,0,null,0,0,0
2992,0,null,0,0,0
2993,0,null,0,0,0
2994,0,null,0,0,0
2995,0,null,0,0,0
2996,0,null,0,0,0
2997,0,null,0,0,0
2998,0,null,0,0,0
2999,0,null,0,0,0
3000,0,null,0,0,0
3001,0,null,0,0,0
3002,0,null,0,0,0
3003,0,null,0,0,0
3004,0,null,0,0,0
3005,0,null,0,0,0
3006,0,null,0,0,0
3007,0,null,0,0,0
3008,0,null,0,0,0
3009,0,null,0,0,0
3010,0,null,0,0,0
3011,0,null,0,0,0
3012,0,null,0,0,0
3013,0,null,0,0,0
3014,0,null,0,0,0
3015,0,null,0,0,0
3016,0,null,0,0,0
3017,0,null,0,0,0
3018,0,null,0,0,0
3019,0,null,0,0,0
3020,0,null,0,0,0
3021,0,null,0,0,0
3022,0,null,0,0,0
3023,0,null,0,0,0
3024,0,null,0,0,0
3025,0,null,0,0,0
3026,0,null,0,0,0
3027,0,null,0,0,0
3028,1,primary_proton,1,1,1
3029,0,null,0,0,0
3030,0,null,0,0,0
3031,0,null,0,0,0
3032,7275,e-,1,0,0
3033,0,null,0,0,0
3034,0,null,0,0,0
3035,10,secondary_proton,1,1,1
3036,0,null,0,0,0
3037,0,null,0,0,0
3038,0,null,0,0,0
3039,0,null,0,0,0
3040,0,null,0,0,0
3041,0,null,0,0,0
3042,1,primary_proton,1,1,1
3043,0,null,0,0,0
3044,0,null,0,0,0
3045,0,null,0,0,0
3046,0,null,0,0,0
3047,0,null,0,0,0
3048,11,pi-,1,1,1
3049,0,null,0,0,0
3050,0,null,0,0,0
3051,0,null,0,0,0
3052,0,null,0,0,0
3053,0,null,0,0,0
3054,0,null,0,0,0
3055,0,null,0,0,0
3056,0,null,0,0,0
3057,0,null,0,0,0
3058,0,null,0,0,0
3059,0,null,0,0,0
3060,0,null,0,0,0
3061,0,null,0,0,0
3062,0,null,0,0,0
3063,0,null,0,0,0
3064,0,null,0,0,0
3065,0,null,0,0,0
3066,0,null,0,0,0
3067,0,null,0,0,0
3068,0,null,0,0,0
3069,0,null,0,0,0
3070,0,null,0,0,0
3071,0,null,0,0,0
3072,0,null,0,0,0
3073,0,null,0,0,0
3074,0,null,0,0,0
3075,0,null,0,0,0
3076,0,null,0,0,0
3077,0,null,0,0,0
3078,0,null,0,0,0
3079,0,null,0,0,0
3080,0,null,0,0,0
3081,0,null,0,0,0
3082,0,null,0,0,0
3083,0,null,0,0,0
3084,0,null,0,0,0
3085,0,null,0,0,0
3086,0,null,0,0,0
3087,0,null,0,0,0
3088,23,pi+,1,1,1
3089,0,null,0,0,0
3090,0,null,0,0,0
3091,0,null,0,0,0
3092,0,null,0,0,0
3093,0,null,0,0,0
3094,0,null,0,0,0
3095,0,null,0,0,0
3096,0,null,0,0,0
3097,0,null,0,0,0
3098,0,null,0,0,0
3099,0,null,0,0,0
3100,0,null,0,0,0
3101,0,null,0,0,0
3102,0,null,0,0,0
3103,0,null,0,0,0
3104,0,null,0,0,0
3105,0,null,0,0,0
3106,0,null,0,0,0
3107,0,null,0,0,0
3108,0,null,0,0,0
3109,0,null,0,0,0
3110,0,null,0,0,0
3111,0,null,0,0,0
3112,0,null,0,0,0
3113,677,e-,1,1,0
3114,0,null,0,0,0
3115,11,pi+,1,1,1
3116,0,null,0,0,0
3117,0,null,0,0,0
3118,0,null,0,0,0
3119,0,null,0,0,0
3120,0,null,0,0,0
3121,0,null,0,0,0
3122,0,null,0,0,0
3123,0,null,0,0,0
3124,10,secondary_proton,1,1,1
3125,0,null,0,0,0
3126,1,primary_proton,1,1,1
3127,1202,e-,1,1,1
3128,0,null,0,0,0
3129,0,null,0,0,0
3130,0,null,0,0,0
3131,0,null,0,0,0
3132,1,primary_proton,1,1,1
3133,0,null,0,0,0
3134,0,null,0,0,0
3135,0,null,0,0,0
3136,0,null,0,0,0
3137,0,null,0,0,0
3138,0,null,0,0,0
3139,0,null,0,0,0
3140,0,null,0,0,0
3141,0,null,0,0,0
3143,0,null,0,0,0
3144,0,null,0,0,0
3145,0,null,0,0,0
3146,0,null,0,0,0
3147,0,null,0,0,0
3148,0,null,0,0,0
3149,0,null,0,0,0
3150,0,null,0,0,0
3151,0,null,0,0,0
3152,0,null,0,0,0
3153,0,null,0,0,0
3154,0,null,0,0,0
3155,0,null,0,0,0
3156,0,null,0,0,0
3157,0,null,0,0,0
3158,0,null,0,0,0
3159,0,null,0,0,0
3160,0,null,0,0,0
3161,0,null,0,0,0
3162,1,primary_proton,1,1,1
3163,0,null,0,0,0
3164,0,null,0,0,0
3165,0,null,0,0,0
3166,0,null,0,0,0
3167,0,null,0,0,0
3168,0,null,0,0,0
3169,0,null,0,0,0
3170,0,null,0,0,0
3171,0,null,0,0,0
3172,12,pi-,1,1,1
3173,0,null,0,0,0
3174,0,null,0,0,0
3175,0,null,0,0,0
3176,0,null,0,0,0
3177,0,null,0,0,0
3178,0,null,0,0,0
3179,0,null,0,0,0
3180,0,null,0,0,0
3181,1,primary_proton,1,1,1
3182,0,null,0,0,0
3183,0,null,0,0,0
3184,0,null,0,0,0
3185,0,null,0,0,0
3186,0,null,0,0,0
3187,5,secondary_proton,1,1,1
3188,0,null,0,0,0
3189,0,null,0,0,0
3190,0,null,0,0,0
3191,0,null,0,0,0
3192,0,null,0,0,0
3193,0,null,0,0,0
3194,0,null,0,0,0
3195,0,null,0,0,0
3196,0,null,0,0,0
3197,0,null,0,0,0
3198,52,secondary_proton,1,1,1
3199,0,null,0,0,0
3200,0,null,0,0,0
3201,0,null,0,0,0
3202,0,null,0,0,0
3203,0,null,0,0,0
3204,3,secondary_proton,1,1,1
3205,0,null,0,0,0
3206,0,null,0,0,0
3207,0,null,0,0,0
3208,0,null,0,0,0
3209,0,null,0,0,0
3210,1,primary_proton,1,1,1
3211,0,null,0,0,0
3212,0,null,0,0,0
3213,0,null,0,0,0
3214,0,null,0,0,0
3215,0,null,0,0,0
3216,0,null,0,0,0
3217,0,null,0,0,0
3218,0,null,0,0,0
3219,0,null,0,0,0
3220,0,null,0,0,0
3221,0,null,0,0,0
3222,0,null,0,0,0
3223,1,primary_proton,1,1,1
3224,0,null,0,0,0
3225,0,null,0,0,0
3226,0,null,0,0,0
3227,0,null,0,0,0
3228,0,null,0,0,0
3229,0,null,0,0,0
3230,0,null,0,0,0
3231,0,null,0,0,0
3232,0,null,0,0,0
3233,0,null,0,0,0
3234,0,null,0,0,0
3235,0,null,0,0,0
3236,0,null,0,0,0
3237,16,secondary_proton,1,1,1
3238,0,null,0,0,0
3239,1,primary_proton,1,1,1
3240,0,null,0,0,0
3241,0,null,0,0,0
3242,0,null,0,0,0
3243,0,null,0,0,0
3244,0,null,0,0,0
3245,0,null,0,0,0
3246,0,null,0,0,0
3247,0,null,0,0,0
3248,0,null,0,0,0
3249,0,null,0,0,0
3250,0,null,0,0,0
3251,0,null,0,0,0
3252,0,null,0,0,0
3253,0,null,0,0,0
3254,0,null,0,0,0
3255,0,null,0,0,0
3256,0,null,0,0,0
3257,0,null,0,0,0
3258,0,null,0,0,0
3259,0,null,0,0,0
3260,0,null,0,0,0
3261,0,null,0,0,0
3262,0,null,0,0,0
3263,0,null,0,0,0
3264,0,null,0,0,0
3265,0,null,0,0,0
3266,0,null,0,0,0
3267,0,null,0,0,0
3268,0,null,0,0,0
3269,0,null,0,0,0
3270,0,null,0,0,0
3271,0,null,0,0,0
3272,0,null,0,0,0
3273,0,null,0,0,0
3274,0,null,0,0,0
3275,0,null,0,0,0
3276,0,null,0,0,0
3277,0,null,0,0,0
3278,0,null,0,0,0
3279,0,null,0,0,0
3280,0,null,0,0,0
3281,0,null,0,0,0
3282,0,null,0,0,0
3283,0,null,0,0,0
3284,0,null,0,0,0
3285,25,secondary_proton,1,1,1
3286,0,null,0,0,0
3287,0,null,0,0,0
3288,0,null,0,0,0
3289,0,null,0,0,0
3290,0,null,0,0,0
3291,0,null,0,0,0
3292,0,null,0,0,0
3293,0,null,0,0,0
3294,0,null,0,0,0
3295,0,null,0,0,0
3296,0,null,0,0,0
3297,6,pi-,1,1,1
3298,0,null,0,0,0
3299,0,null,0,0,0
3300,0,null,0,0,0
3301,0,null,0,0,0
3302,0,null,0,0,0
3303,0,null,0,0,0
3304,0,null,0,0,0
3305,0,null,0,0,0
3306,0,null,0,0,0
3307,0,null,0,0,0
3308,0,null,0,0,0
3309,0,null,0,0,0
3310,0,null,0,0,0
3311,0,null,0,0,0
3312,0,null,0,0,0
3313,0,null,0,0,0
3314,0,null,0,0,0
3315,0,null,0,0,0
3316,0,null,0,0,0
3317,0,null,0,0,0
3318,0,null,0,0,0
3319,0,null,0,0,0
3320,0,null,0,0,0
3321,0,null,0,0,0
3322,0,null,0,0,0
3323,0,null,0,0,0
3324,0,null,0,0,0
3325,0,null,0,0,0
3326,0,null,0,0,0
3327,0,null,0,0,0
3328,0,null,0,0,0
3329,0,null,0,0,0
3330,0,null,0,0,0
3331,0,null,0,0,0
3332,0,null,0,0,0
3333,0,null,0,0,0
3334,0,null,0,0,0
3335,0,null,0,0,0
3336,0,null,0,0,0
3337,0,null,0,0,0
3338,0,null,0,0,0
3339,0,null,0,0,0
3340,0,null,0,0,0
3341,0,null,0,0,0
3342,0,null,0,0,0
3343,9,pi+,1,1,1
3344,0,null,0,0,0
3345,0,null,0,0,0
3346,0,null,0,0,0
3347,0,null,0,0,0
3348,0,null,0,0,0
3349,0,null,0,0,0
3350,0,null,0,0,0
3351,0,null,0,0,0
3352,0,null,0,0,0
3353,0,null,0,0,0
3354,0,null,0,0,0
3355,0,null,0,0,0
3356,0,null,0,0,0
3357,0,null,0,0,0
3358,0,null,0,0,0
3359,0,null,0,0,0
3360,0,null,0,0,0
3361,0,null,0,0,0
3362,0,null,0,0,0
3364,0,null,0,0,0
3365,0,null,0,0,0
3366,0,null,0,0,0
3367,0,null,0,0,0
3368,0,null,0,0,0
3369,0,null,0,0,0
3370,1,primary_proton,1,1,1
3371,0,null,0,0,0
3372,0,null,0,0,0
3373,7,secondary_proton,1,1,1
3374,1,primary_proton,1,1,1
3375,0,null,0,0,0
3376,0,null,0,0,0
3377,0,null,0,0,0
3378,0,null,0,0,0
3379,0,null,0,0,0
3380,0,null,0,0,0
3381,0,null,0,0,0
3382,0,null,0,0,0
3383,0,null,0,0,0
3384,0,null,0,0,0
3385,4,secondary_proton,1,1,1
3386,0,null,0,0,0
3387,0,null,0,0,0
3388,0,null,0,0,0
3389,0,null,0,0,0
3390,0,null,0,0,0
3391,0,null,0,0,0
3392,1,primary_proton,1,1,0
3393,4,secondary_proton,1,1,1
3394,0,null,0,0,0
3395,0,null,0,0,0
3396,0,null,0,0,0
3397,0,null,0,0,0
3398,0,null,0,0,0
3399,1,primary_proton,1,1,1
3400,0,null,0,0,0
3401,0,null,0,0,0
3402,0,null,0,0,0
3403,0,null,0,0,0
3404,0,null,0,0,0
3405,0,null,0,0,0
3406,0,null,0,0,0
3407,0,null,0,0,0
3408,0,null,0,0,0
3409,0,null,0,0,0
3410,0,null,0,0,0
3411,0,null,0,0,0
3412,0,null,0,0,0
3413,0,null,0,0,0
3414,0,null,0,0,0
3415,0,null,0,0,0
3416,0,null,0,0,0
3417,0,null,0,0,0
3418,0,null,0,0,0
3419,0,null,0,0,0
3420,0,null,0,0,0
3421,0,null,0,0,0
3422,0,null,0,0,0
3423,0,null,0,0,0
3424,0,null,0,0,0
3425,0,null,0,0,0
3426,0,null,0,0,0
3427,0,null,0,0,0
3428,0,null,0,0,0
3429,0,null,0,0,0
3430,0,null,0,0,0
3431,0,null,0,0,0
3432,0,null,0,0,0
3433,0,null,0,0,0
3434,0,null,0,0,0
3435,0,null,0,0,0
3436,0,null,0,0,0
3437,0,null,0,0,0
3438,8,pi-,1,1,1
3439,0,null,0,0,0
3440,0,null,0,0,0
3441,0,null,0,0,0
3442,0,null,0,0,0
3443,0,null,0,0,0
3444,0,null,0,0,0
3445,0,null,0,0,0
3446,0,null,0,0,0
3447,0,null,0,0,0
3448,0,null,0,0,0
3449,0,null,0,0,0
3450,0,null,0,0,0
3451,6,kaon+,1,1,1
3452,3,secondary_proton,1,0,0
3453,0,null,0,0,0
3454,0,null,0,0,0
3455,0,null,0,0,0
3456,0,null,0,0,0
3457,1,primary_proton,1,1,1
3458,0,null,0,0,0
3459,0,null,0,0,0
3460,0,null,0,0,0
3461,0,null,0,0,0
3462,0,null,0,0,0
3463,0,null,0,0,0
3464,0,null,0,0,0
3465,0,null,0,0,0
3466,0,null,0,0,0
3467,0,null,0,0,0
3468,0,null,0,0,0
3469,0,null,0,0,0
3470,0,null,0,0,0
3471,1,primary_proton,1,1,1
3472,0,null,0,0,0
3473,0,null,0,0,0
3474,0,null,0,0,0
3475,0,null,0,0,0
3476,0,null,0,0,0
3477,0,null,0,0,0
3478,0,null,0,0,0
3479,0,null,0,0,0
3480,0,null,0,0,0
3481,0,null,0,0,0
3482,0,null,0,0,0
3483,0,null,0,0,0
3484,0,null,0,0,0
3485,0,null,0,0,0
3486,0,null,0,0,0
3487,0,null,0,0,0
3488,1,primary_proton,1,1,1
3489,0,null,0,0,0
3490,0,null,0,0,0
3491,0,null,0,0,0
3492,0,null,0,0,0
3493,0,null,0,0,0
3494,0,null,0,0,0
3495,0,null,0,0,0
3496,0,null,0,0,0
3497,0,null,0,0,0
3498,0,null,0,0,0
3499,0,null,0,0,0
3500,0,null,0,0,0
3501,0,null,0,0,0
3502,0,null,0,0,0
3503,0,null,0,0,0
3504,0,null,0,0,0
3505,0,null,0,0,0
3506,0,null,0,0,0
3507,0,null,0,0,0
3508,0,null,0,0,0
3509,0,null,0,0,0
3510,0,null,0,0,0
3511,0,null,0,0,0
3512,0,null,0,0,0
3513,0,null,0,0,0
3514,0,null,0,0,0
3515,0,null,0,0,0
3516,0,null,0,0,0
3517,0,null,0,0,0
3518,0,null,0,0,0
3519,0,null,0,0,0
3520,0,null,0,0,0
3521,0,null,0,0,0
3522,0,null,0,0,0
3523,0,null,0,0,0
3524,0,null,0,0,0
3525,0,null,0,0,0
3526,0,null,0,0,0
3527,0,null,0,0,0
3528,0,null,0,0,0
3529,0,null,0,0,0
3530,0,null,0,0,0
3531,1,primary_proton,1,1,1
3532,1485,secondary_proton,1,1,1
3533,1,primary_proton,1,1,1
3534,0,null,0,0,0
3535,0,null,0,0,0
3536,0,null,0,0,0
3537,0,null,0,0,0
3538,0,null,0,0,0
3539,0,null,0,0,0
3540,0,null,0,0,0
3541,0,null,0,0,0
3542,0,null,0,0,0
3543,0,null,0,0,0
3544,0,null,0,0,0
3545,0,null,0,0,0
3546,0,null,0,0,0
3547,0,null,0,0,0
3548,0,null,0,0,0
3549,0,null,0,0,0
3550,0,null,0,0,0
3551,0,null,0,0,0
3552,0,null,0,0,0
3553,0,null,0,0,0
3554,0,null,0,0,0
3555,0,null,0,0,0
3556,0,null,0,0,0
3557,0,null,0,0,0
3558,0,null,0,0,0
3559,0,null,0,0,0
3560,0,null,0,0,0
3561,0,null,0,0,0
3562,0,null,0,0,0
3563,0,null,0,0,0
3564,0,null,0,0,0
3565,0,null,0,0,0
3566,0,null,0,0,0
3567,0,null,0,0,0
3568,0,null,0,0,0
3569,0,null,0,0,0
3570,15,secondary_proton,1,1,1
3571,0,null,0,0,0
3572,12,pi+,1,1,1
3573,0,null,0,0,0
3574,0,null,0,0,0
3575,0,null,0,0,0
3576,0,null,0,0,0
3577,0,null,0,0,0
3578,0,null,0,0,0
3579,0,null,0,0,0
3580,0,null,0,0,0
3582,0,null,0,0,0
3583,0,null,0,0,0
3584,0,null,0,0,0
3585,12,pi+,1,1,1
3586,0,null,0,0,0
3587,0,null,0,0,0
3588,0,null,0,0,0
3589,0,null,0,0,0
3590,12,pi+,1,1,1
3591,0,null,0,0,0
3592,0,null,0,0,0
3593,0,null,0,0,0
3594,0,null,0,0,0
3595,0,null,0,0,0
3596,8,pi+,1,1,1
3597,1,primary_proton,1,1,1
3598,0,null,0,0,0
3599,0,null,0,0,0
3600,0,null,0,0,0
3601,0,null,0,0,0
3602,0,null,0,0,0
3603,0,null,0,0,0
3604,0,null,0,0,0
3605,0,null,0,0,0
3606,7,pi-,1,1,1
3607,0,null,0,0,0
3608,0,null,0,0,0
3609,0,null,0,0,0
3610,10,pi-,1,1,1
3611,0,null,0,0,0
3612,0,null,0,0,0
3613,0,null,0,0,0
3614,0,null,0,0,0
3615,1,primary_proton,1,1,1
3616,0,null,0,0,0
3617,0,null,0,0,0
3618,0,null,0,0,0
3619,0,null,0,0,0
3620,0,null,0,0,0
3621,0,null,0,0,0
3622,0,null,0,0,0
3623,0,null,0,0,0
3624,0,null,0,0,0
3625,0,null,0,0,0
3626,0,null,0,0,0
3627,0,null,0,0,0
3628,0,null,0,0,0
3629,0,null,0,0,0
3630,0,null,0,0,0
3631,18,pi-,1,1,1
3632,0,null,0,0,0
3633,0,null,0,0,0
3634,0,null,0,0,0
3635,0,null,0,0,0
3636,0,null,0,0,0
3637,0,null,0,0,0
3638,0,null,0,0,0
3639,0,null,0,0,0
3640,0,null,0,0,0
3641,0,null,0,0,0
3642,0,null,0,0,0
3643,0,null,0,0,0
3644,0,null,0,0,0
3645,0,null,0,0,0
3646,0,null,0,0,0
3647,0,null,0,0,0
3648,0,null,0,0,0
3649,0,null,0,0,0
3650,0,null,0,0,0
3651,0,null,0,0,0
3652,0,null,0,0,0
3653,0,null,0,0,0
3654,0,null,0,0,0
3655,0,null,0,0,0
3656,0,null,0,0,0
3657,0,null,0,0,0
3658,0,null,0,0,0
3659,0,null,0,0,0
3660,0,null,0,0,0
3661,0,null,0,0,0
3662,0,null,0,0,0
3663,1766,e-,1,0,0
3664,0,null,0,0,0
3665,0,null,0,0,0
3666,0,null,0,0,0
3667,0,null,0,0,0
3668,0,null,0,0,0
3669,0,null,0,0,0
3670,0,null,0,0,0
3671,0,null,0,0,0
3672,0,null,0,0,0
3673,0,null,0,0,0
3674,0,null,0,0,0
3675,0,null,0,0,0
3676,16,secondary_proton,1,1,1
3677,0,null,0,0,0
3678,0,null,0,0,0
3679,0,null,0,0,0
3680,0,null,0,0,0
3681,0,null,0,0,0
3682,0,null,0,0,0
3683,0,null,0,0,0
3684,0,null,0,0,0
3685,0,null,0,0,0
3686,0,null,0,0,0
3687,0,null,0,0,0
3688,0,null,0,0,0
3689,0,null,0,0,0
3690,0,null,0,0,0
3691,0,null,0,0,0
3692,0,null,0,0,0
3693,0,null,0,0,0
3694,0,null,0,0,0
3695,0,null,0,0,0
3696,0,null,0,0,0
3697,0,null,0,0,0
3698,0,null,0,0,0
3699,0,null,0,0,0
3700,0,null,0,0,0
3701,0,null,0,0,0
3702,0,null,0,0,0
3703,0,null,0,0,0
3704,0,null,0,0,0
3705,0,null,0,0,0
3706,0,null,0,0,0
3707,0,null,0,0,0
3708,0,null,0,0,0
3709,0,null,0,0,0
3710,0,null,0,0,0
3711,0,null,0,0,0
3712,0,null,0,0,0
3713,0,null,0,0,0
3714,0,null,0,0,0
3715,0,null,0,0,0
3716,0,null,0,0,0
3717,7299,e-,0,0,1
3718,0,null,0,0,0
3719,0,null,0,0,0
3720,10,secondary_proton,1,1,1
3721,0,null,0,0,0
3722,0,null,0,0,0
3723,0,null,0,0,0
3724,0,null,0,0,0
3725,0,null,0,0,0
3726,0,null,0,0,0
3727,0,null,0,0,0
3728,0,null,0,0,0
3729,0,null,0,0,0
3730,0,null,0,0,0
3731,0,null,0,0,0
3732,0,null,0,0,0
3733,0,null,0,0,0
3734,0,null,0,0,0
3735,0,null,0,0,0
3736,0,null,0,0,0
3737,0,null,0,0,0
3738,0,null,0,0,0
3739,0,null,0,0,0
3740,0,null,0,0,0
3741,0,null,0,0,0
3742,0,null,0,0,0
3743,0,null,0,0,0
3744,0,null,0,0,0
3745,0,null,0,0,0
3746,0,null,0,0,0
3747,0,null,0,0,0
3748,0,null,0,0,0
3749,0,null,0,0,0
3750,1,primary_proton,1,1,1
3751,0,null,0,0,0
3752,0,null,0,0,0
3753,0,null,0,0,0
3754,0,null,0,0,0
3755,0,null,0,0,0
3756,0,null,0,0,0
3757,12,pi+,1,0,0
3758,0,null,0,0,0
3759,0,null,0,0,0
3760,0,null,0,0,0
3761,0,null,0,0,0
3762,0,null,0,0,0
3763,0,null,0,0,0
3764,0,null,0,0,0
3765,0,null,0,0,0
3766,0,null,0,0,0
3767,13,pi+,1,1,1
3768,0,null,0,0,0
3769,0,null,0,0,0
3770,0,null,0,0,0
3771,0,null,0,0,0
3772,0,null,0,0,0
3773,8,pi+,1,1,1
3774,0,null,0,0,0
3775,1,primary_proton,1,1,1
3776,0,null,0,0,0
3777,0,null,0,0,0
3778,0,null,0,0,0
3779,0,null,0,0,0
3780,0,null,0,0,0
3781,0,null,0,0,0
3782,1,primary_proton,1,1,1
3783,0,null,0,0,0
3784,0,null,0,0,0
3785,1578,e-,1,1,1
3786,0,null,0,0,0
3787,0,null,0,0,0
3788,0,null,0,0,0
3789,0,null,0,0,0
3790,0,null,0,0,0
3791,0,null,0,0,0
3792,0,null,0,0,0
3793,0,null,0,0,0
3794,0,null,0,0,0
3795,0,null,0,0,0
3796,0,null,0,0,0
3797,0,null,0,0,0
3798,0,null,0,0,0
3799,0,null,0,0,0
3800,0,null,0,0,0
3801,0,null,0,0,0
3802,0,null,0,0,0
3803,0,null,0,0,0
3804,0,null,0,0,0
3806,0,null,0,0,0
3807,0,null,0,0,0
3808,0,null,0,0,0
3809,0,null,0,0,0
3810,0,null,0,0,0
3811,0,null,0,0,0
3812,0,null,0,0,0
3813,0,null,0,0,0
3814,0,null,0,0,0
3815,0,null,0,0,0
3816,0,null,0,0,0
3817,0,null,0,0,0
3818,0,null,0,0,0
3819,0,null,0,0,0
3820,0,null,0,0,0
3821,0,null,0,0,0
3822,0,null,0,0,0
3823,0,null,0,0,0
3824,0,null,0,0,0
3825,0,null,0,0,0
3826,11,pi-,1,1,0
3827,0,null,0,0,0
3828,1,primary_proton,1,1,1
3829,0,null,0,0,0
3830,0,null,0,0,0
3831,0,null,0,0,0
3832,0,null,0,0,0
3833,0,null,0,0,0
3834,1,primary_proton,1,1,1
3835,0,null,0,0,0
3836,0,null,0,0,0
3837,0,null,0,0,0
3838,0,null,0,0,0
3839,0,null,0,0,0
3840,0,null,0,0,0
3841,0,null,0,0,0
3842,1,primary_proton,1,1,1
3843,0,null,0,0,0
3844,0,null,0,0,0
3845,0,null,0,0,0
3846,0,null,0,0,0
3847,0,null,0,0,0
3848,0,null,0,0,0
3849,0,null,0,0,0
3850,1,primary_proton,1,1,1
3851,0,null,0,0,0
3852,0,null,0,0,0
3853,0,null,0,0,0
3854,0,null,0,0,0
3855,0,null,0,0,0
3856,0,null,0,0,0
3857,0,null,0,0,0
3858,0,null,0,0,0
3859,0,null,0,0,0
3860,0,null,0,0,0
3861,0,null,0,0,0
3862,0,null,0,0,0
3863,0,null,0,0,0
3864,0,null,0,0,0
3865,0,null,0,0,0
3866,0,null,0,0,0
3867,0,null,0,0,0
3868,0,null,0,0,0
3869,0,null,0,0,0
3870,0,null,0,0,0
3871,0,null,0,0,0
3872,0,null,0,0,0
3873,0,null,0,0,0
3874,0,null,0,0,0
3875,0,null,0,0,0
3876,0,null,0,0,0
3877,0,null,0,0,0
3878,0,null,0,0,0
3879,0,null,0,0,0
3880,0,null,0,0,0
3881,0,null,0,0,0
3882,0,null,0,0,0
3883,0,null,0,0,0
3884,0,null,0,0,0
3885,0,null,0,0,0
3886,0,null,0,0,0
3887,0,null,0,0,0
3888,0,null,0,0,0
3889,0,null,0,0,0
3890,0,null,0,0,0
3891,0,null,0,0,0
3892,0,null,0,0,0
3893,0,null,0,0,0
3894,0,null,0,0,0
3895,0,null,0,0,0
3896,0,null,0,0,0
3897,0,null,0,0,0
3898,0,null,0,0,0
3899,0,null,0,0,0
3900,0,null,0,0,0
3901,0,null,0,0,0
3902,0,null,0,0,0
3903,0,null,0,0,0
3904,0,null,0,0,0
3905,0,null,0,0,0
3906,13,pi+,1,1,1
3907,0,null,0,0,0
3908,0,null,0,0,0
3909,0,null,0,0,0
3910,0,null,0,0,0
3911,0,null,0,0,0
3912,0,null,0,0,0
3913,0,null,0,0,0
3914,0,null,0,0,0
3915,0,null,0,0,0
3916,0,null,0,0,0
3917,0,null,0,0,0
3918,0,null,0,0,0
3919,0,null,0,0,0
3920,0,null,0,0,0
3921,0,null,0,0,0
3922,0,null,0,0,0
3923,0,null,0,0,0
3924,0,null,0,0,0
3925,0,null,0,0,0
3926,0,null,0,0,0
3927,9,secondary_proton,1,0,0
3928,0,null,0,0,0
3929,0,null,0,0,0
3930,0,null,0,0,0
3931,0,null,0,0,0
3932,0,null,0,0,0
3933,0,null,0,0,0
3934,0,null,0,0,0
3935,0,null,0,0,0
3936,0,null,0,0,0
3937,0,null,0,0,0
3938,0,null,0,0,0
3939,0,null,0,0,0
3940,1,primary_proton,1,1,1
3941,0,null,0,0,0
3942,0,null,0,0,0
3943,0,null,0,0,0
3944,0,null,0,0,0
3945,0,null,0,0,0
3946,0,null,0,0,0
3947,0,null,0,0,0
3948,0,null,0,0,0
3949,0,null,0,0,0
3950,1,primary_proton,1,1,1
3951,0,null,0,0,0
3952,0,null,0,0,0
3953,1,primary_proton,1,1,1
3954,1,primary_proton,1,1,1
3955,19,pi-,1,1,1
3956,0,null,0,0,0
3957,0,null,0,0,0
3958,0,null,0,0,0
3959,0,null,0,0,0
3960,0,null,0,0,0
3961,0,null,0,0,0
3962,0,null,0,0,0
3963,0,null,0,0,0
3964,0,null,0,0,0
3965,0,null,0,0,0
3966,0,null,0,0,0
3967,0,null,0,0,0
3968,0,null,0,0,0
3969,0,null,0,0,0
3970,0,null,0,0,0
3971,0,null,0,0,0
3972,0,null,0,0,0
3973,0,null,0,0,0
3974,0,null,0,0,0
3975,0,null,0,0,0
3976,0,null,0,0,0
3977,3820,secondary_proton,1,0,0
3978,0,null,0,0,0
3979,0,null,0,0,0
3980,0,null,0,0,0
3981,0,null,0,0,0
3982,0,null,0,0,0
3983,0,null,0,0,0
3984,0,null,0,0,0
3985,0,null,0,0,0
3986,0,null,0,0,0
3987,0,null,0,0,0
3988,0,null,0,0,0
3989,0,null,0,0,0
3990,0,null,0,0,0
3991,0,null,0,0,0
3992,0,null,0,0,0
3993,0,null,0,0,0
3994,0,null,0,0,0
3995,0,null,0,0,0
3996,0,null,0,0,0
3997,0,null,0,0,0
3998,16,pi+,1,1,1
3999,0,null,0,0,0
4000,0,null,0,0,0
4001,6,pi+,1,1,1
4002,0,null,0,0,0
4003,0,null,0,0,0
4004,0,null,0,0,0
4005,0,null,0,0,0
4006,0,null,0,0,0
4007,1,primary_proton,1,1,1
4008,0,null,0,0,0
4009,0,null,0,0,0
4010,0,null,0,0,0
4011,0,null,0,0,0
4012,1,primary_proton,1,1,1
4013,0,null,0,0,0
4014,0,null,0,0,0
4015,0,null,0,0,0
4016,0,null,0,0,0
4017,0,null,0,0,0
4018,0,null,0,0,0
4019,0,null,0,0,0
4020,0,null,0,0,0
4021,0,null,0,0,0
4022,0,null,0,0,0
4023,0,null,0,0,0
4024,0,null,0,0,0
4026,0,null,0,0,0
4027,0,null,0,0,0
4028,0,null,0,0,0
4029,0,null,0,0,0
4030,0,null,0,0,0
4031,0,null,0,0,0
4032,0,null,0,0,0
4033,7832,e-,1,1,1
4034,0,null,0,0,0
4035,0,null,0,0,0
4036,0,null,0,0,0
4037,0,null,0,0,0
4038,0,null,0,0,0
4039,0,null,0,0,0
4040,0,null,0,0,0
4041,0,null,0,0,0
4042,0,null,0,0,0
4043,0,null,0,0,0
4044,0,null,0,0,0
4045,0,null,0,0,0
4046,0,null,0,0,0
4047,0,null,0,0,0
4048,0,null,0,0,0
4049,0,null,0,0,0
4050,0,null,0,0,0
4051,0,null,0,0,0
4052,0,null,0,0,0
4053,4198,secondary_proton,1,1,1
4054,0,null,0,0,0
4055,0,null,0,0,0
4056,0,null,0,0,0
4057,0,null,0,0,0
4058,0,null,0,0,0
4059,0,null,0,0,0
4060,0,null,0,0,0
4061,0,null,0,0,0
4062,0,null,0,0,0
4063,0,null,0,0,0
4064,0,null,0,0,0
4065,0,null,0,0,0
4066,0,null,0,0,0
4067,0,null,0,0,0
4068,0,null,0,0,0
4069,0,null,0,0,0
4070,0,null,0,0,0
4071,0,null,0,0,0
4072,0,null,0,0,0
4073,0,null,0,0,0
4074,2918,pi-,1,1,1
4075,0,null,0,0,0
4076,0,null,0,0,0
4077,0,null,0,0,0
4078,0,null,0,0,0
4079,0,null,0,0,0
4080,1,primary_proton,1,1,1
4081,16,pi+,1,0,0
4082,0,null,0,0,0
4083,0,null,0,0,0
4084,0,null,0,0,0
4085,0,null,0,0,0
4086,0,null,0,0,0
4087,0,null,0,0,0
4088,0,null,0,0,0
4089,0,null,0,0,0
4090,0,null,0,0,0
4091,0,null,0,0,0
4092,0,null,0,0,0
4093,0,null,0,0,0
4094,0,null,0,0,0
4095,1,primary_proton,1,1,1
4096,1,primary_proton,1,1,1
4097,0,null,0,0,0
4098,0,null,0,0,0
4099,0,null,0,0,0
4100,0,null,0,0,0
4101,0,null,0,0,0
4102,0,null,0,0,0
4103,0,null,0,0,0
4104,0,null,0,0,0
4105,0,null,0,0,0
4106,0,null,0,0,0
4107,0,null,0,0,0
4108,0,null,0,0,0
4109,0,null,0,0,0
4110,0,null,0,0,0
4111,0,null,0,0,0
4112,0,null,0,0,0
4113,0,null,0,0,0
4114,0,null,0,0,0
4115,0,null,0,0,0
4116,0,null,0,0,0
4117,0,null,0,0,0
4118,0,null,0,0,0
4119,0,null,0,0,0
4120,0,null,0,0,0
4121,0,null,0,0,0
4122,0,null,0,0,0
4123,0,null,0,0,0
4124,0,null,0,0,0
4125,0,null,0,0,0
4126,0,null,0,0,0
4127,0,null,0,0,0
4128,0,null,0,0,0
4129,0,null,0,0,0
4130,0,null,0,0,0
4131,1,primary_proton,1,1,1
4132,0,null,0,0,0
4133,0,null,0,0,0
4134,8,secondary_proton,1,1,0
4135,0,null,0,0,0
4136,0,null,0,0,0
4137,0,null,0,0,0
4138,0,null,0,0,0
4139,1,primary_proton,1,1,1
4140,0,null,0,0,0
4141,10,pi+,1,1,1
4142,0,null,0,0,0
4143,0,null,0,0,0
4144,0,null,0,0,0
4145,0,null,0,0,0
4146,0,null,0,0,0
4147,0,null,0,0,0
4148,0,null,0,0,0
4149,0,null,0,0,0
4150,0,null,0,0,0
4151,0,null,0,0,0
4152,0,null,0,0,0
4153,0,null,0,0,0
4154,0,null,0,0,0
4155,0,null,0,0,0
4156,0,null,0,0,0
4157,9,pi+,1,1,1
4158,0,null,0,0,0
4159,0,null,0,0,0
4160,0,null,0,0,0
4161,0,null,0,0,0
4162,0,null,0,0,0
4163,0,null,0,0,0
4164,8,pi-,1,1,1
4165,2,secondary_proton,1,1,0
4166,0,null,0,0,0
4167,0,null,0,0,0
4168,0,null,0,0,0
4169,0,null,0,0,0
4170,0,null,0,0,0
4171,0,null,0,0,0
4172,0,null,0,0,0
4173,0,null,0,0,0
4174,0,null,0,0,0
4175,6446,e-,0,1,0
4176,0,null,0,0,0
4177,0,null,0,0,0
4178,0,null,0,0,0
4179,0,null,0,0,0
4180,0,null,0,0,0
4181,0,null,0,0,0
4182,0,null,0,0,0
4183,0,null,0,0,0
4184,0,null,0,0,0
4185,0,null,0,0,0
4186,0,null,0,0,0
4187,0,null,0,0,0
4188,0,null,0,0,0
4189,0,null,0,0,0
4190,0,null,0,0,0
4191,0,null,0,0,0
4192,0,null,0,0,0
4193,0,null,0,0,0
4194,0,null,0,0,0
4195,0,null,0,0,0
4196,0,null,0,0,0
4197,0,null,0,0,0
4198,0,null,0,0,0
4199,0,null,0,0,0
4200,0,null,0,0,0
4201,0,null,0,0,0
4202,0,null,0,0,0
4203,0,null,0,0,0
4204,0,null,0,0,0
4205,0,null,0,0,0
4206,0,null,0,0,0
4207,1,primary_proton,1,1,1
4208,0,null,0,0,0
4209,0,null,0,0,0
4210,396,e-,1,1,1
4211,0,null,0,0,0
4212,0,null,0,0,0
4213,0,null,0,0,0
4214,0,null,0,0,0
4215,0,null,0,0,0
4216,0,null,0,0,0
4217,0,null,0,0,0
4218,0,null,0,0,0
4219,0,null,0,0,0
4220,0,null,0,0,0
4221,0,null,0,0,0
4222,0,null,0,0,0
4223,0,null,0,0,0
4224,0,null,0,0,0
4225,0,null,0,0,0
4226,0,null,0,0,0
4227,0,null,0,0,0
4228,0,null,0,0,0
4229,0,null,0,0,0
4230,6,secondary_proton,1,1,0
4231,0,null,0,0,0
4232,0,null,0,0,0
4233,0,null,0,0,0
4234,0,null,0,0,0
4235,0,null,0,0,0
4236,0,null,0,0,0
4237,0,null,0,0,0
4238,0,null,0,0,0
4239,0,null,0,0,0
4240,135,pi+,1,1,1
4241,0,null,0,0,0
4242,1,primary_proton,1,1,1
4243,0,null,0,0,0
4244,0,null,0,0,0
4245,0,null,0,0,0
4247,0,null,0,0,0
4248,0,null,0,0,0
4249,0,null,0,0,0
4250,0,null,0,0,0
4251,0,null,0,0,0
4252,0,null,0,0,0
4253,0,null,0,0,0
4254,0,null,0,0,0
4255,0,null,0,0,0
4256,0,null,0,0,0
4257,0,null,0,0,0
4258,0,null,0,0,0
4259,0,null,0,0,0
4260,0,null,0,0,0
4261,0,null,0,0,0
4262,0,null,0,0,0
4263,0,null,0,0,0
4264,0,null,0,0,0
4265,0,null,0,0,0
4266,0,null,0,0,0
4267,0,null,0,0,0
4268,0,null,0,0,0
4269,0,null,0,0,0
4270,0,null,0,0,0
4271,0,null,0,0,0
4272,0,null,0,0,0
4273,0,null,0,0,0
4274,0,null,0,0,0
4275,0,null,0,0,0
4276,0,null,0,0,0
4277,0,null,0,0,0
4278,0,null,0,0,0
4279,0,null,0,0,0
4280,0,null,0,0,0
4281,1,primary_proton,1,1,1
4282,0,null,0,0,0
4283,92,pi+,1,1,1
4284,0,null,0,0,0
4285,0,null,0,0,0
4286,4,secondary_proton,1,0,0
4287,0,null,0,0,0
4288,0,null,0,0,0
4289,0,null,0,0,0
4290,0,null,0,0,0
4291,0,null,0,0,0
4292,0,null,0,0,0
4293,0,null,0,0,0
4294,0,null,0,0,0
4295,0,null,0,0,0
4296,0,null,0,0,0
4297,0,null,0,0,0
4298,0,null,0,0,0
4299,0,null,0,0,0
4300,0,null,0,0,0
4301,0,null,0,0,0
4302,0,null,0,0,0
4303,0,null,0,0,0
4304,0,null,0,0,0
4305,0,null,0,0,0
4306,0,null,0,0,0
4307,0,null,0,0,0
4308,0,null,0,0,0
4309,0,null,0,0,0
4310,0,null,0,0,0
4311,0,null,0,0,0
4312,4,secondary_proton,1,1,1
4313,0,null,0,0,0
4314,0,null,0,0,0
4315,0,null,0,0,0
4316,0,null,0,0,0
4317,1,primary_proton,1,1,1
4318,0,null,0,0,0
4319,0,null,0,0,0
4320,0,null,0,0,0
4321,0,null,0,0,0
4322,0,null,0,0,0
4323,0,null,0,0,0
4324,0,null,0,0,0
4325,0,null,0,0,0
4326,0,null,0,0,0
4327,92,pi-,1,1,1
4328,1,primary_proton,1,1,1
4329,0,null,0,0,0
4330,0,null,0,0,0
4331,0,null,0,0,0
4332,0,null,0,0,0
4333,0,null,0,0,0
4334,0,null,0,0,0
4335,0,null,0,0,0
4336,0,null,0,0,0
4337,0,null,0,0,0
4338,0,null,0,0,0
4339,0,null,0,0,0
4340,0,null,0,0,0
4341,0,null,0,0,0
4342,0,null,0,0,0
4343,0,null,0,0,0
4344,0,null,0,0,0
4345,0,null,0,0,0
4346,0,null,0,0,0
4347,0,null,0,0,0
4348,0,null,0,0,0
4349,0,null,0,0,0
4350,0,null,0,0,0
4351,0,null,0,0,0
4352,30,pi+,1,1,1
4353,0,null,0,0,0
4354,0,null,0,0,0
4355,0,null,0,0,0
4356,0,null,0,0,0
4357,0,null,0,0,0
4358,0,null,0,0,0
4359,2398,secondary_proton,1,0,0
4360,0,null,0,0,0
4361,0,null,0,0,0
4362,0,null,0,0,0
4363,0,null,0,0,0
4364,0,null,0,0,0
4365,0,null,0,0,0
4366,0,null,0,0,0
4367,0,null,0,0,0
4368,0,null,0,0,0
4369,0,null,0,0,0
4370,0,null,0,0,0
4371,0,null,0,0,0
4372,0,null,0,0,0
4373,0,null,0,0,0
4374,0,null,0,0,0
4375,0,null,0,0,0
4376,0,null,0,0,0
4377,0,null,0,0,0
4378,0,null,0,0,0
4379,0,null,0,0,0
4380,0,null,0,0,0
4381,0,null,0,0,0
4382,0,null,0,0,0
4383,1019,pi-,1,0,0
4384,0,null,0,0,0
4385,0,null,0,0,0
4386,0,null,0,0,0
4387,0,null,0,0,0
4388,0,null,0,0,0
4389,0,null,0,0,0
4390,0,null,0,0,0
4391,7,secondary_proton,1,1,1
4392,0,null,0,0,0
4393,0,null,0,0,0
4394,0,null,0,0,0
4395,0,null,0,0,0
4396,0,null,0,0,0
4397,0,null,0,0,0
4398,0,null,0,0,0
4399,0,null,0,0,0
4400,0,null,0,0,0
4401,0,null,0,0,0
4402,0,null,0,0,0
4403,9,secondary_proton,1,1,1
4404,0,null,0,0,0
4405,0,null,0,0,0
4406,0,null,0,0,0
4407,0,null,0,0,0
4408,0,null,0,0,0
4409,0,null,0,0,0
4410,0,null,0,0,0
4411,0,null,0,0,0
4412,0,null,0,0,0
4413,0,null,0,0,0
4414,0,null,0,0,0
4415,0,null,0,0,0
4416,0,null,0,0,0
4417,0,null,0,0,0
4418,0,null,0,0,0
4419,0,null,0,0,0
4420,0,null,0,0,0
4421,0,null,0,0,0
4422,0,null,0,0,0
4423,0,null,0,0,0
4424,0,null,0,0,0
4425,0,null,0,0,0
4426,6,secondary_proton,1,1,1
4427,0,null,0,0,0
4428,0,null,0,0,0
4429,0,null,0,0,0
4430,0,null,0,0,0
4431,0,null,0,0,0
4432,1,primary_proton,1,1,1
4433,0,null,0,0,0
4434,1,primary_proton,1,1,1
4435,0,null,0,0,0
4436,0,null,0,0,0
4437,0,null,0,0,0
4438,0,null,0,0,0
4439,0,null,0,0,0
4440,0,null,0,0,0
4441,0,null,0,0,0
4442,0,null,0,0,0
4443,0,null,0,0,0
4444,0,null,0,0,0
4445,0,null,0,0,0
4446,0,null,0,0,0
4447,0,null,0,0,0
4448,0,null,0,0,0
4449,0,null,0,0,0
4450,0,null,0,0,0
4451,0,null,0,0,0
4452,0,null,0,0,0
4453,1,primary_proton,1,1,1
4454,0,null,0,0,0
4455,0,null,0,0,0
4456,0,null,0,0,0
4457,0,null,0,0,0
4458,0,null,0,0,0
4459,0,null,0,0,0
4460,0,null,0,0,0
4461,0,null,0,0,0
4462,0,null,0,0,0
4463,0,null,0,0,0
4464,0,null,0,0,0
4465,0,null,0,0,0
4467,0,null,0,0,0
4468,0,null,0,0,0
4469,14,pi-,1,1,0
4470,0,null,0,0,0
4471,0,null,0,0,0
4472,0,null,0,0,0
4473,0,null,0,0,0
4474,0,null,0,0,0
4475,0,null,0,0,0
4476,0,null,0,0,0
4477,0,null,0,0,0
4478,0,null,0,0,0
4479,0,null,0,0,0
4480,1,primary_proton,1,1,1
4481,1,primary_proton,1,1,1
4482,0,null,0,0,0
4483,0,null,0,0,0
4484,0,null,0,0,0
4485,0,null,0,0,0
4486,0,null,0,0,0
4487,0,null,0,0,0
4488,0,null,0,0,0
4489,0,null,0,0,0
4490,0,null,0,0,0
4491,0,null,0,0,0
4492,0,null,0,0,0
4493,0,null,0,0,0
4494,0,null,0,0,0
4495,1,primary_proton,1,1,1
4496,0,null,0,0,0
4497,10,pi-,1,1,1
4498,0,null,0,0,0
4499,0,null,0,0,0
4500,0,null,0,0,0
4501,0,null,0,0,0
4502,0,null,0,0,0
4503,0,null,0,0,0
4504,0,null,0,0,0
4505,0,null,0,0,0
4506,0,null,0,0,0
4507,0,null,0,0,0
4508,551,e-,1,1,1
4509,0,null,0,0,0
4510,0,null,0,0,0
4511,0,null,0,0,0
4512,0,null,0,0,0
4513,0,null,0,0,0
4514,0,null,0,0,0
4515,0,null,0,0,0
4516,0,null,0,0,0
4517,0,null,0,0,0
4518,1,primary_proton,1,1,1
4519,0,null,0,0,0
4520,0,null,0,0,0
4521,0,null,0,0,0
4522,0,null,0,0,0
4523,0,null,0,0,0
4524,0,null,0,0,0
4525,0,null,0,0,0
4526,0,null,0,0,0
4527,0,null,0,0,0
4528,0,null,0,0,0
4529,0,null,0,0,0
4530,0,null,0,0,0
4531,0,null,0,0,0
4532,0,null,0,0,0
4533,0,null,0,0,0
4534,0,null,0,0,0
4535,0,null,0,0,0
4536,0,null,0,0,0
4537,0,null,0,0,0
4538,0,null,0,0,0
4539,0,null,0,0,0
4540,0,null,0,0,0
4541,0,null,0,0,0
4542,0,null,0,0,0
4543,1,primary_proton,1,1,1
4544,0,null,0,0,0
4545,0,null,0,0,0
4546,0,null,0,0,0
4547,0,null,0,0,0
4548,0,null,0,0,0
4549,0,null,0,0,0
4550,0,null,0,0,0
4551,9,pi-,1,0,0
4552,0,null,0,0,0
4553,0,null,0,0,0
4554,0,null,0,0,0
4555,0,null,0,0,0
4556,0,null,0,0,0
4557,0,null,0,0,0
4558,0,null,0,0,0
4559,0,null,0,0,0
4560,0,null,0,0,0
4561,0,null,0,0,0
4562,12,pi+,1,1,1
4563,0,null,0,0,0
4564,6,pi+,1,1,1
4565,0,null,0,0,0
4566,0,null,0,0,0
4567,0,null,0,0,0
4568,0,null,0,0,0
4569,0,null,0,0,0
4570,0,null,0,0,0
4571,0,null,0,0,0
4572,0,null,0,0,0
4573,0,null,0,0,0
4574,0,null,0,0,0
4575,0,null,0,0,0
4576,0,null,0,0,0
4577,0,null,0,0,0
4578,0,null,0,0,0
4579,0,null,0,0,0
4580,9,pi+,1,1,1
4581,0,null,0,0,0
4582,0,null,0,0,0
4583,0,null,0,0,0
4584,0,null,0,0,0
4585,0,null,0,0,0
4586,0,null,0,0,0
4587,7330,e-,0,1,0
4588,0,null,0,0,0
4589,0,null,0,0,0
4590,0,null,0,0,0
4591,1,primary_proton,1,1,1
4592,0,null,0,0,0
4593,0,null,0,0,0
4594,0,null,0,0,0
4595,0,null,0,0,0
4596,0,null,0,0,0
4597,0,null,0,0,0
4598,6,secondary_proton,1,1,1
4599,0,null,0,0,0
4600,0,null,0,0,0
4601,0,null,0,0,0
4602,5,secondary_proton,1,1,1
4603,5,pi+,1,1,1
4604,0,null,0,0,0
4605,0,null,0,0,0
4606,0,null,0,0,0
4607,0,null,0,0,0
4608,0,null,0,0,0
4609,0,null,0,0,0
4610,0,null,0,0,0
4611,0,null,0,0,0
4612,0,null,0,0,0
4613,0,null,0,0,0
4614,0,null,0,0,0
4615,0,null,0,0,0
4616,0,null,0,0,0
4617,0,null,0,0,0
4618,0,null,0,0,0
4619,0,null,0,0,0
4620,1,primary_proton,1,1,1
4621,0,null,0,0,0
4622,0,null,0,0,0
4623,0,null,0,0,0
4624,0,null,0,0,0
4625,0,null,0,0,0
4626,0,null,0,0,0
4627,0,null,0,0,0
4628,0,null,0,0,0
4629,0,null,0,0,0
4630,0,null,0,0,0
4631,0,null,0,0,0
4632,0,null,0,0,0
4633,0,null,0,0,0
4634,0,null,0,0,0
4635,0,null,0,0,0
4636,1,primary_proton,1,1,1
4637,0,null,0,0,0
4638,0,null,0,0,0
4639,0,null,0,0,0
4640,0,null,0,0,0
4641,0,null,0,0,0
4642,0,null,0,0,0
4643,0,null,0,0,0
4644,0,null,0,0,0
4645,0,null,0,0,0
4646,0,null,0,0,0
4647,0,null,0,0,0
4648,0,null,0,0,0
4649,0,null,0,0,0
4650,0,null,0,0,0
4651,0,null,0,0,0
4652,0,null,0,0,0
4653,0,null,0,0,0
4654,0,null,0,0,0
4655,0,null,0,0,0
4656,0,null,0,0,0
4657,362,pi+,1,0,0
4658,1,primary_proton,1,1,1
4659,0,null,0,0,0
4660,0,null,0,0,0
4661,0,null,0,0,0
4662,0,null,0,0,0
4663,1,primary_proton,1,1,1
4664,0,null,0,0,0
4665,0,null,0,0,0
4666,0,null,0,0,0
4667,0,null,0,0,0
4668,0,null,0,0,0
4669,0,null,0,0,0
4670,0,null,0,0,0
4671,0,null,0,0,0
4672,0,null,0,0,0
4673,0,null,0,0,0
4674,0,null,0,0,0
4675,0,null,0,0,0
4676,6,pi+,1,1,1
4677,0,null,0,0,0
4678,0,null,0,0,0
4679,0,null,0,0,0
4680,0,null,0,0,0
4681,0,null,0,0,0
4682,0,null,0,0,0
4683,0,null,0,0,0
4684,0,null,0,0,0
4685,0,null,0,0,0
4687,0,null,0,0,0
4688,0,null,0,0,0
4689,0,null,0,0,0
4690,0,null,0,0,0
4691,0,null,0,0,0
4692,4,secondary_proton,1,1,1
4693,0,null,0,0,0
4694,0,null,0,0,0
4695,0,null,0,0,0
4696,0,null,0,0,0
4697,0,null,0,0,0
4698,1,primary_proton,1,1,1
4699,0,null,0,0,0
4700,0,null,0,0,0
4701,0,null,0,0,0
4702,0,null,0,0,0
4703,0,null,0,0,0
4704,0,null,0,0,0
4705,17,pi+,1,1,1
4706,0,null,0,0,0
4707,0,null,0,0,0
4708,0,null,0,0,0
4709,0,null,0,0,0
4710,0,null,0,0,0
4711,0,null,0,0,0
4712,0,null,0,0,0
4713,0,null,0,0,0
4714,0,null,0,0,0
4715,0,null,0,0,0
4716,1,primary_proton,1,1,1
4717,0,null,0,0,0
4718,10,pi-,1,1,1
4719,0,null,0,0,0
4720,0,null,0,0,0
4721,0,null,0,0,0
4722,0,null,0,0,0
4723,0,null,0,0,0
4724,0,null,0,0,0
4725,0,null,0,0,0
4726,0,null,0,0,0
4727,0,null,0,0,0
4728,0,null,0,0,0
4729,0,null,0,0,0
4730,0,null,0,0,0
4731,0,null,0,0,0
4732,1,primary_proton,1,1,1
4733,0,null,0,0,0
4734,1,primary_proton,1,1,1
4735,0,null,0,0,0
4736,0,null,0,0,0
4737,0,null,0,0,0
4738,0,null,0,0,0
4739,0,null,0,0,0
4740,0,null,0,0,0
4741,0,null,0,0,0
4742,0,null,0,0,0
4743,0,null,0,0,0
4744,0,null,0,0,0
4745,0,null,0,0,0
4746,0,null,0,0,0
4747,0,null,0,0,0
4748,0,null,0,0,0
4749,0,null,0,0,0
4750,0,null,0,0,0
4751,0,null,0,0,0
4752,0,null,0,0,0
4753,1,primary_proton,1,1,1
4754,0,null,0,0,0
4755,0,null,0,0,0
4756,0,null,0,0,0
4757,0,null,0,0,0
4758,0,null,0,0,0
4759,0,null,0,0,0
4760,0,null,0,0,0
4761,0,null,0,0,0
4762,0,null,0,0,0
4763,0,null,0,0,0
4764,0,null,0,0,0
4765,5,sigma+,1,1,1
4766,0,null,0,0,0
4767,0,null,0,0,0
4768,0,null,0,0,0
4769,0,null,0,0,0
4770,0,null,0,0,0
4771,0,null,0,0,0
4772,0,null,0,0,0
4773,0,null,0,0,0
4774,0,null,0,0,0
4775,0,null,0,0,0
4776,1,primary_proton,1,1,1
4777,0,null,0,0,0
4778,0,null,0,0,0
4779,0,null,0,0,0
4780,0,null,0,0,0
4781,0,null,0,0,0
4782,0,null,0,0,0
4783,0,null,0,0,0
4784,0,null,0,0,0
4785,3137,e+,1,1,0
4786,0,null,0,0,0
4787,0,null,0,0,0
4788,0,null,0,0,0
4789,0,null,0,0,0
4790,0,null,0,0,0
4791,0,null,0,0,0
4792,0,null,0,0,0
4793,0,null,0,0,0
4794,0,null,0,0,0
4795,0,null,0,0,0
4796,0,null,0,0,0
4797,0,null,0,0,0
4798,0,null,0,0,0
4799,0,null,0,0,0
4800,0,null,0,0,0
4801,0,null,0,0,0
4802,0,null,0,0,0
4803,0,null,0,0,0
4804,0,null,0,0,0
4805,0,null,0,0,0
4806,0,null,0,0,0
4807,12,secondary_proton,1,0,0
4808,0,null,0,0,0
4809,0,null,0,0,0
4810,0,null,0,0,0
4811,0,null,0,0,0
4812,0,null,0,0,0
4813,0,null,0,0,0
4814,0,null,0,0,0
4815,0,null,0,0,0
4816,0,null,0,0,0
4817,0,null,0,0,0
4818,0,null,0,0,0
4819,657,pi+,1,1,1
4820,0,null,0,0,0
4821,0,null,0,0,0
4822,0,null,0,0,0
4823,0,null,0,0,0
4824,0,null,0,0,0
4825,0,null,0,0,0
4826,0,null,0,0,0
4827,0,null,0,0,0
4828,1,primary_proton,1,1,1
4829,0,null,0,0,0
4830,0,null,0,0,0
4831,0,null,0,0,0
4832,1,primary_proton,1,1,1
4833,0,null,0,0,0
4834,5,secondary_proton,1,1,1
4835,0,null,0,0,0
4836,0,null,0,0,0
4837,0,null,0,0,0
4838,0,null,0,0,0
4839,0,null,0,0,0
4840,0,null,0,0,0
4841,0,null,0,0,0
4842,1,primary_proton,1,1,1
4843,0,null,0,0,0
4844,0,null,0,0,0
4845,0,null,0,0,0
4846,0,null,0,0,0
4847,0,null,0,0,0
4848,0,null,0,0,0
4849,0,null,0,0,0
4850,0,null,0,0,0
4851,0,null,0,0,0
4852,0,null,0,0,0
4853,0,null,0,0,0
4854,0,null,0,0,0
4855,0,null,0,0,0
4856,0,null,0,0,0
4857,0,null,0,0,0
4858,0,null,0,0,0
4859,0,null,0,0,0
4860,0,null,0,0,0
4861,0,null,0,0,0
4862,0,null,0,0,0
4863,0,null,0,0,0
4864,0,null,0,0,0
4865,0,null,0,0,0
4866,0,null,0,0,0
4867,0,null,0,0,0
4868,0,null,0,0,0
4869,0,null,0,0,0
4870,0,null,0,0,0
4871,0,null,0,0,0
4872,0,null,0,0,0
4873,0,null,0,0,0
4874,0,null,0,0,0
4875,0,null,0,0,0
4876,0,null,0,0,0
4877,0,null,0,0,0
4878,0,null,0,0,0
4879,0,null,0,0,0
4880,0,null,0,0,0
4881,0,null,0,0,0
4882,1,primary_proton,1,1,1
4883,0,null,0,0,0
4884,0,null,0,0,0
4885,0,null,0,0,0
4886,0,null,0,0,0
4887,0,null,0,0,0
4888,0,null,0,0,0
4889,0,null,0,0,0
4890,0,null,0,0,0
4891,0,null,0,0,0
4892,0,null,0,0,0
4893,0,null,0,0,0
4894,4148,secondary_proton,1,1,1
4895,0,null,0,0,0
4896,1,primary_proton,1,1,1
4897,0,null,0,0,0
4898,2960,e+,1,0,0
4899,0,null,0,0,0
4900,0,null,0,0,0
4901,18,pi-,1,0,0
4902,0,null,0,0,0
4903,0,null,0,0,0
4904,0,null,0,0,0
5,0,null,0,0,0
4906,0,null,0,0,0
4907,1,primary_proton,1,1,1
4908,0,null,0,0,0
4909,0,null,0,0,0
4910,0,null,0,0,0
4911,0,null,0,0,0
4912,0,null,0,0,0
4913,0,null,0,0,0
4914,0,null,0,0,0
4915,0,null,0,0,0
4916,0,null,0,0,0
4917,0,null,0,0,0
4918,0,null,0,0,0
4919,0,null,0,0,0
4920,0,null,0,0,0
4921,0,null,0,0,0
4922,0,null,0,0,0
4923,0,null,0,0,0
4924,0,null,0,0,0
4925,0,null,0,0,0
4926,0,null,0,0,0
4927,0,null,0,0,0
4928,0,null,0,0,0
4929,0,null,0,0,0
4930,3091,pi+,0,0,1
4931,0,null,0,0,0
4932,0,null,0,0,0
4933,0,null,0,0,0
4934,0,null,0,0,0
4935,0,null,0,0,0
4936,0,null,0,0,0
4937,0,null,0,0,0
4938,0,null,0,0,0
4939,0,null,0,0,0
4940,0,null,0,0,0
4941,0,null,0,0,0
4942,7,pi+,1,1,1
4943,0,null,0,0,0
4944,0,null,0,0,0
4945,0,null,0,0,0
4946,0,null,0,0,0
4947,0,null,0,0,0
4948,0,null,0,0,0
4949,0,null,0,0,0
4950,1,primary_proton,1,1,1
4951,0,null,0,0,0
4952,0,null,0,0,0
4953,0,null,0,0,0
4954,0,null,0,0,0
4955,0,null,0,0,0
4956,0,null,0,0,0
4957,0,null,0,0,0
4958,20,secondary_proton,1,0,0
4959,0,null,0,0,0
4960,0,null,0,0,0
4961,0,null,0,0,0
4962,0,null,0,0,0
4963,0,null,0,0,0
4964,0,null,0,0,0
4965,0,null,0,0,0
4966,0,null,0,0,0
4967,0,null,0,0,0
4968,0,null,0,0,0
4969,0,null,0,0,0
4970,1,primary_proton,1,1,1
4971,0,null,0,0,0
4972,1,primary_proton,1,1,1
4973,0,null,0,0,0
4974,0,null,0,0,0
4975,0,null,0,0,0
4976,0,null,0,0,0
4977,0,null,0,0,0
4978,0,null,0,0,0
4979,0,null,0,0,0
4980,0,null,0,0,0
4981,0,null,0,0,0
4982,0,null,0,0,0
4983,0,null,0,0,0
4984,0,null,0,0,0
4985,0,null,0,0,0
4986,0,null,0,0,0
4987,0,null,0,0,0
4988,0,null,0,0,0
4989,0,null,0,0,0
4990,0,null,0,0,0
4991,0,null,0,0,0
4992,0,null,0,0,0
4993,0,null,0,0,0
4994,0,null,0,0,0
4995,0,null,0,0,0
4996,0,null,0,0,0
4997,0,null,0,0,0
4998,0,null,0,0,0
4999,0,null,0,0,0
1,0,null,0,0,0
2,0,null,0,0,0
3,0,null,0,0,0
4,0,null,0,0,0
5,0,null,0,0,0
6,0,null,0,0,0
7,0,null,0,0,0
8,0,null,0,0,0
9,0,null,0,0,0
10,0,null,0,0,0
11,0,null,0,0,0
12,0,null,0,0,0
13,0,null,0,0,0
14,0,null,0,0,0
15,0,null,0,0,0
16,0,null,0,0,0
17,0,null,0,0,0
18,0,null,0,0,0
19,0,null,0,0,0
20,1,primary_proton,1,1,0
21,0,null,0,0,0
22,0,null,0,0,0
23,0,null,0,0,0
24,0,null,0,0,0
25,0,null,0,0,0
26,0,null,0,0,0
27,0,null,0,0,0
28,0,null,0,0,0
29,0,null,0,0,0
30,0,null,0,0,0
31,0,null,0,0,0
32,0,null,0,0,0
33,0,null,0,0,0
34,1,primary_proton,1,1,1
35,0,null,0,0,0
36,0,null,0,0,0
37,0,null,0,0,0
38,0,null,0,0,0
39,0,null,0,0,0
40,0,null,0,0,0
41,0,null,0,0,0
42,0,null,0,0,0
43,0,null,0,0,0
44,0,null,0,0,0
45,0,null,0,0,0
46,0,null,0,0,0
47,0,null,0,0,0
48,0,null,0,0,0
49,16,pi+,1,1,1
50,0,null,0,0,0
51,0,null,0,0,0
52,0,null,0,0,0
53,0,null,0,0,0
54,0,null,0,0,0
55,0,null,0,0,0
56,0,null,0,0,0
57,0,null,0,0,0
58,0,null,0,0,0
59,0,null,0,0,0
60,0,null,0,0,0
61,0,null,0,0,0
62,0,null,0,0,0
63,1,primary_proton,1,1,1
64,0,null,0,0,0
65,0,null,0,0,0
66,0,null,0,0,0
67,10,secondary_proton,1,0,0
68,0,null,0,0,0
69,0,null,0,0,0
70,0,null,0,0,0
71,0,null,0,0,0
72,0,null,0,0,0
73,0,null,0,0,0
74,0,null,0,0,0
75,0,null,0,0,0
76,0,null,0,0,0
77,0,null,0,0,0
78,0,null,0,0,0
79,0,null,0,0,0
80,9,pi+,1,1,1
81,0,null,0,0,0
82,0,null,0,0,0
83,0,null,0,0,0
84,0,null,0,0,0
85,0,null,0,0,0
86,0,null,0,0,0
87,0,null,0,0,0
88,0,null,0,0,0
89,0,null,0,0,0
90,0,null,0,0,0
91,0,null,0,0,0
92,0,null,0,0,0
93,0,null,0,0,0
94,0,null,0,0,0
95,0,null,0,0,0
96,0,null,0,0,0
97,0,null,0,0,0
98,0,null,0,0,0
99,0,null,0,0,0
100,0,null,0,0,0
101,0,null,0,0,0
102,0,null,0,0,0
103,0,null,0,0,0
104,0,null,0,0,0
105,0,null,0,0,0
106,0,null,0,0,0
107,0,null,0,0,0
108,0,null,0,0,0
109,0,null,0,0,0
110,0,null,0,0,0
111,0,null,0,0,0
112,1,primary_proton,1,1,1
113,13,pi+,1,1,1
114,0,null,0,0,0
115,0,null,0,0,0
116,0,null,0,0,0
117,0,null,0,0,0
118,0,null,0,0,0
119,0,null,0,0,0
120,0,null,0,0,0
121,0,null,0,0,0
122,5,pi+,1,1,1
123,0,null,0,0,0
124,0,null,0,0,0
125,0,null,0,0,0
126,0,null,0,0,0
127,0,null,0,0,0
128,0,null,0,0,0
129,0,null,0,0,0
130,0,null,0,0,0
131,0,null,0,0,0
132,0,null,0,0,0
133,0,null,0,0,0
134,0,null,0,0,0
135,0,null,0,0,0
136,0,null,0,0,0
137,0,null,0,0,0
138,0,null,0,0,0
139,0,null,0,0,0
140,0,null,0,0,0
141,0,null,0,0,0
142,0,null,0,0,0
143,0,null,0,0,0
144,0,null,0,0,0
145,0,null,0,0,0
146,0,null,0,0,0
147,0,null,0,0,0
148,0,null,0,0,0
149,0,null,0,0,0
150,0,null,0,0,0
151,0,null,0,0,0
152,0,null,0,0,0
153,0,null,0,0,0
154,0,null,0,0,0
155,0,null,0,0,0
156,0,null,0,0,0
157,0,null,0,0,0
158,0,null,0,0,0
159,520,pi-,1,1,1
160,0,null,0,0,0
161,0,null,0,0,0
162,0,null,0,0,0
163,8,secondary_proton,1,1,1
164,0,null,0,0,0
165,0,null,0,0,0
166,0,null,0,0,0
167,0,null,0,0,0
168,1,primary_proton,1,1,1
169,0,null,0,0,0
170,0,null,0,0,0
171,0,null,0,0,0
172,0,null,0,0,0
173,0,null,0,0,0
174,0,null,0,0,0
175,0,null,0,0,0
176,0,null,0,0,0
177,14,pi-,1,1,0
178,0,null,0,0,0
179,1,primary_proton,1,1,1
180,0,null,0,0,0
181,0,null,0,0,0
182,0,null,0,0,0
183,0,null,0,0,0
184,0,null,0,0,0
185,0,null,0,0,0
186,0,null,0,0,0
187,0,null,0,0,0
188,0,null,0,0,0
189,0,null,0,0,0
190,0,null,0,0,0
191,0,null,0,0,0
192,0,null,0,0,0
193,0,null,0,0,0
194,0,null,0,0,0
195,8,pi-,1,0,0
196,0,null,0,0,0
197,0,null,0,0,0
198,0,null,0,0,0
199,0,null,0,0,0
200,0,null,0,0,0
201,0,null,0,0,0
202,0,null,0,0,0
203,0,null,0,0,0
204,0,null,0,0,0
205,0,null,0,0,0
206,0,null,0,0,0
207,0,null,0,0,0
208,10,pi-,1,0,0
209,0,null,0,0,0
210,0,null,0,0,0
211,0,null,0,0,0
212,0,null,0,0,0
213,0,null,0,0,0
214,0,null,0,0,0
215,0,null,0,0,0
216,0,null,0,0,0
217,0,null,0,0,0
218,0,null,0,0,0
219,0,null,0,0,0
220,0,null,0,0,0
221,0,null,0,0,0
222,0,null,0,0,0
223,0,null,0,0,0
224,0,null,0,0,0
225,0,null,0,0,0
226,0,null,0,0,0
227,0,null,0,0,0
228,1,primary_proton,1,1,1
229,0,null,0,0,0
230,0,null,0,0,0
231,0,null,0,0,0
232,0,null,0,0,0
233,0,null,0,0,0
234,0,null,0,0,0
235,0,null,0,0,0
236,0,null,0,0,0
237,0,null,0,0,0
238,0,null,0,0,0
239,0,null,0,0,0
240,1,primary_proton,1,1,1
242,0,null,0,0,0
243,0,null,0,0,0
244,0,null,0,0,0
245,0,null,0,0,0
246,0,null,0,0,0
247,0,null,0,0,0
248,0,null,0,0,0
249,0,null,0,0,0
250,0,null,0,0,0
251,0,null,0,0,0
252,0,null,0,0,0
253,0,null,0,0,0
254,0,null,0,0,0
255,0,null,0,0,0
256,0,null,0,0,0
257,0,null,0,0,0
258,0,null,0,0,0
259,0,null,0,0,0
260,0,null,0,0,0
261,0,null,0,0,0
262,0,null,0,0,0
263,22,pi+,1,1,1
264,0,null,0,0,0
265,0,null,0,0,0
266,0,null,0,0,0
267,0,null,0,0,0
268,0,null,0,0,0
269,0,null,0,0,0
270,1,primary_proton,1,1,1
271,0,null,0,0,0
272,739,secondary_proton,1,1,0
273,0,null,0,0,0
274,0,null,0,0,0
275,0,null,0,0,0
276,0,null,0,0,0
277,0,null,0,0,0
278,0,null,0,0,0
279,0,null,0,0,0
280,0,null,0,0,0
281,0,null,0,0,0
282,0,null,0,0,0
283,0,null,0,0,0
284,0,null,0,0,0
285,0,null,0,0,0
286,0,null,0,0,0
287,0,null,0,0,0
288,0,null,0,0,0
289,0,null,0,0,0
290,0,null,0,0,0
291,0,null,0,0,0
292,0,null,0,0,0
293,0,null,0,0,0
294,0,null,0,0,0
295,0,null,0,0,0
296,0,null,0,0,0
297,0,null,0,0,0
298,0,null,0,0,0
299,0,null,0,0,0
300,0,null,0,0,0
301,0,null,0,0,0
302,0,null,0,0,0
303,0,null,0,0,0
304,0,null,0,0,0
305,0,null,0,0,0
306,0,null,0,0,0
307,0,null,0,0,0
308,0,null,0,0,0
309,0,null,0,0,0
310,0,null,0,0,0
311,0,null,0,0,0
312,0,null,0,0,0
313,0,null,0,0,0
314,0,null,0,0,0
315,0,null,0,0,0
316,0,null,0,0,0
317,0,null,0,0,0
318,0,null,0,0,0
319,0,null,0,0,0
320,0,null,0,0,0
321,0,null,0,0,0
322,0,null,0,0,0
323,0,null,0,0,0
324,0,null,0,0,0
325,0,null,0,0,0
326,22,pi+,1,1,1
327,0,null,0,0,0
328,0,null,0,0,0
329,0,null,0,0,0
330,0,null,0,0,0
331,0,null,0,0,0
332,0,null,0,0,0
333,0,null,0,0,0
334,0,null,0,0,0
335,0,null,0,0,0
336,0,null,0,0,0
337,7,pi+,1,1,1
338,0,null,0,0,0
339,0,null,0,0,0
340,0,null,0,0,0
341,0,null,0,0,0
342,8,secondary_proton,1,1,0
343,0,null,0,0,0
344,0,null,0,0,0
345,0,null,0,0,0
346,0,null,0,0,0
347,0,null,0,0,0
348,0,null,0,0,0
349,0,null,0,0,0
350,0,null,0,0,0
351,0,null,0,0,0
352,0,null,0,0,0
353,0,null,0,0,0
354,0,null,0,0,0
355,0,null,0,0,0
356,0,null,0,0,0
357,0,null,0,0,0
358,0,null,0,0,0
359,0,null,0,0,0
360,0,null,0,0,0
361,0,null,0,0,0
362,0,null,0,0,0
363,0,null,0,0,0
364,0,null,0,0,0
365,0,null,0,0,0
366,0,null,0,0,0
367,1,primary_proton,1,1,1
368,0,null,0,0,0
369,0,null,0,0,0
370,0,null,0,0,0
371,0,null,0,0,0
372,0,null,0,0,0
373,0,null,0,0,0
374,0,null,0,0,0
375,0,null,0,0,0
376,0,null,0,0,0
377,0,null,0,0,0
378,0,null,0,0,0
379,0,null,0,0,0
380,0,null,0,0,0
381,0,null,0,0,0
382,0,null,0,0,0
383,0,null,0,0,0
384,0,null,0,0,0
385,0,null,0,0,0
386,0,null,0,0,0
387,0,null,0,0,0
388,0,null,0,0,0
389,0,null,0,0,0
390,0,null,0,0,0
391,0,null,0,0,0
392,0,null,0,0,0
393,0,null,0,0,0
394,0,null,0,0,0
395,0,null,0,0,0
396,0,null,0,0,0
397,3,secondary_proton,1,1,1
398,0,null,0,0,0
399,0,null,0,0,0
400,0,null,0,0,0
401,13,pi+,1,1,1
402,0,null,0,0,0
403,0,null,0,0,0
404,0,null,0,0,0
405,0,null,0,0,0
406,0,null,0,0,0
407,0,null,0,0,0
408,0,null,0,0,0
409,17,pi+,1,1,1
410,0,null,0,0,0
411,0,null,0,0,0
412,253,pi-,1,0,0
413,1,primary_proton,1,1,1
414,0,null,0,0,0
415,0,null,0,0,0
416,0,null,0,0,0
417,0,null,0,0,0
418,0,null,0,0,0
419,257,secondary_proton,1,1,0
420,0,null,0,0,0
421,0,null,0,0,0
422,0,null,0,0,0
423,0,null,0,0,0
424,0,null,0,0,0
425,0,null,0,0,0
426,0,null,0,0,0
427,0,null,0,0,0
428,0,null,0,0,0
429,0,null,0,0,0
430,0,null,0,0,0
431,0,null,0,0,0
432,0,null,0,0,0
433,0,null,0,0,0
434,0,null,0,0,0
435,0,null,0,0,0
436,0,null,0,0,0
437,0,null,0,0,0
438,0,null,0,0,0
439,0,null,0,0,0
440,0,null,0,0,0
441,0,null,0,0,0
442,0,null,0,0,0
443,0,null,0,0,0
444,0,null,0,0,0
445,0,null,0,0,0
446,0,null,0,0,0
447,0,null,0,0,0
448,0,null,0,0,0
449,0,null,0,0,0
450,12,secondary_proton,1,1,1
451,0,null,0,0,0
452,0,null,0,0,0
453,0,null,0,0,0
454,0,null,0,0,0
455,0,null,0,0,0
456,0,null,0,0,0
457,0,null,0,0,0
458,0,null,0,0,0
459,0,null,0,0,0
460,0,null,0,0,0
461,0,null,0,0,0
462,0,null,0,0,0
463,0,null,0,0,0
464,1,primary_proton,1,1,1
465,0,null,0,0,0
466,0,null,0,0,0
467,0,null,0,0,0
468,0,null,0,0,0
469,0,null,0,0,0
470,0,null,0,0,0
471,0,null,0,0,0
472,0,null,0,0,0
473,1,primary_proton,1,1,1
474,0,null,0,0,0
476,1,primary_proton,1,1,1
477,0,null,0,0,0
478,0,null,0,0,0
479,7,secondary_proton,1,1,1
480,12,pi-,1,0,0
481,0,null,0,0,0
482,0,null,0,0,0
483,0,null,0,0,0
484,0,null,0,0,0
485,12,pi-,1,1,1
486,0,null,0,0,0
487,0,null,0,0,0
488,0,null,0,0,0
489,0,null,0,0,0
490,0,null,0,0,0
491,0,null,0,0,0
492,0,null,0,0,0
493,0,null,0,0,0
494,0,null,0,0,0
495,0,null,0,0,0
496,0,null,0,0,0
497,0,null,0,0,0
498,0,null,0,0,0
499,0,null,0,0,0
500,0,null,0,0,0
501,0,null,0,0,0
502,0,null,0,0,0
503,0,null,0,0,0
504,0,null,0,0,0
505,0,null,0,0,0
506,0,null,0,0,0
507,0,null,0,0,0
508,0,null,0,0,0
509,0,null,0,0,0
510,0,null,0,0,0
511,0,null,0,0,0
512,0,null,0,0,0
513,0,null,0,0,0
514,0,null,0,0,0
515,0,null,0,0,0
516,0,null,0,0,0
517,20,pi+,1,1,0
518,0,null,0,0,0
519,0,null,0,0,0
520,0,null,0,0,0
521,0,null,0,0,0
522,0,null,0,0,0
523,0,null,0,0,0
524,0,null,0,0,0
525,0,null,0,0,0
526,0,null,0,0,0
527,0,null,0,0,0
528,0,null,0,0,0
529,0,null,0,0,0
530,0,null,0,0,0
531,0,null,0,0,0
532,0,null,0,0,0
533,0,null,0,0,0
534,8,pi-,1,1,1
535,0,null,0,0,0
536,0,null,0,0,0
537,0,null,0,0,0
538,0,null,0,0,0
539,0,null,0,0,0
540,0,null,0,0,0
541,0,null,0,0,0
542,0,null,0,0,0
543,0,null,0,0,0
544,0,null,0,0,0
545,0,null,0,0,0
546,0,null,0,0,0
547,0,null,0,0,0
548,0,null,0,0,0
549,0,null,0,0,0
550,0,null,0,0,0
551,7,pi-,1,1,1
552,0,null,0,0,0
553,0,null,0,0,0
554,0,null,0,0,0
555,0,null,0,0,0
556,0,null,0,0,0
557,0,null,0,0,0
558,6767,e-,1,1,1
559,0,null,0,0,0
560,5,pi+,1,1,1
561,0,null,0,0,0
562,0,null,0,0,0
563,0,null,0,0,0
564,0,null,0,0,0
565,0,null,0,0,0
566,0,null,0,0,0
567,0,null,0,0,0
568,9,pi+,1,1,0
569,0,null,0,0,0
570,0,null,0,0,0
571,0,null,0,0,0
572,0,null,0,0,0
573,0,null,0,0,0
574,0,null,0,0,0
575,0,null,0,0,0
576,0,null,0,0,0
577,0,null,0,0,0
578,0,null,0,0,0
579,0,null,0,0,0
580,11,secondary_proton,1,1,1
581,0,null,0,0,0
582,0,null,0,0,0
583,0,null,0,0,0
584,0,null,0,0,0
585,9,pi-,1,1,1
586,11,pi-,1,0,0
587,0,null,0,0,0
588,0,null,0,0,0
589,0,null,0,0,0
590,0,null,0,0,0
591,0,null,0,0,0
592,0,null,0,0,0
593,0,null,0,0,0
594,0,null,0,0,0
595,0,null,0,0,0
596,0,null,0,0,0
597,0,null,0,0,0
598,0,null,0,0,0
599,28,pi-,1,1,1
600,0,null,0,0,0
601,10,pi-,1,1,1
602,0,null,0,0,0
603,1,primary_proton,1,1,1
604,0,null,0,0,0
605,0,null,0,0,0
606,0,null,0,0,0
607,0,null,0,0,0
608,0,null,0,0,0
609,0,null,0,0,0
610,0,null,0,0,0
611,0,null,0,0,0
612,0,null,0,0,0
613,0,null,0,0,0
614,0,null,0,0,0
615,1,primary_proton,1,1,1
616,0,null,0,0,0
617,0,null,0,0,0
618,0,null,0,0,0
619,0,null,0,0,0
620,0,null,0,0,0
621,0,null,0,0,0
622,0,null,0,0,0
623,0,null,0,0,0
624,0,null,0,0,0
625,7,secondary_proton,1,1,1
626,0,null,0,0,0
627,1434,e-,1,1,1
628,0,null,0,0,0
629,0,null,0,0,0
630,0,null,0,0,0
631,0,null,0,0,0
632,0,null,0,0,0
633,0,null,0,0,0
634,0,null,0,0,0
635,0,null,0,0,0
636,0,null,0,0,0
637,0,null,0,0,0
638,0,null,0,0,0
639,0,null,0,0,0
640,0,null,0,0,0
641,0,null,0,0,0
642,0,null,0,0,0
643,0,null,0,0,0
644,0,null,0,0,0
645,0,null,0,0,0
646,0,null,0,0,0
647,0,null,0,0,0
648,0,null,0,0,0
649,0,null,0,0,0
650,0,null,0,0,0
651,0,null,0,0,0
652,0,null,0,0,0
653,0,null,0,0,0
654,0,null,0,0,0
655,0,null,0,0,0
656,0,null,0,0,0
657,0,null,0,0,0
658,0,null,0,0,0
659,0,null,0,0,0
660,0,null,0,0,0
661,0,null,0,0,0
662,0,null,0,0,0
663,0,null,0,0,0
664,0,null,0,0,0
665,0,null,0,0,0
666,1,primary_proton,1,1,1
667,0,null,0,0,0
668,0,null,0,0,0
669,0,null,0,0,0
670,0,null,0,0,0
671,0,null,0,0,0
672,0,null,0,0,0
673,0,null,0,0,0
674,0,null,0,0,0
675,0,null,0,0,0
676,0,null,0,0,0
677,0,null,0,0,0
678,0,null,0,0,0
679,0,null,0,0,0
680,0,null,0,0,0
681,0,null,0,0,0
682,0,null,0,0,0
683,0,null,0,0,0
684,0,null,0,0,0
685,0,null,0,0,0
686,0,null,0,0,0
687,0,null,0,0,0
688,0,null,0,0,0
689,0,null,0,0,0
690,0,null,0,0,0
691,0,null,0,0,0
692,0,null,0,0,0
693,0,null,0,0,0
694,0,null,0,0,0
695,0,null,0,0,0
696,0,null,0,0,0
697,0,null,0,0,0
698,1,primary_proton,1,1,1
699,0,null,0,0,0
700,0,null,0,0,0
701,0,null,0,0,0
702,0,null,0,0,0
703,0,null,0,0,0
704,0,null,0,0,0
705,0,null,0,0,0
706,0,null,0,0,0
707,0,null,0,0,0
708,1,primary_proton,1,1,1
709,0,null,0,0,0
711,0,null,0,0,0
712,0,null,0,0,0
713,0,null,0,0,0
714,3757,e-,1,0,0
715,0,null,0,0,0
716,0,null,0,0,0
717,0,null,0,0,0
718,0,null,0,0,0
719,0,null,0,0,0
720,0,null,0,0,0
721,0,null,0,0,0
722,0,null,0,0,0
723,0,null,0,0,0
724,2,secondary_proton,1,1,1
725,0,null,0,0,0
726,0,null,0,0,0
727,0,null,0,0,0
728,0,null,0,0,0
729,0,null,0,0,0
730,0,null,0,0,0
731,0,null,0,0,0
732,0,null,0,0,0
733,0,null,0,0,0
734,0,null,0,0,0
735,0,null,0,0,0
736,0,null,0,0,0
737,0,null,0,0,0
738,0,null,0,0,0
739,0,null,0,0,0
740,0,null,0,0,0
741,0,null,0,0,0
742,0,null,0,0,0
743,0,null,0,0,0
744,0,null,0,0,0
745,0,null,0,0,0
746,0,null,0,0,0
747,0,null,0,0,0
748,0,null,0,0,0
749,0,null,0,0,0
750,0,null,0,0,0
751,0,null,0,0,0
752,24,pi+,1,0,0
753,0,null,0,0,0
754,0,null,0,0,0
755,0,null,0,0,0
756,11,pi+,1,1,1
757,0,null,0,0,0
758,0,null,0,0,0
759,0,null,0,0,0
760,0,null,0,0,0
761,0,null,0,0,0
762,0,null,0,0,0
763,0,null,0,0,0
764,0,null,0,0,0
765,0,null,0,0,0
766,0,null,0,0,0
767,0,null,0,0,0
768,0,null,0,0,0
769,0,null,0,0,0
770,0,null,0,0,0
771,0,null,0,0,0
772,0,null,0,0,0
773,0,null,0,0,0
774,0,null,0,0,0
775,0,null,0,0,0
776,0,null,0,0,0
777,0,null,0,0,0
778,0,null,0,0,0
779,0,null,0,0,0
780,0,null,0,0,0
781,0,null,0,0,0
782,0,null,0,0,0
783,0,null,0,0,0
784,0,null,0,0,0
785,0,null,0,0,0
786,0,null,0,0,0
787,0,null,0,0,0
788,0,null,0,0,0
789,0,null,0,0,0
790,0,null,0,0,0
791,0,null,0,0,0
792,0,null,0,0,0
793,11,pi+,1,1,1
794,0,null,0,0,0
795,0,null,0,0,0
796,0,null,0,0,0
797,0,null,0,0,0
798,0,null,0,0,0
799,0,null,0,0,0
800,0,null,0,0,0
801,0,null,0,0,0
802,0,null,0,0,0
803,0,null,0,0,0
804,0,null,0,0,0
805,0,null,0,0,0
806,0,null,0,0,0
807,0,null,0,0,0
808,0,null,0,0,0
809,0,null,0,0,0
810,0,null,0,0,0
811,0,null,0,0,0
812,0,null,0,0,0
813,0,null,0,0,0
814,0,null,0,0,0
815,0,null,0,0,0
816,0,null,0,0,0
817,0,null,0,0,0
818,0,null,0,0,0
819,0,null,0,0,0
820,0,null,0,0,0
821,0,null,0,0,0
822,0,null,0,0,0
823,0,null,0,0,0
824,0,null,0,0,0
825,0,null,0,0,0
826,0,null,0,0,0
827,0,null,0,0,0
828,0,null,0,0,0
829,0,null,0,0,0
830,0,null,0,0,0
831,0,null,0,0,0
832,3,secondary_proton,1,1,1
833,0,null,0,0,0
834,0,null,0,0,0
835,0,null,0,0,0
836,0,null,0,0,0
837,0,null,0,0,0
838,0,null,0,0,0
839,0,null,0,0,0
840,0,null,0,0,0
841,0,null,0,0,0
842,0,null,0,0,0
843,0,null,0,0,0
844,0,null,0,0,0
845,1,primary_proton,1,1,1
846,0,null,0,0,0
847,0,null,0,0,0
848,0,null,0,0,0
849,2,secondary_proton,1,1,0
850,1,primary_proton,1,1,1
851,0,null,0,0,0
852,0,null,0,0,0
853,0,null,0,0,0
854,0,null,0,0,0
855,0,null,0,0,0
856,0,null,0,0,0
857,0,null,0,0,0
858,1,primary_proton,1,1,1
859,1,primary_proton,1,1,1
860,0,null,0,0,0
861,0,null,0,0,0
862,0,null,0,0,0
863,1,primary_proton,1,1,1
864,0,null,0,0,0
865,0,null,0,0,0
866,0,null,0,0,0
867,0,null,0,0,0
868,16,pi-,1,1,1
869,0,null,0,0,0
870,0,null,0,0,0
871,0,null,0,0,0
872,0,null,0,0,0
873,0,null,0,0,0
874,0,null,0,0,0
875,0,null,0,0,0
876,0,null,0,0,0
877,0,null,0,0,0
878,0,null,0,0,0
879,0,null,0,0,0
880,0,null,0,0,0
881,0,null,0,0,0
882,0,null,0,0,0
883,0,null,0,0,0
884,13,pi+,1,1,0
885,0,null,0,0,0
886,0,null,0,0,0
887,0,null,0,0,0
888,0,null,0,0,0
889,0,null,0,0,0
890,0,null,0,0,0
891,851,e-,1,1,1
892,0,null,0,0,0
893,0,null,0,0,0
894,0,null,0,0,0
895,0,null,0,0,0
896,0,null,0,0,0
897,0,null,0,0,0
898,0,null,0,0,0
899,0,null,0,0,0
900,0,null,0,0,0
901,0,null,0,0,0
902,0,null,0,0,0
903,0,null,0,0,0
904,7,secondary_proton,1,1,1
905,0,null,0,0,0
906,0,null,0,0,0
907,0,null,0,0,0
908,0,null,0,0,0
909,0,null,0,0,0
910,0,null,0,0,0
911,0,null,0,0,0
912,0,null,0,0,0
913,0,null,0,0,0
914,0,null,0,0,0
915,0,null,0,0,0
916,0,null,0,0,0
917,0,null,0,0,0
918,0,null,0,0,0
919,0,null,0,0,0
920,0,null,0,0,0
921,0,null,0,0,0
922,0,null,0,0,0
923,0,null,0,0,0
924,0,null,0,0,0
925,0,null,0,0,0
926,0,null,0,0,0
927,0,null,0,0,0
928,12,secondary_proton,1,1,1
929,0,null,0,0,0
930,0,null,0,0,0
931,0,null,0,0,0
932,0,null,0,0,0
933,0,null,0,0,0
934,0,null,0,0,0
935,1,primary_proton,1,1,1
936,0,null,0,0,0
937,0,null,0,0,0
938,0,null,0,0,0
939,0,null,0,0,0
940,0,null,0,0,0
941,0,null,0,0,0
942,0,null,0,0,0
943,0,null,0,0,0
945,0,null,0,0,0
946,0,null,0,0,0
947,0,null,0,0,0
948,0,null,0,0,0
949,0,null,0,0,0
950,0,null,0,0,0
951,0,null,0,0,0
952,0,null,0,0,0
953,0,null,0,0,0
954,0,null,0,0,0
955,0,null,0,0,0
956,0,null,0,0,0
957,0,null,0,0,0
958,0,null,0,0,0
959,0,null,0,0,0
960,0,null,0,0,0
961,0,null,0,0,0
962,0,null,0,0,0
963,5,pi+,1,1,1
964,0,null,0,0,0
965,0,null,0,0,0
966,0,null,0,0,0
967,0,null,0,0,0
968,0,null,0,0,0
969,0,null,0,0,0
970,0,null,0,0,0
971,0,null,0,0,0
972,0,null,0,0,0
973,0,null,0,0,0
974,0,null,0,0,0
975,0,null,0,0,0
976,1,primary_proton,1,1,1
977,0,null,0,0,0
978,0,null,0,0,0
979,0,null,0,0,0
980,0,null,0,0,0
981,0,null,0,0,0
982,0,null,0,0,0
983,5,pi+,1,1,1
984,0,null,0,0,0
985,11,pi-,1,0,0
986,0,null,0,0,0
987,0,null,0,0,0
988,0,null,0,0,0
989,0,null,0,0,0
990,0,null,0,0,0
991,0,null,0,0,0
992,0,null,0,0,0
993,0,null,0,0,0
994,0,null,0,0,0
995,0,null,0,0,0
996,0,null,0,0,0
997,0,null,0,0,0
998,0,null,0,0,0
999,0,null,0,0,0
1000,0,null,0,0,0
1001,0,null,0,0,0
1002,0,null,0,0,0
1003,0,null,0,0,0
1004,0,null,0,0,0
1005,0,null,0,0,0
1006,0,null,0,0,0
1007,0,null,0,0,0
1008,0,null,0,0,0
1009,0,null,0,0,0
1010,0,null,0,0,0
1011,0,null,0,0,0
1012,0,null,0,0,0
1013,0,null,0,0,0
1014,0,null,0,0,0
1015,0,null,0,0,0
1016,0,null,0,0,0
1017,0,null,0,0,0
1018,0,null,0,0,0
1019,0,null,0,0,0
1020,0,null,0,0,0
1021,0,null,0,0,0
1022,0,null,0,0,0
1023,0,null,0,0,0
1024,0,null,0,0,0
1025,0,null,0,0,0
1026,0,null,0,0,0
1027,0,null,0,0,0
1028,0,null,0,0,0
1029,0,null,0,0,0
1030,0,null,0,0,0
1031,0,null,0,0,0
1032,0,null,0,0,0
1033,0,null,0,0,0
1034,0,null,0,0,0
1035,0,null,0,0,0
1036,0,null,0,0,0
1037,0,null,0,0,0
1038,0,null,0,0,0
1039,0,null,0,0,0
1040,1,primary_proton,1,1,1
1041,0,null,0,0,0
1042,0,null,0,0,0
1043,0,null,0,0,0
1044,8,secondary_proton,1,1,1
1045,0,null,0,0,0
1046,0,null,0,0,0
1047,0,null,0,0,0
1048,0,null,0,0,0
1049,0,null,0,0,0
1050,0,null,0,0,0
1051,0,null,0,0,0
1052,0,null,0,0,0
1053,0,null,0,0,0
1054,0,null,0,0,0
1055,0,null,0,0,0
1056,0,null,0,0,0
1057,0,null,0,0,0
1058,0,null,0,0,0
1059,0,null,0,0,0
1060,5,secondary_proton,1,1,1
1061,0,null,0,0,0
1062,0,null,0,0,0
1063,32,pi+,1,1,1
1064,0,null,0,0,0
1065,0,null,0,0,0
1066,0,null,0,0,0
1067,0,null,0,0,0
1068,0,null,0,0,0
1069,0,null,0,0,0
1070,0,null,0,0,0
1071,0,null,0,0,0
1072,0,null,0,0,0
1073,0,null,0,0,0
1074,0,null,0,0,0
1075,0,null,0,0,0
1076,0,null,0,0,0
1077,0,null,0,0,0
1078,0,null,0,0,0
1079,0,null,0,0,0
1080,0,null,0,0,0
1081,0,null,0,0,0
1082,0,null,0,0,0
1083,2,secondary_proton,1,1,1
1084,1,primary_proton,1,1,1
1085,0,null,0,0,0
1086,0,null,0,0,0
1087,1,primary_proton,1,1,1
1088,0,null,0,0,0
1089,0,null,0,0,0
1090,0,null,0,0,0
1091,0,null,0,0,0
1092,0,null,0,0,0
1093,0,null,0,0,0
1094,0,null,0,0,0
1095,0,null,0,0,0
1096,0,null,0,0,0
1097,0,null,0,0,0
1098,0,null,0,0,0
1099,0,null,0,0,0
1100,0,null,0,0,0
1101,0,null,0,0,0
1102,0,null,0,0,0
1103,0,null,0,0,0
1104,0,null,0,0,0
1105,0,null,0,0,0
1106,0,null,0,0,0
1107,0,null,0,0,0
1108,0,null,0,0,0
1109,0,null,0,0,0
1110,0,null,0,0,0
1111,0,null,0,0,0
1112,0,null,0,0,0
1113,0,null,0,0,0
1114,0,null,0,0,0
1115,0,null,0,0,0
1116,8,pi+,1,1,1
1117,0,null,0,0,0
1118,0,null,0,0,0
1119,0,null,0,0,0
1120,0,null,0,0,0
1121,0,null,0,0,0
1122,0,null,0,0,0
1123,0,null,0,0,0
1124,0,null,0,0,0
1125,0,null,0,0,0
1126,0,null,0,0,0
1127,0,null,0,0,0
1128,0,null,0,0,0
1129,0,null,0,0,0
1130,0,null,0,0,0
1131,0,null,0,0,0
1132,0,null,0,0,0
1133,8,secondary_proton,1,1,1
1134,0,null,0,0,0
1135,0,null,0,0,0
1136,0,null,0,0,0
1137,0,null,0,0,0
1138,1,primary_proton,1,1,1
1139,0,null,0,0,0
1140,0,null,0,0,0
1141,0,null,0,0,0
1142,0,null,0,0,0
1143,0,null,0,0,0
1144,0,null,0,0,0
1145,0,null,0,0,0
1146,0,null,0,0,0
1147,0,null,0,0,0
1148,0,null,0,0,0
1149,0,null,0,0,0
1150,0,null,0,0,0
1151,0,null,0,0,0
1152,0,null,0,0,0
1153,0,null,0,0,0
1154,0,null,0,0,0
1155,0,null,0,0,0
1156,0,null,0,0,0
1157,0,null,0,0,0
1158,0,null,0,0,0
1159,0,null,0,0,0
1160,0,null,0,0,0
1161,0,null,0,0,0
1162,0,null,0,0,0
1163,0,null,0,0,0
1164,0,null,0,0,0
1165,1,primary_proton,1,1,1
1166,0,null,0,0,0
1167,0,null,0,0,0
1168,0,null,0,0,0
1170,0,null,0,0,0
1171,0,null,0,0,0
1172,0,null,0,0,0
1173,0,null,0,0,0
1174,0,null,0,0,0
1175,0,null,0,0,0
1176,0,null,0,0,0
1177,0,null,0,0,0
1178,0,null,0,0,0
1179,0,null,0,0,0
1180,0,null,0,0,0
1181,0,null,0,0,0
1182,0,null,0,0,0
1183,0,null,0,0,0
1184,0,null,0,0,0
1185,1,primary_proton,1,1,1
1186,0,null,0,0,0
1187,0,null,0,0,0
1188,0,null,0,0,0
1189,0,null,0,0,0
1190,0,null,0,0,0
1191,0,null,0,0,0
1192,0,null,0,0,0
1193,0,null,0,0,0
1194,0,null,0,0,0
1195,0,null,0,0,0
1196,0,null,0,0,0
1197,0,null,0,0,0
1198,4,kaon+,1,0,0
1199,0,null,0,0,0
1200,0,null,0,0,0
1201,0,null,0,0,0
1202,0,null,0,0,0
1203,0,null,0,0,0
1204,0,null,0,0,0
1205,0,null,0,0,0
1206,0,null,0,0,0
1207,0,null,0,0,0
1208,0,null,0,0,0
1209,0,null,0,0,0
1210,0,null,0,0,0
1211,0,null,0,0,0
1212,3,secondary_proton,1,1,1
1213,0,null,0,0,0
1214,0,null,0,0,0
1215,0,null,0,0,0
1216,0,null,0,0,0
1217,0,null,0,0,0
1218,0,null,0,0,0
1219,0,null,0,0,0
1220,0,null,0,0,0
1221,0,null,0,0,0
1222,0,null,0,0,0
1223,0,null,0,0,0
1224,2,secondary_proton,1,0,0
1225,0,null,0,0,0
1226,0,null,0,0,0
1227,0,null,0,0,0
1228,0,null,0,0,0
1229,0,null,0,0,0
1230,0,null,0,0,0
1231,0,null,0,0,0
1232,0,null,0,0,0
1233,0,null,0,0,0
1234,0,null,0,0,0
1235,0,null,0,0,0
1236,0,null,0,0,0
1237,0,null,0,0,0
1238,0,null,0,0,0
1239,0,null,0,0,0
1240,0,null,0,0,0
1241,8,pi-,1,1,1
1242,0,null,0,0,0
1243,0,null,0,0,0
1244,0,null,0,0,0
1245,0,null,0,0,0
1246,0,null,0,0,0
1247,0,null,0,0,0
1248,17,pi+,1,1,1
1249,1321,pi-,1,1,1
1250,0,null,0,0,0
1251,0,null,0,0,0
1252,0,null,0,0,0
1253,0,null,0,0,0
1254,0,null,0,0,0
1255,0,null,0,0,0
1256,0,null,0,0,0
1257,0,null,0,0,0
1258,0,null,0,0,0
1259,0,null,0,0,0
1260,1,primary_proton,1,1,1
1261,0,null,0,0,0
1262,0,null,0,0,0
1263,0,null,0,0,0
1264,0,null,0,0,0
1265,0,null,0,0,0
1266,5,secondary_proton,1,1,1
1267,0,null,0,0,0
1268,0,null,0,0,0
1269,0,null,0,0,0
1270,0,null,0,0,0
1271,0,null,0,0,0
1272,0,null,0,0,0
1273,0,null,0,0,0
1274,1,primary_proton,1,0,0
1275,0,null,0,0,0
1276,0,null,0,0,0
1277,0,null,0,0,0
1278,0,null,0,0,0
1279,0,null,0,0,0
1280,0,null,0,0,0
1281,0,null,0,0,0
1282,0,null,0,0,0
1283,1,primary_proton,1,1,1
1284,0,null,0,0,0
1285,7,pi-,1,1,1
1286,0,null,0,0,0
1287,0,null,0,0,0
1288,0,null,0,0,0
1289,0,null,0,0,0
1290,0,null,0,0,0
1291,0,null,0,0,0
1292,0,null,0,0,0
1293,0,null,0,0,0
1294,6,secondary_proton,1,1,1
1295,0,null,0,0,0
1296,0,null,0,0,0
1297,0,null,0,0,0
1298,0,null,0,0,0
1299,0,null,0,0,0
1300,0,null,0,0,0
1301,0,null,0,0,0
1302,0,null,0,0,0
1303,0,null,0,0,0
1304,0,null,0,0,0
1305,199,secondary_proton,1,1,1
1306,0,null,0,0,0
1307,0,null,0,0,0
1308,0,null,0,0,0
1309,0,null,0,0,0
1310,0,null,0,0,0
1311,0,null,0,0,0
1312,0,null,0,0,0
1313,0,null,0,0,0
1314,0,null,0,0,0
1315,0,null,0,0,0
1316,0,null,0,0,0
1317,0,null,0,0,0
1318,0,null,0,0,0
1319,0,null,0,0,0
1320,0,null,0,0,0
1321,0,null,0,0,0
1322,0,null,0,0,0
1323,0,null,0,0,0
1324,0,null,0,0,0
1325,0,null,0,0,0
1326,0,null,0,0,0
1327,0,null,0,0,0
1328,0,null,0,0,0
1329,0,null,0,0,0
1330,1,primary_proton,1,1,1
1331,0,null,0,0,0
1332,0,null,0,0,0
1333,0,null,0,0,0
1334,0,null,0,0,0
1335,0,null,0,0,0
1336,0,null,0,0,0
1337,0,null,0,0,0
1338,0,null,0,0,0
1339,0,null,0,0,0
1340,0,null,0,0,0
1341,0,null,0,0,0
1342,4,secondary_proton,1,1,1
1343,0,null,0,0,0
1344,0,null,0,0,0
1345,0,null,0,0,0
1346,0,null,0,0,0
1347,0,null,0,0,0
1348,0,null,0,0,0
1349,0,null,0,0,0
1350,0,null,0,0,0
1351,0,null,0,0,0
1352,0,null,0,0,0
1353,0,null,0,0,0
1354,11,secondary_proton,1,1,1
1355,0,null,0,0,0
1356,0,null,0,0,0
1357,0,null,0,0,0
1358,0,null,0,0,0
1359,0,null,0,0,0
1360,0,null,0,0,0
1361,0,null,0,0,0
1362,0,null,0,0,0
1363,0,null,0,0,0
1364,0,null,0,0,0
1365,0,null,0,0,0
1366,0,null,0,0,0
1367,0,null,0,0,0
1368,0,null,0,0,0
1369,0,null,0,0,0
1370,0,null,0,0,0
1371,0,null,0,0,0
1372,0,null,0,0,0
1373,0,null,0,0,0
1374,0,null,0,0,0
1375,0,null,0,0,0
1376,0,null,0,0,0
1377,0,null,0,0,0
1378,0,null,0,0,0
1379,0,null,0,0,0
1380,0,null,0,0,0
1381,0,null,0,0,0
1382,0,null,0,0,0
1383,0,null,0,0,0
1384,0,null,0,0,0
1385,0,null,0,0,0
1386,0,null,0,0,0
1387,0,null,0,0,0
1388,0,null,0,0,0
1390,0,null,0,0,0
1391,0,null,0,0,0
1392,0,null,0,0,0
1393,0,null,0,0,0
1394,0,null,0,0,0
1395,0,null,0,0,0
1396,0,null,0,0,0
1397,0,null,0,0,0
1398,0,null,0,0,0
1399,0,null,0,0,0
1400,0,null,0,0,0
1401,0,null,0,0,0
1402,0,null,0,0,0
1403,0,null,0,0,0
1404,0,null,0,0,0
1405,0,null,0,0,0
1406,0,null,0,0,0
1407,0,null,0,0,0
1408,0,null,0,0,0
1409,0,null,0,0,0
1410,0,null,0,0,0
1411,0,null,0,0,0
1412,8,pi+,1,1,1
1413,0,null,0,0,0
1414,0,null,0,0,0
1415,16,secondary_proton,1,1,1
1416,0,null,0,0,0
1417,0,null,0,0,0
1418,0,null,0,0,0
1419,24,pi+,1,0,0
1420,0,null,0,0,0
1421,0,null,0,0,0
1422,0,null,0,0,0
1423,8,pi-,1,1,1
1424,0,null,0,0,0
1425,0,null,0,0,0
1426,0,null,0,0,0
1427,0,null,0,0,0
1428,0,null,0,0,0
1429,0,null,0,0,0
1430,0,null,0,0,0
1431,0,null,0,0,0
1432,0,null,0,0,0
1433,0,null,0,0,0
1434,0,null,0,0,0
1435,0,null,0,0,0
1436,0,null,0,0,0
1437,0,null,0,0,0
1438,0,null,0,0,0
1439,0,null,0,0,0
1440,0,null,0,0,0
1441,0,null,0,0,0
1442,0,null,0,0,0
1443,0,null,0,0,0
1444,0,null,0,0,0
1445,0,null,0,0,0
1446,0,null,0,0,0
1447,0,null,0,0,0
1448,1,primary_proton,1,1,1
1449,0,null,0,0,0
1450,0,null,0,0,0
1451,0,null,0,0,0
1452,0,null,0,0,0
1453,0,null,0,0,0
1454,0,null,0,0,0
1455,0,null,0,0,0
1456,0,null,0,0,0
1457,0,null,0,0,0
1458,0,null,0,0,0
1459,0,null,0,0,0
1460,4,pi-,1,1,1
1461,0,null,0,0,0
1462,0,null,0,0,0
1463,0,null,0,0,0
1464,0,null,0,0,0
1465,0,null,0,0,0
1466,0,null,0,0,0
1467,0,null,0,0,0
1468,938,e-,1,1,0
1469,0,null,0,0,0
1470,0,null,0,0,0
1471,0,null,0,0,0
1472,0,null,0,0,0
1473,0,null,0,0,0
1474,0,null,0,0,0
1475,0,null,0,0,0
1476,0,null,0,0,0
1477,0,null,0,0,0
1478,0,null,0,0,0
1479,0,null,0,0,0
1480,9,secondary_proton,1,1,1
1481,0,null,0,0,0
1482,0,null,0,0,0
1483,0,null,0,0,0
1484,0,null,0,0,0
1485,0,null,0,0,0
1486,0,null,0,0,0
1487,0,null,0,0,0
1488,0,null,0,0,0
1489,0,null,0,0,0
1490,0,null,0,0,0
1491,0,null,0,0,0
1492,0,null,0,0,0
1493,0,null,0,0,0
1494,0,null,0,0,0
1495,0,null,0,0,0
1496,0,null,0,0,0
1497,0,null,0,0,0
1498,0,null,0,0,0
1499,0,null,0,0,0
1500,0,null,0,0,0
1501,0,null,0,0,0
1502,3,secondary_proton,1,1,1
1503,0,null,0,0,0
1504,0,null,0,0,0
1505,0,null,0,0,0
1506,0,null,0,0,0
1507,0,null,0,0,0
1508,0,null,0,0,0
1509,0,null,0,0,0
1510,0,null,0,0,0
1511,0,null,0,0,0
1512,0,null,0,0,0
1513,0,null,0,0,0
1514,0,null,0,0,0
1515,0,null,0,0,0
1516,0,null,0,0,0
1517,0,null,0,0,0
1518,0,null,0,0,0
1519,0,null,0,0,0
1520,0,null,0,0,0
1521,0,null,0,0,0
1522,0,null,0,0,0
1523,0,null,0,0,0
1524,0,null,0,0,0
1525,0,null,0,0,0
1526,0,null,0,0,0
1527,0,null,0,0,0
1528,1,primary_proton,1,1,1
1529,1,primary_proton,1,1,1
1530,0,null,0,0,0
1531,0,null,0,0,0
1532,0,null,0,0,0
1533,0,null,0,0,0
1534,0,null,0,0,0
1535,0,null,0,0,0
1536,0,null,0,0,0
1537,0,null,0,0,0
1538,0,null,0,0,0
1539,0,null,0,0,0
1540,0,null,0,0,0
1541,0,null,0,0,0
1542,0,null,0,0,0
1543,0,null,0,0,0
1544,0,null,0,0,0
1545,0,null,0,0,0
1546,9,pi+,1,1,1
1547,0,null,0,0,0
1548,0,null,0,0,0
1549,10,pi-,1,1,1
1550,0,null,0,0,0
1551,0,null,0,0,0
1552,0,null,0,0,0
1553,0,null,0,0,0
1554,0,null,0,0,0
1555,0,null,0,0,0
1556,0,null,0,0,0
1557,0,null,0,0,0
1558,0,null,0,0,0
1559,0,null,0,0,0
1560,0,null,0,0,0
1561,0,null,0,0,0
1562,0,null,0,0,0
1563,0,null,0,0,0
1564,0,null,0,0,0
1565,0,null,0,0,0
1566,10,pi+,1,1,1
1567,0,null,0,0,0
1568,0,null,0,0,0
1569,0,null,0,0,0
1570,0,null,0,0,0
1571,0,null,0,0,0
1572,0,null,0,0,0
1573,0,null,0,0,0
1574,0,null,0,0,0
1575,1,primary_proton,1,1,1
1576,2,secondary_proton,1,1,1
1577,0,null,0,0,0
1578,0,null,0,0,0
1579,0,null,0,0,0
1580,0,null,0,0,0
1581,0,null,0,0,0
1582,0,null,0,0,0
1583,0,null,0,0,0
1584,0,null,0,0,0
1585,0,null,0,0,0
1586,0,null,0,0,0
1587,1,primary_proton,1,1,1
1588,0,null,0,0,0
1589,0,null,0,0,0
1590,0,null,0,0,0
1591,0,null,0,0,0
1592,0,null,0,0,0
1593,0,null,0,0,0
1594,0,null,0,0,0
1595,0,null,0,0,0
1596,0,null,0,0,0
1597,0,null,0,0,0
1598,0,null,0,0,0
1599,14,secondary_proton,1,1,1
1600,0,null,0,0,0
1601,0,null,0,0,0
1602,2,secondary_proton,1,1,1
1603,0,null,0,0,0
1604,0,null,0,0,0
1605,0,null,0,0,0
1606,0,null,0,0,0
1607,0,null,0,0,0
1608,0,null,0,0,0
1610,0,null,0,0,0
1611,0,null,0,0,0
1612,29,pi+,1,1,1
1613,0,null,0,0,0
1614,0,null,0,0,0
1615,0,null,0,0,0
1616,0,null,0,0,0
1617,0,null,0,0,0
1618,0,null,0,0,0
1619,0,null,0,0,0
1620,0,null,0,0,0
1621,0,null,0,0,0
1622,0,null,0,0,0
1623,0,null,0,0,0
1624,0,null,0,0,0
1625,0,null,0,0,0
1626,0,null,0,0,0
1627,0,null,0,0,0
1628,0,null,0,0,0
1629,0,null,0,0,0
1630,0,null,0,0,0
1631,0,null,0,0,0
1632,0,null,0,0,0
1633,0,null,0,0,0
1634,0,null,0,0,0
1635,0,null,0,0,0
1636,0,null,0,0,0
1637,0,null,0,0,0
1638,0,null,0,0,0
1639,0,null,0,0,0
1640,0,null,0,0,0
1641,0,null,0,0,0
1642,0,null,0,0,0
1643,8,pi+,1,0,1
1644,0,null,0,0,0
1645,0,null,0,0,0
1646,0,null,0,0,0
1647,0,null,0,0,0
1648,0,null,0,0,0
1649,8,pi+,1,1,1
1650,0,null,0,0,0
1651,0,null,0,0,0
1652,419,pi-,1,1,1
1653,0,null,0,0,0
1654,0,null,0,0,0
1655,0,null,0,0,0
1656,0,null,0,0,0
1657,0,null,0,0,0
1658,0,null,0,0,0
1659,1,primary_proton,1,1,1
1660,0,null,0,0,0
1661,0,null,0,0,0
1662,0,null,0,0,0
1663,0,null,0,0,0
1664,0,null,0,0,0
1665,0,null,0,0,0
1666,0,null,0,0,0
1667,0,null,0,0,0
1668,0,null,0,0,0
1669,0,null,0,0,0
1670,0,null,0,0,0
1671,0,null,0,0,0
1672,0,null,0,0,0
1673,0,null,0,0,0
1674,0,null,0,0,0
1675,0,null,0,0,0
1676,0,null,0,0,0
1677,0,null,0,0,0
1678,15,pi+,1,1,1
1679,0,null,0,0,0
1680,0,null,0,0,0
1681,0,null,0,0,0
1682,0,null,0,0,0
1683,0,null,0,0,0
1684,0,null,0,0,0
1685,0,null,0,0,0
1686,0,null,0,0,0
1687,0,null,0,0,0
1688,0,null,0,0,0
1689,0,null,0,0,0
1690,0,null,0,0,0
1691,0,null,0,0,0
1692,0,null,0,0,0
1693,0,null,0,0,0
1694,0,null,0,0,0
1695,0,null,0,0,0
1696,0,null,0,0,0
1697,0,null,0,0,0
1698,0,null,0,0,0
1699,0,null,0,0,0
1700,0,null,0,0,0
1701,0,null,0,0,0
1702,0,null,0,0,0
1703,0,null,0,0,0
1704,0,null,0,0,0
1705,0,null,0,0,0
1706,0,null,0,0,0
1707,5554,e-,1,0,0
1708,0,null,0,0,0
1709,0,null,0,0,0
1710,0,null,0,0,0
1711,0,null,0,0,0
1712,1,primary_proton,1,1,1
1713,0,null,0,0,0
1714,0,null,0,0,0
1715,0,null,0,0,0
1716,0,null,0,0,0
1717,0,null,0,0,0
1718,8,pi-,1,1,1
1719,0,null,0,0,0
1720,0,null,0,0,0
1721,0,null,0,0,0
1722,0,null,0,0,0
1723,0,null,0,0,0
1724,0,null,0,0,0
1725,0,null,0,0,0
1726,0,null,0,0,0
1727,0,null,0,0,0
1728,0,null,0,0,0
1729,0,null,0,0,0
1730,2687,e-,0,1,0
1731,0,null,0,0,0
1732,0,null,0,0,0
1733,0,null,0,0,0
1734,0,null,0,0,0
1735,0,null,0,0,0
1736,0,null,0,0,0
1737,0,null,0,0,0
1738,0,null,0,0,0
1739,0,null,0,0,0
1740,0,null,0,0,0
1741,0,null,0,0,0
1742,0,null,0,0,0
1743,0,null,0,0,0
1744,0,null,0,0,0
1745,0,null,0,0,0
1746,1,primary_proton,1,1,1
1747,0,null,0,0,0
1748,0,null,0,0,0
1749,0,null,0,0,0
1750,0,null,0,0,0
1751,0,null,0,0,0
1752,0,null,0,0,0
1753,0,null,0,0,0
1754,0,null,0,0,0
1755,1,primary_proton,1,1,1
1756,0,null,0,0,0
1757,0,null,0,0,0
1758,0,null,0,0,0
1759,0,null,0,0,0
1760,0,null,0,0,0
1761,0,null,0,0,0
1762,0,null,0,0,0
1763,0,null,0,0,0
1764,0,null,0,0,0
1765,0,null,0,0,0
1766,0,null,0,0,0
1767,0,null,0,0,0
1768,0,null,0,0,0
1769,0,null,0,0,0
1770,0,null,0,0,0
1771,0,null,0,0,0
1772,0,null,0,0,0
1773,0,null,0,0,0
1774,0,null,0,0,0
1775,0,null,0,0,0
1776,0,null,0,0,0
1777,0,null,0,0,0
1778,0,null,0,0,0
1779,0,null,0,0,0
1780,0,null,0,0,0
1781,0,null,0,0,0
1782,0,null,0,0,0
1783,0,null,0,0,0
1784,0,null,0,0,0
1785,0,null,0,0,0
1786,0,null,0,0,0
1787,0,null,0,0,0
1788,0,null,0,0,0
1789,0,null,0,0,0
1790,1,primary_proton,1,1,1
1791,0,null,0,0,0
1792,0,null,0,0,0
1793,0,null,0,0,0
1794,0,null,0,0,0
1795,0,null,0,0,0
1796,0,null,0,0,0
1797,0,null,0,0,0
1798,0,null,0,0,0
1799,0,null,0,0,0
1800,0,null,0,0,0
1801,0,null,0,0,0
1802,0,null,0,0,0
1803,0,null,0,0,0
1804,0,null,0,0,0
1805,0,null,0,0,0
1806,0,null,0,0,0
1807,0,null,0,0,0
1808,0,null,0,0,0
1809,0,null,0,0,0
1810,0,null,0,0,0
1811,0,null,0,0,0
1812,0,null,0,0,0
1813,0,null,0,0,0
1814,0,null,0,0,0
1815,4832,e-,1,1,1
1816,0,null,0,0,0
1817,0,null,0,0,0
1818,0,null,0,0,0
1819,0,null,0,0,0
1820,0,null,0,0,0
1821,0,null,0,0,0
1822,0,null,0,0,0
1823,3745,secondary_proton,1,0,0
1824,0,null,0,0,0
1825,0,null,0,0,0
1826,0,null,0,0,0
1827,0,null,0,0,0
1828,0,null,0,0,0
1829,0,null,0,0,0
1830,0,null,0,0,0
1831,0,null,0,0,0
1832,1,primary_proton,1,1,0
1834,0,null,0,0,0
1835,0,null,0,0,0
1836,0,null,0,0,0
1837,0,null,0,0,0
1838,0,null,0,0,0
1839,0,null,0,0,0
1840,0,null,0,0,0
1841,1711,e-,1,1,1
1842,0,null,0,0,0
1843,0,null,0,0,0
1844,0,null,0,0,0
1845,0,null,0,0,0
1846,0,null,0,0,0
1847,0,null,0,0,0
1848,0,null,0,0,0
1849,0,null,0,0,0
1850,0,null,0,0,0
1851,0,null,0,0,0
1852,0,null,0,0,0
1853,0,null,0,0,0
1854,0,null,0,0,0
1855,0,null,0,0,0
1856,1,primary_proton,1,1,1
1857,0,null,0,0,0
1858,0,null,0,0,0
1859,0,null,0,0,0
1860,0,null,0,0,0
1861,0,null,0,0,0
1862,0,null,0,0,0
1863,0,null,0,0,0
1864,23,kaon-,1,1,1
1865,0,null,0,0,0
1866,0,null,0,0,0
1867,0,null,0,0,0
1868,0,null,0,0,0
1869,0,null,0,0,0
1870,0,null,0,0,0
1871,0,null,0,0,0
1872,0,null,0,0,0
1873,0,null,0,0,0
1874,0,null,0,0,0
1875,0,null,0,0,0
1876,0,null,0,0,0
1877,1,primary_proton,1,1,1
1878,0,null,0,0,0
1879,0,null,0,0,0
1880,0,null,0,0,0
1881,0,null,0,0,0
1882,0,null,0,0,0
1883,0,null,0,0,0
1884,0,null,0,0,0
1885,0,null,0,0,0
1886,0,null,0,0,0
1887,0,null,0,0,0
1888,0,null,0,0,0
1889,0,null,0,0,0
1890,0,null,0,0,0
1891,0,null,0,0,0
1892,0,null,0,0,0
1893,0,null,0,0,0
1894,0,null,0,0,0
1895,0,null,0,0,0
1896,0,null,0,0,0
1897,31,pi-,1,1,1
1898,22,pi+,1,1,0
1899,0,null,0,0,0
1900,0,null,0,0,0
1901,0,null,0,0,0
1902,0,null,0,0,0
1903,0,null,0,0,0
1904,0,null,0,0,0
1905,0,null,0,0,0
1906,0,null,0,0,0
1907,0,null,0,0,0
1908,0,null,0,0,0
1909,0,null,0,0,0
1910,0,null,0,0,0
1911,0,null,0,0,0
1912,0,null,0,0,0
1913,0,null,0,0,0
1914,0,null,0,0,0
1915,0,null,0,0,0
1916,0,null,0,0,0
1917,0,null,0,0,0
1918,0,null,0,0,0
1919,8,secondary_proton,1,1,1
1920,0,null,0,0,0
1921,0,null,0,0,0
1922,0,null,0,0,0
1923,0,null,0,0,0
1924,0,null,0,0,0
1925,0,null,0,0,0
1926,0,null,0,0,0
1927,0,null,0,0,0
1928,0,null,0,0,0
1929,0,null,0,0,0
1930,0,null,0,0,0
1931,0,null,0,0,0
1932,0,null,0,0,0
1933,0,null,0,0,0
1934,0,null,0,0,0
1935,0,null,0,0,0
1936,0,null,0,0,0
1937,0,null,0,0,0
1938,0,null,0,0,0
1939,3,secondary_proton,1,1,1
1940,0,null,0,0,0
1941,0,null,0,0,0
1942,0,null,0,0,0
1943,0,null,0,0,0
1944,0,null,0,0,0
1945,0,null,0,0,0
1946,10,secondary_proton,1,1,1
1947,0,null,0,0,0
1948,0,null,0,0,0
1949,0,null,0,0,0
1950,0,null,0,0,0
1951,0,null,0,0,0
1952,0,null,0,0,0
1953,0,null,0,0,0
1954,13,pi-,1,1,1
1955,0,null,0,0,0
1956,0,null,0,0,0
1957,0,null,0,0,0
1958,0,null,0,0,0
1959,0,null,0,0,0
1960,0,null,0,0,0
1961,0,null,0,0,0
1962,0,null,0,0,0
1963,0,null,0,0,0
1964,8,pi+,1,1,0
1965,0,null,0,0,0
1966,0,null,0,0,0
1967,0,null,0,0,0
1968,0,null,0,0,0
1969,0,null,0,0,0
1970,0,null,0,0,0
1971,0,null,0,0,0
1972,0,null,0,0,0
1973,0,null,0,0,0
1974,0,null,0,0,0
1975,0,null,0,0,0
1976,1,primary_proton,1,1,1
1977,0,null,0,0,0
1978,0,null,0,0,0
1979,0,null,0,0,0
1980,0,null,0,0,0
1981,0,null,0,0,0
1982,0,null,0,0,0
1983,0,null,0,0,0
1984,0,null,0,0,0
1985,0,null,0,0,0
1986,0,null,0,0,0
1987,0,null,0,0,0
1988,10,pi+,1,1,1
1989,0,null,0,0,0
1990,0,null,0,0,0
1991,0,null,0,0,0
1992,0,null,0,0,0
1993,0,null,0,0,0
1994,0,null,0,0,0
1995,0,null,0,0,0
1996,0,null,0,0,0
1997,0,null,0,0,0
1998,0,null,0,0,0
1999,0,null,0,0,0
2000,0,null,0,0,0
2001,0,null,0,0,0
2002,0,null,0,0,0
2003,1,primary_proton,1,1,1
2004,0,null,0,0,0
2005,0,null,0,0,0
2006,0,null,0,0,0
2007,0,null,0,0,0
2008,0,null,0,0,0
2009,2,pi-,1,1,1
2010,0,null,0,0,0
2011,0,null,0,0,0
2012,0,null,0,0,0
2013,0,null,0,0,0
2014,0,null,0,0,0
2015,0,null,0,0,0
2016,0,null,0,0,0
2017,0,null,0,0,0
2018,0,null,0,0,0
2019,0,null,0,0,0
2020,0,null,0,0,0
2021,0,null,0,0,0
2022,0,null,0,0,0
2023,0,null,0,0,0
2024,0,null,0,0,0
2025,0,null,0,0,0
2026,0,null,0,0,0
2027,0,null,0,0,0
2028,0,null,0,0,0
2029,0,null,0,0,0
2030,0,null,0,0,0
2031,0,null,0,0,0
2032,0,null,0,0,0
2033,0,null,0,0,0
2034,2574,secondary_proton,1,1,1
2035,0,null,0,0,0
2036,0,null,0,0,0
2037,0,null,0,0,0
2038,0,null,0,0,0
2039,0,null,0,0,0
2040,0,null,0,0,0
2041,0,null,0,0,0
2042,1,primary_proton,1,1,1
2043,0,null,0,0,0
2044,0,null,0,0,0
2045,0,null,0,0,0
2046,0,null,0,0,0
2047,0,null,0,0,0
2048,0,null,0,0,0
2049,1,primary_proton,1,1,1
2050,0,null,0,0,0
2051,0,null,0,0,0
2052,0,null,0,0,0
2053,0,null,0,0,0
2055,0,null,0,0,0
2056,0,null,0,0,0
2057,0,null,0,0,0
2058,0,null,0,0,0
2059,0,null,0,0,0
2060,0,null,0,0,0
2061,0,null,0,0,0
2062,0,null,0,0,0
2063,0,null,0,0,0
2064,6,pi+,1,1,1
2065,0,null,0,0,0
2066,0,null,0,0,0
2067,0,null,0,0,0
2068,0,null,0,0,0
2069,0,null,0,0,0
2070,26,secondary_proton,1,1,1
2071,0,null,0,0,0
2072,0,null,0,0,0
2073,0,null,0,0,0
2074,0,null,0,0,0
2075,0,null,0,0,0
2076,0,null,0,0,0
2077,0,null,0,0,0
2078,0,null,0,0,0
2079,0,null,0,0,0
2080,0,null,0,0,0
2081,0,null,0,0,0
2082,0,null,0,0,0
2083,0,null,0,0,0
2084,0,null,0,0,0
2085,0,null,0,0,0
2086,0,null,0,0,0
2087,0,null,0,0,0
2088,1,primary_proton,1,1,1
2089,0,null,0,0,0
2090,0,null,0,0,0
2091,0,null,0,0,0
2092,0,null,0,0,0
2093,0,null,0,0,0
2094,0,null,0,0,0
2095,0,null,0,0,0
2096,0,null,0,0,0
2097,0,null,0,0,0
2098,0,null,0,0,0
2099,0,null,0,0,0
2100,0,null,0,0,0
2101,0,null,0,0,0
2102,0,null,0,0,0
2103,0,null,0,0,0
2104,0,null,0,0,0
2105,0,null,0,0,0
2106,0,null,0,0,0
2107,0,null,0,0,0
2108,0,null,0,0,0
2109,0,null,0,0,0
2110,0,null,0,0,0
2111,0,null,0,0,0
2112,0,null,0,0,0
2113,8,pi-,1,1,1
2114,0,null,0,0,0
2115,1,primary_proton,1,1,1
2116,0,null,0,0,0
2117,0,null,0,0,0
2118,0,null,0,0,0
2119,0,null,0,0,0
2120,0,null,0,0,0
2121,0,null,0,0,0
2122,0,null,0,0,0
2123,0,null,0,0,0
2124,0,null,0,0,0
2125,0,null,0,0,0
2126,0,null,0,0,0
2127,0,null,0,0,0
2128,0,null,0,0,0
2129,0,null,0,0,0
2130,8,secondary_proton,1,1,1
2131,0,null,0,0,0
2132,0,null,0,0,0
2133,0,null,0,0,0
2134,1,primary_proton,1,1,1
2135,0,null,0,0,0
2136,0,null,0,0,0
2137,0,null,0,0,0
2138,0,null,0,0,0
2139,0,null,0,0,0
2140,0,null,0,0,0
2141,0,null,0,0,0
2142,0,null,0,0,0
2143,0,null,0,0,0
2144,0,null,0,0,0
2145,0,null,0,0,0
2146,0,null,0,0,0
2147,0,null,0,0,0
2148,0,null,0,0,0
2149,0,null,0,0,0
2150,0,null,0,0,0
2151,0,null,0,0,0
2152,0,null,0,0,0
2153,0,null,0,0,0
2154,0,null,0,0,0
2155,0,null,0,0,0
2156,0,null,0,0,0
2157,9,pi+,1,1,1
2158,0,null,0,0,0
2159,0,null,0,0,0
2160,0,null,0,0,0
2161,0,null,0,0,0
2162,0,null,0,0,0
2163,0,null,0,0,0
2164,0,null,0,0,0
2165,0,null,0,0,0
2166,0,null,0,0,0
2167,0,null,0,0,0
2168,0,null,0,0,0
2169,0,null,0,0,0
2170,0,null,0,0,0
2171,0,null,0,0,0
2172,0,null,0,0,0
2173,0,null,0,0,0
2174,0,null,0,0,0
2175,0,null,0,0,0
2176,0,null,0,0,0
2177,0,null,0,0,0
2178,0,null,0,0,0
2179,1,primary_proton,1,1,1
2180,0,null,0,0,0
2181,0,null,0,0,0
2182,0,null,0,0,0
2183,0,null,0,0,0
2184,0,null,0,0,0
2185,0,null,0,0,0
2186,0,null,0,0,0
2187,0,null,0,0,0
2188,0,null,0,0,0
2189,0,null,0,0,0
2190,0,null,0,0,0
2191,0,null,0,0,0
2192,0,null,0,0,0
2193,0,null,0,0,0
2194,0,null,0,0,0
2195,0,null,0,0,0
2196,0,null,0,0,0
2197,0,null,0,0,0
2198,0,null,0,0,0
2199,0,null,0,0,0
2200,0,null,0,0,0
2201,0,null,0,0,0
2202,0,null,0,0,0
2203,0,null,0,0,0
2204,0,null,0,0,0
2205,0,null,0,0,0
2206,1,primary_proton,1,1,1
2207,0,null,0,0,0
2208,0,null,0,0,0
2209,0,null,0,0,0
2210,0,null,0,0,0
2211,0,null,0,0,0
2212,0,null,0,0,0
2213,1,primary_proton,1,1,1
2214,0,null,0,0,0
2215,0,null,0,0,0
2216,0,null,0,0,0
2217,0,null,0,0,0
2218,0,null,0,0,0
2219,0,null,0,0,0
2220,0,null,0,0,0
2221,0,null,0,0,0
2222,0,null,0,0,0
2223,0,null,0,0,0
2224,0,null,0,0,0
2225,0,null,0,0,0
2226,0,null,0,0,0
2227,0,null,0,0,0
2228,0,null,0,0,0
2229,0,null,0,0,0
2230,0,null,0,0,0
2231,0,null,0,0,0
2232,0,null,0,0,0
2233,0,null,0,0,0
2234,0,null,0,0,0
2235,0,null,0,0,0
2236,0,null,0,0,0
2237,0,null,0,0,0
2238,0,null,0,0,0
2239,614,e-,1,1,0
2240,0,null,0,0,0
2241,0,null,0,0,0
2242,0,null,0,0,0
2243,0,null,0,0,0
2244,0,null,0,0,0
2245,0,null,0,0,0
2246,0,null,0,0,0
2247,0,null,0,0,0
2248,4,secondary_proton,1,1,1
2249,0,null,0,0,0
2250,0,null,0,0,0
2251,0,null,0,0,0
2252,0,null,0,0,0
2253,0,null,0,0,0
2254,0,null,0,0,0
2255,0,null,0,0,0
2256,0,null,0,0,0
2257,0,null,0,0,0
2258,0,null,0,0,0
2259,0,null,0,0,0
2260,0,null,0,0,0
2261,0,null,0,0,0
2262,0,null,0,0,0
2263,0,null,0,0,0
2264,0,null,0,0,0
2265,0,null,0,0,0
2266,0,null,0,0,0
2267,0,null,0,0,0
2268,16,pi+,1,1,1
2269,0,null,0,0,0
2270,7372,e-,1,0,0
2271,0,null,0,0,0
2272,0,null,0,0,0
2273,0,null,0,0,0
2274,22,pi+,1,1,1
2275,0,null,0,0,0
2277,0,null,0,0,0
2278,0,null,0,0,0
2279,1,primary_proton,1,1,1
2280,3,secondary_proton,1,0,0
2281,1,primary_proton,1,1,1
2282,0,null,0,0,0
2283,0,null,0,0,0
2284,0,null,0,0,0
2285,0,null,0,0,0
2286,0,null,0,0,0
2287,1,primary_proton,1,1,1
2288,0,null,0,0,0
2289,0,null,0,0,0
2290,0,null,0,0,0
2291,31,pi-,1,1,1
2292,0,null,0,0,0
2293,0,null,0,0,0
2294,0,null,0,0,0
2295,1,primary_proton,1,1,1
2296,0,null,0,0,0
2297,0,null,0,0,0
2298,0,null,0,0,0
2299,0,null,0,0,0
2300,0,null,0,0,0
2301,5,secondary_proton,1,1,1
2302,0,null,0,0,0
2303,0,null,0,0,0
2304,0,null,0,0,0
2305,0,null,0,0,0
2306,0,null,0,0,0
2307,1,primary_proton,1,1,1
2308,0,null,0,0,0
2309,0,null,0,0,0
2310,10,secondary_proton,1,1,0
2311,0,null,0,0,0
2312,0,null,0,0,0
2313,0,null,0,0,0
2314,0,null,0,0,0
2315,0,null,0,0,0
2316,0,null,0,0,0
2317,0,null,0,0,0
2318,0,null,0,0,0
2319,0,null,0,0,0
2320,0,null,0,0,0
2321,0,null,0,0,0
2322,0,null,0,0,0
2323,0,null,0,0,0
2324,0,null,0,0,0
2325,0,null,0,0,0
2326,0,null,0,0,0
2327,0,null,0,0,0
2328,1,primary_proton,1,1,1
2329,0,null,0,0,0
2330,0,null,0,0,0
2331,0,null,0,0,0
2332,0,null,0,0,0
2333,0,null,0,0,0
2334,0,null,0,0,0
2335,0,null,0,0,0
2336,0,null,0,0,0
2337,0,null,0,0,0
2338,0,null,0,0,0
2339,0,null,0,0,0
2340,0,null,0,0,0
2341,0,null,0,0,0
2342,0,null,0,0,0
2343,0,null,0,0,0
2344,0,null,0,0,0
2345,0,null,0,0,0
2346,9,secondary_proton,1,1,0
2347,0,null,0,0,0
2348,0,null,0,0,0
2349,0,null,0,0,0
2350,0,null,0,0,0
2351,0,null,0,0,0
2352,0,null,0,0,0
2353,0,null,0,0,0
2354,0,null,0,0,0
2355,0,null,0,0,0
2356,0,null,0,0,0
2357,0,null,0,0,0
2358,0,null,0,0,0
2359,0,null,0,0,0
2360,0,null,0,0,0
2361,0,null,0,0,0
2362,0,null,0,0,0
2363,0,null,0,0,0
2364,0,null,0,0,0
2365,0,null,0,0,0
2366,0,null,0,0,0
2367,97,secondary_proton,1,1,1
2368,0,null,0,0,0
2369,0,null,0,0,0
2370,0,null,0,0,0
2371,0,null,0,0,0
2372,0,null,0,0,0
2373,0,null,0,0,0
2374,0,null,0,0,0
2375,0,null,0,0,0
2376,0,null,0,0,0
2377,0,null,0,0,0
2378,0,null,0,0,0
2379,0,null,0,0,0
2380,0,null,0,0,0
2381,0,null,0,0,0
2382,0,null,0,0,0
2383,0,null,0,0,0
2384,0,null,0,0,0
2385,0,null,0,0,0
2386,0,null,0,0,0
2387,0,null,0,0,0
2388,0,null,0,0,0
2389,9,secondary_proton,1,1,1
2390,0,null,0,0,0
2391,0,null,0,0,0
2392,0,null,0,0,0
2393,0,null,0,0,0
2394,1,primary_proton,1,1,1
2395,0,null,0,0,0
2396,0,null,0,0,0
2397,0,null,0,0,0
2398,0,null,0,0,0
2399,0,null,0,0,0
2400,0,null,0,0,0
2401,0,null,0,0,0
2402,0,null,0,0,0
2403,0,null,0,0,0
2404,0,null,0,0,0
2405,0,null,0,0,0
2406,0,null,0,0,0
2407,0,null,0,0,0
2408,0,null,0,0,0
2409,0,null,0,0,0
2410,0,null,0,0,0
2411,0,null,0,0,0
2412,0,null,0,0,0
2413,0,null,0,0,0
2414,0,null,0,0,0
2415,0,null,0,0,0
2416,0,null,0,0,0
2417,0,null,0,0,0
2418,0,null,0,0,0
2419,2208,e-,1,1,1
2420,0,null,0,0,0
2421,0,null,0,0,0
2422,0,null,0,0,0
2423,0,null,0,0,0
2424,0,null,0,0,0
2425,0,null,0,0,0
2426,0,null,0,0,0
2427,0,null,0,0,0
2428,0,null,0,0,0
2429,0,null,0,0,0
2430,0,null,0,0,0
2431,0,null,0,0,0
2432,0,null,0,0,0
2433,0,null,0,0,0
2434,0,null,0,0,0
2435,0,null,0,0,0
2436,0,null,0,0,0
2437,0,null,0,0,0
2438,0,null,0,0,0
2439,0,null,0,0,0
2440,0,null,0,0,0
2441,0,null,0,0,0
2442,8,pi+,1,1,0
2443,0,null,0,0,0
2444,0,null,0,0,0
2445,0,null,0,0,0
2446,0,null,0,0,0
2447,0,null,0,0,0
2448,0,null,0,0,0
2449,0,null,0,0,0
2450,0,null,0,0,0
2451,0,null,0,0,0
2452,0,null,0,0,0
2453,0,null,0,0,0
2454,0,null,0,0,0
2455,0,null,0,0,0
2456,0,null,0,0,0
2457,0,null,0,0,0
2458,0,null,0,0,0
2459,0,null,0,0,0
2460,0,null,0,0,0
2461,0,null,0,0,0
2462,0,null,0,0,0
2463,0,null,0,0,0
2464,0,null,0,0,0
2465,0,null,0,0,0
2466,0,null,0,0,0
2467,0,null,0,0,0
2468,0,null,0,0,0
2469,0,null,0,0,0
2470,0,null,0,0,0
2471,0,null,0,0,0
2472,0,null,0,0,0
2473,0,null,0,0,0
2474,4,secondary_proton,1,1,1
2475,1,primary_proton,1,1,1
2476,0,null,0,0,0
2477,0,null,0,0,0
2478,0,null,0,0,0
2479,0,null,0,0,0
2480,0,null,0,0,0
2481,0,null,0,0,0
2482,0,null,0,0,0
2483,10,secondary_proton,1,0,0
2484,0,null,0,0,0
2485,0,null,0,0,0
2486,2692,secondary_proton,1,1,1
2487,0,null,0,0,0
2488,0,null,0,0,0
2489,0,null,0,0,0
2490,11,pi+,1,1,1
2491,0,null,0,0,0
2492,0,null,0,0,0
2494,0,null,0,0,0
2495,0,null,0,0,0
2496,0,null,0,0,0
2497,0,null,0,0,0
2498,0,null,0,0,0
2499,0,null,0,0,0
2500,0,null,0,0,0
2501,0,null,0,0,0
2502,0,null,0,0,0
2503,0,null,0,0,0
2504,0,null,0,0,0
2505,0,null,0,0,0
2506,0,null,0,0,0
2507,0,null,0,0,0
2508,0,null,0,0,0
2509,0,null,0,0,0
2510,0,null,0,0,0
2511,0,null,0,0,0
2512,0,null,0,0,0
2513,0,null,0,0,0
2514,0,null,0,0,0
2515,0,null,0,0,0
2516,0,null,0,0,0
2517,0,null,0,0,0
2518,0,null,0,0,0
2519,1,primary_proton,1,1,1
2520,0,null,0,0,0
2521,0,null,0,0,0
2522,0,null,0,0,0
2523,0,null,0,0,0
2524,0,null,0,0,0
2525,0,null,0,0,0
2526,0,null,0,0,0
2527,0,null,0,0,0
2528,0,null,0,0,0
2529,0,null,0,0,0
2530,0,null,0,0,0
2531,0,null,0,0,0
2532,0,null,0,0,0
2533,1,primary_proton,1,1,1
2534,0,null,0,0,0
2535,0,null,0,0,0
2536,1,primary_proton,1,1,1
2537,0,null,0,0,0
2538,0,null,0,0,0
2539,0,null,0,0,0
2540,0,null,0,0,0
2541,0,null,0,0,0
2542,0,null,0,0,0
2543,0,null,0,0,0
2544,1,primary_proton,1,1,1
2545,0,null,0,0,0
2546,0,null,0,0,0
2547,0,null,0,0,0
2548,0,null,0,0,0
2549,0,null,0,0,0
2550,0,null,0,0,0
2551,0,null,0,0,0
2552,0,null,0,0,0
2553,0,null,0,0,0
2554,0,null,0,0,0
2555,0,null,0,0,0
2556,0,null,0,0,0
2557,0,null,0,0,0
2558,0,null,0,0,0
2559,0,null,0,0,0
2560,7,secondary_proton,1,1,1
2561,0,null,0,0,0
2562,0,null,0,0,0
2563,5,secondary_proton,1,1,1
2564,0,null,0,0,0
2565,0,null,0,0,0
2566,0,null,0,0,0
2567,0,null,0,0,0
2568,0,null,0,0,0
2569,0,null,0,0,0
2570,0,null,0,0,0
2571,0,null,0,0,0
2572,0,null,0,0,0
2573,0,null,0,0,0
2574,0,null,0,0,0
2575,0,null,0,0,0
2576,0,null,0,0,0
2577,0,null,0,0,0
2578,0,null,0,0,0
2579,0,null,0,0,0
2580,0,null,0,0,0
2581,0,null,0,0,0
2582,0,null,0,0,0
2583,0,null,0,0,0
2584,1,primary_proton,1,1,1
2585,0,null,0,0,0
2586,0,null,0,0,0
2587,20,pi-,1,1,1
2588,0,null,0,0,0
2589,0,null,0,0,0
2590,0,null,0,0,0
2591,0,null,0,0,0
2592,0,null,0,0,0
2593,0,null,0,0,0
2594,0,null,0,0,0
2595,0,null,0,0,0
2596,0,null,0,0,0
2597,0,null,0,0,0
2598,0,null,0,0,0
2599,17,pi+,1,1,1
2600,0,null,0,0,0
2601,0,null,0,0,0
2602,0,null,0,0,0
2603,0,null,0,0,0
2604,0,null,0,0,0
2605,10,pi-,1,1,1
2606,0,null,0,0,0
2607,0,null,0,0,0
2608,0,null,0,0,0
2609,0,null,0,0,0
2610,0,null,0,0,0
2611,0,null,0,0,0
2612,0,null,0,0,0
2613,0,null,0,0,0
2614,0,null,0,0,0
2615,0,null,0,0,0
2616,0,null,0,0,0
2617,0,null,0,0,0
2618,0,null,0,0,0
2619,0,null,0,0,0
2620,0,null,0,0,0
2621,0,null,0,0,0
2622,0,null,0,0,0
2623,0,null,0,0,0
2624,1,primary_proton,1,1,1
2625,0,null,0,0,0
2626,0,null,0,0,0
2627,0,null,0,0,0
2628,1,primary_proton,1,1,1
2629,0,null,0,0,0
2630,0,null,0,0,0
2631,0,null,0,0,0
2632,0,null,0,0,0
2633,0,null,0,0,0
2634,0,null,0,0,0
2635,0,null,0,0,0
2636,0,null,0,0,0
2637,0,null,0,0,0
2638,665,e-,1,1,1
2639,0,null,0,0,0
2640,0,null,0,0,0
2641,0,null,0,0,0
2642,0,null,0,0,0
2643,0,null,0,0,0
2644,0,null,0,0,0
2645,0,null,0,0,0
2646,0,null,0,0,0
2647,0,null,0,0,0
2648,0,null,0,0,0
2649,1,primary_proton,1,1,1
2650,1,primary_proton,1,1,1
2651,0,null,0,0,0
2652,2895,e-,1,0,0
2653,0,null,0,0,0
2654,0,null,0,0,0
2655,1815,e-,0,1,0
2656,0,null,0,0,0
2657,0,null,0,0,0
2658,0,null,0,0,0
2659,0,null,0,0,0
2660,0,null,0,0,0
2661,0,null,0,0,0
2662,0,null,0,0,0
2663,0,null,0,0,0
2664,0,null,0,0,0
2665,0,null,0,0,0
2666,0,null,0,0,0
2667,0,null,0,0,0
2668,0,null,0,0,0
2669,0,null,0,0,0
2670,7,secondary_proton,1,1,1
2671,0,null,0,0,0
2672,0,null,0,0,0
2673,0,null,0,0,0
2674,0,null,0,0,0
2675,0,null,0,0,0
2676,0,null,0,0,0
2677,0,null,0,0,0
2678,0,null,0,0,0
2679,0,null,0,0,0
2680,0,null,0,0,0
2681,0,null,0,0,0
2682,0,null,0,0,0
2683,0,null,0,0,0
2684,0,null,0,0,0
2685,0,null,0,0,0
2686,0,null,0,0,0
2687,0,null,0,0,0
2688,0,null,0,0,0
2689,0,null,0,0,0
2690,0,null,0,0,0
2691,0,null,0,0,0
2692,0,null,0,0,0
2693,0,null,0,0,0
2694,0,null,0,0,0
2695,0,null,0,0,0
2696,0,null,0,0,0
2697,0,null,0,0,0
2698,0,null,0,0,0
2699,0,null,0,0,0
2700,0,null,0,0,0
2701,0,null,0,0,0
2702,0,null,0,0,0
2703,3389,e-,0,1,0
2704,0,null,0,0,0
2705,0,null,0,0,0
2706,0,null,0,0,0
2707,0,null,0,0,0
2708,0,null,0,0,0
2709,0,null,0,0,0
2710,0,null,0,0,0
2711,0,null,0,0,0
2712,0,null,0,0,0
2714,0,null,0,0,0
2715,10,secondary_proton,1,1,1
2716,0,null,0,0,0
2717,0,null,0,0,0
2718,0,null,0,0,0
2719,0,null,0,0,0
2720,0,null,0,0,0
2721,0,null,0,0,0
2722,0,null,0,0,0
2723,0,null,0,0,0
2724,0,null,0,0,0
2725,0,null,0,0,0
2726,0,null,0,0,0
2727,0,null,0,0,0
2728,0,null,0,0,0
2729,0,null,0,0,0
2730,9,pi-,1,1,1
2731,0,null,0,0,0
2732,0,null,0,0,0
2733,0,null,0,0,0
2734,0,null,0,0,0
2735,0,null,0,0,0
2736,0,null,0,0,0
2737,0,null,0,0,0
2738,0,null,0,0,0
2739,0,null,0,0,0
2740,0,null,0,0,0
2741,0,null,0,0,0
2742,0,null,0,0,0
2743,0,null,0,0,0
2744,0,null,0,0,0
2745,0,null,0,0,0
2746,0,null,0,0,0
2747,0,null,0,0,0
2748,0,null,0,0,0
2749,0,null,0,0,0
2750,0,null,0,0,0
2751,0,null,0,0,0
2752,1,primary_proton,1,1,1
2753,0,null,0,0,0
2754,0,null,0,0,0
2755,0,null,0,0,0
2756,0,null,0,0,0
2757,0,null,0,0,0
2758,0,null,0,0,0
2759,0,null,0,0,0
2760,0,null,0,0,0
2761,0,null,0,0,0
2762,0,null,0,0,0
2763,0,null,0,0,0
2764,0,null,0,0,0
2765,0,null,0,0,0
2766,0,null,0,0,0
2767,0,null,0,0,0
2768,0,null,0,0,0
2769,0,null,0,0,0
2770,1,primary_proton,1,1,1
2771,0,null,0,0,0
2772,0,null,0,0,0
2773,0,null,0,0,0
2774,0,null,0,0,0
2775,0,null,0,0,0
2776,0,null,0,0,0
2777,0,null,0,0,0
2778,0,null,0,0,0
2779,0,null,0,0,0
2780,0,null,0,0,0
2781,0,null,0,0,0
2782,0,null,0,0,0
2783,0,null,0,0,0
2784,0,null,0,0,0
2785,0,null,0,0,0
2786,0,null,0,0,0
2787,0,null,0,0,0
2788,0,null,0,0,0
2789,0,null,0,0,0
2790,0,null,0,0,0
2791,0,null,0,0,0
2792,0,null,0,0,0
2793,0,null,0,0,0
2794,0,null,0,0,0
2795,0,null,0,0,0
2796,0,null,0,0,0
2797,0,null,0,0,0
2798,11,pi+,1,1,1
2799,0,null,0,0,0
2800,0,null,0,0,0
2801,0,null,0,0,0
2802,0,null,0,0,0
2803,0,null,0,0,0
2804,0,null,0,0,0
2805,0,null,0,0,0
2806,0,null,0,0,0
2807,0,null,0,0,0
2808,0,null,0,0,0
2809,0,null,0,0,0
2810,0,null,0,0,0
2811,0,null,0,0,0
2812,0,null,0,0,0
2813,26,pi+,1,0,0
2814,0,null,0,0,0
2815,0,null,0,0,0
2816,0,null,0,0,0
2817,0,null,0,0,0
2818,0,null,0,0,0
2819,0,null,0,0,0
2820,0,null,0,0,0
2821,0,null,0,0,0
2822,1,primary_proton,1,1,1
2823,0,null,0,0,0
2824,0,null,0,0,0
2825,0,null,0,0,0
2826,0,null,0,0,0
2827,0,null,0,0,0
2828,0,null,0,0,0
2829,0,null,0,0,0
2830,0,null,0,0,0
2831,0,null,0,0,0
2832,0,null,0,0,0
2833,2230,e-,1,1,1
2834,0,null,0,0,0
2835,0,null,0,0,0
2836,0,null,0,0,0
2837,0,null,0,0,0
2838,0,null,0,0,0
2839,0,null,0,0,0
2840,0,null,0,0,0
2841,14,pi+,1,1,1
2842,0,null,0,0,0
2843,0,null,0,0,0
2844,0,null,0,0,0
2845,0,null,0,0,0
2846,0,null,0,0,0
2847,0,null,0,0,0
2848,0,null,0,0,0
2849,0,null,0,0,0
2850,0,null,0,0,0
2851,0,null,0,0,0
2852,0,null,0,0,0
2853,0,null,0,0,0
2854,0,null,0,0,0
2855,0,null,0,0,0
2856,0,null,0,0,0
2857,0,null,0,0,0
2858,0,null,0,0,0
2859,0,null,0,0,0
2860,0,null,0,0,0
2861,0,null,0,0,0
2862,0,null,0,0,0
2863,0,null,0,0,0
2864,0,null,0,0,0
2865,0,null,0,0,0
2866,0,null,0,0,0
2867,0,null,0,0,0
2868,0,null,0,0,0
2869,0,null,0,0,0
2870,0,null,0,0,0
2871,0,null,0,0,0
2872,0,null,0,0,0
2873,0,null,0,0,0
2874,0,null,0,0,0
2875,0,null,0,0,0
2876,0,null,0,0,0
2877,0,null,0,0,0
2878,0,null,0,0,0
2879,0,null,0,0,0
2880,0,null,0,0,0
2881,0,null,0,0,0
2882,0,null,0,0,0
2883,0,null,0,0,0
2884,0,null,0,0,0
2885,0,null,0,0,0
2886,0,null,0,0,0
2887,0,null,0,0,0
2888,0,null,0,0,0
2889,0,null,0,0,0
2890,0,null,0,0,0
2891,0,null,0,0,0
2892,0,null,0,0,0
2893,0,null,0,0,0
2894,0,null,0,0,0
2895,0,null,0,0,0
2896,0,null,0,0,0
2897,0,null,0,0,0
2898,0,null,0,0,0
2899,0,null,0,0,0
2900,0,null,0,0,0
2901,0,null,0,0,0
2902,1,primary_proton,1,1,1
2903,0,null,0,0,0
2904,0,null,0,0,0
2905,0,null,0,0,0
2906,0,null,0,0,0
2907,0,null,0,0,0
2908,0,null,0,0,0
2909,0,null,0,0,0
2910,0,null,0,0,0
2911,0,null,0,0,0
2912,0,null,0,0,0
2913,0,null,0,0,0
2914,0,null,0,0,0
2915,1,primary_proton,1,1,1
2916,0,null,0,0,0
2917,14,pi-,1,1,1
2918,8,secondary_proton,1,1,1
2919,0,null,0,0,0
2920,0,null,0,0,0
2921,0,null,0,0,0
2922,0,null,0,0,0
2923,0,null,0,0,0
2924,0,null,0,0,0
2925,0,null,0,0,0
2926,0,null,0,0,0
2927,0,null,0,0,0
2928,0,null,0,0,0
2929,0,null,0,0,0
2930,0,null,0,0,0
2931,1,primary_proton,1,1,1
2932,0,null,0,0,0
2933,0,null,0,0,0
2934,0,null,0,0,0
2935,0,null,0,0,0
2937,0,null,0,0,0
2938,0,null,0,0,0
2939,0,null,0,0,0
2940,0,null,0,0,0
2941,0,null,0,0,0
2942,0,null,0,0,0
2943,0,null,0,0,0
2944,0,null,0,0,0
2945,0,null,0,0,0
2946,0,null,0,0,0
2947,0,null,0,0,0
2948,0,null,0,0,0
2949,0,null,0,0,0
2950,0,null,0,0,0
2951,0,null,0,0,0
2952,0,null,0,0,0
2953,0,null,0,0,0
2954,0,null,0,0,0
2955,0,null,0,0,0
2956,0,null,0,0,0
2957,1,primary_proton,1,1,1
2958,0,null,0,0,0
2959,0,null,0,0,0
2960,0,null,0,0,0
2961,1,primary_proton,1,1,1
2962,0,null,0,0,0
2963,0,null,0,0,0
2964,0,null,0,0,0
2965,0,null,0,0,0
2966,0,null,0,0,0
2967,0,null,0,0,0
2968,0,null,0,0,0
2969,0,null,0,0,0
2970,0,null,0,0,0
2971,0,null,0,0,0
2972,0,null,0,0,0
2973,0,null,0,0,0
2974,0,null,0,0,0
2975,0,null,0,0,0
2976,0,null,0,0,0
2977,0,null,0,0,0
2978,0,null,0,0,0
2979,0,null,0,0,0
2980,0,null,0,0,0
2981,0,null,0,0,0
2982,0,null,0,0,0
2983,0,null,0,0,0
2984,0,null,0,0,0
2985,0,null,0,0,0
2986,0,null,0,0,0
2987,0,null,0,0,0
2988,0,null,0,0,0
2989,0,null,0,0,0
2990,1,primary_proton,1,1,1
2991,0,null,0,0,0
2992,0,null,0,0,0
2993,0,null,0,0,0
2994,0,null,0,0,0
2995,0,null,0,0,0
2996,0,null,0,0,0
2997,0,null,0,0,0
2998,0,null,0,0,0
2999,0,null,0,0,0
3000,0,null,0,0,0
3001,0,null,0,0,0
3002,0,null,0,0,0
3003,0,null,0,0,0
3004,0,null,0,0,0
3005,0,null,0,0,0
3006,0,null,0,0,0
3007,0,null,0,0,0
3008,0,null,0,0,0
3009,0,null,0,0,0
3010,0,null,0,0,0
3011,0,null,0,0,0
3012,0,null,0,0,0
3013,0,null,0,0,0
3014,0,null,0,0,0
3015,0,null,0,0,0
3016,0,null,0,0,0
3017,0,null,0,0,0
3018,0,null,0,0,0
3019,0,null,0,0,0
3020,0,null,0,0,0
3021,0,null,0,0,0
3022,0,null,0,0,0
3023,0,null,0,0,0
3024,6,pi-,1,1,1
3025,0,null,0,0,0
3026,0,null,0,0,0
3027,0,null,0,0,0
3028,0,null,0,0,0
3029,0,null,0,0,0
3030,0,null,0,0,0
3031,0,null,0,0,0
3032,0,null,0,0,0
3033,0,null,0,0,0
3034,0,null,0,0,0
3035,0,null,0,0,0
3036,0,null,0,0,0
3037,0,null,0,0,0
3038,0,null,0,0,0
3039,0,null,0,0,0
3040,16,pi+,1,1,1
3041,25,pi-,1,1,1
3042,0,null,0,0,0
3043,0,null,0,0,0
3044,0,null,0,0,0
3045,0,null,0,0,0
3046,0,null,0,0,0
3047,0,null,0,0,0
3048,0,null,0,0,0
3049,0,null,0,0,0
3050,0,null,0,0,0
3051,0,null,0,0,0
3052,0,null,0,0,0
3053,0,null,0,0,0
3054,0,null,0,0,0
3055,0,null,0,0,0
3056,0,null,0,0,0
3057,0,null,0,0,0
3058,0,null,0,0,0
3059,0,null,0,0,0
3060,0,null,0,0,0
3061,0,null,0,0,0
3062,0,null,0,0,0
3063,0,null,0,0,0
3064,0,null,0,0,0
3065,0,null,0,0,0
3066,0,null,0,0,0
3067,2,pi-,1,1,1
3068,1,primary_proton,1,1,1
3069,0,null,0,0,0
3070,19,pi+,1,0,0
3071,0,null,0,0,0
3072,0,null,0,0,0
3073,0,null,0,0,0
3074,0,null,0,0,0
3075,0,null,0,0,0
3076,0,null,0,0,0
3077,0,null,0,0,0
3078,0,null,0,0,0
3079,8,secondary_proton,1,1,0
3080,0,null,0,0,0
3081,7,secondary_proton,1,1,1
3082,0,null,0,0,0
3083,0,null,0,0,0
3084,0,null,0,0,0
3085,0,null,0,0,0
3086,0,null,0,0,0
3087,0,null,0,0,0
3088,0,null,0,0,0
3089,24,pi+,1,1,1
3090,0,null,0,0,0
3091,0,null,0,0,0
3092,0,null,0,0,0
3093,0,null,0,0,0
3094,0,null,0,0,0
3095,0,null,0,0,0
3096,0,null,0,0,0
3097,0,null,0,0,0
3098,0,null,0,0,0
3099,0,null,0,0,0
3100,0,null,0,0,0
3101,0,null,0,0,0
3102,0,null,0,0,0
3103,0,null,0,0,0
3104,0,null,0,0,0
3105,0,null,0,0,0
3106,0,null,0,0,0
3107,0,null,0,0,0
3108,0,null,0,0,0
3109,0,null,0,0,0
3110,0,null,0,0,0
3111,0,null,0,0,0
3112,0,null,0,0,0
3113,1,primary_proton,1,1,1
3114,0,null,0,0,0
3115,0,null,0,0,0
3116,0,null,0,0,0
3117,0,null,0,0,0
3118,0,null,0,0,0
3119,0,null,0,0,0
3120,0,null,0,0,0
3121,0,null,0,0,0
3122,0,null,0,0,0
3123,0,null,0,0,0
3124,0,null,0,0,0
3125,0,null,0,0,0
3126,0,null,0,0,0
3127,0,null,0,0,0
3128,0,null,0,0,0
3129,0,null,0,0,0
3130,0,null,0,0,0
3131,0,null,0,0,0
3132,0,null,0,0,0
3133,0,null,0,0,0
3134,0,null,0,0,0
3135,0,null,0,0,0
3136,0,null,0,0,0
3137,0,null,0,0,0
3138,0,null,0,0,0
3139,0,null,0,0,0
3140,0,null,0,0,0
3141,0,null,0,0,0
3142,0,null,0,0,0
3143,0,null,0,0,0
3144,0,null,0,0,0
3145,0,null,0,0,0
3146,0,null,0,0,0
3147,0,null,0,0,0
3148,0,null,0,0,0
3149,0,null,0,0,0
3150,0,null,0,0,0
3151,0,null,0,0,0
3152,0,null,0,0,0
3153,0,null,0,0,0
3154,0,null,0,0,0
3155,0,null,0,0,0
3156,1,primary_proton,1,1,1
3157,0,null,0,0,0
3158,0,null,0,0,0
3160,0,null,0,0,0
3161,0,null,0,0,0
3162,0,null,0,0,0
3163,0,null,0,0,0
3164,0,null,0,0,0
3165,0,null,0,0,0
3166,0,null,0,0,0
3167,0,null,0,0,0
3168,0,null,0,0,0
3169,0,null,0,0,0
3170,0,null,0,0,0
3171,0,null,0,0,0
3172,1,primary_proton,1,1,1
3173,1,primary_proton,1,1,1
3174,0,null,0,0,0
3175,0,null,0,0,0
3176,0,null,0,0,0
3177,0,null,0,0,0
3178,0,null,0,0,0
3179,0,null,0,0,0
3180,0,null,0,0,0
3181,0,null,0,0,0
3182,0,null,0,0,0
3183,0,null,0,0,0
3184,0,null,0,0,0
3185,0,null,0,0,0
3186,0,null,0,0,0
3187,0,null,0,0,0
3188,0,null,0,0,0
3189,0,null,0,0,0
3190,0,null,0,0,0
3191,0,null,0,0,0
3192,0,null,0,0,0
3193,0,null,0,0,0
3194,0,null,0,0,0
3195,0,null,0,0,0
3196,0,null,0,0,0
3197,0,null,0,0,0
3198,0,null,0,0,0
3199,0,null,0,0,0
3200,0,null,0,0,0
3201,0,null,0,0,0
3202,23,pi-,1,1,1
3203,0,null,0,0,0
3204,0,null,0,0,0
3205,0,null,0,0,0
3206,0,null,0,0,0
3207,0,null,0,0,0
3208,0,null,0,0,0
3209,0,null,0,0,0
3210,0,null,0,0,0
3211,1,primary_proton,1,1,1
3212,0,null,0,0,0
3213,0,null,0,0,0
3214,0,null,0,0,0
3215,0,null,0,0,0
3216,0,null,0,0,0
3217,0,null,0,0,0
3218,0,null,0,0,0
3219,0,null,0,0,0
3220,0,null,0,0,0
3221,0,null,0,0,0
3222,1,primary_proton,1,1,1
3223,0,null,0,0,0
3224,0,null,0,0,0
3225,0,null,0,0,0
3226,0,null,0,0,0
3227,0,null,0,0,0
3228,0,null,0,0,0
3229,0,null,0,0,0
3230,0,null,0,0,0
3231,0,null,0,0,0
3232,0,null,0,0,0
3233,0,null,0,0,0
3234,0,null,0,0,0
3235,0,null,0,0,0
3236,0,null,0,0,0
3237,0,null,0,0,0
3238,0,null,0,0,0
3239,0,null,0,0,0
3240,0,null,0,0,0
3241,0,null,0,0,0
3242,0,null,0,0,0
3243,0,null,0,0,0
3244,0,null,0,0,0
3245,0,null,0,0,0
3246,0,null,0,0,0
3247,0,null,0,0,0
3248,0,null,0,0,0
3249,0,null,0,0,0
3250,0,null,0,0,0
3251,1,primary_proton,1,1,1
3252,0,null,0,0,0
3253,0,null,0,0,0
3254,0,null,0,0,0
3255,0,null,0,0,0
3256,0,null,0,0,0
3257,0,null,0,0,0
3258,0,null,0,0,0
3259,0,null,0,0,0
3260,0,null,0,0,0
3261,0,null,0,0,0
3262,0,null,0,0,0
3263,0,null,0,0,0
3264,0,null,0,0,0
3265,0,null,0,0,0
3266,0,null,0,0,0
3267,0,null,0,0,0
3268,0,null,0,0,0
3269,0,null,0,0,0
3270,0,null,0,0,0
3271,0,null,0,0,0
3272,0,null,0,0,0
3273,0,null,0,0,0
3274,0,null,0,0,0
3275,0,null,0,0,0
3276,0,null,0,0,0
3277,0,null,0,0,0
3278,0,null,0,0,0
3279,0,null,0,0,0
3280,0,null,0,0,0
3281,0,null,0,0,0
3282,0,null,0,0,0
3283,0,null,0,0,0
3284,0,null,0,0,0
3285,0,null,0,0,0
3286,0,null,0,0,0
3287,0,null,0,0,0
3288,0,null,0,0,0
3289,0,null,0,0,0
3290,0,null,0,0,0
3291,0,null,0,0,0
3292,0,null,0,0,0
3293,0,null,0,0,0
3294,0,null,0,0,0
3295,0,null,0,0,0
3296,0,null,0,0,0
3297,0,null,0,0,0
3298,0,null,0,0,0
3299,0,null,0,0,0
3300,0,null,0,0,0
3301,0,null,0,0,0
3302,0,null,0,0,0
3303,0,null,0,0,0
3304,0,null,0,0,0
3305,0,null,0,0,0
3306,0,null,0,0,0
3307,0,null,0,0,0
3308,0,null,0,0,0
3309,0,null,0,0,0
3310,0,null,0,0,0
3311,1,primary_proton,1,1,0
3312,0,null,0,0,0
3313,0,null,0,0,0
3314,0,null,0,0,0
3315,0,null,0,0,0
3316,0,null,0,0,0
3317,0,null,0,0,0
3318,0,null,0,0,0
3319,0,null,0,0,0
3320,0,null,0,0,0
3321,0,null,0,0,0
3322,0,null,0,0,0
3323,0,null,0,0,0
3324,0,null,0,0,0
3325,0,null,0,0,0
3326,1,primary_proton,1,1,1
3327,0,null,0,0,0
3328,0,null,0,0,0
3329,0,null,0,0,0
3330,0,null,0,0,0
3331,0,null,0,0,0
3332,0,null,0,0,0
3333,0,null,0,0,0
3334,0,null,0,0,0
3335,0,null,0,0,0
3336,0,null,0,0,0
3337,0,null,0,0,0
3338,0,null,0,0,0
3339,0,null,0,0,0
3340,0,null,0,0,0
3341,0,null,0,0,0
3342,0,null,0,0,0
3343,0,null,0,0,0
3344,0,null,0,0,0
3345,0,null,0,0,0
3346,0,null,0,0,0
3347,9,pi-,1,1,1
3348,0,null,0,0,0
3349,0,null,0,0,0
3350,0,null,0,0,0
3351,0,null,0,0,0
3352,0,null,0,0,0
3353,0,null,0,0,0
3354,0,null,0,0,0
3355,0,null,0,0,0
3356,0,null,0,0,0
3357,0,null,0,0,0
3358,0,null,0,0,0
3359,0,null,0,0,0
3360,0,null,0,0,0
3361,0,null,0,0,0
3362,0,null,0,0,0
3363,0,null,0,0,0
3364,0,null,0,0,0
3365,0,null,0,0,0
3366,0,null,0,0,0
3367,0,null,0,0,0
3368,0,null,0,0,0
3369,0,null,0,0,0
3370,0,null,0,0,0
3371,0,null,0,0,0
3372,0,null,0,0,0
3373,0,null,0,0,0
3374,0,null,0,0,0
3375,0,null,0,0,0
3376,0,null,0,0,0
3377,0,null,0,0,0
3378,0,null,0,0,0
3379,0,null,0,0,0
3380,0,null,0,0,0
3381,0,null,0,0,0
3382,0,null,0,0,0
3384,0,null,0,0,0
3385,0,null,0,0,0
3386,0,null,0,0,0
3387,0,null,0,0,0
3388,1802,pi+,1,1,1
3389,0,null,0,0,0
3390,0,null,0,0,0
3391,0,null,0,0,0
3392,0,null,0,0,0
3393,0,null,0,0,0
3394,0,null,0,0,0
3395,0,null,0,0,0
3396,1,primary_proton,1,1,1
3397,0,null,0,0,0
3398,0,null,0,0,0
3399,0,null,0,0,0
3400,0,null,0,0,0
3401,0,null,0,0,0
3402,0,null,0,0,0
3403,0,null,0,0,0
3404,0,null,0,0,0
3405,0,null,0,0,0
3406,0,null,0,0,0
3407,0,null,0,0,0
3408,0,null,0,0,0
3409,0,null,0,0,0
3410,0,null,0,0,0
3411,0,null,0,0,0
3412,0,null,0,0,0
3413,0,null,0,0,0
3414,4,secondary_proton,1,1,1
3415,0,null,0,0,0
3416,0,null,0,0,0
3417,0,null,0,0,0
3418,0,null,0,0,0
3419,0,null,0,0,0
3420,0,null,0,0,0
3421,0,null,0,0,0
3422,0,null,0,0,0
3423,1,primary_proton,1,1,0
3424,0,null,0,0,0
3425,1,primary_proton,1,1,1
3426,0,null,0,0,0
3427,0,null,0,0,0
3428,0,null,0,0,0
3429,0,null,0,0,0
3430,0,null,0,0,0
3431,0,null,0,0,0
3432,3,secondary_proton,1,1,1
3433,0,null,0,0,0
3434,0,null,0,0,0
3435,0,null,0,0,0
3436,0,null,0,0,0
3437,0,null,0,0,0
3438,0,null,0,0,0
3439,0,null,0,0,0
3440,0,null,0,0,0
3441,0,null,0,0,0
3442,0,null,0,0,0
3443,0,null,0,0,0
3444,0,null,0,0,0
3445,0,null,0,0,0
3446,0,null,0,0,0
3447,0,null,0,0,0
3448,0,null,0,0,0
3449,0,null,0,0,0
3450,0,null,0,0,0
3451,0,null,0,0,0
3452,0,null,0,0,0
3453,0,null,0,0,0
3454,0,null,0,0,0
3455,0,null,0,0,0
3456,0,null,0,0,0
3457,0,null,0,0,0
3458,0,null,0,0,0
3459,0,null,0,0,0
3460,9,pi-,1,1,1
3461,0,null,0,0,0
3462,0,null,0,0,0
3463,0,null,0,0,0
3464,0,null,0,0,0
3465,0,null,0,0,0
3466,0,null,0,0,0
3467,0,null,0,0,0
3468,0,null,0,0,0
3469,0,null,0,0,0
3470,6,secondary_proton,1,1,1
3471,0,null,0,0,0
3472,0,null,0,0,0
3473,0,null,0,0,0
3474,0,null,0,0,0
3475,0,null,0,0,0
3476,0,null,0,0,0
3477,0,null,0,0,0
3478,0,null,0,0,0
3479,0,null,0,0,0
3480,0,null,0,0,0
3481,0,null,0,0,0
3482,0,null,0,0,0
3483,0,null,0,0,0
3484,0,null,0,0,0
3485,0,null,0,0,0
3486,0,null,0,0,0
3487,8,pi-,1,1,1
3488,0,null,0,0,0
3489,0,null,0,0,0
3490,0,null,0,0,0
3491,0,null,0,0,0
3492,0,null,0,0,0
3493,0,null,0,0,0
3494,0,null,0,0,0
3495,0,null,0,0,0
3496,0,null,0,0,0
3497,0,null,0,0,0
3498,0,null,0,0,0
3499,0,null,0,0,0
3500,0,null,0,0,0
3501,0,null,0,0,0
3502,0,null,0,0,0
3503,8,secondary_proton,1,1,0
3504,0,null,0,0,0
3505,0,null,0,0,0
3506,0,null,0,0,0
3507,0,null,0,0,0
3508,1824,pi-,1,1,0
3509,0,null,0,0,0
3510,0,null,0,0,0
3511,0,null,0,0,0
3512,0,null,0,0,0
3513,0,null,0,0,0
3514,0,null,0,0,0
3515,0,null,0,0,0
3516,0,null,0,0,0
3517,0,null,0,0,0
3518,0,null,0,0,0
3519,0,null,0,0,0
3520,0,null,0,0,0
3521,0,null,0,0,0
3522,0,null,0,0,0
3523,0,null,0,0,0
3524,0,null,0,0,0
3525,0,null,0,0,0
3526,0,null,0,0,0
3527,0,null,0,0,0
3528,0,null,0,0,0
3529,0,null,0,0,0
3530,0,null,0,0,0
3531,0,null,0,0,0
3532,5,pi-,1,1,1
3533,0,null,0,0,0
3534,0,null,0,0,0
3535,0,null,0,0,0
3536,0,null,0,0,0
3537,0,null,0,0,0
3538,0,null,0,0,0
3539,0,null,0,0,0
3540,0,null,0,0,0
3541,0,null,0,0,0
3542,0,null,0,0,0
3543,0,null,0,0,0
3544,0,null,0,0,0
3545,0,null,0,0,0
3546,0,null,0,0,0
3547,0,null,0,0,0
3548,0,null,0,0,0
3549,0,null,0,0,0
3550,0,null,0,0,0
3551,0,null,0,0,0
3552,0,null,0,0,0
3553,0,null,0,0,0
3554,0,null,0,0,0
3555,0,null,0,0,0
3556,0,null,0,0,0
3557,0,null,0,0,0
3558,0,null,0,0,0
3559,0,null,0,0,0
3560,0,null,0,0,0
3561,0,null,0,0,0
3562,1,primary_proton,1,1,1
3563,1,primary_proton,1,1,1
3564,0,null,0,0,0
3565,0,null,0,0,0
3566,7,secondary_proton,1,1,1
3567,0,null,0,0,0
3568,0,null,0,0,0
3569,0,null,0,0,0
3570,0,null,0,0,0
3571,0,null,0,0,0
3572,0,null,0,0,0
3573,0,null,0,0,0
3574,0,null,0,0,0
3575,0,null,0,0,0
3576,8,pi-,1,1,1
3577,0,null,0,0,0
3578,0,null,0,0,0
3579,0,null,0,0,0
3580,0,null,0,0,0
3581,0,null,0,0,0
3582,0,null,0,0,0
3583,0,null,0,0,0
3584,0,null,0,0,0
3585,0,null,0,0,0
3586,0,null,0,0,0
3587,0,null,0,0,0
3588,0,null,0,0,0
3589,0,null,0,0,0
3590,0,null,0,0,0
3591,0,null,0,0,0
3592,0,null,0,0,0
3593,0,null,0,0,0
3594,0,null,0,0,0
3595,0,null,0,0,0
3596,0,null,0,0,0
3597,0,null,0,0,0
3598,0,null,0,0,0
3599,1,primary_proton,1,1,1
3600,0,null,0,0,0
3601,0,null,0,0,0
3602,0,null,0,0,0
3604,0,null,0,0,0
3605,0,null,0,0,0
3606,0,null,0,0,0
3607,0,null,0,0,0
3608,0,null,0,0,0
3609,0,null,0,0,0
3610,0,null,0,0,0
3611,0,null,0,0,0
3612,0,null,0,0,0
3613,0,null,0,0,0
3614,0,null,0,0,0
3615,0,null,0,0,0
3616,0,null,0,0,0
3617,0,null,0,0,0
3618,0,null,0,0,0
3619,0,null,0,0,0
3620,0,null,0,0,0
3621,0,null,0,0,0
3622,0,null,0,0,0
3623,0,null,0,0,0
3624,0,null,0,0,0
3625,0,null,0,0,0
3626,0,null,0,0,0
3627,0,null,0,0,0
3628,1,primary_proton,1,1,1
3629,0,null,0,0,0
3630,0,null,0,0,0
3631,0,null,0,0,0
3632,6,pi+,1,1,1
3633,0,null,0,0,0
3634,0,null,0,0,0
3635,0,null,0,0,0
3636,0,null,0,0,0
3637,1186,pi-,1,1,1
3638,1,primary_proton,1,1,1
3639,0,null,0,0,0
3640,0,null,0,0,0
3641,0,null,0,0,0
3642,0,null,0,0,0
3643,0,null,0,0,0
3644,0,null,0,0,0
3645,0,null,0,0,0
3646,0,null,0,0,0
3647,0,null,0,0,0
3648,0,null,0,0,0
3649,0,null,0,0,0
3650,8,secondary_proton,1,1,1
3651,0,null,0,0,0
3652,0,null,0,0,0
3653,0,null,0,0,0
3654,0,null,0,0,0
3655,0,null,0,0,0
3656,0,null,0,0,0
3657,0,null,0,0,0
3658,0,null,0,0,0
3659,0,null,0,0,0
3660,0,null,0,0,0
3661,0,null,0,0,0
3662,0,null,0,0,0
3663,0,null,0,0,0
3664,0,null,0,0,0
3665,0,null,0,0,0
3666,0,null,0,0,0
3667,0,null,0,0,0
3668,0,null,0,0,0
3669,0,null,0,0,0
3670,0,null,0,0,0
3671,0,null,0,0,0
3672,14,pi-,1,1,1
3673,0,null,0,0,0
3674,0,null,0,0,0
3675,0,null,0,0,0
3676,7,secondary_proton,1,1,1
3677,0,null,0,0,0
3678,0,null,0,0,0
3679,0,null,0,0,0
3680,0,null,0,0,0
3681,0,null,0,0,0
3682,0,null,0,0,0
3683,0,null,0,0,0
3684,0,null,0,0,0
3685,0,null,0,0,0
3686,0,null,0,0,0
3687,0,null,0,0,0
3688,0,null,0,0,0
3689,0,null,0,0,0
3690,1,primary_proton,1,1,1
3691,0,null,0,0,0
3692,0,null,0,0,0
3693,0,null,0,0,0
3694,0,null,0,0,0
3695,0,null,0,0,0
3696,0,null,0,0,0
3697,0,null,0,0,0
3698,0,null,0,0,0
3699,0,null,0,0,0
3700,0,null,0,0,0
3701,1,primary_proton,1,1,1
3702,0,null,0,0,0
3703,0,null,0,0,0
3704,0,null,0,0,0
3705,275,secondary_proton,1,1,1
3706,0,null,0,0,0
3707,0,null,0,0,0
3708,0,null,0,0,0
3709,0,null,0,0,0
3710,0,null,0,0,0
3711,0,null,0,0,0
3712,0,null,0,0,0
3713,0,null,0,0,0
3714,0,null,0,0,0
3715,0,null,0,0,0
3716,0,null,0,0,0
3717,0,null,0,0,0
3718,0,null,0,0,0
3719,0,null,0,0,0
3720,0,null,0,0,0
3721,0,null,0,0,0
3722,0,null,0,0,0
3723,0,null,0,0,0
3724,0,null,0,0,0
3725,0,null,0,0,0
3726,0,null,0,0,0
3727,2897,e-,0,1,0
3728,0,null,0,0,0
3729,0,null,0,0,0
3730,5,pi-,1,0,0
3731,0,null,0,0,0
3732,0,null,0,0,0
3733,0,null,0,0,0
3734,0,null,0,0,0
3735,0,null,0,0,0
3736,0,null,0,0,0
3737,0,null,0,0,0
3738,1,primary_proton,1,1,1
3739,0,null,0,0,0
3740,0,null,0,0,0
3741,0,null,0,0,0
3742,0,null,0,0,0
3743,0,null,0,0,0
3744,0,null,0,0,0
3745,0,null,0,0,0
3746,0,null,0,0,0
3747,0,null,0,0,0
3748,3,kaon-,1,1,1
3749,0,null,0,0,0
3750,3,secondary_proton,1,1,1
3751,0,null,0,0,0
3752,0,null,0,0,0
3753,0,null,0,0,0
3754,0,null,0,0,0
3755,0,null,0,0,0
3756,0,null,0,0,0
3757,0,null,0,0,0
3758,0,null,0,0,0
3759,0,null,0,0,0
3760,0,null,0,0,0
3761,0,null,0,0,0
3762,0,null,0,0,0
3763,0,null,0,0,0
3764,9,pi-,1,1,1
3765,0,null,0,0,0
3766,0,null,0,0,0
3767,0,null,0,0,0
3768,0,null,0,0,0
3769,0,null,0,0,0
3770,0,null,0,0,0
3771,0,null,0,0,0
3772,0,null,0,0,0
3773,0,null,0,0,0
3774,0,null,0,0,0
3775,0,null,0,0,0
3776,0,null,0,0,0
3777,0,null,0,0,0
3778,0,null,0,0,0
3779,0,null,0,0,0
3780,0,null,0,0,0
3781,12,secondary_proton,1,1,0
3782,0,null,0,0,0
3783,0,null,0,0,0
3784,0,null,0,0,0
3785,0,null,0,0,0
3786,0,null,0,0,0
3787,0,null,0,0,0
3788,13,pi+,1,1,1
3789,0,null,0,0,0
3790,0,null,0,0,0
3791,0,null,0,0,0
3792,0,null,0,0,0
3793,0,null,0,0,0
3794,0,null,0,0,0
3795,0,null,0,0,0
3796,0,null,0,0,0
3797,0,null,0,0,0
3798,0,null,0,0,0
3799,0,null,0,0,0
3800,250,e+,1,1,1
3801,0,null,0,0,0
3802,0,null,0,0,0
3803,0,null,0,0,0
3804,0,null,0,0,0
3805,0,null,0,0,0
3806,0,null,0,0,0
3807,0,null,0,0,0
3808,11390,e-,1,0,0
3809,0,null,0,0,0
3810,0,null,0,0,0
3811,0,null,0,0,0
3812,0,null,0,0,0
3813,0,null,0,0,0
3814,0,null,0,0,0
3815,0,null,0,0,0
3816,0,null,0,0,0
3817,852,e-,1,1,1
3818,0,null,0,0,0
3819,0,null,0,0,0
3820,0,null,0,0,0
3821,0,null,0,0,0
3822,0,null,0,0,0
3823,0,null,0,0,0
3825,0,null,0,0,0
3826,3344,e-,1,0,0
3827,0,null,0,0,0
3828,0,null,0,0,0
3829,118,pi-,1,1,1
3830,0,null,0,0,0
3831,0,null,0,0,0
3832,0,null,0,0,0
3833,0,null,0,0,0
3834,0,null,0,0,0
3835,0,null,0,0,0
3836,0,null,0,0,0
3837,0,null,0,0,0
3838,0,null,0,0,0
3839,0,null,0,0,0
3840,0,null,0,0,0
3841,0,null,0,0,0
3842,5241,e-,1,1,1
3843,0,null,0,0,0
3844,0,null,0,0,0
3845,0,null,0,0,0
3846,4,secondary_proton,1,1,1
3847,0,null,0,0,0
3848,0,null,0,0,0
3849,0,null,0,0,0
3850,0,null,0,0,0
3851,0,null,0,0,0
3852,0,null,0,0,0
3853,255,pi-,1,1,1
3854,0,null,0,0,0
3855,1,primary_proton,1,1,1
3856,0,null,0,0,0
3857,0,null,0,0,0
3858,0,null,0,0,0
3859,0,null,0,0,0
3860,0,null,0,0,0
3861,0,null,0,0,0
3862,0,null,0,0,0
3863,0,null,0,0,0
3864,0,null,0,0,0
3865,0,null,0,0,0
3866,0,null,0,0,0
3867,0,null,0,0,0
3868,0,null,0,0,0
3869,0,null,0,0,0
3870,0,null,0,0,0
3871,0,null,0,0,0
3872,0,null,0,0,0
3873,0,null,0,0,0
3874,0,null,0,0,0
3875,0,null,0,0,0
3876,0,null,0,0,0
3877,0,null,0,0,0
3878,0,null,0,0,0
3879,14,pi+,1,1,1
3880,0,null,0,0,0
3881,0,null,0,0,0
3882,0,null,0,0,0
3883,0,null,0,0,0
3884,0,null,0,0,0
3885,0,null,0,0,0
3886,0,null,0,0,0
3887,0,null,0,0,0
3888,0,null,0,0,0
3889,0,null,0,0,0
3890,0,null,0,0,0
3891,0,null,0,0,0
3892,0,null,0,0,0
3893,0,null,0,0,0
3894,0,null,0,0,0
3895,0,null,0,0,0
3896,0,null,0,0,0
3897,0,null,0,0,0
3898,0,null,0,0,0
3899,0,null,0,0,0
3900,9,secondary_proton,1,1,1
3901,0,null,0,0,0
3902,0,null,0,0,0
3903,0,null,0,0,0
3904,0,null,0,0,0
3905,0,null,0,0,0
3906,0,null,0,0,0
3907,0,null,0,0,0
3908,1,primary_proton,1,1,1
3909,0,null,0,0,0
3910,0,null,0,0,0
3911,0,null,0,0,0
3912,0,null,0,0,0
3913,4351,secondary_proton,1,1,1
3914,0,null,0,0,0
3915,0,null,0,0,0
3916,0,null,0,0,0
3917,0,null,0,0,0
3918,0,null,0,0,0
3919,0,null,0,0,0
3920,0,null,0,0,0
3921,0,null,0,0,0
3922,0,null,0,0,0
3923,0,null,0,0,0
3924,0,null,0,0,0
3925,0,null,0,0,0
3926,0,null,0,0,0
3927,0,null,0,0,0
3928,4,secondary_proton,1,1,1
3929,0,null,0,0,0
3930,0,null,0,0,0
3931,0,null,0,0,0
3932,0,null,0,0,0
3933,0,null,0,0,0
3934,0,null,0,0,0
3935,0,null,0,0,0
3936,0,null,0,0,0
3937,0,null,0,0,0
3938,0,null,0,0,0
3939,0,null,0,0,0
3940,0,null,0,0,0
3941,0,null,0,0,0
3942,0,null,0,0,0
3943,0,null,0,0,0
3944,0,null,0,0,0
3945,0,null,0,0,0
3946,0,null,0,0,0
3947,0,null,0,0,0
3948,0,null,0,0,0
3949,0,null,0,0,0
3950,0,null,0,0,0
3951,0,null,0,0,0
3952,0,null,0,0,0
3953,0,null,0,0,0
3954,0,null,0,0,0
3955,0,null,0,0,0
3956,0,null,0,0,0
3957,0,null,0,0,0
3958,13,pi-,1,1,1
3959,0,null,0,0,0
3960,1,primary_proton,1,1,1
3961,0,null,0,0,0
3962,0,null,0,0,0
3963,0,null,0,0,0
3964,0,null,0,0,0
3965,1,primary_proton,1,1,1
3966,0,null,0,0,0
3967,0,null,0,0,0
3968,0,null,0,0,0
3969,0,null,0,0,0
3970,0,null,0,0,0
3971,0,null,0,0,0
3972,0,null,0,0,0
3973,5,secondary_proton,1,1,1
3974,0,null,0,0,0
3975,0,null,0,0,0
3976,0,null,0,0,0
3977,0,null,0,0,0
3978,0,null,0,0,0
3979,0,null,0,0,0
3980,0,null,0,0,0
3981,0,null,0,0,0
3982,0,null,0,0,0
3983,0,null,0,0,0
3984,0,null,0,0,0
3985,0,null,0,0,0
3986,0,null,0,0,0
3987,0,null,0,0,0
3988,0,null,0,0,0
3989,0,null,0,0,0
3990,0,null,0,0,0
3991,0,null,0,0,0
3992,0,null,0,0,0
3993,0,null,0,0,0
3994,0,null,0,0,0
3995,0,null,0,0,0
3996,0,null,0,0,0
3997,0,null,0,0,0
3998,0,null,0,0,0
3999,0,null,0,0,0
4000,0,null,0,0,0
4001,0,null,0,0,0
4002,0,null,0,0,0
4003,0,null,0,0,0
4004,0,null,0,0,0
4005,0,null,0,0,0
4006,0,null,0,0,0
4007,0,null,0,0,0
4008,0,null,0,0,0
4009,0,null,0,0,0
4010,0,null,0,0,0
4011,0,null,0,0,0
4012,0,null,0,0,0
4013,0,null,0,0,0
4014,0,null,0,0,0
4015,0,null,0,0,0
4016,0,null,0,0,0
4017,0,null,0,0,0
4018,1,primary_proton,1,1,1
4019,1,primary_proton,1,1,1
4020,0,null,0,0,0
4021,0,null,0,0,0
4022,0,null,0,0,0
4023,0,null,0,0,0
4024,0,null,0,0,0
4025,0,null,0,0,0
4026,14,pi-,1,1,1
4027,0,null,0,0,0
4028,0,null,0,0,0
4029,0,null,0,0,0
4030,0,null,0,0,0
4031,12,pi-,1,1,1
4032,0,null,0,0,0
4033,0,null,0,0,0
4034,0,null,0,0,0
4035,0,null,0,0,0
4036,0,null,0,0,0
4037,0,null,0,0,0
4038,0,null,0,0,0
4039,0,null,0,0,0
4040,0,null,0,0,0
4041,0,null,0,0,0
4042,0,null,0,0,0
4043,0,null,0,0,0
4045,0,null,0,0,0
4046,0,null,0,0,0
4047,0,null,0,0,0
4048,1,primary_proton,1,1,1
4049,24,pi-,1,1,0
4050,0,null,0,0,0
4051,0,null,0,0,0
4052,0,null,0,0,0
4053,0,null,0,0,0
4054,0,null,0,0,0
4055,0,null,0,0,0
4056,0,null,0,0,0
4057,0,null,0,0,0
4058,0,null,0,0,0
4059,6,secondary_proton,1,1,1
4060,0,null,0,0,0
4061,0,null,0,0,0
4062,0,null,0,0,0
4063,0,null,0,0,0
4064,0,null,0,0,0
4065,0,null,0,0,0
4066,0,null,0,0,0
4067,0,null,0,0,0
4068,0,null,0,0,0
4069,0,null,0,0,0
4070,0,null,0,0,0
4071,0,null,0,0,0
4072,0,null,0,0,0
4073,0,null,0,0,0
4074,0,null,0,0,0
4075,13,pi-,1,1,1
4076,0,null,0,0,0
4077,0,null,0,0,0
4078,0,null,0,0,0
4079,0,null,0,0,0
4080,0,null,0,0,0
4081,0,null,0,0,0
4082,0,null,0,0,0
4083,0,null,0,0,0
4084,0,null,0,0,0
4085,0,null,0,0,0
4086,0,null,0,0,0
4087,0,null,0,0,0
4088,0,null,0,0,0
4089,0,null,0,0,0
4090,0,null,0,0,0
4091,0,null,0,0,0
4092,0,null,0,0,0
4093,0,null,0,0,0
4094,0,null,0,0,0
4095,0,null,0,0,0
4096,0,null,0,0,0
4097,0,null,0,0,0
4098,0,null,0,0,0
4099,0,null,0,0,0
4100,0,null,0,0,0
4101,0,null,0,0,0
4102,0,null,0,0,0
4103,0,null,0,0,0
4104,0,null,0,0,0
4105,0,null,0,0,0
4106,0,null,0,0,0
4107,0,null,0,0,0
4108,666,e-,0,1,0
4109,0,null,0,0,0
4110,0,null,0,0,0
4111,0,null,0,0,0
4112,0,null,0,0,0
4113,0,null,0,0,0
4114,0,null,0,0,0
4115,0,null,0,0,0
4116,0,null,0,0,0
4117,0,null,0,0,0
4118,0,null,0,0,0
4119,0,null,0,0,0
4120,0,null,0,0,0
4121,0,null,0,0,0
4122,0,null,0,0,0
4123,0,null,0,0,0
4124,0,null,0,0,0
4125,0,null,0,0,0
4126,5,secondary_proton,1,1,1
4127,0,null,0,0,0
4128,0,null,0,0,0
4129,0,null,0,0,0
4130,0,null,0,0,0
4131,0,null,0,0,0
4132,0,null,0,0,0
4133,0,null,0,0,0
4134,0,null,0,0,0
4135,0,null,0,0,0
4136,0,null,0,0,0
4137,4,secondary_proton,1,1,1
4138,0,null,0,0,0
4139,0,null,0,0,0
4140,0,null,0,0,0
4141,0,null,0,0,0
4142,0,null,0,0,0
4143,0,null,0,0,0
4144,0,null,0,0,0
4145,0,null,0,0,0
4146,0,null,0,0,0
4147,5,secondary_proton,1,1,1
4148,0,null,0,0,0
4149,0,null,0,0,0
4150,0,null,0,0,0
4151,0,null,0,0,0
4152,0,null,0,0,0
4153,0,null,0,0,0
4154,0,null,0,0,0
4155,0,null,0,0,0
4156,0,null,0,0,0
4157,0,null,0,0,0
4158,0,null,0,0,0
4159,0,null,0,0,0
4160,0,null,0,0,0
4161,0,null,0,0,0
4162,16,pi+,1,1,1
4163,0,null,0,0,0
4164,259,kaon+,1,1,1
4165,1,primary_proton,1,1,1
4166,0,null,0,0,0
4167,1,primary_proton,1,1,1
4168,0,null,0,0,0
4169,0,null,0,0,0
4170,0,null,0,0,0
4171,0,null,0,0,0
4172,0,null,0,0,0
4173,0,null,0,0,0
4174,0,null,0,0,0
4175,0,null,0,0,0
4176,0,null,0,0,0
4177,0,null,0,0,0
4178,0,null,0,0,0
4179,0,null,0,0,0
4180,0,null,0,0,0
4181,0,null,0,0,0
4182,0,null,0,0,0
4183,0,null,0,0,0
4184,0,null,0,0,0
4185,0,null,0,0,0
4186,0,null,0,0,0
4187,2,secondary_proton,1,1,1
4188,0,null,0,0,0
4189,0,null,0,0,0
4190,0,null,0,0,0
4191,0,null,0,0,0
4192,0,null,0,0,0
4193,0,null,0,0,0
4194,0,null,0,0,0
4195,0,null,0,0,0
4196,0,null,0,0,0
4197,0,null,0,0,0
4198,0,null,0,0,0
4199,0,null,0,0,0
4200,0,null,0,0,0
4201,0,null,0,0,0
4202,0,null,0,0,0
4203,0,null,0,0,0
4204,1,primary_proton,1,1,1
4205,0,null,0,0,0
4206,0,null,0,0,0
4207,15,secondary_proton,1,1,1
4208,0,null,0,0,0
4209,0,null,0,0,0
4210,15,pi+,1,1,1
4211,0,null,0,0,0
4212,0,null,0,0,0
4213,0,null,0,0,0
4214,0,null,0,0,0
4215,0,null,0,0,0
4216,0,null,0,0,0
4217,0,null,0,0,0
4218,0,null,0,0,0
4219,0,null,0,0,0
4220,0,null,0,0,0
4221,1181,e-,1,1,1
4222,5,pi+,1,1,1
4223,0,null,0,0,0
4224,0,null,0,0,0
4225,6,pi-,1,1,1
4226,0,null,0,0,0
4227,0,null,0,0,0
4228,1,primary_proton,1,1,1
4229,10,pi+,1,1,1
4230,0,null,0,0,0
4231,0,null,0,0,0
4232,0,null,0,0,0
4233,0,null,0,0,0
4234,0,null,0,0,0
4235,0,null,0,0,0
4236,0,null,0,0,0
4237,0,null,0,0,0
4238,0,null,0,0,0
4239,0,null,0,0,0
4240,0,null,0,0,0
4241,0,null,0,0,0
4242,0,null,0,0,0
4243,0,null,0,0,0
4244,0,null,0,0,0
4245,0,null,0,0,0
4246,0,null,0,0,0
4247,0,null,0,0,0
4248,0,null,0,0,0
4249,0,null,0,0,0
4250,0,null,0,0,0
4251,0,null,0,0,0
4252,0,null,0,0,0
4253,0,null,0,0,0
4254,4278,e-,1,1,1
4255,0,null,0,0,0
4256,0,null,0,0,0
4257,0,null,0,0,0
4258,0,null,0,0,0
4259,0,null,0,0,0
4260,0,null,0,0,0
4261,0,null,0,0,0
4262,0,null,0,0,0
4263,0,null,0,0,0
4264,0,null,0,0,0
4266,0,null,0,0,0
4267,0,null,0,0,0
4268,0,null,0,0,0
4269,0,null,0,0,0
4270,0,null,0,0,0
4271,0,null,0,0,0
4272,0,null,0,0,0
4273,0,null,0,0,0
4274,0,null,0,0,0
4275,1,primary_proton,1,1,1
4276,0,null,0,0,0
4277,0,null,0,0,0
4278,0,null,0,0,0
4279,0,null,0,0,0
4280,0,null,0,0,0
4281,0,null,0,0,0
4282,0,null,0,0,0
4283,0,null,0,0,0
4284,0,null,0,0,0
4285,0,null,0,0,0
4286,0,null,0,0,0
4287,0,null,0,0,0
4288,0,null,0,0,0
4289,0,null,0,0,0
4290,0,null,0,0,0
4291,0,null,0,0,0
4292,0,null,0,0,0
4293,0,null,0,0,0
4294,0,null,0,0,0
4295,0,null,0,0,0
4296,0,null,0,0,0
4297,0,null,0,0,0
4298,0,null,0,0,0
4299,0,null,0,0,0
4300,0,null,0,0,0
4301,0,null,0,0,0
4302,0,null,0,0,0
4303,0,null,0,0,0
4304,0,null,0,0,0
4305,0,null,0,0,0
4306,0,null,0,0,0
4307,0,null,0,0,0
4308,0,null,0,0,0
4309,0,null,0,0,0
4310,0,null,0,0,0
4311,0,null,0,0,0
4312,0,null,0,0,0
4313,0,null,0,0,0
4314,0,null,0,0,0
4315,0,null,0,0,0
4316,0,null,0,0,0
4317,1046,pi-,1,0,0
4318,0,null,0,0,0
4319,0,null,0,0,0
4320,0,null,0,0,0
4321,0,null,0,0,0
4322,0,null,0,0,0
4323,0,null,0,0,0
4324,0,null,0,0,0
4325,0,null,0,0,0
4326,0,null,0,0,0
4327,0,null,0,0,0
4328,0,null,0,0,0
4329,0,null,0,0,0
4330,0,null,0,0,0
4331,0,null,0,0,0
4332,0,null,0,0,0
4333,0,null,0,0,0
4334,0,null,0,0,0
4335,0,null,0,0,0
4336,0,null,0,0,0
4337,0,null,0,0,0
4338,0,null,0,0,0
4339,0,null,0,0,0
4340,0,null,0,0,0
4341,0,null,0,0,0
4342,0,null,0,0,0
4343,0,null,0,0,0
4344,0,null,0,0,0
4345,0,null,0,0,0
4346,0,null,0,0,0
4347,0,null,0,0,0
4348,0,null,0,0,0
4349,0,null,0,0,0
4350,0,null,0,0,0
4351,0,null,0,0,0
4352,0,null,0,0,0
4353,0,null,0,0,0
4354,0,null,0,0,0
4355,1,primary_proton,1,1,1
4356,0,null,0,0,0
4357,10,pi-,1,1,1
4358,0,null,0,0,0
4359,0,null,0,0,0
4360,0,null,0,0,0
4361,0,null,0,0,0
4362,0,null,0,0,0
4363,0,null,0,0,0
4364,0,null,0,0,0
4365,0,null,0,0,0
4366,0,null,0,0,0
4367,0,null,0,0,0
4368,0,null,0,0,0
4369,0,null,0,0,0
4370,1,primary_proton,1,1,1
4371,0,null,0,0,0
4372,0,null,0,0,0
4373,0,null,0,0,0
4374,0,null,0,0,0
4375,0,null,0,0,0
4376,0,null,0,0,0
4377,0,null,0,0,0
4378,0,null,0,0,0
4379,0,null,0,0,0
4380,0,null,0,0,0
4381,0,null,0,0,0
4382,14,pi+,1,0,0
4383,0,null,0,0,0
4384,0,null,0,0,0
4385,0,null,0,0,0
4386,0,null,0,0,0
4387,0,null,0,0,0
4388,0,null,0,0,0
4389,0,null,0,0,0
4390,0,null,0,0,0
4391,0,null,0,0,0
4392,0,null,0,0,0
4393,0,null,0,0,0
4394,0,null,0,0,0
4395,0,null,0,0,0
4396,0,null,0,0,0
4397,0,null,0,0,0
4398,0,null,0,0,0
4399,0,null,0,0,0
4400,0,null,0,0,0
4401,0,null,0,0,0
4402,0,null,0,0,0
4403,0,null,0,0,0
4404,0,null,0,0,0
4405,0,null,0,0,0
4406,0,null,0,0,0
4407,0,null,0,0,0
4408,0,null,0,0,0
4409,0,null,0,0,0
4410,1,primary_proton,1,1,1
4411,0,null,0,0,0
4412,1,primary_proton,1,1,1
4413,0,null,0,0,0
4414,0,null,0,0,0
4415,0,null,0,0,0
4416,0,null,0,0,0
4417,0,null,0,0,0
4418,0,null,0,0,0
4419,1,primary_proton,1,1,1
4420,0,null,0,0,0
4421,0,null,0,0,0
4422,0,null,0,0,0
4423,0,null,0,0,0
4424,0,null,0,0,0
4425,0,null,0,0,0
4426,0,null,0,0,0
4427,0,null,0,0,0
4428,1,primary_proton,1,1,1
4429,0,null,0,0,0
4430,0,null,0,0,0
4431,0,null,0,0,0
4432,0,null,0,0,0
4433,0,null,0,0,0
4434,0,null,0,0,0
4435,0,null,0,0,0
4436,0,null,0,0,0
4437,0,null,0,0,0
4438,0,null,0,0,0
4439,0,null,0,0,0
4440,9,secondary_proton,1,1,1
4441,0,null,0,0,0
4442,8,pi-,1,1,1
4443,0,null,0,0,0
4444,0,null,0,0,0
4445,0,null,0,0,0
4446,0,null,0,0,0
4447,0,null,0,0,0
4448,0,null,0,0,0
4449,0,null,0,0,0
4450,0,null,0,0,0
4451,0,null,0,0,0
4452,0,null,0,0,0
4453,0,null,0,0,0
4454,0,null,0,0,0
4455,0,null,0,0,0
4456,0,null,0,0,0
4457,11,pi+,1,1,1
4458,0,null,0,0,0
4459,0,null,0,0,0
4460,0,null,0,0,0
4461,0,null,0,0,0
4462,0,null,0,0,0
4463,0,null,0,0,0
4464,0,null,0,0,0
4465,2,secondary_proton,1,1,1
4466,7,secondary_proton,1,1,1
4467,0,null,0,0,0
4468,0,null,0,0,0
4469,0,null,0,0,0
4470,0,null,0,0,0
4471,0,null,0,0,0
4472,0,null,0,0,0
4473,0,null,0,0,0
4474,0,null,0,0,0
4475,0,null,0,0,0
4476,0,null,0,0,0
4477,0,null,0,0,0
4478,0,null,0,0,0
4479,0,null,0,0,0
4480,0,null,0,0,0
4481,0,null,0,0,0
4482,0,null,0,0,0
4483,0,null,0,0,0
4484,0,null,0,0,0
4485,0,null,0,0,0
4487,0,null,0,0,0
4488,0,null,0,0,0
4489,0,null,0,0,0
4490,0,null,0,0,0
4491,0,null,0,0,0
4492,0,null,0,0,0
4493,0,null,0,0,0
4494,0,null,0,0,0
4495,0,null,0,0,0
4496,0,null,0,0,0
4497,0,null,0,0,0
4498,0,null,0,0,0
4499,0,null,0,0,0
4500,0,null,0,0,0
4501,0,null,0,0,0
4502,0,null,0,0,0
4503,0,null,0,0,0
4504,0,null,0,0,0
4505,0,null,0,0,0
4506,0,null,0,0,0
4507,0,null,0,0,0
4508,0,null,0,0,0
4509,1,primary_proton,1,1,1
4510,0,null,0,0,0
4511,0,null,0,0,0
4512,0,null,0,0,0
4513,0,null,0,0,0
4514,0,null,0,0,0
4515,0,null,0,0,0
4516,13,pi-,1,1,1
4517,0,null,0,0,0
4518,0,null,0,0,0
4519,0,null,0,0,0
4520,0,null,0,0,0
4521,0,null,0,0,0
4522,5,secondary_proton,1,1,1
4523,0,null,0,0,0
4524,0,null,0,0,0
4525,0,null,0,0,0
4526,0,null,0,0,0
4527,1,primary_proton,1,1,1
4528,0,null,0,0,0
4529,0,null,0,0,0
4530,0,null,0,0,0
4531,0,null,0,0,0
4532,0,null,0,0,0
4533,0,null,0,0,0
4534,0,null,0,0,0
4535,0,null,0,0,0
4536,0,null,0,0,0
4537,0,null,0,0,0
4538,1,primary_proton,1,1,1
4539,0,null,0,0,0
4540,0,null,0,0,0
4541,0,null,0,0,0
4542,0,null,0,0,0
4543,412,kaon+,1,0,0
4544,0,null,0,0,0
4545,0,null,0,0,0
4546,0,null,0,0,0
4547,0,null,0,0,0
4548,0,null,0,0,0
4549,616,pi-,1,1,1
4550,0,null,0,0,0
4551,0,null,0,0,0
4552,12,pi+,1,1,1
4553,0,null,0,0,0
4554,0,null,0,0,0
4555,0,null,0,0,0
4556,0,null,0,0,0
4557,0,null,0,0,0
4558,0,null,0,0,0
4559,0,null,0,0,0
4560,0,null,0,0,0
4561,0,null,0,0,0
4562,0,null,0,0,0
4563,0,null,0,0,0
4564,0,null,0,0,0
4565,0,null,0,0,0
4566,0,null,0,0,0
4567,0,null,0,0,0
4568,0,null,0,0,0
4569,0,null,0,0,0
4570,0,null,0,0,0
4571,0,null,0,0,0
4572,0,null,0,0,0
4573,0,null,0,0,0
4574,0,null,0,0,0
4575,0,null,0,0,0
4576,0,null,0,0,0
4577,0,null,0,0,0
4578,0,null,0,0,0
4579,0,null,0,0,0
4580,0,null,0,0,0
4581,0,null,0,0,0
4582,0,null,0,0,0
4583,0,null,0,0,0
4584,0,null,0,0,0
4585,0,null,0,0,0
4586,0,null,0,0,0
4587,0,null,0,0,0
4588,0,null,0,0,0
4589,0,null,0,0,0
4590,0,null,0,0,0
4591,0,null,0,0,0
4592,0,null,0,0,0
4593,0,null,0,0,0
4594,0,null,0,0,0
4595,0,null,0,0,0
4596,0,null,0,0,0
4597,0,null,0,0,0
4598,0,null,0,0,0
4599,0,null,0,0,0
4600,0,null,0,0,0
4601,0,null,0,0,0
4602,0,null,0,0,0
4603,0,null,0,0,0
4604,0,null,0,0,0
4605,0,null,0,0,0
4606,0,null,0,0,0
4607,0,null,0,0,0
4608,14,secondary_proton,1,1,1
4609,0,null,0,0,0
4610,0,null,0,0,0
4611,0,null,0,0,0
4612,0,null,0,0,0
4613,0,null,0,0,0
4614,0,null,0,0,0
4615,0,null,0,0,0
4616,0,null,0,0,0
4617,0,null,0,0,0
4618,0,null,0,0,0
4619,1,primary_proton,1,1,1
4620,0,null,0,0,0
4621,0,null,0,0,0
4622,0,null,0,0,0
4623,0,null,0,0,0
4624,0,null,0,0,0
4625,0,null,0,0,0
4626,13,pi-,1,1,1
4627,0,null,0,0,0
4628,14,secondary_proton,1,1,1
4629,3119,secondary_proton,1,1,1
4630,0,null,0,0,0
4631,0,null,0,0,0
4632,0,null,0,0,0
4633,0,null,0,0,0
4634,0,null,0,0,0
4635,0,null,0,0,0
4636,0,null,0,0,0
4637,2,secondary_proton,1,1,1
4638,0,null,0,0,0
4639,0,null,0,0,0
4640,0,null,0,0,0
4641,0,null,0,0,0
4642,0,null,0,0,0
4643,0,null,0,0,0
4644,0,null,0,0,0
4645,230,e-,1,1,0
4646,0,null,0,0,0
4647,0,null,0,0,0
4648,0,null,0,0,0
4649,0,null,0,0,0
4650,0,null,0,0,0
4651,0,null,0,0,0
4652,0,null,0,0,0
4653,0,null,0,0,0
4654,0,null,0,0,0
4655,0,null,0,0,0
4656,0,null,0,0,0
4657,0,null,0,0,0
4658,0,null,0,0,0
4659,0,null,0,0,0
4660,0,null,0,0,0
4661,0,null,0,0,0
4662,0,null,0,0,0
4663,0,null,0,0,0
4664,2396,pi+,1,1,1
4665,0,null,0,0,0
4666,0,null,0,0,0
4667,0,null,0,0,0
4668,0,null,0,0,0
4669,0,null,0,0,0
4670,0,null,0,0,0
4671,0,null,0,0,0
4672,0,null,0,0,0
4673,0,null,0,0,0
4674,0,null,0,0,0
4675,3,secondary_proton,1,1,1
4676,0,null,0,0,0
4677,0,null,0,0,0
4678,24,pi-,1,1,1
4679,0,null,0,0,0
4680,10,pi-,1,1,1
4681,12,pi-,1,1,1
4682,0,null,0,0,0
4683,0,null,0,0,0
4684,0,null,0,0,0
4685,0,null,0,0,0
4686,0,null,0,0,0
4687,0,null,0,0,0
4688,0,null,0,0,0
4689,0,null,0,0,0
4690,0,null,0,0,0
4691,0,null,0,0,0
4692,0,null,0,0,0
4693,0,null,0,0,0
4694,0,null,0,0,0
4695,0,null,0,0,0
4696,0,null,0,0,0
4697,0,null,0,0,0
4698,0,null,0,0,0
4699,0,null,0,0,0
4700,0,null,0,0,0
4701,0,null,0,0,0
4702,0,null,0,0,0
4703,0,null,0,0,0
4704,0,null,0,0,0
4705,0,null,0,0,0
4706,0,null,0,0,0
4708,0,null,0,0,0
4709,5,pi+,1,1,1
4710,0,null,0,0,0
4711,0,null,0,0,0
4712,0,null,0,0,0
4713,0,null,0,0,0
4714,0,null,0,0,0
4715,0,null,0,0,0
4716,0,null,0,0,0
4717,0,null,0,0,0
4718,0,null,0,0,0
4719,0,null,0,0,0
4720,0,null,0,0,0
4721,0,null,0,0,0
4722,0,null,0,0,0
4723,0,null,0,0,0
4724,0,null,0,0,0
4725,0,null,0,0,0
4726,1,primary_proton,1,1,1
4727,0,null,0,0,0
4728,0,null,0,0,0
4729,0,null,0,0,0
4730,0,null,0,0,0
4731,0,null,0,0,0
4732,1,primary_proton,1,1,1
4733,0,null,0,0,0
4734,0,null,0,0,0
4735,0,null,0,0,0
4736,1,primary_proton,1,1,1
4737,0,null,0,0,0
4738,0,null,0,0,0
4739,1,primary_proton,1,1,0
4740,0,null,0,0,0
4741,0,null,0,0,0
4742,0,null,0,0,0
4743,0,null,0,0,0
4744,0,null,0,0,0
4745,0,null,0,0,0
4746,0,null,0,0,0
4747,1,primary_proton,1,1,1
4748,0,null,0,0,0
4749,0,null,0,0,0
4750,0,null,0,0,0
4751,0,null,0,0,0
4752,0,null,0,0,0
4753,0,null,0,0,0
4754,0,null,0,0,0
4755,0,null,0,0,0
4756,0,null,0,0,0
4757,0,null,0,0,0
4758,0,null,0,0,0
4759,0,null,0,0,0
4760,1,primary_proton,1,1,1
4761,0,null,0,0,0
4762,0,null,0,0,0
4763,0,null,0,0,0
4764,0,null,0,0,0
4765,0,null,0,0,0
4766,0,null,0,0,0
4767,0,null,0,0,0
4768,0,null,0,0,0
4769,0,null,0,0,0
4770,0,null,0,0,0
4771,0,null,0,0,0
4772,0,null,0,0,0
4773,29,pi+,1,1,1
4774,0,null,0,0,0
4775,0,null,0,0,0
4776,0,null,0,0,0
4777,0,null,0,0,0
4778,2,secondary_proton,1,1,1
4779,0,null,0,0,0
4780,2,secondary_proton,1,0,0
4781,0,null,0,0,0
4782,0,null,0,0,0
4783,0,null,0,0,0
4784,0,null,0,0,0
4785,0,null,0,0,0
4786,0,null,0,0,0
4787,0,null,0,0,0
4788,0,null,0,0,0
4789,0,null,0,0,0
4790,0,null,0,0,0
4791,0,null,0,0,0
4792,0,null,0,0,0
4793,0,null,0,0,0
4794,0,null,0,0,0
4795,0,null,0,0,0
4796,0,null,0,0,0
4797,0,null,0,0,0
4798,0,null,0,0,0
4799,0,null,0,0,0
4800,0,null,0,0,0
4801,0,null,0,0,0
4802,0,null,0,0,0
4803,0,null,0,0,0
4804,0,null,0,0,0
4805,0,null,0,0,0
4806,19,pi+,1,1,1
4807,0,null,0,0,0
4808,0,null,0,0,0
4809,0,null,0,0,0
4810,0,null,0,0,0
4811,0,null,0,0,0
4812,0,null,0,0,0
4813,0,null,0,0,0
4814,0,null,0,0,0
4815,1,primary_proton,1,1,1
4816,0,null,0,0,0
4817,0,null,0,0,0
4818,0,null,0,0,0
4819,253,pi-,1,0,0
4820,0,null,0,0,0
4821,0,null,0,0,0
4822,0,null,0,0,0
4823,0,null,0,0,0
4824,0,null,0,0,0
4825,2,secondary_proton,1,1,1
4826,0,null,0,0,0
4827,0,null,0,0,0
4828,0,null,0,0,0
4829,0,null,0,0,0
4830,0,null,0,0,0
4831,0,null,0,0,0
4832,0,null,0,0,0
4833,0,null,0,0,0
4834,0,null,0,0,0
4835,1,primary_proton,1,1,1
4836,0,null,0,0,0
4837,0,null,0,0,0
4838,10,secondary_proton,1,1,0
4839,0,null,0,0,0
4840,1,primary_proton,1,1,1
4841,0,null,0,0,0
4842,0,null,0,0,0
4843,0,null,0,0,0
4844,0,null,0,0,0
4845,0,null,0,0,0
4846,0,null,0,0,0
4847,0,null,0,0,0
4848,0,null,0,0,0
4849,0,null,0,0,0
4850,0,null,0,0,0
4851,0,null,0,0,0
4852,0,null,0,0,0
4853,0,null,0,0,0
4854,0,null,0,0,0
4855,0,null,0,0,0
4856,0,null,0,0,0
4857,0,null,0,0,0
4858,0,null,0,0,0
4859,0,null,0,0,0
4860,0,null,0,0,0
4861,0,null,0,0,0
4862,0,null,0,0,0
4863,0,null,0,0,0
4864,0,null,0,0,0
4865,0,null,0,0,0
4866,0,null,0,0,0
4867,0,null,0,0,0
4868,0,null,0,0,0
4869,0,null,0,0,0
4870,0,null,0,0,0
4871,0,null,0,0,0
4872,0,null,0,0,0
4873,0,null,0,0,0
4874,9,pi-,1,1,1
4875,0,null,0,0,0
4876,1,primary_proton,1,1,1
4877,0,null,0,0,0
4878,0,null,0,0,0
4879,0,null,0,0,0
4880,0,null,0,0,0
4881,0,null,0,0,0
4882,4067,e-,0,0,1
4883,0,null,0,0,0
4884,0,null,0,0,0
4885,0,null,0,0,0
4886,0,null,0,0,0
4887,0,null,0,0,0
4888,0,null,0,0,0
4889,0,null,0,0,0
4890,0,null,0,0,0
4891,0,null,0,0,0
4892,0,null,0,0,0
4893,0,null,0,0,0
4894,0,null,0,0,0
4895,0,null,0,0,0
4896,0,null,0,0,0
4897,0,null,0,0,0
4898,0,null,0,0,0
4899,0,null,0,0,0
4900,0,null,0,0,0
4901,0,null,0,0,0
4902,0,null,0,0,0
4903,0,null,0,0,0
4904,0,null,0,0,0
4905,0,null,0,0,0
4906,0,null,0,0,0
4907,0,null,0,0,0
4908,0,null,0,0,0
4909,0,null,0,0,0
4910,0,null,0,0,0
4911,0,null,0,0,0
4912,0,null,0,0,0
4913,0,null,0,0,0
4914,0,null,0,0,0
4915,0,null,0,0,0
4916,0,null,0,0,0
4917,0,null,0,0,0
4918,3,secondary_proton,1,1,1
4919,0,null,0,0,0
4920,0,null,0,0,0
4921,0,null,0,0,0
4922,0,null,0,0,0
4923,0,null,0,0,0
4924,0,null,0,0,0
4925,0,null,0,0,0
926,0,null,0,0,0
4927,0,null,0,0,0
4928,0,null,0,0,0
4929,0,null,0,0,0
4930,0,null,0,0,0
4931,0,null,0,0,0
4932,0,null,0,0,0
4933,0,null,0,0,0
4934,0,null,0,0,0
4935,0,null,0,0,0
4936,0,null,0,0,0
4937,0,null,0,0,0
4938,0,null,0,0,0
4939,0,null,0,0,0
4940,0,null,0,0,0
4941,0,null,0,0,0
4942,0,null,0,0,0
4943,0,null,0,0,0
4944,0,null,0,0,0
4945,0,null,0,0,0
4946,0,null,0,0,0
4947,12,pi-,1,1,1
4948,18,pi+,1,1,1
4949,0,null,0,0,0
4950,0,null,0,0,0
4951,0,null,0,0,0
4952,0,null,0,0,0
4953,0,null,0,0,0
4954,0,null,0,0,0
4955,0,null,0,0,0
4956,0,null,0,0,0
4957,0,null,0,0,0
4958,0,null,0,0,0
4959,0,null,0,0,0
4960,0,null,0,0,0
4961,0,null,0,0,0
4962,8,pi-,1,1,1
4963,0,null,0,0,0
4964,0,null,0,0,0
4965,0,null,0,0,0
4966,0,null,0,0,0
4967,0,null,0,0,0
4968,0,null,0,0,0
4969,9,secondary_proton,1,1,1
4970,0,null,0,0,0
4971,0,null,0,0,0
4972,7,secondary_proton,1,1,1
4973,0,null,0,0,0
4974,0,null,0,0,0
4975,0,null,0,0,0
4976,0,null,0,0,0
4977,0,null,0,0,0
4978,0,null,0,0,0
4979,0,null,0,0,0
4980,0,null,0,0,0
4981,0,null,0,0,0
4982,0,null,0,0,0
4983,0,null,0,0,0
4984,0,null,0,0,0
4985,0,null,0,0,0
4986,0,null,0,0,0
4987,0,null,0,0,0
4988,1284,pi-,1,1,0
4989,0,null,0,0,0
4990,0,null,0,0,0
4991,0,null,0,0,0
4992,0,null,0,0,0
4993,0,null,0,0,0
4994,0,null,0,0,0
4995,0,null,0,0,0
4996,0,null,0,0,0
4997,0,null,0,0,0
4998,0,null,0,0,0
4999,0,null,0,0,0
1,0,null,0,0,0
2,0,null,0,0,0
3,0,null,0,0,0
4,0,null,0,0,0
5,1,primary_proton,1,1,1
6,0,null,0,0,0
7,0,null,0,0,0
8,0,null,0,0,0
9,0,null,0,0,0
10,0,null,0,0,0
11,0,null,0,0,0
12,0,null,0,0,0
13,0,null,0,0,0
14,0,null,0,0,0
15,0,null,0,0,0
16,0,null,0,0,0
17,0,null,0,0,0
18,0,null,0,0,0
19,0,null,0,0,0
20,0,null,0,0,0
21,0,null,0,0,0
22,0,null,0,0,0
23,0,null,0,0,0
24,0,null,0,0,0
25,0,null,0,0,0
26,0,null,0,0,0
27,0,null,0,0,0
28,1,primary_proton,1,1,1
29,0,null,0,0,0
30,0,null,0,0,0
31,0,null,0,0,0
32,1,primary_proton,1,1,1
33,0,null,0,0,0
34,0,null,0,0,0
35,0,null,0,0,0
36,0,null,0,0,0
37,0,null,0,0,0
38,0,null,0,0,0
39,0,null,0,0,0
40,0,null,0,0,0
41,0,null,0,0,0
42,0,null,0,0,0
43,0,null,0,0,0
44,0,null,0,0,0
45,0,null,0,0,0
46,0,null,0,0,0
47,0,null,0,0,0
48,0,null,0,0,0
49,0,null,0,0,0
50,0,null,0,0,0
51,0,null,0,0,0
52,0,null,0,0,0
53,0,null,0,0,0
54,0,null,0,0,0
55,0,null,0,0,0
56,0,null,0,0,0
57,0,null,0,0,0
58,0,null,0,0,0
59,0,null,0,0,0
60,0,null,0,0,0
61,0,null,0,0,0
62,0,null,0,0,0
63,0,null,0,0,0
64,0,null,0,0,0
65,0,null,0,0,0
66,0,null,0,0,0
67,0,null,0,0,0
68,0,null,0,0,0
69,0,null,0,0,0
70,0,null,0,0,0
71,0,null,0,0,0
72,0,null,0,0,0
73,0,null,0,0,0
74,247,secondary_proton,1,1,1
75,0,null,0,0,0
76,0,null,0,0,0
77,0,null,0,0,0
78,0,null,0,0,0
79,0,null,0,0,0
80,0,null,0,0,0
81,0,null,0,0,0
82,0,null,0,0,0
83,0,null,0,0,0
84,0,null,0,0,0
85,0,null,0,0,0
86,8,secondary_proton,1,1,1
87,256,secondary_proton,1,1,1
88,0,null,0,0,0
89,0,null,0,0,0
90,0,null,0,0,0
91,0,null,0,0,0
92,0,null,0,0,0
93,0,null,0,0,0
94,0,null,0,0,0
95,0,null,0,0,0
96,0,null,0,0,0
97,0,null,0,0,0
98,0,null,0,0,0
99,0,null,0,0,0
100,0,null,0,0,0
101,0,null,0,0,0
102,0,null,0,0,0
103,0,null,0,0,0
104,0,null,0,0,0
105,0,null,0,0,0
106,0,null,0,0,0
107,0,null,0,0,0
108,0,null,0,0,0
109,0,null,0,0,0
110,0,null,0,0,0
111,0,null,0,0,0
112,0,null,0,0,0
113,0,null,0,0,0
114,0,null,0,0,0
115,0,null,0,0,0
116,0,null,0,0,0
117,9,pi-,1,1,1
118,0,null,0,0,0
119,0,null,0,0,0
120,0,null,0,0,0
121,0,null,0,0,0
122,0,null,0,0,0
123,0,null,0,0,0
124,0,null,0,0,0
125,0,null,0,0,0
126,0,null,0,0,0
127,0,null,0,0,0
128,0,null,0,0,0
129,0,null,0,0,0
130,0,null,0,0,0
131,0,null,0,0,0
132,0,null,0,0,0
133,0,null,0,0,0
134,0,null,0,0,0
135,1,primary_proton,1,1,1
136,0,null,0,0,0
137,0,null,0,0,0
138,0,null,0,0,0
139,0,null,0,0,0
140,0,null,0,0,0
141,0,null,0,0,0
142,0,null,0,0,0
143,0,null,0,0,0
144,0,null,0,0,0
145,0,null,0,0,0
146,0,null,0,0,0
147,0,null,0,0,0
148,0,null,0,0,0
149,0,null,0,0,0
150,0,null,0,0,0
151,10,secondary_proton,1,1,0
152,0,null,0,0,0
153,0,null,0,0,0
154,0,null,0,0,0
155,14,secondary_proton,1,0,0
156,0,null,0,0,0
157,0,null,0,0,0
158,28,pi+,1,1,0
159,0,null,0,0,0
160,0,null,0,0,0
161,10,secondary_proton,1,1,0
162,0,null,0,0,0
163,0,null,0,0,0
164,0,null,0,0,0
165,0,null,0,0,0
166,0,null,0,0,0
167,0,null,0,0,0
168,0,null,0,0,0
169,1,primary_proton,1,1,1
170,0,null,0,0,0
171,0,null,0,0,0
172,0,null,0,0,0
173,0,null,0,0,0
174,0,null,0,0,0
175,0,null,0,0,0
176,0,null,0,0,0
177,0,null,0,0,0
178,0,null,0,0,0
179,0,null,0,0,0
180,1,primary_proton,1,1,1
181,0,null,0,0,0
182,0,null,0,0,0
183,0,null,0,0,0
184,0,null,0,0,0
185,0,null,0,0,0
186,0,null,0,0,0
187,0,null,0,0,0
188,4,pi+,1,1,1
189,0,null,0,0,0
190,0,null,0,0,0
191,0,null,0,0,0
192,0,null,0,0,0
193,0,null,0,0,0
194,0,null,0,0,0
195,0,null,0,0,0
196,0,null,0,0,0
197,0,null,0,0,0
198,0,null,0,0,0
199,0,null,0,0,0
200,0,null,0,0,0
201,0,null,0,0,0
202,0,null,0,0,0
203,0,null,0,0,0
204,0,null,0,0,0
205,0,null,0,0,0
206,0,null,0,0,0
207,0,null,0,0,0
208,5250,secondary_proton,1,0,0
209,0,null,0,0,0
210,0,null,0,0,0
211,0,null,0,0,0
212,0,null,0,0,0
213,0,null,0,0,0
214,0,null,0,0,0
215,0,null,0,0,0
216,0,null,0,0,0
217,0,null,0,0,0
218,0,null,0,0,0
219,0,null,0,0,0
220,0,null,0,0,0
221,0,null,0,0,0
222,0,null,0,0,0
223,0,null,0,0,0
224,0,null,0,0,0
225,0,null,0,0,0
226,0,null,0,0,0
227,0,null,0,0,0
228,0,null,0,0,0
229,0,null,0,0,0
230,0,null,0,0,0
231,0,null,0,0,0
232,0,null,0,0,0
233,0,null,0,0,0
234,0,null,0,0,0
235,0,null,0,0,0
236,0,null,0,0,0
237,0,null,0,0,0
239,0,null,0,0,0
240,0,null,0,0,0
241,0,null,0,0,0
242,0,null,0,0,0
243,0,null,0,0,0
244,0,null,0,0,0
245,0,null,0,0,0
246,0,null,0,0,0
247,0,null,0,0,0
248,0,null,0,0,0
249,0,null,0,0,0
250,0,null,0,0,0
251,0,null,0,0,0
252,0,null,0,0,0
253,0,null,0,0,0
254,0,null,0,0,0
255,0,null,0,0,0
256,0,null,0,0,0
257,0,null,0,0,0
258,0,null,0,0,0
259,0,null,0,0,0
260,0,null,0,0,0
261,0,null,0,0,0
262,0,null,0,0,0
263,0,null,0,0,0
264,0,null,0,0,0
265,0,null,0,0,0
266,0,null,0,0,0
267,0,null,0,0,0
268,0,null,0,0,0
269,0,null,0,0,0
270,0,null,0,0,0
271,0,null,0,0,0
272,0,null,0,0,0
273,0,null,0,0,0
274,0,null,0,0,0
275,0,null,0,0,0
276,8,pi-,1,1,0
277,0,null,0,0,0
278,0,null,0,0,0
279,0,null,0,0,0
280,0,null,0,0,0
281,0,null,0,0,0
282,0,null,0,0,0
283,0,null,0,0,0
284,0,null,0,0,0
285,0,null,0,0,0
286,0,null,0,0,0
287,0,null,0,0,0
288,0,null,0,0,0
289,0,null,0,0,0
290,0,null,0,0,0
291,0,null,0,0,0
292,0,null,0,0,0
293,0,null,0,0,0
294,0,null,0,0,0
295,0,null,0,0,0
296,0,null,0,0,0
297,0,null,0,0,0
298,13,secondary_proton,1,1,1
299,0,null,0,0,0
300,0,null,0,0,0
301,0,null,0,0,0
302,1,primary_proton,1,1,1
303,0,null,0,0,0
304,0,null,0,0,0
305,0,null,0,0,0
306,0,null,0,0,0
307,0,null,0,0,0
308,0,null,0,0,0
309,0,null,0,0,0
310,0,null,0,0,0
311,0,null,0,0,0
312,0,null,0,0,0
313,0,null,0,0,0
314,0,null,0,0,0
315,0,null,0,0,0
316,0,null,0,0,0
317,0,null,0,0,0
318,0,null,0,0,0
319,0,null,0,0,0
320,0,null,0,0,0
321,0,null,0,0,0
322,1,primary_proton,1,1,1
323,0,null,0,0,0
324,0,null,0,0,0
325,0,null,0,0,0
326,0,null,0,0,0
327,13,pi-,1,1,0
328,0,null,0,0,0
329,0,null,0,0,0
330,0,null,0,0,0
331,0,null,0,0,0
332,0,null,0,0,0
333,0,null,0,0,0
334,0,null,0,0,0
335,0,null,0,0,0
336,0,null,0,0,0
337,0,null,0,0,0
338,0,null,0,0,0
339,0,null,0,0,0
340,0,null,0,0,0
341,0,null,0,0,0
342,0,null,0,0,0
343,0,null,0,0,0
344,0,null,0,0,0
345,0,null,0,0,0
346,1,primary_proton,1,1,1
347,0,null,0,0,0
348,0,null,0,0,0
349,0,null,0,0,0
350,0,null,0,0,0
351,0,null,0,0,0
352,3,secondary_proton,1,1,1
353,0,null,0,0,0
354,0,null,0,0,0
355,0,null,0,0,0
356,0,null,0,0,0
357,1,primary_proton,1,1,1
358,0,null,0,0,0
359,0,null,0,0,0
360,0,null,0,0,0
361,0,null,0,0,0
362,0,null,0,0,0
363,0,null,0,0,0
364,0,null,0,0,0
365,0,null,0,0,0
366,0,null,0,0,0
367,0,null,0,0,0
368,0,null,0,0,0
369,0,null,0,0,0
370,0,null,0,0,0
371,0,null,0,0,0
372,0,null,0,0,0
373,0,null,0,0,0
374,0,null,0,0,0
375,0,null,0,0,0
376,0,null,0,0,0
377,0,null,0,0,0
378,0,null,0,0,0
379,0,null,0,0,0
380,16,pi+,1,1,0
381,0,null,0,0,0
382,0,null,0,0,0
383,0,null,0,0,0
384,0,null,0,0,0
385,0,null,0,0,0
386,0,null,0,0,0
387,556,e-,1,1,1
388,0,null,0,0,0
389,0,null,0,0,0
390,0,null,0,0,0
391,0,null,0,0,0
392,0,null,0,0,0
393,0,null,0,0,0
394,0,null,0,0,0
395,0,null,0,0,0
396,0,null,0,0,0
397,0,null,0,0,0
398,0,null,0,0,0
399,0,null,0,0,0
400,0,null,0,0,0
401,0,null,0,0,0
402,0,null,0,0,0
403,0,null,0,0,0
404,0,null,0,0,0
405,0,null,0,0,0
406,0,null,0,0,0
407,0,null,0,0,0
408,0,null,0,0,0
409,0,null,0,0,0
410,0,null,0,0,0
411,0,null,0,0,0
412,0,null,0,0,0
413,0,null,0,0,0
414,0,null,0,0,0
415,0,null,0,0,0
416,0,null,0,0,0
417,0,null,0,0,0
418,0,null,0,0,0
419,0,null,0,0,0
420,1,primary_proton,1,1,1
421,0,null,0,0,0
422,0,null,0,0,0
423,0,null,0,0,0
424,0,null,0,0,0
425,0,null,0,0,0
426,0,null,0,0,0
427,0,null,0,0,0
428,0,null,0,0,0
429,0,null,0,0,0
430,0,null,0,0,0
431,93,secondary_proton,1,1,1
432,0,null,0,0,0
433,0,null,0,0,0
434,0,null,0,0,0
435,0,null,0,0,0
436,0,null,0,0,0
437,0,null,0,0,0
438,15,pi-,1,1,1
439,0,null,0,0,0
440,0,null,0,0,0
441,3,pi+,1,1,1
442,0,null,0,0,0
443,0,null,0,0,0
444,3491,e-,0,1,1
445,0,null,0,0,0
446,0,null,0,0,0
447,0,null,0,0,0
448,0,null,0,0,0
449,0,null,0,0,0
450,0,null,0,0,0
451,0,null,0,0,0
452,0,null,0,0,0
453,0,null,0,0,0
454,0,null,0,0,0
455,0,null,0,0,0
456,0,null,0,0,0
457,0,null,0,0,0
458,0,null,0,0,0
459,0,null,0,0,0
460,0,null,0,0,0
461,26,secondary_proton,1,1,0
462,0,null,0,0,0
463,0,null,0,0,0
464,0,null,0,0,0
465,0,null,0,0,0
466,0,null,0,0,0
467,0,null,0,0,0
468,0,null,0,0,0
469,0,null,0,0,0
470,0,null,0,0,0
471,0,null,0,0,0
472,0,null,0,0,0
474,0,null,0,0,0
475,0,null,0,0,0
476,0,null,0,0,0
477,0,null,0,0,0
478,0,null,0,0,0
479,0,null,0,0,0
480,0,null,0,0,0
481,0,null,0,0,0
482,0,null,0,0,0
483,0,null,0,0,0
484,0,null,0,0,0
485,1,primary_proton,1,1,1
486,0,null,0,0,0
487,0,null,0,0,0
488,0,null,0,0,0
489,0,null,0,0,0
490,0,null,0,0,0
491,0,null,0,0,0
492,0,null,0,0,0
493,0,null,0,0,0
494,0,null,0,0,0
495,0,null,0,0,0
496,0,null,0,0,0
497,0,null,0,0,0
498,0,null,0,0,0
499,0,null,0,0,0
500,0,null,0,0,0
501,0,null,0,0,0
502,0,null,0,0,0
503,0,null,0,0,0
504,0,null,0,0,0
505,0,null,0,0,0
506,0,null,0,0,0
507,0,null,0,0,0
508,0,null,0,0,0
509,0,null,0,0,0
510,0,null,0,0,0
511,0,null,0,0,0
512,0,null,0,0,0
513,0,null,0,0,0
514,0,null,0,0,0
515,0,null,0,0,0
516,10,secondary_proton,1,1,1
517,0,null,0,0,0
518,0,null,0,0,0
519,0,null,0,0,0
520,0,null,0,0,0
521,0,null,0,0,0
522,0,null,0,0,0
523,0,null,0,0,0
524,0,null,0,0,0
525,0,null,0,0,0
526,0,null,0,0,0
527,0,null,0,0,0
528,0,null,0,0,0
529,0,null,0,0,0
530,0,null,0,0,0
531,0,null,0,0,0
532,0,null,0,0,0
533,6,pi-,1,1,1
534,0,null,0,0,0
535,0,null,0,0,0
536,0,null,0,0,0
537,0,null,0,0,0
538,11,pi+,1,1,1
539,0,null,0,0,0
540,0,null,0,0,0
541,0,null,0,0,0
542,0,null,0,0,0
543,1,primary_proton,1,1,1
544,0,null,0,0,0
545,14,pi+,1,1,1
546,0,null,0,0,0
547,0,null,0,0,0
548,0,null,0,0,0
549,0,null,0,0,0
550,0,null,0,0,0
551,0,null,0,0,0
552,0,null,0,0,0
553,0,null,0,0,0
554,12,pi-,1,1,1
555,0,null,0,0,0
556,0,null,0,0,0
557,0,null,0,0,0
558,0,null,0,0,0
559,0,null,0,0,0
560,0,null,0,0,0
561,0,null,0,0,0
562,0,null,0,0,0
563,0,null,0,0,0
564,0,null,0,0,0
565,0,null,0,0,0
566,0,null,0,0,0
567,0,null,0,0,0
568,0,null,0,0,0
569,0,null,0,0,0
570,0,null,0,0,0
571,0,null,0,0,0
572,0,null,0,0,0
573,12,secondary_proton,1,1,1
574,0,null,0,0,0
575,0,null,0,0,0
576,0,null,0,0,0
577,0,null,0,0,0
578,0,null,0,0,0
579,0,null,0,0,0
580,0,null,0,0,0
581,0,null,0,0,0
582,0,null,0,0,0
583,6159,pi+,1,1,0
584,1,primary_proton,1,1,1
585,0,null,0,0,0
586,0,null,0,0,0
587,0,null,0,0,0
588,0,null,0,0,0
589,0,null,0,0,0
590,0,null,0,0,0
591,0,null,0,0,0
592,0,null,0,0,0
593,0,null,0,0,0
594,0,null,0,0,0
595,0,null,0,0,0
596,16,pi+,1,0,1
597,0,null,0,0,0
598,0,null,0,0,0
599,0,null,0,0,0
600,0,null,0,0,0
601,0,null,0,0,0
602,0,null,0,0,0
603,0,null,0,0,0
604,0,null,0,0,0
605,0,null,0,0,0
606,0,null,0,0,0
607,0,null,0,0,0
608,0,null,0,0,0
609,0,null,0,0,0
610,0,null,0,0,0
611,0,null,0,0,0
612,4818,e-,1,0,0
613,0,null,0,0,0
614,0,null,0,0,0
615,0,null,0,0,0
616,0,null,0,0,0
617,0,null,0,0,0
618,0,null,0,0,0
619,0,null,0,0,0
620,0,null,0,0,0
621,0,null,0,0,0
622,0,null,0,0,0
623,0,null,0,0,0
624,0,null,0,0,0
625,0,null,0,0,0
626,0,null,0,0,0
627,0,null,0,0,0
628,0,null,0,0,0
629,0,null,0,0,0
630,0,null,0,0,0
631,0,null,0,0,0
632,0,null,0,0,0
633,15,pi-,1,1,1
634,0,null,0,0,0
635,0,null,0,0,0
636,0,null,0,0,0
637,0,null,0,0,0
638,0,null,0,0,0
639,0,null,0,0,0
640,0,null,0,0,0
641,0,null,0,0,0
642,0,null,0,0,0
643,0,null,0,0,0
644,0,null,0,0,0
645,0,null,0,0,0
646,0,null,0,0,0
647,0,null,0,0,0
648,0,null,0,0,0
649,0,null,0,0,0
650,0,null,0,0,0
651,0,null,0,0,0
652,0,null,0,0,0
653,0,null,0,0,0
654,0,null,0,0,0
655,0,null,0,0,0
656,0,null,0,0,0
657,0,null,0,0,0
658,0,null,0,0,0
659,0,null,0,0,0
660,0,null,0,0,0
661,0,null,0,0,0
662,0,null,0,0,0
663,0,null,0,0,0
664,0,null,0,0,0
665,3,secondary_proton,1,1,1
666,0,null,0,0,0
667,0,null,0,0,0
668,0,null,0,0,0
669,0,null,0,0,0
670,0,null,0,0,0
671,0,null,0,0,0
672,0,null,0,0,0
673,0,null,0,0,0
674,0,null,0,0,0
675,0,null,0,0,0
676,5,pi-,1,1,1
677,0,null,0,0,0
678,0,null,0,0,0
679,0,null,0,0,0
680,9,secondary_proton,1,1,0
681,0,null,0,0,0
682,0,null,0,0,0
683,0,null,0,0,0
684,0,null,0,0,0
685,0,null,0,0,0
686,0,null,0,0,0
687,0,null,0,0,0
688,0,null,0,0,0
689,0,null,0,0,0
690,0,null,0,0,0
691,0,null,0,0,0
692,0,null,0,0,0
693,4133,secondary_proton,1,1,1
694,0,null,0,0,0
695,0,null,0,0,0
696,0,null,0,0,0
697,0,null,0,0,0
698,0,null,0,0,0
699,0,null,0,0,0
700,0,null,0,0,0
701,0,null,0,0,0
702,0,null,0,0,0
703,0,null,0,0,0
704,0,null,0,0,0
705,0,null,0,0,0
706,0,null,0,0,0
707,0,null,0,0,0
709,0,null,0,0,0
710,1,primary_proton,1,1,1
711,0,null,0,0,0
712,0,null,0,0,0
713,0,null,0,0,0
714,0,null,0,0,0
715,0,null,0,0,0
716,0,null,0,0,0
717,0,null,0,0,0
718,0,null,0,0,0
719,6,pi-,1,0,0
720,0,null,0,0,0
721,0,null,0,0,0
722,0,null,0,0,0
723,0,null,0,0,0
724,0,null,0,0,0
725,0,null,0,0,0
726,0,null,0,0,0
727,0,null,0,0,0
728,0,null,0,0,0
729,0,null,0,0,0
730,0,null,0,0,0
731,0,null,0,0,0
732,0,null,0,0,0
733,0,null,0,0,0
734,0,null,0,0,0
735,0,null,0,0,0
736,0,null,0,0,0
737,13,pi-,1,1,1
738,0,null,0,0,0
739,0,null,0,0,0
740,0,null,0,0,0
741,0,null,0,0,0
742,0,null,0,0,0
743,0,null,0,0,0
744,0,null,0,0,0
745,0,null,0,0,0
746,4,secondary_proton,1,1,1
747,0,null,0,0,0
748,0,null,0,0,0
749,0,null,0,0,0
750,0,null,0,0,0
751,0,null,0,0,0
752,0,null,0,0,0
753,0,null,0,0,0
754,0,null,0,0,0
755,0,null,0,0,0
756,0,null,0,0,0
757,0,null,0,0,0
758,0,null,0,0,0
759,0,null,0,0,0
760,0,null,0,0,0
761,0,null,0,0,0
762,0,null,0,0,0
763,0,null,0,0,0
764,0,null,0,0,0
765,0,null,0,0,0
766,0,null,0,0,0
767,0,null,0,0,0
768,0,null,0,0,0
769,0,null,0,0,0
770,0,null,0,0,0
771,10,secondary_proton,1,1,1
772,1,primary_proton,1,1,1
773,0,null,0,0,0
774,0,null,0,0,0
775,0,null,0,0,0
776,0,null,0,0,0
777,0,null,0,0,0
778,0,null,0,0,0
779,0,null,0,0,0
780,0,null,0,0,0
781,0,null,0,0,0
782,0,null,0,0,0
783,0,null,0,0,0
784,0,null,0,0,0
785,0,null,0,0,0
786,0,null,0,0,0
787,0,null,0,0,0
788,0,null,0,0,0
789,0,null,0,0,0
790,0,null,0,0,0
791,0,null,0,0,0
792,0,null,0,0,0
793,0,null,0,0,0
794,0,null,0,0,0
795,0,null,0,0,0
796,0,null,0,0,0
797,0,null,0,0,0
798,0,null,0,0,0
799,0,null,0,0,0
800,0,null,0,0,0
801,0,null,0,0,0
802,0,null,0,0,0
803,0,null,0,0,0
804,0,null,0,0,0
805,0,null,0,0,0
806,0,null,0,0,0
807,0,null,0,0,0
808,0,null,0,0,0
809,0,null,0,0,0
810,0,null,0,0,0
811,0,null,0,0,0
812,0,null,0,0,0
813,0,null,0,0,0
814,0,null,0,0,0
815,0,null,0,0,0
816,0,null,0,0,0
817,10,pi+,1,1,1
818,0,null,0,0,0
819,0,null,0,0,0
820,0,null,0,0,0
821,0,null,0,0,0
822,0,null,0,0,0
823,0,null,0,0,0
824,22,pi-,1,0,0
825,0,null,0,0,0
826,0,null,0,0,0
827,0,null,0,0,0
828,0,null,0,0,0
829,0,null,0,0,0
830,0,null,0,0,0
831,0,null,0,0,0
832,0,null,0,0,0
833,0,null,0,0,0
834,0,null,0,0,0
835,0,null,0,0,0
836,0,null,0,0,0
837,0,null,0,0,0
838,0,null,0,0,0
839,0,null,0,0,0
840,0,null,0,0,0
841,0,null,0,0,0
842,0,null,0,0,0
843,0,null,0,0,0
844,0,null,0,0,0
845,0,null,0,0,0
846,0,null,0,0,0
847,0,null,0,0,0
848,0,null,0,0,0
849,8,kaon+,1,1,1
850,0,null,0,0,0
851,0,null,0,0,0
852,0,null,0,0,0
853,0,null,0,0,0
854,0,null,0,0,0
855,0,null,0,0,0
856,0,null,0,0,0
857,0,null,0,0,0
858,0,null,0,0,0
859,0,null,0,0,0
860,0,null,0,0,0
861,0,null,0,0,0
862,0,null,0,0,0
863,0,null,0,0,0
864,9,secondary_proton,1,1,1
865,0,null,0,0,0
866,0,null,0,0,0
867,0,null,0,0,0
868,0,null,0,0,0
869,0,null,0,0,0
870,0,null,0,0,0
871,0,null,0,0,0
872,0,null,0,0,0
873,0,null,0,0,0
874,0,null,0,0,0
875,0,null,0,0,0
876,0,null,0,0,0
877,0,null,0,0,0
878,0,null,0,0,0
879,0,null,0,0,0
880,0,null,0,0,0
881,0,null,0,0,0
882,0,null,0,0,0
883,0,null,0,0,0
884,0,null,0,0,0
885,0,null,0,0,0
886,0,null,0,0,0
887,0,null,0,0,0
888,0,null,0,0,0
889,0,null,0,0,0
890,0,null,0,0,0
891,1,primary_proton,1,1,1
892,0,null,0,0,0
893,0,null,0,0,0
894,0,null,0,0,0
895,0,null,0,0,0
896,0,null,0,0,0
897,0,null,0,0,0
898,0,null,0,0,0
899,0,null,0,0,0
900,0,null,0,0,0
901,0,null,0,0,0
902,0,null,0,0,0
903,5,pi+,1,1,1
904,0,null,0,0,0
905,8,pi-,1,1,1
906,0,null,0,0,0
907,0,null,0,0,0
908,0,null,0,0,0
909,0,null,0,0,0
910,0,null,0,0,0
911,0,null,0,0,0
912,0,null,0,0,0
913,1,primary_proton,1,1,1
914,0,null,0,0,0
915,0,null,0,0,0
916,0,null,0,0,0
917,0,null,0,0,0
918,0,null,0,0,0
919,0,null,0,0,0
920,0,null,0,0,0
921,0,null,0,0,0
922,0,null,0,0,0
923,0,null,0,0,0
924,0,null,0,0,0
925,0,null,0,0,0
926,0,null,0,0,0
927,0,null,0,0,0
928,0,null,0,0,0
929,0,null,0,0,0
930,0,null,0,0,0
931,0,null,0,0,0
932,0,null,0,0,0
933,0,null,0,0,0
934,0,null,0,0,0
935,0,null,0,0,0
936,0,null,0,0,0
937,0,null,0,0,0
938,0,null,0,0,0
939,0,null,0,0,0
940,0,null,0,0,0
941,0,null,0,0,0
942,0,null,0,0,0
943,0,null,0,0,0
945,0,null,0,0,0
946,0,null,0,0,0
947,0,null,0,0,0
948,0,null,0,0,0
949,1,primary_proton,1,1,1
950,0,null,0,0,0
951,1,primary_proton,1,1,1
952,0,null,0,0,0
953,11,pi-,1,1,0
954,0,null,0,0,0
955,0,null,0,0,0
956,0,null,0,0,0
957,0,null,0,0,0
958,0,null,0,0,0
959,0,null,0,0,0
960,0,null,0,0,0
961,0,null,0,0,0
962,0,null,0,0,0
963,2,secondary_proton,1,1,1
964,0,null,0,0,0
965,0,null,0,0,0
966,4,secondary_proton,1,1,1
967,0,null,0,0,0
968,0,null,0,0,0
969,0,null,0,0,0
970,0,null,0,0,0
971,0,null,0,0,0
972,0,null,0,0,0
973,0,null,0,0,0
974,0,null,0,0,0
975,0,null,0,0,0
976,0,null,0,0,0
977,1,primary_proton,1,1,1
978,0,null,0,0,0
979,0,null,0,0,0
980,0,null,0,0,0
981,0,null,0,0,0
982,0,null,0,0,0
983,0,null,0,0,0
984,0,null,0,0,0
985,0,null,0,0,0
986,0,null,0,0,0
987,0,null,0,0,0
988,0,null,0,0,0
989,0,null,0,0,0
990,15,secondary_proton,1,1,1
991,0,null,0,0,0
992,0,null,0,0,0
993,0,null,0,0,0
994,0,null,0,0,0
995,0,null,0,0,0
996,0,null,0,0,0
997,0,null,0,0,0
998,0,null,0,0,0
999,0,null,0,0,0
1000,0,null,0,0,0
1001,0,null,0,0,0
1002,0,null,0,0,0
1003,0,null,0,0,0
1004,0,null,0,0,0
1005,0,null,0,0,0
1006,0,null,0,0,0
1007,0,null,0,0,0
1008,0,null,0,0,0
1009,0,null,0,0,0
1010,28,secondary_proton,1,1,1
1011,0,null,0,0,0
1012,0,null,0,0,0
1013,0,null,0,0,0
1014,0,null,0,0,0
1015,0,null,0,0,0
1016,0,null,0,0,0
1017,0,null,0,0,0
1018,0,null,0,0,0
1019,0,null,0,0,0
1020,0,null,0,0,0
1021,0,null,0,0,0
1022,0,null,0,0,0
1023,0,null,0,0,0
1024,0,null,0,0,0
1025,0,null,0,0,0
1026,0,null,0,0,0
1027,0,null,0,0,0
1028,0,null,0,0,0
1029,0,null,0,0,0
1030,0,null,0,0,0
1031,0,null,0,0,0
1032,0,null,0,0,0
1033,0,null,0,0,0
1034,0,null,0,0,0
1035,0,null,0,0,0
1036,0,null,0,0,0
1037,0,null,0,0,0
1038,0,null,0,0,0
1039,0,null,0,0,0
1040,0,null,0,0,0
1041,0,null,0,0,0
1042,0,null,0,0,0
1043,0,null,0,0,0
1044,0,null,0,0,0
1045,0,null,0,0,0
1046,0,null,0,0,0
1047,9,secondary_proton,1,1,1
1048,0,null,0,0,0
1049,1,primary_proton,1,1,1
1050,0,null,0,0,0
1051,0,null,0,0,0
1052,0,null,0,0,0
1053,0,null,0,0,0
1054,0,null,0,0,0
1055,0,null,0,0,0
1056,0,null,0,0,0
1057,0,null,0,0,0
1058,0,null,0,0,0
1059,0,null,0,0,0
1060,0,null,0,0,0
1061,0,null,0,0,0
1062,0,null,0,0,0
1063,0,null,0,0,0
1064,0,null,0,0,0
1065,1,primary_proton,1,1,1
1066,0,null,0,0,0
1067,0,null,0,0,0
1068,0,null,0,0,0
1069,0,null,0,0,0
1070,1,primary_proton,1,1,1
1071,1,primary_proton,1,1,1
1072,0,null,0,0,0
1073,0,null,0,0,0
1074,3,pi-,1,1,1
1075,0,null,0,0,0
1076,0,null,0,0,0
1077,0,null,0,0,0
1078,0,null,0,0,0
1079,0,null,0,0,0
1080,0,null,0,0,0
1081,0,null,0,0,0
1082,11,pi+,1,1,1
1083,0,null,0,0,0
1084,0,null,0,0,0
1085,0,null,0,0,0
1086,0,null,0,0,0
1087,0,null,0,0,0
1088,0,null,0,0,0
1089,2933,secondary_proton,1,1,1
1090,0,null,0,0,0
1091,0,null,0,0,0
1092,0,null,0,0,0
1093,0,null,0,0,0
1094,0,null,0,0,0
1095,0,null,0,0,0
1096,0,null,0,0,0
1097,0,null,0,0,0
1098,0,null,0,0,0
1099,0,null,0,0,0
1100,0,null,0,0,0
1101,0,null,0,0,0
1102,0,null,0,0,0
1103,0,null,0,0,0
1104,0,null,0,0,0
1105,0,null,0,0,0
1106,0,null,0,0,0
1107,0,null,0,0,0
1108,0,null,0,0,0
1109,0,null,0,0,0
1110,0,null,0,0,0
1111,0,null,0,0,0
1112,0,null,0,0,0
1113,0,null,0,0,0
1114,0,null,0,0,0
1115,0,null,0,0,0
1116,0,null,0,0,0
1117,0,null,0,0,0
1118,0,null,0,0,0
1119,0,null,0,0,0
1120,11,pi+,1,0,0
1121,0,null,0,0,0
1122,0,null,0,0,0
1123,1,primary_proton,1,1,1
1124,0,null,0,0,0
1125,0,null,0,0,0
1126,0,null,0,0,0
1127,0,null,0,0,0
1128,0,null,0,0,0
1129,0,null,0,0,0
1130,0,null,0,0,0
1131,0,null,0,0,0
1132,0,null,0,0,0
1133,0,null,0,0,0
1134,0,null,0,0,0
1135,0,null,0,0,0
1136,0,null,0,0,0
1137,0,null,0,0,0
1138,0,null,0,0,0
1139,0,null,0,0,0
1140,0,null,0,0,0
1141,0,null,0,0,0
1142,0,null,0,0,0
1143,0,null,0,0,0
1144,0,null,0,0,0
1145,0,null,0,0,0
1146,0,null,0,0,0
1147,0,null,0,0,0
1148,0,null,0,0,0
1149,0,null,0,0,0
1150,0,null,0,0,0
1151,0,null,0,0,0
1152,1,primary_proton,1,1,1
1153,0,null,0,0,0
1154,0,null,0,0,0
1155,0,null,0,0,0
1156,14,pi-,1,1,1
1157,0,null,0,0,0
1158,0,null,0,0,0
1159,0,null,0,0,0
1160,0,null,0,0,0
1161,0,null,0,0,0
1162,0,null,0,0,0
1163,0,null,0,0,0
1164,0,null,0,0,0
1166,0,null,0,0,0
1167,0,null,0,0,0
1168,0,null,0,0,0
1169,0,null,0,0,0
1170,0,null,0,0,0
1171,0,null,0,0,0
1172,0,null,0,0,0
1173,0,null,0,0,0
1174,0,null,0,0,0
1175,0,null,0,0,0
1176,1,primary_proton,1,1,1
1177,0,null,0,0,0
1178,0,null,0,0,0
1179,0,null,0,0,0
1180,0,null,0,0,0
1181,0,null,0,0,0
1182,0,null,0,0,0
1183,0,null,0,0,0
1184,0,null,0,0,0
1185,0,null,0,0,0
1186,0,null,0,0,0
1187,0,null,0,0,0
1188,0,null,0,0,0
1189,0,null,0,0,0
1190,0,null,0,0,0
1191,0,null,0,0,0
1192,0,null,0,0,0
1193,0,null,0,0,0
1194,0,null,0,0,0
1195,0,null,0,0,0
1196,0,null,0,0,0
1197,0,null,0,0,0
1198,0,null,0,0,0
1199,0,null,0,0,0
1200,0,null,0,0,0
1201,0,null,0,0,0
1202,0,null,0,0,0
1203,0,null,0,0,0
1204,0,null,0,0,0
1205,0,null,0,0,0
1206,0,null,0,0,0
1207,0,null,0,0,0
1208,0,null,0,0,0
1209,0,null,0,0,0
1210,0,null,0,0,0
1211,0,null,0,0,0
1212,0,null,0,0,0
1213,0,null,0,0,0
1214,0,null,0,0,0
1215,0,null,0,0,0
1216,0,null,0,0,0
1217,0,null,0,0,0
1218,0,null,0,0,0
1219,0,null,0,0,0
1220,0,null,0,0,0
1221,0,null,0,0,0
1222,0,null,0,0,0
1223,0,null,0,0,0
1224,0,null,0,0,0
1225,0,null,0,0,0
1226,0,null,0,0,0
1227,0,null,0,0,0
1228,0,null,0,0,0
1229,0,null,0,0,0
1230,0,null,0,0,0
1231,0,null,0,0,0
1232,0,null,0,0,0
1233,0,null,0,0,0
1234,0,null,0,0,0
1235,19,pi-,1,1,0
1236,0,null,0,0,0
1237,0,null,0,0,0
1238,0,null,0,0,0
1239,0,null,0,0,0
1240,0,null,0,0,0
1241,0,null,0,0,0
1242,0,null,0,0,0
1243,0,null,0,0,0
1244,0,null,0,0,0
1245,0,null,0,0,0
1246,0,null,0,0,0
1247,0,null,0,0,0
1248,0,null,0,0,0
1249,0,null,0,0,0
1250,0,null,0,0,0
1251,0,null,0,0,0
1252,0,null,0,0,0
1253,0,null,0,0,0
1254,0,null,0,0,0
1255,0,null,0,0,0
1256,0,null,0,0,0
1257,0,null,0,0,0
1258,0,null,0,0,0
1259,0,null,0,0,0
1260,0,null,0,0,0
1261,0,null,0,0,0
1262,0,null,0,0,0
1263,0,null,0,0,0
1264,0,null,0,0,0
1265,0,null,0,0,0
1266,0,null,0,0,0
1267,0,null,0,0,0
1268,0,null,0,0,0
1269,0,null,0,0,0
1270,0,null,0,0,0
1271,0,null,0,0,0
1272,0,null,0,0,0
1273,0,null,0,0,0
1274,0,null,0,0,0
1275,0,null,0,0,0
1276,0,null,0,0,0
1277,0,null,0,0,0
1278,0,null,0,0,0
1279,0,null,0,0,0
1280,0,null,0,0,0
1281,0,null,0,0,0
1282,0,null,0,0,0
1283,0,null,0,0,0
1284,0,null,0,0,0
1285,1,primary_proton,1,1,1
1286,0,null,0,0,0
1287,0,null,0,0,0
1288,0,null,0,0,0
1289,11,pi+,1,1,1
1290,0,null,0,0,0
1291,0,null,0,0,0
1292,0,null,0,0,0
1293,0,null,0,0,0
1294,0,null,0,0,0
1295,0,null,0,0,0
1296,0,null,0,0,0
1297,0,null,0,0,0
1298,0,null,0,0,0
1299,0,null,0,0,0
1300,0,null,0,0,0
1301,0,null,0,0,0
1302,0,null,0,0,0
1303,0,null,0,0,0
1304,0,null,0,0,0
1305,0,null,0,0,0
1306,0,null,0,0,0
1307,0,null,0,0,0
1308,0,null,0,0,0
1309,0,null,0,0,0
1310,0,null,0,0,0
1311,0,null,0,0,0
1312,0,null,0,0,0
1313,0,null,0,0,0
1314,0,null,0,0,0
1315,0,null,0,0,0
1316,0,null,0,0,0
1317,0,null,0,0,0
1318,0,null,0,0,0
1319,0,null,0,0,0
1320,0,null,0,0,0
1321,6,secondary_proton,1,1,1
1322,0,null,0,0,0
1323,0,null,0,0,0
1324,0,null,0,0,0
1325,0,null,0,0,0
1326,0,null,0,0,0
1327,0,null,0,0,0
1328,0,null,0,0,0
1329,0,null,0,0,0
1330,0,null,0,0,0
1331,0,null,0,0,0
1332,0,null,0,0,0
1333,0,null,0,0,0
1334,0,null,0,0,0
1335,0,null,0,0,0
1336,0,null,0,0,0
1337,0,null,0,0,0
1338,0,null,0,0,0
1339,0,null,0,0,0
1340,0,null,0,0,0
1341,0,null,0,0,0
1342,0,null,0,0,0
1343,1,primary_proton,1,1,1
1344,0,null,0,0,0
1345,0,null,0,0,0
1346,0,null,0,0,0
1347,0,null,0,0,0
1348,0,null,0,0,0
1349,0,null,0,0,0
1350,0,null,0,0,0
1351,0,null,0,0,0
1352,6,secondary_proton,1,1,1
1353,0,null,0,0,0
1354,0,null,0,0,0
1355,0,null,0,0,0
1356,0,null,0,0,0
1357,0,null,0,0,0
1358,0,null,0,0,0
1359,0,null,0,0,0
1360,0,null,0,0,0
1361,0,null,0,0,0
1362,0,null,0,0,0
1363,0,null,0,0,0
1364,0,null,0,0,0
1365,0,null,0,0,0
1366,0,null,0,0,0
1367,0,null,0,0,0
1368,9,pi-,1,1,1
1369,0,null,0,0,0
1370,0,null,0,0,0
1371,0,null,0,0,0
1372,0,null,0,0,0
1373,2,secondary_proton,1,1,1
1374,0,null,0,0,0
1375,0,null,0,0,0
1376,0,null,0,0,0
1377,0,null,0,0,0
1378,0,null,0,0,0
1379,0,null,0,0,0
1380,9,pi+,1,1,1
1381,0,null,0,0,0
1382,0,null,0,0,0
1383,0,null,0,0,0
1384,0,null,0,0,0
1385,0,null,0,0,0
1386,0,null,0,0,0
1387,0,null,0,0,0
1388,0,null,0,0,0
1390,0,null,0,0,0
1391,0,null,0,0,0
1392,0,null,0,0,0
1393,0,null,0,0,0
1394,0,null,0,0,0
1395,0,null,0,0,0
1396,0,null,0,0,0
1397,0,null,0,0,0
1398,0,null,0,0,0
1399,0,null,0,0,0
1400,0,null,0,0,0
1401,0,null,0,0,0
1402,0,null,0,0,0
1403,0,null,0,0,0
1404,0,null,0,0,0
1405,0,null,0,0,0
1406,0,null,0,0,0
1407,0,null,0,0,0
1408,10,pi+,1,1,1
1409,0,null,0,0,0
1410,0,null,0,0,0
1411,0,null,0,0,0
1412,0,null,0,0,0
1413,0,null,0,0,0
1414,0,null,0,0,0
1415,0,null,0,0,0
1416,0,null,0,0,0
1417,1,primary_proton,1,1,1
1418,0,null,0,0,0
1419,1,primary_proton,1,1,1
1420,0,null,0,0,0
1421,4300,pi-,1,1,1
1422,0,null,0,0,0
1423,0,null,0,0,0
1424,0,null,0,0,0
1425,0,null,0,0,0
1426,0,null,0,0,0
1427,0,null,0,0,0
1428,0,null,0,0,0
1429,0,null,0,0,0
1430,0,null,0,0,0
1431,0,null,0,0,0
1432,0,null,0,0,0
1433,0,null,0,0,0
1434,0,null,0,0,0
1435,0,null,0,0,0
1436,0,null,0,0,0
1437,0,null,0,0,0
1438,0,null,0,0,0
1439,0,null,0,0,0
1440,0,null,0,0,0
1441,0,null,0,0,0
1442,0,null,0,0,0
1443,0,null,0,0,0
1444,0,null,0,0,0
1445,0,null,0,0,0
1446,0,null,0,0,0
1447,0,null,0,0,0
1448,0,null,0,0,0
1449,0,null,0,0,0
1450,0,null,0,0,0
1451,0,null,0,0,0
1452,0,null,0,0,0
1453,0,null,0,0,0
1454,6,secondary_proton,1,1,1
1455,0,null,0,0,0
1456,0,null,0,0,0
1457,0,null,0,0,0
1458,0,null,0,0,0
1459,0,null,0,0,0
1460,0,null,0,0,0
1461,8,pi+,1,1,1
1462,0,null,0,0,0
1463,0,null,0,0,0
1464,1,primary_proton,1,1,1
1465,0,null,0,0,0
1466,0,null,0,0,0
1467,0,null,0,0,0
1468,0,null,0,0,0
1469,0,null,0,0,0
1470,0,null,0,0,0
1471,0,null,0,0,0
1472,1,primary_proton,1,1,1
1473,0,null,0,0,0
1474,0,null,0,0,0
1475,0,null,0,0,0
1476,0,null,0,0,0
1477,0,null,0,0,0
1478,0,null,0,0,0
1479,0,null,0,0,0
1480,0,null,0,0,0
1481,1,primary_proton,1,1,1
1482,0,null,0,0,0
1483,0,null,0,0,0
1484,0,null,0,0,0
1485,0,null,0,0,0
1486,0,null,0,0,0
1487,0,null,0,0,0
1488,0,null,0,0,0
1489,0,null,0,0,0
1490,0,null,0,0,0
1491,0,null,0,0,0
1492,0,null,0,0,0
1493,7,pi+,1,1,0
1494,0,null,0,0,0
1495,0,null,0,0,0
1496,0,null,0,0,0
1497,0,null,0,0,0
1498,0,null,0,0,0
1499,0,null,0,0,0
1500,0,null,0,0,0
1501,0,null,0,0,0
1502,0,null,0,0,0
1503,0,null,0,0,0
1504,0,null,0,0,0
1505,0,null,0,0,0
1506,0,null,0,0,0
1507,0,null,0,0,0
1508,0,null,0,0,0
1509,0,null,0,0,0
1510,0,null,0,0,0
1511,0,null,0,0,0
1512,10,pi+,1,1,1
1513,0,null,0,0,0
1514,0,null,0,0,0
1515,7,pi+,1,1,1
1516,0,null,0,0,0
1517,0,null,0,0,0
1518,0,null,0,0,0
1519,0,null,0,0,0
1520,0,null,0,0,0
1521,0,null,0,0,0
1522,0,null,0,0,0
1523,1,primary_proton,1,1,1
1524,0,null,0,0,0
1525,0,null,0,0,0
1526,0,null,0,0,0
1527,0,null,0,0,0
1528,0,null,0,0,0
1529,0,null,0,0,0
1530,20,pi+,1,1,0
1531,1,primary_proton,1,1,1
1532,0,null,0,0,0
1533,0,null,0,0,0
1534,0,null,0,0,0
1535,0,null,0,0,0
1536,0,null,0,0,0
1537,0,null,0,0,0
1538,0,null,0,0,0
1539,0,null,0,0,0
1540,0,null,0,0,0
1541,0,null,0,0,0
1542,18,pi+,1,1,0
1543,0,null,0,0,0
1544,0,null,0,0,0
1545,0,null,0,0,0
1546,9,pi+,1,1,1
1547,0,null,0,0,0
1548,0,null,0,0,0
1549,1,primary_proton,1,1,1
1550,0,null,0,0,0
1551,0,null,0,0,0
1552,0,null,0,0,0
1553,0,null,0,0,0
1554,0,null,0,0,0
1555,0,null,0,0,0
1556,0,null,0,0,0
1557,1,primary_proton,1,1,1
1558,0,null,0,0,0
1559,0,null,0,0,0
1560,0,null,0,0,0
1561,0,null,0,0,0
1562,0,null,0,0,0
1563,0,null,0,0,0
1564,0,null,0,0,0
1565,0,null,0,0,0
1566,0,null,0,0,0
1567,0,null,0,0,0
1568,0,null,0,0,0
1569,0,null,0,0,0
1570,0,null,0,0,0
1571,0,null,0,0,0
1572,8,pi+,1,1,1
1573,0,null,0,0,0
1574,0,null,0,0,0
1575,0,null,0,0,0
1576,0,null,0,0,0
1577,0,null,0,0,0
1578,9,pi-,1,1,1
1579,0,null,0,0,0
1580,0,null,0,0,0
1581,0,null,0,0,0
1582,0,null,0,0,0
1583,0,null,0,0,0
1584,0,null,0,0,0
1585,1,primary_proton,1,1,1
1586,0,null,0,0,0
1587,0,null,0,0,0
1588,0,null,0,0,0
1589,0,null,0,0,0
1590,0,null,0,0,0
1591,0,null,0,0,0
1592,0,null,0,0,0
1593,0,null,0,0,0
1594,11,pi+,1,1,1
1595,0,null,0,0,0
1596,0,null,0,0,0
1597,0,null,0,0,0
1598,0,null,0,0,0
1599,0,null,0,0,0
1600,0,null,0,0,0
1601,0,null,0,0,0
1602,0,null,0,0,0
1603,0,null,0,0,0
1604,0,null,0,0,0
1605,0,null,0,0,0
1606,0,null,0,0,0
1607,0,null,0,0,0
1608,0,null,0,0,0
1609,1,primary_proton,1,1,1
1611,0,null,0,0,0
1612,0,null,0,0,0
1613,0,null,0,0,0
1614,2631,pi+,1,1,1
1615,0,null,0,0,0
1616,0,null,0,0,0
1617,0,null,0,0,0
1618,0,null,0,0,0
1619,0,null,0,0,0
1620,0,null,0,0,0
1621,0,null,0,0,0
1622,1,primary_proton,1,1,1
1623,0,null,0,0,0
1624,0,null,0,0,0
1625,0,null,0,0,0
1626,0,null,0,0,0
1627,0,null,0,0,0
1628,0,null,0,0,0
1629,0,null,0,0,0
1630,0,null,0,0,0
1631,17,pi+,1,1,1
1632,0,null,0,0,0
1633,0,null,0,0,0
1634,0,null,0,0,0
1635,0,null,0,0,0
1636,0,null,0,0,0
1637,0,null,0,0,0
1638,0,null,0,0,0
1639,0,null,0,0,0
1640,0,null,0,0,0
1641,0,null,0,0,0
1642,0,null,0,0,0
1643,0,null,0,0,0
1644,0,null,0,0,0
1645,0,null,0,0,0
1646,0,null,0,0,0
1647,0,null,0,0,0
1648,0,null,0,0,0
1649,3408,secondary_proton,1,1,1
1650,0,null,0,0,0
1651,0,null,0,0,0
1652,0,null,0,0,0
1653,0,null,0,0,0
1654,0,null,0,0,0
1655,0,null,0,0,0
1656,0,null,0,0,0
1657,0,null,0,0,0
1658,0,null,0,0,0
1659,0,null,0,0,0
1660,0,null,0,0,0
1661,0,null,0,0,0
1662,0,null,0,0,0
1663,0,null,0,0,0
1664,0,null,0,0,0
1665,0,null,0,0,0
1666,0,null,0,0,0
1667,0,null,0,0,0
1668,0,null,0,0,0
1669,0,null,0,0,0
1670,0,null,0,0,0
1671,1,primary_proton,1,1,1
1672,0,null,0,0,0
1673,0,null,0,0,0
1674,0,null,0,0,0
1675,0,null,0,0,0
1676,0,null,0,0,0
1677,0,null,0,0,0
1678,0,null,0,0,0
1679,0,null,0,0,0
1680,0,null,0,0,0
1681,0,null,0,0,0
1682,0,null,0,0,0
1683,0,null,0,0,0
1684,0,null,0,0,0
1685,0,null,0,0,0
1686,0,null,0,0,0
1687,1,primary_proton,1,1,1
1688,0,null,0,0,0
1689,0,null,0,0,0
1690,0,null,0,0,0
1691,0,null,0,0,0
1692,0,null,0,0,0
1693,0,null,0,0,0
1694,0,null,0,0,0
1695,0,null,0,0,0
1696,0,null,0,0,0
1697,0,null,0,0,0
1698,0,null,0,0,0
1699,0,null,0,0,0
1700,0,null,0,0,0
1701,0,null,0,0,0
1702,0,null,0,0,0
1703,3680,e-,0,1,0
1704,0,null,0,0,0
1705,0,null,0,0,0
1706,0,null,0,0,0
1707,0,null,0,0,0
1708,0,null,0,0,0
1709,0,null,0,0,0
1710,0,null,0,0,0
1711,0,null,0,0,0
1712,7,pi+,1,1,1
1713,0,null,0,0,0
1714,0,null,0,0,0
1715,0,null,0,0,0
1716,0,null,0,0,0
1717,0,null,0,0,0
1718,0,null,0,0,0
1719,0,null,0,0,0
1720,0,null,0,0,0
1721,0,null,0,0,0
1722,0,null,0,0,0
1723,0,null,0,0,0
1724,0,null,0,0,0
1725,0,null,0,0,0
1726,0,null,0,0,0
1727,0,null,0,0,0
1728,0,null,0,0,0
1729,0,null,0,0,0
1730,0,null,0,0,0
1731,0,null,0,0,0
1732,0,null,0,0,0
1733,0,null,0,0,0
1734,0,null,0,0,0
1735,0,null,0,0,0
1736,0,null,0,0,0
1737,0,null,0,0,0
1738,0,null,0,0,0
1739,0,null,0,0,0
1740,0,null,0,0,0
1741,0,null,0,0,0
1742,0,null,0,0,0
1743,10,pi+,1,1,1
1744,0,null,0,0,0
1745,1,primary_proton,1,1,1
1746,0,null,0,0,0
1747,0,null,0,0,0
1748,0,null,0,0,0
1749,0,null,0,0,0
1750,0,null,0,0,0
1751,0,null,0,0,0
1752,0,null,0,0,0
1753,0,null,0,0,0
1754,0,null,0,0,0
1755,0,null,0,0,0
1756,13,pi-,1,1,1
1757,0,null,0,0,0
1758,0,null,0,0,0
1759,0,null,0,0,0
1760,0,null,0,0,0
1761,0,null,0,0,0
1762,0,null,0,0,0
1763,0,null,0,0,0
1764,0,null,0,0,0
1765,9,pi-,1,1,1
1766,0,null,0,0,0
1767,0,null,0,0,0
1768,0,null,0,0,0
1769,0,null,0,0,0
1770,0,null,0,0,0
1771,0,null,0,0,0
1772,0,null,0,0,0
1773,0,null,0,0,0
1774,0,null,0,0,0
1775,5,pi-,1,1,1
1776,0,null,0,0,0
1777,0,null,0,0,0
1778,0,null,0,0,0
1779,0,null,0,0,0
1780,0,null,0,0,0
1781,0,null,0,0,0
1782,0,null,0,0,0
1783,0,null,0,0,0
1784,0,null,0,0,0
1785,0,null,0,0,0
1786,0,null,0,0,0
1787,0,null,0,0,0
1788,0,null,0,0,0
1789,0,null,0,0,0
1790,0,null,0,0,0
1791,0,null,0,0,0
1792,0,null,0,0,0
1793,0,null,0,0,0
1794,0,null,0,0,0
1795,0,null,0,0,0
1796,0,null,0,0,0
1797,0,null,0,0,0
1798,0,null,0,0,0
1799,9,pi-,1,1,1
1800,0,null,0,0,0
1801,0,null,0,0,0
1802,0,null,0,0,0
1803,0,null,0,0,0
1804,0,null,0,0,0
1805,0,null,0,0,0
1806,0,null,0,0,0
1807,0,null,0,0,0
1808,0,null,0,0,0
1809,0,null,0,0,0
1810,0,null,0,0,0
1811,0,null,0,0,0
1812,0,null,0,0,0
1813,0,null,0,0,0
1814,0,null,0,0,0
1815,6,pi+,1,1,1
1816,0,null,0,0,0
1817,0,null,0,0,0
1818,0,null,0,0,0
1819,1,primary_proton,1,1,1
1820,0,null,0,0,0
1821,1,primary_proton,1,1,1
1822,0,null,0,0,0
1823,0,null,0,0,0
1824,0,null,0,0,0
1825,0,null,0,0,0
1826,0,null,0,0,0
1827,0,null,0,0,0
1828,0,null,0,0,0
1829,0,null,0,0,0
1830,0,null,0,0,0
1831,0,null,0,0,0
1832,0,null,0,0,0
1833,0,null,0,0,0
1835,0,null,0,0,0
1836,0,null,0,0,0
1837,0,null,0,0,0
1838,0,null,0,0,0
1839,0,null,0,0,0
1840,0,null,0,0,0
1841,0,null,0,0,0
1842,0,null,0,0,0
1843,0,null,0,0,0
1844,20,pi+,1,1,1
1845,0,null,0,0,0
1846,0,null,0,0,0
1847,10,secondary_proton,1,1,1
1848,0,null,0,0,0
1849,0,null,0,0,0
1850,0,null,0,0,0
1851,0,null,0,0,0
1852,0,null,0,0,0
1853,0,null,0,0,0
1854,0,null,0,0,0
1855,0,null,0,0,0
1856,0,null,0,0,0
1857,0,null,0,0,0
1858,0,null,0,0,0
1859,0,null,0,0,0
1860,0,null,0,0,0
1861,0,null,0,0,0
1862,0,null,0,0,0
1863,0,null,0,0,0
1864,0,null,0,0,0
1865,0,null,0,0,0
1866,0,null,0,0,0
1867,0,null,0,0,0
1868,0,null,0,0,0
1869,0,null,0,0,0
1870,0,null,0,0,0
1871,0,null,0,0,0
1872,0,null,0,0,0
1873,0,null,0,0,0
1874,0,null,0,0,0
1875,0,null,0,0,0
1876,0,null,0,0,0
1877,1,primary_proton,1,1,1
1878,0,null,0,0,0
1879,0,null,0,0,0
1880,0,null,0,0,0
1881,0,null,0,0,0
1882,0,null,0,0,0
1883,10,secondary_proton,1,1,1
1884,0,null,0,0,0
1885,0,null,0,0,0
1886,0,null,0,0,0
1887,13,pi+,1,1,1
1888,0,null,0,0,0
1889,0,null,0,0,0
1890,0,null,0,0,0
1891,0,null,0,0,0
1892,0,null,0,0,0
1893,0,null,0,0,0
1894,0,null,0,0,0
1895,0,null,0,0,0
1896,0,null,0,0,0
1897,0,null,0,0,0
1898,0,null,0,0,0
1899,0,null,0,0,0
1900,0,null,0,0,0
1901,0,null,0,0,0
1902,0,null,0,0,0
1903,0,null,0,0,0
1904,0,null,0,0,0
1905,1,primary_proton,1,1,1
1906,0,null,0,0,0
1907,0,null,0,0,0
1908,0,null,0,0,0
1909,0,null,0,0,0
1910,0,null,0,0,0
1911,0,null,0,0,0
1912,0,null,0,0,0
1913,0,null,0,0,0
1914,0,null,0,0,0
1915,0,null,0,0,0
1916,0,null,0,0,0
1917,0,null,0,0,0
1918,0,null,0,0,0
1919,16,pi-,1,1,1
1920,0,null,0,0,0
1921,0,null,0,0,0
1922,0,null,0,0,0
1923,0,null,0,0,0
1924,0,null,0,0,0
1925,0,null,0,0,0
1926,0,null,0,0,0
1927,0,null,0,0,0
1928,0,null,0,0,0
1929,0,null,0,0,0
1930,0,null,0,0,0
1931,0,null,0,0,0
1932,0,null,0,0,0
1933,0,null,0,0,0
1934,0,null,0,0,0
1935,8,secondary_proton,1,1,1
1936,0,null,0,0,0
1937,0,null,0,0,0
1938,0,null,0,0,0
1939,0,null,0,0,0
1940,1,primary_proton,1,1,1
1941,0,null,0,0,0
1942,0,null,0,0,0
1943,0,null,0,0,0
1944,0,null,0,0,0
1945,0,null,0,0,0
1946,0,null,0,0,0
1947,0,null,0,0,0
1948,0,null,0,0,0
1949,0,null,0,0,0
1950,0,null,0,0,0
1951,0,null,0,0,0
1952,0,null,0,0,0
1953,0,null,0,0,0
1954,0,null,0,0,0
1955,0,null,0,0,0
1956,0,null,0,0,0
1957,0,null,0,0,0
1958,0,null,0,0,0
1959,0,null,0,0,0
1960,0,null,0,0,0
1961,0,null,0,0,0
1962,0,null,0,0,0
1963,0,null,0,0,0
1964,0,null,0,0,0
1965,0,null,0,0,0
1966,0,null,0,0,0
1967,0,null,0,0,0
1968,0,null,0,0,0
1969,0,null,0,0,0
1970,1,primary_proton,1,1,1
1971,0,null,0,0,0
1972,0,null,0,0,0
1973,0,null,0,0,0
1974,0,null,0,0,0
1975,0,null,0,0,0
1976,0,null,0,0,0
1977,0,null,0,0,0
1978,0,null,0,0,0
1979,1,primary_proton,1,1,1
1980,0,null,0,0,0
1981,0,null,0,0,0
1982,0,null,0,0,0
1983,0,null,0,0,0
1984,0,null,0,0,0
1985,0,null,0,0,0
1986,0,null,0,0,0
1987,0,null,0,0,0
1988,0,null,0,0,0
1989,0,null,0,0,0
1990,0,null,0,0,0
1991,0,null,0,0,0
1992,0,null,0,0,0
1993,0,null,0,0,0
1994,0,null,0,0,0
1995,0,null,0,0,0
1996,0,null,0,0,0
1997,0,null,0,0,0
1998,0,null,0,0,0
1999,0,null,0,0,0
2000,0,null,0,0,0
2001,0,null,0,0,0
2002,0,null,0,0,0
2003,0,null,0,0,0
2004,0,null,0,0,0
2005,0,null,0,0,0
2006,0,null,0,0,0
2007,0,null,0,0,0
2008,0,null,0,0,0
2009,0,null,0,0,0
2010,0,null,0,0,0
2011,0,null,0,0,0
2012,0,null,0,0,0
2013,16,pi+,1,1,1
2014,0,null,0,0,0
2015,0,null,0,0,0
2016,0,null,0,0,0
2017,1,primary_proton,1,1,1
2018,0,null,0,0,0
2019,0,null,0,0,0
2020,0,null,0,0,0
2021,0,null,0,0,0
2022,0,null,0,0,0
2023,0,null,0,0,0
2024,0,null,0,0,0
2025,0,null,0,0,0
2026,0,null,0,0,0
2027,0,null,0,0,0
2028,0,null,0,0,0
2029,0,null,0,0,0
2030,0,null,0,0,0
2031,0,null,0,0,0
2032,0,null,0,0,0
2033,0,null,0,0,0
2034,2645,pi-,1,1,1
2035,0,null,0,0,0
2036,0,null,0,0,0
2037,0,null,0,0,0
2038,0,null,0,0,0
2039,0,null,0,0,0
2040,0,null,0,0,0
2041,0,null,0,0,0
2042,0,null,0,0,0
2043,0,null,0,0,0
2044,0,null,0,0,0
2045,0,null,0,0,0
2046,0,null,0,0,0
2047,0,null,0,0,0
2048,0,null,0,0,0
2049,0,null,0,0,0
2050,0,null,0,0,0
2051,0,null,0,0,0
2052,0,null,0,0,0
2053,0,null,0,0,0
2054,0,null,0,0,0
2055,0,null,0,0,0
2057,0,null,0,0,0
2058,0,null,0,0,0
2059,0,null,0,0,0
2060,0,null,0,0,0
2061,0,null,0,0,0
2062,1783,e+,1,0,0
2063,0,null,0,0,0
2064,0,null,0,0,0
2065,10,secondary_proton,1,1,1
2066,0,null,0,0,0
2067,0,null,0,0,0
2068,0,null,0,0,0
2069,0,null,0,0,0
2070,0,null,0,0,0
2071,1,primary_proton,1,1,1
2072,1686,e-,1,1,1
2073,0,null,0,0,0
2074,0,null,0,0,0
2075,0,null,0,0,0
2076,0,null,0,0,0
2077,0,null,0,0,0
2078,0,null,0,0,0
2079,0,null,0,0,0
2080,0,null,0,0,0
2081,0,null,0,0,0
2082,0,null,0,0,0
2083,0,null,0,0,0
2084,0,null,0,0,0
2085,1,primary_proton,1,1,1
2086,0,null,0,0,0
2087,0,null,0,0,0
2088,0,null,0,0,0
2089,8,secondary_proton,1,1,1
2090,1,primary_proton,1,1,1
2091,0,null,0,0,0
2092,0,null,0,0,0
2093,0,null,0,0,0
2094,1,primary_proton,1,1,1
2095,0,null,0,0,0
2096,0,null,0,0,0
2097,0,null,0,0,0
2098,0,null,0,0,0
2099,0,null,0,0,0
2100,0,null,0,0,0
2101,0,null,0,0,0
2102,0,null,0,0,0
2103,0,null,0,0,0
2104,0,null,0,0,0
2105,0,null,0,0,0
2106,1,primary_proton,1,1,1
2107,0,null,0,0,0
2108,0,null,0,0,0
2109,0,null,0,0,0
2110,0,null,0,0,0
2111,20,pi+,1,1,1
2112,0,null,0,0,0
2113,0,null,0,0,0
2114,0,null,0,0,0
2115,0,null,0,0,0
2116,0,null,0,0,0
2117,0,null,0,0,0
2118,0,null,0,0,0
2119,0,null,0,0,0
2120,0,null,0,0,0
2121,0,null,0,0,0
2122,0,null,0,0,0
2123,0,null,0,0,0
2124,0,null,0,0,0
2125,0,null,0,0,0
2126,0,null,0,0,0
2127,0,null,0,0,0
2128,0,null,0,0,0
2129,0,null,0,0,0
2130,0,null,0,0,0
2131,0,null,0,0,0
2132,0,null,0,0,0
2133,0,null,0,0,0
2134,0,null,0,0,0
2135,0,null,0,0,0
2136,0,null,0,0,0
2137,0,null,0,0,0
2138,0,null,0,0,0
2139,0,null,0,0,0
2140,13,pi-,1,1,1
2141,0,null,0,0,0
2142,0,null,0,0,0
2143,0,null,0,0,0
2144,0,null,0,0,0
2145,0,null,0,0,0
2146,0,null,0,0,0
2147,0,null,0,0,0
2148,0,null,0,0,0
2149,0,null,0,0,0
2150,0,null,0,0,0
2151,0,null,0,0,0
2152,0,null,0,0,0
2153,17,pi+,1,1,1
2154,0,null,0,0,0
2155,0,null,0,0,0
2156,0,null,0,0,0
2157,0,null,0,0,0
2158,0,null,0,0,0
2159,0,null,0,0,0
2160,0,null,0,0,0
2161,0,null,0,0,0
2162,0,null,0,0,0
2163,0,null,0,0,0
2164,0,null,0,0,0
2165,0,null,0,0,0
2166,0,null,0,0,0
2167,0,null,0,0,0
2168,0,null,0,0,0
2169,0,null,0,0,0
2170,0,null,0,0,0
2171,0,null,0,0,0
2172,0,null,0,0,0
2173,0,null,0,0,0
2174,0,null,0,0,0
2175,1,primary_proton,1,1,1
2176,0,null,0,0,0
2177,0,null,0,0,0
2178,0,null,0,0,0
2179,0,null,0,0,0
2180,0,null,0,0,0
2181,6,pi+,1,1,1
2182,0,null,0,0,0
2183,0,null,0,0,0
2184,0,null,0,0,0
2185,1,primary_proton,1,1,1
2186,0,null,0,0,0
2187,0,null,0,0,0
2188,0,null,0,0,0
2189,0,null,0,0,0
2190,0,null,0,0,0
2191,0,null,0,0,0
2192,1,primary_proton,1,1,1
2193,0,null,0,0,0
2194,0,null,0,0,0
2195,0,null,0,0,0
2196,0,null,0,0,0
2197,0,null,0,0,0
2198,0,null,0,0,0
2199,3922,e-,1,0,0
2200,21,pi+,1,1,1
2201,0,null,0,0,0
2202,0,null,0,0,0
2203,0,null,0,0,0
2204,0,null,0,0,0
2205,0,null,0,0,0
2206,0,null,0,0,0
2207,0,null,0,0,0
2208,13,pi-,1,1,1
2209,0,null,0,0,0
2210,0,null,0,0,0
2211,0,null,0,0,0
2212,0,null,0,0,0
2213,0,null,0,0,0
2214,0,null,0,0,0
2215,0,null,0,0,0
2216,0,null,0,0,0
2217,0,null,0,0,0
2218,0,null,0,0,0
2219,0,null,0,0,0
2220,0,null,0,0,0
2221,0,null,0,0,0
2222,0,null,0,0,0
2223,0,null,0,0,0
2224,0,null,0,0,0
2225,0,null,0,0,0
2226,0,null,0,0,0
2227,0,null,0,0,0
2228,0,null,0,0,0
2229,0,null,0,0,0
2230,0,null,0,0,0
2231,0,null,0,0,0
2232,0,null,0,0,0
2233,0,null,0,0,0
2234,0,null,0,0,0
2235,0,null,0,0,0
2236,0,null,0,0,0
2237,0,null,0,0,0
2238,5,kaon+,1,1,1
2239,0,null,0,0,0
2240,0,null,0,0,0
2241,1,primary_proton,1,1,1
2242,0,null,0,0,0
2243,0,null,0,0,0
2244,125,e-,1,1,1
2245,0,null,0,0,0
2246,0,null,0,0,0
2247,0,null,0,0,0
2248,0,null,0,0,0
2249,0,null,0,0,0
2250,0,null,0,0,0
2251,0,null,0,0,0
2252,0,null,0,0,0
2253,0,null,0,0,0
2254,11,pi+,1,1,1
2255,0,null,0,0,0
2256,0,null,0,0,0
2257,0,null,0,0,0
2258,0,null,0,0,0
2259,13,pi-,1,1,1
2260,0,null,0,0,0
2261,0,null,0,0,0
2262,0,null,0,0,0
2263,0,null,0,0,0
2264,0,null,0,0,0
2265,0,null,0,0,0
2266,0,null,0,0,0
2267,12,pi+,1,1,1
2268,1,primary_proton,1,1,1
2269,0,null,0,0,0
2270,0,null,0,0,0
2271,0,null,0,0,0
2272,0,null,0,0,0
2273,0,null,0,0,0
2274,0,null,0,0,0
2275,0,null,0,0,0
2277,0,null,0,0,0
2278,0,null,0,0,0
2279,0,null,0,0,0
2280,0,null,0,0,0
2281,0,null,0,0,0
2282,0,null,0,0,0
2283,0,null,0,0,0
2284,0,null,0,0,0
2285,0,null,0,0,0
2286,0,null,0,0,0
2287,6,secondary_proton,1,1,1
2288,0,null,0,0,0
2289,0,null,0,0,0
2290,0,null,0,0,0
2291,0,null,0,0,0
2292,0,null,0,0,0
2293,0,null,0,0,0
2294,0,null,0,0,0
2295,0,null,0,0,0
2296,0,null,0,0,0
2297,0,null,0,0,0
2298,0,null,0,0,0
2299,0,null,0,0,0
2300,0,null,0,0,0
2301,0,null,0,0,0
2302,0,null,0,0,0
2303,0,null,0,0,0
2304,0,null,0,0,0
2305,0,null,0,0,0
2306,0,null,0,0,0
2307,0,null,0,0,0
2308,0,null,0,0,0
2309,0,null,0,0,0
2310,0,null,0,0,0
2311,0,null,0,0,0
2312,0,null,0,0,0
2313,0,null,0,0,0
2314,0,null,0,0,0
2315,0,null,0,0,0
2316,0,null,0,0,0
2317,0,null,0,0,0
2318,0,null,0,0,0
2319,0,null,0,0,0
2320,0,null,0,0,0
2321,0,null,0,0,0
2322,0,null,0,0,0
2323,0,null,0,0,0
2324,0,null,0,0,0
2325,0,null,0,0,0
2326,0,null,0,0,0
2327,0,null,0,0,0
2328,0,null,0,0,0
2329,0,null,0,0,0
2330,0,null,0,0,0
2331,15,secondary_proton,1,0,0
2332,0,null,0,0,0
2333,0,null,0,0,0
2334,0,null,0,0,0
2335,0,null,0,0,0
2336,0,null,0,0,0
2337,0,null,0,0,0
2338,0,null,0,0,0
2339,19,secondary_proton,1,1,1
2340,0,null,0,0,0
2341,0,null,0,0,0
2342,0,null,0,0,0
2343,0,null,0,0,0
2344,0,null,0,0,0
2345,0,null,0,0,0
2346,0,null,0,0,0
2347,0,null,0,0,0
2348,0,null,0,0,0
2349,0,null,0,0,0
2350,0,null,0,0,0
2351,0,null,0,0,0
2352,0,null,0,0,0
2353,0,null,0,0,0
2354,0,null,0,0,0
2355,0,null,0,0,0
2356,0,null,0,0,0
2357,0,null,0,0,0
2358,0,null,0,0,0
2359,0,null,0,0,0
2360,0,null,0,0,0
2361,0,null,0,0,0
2362,0,null,0,0,0
2363,1,primary_proton,1,1,1
2364,0,null,0,0,0
2365,0,null,0,0,0
2366,0,null,0,0,0
2367,0,null,0,0,0
2368,0,null,0,0,0
2369,0,null,0,0,0
2370,0,null,0,0,0
2371,0,null,0,0,0
2372,0,null,0,0,0
2373,0,null,0,0,0
2374,0,null,0,0,0
2375,0,null,0,0,0
2376,0,null,0,0,0
2377,0,null,0,0,0
2378,0,null,0,0,0
2379,0,null,0,0,0
2380,0,null,0,0,0
2381,0,null,0,0,0
2382,0,null,0,0,0
2383,1,primary_proton,1,1,1
2384,0,null,0,0,0
2385,0,null,0,0,0
2386,0,null,0,0,0
2387,0,null,0,0,0
2388,0,null,0,0,0
2389,0,null,0,0,0
2390,0,null,0,0,0
2391,0,null,0,0,0
2392,0,null,0,0,0
2393,2437,e-,1,1,1
2394,0,null,0,0,0
2395,0,null,0,0,0
2396,0,null,0,0,0
2397,0,null,0,0,0
2398,0,null,0,0,0
2399,10,pi+,1,1,1
2400,0,null,0,0,0
2401,0,null,0,0,0
2402,0,null,0,0,0
2403,0,null,0,0,0
2404,0,null,0,0,0
2405,0,null,0,0,0
2406,0,null,0,0,0
2407,0,null,0,0,0
2408,0,null,0,0,0
2409,0,null,0,0,0
2410,0,null,0,0,0
2411,9,pi+,1,1,1
2412,0,null,0,0,0
2413,0,null,0,0,0
2414,0,null,0,0,0
2415,0,null,0,0,0
2416,0,null,0,0,0
2417,0,null,0,0,0
2418,0,null,0,0,0
2419,0,null,0,0,0
2420,0,null,0,0,0
2421,13,pi-,1,1,0
2422,0,null,0,0,0
2423,0,null,0,0,0
2424,0,null,0,0,0
2425,0,null,0,0,0
2426,8,secondary_proton,1,1,1
2427,0,null,0,0,0
2428,0,null,0,0,0
2429,0,null,0,0,0
2430,0,null,0,0,0
2431,0,null,0,0,0
2432,3560,e-,0,1,0
2433,0,null,0,0,0
2434,0,null,0,0,0
2435,0,null,0,0,0
2436,0,null,0,0,0
2437,0,null,0,0,0
2438,0,null,0,0,0
2439,0,null,0,0,0
2440,0,null,0,0,0
2441,0,null,0,0,0
2442,0,null,0,0,0
2443,0,null,0,0,0
2444,0,null,0,0,0
2445,0,null,0,0,0
2446,0,null,0,0,0
2447,0,null,0,0,0
2448,295,pi-,1,0,0
2449,3,secondary_proton,1,1,1
2450,0,null,0,0,0
2451,0,null,0,0,0
2452,13,secondary_proton,1,1,1
2453,0,null,0,0,0
2454,0,null,0,0,0
2455,0,null,0,0,0
2456,0,null,0,0,0
2457,0,null,0,0,0
2458,0,null,0,0,0
2459,0,null,0,0,0
2460,0,null,0,0,0
2461,0,null,0,0,0
2462,0,null,0,0,0
2463,1,primary_proton,1,1,1
2464,0,null,0,0,0
2465,0,null,0,0,0
2466,0,null,0,0,0
2467,0,null,0,0,0
2468,0,null,0,0,0
2469,0,null,0,0,0
2470,0,null,0,0,0
2471,0,null,0,0,0
2472,0,null,0,0,0
2473,0,null,0,0,0
2474,0,null,0,0,0
2475,0,null,0,0,0
2476,0,null,0,0,0
2477,0,null,0,0,0
2478,1,primary_proton,1,1,1
2479,0,null,0,0,0
2480,0,null,0,0,0
2481,0,null,0,0,0
2482,0,null,0,0,0
2483,0,null,0,0,0
2484,0,null,0,0,0
2485,0,null,0,0,0
2486,0,null,0,0,0
2487,0,null,0,0,0
2488,1,primary_proton,1,1,1
2489,0,null,0,0,0
2490,0,null,0,0,0
2491,0,null,0,0,0
2492,0,null,0,0,0
2493,15,pi+,1,1,1
2494,0,null,0,0,0
2495,0,null,0,0,0
2496,0,null,0,0,0
2498,0,null,0,0,0
2499,15,pi-,1,1,1
2500,0,null,0,0,0
2501,0,null,0,0,0
2502,0,null,0,0,0
2503,0,null,0,0,0
2504,0,null,0,0,0
2505,0,null,0,0,0
2506,0,null,0,0,0
2507,7,secondary_proton,1,1,1
2508,1,primary_proton,1,1,0
2509,0,null,0,0,0
2510,0,null,0,0,0
2511,0,null,0,0,0
2512,0,null,0,0,0
2513,1,primary_proton,1,1,1
2514,0,null,0,0,0
2515,0,null,0,0,0
2516,0,null,0,0,0
2517,0,null,0,0,0
2518,0,null,0,0,0
2519,0,null,0,0,0
2520,0,null,0,0,0
2521,0,null,0,0,0
2522,0,null,0,0,0
2523,0,null,0,0,0
2524,0,null,0,0,0
2525,0,null,0,0,0
2526,0,null,0,0,0
2527,0,null,0,0,0
2528,0,null,0,0,0
2529,0,null,0,0,0
2530,0,null,0,0,0
2531,1,primary_proton,1,1,1
2532,0,null,0,0,0
2533,0,null,0,0,0
2534,0,null,0,0,0
2535,0,null,0,0,0
2536,0,null,0,0,0
2537,0,null,0,0,0
2538,0,null,0,0,0
2539,0,null,0,0,0
2540,4785,e-,0,1,1
2541,0,null,0,0,0
2542,0,null,0,0,0
2543,1,primary_proton,1,1,1
2544,0,null,0,0,0
2545,0,null,0,0,0
2546,0,null,0,0,0
2547,2300,secondary_proton,1,1,0
2548,0,null,0,0,0
2549,0,null,0,0,0
2550,0,null,0,0,0
2551,0,null,0,0,0
2552,0,null,0,0,0
2553,0,null,0,0,0
2554,0,null,0,0,0
2555,0,null,0,0,0
2556,0,null,0,0,0
2557,0,null,0,0,0
2558,0,null,0,0,0
2559,0,null,0,0,0
2560,0,null,0,0,0
2561,0,null,0,0,0
2562,0,null,0,0,0
2563,0,null,0,0,0
2564,15,pi-,1,1,1
2565,0,null,0,0,0
2566,0,null,0,0,0
2567,0,null,0,0,0
2568,0,null,0,0,0
2569,0,null,0,0,0
2570,0,null,0,0,0
2571,0,null,0,0,0
2572,0,null,0,0,0
2573,0,null,0,0,0
2574,0,null,0,0,0
2575,0,null,0,0,0
2576,0,null,0,0,0
2577,1,primary_proton,1,1,1
2578,1,primary_proton,1,1,1
2579,0,null,0,0,0
2580,0,null,0,0,0
2581,0,null,0,0,0
2582,0,null,0,0,0
2583,0,null,0,0,0
2584,0,null,0,0,0
2585,0,null,0,0,0
2586,0,null,0,0,0
2587,0,null,0,0,0
2588,0,null,0,0,0
2589,0,null,0,0,0
2590,1,primary_proton,1,1,1
2591,4418,secondary_proton,1,1,1
2592,0,null,0,0,0
2593,0,null,0,0,0
2594,0,null,0,0,0
2595,0,null,0,0,0
2596,0,null,0,0,0
2597,0,null,0,0,0
2598,0,null,0,0,0
2599,0,null,0,0,0
2600,0,null,0,0,0
2601,0,null,0,0,0
2602,1,primary_proton,1,1,1
2603,0,null,0,0,0
2604,0,null,0,0,0
2605,0,null,0,0,0
2606,0,null,0,0,0
2607,0,null,0,0,0
2608,0,null,0,0,0
2609,0,null,0,0,0
2610,0,null,0,0,0
2611,0,null,0,0,0
2612,0,null,0,0,0
2613,0,null,0,0,0
2614,0,null,0,0,0
2615,0,null,0,0,0
2616,0,null,0,0,0
2617,0,null,0,0,0
2618,0,null,0,0,0
2619,0,null,0,0,0
2620,0,null,0,0,0
2621,0,null,0,0,0
2622,0,null,0,0,0
2623,0,null,0,0,0
2624,0,null,0,0,0
2625,0,null,0,0,0
2626,0,null,0,0,0
2627,0,null,0,0,0
2628,0,null,0,0,0
2629,5,pi-,1,1,1
2630,0,null,0,0,0
2631,0,null,0,0,0
2632,0,null,0,0,0
2633,0,null,0,0,0
2634,0,null,0,0,0
2635,0,null,0,0,0
2636,0,null,0,0,0
2637,0,null,0,0,0
2638,0,null,0,0,0
2639,0,null,0,0,0
2640,0,null,0,0,0
2641,0,null,0,0,0
2642,0,null,0,0,0
2643,0,null,0,0,0
2644,0,null,0,0,0
2645,3,secondary_proton,1,1,1
2646,0,null,0,0,0
2647,0,null,0,0,0
2648,0,null,0,0,0
2649,0,null,0,0,0
2650,0,null,0,0,0
2651,0,null,0,0,0
2652,0,null,0,0,0
2653,0,null,0,0,0
2654,0,null,0,0,0
2655,0,null,0,0,0
2656,0,null,0,0,0
2657,0,null,0,0,0
2658,0,null,0,0,0
2659,0,null,0,0,0
2660,0,null,0,0,0
2661,0,null,0,0,0
2662,0,null,0,0,0
2663,0,null,0,0,0
2664,0,null,0,0,0
2665,0,null,0,0,0
2666,0,null,0,0,0
2667,0,null,0,0,0
2668,0,null,0,0,0
2669,0,null,0,0,0
2670,0,null,0,0,0
2671,0,null,0,0,0
2672,0,null,0,0,0
2673,0,null,0,0,0
2674,0,null,0,0,0
2675,0,null,0,0,0
2676,0,null,0,0,0
2677,0,null,0,0,0
2678,0,null,0,0,0
2679,0,null,0,0,0
2680,0,null,0,0,0
2681,0,null,0,0,0
2682,0,null,0,0,0
2683,0,null,0,0,0
2684,0,null,0,0,0
2685,0,null,0,0,0
2686,0,null,0,0,0
2687,0,null,0,0,0
2688,0,null,0,0,0
2689,1,primary_proton,1,1,1
2690,1,primary_proton,1,1,1
2691,0,null,0,0,0
2692,0,null,0,0,0
2693,0,null,0,0,0
2694,0,null,0,0,0
2695,0,null,0,0,0
2696,0,null,0,0,0
2697,0,null,0,0,0
2698,0,null,0,0,0
2699,0,null,0,0,0
2700,0,null,0,0,0
2701,0,null,0,0,0
2702,0,null,0,0,0
2703,0,null,0,0,0
2704,0,null,0,0,0
2705,0,null,0,0,0
2706,0,null,0,0,0
2707,0,null,0,0,0
2708,0,null,0,0,0
2709,0,null,0,0,0
2710,0,null,0,0,0
2711,0,null,0,0,0
2712,0,null,0,0,0
2713,0,null,0,0,0
2714,0,null,0,0,0
2716,0,null,0,0,0
2717,0,null,0,0,0
2718,0,null,0,0,0
2719,0,null,0,0,0
2720,0,null,0,0,0
2721,0,null,0,0,0
2722,0,null,0,0,0
2723,0,null,0,0,0
2724,0,null,0,0,0
2725,0,null,0,0,0
2726,0,null,0,0,0
2727,0,null,0,0,0
2728,0,null,0,0,0
2729,0,null,0,0,0
2730,0,null,0,0,0
2731,0,null,0,0,0
2732,8,secondary_proton,1,1,1
2733,0,null,0,0,0
2734,0,null,0,0,0
2735,0,null,0,0,0
2736,0,null,0,0,0
2737,2487,e-,1,0,0
2738,1,primary_proton,1,1,1
2739,0,null,0,0,0
2740,0,null,0,0,0
2741,0,null,0,0,0
2742,0,null,0,0,0
2743,0,null,0,0,0
2744,0,null,0,0,0
2745,0,null,0,0,0
2746,0,null,0,0,0
2747,0,null,0,0,0
2748,0,null,0,0,0
2749,0,null,0,0,0
2750,0,null,0,0,0
2751,0,null,0,0,0
2752,0,null,0,0,0
2753,0,null,0,0,0
2754,0,null,0,0,0
2755,0,null,0,0,0
2756,5,secondary_proton,1,1,1
2757,0,null,0,0,0
2758,0,null,0,0,0
2759,0,null,0,0,0
2760,0,null,0,0,0
2761,40,secondary_proton,1,1,1
2762,0,null,0,0,0
2763,0,null,0,0,0
2764,1,primary_proton,1,1,1
2765,0,null,0,0,0
2766,0,null,0,0,0
2767,0,null,0,0,0
2768,0,null,0,0,0
2769,0,null,0,0,0
2770,0,null,0,0,0
2771,0,null,0,0,0
2772,0,null,0,0,0
2773,0,null,0,0,0
2774,0,null,0,0,0
2775,0,null,0,0,0
2776,0,null,0,0,0
2777,0,null,0,0,0
2778,0,null,0,0,0
2779,0,null,0,0,0
2780,847,secondary_proton,1,0,0
2781,0,null,0,0,0
2782,0,null,0,0,0
2783,0,null,0,0,0
2784,2682,e-,1,0,0
2785,0,null,0,0,0
2786,0,null,0,0,0
2787,0,null,0,0,0
2788,0,null,0,0,0
2789,0,null,0,0,0
2790,0,null,0,0,0
2791,0,null,0,0,0
2792,0,null,0,0,0
2793,0,null,0,0,0
2794,0,null,0,0,0
2795,0,null,0,0,0
2796,0,null,0,0,0
2797,0,null,0,0,0
2798,0,null,0,0,0
2799,0,null,0,0,0
2800,0,null,0,0,0
2801,0,null,0,0,0
2802,0,null,0,0,0
2803,0,null,0,0,0
2804,0,null,0,0,0
2805,0,null,0,0,0
2806,0,null,0,0,0
2807,0,null,0,0,0
2808,0,null,0,0,0
2809,0,null,0,0,0
2810,18,pi-,1,1,1
2811,0,null,0,0,0
2812,0,null,0,0,0
2813,0,null,0,0,0
2814,0,null,0,0,0
2815,0,null,0,0,0
2816,0,null,0,0,0
2817,0,null,0,0,0
2818,0,null,0,0,0
2819,0,null,0,0,0
2820,0,null,0,0,0
2821,0,null,0,0,0
2822,0,null,0,0,0
2823,0,null,0,0,0
2824,0,null,0,0,0
2825,1,primary_proton,1,1,1
2826,0,null,0,0,0
2827,12,pi+,1,1,1
2828,1,primary_proton,1,1,1
2829,0,null,0,0,0
2830,0,null,0,0,0
2831,0,null,0,0,0
2832,0,null,0,0,0
2833,0,null,0,0,0
2834,0,null,0,0,0
2835,0,null,0,0,0
2836,0,null,0,0,0
2837,0,null,0,0,0
2838,0,null,0,0,0
2839,0,null,0,0,0
2840,0,null,0,0,0
2841,0,null,0,0,0
2842,0,null,0,0,0
2843,0,null,0,0,0
2844,0,null,0,0,0
2845,0,null,0,0,0
2846,0,null,0,0,0
2847,0,null,0,0,0
2848,0,null,0,0,0
2849,0,null,0,0,0
2850,0,null,0,0,0
2851,0,null,0,0,0
2852,0,null,0,0,0
2853,0,null,0,0,0
2854,0,null,0,0,0
2855,0,null,0,0,0
2856,1,primary_proton,1,1,1
2857,0,null,0,0,0
2858,0,null,0,0,0
2859,0,null,0,0,0
2860,0,null,0,0,0
2861,0,null,0,0,0
2862,0,null,0,0,0
2863,0,null,0,0,0
2864,0,null,0,0,0
2865,0,null,0,0,0
2866,0,null,0,0,0
2867,0,null,0,0,0
2868,0,null,0,0,0
2869,8,secondary_proton,1,1,1
2870,0,null,0,0,0
2871,0,null,0,0,0
2872,0,null,0,0,0
2873,0,null,0,0,0
2874,0,null,0,0,0
2875,0,null,0,0,0
2876,0,null,0,0,0
2877,0,null,0,0,0
2878,1,primary_proton,1,1,1
2879,0,null,0,0,0
2880,0,null,0,0,0
2881,0,null,0,0,0
2882,0,null,0,0,0
2883,0,null,0,0,0
2884,0,null,0,0,0
2885,0,null,0,0,0
2886,0,null,0,0,0
2887,2023,e-,1,0,0
2888,0,null,0,0,0
2889,0,null,0,0,0
2890,0,null,0,0,0
2891,0,null,0,0,0
2892,0,null,0,0,0
2893,1882,e-,0,1,0
2894,0,null,0,0,0
2895,1833,e-,1,0,0
2896,0,null,0,0,0
2897,0,null,0,0,0
2898,0,null,0,0,0
2899,0,null,0,0,0
2900,0,null,0,0,0
2901,0,null,0,0,0
2902,0,null,0,0,0
2903,0,null,0,0,0
2904,0,null,0,0,0
2905,0,null,0,0,0
2906,0,null,0,0,0
2907,0,null,0,0,0
2908,0,null,0,0,0
2909,0,null,0,0,0
2910,0,null,0,0,0
2911,0,null,0,0,0
2912,0,null,0,0,0
2913,0,null,0,0,0
2914,0,null,0,0,0
2915,0,null,0,0,0
2916,0,null,0,0,0
2917,0,null,0,0,0
2918,0,null,0,0,0
2919,1,primary_proton,1,1,1
2920,0,null,0,0,0
2921,0,null,0,0,0
2922,0,null,0,0,0
2923,0,null,0,0,0
2924,0,null,0,0,0
2925,0,null,0,0,0
2926,0,null,0,0,0
2927,0,null,0,0,0
2928,0,null,0,0,0
2929,0,null,0,0,0
2930,0,null,0,0,0
2931,0,null,0,0,0
2932,970,secondary_proton,1,1,0
2933,0,null,0,0,0
2934,0,null,0,0,0
2936,0,null,0,0,0
2937,0,null,0,0,0
2938,0,null,0,0,0
2939,0,null,0,0,0
2940,0,null,0,0,0
2941,0,null,0,0,0
2942,0,null,0,0,0
2943,0,null,0,0,0
2944,0,null,0,0,0
2945,0,null,0,0,0
2946,0,null,0,0,0
2947,0,null,0,0,0
2948,0,null,0,0,0
2949,0,null,0,0,0
2950,0,null,0,0,0
2951,0,null,0,0,0
2952,0,null,0,0,0
2953,0,null,0,0,0
2954,0,null,0,0,0
2955,0,null,0,0,0
2956,0,null,0,0,0
2957,0,null,0,0,0
2958,0,null,0,0,0
2959,0,null,0,0,0
2960,0,null,0,0,0
2961,0,null,0,0,0
2962,0,null,0,0,0
2963,0,null,0,0,0
2964,0,null,0,0,0
2965,0,null,0,0,0
2966,0,null,0,0,0
2967,12,pi-,1,1,1
2968,0,null,0,0,0
2969,0,null,0,0,0
2970,0,null,0,0,0
2971,0,null,0,0,0
2972,0,null,0,0,0
2973,0,null,0,0,0
2974,0,null,0,0,0
2975,0,null,0,0,0
2976,0,null,0,0,0
2977,0,null,0,0,0
2978,0,null,0,0,0
2979,0,null,0,0,0
2980,0,null,0,0,0
2981,0,null,0,0,0
2982,0,null,0,0,0
2983,0,null,0,0,0
2984,0,null,0,0,0
2985,0,null,0,0,0
2986,1,primary_proton,1,1,1
2987,0,null,0,0,0
2988,0,null,0,0,0
2989,0,null,0,0,0
2990,0,null,0,0,0
2991,0,null,0,0,0
2992,0,null,0,0,0
2993,0,null,0,0,0
2994,0,null,0,0,0
2995,0,null,0,0,0
2996,0,null,0,0,0
2997,0,null,0,0,0
2998,0,null,0,0,0
2999,0,null,0,0,0
3000,0,null,0,0,0
3001,0,null,0,0,0
3002,0,null,0,0,0
3003,0,null,0,0,0
3004,0,null,0,0,0
3005,0,null,0,0,0
3006,0,null,0,0,0
3007,0,null,0,0,0
3008,0,null,0,0,0
3009,0,null,0,0,0
3010,0,null,0,0,0
3011,0,null,0,0,0
3012,0,null,0,0,0
3013,0,null,0,0,0
3014,0,null,0,0,0
3015,0,null,0,0,0
3016,0,null,0,0,0
3017,0,null,0,0,0
3018,0,null,0,0,0
3019,0,null,0,0,0
3020,0,null,0,0,0
3021,0,null,0,0,0
3022,0,null,0,0,0
3023,0,null,0,0,0
3024,0,null,0,0,0
3025,0,null,0,0,0
3026,0,null,0,0,0
3027,0,null,0,0,0
3028,0,null,0,0,0
3029,0,null,0,0,0
3030,0,null,0,0,0
3031,0,null,0,0,0
3032,0,null,0,0,0
3033,0,null,0,0,0
3034,0,null,0,0,0
3035,0,null,0,0,0
3036,0,null,0,0,0
3037,0,null,0,0,0
3038,0,null,0,0,0
3039,0,null,0,0,0
3040,0,null,0,0,0
3041,0,null,0,0,0
3042,0,null,0,0,0
3043,0,null,0,0,0
3044,0,null,0,0,0
3045,0,null,0,0,0
3046,0,null,0,0,0
3047,0,null,0,0,0
3048,0,null,0,0,0
3049,0,null,0,0,0
3050,1,primary_proton,1,1,1
3051,0,null,0,0,0
3052,0,null,0,0,0
3053,0,null,0,0,0
3054,0,null,0,0,0
3055,0,null,0,0,0
3056,0,null,0,0,0
3057,0,null,0,0,0
3058,0,null,0,0,0
3059,0,null,0,0,0
3060,0,null,0,0,0
3061,0,null,0,0,0
3062,0,null,0,0,0
3063,0,null,0,0,0
3064,0,null,0,0,0
3065,15,pi+,1,0,0
3066,0,null,0,0,0
3067,0,null,0,0,0
3068,0,null,0,0,0
3069,0,null,0,0,0
3070,0,null,0,0,0
3071,0,null,0,0,0
3072,0,null,0,0,0
3073,0,null,0,0,0
3074,0,null,0,0,0
3075,0,null,0,0,0
3076,0,null,0,0,0
3077,0,null,0,0,0
3078,0,null,0,0,0
3079,0,null,0,0,0
3080,1,primary_proton,1,1,1
3081,0,null,0,0,0
3082,0,null,0,0,0
3083,0,null,0,0,0
3084,0,null,0,0,0
3085,0,null,0,0,0
3086,13,pi-,1,1,1
3087,0,null,0,0,0
3088,0,null,0,0,0
3089,0,null,0,0,0
3090,0,null,0,0,0
3091,0,null,0,0,0
3092,0,null,0,0,0
3093,0,null,0,0,0
3094,0,null,0,0,0
3095,0,null,0,0,0
3096,0,null,0,0,0
3097,0,null,0,0,0
3098,0,null,0,0,0
3099,0,null,0,0,0
3100,0,null,0,0,0
3101,0,null,0,0,0
3102,0,null,0,0,0
3103,0,null,0,0,0
3104,0,null,0,0,0
3105,0,null,0,0,0
3106,0,null,0,0,0
3107,0,null,0,0,0
3108,0,null,0,0,0
3109,0,null,0,0,0
3110,0,null,0,0,0
3111,0,null,0,0,0
3112,1,primary_proton,1,1,1
3113,0,null,0,0,0
3114,0,null,0,0,0
3115,0,null,0,0,0
3116,0,null,0,0,0
3117,0,null,0,0,0
3118,0,null,0,0,0
3119,0,null,0,0,0
3120,0,null,0,0,0
3121,0,null,0,0,0
3122,0,null,0,0,0
3123,0,null,0,0,0
3124,0,null,0,0,0
3125,0,null,0,0,0
3126,66,pi-,1,1,1
3127,0,null,0,0,0
3128,0,null,0,0,0
3129,0,null,0,0,0
3130,0,null,0,0,0
3131,0,null,0,0,0
3132,747,e-,1,1,1
3133,642,pi-,1,1,1
3134,0,null,0,0,0
3135,5,pi+,1,1,1
3136,0,null,0,0,0
3137,8,secondary_proton,1,1,1
3138,0,null,0,0,0
3139,0,null,0,0,0
3140,0,null,0,0,0
3141,0,null,0,0,0
3142,0,null,0,0,0
3143,0,null,0,0,0
3144,0,null,0,0,0
3145,0,null,0,0,0
3146,0,null,0,0,0
3147,0,null,0,0,0
3148,0,null,0,0,0
3149,0,null,0,0,0
3150,0,null,0,0,0
3151,0,null,0,0,0
3152,0,null,0,0,0
3153,0,null,0,0,0
3154,0,null,0,0,0
3155,0,null,0,0,0
3156,0,null,0,0,0
3157,0,null,0,0,0
3158,0,null,0,0,0
3160,0,null,0,0,0
3161,0,null,0,0,0
3162,0,null,0,0,0
3163,0,null,0,0,0
3164,0,null,0,0,0
3165,1,primary_proton,1,1,1
3166,0,null,0,0,0
3167,0,null,0,0,0
3168,9,secondary_proton,1,1,1
3169,0,null,0,0,0
3170,0,null,0,0,0
3171,0,null,0,0,0
3172,0,null,0,0,0
3173,0,null,0,0,0
3174,0,null,0,0,0
3175,0,null,0,0,0
3176,0,null,0,0,0
3177,0,null,0,0,0
3178,0,null,0,0,0
3179,0,null,0,0,0
3180,0,null,0,0,0
3181,0,null,0,0,0
3182,0,null,0,0,0
3183,0,null,0,0,0
3184,0,null,0,0,0
3185,0,null,0,0,0
3186,0,null,0,0,0
3187,0,null,0,0,0
3188,0,null,0,0,0
3189,0,null,0,0,0
3190,0,null,0,0,0
3191,1474,pi+,1,1,1
3192,0,null,0,0,0
3193,0,null,0,0,0
3194,0,null,0,0,0
3195,0,null,0,0,0
3196,0,null,0,0,0
3197,0,null,0,0,0
3198,0,null,0,0,0
3199,4,secondary_proton,1,1,1
3200,0,null,0,0,0
3201,0,null,0,0,0
3202,0,null,0,0,0
3203,0,null,0,0,0
3204,0,null,0,0,0
3205,361,pi+,1,1,1
3206,0,null,0,0,0
3207,0,null,0,0,0
3208,0,null,0,0,0
3209,0,null,0,0,0
3210,0,null,0,0,0
3211,0,null,0,0,0
3212,0,null,0,0,0
3213,0,null,0,0,0
3214,0,null,0,0,0
3215,0,null,0,0,0
3216,0,null,0,0,0
3217,0,null,0,0,0
3218,0,null,0,0,0
3219,0,null,0,0,0
3220,0,null,0,0,0
3221,0,null,0,0,0
3222,0,null,0,0,0
3223,0,null,0,0,0
3224,0,null,0,0,0
3225,0,null,0,0,0
3226,0,null,0,0,0
3227,0,null,0,0,0
3228,0,null,0,0,0
3229,0,null,0,0,0
3230,0,null,0,0,0
3231,0,null,0,0,0
3232,0,null,0,0,0
3233,0,null,0,0,0
3234,0,null,0,0,0
3235,0,null,0,0,0
3236,0,null,0,0,0
3237,0,null,0,0,0
3238,0,null,0,0,0
3239,0,null,0,0,0
3240,0,null,0,0,0
3241,0,null,0,0,0
3242,0,null,0,0,0
3243,0,null,0,0,0
3244,0,null,0,0,0
3245,0,null,0,0,0
3246,0,null,0,0,0
3247,0,null,0,0,0
3248,0,null,0,0,0
3249,0,null,0,0,0
3250,0,null,0,0,0
3251,0,null,0,0,0
3252,0,null,0,0,0
3253,0,null,0,0,0
3254,0,null,0,0,0
3255,0,null,0,0,0
3256,0,null,0,0,0
3257,0,null,0,0,0
3258,0,null,0,0,0
3259,0,null,0,0,0
3260,0,null,0,0,0
3261,0,null,0,0,0
3262,0,null,0,0,0
3263,1,primary_proton,1,1,1
3264,0,null,0,0,0
3265,0,null,0,0,0
3266,0,null,0,0,0
3267,0,null,0,0,0
3268,0,null,0,0,0
3269,1,primary_proton,1,1,1
3270,0,null,0,0,0
3271,0,null,0,0,0
3272,0,null,0,0,0
3273,0,null,0,0,0
3274,0,null,0,0,0
3275,0,null,0,0,0
3276,0,null,0,0,0
3277,0,null,0,0,0
3278,0,null,0,0,0
3279,0,null,0,0,0
3280,0,null,0,0,0
3281,0,null,0,0,0
3282,0,null,0,0,0
3283,0,null,0,0,0
3284,0,null,0,0,0
3285,0,null,0,0,0
3286,0,null,0,0,0
3287,1,primary_proton,1,1,1
3288,0,null,0,0,0
3289,0,null,0,0,0
3290,0,null,0,0,0
3291,0,null,0,0,0
3292,1,primary_proton,1,1,1
3293,0,null,0,0,0
3294,0,null,0,0,0
3295,0,null,0,0,0
3296,0,null,0,0,0
3297,0,null,0,0,0
3298,0,null,0,0,0
3299,6,secondary_proton,1,1,1
3300,0,null,0,0,0
3301,0,null,0,0,0
3302,0,null,0,0,0
3303,0,null,0,0,0
3304,0,null,0,0,0
3305,0,null,0,0,0
3306,0,null,0,0,0
3307,0,null,0,0,0
3308,0,null,0,0,0
3309,0,null,0,0,0
3310,0,null,0,0,0
3311,0,null,0,0,0
3312,3,pi+,1,0,0
3313,0,null,0,0,0
3314,0,null,0,0,0
3315,0,null,0,0,0
3316,0,null,0,0,0
3317,0,null,0,0,0
3318,0,null,0,0,0
3319,0,null,0,0,0
3320,0,null,0,0,0
3321,0,null,0,0,0
3322,0,null,0,0,0
3323,0,null,0,0,0
3324,0,null,0,0,0
3325,0,null,0,0,0
3326,0,null,0,0,0
3327,0,null,0,0,0
3328,0,null,0,0,0
3329,0,null,0,0,0
3330,0,null,0,0,0
3331,0,null,0,0,0
3332,0,null,0,0,0
3333,0,null,0,0,0
3334,0,null,0,0,0
3335,0,null,0,0,0
3336,0,null,0,0,0
3337,0,null,0,0,0
3338,0,null,0,0,0
3339,0,null,0,0,0
3340,0,null,0,0,0
3341,0,null,0,0,0
3342,0,null,0,0,0
3343,0,null,0,0,0
3344,0,null,0,0,0
3345,0,null,0,0,0
3346,0,null,0,0,0
3347,0,null,0,0,0
3348,0,null,0,0,0
3349,0,null,0,0,0
3350,0,null,0,0,0
3351,0,null,0,0,0
3352,0,null,0,0,0
3353,0,null,0,0,0
3354,0,null,0,0,0
3355,0,null,0,0,0
3356,0,null,0,0,0
3357,0,null,0,0,0
3358,0,null,0,0,0
3359,0,null,0,0,0
3360,1,primary_proton,1,1,1
3361,0,null,0,0,0
3362,0,null,0,0,0
3363,0,null,0,0,0
3364,0,null,0,0,0
3365,0,null,0,0,0
3366,14,pi-,1,1,1
3367,0,null,0,0,0
3368,0,null,0,0,0
3369,0,null,0,0,0
3370,0,null,0,0,0
3371,0,null,0,0,0
3372,0,null,0,0,0
3373,0,null,0,0,0
3374,0,null,0,0,0
3375,0,null,0,0,0
3376,5,pi+,1,0,0
3377,0,null,0,0,0
3378,1,primary_proton,1,1,1
3379,0,null,0,0,0
3381,0,null,0,0,0
3382,0,null,0,0,0
3383,0,null,0,0,0
3384,0,null,0,0,0
3385,0,null,0,0,0
3386,0,null,0,0,0
3387,0,null,0,0,0
3388,0,null,0,0,0
3389,1,primary_proton,1,1,1
3390,0,null,0,0,0
3391,0,null,0,0,0
3392,0,null,0,0,0
3393,103,secondary_proton,1,1,1
3394,7,pi-,1,1,1
3395,0,null,0,0,0
3396,1,primary_proton,1,1,1
3397,0,null,0,0,0
3398,2282,pi-,1,1,1
3399,13,secondary_proton,1,1,1
3400,0,null,0,0,0
3401,0,null,0,0,0
3402,0,null,0,0,0
3403,0,null,0,0,0
3404,0,null,0,0,0
3405,0,null,0,0,0
3406,0,null,0,0,0
3407,0,null,0,0,0
3408,0,null,0,0,0
3409,0,null,0,0,0
3410,0,null,0,0,0
3411,0,null,0,0,0
3412,0,null,0,0,0
3413,1,primary_proton,1,1,1
3414,0,null,0,0,0
3415,0,null,0,0,0
3416,0,null,0,0,0
3417,0,null,0,0,0
3418,0,null,0,0,0
3419,0,null,0,0,0
3420,0,null,0,0,0
3421,0,null,0,0,0
3422,0,null,0,0,0
3423,0,null,0,0,0
3424,17,pi-,1,1,1
3425,0,null,0,0,0
3426,0,null,0,0,0
3427,0,null,0,0,0
3428,0,null,0,0,0
3429,0,null,0,0,0
3430,8,pi+,1,1,1
3431,0,null,0,0,0
3432,1,primary_proton,1,1,1
3433,0,null,0,0,0
3434,1,primary_proton,1,1,1
3435,0,null,0,0,0
3436,0,null,0,0,0
3437,0,null,0,0,0
3438,0,null,0,0,0
3439,0,null,0,0,0
3440,0,null,0,0,0
3441,0,null,0,0,0
3442,0,null,0,0,0
3443,0,null,0,0,0
3444,0,null,0,0,0
3445,0,null,0,0,0
3446,0,null,0,0,0
3447,0,null,0,0,0
3448,0,null,0,0,0
3449,0,null,0,0,0
3450,0,null,0,0,0
3451,0,null,0,0,0
3452,0,null,0,0,0
3453,0,null,0,0,0
3454,0,null,0,0,0
3455,0,null,0,0,0
3456,0,null,0,0,0
3457,0,null,0,0,0
3458,1,primary_proton,1,1,1
3459,0,null,0,0,0
3460,0,null,0,0,0
3461,0,null,0,0,0
3462,0,null,0,0,0
3463,0,null,0,0,0
3464,0,null,0,0,0
3465,15,pi+,1,1,1
3466,0,null,0,0,0
3467,0,null,0,0,0
3468,0,null,0,0,0
3469,0,null,0,0,0
3470,0,null,0,0,0
3471,0,null,0,0,0
3472,0,null,0,0,0
3473,0,null,0,0,0
3474,0,null,0,0,0
3475,0,null,0,0,0
3476,0,null,0,0,0
3477,0,null,0,0,0
3478,0,null,0,0,0
3479,0,null,0,0,0
3480,0,null,0,0,0
3481,0,null,0,0,0
3482,0,null,0,0,0
3483,0,null,0,0,0
3484,0,null,0,0,0
3485,0,null,0,0,0
3486,0,null,0,0,0
3487,0,null,0,0,0
3488,0,null,0,0,0
3489,0,null,0,0,0
3490,0,null,0,0,0
3491,0,null,0,0,0
3492,0,null,0,0,0
3493,0,null,0,0,0
3494,0,null,0,0,0
3495,0,null,0,0,0
3496,0,null,0,0,0
3497,0,null,0,0,0
3498,0,null,0,0,0
3499,0,null,0,0,0
3500,0,null,0,0,0
3501,0,null,0,0,0
3502,0,null,0,0,0
3503,0,null,0,0,0
3504,0,null,0,0,0
3505,0,null,0,0,0
3506,0,null,0,0,0
3507,0,null,0,0,0
3508,0,null,0,0,0
3509,0,null,0,0,0
3510,0,null,0,0,0
3511,0,null,0,0,0
3512,0,null,0,0,0
3513,0,null,0,0,0
3514,0,null,0,0,0
3515,0,null,0,0,0
3516,0,null,0,0,0
3517,0,null,0,0,0
3518,0,null,0,0,0
3519,0,null,0,0,0
3520,0,null,0,0,0
3521,0,null,0,0,0
3522,0,null,0,0,0
3523,0,null,0,0,0
3524,0,null,0,0,0
3525,0,null,0,0,0
3526,0,null,0,0,0
3527,0,null,0,0,0
3528,0,null,0,0,0
3529,0,null,0,0,0
3530,0,null,0,0,0
3531,0,null,0,0,0
3532,0,null,0,0,0
3533,0,null,0,0,0
3534,0,null,0,0,0
3535,0,null,0,0,0
3536,0,null,0,0,0
3537,0,null,0,0,0
3538,0,null,0,0,0
3539,0,null,0,0,0
3540,0,null,0,0,0
3541,0,null,0,0,0
3542,0,null,0,0,0
3543,0,null,0,0,0
3544,0,null,0,0,0
3545,0,null,0,0,0
3546,0,null,0,0,0
3547,0,null,0,0,0
3548,0,null,0,0,0
3549,0,null,0,0,0
3550,0,null,0,0,0
3551,0,null,0,0,0
3552,0,null,0,0,0
3553,0,null,0,0,0
3554,0,null,0,0,0
3555,0,null,0,0,0
3556,0,null,0,0,0
3557,0,null,0,0,0
3558,0,null,0,0,0
3559,0,null,0,0,0
3560,0,null,0,0,0
3561,0,null,0,0,0
3562,0,null,0,0,0
3563,0,null,0,0,0
3564,0,null,0,0,0
3565,0,null,0,0,0
3566,0,null,0,0,0
3567,1,primary_proton,1,1,1
3568,0,null,0,0,0
3569,1,primary_proton,1,1,1
3570,0,null,0,0,0
3571,0,null,0,0,0
3572,0,null,0,0,0
3573,0,null,0,0,0
3574,0,null,0,0,0
3575,0,null,0,0,0
3576,0,null,0,0,0
3577,0,null,0,0,0
3578,0,null,0,0,0
3579,0,null,0,0,0
3580,8,pi-,1,0,0
3581,0,null,0,0,0
3582,0,null,0,0,0
3583,0,null,0,0,0
3584,0,null,0,0,0
3585,0,null,0,0,0
3586,0,null,0,0,0
3587,0,null,0,0,0
3588,0,null,0,0,0
3589,0,null,0,0,0
3590,0,null,0,0,0
3591,0,null,0,0,0
3592,0,null,0,0,0
3593,0,null,0,0,0
3594,0,null,0,0,0
3595,0,null,0,0,0
3596,0,null,0,0,0
3597,0,null,0,0,0
3598,0,null,0,0,0
3599,0,null,0,0,0
3600,0,null,0,0,0
3601,0,null,0,0,0
3603,0,null,0,0,0
3604,0,null,0,0,0
3605,0,null,0,0,0
3606,0,null,0,0,0
3607,0,null,0,0,0
3608,0,null,0,0,0
3609,0,null,0,0,0
3610,0,null,0,0,0
3611,0,null,0,0,0
3612,0,null,0,0,0
3613,0,null,0,0,0
3614,0,null,0,0,0
3615,0,null,0,0,0
3616,0,null,0,0,0
3617,0,null,0,0,0
3618,0,null,0,0,0
3619,0,null,0,0,0
3620,0,null,0,0,0
3621,0,null,0,0,0
3622,1,primary_proton,1,1,1
3623,0,null,0,0,0
3624,0,null,0,0,0
3625,0,null,0,0,0
3626,0,null,0,0,0
3627,0,null,0,0,0
3628,0,null,0,0,0
3629,0,null,0,0,0
3630,0,null,0,0,0
3631,0,null,0,0,0
3632,1,primary_proton,1,1,1
3633,2490,e-,1,0,0
3634,0,null,0,0,0
3635,0,null,0,0,0
3636,0,null,0,0,0
3637,0,null,0,0,0
3638,0,null,0,0,0
3639,0,null,0,0,0
3640,0,null,0,0,0
3641,0,null,0,0,0
3642,0,null,0,0,0
3643,0,null,0,0,0
3644,0,null,0,0,0
3645,0,null,0,0,0
3646,2962,pi-,0,1,1
3647,0,null,0,0,0
3648,0,null,0,0,0
3649,0,null,0,0,0
3650,0,null,0,0,0
3651,0,null,0,0,0
3652,0,null,0,0,0
3653,0,null,0,0,0
3654,0,null,0,0,0
3655,0,null,0,0,0
3656,0,null,0,0,0
3657,7,pi-,1,1,1
3658,0,null,0,0,0
3659,0,null,0,0,0
3660,0,null,0,0,0
3661,0,null,0,0,0
3662,0,null,0,0,0
3663,0,null,0,0,0
3664,1,primary_proton,1,1,1
3665,0,null,0,0,0
3666,0,null,0,0,0
3667,0,null,0,0,0
3668,0,null,0,0,0
3669,0,null,0,0,0
3670,0,null,0,0,0
3671,0,null,0,0,0
3672,0,null,0,0,0
3673,0,null,0,0,0
3674,0,null,0,0,0
3675,0,null,0,0,0
3676,0,null,0,0,0
3677,0,null,0,0,0
3678,0,null,0,0,0
3679,0,null,0,0,0
3680,0,null,0,0,0
3681,0,null,0,0,0
3682,6228,secondary_proton,1,1,1
3683,0,null,0,0,0
3684,0,null,0,0,0
3685,0,null,0,0,0
3686,0,null,0,0,0
3687,3912,pi+,1,0,0
3688,0,null,0,0,0
3689,0,null,0,0,0
3690,0,null,0,0,0
3691,0,null,0,0,0
3692,0,null,0,0,0
3693,0,null,0,0,0
3694,0,null,0,0,0
3695,0,null,0,0,0
3696,0,null,0,0,0
3697,1,primary_proton,1,1,1
3698,0,null,0,0,0
3699,0,null,0,0,0
3700,0,null,0,0,0
3701,0,null,0,0,0
3702,0,null,0,0,0
3703,0,null,0,0,0
3704,0,null,0,0,0
3705,0,null,0,0,0
3706,0,null,0,0,0
3707,0,null,0,0,0
3708,1,primary_proton,1,1,1
3709,1,primary_proton,1,1,1
3710,0,null,0,0,0
3711,0,null,0,0,0
3712,0,null,0,0,0
3713,0,null,0,0,0
3714,9,secondary_proton,1,1,1
3715,0,null,0,0,0
3716,22,secondary_proton,1,1,1
3717,0,null,0,0,0
3718,0,null,0,0,0
3719,10,pi+,1,1,0
3720,0,null,0,0,0
3721,0,null,0,0,0
3722,0,null,0,0,0
3723,0,null,0,0,0
3724,0,null,0,0,0
3725,0,null,0,0,0
3726,0,null,0,0,0
3727,0,null,0,0,0
3728,0,null,0,0,0
3729,0,null,0,0,0
3730,0,null,0,0,0
3731,0,null,0,0,0
3732,0,null,0,0,0
3733,0,null,0,0,0
3734,0,null,0,0,0
3735,0,null,0,0,0
3736,0,null,0,0,0
3737,0,null,0,0,0
3738,0,null,0,0,0
3739,0,null,0,0,0
3740,0,null,0,0,0
3741,0,null,0,0,0
3742,0,null,0,0,0
3743,0,null,0,0,0
3744,0,null,0,0,0
3745,0,null,0,0,0
3746,0,null,0,0,0
3747,0,null,0,0,0
3748,0,null,0,0,0
3749,1,primary_proton,1,1,1
3750,0,null,0,0,0
3751,0,null,0,0,0
3752,0,null,0,0,0
3753,32,secondary_proton,1,1,1
3754,0,null,0,0,0
3755,0,null,0,0,0
3756,0,null,0,0,0
3757,0,null,0,0,0
3758,0,null,0,0,0
3759,11,pi-,1,1,1
3760,0,null,0,0,0
3761,0,null,0,0,0
3762,0,null,0,0,0
3763,0,null,0,0,0
3764,0,null,0,0,0
3765,0,null,0,0,0
3766,0,null,0,0,0
3767,1,primary_proton,1,1,1
3768,0,null,0,0,0
3769,0,null,0,0,0
3770,0,null,0,0,0
3771,0,null,0,0,0
3772,0,null,0,0,0
3773,0,null,0,0,0
3774,0,null,0,0,0
3775,0,null,0,0,0
3776,0,null,0,0,0
3777,0,null,0,0,0
3778,0,null,0,0,0
3779,0,null,0,0,0
3780,0,null,0,0,0
3781,0,null,0,0,0
3782,0,null,0,0,0
3783,0,null,0,0,0
3784,0,null,0,0,0
3785,0,null,0,0,0
3786,0,null,0,0,0
3787,0,null,0,0,0
3788,0,null,0,0,0
3789,0,null,0,0,0
3790,0,null,0,0,0
3791,0,null,0,0,0
3792,0,null,0,0,0
3793,0,null,0,0,0
3794,0,null,0,0,0
3795,0,null,0,0,0
3796,0,null,0,0,0
3797,0,null,0,0,0
3798,0,null,0,0,0
3799,0,null,0,0,0
3800,0,null,0,0,0
3801,0,null,0,0,0
3802,0,null,0,0,0
3803,0,null,0,0,0
3804,0,null,0,0,0
3805,0,null,0,0,0
3806,0,null,0,0,0
3807,0,null,0,0,0
3808,0,null,0,0,0
3809,0,null,0,0,0
3810,0,null,0,0,0
3811,0,null,0,0,0
3812,0,null,0,0,0
3813,0,null,0,0,0
3814,0,null,0,0,0
3815,0,null,0,0,0
3816,0,null,0,0,0
3817,0,null,0,0,0
3818,0,null,0,0,0
3819,0,null,0,0,0
3820,0,null,0,0,0
3821,0,null,0,0,0
3823,0,null,0,0,0
3824,0,null,0,0,0
3825,0,null,0,0,0
3826,0,null,0,0,0
3827,0,null,0,0,0
3828,0,null,0,0,0
3829,0,null,0,0,0
3830,0,null,0,0,0
3831,0,null,0,0,0
3832,0,null,0,0,0
3833,0,null,0,0,0
3834,0,null,0,0,0
3835,20,pi+,1,1,1
3836,8,pi-,1,1,1
3837,0,null,0,0,0
3838,0,null,0,0,0
3839,0,null,0,0,0
3840,0,null,0,0,0
3841,0,null,0,0,0
3842,7,pi+,1,1,1
3843,0,null,0,0,0
3844,0,null,0,0,0
3845,0,null,0,0,0
3846,0,null,0,0,0
3847,0,null,0,0,0
3848,0,null,0,0,0
3849,0,null,0,0,0
3850,72,secondary_proton,1,1,1
3851,14,pi-,1,0,0
3852,0,null,0,0,0
3853,0,null,0,0,0
3854,0,null,0,0,0
3855,0,null,0,0,0
3856,5711,e-,1,1,1
3857,0,null,0,0,0
3858,0,null,0,0,0
3859,15,secondary_proton,1,1,1
3860,0,null,0,0,0
3861,0,null,0,0,0
3862,0,null,0,0,0
3863,0,null,0,0,0
3864,0,null,0,0,0
3865,16,pi+,1,0,0
3866,0,null,0,0,0
3867,0,null,0,0,0
3868,0,null,0,0,0
3869,0,null,0,0,0
3870,0,null,0,0,0
3871,0,null,0,0,0
3872,0,null,0,0,0
3873,4,secondary_proton,1,1,1
3874,0,null,0,0,0
3875,0,null,0,0,0
3876,0,null,0,0,0
3877,0,null,0,0,0
3878,0,null,0,0,0
3879,0,null,0,0,0
3880,0,null,0,0,0
3881,1,primary_proton,1,0,0
3882,0,null,0,0,0
3883,0,null,0,0,0
3884,0,null,0,0,0
3885,0,null,0,0,0
3886,0,null,0,0,0
3887,0,null,0,0,0
3888,0,null,0,0,0
3889,0,null,0,0,0
3890,0,null,0,0,0
3891,1,primary_proton,1,1,1
3892,0,null,0,0,0
3893,0,null,0,0,0
3894,11,secondary_proton,1,1,1
3895,0,null,0,0,0
3896,0,null,0,0,0
3897,0,null,0,0,0
3898,1,primary_proton,1,1,1
3899,0,null,0,0,0
3900,0,null,0,0,0
3901,0,null,0,0,0
3902,0,null,0,0,0
3903,0,null,0,0,0
3904,0,null,0,0,0
3905,0,null,0,0,0
3906,0,null,0,0,0
3907,0,null,0,0,0
3908,0,null,0,0,0
3909,0,null,0,0,0
3910,0,null,0,0,0
3911,0,null,0,0,0
3912,1,primary_proton,1,1,1
3913,0,null,0,0,0
3914,0,null,0,0,0
3915,0,null,0,0,0
3916,0,null,0,0,0
3917,0,null,0,0,0
3918,0,null,0,0,0
3919,0,null,0,0,0
3920,0,null,0,0,0
3921,0,null,0,0,0
3922,0,null,0,0,0
3923,0,null,0,0,0
3924,0,null,0,0,0
3925,0,null,0,0,0
3926,0,null,0,0,0
3927,0,null,0,0,0
3928,0,null,0,0,0
3929,0,null,0,0,0
3930,0,null,0,0,0
3931,0,null,0,0,0
3932,3415,e-,1,0,1
3933,0,null,0,0,0
3934,0,null,0,0,0
3935,0,null,0,0,0
3936,0,null,0,0,0
3937,0,null,0,0,0
3938,0,null,0,0,0
3939,0,null,0,0,0
3940,0,null,0,0,0
3941,0,null,0,0,0
3942,0,null,0,0,0
3943,2891,e+,1,1,1
3944,0,null,0,0,0
3945,0,null,0,0,0
3946,0,null,0,0,0
3947,0,null,0,0,0
3948,15,pi+,1,1,1
3949,0,null,0,0,0
3950,0,null,0,0,0
3951,0,null,0,0,0
3952,0,null,0,0,0
3953,0,null,0,0,0
3954,0,null,0,0,0
3955,0,null,0,0,0
3956,0,null,0,0,0
3957,0,null,0,0,0
3958,0,null,0,0,0
3959,0,null,0,0,0
3960,1,primary_proton,1,1,1
3961,0,null,0,0,0
3962,0,null,0,0,0
3963,0,null,0,0,0
3964,0,null,0,0,0
3965,0,null,0,0,0
3966,0,null,0,0,0
3967,0,null,0,0,0
3968,0,null,0,0,0
3969,0,null,0,0,0
3970,0,null,0,0,0
3971,0,null,0,0,0
3972,0,null,0,0,0
3973,0,null,0,0,0
3974,0,null,0,0,0
3975,0,null,0,0,0
3976,0,null,0,0,0
3977,0,null,0,0,0
3978,0,null,0,0,0
3979,0,null,0,0,0
3980,1,primary_proton,1,1,1
3981,0,null,0,0,0
3982,0,null,0,0,0
3983,10,secondary_proton,1,1,1
3984,0,null,0,0,0
3985,0,null,0,0,0
3986,0,null,0,0,0
3987,0,null,0,0,0
3988,0,null,0,0,0
3989,0,null,0,0,0
3990,0,null,0,0,0
3991,0,null,0,0,0
3992,0,null,0,0,0
3993,0,null,0,0,0
3994,6,secondary_proton,1,1,1
3995,0,null,0,0,0
3996,0,null,0,0,0
3997,0,null,0,0,0
3998,0,null,0,0,0
3999,0,null,0,0,0
4000,0,null,0,0,0
4001,14,pi-,1,1,1
4002,0,null,0,0,0
4003,0,null,0,0,0
4004,0,null,0,0,0
4005,1,primary_proton,1,1,1
4006,0,null,0,0,0
4007,0,null,0,0,0
4008,18,pi+,1,1,1
4009,0,null,0,0,0
4010,0,null,0,0,0
4011,0,null,0,0,0
4012,0,null,0,0,0
4013,0,null,0,0,0
4014,1481,e-,1,1,1
4015,0,null,0,0,0
4016,0,null,0,0,0
4017,0,null,0,0,0
4018,0,null,0,0,0
4019,0,null,0,0,0
4020,19,kaon-,1,1,1
4021,0,null,0,0,0
4022,0,null,0,0,0
4023,0,null,0,0,0
4024,0,null,0,0,0
4025,0,null,0,0,0
4026,0,null,0,0,0
4027,0,null,0,0,0
4028,0,null,0,0,0
4029,0,null,0,0,0
4030,0,null,0,0,0
4031,5,pi+,1,1,1
4032,0,null,0,0,0
4033,0,null,0,0,0
4034,0,null,0,0,0
4035,0,null,0,0,0
4036,0,null,0,0,0
4037,0,null,0,0,0
4038,0,null,0,0,0
4039,0,null,0,0,0
4041,0,null,0,0,0
4042,0,null,0,0,0
4043,0,null,0,0,0
4044,0,null,0,0,0
4045,0,null,0,0,0
4046,0,null,0,0,0
4047,0,null,0,0,0
4048,0,null,0,0,0
4049,0,null,0,0,0
4050,0,null,0,0,0
4051,0,null,0,0,0
4052,0,null,0,0,0
4053,0,null,0,0,0
4054,0,null,0,0,0
4055,0,null,0,0,0
4056,0,null,0,0,0
4057,0,null,0,0,0
4058,0,null,0,0,0
4059,0,null,0,0,0
4060,0,null,0,0,0
4061,0,null,0,0,0
4062,0,null,0,0,0
4063,0,null,0,0,0
4064,0,null,0,0,0
4065,0,null,0,0,0
4066,2,secondary_proton,1,1,0
4067,1,primary_proton,1,1,1
4068,0,null,0,0,0
4069,0,null,0,0,0
4070,0,null,0,0,0
4071,0,null,0,0,0
4072,0,null,0,0,0
4073,0,null,0,0,0
4074,6,pi-,1,1,1
4075,0,null,0,0,0
4076,1,primary_proton,1,1,1
4077,0,null,0,0,0
4078,0,null,0,0,0
4079,0,null,0,0,0
4080,0,null,0,0,0
4081,0,null,0,0,0
4082,0,null,0,0,0
4083,0,null,0,0,0
4084,0,null,0,0,0
4085,0,null,0,0,0
4086,0,null,0,0,0
4087,0,null,0,0,0
4088,0,null,0,0,0
4089,0,null,0,0,0
4090,0,null,0,0,0
4091,0,null,0,0,0
4092,0,null,0,0,0
4093,0,null,0,0,0
4094,0,null,0,0,0
4095,0,null,0,0,0
4096,0,null,0,0,0
4097,0,null,0,0,0
4098,0,null,0,0,0
4099,0,null,0,0,0
4100,0,null,0,0,0
4101,0,null,0,0,0
4102,0,null,0,0,0
4103,0,null,0,0,0
4104,0,null,0,0,0
4105,0,null,0,0,0
4106,1,primary_proton,1,1,1
4107,0,null,0,0,0
4108,0,null,0,0,0
4109,0,null,0,0,0
4110,0,null,0,0,0
4111,0,null,0,0,0
4112,0,null,0,0,0
4113,0,null,0,0,0
4114,0,null,0,0,0
4115,0,null,0,0,0
4116,0,null,0,0,0
4117,0,null,0,0,0
4118,0,null,0,0,0
4119,0,null,0,0,0
4120,0,null,0,0,0
4121,0,null,0,0,0
4122,0,null,0,0,0
4123,0,null,0,0,0
4124,0,null,0,0,0
4125,0,null,0,0,0
4126,0,null,0,0,0
4127,0,null,0,0,0
4128,0,null,0,0,0
4129,0,null,0,0,0
4130,0,null,0,0,0
4131,0,null,0,0,0
4132,0,null,0,0,0
4133,11,pi-,1,1,1
4134,0,null,0,0,0
4135,0,null,0,0,0
4136,0,null,0,0,0
4137,0,null,0,0,0
4138,9,pi+,1,1,1
4139,0,null,0,0,0
4140,0,null,0,0,0
4141,0,null,0,0,0
4142,0,null,0,0,0
4143,0,null,0,0,0
4144,0,null,0,0,0
4145,0,null,0,0,0
4146,0,null,0,0,0
4147,0,null,0,0,0
4148,0,null,0,0,0
4149,7,pi-,1,1,1
4150,0,null,0,0,0
4151,0,null,0,0,0
4152,0,null,0,0,0
4153,0,null,0,0,0
4154,0,null,0,0,0
4155,0,null,0,0,0
4156,0,null,0,0,0
4157,17,pi-,1,0,1
4158,0,null,0,0,0
4159,0,null,0,0,0
4160,0,null,0,0,0
4161,0,null,0,0,0
4162,0,null,0,0,0
4163,0,null,0,0,0
4164,0,null,0,0,0
4165,0,null,0,0,0
4166,0,null,0,0,0
4167,0,null,0,0,0
4168,0,null,0,0,0
4169,0,null,0,0,0
4170,0,null,0,0,0
4171,0,null,0,0,0
4172,0,null,0,0,0
4173,0,null,0,0,0
4174,0,null,0,0,0
4175,0,null,0,0,0
4176,0,null,0,0,0
4177,0,null,0,0,0
4178,0,null,0,0,0
4179,0,null,0,0,0
4180,0,null,0,0,0
4181,0,null,0,0,0
4182,0,null,0,0,0
4183,0,null,0,0,0
4184,0,null,0,0,0
4185,0,null,0,0,0
4186,0,null,0,0,0
4187,0,null,0,0,0
4188,0,null,0,0,0
4189,0,null,0,0,0
4190,0,null,0,0,0
4191,0,null,0,0,0
4192,0,null,0,0,0
4193,0,null,0,0,0
4194,0,null,0,0,0
4195,0,null,0,0,0
4196,0,null,0,0,0
4197,0,null,0,0,0
4198,0,null,0,0,0
4199,0,null,0,0,0
4200,0,null,0,0,0
4201,0,null,0,0,0
4202,0,null,0,0,0
4203,0,null,0,0,0
4204,0,null,0,0,0
4205,0,null,0,0,0
4206,0,null,0,0,0
4207,0,null,0,0,0
4208,0,null,0,0,0
4209,0,null,0,0,0
4210,0,null,0,0,0
4211,0,null,0,0,0
4212,0,null,0,0,0
4213,0,null,0,0,0
4214,0,null,0,0,0
4215,0,null,0,0,0
4216,0,null,0,0,0
4217,0,null,0,0,0
4218,0,null,0,0,0
4219,11,pi+,1,1,1
4220,0,null,0,0,0
4221,0,null,0,0,0
4222,0,null,0,0,0
4223,0,null,0,0,0
4224,0,null,0,0,0
4225,0,null,0,0,0
4226,0,null,0,0,0
4227,0,null,0,0,0
4228,0,null,0,0,0
4229,0,null,0,0,0
4230,0,null,0,0,0
4231,0,null,0,0,0
4232,0,null,0,0,0
4233,0,null,0,0,0
4234,0,null,0,0,0
4235,0,null,0,0,0
4236,0,null,0,0,0
4237,0,null,0,0,0
4238,0,null,0,0,0
4239,0,null,0,0,0
4240,0,null,0,0,0
4241,0,null,0,0,0
4242,0,null,0,0,0
4243,0,null,0,0,0
4244,0,null,0,0,0
4245,0,null,0,0,0
4246,0,null,0,0,0
4247,1724,pi-,1,1,1
4248,0,null,0,0,0
4249,0,null,0,0,0
4250,0,null,0,0,0
4251,0,null,0,0,0
4252,0,null,0,0,0
4253,1,primary_proton,1,1,1
4254,0,null,0,0,0
4255,15,pi+,1,1,0
4256,0,null,0,0,0
4257,0,null,0,0,0
4258,0,null,0,0,0
4259,0,null,0,0,0
4260,0,null,0,0,0
4261,0,null,0,0,0
4262,1,primary_proton,1,1,1
4263,0,null,0,0,0
4265,0,null,0,0,0
4266,0,null,0,0,0
4267,0,null,0,0,0
4268,0,null,0,0,0
4269,0,null,0,0,0
4270,0,null,0,0,0
4271,0,null,0,0,0
4272,0,null,0,0,0
4273,1,primary_proton,1,1,1
4274,0,null,0,0,0
4275,0,null,0,0,0
4276,0,null,0,0,0
4277,0,null,0,0,0
4278,0,null,0,0,0
4279,42,pi+,1,1,1
4280,0,null,0,0,0
4281,0,null,0,0,0
4282,0,null,0,0,0
4283,0,null,0,0,0
4284,0,null,0,0,0
4285,0,null,0,0,0
4286,0,null,0,0,0
4287,0,null,0,0,0
4288,0,null,0,0,0
4289,0,null,0,0,0
4290,0,null,0,0,0
4291,0,null,0,0,0
4292,0,null,0,0,0
4293,0,null,0,0,0
4294,0,null,0,0,0
4295,0,null,0,0,0
4296,0,null,0,0,0
4297,1,primary_proton,1,1,1
4298,0,null,0,0,0
4299,0,null,0,0,0
4300,0,null,0,0,0
4301,0,null,0,0,0
4302,0,null,0,0,0
4303,0,null,0,0,0
4304,0,null,0,0,0
4305,0,null,0,0,0
4306,0,null,0,0,0
4307,0,null,0,0,0
4308,0,null,0,0,0
4309,1,primary_proton,1,1,1
4310,0,null,0,0,0
4311,0,null,0,0,0
4312,0,null,0,0,0
4313,0,null,0,0,0
4314,0,null,0,0,0
4315,1,primary_proton,1,1,1
4316,0,null,0,0,0
4317,0,null,0,0,0
4318,0,null,0,0,0
4319,0,null,0,0,0
4320,0,null,0,0,0
4321,0,null,0,0,0
4322,0,null,0,0,0
4323,0,null,0,0,0
4324,0,null,0,0,0
4325,0,null,0,0,0
4326,0,null,0,0,0
4327,11,pi-,1,1,1
4328,0,null,0,0,0
4329,0,null,0,0,0
4330,0,null,0,0,0
4331,0,null,0,0,0
4332,0,null,0,0,0
4333,0,null,0,0,0
4334,0,null,0,0,0
4335,0,null,0,0,0
4336,0,null,0,0,0
4337,0,null,0,0,0
4338,0,null,0,0,0
4339,0,null,0,0,0
4340,0,null,0,0,0
4341,0,null,0,0,0
4342,0,null,0,0,0
4343,0,null,0,0,0
4344,0,null,0,0,0
4345,0,null,0,0,0
4346,0,null,0,0,0
4347,0,null,0,0,0
4348,0,null,0,0,0
4349,0,null,0,0,0
4350,0,null,0,0,0
4351,0,null,0,0,0
4352,0,null,0,0,0
4353,0,null,0,0,0
4354,0,null,0,0,0
4355,0,null,0,0,0
4356,0,null,0,0,0
4357,0,null,0,0,0
4358,0,null,0,0,0
4359,0,null,0,0,0
4360,0,null,0,0,0
4361,0,null,0,0,0
4362,0,null,0,0,0
4363,1,primary_proton,1,1,1
4364,0,null,0,0,0
4365,0,null,0,0,0
4366,10,secondary_proton,1,1,1
4367,0,null,0,0,0
4368,0,null,0,0,0
4369,0,null,0,0,0
4370,419,e+,1,0,0
4371,0,null,0,0,0
4372,0,null,0,0,0
4373,0,null,0,0,0
4374,0,null,0,0,0
4375,0,null,0,0,0
4376,0,null,0,0,0
4377,0,null,0,0,0
4378,0,null,0,0,0
4379,0,null,0,0,0
4380,0,null,0,0,0
4381,0,null,0,0,0
4382,0,null,0,0,0
4383,0,null,0,0,0
4384,0,null,0,0,0
4385,0,null,0,0,0
4386,0,null,0,0,0
4387,0,null,0,0,0
4388,0,null,0,0,0
4389,1,primary_proton,1,1,1
4390,0,null,0,0,0
4391,0,null,0,0,0
4392,0,null,0,0,0
4393,0,null,0,0,0
4394,0,null,0,0,0
4395,0,null,0,0,0
4396,0,null,0,0,0
4397,0,null,0,0,0
4398,0,null,0,0,0
4399,0,null,0,0,0
4400,0,null,0,0,0
4401,0,null,0,0,0
4402,0,null,0,0,0
4403,0,null,0,0,0
4404,0,null,0,0,0
4405,0,null,0,0,0
4406,0,null,0,0,0
4407,0,null,0,0,0
4408,0,null,0,0,0
4409,0,null,0,0,0
4410,0,null,0,0,0
4411,0,null,0,0,0
4412,0,null,0,0,0
4413,0,null,0,0,0
4414,0,null,0,0,0
4415,0,null,0,0,0
4416,0,null,0,0,0
4417,0,null,0,0,0
4418,0,null,0,0,0
4419,0,null,0,0,0
4420,0,null,0,0,0
4421,10,secondary_proton,1,1,1
4422,14,pi+,1,1,1
4423,14,pi-,1,1,1
4424,0,null,0,0,0
4425,0,null,0,0,0
4426,0,null,0,0,0
4427,0,null,0,0,0
4428,0,null,0,0,0
4429,0,null,0,0,0
4430,0,null,0,0,0
4431,0,null,0,0,0
4432,0,null,0,0,0
4433,0,null,0,0,0
4434,0,null,0,0,0
4435,0,null,0,0,0
4436,0,null,0,0,0
4437,0,null,0,0,0
4438,3,secondary_proton,1,1,1
4439,0,null,0,0,0
4440,0,null,0,0,0
4441,0,null,0,0,0
4442,36,secondary_proton,1,1,1
4443,0,null,0,0,0
4444,0,null,0,0,0
4445,0,null,0,0,0
4446,0,null,0,0,0
4447,0,null,0,0,0
4448,0,null,0,0,0
4449,0,null,0,0,0
4450,0,null,0,0,0
4451,0,null,0,0,0
4452,0,null,0,0,0
4453,0,null,0,0,0
4454,0,null,0,0,0
4455,0,null,0,0,0
4456,0,null,0,0,0
4457,0,null,0,0,0
4458,0,null,0,0,0
4459,0,null,0,0,0
4460,0,null,0,0,0
4461,0,null,0,0,0
4462,0,null,0,0,0
4463,0,null,0,0,0
4464,0,null,0,0,0
4465,0,null,0,0,0
4466,0,null,0,0,0
4467,0,null,0,0,0
4468,0,null,0,0,0
4469,0,null,0,0,0
4470,0,null,0,0,0
4471,0,null,0,0,0
4472,5,kaon-,1,1,1
4473,0,null,0,0,0
4474,0,null,0,0,0
4475,0,null,0,0,0
4476,0,null,0,0,0
4477,1,primary_proton,1,1,1
4478,0,null,0,0,0
4479,0,null,0,0,0
4480,0,null,0,0,0
4481,0,null,0,0,0
4482,0,null,0,0,0
4483,0,null,0,0,0
4484,0,null,0,0,0
4486,0,null,0,0,0
4487,0,null,0,0,0
4488,0,null,0,0,0
4489,0,null,0,0,0
4490,0,null,0,0,0
4491,0,null,0,0,0
4492,0,null,0,0,0
4493,0,null,0,0,0
4494,0,null,0,0,0
4495,0,null,0,0,0
4496,0,null,0,0,0
4497,0,null,0,0,0
4498,0,null,0,0,0
4499,0,null,0,0,0
4500,0,null,0,0,0
4501,0,null,0,0,0
4502,8,pi+,1,1,1
4503,0,null,0,0,0
4504,0,null,0,0,0
4505,0,null,0,0,0
4506,0,null,0,0,0
4507,0,null,0,0,0
4508,0,null,0,0,0
4509,0,null,0,0,0
4510,0,null,0,0,0
4511,5,pi+,1,1,1
4512,0,null,0,0,0
4513,0,null,0,0,0
4514,0,null,0,0,0
4515,0,null,0,0,0
4516,0,null,0,0,0
4517,0,null,0,0,0
4518,0,null,0,0,0
4519,0,null,0,0,0
4520,0,null,0,0,0
4521,0,null,0,0,0
4522,0,null,0,0,0
4523,0,null,0,0,0
4524,0,null,0,0,0
4525,0,null,0,0,0
4526,0,null,0,0,0
4527,0,null,0,0,0
4528,0,null,0,0,0
4529,0,null,0,0,0
4530,0,null,0,0,0
4531,0,null,0,0,0
4532,0,null,0,0,0
4533,0,null,0,0,0
4534,0,null,0,0,0
4535,0,null,0,0,0
4536,0,null,0,0,0
4537,0,null,0,0,0
4538,0,null,0,0,0
4539,0,null,0,0,0
4540,1,primary_proton,1,1,1
4541,0,null,0,0,0
4542,0,null,0,0,0
4543,0,null,0,0,0
4544,0,null,0,0,0
4545,0,null,0,0,0
4546,0,null,0,0,0
4547,0,null,0,0,0
4548,0,null,0,0,0
4549,0,null,0,0,0
4550,0,null,0,0,0
4551,0,null,0,0,0
4552,8,secondary_proton,1,1,1
4553,0,null,0,0,0
4554,0,null,0,0,0
4555,0,null,0,0,0
4556,0,null,0,0,0
4557,0,null,0,0,0
4558,0,null,0,0,0
4559,0,null,0,0,0
4560,0,null,0,0,0
4561,0,null,0,0,0
4562,0,null,0,0,0
4563,0,null,0,0,0
4564,0,null,0,0,0
4565,0,null,0,0,0
4566,0,null,0,0,0
4567,0,null,0,0,0
4568,0,null,0,0,0
4569,0,null,0,0,0
4570,0,null,0,0,0
4571,0,null,0,0,0
4572,0,null,0,0,0
4573,0,null,0,0,0
4574,0,null,0,0,0
4575,0,null,0,0,0
4576,0,null,0,0,0
4577,0,null,0,0,0
4578,0,null,0,0,0
4579,0,null,0,0,0
4580,0,null,0,0,0
4581,0,null,0,0,0
4582,5,secondary_proton,1,1,1
4583,0,null,0,0,0
4584,0,null,0,0,0
4585,0,null,0,0,0
4586,0,null,0,0,0
4587,0,null,0,0,0
4588,0,null,0,0,0
4589,0,null,0,0,0
4590,0,null,0,0,0
4591,0,null,0,0,0
4592,0,null,0,0,0
4593,0,null,0,0,0
4594,0,null,0,0,0
4595,0,null,0,0,0
4596,0,null,0,0,0
4597,0,null,0,0,0
4598,0,null,0,0,0
4599,0,null,0,0,0
4600,0,null,0,0,0
4601,0,null,0,0,0
4602,0,null,0,0,0
4603,1,primary_proton,1,1,1
4604,0,null,0,0,0
4605,0,null,0,0,0
4606,0,null,0,0,0
4607,0,null,0,0,0
4608,0,null,0,0,0
4609,0,null,0,0,0
4610,1,primary_proton,1,1,1
4611,4,secondary_proton,1,1,1
4612,0,null,0,0,0
4613,0,null,0,0,0
4614,0,null,0,0,0
4615,0,null,0,0,0
4616,0,null,0,0,0
4617,0,null,0,0,0
4618,0,null,0,0,0
4619,108,secondary_proton,1,1,1
4620,0,null,0,0,0
4621,0,null,0,0,0
4622,0,null,0,0,0
4623,0,null,0,0,0
4624,0,null,0,0,0
4625,0,null,0,0,0
4626,0,null,0,0,0
4627,0,null,0,0,0
4628,0,null,0,0,0
4629,0,null,0,0,0
4630,0,null,0,0,0
4631,0,null,0,0,0
4632,0,null,0,0,0
4633,2794,pi+,1,1,0
4634,0,null,0,0,0
4635,0,null,0,0,0
4636,0,null,0,0,0
4637,1,primary_proton,1,1,1
4638,0,null,0,0,0
4639,0,null,0,0,0
4640,0,null,0,0,0
4641,0,null,0,0,0
4642,0,null,0,0,0
4643,0,null,0,0,0
4644,0,null,0,0,0
4645,0,null,0,0,0
4646,13,secondary_proton,1,1,1
4647,0,null,0,0,0
4648,0,null,0,0,0
4649,0,null,0,0,0
4650,19,pi-,1,1,1
4651,0,null,0,0,0
4652,0,null,0,0,0
4653,0,null,0,0,0
4654,0,null,0,0,0
4655,0,null,0,0,0
4656,0,null,0,0,0
4657,0,null,0,0,0
4658,0,null,0,0,0
4659,0,null,0,0,0
4660,0,null,0,0,0
4661,0,null,0,0,0
4662,0,null,0,0,0
4663,0,null,0,0,0
4664,0,null,0,0,0
4665,0,null,0,0,0
4666,0,null,0,0,0
4667,13,pi+,1,1,1
4668,0,null,0,0,0
4669,0,null,0,0,0
4670,0,null,0,0,0
4671,0,null,0,0,0
4672,0,null,0,0,0
4673,0,null,0,0,0
4674,0,null,0,0,0
4675,0,null,0,0,0
4676,0,null,0,0,0
4677,0,null,0,0,0
4678,5,pi+,1,1,0
4679,0,null,0,0,0
4680,0,null,0,0,0
4681,0,null,0,0,0
4682,0,null,0,0,0
4683,0,null,0,0,0
4684,0,null,0,0,0
4685,0,null,0,0,0
4686,0,null,0,0,0
4687,0,null,0,0,0
4688,0,null,0,0,0
4689,0,null,0,0,0
4690,0,null,0,0,0
4691,0,null,0,0,0
4692,1,primary_proton,1,1,1
4693,0,null,0,0,0
4694,0,null,0,0,0
4695,0,null,0,0,0
4696,0,null,0,0,0
4697,0,null,0,0,0
4698,0,null,0,0,0
4699,0,null,0,0,0
4700,0,null,0,0,0
4701,1,primary_proton,1,1,1
4702,0,null,0,0,0
4703,0,null,0,0,0
4704,0,null,0,0,0
4705,0,null,0,0,0
4707,0,null,0,0,0
4708,0,null,0,0,0
4709,0,null,0,0,0
4710,0,null,0,0,0
4711,0,null,0,0,0
4712,0,null,0,0,0
4713,0,null,0,0,0
4714,0,null,0,0,0
4715,0,null,0,0,0
4716,0,null,0,0,0
4717,0,null,0,0,0
4718,0,null,0,0,0
4719,0,null,0,0,0
4720,0,null,0,0,0
4721,0,null,0,0,0
4722,0,null,0,0,0
4723,0,null,0,0,0
4724,0,null,0,0,0
4725,0,null,0,0,0
4726,0,null,0,0,0
4727,0,null,0,0,0
4728,0,null,0,0,0
4729,11,kaon+,1,1,1
4730,0,null,0,0,0
4731,0,null,0,0,0
4732,0,null,0,0,0
4733,0,null,0,0,0
4734,0,null,0,0,0
4735,0,null,0,0,0
4736,0,null,0,0,0
4737,0,null,0,0,0
4738,0,null,0,0,0
4739,0,null,0,0,0
4740,0,null,0,0,0
4741,0,null,0,0,0
4742,0,null,0,0,0
4743,0,null,0,0,0
4744,0,null,0,0,0
4745,0,null,0,0,0
4746,0,null,0,0,0
4747,0,null,0,0,0
4748,0,null,0,0,0
4749,0,null,0,0,0
4750,0,null,0,0,0
4751,0,null,0,0,0
4752,0,null,0,0,0
4753,0,null,0,0,0
4754,0,null,0,0,0
4755,0,null,0,0,0
4756,0,null,0,0,0
4757,0,null,0,0,0
4758,0,null,0,0,0
4759,1,primary_proton,1,1,1
4760,0,null,0,0,0
4761,0,null,0,0,0
4762,0,null,0,0,0
4763,0,null,0,0,0
4764,15,pi-,1,1,1
4765,0,null,0,0,0
4766,0,null,0,0,0
4767,0,null,0,0,0
4768,0,null,0,0,0
4769,0,null,0,0,0
4770,0,null,0,0,0
4771,0,null,0,0,0
4772,0,null,0,0,0
4773,0,null,0,0,0
4774,2,secondary_proton,1,1,1
4775,0,null,0,0,0
4776,0,null,0,0,0
4777,1,primary_proton,1,1,1
4778,0,null,0,0,0
4779,0,null,0,0,0
4780,0,null,0,0,0
4781,0,null,0,0,0
4782,0,null,0,0,0
4783,0,null,0,0,0
4784,0,null,0,0,0
4785,0,null,0,0,0
4786,0,null,0,0,0
4787,0,null,0,0,0
4788,0,null,0,0,0
4789,0,null,0,0,0
4790,0,null,0,0,0
4791,0,null,0,0,0
4792,0,null,0,0,0
4793,0,null,0,0,0
4794,0,null,0,0,0
4795,0,null,0,0,0
4796,0,null,0,0,0
4797,0,null,0,0,0
4798,0,null,0,0,0
4799,1,primary_proton,1,1,1
4800,0,null,0,0,0
4801,149,secondary_proton,1,1,1
4802,0,null,0,0,0
4803,0,null,0,0,0
4804,0,null,0,0,0
4805,172,secondary_proton,1,1,1
4806,0,null,0,0,0
4807,0,null,0,0,0
4808,0,null,0,0,0
4809,0,null,0,0,0
4810,0,null,0,0,0
4811,0,null,0,0,0
4812,0,null,0,0,0
4813,0,null,0,0,0
4814,0,null,0,0,0
4815,0,null,0,0,0
4816,0,null,0,0,0
4817,0,null,0,0,0
4818,0,null,0,0,0
4819,0,null,0,0,0
4820,0,null,0,0,0
4821,0,null,0,0,0
4822,0,null,0,0,0
4823,0,null,0,0,0
4824,0,null,0,0,0
4825,382,e-,1,1,1
4826,0,null,0,0,0
4827,0,null,0,0,0
4828,0,null,0,0,0
4829,0,null,0,0,0
4830,0,null,0,0,0
4831,0,null,0,0,0
4832,0,null,0,0,0
4833,0,null,0,0,0
4834,0,null,0,0,0
4835,0,null,0,0,0
4836,0,null,0,0,0
4837,0,null,0,0,0
4838,0,null,0,0,0
4839,0,null,0,0,0
4840,0,null,0,0,0
4841,0,null,0,0,0
4842,0,null,0,0,0
4843,14,pi-,1,1,1
4844,1,primary_proton,1,1,1
4845,18,pi+,1,1,1
4846,0,null,0,0,0
4847,0,null,0,0,0
4848,0,null,0,0,0
4849,0,null,0,0,0
4850,0,null,0,0,0
4851,0,null,0,0,0
4852,0,null,0,0,0
4853,0,null,0,0,0
4854,0,null,0,0,0
4855,0,null,0,0,0
4856,0,null,0,0,0
4857,0,null,0,0,0
4858,3,secondary_proton,1,1,0
4859,0,null,0,0,0
4860,0,null,0,0,0
4861,0,null,0,0,0
4862,0,null,0,0,0
4863,0,null,0,0,0
4864,0,null,0,0,0
4865,0,null,0,0,0
4866,0,null,0,0,0
4867,0,null,0,0,0
4868,0,null,0,0,0
4869,0,null,0,0,0
4870,0,null,0,0,0
4871,0,null,0,0,0
4872,0,null,0,0,0
4873,0,null,0,0,0
4874,0,null,0,0,0
4875,0,null,0,0,0
4876,0,null,0,0,0
4877,0,null,0,0,0
4878,0,null,0,0,0
4879,0,null,0,0,0
4880,0,null,0,0,0
4881,0,null,0,0,0
4882,1,primary_proton,1,1,1
4883,0,null,0,0,0
4884,0,null,0,0,0
4885,12,pi-,1,1,1
4886,0,null,0,0,0
4887,0,null,0,0,0
4888,1,primary_proton,1,1,1
4889,0,null,0,0,0
4890,0,null,0,0,0
4891,0,null,0,0,0
4892,0,null,0,0,0
4893,0,null,0,0,0
4894,0,null,0,0,0
4895,712,secondary_proton,1,0,0
4896,0,null,0,0,0
4897,0,null,0,0,0
4898,0,null,0,0,0
4899,0,null,0,0,0
4900,0,null,0,0,0
4901,0,null,0,0,0
4902,0,null,0,0,0
4903,0,null,0,0,0
4904,0,null,0,0,0
4905,0,null,0,0,0
4906,0,null,0,0,0
4907,0,null,0,0,0
4908,0,null,0,0,0
4909,0,null,0,0,0
4910,0,null,0,0,0
4911,0,null,0,0,0
4912,0,null,0,0,0
4913,0,null,0,0,0
4914,0,null,0,0,0
4915,0,null,0,0,0
4916,0,null,0,0,0
4917,0,null,0,0,0
4918,0,null,0,0,0
4919,0,null,0,0,0
4920,0,null,0,0,0
4921,0,null,0,0,0
4922,0,null,0,0,0
4923,0,null,0,0,0
4924,0,null,0,0,0
4925,0,null,0,0,0
4927,0,null,0,0,0
4928,0,null,0,0,0
4929,0,null,0,0,0
4930,0,null,0,0,0
4931,6873,e-,1,0,0
4932,0,null,0,0,0
4933,0,null,0,0,0
4934,0,null,0,0,0
4935,1,primary_proton,1,1,1
4936,0,null,0,0,0
4937,0,null,0,0,0
4938,0,null,0,0,0
4939,0,null,0,0,0
4940,0,null,0,0,0
4941,0,null,0,0,0
4942,0,null,0,0,0
4943,0,null,0,0,0
4944,0,null,0,0,0
4945,0,null,0,0,0
4946,0,null,0,0,0
4947,9,secondary_proton,1,1,1
4948,0,null,0,0,0
4949,0,null,0,0,0
4950,0,null,0,0,0
4951,0,null,0,0,0
4952,0,null,0,0,0
4953,0,null,0,0,0
4954,0,null,0,0,0
4955,0,null,0,0,0
4956,0,null,0,0,0
4957,16,pi-,1,1,1
4958,0,null,0,0,0
4959,0,null,0,0,0
4960,0,null,0,0,0
4961,0,null,0,0,0
4962,0,null,0,0,0
4963,0,null,0,0,0
4964,0,null,0,0,0
4965,0,null,0,0,0
4966,0,null,0,0,0
4967,0,null,0,0,0
4968,0,null,0,0,0
4969,0,null,0,0,0
4970,0,null,0,0,0
4971,0,null,0,0,0
4972,0,null,0,0,0
4973,0,null,0,0,0
4974,0,null,0,0,0
4975,0,null,0,0,0
4976,0,null,0,0,0
4977,0,null,0,0,0
4978,0,null,0,0,0
4979,0,null,0,0,0
4980,0,null,0,0,0
4981,0,null,0,0,0
4982,0,null,0,0,0
4983,1,primary_proton,1,1,1
4984,0,null,0,0,0
4985,0,null,0,0,0
4986,0,null,0,0,0
4987,0,null,0,0,0
4988,0,null,0,0,0
4989,0,null,0,0,0
4990,0,null,0,0,0
4991,0,null,0,0,0
4992,0,null,0,0,0
4993,0,null,0,0,0
4994,0,null,0,0,0
4995,21,pi+,1,1,1
4996,0,null,0,0,0
4997,0,null,0,0,0
4998,0,null,0,0,0
4999,0,null,0,0,0
1,2,secondary_proton,1,1,1
2,0,null,0,0,0
3,0,null,0,0,0
4,0,null,0,0,0
5,0,null,0,0,0
6,1,primary_proton,1,1,1
7,0,null,0,0,0
8,0,null,0,0,0
9,0,null,0,0,0
10,0,null,0,0,0
11,0,null,0,0,0
12,1662,e-,1,1,1
13,0,null,0,0,0
14,1,primary_proton,1,1,1
15,0,null,0,0,0
16,0,null,0,0,0
17,0,null,0,0,0
18,0,null,0,0,0
19,0,null,0,0,0
20,1,primary_proton,1,1,1
21,0,null,0,0,0
22,0,null,0,0,0
23,0,null,0,0,0
24,0,null,0,0,0
25,0,null,0,0,0
26,0,null,0,0,0
27,0,null,0,0,0
28,0,null,0,0,0
29,0,null,0,0,0
30,0,null,0,0,0
31,0,null,0,0,0
32,0,null,0,0,0
33,0,null,0,0,0
34,0,null,0,0,0
35,0,null,0,0,0
36,0,null,0,0,0
37,0,null,0,0,0
38,0,null,0,0,0
39,0,null,0,0,0
40,0,null,0,0,0
41,0,null,0,0,0
42,0,null,0,0,0
43,0,null,0,0,0
44,0,null,0,0,0
45,0,null,0,0,0
46,0,null,0,0,0
47,0,null,0,0,0
48,0,null,0,0,0
49,0,null,0,0,0
50,0,null,0,0,0
51,0,null,0,0,0
52,0,null,0,0,0
53,0,null,0,0,0
54,0,null,0,0,0
55,0,null,0,0,0
56,0,null,0,0,0
57,0,null,0,0,0
58,0,null,0,0,0
59,13,secondary_proton,1,1,1
60,0,null,0,0,0
61,0,null,0,0,0
62,4,secondary_proton,1,1,0
63,0,null,0,0,0
64,1,primary_proton,1,1,1
65,0,null,0,0,0
66,0,null,0,0,0
67,0,null,0,0,0
68,0,null,0,0,0
69,0,null,0,0,0
70,0,null,0,0,0
71,0,null,0,0,0
72,0,null,0,0,0
73,0,null,0,0,0
74,0,null,0,0,0
75,0,null,0,0,0
76,0,null,0,0,0
77,0,null,0,0,0
78,1,primary_proton,1,1,1
79,0,null,0,0,0
80,0,null,0,0,0
81,357,pi+,1,1,1
82,0,null,0,0,0
83,0,null,0,0,0
84,0,null,0,0,0
85,0,null,0,0,0
86,0,null,0,0,0
87,0,null,0,0,0
88,0,null,0,0,0
89,0,null,0,0,0
90,0,null,0,0,0
91,0,null,0,0,0
92,0,null,0,0,0
93,0,null,0,0,0
94,0,null,0,0,0
95,0,null,0,0,0
96,0,null,0,0,0
97,0,null,0,0,0
98,0,null,0,0,0
99,0,null,0,0,0
100,0,null,0,0,0
101,0,null,0,0,0
102,0,null,0,0,0
103,0,null,0,0,0
104,0,null,0,0,0
105,0,null,0,0,0
106,0,null,0,0,0
107,13,pi-,1,1,1
108,0,null,0,0,0
109,0,null,0,0,0
110,0,null,0,0,0
111,5,secondary_proton,1,0,0
112,0,null,0,0,0
113,0,null,0,0,0
114,0,null,0,0,0
115,0,null,0,0,0
116,0,null,0,0,0
117,0,null,0,0,0
118,0,null,0,0,0
119,0,null,0,0,0
120,0,null,0,0,0
121,0,null,0,0,0
122,0,null,0,0,0
123,0,null,0,0,0
124,0,null,0,0,0
125,0,null,0,0,0
126,0,null,0,0,0
127,0,null,0,0,0
128,0,null,0,0,0
129,0,null,0,0,0
130,0,null,0,0,0
131,0,null,0,0,0
132,0,null,0,0,0
133,0,null,0,0,0
134,0,null,0,0,0
135,0,null,0,0,0
136,0,null,0,0,0
137,0,null,0,0,0
138,0,null,0,0,0
139,1,primary_proton,1,1,1
140,1,primary_proton,1,1,1
141,0,null,0,0,0
142,0,null,0,0,0
143,3,secondary_proton,1,1,1
144,0,null,0,0,0
145,1,primary_proton,1,1,1
146,0,null,0,0,0
147,0,null,0,0,0
148,3637,pi-,1,0,0
149,0,null,0,0,0
150,0,null,0,0,0
151,0,null,0,0,0
152,0,null,0,0,0
153,0,null,0,0,0
154,0,null,0,0,0
155,0,null,0,0,0
156,0,null,0,0,0
157,0,null,0,0,0
158,0,null,0,0,0
159,0,null,0,0,0
160,0,null,0,0,0
161,0,null,0,0,0
162,14,secondary_proton,1,1,1
163,0,null,0,0,0
164,0,null,0,0,0
165,0,null,0,0,0
166,0,null,0,0,0
167,0,null,0,0,0
168,0,null,0,0,0
169,0,null,0,0,0
170,1,primary_proton,1,1,1
171,0,null,0,0,0
172,0,null,0,0,0
173,0,null,0,0,0
174,0,null,0,0,0
175,0,null,0,0,0
176,0,null,0,0,0
177,0,null,0,0,0
178,0,null,0,0,0
179,6,secondary_proton,1,1,0
180,0,null,0,0,0
181,1,primary_proton,1,1,1
182,0,null,0,0,0
183,0,null,0,0,0
184,0,null,0,0,0
185,0,null,0,0,0
186,0,null,0,0,0
187,0,null,0,0,0
188,0,null,0,0,0
189,0,null,0,0,0
190,0,null,0,0,0
191,0,null,0,0,0
192,0,null,0,0,0
193,0,null,0,0,0
194,0,null,0,0,0
195,0,null,0,0,0
196,0,null,0,0,0
197,0,null,0,0,0
198,0,null,0,0,0
199,0,null,0,0,0
200,0,null,0,0,0
201,0,null,0,0,0
202,0,null,0,0,0
203,14,pi-,1,1,1
204,0,null,0,0,0
205,0,null,0,0,0
206,0,null,0,0,0
207,0,null,0,0,0
208,7,secondary_proton,1,1,0
209,9,pi+,1,1,1
210,0,null,0,0,0
211,0,null,0,0,0
212,0,null,0,0,0
213,0,null,0,0,0
214,0,null,0,0,0
215,0,null,0,0,0
216,0,null,0,0,0
217,0,null,0,0,0
218,0,null,0,0,0
219,0,null,0,0,0
220,0,null,0,0,0
221,0,null,0,0,0
222,0,null,0,0,0
223,0,null,0,0,0
224,0,null,0,0,0
225,0,null,0,0,0
226,0,null,0,0,0
227,0,null,0,0,0
228,0,null,0,0,0
229,0,null,0,0,0
230,0,null,0,0,0
231,0,null,0,0,0
232,0,null,0,0,0
233,1281,e-,1,0,0
234,0,null,0,0,0
236,0,null,0,0,0
237,0,null,0,0,0
238,0,null,0,0,0
239,0,null,0,0,0
240,0,null,0,0,0
241,0,null,0,0,0
242,0,null,0,0,0
243,0,null,0,0,0
244,0,null,0,0,0
245,0,null,0,0,0
246,0,null,0,0,0
247,5285,e-,0,1,0
248,0,null,0,0,0
249,0,null,0,0,0
250,0,null,0,0,0
251,0,null,0,0,0
252,0,null,0,0,0
253,0,null,0,0,0
254,8,secondary_proton,1,1,1
255,0,null,0,0,0
256,0,null,0,0,0
257,0,null,0,0,0
258,0,null,0,0,0
259,0,null,0,0,0
260,0,null,0,0,0
261,0,null,0,0,0
262,0,null,0,0,0
263,0,null,0,0,0
264,0,null,0,0,0
265,0,null,0,0,0
266,0,null,0,0,0
267,0,null,0,0,0
268,0,null,0,0,0
269,0,null,0,0,0
270,0,null,0,0,0
271,0,null,0,0,0
272,0,null,0,0,0
273,1,primary_proton,1,1,1
274,4,pi-,1,1,1
275,0,null,0,0,0
276,0,null,0,0,0
277,0,null,0,0,0
278,0,null,0,0,0
279,0,null,0,0,0
280,0,null,0,0,0
281,0,null,0,0,0
282,0,null,0,0,0
283,0,null,0,0,0
284,0,null,0,0,0
285,0,null,0,0,0
286,0,null,0,0,0
287,0,null,0,0,0
288,0,null,0,0,0
289,0,null,0,0,0
290,1,primary_proton,1,1,1
291,0,null,0,0,0
292,0,null,0,0,0
293,0,null,0,0,0
294,0,null,0,0,0
295,0,null,0,0,0
296,0,null,0,0,0
297,0,null,0,0,0
298,0,null,0,0,0
299,0,null,0,0,0
300,0,null,0,0,0
301,0,null,0,0,0
302,0,null,0,0,0
303,0,null,0,0,0
304,0,null,0,0,0
305,0,null,0,0,0
306,8,pi-,1,1,1
307,0,null,0,0,0
308,0,null,0,0,0
309,0,null,0,0,0
310,15,secondary_proton,1,1,1
311,0,null,0,0,0
312,0,null,0,0,0
313,0,null,0,0,0
314,7,secondary_proton,1,1,1
315,0,null,0,0,0
316,0,null,0,0,0
317,0,null,0,0,0
318,0,null,0,0,0
319,0,null,0,0,0
320,0,null,0,0,0
321,0,null,0,0,0
322,0,null,0,0,0
323,0,null,0,0,0
324,0,null,0,0,0
325,0,null,0,0,0
326,0,null,0,0,0
327,0,null,0,0,0
328,0,null,0,0,0
329,0,null,0,0,0
330,0,null,0,0,0
331,0,null,0,0,0
332,0,null,0,0,0
333,0,null,0,0,0
334,0,null,0,0,0
335,0,null,0,0,0
336,22,pi-,1,0,0
337,0,null,0,0,0
338,0,null,0,0,0
339,0,null,0,0,0
340,0,null,0,0,0
341,0,null,0,0,0
342,0,null,0,0,0
343,4,pi+,1,1,1
344,0,null,0,0,0
345,1505,pi-,1,1,0
346,0,null,0,0,0
347,0,null,0,0,0
348,1,primary_proton,1,1,1
349,0,null,0,0,0
350,0,null,0,0,0
351,0,null,0,0,0
352,0,null,0,0,0
353,0,null,0,0,0
354,0,null,0,0,0
355,0,null,0,0,0
356,0,null,0,0,0
357,0,null,0,0,0
358,0,null,0,0,0
359,8,pi-,1,1,1
360,0,null,0,0,0
361,0,null,0,0,0
362,1,primary_proton,1,1,1
363,0,null,0,0,0
364,0,null,0,0,0
365,0,null,0,0,0
366,0,null,0,0,0
367,0,null,0,0,0
368,0,null,0,0,0
369,0,null,0,0,0
370,0,null,0,0,0
371,0,null,0,0,0
372,0,null,0,0,0
373,0,null,0,0,0
374,0,null,0,0,0
375,0,null,0,0,0
376,0,null,0,0,0
377,0,null,0,0,0
378,0,null,0,0,0
379,0,null,0,0,0
380,0,null,0,0,0
381,0,null,0,0,0
382,0,null,0,0,0
383,0,null,0,0,0
384,1,primary_proton,1,1,1
385,0,null,0,0,0
386,0,null,0,0,0
387,0,null,0,0,0
388,0,null,0,0,0
389,0,null,0,0,0
390,0,null,0,0,0
391,0,null,0,0,0
392,9,pi-,1,1,1
393,0,null,0,0,0
394,0,null,0,0,0
395,8,pi+,1,1,1
396,0,null,0,0,0
397,21,pi-,1,1,1
398,0,null,0,0,0
399,0,null,0,0,0
400,1,primary_proton,1,1,1
401,0,null,0,0,0
402,0,null,0,0,0
403,0,null,0,0,0
404,0,null,0,0,0
405,0,null,0,0,0
406,0,null,0,0,0
407,0,null,0,0,0
408,4,pi-,1,1,1
409,0,null,0,0,0
410,4,secondary_proton,1,1,1
411,0,null,0,0,0
412,0,null,0,0,0
413,0,null,0,0,0
414,0,null,0,0,0
415,7,secondary_proton,1,1,1
416,0,null,0,0,0
417,0,null,0,0,0
418,4459,secondary_proton,1,0,0
419,0,null,0,0,0
420,0,null,0,0,0
421,0,null,0,0,0
422,0,null,0,0,0
423,0,null,0,0,0
424,10,pi+,1,0,0
425,0,null,0,0,0
426,0,null,0,0,0
427,0,null,0,0,0
428,1,primary_proton,1,1,1
429,1,primary_proton,1,1,1
430,0,null,0,0,0
431,0,null,0,0,0
432,0,null,0,0,0
433,0,null,0,0,0
434,0,null,0,0,0
435,0,null,0,0,0
436,0,null,0,0,0
437,0,null,0,0,0
438,3,secondary_proton,1,1,1
439,0,null,0,0,0
440,0,null,0,0,0
441,0,null,0,0,0
442,0,null,0,0,0
443,0,null,0,0,0
444,0,null,0,0,0
445,0,null,0,0,0
446,0,null,0,0,0
447,0,null,0,0,0
448,0,null,0,0,0
449,0,null,0,0,0
450,0,null,0,0,0
451,0,null,0,0,0
452,0,null,0,0,0
453,0,null,0,0,0
454,1,primary_proton,1,1,1
455,0,null,0,0,0
456,0,null,0,0,0
457,0,null,0,0,0
458,0,null,0,0,0
459,0,null,0,0,0
460,1,primary_proton,1,1,1
461,0,null,0,0,0
462,6,secondary_proton,1,1,1
463,0,null,0,0,0
465,0,null,0,0,0
466,10,pi+,1,1,1
467,0,null,0,0,0
468,0,null,0,0,0
469,0,null,0,0,0
470,0,null,0,0,0
471,0,null,0,0,0
472,0,null,0,0,0
473,0,null,0,0,0
474,10,pi+,1,1,1
475,0,null,0,0,0
476,0,null,0,0,0
477,13,pi-,1,1,1
478,270,secondary_proton,1,1,1
479,0,null,0,0,0
480,0,null,0,0,0
481,0,null,0,0,0
482,0,null,0,0,0
483,0,null,0,0,0
484,0,null,0,0,0
485,0,null,0,0,0
486,0,null,0,0,0
487,0,null,0,0,0
488,0,null,0,0,0
489,0,null,0,0,0
490,0,null,0,0,0
491,0,null,0,0,0
492,0,null,0,0,0
493,0,null,0,0,0
494,0,null,0,0,0
495,0,null,0,0,0
496,0,null,0,0,0
497,0,null,0,0,0
498,0,null,0,0,0
499,0,null,0,0,0
500,0,null,0,0,0
501,0,null,0,0,0
502,0,null,0,0,0
503,0,null,0,0,0
504,0,null,0,0,0
505,0,null,0,0,0
506,0,null,0,0,0
507,0,null,0,0,0
508,0,null,0,0,0
509,0,null,0,0,0
510,0,null,0,0,0
511,0,null,0,0,0
512,0,null,0,0,0
513,0,null,0,0,0
514,0,null,0,0,0
515,0,null,0,0,0
516,0,null,0,0,0
517,0,null,0,0,0
518,0,null,0,0,0
519,0,null,0,0,0
520,0,null,0,0,0
521,0,null,0,0,0
522,0,null,0,0,0
523,0,null,0,0,0
524,1374,secondary_proton,1,1,1
525,0,null,0,0,0
526,0,null,0,0,0
527,0,null,0,0,0
528,0,null,0,0,0
529,0,null,0,0,0
530,0,null,0,0,0
531,0,null,0,0,0
532,0,null,0,0,0
533,0,null,0,0,0
534,0,null,0,0,0
535,0,null,0,0,0
536,0,null,0,0,0
537,0,null,0,0,0
538,0,null,0,0,0
539,0,null,0,0,0
540,0,null,0,0,0
541,0,null,0,0,0
542,0,null,0,0,0
543,0,null,0,0,0
544,0,null,0,0,0
545,0,null,0,0,0
546,0,null,0,0,0
547,0,null,0,0,0
548,0,null,0,0,0
549,0,null,0,0,0
550,0,null,0,0,0
551,0,null,0,0,0
552,0,null,0,0,0
553,0,null,0,0,0
554,0,null,0,0,0
555,0,null,0,0,0
556,0,null,0,0,0
557,0,null,0,0,0
558,0,null,0,0,0
559,0,null,0,0,0
560,0,null,0,0,0
561,0,null,0,0,0
562,9,pi+,1,1,1
563,0,null,0,0,0
564,0,null,0,0,0
565,0,null,0,0,0
566,0,null,0,0,0
567,0,null,0,0,0
568,0,null,0,0,0
569,0,null,0,0,0
570,0,null,0,0,0
571,0,null,0,0,0
572,0,null,0,0,0
573,0,null,0,0,0
574,0,null,0,0,0
575,0,null,0,0,0
576,2838,e-,1,0,0
577,0,null,0,0,0
578,0,null,0,0,0
579,0,null,0,0,0
580,9,pi-,1,1,1
581,0,null,0,0,0
582,0,null,0,0,0
583,0,null,0,0,0
584,0,null,0,0,0
585,0,null,0,0,0
586,0,null,0,0,0
587,0,null,0,0,0
588,0,null,0,0,0
589,0,null,0,0,0
590,0,null,0,0,0
591,0,null,0,0,0
592,0,null,0,0,0
593,0,null,0,0,0
594,0,null,0,0,0
595,0,null,0,0,0
596,0,null,0,0,0
597,0,null,0,0,0
598,0,null,0,0,0
599,0,null,0,0,0
600,0,null,0,0,0
601,0,null,0,0,0
602,0,null,0,0,0
603,0,null,0,0,0
604,0,null,0,0,0
605,0,null,0,0,0
606,0,null,0,0,0
607,0,null,0,0,0
608,0,null,0,0,0
609,0,null,0,0,0
610,0,null,0,0,0
611,0,null,0,0,0
612,0,null,0,0,0
613,8,pi-,1,1,1
614,0,null,0,0,0
615,0,null,0,0,0
616,0,null,0,0,0
617,0,null,0,0,0
618,0,null,0,0,0
619,0,null,0,0,0
620,1,primary_proton,1,1,1
621,1,primary_proton,1,1,1
622,0,null,0,0,0
623,0,null,0,0,0
624,0,null,0,0,0
625,0,null,0,0,0
626,0,null,0,0,0
627,0,null,0,0,0
628,0,null,0,0,0
629,0,null,0,0,0
630,0,null,0,0,0
631,0,null,0,0,0
632,0,null,0,0,0
633,0,null,0,0,0
634,0,null,0,0,0
635,16,pi+,1,1,1
636,0,null,0,0,0
637,0,null,0,0,0
638,0,null,0,0,0
639,0,null,0,0,0
640,0,null,0,0,0
641,0,null,0,0,0
642,0,null,0,0,0
643,0,null,0,0,0
644,0,null,0,0,0
645,0,null,0,0,0
646,0,null,0,0,0
647,0,null,0,0,0
648,0,null,0,0,0
649,1,primary_proton,1,1,1
650,0,null,0,0,0
651,0,null,0,0,0
652,0,null,0,0,0
653,0,null,0,0,0
654,0,null,0,0,0
655,0,null,0,0,0
656,0,null,0,0,0
657,0,null,0,0,0
658,0,null,0,0,0
659,0,null,0,0,0
660,0,null,0,0,0
661,0,null,0,0,0
662,0,null,0,0,0
663,0,null,0,0,0
664,0,null,0,0,0
665,1,primary_proton,1,1,1
666,0,null,0,0,0
667,1,primary_proton,1,1,1
668,0,null,0,0,0
669,0,null,0,0,0
670,0,null,0,0,0
671,0,null,0,0,0
672,0,null,0,0,0
673,0,null,0,0,0
674,0,null,0,0,0
675,0,null,0,0,0
676,0,null,0,0,0
677,0,null,0,0,0
678,0,null,0,0,0
679,0,null,0,0,0
680,0,null,0,0,0
681,0,null,0,0,0
682,0,null,0,0,0
683,0,null,0,0,0
684,0,null,0,0,0
685,0,null,0,0,0
686,0,null,0,0,0
687,0,null,0,0,0
688,0,null,0,0,0
689,0,null,0,0,0
690,0,null,0,0,0
691,0,null,0,0,0
692,0,null,0,0,0
693,0,null,0,0,0
694,0,null,0,0,0
695,0,null,0,0,0
696,0,null,0,0,0
697,0,null,0,0,0
698,0,null,0,0,0
699,0,null,0,0,0
700,0,null,0,0,0
702,0,null,0,0,0
703,0,null,0,0,0
704,0,null,0,0,0
705,0,null,0,0,0
706,0,null,0,0,0
707,0,null,0,0,0
708,0,null,0,0,0
709,0,null,0,0,0
710,0,null,0,0,0
711,0,null,0,0,0
712,0,null,0,0,0
713,0,null,0,0,0
714,0,null,0,0,0
715,0,null,0,0,0
716,1780,e-,1,1,1
717,0,null,0,0,0
718,0,null,0,0,0
719,0,null,0,0,0
720,0,null,0,0,0
721,0,null,0,0,0
722,0,null,0,0,0
723,0,null,0,0,0
724,0,null,0,0,0
725,0,null,0,0,0
726,0,null,0,0,0
727,0,null,0,0,0
728,0,null,0,0,0
729,0,null,0,0,0
730,0,null,0,0,0
731,0,null,0,0,0
732,0,null,0,0,0
733,0,null,0,0,0
734,0,null,0,0,0
735,0,null,0,0,0
736,0,null,0,0,0
737,0,null,0,0,0
738,0,null,0,0,0
739,0,null,0,0,0
740,0,null,0,0,0
741,0,null,0,0,0
742,0,null,0,0,0
743,0,null,0,0,0
744,0,null,0,0,0
745,0,null,0,0,0
746,0,null,0,0,0
747,0,null,0,0,0
748,0,null,0,0,0
749,0,null,0,0,0
750,0,null,0,0,0
751,0,null,0,0,0
752,0,null,0,0,0
753,0,null,0,0,0
754,0,null,0,0,0
755,0,null,0,0,0
756,0,null,0,0,0
757,0,null,0,0,0
758,0,null,0,0,0
759,0,null,0,0,0
760,0,null,0,0,0
761,0,null,0,0,0
762,0,null,0,0,0
763,0,null,0,0,0
764,0,null,0,0,0
765,0,null,0,0,0
766,0,null,0,0,0
767,0,null,0,0,0
768,0,null,0,0,0
769,0,null,0,0,0
770,0,null,0,0,0
771,0,null,0,0,0
772,0,null,0,0,0
773,0,null,0,0,0
774,1,primary_proton,1,1,1
775,0,null,0,0,0
776,0,null,0,0,0
777,0,null,0,0,0
778,0,null,0,0,0
779,0,null,0,0,0
780,0,null,0,0,0
781,0,null,0,0,0
782,0,null,0,0,0
783,0,null,0,0,0
784,1,primary_proton,1,1,1
785,0,null,0,0,0
786,0,null,0,0,0
787,0,null,0,0,0
788,0,null,0,0,0
789,0,null,0,0,0
790,0,null,0,0,0
791,0,null,0,0,0
792,0,null,0,0,0
793,0,null,0,0,0
794,0,null,0,0,0
795,0,null,0,0,0
796,0,null,0,0,0
797,0,null,0,0,0
798,0,null,0,0,0
799,0,null,0,0,0
800,0,null,0,0,0
801,0,null,0,0,0
802,0,null,0,0,0
803,0,null,0,0,0
804,0,null,0,0,0
805,0,null,0,0,0
806,0,null,0,0,0
807,0,null,0,0,0
808,0,null,0,0,0
809,0,null,0,0,0
810,0,null,0,0,0
811,1,primary_proton,1,1,1
812,0,null,0,0,0
813,0,null,0,0,0
814,0,null,0,0,0
815,0,null,0,0,0
816,0,null,0,0,0
817,0,null,0,0,0
818,1,primary_proton,1,1,1
819,0,null,0,0,0
820,1,primary_proton,1,1,1
821,0,null,0,0,0
822,0,null,0,0,0
823,0,null,0,0,0
824,0,null,0,0,0
825,0,null,0,0,0
826,0,null,0,0,0
827,0,null,0,0,0
828,0,null,0,0,0
829,0,null,0,0,0
830,0,null,0,0,0
831,0,null,0,0,0
832,0,null,0,0,0
833,0,null,0,0,0
834,0,null,0,0,0
835,0,null,0,0,0
836,0,null,0,0,0
837,0,null,0,0,0
838,0,null,0,0,0
839,0,null,0,0,0
840,0,null,0,0,0
841,0,null,0,0,0
842,0,null,0,0,0
843,1,primary_proton,1,1,1
844,0,null,0,0,0
845,0,null,0,0,0
846,0,null,0,0,0
847,0,null,0,0,0
848,0,null,0,0,0
849,0,null,0,0,0
850,0,null,0,0,0
851,0,null,0,0,0
852,0,null,0,0,0
853,0,null,0,0,0
854,0,null,0,0,0
855,0,null,0,0,0
856,0,null,0,0,0
857,0,null,0,0,0
858,0,null,0,0,0
859,0,null,0,0,0
860,0,null,0,0,0
861,0,null,0,0,0
862,0,null,0,0,0
863,1,primary_proton,1,1,1
864,0,null,0,0,0
865,0,null,0,0,0
866,0,null,0,0,0
867,0,null,0,0,0
868,0,null,0,0,0
869,0,null,0,0,0
870,0,null,0,0,0
871,0,null,0,0,0
872,0,null,0,0,0
873,0,null,0,0,0
874,0,null,0,0,0
875,0,null,0,0,0
876,0,null,0,0,0
877,0,null,0,0,0
878,1,primary_proton,1,1,1
879,7,pi+,1,1,1
880,0,null,0,0,0
881,0,null,0,0,0
882,0,null,0,0,0
883,0,null,0,0,0
884,0,null,0,0,0
885,0,null,0,0,0
886,0,null,0,0,0
887,0,null,0,0,0
888,0,null,0,0,0
889,0,null,0,0,0
890,0,null,0,0,0
891,0,null,0,0,0
892,0,null,0,0,0
893,0,null,0,0,0
894,0,null,0,0,0
895,0,null,0,0,0
896,0,null,0,0,0
897,0,null,0,0,0
898,0,null,0,0,0
899,0,null,0,0,0
900,0,null,0,0,0
901,2,pi-,1,1,1
902,0,null,0,0,0
903,0,null,0,0,0
904,0,null,0,0,0
905,0,null,0,0,0
906,0,null,0,0,0
907,0,null,0,0,0
908,0,null,0,0,0
909,0,null,0,0,0
910,0,null,0,0,0
911,0,null,0,0,0
912,0,null,0,0,0
913,0,null,0,0,0
914,0,null,0,0,0
915,0,null,0,0,0
916,0,null,0,0,0
917,1,primary_proton,1,1,1
918,0,null,0,0,0
919,0,null,0,0,0
920,0,null,0,0,0
921,9,pi+,1,1,1
922,1,primary_proton,1,1,1
923,0,null,0,0,0
924,0,null,0,0,0
925,0,null,0,0,0
926,0,null,0,0,0
927,0,null,0,0,0
928,0,null,0,0,0
929,0,null,0,0,0
930,0,null,0,0,0
931,0,null,0,0,0
932,0,null,0,0,0
933,0,null,0,0,0
934,325,pi-,1,1,1
935,8,pi+,1,1,1
937,1,primary_proton,1,1,1
938,0,null,0,0,0
939,1,primary_proton,1,1,1
940,0,null,0,0,0
941,0,null,0,0,0
942,0,null,0,0,0
943,0,null,0,0,0
944,1,primary_proton,1,1,1
945,0,null,0,0,0
946,0,null,0,0,0
947,0,null,0,0,0
948,0,null,0,0,0
949,0,null,0,0,0
950,0,null,0,0,0
951,0,null,0,0,0
952,0,null,0,0,0
953,0,null,0,0,0
954,4,secondary_proton,1,1,1
955,0,null,0,0,0
956,217,secondary_proton,1,1,1
957,0,null,0,0,0
958,0,null,0,0,0
959,0,null,0,0,0
960,0,null,0,0,0
961,0,null,0,0,0
962,0,null,0,0,0
963,0,null,0,0,0
964,0,null,0,0,0
965,0,null,0,0,0
966,0,null,0,0,0
967,0,null,0,0,0
968,0,null,0,0,0
969,1,primary_proton,1,1,1
970,0,null,0,0,0
971,0,null,0,0,0
972,0,null,0,0,0
973,0,null,0,0,0
974,7864,e-,0,1,0
975,0,null,0,0,0
976,0,null,0,0,0
977,0,null,0,0,0
978,0,null,0,0,0
979,0,null,0,0,0
980,0,null,0,0,0
981,0,null,0,0,0
982,0,null,0,0,0
983,0,null,0,0,0
984,0,null,0,0,0
985,0,null,0,0,0
986,0,null,0,0,0
987,0,null,0,0,0
988,0,null,0,0,0
989,0,null,0,0,0
990,0,null,0,0,0
991,0,null,0,0,0
992,0,null,0,0,0
993,0,null,0,0,0
994,0,null,0,0,0
995,0,null,0,0,0
996,0,null,0,0,0
997,0,null,0,0,0
998,0,null,0,0,0
999,0,null,0,0,0
1000,0,null,0,0,0
1001,0,null,0,0,0
1002,0,null,0,0,0
1003,0,null,0,0,0
1004,6,pi+,1,1,0
1005,0,null,0,0,0
1006,0,null,0,0,0
1007,0,null,0,0,0
1008,0,null,0,0,0
1009,0,null,0,0,0
1010,0,null,0,0,0
1011,0,null,0,0,0
1012,0,null,0,0,0
1013,0,null,0,0,0
1014,0,null,0,0,0
1015,0,null,0,0,0
1016,0,null,0,0,0
1017,0,null,0,0,0
1018,0,null,0,0,0
1019,0,null,0,0,0
1020,0,null,0,0,0
1021,0,null,0,0,0
1022,0,null,0,0,0
1023,0,null,0,0,0
1024,0,null,0,0,0
1025,0,null,0,0,0
1026,0,null,0,0,0
1027,0,null,0,0,0
1028,0,null,0,0,0
1029,0,null,0,0,0
1030,0,null,0,0,0
1031,0,null,0,0,0
1032,0,null,0,0,0
1033,0,null,0,0,0
1034,0,null,0,0,0
1035,0,null,0,0,0
1036,0,null,0,0,0
1037,0,null,0,0,0
1038,0,null,0,0,0
1039,0,null,0,0,0
1040,0,null,0,0,0
1041,0,null,0,0,0
1042,0,null,0,0,0
1043,0,null,0,0,0
1044,0,null,0,0,0
1045,0,null,0,0,0
1046,0,null,0,0,0
1047,6,pi+,1,1,1
1048,0,null,0,0,0
1049,0,null,0,0,0
1050,0,null,0,0,0
1051,0,null,0,0,0
1052,0,null,0,0,0
1053,0,null,0,0,0
1054,0,null,0,0,0
1055,0,null,0,0,0
1056,5,secondary_proton,1,1,1
1057,0,null,0,0,0
1058,0,null,0,0,0
1059,0,null,0,0,0
1060,0,null,0,0,0
1061,0,null,0,0,0
1062,0,null,0,0,0
1063,0,null,0,0,0
1064,0,null,0,0,0
1065,0,null,0,0,0
1066,0,null,0,0,0
1067,0,null,0,0,0
1068,0,null,0,0,0
1069,0,null,0,0,0
1070,0,null,0,0,0
1071,0,null,0,0,0
1072,0,null,0,0,0
1073,0,null,0,0,0
1074,0,null,0,0,0
1075,11,pi-,1,1,1
1076,0,null,0,0,0
1077,0,null,0,0,0
1078,0,null,0,0,0
1079,0,null,0,0,0
1080,0,null,0,0,0
1081,0,null,0,0,0
1082,0,null,0,0,0
1083,0,null,0,0,0
1084,0,null,0,0,0
1085,0,null,0,0,0
1086,0,null,0,0,0
1087,0,null,0,0,0
1088,0,null,0,0,0
1089,0,null,0,0,0
1090,0,null,0,0,0
1091,0,null,0,0,0
1092,0,null,0,0,0
1093,0,null,0,0,0
1094,0,null,0,0,0
1095,0,null,0,0,0
1096,0,null,0,0,0
1097,0,null,0,0,0
1098,0,null,0,0,0
1099,0,null,0,0,0
1100,0,null,0,0,0
1101,1,primary_proton,1,1,1
1102,0,null,0,0,0
1103,0,null,0,0,0
1104,0,null,0,0,0
1105,0,null,0,0,0
1106,0,null,0,0,0
1107,706,pi+,1,1,1
1108,0,null,0,0,0
1109,0,null,0,0,0
1110,0,null,0,0,0
1111,0,null,0,0,0
1112,0,null,0,0,0
1113,0,null,0,0,0
1114,0,null,0,0,0
1115,1,primary_proton,1,1,1
1116,0,null,0,0,0
1117,0,null,0,0,0
1118,0,null,0,0,0
1119,0,null,0,0,0
1120,0,null,0,0,0
1121,7,secondary_proton,1,0,0
1122,0,null,0,0,0
1123,0,null,0,0,0
1124,0,null,0,0,0
1125,0,null,0,0,0
1126,0,null,0,0,0
1127,0,null,0,0,0
1128,0,null,0,0,0
1129,0,null,0,0,0
1130,0,null,0,0,0
1131,0,null,0,0,0
1132,0,null,0,0,0
1133,0,null,0,0,0
1134,0,null,0,0,0
1135,0,null,0,0,0
1136,0,null,0,0,0
1137,0,null,0,0,0
1138,0,null,0,0,0
1139,0,null,0,0,0
1140,0,null,0,0,0
1141,0,null,0,0,0
1142,0,null,0,0,0
1143,0,null,0,0,0
1144,0,null,0,0,0
1145,0,null,0,0,0
1146,0,null,0,0,0
1147,0,null,0,0,0
1148,0,null,0,0,0
1149,0,null,0,0,0
1150,0,null,0,0,0
1151,0,null,0,0,0
1152,0,null,0,0,0
1153,0,null,0,0,0
1154,0,null,0,0,0
1155,0,null,0,0,0
1156,0,null,0,0,0
1157,0,null,0,0,0
1158,0,null,0,0,0
1159,0,null,0,0,0
1160,0,null,0,0,0
1162,0,null,0,0,0
1163,0,null,0,0,0
1164,0,null,0,0,0
1165,0,null,0,0,0
1166,0,null,0,0,0
1167,0,null,0,0,0
1168,12,pi-,1,1,1
1169,0,null,0,0,0
1170,0,null,0,0,0
1171,0,null,0,0,0
1172,0,null,0,0,0
1173,0,null,0,0,0
1174,0,null,0,0,0
1175,0,null,0,0,0
1176,0,null,0,0,0
1177,0,null,0,0,0
1178,0,null,0,0,0
1179,0,null,0,0,0
1180,0,null,0,0,0
1181,0,null,0,0,0
1182,0,null,0,0,0
1183,0,null,0,0,0
1184,0,null,0,0,0
1185,0,null,0,0,0
1186,0,null,0,0,0
1187,0,null,0,0,0
1188,0,null,0,0,0
1189,0,null,0,0,0
1190,7,secondary_proton,1,0,0
1191,0,null,0,0,0
1192,0,null,0,0,0
1193,0,null,0,0,0
1194,0,null,0,0,0
1195,0,null,0,0,0
1196,0,null,0,0,0
1197,0,null,0,0,0
1198,0,null,0,0,0
1199,0,null,0,0,0
1200,0,null,0,0,0
1201,0,null,0,0,0
1202,0,null,0,0,0
1203,0,null,0,0,0
1204,0,null,0,0,0
1205,0,null,0,0,0
1206,0,null,0,0,0
1207,0,null,0,0,0
1208,0,null,0,0,0
1209,0,null,0,0,0
1210,0,null,0,0,0
1211,0,null,0,0,0
1212,0,null,0,0,0
1213,0,null,0,0,0
1214,0,null,0,0,0
1215,0,null,0,0,0
1216,0,null,0,0,0
1217,0,null,0,0,0
1218,0,null,0,0,0
1219,0,null,0,0,0
1220,0,null,0,0,0
1221,0,null,0,0,0
1222,0,null,0,0,0
1223,3210,e-,0,1,0
1224,0,null,0,0,0
1225,0,null,0,0,0
1226,7,secondary_proton,1,1,1
1227,0,null,0,0,0
1228,0,null,0,0,0
1229,0,null,0,0,0
1230,0,null,0,0,0
1231,0,null,0,0,0
1232,0,null,0,0,0
1233,0,null,0,0,0
1234,0,null,0,0,0
1235,0,null,0,0,0
1236,0,null,0,0,0
1237,0,null,0,0,0
1238,0,null,0,0,0
1239,0,null,0,0,0
1240,0,null,0,0,0
1241,1,primary_proton,1,1,1
1242,0,null,0,0,0
1243,0,null,0,0,0
1244,6,secondary_proton,1,1,1
1245,0,null,0,0,0
1246,1,primary_proton,1,1,1
1247,0,null,0,0,0
1248,0,null,0,0,0
1249,1,primary_proton,1,1,1
1250,0,null,0,0,0
1251,0,null,0,0,0
1252,0,null,0,0,0
1253,0,null,0,0,0
1254,0,null,0,0,0
1255,0,null,0,0,0
1256,0,null,0,0,0
1257,0,null,0,0,0
1258,15,secondary_proton,1,1,1
1259,0,null,0,0,0
1260,0,null,0,0,0
1261,0,null,0,0,0
1262,0,null,0,0,0
1263,0,null,0,0,0
1264,0,null,0,0,0
1265,0,null,0,0,0
1266,0,null,0,0,0
1267,0,null,0,0,0
1268,0,null,0,0,0
1269,0,null,0,0,0
1270,1,primary_proton,1,1,1
1271,0,null,0,0,0
1272,0,null,0,0,0
1273,0,null,0,0,0
1274,0,null,0,0,0
1275,0,null,0,0,0
1276,0,null,0,0,0
1277,0,null,0,0,0
1278,0,null,0,0,0
1279,0,null,0,0,0
1280,0,null,0,0,0
1281,0,null,0,0,0
1282,0,null,0,0,0
1283,0,null,0,0,0
1284,0,null,0,0,0
1285,0,null,0,0,0
1286,0,null,0,0,0
1287,0,null,0,0,0
1288,6,secondary_proton,1,1,1
1289,0,null,0,0,0
1290,0,null,0,0,0
1291,0,null,0,0,0
1292,0,null,0,0,0
1293,0,null,0,0,0
1294,0,null,0,0,0
1295,0,null,0,0,0
1296,23,pi+,1,1,1
1297,0,null,0,0,0
1298,0,null,0,0,0
1299,0,null,0,0,0
1300,0,null,0,0,0
1301,0,null,0,0,0
1302,0,null,0,0,0
1303,0,null,0,0,0
1304,0,null,0,0,0
1305,0,null,0,0,0
1306,0,null,0,0,0
1307,0,null,0,0,0
1308,0,null,0,0,0
1309,0,null,0,0,0
1310,0,null,0,0,0
1311,0,null,0,0,0
1312,0,null,0,0,0
1313,0,null,0,0,0
1314,0,null,0,0,0
1315,0,null,0,0,0
1316,0,null,0,0,0
1317,7,pi-,1,0,0
1318,0,null,0,0,0
1319,1,primary_proton,1,1,1
1320,0,null,0,0,0
1321,0,null,0,0,0
1322,0,null,0,0,0
1323,0,null,0,0,0
1324,0,null,0,0,0
1325,0,null,0,0,0
1326,0,null,0,0,0
1327,0,null,0,0,0
1328,0,null,0,0,0
1329,0,null,0,0,0
1330,0,null,0,0,0
1331,0,null,0,0,0
1332,0,null,0,0,0
1333,0,null,0,0,0
1334,0,null,0,0,0
1335,0,null,0,0,0
1336,0,null,0,0,0
1337,0,null,0,0,0
1338,0,null,0,0,0
1339,0,null,0,0,0
1340,0,null,0,0,0
1341,0,null,0,0,0
1342,1,primary_proton,1,1,1
1343,0,null,0,0,0
1344,0,null,0,0,0
1345,1,primary_proton,1,1,1
1346,0,null,0,0,0
1347,0,null,0,0,0
1348,0,null,0,0,0
1349,0,null,0,0,0
1350,0,null,0,0,0
1351,0,null,0,0,0
1352,0,null,0,0,0
1353,0,null,0,0,0
1354,0,null,0,0,0
1355,0,null,0,0,0
1356,0,null,0,0,0
1357,0,null,0,0,0
1358,0,null,0,0,0
1359,0,null,0,0,0
1360,0,null,0,0,0
1361,0,null,0,0,0
1362,14,secondary_proton,1,1,1
1363,3,secondary_proton,1,1,1
1364,0,null,0,0,0
1365,4846,pi-,1,1,1
1366,0,null,0,0,0
1367,0,null,0,0,0
1368,0,null,0,0,0
1369,0,null,0,0,0
1370,0,null,0,0,0
1371,0,null,0,0,0
1372,0,null,0,0,0
1373,0,null,0,0,0
1374,0,null,0,0,0
1375,0,null,0,0,0
1376,0,null,0,0,0
1377,0,null,0,0,0
1378,0,null,0,0,0
1380,0,null,0,0,0
1381,0,null,0,0,0
1382,0,null,0,0,0
1383,0,null,0,0,0
1384,0,null,0,0,0
1385,0,null,0,0,0
1386,0,null,0,0,0
1387,0,null,0,0,0
1388,0,null,0,0,0
1389,0,null,0,0,0
1390,0,null,0,0,0
1391,0,null,0,0,0
1392,0,null,0,0,0
1393,0,null,0,0,0
1394,0,null,0,0,0
1395,0,null,0,0,0
1396,0,null,0,0,0
1397,0,null,0,0,0
1398,0,null,0,0,0
1399,0,null,0,0,0
1400,0,null,0,0,0
1401,0,null,0,0,0
1402,0,null,0,0,0
1403,0,null,0,0,0
1404,0,null,0,0,0
1405,0,null,0,0,0
1406,0,null,0,0,0
1407,0,null,0,0,0
1408,0,null,0,0,0
1409,0,null,0,0,0
1410,0,null,0,0,0
1411,0,null,0,0,0
1412,0,null,0,0,0
1413,0,null,0,0,0
1414,0,null,0,0,0
1415,0,null,0,0,0
1416,0,null,0,0,0
1417,0,null,0,0,0
1418,0,null,0,0,0
1419,0,null,0,0,0
1420,0,null,0,0,0
1421,0,null,0,0,0
1422,0,null,0,0,0
1423,0,null,0,0,0
1424,0,null,0,0,0
1425,16,pi-,1,1,1
1426,0,null,0,0,0
1427,0,null,0,0,0
1428,0,null,0,0,0
1429,0,null,0,0,0
1430,0,null,0,0,0
1431,0,null,0,0,0
1432,0,null,0,0,0
1433,0,null,0,0,0
1434,0,null,0,0,0
1435,0,null,0,0,0
1436,0,null,0,0,0
1437,0,null,0,0,0
1438,1,primary_proton,1,1,1
1439,0,null,0,0,0
1440,0,null,0,0,0
1441,0,null,0,0,0
1442,0,null,0,0,0
1443,0,null,0,0,0
1444,0,null,0,0,0
1445,0,null,0,0,0
1446,0,null,0,0,0
1447,0,null,0,0,0
1448,0,null,0,0,0
1449,0,null,0,0,0
1450,0,null,0,0,0
1451,0,null,0,0,0
1452,0,null,0,0,0
1453,0,null,0,0,0
1454,0,null,0,0,0
1455,1,primary_proton,1,1,1
1456,0,null,0,0,0
1457,0,null,0,0,0
1458,0,null,0,0,0
1459,1,primary_proton,1,1,1
1460,0,null,0,0,0
1461,0,null,0,0,0
1462,0,null,0,0,0
1463,0,null,0,0,0
1464,0,null,0,0,0
1465,0,null,0,0,0
1466,0,null,0,0,0
1467,0,null,0,0,0
1468,0,null,0,0,0
1469,0,null,0,0,0
1470,0,null,0,0,0
1471,0,null,0,0,0
1472,0,null,0,0,0
1473,5,pi-,1,0,0
1474,0,null,0,0,0
1475,0,null,0,0,0
1476,0,null,0,0,0
1477,0,null,0,0,0
1478,0,null,0,0,0
1479,10,pi-,1,1,0
1480,0,null,0,0,0
1481,0,null,0,0,0
1482,8,pi-,1,1,1
1483,0,null,0,0,0
1484,0,null,0,0,0
1485,0,null,0,0,0
1486,0,null,0,0,0
1487,0,null,0,0,0
1488,0,null,0,0,0
1489,0,null,0,0,0
1490,0,null,0,0,0
1491,0,null,0,0,0
1492,0,null,0,0,0
1493,0,null,0,0,0
1494,0,null,0,0,0
1495,0,null,0,0,0
1496,0,null,0,0,0
1497,0,null,0,0,0
1498,0,null,0,0,0
1499,0,null,0,0,0
1500,3,secondary_proton,1,1,1
1501,0,null,0,0,0
1502,0,null,0,0,0
1503,0,null,0,0,0
1504,0,null,0,0,0
1505,0,null,0,0,0
1506,0,null,0,0,0
1507,0,null,0,0,0
1508,0,null,0,0,0
1509,0,null,0,0,0
1510,0,null,0,0,0
1511,0,null,0,0,0
1512,0,null,0,0,0
1513,0,null,0,0,0
1514,0,null,0,0,0
1515,0,null,0,0,0
1516,439,secondary_proton,1,1,1
1517,0,null,0,0,0
1518,0,null,0,0,0
1519,1,primary_proton,1,1,1
1520,0,null,0,0,0
1521,0,null,0,0,0
1522,0,null,0,0,0
1523,0,null,0,0,0
1524,0,null,0,0,0
1525,0,null,0,0,0
1526,0,null,0,0,0
1527,0,null,0,0,0
1528,0,null,0,0,0
1529,0,null,0,0,0
1530,0,null,0,0,0
1531,0,null,0,0,0
1532,0,null,0,0,0
1533,0,null,0,0,0
1534,0,null,0,0,0
1535,0,null,0,0,0
1536,0,null,0,0,0
1537,0,null,0,0,0
1538,0,null,0,0,0
1539,0,null,0,0,0
1540,0,null,0,0,0
1541,0,null,0,0,0
1542,0,null,0,0,0
1543,0,null,0,0,0
1544,0,null,0,0,0
1545,0,null,0,0,0
1546,0,null,0,0,0
1547,0,null,0,0,0
1548,0,null,0,0,0
1549,0,null,0,0,0
1550,13,pi-,1,1,1
1551,1,primary_proton,1,1,1
1552,0,null,0,0,0
1553,0,null,0,0,0
1554,0,null,0,0,0
1555,0,null,0,0,0
1556,0,null,0,0,0
1557,0,null,0,0,0
1558,0,null,0,0,0
1559,0,null,0,0,0
1560,0,null,0,0,0
1561,9,pi+,1,1,1
1562,1,primary_proton,1,1,1
1563,0,null,0,0,0
1564,0,null,0,0,0
1565,0,null,0,0,0
1566,0,null,0,0,0
1567,0,null,0,0,0
1568,6,secondary_proton,1,1,1
1569,0,null,0,0,0
1570,3,secondary_proton,1,1,1
1571,0,null,0,0,0
1572,0,null,0,0,0
1573,0,null,0,0,0
1574,0,null,0,0,0
1575,0,null,0,0,0
1576,0,null,0,0,0
1577,7,secondary_proton,1,1,1
1578,0,null,0,0,0
1579,1491,e-,1,1,1
1580,0,null,0,0,0
1581,0,null,0,0,0
1582,0,null,0,0,0
1583,0,null,0,0,0
1584,13,pi+,1,1,1
1585,0,null,0,0,0
1586,0,null,0,0,0
1587,0,null,0,0,0
1588,0,null,0,0,0
1589,0,null,0,0,0
1590,0,null,0,0,0
1591,0,null,0,0,0
1592,0,null,0,0,0
1593,0,null,0,0,0
1594,0,null,0,0,0
1595,0,null,0,0,0
1596,1,primary_proton,1,1,1
1597,0,null,0,0,0
1598,10,pi+,1,0,0
1599,0,null,0,0,0
1601,0,null,0,0,0
1602,0,null,0,0,0
1603,0,null,0,0,0
1604,0,null,0,0,0
1605,0,null,0,0,0
1606,0,null,0,0,0
1607,0,null,0,0,0
1608,0,null,0,0,0
1609,0,null,0,0,0
1610,0,null,0,0,0
1611,0,null,0,0,0
1612,0,null,0,0,0
1613,0,null,0,0,0
1614,0,null,0,0,0
1615,0,null,0,0,0
1616,0,null,0,0,0
1617,0,null,0,0,0
1618,0,null,0,0,0
1619,1,primary_proton,1,1,1
1620,0,null,0,0,0
1621,0,null,0,0,0
1622,0,null,0,0,0
1623,0,null,0,0,0
1624,0,null,0,0,0
1625,8,pi+,1,1,1
1626,0,null,0,0,0
1627,0,null,0,0,0
1628,0,null,0,0,0
1629,0,null,0,0,0
1630,0,null,0,0,0
1631,8,pi+,1,0,0
1632,0,null,0,0,0
1633,0,null,0,0,0
1634,0,null,0,0,0
1635,0,null,0,0,0
1636,0,null,0,0,0
1637,0,null,0,0,0
1638,0,null,0,0,0
1639,0,null,0,0,0
1640,0,null,0,0,0
1641,0,null,0,0,0
1642,0,null,0,0,0
1643,0,null,0,0,0
1644,0,null,0,0,0
1645,0,null,0,0,0
1646,0,null,0,0,0
1647,0,null,0,0,0
1648,0,null,0,0,0
1649,0,null,0,0,0
1650,0,null,0,0,0
1651,8,pi-,1,1,1
1652,0,null,0,0,0
1653,0,null,0,0,0
1654,0,null,0,0,0
1655,0,null,0,0,0
1656,0,null,0,0,0
1657,0,null,0,0,0
1658,0,null,0,0,0
1659,0,null,0,0,0
1660,0,null,0,0,0
1661,0,null,0,0,0
1662,0,null,0,0,0
1663,0,null,0,0,0
1664,0,null,0,0,0
1665,0,null,0,0,0
1666,0,null,0,0,0
1667,0,null,0,0,0
1668,0,null,0,0,0
1669,0,null,0,0,0
1670,0,null,0,0,0
1671,0,null,0,0,0
1672,0,null,0,0,0
1673,2121,secondary_proton,1,0,0
1674,0,null,0,0,0
1675,0,null,0,0,0
1676,0,null,0,0,0
1677,0,null,0,0,0
1678,0,null,0,0,0
1679,0,null,0,0,0
1680,0,null,0,0,0
1681,0,null,0,0,0
1682,0,null,0,0,0
1683,0,null,0,0,0
1684,0,null,0,0,0
1685,899,secondary_proton,1,1,1
1686,0,null,0,0,0
1687,0,null,0,0,0
1688,0,null,0,0,0
1689,14,secondary_proton,1,1,1
1690,0,null,0,0,0
1691,0,null,0,0,0
1692,0,null,0,0,0
1693,0,null,0,0,0
1694,0,null,0,0,0
1695,0,null,0,0,0
1696,0,null,0,0,0
1697,0,null,0,0,0
1698,0,null,0,0,0
1699,0,null,0,0,0
1700,0,null,0,0,0
1701,0,null,0,0,0
1702,1,primary_proton,1,1,1
1703,1,primary_proton,1,1,1
1704,0,null,0,0,0
1705,0,null,0,0,0
1706,0,null,0,0,0
1707,0,null,0,0,0
1708,0,null,0,0,0
1709,0,null,0,0,0
1710,0,null,0,0,0
1711,0,null,0,0,0
1712,0,null,0,0,0
1713,0,null,0,0,0
1714,0,null,0,0,0
1715,0,null,0,0,0
1716,0,null,0,0,0
1717,0,null,0,0,0
1718,0,null,0,0,0
1719,0,null,0,0,0
1720,0,null,0,0,0
1721,0,null,0,0,0
1722,0,null,0,0,0
1723,0,null,0,0,0
1724,0,null,0,0,0
1725,0,null,0,0,0
1726,0,null,0,0,0
1727,0,null,0,0,0
1728,0,null,0,0,0
1729,23,pi+,1,1,1
1730,0,null,0,0,0
1731,0,null,0,0,0
1732,0,null,0,0,0
1733,12,pi-,1,1,0
1734,1,primary_proton,1,1,1
1735,1,primary_proton,1,1,1
1736,0,null,0,0,0
1737,0,null,0,0,0
1738,0,null,0,0,0
1739,0,null,0,0,0
1740,0,null,0,0,0
1741,0,null,0,0,0
1742,0,null,0,0,0
1743,0,null,0,0,0
1744,0,null,0,0,0
1745,7,pi-,1,1,1
1746,0,null,0,0,0
1747,1,primary_proton,1,1,1
1748,0,null,0,0,0
1749,0,null,0,0,0
1750,0,null,0,0,0
1751,0,null,0,0,0
1752,0,null,0,0,0
1753,0,null,0,0,0
1754,0,null,0,0,0
1755,0,null,0,0,0
1756,0,null,0,0,0
1757,1,primary_proton,1,1,1
1758,0,null,0,0,0
1759,0,null,0,0,0
1760,0,null,0,0,0
1761,0,null,0,0,0
1762,0,null,0,0,0
1763,0,null,0,0,0
1764,0,null,0,0,0
1765,0,null,0,0,0
1766,0,null,0,0,0
1767,0,null,0,0,0
1768,0,null,0,0,0
1769,0,null,0,0,0
1770,0,null,0,0,0
1771,0,null,0,0,0
1772,0,null,0,0,0
1773,0,null,0,0,0
1774,0,null,0,0,0
1775,0,null,0,0,0
1776,0,null,0,0,0
1777,1,primary_proton,1,1,1
1778,0,null,0,0,0
1779,0,null,0,0,0
1780,0,null,0,0,0
1781,0,null,0,0,0
1782,0,null,0,0,0
1783,0,null,0,0,0
1784,0,null,0,0,0
1785,0,null,0,0,0
1786,6,secondary_proton,1,1,1
1787,0,null,0,0,0
1788,0,null,0,0,0
1789,0,null,0,0,0
1790,0,null,0,0,0
1791,0,null,0,0,0
1792,0,null,0,0,0
1793,0,null,0,0,0
1794,0,null,0,0,0
1795,0,null,0,0,0
1796,0,null,0,0,0
1797,0,null,0,0,0
1798,0,null,0,0,0
1799,0,null,0,0,0
1800,0,null,0,0,0
1801,0,null,0,0,0
1802,0,null,0,0,0
1803,0,null,0,0,0
1804,0,null,0,0,0
1805,0,null,0,0,0
1806,0,null,0,0,0
1807,0,null,0,0,0
1808,0,null,0,0,0
1809,0,null,0,0,0
1810,0,null,0,0,0
1811,0,null,0,0,0
1812,0,null,0,0,0
1813,0,null,0,0,0
1814,0,null,0,0,0
1815,0,null,0,0,0
1816,0,null,0,0,0
1817,0,null,0,0,0
1818,0,null,0,0,0
1819,0,null,0,0,0
1821,0,null,0,0,0
1822,0,null,0,0,0
1823,0,null,0,0,0
1824,0,null,0,0,0
1825,0,null,0,0,0
1826,0,null,0,0,0
1827,0,null,0,0,0
1828,0,null,0,0,0
1829,0,null,0,0,0
1830,0,null,0,0,0
1831,0,null,0,0,0
1832,0,null,0,0,0
1833,0,null,0,0,0
1834,0,null,0,0,0
1835,0,null,0,0,0
1836,0,null,0,0,0
1837,0,null,0,0,0
1838,0,null,0,0,0
1839,0,null,0,0,0
1840,0,null,0,0,0
1841,0,null,0,0,0
1842,0,null,0,0,0
1843,0,null,0,0,0
1844,0,null,0,0,0
1845,0,null,0,0,0
1846,0,null,0,0,0
1847,0,null,0,0,0
1848,0,null,0,0,0
1849,0,null,0,0,0
1850,0,null,0,0,0
1851,0,null,0,0,0
1852,0,null,0,0,0
1853,3470,e-,1,0,1
1854,0,null,0,0,0
1855,0,null,0,0,0
1856,0,null,0,0,0
1857,0,null,0,0,0
1858,0,null,0,0,0
1859,0,null,0,0,0
1860,0,null,0,0,0
1861,0,null,0,0,0
1862,0,null,0,0,0
1863,0,null,0,0,0
1864,1,primary_proton,1,1,1
1865,0,null,0,0,0
1866,0,null,0,0,0
1867,0,null,0,0,0
1868,2467,e-,1,0,0
1869,0,null,0,0,0
1870,0,null,0,0,0
1871,0,null,0,0,0
1872,0,null,0,0,0
1873,0,null,0,0,0
1874,0,null,0,0,0
1875,0,null,0,0,0
1876,0,null,0,0,0
1877,0,null,0,0,0
1878,0,null,0,0,0
1879,0,null,0,0,0
1880,4,pi+,1,0,0
1881,0,null,0,0,0
1882,0,null,0,0,0
1883,0,null,0,0,0
1884,0,null,0,0,0
1885,0,null,0,0,0
1886,0,null,0,0,0
1887,0,null,0,0,0
1888,0,null,0,0,0
1889,0,null,0,0,0
1890,0,null,0,0,0
1891,0,null,0,0,0
1892,0,null,0,0,0
1893,0,null,0,0,0
1894,0,null,0,0,0
1895,0,null,0,0,0
1896,0,null,0,0,0
1897,0,null,0,0,0
1898,0,null,0,0,0
1899,0,null,0,0,0
1900,0,null,0,0,0
1901,0,null,0,0,0
1902,0,null,0,0,0
1903,0,null,0,0,0
1904,0,null,0,0,0
1905,0,null,0,0,0
1906,0,null,0,0,0
1907,0,null,0,0,0
1908,0,null,0,0,0
1909,0,null,0,0,0
1910,0,null,0,0,0
1911,0,null,0,0,0
1912,16,pi-,1,0,0
1913,0,null,0,0,0
1914,5,pi-,1,1,1
1915,0,null,0,0,0
1916,0,null,0,0,0
1917,247,secondary_proton,1,1,1
1918,0,null,0,0,0
1919,0,null,0,0,0
1920,0,null,0,0,0
1921,0,null,0,0,0
1922,6,secondary_proton,1,1,1
1923,0,null,0,0,0
1924,0,null,0,0,0
1925,0,null,0,0,0
1926,0,null,0,0,0
1927,0,null,0,0,0
1928,0,null,0,0,0
1929,0,null,0,0,0
1930,0,null,0,0,0
1931,0,null,0,0,0
1932,0,null,0,0,0
1933,0,null,0,0,0
1934,0,null,0,0,0
1935,0,null,0,0,0
1936,0,null,0,0,0
1937,0,null,0,0,0
1938,0,null,0,0,0
1939,0,null,0,0,0
1940,0,null,0,0,0
1941,0,null,0,0,0
1942,1,primary_proton,1,1,1
1943,0,null,0,0,0
1944,0,null,0,0,0
1945,0,null,0,0,0
1946,82,pi-,1,1,1
1947,0,null,0,0,0
1948,0,null,0,0,0
1949,0,null,0,0,0
1950,0,null,0,0,0
1951,0,null,0,0,0
1952,0,null,0,0,0
1953,3,pi+,1,1,1
1954,0,null,0,0,0
1955,0,null,0,0,0
1956,6,pi-,1,1,0
1957,0,null,0,0,0
1958,0,null,0,0,0
1959,0,null,0,0,0
1960,2820,pi-,1,1,1
1961,0,null,0,0,0
1962,0,null,0,0,0
1963,0,null,0,0,0
1964,0,null,0,0,0
1965,0,null,0,0,0
1966,1,primary_proton,1,1,1
1967,0,null,0,0,0
1968,0,null,0,0,0
1969,0,null,0,0,0
1970,0,null,0,0,0
1971,0,null,0,0,0
1972,0,null,0,0,0
1973,0,null,0,0,0
1974,0,null,0,0,0
1975,0,null,0,0,0
1976,0,null,0,0,0
1977,0,null,0,0,0
1978,0,null,0,0,0
1979,0,null,0,0,0
1980,0,null,0,0,0
1981,0,null,0,0,0
1982,0,null,0,0,0
1983,0,null,0,0,0
1984,0,null,0,0,0
1985,0,null,0,0,0
1986,0,null,0,0,0
1987,0,null,0,0,0
1988,0,null,0,0,0
1989,0,null,0,0,0
1990,0,null,0,0,0
1991,0,null,0,0,0
1992,0,null,0,0,0
1993,0,null,0,0,0
1994,0,null,0,0,0
1995,0,null,0,0,0
1996,0,null,0,0,0
1997,0,null,0,0,0
1998,0,null,0,0,0
1999,0,null,0,0,0
2000,0,null,0,0,0
2001,0,null,0,0,0
2002,0,null,0,0,0
2003,0,null,0,0,0
2004,0,null,0,0,0
2005,0,null,0,0,0
2006,0,null,0,0,0
2007,0,null,0,0,0
2008,0,null,0,0,0
2009,0,null,0,0,0
2010,15,pi+,1,1,0
2011,1,primary_proton,1,0,0
2012,0,null,0,0,0
2013,0,null,0,0,0
2014,0,null,0,0,0
2015,0,null,0,0,0
2016,0,null,0,0,0
2017,0,null,0,0,0
2018,0,null,0,0,0
2019,0,null,0,0,0
2020,0,null,0,0,0
2021,0,null,0,0,0
2022,0,null,0,0,0
2023,0,null,0,0,0
2024,0,null,0,0,0
2025,0,null,0,0,0
2026,0,null,0,0,0
2027,0,null,0,0,0
2028,0,null,0,0,0
2029,0,null,0,0,0
2030,0,null,0,0,0
2031,1,primary_proton,1,1,1
2032,0,null,0,0,0
2033,0,null,0,0,0
2034,0,null,0,0,0
2035,0,null,0,0,0
2036,0,null,0,0,0
2037,0,null,0,0,0
2038,6,secondary_proton,1,1,1
2039,0,null,0,0,0
2040,0,null,0,0,0
2041,0,null,0,0,0
2042,0,null,0,0,0
2044,29,pi-,1,1,0
2045,0,null,0,0,0
2046,0,null,0,0,0
2047,0,null,0,0,0
2048,0,null,0,0,0
2049,0,null,0,0,0
2050,0,null,0,0,0
2051,0,null,0,0,0
2052,0,null,0,0,0
2053,0,null,0,0,0
2054,0,null,0,0,0
2055,0,null,0,0,0
2056,0,null,0,0,0
2057,0,null,0,0,0
2058,0,null,0,0,0
2059,0,null,0,0,0
2060,4,secondary_proton,1,1,0
2061,0,null,0,0,0
2062,0,null,0,0,0
2063,0,null,0,0,0
2064,0,null,0,0,0
2065,0,null,0,0,0
2066,0,null,0,0,0
2067,0,null,0,0,0
2068,0,null,0,0,0
2069,0,null,0,0,0
2070,0,null,0,0,0
2071,0,null,0,0,0
2072,0,null,0,0,0
2073,0,null,0,0,0
2074,0,null,0,0,0
2075,0,null,0,0,0
2076,0,null,0,0,0
2077,0,null,0,0,0
2078,0,null,0,0,0
2079,1,primary_proton,1,1,1
2080,1,primary_proton,1,1,1
2081,0,null,0,0,0
2082,0,null,0,0,0
2083,0,null,0,0,0
2084,0,null,0,0,0
2085,1,primary_proton,1,1,1
2086,0,null,0,0,0
2087,0,null,0,0,0
2088,0,null,0,0,0
2089,0,null,0,0,0
2090,0,null,0,0,0
2091,0,null,0,0,0
2092,0,null,0,0,0
2093,0,null,0,0,0
2094,0,null,0,0,0
2095,0,null,0,0,0
2096,0,null,0,0,0
2097,0,null,0,0,0
2098,0,null,0,0,0
2099,0,null,0,0,0
2100,0,null,0,0,0
2101,0,null,0,0,0
2102,0,null,0,0,0
2103,0,null,0,0,0
2104,1,primary_proton,1,1,1
2105,0,null,0,0,0
2106,0,null,0,0,0
2107,2,secondary_proton,1,1,0
2108,0,null,0,0,0
2109,0,null,0,0,0
2110,0,null,0,0,0
2111,0,null,0,0,0
2112,0,null,0,0,0
2113,0,null,0,0,0
2114,35,pi+,1,0,0
2115,1,primary_proton,1,1,1
2116,0,null,0,0,0
2117,0,null,0,0,0
2118,0,null,0,0,0
2119,0,null,0,0,0
2120,0,null,0,0,0
2121,0,null,0,0,0
2122,9,pi-,1,1,1
2123,14,pi+,1,1,1
2124,0,null,0,0,0
2125,0,null,0,0,0
2126,0,null,0,0,0
2127,0,null,0,0,0
2128,0,null,0,0,0
2129,0,null,0,0,0
2130,0,null,0,0,0
2131,0,null,0,0,0
2132,530,secondary_proton,1,1,1
2133,0,null,0,0,0
2134,0,null,0,0,0
2135,0,null,0,0,0
2136,0,null,0,0,0
2137,0,null,0,0,0
2138,0,null,0,0,0
2139,0,null,0,0,0
2140,0,null,0,0,0
2141,0,null,0,0,0
2142,0,null,0,0,0
2143,0,null,0,0,0
2144,0,null,0,0,0
2145,0,null,0,0,0
2146,0,null,0,0,0
2147,0,null,0,0,0
2148,0,null,0,0,0
2149,0,null,0,0,0
2150,0,null,0,0,0
2151,0,null,0,0,0
2152,0,null,0,0,0
2153,1,primary_proton,1,1,1
2154,1,primary_proton,1,1,1
2155,0,null,0,0,0
2156,0,null,0,0,0
2157,0,null,0,0,0
2158,0,null,0,0,0
2159,9,secondary_proton,1,1,1
2160,0,null,0,0,0
2161,0,null,0,0,0
2162,0,null,0,0,0
2163,0,null,0,0,0
2164,0,null,0,0,0
2165,0,null,0,0,0
2166,0,null,0,0,0
2167,0,null,0,0,0
2168,0,null,0,0,0
2169,0,null,0,0,0
2170,0,null,0,0,0
2171,19,secondary_proton,1,0,0
2172,0,null,0,0,0
2173,1,primary_proton,1,1,1
2174,0,null,0,0,0
2175,0,null,0,0,0
2176,0,null,0,0,0
2177,0,null,0,0,0
2178,0,null,0,0,0
2179,0,null,0,0,0
2180,0,null,0,0,0
2181,6,pi-,1,1,1
2182,0,null,0,0,0
2183,0,null,0,0,0
2184,0,null,0,0,0
2185,1,primary_proton,1,1,1
2186,0,null,0,0,0
2187,0,null,0,0,0
2188,0,null,0,0,0
2189,0,null,0,0,0
2190,0,null,0,0,0
2191,0,null,0,0,0
2192,0,null,0,0,0
2193,0,null,0,0,0
2194,0,null,0,0,0
2195,0,null,0,0,0
2196,0,null,0,0,0
2197,0,null,0,0,0
2198,0,null,0,0,0
2199,0,null,0,0,0
2200,0,null,0,0,0
2201,0,null,0,0,0
2202,0,null,0,0,0
2203,0,null,0,0,0
2204,0,null,0,0,0
2205,0,null,0,0,0
2206,0,null,0,0,0
2207,0,null,0,0,0
2208,0,null,0,0,0
2209,0,null,0,0,0
2210,0,null,0,0,0
2211,0,null,0,0,0
2212,0,null,0,0,0
2213,0,null,0,0,0
2214,0,null,0,0,0
2215,0,null,0,0,0
2216,1,primary_proton,1,1,0
2217,0,null,0,0,0
2218,6,pi+,1,1,0
2219,0,null,0,0,0
2220,0,null,0,0,0
2221,0,null,0,0,0
2222,0,null,0,0,0
2223,0,null,0,0,0
2224,0,null,0,0,0
2225,0,null,0,0,0
2226,0,null,0,0,0
2227,0,null,0,0,0
2228,0,null,0,0,0
2229,0,null,0,0,0
2230,11,pi-,1,1,1
2231,0,null,0,0,0
2232,0,null,0,0,0
2233,0,null,0,0,0
2234,0,null,0,0,0
2235,0,null,0,0,0
2236,0,null,0,0,0
2237,0,null,0,0,0
2238,0,null,0,0,0
2239,0,null,0,0,0
2240,0,null,0,0,0
2241,0,null,0,0,0
2242,0,null,0,0,0
2243,0,null,0,0,0
2244,0,null,0,0,0
2245,0,null,0,0,0
2246,0,null,0,0,0
2247,0,null,0,0,0
2248,0,null,0,0,0
2249,1,primary_proton,1,1,1
2250,0,null,0,0,0
2251,0,null,0,0,0
2252,0,null,0,0,0
2253,0,null,0,0,0
2254,0,null,0,0,0
2255,0,null,0,0,0
2256,0,null,0,0,0
2257,0,null,0,0,0
2258,0,null,0,0,0
2259,0,null,0,0,0
2260,0,null,0,0,0
2262,0,null,0,0,0
2263,0,null,0,0,0
2264,0,null,0,0,0
2265,0,null,0,0,0
2266,0,null,0,0,0
2267,0,null,0,0,0
2268,14,secondary_proton,1,1,1
2269,0,null,0,0,0
2270,0,null,0,0,0
2271,1,primary_proton,1,1,1
2272,0,null,0,0,0
2273,0,null,0,0,0
2274,0,null,0,0,0
2275,0,null,0,0,0
2276,0,null,0,0,0
2277,0,null,0,0,0
2278,0,null,0,0,0
2279,0,null,0,0,0
2280,0,null,0,0,0
2281,0,null,0,0,0
2282,14,pi+,1,1,1
2283,0,null,0,0,0
2284,0,null,0,0,0
2285,0,null,0,0,0
2286,0,null,0,0,0
2287,0,null,0,0,0
2288,0,null,0,0,0
2289,0,null,0,0,0
2290,0,null,0,0,0
2291,0,null,0,0,0
2292,0,null,0,0,0
2293,7,kaon+,1,1,1
2294,0,null,0,0,0
2295,0,null,0,0,0
2296,18,pi-,1,1,1
2297,0,null,0,0,0
2298,0,null,0,0,0
2299,0,null,0,0,0
2300,0,null,0,0,0
2301,0,null,0,0,0
2302,0,null,0,0,0
2303,0,null,0,0,0
2304,0,null,0,0,0
2305,0,null,0,0,0
2306,0,null,0,0,0
2307,0,null,0,0,0
2308,0,null,0,0,0
2309,0,null,0,0,0
2310,0,null,0,0,0
2311,0,null,0,0,0
2312,0,null,0,0,0
2313,0,null,0,0,0
2314,0,null,0,0,0
2315,0,null,0,0,0
2316,1,primary_proton,1,1,1
2317,0,null,0,0,0
2318,0,null,0,0,0
2319,0,null,0,0,0
2320,0,null,0,0,0
2321,0,null,0,0,0
2322,0,null,0,0,0
2323,5569,pi-,1,1,1
2324,0,null,0,0,0
2325,0,null,0,0,0
2326,0,null,0,0,0
2327,1,primary_proton,1,1,1
2328,0,null,0,0,0
2329,0,null,0,0,0
2330,0,null,0,0,0
2331,0,null,0,0,0
2332,0,null,0,0,0
2333,0,null,0,0,0
2334,0,null,0,0,0
2335,1,primary_proton,1,1,1
2336,0,null,0,0,0
2337,0,null,0,0,0
2338,0,null,0,0,0
2339,0,null,0,0,0
2340,0,null,0,0,0
2341,0,null,0,0,0
2342,0,null,0,0,0
2343,0,null,0,0,0
2344,5,pi+,1,1,0
2345,0,null,0,0,0
2346,0,null,0,0,0
2347,0,null,0,0,0
2348,0,null,0,0,0
2349,0,null,0,0,0
2350,0,null,0,0,0
2351,0,null,0,0,0
2352,0,null,0,0,0
2353,0,null,0,0,0
2354,0,null,0,0,0
2355,0,null,0,0,0
2356,0,null,0,0,0
2357,0,null,0,0,0
2358,0,null,0,0,0
2359,0,null,0,0,0
2360,0,null,0,0,0
2361,0,null,0,0,0
2362,0,null,0,0,0
2363,0,null,0,0,0
2364,0,null,0,0,0
2365,0,null,0,0,0
2366,0,null,0,0,0
2367,0,null,0,0,0
2368,0,null,0,0,0
2369,0,null,0,0,0
2370,0,null,0,0,0
2371,0,null,0,0,0
2372,0,null,0,0,0
2373,0,null,0,0,0
2374,0,null,0,0,0
2375,0,null,0,0,0
2376,0,null,0,0,0
2377,6,pi+,1,1,1
2378,0,null,0,0,0
2379,0,null,0,0,0
2380,0,null,0,0,0
2381,0,null,0,0,0
2382,0,null,0,0,0
2383,0,null,0,0,0
2384,1,primary_proton,1,1,1
2385,0,null,0,0,0
2386,0,null,0,0,0
2387,1,primary_proton,1,1,1
2388,0,null,0,0,0
2389,0,null,0,0,0
2390,0,null,0,0,0
2391,0,null,0,0,0
2392,0,null,0,0,0
2393,0,null,0,0,0
2394,0,null,0,0,0
2395,0,null,0,0,0
2396,0,null,0,0,0
2397,1,primary_proton,1,1,1
2398,7,secondary_proton,1,1,1
2399,0,null,0,0,0
2400,0,null,0,0,0
2401,0,null,0,0,0
2402,0,null,0,0,0
2403,0,null,0,0,0
2404,0,null,0,0,0
2405,0,null,0,0,0
2406,0,null,0,0,0
2407,0,null,0,0,0
2408,0,null,0,0,0
2409,0,null,0,0,0
2410,0,null,0,0,0
2411,0,null,0,0,0
2412,0,null,0,0,0
2413,0,null,0,0,0
2414,0,null,0,0,0
2415,0,null,0,0,0
2416,0,null,0,0,0
2417,0,null,0,0,0
2418,0,null,0,0,0
2419,0,null,0,0,0
2420,0,null,0,0,0
2421,0,null,0,0,0
2422,0,null,0,0,0
2423,0,null,0,0,0
2424,0,null,0,0,0
2425,0,null,0,0,0
2426,0,null,0,0,0
2427,4164,e-,1,1,1
2428,0,null,0,0,0
2429,0,null,0,0,0
2430,0,null,0,0,0
2431,0,null,0,0,0
2432,0,null,0,0,0
2433,0,null,0,0,0
2434,0,null,0,0,0
2435,0,null,0,0,0
2436,0,null,0,0,0
2437,0,null,0,0,0
2438,0,null,0,0,0
2439,0,null,0,0,0
2440,0,null,0,0,0
2441,0,null,0,0,0
2442,0,null,0,0,0
2443,0,null,0,0,0
2444,0,null,0,0,0
2445,0,null,0,0,0
2446,0,null,0,0,0
2447,0,null,0,0,0
2448,0,null,0,0,0
2449,0,null,0,0,0
2450,0,null,0,0,0
2451,0,null,0,0,0
2452,0,null,0,0,0
2453,0,null,0,0,0
2454,0,null,0,0,0
2455,0,null,0,0,0
2456,0,null,0,0,0
2457,0,null,0,0,0
2458,0,null,0,0,0
2459,0,null,0,0,0
2460,0,null,0,0,0
2461,0,null,0,0,0
2462,0,null,0,0,0
2463,0,null,0,0,0
2464,0,null,0,0,0
2465,0,null,0,0,0
2466,0,null,0,0,0
2467,0,null,0,0,0
2468,0,null,0,0,0
2469,0,null,0,0,0
2470,0,null,0,0,0
2471,0,null,0,0,0
2472,0,null,0,0,0
2473,0,null,0,0,0
2474,0,null,0,0,0
2475,0,null,0,0,0
2476,0,null,0,0,0
2477,0,null,0,0,0
2478,0,null,0,0,0
2479,0,null,0,0,0
2480,0,null,0,0,0
2481,0,null,0,0,0
2482,0,null,0,0,0
2484,0,null,0,0,0
2485,0,null,0,0,0
2486,0,null,0,0,0
2487,7,pi+,1,1,0
2488,0,null,0,0,0
2489,0,null,0,0,0
2490,0,null,0,0,0
2491,0,null,0,0,0
2492,0,null,0,0,0
2493,0,null,0,0,0
2494,0,null,0,0,0
2495,0,null,0,0,0
2496,0,null,0,0,0
2497,0,null,0,0,0
2498,0,null,0,0,0
2499,0,null,0,0,0
2500,4,secondary_proton,1,1,1
2501,0,null,0,0,0
2502,0,null,0,0,0
2503,0,null,0,0,0
2504,0,null,0,0,0
2505,0,null,0,0,0
2506,0,null,0,0,0
2507,1,primary_proton,1,1,1
2508,0,null,0,0,0
2509,1,primary_proton,1,1,1
2510,0,null,0,0,0
2511,0,null,0,0,0
2512,0,null,0,0,0
2513,0,null,0,0,0
2514,1,primary_proton,1,1,1
2515,0,null,0,0,0
2516,0,null,0,0,0
2517,0,null,0,0,0
2518,0,null,0,0,0
2519,0,null,0,0,0
2520,0,null,0,0,0
2521,0,null,0,0,0
2522,0,null,0,0,0
2523,0,null,0,0,0
2524,0,null,0,0,0
2525,0,null,0,0,0
2526,0,null,0,0,0
2527,0,null,0,0,0
2528,0,null,0,0,0
2529,0,null,0,0,0
2530,0,null,0,0,0
2531,0,null,0,0,0
2532,0,null,0,0,0
2533,34,pi-,1,1,0
2534,0,null,0,0,0
2535,0,null,0,0,0
2536,0,null,0,0,0
2537,0,null,0,0,0
2538,0,null,0,0,0
2539,0,null,0,0,0
2540,0,null,0,0,0
2541,0,null,0,0,0
2542,0,null,0,0,0
2543,0,null,0,0,0
2544,0,null,0,0,0
2545,0,null,0,0,0
2546,6,secondary_proton,1,1,1
2547,0,null,0,0,0
2548,0,null,0,0,0
2549,0,null,0,0,0
2550,0,null,0,0,0
2551,0,null,0,0,0
2552,0,null,0,0,0
2553,0,null,0,0,0
2554,0,null,0,0,0
2555,0,null,0,0,0
2556,0,null,0,0,0
2557,0,null,0,0,0
2558,0,null,0,0,0
2559,0,null,0,0,0
2560,0,null,0,0,0
2561,0,null,0,0,0
2562,8,pi+,1,1,1
2563,0,null,0,0,0
2564,0,null,0,0,0
2565,0,null,0,0,0
2566,0,null,0,0,0
2567,0,null,0,0,0
2568,0,null,0,0,0
2569,0,null,0,0,0
2570,0,null,0,0,0
2571,0,null,0,0,0
2572,0,null,0,0,0
2573,0,null,0,0,0
2574,10,pi-,1,0,0
2575,1,primary_proton,1,1,1
2576,0,null,0,0,0
2577,0,null,0,0,0
2578,0,null,0,0,0
2579,0,null,0,0,0
2580,0,null,0,0,0
2581,0,null,0,0,0
2582,0,null,0,0,0
2583,0,null,0,0,0
2584,0,null,0,0,0
2585,15,pi-,1,1,1
2586,0,null,0,0,0
2587,0,null,0,0,0
2588,0,null,0,0,0
2589,0,null,0,0,0
2590,1,primary_proton,1,1,1
2591,0,null,0,0,0
2592,0,null,0,0,0
2593,0,null,0,0,0
2594,0,null,0,0,0
2595,0,null,0,0,0
2596,0,null,0,0,0
2597,0,null,0,0,0
2598,0,null,0,0,0
2599,0,null,0,0,0
2600,0,null,0,0,0
2601,0,null,0,0,0
2602,0,null,0,0,0
2603,0,null,0,0,0
2604,0,null,0,0,0
2605,0,null,0,0,0
2606,0,null,0,0,0
2607,0,null,0,0,0
2608,0,null,0,0,0
2609,0,null,0,0,0
2610,2,pi-,1,1,0
2611,0,null,0,0,0
2612,0,null,0,0,0
2613,0,null,0,0,0
2614,0,null,0,0,0
2615,1,primary_proton,1,1,1
2616,2,secondary_proton,1,1,1
2617,0,null,0,0,0
2618,41,pi-,1,0,0
2619,0,null,0,0,0
2620,0,null,0,0,0
2621,0,null,0,0,0
2622,0,null,0,0,0
2623,5,pi+,1,1,1
2624,0,null,0,0,0
2625,0,null,0,0,0
2626,0,null,0,0,0
2627,0,null,0,0,0
2628,0,null,0,0,0
2629,0,null,0,0,0
2630,0,null,0,0,0
2631,0,null,0,0,0
2632,0,null,0,0,0
2633,0,null,0,0,0
2634,6,pi-,1,1,1
2635,0,null,0,0,0
2636,0,null,0,0,0
2637,0,null,0,0,0
2638,1,primary_proton,1,1,1
2639,0,null,0,0,0
2640,0,null,0,0,0
2641,0,null,0,0,0
2642,0,null,0,0,0
2643,0,null,0,0,0
2644,0,null,0,0,0
2645,0,null,0,0,0
2646,0,null,0,0,0
2647,0,null,0,0,0
2648,0,null,0,0,0
2649,0,null,0,0,0
2650,0,null,0,0,0
2651,421,pi-,1,1,1
2652,0,null,0,0,0
2653,0,null,0,0,0
2654,0,null,0,0,0
2655,0,null,0,0,0
2656,0,null,0,0,0
2657,1538,e-,1,0,0
2658,0,null,0,0,0
2659,1129,pi-,1,0,0
2660,0,null,0,0,0
2661,0,null,0,0,0
2662,0,null,0,0,0
2663,0,null,0,0,0
2664,0,null,0,0,0
2665,0,null,0,0,0
2666,1,primary_proton,1,1,1
2667,0,null,0,0,0
2668,0,null,0,0,0
2669,0,null,0,0,0
2670,0,null,0,0,0
2671,289,secondary_proton,1,1,1
2672,0,null,0,0,0
2673,0,null,0,0,0
2674,0,null,0,0,0
2675,0,null,0,0,0
2676,0,null,0,0,0
2677,0,null,0,0,0
2678,0,null,0,0,0
2679,0,null,0,0,0
2680,0,null,0,0,0
2681,0,null,0,0,0
2682,0,null,0,0,0
2683,1,primary_proton,1,1,1
2684,0,null,0,0,0
2685,0,null,0,0,0
2686,5,secondary_proton,1,1,0
2687,0,null,0,0,0
2688,0,null,0,0,0
2689,0,null,0,0,0
2690,0,null,0,0,0
2691,0,null,0,0,0
2692,0,null,0,0,0
2693,14,secondary_proton,1,1,1
2694,0,null,0,0,0
2695,0,null,0,0,0
2696,0,null,0,0,0
2697,0,null,0,0,0
2698,0,null,0,0,0
2699,0,null,0,0,0
2700,0,null,0,0,0
2702,0,null,0,0,0
2703,0,null,0,0,0
2704,0,null,0,0,0
2705,0,null,0,0,0
2706,0,null,0,0,0
2707,0,null,0,0,0
2708,0,null,0,0,0
2709,0,null,0,0,0
2710,0,null,0,0,0
2711,0,null,0,0,0
2712,0,null,0,0,0
2713,0,null,0,0,0
2714,23,secondary_proton,1,1,1
2715,0,null,0,0,0
2716,0,null,0,0,0
2717,0,null,0,0,0
2718,0,null,0,0,0
2719,0,null,0,0,0
2720,0,null,0,0,0
2721,0,null,0,0,0
2722,0,null,0,0,0
2723,0,null,0,0,0
2724,0,null,0,0,0
2725,0,null,0,0,0
2726,0,null,0,0,0
2727,0,null,0,0,0
2728,0,null,0,0,0
2729,0,null,0,0,0
2730,0,null,0,0,0
2731,0,null,0,0,0
2732,0,null,0,0,0
2733,0,null,0,0,0
2734,0,null,0,0,0
2735,0,null,0,0,0
2736,0,null,0,0,0
2737,0,null,0,0,0
2738,0,null,0,0,0
2739,0,null,0,0,0
2740,0,null,0,0,0
2741,0,null,0,0,0
2742,0,null,0,0,0
2743,0,null,0,0,0
2744,0,null,0,0,0
2745,0,null,0,0,0
2746,0,null,0,0,0
2747,0,null,0,0,0
2748,1106,e-,1,1,1
2749,0,null,0,0,0
2750,0,null,0,0,0
2751,0,null,0,0,0
2752,0,null,0,0,0
2753,0,null,0,0,0
2754,0,null,0,0,0
2755,0,null,0,0,0
2756,0,null,0,0,0
2757,0,null,0,0,0
2758,0,null,0,0,0
2759,0,null,0,0,0
2760,0,null,0,0,0
2761,0,null,0,0,0
2762,0,null,0,0,0
2763,0,null,0,0,0
2764,0,null,0,0,0
2765,0,null,0,0,0
2766,9,pi-,1,1,1
2767,0,null,0,0,0
2768,0,null,0,0,0
2769,0,null,0,0,0
2770,0,null,0,0,0
2771,2799,secondary_proton,1,1,1
2772,0,null,0,0,0
2773,0,null,0,0,0
2774,0,null,0,0,0
2775,0,null,0,0,0
2776,0,null,0,0,0
2777,0,null,0,0,0
2778,0,null,0,0,0
2779,0,null,0,0,0
2780,0,null,0,0,0
2781,8,pi+,1,1,1
2782,13,pi-,1,1,0
2783,0,null,0,0,0
2784,0,null,0,0,0
2785,0,null,0,0,0
2786,9,pi-,1,1,1
2787,0,null,0,0,0
2788,0,null,0,0,0
2789,0,null,0,0,0
2790,0,null,0,0,0
2791,0,null,0,0,0
2792,0,null,0,0,0
2793,1,primary_proton,1,1,1
2794,0,null,0,0,0
2795,0,null,0,0,0
2796,0,null,0,0,0
2797,0,null,0,0,0
2798,0,null,0,0,0
2799,0,null,0,0,0
2800,0,null,0,0,0
2801,0,null,0,0,0
2802,0,null,0,0,0
2803,0,null,0,0,0
2804,0,null,0,0,0
2805,0,null,0,0,0
2806,0,null,0,0,0
2807,0,null,0,0,0
2808,0,null,0,0,0
2809,0,null,0,0,0
2810,0,null,0,0,0
2811,0,null,0,0,0
2812,0,null,0,0,0
2813,0,null,0,0,0
2814,0,null,0,0,0
2815,0,null,0,0,0
2816,0,null,0,0,0
2817,0,null,0,0,0
2818,0,null,0,0,0
2819,0,null,0,0,0
2820,0,null,0,0,0
2821,0,null,0,0,0
2822,16,pi-,1,1,1
2823,0,null,0,0,0
2824,1,primary_proton,1,1,1
2825,0,null,0,0,0
2826,0,null,0,0,0
2827,0,null,0,0,0
2828,0,null,0,0,0
2829,0,null,0,0,0
2830,0,null,0,0,0
2831,0,null,0,0,0
2832,0,null,0,0,0
2833,0,null,0,0,0
2834,0,null,0,0,0
2835,0,null,0,0,0
2836,0,null,0,0,0
2837,0,null,0,0,0
2838,0,null,0,0,0
2839,0,null,0,0,0
2840,0,null,0,0,0
2841,0,null,0,0,0
2842,0,null,0,0,0
2843,0,null,0,0,0
2844,0,null,0,0,0
2845,0,null,0,0,0
2846,0,null,0,0,0
2847,0,null,0,0,0
2848,0,null,0,0,0
2849,0,null,0,0,0
2850,0,null,0,0,0
2851,0,null,0,0,0
2852,0,null,0,0,0
2853,1,primary_proton,1,1,1
2854,0,null,0,0,0
2855,0,null,0,0,0
2856,0,null,0,0,0
2857,0,null,0,0,0
2858,0,null,0,0,0
2859,0,null,0,0,0
2860,0,null,0,0,0
2861,0,null,0,0,0
2862,1,primary_proton,1,1,1
2863,0,null,0,0,0
2864,0,null,0,0,0
2865,0,null,0,0,0
2866,0,null,0,0,0
2867,0,null,0,0,0
2868,7,secondary_proton,1,1,1
2869,0,null,0,0,0
2870,0,null,0,0,0
2871,0,null,0,0,0
2872,0,null,0,0,0
2873,0,null,0,0,0
2874,0,null,0,0,0
2875,0,null,0,0,0
2876,0,null,0,0,0
2877,0,null,0,0,0
2878,0,null,0,0,0
2879,0,null,0,0,0
2880,0,null,0,0,0
2881,0,null,0,0,0
2882,0,null,0,0,0
2883,7,pi+,1,1,1
2884,0,null,0,0,0
2885,0,null,0,0,0
2886,0,null,0,0,0
2887,0,null,0,0,0
2888,0,null,0,0,0
2889,0,null,0,0,0
2890,0,null,0,0,0
2891,0,null,0,0,0
2892,0,null,0,0,0
2893,0,null,0,0,0
2894,0,null,0,0,0
2895,12,pi+,1,1,1
2896,0,null,0,0,0
2897,0,null,0,0,0
2898,0,null,0,0,0
2899,0,null,0,0,0
2900,0,null,0,0,0
2901,0,null,0,0,0
2902,0,null,0,0,0
2903,0,null,0,0,0
2904,0,null,0,0,0
2905,0,null,0,0,0
2906,0,null,0,0,0
2907,0,null,0,0,0
2908,0,null,0,0,0
2909,0,null,0,0,0
2910,0,null,0,0,0
2911,0,null,0,0,0
2912,7,secondary_proton,1,1,1
2913,0,null,0,0,0
2914,0,null,0,0,0
2915,0,null,0,0,0
2916,0,null,0,0,0
2917,0,null,0,0,0
2918,0,null,0,0,0
2919,0,null,0,0,0
2920,0,null,0,0,0
2921,0,null,0,0,0
2922,0,null,0,0,0
2923,0,null,0,0,0
2925,0,null,0,0,0
2926,0,null,0,0,0
2927,0,null,0,0,0
2928,0,null,0,0,0
2929,0,null,0,0,0
2930,0,null,0,0,0
2931,0,null,0,0,0
2932,0,null,0,0,0
2933,0,null,0,0,0
2934,0,null,0,0,0
2935,0,null,0,0,0
2936,0,null,0,0,0
2937,0,null,0,0,0
2938,0,null,0,0,0
2939,0,null,0,0,0
2940,0,null,0,0,0
2941,0,null,0,0,0
2942,0,null,0,0,0
2943,0,null,0,0,0
2944,17,pi-,1,1,1
2945,0,null,0,0,0
2946,0,null,0,0,0
2947,0,null,0,0,0
2948,0,null,0,0,0
2949,0,null,0,0,0
2950,0,null,0,0,0
2951,0,null,0,0,0
2952,0,null,0,0,0
2953,0,null,0,0,0
2954,0,null,0,0,0
2955,0,null,0,0,0
2956,0,null,0,0,0
2957,0,null,0,0,0
2958,0,null,0,0,0
2959,0,null,0,0,0
2960,0,null,0,0,0
2961,0,null,0,0,0
2962,0,null,0,0,0
2963,0,null,0,0,0
2964,8,pi-,1,0,0
2965,0,null,0,0,0
2966,0,null,0,0,0
2967,0,null,0,0,0
2968,0,null,0,0,0
2969,0,null,0,0,0
2970,0,null,0,0,0
2971,0,null,0,0,0
2972,0,null,0,0,0
2973,0,null,0,0,0
2974,0,null,0,0,0
2975,0,null,0,0,0
2976,0,null,0,0,0
2977,0,null,0,0,0
2978,0,null,0,0,0
2979,0,null,0,0,0
2980,0,null,0,0,0
2981,0,null,0,0,0
2982,0,null,0,0,0
2983,0,null,0,0,0
2984,0,null,0,0,0
2985,0,null,0,0,0
2986,0,null,0,0,0
2987,0,null,0,0,0
2988,0,null,0,0,0
2989,0,null,0,0,0
2990,0,null,0,0,0
2991,0,null,0,0,0
2992,0,null,0,0,0
2993,0,null,0,0,0
2994,0,null,0,0,0
2995,0,null,0,0,0
2996,0,null,0,0,0
2997,0,null,0,0,0
2998,0,null,0,0,0
2999,0,null,0,0,0
3000,0,null,0,0,0
3001,0,null,0,0,0
3002,0,null,0,0,0
3003,0,null,0,0,0
3004,0,null,0,0,0
3005,0,null,0,0,0
3006,0,null,0,0,0
3007,0,null,0,0,0
3008,0,null,0,0,0
3009,0,null,0,0,0
3010,0,null,0,0,0
3011,0,null,0,0,0
3012,0,null,0,0,0
3013,0,null,0,0,0
3014,0,null,0,0,0
3015,0,null,0,0,0
3016,0,null,0,0,0
3017,0,null,0,0,0
3018,0,null,0,0,0
3019,0,null,0,0,0
3020,0,null,0,0,0
3021,0,null,0,0,0
3022,0,null,0,0,0
3023,0,null,0,0,0
3024,0,null,0,0,0
3025,0,null,0,0,0
3026,0,null,0,0,0
3027,0,null,0,0,0
3028,0,null,0,0,0
3029,0,null,0,0,0
3030,0,null,0,0,0
3031,0,null,0,0,0
3032,0,null,0,0,0
3033,0,null,0,0,0
3034,0,null,0,0,0
3035,0,null,0,0,0
3036,0,null,0,0,0
3037,0,null,0,0,0
3038,0,null,0,0,0
3039,0,null,0,0,0
3040,1,primary_proton,1,1,1
3041,0,null,0,0,0
3042,0,null,0,0,0
3043,0,null,0,0,0
3044,0,null,0,0,0
3045,0,null,0,0,0
3046,0,null,0,0,0
3047,0,null,0,0,0
3048,0,null,0,0,0
3049,0,null,0,0,0
3050,0,null,0,0,0
3051,0,null,0,0,0
3052,0,null,0,0,0
3053,0,null,0,0,0
3054,0,null,0,0,0
3055,0,null,0,0,0
3056,0,null,0,0,0
3057,0,null,0,0,0
3058,0,null,0,0,0
3059,0,null,0,0,0
3060,0,null,0,0,0
3061,0,null,0,0,0
3062,2808,e-,1,0,0
3063,0,null,0,0,0
3064,0,null,0,0,0
3065,0,null,0,0,0
3066,0,null,0,0,0
3067,0,null,0,0,0
3068,0,null,0,0,0
3069,0,null,0,0,0
3070,0,null,0,0,0
3071,0,null,0,0,0
3072,0,null,0,0,0
3073,0,null,0,0,0
3074,0,null,0,0,0
3075,0,null,0,0,0
3076,1,primary_proton,1,1,1
3077,1,primary_proton,1,1,1
3078,0,null,0,0,0
3079,0,null,0,0,0
3080,0,null,0,0,0
3081,0,null,0,0,0
3082,0,null,0,0,0
3083,0,null,0,0,0
3084,0,null,0,0,0
3085,0,null,0,0,0
3086,0,null,0,0,0
3087,0,null,0,0,0
3088,0,null,0,0,0
3089,0,null,0,0,0
3090,0,null,0,0,0
3091,0,null,0,0,0
3092,0,null,0,0,0
3093,0,null,0,0,0
3094,0,null,0,0,0
3095,0,null,0,0,0
3096,0,null,0,0,0
3097,0,null,0,0,0
3098,0,null,0,0,0
3099,0,null,0,0,0
3100,0,null,0,0,0
3101,0,null,0,0,0
3102,0,null,0,0,0
3103,1,primary_proton,1,1,1
3104,0,null,0,0,0
3105,0,null,0,0,0
3106,0,null,0,0,0
3107,0,null,0,0,0
3108,0,null,0,0,0
3109,0,null,0,0,0
3110,0,null,0,0,0
3111,0,null,0,0,0
3112,0,null,0,0,0
3113,0,null,0,0,0
3114,0,null,0,0,0
3115,7,pi-,1,1,1
3116,0,null,0,0,0
3117,0,null,0,0,0
3118,1,primary_proton,1,1,1
3119,0,null,0,0,0
3120,0,null,0,0,0
3121,0,null,0,0,0
3122,0,null,0,0,0
3123,0,null,0,0,0
3124,0,null,0,0,0
3125,0,null,0,0,0
3126,0,null,0,0,0
3127,0,null,0,0,0
3128,0,null,0,0,0
3129,0,null,0,0,0
3130,0,null,0,0,0
3131,9,pi+,1,1,0
3132,0,null,0,0,0
3133,0,null,0,0,0
3134,0,null,0,0,0
3135,0,null,0,0,0
3136,0,null,0,0,0
3137,0,null,0,0,0
3138,0,null,0,0,0
3139,0,null,0,0,0
3140,0,null,0,0,0
3141,0,null,0,0,0
3142,0,null,0,0,0
3143,0,null,0,0,0
3144,0,null,0,0,0
3145,0,null,0,0,0
3146,0,null,0,0,0
3147,0,null,0,0,0
3148,0,null,0,0,0
3150,0,null,0,0,0
3151,0,null,0,0,0
3152,0,null,0,0,0
3153,0,null,0,0,0
3154,0,null,0,0,0
3155,0,null,0,0,0
3156,0,null,0,0,0
3157,0,null,0,0,0
3158,5,secondary_proton,1,1,1
3159,0,null,0,0,0
3160,0,null,0,0,0
3161,0,null,0,0,0
3162,0,null,0,0,0
3163,0,null,0,0,0
3164,0,null,0,0,0
3165,0,null,0,0,0
3166,0,null,0,0,0
3167,0,null,0,0,0
3168,0,null,0,0,0
3169,0,null,0,0,0
3170,0,null,0,0,0
3171,0,null,0,0,0
3172,0,null,0,0,0
3173,0,null,0,0,0
3174,0,null,0,0,0
3175,0,null,0,0,0
3176,0,null,0,0,0
3177,0,null,0,0,0
3178,0,null,0,0,0
3179,0,null,0,0,0
3180,0,null,0,0,0
3181,0,null,0,0,0
3182,0,null,0,0,0
3183,5,secondary_proton,1,1,1
3184,1,primary_proton,1,1,1
3185,6,pi+,1,0,0
3186,0,null,0,0,0
3187,0,null,0,0,0
3188,0,null,0,0,0
3189,0,null,0,0,0
3190,0,null,0,0,0
3191,0,null,0,0,0
3192,0,null,0,0,0
3193,0,null,0,0,0
3194,0,null,0,0,0
3195,0,null,0,0,0
3196,0,null,0,0,0
3197,0,null,0,0,0
3198,0,null,0,0,0
3199,1,primary_proton,1,1,1
3200,0,null,0,0,0
3201,0,null,0,0,0
3202,0,null,0,0,0
3203,0,null,0,0,0
3204,0,null,0,0,0
3205,0,null,0,0,0
3206,0,null,0,0,0
3207,0,null,0,0,0
3208,0,null,0,0,0
3209,0,null,0,0,0
3210,0,null,0,0,0
3211,0,null,0,0,0
3212,0,null,0,0,0
3213,0,null,0,0,0
3214,0,null,0,0,0
3215,0,null,0,0,0
3216,0,null,0,0,0
3217,1,primary_proton,1,1,1
3218,0,null,0,0,0
3219,9,secondary_proton,1,1,1
3220,0,null,0,0,0
3221,0,null,0,0,0
3222,0,null,0,0,0
3223,0,null,0,0,0
3224,0,null,0,0,0
3225,0,null,0,0,0
3226,0,null,0,0,0
3227,0,null,0,0,0
3228,0,null,0,0,0
3229,0,null,0,0,0
3230,0,null,0,0,0
3231,0,null,0,0,0
3232,0,null,0,0,0
3233,0,null,0,0,0
3234,0,null,0,0,0
3235,5,secondary_proton,1,1,1
3236,0,null,0,0,0
3237,0,null,0,0,0
3238,0,null,0,0,0
3239,0,null,0,0,0
3240,0,null,0,0,0
3241,0,null,0,0,0
3242,0,null,0,0,0
3243,0,null,0,0,0
3244,0,null,0,0,0
3245,0,null,0,0,0
3246,8,pi-,1,1,1
3247,0,null,0,0,0
3248,0,null,0,0,0
3249,0,null,0,0,0
3250,0,null,0,0,0
3251,0,null,0,0,0
3252,0,null,0,0,0
3253,0,null,0,0,0
3254,1,primary_proton,1,1,1
3255,0,null,0,0,0
3256,0,null,0,0,0
3257,0,null,0,0,0
3258,0,null,0,0,0
3259,0,null,0,0,0
3260,0,null,0,0,0
3261,9,pi+,1,1,1
3262,0,null,0,0,0
3263,0,null,0,0,0
3264,0,null,0,0,0
3265,0,null,0,0,0
3266,0,null,0,0,0
3267,0,null,0,0,0
3268,0,null,0,0,0
3269,0,null,0,0,0
3270,0,null,0,0,0
3271,0,null,0,0,0
3272,0,null,0,0,0
3273,0,null,0,0,0
3274,0,null,0,0,0
3275,0,null,0,0,0
3276,0,null,0,0,0
3277,0,null,0,0,0
3278,0,null,0,0,0
3279,0,null,0,0,0
3280,0,null,0,0,0
3281,0,null,0,0,0
3282,0,null,0,0,0
3283,0,null,0,0,0
3284,0,null,0,0,0
3285,0,null,0,0,0
3286,0,null,0,0,0
3287,0,null,0,0,0
3288,0,null,0,0,0
3289,0,null,0,0,0
3290,0,null,0,0,0
3291,0,null,0,0,0
3292,0,null,0,0,0
3293,0,null,0,0,0
3294,0,null,0,0,0
3295,0,null,0,0,0
3296,0,null,0,0,0
3297,0,null,0,0,0
3298,0,null,0,0,0
3299,0,null,0,0,0
3300,0,null,0,0,0
3301,0,null,0,0,0
3302,1,primary_proton,1,1,1
3303,0,null,0,0,0
3304,0,null,0,0,0
3305,0,null,0,0,0
3306,0,null,0,0,0
3307,0,null,0,0,0
3308,0,null,0,0,0
3309,0,null,0,0,0
3310,0,null,0,0,0
3311,0,null,0,0,0
3312,0,null,0,0,0
3313,0,null,0,0,0
3314,0,null,0,0,0
3315,0,null,0,0,0
3316,0,null,0,0,0
3317,0,null,0,0,0
3318,0,null,0,0,0
3319,0,null,0,0,0
3320,0,null,0,0,0
3321,0,null,0,0,0
3322,0,null,0,0,0
3323,118,pi+,1,1,1
3324,0,null,0,0,0
3325,0,null,0,0,0
3326,0,null,0,0,0
3327,0,null,0,0,0
3328,0,null,0,0,0
3329,0,null,0,0,0
3330,0,null,0,0,0
3331,0,null,0,0,0
3332,0,null,0,0,0
3333,0,null,0,0,0
3334,0,null,0,0,0
3335,0,null,0,0,0
3336,0,null,0,0,0
3337,0,null,0,0,0
3338,0,null,0,0,0
3339,0,null,0,0,0
3340,0,null,0,0,0
3341,0,null,0,0,0
3342,0,null,0,0,0
3343,0,null,0,0,0
3344,0,null,0,0,0
3345,0,null,0,0,0
3346,0,null,0,0,0
3347,0,null,0,0,0
3348,0,null,0,0,0
3349,17,pi+,1,0,0
3350,1,primary_proton,1,1,1
3351,0,null,0,0,0
3352,0,null,0,0,0
3353,0,null,0,0,0
3354,0,null,0,0,0
3355,0,null,0,0,0
3356,4509,e-,1,0,0
3357,0,null,0,0,0
3358,0,null,0,0,0
3359,6,secondary_proton,1,1,1
3360,0,null,0,0,0
3361,0,null,0,0,0
3362,0,null,0,0,0
3363,0,null,0,0,0
3364,0,null,0,0,0
3365,0,null,0,0,0
3366,0,null,0,0,0
3367,0,null,0,0,0
3368,0,null,0,0,0
3370,0,null,0,0,0
3371,0,null,0,0,0
3372,0,null,0,0,0
3373,0,null,0,0,0
3374,0,null,0,0,0
3375,0,null,0,0,0
3376,0,null,0,0,0
3377,0,null,0,0,0
3378,1,primary_proton,1,1,1
3379,0,null,0,0,0
3380,0,null,0,0,0
3381,0,null,0,0,0
3382,0,null,0,0,0
3383,0,null,0,0,0
3384,0,null,0,0,0
3385,0,null,0,0,0
3386,0,null,0,0,0
3387,0,null,0,0,0
3388,0,null,0,0,0
3389,0,null,0,0,0
3390,0,null,0,0,0
3391,0,null,0,0,0
3392,9,secondary_proton,1,1,1
3393,0,null,0,0,0
3394,0,null,0,0,0
3395,0,null,0,0,0
3396,1,primary_proton,1,1,1
3397,0,null,0,0,0
3398,0,null,0,0,0
3399,0,null,0,0,0
3400,0,null,0,0,0
3401,0,null,0,0,0
3402,0,null,0,0,0
3403,0,null,0,0,0
3404,0,null,0,0,0
3405,0,null,0,0,0
3406,0,null,0,0,0
3407,0,null,0,0,0
3408,0,null,0,0,0
3409,0,null,0,0,0
3410,0,null,0,0,0
3411,0,null,0,0,0
3412,0,null,0,0,0
3413,0,null,0,0,0
3414,0,null,0,0,0
3415,0,null,0,0,0
3416,0,null,0,0,0
3417,0,null,0,0,0
3418,0,null,0,0,0
3419,0,null,0,0,0
3420,0,null,0,0,0
3421,0,null,0,0,0
3422,0,null,0,0,0
3423,0,null,0,0,0
3424,0,null,0,0,0
3425,0,null,0,0,0
3426,0,null,0,0,0
3427,0,null,0,0,0
3428,0,null,0,0,0
3429,0,null,0,0,0
3430,0,null,0,0,0
3431,0,null,0,0,0
3432,0,null,0,0,0
3433,1,primary_proton,1,1,1
3434,0,null,0,0,0
3435,0,null,0,0,0
3436,0,null,0,0,0
3437,0,null,0,0,0
3438,0,null,0,0,0
3439,0,null,0,0,0
3440,0,null,0,0,0
3441,0,null,0,0,0
3442,0,null,0,0,0
3443,0,null,0,0,0
3444,0,null,0,0,0
3445,0,null,0,0,0
3446,0,null,0,0,0
3447,0,null,0,0,0
3448,0,null,0,0,0
3449,0,null,0,0,0
3450,0,null,0,0,0
3451,0,null,0,0,0
3452,0,null,0,0,0
3453,0,null,0,0,0
3454,0,null,0,0,0
3455,0,null,0,0,0
3456,0,null,0,0,0
3457,0,null,0,0,0
3458,73,pi+,1,1,0
3459,0,null,0,0,0
3460,0,null,0,0,0
3461,0,null,0,0,0
3462,0,null,0,0,0
3463,0,null,0,0,0
3464,0,null,0,0,0
3465,0,null,0,0,0
3466,0,null,0,0,0
3467,0,null,0,0,0
3468,0,null,0,0,0
3469,0,null,0,0,0
3470,0,null,0,0,0
3471,0,null,0,0,0
3472,1,primary_proton,1,1,1
3473,0,null,0,0,0
3474,0,null,0,0,0
3475,0,null,0,0,0
3476,0,null,0,0,0
3477,0,null,0,0,0
3478,0,null,0,0,0
3479,0,null,0,0,0
3480,0,null,0,0,0
3481,0,null,0,0,0
3482,0,null,0,0,0
3483,0,null,0,0,0
3484,0,null,0,0,0
3485,0,null,0,0,0
3486,0,null,0,0,0
3487,34,pi+,1,1,0
3488,0,null,0,0,0
3489,0,null,0,0,0
3490,0,null,0,0,0
3491,0,null,0,0,0
3492,163,pi+,1,1,0
3493,0,null,0,0,0
3494,0,null,0,0,0
3495,0,null,0,0,0
3496,0,null,0,0,0
3497,0,null,0,0,0
3498,0,null,0,0,0
3499,0,null,0,0,0
3500,0,null,0,0,0
3501,0,null,0,0,0
3502,0,null,0,0,0
3503,1,primary_proton,1,1,1
3504,0,null,0,0,0
3505,0,null,0,0,0
3506,0,null,0,0,0
3507,0,null,0,0,0
3508,0,null,0,0,0
3509,0,null,0,0,0
3510,0,null,0,0,0
3511,0,null,0,0,0
3512,0,null,0,0,0
3513,0,null,0,0,0
3514,0,null,0,0,0
3515,0,null,0,0,0
3516,0,null,0,0,0
3517,0,null,0,0,0
3518,0,null,0,0,0
3519,11,pi-,1,1,1
3520,0,null,0,0,0
3521,0,null,0,0,0
3522,0,null,0,0,0
3523,0,null,0,0,0
3524,0,null,0,0,0
3525,0,null,0,0,0
3526,0,null,0,0,0
3527,0,null,0,0,0
3528,0,null,0,0,0
3529,0,null,0,0,0
3530,0,null,0,0,0
3531,0,null,0,0,0
3532,0,null,0,0,0
3533,0,null,0,0,0
3534,0,null,0,0,0
3535,0,null,0,0,0
3536,0,null,0,0,0
3537,0,null,0,0,0
3538,0,null,0,0,0
3539,0,null,0,0,0
3540,0,null,0,0,0
3541,0,null,0,0,0
3542,0,null,0,0,0
3543,0,null,0,0,0
3544,0,null,0,0,0
3545,0,null,0,0,0
3546,0,null,0,0,0
3547,0,null,0,0,0
3548,0,null,0,0,0
3549,0,null,0,0,0
3550,0,null,0,0,0
3551,5,secondary_proton,1,1,1
3552,0,null,0,0,0
3553,0,null,0,0,0
3554,10,secondary_proton,1,0,0
3555,0,null,0,0,0
3556,0,null,0,0,0
3557,0,null,0,0,0
3558,0,null,0,0,0
3559,0,null,0,0,0
3560,0,null,0,0,0
3561,0,null,0,0,0
3562,0,null,0,0,0
3563,3,secondary_proton,1,0,0
3564,0,null,0,0,0
3565,0,null,0,0,0
3566,0,null,0,0,0
3567,0,null,0,0,0
3568,0,null,0,0,0
3569,0,null,0,0,0
3570,0,null,0,0,0
3571,0,null,0,0,0
3572,0,null,0,0,0
3573,0,null,0,0,0
3574,0,null,0,0,0
3575,0,null,0,0,0
3576,0,null,0,0,0
3577,0,null,0,0,0
3578,0,null,0,0,0
3579,0,null,0,0,0
3580,0,null,0,0,0
3581,0,null,0,0,0
3582,0,null,0,0,0
3583,0,null,0,0,0
3584,0,null,0,0,0
3585,0,null,0,0,0
3586,3,secondary_proton,1,1,1
3587,4,secondary_proton,1,1,1
3588,13,pi+,1,1,1
3589,0,null,0,0,0
3591,0,null,0,0,0
3592,0,null,0,0,0
3593,3090,e-,1,0,0
3594,1,primary_proton,1,1,1
3595,0,null,0,0,0
3596,0,null,0,0,0
3597,0,null,0,0,0
3598,0,null,0,0,0
3599,0,null,0,0,0
3600,0,null,0,0,0
3601,13,pi+,1,1,1
3602,7,pi+,1,1,0
3603,0,null,0,0,0
3604,0,null,0,0,0
3605,0,null,0,0,0
3606,0,null,0,0,0
3607,0,null,0,0,0
3608,0,null,0,0,0
3609,0,null,0,0,0
3610,0,null,0,0,0
3611,0,null,0,0,0
3612,0,null,0,0,0
3613,0,null,0,0,0
3614,0,null,0,0,0
3615,0,null,0,0,0
3616,0,null,0,0,0
3617,0,null,0,0,0
3618,0,null,0,0,0
3619,0,null,0,0,0
3620,3068,e-,0,0,1
3621,0,null,0,0,0
3622,0,null,0,0,0
3623,0,null,0,0,0
3624,0,null,0,0,0
3625,0,null,0,0,0
3626,0,null,0,0,0
3627,0,null,0,0,0
3628,0,null,0,0,0
3629,1,primary_proton,1,1,1
3630,0,null,0,0,0
3631,0,null,0,0,0
3632,0,null,0,0,0
3633,0,null,0,0,0
3634,0,null,0,0,0
3635,0,null,0,0,0
3636,0,null,0,0,0
3637,0,null,0,0,0
3638,0,null,0,0,0
3639,0,null,0,0,0
3640,0,null,0,0,0
3641,0,null,0,0,0
3642,0,null,0,0,0
3643,0,null,0,0,0
3644,0,null,0,0,0
3645,0,null,0,0,0
3646,0,null,0,0,0
3647,0,null,0,0,0
3648,0,null,0,0,0
3649,0,null,0,0,0
3650,0,null,0,0,0
3651,0,null,0,0,0
3652,0,null,0,0,0
3653,0,null,0,0,0
3654,0,null,0,0,0
3655,0,null,0,0,0
3656,0,null,0,0,0
3657,0,null,0,0,0
3658,0,null,0,0,0
3659,0,null,0,0,0
3660,0,null,0,0,0
3661,1,primary_proton,1,1,1
3662,0,null,0,0,0
3663,0,null,0,0,0
3664,0,null,0,0,0
3665,0,null,0,0,0
3666,0,null,0,0,0
3667,0,null,0,0,0
3668,0,null,0,0,0
3669,0,null,0,0,0
3670,0,null,0,0,0
3671,0,null,0,0,0
3672,20,pi-,1,1,1
3673,0,null,0,0,0
3674,0,null,0,0,0
3675,0,null,0,0,0
3676,0,null,0,0,0
3677,0,null,0,0,0
3678,0,null,0,0,0
3679,0,null,0,0,0
3680,20,secondary_proton,1,1,1
3681,1,primary_proton,1,1,1
3682,0,null,0,0,0
3683,0,null,0,0,0
3684,0,null,0,0,0
3685,0,null,0,0,0
3686,0,null,0,0,0
3687,0,null,0,0,0
3688,0,null,0,0,0
3689,0,null,0,0,0
3690,11,secondary_proton,1,1,1
3691,0,null,0,0,0
3692,2730,e-,1,1,0
3693,0,null,0,0,0
3694,0,null,0,0,0
3695,0,null,0,0,0
3696,0,null,0,0,0
3697,0,null,0,0,0
3698,0,null,0,0,0
3699,0,null,0,0,0
3700,0,null,0,0,0
3701,0,null,0,0,0
3702,0,null,0,0,0
3703,0,null,0,0,0
3704,0,null,0,0,0
3705,0,null,0,0,0
3706,0,null,0,0,0
3707,0,null,0,0,0
3708,10,pi+,1,1,0
3709,0,null,0,0,0
3710,0,null,0,0,0
3711,0,null,0,0,0
3712,0,null,0,0,0
3713,0,null,0,0,0
3714,0,null,0,0,0
3715,0,null,0,0,0
3716,0,null,0,0,0
3717,0,null,0,0,0
3718,0,null,0,0,0
3719,0,null,0,0,0
3720,0,null,0,0,0
3721,0,null,0,0,0
3722,0,null,0,0,0
3723,9,secondary_proton,1,1,1
3724,0,null,0,0,0
3725,0,null,0,0,0
3726,0,null,0,0,0
3727,0,null,0,0,0
3728,0,null,0,0,0
3729,0,null,0,0,0
3730,0,null,0,0,0
3731,0,null,0,0,0
3732,0,null,0,0,0
3733,0,null,0,0,0
3734,0,null,0,0,0
3735,0,null,0,0,0
3736,0,null,0,0,0
3737,0,null,0,0,0
3738,0,null,0,0,0
3739,0,null,0,0,0
3740,0,null,0,0,0
3741,6,pi-,1,1,1
3742,0,null,0,0,0
3743,0,null,0,0,0
3744,0,null,0,0,0
3745,0,null,0,0,0
3746,0,null,0,0,0
3747,0,null,0,0,0
3748,0,null,0,0,0
3749,0,null,0,0,0
3750,0,null,0,0,0
3751,0,null,0,0,0
3752,0,null,0,0,0
3753,0,null,0,0,0
3754,0,null,0,0,0
3755,0,null,0,0,0
3756,0,null,0,0,0
3757,8,pi+,1,1,1
3758,0,null,0,0,0
3759,0,null,0,0,0
3760,0,null,0,0,0
3761,0,null,0,0,0
3762,0,null,0,0,0
3763,0,null,0,0,0
3764,0,null,0,0,0
3765,0,null,0,0,0
3766,0,null,0,0,0
3767,0,null,0,0,0
3768,4,secondary_proton,1,1,1
3769,0,null,0,0,0
3770,0,null,0,0,0
3771,0,null,0,0,0
3772,0,null,0,0,0
3773,0,null,0,0,0
3774,0,null,0,0,0
3775,0,null,0,0,0
3776,0,null,0,0,0
3777,0,null,0,0,0
3778,0,null,0,0,0
3779,0,null,0,0,0
3780,0,null,0,0,0
3781,0,null,0,0,0
3782,0,null,0,0,0
3783,0,null,0,0,0
3784,0,null,0,0,0
3785,0,null,0,0,0
3786,0,null,0,0,0
3787,0,null,0,0,0
3788,1,primary_proton,1,1,1
3789,0,null,0,0,0
3790,0,null,0,0,0
3791,0,null,0,0,0
3792,0,null,0,0,0
3793,0,null,0,0,0
3794,0,null,0,0,0
3795,0,null,0,0,0
3796,0,null,0,0,0
3797,0,null,0,0,0
3798,0,null,0,0,0
3799,0,null,0,0,0
3800,0,null,0,0,0
3801,0,null,0,0,0
3802,0,null,0,0,0
3803,0,null,0,0,0
3804,0,null,0,0,0
3805,0,null,0,0,0
3806,0,null,0,0,0
3807,0,null,0,0,0
3808,0,null,0,0,0
3809,0,null,0,0,0
3810,0,null,0,0,0
3811,0,null,0,0,0
3813,0,null,0,0,0
3814,0,null,0,0,0
3815,0,null,0,0,0
3816,0,null,0,0,0
3817,0,null,0,0,0
3818,0,null,0,0,0
3819,0,null,0,0,0
3820,0,null,0,0,0
3821,0,null,0,0,0
3822,0,null,0,0,0
3823,0,null,0,0,0
3824,0,null,0,0,0
3825,0,null,0,0,0
3826,0,null,0,0,0
3827,0,null,0,0,0
3828,0,null,0,0,0
3829,0,null,0,0,0
3830,0,null,0,0,0
3831,0,null,0,0,0
3832,0,null,0,0,0
3833,0,null,0,0,0
3834,0,null,0,0,0
3835,0,null,0,0,0
3836,0,null,0,0,0
3837,0,null,0,0,0
3838,0,null,0,0,0
3839,0,null,0,0,0
3840,6,pi-,1,0,0
3841,0,null,0,0,0
3842,0,null,0,0,0
3843,0,null,0,0,0
3844,0,null,0,0,0
3845,0,null,0,0,0
3846,0,null,0,0,0
3847,0,null,0,0,0
3848,0,null,0,0,0
3849,0,null,0,0,0
3850,0,null,0,0,0
3851,0,null,0,0,0
3852,0,null,0,0,0
3853,0,null,0,0,0
3854,0,null,0,0,0
3855,0,null,0,0,0
3856,0,null,0,0,0
3857,0,null,0,0,0
3858,0,null,0,0,0
3859,0,null,0,0,0
3860,0,null,0,0,0
3861,743,pi-,1,1,1
3862,3587,e-,1,1,0
3863,0,null,0,0,0
3864,0,null,0,0,0
3865,0,null,0,0,0
3866,0,null,0,0,0
3867,1,primary_proton,1,1,1
3868,0,null,0,0,0
3869,0,null,0,0,0
3870,0,null,0,0,0
3871,0,null,0,0,0
3872,0,null,0,0,0
3873,0,null,0,0,0
3874,0,null,0,0,0
3875,0,null,0,0,0
3876,6698,pi-,1,1,1
3877,0,null,0,0,0
3878,0,null,0,0,0
3879,0,null,0,0,0
3880,0,null,0,0,0
3881,0,null,0,0,0
3882,0,null,0,0,0
3883,0,null,0,0,0
3884,0,null,0,0,0
3885,12,pi+,1,1,1
3886,0,null,0,0,0
3887,0,null,0,0,0
3888,0,null,0,0,0
3889,0,null,0,0,0
3890,0,null,0,0,0
3891,0,null,0,0,0
3892,0,null,0,0,0
3893,0,null,0,0,0
3894,0,null,0,0,0
3895,0,null,0,0,0
3896,0,null,0,0,0
3897,0,null,0,0,0
3898,0,null,0,0,0
3899,0,null,0,0,0
3900,0,null,0,0,0
3901,0,null,0,0,0
3902,0,null,0,0,0
3903,0,null,0,0,0
3904,0,null,0,0,0
3905,0,null,0,0,0
3906,0,null,0,0,0
3907,0,null,0,0,0
3908,0,null,0,0,0
3909,0,null,0,0,0
3910,0,null,0,0,0
3911,0,null,0,0,0
3912,0,null,0,0,0
3913,0,null,0,0,0
3914,1,primary_proton,1,1,1
3915,0,null,0,0,0
3916,0,null,0,0,0
3917,0,null,0,0,0
3918,0,null,0,0,0
3919,0,null,0,0,0
3920,0,null,0,0,0
3921,924,secondary_proton,1,1,1
3922,1,primary_proton,1,1,1
3923,0,null,0,0,0
3924,0,null,0,0,0
3925,0,null,0,0,0
3926,0,null,0,0,0
3927,0,null,0,0,0
3928,0,null,0,0,0
3929,0,null,0,0,0
3930,0,null,0,0,0
3931,0,null,0,0,0
3932,1,primary_proton,1,1,1
3933,0,null,0,0,0
3934,0,null,0,0,0
3935,0,null,0,0,0
3936,0,null,0,0,0
3937,0,null,0,0,0
3938,0,null,0,0,0
3939,0,null,0,0,0
3940,0,null,0,0,0
3941,0,null,0,0,0
3942,0,null,0,0,0
3943,0,null,0,0,0
3944,0,null,0,0,0
3945,0,null,0,0,0
3946,0,null,0,0,0
3947,0,null,0,0,0
3948,0,null,0,0,0
3949,0,null,0,0,0
3950,1,primary_proton,1,1,1
3951,0,null,0,0,0
3952,0,null,0,0,0
3953,0,null,0,0,0
3954,0,null,0,0,0
3955,0,null,0,0,0
3956,0,null,0,0,0
3957,0,null,0,0,0
3958,0,null,0,0,0
3959,0,null,0,0,0
3960,0,null,0,0,0
3961,1,primary_proton,1,1,1
3962,0,null,0,0,0
3963,1,primary_proton,1,0,0
3964,0,null,0,0,0
3965,0,null,0,0,0
3966,0,null,0,0,0
3967,0,null,0,0,0
3968,1,primary_proton,1,1,1
3969,0,null,0,0,0
3970,0,null,0,0,0
3971,0,null,0,0,0
3972,0,null,0,0,0
3973,0,null,0,0,0
3974,0,null,0,0,0
3975,0,null,0,0,0
3976,0,null,0,0,0
3977,0,null,0,0,0
3978,0,null,0,0,0
3979,2,secondary_proton,1,1,1
3980,0,null,0,0,0
3981,0,null,0,0,0
3982,0,null,0,0,0
3983,0,null,0,0,0
3984,0,null,0,0,0
3985,0,null,0,0,0
3986,1,primary_proton,1,1,1
3987,0,null,0,0,0
3988,0,null,0,0,0
3989,0,null,0,0,0
3990,8,secondary_proton,1,1,1
3991,0,null,0,0,0
3992,0,null,0,0,0
3993,0,null,0,0,0
3994,0,null,0,0,0
3995,0,null,0,0,0
3996,0,null,0,0,0
3997,0,null,0,0,0
3998,0,null,0,0,0
3999,0,null,0,0,0
4000,0,null,0,0,0
4001,0,null,0,0,0
4002,0,null,0,0,0
4003,0,null,0,0,0
4004,0,null,0,0,0
4005,0,null,0,0,0
4006,0,null,0,0,0
4007,0,null,0,0,0
4008,0,null,0,0,0
4009,1,primary_proton,1,1,1
4010,0,null,0,0,0
4011,0,null,0,0,0
4012,0,null,0,0,0
4013,0,null,0,0,0
4014,0,null,0,0,0
4015,0,null,0,0,0
4016,0,null,0,0,0
4017,0,null,0,0,0
4018,0,null,0,0,0
4019,0,null,0,0,0
4020,0,null,0,0,0
4021,0,null,0,0,0
4022,0,null,0,0,0
4023,0,null,0,0,0
4024,10,pi+,1,1,1
4025,0,null,0,0,0
4026,0,null,0,0,0
4027,0,null,0,0,0
4028,0,null,0,0,0
4029,0,null,0,0,0
4030,0,null,0,0,0
4031,0,null,0,0,0
4033,12,pi+,1,1,1
4034,0,null,0,0,0
4035,0,null,0,0,0
4036,0,null,0,0,0
4037,1314,e+,1,1,1
4038,0,null,0,0,0
4039,0,null,0,0,0
4040,0,null,0,0,0
4041,0,null,0,0,0
4042,0,null,0,0,0
4043,0,null,0,0,0
4044,0,null,0,0,0
4045,8,pi-,1,1,1
4046,0,null,0,0,0
4047,0,null,0,0,0
4048,0,null,0,0,0
4049,0,null,0,0,0
4050,0,null,0,0,0
4051,0,null,0,0,0
4052,0,null,0,0,0
4053,0,null,0,0,0
4054,0,null,0,0,0
4055,0,null,0,0,0
4056,0,null,0,0,0
4057,0,null,0,0,0
4058,1362,secondary_proton,1,1,1
4059,0,null,0,0,0
4060,0,null,0,0,0
4061,0,null,0,0,0
4062,0,null,0,0,0
4063,0,null,0,0,0
4064,0,null,0,0,0
4065,0,null,0,0,0
4066,0,null,0,0,0
4067,8,pi-,1,1,1
4068,0,null,0,0,0
4069,0,null,0,0,0
4070,0,null,0,0,0
4071,0,null,0,0,0
4072,0,null,0,0,0
4073,0,null,0,0,0
4074,25,pi-,1,1,1
4075,0,null,0,0,0
4076,0,null,0,0,0
4077,0,null,0,0,0
4078,0,null,0,0,0
4079,0,null,0,0,0
4080,0,null,0,0,0
4081,0,null,0,0,0
4082,0,null,0,0,0
4083,0,null,0,0,0
4084,0,null,0,0,0
4085,5,pi+,1,1,0
4086,0,null,0,0,0
4087,0,null,0,0,0
4088,5,secondary_proton,1,1,1
4089,0,null,0,0,0
4090,0,null,0,0,0
4091,0,null,0,0,0
4092,0,null,0,0,0
4093,0,null,0,0,0
4094,0,null,0,0,0
4095,0,null,0,0,0
4096,0,null,0,0,0
4097,0,null,0,0,0
4098,7,kaon-,1,1,1
4099,0,null,0,0,0
4100,1,primary_proton,1,1,1
4101,0,null,0,0,0
4102,0,null,0,0,0
4103,0,null,0,0,0
4104,0,null,0,0,0
4105,666,secondary_proton,1,1,1
4106,0,null,0,0,0
4107,0,null,0,0,0
4108,0,null,0,0,0
4109,0,null,0,0,0
4110,0,null,0,0,0
4111,0,null,0,0,0
4112,0,null,0,0,0
4113,0,null,0,0,0
4114,0,null,0,0,0
4115,0,null,0,0,0
4116,0,null,0,0,0
4117,0,null,0,0,0
4118,0,null,0,0,0
4119,0,null,0,0,0
4120,0,null,0,0,0
4121,0,null,0,0,0
4122,0,null,0,0,0
4123,0,null,0,0,0
4124,0,null,0,0,0
4125,3,secondary_proton,1,1,1
4126,15,pi-,1,1,0
4127,7,pi-,1,1,1
4128,0,null,0,0,0
4129,0,null,0,0,0
4130,0,null,0,0,0
4131,0,null,0,0,0
4132,0,null,0,0,0
4133,0,null,0,0,0
4134,1887,e-,1,1,1
4135,0,null,0,0,0
4136,0,null,0,0,0
4137,0,null,0,0,0
4138,0,null,0,0,0
4139,0,null,0,0,0
4140,0,null,0,0,0
4141,0,null,0,0,0
4142,7,secondary_proton,1,1,1
4143,0,null,0,0,0
4144,0,null,0,0,0
4145,0,null,0,0,0
4146,0,null,0,0,0
4147,5,secondary_proton,1,1,1
4148,0,null,0,0,0
4149,0,null,0,0,0
4150,0,null,0,0,0
4151,0,null,0,0,0
4152,0,null,0,0,0
4153,0,null,0,0,0
4154,0,null,0,0,0
4155,0,null,0,0,0
4156,0,null,0,0,0
4157,0,null,0,0,0
4158,0,null,0,0,0
4159,0,null,0,0,0
4160,0,null,0,0,0
4161,0,null,0,0,0
4162,0,null,0,0,0
4163,0,null,0,0,0
4164,0,null,0,0,0
4165,0,null,0,0,0
4166,0,null,0,0,0
4167,0,null,0,0,0
4168,1,primary_proton,1,1,1
4169,0,null,0,0,0
4170,0,null,0,0,0
4171,0,null,0,0,0
4172,1,primary_proton,1,1,1
4173,0,null,0,0,0
4174,0,null,0,0,0
4175,0,null,0,0,0
4176,0,null,0,0,0
4177,0,null,0,0,0
4178,0,null,0,0,0
4179,0,null,0,0,0
4180,0,null,0,0,0
4181,0,null,0,0,0
4182,0,null,0,0,0
4183,0,null,0,0,0
4184,0,null,0,0,0
4185,1,primary_proton,1,1,1
4186,0,null,0,0,0
4187,0,null,0,0,0
4188,0,null,0,0,0
4189,0,null,0,0,0
4190,0,null,0,0,0
4191,1,primary_proton,1,1,1
4192,0,null,0,0,0
4193,0,null,0,0,0
4194,0,null,0,0,0
4195,0,null,0,0,0
4196,0,null,0,0,0
4197,0,null,0,0,0
4198,0,null,0,0,0
4199,0,null,0,0,0
4200,0,null,0,0,0
4201,0,null,0,0,0
4202,1,primary_proton,1,1,1
4203,0,null,0,0,0
4204,0,null,0,0,0
4205,0,null,0,0,0
4206,0,null,0,0,0
4207,0,null,0,0,0
4208,0,null,0,0,0
4209,0,null,0,0,0
4210,0,null,0,0,0
4211,0,null,0,0,0
4212,0,null,0,0,0
4213,0,null,0,0,0
4214,0,null,0,0,0
4215,0,null,0,0,0
4216,8,secondary_proton,1,1,1
4217,0,null,0,0,0
4218,0,null,0,0,0
4219,0,null,0,0,0
4220,0,null,0,0,0
4221,0,null,0,0,0
4222,0,null,0,0,0
4223,0,null,0,0,0
4224,0,null,0,0,0
4225,0,null,0,0,0
4226,0,null,0,0,0
4227,0,null,0,0,0
4228,0,null,0,0,0
4229,0,null,0,0,0
4230,0,null,0,0,0
4231,0,null,0,0,0
4232,0,null,0,0,0
4233,0,null,0,0,0
4234,0,null,0,0,0
4235,0,null,0,0,0
4236,0,null,0,0,0
4237,0,null,0,0,0
4238,0,null,0,0,0
4239,0,null,0,0,0
4240,0,null,0,0,0
4241,0,null,0,0,0
4242,0,null,0,0,0
4243,0,null,0,0,0
4244,0,null,0,0,0
4245,0,null,0,0,0
4246,0,null,0,0,0
4247,0,null,0,0,0
4248,0,null,0,0,0
4249,0,null,0,0,0
4251,0,null,0,0,0
4252,0,null,0,0,0
4253,0,null,0,0,0
4254,0,null,0,0,0
4255,0,null,0,0,0
4256,0,null,0,0,0
4257,0,null,0,0,0
4258,0,null,0,0,0
4259,0,null,0,0,0
4260,0,null,0,0,0
4261,0,null,0,0,0
4262,0,null,0,0,0
4263,0,null,0,0,0
4264,0,null,0,0,0
4265,0,null,0,0,0
4266,0,null,0,0,0
4267,0,null,0,0,0
4268,446,pi-,1,1,0
4269,0,null,0,0,0
4270,0,null,0,0,0
4271,0,null,0,0,0
4272,0,null,0,0,0
4273,0,null,0,0,0
4274,0,null,0,0,0
4275,0,null,0,0,0
4276,0,null,0,0,0
4277,0,null,0,0,0
4278,0,null,0,0,0
4279,0,null,0,0,0
4280,0,null,0,0,0
4281,0,null,0,0,0
4282,0,null,0,0,0
4283,0,null,0,0,0
4284,0,null,0,0,0
4285,0,null,0,0,0
4286,0,null,0,0,0
4287,0,null,0,0,0
4288,0,null,0,0,0
4289,13,pi+,1,1,1
4290,0,null,0,0,0
4291,0,null,0,0,0
4292,0,null,0,0,0
4293,1,primary_proton,1,1,1
4294,0,null,0,0,0
4295,0,null,0,0,0
4296,0,null,0,0,0
4297,0,null,0,0,0
4298,0,null,0,0,0
4299,0,null,0,0,0
4300,0,null,0,0,0
4301,0,null,0,0,0
4302,0,null,0,0,0
4303,0,null,0,0,0
4304,0,null,0,0,0
4305,0,null,0,0,0
4306,0,null,0,0,0
4307,0,null,0,0,0
4308,9,pi+,1,0,0
4309,0,null,0,0,0
4310,0,null,0,0,0
4311,0,null,0,0,0
4312,0,null,0,0,0
4313,0,null,0,0,0
4314,0,null,0,0,0
4315,0,null,0,0,0
4316,0,null,0,0,0
4317,0,null,0,0,0
4318,0,null,0,0,0
4319,1,primary_proton,1,1,1
4320,0,null,0,0,0
4321,0,null,0,0,0
4322,0,null,0,0,0
4323,0,null,0,0,0
4324,0,null,0,0,0
4325,0,null,0,0,0
4326,0,null,0,0,0
4327,6,pi+,1,0,0
4328,0,null,0,0,0
4329,0,null,0,0,0
4330,0,null,0,0,0
4331,0,null,0,0,0
4332,1,primary_proton,1,1,1
4333,0,null,0,0,0
4334,0,null,0,0,0
4335,0,null,0,0,0
4336,0,null,0,0,0
4337,0,null,0,0,0
4338,0,null,0,0,0
4339,0,null,0,0,0
4340,0,null,0,0,0
4341,0,null,0,0,0
4342,0,null,0,0,0
4343,0,null,0,0,0
4344,0,null,0,0,0
4345,0,null,0,0,0
4346,0,null,0,0,0
4347,0,null,0,0,0
4348,0,null,0,0,0
4349,0,null,0,0,0
4350,0,null,0,0,0
4351,0,null,0,0,0
4352,0,null,0,0,0
4353,0,null,0,0,0
4354,0,null,0,0,0
4355,0,null,0,0,0
4356,0,null,0,0,0
4357,0,null,0,0,0
4358,0,null,0,0,0
4359,0,null,0,0,0
4360,0,null,0,0,0
4361,0,null,0,0,0
4362,0,null,0,0,0
4363,0,null,0,0,0
4364,0,null,0,0,0
4365,0,null,0,0,0
4366,0,null,0,0,0
4367,0,null,0,0,0
4368,0,null,0,0,0
4369,0,null,0,0,0
4370,0,null,0,0,0
4371,0,null,0,0,0
4372,0,null,0,0,0
4373,0,null,0,0,0
4374,0,null,0,0,0
4375,0,null,0,0,0
4376,0,null,0,0,0
4377,0,null,0,0,0
4378,0,null,0,0,0
4379,0,null,0,0,0
4380,0,null,0,0,0
4381,0,null,0,0,0
4382,0,null,0,0,0
4383,0,null,0,0,0
4384,0,null,0,0,0
4385,0,null,0,0,0
4386,0,null,0,0,0
4387,0,null,0,0,0
4388,0,null,0,0,0
4389,700,e+,1,1,0
4390,0,null,0,0,0
4391,0,null,0,0,0
4392,0,null,0,0,0
4393,0,null,0,0,0
4394,0,null,0,0,0
4395,0,null,0,0,0
4396,0,null,0,0,0
4397,0,null,0,0,0
4398,0,null,0,0,0
4399,0,null,0,0,0
4400,0,null,0,0,0
4401,0,null,0,0,0
4402,0,null,0,0,0
4403,0,null,0,0,0
4404,0,null,0,0,0
4405,0,null,0,0,0
4406,1,primary_proton,1,1,1
4407,0,null,0,0,0
4408,0,null,0,0,0
4409,0,null,0,0,0
4410,0,null,0,0,0
4411,0,null,0,0,0
4412,0,null,0,0,0
4413,0,null,0,0,0
4414,0,null,0,0,0
4415,0,null,0,0,0
4416,0,null,0,0,0
4417,0,null,0,0,0
4418,0,null,0,0,0
4419,0,null,0,0,0
4420,0,null,0,0,0
4421,0,null,0,0,0
4422,0,null,0,0,0
4423,0,null,0,0,0
4424,0,null,0,0,0
4425,0,null,0,0,0
4426,0,null,0,0,0
4427,0,null,0,0,0
4428,1,primary_proton,1,1,1
4429,0,null,0,0,0
4430,0,null,0,0,0
4431,0,null,0,0,0
4432,0,null,0,0,0
4433,0,null,0,0,0
4434,0,null,0,0,0
4435,0,null,0,0,0
4436,0,null,0,0,0
4437,0,null,0,0,0
4438,0,null,0,0,0
4439,0,null,0,0,0
4440,0,null,0,0,0
4441,0,null,0,0,0
4442,0,null,0,0,0
4443,0,null,0,0,0
4444,0,null,0,0,0
4445,1,primary_proton,1,1,1
4446,0,null,0,0,0
4447,0,null,0,0,0
4448,0,null,0,0,0
4449,0,null,0,0,0
4450,0,null,0,0,0
4451,0,null,0,0,0
4452,0,null,0,0,0
4453,0,null,0,0,0
4454,0,null,0,0,0
4455,0,null,0,0,0
4456,0,null,0,0,0
4457,0,null,0,0,0
4458,0,null,0,0,0
4459,0,null,0,0,0
4460,433,secondary_proton,1,1,1
4461,1060,e-,1,1,1
4462,0,null,0,0,0
4463,0,null,0,0,0
4464,0,null,0,0,0
4465,0,null,0,0,0
4466,0,null,0,0,0
4467,0,null,0,0,0
4468,0,null,0,0,0
4469,0,null,0,0,0
4470,0,null,0,0,0
4471,0,null,0,0,0
4472,0,null,0,0,0
4473,0,null,0,0,0
4475,16,pi-,1,1,1
4476,0,null,0,0,0
4477,0,null,0,0,0
4478,0,null,0,0,0
4479,0,null,0,0,0
4480,0,null,0,0,0
4481,0,null,0,0,0
4482,0,null,0,0,0
4483,0,null,0,0,0
4484,0,null,0,0,0
4485,1,primary_proton,1,1,0
4486,0,null,0,0,0
4487,1,primary_proton,1,1,1
4488,0,null,0,0,0
4489,0,null,0,0,0
4490,0,null,0,0,0
4491,0,null,0,0,0
4492,0,null,0,0,0
4493,0,null,0,0,0
4494,0,null,0,0,0
4495,0,null,0,0,0
4496,0,null,0,0,0
4497,0,null,0,0,0
4498,0,null,0,0,0
4499,0,null,0,0,0
4500,1,primary_proton,1,1,1
4501,0,null,0,0,0
4502,0,null,0,0,0
4503,0,null,0,0,0
4504,0,null,0,0,0
4505,0,null,0,0,0
4506,0,null,0,0,0
4507,0,null,0,0,0
4508,0,null,0,0,0
4509,0,null,0,0,0
4510,0,null,0,0,0
4511,0,null,0,0,0
4512,0,null,0,0,0
4513,0,null,0,0,0
4514,0,null,0,0,0
4515,1,primary_proton,1,1,1
4516,0,null,0,0,0
4517,1,primary_proton,1,1,1
4518,0,null,0,0,0
4519,0,null,0,0,0
4520,0,null,0,0,0
4521,0,null,0,0,0
4522,0,null,0,0,0
4523,10,secondary_proton,1,1,1
4524,0,null,0,0,0
4525,0,null,0,0,0
4526,0,null,0,0,0
4527,1,primary_proton,1,1,1
4528,386,pi+,1,1,1
4529,0,null,0,0,0
4530,0,null,0,0,0
4531,0,null,0,0,0
4532,0,null,0,0,0
4533,0,null,0,0,0
4534,0,null,0,0,0
4535,0,null,0,0,0
4536,0,null,0,0,0
4537,0,null,0,0,0
4538,0,null,0,0,0
4539,0,null,0,0,0
4540,0,null,0,0,0
4541,0,null,0,0,0
4542,0,null,0,0,0
4543,0,null,0,0,0
4544,0,null,0,0,0
4545,0,null,0,0,0
4546,0,null,0,0,0
4547,0,null,0,0,0
4548,0,null,0,0,0
4549,0,null,0,0,0
4550,0,null,0,0,0
4551,0,null,0,0,0
4552,6,pi-,1,1,1
4553,0,null,0,0,0
4554,0,null,0,0,0
4555,0,null,0,0,0
4556,0,null,0,0,0
4557,0,null,0,0,0
4558,0,null,0,0,0
4559,0,null,0,0,0
4560,0,null,0,0,0
4561,0,null,0,0,0
4562,0,null,0,0,0
4563,0,null,0,0,0
4564,0,null,0,0,0
4565,0,null,0,0,0
4566,0,null,0,0,0
4567,0,null,0,0,0
4568,2,secondary_proton,1,1,1
4569,0,null,0,0,0
4570,0,null,0,0,0
4571,0,null,0,0,0
4572,1,primary_proton,1,1,1
4573,16,pi-,1,0,0
4574,0,null,0,0,0
4575,0,null,0,0,0
4576,0,null,0,0,0
4577,1,primary_proton,1,1,1
4578,0,null,0,0,0
4579,0,null,0,0,0
4580,0,null,0,0,0
4581,0,null,0,0,0
4582,0,null,0,0,0
4583,0,null,0,0,0
4584,0,null,0,0,0
4585,0,null,0,0,0
4586,0,null,0,0,0
4587,0,null,0,0,0
4588,0,null,0,0,0
4589,0,null,0,0,0
4590,14,pi+,1,1,1
4591,0,null,0,0,0
4592,1,primary_proton,1,1,1
4593,0,null,0,0,0
4594,0,null,0,0,0
4595,0,null,0,0,0
4596,0,null,0,0,0
4597,0,null,0,0,0
4598,0,null,0,0,0
4599,6,pi-,1,1,1
4600,0,null,0,0,0
4601,0,null,0,0,0
4602,0,null,0,0,0
4603,0,null,0,0,0
4604,2722,e-,0,0,1
4605,0,null,0,0,0
4606,0,null,0,0,0
4607,0,null,0,0,0
4608,0,null,0,0,0
4609,0,null,0,0,0
4610,0,null,0,0,0
4611,0,null,0,0,0
4612,0,null,0,0,0
4613,0,null,0,0,0
4614,0,null,0,0,0
4615,0,null,0,0,0
4616,0,null,0,0,0
4617,0,null,0,0,0
4618,0,null,0,0,0
4619,0,null,0,0,0
4620,0,null,0,0,0
4621,0,null,0,0,0
4622,0,null,0,0,0
4623,0,null,0,0,0
4624,0,null,0,0,0
4625,1351,pi+,1,1,1
4626,0,null,0,0,0
4627,0,null,0,0,0
4628,14,kaon+,1,1,1
4629,0,null,0,0,0
4630,0,null,0,0,0
4631,0,null,0,0,0
4632,0,null,0,0,0
4633,0,null,0,0,0
4634,0,null,0,0,0
4635,1,primary_proton,1,1,1
4636,0,null,0,0,0
4637,0,null,0,0,0
4638,0,null,0,0,0
4639,0,null,0,0,0
4640,0,null,0,0,0
4641,1,primary_proton,1,1,1
4642,0,null,0,0,0
4643,0,null,0,0,0
4644,0,null,0,0,0
4645,0,null,0,0,0
4646,0,null,0,0,0
4647,0,null,0,0,0
4648,0,null,0,0,0
4649,0,null,0,0,0
4650,0,null,0,0,0
4651,0,null,0,0,0
4652,0,null,0,0,0
4653,0,null,0,0,0
4654,0,null,0,0,0
4655,0,null,0,0,0
4656,0,null,0,0,0
4657,0,null,0,0,0
4658,0,null,0,0,0
4659,0,null,0,0,0
4660,0,null,0,0,0
4661,0,null,0,0,0
4662,0,null,0,0,0
4663,0,null,0,0,0
4664,211,secondary_proton,1,1,1
4665,0,null,0,0,0
4666,0,null,0,0,0
4667,0,null,0,0,0
4668,0,null,0,0,0
4669,0,null,0,0,0
4670,13,pi-,1,1,1
4671,0,null,0,0,0
4672,0,null,0,0,0
4673,0,null,0,0,0
4674,0,null,0,0,0
4675,0,null,0,0,0
4676,0,null,0,0,0
4677,318,secondary_proton,1,1,1
4678,0,null,0,0,0
4679,0,null,0,0,0
4680,0,null,0,0,0
4681,0,null,0,0,0
4682,1,primary_proton,1,1,1
4683,0,null,0,0,0
4684,0,null,0,0,0
4685,0,null,0,0,0
4686,0,null,0,0,0
4687,0,null,0,0,0
4688,0,null,0,0,0
4689,0,null,0,0,0
4690,0,null,0,0,0
4692,1,primary_proton,1,1,1
4693,0,null,0,0,0
4694,0,null,0,0,0
4695,0,null,0,0,0
4696,0,null,0,0,0
4697,0,null,0,0,0
4698,0,null,0,0,0
4699,0,null,0,0,0
4700,0,null,0,0,0
4701,0,null,0,0,0
4702,0,null,0,0,0
4703,0,null,0,0,0
4704,1,primary_proton,1,1,1
4705,4488,secondary_proton,1,1,0
4706,0,null,0,0,0
4707,0,null,0,0,0
4708,0,null,0,0,0
4709,0,null,0,0,0
4710,0,null,0,0,0
4711,0,null,0,0,0
4712,7,secondary_proton,1,1,1
4713,0,null,0,0,0
4714,0,null,0,0,0
4715,0,null,0,0,0
4716,0,null,0,0,0
4717,0,null,0,0,0
4718,0,null,0,0,0
4719,0,null,0,0,0
4720,15,pi-,1,1,1
4721,0,null,0,0,0
4722,0,null,0,0,0
4723,0,null,0,0,0
4724,0,null,0,0,0
4725,0,null,0,0,0
4726,0,null,0,0,0
4727,0,null,0,0,0
4728,1,primary_proton,1,1,1
4729,0,null,0,0,0
4730,0,null,0,0,0
4731,0,null,0,0,0
4732,0,null,0,0,0
4733,8,secondary_proton,1,1,1
4734,0,null,0,0,0
4735,0,null,0,0,0
4736,0,null,0,0,0
4737,0,null,0,0,0
4738,0,null,0,0,0
4739,0,null,0,0,0
4740,0,null,0,0,0
4741,0,null,0,0,0
4742,0,null,0,0,0
4743,0,null,0,0,0
4744,0,null,0,0,0
4745,0,null,0,0,0
4746,63,pi-,1,1,1
4747,0,null,0,0,0
4748,0,null,0,0,0
4749,0,null,0,0,0
4750,0,null,0,0,0
4751,0,null,0,0,0
4752,0,null,0,0,0
4753,0,null,0,0,0
4754,0,null,0,0,0
4755,0,null,0,0,0
4756,0,null,0,0,0
4757,2,secondary_proton,1,1,0
4758,0,null,0,0,0
4759,0,null,0,0,0
4760,0,null,0,0,0
4761,0,null,0,0,0
4762,0,null,0,0,0
4763,0,null,0,0,0
4764,0,null,0,0,0
4765,0,null,0,0,0
4766,0,null,0,0,0
4767,0,null,0,0,0
4768,701,pi+,1,0,0
4769,0,null,0,0,0
4770,0,null,0,0,0
4771,0,null,0,0,0
4772,0,null,0,0,0
4773,0,null,0,0,0
4774,0,null,0,0,0
4775,0,null,0,0,0
4776,0,null,0,0,0
4777,0,null,0,0,0
4778,0,null,0,0,0
4779,7,secondary_proton,1,1,1
4780,0,null,0,0,0
4781,0,null,0,0,0
4782,0,null,0,0,0
4783,0,null,0,0,0
4784,0,null,0,0,0
4785,0,null,0,0,0
4786,0,null,0,0,0
4787,0,null,0,0,0
4788,0,null,0,0,0
4789,0,null,0,0,0
4790,0,null,0,0,0
4791,0,null,0,0,0
4792,0,null,0,0,0
4793,0,null,0,0,0
4794,0,null,0,0,0
4795,0,null,0,0,0
4796,0,null,0,0,0
4797,0,null,0,0,0
4798,0,null,0,0,0
4799,0,null,0,0,0
4800,0,null,0,0,0
4801,0,null,0,0,0
4802,0,null,0,0,0
4803,0,null,0,0,0
4804,0,null,0,0,0
4805,0,null,0,0,0
4806,0,null,0,0,0
4807,0,null,0,0,0
4808,0,null,0,0,0
4809,0,null,0,0,0
4810,0,null,0,0,0
4811,0,null,0,0,0
4812,1,primary_proton,1,1,1
4813,0,null,0,0,0
4814,0,null,0,0,0
4815,0,null,0,0,0
4816,0,null,0,0,0
4817,0,null,0,0,0
4818,0,null,0,0,0
4819,0,null,0,0,0
4820,0,null,0,0,0
4821,0,null,0,0,0
4822,0,null,0,0,0
4823,0,null,0,0,0
4824,0,null,0,0,0
4825,11,pi-,1,1,1
4826,0,null,0,0,0
4827,0,null,0,0,0
4828,0,null,0,0,0
4829,0,null,0,0,0
4830,0,null,0,0,0
4831,1,primary_proton,1,1,1
4832,0,null,0,0,0
4833,0,null,0,0,0
4834,0,null,0,0,0
4835,0,null,0,0,0
4836,0,null,0,0,0
4837,0,null,0,0,0
4838,0,null,0,0,0
4839,0,null,0,0,0
4840,0,null,0,0,0
4841,0,null,0,0,0
4842,0,null,0,0,0
4843,0,null,0,0,0
4844,0,null,0,0,0
4845,0,null,0,0,0
4846,0,null,0,0,0
4847,0,null,0,0,0
4848,0,null,0,0,0
4849,0,null,0,0,0
4850,0,null,0,0,0
4851,1,primary_proton,1,1,1
4852,9,pi-,1,1,1
4853,0,null,0,0,0
4854,0,null,0,0,0
4855,0,null,0,0,0
4856,0,null,0,0,0
4857,1,primary_proton,1,1,1
4858,0,null,0,0,0
4859,0,null,0,0,0
4860,0,null,0,0,0
4861,0,null,0,0,0
4862,1,primary_proton,1,1,1
4863,0,null,0,0,0
4864,1,primary_proton,1,1,1
4865,0,null,0,0,0
4866,0,null,0,0,0
4867,0,null,0,0,0
4868,0,null,0,0,0
4869,0,null,0,0,0
4870,0,null,0,0,0
4871,0,null,0,0,0
4872,0,null,0,0,0
4873,0,null,0,0,0
4874,0,null,0,0,0
4875,0,null,0,0,0
4876,0,null,0,0,0
4877,0,null,0,0,0
4878,0,null,0,0,0
4879,0,null,0,0,0
4880,1,primary_proton,1,1,1
4881,0,null,0,0,0
4882,0,null,0,0,0
4883,0,null,0,0,0
4884,0,null,0,0,0
4885,0,null,0,0,0
4886,0,null,0,0,0
4887,1,primary_proton,1,1,1
4888,0,null,0,0,0
4889,0,null,0,0,0
4890,7234,pi-,1,1,1
4891,0,null,0,0,0
4892,0,null,0,0,0
4893,0,null,0,0,0
4894,0,null,0,0,0
4895,0,null,0,0,0
4896,0,null,0,0,0
4897,0,null,0,0,0
4898,0,null,0,0,0
4899,0,null,0,0,0
4900,0,null,0,0,0
4901,0,null,0,0,0
4902,0,null,0,0,0
4903,0,null,0,0,0
4904,0,null,0,0,0
4905,0,null,0,0,0
4906,0,null,0,0,0
4907,5,secondary_proton,1,1,1
4908,0,null,0,0,0
909,0,null,0,0,0
4910,0,null,0,0,0
4911,0,null,0,0,0
4912,0,null,0,0,0
4913,0,null,0,0,0
4914,0,null,0,0,0
4915,0,null,0,0,0
4916,0,null,0,0,0
4917,0,null,0,0,0
4918,0,null,0,0,0
4919,0,null,0,0,0
4920,0,null,0,0,0
4921,0,null,0,0,0
4922,0,null,0,0,0
4923,0,null,0,0,0
4924,0,null,0,0,0
4925,0,null,0,0,0
4926,0,null,0,0,0
4927,0,null,0,0,0
4928,0,null,0,0,0
4929,0,null,0,0,0
4930,0,null,0,0,0
4931,0,null,0,0,0
4932,0,null,0,0,0
4933,0,null,0,0,0
4934,0,null,0,0,0
4935,0,null,0,0,0
4936,0,null,0,0,0
4937,0,null,0,0,0
4938,0,null,0,0,0
4939,0,null,0,0,0
4940,0,null,0,0,0
4941,0,null,0,0,0
4942,0,null,0,0,0
4943,0,null,0,0,0
4944,0,null,0,0,0
4945,0,null,0,0,0
4946,0,null,0,0,0
4947,0,null,0,0,0
4948,0,null,0,0,0
4949,0,null,0,0,0
4950,0,null,0,0,0
4951,1,primary_proton,1,1,1
4952,0,null,0,0,0
4953,0,null,0,0,0
4954,0,null,0,0,0
4955,0,null,0,0,0
4956,0,null,0,0,0
4957,0,null,0,0,0
4958,0,null,0,0,0
4959,0,null,0,0,0
4960,0,null,0,0,0
4961,0,null,0,0,0
4962,0,null,0,0,0
4963,0,null,0,0,0
4964,0,null,0,0,0
4965,0,null,0,0,0
4966,0,null,0,0,0
4967,0,null,0,0,0
4968,0,null,0,0,0
4969,0,null,0,0,0
4970,0,null,0,0,0
4971,0,null,0,0,0
4972,0,null,0,0,0
4973,0,null,0,0,0
4974,0,null,0,0,0
4975,0,null,0,0,0
4976,0,null,0,0,0
4977,0,null,0,0,0
4978,0,null,0,0,0
4979,172,pi+,1,0,0
4980,0,null,0,0,0
4981,0,null,0,0,0
4982,0,null,0,0,0
4983,1,primary_proton,1,1,1
4984,0,null,0,0,0
4985,0,null,0,0,0
4986,0,null,0,0,0
4987,0,null,0,0,0
4988,0,null,0,0,0
4989,0,null,0,0,0
4990,0,null,0,0,0
4991,0,null,0,0,0
4992,0,null,0,0,0
4993,20,kaon+,1,1,1
4994,0,null,0,0,0
4995,0,null,0,0,0
4996,0,null,0,0,0
4997,0,null,0,0,0
4998,8,secondary_proton,1,1,1
4999,0,null,0,0,0
