event,track,particle,d1,d2,d3
70,0,null,0,0,0
71,0,null,0,0,0
72,0,null,0,0,0
73,0,null,0,0,0
74,0,null,0,0,0
75,0,null,0,0,0
76,0,null,0,0,0
77,0,null,0,0,0
78,0,null,0,0,0
79,0,null,0,0,0
80,0,null,0,0,0
81,0,null,0,0,0
82,0,null,0,0,0
83,1,primary_proton,1,1,1
84,0,null,0,0,0
85,0,null,0,0,0
86,0,null,0,0,0
87,0,null,0,0,0
88,0,null,0,0,0
89,0,null,0,0,0
90,0,null,0,0,0
91,0,null,0,0,0
92,0,null,0,0,0
93,0,null,0,0,0
94,0,null,0,0,0
95,0,null,0,0,0
96,0,null,0,0,0
97,1,primary_proton,1,1,1
98,0,null,0,0,0
99,0,null,0,0,0
0,0,null,0,0,0
1,0,null,0,0,0
2,0,null,0,0,0
3,1,primary_proton,1,1,1
4,0,null,0,0,0
5,0,null,0,0,0
6,0,null,0,0,0
7,7,secondary_proton,1,1,1
8,0,null,0,0,0
9,0,null,0,0,0
10,0,null,0,0,0
11,8,secondary_proton,1,0,0
12,0,null,0,0,0
13,0,null,0,0,0
14,0,null,0,0,0
15,9,pi-,1,1,1
16,0,null,0,0,0
17,0,null,0,0,0
18,6,secondary_proton,1,0,0
19,0,null,0,0,0
20,0,null,0,0,0
21,0,null,0,0,0
22,0,null,0,0,0
23,0,null,0,0,0
24,0,null,0,0,0
25,0,null,0,0,0
26,0,null,0,0,0
27,0,null,0,0,0
28,0,null,0,0,0
29,0,null,0,0,0
30,0,null,0,0,0
31,0,null,0,0,0
32,0,null,0,0,0
33,0,null,0,0,0
34,0,null,0,0,0
35,0,null,0,0,0
36,1,primary_proton,1,1,1
37,0,null,0,0,0
38,0,null,0,0,0
39,0,null,0,0,0
40,0,null,0,0,0
41,0,null,0,0,0
42,0,null,0,0,0
43,0,null,0,0,0
44,0,null,0,0,0
45,0,null,0,0,0
46,0,null,0,0,0
47,1,primary_proton,1,1,1
48,0,null,0,0,0
49,0,null,0,0,0
50,1,primary_proton,1,1,1
51,0,null,0,0,0
52,0,null,0,0,0
53,0,null,0,0,0
54,0,null,0,0,0
55,0,null,0,0,0
56,0,null,0,0,0
57,0,null,0,0,0
58,0,null,0,0,0
59,0,null,0,0,0
60,0,null,0,0,0
61,0,null,0,0,0
62,0,null,0,0,0
63,0,null,0,0,0
64,0,null,0,0,0
65,0,null,0,0,0
66,0,null,0,0,0
67,0,null,0,0,0
68,1,primary_proton,1,1,1
69,0,null,0,0,0
100,0,null,0,0,0
101,0,null,0,0,0
102,0,null,0,0,0
103,1,primary_proton,1,1,1
104,0,null,0,0,0
105,0,null,0,0,0
106,0,null,0,0,0
107,0,null,0,0,0
108,0,null,0,0,0
109,0,null,0,0,0
110,0,null,0,0,0
111,0,null,0,0,0
112,0,null,0,0,0
113,0,null,0,0,0
114,0,null,0,0,0
115,0,null,0,0,0
116,0,null,0,0,0
117,0,null,0,0,0
118,0,null,0,0,0
119,0,null,0,0,0
120,0,null,0,0,0
121,0,null,0,0,0
122,0,null,0,0,0
123,1030,e-,1,1,1
124,0,null,0,0,0
125,0,null,0,0,0
126,0,null,0,0,0
127,0,null,0,0,0
128,0,null,0,0,0
129,0,null,0,0,0
130,0,null,0,0,0
131,0,null,0,0,0
132,0,null,0,0,0
133,0,null,0,0,0
134,0,null,0,0,0
135,0,null,0,0,0
136,0,null,0,0,0
137,0,null,0,0,0
138,0,null,0,0,0
139,15,pi+,1,1,1
140,0,null,0,0,0
141,0,null,0,0,0
142,0,null,0,0,0
143,0,null,0,0,0
144,0,null,0,0,0
145,0,null,0,0,0
146,0,null,0,0,0
147,0,null,0,0,0
148,13,pi-,1,1,0
149,0,null,0,0,0
150,0,null,0,0,0
151,0,null,0,0,0
152,9,secondary_proton,1,1,1
153,0,null,0,0,0
154,0,null,0,0,0
155,0,null,0,0,0
156,0,null,0,0,0
157,0,null,0,0,0
158,0,null,0,0,0
159,15,pi+,1,1,1
160,0,null,0,0,0
161,0,null,0,0,0
162,0,null,0,0,0
163,0,null,0,0,0
164,0,null,0,0,0
165,0,null,0,0,0
211,0,null,0,0,0
212,0,null,0,0,0
213,0,null,0,0,0
214,0,null,0,0,0
215,0,null,0,0,0
216,15,pi-,1,1,1
217,0,null,0,0,0
218,0,null,0,0,0
219,0,null,0,0,0
220,0,null,0,0,0
221,0,null,0,0,0
222,0,null,0,0,0
223,0,null,0,0,0
224,0,null,0,0,0
225,0,null,0,0,0
226,0,null,0,0,0
227,0,null,0,0,0
228,0,null,0,0,0
229,0,null,0,0,0
230,0,null,0,0,0
231,0,null,0,0,0
232,0,null,0,0,0
233,0,null,0,0,0
234,0,null,0,0,0
235,0,null,0,0,0
236,0,null,0,0,0
237,0,null,0,0,0
238,0,null,0,0,0
239,0,null,0,0,0
240,0,null,0,0,0
241,0,null,0,0,0
242,0,null,0,0,0
243,0,null,0,0,0
244,0,null,0,0,0
245,0,null,0,0,0
246,0,null,0,0,0
247,0,null,0,0,0
248,0,null,0,0,0
249,0,null,0,0,0
250,0,null,0,0,0
251,0,null,0,0,0
252,0,null,0,0,0
253,8,pi-,1,1,1
254,0,null,0,0,0
255,0,null,0,0,0
256,0,null,0,0,0
257,0,null,0,0,0
258,0,null,0,0,0
259,0,null,0,0,0
260,0,null,0,0,0
261,0,null,0,0,0
262,0,null,0,0,0
263,0,null,0,0,0
264,0,null,0,0,0
265,1,primary_proton,1,1,1
266,0,null,0,0,0
267,0,null,0,0,0
268,0,null,0,0,0
269,0,null,0,0,0
270,0,null,0,0,0
271,11,pi-,1,0,0
272,0,null,0,0,0
273,0,null,0,0,0
274,0,null,0,0,0
275,0,null,0,0,0
276,9,pi-,1,1,1
277,0,null,0,0,0
278,1,primary_proton,1,1,1
279,0,null,0,0,0
280,0,null,0,0,0
281,0,null,0,0,0
282,0,null,0,0,0
166,0,null,0,0,0
167,0,null,0,0,0
168,5,pi-,1,1,1
169,0,null,0,0,0
170,0,null,0,0,0
171,0,null,0,0,0
172,0,null,0,0,0
173,0,null,0,0,0
174,0,null,0,0,0
175,0,null,0,0,0
176,0,null,0,0,0
177,0,null,0,0,0
178,0,null,0,0,0
179,0,null,0,0,0
180,0,null,0,0,0
181,0,null,0,0,0
182,0,null,0,0,0
183,0,null,0,0,0
184,16,pi+,1,1,1
185,0,null,0,0,0
186,0,null,0,0,0
187,0,null,0,0,0
188,0,null,0,0,0
189,0,null,0,0,0
190,0,null,0,0,0
191,0,null,0,0,0
192,1,primary_proton,1,1,1
193,0,null,0,0,0
194,0,null,0,0,0
195,0,null,0,0,0
196,0,null,0,0,0
197,1,primary_proton,1,1,1
198,0,null,0,0,0
199,0,null,0,0,0
284,0,null,0,0,0
285,0,null,0,0,0
286,1,primary_proton,1,1,1
287,0,null,0,0,0
288,0,null,0,0,0
289,17,pi+,1,0,0
290,0,null,0,0,0
291,0,null,0,0,0
292,0,null,0,0,0
293,0,null,0,0,0
294,0,null,0,0,0
295,0,null,0,0,0
296,0,null,0,0,0
297,0,null,0,0,0
298,0,null,0,0,0
299,0,null,0,0,0
200,0,null,0,0,0
201,0,null,0,0,0
202,0,null,0,0,0
203,0,null,0,0,0
204,0,null,0,0,0
205,0,null,0,0,0
206,0,null,0,0,0
207,0,null,0,0,0
208,0,null,0,0,0
209,0,null,0,0,0
350,0,null,0,0,0
351,0,null,0,0,0
352,0,null,0,0,0
353,0,null,0,0,0
354,0,null,0,0,0
355,0,null,0,0,0
356,0,null,0,0,0
357,0,null,0,0,0
358,0,null,0,0,0
359,0,null,0,0,0
360,0,null,0,0,0
361,0,null,0,0,0
362,0,null,0,0,0
363,0,null,0,0,0
364,1,primary_proton,1,1,1
365,0,null,0,0,0
366,0,null,0,0,0
367,0,null,0,0,0
368,0,null,0,0,0
369,0,null,0,0,0
370,0,null,0,0,0
371,0,null,0,0,0
372,0,null,0,0,0
373,0,null,0,0,0
374,0,null,0,0,0
375,0,null,0,0,0
376,0,null,0,0,0
377,0,null,0,0,0
378,0,null,0,0,0
379,0,null,0,0,0
380,0,null,0,0,0
381,0,null,0,0,0
382,0,null,0,0,0
383,0,null,0,0,0
384,0,null,0,0,0
385,0,null,0,0,0
386,0,null,0,0,0
387,0,null,0,0,0
388,1,primary_proton,1,1,1
389,0,null,0,0,0
390,0,null,0,0,0
391,0,null,0,0,0
392,0,null,0,0,0
393,0,null,0,0,0
394,0,null,0,0,0
395,10,secondary_proton,1,1,1
396,0,null,0,0,0
397,0,null,0,0,0
398,0,null,0,0,0
399,0,null,0,0,0
300,0,null,0,0,0
301,0,null,0,0,0
302,0,null,0,0,0
303,0,null,0,0,0
304,0,null,0,0,0
305,0,null,0,0,0
306,0,null,0,0,0
307,0,null,0,0,0
308,0,null,0,0,0
309,0,null,0,0,0
310,0,null,0,0,0
311,0,null,0,0,0
312,0,null,0,0,0
313,0,null,0,0,0
314,0,null,0,0,0
315,0,null,0,0,0
316,0,null,0,0,0
317,0,null,0,0,0
318,0,null,0,0,0
319,0,null,0,0,0
320,0,null,0,0,0
321,0,null,0,0,0
322,0,null,0,0,0
323,0,null,0,0,0
324,0,null,0,0,0
325,0,null,0,0,0
326,0,null,0,0,0
327,0,null,0,0,0
328,0,null,0,0,0
329,0,null,0,0,0
330,0,null,0,0,0
331,0,null,0,0,0
332,0,null,0,0,0
333,0,null,0,0,0
334,0,null,0,0,0
335,0,null,0,0,0
336,0,null,0,0,0
337,0,null,0,0,0
338,0,null,0,0,0
339,1,primary_proton,1,1,1
340,0,null,0,0,0
341,0,null,0,0,0
342,0,null,0,0,0
343,0,null,0,0,0
344,0,null,0,0,0
345,0,null,0,0,0
346,0,null,0,0,0
347,0,null,0,0,0
348,0,null,0,0,0
349,0,null,0,0,0
420,0,null,0,0,0
421,0,null,0,0,0
422,0,null,0,0,0
423,0,null,0,0,0
424,0,null,0,0,0
425,0,null,0,0,0
426,0,null,0,0,0
427,0,null,0,0,0
428,1,primary_proton,1,1,1
429,0,null,0,0,0
430,1,primary_proton,1,1,1
431,0,null,0,0,0
432,0,null,0,0,0
433,0,null,0,0,0
434,0,null,0,0,0
435,0,null,0,0,0
436,0,null,0,0,0
437,0,null,0,0,0
438,0,null,0,0,0
439,0,null,0,0,0
440,0,null,0,0,0
441,0,null,0,0,0
442,0,null,0,0,0
443,0,null,0,0,0
444,0,null,0,0,0
445,0,null,0,0,0
446,0,null,0,0,0
447,0,null,0,0,0
448,0,null,0,0,0
449,0,null,0,0,0
450,4,secondary_proton,1,1,1
451,0,null,0,0,0
452,0,null,0,0,0
400,1,primary_proton,1,1,1
401,0,null,0,0,0
402,0,null,0,0,0
403,0,null,0,0,0
404,0,null,0,0,0
405,0,null,0,0,0
406,0,null,0,0,0
407,0,null,0,0,0
408,1,primary_proton,1,1,1
409,0,null,0,0,0
410,0,null,0,0,0
411,0,null,0,0,0
412,0,null,0,0,0
413,0,null,0,0,0
414,0,null,0,0,0
415,0,null,0,0,0
416,0,null,0,0,0
417,0,null,0,0,0
418,0,null,0,0,0
419,0,null,0,0,0
490,0,null,0,0,0
491,0,null,0,0,0
492,3,secondary_proton,1,1,1
493,0,null,0,0,0
494,0,null,0,0,0
495,0,null,0,0,0
496,0,null,0,0,0
497,0,null,0,0,0
498,1185,pi+,1,1,0
499,3,secondary_proton,1,1,1
453,0,null,0,0,0
454,0,null,0,0,0
455,0,null,0,0,0
456,0,null,0,0,0
457,0,null,0,0,0
458,0,null,0,0,0
459,0,null,0,0,0
460,0,null,0,0,0
461,0,null,0,0,0
462,0,null,0,0,0
463,17,pi+,1,1,1
464,0,null,0,0,0
465,0,null,0,0,0
466,0,null,0,0,0
467,0,null,0,0,0
468,1,primary_proton,1,1,1
469,1,primary_proton,1,1,1
470,0,null,0,0,0
471,0,null,0,0,0
472,0,null,0,0,0
473,0,null,0,0,0
474,0,null,0,0,0
475,0,null,0,0,0
476,0,null,0,0,0
477,0,null,0,0,0
478,0,null,0,0,0
479,0,null,0,0,0
480,0,null,0,0,0
481,0,null,0,0,0
482,1,primary_proton,1,1,1
483,0,null,0,0,0
484,0,null,0,0,0
485,0,null,0,0,0
486,0,null,0,0,0
487,0,null,0,0,0
488,0,null,0,0,0
489,0,null,0,0,0
630,0,null,0,0,0
631,0,null,0,0,0
632,0,null,0,0,0
633,0,null,0,0,0
634,0,null,0,0,0
635,0,null,0,0,0
636,0,null,0,0,0
637,0,null,0,0,0
638,0,null,0,0,0
639,0,null,0,0,0
640,0,null,0,0,0
641,0,null,0,0,0
642,0,null,0,0,0
643,0,null,0,0,0
644,0,null,0,0,0
645,0,null,0,0,0
646,0,null,0,0,0
647,0,null,0,0,0
648,1,primary_proton,1,1,1
649,0,null,0,0,0
650,0,null,0,0,0
651,0,null,0,0,0
652,0,null,0,0,0
653,0,null,0,0,0
654,0,null,0,0,0
655,0,null,0,0,0
656,0,null,0,0,0
657,0,null,0,0,0
658,0,null,0,0,0
659,0,null,0,0,0
500,0,null,0,0,0
501,0,null,0,0,0
502,0,null,0,0,0
503,0,null,0,0,0
504,0,null,0,0,0
505,0,null,0,0,0
506,0,null,0,0,0
507,0,null,0,0,0
508,0,null,0,0,0
509,0,null,0,0,0
510,0,null,0,0,0
511,0,null,0,0,0
512,0,null,0,0,0
513,0,null,0,0,0
514,0,null,0,0,0
515,0,null,0,0,0
516,0,null,0,0,0
517,0,null,0,0,0
518,0,null,0,0,0
519,0,null,0,0,0
520,0,null,0,0,0
521,0,null,0,0,0
522,0,null,0,0,0
523,0,null,0,0,0
524,0,null,0,0,0
525,1,primary_proton,1,1,1
526,0,null,0,0,0
527,0,null,0,0,0
528,0,null,0,0,0
529,0,null,0,0,0
530,0,null,0,0,0
531,0,null,0,0,0
532,0,null,0,0,0
533,0,null,0,0,0
534,0,null,0,0,0
535,10,pi+,1,0,0
536,0,null,0,0,0
537,0,null,0,0,0
538,0,null,0,0,0
539,0,null,0,0,0
540,0,null,0,0,0
541,0,null,0,0,0
542,0,null,0,0,0
543,1,primary_proton,1,1,1
544,10,pi-,1,0,0
545,0,null,0,0,0
546,0,null,0,0,0
547,0,null,0,0,0
548,0,null,0,0,0
549,0,null,0,0,0
550,0,null,0,0,0
551,0,null,0,0,0
552,0,null,0,0,0
553,0,null,0,0,0
554,0,null,0,0,0
555,0,null,0,0,0
556,0,null,0,0,0
557,0,null,0,0,0
558,0,null,0,0,0
559,0,null,0,0,0
560,0,null,0,0,0
561,0,null,0,0,0
562,0,null,0,0,0
563,0,null,0,0,0
564,0,null,0,0,0
565,0,null,0,0,0
566,1,primary_proton,1,1,1
567,1,primary_proton,1,1,1
568,0,null,0,0,0
569,0,null,0,0,0
570,0,null,0,0,0
571,1,primary_proton,1,1,1
572,0,null,0,0,0
573,0,null,0,0,0
574,0,null,0,0,0
575,0,null,0,0,0
661,0,null,0,0,0
662,0,null,0,0,0
663,0,null,0,0,0
664,0,null,0,0,0
665,0,null,0,0,0
666,0,null,0,0,0
667,0,null,0,0,0
668,0,null,0,0,0
669,8,pi+,1,1,1
670,0,null,0,0,0
671,0,null,0,0,0
672,0,null,0,0,0
673,0,null,0,0,0
674,0,null,0,0,0
675,0,null,0,0,0
676,0,null,0,0,0
677,0,null,0,0,0
678,0,null,0,0,0
679,0,null,0,0,0
680,0,null,0,0,0
681,0,null,0,0,0
682,0,null,0,0,0
683,0,null,0,0,0
684,0,null,0,0,0
685,0,null,0,0,0
686,0,null,0,0,0
687,0,null,0,0,0
688,8,pi+,1,1,1
689,0,null,0,0,0
690,0,null,0,0,0
691,0,null,0,0,0
692,0,null,0,0,0
693,0,null,0,0,0
694,0,null,0,0,0
695,0,null,0,0,0
696,0,null,0,0,0
697,0,null,0,0,0
698,0,null,0,0,0
699,0,null,0,0,0
576,9,secondary_proton,1,1,1
577,0,null,0,0,0
578,0,null,0,0,0
579,0,null,0,0,0
580,1,primary_proton,1,1,1
581,0,null,0,0,0
582,0,null,0,0,0
583,0,null,0,0,0
584,2703,secondary_proton,1,1,1
585,0,null,0,0,0
586,0,null,0,0,0
587,0,null,0,0,0
588,0,null,0,0,0
589,0,null,0,0,0
590,0,null,0,0,0
591,15,secondary_proton,1,1,1
592,0,null,0,0,0
593,0,null,0,0,0
594,0,null,0,0,0
595,0,null,0,0,0
596,0,null,0,0,0
597,0,null,0,0,0
598,0,null,0,0,0
599,0,null,0,0,0
700,0,null,0,0,0
701,0,null,0,0,0
702,0,null,0,0,0
703,0,null,0,0,0
704,0,null,0,0,0
705,0,null,0,0,0
706,0,null,0,0,0
707,0,null,0,0,0
708,0,null,0,0,0
709,7,secondary_proton,1,1,1
710,0,null,0,0,0
711,0,null,0,0,0
712,1,primary_proton,1,1,1
713,0,null,0,0,0
714,0,null,0,0,0
715,0,null,0,0,0
716,0,null,0,0,0
717,0,null,0,0,0
718,0,null,0,0,0
719,0,null,0,0,0
720,0,null,0,0,0
721,0,null,0,0,0
722,0,null,0,0,0
723,0,null,0,0,0
724,0,null,0,0,0
725,0,null,0,0,0
726,0,null,0,0,0
727,1347,e+,1,0,0
728,0,null,0,0,0
729,0,null,0,0,0
730,0,null,0,0,0
731,0,null,0,0,0
732,0,null,0,0,0
733,0,null,0,0,0
734,0,null,0,0,0
735,0,null,0,0,0
736,0,null,0,0,0
737,0,null,0,0,0
738,7,pi+,1,1,1
739,0,null,0,0,0
740,0,null,0,0,0
741,0,null,0,0,0
742,0,null,0,0,0
743,0,null,0,0,0
744,0,null,0,0,0
745,0,null,0,0,0
746,0,null,0,0,0
747,21,secondary_proton,1,1,1
748,0,null,0,0,0
749,0,null,0,0,0
750,0,null,0,0,0
751,0,null,0,0,0
752,0,null,0,0,0
753,0,null,0,0,0
754,0,null,0,0,0
755,0,null,0,0,0
756,0,null,0,0,0
757,0,null,0,0,0
758,0,null,0,0,0
759,0,null,0,0,0
760,0,null,0,0,0
761,0,null,0,0,0
762,0,null,0,0,0
763,0,null,0,0,0
764,0,null,0,0,0
765,0,null,0,0,0
766,0,null,0,0,0
767,0,null,0,0,0
768,0,null,0,0,0
769,0,null,0,0,0
770,0,null,0,0,0
771,0,null,0,0,0
772,1266,e-,0,1,1
773,0,null,0,0,0
774,0,null,0,0,0
775,0,null,0,0,0
776,0,null,0,0,0
777,9,pi-,1,1,1
778,0,null,0,0,0
779,0,null,0,0,0
780,0,null,0,0,0
781,0,null,0,0,0
782,0,null,0,0,0
783,1,primary_proton,1,1,1
784,0,null,0,0,0
785,0,null,0,0,0
786,0,null,0,0,0
787,0,null,0,0,0
788,11,pi-,1,1,1
789,0,null,0,0,0
790,0,null,0,0,0
791,0,null,0,0,0
792,0,null,0,0,0
793,0,null,0,0,0
794,0,null,0,0,0
795,0,null,0,0,0
796,0,null,0,0,0
797,0,null,0,0,0
798,0,null,0,0,0
799,0,null,0,0,0
600,0,null,0,0,0
601,0,null,0,0,0
602,0,null,0,0,0
603,0,null,0,0,0
604,0,null,0,0,0
605,0,null,0,0,0
606,0,null,0,0,0
607,0,null,0,0,0
608,0,null,0,0,0
609,0,null,0,0,0
610,0,null,0,0,0
611,0,null,0,0,0
612,0,null,0,0,0
613,0,null,0,0,0
614,0,null,0,0,0
615,0,null,0,0,0
616,0,null,0,0,0
617,0,null,0,0,0
618,0,null,0,0,0
619,0,null,0,0,0
620,0,null,0,0,0
621,0,null,0,0,0
622,0,null,0,0,0
623,0,null,0,0,0
624,0,null,0,0,0
625,0,null,0,0,0
626,840,e+,1,1,0
627,0,null,0,0,0
628,0,null,0,0,0
629,9,secondary_proton,1,1,1
840,0,null,0,0,0
841,0,null,0,0,0
842,0,null,0,0,0
843,0,null,0,0,0
844,0,null,0,0,0
845,5,secondary_proton,1,1,1
846,0,null,0,0,0
847,0,null,0,0,0
848,423,secondary_proton,1,1,1
849,0,null,0,0,0
850,5,secondary_proton,1,1,0
851,0,null,0,0,0
852,0,null,0,0,0
853,7,secondary_proton,1,1,1
854,0,null,0,0,0
855,0,null,0,0,0
856,0,null,0,0,0
857,0,null,0,0,0
858,0,null,0,0,0
859,0,null,0,0,0
860,10,pi+,1,1,0
861,0,null,0,0,0
862,0,null,0,0,0
863,0,null,0,0,0
864,0,null,0,0,0
865,0,null,0,0,0
866,0,null,0,0,0
867,0,null,0,0,0
868,0,null,0,0,0
869,0,null,0,0,0
870,0,null,0,0,0
871,0,null,0,0,0
872,0,null,0,0,0
873,0,null,0,0,0
874,0,null,0,0,0
875,0,null,0,0,0
876,0,null,0,0,0
877,0,null,0,0,0
878,0,null,0,0,0
879,0,null,0,0,0
881,0,null,0,0,0
882,0,null,0,0,0
883,0,null,0,0,0
884,0,null,0,0,0
885,0,null,0,0,0
886,0,null,0,0,0
887,0,null,0,0,0
888,0,null,0,0,0
889,0,null,0,0,0
890,0,null,0,0,0
891,0,null,0,0,0
892,0,null,0,0,0
893,0,null,0,0,0
894,0,null,0,0,0
895,0,null,0,0,0
896,0,null,0,0,0
897,0,null,0,0,0
898,0,null,0,0,0
899,0,null,0,0,0
900,0,null,0,0,0
901,0,null,0,0,0
902,0,null,0,0,0
903,0,null,0,0,0
904,0,null,0,0,0
905,25,pi+,1,1,1
906,0,null,0,0,0
907,0,null,0,0,0
908,0,null,0,0,0
909,0,null,0,0,0
980,0,null,0,0,0
981,0,null,0,0,0
982,0,null,0,0,0
983,0,null,0,0,0
984,0,null,0,0,0
985,0,null,0,0,0
986,0,null,0,0,0
987,0,null,0,0,0
988,0,null,0,0,0
989,0,null,0,0,0
990,0,null,0,0,0
991,0,null,0,0,0
992,0,null,0,0,0
993,0,null,0,0,0
994,0,null,0,0,0
995,0,null,0,0,0
996,0,null,0,0,0
997,0,null,0,0,0
998,0,null,0,0,0
999,0,null,0,0,0
800,0,null,0,0,0
801,0,null,0,0,0
802,0,null,0,0,0
803,0,null,0,0,0
804,0,null,0,0,0
805,1,primary_proton,1,1,1
806,0,null,0,0,0
807,0,null,0,0,0
808,0,null,0,0,0
809,0,null,0,0,0
810,0,null,0,0,0
811,0,null,0,0,0
812,0,null,0,0,0
813,0,null,0,0,0
814,0,null,0,0,0
815,0,null,0,0,0
816,0,null,0,0,0
817,0,null,0,0,0
818,0,null,0,0,0
819,0,null,0,0,0
820,0,null,0,0,0
821,0,null,0,0,0
822,0,null,0,0,0
823,0,null,0,0,0
824,0,null,0,0,0
825,0,null,0,0,0
826,0,null,0,0,0
827,0,null,0,0,0
828,0,null,0,0,0
829,0,null,0,0,0
830,2310,secondary_proton,1,1,1
831,0,null,0,0,0
832,0,null,0,0,0
833,0,null,0,0,0
834,0,null,0,0,0
835,0,null,0,0,0
836,6,secondary_proton,1,1,0
837,0,null,0,0,0
838,1,primary_proton,1,1,1
839,0,null,0,0,0
910,0,null,0,0,0
911,0,null,0,0,0
912,0,null,0,0,0
913,0,null,0,0,0
914,8,secondary_proton,1,1,1
915,0,null,0,0,0
916,0,null,0,0,0
917,0,null,0,0,0
918,0,null,0,0,0
919,0,null,0,0,0
920,0,null,0,0,0
921,0,null,0,0,0
922,0,null,0,0,0
923,0,null,0,0,0
924,0,null,0,0,0
925,0,null,0,0,0
926,1,primary_proton,1,1,1
927,0,null,0,0,0
928,0,null,0,0,0
929,0,null,0,0,0
930,0,null,0,0,0
931,0,null,0,0,0
932,0,null,0,0,0
933,0,null,0,0,0
934,0,null,0,0,0
935,0,null,0,0,0
936,0,null,0,0,0
937,0,null,0,0,0
938,484,e-,1,0,0
939,0,null,0,0,0
940,0,null,0,0,0
941,0,null,0,0,0
942,0,null,0,0,0
943,0,null,0,0,0
944,0,null,0,0,0
945,0,null,0,0,0
946,0,null,0,0,0
947,0,null,0,0,0
948,0,null,0,0,0
949,0,null,0,0,0
950,0,null,0,0,0
951,0,null,0,0,0
952,0,null,0,0,0
953,0,null,0,0,0
954,0,null,0,0,0
955,0,null,0,0,0
956,0,null,0,0,0
957,0,null,0,0,0
958,0,null,0,0,0
959,0,null,0,0,0
960,0,null,0,0,0
961,0,null,0,0,0
962,0,null,0,0,0
963,0,null,0,0,0
964,0,null,0,0,0
965,0,null,0,0,0
966,0,null,0,0,0
967,0,null,0,0,0
968,0,null,0,0,0
969,0,null,0,0,0
970,0,null,0,0,0
971,0,null,0,0,0
972,0,null,0,0,0
973,0,null,0,0,0
974,0,null,0,0,0
975,0,null,0,0,0
976,0,null,0,0,0
977,0,null,0,0,0
978,0,null,0,0,0
979,0,null,0,0,0
1050,0,null,0,0,0
1051,0,null,0,0,0
1052,0,null,0,0,0
1053,0,null,0,0,0
1054,0,null,0,0,0
1055,0,null,0,0,0
1056,0,null,0,0,0
1057,0,null,0,0,0
1058,0,null,0,0,0
1059,0,null,0,0,0
1060,0,null,0,0,0
1061,1,primary_proton,1,1,1
1062,0,null,0,0,0
1063,0,null,0,0,0
1064,0,null,0,0,0
1065,0,null,0,0,0
1066,0,null,0,0,0
1067,0,null,0,0,0
1068,0,null,0,0,0
1069,0,null,0,0,0
1070,0,null,0,0,0
1071,12,pi+,1,1,1
1072,1,primary_proton,1,1,1
1073,0,null,0,0,0
1074,11,pi-,1,0,0
1075,0,null,0,0,0
1076,0,null,0,0,0
1077,0,null,0,0,0
1078,0,null,0,0,0
1079,0,null,0,0,0
1080,0,null,0,0,0
1081,0,null,0,0,0
1082,0,null,0,0,0
1083,0,null,0,0,0
1084,0,null,0,0,0
1085,0,null,0,0,0
1086,0,null,0,0,0
1087,0,null,0,0,0
1088,0,null,0,0,0
1089,0,null,0,0,0
1090,0,null,0,0,0
1091,0,null,0,0,0
1092,0,null,0,0,0
1093,0,null,0,0,0
1094,0,null,0,0,0
1095,0,null,0,0,0
1096,0,null,0,0,0
1097,0,null,0,0,0
1098,0,null,0,0,0
1099,0,null,0,0,0
1000,0,null,0,0,0
1001,0,null,0,0,0
1002,0,null,0,0,0
1003,0,null,0,0,0
1004,0,null,0,0,0
1005,709,e-,1,1,1
1006,0,null,0,0,0
1007,0,null,0,0,0
1008,0,null,0,0,0
1009,0,null,0,0,0
1010,0,null,0,0,0
1011,0,null,0,0,0
1012,0,null,0,0,0
1013,0,null,0,0,0
1014,0,null,0,0,0
1015,0,null,0,0,0
1016,0,null,0,0,0
1017,0,null,0,0,0
1018,0,null,0,0,0
1019,0,null,0,0,0
1020,0,null,0,0,0
1021,1,primary_proton,1,1,1
1022,0,null,0,0,0
1023,0,null,0,0,0
1024,0,null,0,0,0
1025,0,null,0,0,0
1026,0,null,0,0,0
1027,0,null,0,0,0
1028,0,null,0,0,0
1029,0,null,0,0,0
1030,0,null,0,0,0
1031,0,null,0,0,0
1032,0,null,0,0,0
1033,0,null,0,0,0
1034,0,null,0,0,0
1035,999,pi+,1,0,0
1036,0,null,0,0,0
1037,0,null,0,0,0
1038,3385,sigma+,1,1,1
1039,0,null,0,0,0
1040,0,null,0,0,0
1041,0,null,0,0,0
1042,0,null,0,0,0
1043,0,null,0,0,0
1044,0,null,0,0,0
1045,0,null,0,0,0
1046,0,null,0,0,0
1047,0,null,0,0,0
1048,0,null,0,0,0
1049,0,null,0,0,0
1120,0,null,0,0,0
1121,0,null,0,0,0
1122,0,null,0,0,0
1123,0,null,0,0,0
1124,1,primary_proton,1,1,1
1125,0,null,0,0,0
1126,0,null,0,0,0
1127,0,null,0,0,0
1128,0,null,0,0,0
1129,0,null,0,0,0
1130,0,null,0,0,0
1131,0,null,0,0,0
1132,0,null,0,0,0
1133,0,null,0,0,0
1134,0,null,0,0,0
1135,29,pi+,1,1,1
1136,0,null,0,0,0
1137,0,null,0,0,0
1138,0,null,0,0,0
1139,0,null,0,0,0
1100,0,null,0,0,0
1101,0,null,0,0,0
1102,0,null,0,0,0
1103,0,null,0,0,0
1104,0,null,0,0,0
1105,0,null,0,0,0
1106,0,null,0,0,0
1107,0,null,0,0,0
1108,0,null,0,0,0
1109,11,pi+,1,1,1
1110,0,null,0,0,0
1111,0,null,0,0,0
1112,0,null,0,0,0
1113,0,null,0,0,0
1114,0,null,0,0,0
1115,0,null,0,0,0
1116,0,null,0,0,0
1117,0,null,0,0,0
1118,1,primary_proton,1,1,1
1119,0,null,0,0,0
1190,0,null,0,0,0
1191,0,null,0,0,0
1192,0,null,0,0,0
1193,0,null,0,0,0
1194,0,null,0,0,0
1195,0,null,0,0,0
1196,0,null,0,0,0
1197,0,null,0,0,0
1198,0,null,0,0,0
1199,0,null,0,0,0
1140,7,secondary_proton,1,1,1
1141,0,null,0,0,0
1142,0,null,0,0,0
1143,0,null,0,0,0
1144,0,null,0,0,0
1145,0,null,0,0,0
1146,0,null,0,0,0
1147,0,null,0,0,0
1148,0,null,0,0,0
1149,1,primary_proton,1,1,1
1150,0,null,0,0,0
1151,0,null,0,0,0
1152,0,null,0,0,0
1153,0,null,0,0,0
1154,0,null,0,0,0
1155,0,null,0,0,0
1156,0,null,0,0,0
1157,0,null,0,0,0
1158,0,null,0,0,0
1159,0,null,0,0,0
1160,0,null,0,0,0
1161,1,primary_proton,1,1,1
1162,0,null,0,0,0
1163,0,null,0,0,0
1164,0,null,0,0,0
1165,0,null,0,0,0
1166,0,null,0,0,0
1167,0,null,0,0,0
1168,0,null,0,0,0
1169,0,null,0,0,0
1170,0,null,0,0,0
1171,1,primary_proton,1,1,1
1172,0,null,0,0,0
1173,0,null,0,0,0
1174,0,null,0,0,0
1175,0,null,0,0,0
1176,0,null,0,0,0
1177,8,secondary_proton,1,1,1
1178,0,null,0,0,0
1179,0,null,0,0,0
1180,0,null,0,0,0
1181,0,null,0,0,0
1182,0,null,0,0,0
1183,0,null,0,0,0
1184,0,null,0,0,0
1185,0,null,0,0,0
1186,0,null,0,0,0
1187,0,null,0,0,0
1188,0,null,0,0,0
1189,1,primary_proton,1,1,1
1260,0,null,0,0,0
1261,0,null,0,0,0
1262,0,null,0,0,0
1263,0,null,0,0,0
1264,0,null,0,0,0
1265,784,secondary_proton,1,1,1
1266,0,null,0,0,0
1267,0,null,0,0,0
1268,0,null,0,0,0
1269,0,null,0,0,0
1270,0,null,0,0,0
1271,0,null,0,0,0
1272,0,null,0,0,0
1273,0,null,0,0,0
1274,0,null,0,0,0
1275,0,null,0,0,0
1276,0,null,0,0,0
1277,0,null,0,0,0
1278,0,null,0,0,0
1279,0,null,0,0,0
1280,0,null,0,0,0
1281,0,null,0,0,0
1283,0,null,0,0,0
1284,0,null,0,0,0
1285,2127,e-,1,0,0
1286,0,null,0,0,0
1287,0,null,0,0,0
1288,0,null,0,0,0
1289,0,null,0,0,0
1290,0,null,0,0,0
1291,0,null,0,0,0
1292,0,null,0,0,0
1293,0,null,0,0,0
1294,0,null,0,0,0
1295,0,null,0,0,0
1296,0,null,0,0,0
1297,0,null,0,0,0
1298,0,null,0,0,0
1299,0,null,0,0,0
1200,0,null,0,0,0
1201,0,null,0,0,0
1202,0,null,0,0,0
1203,0,null,0,0,0
1204,0,null,0,0,0
1205,0,null,0,0,0
1206,0,null,0,0,0
1207,0,null,0,0,0
1208,0,null,0,0,0
1209,0,null,0,0,0
1210,10,pi+,1,1,1
1211,0,null,0,0,0
1212,0,null,0,0,0
1213,0,null,0,0,0
1214,0,null,0,0,0
1215,0,null,0,0,0
1216,0,null,0,0,0
1217,0,null,0,0,0
1218,0,null,0,0,0
1219,0,null,0,0,0
1220,0,null,0,0,0
1221,1,primary_proton,1,1,1
1222,0,null,0,0,0
1223,0,null,0,0,0
1224,0,null,0,0,0
1225,0,null,0,0,0
1226,0,null,0,0,0
1227,0,null,0,0,0
1228,0,null,0,0,0
1229,0,null,0,0,0
1230,0,null,0,0,0
1231,0,null,0,0,0
1232,0,null,0,0,0
1233,0,null,0,0,0
1234,0,null,0,0,0
1235,0,null,0,0,0
1236,0,null,0,0,0
1237,0,null,0,0,0
1238,0,null,0,0,0
1239,0,null,0,0,0
1240,0,null,0,0,0
1241,0,null,0,0,0
1242,0,null,0,0,0
1243,0,null,0,0,0
1244,0,null,0,0,0
1245,0,null,0,0,0
1246,0,null,0,0,0
1247,0,null,0,0,0
1248,0,null,0,0,0
1249,0,null,0,0,0
1250,1,primary_proton,1,1,1
1251,0,null,0,0,0
1252,0,null,0,0,0
1253,0,null,0,0,0
1254,0,null,0,0,0
1255,0,null,0,0,0
1256,0,null,0,0,0
1257,0,null,0,0,0
1258,0,null,0,0,0
1259,0,null,0,0,0
1330,0,null,0,0,0
1331,0,null,0,0,0
1332,0,null,0,0,0
1333,0,null,0,0,0
1334,0,null,0,0,0
1335,1,primary_proton,1,1,1
1336,2033,e-,1,1,1
1337,0,null,0,0,0
1338,0,null,0,0,0
1339,0,null,0,0,0
1340,0,null,0,0,0
1341,0,null,0,0,0
1342,0,null,0,0,0
1343,0,null,0,0,0
1344,0,null,0,0,0
1345,0,null,0,0,0
1346,0,null,0,0,0
1347,0,null,0,0,0
1348,0,null,0,0,0
1349,0,null,0,0,0
1350,0,null,0,0,0
1351,0,null,0,0,0
1352,0,null,0,0,0
1353,0,null,0,0,0
1354,0,null,0,0,0
1355,0,null,0,0,0
1356,0,null,0,0,0
1357,0,null,0,0,0
1358,0,null,0,0,0
1359,0,null,0,0,0
1360,0,null,0,0,0
1361,0,null,0,0,0
1362,0,null,0,0,0
1363,0,null,0,0,0
1364,1,primary_proton,1,1,1
1365,0,null,0,0,0
1366,0,null,0,0,0
1367,0,null,0,0,0
1368,0,null,0,0,0
1369,0,null,0,0,0
1370,0,null,0,0,0
1371,0,null,0,0,0
1372,0,null,0,0,0
1373,1,primary_proton,1,1,1
1374,0,null,0,0,0
1375,0,null,0,0,0
1376,0,null,0,0,0
1377,0,null,0,0,0
1378,0,null,0,0,0
1379,0,null,0,0,0
1380,0,null,0,0,0
1381,0,null,0,0,0
1382,0,null,0,0,0
1383,0,null,0,0,0
1384,0,null,0,0,0
1385,0,null,0,0,0
1386,0,null,0,0,0
1387,0,null,0,0,0
1388,0,null,0,0,0
1389,0,null,0,0,0
1390,0,null,0,0,0
1391,0,null,0,0,0
1392,0,null,0,0,0
1393,0,null,0,0,0
1394,0,null,0,0,0
1395,11,pi-,1,0,0
1396,0,null,0,0,0
1397,0,null,0,0,0
1398,0,null,0,0,0
1399,0,null,0,0,0
1400,0,null,0,0,0
1401,0,null,0,0,0
1402,0,null,0,0,0
1403,0,null,0,0,0
1404,0,null,0,0,0
1405,0,null,0,0,0
1406,1,primary_proton,1,1,1
1407,0,null,0,0,0
1408,0,null,0,0,0
1409,0,null,0,0,0
1410,0,null,0,0,0
1411,0,null,0,0,0
1412,0,null,0,0,0
1413,0,null,0,0,0
1414,0,null,0,0,0
1415,0,null,0,0,0
1416,0,null,0,0,0
1417,0,null,0,0,0
1418,0,null,0,0,0
1419,0,null,0,0,0
1420,0,null,0,0,0
1421,0,null,0,0,0
1422,0,null,0,0,0
1423,0,null,0,0,0
1424,0,null,0,0,0
1425,31,secondary_proton,1,1,1
1426,0,null,0,0,0
1427,0,null,0,0,0
1428,0,null,0,0,0
1429,0,null,0,0,0
1430,0,null,0,0,0
1431,0,null,0,0,0
1432,0,null,0,0,0
1433,0,null,0,0,0
1434,0,null,0,0,0
1435,0,null,0,0,0
1436,0,null,0,0,0
1437,0,null,0,0,0
1438,0,null,0,0,0
1439,0,null,0,0,0
1440,0,null,0,0,0
1441,0,null,0,0,0
1442,0,null,0,0,0
1443,0,null,0,0,0
1444,0,null,0,0,0
1445,0,null,0,0,0
1446,0,null,0,0,0
1447,0,null,0,0,0
1448,0,null,0,0,0
1449,0,null,0,0,0
1450,0,null,0,0,0
1451,0,null,0,0,0
1452,0,null,0,0,0
1453,0,null,0,0,0
1454,0,null,0,0,0
1455,0,null,0,0,0
1456,0,null,0,0,0
1457,0,null,0,0,0
1458,0,null,0,0,0
1459,0,null,0,0,0
1460,0,null,0,0,0
1461,0,null,0,0,0
1462,0,null,0,0,0
1463,0,null,0,0,0
1464,0,null,0,0,0
1465,0,null,0,0,0
1466,0,null,0,0,0
1467,0,null,0,0,0
1468,0,null,0,0,0
1469,0,null,0,0,0
1470,0,null,0,0,0
1471,0,null,0,0,0
1472,0,null,0,0,0
1473,1,primary_proton,1,1,1
1474,0,null,0,0,0
1475,0,null,0,0,0
1476,0,null,0,0,0
1477,0,null,0,0,0
1478,0,null,0,0,0
1479,0,null,0,0,0
1480,0,null,0,0,0
1481,0,null,0,0,0
1482,0,null,0,0,0
1483,0,null,0,0,0
1484,0,null,0,0,0
1485,0,null,0,0,0
1486,0,null,0,0,0
1487,0,null,0,0,0
1488,0,null,0,0,0
1489,1,primary_proton,1,1,1
1490,0,null,0,0,0
1491,0,null,0,0,0
1492,0,null,0,0,0
1493,0,null,0,0,0
1494,0,null,0,0,0
1495,0,null,0,0,0
1496,0,null,0,0,0
1497,0,null,0,0,0
1498,0,null,0,0,0
1499,0,null,0,0,0
1300,0,null,0,0,0
1301,0,null,0,0,0
1302,0,null,0,0,0
1303,0,null,0,0,0
1304,0,null,0,0,0
1305,0,null,0,0,0
1306,0,null,0,0,0
1307,1098,pi-,1,1,1
1308,5305,pi-,1,0,0
1309,0,null,0,0,0
1310,8,secondary_proton,1,1,1
1311,12,pi-,1,0,0
1312,0,null,0,0,0
1313,0,null,0,0,0
1314,0,null,0,0,0
1315,0,null,0,0,0
1316,0,null,0,0,0
1317,0,null,0,0,0
1318,771,e-,1,1,0
1319,0,null,0,0,0
1320,0,null,0,0,0
1321,1,primary_proton,1,1,1
1322,0,null,0,0,0
1323,0,null,0,0,0
1324,6,pi-,1,1,1
1325,0,null,0,0,0
1326,0,null,0,0,0
1327,0,null,0,0,0
1328,8,pi+,1,1,1
1329,0,null,0,0,0
1540,0,null,0,0,0
1541,0,null,0,0,0
1542,0,null,0,0,0
1543,0,null,0,0,0
1544,0,null,0,0,0
1545,0,null,0,0,0
1546,0,null,0,0,0
1547,0,null,0,0,0
1548,0,null,0,0,0
1549,0,null,0,0,0
1550,0,null,0,0,0
1551,0,null,0,0,0
1552,0,null,0,0,0
1553,0,null,0,0,0
1554,1,primary_proton,1,0,0
1555,0,null,0,0,0
1556,0,null,0,0,0
1557,0,null,0,0,0
1558,0,null,0,0,0
1559,0,null,0,0,0
1560,0,null,0,0,0
1561,1,primary_proton,1,1,1
1562,0,null,0,0,0
1563,0,null,0,0,0
1564,0,null,0,0,0
1565,0,null,0,0,0
1566,0,null,0,0,0
1567,0,null,0,0,0
1500,0,null,0,0,0
1501,0,null,0,0,0
1502,0,null,0,0,0
1503,0,null,0,0,0
1504,1,primary_proton,1,1,1
1505,0,null,0,0,0
1506,0,null,0,0,0
1507,0,null,0,0,0
1508,0,null,0,0,0
1509,0,null,0,0,0
1510,0,null,0,0,0
1511,0,null,0,0,0
1512,0,null,0,0,0
1513,0,null,0,0,0
1514,0,null,0,0,0
1515,0,null,0,0,0
1516,0,null,0,0,0
1517,0,null,0,0,0
1518,0,null,0,0,0
1519,0,null,0,0,0
1520,0,null,0,0,0
1521,0,null,0,0,0
1522,0,null,0,0,0
1523,0,null,0,0,0
1524,0,null,0,0,0
1525,0,null,0,0,0
1526,0,null,0,0,0
1527,0,null,0,0,0
1528,0,null,0,0,0
1529,0,null,0,0,0
1530,47,secondary_proton,1,1,1
1531,0,null,0,0,0
1532,0,null,0,0,0
1533,0,null,0,0,0
1534,7,secondary_proton,1,1,1
1535,0,null,0,0,0
1536,0,null,0,0,0
1537,0,null,0,0,0
1538,0,null,0,0,0
1539,0,null,0,0,0
1610,0,null,0,0,0
1611,0,null,0,0,0
1612,0,null,0,0,0
1613,0,null,0,0,0
1614,0,null,0,0,0
1615,0,null,0,0,0
1616,0,null,0,0,0
1617,0,null,0,0,0
1618,0,null,0,0,0
1619,0,null,0,0,0
1620,0,null,0,0,0
1621,0,null,0,0,0
1622,0,null,0,0,0
1623,0,null,0,0,0
1624,0,null,0,0,0
1625,0,null,0,0,0
1626,0,null,0,0,0
1627,0,null,0,0,0
1628,0,null,0,0,0
1629,0,null,0,0,0
1630,7,secondary_proton,1,1,1
1631,0,null,0,0,0
1632,0,null,0,0,0
1633,0,null,0,0,0
1634,0,null,0,0,0
1635,0,null,0,0,0
1636,0,null,0,0,0
1637,0,null,0,0,0
1638,0,null,0,0,0
1639,0,null,0,0,0
1640,0,null,0,0,0
1641,0,null,0,0,0
1642,0,null,0,0,0
1643,0,null,0,0,0
1644,0,null,0,0,0
1645,0,null,0,0,0
1646,0,null,0,0,0
1647,0,null,0,0,0
1648,0,null,0,0,0
1569,0,null,0,0,0
1570,1,primary_proton,1,1,1
1571,0,null,0,0,0
1572,0,null,0,0,0
1573,0,null,0,0,0
1574,0,null,0,0,0
1575,0,null,0,0,0
1576,0,null,0,0,0
1577,10,pi-,1,1,1
1578,0,null,0,0,0
1579,0,null,0,0,0
1580,0,null,0,0,0
1581,2487,secondary_proton,1,0,0
1582,0,null,0,0,0
1583,0,null,0,0,0
1584,0,null,0,0,0
1585,0,null,0,0,0
1586,0,null,0,0,0
1587,0,null,0,0,0
1588,0,null,0,0,0
1589,0,null,0,0,0
1590,0,null,0,0,0
1591,0,null,0,0,0
1592,0,null,0,0,0
1593,0,null,0,0,0
1594,0,null,0,0,0
1595,0,null,0,0,0
1596,0,null,0,0,0
1597,0,null,0,0,0
1598,0,null,0,0,0
1599,0,null,0,0,0
1600,0,null,0,0,0
1601,0,null,0,0,0
1602,0,null,0,0,0
1603,0,null,0,0,0
1604,0,null,0,0,0
1605,0,null,0,0,0
1606,0,null,0,0,0
1607,0,null,0,0,0
1608,0,null,0,0,0
1609,0,null,0,0,0
1680,0,null,0,0,0
1681,0,null,0,0,0
1682,0,null,0,0,0
1683,0,null,0,0,0
1684,0,null,0,0,0
1685,0,null,0,0,0
1686,0,null,0,0,0
1687,0,null,0,0,0
1688,0,null,0,0,0
1689,0,null,0,0,0
1690,0,null,0,0,0
1691,0,null,0,0,0
1692,694,e-,0,1,0
1693,0,null,0,0,0
1694,0,null,0,0,0
1695,0,null,0,0,0
1696,9,pi+,1,1,1
1697,0,null,0,0,0
1698,0,null,0,0,0
1699,0,null,0,0,0
1650,0,null,0,0,0
1651,0,null,0,0,0
1652,0,null,0,0,0
1653,0,null,0,0,0
1654,0,null,0,0,0
1655,0,null,0,0,0
1656,0,null,0,0,0
1657,0,null,0,0,0
1658,0,null,0,0,0
1659,0,null,0,0,0
1660,0,null,0,0,0
1661,0,null,0,0,0
1662,0,null,0,0,0
1663,0,null,0,0,0
1664,0,null,0,0,0
1665,0,null,0,0,0
1666,0,null,0,0,0
1667,0,null,0,0,0
1668,0,null,0,0,0
1669,0,null,0,0,0
1670,0,null,0,0,0
1671,0,null,0,0,0
1672,0,null,0,0,0
1673,0,null,0,0,0
1674,0,null,0,0,0
1675,1885,e-,1,0,0
1676,0,null,0,0,0
1677,0,null,0,0,0
1678,0,null,0,0,0
1679,0,null,0,0,0
1750,0,null,0,0,0
1751,0,null,0,0,0
1752,0,null,0,0,0
1753,0,null,0,0,0
1754,0,null,0,0,0
1755,0,null,0,0,0
1756,0,null,0,0,0
1757,0,null,0,0,0
1758,0,null,0,0,0
1759,0,null,0,0,0
1760,0,null,0,0,0
1761,0,null,0,0,0
1762,0,null,0,0,0
1763,5,secondary_proton,1,1,1
1764,0,null,0,0,0
1765,0,null,0,0,0
1766,0,null,0,0,0
1767,0,null,0,0,0
1768,0,null,0,0,0
1769,0,null,0,0,0
1770,0,null,0,0,0
1771,0,null,0,0,0
1772,0,null,0,0,0
1773,0,null,0,0,0
1774,0,null,0,0,0
1775,0,null,0,0,0
1776,0,null,0,0,0
1777,0,null,0,0,0
1778,0,null,0,0,0
1779,0,null,0,0,0
1780,0,null,0,0,0
1781,0,null,0,0,0
1782,0,null,0,0,0
1783,0,null,0,0,0
1784,0,null,0,0,0
1785,0,null,0,0,0
1786,0,null,0,0,0
1787,0,null,0,0,0
1788,0,null,0,0,0
1789,0,null,0,0,0
1790,1,primary_proton,1,1,1
1791,0,null,0,0,0
1792,0,null,0,0,0
1793,0,null,0,0,0
1794,0,null,0,0,0
1795,0,null,0,0,0
1796,4,secondary_proton,1,1,1
1797,0,null,0,0,0
1798,0,null,0,0,0
1700,0,null,0,0,0
1701,0,null,0,0,0
1702,0,null,0,0,0
1703,0,null,0,0,0
1704,0,null,0,0,0
1705,0,null,0,0,0
1706,1,primary_proton,1,1,1
1707,0,null,0,0,0
1708,0,null,0,0,0
1709,1,primary_proton,1,1,1
1710,0,null,0,0,0
1711,0,null,0,0,0
1712,0,null,0,0,0
1713,0,null,0,0,0
1714,0,null,0,0,0
1715,7,secondary_proton,1,1,1
1716,0,null,0,0,0
1717,0,null,0,0,0
1718,0,null,0,0,0
1719,0,null,0,0,0
1720,663,e+,1,0,0
1721,0,null,0,0,0
1722,0,null,0,0,0
1723,0,null,0,0,0
1724,0,null,0,0,0
1725,1,primary_proton,1,1,1
1726,0,null,0,0,0
1727,0,null,0,0,0
1728,0,null,0,0,0
1729,0,null,0,0,0
1730,0,null,0,0,0
1731,0,null,0,0,0
1732,0,null,0,0,0
1733,0,null,0,0,0
1734,0,null,0,0,0
1735,0,null,0,0,0
1736,0,null,0,0,0
1737,0,null,0,0,0
1738,0,null,0,0,0
1739,0,null,0,0,0
1740,0,null,0,0,0
1741,0,null,0,0,0
1742,10,secondary_proton,1,0,0
1743,0,null,0,0,0
1744,0,null,0,0,0
1745,0,null,0,0,0
1746,0,null,0,0,0
1747,0,null,0,0,0
1748,0,null,0,0,0
1749,0,null,0,0,0
1890,0,null,0,0,0
1891,1,primary_proton,1,1,1
1892,0,null,0,0,0
1893,0,null,0,0,0
1894,0,null,0,0,0
1895,0,null,0,0,0
1896,0,null,0,0,0
1897,0,null,0,0,0
1898,0,null,0,0,0
1899,0,null,0,0,0
1800,0,null,0,0,0
1801,0,null,0,0,0
1802,0,null,0,0,0
1803,0,null,0,0,0
1804,0,null,0,0,0
1805,3261,pi+,1,1,1
1806,0,null,0,0,0
1807,0,null,0,0,0
1808,0,null,0,0,0
1809,0,null,0,0,0
1810,0,null,0,0,0
1811,0,null,0,0,0
1812,0,null,0,0,0
1813,0,null,0,0,0
1814,0,null,0,0,0
1815,0,null,0,0,0
1816,0,null,0,0,0
1817,0,null,0,0,0
1818,0,null,0,0,0
1819,0,null,0,0,0
1820,0,null,0,0,0
1821,0,null,0,0,0
1822,0,null,0,0,0
1823,0,null,0,0,0
1824,0,null,0,0,0
1825,0,null,0,0,0
1826,0,null,0,0,0
1827,0,null,0,0,0
1828,0,null,0,0,0
1829,0,null,0,0,0
1830,0,null,0,0,0
1831,0,null,0,0,0
1832,0,null,0,0,0
1833,0,null,0,0,0
1834,0,null,0,0,0
1835,0,null,0,0,0
1836,0,null,0,0,0
1837,0,null,0,0,0
1838,19,pi+,1,1,0
1839,0,null,0,0,0
1840,0,null,0,0,0
1841,0,null,0,0,0
1842,0,null,0,0,0
1843,0,null,0,0,0
1844,0,null,0,0,0
1845,0,null,0,0,0
1846,0,null,0,0,0
1847,0,null,0,0,0
1848,0,null,0,0,0
1849,507,e-,1,1,1
1850,0,null,0,0,0
1851,0,null,0,0,0
1852,0,null,0,0,0
1853,0,null,0,0,0
1854,0,null,0,0,0
1855,0,null,0,0,0
1856,0,null,0,0,0
1857,0,null,0,0,0
1858,0,null,0,0,0
1859,0,null,0,0,0
1860,0,null,0,0,0
1861,0,null,0,0,0
1862,0,null,0,0,0
1863,0,null,0,0,0
1864,0,null,0,0,0
1865,0,null,0,0,0
1866,0,null,0,0,0
1867,0,null,0,0,0
1868,0,null,0,0,0
1869,0,null,0,0,0
1870,0,null,0,0,0
1871,0,null,0,0,0
1872,0,null,0,0,0
1873,0,null,0,0,0
1874,0,null,0,0,0
1875,0,null,0,0,0
1876,0,null,0,0,0
1877,0,null,0,0,0
1878,1,primary_proton,1,1,1
1879,0,null,0,0,0
1880,0,null,0,0,0
1881,0,null,0,0,0
1882,0,null,0,0,0
1883,0,null,0,0,0
1884,0,null,0,0,0
1885,0,null,0,0,0
1886,0,null,0,0,0
1887,0,null,0,0,0
1888,0,null,0,0,0
1889,0,null,0,0,0
1960,0,null,0,0,0
1961,0,null,0,0,0
1962,0,null,0,0,0
1963,0,null,0,0,0
1964,0,null,0,0,0
1965,14,pi+,1,1,1
1966,152,pi-,1,0,0
1967,0,null,0,0,0
1968,0,null,0,0,0
1969,0,null,0,0,0
1970,0,null,0,0,0
1971,0,null,0,0,0
1972,0,null,0,0,0
1973,0,null,0,0,0
1974,0,null,0,0,0
1975,0,null,0,0,0
1976,0,null,0,0,0
1977,0,null,0,0,0
1978,1,primary_proton,1,1,1
1979,0,null,0,0,0
1980,0,null,0,0,0
1981,0,null,0,0,0
1982,0,null,0,0,0
1983,0,null,0,0,0
1984,0,null,0,0,0
1985,0,null,0,0,0
1986,0,null,0,0,0
1987,0,null,0,0,0
1988,0,null,0,0,0
1989,0,null,0,0,0
1990,0,null,0,0,0
1991,0,null,0,0,0
1992,0,null,0,0,0
1993,0,null,0,0,0
1994,0,null,0,0,0
1995,0,null,0,0,0
1996,0,null,0,0,0
1997,0,null,0,0,0
1998,0,null,0,0,0
1999,0,null,0,0,0
1900,0,null,0,0,0
1901,1,primary_proton,1,1,1
1902,0,null,0,0,0
1903,0,null,0,0,0
1904,0,null,0,0,0
1905,0,null,0,0,0
1906,0,null,0,0,0
1907,0,null,0,0,0
1908,0,null,0,0,0
1909,0,null,0,0,0
1910,0,null,0,0,0
1911,0,null,0,0,0
1912,0,null,0,0,0
1913,0,null,0,0,0
1914,0,null,0,0,0
1915,0,null,0,0,0
1916,1,primary_proton,1,1,1
1917,0,null,0,0,0
1918,0,null,0,0,0
1919,0,null,0,0,0
1920,0,null,0,0,0
1921,0,null,0,0,0
1922,0,null,0,0,0
1923,0,null,0,0,0
1924,0,null,0,0,0
1925,0,null,0,0,0
1926,2913,pi-,1,1,1
1927,0,null,0,0,0
1928,0,null,0,0,0
1929,0,null,0,0,0
1930,0,null,0,0,0
1931,0,null,0,0,0
1932,0,null,0,0,0
1933,0,null,0,0,0
1934,0,null,0,0,0
1935,0,null,0,0,0
1936,0,null,0,0,0
1937,810,e-,1,0,0
1938,0,null,0,0,0
1939,0,null,0,0,0
1940,0,null,0,0,0
1941,0,null,0,0,0
1942,0,null,0,0,0
1943,0,null,0,0,0
1944,0,null,0,0,0
1945,0,null,0,0,0
1946,0,null,0,0,0
1947,0,null,0,0,0
1948,0,null,0,0,0
1949,0,null,0,0,0
1950,0,null,0,0,0
1951,0,null,0,0,0
1952,0,null,0,0,0
1953,0,null,0,0,0
1954,0,null,0,0,0
1955,0,null,0,0,0
1956,1,primary_proton,1,1,1
1957,11,pi-,1,1,1
1958,0,null,0,0,0
1959,0,null,0,0,0
2030,0,null,0,0,0
2031,0,null,0,0,0
2032,0,null,0,0,0
2033,0,null,0,0,0
2034,0,null,0,0,0
2035,0,null,0,0,0
2036,0,null,0,0,0
2037,0,null,0,0,0
2038,0,null,0,0,0
2039,0,null,0,0,0
2040,0,null,0,0,0
2041,0,null,0,0,0
2042,0,null,0,0,0
2043,0,null,0,0,0
2044,0,null,0,0,0
2045,0,null,0,0,0
2046,0,null,0,0,0
2047,0,null,0,0,0
2000,0,null,0,0,0
2001,0,null,0,0,0
2002,0,null,0,0,0
2003,0,null,0,0,0
2004,0,null,0,0,0
2005,0,null,0,0,0
2006,0,null,0,0,0
2007,0,null,0,0,0
2008,0,null,0,0,0
2009,0,null,0,0,0
2010,0,null,0,0,0
2011,0,null,0,0,0
2012,0,null,0,0,0
2013,1,primary_proton,1,1,1
2014,0,null,0,0,0
2015,1,primary_proton,1,1,1
2016,0,null,0,0,0
2017,0,null,0,0,0
2018,0,null,0,0,0
2019,0,null,0,0,0
2020,0,null,0,0,0
2021,0,null,0,0,0
2022,0,null,0,0,0
2023,0,null,0,0,0
2024,0,null,0,0,0
2025,0,null,0,0,0
2026,4,secondary_proton,1,1,1
2027,0,null,0,0,0
2028,0,null,0,0,0
2029,0,null,0,0,0
2049,0,null,0,0,0
2050,0,null,0,0,0
2051,0,null,0,0,0
2052,0,null,0,0,0
2053,0,null,0,0,0
2054,0,null,0,0,0
2055,0,null,0,0,0
2056,0,null,0,0,0
2057,0,null,0,0,0
2058,0,null,0,0,0
2059,0,null,0,0,0
2060,0,null,0,0,0
2061,0,null,0,0,0
2062,0,null,0,0,0
2063,0,null,0,0,0
2064,0,null,0,0,0
2065,0,null,0,0,0
2066,0,null,0,0,0
2067,0,null,0,0,0
2068,0,null,0,0,0
2069,0,null,0,0,0
2070,0,null,0,0,0
2071,0,null,0,0,0
2072,0,null,0,0,0
2073,0,null,0,0,0
2074,0,null,0,0,0
2075,0,null,0,0,0
2076,0,null,0,0,0
2077,0,null,0,0,0
2078,0,null,0,0,0
2079,0,null,0,0,0
2080,0,null,0,0,0
2081,0,null,0,0,0
2082,0,null,0,0,0
2083,0,null,0,0,0
2084,0,null,0,0,0
2085,0,null,0,0,0
2086,0,null,0,0,0
2087,0,null,0,0,0
2088,0,null,0,0,0
2089,9,pi+,1,1,1
2090,0,null,0,0,0
2091,0,null,0,0,0
2092,0,null,0,0,0
2093,0,null,0,0,0
2094,0,null,0,0,0
2095,0,null,0,0,0
2096,0,null,0,0,0
2097,0,null,0,0,0
2098,0,null,0,0,0
2099,0,null,0,0,0
2170,0,null,0,0,0
2171,0,null,0,0,0
2172,0,null,0,0,0
2173,0,null,0,0,0
2174,0,null,0,0,0
2175,0,null,0,0,0
2176,0,null,0,0,0
2177,0,null,0,0,0
2178,0,null,0,0,0
2179,0,null,0,0,0
2180,0,null,0,0,0
2181,0,null,0,0,0
2182,0,null,0,0,0
2183,0,null,0,0,0
2184,0,null,0,0,0
2185,0,null,0,0,0
2186,0,null,0,0,0
2187,0,null,0,0,0
2188,0,null,0,0,0
2189,0,null,0,0,0
2190,0,null,0,0,0
2191,0,null,0,0,0
2192,0,null,0,0,0
2193,0,null,0,0,0
2194,0,null,0,0,0
2195,0,null,0,0,0
2196,0,null,0,0,0
2197,0,null,0,0,0
2198,0,null,0,0,0
2199,0,null,0,0,0
2100,0,null,0,0,0
2101,0,null,0,0,0
2102,0,null,0,0,0
2103,0,null,0,0,0
2104,0,null,0,0,0
2105,0,null,0,0,0
2106,0,null,0,0,0
2107,0,null,0,0,0
2108,0,null,0,0,0
2109,0,null,0,0,0
2110,0,null,0,0,0
2111,0,null,0,0,0
2112,0,null,0,0,0
2113,0,null,0,0,0
2114,0,null,0,0,0
2115,0,null,0,0,0
2116,0,null,0,0,0
2117,0,null,0,0,0
2118,0,null,0,0,0
2119,0,null,0,0,0
2120,0,null,0,0,0
2121,0,null,0,0,0
2122,0,null,0,0,0
2123,0,null,0,0,0
2124,0,null,0,0,0
2125,0,null,0,0,0
2126,0,null,0,0,0
2127,0,null,0,0,0
2128,0,null,0,0,0
2129,0,null,0,0,0
2130,0,null,0,0,0
2131,0,null,0,0,0
2132,0,null,0,0,0
2133,0,null,0,0,0
2134,0,null,0,0,0
2135,1,primary_proton,1,1,1
2136,0,null,0,0,0
2137,0,null,0,0,0
2138,0,null,0,0,0
2139,0,null,0,0,0
2140,0,null,0,0,0
2141,0,null,0,0,0
2142,1,primary_proton,1,1,1
2143,0,null,0,0,0
2144,0,null,0,0,0
2145,0,null,0,0,0
2146,0,null,0,0,0
2147,0,null,0,0,0
2148,0,null,0,0,0
2149,0,null,0,0,0
2150,1,primary_proton,1,1,1
2151,0,null,0,0,0
2152,0,null,0,0,0
2153,0,null,0,0,0
2154,0,null,0,0,0
2155,0,null,0,0,0
2156,0,null,0,0,0
2157,0,null,0,0,0
2158,0,null,0,0,0
2159,0,null,0,0,0
2160,0,null,0,0,0
2161,0,null,0,0,0
2162,0,null,0,0,0
2163,0,null,0,0,0
2164,0,null,0,0,0
2165,0,null,0,0,0
2166,0,null,0,0,0
2167,0,null,0,0,0
2168,12,pi+,1,1,0
2169,0,null,0,0,0
2240,0,null,0,0,0
2241,0,null,0,0,0
2242,0,null,0,0,0
2243,0,null,0,0,0
2244,0,null,0,0,0
2245,0,null,0,0,0
2246,0,null,0,0,0
2247,0,null,0,0,0
2248,0,null,0,0,0
2249,0,null,0,0,0
2250,0,null,0,0,0
2251,0,null,0,0,0
2252,0,null,0,0,0
2253,0,null,0,0,0
2254,1,primary_proton,1,1,1
2255,4,secondary_proton,1,1,1
2256,0,null,0,0,0
2257,0,null,0,0,0
2258,0,null,0,0,0
2259,0,null,0,0,0
2260,0,null,0,0,0
2261,0,null,0,0,0
2262,0,null,0,0,0
2263,0,null,0,0,0
2264,0,null,0,0,0
2265,0,null,0,0,0
2266,0,null,0,0,0
2267,2140,e+,1,1,0
2268,0,null,0,0,0
2269,0,null,0,0,0
2270,0,null,0,0,0
2271,0,null,0,0,0
2272,0,null,0,0,0
2273,0,null,0,0,0
2274,0,null,0,0,0
2275,0,null,0,0,0
2276,0,null,0,0,0
2277,0,null,0,0,0
2278,0,null,0,0,0
2279,0,null,0,0,0
2280,0,null,0,0,0
2281,0,null,0,0,0
2282,0,null,0,0,0
2283,0,null,0,0,0
2284,1,primary_proton,1,1,1
2285,0,null,0,0,0
2286,0,null,0,0,0
2287,0,null,0,0,0
2288,0,null,0,0,0
2289,0,null,0,0,0
2290,0,null,0,0,0
2291,0,null,0,0,0
2292,0,null,0,0,0
2293,0,null,0,0,0
2294,0,null,0,0,0
2295,1,primary_proton,1,1,1
2296,0,null,0,0,0
2297,0,null,0,0,0
2298,0,null,0,0,0
2299,0,null,0,0,0
2200,0,null,0,0,0
2201,0,null,0,0,0
2202,0,null,0,0,0
2203,0,null,0,0,0
2204,0,null,0,0,0
2205,0,null,0,0,0
2206,0,null,0,0,0
2207,0,null,0,0,0
2208,0,null,0,0,0
2209,0,null,0,0,0
2210,0,null,0,0,0
2211,0,null,0,0,0
2212,0,null,0,0,0
2213,0,null,0,0,0
2214,12,pi+,1,0,0
2215,0,null,0,0,0
2216,0,null,0,0,0
2217,0,null,0,0,0
2218,0,null,0,0,0
2219,0,null,0,0,0
2220,0,null,0,0,0
2221,0,null,0,0,0
2222,0,null,0,0,0
2223,0,null,0,0,0
2224,0,null,0,0,0
2225,13,secondary_proton,1,1,1
2226,0,null,0,0,0
2227,0,null,0,0,0
2228,0,null,0,0,0
2229,0,null,0,0,0
2230,0,null,0,0,0
2231,0,null,0,0,0
2232,0,null,0,0,0
2233,0,null,0,0,0
2234,0,null,0,0,0
2235,0,null,0,0,0
2236,0,null,0,0,0
2237,0,null,0,0,0
2238,0,null,0,0,0
2239,0,null,0,0,0
2310,0,null,0,0,0
2311,0,null,0,0,0
2312,0,null,0,0,0
2313,0,null,0,0,0
2314,0,null,0,0,0
2315,0,null,0,0,0
2316,0,null,0,0,0
2317,0,null,0,0,0
2318,0,null,0,0,0
2319,0,null,0,0,0
2320,0,null,0,0,0
2321,0,null,0,0,0
2322,7,secondary_proton,1,1,1
2323,0,null,0,0,0
2324,0,null,0,0,0
2325,0,null,0,0,0
2326,0,null,0,0,0
2327,0,null,0,0,0
2328,0,null,0,0,0
2329,0,null,0,0,0
2330,0,null,0,0,0
2331,0,null,0,0,0
2332,0,null,0,0,0
2333,0,null,0,0,0
2334,0,null,0,0,0
2335,0,null,0,0,0
2336,0,null,0,0,0
2300,0,null,0,0,0
2301,2,secondary_proton,1,1,0
2302,0,null,0,0,0
2303,0,null,0,0,0
2304,5,secondary_proton,1,1,1
2305,0,null,0,0,0
2306,0,null,0,0,0
2307,0,null,0,0,0
2308,0,null,0,0,0
2309,0,null,0,0,0
2380,7,secondary_proton,1,1,1
2381,0,null,0,0,0
2382,0,null,0,0,0
2383,0,null,0,0,0
2384,0,null,0,0,0
2385,0,null,0,0,0
2386,0,null,0,0,0
2387,0,null,0,0,0
2388,0,null,0,0,0
2389,0,null,0,0,0
2390,1,primary_proton,1,1,1
2391,0,null,0,0,0
2392,0,null,0,0,0
2393,0,null,0,0,0
2394,0,null,0,0,0
2395,0,null,0,0,0
2396,34,pi-,1,1,1
2397,0,null,0,0,0
2398,0,null,0,0,0
2399,0,null,0,0,0
2338,0,null,0,0,0
2339,0,null,0,0,0
2340,0,null,0,0,0
2341,0,null,0,0,0
2342,0,null,0,0,0
2343,0,null,0,0,0
2344,0,null,0,0,0
2345,0,null,0,0,0
2346,0,null,0,0,0
2347,0,null,0,0,0
2348,0,null,0,0,0
2349,1019,secondary_proton,1,1,1
2350,0,null,0,0,0
2351,0,null,0,0,0
2352,0,null,0,0,0
2353,0,null,0,0,0
2354,0,null,0,0,0
2355,1,primary_proton,1,1,1
2356,0,null,0,0,0
2357,0,null,0,0,0
2358,0,null,0,0,0
2359,0,null,0,0,0
2360,0,null,0,0,0
2361,0,null,0,0,0
2362,0,null,0,0,0
2363,0,null,0,0,0
2364,0,null,0,0,0
2365,0,null,0,0,0
2366,0,null,0,0,0
2367,0,null,0,0,0
2368,0,null,0,0,0
2369,0,null,0,0,0
2370,0,null,0,0,0
2371,0,null,0,0,0
2372,0,null,0,0,0
2373,0,null,0,0,0
2374,0,null,0,0,0
2375,0,null,0,0,0
2376,0,null,0,0,0
2377,0,null,0,0,0
2378,0,null,0,0,0
2379,1,primary_proton,1,1,1
2450,0,null,0,0,0
2451,0,null,0,0,0
2452,0,null,0,0,0
2453,0,null,0,0,0
2454,0,null,0,0,0
2455,0,null,0,0,0
2456,0,null,0,0,0
2457,0,null,0,0,0
2458,0,null,0,0,0
2459,0,null,0,0,0
2460,0,null,0,0,0
2461,1,primary_proton,1,1,1
2462,0,null,0,0,0
2463,0,null,0,0,0
2464,0,null,0,0,0
2465,0,null,0,0,0
2466,0,null,0,0,0
2467,0,null,0,0,0
2468,0,null,0,0,0
2469,0,null,0,0,0
2470,0,null,0,0,0
2471,0,null,0,0,0
2472,0,null,0,0,0
2473,0,null,0,0,0
2474,0,null,0,0,0
2475,1,primary_proton,1,1,1
2476,0,null,0,0,0
2477,0,null,0,0,0
2478,0,null,0,0,0
2479,0,null,0,0,0
2480,0,null,0,0,0
2481,0,null,0,0,0
2482,0,null,0,0,0
2483,0,null,0,0,0
2484,0,null,0,0,0
2485,0,null,0,0,0
2486,0,null,0,0,0
2487,0,null,0,0,0
2488,0,null,0,0,0
2489,0,null,0,0,0
2490,0,null,0,0,0
2491,0,null,0,0,0
2492,0,null,0,0,0
2493,0,null,0,0,0
2494,0,null,0,0,0
2495,0,null,0,0,0
2496,1,primary_proton,1,1,1
2497,0,null,0,0,0
2498,0,null,0,0,0
2499,0,null,0,0,0
2500,0,null,0,0,0
2501,0,null,0,0,0
2502,0,null,0,0,0
2503,0,null,0,0,0
2504,10,secondary_proton,1,1,1
2505,0,null,0,0,0
2506,71,secondary_proton,1,1,1
2507,0,null,0,0,0
2508,0,null,0,0,0
2509,0,null,0,0,0
2510,0,null,0,0,0
2511,0,null,0,0,0
2512,0,null,0,0,0
2513,0,null,0,0,0
2514,0,null,0,0,0
2515,0,null,0,0,0
2516,0,null,0,0,0
2517,0,null,0,0,0
2518,0,null,0,0,0
2519,0,null,0,0,0
2520,0,null,0,0,0
2521,0,null,0,0,0
2522,0,null,0,0,0
2523,0,null,0,0,0
2524,0,null,0,0,0
2525,0,null,0,0,0
2526,0,null,0,0,0
2527,0,null,0,0,0
2528,0,null,0,0,0
2529,0,null,0,0,0
2530,0,null,0,0,0
2531,0,null,0,0,0
2532,0,null,0,0,0
2533,0,null,0,0,0
2534,0,null,0,0,0
2535,0,null,0,0,0
2536,0,null,0,0,0
2537,0,null,0,0,0
2538,0,null,0,0,0
2539,0,null,0,0,0
2540,0,null,0,0,0
2541,0,null,0,0,0
2542,0,null,0,0,0
2543,1,primary_proton,1,1,1
2544,0,null,0,0,0
2545,0,null,0,0,0
2546,0,null,0,0,0
2547,0,null,0,0,0
2548,0,null,0,0,0
2549,0,null,0,0,0
2550,0,null,0,0,0
2551,0,null,0,0,0
2552,0,null,0,0,0
2553,0,null,0,0,0
2554,0,null,0,0,0
2555,0,null,0,0,0
2556,1,primary_proton,1,1,0
2557,0,null,0,0,0
2558,0,null,0,0,0
2559,0,null,0,0,0
2560,0,null,0,0,0
2561,0,null,0,0,0
2562,0,null,0,0,0
2563,0,null,0,0,0
2564,3836,e-,1,0,0
2565,1,primary_proton,1,1,1
2566,0,null,0,0,0
2567,0,null,0,0,0
2568,0,null,0,0,0
2569,1,primary_proton,1,1,1
2570,0,null,0,0,0
2571,0,null,0,0,0
2573,0,null,0,0,0
2574,0,null,0,0,0
2575,0,null,0,0,0
2576,0,null,0,0,0
2577,0,null,0,0,0
2578,0,null,0,0,0
2579,0,null,0,0,0
2580,0,null,0,0,0
2581,0,null,0,0,0
2582,0,null,0,0,0
2583,0,null,0,0,0
2584,21,secondary_proton,1,1,1
2585,0,null,0,0,0
2586,0,null,0,0,0
2587,0,null,0,0,0
2588,0,null,0,0,0
2589,0,null,0,0,0
2660,0,null,0,0,0
2661,1,primary_proton,1,1,1
2662,0,null,0,0,0
2663,0,null,0,0,0
2664,0,null,0,0,0
2665,0,null,0,0,0
2666,0,null,0,0,0
2667,0,null,0,0,0
2668,0,null,0,0,0
2669,0,null,0,0,0
2670,0,null,0,0,0
2671,0,null,0,0,0
2672,0,null,0,0,0
2673,0,null,0,0,0
2674,0,null,0,0,0
2675,0,null,0,0,0
2676,0,null,0,0,0
2677,0,null,0,0,0
2678,0,null,0,0,0
2679,0,null,0,0,0
2680,0,null,0,0,0
2681,0,null,0,0,0
2682,0,null,0,0,0
2683,0,null,0,0,0
2684,0,null,0,0,0
2685,1,primary_proton,1,1,1
2686,0,null,0,0,0
2687,0,null,0,0,0
2688,1,primary_proton,1,1,1
2689,0,null,0,0,0
2690,0,null,0,0,0
2691,572,e-,0,1,1
2692,0,null,0,0,0
2693,0,null,0,0,0
2694,0,null,0,0,0
2695,0,null,0,0,0
2696,0,null,0,0,0
2697,0,null,0,0,0
2698,0,null,0,0,0
2699,0,null,0,0,0
2400,0,null,0,0,0
2401,0,null,0,0,0
2402,0,null,0,0,0
2403,0,null,0,0,0
2404,0,null,0,0,0
2405,0,null,0,0,0
2406,0,null,0,0,0
2407,0,null,0,0,0
2408,0,null,0,0,0
2409,0,null,0,0,0
2410,1,primary_proton,1,1,1
2411,0,null,0,0,0
2412,0,null,0,0,0
2413,0,null,0,0,0
2414,0,null,0,0,0
2415,0,null,0,0,0
2416,13,pi+,1,1,1
2417,0,null,0,0,0
2418,0,null,0,0,0
2419,1,primary_proton,1,1,1
2420,0,null,0,0,0
2421,0,null,0,0,0
2422,0,null,0,0,0
2423,0,null,0,0,0
2424,0,null,0,0,0
2425,0,null,0,0,0
2426,0,null,0,0,0
2427,0,null,0,0,0
2428,0,null,0,0,0
2429,0,null,0,0,0
2430,0,null,0,0,0
2431,0,null,0,0,0
2432,0,null,0,0,0
2433,0,null,0,0,0
2434,0,null,0,0,0
2435,0,null,0,0,0
2436,0,null,0,0,0
2437,0,null,0,0,0
2438,1,primary_proton,1,1,1
2439,14,pi+,1,0,0
2440,0,null,0,0,0
2441,0,null,0,0,0
2442,0,null,0,0,0
2443,0,null,0,0,0
2444,0,null,0,0,0
2445,0,null,0,0,0
2446,0,null,0,0,0
2447,0,null,0,0,0
2448,0,null,0,0,0
2449,0,null,0,0,0
2590,12,pi-,1,1,1
2591,0,null,0,0,0
2592,0,null,0,0,0
2593,0,null,0,0,0
2594,0,null,0,0,0
2595,0,null,0,0,0
2596,0,null,0,0,0
2597,0,null,0,0,0
2598,0,null,0,0,0
2599,0,null,0,0,0
2700,0,null,0,0,0
2701,0,null,0,0,0
2702,0,null,0,0,0
2703,0,null,0,0,0
2704,0,null,0,0,0
2705,0,null,0,0,0
2706,0,null,0,0,0
2707,0,null,0,0,0
2708,0,null,0,0,0
2709,0,null,0,0,0
2710,0,null,0,0,0
2711,20,secondary_proton,1,1,0
2712,0,null,0,0,0
2713,2410,e-,1,0,0
2714,0,null,0,0,0
2715,0,null,0,0,0
2716,0,null,0,0,0
2717,0,null,0,0,0
2718,0,null,0,0,0
2719,0,null,0,0,0
2720,0,null,0,0,0
2721,0,null,0,0,0
2722,0,null,0,0,0
2723,0,null,0,0,0
2724,0,null,0,0,0
2725,0,null,0,0,0
2726,0,null,0,0,0
2727,0,null,0,0,0
2728,0,null,0,0,0
2729,0,null,0,0,0
2730,0,null,0,0,0
2731,0,null,0,0,0
2732,783,pi+,1,1,1
2733,0,null,0,0,0
2734,0,null,0,0,0
2735,0,null,0,0,0
2736,0,null,0,0,0
2737,0,null,0,0,0
2738,0,null,0,0,0
2739,0,null,0,0,0
2740,0,null,0,0,0
2741,0,null,0,0,0
2742,10,pi-,1,1,1
2743,0,null,0,0,0
2744,0,null,0,0,0
2745,0,null,0,0,0
2746,0,null,0,0,0
2747,0,null,0,0,0
2748,0,null,0,0,0
2749,0,null,0,0,0
2750,0,null,0,0,0
2751,0,null,0,0,0
2752,0,null,0,0,0
2753,0,null,0,0,0
2754,0,null,0,0,0
2755,0,null,0,0,0
2756,0,null,0,0,0
2757,0,null,0,0,0
2758,0,null,0,0,0
2759,0,null,0,0,0
2760,0,null,0,0,0
2761,0,null,0,0,0
2762,0,null,0,0,0
2763,0,null,0,0,0
2764,0,null,0,0,0
2765,0,null,0,0,0
2766,0,null,0,0,0
2767,0,null,0,0,0
2768,0,null,0,0,0
2769,0,null,0,0,0
2770,0,null,0,0,0
2771,32,pi-,1,1,1
2772,0,null,0,0,0
2773,0,null,0,0,0
2774,0,null,0,0,0
2775,0,null,0,0,0
2776,0,null,0,0,0
2777,0,null,0,0,0
2778,0,null,0,0,0
2779,0,null,0,0,0
2780,0,null,0,0,0
2781,0,null,0,0,0
2782,0,null,0,0,0
2783,0,null,0,0,0
2784,0,null,0,0,0
2785,0,null,0,0,0
2786,0,null,0,0,0
2787,0,null,0,0,0
2788,0,null,0,0,0
2789,0,null,0,0,0
2790,0,null,0,0,0
2791,0,null,0,0,0
2792,0,null,0,0,0
2793,478,secondary_proton,1,1,1
2794,0,null,0,0,0
2795,0,null,0,0,0
2796,0,null,0,0,0
2797,0,null,0,0,0
2798,0,null,0,0,0
2799,0,null,0,0,0
2600,0,null,0,0,0
2601,0,null,0,0,0
2602,0,null,0,0,0
2603,0,null,0,0,0
2604,0,null,0,0,0
2605,15,secondary_proton,1,0,0
2606,0,null,0,0,0
2607,0,null,0,0,0
2608,0,null,0,0,0
2609,0,null,0,0,0
2610,0,null,0,0,0
2611,0,null,0,0,0
2612,1,primary_proton,1,1,1
2613,0,null,0,0,0
2614,0,null,0,0,0
2615,0,null,0,0,0
2616,0,null,0,0,0
2617,0,null,0,0,0
2618,62,pi-,1,1,1
2619,0,null,0,0,0
2620,1,primary_proton,1,1,1
2621,0,null,0,0,0
2622,0,null,0,0,0
2623,0,null,0,0,0
2624,0,null,0,0,0
2625,0,null,0,0,0
2626,0,null,0,0,0
2627,0,null,0,0,0
2628,0,null,0,0,0
2629,0,null,0,0,0
2630,0,null,0,0,0
2631,0,null,0,0,0
2632,0,null,0,0,0
2633,0,null,0,0,0
2634,0,null,0,0,0
2635,0,null,0,0,0
2636,0,null,0,0,0
2637,0,null,0,0,0
2638,0,null,0,0,0
2639,0,null,0,0,0
2640,0,null,0,0,0
2641,0,null,0,0,0
2642,2483,secondary_proton,1,1,0
2643,0,null,0,0,0
2644,0,null,0,0,0
2645,0,null,0,0,0
2646,0,null,0,0,0
2647,0,null,0,0,0
2648,0,null,0,0,0
2649,0,null,0,0,0
2650,0,null,0,0,0
2651,4774,e-,1,0,0
2652,0,null,0,0,0
2653,0,null,0,0,0
2654,0,null,0,0,0
2655,0,null,0,0,0
2656,1,primary_proton,1,1,1
2657,0,null,0,0,0
2658,0,null,0,0,0
2659,0,null,0,0,0
2870,0,null,0,0,0
2871,0,null,0,0,0
2872,0,null,0,0,0
2873,0,null,0,0,0
2874,0,null,0,0,0
2875,0,null,0,0,0
2876,0,null,0,0,0
2877,1,primary_proton,1,1,1
2878,1,primary_proton,1,1,1
2800,0,null,0,0,0
2801,0,null,0,0,0
2802,0,null,0,0,0
2803,0,null,0,0,0
2804,0,null,0,0,0
2805,0,null,0,0,0
2806,6,secondary_proton,1,1,1
2807,1453,pi-,1,1,1
2808,0,null,0,0,0
2809,0,null,0,0,0
2810,0,null,0,0,0
2811,0,null,0,0,0
2812,10,pi-,1,1,1
2813,0,null,0,0,0
2814,0,null,0,0,0
2815,0,null,0,0,0
2816,0,null,0,0,0
2817,0,null,0,0,0
2818,0,null,0,0,0
2819,0,null,0,0,0
2820,0,null,0,0,0
2821,0,null,0,0,0
2822,0,null,0,0,0
2823,0,null,0,0,0
2824,0,null,0,0,0
2825,0,null,0,0,0
2826,0,null,0,0,0
2827,0,null,0,0,0
2828,0,null,0,0,0
2829,0,null,0,0,0
2830,0,null,0,0,0
2831,0,null,0,0,0
2832,0,null,0,0,0
2833,0,null,0,0,0
2834,0,null,0,0,0
2835,0,null,0,0,0
2836,0,null,0,0,0
2837,0,null,0,0,0
2838,0,null,0,0,0
2839,0,null,0,0,0
2840,0,null,0,0,0
2841,0,null,0,0,0
2842,0,null,0,0,0
2843,0,null,0,0,0
2844,0,null,0,0,0
2845,0,null,0,0,0
2846,0,null,0,0,0
2847,0,null,0,0,0
2848,0,null,0,0,0
2849,0,null,0,0,0
2850,0,null,0,0,0
2851,0,null,0,0,0
2852,0,null,0,0,0
2853,0,null,0,0,0
2854,0,null,0,0,0
2855,0,null,0,0,0
2856,0,null,0,0,0
2857,0,null,0,0,0
2858,0,null,0,0,0
2859,0,null,0,0,0
2860,0,null,0,0,0
2861,0,null,0,0,0
2862,0,null,0,0,0
2863,1,primary_proton,1,1,1
2864,0,null,0,0,0
2865,0,null,0,0,0
2866,0,null,0,0,0
2867,0,null,0,0,0
2868,0,null,0,0,0
2869,0,null,0,0,0
2940,0,null,0,0,0
2941,1,primary_proton,1,1,1
2942,1,primary_proton,1,1,1
2943,0,null,0,0,0
2944,0,null,0,0,0
2945,0,null,0,0,0
2946,0,null,0,0,0
2948,0,null,0,0,0
2949,0,null,0,0,0
2950,0,null,0,0,0
2951,0,null,0,0,0
2952,0,null,0,0,0
2953,4,secondary_proton,1,1,1
2954,9,pi-,1,1,0
2955,1,primary_proton,1,1,1
2956,0,null,0,0,0
2957,0,null,0,0,0
2958,1,primary_proton,1,1,1
2959,0,null,0,0,0
2960,1,primary_proton,1,1,1
2961,0,null,0,0,0
2962,0,null,0,0,0
2963,1,primary_proton,1,1,1
2964,0,null,0,0,0
2965,0,null,0,0,0
2966,0,null,0,0,0
2967,0,null,0,0,0
2968,0,null,0,0,0
2969,0,null,0,0,0
2970,0,null,0,0,0
2971,0,null,0,0,0
2972,0,null,0,0,0
2973,0,null,0,0,0
2974,0,null,0,0,0
2975,1,primary_proton,1,1,1
2976,0,null,0,0,0
2977,22,secondary_proton,1,1,1
2978,0,null,0,0,0
2979,0,null,0,0,0
2980,0,null,0,0,0
2981,0,null,0,0,0
2982,0,null,0,0,0
2983,0,null,0,0,0
2984,0,null,0,0,0
2985,0,null,0,0,0
2986,0,null,0,0,0
2987,0,null,0,0,0
2988,0,null,0,0,0
2989,0,null,0,0,0
2990,0,null,0,0,0
2991,0,null,0,0,0
2992,0,null,0,0,0
2993,0,null,0,0,0
2994,0,null,0,0,0
2995,11,pi-,1,0,0
2996,0,null,0,0,0
2997,0,null,0,0,0
2998,0,null,0,0,0
2999,0,null,0,0,0
2879,0,null,0,0,0
2880,0,null,0,0,0
2881,0,null,0,0,0
2882,0,null,0,0,0
2883,0,null,0,0,0
2884,0,null,0,0,0
2885,0,null,0,0,0
2886,0,null,0,0,0
2887,5,secondary_proton,1,1,1
2888,0,null,0,0,0
2889,0,null,0,0,0
2890,591,e-,1,1,1
2891,0,null,0,0,0
2892,0,null,0,0,0
2893,0,null,0,0,0
2894,6615,e-,1,0,0
2895,0,null,0,0,0
2896,0,null,0,0,0
2897,8,secondary_proton,1,1,0
2898,0,null,0,0,0
2899,0,null,0,0,0
2900,0,null,0,0,0
2901,0,null,0,0,0
2902,0,null,0,0,0
2903,0,null,0,0,0
2904,0,null,0,0,0
2905,0,null,0,0,0
2906,0,null,0,0,0
2907,0,null,0,0,0
2908,0,null,0,0,0
2909,0,null,0,0,0
2910,0,null,0,0,0
2911,0,null,0,0,0
2912,0,null,0,0,0
2913,0,null,0,0,0
2914,0,null,0,0,0
2915,1,primary_proton,1,1,1
2916,0,null,0,0,0
2917,0,null,0,0,0
2918,0,null,0,0,0
2919,0,null,0,0,0
2920,0,null,0,0,0
2921,0,null,0,0,0
2922,0,null,0,0,0
2923,0,null,0,0,0
2924,0,null,0,0,0
2925,0,null,0,0,0
2926,0,null,0,0,0
2927,0,null,0,0,0
2928,0,null,0,0,0
2929,11,pi+,1,1,1
2930,0,null,0,0,0
2931,0,null,0,0,0
2932,0,null,0,0,0
2933,0,null,0,0,0
2934,0,null,0,0,0
2935,0,null,0,0,0
2936,0,null,0,0,0
2937,0,null,0,0,0
2938,0,null,0,0,0
2939,0,null,0,0,0
3080,0,null,0,0,0
3081,0,null,0,0,0
3082,0,null,0,0,0
3083,0,null,0,0,0
3084,0,null,0,0,0
3085,0,null,0,0,0
3086,0,null,0,0,0
3087,0,null,0,0,0
3088,0,null,0,0,0
3089,0,null,0,0,0
3090,0,null,0,0,0
3091,0,null,0,0,0
3092,0,null,0,0,0
3093,0,null,0,0,0
3094,0,null,0,0,0
3095,0,null,0,0,0
3096,0,null,0,0,0
3097,0,null,0,0,0
3098,0,null,0,0,0
3099,0,null,0,0,0
3000,0,null,0,0,0
3001,0,null,0,0,0
3002,0,null,0,0,0
3003,0,null,0,0,0
3004,0,null,0,0,0
3005,0,null,0,0,0
3006,0,null,0,0,0
3007,0,null,0,0,0
3008,0,null,0,0,0
3009,0,null,0,0,0
3010,0,null,0,0,0
3011,0,null,0,0,0
3012,0,null,0,0,0
3013,0,null,0,0,0
3014,0,null,0,0,0
3015,0,null,0,0,0
3016,0,null,0,0,0
3017,0,null,0,0,0
3018,0,null,0,0,0
3019,0,null,0,0,0
3020,0,null,0,0,0
3021,0,null,0,0,0
3022,0,null,0,0,0
3023,0,null,0,0,0
3024,0,null,0,0,0
3025,0,null,0,0,0
3026,0,null,0,0,0
3027,0,null,0,0,0
3028,0,null,0,0,0
3029,0,null,0,0,0
3030,0,null,0,0,0
3031,0,null,0,0,0
3032,0,null,0,0,0
3033,0,null,0,0,0
3034,0,null,0,0,0
3035,0,null,0,0,0
3036,0,null,0,0,0
3037,1,primary_proton,1,1,1
3038,0,null,0,0,0
3039,1,primary_proton,1,1,1
3040,0,null,0,0,0
3041,1,primary_proton,1,1,1
3042,0,null,0,0,0
3043,0,null,0,0,0
3044,0,null,0,0,0
3045,0,null,0,0,0
3046,0,null,0,0,0
3047,12,pi+,1,1,0
3048,0,null,0,0,0
3049,0,null,0,0,0
3050,0,null,0,0,0
3051,0,null,0,0,0
3052,0,null,0,0,0
3053,0,null,0,0,0
3054,0,null,0,0,0
3055,0,null,0,0,0
3056,0,null,0,0,0
3057,0,null,0,0,0
3058,0,null,0,0,0
3059,0,null,0,0,0
3060,0,null,0,0,0
3061,0,null,0,0,0
3062,0,null,0,0,0
3063,0,null,0,0,0
3064,0,null,0,0,0
3065,0,null,0,0,0
3066,0,null,0,0,0
3067,0,null,0,0,0
3068,0,null,0,0,0
3069,0,null,0,0,0
3070,0,null,0,0,0
3071,862,e-,1,1,0
3072,1,primary_proton,1,1,1
3073,0,null,0,0,0
3074,0,null,0,0,0
3100,0,null,0,0,0
3101,0,null,0,0,0
3102,0,null,0,0,0
3103,0,null,0,0,0
3104,0,null,0,0,0
3105,0,null,0,0,0
3106,0,null,0,0,0
3107,0,null,0,0,0
3108,0,null,0,0,0
3109,0,null,0,0,0
3110,0,null,0,0,0
3111,0,null,0,0,0
3112,0,null,0,0,0
3113,0,null,0,0,0
3114,0,null,0,0,0
3115,1,primary_proton,1,1,0
3116,0,null,0,0,0
3117,0,null,0,0,0
3118,0,null,0,0,0
3119,0,null,0,0,0
3120,0,null,0,0,0
3121,0,null,0,0,0
3122,0,null,0,0,0
3123,0,null,0,0,0
3124,0,null,0,0,0
3125,0,null,0,0,0
3126,0,null,0,0,0
3127,0,null,0,0,0
3128,0,null,0,0,0
3129,0,null,0,0,0
3130,0,null,0,0,0
3131,0,null,0,0,0
3132,8,pi+,1,1,1
3133,0,null,0,0,0
3134,0,null,0,0,0
3135,0,null,0,0,0
3136,0,null,0,0,0
3137,0,null,0,0,0
3138,0,null,0,0,0
3139,0,null,0,0,0
3140,0,null,0,0,0
3141,0,null,0,0,0
3142,0,null,0,0,0
3143,0,null,0,0,0
3144,0,null,0,0,0
3145,0,null,0,0,0
3146,0,null,0,0,0
3147,0,null,0,0,0
3148,0,null,0,0,0
3149,0,null,0,0,0
3220,0,null,0,0,0
3221,0,null,0,0,0
3222,0,null,0,0,0
3223,0,null,0,0,0
3224,82,pi+,1,1,1
3225,0,null,0,0,0
3226,0,null,0,0,0
3227,7,secondary_proton,1,1,1
3228,0,null,0,0,0
3229,0,null,0,0,0
3230,0,null,0,0,0
3231,5,secondary_proton,1,1,1
3232,0,null,0,0,0
3233,0,null,0,0,0
3075,0,null,0,0,0
3076,0,null,0,0,0
3077,0,null,0,0,0
3078,0,null,0,0,0
3079,0,null,0,0,0
3150,0,null,0,0,0
3151,0,null,0,0,0
3152,0,null,0,0,0
3153,0,null,0,0,0
3154,0,null,0,0,0
3155,0,null,0,0,0
3156,2378,e-,1,0,0
3157,0,null,0,0,0
3158,0,null,0,0,0
3159,1,primary_proton,1,1,1
3160,0,null,0,0,0
3161,0,null,0,0,0
3162,0,null,0,0,0
3163,0,null,0,0,0
3164,1,primary_proton,1,1,1
3165,0,null,0,0,0
3166,0,null,0,0,0
3167,0,null,0,0,0
3168,0,null,0,0,0
3169,0,null,0,0,0
3170,0,null,0,0,0
3171,0,null,0,0,0
3172,0,null,0,0,0
3173,0,null,0,0,0
3174,0,null,0,0,0
3175,0,null,0,0,0
3176,0,null,0,0,0
3177,0,null,0,0,0
3178,1511,e-,0,1,0
3179,0,null,0,0,0
3180,0,null,0,0,0
3181,0,null,0,0,0
3182,0,null,0,0,0
3183,0,null,0,0,0
3184,0,null,0,0,0
3185,0,null,0,0,0
3186,0,null,0,0,0
3187,0,null,0,0,0
3188,0,null,0,0,0
3189,2,pi+,1,1,0
3190,3,secondary_proton,1,1,1
3191,0,null,0,0,0
3192,0,null,0,0,0
3193,0,null,0,0,0
3194,0,null,0,0,0
3195,0,null,0,0,0
3196,0,null,0,0,0
3197,0,null,0,0,0
3198,0,null,0,0,0
3199,0,null,0,0,0
3200,0,null,0,0,0
3201,0,null,0,0,0
3202,0,null,0,0,0
3203,0,null,0,0,0
3204,0,null,0,0,0
3205,0,null,0,0,0
3206,0,null,0,0,0
3207,0,null,0,0,0
3208,0,null,0,0,0
3209,0,null,0,0,0
3210,0,null,0,0,0
3211,0,null,0,0,0
3212,0,null,0,0,0
3213,0,null,0,0,0
3214,0,null,0,0,0
3215,0,null,0,0,0
3216,0,null,0,0,0
3217,0,null,0,0,0
3218,0,null,0,0,0
3219,0,null,0,0,0
3290,0,null,0,0,0
3291,0,null,0,0,0
3292,0,null,0,0,0
3293,0,null,0,0,0
3294,0,null,0,0,0
3295,0,null,0,0,0
3296,0,null,0,0,0
3297,0,null,0,0,0
3298,0,null,0,0,0
3299,0,null,0,0,0
3300,0,null,0,0,0
3301,0,null,0,0,0
3302,0,null,0,0,0
3303,0,null,0,0,0
3304,0,null,0,0,0
3305,0,null,0,0,0
3306,0,null,0,0,0
3307,0,null,0,0,0
3308,7,secondary_proton,1,1,1
3309,0,null,0,0,0
3310,0,null,0,0,0
3311,1,primary_proton,1,1,1
3312,0,null,0,0,0
3313,0,null,0,0,0
3314,1,primary_proton,1,1,1
3315,0,null,0,0,0
3316,0,null,0,0,0
3317,0,null,0,0,0
3318,0,null,0,0,0
3319,0,null,0,0,0
3320,0,null,0,0,0
3321,0,null,0,0,0
3322,0,null,0,0,0
3323,0,null,0,0,0
3324,0,null,0,0,0
3325,0,null,0,0,0
3326,0,null,0,0,0
3327,0,null,0,0,0
3328,0,null,0,0,0
3329,0,null,0,0,0
3330,0,null,0,0,0
3331,0,null,0,0,0
3332,0,null,0,0,0
3333,0,null,0,0,0
3334,0,null,0,0,0
3335,0,null,0,0,0
3336,0,null,0,0,0
3337,0,null,0,0,0
3338,0,null,0,0,0
3339,0,null,0,0,0
3340,0,null,0,0,0
3341,0,null,0,0,0
3342,0,null,0,0,0
3343,0,null,0,0,0
3344,0,null,0,0,0
3345,0,null,0,0,0
3346,0,null,0,0,0
3347,0,null,0,0,0
3348,0,null,0,0,0
3349,0,null,0,0,0
3350,0,null,0,0,0
3351,0,null,0,0,0
3352,0,null,0,0,0
3353,0,null,0,0,0
3354,0,null,0,0,0
3355,0,null,0,0,0
3356,0,null,0,0,0
3357,0,null,0,0,0
3358,0,null,0,0,0
3359,0,null,0,0,0
3360,0,null,0,0,0
3361,1383,pi-,1,0,0
3362,0,null,0,0,0
3363,0,null,0,0,0
3364,0,null,0,0,0
3365,0,null,0,0,0
3366,0,null,0,0,0
3367,0,null,0,0,0
3368,0,null,0,0,0
3369,0,null,0,0,0
3370,0,null,0,0,0
3371,0,null,0,0,0
3372,0,null,0,0,0
3373,0,null,0,0,0
3374,0,null,0,0,0
3375,0,null,0,0,0
3376,0,null,0,0,0
3377,2,secondary_proton,1,1,1
3378,0,null,0,0,0
3379,0,null,0,0,0
3234,0,null,0,0,0
3235,0,null,0,0,0
3236,0,null,0,0,0
3237,0,null,0,0,0
3238,0,null,0,0,0
3239,0,null,0,0,0
3240,0,null,0,0,0
3241,0,null,0,0,0
3242,0,null,0,0,0
3243,0,null,0,0,0
3244,7,secondary_proton,1,1,1
3245,6,pi+,1,1,1
3246,0,null,0,0,0
3247,0,null,0,0,0
3248,0,null,0,0,0
3249,0,null,0,0,0
3250,0,null,0,0,0
3251,4,pi+,1,1,1
3252,0,null,0,0,0
3253,0,null,0,0,0
3254,0,null,0,0,0
3255,0,null,0,0,0
3256,0,null,0,0,0
3257,0,null,0,0,0
3258,0,null,0,0,0
3259,0,null,0,0,0
3260,10,pi+,1,0,0
3261,0,null,0,0,0
3262,0,null,0,0,0
3263,0,null,0,0,0
3264,0,null,0,0,0
3265,0,null,0,0,0
3266,0,null,0,0,0
3267,0,null,0,0,0
3268,0,null,0,0,0
3269,0,null,0,0,0
3270,0,null,0,0,0
3271,0,null,0,0,0
3272,0,null,0,0,0
3273,0,null,0,0,0
3274,0,null,0,0,0
3275,33,secondary_proton,1,0,0
3276,0,null,0,0,0
3277,0,null,0,0,0
3278,0,null,0,0,0
3279,0,null,0,0,0
3280,0,null,0,0,0
3281,0,null,0,0,0
3282,0,null,0,0,0
3283,0,null,0,0,0
3284,0,null,0,0,0
3285,0,null,0,0,0
3286,0,null,0,0,0
3287,0,null,0,0,0
3288,0,null,0,0,0
3289,0,null,0,0,0
3430,0,null,0,0,0
3431,0,null,0,0,0
3432,0,null,0,0,0
3433,0,null,0,0,0
3434,0,null,0,0,0
3435,0,null,0,0,0
3436,0,null,0,0,0
3437,0,null,0,0,0
3438,0,null,0,0,0
3439,0,null,0,0,0
3440,0,null,0,0,0
3441,0,null,0,0,0
3442,0,null,0,0,0
3443,0,null,0,0,0
3444,0,null,0,0,0
3445,0,null,0,0,0
3446,0,null,0,0,0
3447,0,null,0,0,0
3448,0,null,0,0,0
3449,2871,pi+,1,0,0
3380,0,null,0,0,0
3381,0,null,0,0,0
3382,0,null,0,0,0
3383,0,null,0,0,0
3384,0,null,0,0,0
3385,0,null,0,0,0
3386,0,null,0,0,0
3387,0,null,0,0,0
3388,0,null,0,0,0
3389,0,null,0,0,0
3390,1,primary_proton,1,1,1
3391,0,null,0,0,0
3392,0,null,0,0,0
3393,0,null,0,0,0
3394,0,null,0,0,0
3395,0,null,0,0,0
3396,0,null,0,0,0
3397,1,primary_proton,1,1,1
3398,0,null,0,0,0
3399,1,primary_proton,1,1,0
3400,0,null,0,0,0
3401,0,null,0,0,0
3402,0,null,0,0,0
3403,0,null,0,0,0
3404,0,null,0,0,0
3405,0,null,0,0,0
3406,0,null,0,0,0
3407,0,null,0,0,0
3408,0,null,0,0,0
3409,227,secondary_proton,1,1,1
3410,0,null,0,0,0
3411,0,null,0,0,0
3412,0,null,0,0,0
3413,0,null,0,0,0
3414,0,null,0,0,0
3415,0,null,0,0,0
3416,0,null,0,0,0
3417,0,null,0,0,0
3418,0,null,0,0,0
3419,0,null,0,0,0
3420,0,null,0,0,0
3421,0,null,0,0,0
3422,0,null,0,0,0
3423,0,null,0,0,0
3424,0,null,0,0,0
3425,0,null,0,0,0
3426,0,null,0,0,0
3427,0,null,0,0,0
3428,0,null,0,0,0
3429,0,null,0,0,0
3500,0,null,0,0,0
3501,0,null,0,0,0
3502,0,null,0,0,0
3503,0,null,0,0,0
3504,0,null,0,0,0
3505,0,null,0,0,0
3506,0,null,0,0,0
3507,0,null,0,0,0
3508,0,null,0,0,0
3509,0,null,0,0,0
3510,0,null,0,0,0
3511,0,null,0,0,0
3512,0,null,0,0,0
3513,0,null,0,0,0
3514,0,null,0,0,0
3515,0,null,0,0,0
3516,0,null,0,0,0
3517,0,null,0,0,0
3518,0,null,0,0,0
3519,0,null,0,0,0
3520,0,null,0,0,0
3521,0,null,0,0,0
3522,0,null,0,0,0
3523,0,null,0,0,0
3524,0,null,0,0,0
3525,2,secondary_proton,1,1,1
3526,0,null,0,0,0
3527,0,null,0,0,0
3528,0,null,0,0,0
3529,0,null,0,0,0
3530,0,null,0,0,0
3531,0,null,0,0,0
3532,0,null,0,0,0
3533,0,null,0,0,0
3534,0,null,0,0,0
3535,0,null,0,0,0
3536,0,null,0,0,0
3537,0,null,0,0,0
3538,0,null,0,0,0
3539,0,null,0,0,0
3540,0,null,0,0,0
3541,0,null,0,0,0
3542,0,null,0,0,0
3543,0,null,0,0,0
3544,0,null,0,0,0
3545,0,null,0,0,0
3546,0,null,0,0,0
3547,0,null,0,0,0
3548,0,null,0,0,0
3549,0,null,0,0,0
3550,0,null,0,0,0
3551,0,null,0,0,0
3552,0,null,0,0,0
3553,0,null,0,0,0
3554,0,null,0,0,0
3555,0,null,0,0,0
3556,0,null,0,0,0
3557,0,null,0,0,0
3558,0,null,0,0,0
3559,0,null,0,0,0
3560,0,null,0,0,0
3561,0,null,0,0,0
3562,0,null,0,0,0
3563,0,null,0,0,0
3564,0,null,0,0,0
3565,0,null,0,0,0
3566,0,null,0,0,0
3567,0,null,0,0,0
3568,0,null,0,0,0
3569,0,null,0,0,0
3640,0,null,0,0,0
3641,0,null,0,0,0
3642,0,null,0,0,0
3643,0,null,0,0,0
3644,0,null,0,0,0
3645,0,null,0,0,0
3646,0,null,0,0,0
3647,0,null,0,0,0
3648,0,null,0,0,0
3649,0,null,0,0,0
3650,0,null,0,0,0
3651,0,null,0,0,0
3652,0,null,0,0,0
3653,0,null,0,0,0
3654,0,null,0,0,0
3655,0,null,0,0,0
3656,0,null,0,0,0
3450,326,e+,1,1,1
3451,0,null,0,0,0
3452,0,null,0,0,0
3453,0,null,0,0,0
3454,0,null,0,0,0
3455,0,null,0,0,0
3456,0,null,0,0,0
3457,0,null,0,0,0
3458,0,null,0,0,0
3459,0,null,0,0,0
3460,0,null,0,0,0
3461,0,null,0,0,0
3462,0,null,0,0,0
3463,0,null,0,0,0
3464,0,null,0,0,0
3465,0,null,0,0,0
3466,0,null,0,0,0
3467,0,null,0,0,0
3468,0,null,0,0,0
3469,0,null,0,0,0
3470,0,null,0,0,0
3471,0,null,0,0,0
3472,0,null,0,0,0
3473,0,null,0,0,0
3474,0,null,0,0,0
3475,0,null,0,0,0
3476,0,null,0,0,0
3477,0,null,0,0,0
3478,0,null,0,0,0
3479,0,null,0,0,0
3480,0,null,0,0,0
3481,0,null,0,0,0
3482,0,null,0,0,0
3483,0,null,0,0,0
3484,0,null,0,0,0
3485,0,null,0,0,0
3486,0,null,0,0,0
3487,0,null,0,0,0
3488,0,null,0,0,0
3489,0,null,0,0,0
3490,0,null,0,0,0
3491,4,secondary_proton,1,1,1
3492,0,null,0,0,0
3493,0,null,0,0,0
3494,0,null,0,0,0
3495,6,secondary_proton,1,1,1
3496,0,null,0,0,0
3497,0,null,0,0,0
3498,14,secondary_proton,1,0,0
3499,0,null,0,0,0
3570,0,null,0,0,0
3571,0,null,0,0,0
3572,25,pi-,1,1,1
3573,0,null,0,0,0
3574,14,pi-,1,1,0
3575,0,null,0,0,0
3576,0,null,0,0,0
3577,0,null,0,0,0
3578,0,null,0,0,0
3579,0,null,0,0,0
3580,0,null,0,0,0
3581,0,null,0,0,0
3582,0,null,0,0,0
3583,0,null,0,0,0
3584,0,null,0,0,0
3585,0,null,0,0,0
3586,0,null,0,0,0
3587,0,null,0,0,0
3588,0,null,0,0,0
3589,0,null,0,0,0
3590,0,null,0,0,0
3591,0,null,0,0,0
3593,0,null,0,0,0
3594,0,null,0,0,0
3595,0,null,0,0,0
3596,0,null,0,0,0
3597,0,null,0,0,0
3598,0,null,0,0,0
3599,0,null,0,0,0
3657,0,null,0,0,0
3658,0,null,0,0,0
3659,0,null,0,0,0
3660,0,null,0,0,0
3661,0,null,0,0,0
3662,0,null,0,0,0
3663,0,null,0,0,0
3664,0,null,0,0,0
3665,0,null,0,0,0
3666,1742,e+,1,0,0
3667,0,null,0,0,0
3668,0,null,0,0,0
3669,0,null,0,0,0
3670,0,null,0,0,0
3671,13,secondary_proton,1,1,1
3672,0,null,0,0,0
3673,0,null,0,0,0
3674,0,null,0,0,0
3675,0,null,0,0,0
3676,0,null,0,0,0
3677,0,null,0,0,0
3678,0,null,0,0,0
3679,0,null,0,0,0
3680,0,null,0,0,0
3681,1,primary_proton,1,1,1
3682,0,null,0,0,0
3683,0,null,0,0,0
3684,0,null,0,0,0
3685,0,null,0,0,0
3686,1,primary_proton,1,1,1
3687,0,null,0,0,0
3688,0,null,0,0,0
3689,0,null,0,0,0
3690,0,null,0,0,0
3691,0,null,0,0,0
3692,0,null,0,0,0
3693,0,null,0,0,0
3694,0,null,0,0,0
3695,0,null,0,0,0
3696,0,null,0,0,0
3697,0,null,0,0,0
3698,0,null,0,0,0
3699,0,null,0,0,0
3600,0,null,0,0,0
3601,0,null,0,0,0
3602,0,null,0,0,0
3603,0,null,0,0,0
3604,0,null,0,0,0
3605,2066,e-,0,0,1
3606,0,null,0,0,0
3607,0,null,0,0,0
3608,0,null,0,0,0
3609,0,null,0,0,0
3610,0,null,0,0,0
3611,0,null,0,0,0
3612,0,null,0,0,0
3613,1,primary_proton,1,1,1
3614,0,null,0,0,0
3615,0,null,0,0,0
3616,0,null,0,0,0
3617,0,null,0,0,0
3618,0,null,0,0,0
3619,0,null,0,0,0
3620,0,null,0,0,0
3621,0,null,0,0,0
3622,0,null,0,0,0
3623,0,null,0,0,0
3624,0,null,0,0,0
3625,0,null,0,0,0
3626,0,null,0,0,0
3627,0,null,0,0,0
3628,0,null,0,0,0
3629,0,null,0,0,0
3630,0,null,0,0,0
3631,0,null,0,0,0
3632,0,null,0,0,0
3633,0,null,0,0,0
3634,0,null,0,0,0
3635,0,null,0,0,0
3636,0,null,0,0,0
3637,0,null,0,0,0
3638,0,null,0,0,0
3639,0,null,0,0,0
3710,0,null,0,0,0
3711,0,null,0,0,0
3712,12,secondary_proton,1,1,1
3713,0,null,0,0,0
3714,8,secondary_proton,1,1,1
3715,0,null,0,0,0
3716,0,null,0,0,0
3717,0,null,0,0,0
3718,0,null,0,0,0
3719,0,null,0,0,0
3720,0,null,0,0,0
3721,0,null,0,0,0
3722,0,null,0,0,0
3723,0,null,0,0,0
3724,0,null,0,0,0
3725,0,null,0,0,0
3726,0,null,0,0,0
3727,0,null,0,0,0
3728,0,null,0,0,0
3729,0,null,0,0,0
3730,0,null,0,0,0
3731,0,null,0,0,0
3732,0,null,0,0,0
3733,0,null,0,0,0
3734,0,null,0,0,0
3735,0,null,0,0,0
3736,0,null,0,0,0
3737,1,primary_proton,1,1,1
3738,0,null,0,0,0
3739,0,null,0,0,0
3740,0,null,0,0,0
3741,0,null,0,0,0
3742,0,null,0,0,0
3743,0,null,0,0,0
3744,0,null,0,0,0
3745,0,null,0,0,0
3746,0,null,0,0,0
3700,0,null,0,0,0
3701,0,null,0,0,0
3702,1,primary_proton,1,1,1
3703,0,null,0,0,0
3704,0,null,0,0,0
3705,0,null,0,0,0
3706,0,null,0,0,0
3707,1,primary_proton,1,1,1
3708,0,null,0,0,0
3709,0,null,0,0,0
3780,0,null,0,0,0
3781,0,null,0,0,0
3782,1,primary_proton,1,1,1
3783,0,null,0,0,0
3784,0,null,0,0,0
3785,0,null,0,0,0
3786,0,null,0,0,0
3787,0,null,0,0,0
3788,0,null,0,0,0
3789,0,null,0,0,0
3790,1,primary_proton,1,1,1
3791,0,null,0,0,0
3792,0,null,0,0,0
3793,0,null,0,0,0
3794,0,null,0,0,0
3795,0,null,0,0,0
3796,0,null,0,0,0
3797,0,null,0,0,0
3798,0,null,0,0,0
3799,0,null,0,0,0
3747,0,null,0,0,0
3748,0,null,0,0,0
3749,0,null,0,0,0
3750,0,null,0,0,0
3751,0,null,0,0,0
3752,1,primary_proton,1,1,1
3753,0,null,0,0,0
3754,0,null,0,0,0
3755,0,null,0,0,0
3756,0,null,0,0,0
3757,0,null,0,0,0
3758,0,null,0,0,0
3759,0,null,0,0,0
3760,0,null,0,0,0
3761,0,null,0,0,0
3762,0,null,0,0,0
3763,0,null,0,0,0
3764,0,null,0,0,0
3765,0,null,0,0,0
3766,0,null,0,0,0
3767,1,primary_proton,1,1,1
3768,0,null,0,0,0
3769,0,null,0,0,0
3770,0,null,0,0,0
3771,0,null,0,0,0
3772,0,null,0,0,0
3773,0,null,0,0,0
3774,0,null,0,0,0
3775,0,null,0,0,0
3776,0,null,0,0,0
3777,0,null,0,0,0
3778,0,null,0,0,0
3779,0,null,0,0,0
3850,0,null,0,0,0
3851,0,null,0,0,0
3852,0,null,0,0,0
3853,0,null,0,0,0
3854,0,null,0,0,0
3855,0,null,0,0,0
3856,0,null,0,0,0
3857,1,primary_proton,1,1,1
3858,0,null,0,0,0
3859,0,null,0,0,0
3860,0,null,0,0,0
3861,0,null,0,0,0
3862,0,null,0,0,0
3863,0,null,0,0,0
3864,0,null,0,0,0
3865,0,null,0,0,0
3866,0,null,0,0,0
3867,0,null,0,0,0
3868,0,null,0,0,0
3869,0,null,0,0,0
3870,0,null,0,0,0
3871,0,null,0,0,0
3872,11,pi-,1,1,1
3873,0,null,0,0,0
3874,0,null,0,0,0
3875,0,null,0,0,0
3876,0,null,0,0,0
3877,0,null,0,0,0
3878,0,null,0,0,0
3879,0,null,0,0,0
3880,0,null,0,0,0
3881,0,null,0,0,0
3882,0,null,0,0,0
3884,0,null,0,0,0
3885,0,null,0,0,0
3886,0,null,0,0,0
3887,0,null,0,0,0
3888,18,pi-,1,1,0
3889,0,null,0,0,0
3890,0,null,0,0,0
3891,0,null,0,0,0
3892,1,primary_proton,1,1,1
3893,0,null,0,0,0
3894,0,null,0,0,0
3895,0,null,0,0,0
3896,0,null,0,0,0
3897,0,null,0,0,0
3898,0,null,0,0,0
3899,0,null,0,0,0
3800,0,null,0,0,0
3801,0,null,0,0,0
3802,0,null,0,0,0
3803,0,null,0,0,0
3804,0,null,0,0,0
3805,0,null,0,0,0
3806,0,null,0,0,0
3807,0,null,0,0,0
3808,0,null,0,0,0
3809,0,null,0,0,0
3810,0,null,0,0,0
3811,0,null,0,0,0
3812,0,null,0,0,0
3813,0,null,0,0,0
3814,0,null,0,0,0
3815,0,null,0,0,0
3816,0,null,0,0,0
3817,0,null,0,0,0
3818,0,null,0,0,0
3819,0,null,0,0,0
3820,0,null,0,0,0
3821,0,null,0,0,0
3822,0,null,0,0,0
3823,0,null,0,0,0
3824,0,null,0,0,0
3825,0,null,0,0,0
3826,1,primary_proton,1,1,1
3827,0,null,0,0,0
3828,0,null,0,0,0
3829,0,null,0,0,0
3830,0,null,0,0,0
3831,0,null,0,0,0
3832,0,null,0,0,0
3833,4,secondary_proton,1,0,0
3834,0,null,0,0,0
3835,0,null,0,0,0
3836,0,null,0,0,0
3837,0,null,0,0,0
3838,0,null,0,0,0
3839,0,null,0,0,0
3840,0,null,0,0,0
3841,0,null,0,0,0
3842,0,null,0,0,0
3843,0,null,0,0,0
3844,0,null,0,0,0
3845,1,primary_proton,1,1,1
3846,0,null,0,0,0
3847,0,null,0,0,0
3848,0,null,0,0,0
3849,0,null,0,0,0
3920,3431,e-,1,0,0
3921,0,null,0,0,0
3922,0,null,0,0,0
3923,0,null,0,0,0
3924,0,null,0,0,0
3925,0,null,0,0,0
3926,15,pi-,1,0,0
3927,6,pi-,1,1,1
3928,0,null,0,0,0
3929,0,null,0,0,0
3930,0,null,0,0,0
3931,0,null,0,0,0
3932,0,null,0,0,0
3933,0,null,0,0,0
3934,0,null,0,0,0
3935,0,null,0,0,0
3936,0,null,0,0,0
3937,0,null,0,0,0
3938,0,null,0,0,0
3939,0,null,0,0,0
3940,0,null,0,0,0
3941,0,null,0,0,0
3942,0,null,0,0,0
3943,0,null,0,0,0
3944,941,e-,1,1,0
3945,0,null,0,0,0
3946,0,null,0,0,0
3947,0,null,0,0,0
3900,0,null,0,0,0
3901,0,null,0,0,0
3902,0,null,0,0,0
3903,0,null,0,0,0
3904,0,null,0,0,0
3905,0,null,0,0,0
3906,0,null,0,0,0
3907,0,null,0,0,0
3908,0,null,0,0,0
3909,0,null,0,0,0
3910,0,null,0,0,0
3911,0,null,0,0,0
3912,0,null,0,0,0
3913,0,null,0,0,0
3914,0,null,0,0,0
3915,0,null,0,0,0
3916,0,null,0,0,0
3917,0,null,0,0,0
3918,0,null,0,0,0
3919,0,null,0,0,0
3990,0,null,0,0,0
3991,0,null,0,0,0
3992,0,null,0,0,0
3993,0,null,0,0,0
3994,6,pi-,1,0,0
3995,0,null,0,0,0
3996,0,null,0,0,0
3997,0,null,0,0,0
3998,0,null,0,0,0
3999,7,pi-,1,1,1
3949,0,null,0,0,0
3950,0,null,0,0,0
3951,0,null,0,0,0
3952,0,null,0,0,0
3953,0,null,0,0,0
3954,0,null,0,0,0
3955,0,null,0,0,0
3956,0,null,0,0,0
3957,418,pi-,1,1,1
3958,0,null,0,0,0
3959,0,null,0,0,0
3960,0,null,0,0,0
3961,0,null,0,0,0
3962,0,null,0,0,0
3963,0,null,0,0,0
3964,0,null,0,0,0
3965,0,null,0,0,0
3966,0,null,0,0,0
3967,0,null,0,0,0
3968,0,null,0,0,0
3969,0,null,0,0,0
3970,0,null,0,0,0
3971,0,null,0,0,0
3972,18,secondary_proton,1,0,0
3973,0,null,0,0,0
3974,0,null,0,0,0
3975,0,null,0,0,0
3976,0,null,0,0,0
3977,8,secondary_proton,1,1,1
3978,0,null,0,0,0
3979,0,null,0,0,0
3980,0,null,0,0,0
3981,2,secondary_proton,1,1,1
3982,0,null,0,0,0
3983,0,null,0,0,0
3984,0,null,0,0,0
3985,0,null,0,0,0
3986,0,null,0,0,0
3987,0,null,0,0,0
3988,0,null,0,0,0
3989,0,null,0,0,0
4060,0,null,0,0,0
4061,0,null,0,0,0
4062,0,null,0,0,0
4063,0,null,0,0,0
4064,0,null,0,0,0
4065,0,null,0,0,0
4066,0,null,0,0,0
4067,0,null,0,0,0
4068,0,null,0,0,0
4069,0,null,0,0,0
4070,0,null,0,0,0
4071,0,null,0,0,0
4072,0,null,0,0,0
4073,0,null,0,0,0
4074,0,null,0,0,0
4075,0,null,0,0,0
4076,0,null,0,0,0
4077,0,null,0,0,0
4078,0,null,0,0,0
4079,0,null,0,0,0
4080,0,null,0,0,0
4081,0,null,0,0,0
4082,0,null,0,0,0
4083,0,null,0,0,0
4084,0,null,0,0,0
4085,0,null,0,0,0
4086,0,null,0,0,0
4087,0,null,0,0,0
4088,0,null,0,0,0
4089,0,null,0,0,0
4090,0,null,0,0,0
4091,0,null,0,0,0
4092,0,null,0,0,0
4093,0,null,0,0,0
4094,0,null,0,0,0
4095,0,null,0,0,0
4096,0,null,0,0,0
4097,0,null,0,0,0
4098,0,null,0,0,0
4099,0,null,0,0,0
4000,0,null,0,0,0
4001,0,null,0,0,0
4002,0,null,0,0,0
4003,0,null,0,0,0
4004,0,null,0,0,0
4005,0,null,0,0,0
4006,0,null,0,0,0
4007,0,null,0,0,0
4008,0,null,0,0,0
4009,0,null,0,0,0
4010,0,null,0,0,0
4011,0,null,0,0,0
4012,0,null,0,0,0
4013,21,pi-,1,1,1
4014,0,null,0,0,0
4015,0,null,0,0,0
4016,0,null,0,0,0
4017,10,pi+,1,1,1
4018,0,null,0,0,0
4019,0,null,0,0,0
4020,0,null,0,0,0
4021,0,null,0,0,0
4022,0,null,0,0,0
4023,0,null,0,0,0
4024,0,null,0,0,0
4025,0,null,0,0,0
4026,0,null,0,0,0
4027,4,secondary_proton,1,1,1
4028,0,null,0,0,0
4029,0,null,0,0,0
4030,0,null,0,0,0
4031,0,null,0,0,0
4032,0,null,0,0,0
4033,0,null,0,0,0
4034,0,null,0,0,0
4035,0,null,0,0,0
4036,0,null,0,0,0
4037,0,null,0,0,0
4038,0,null,0,0,0
4039,0,null,0,0,0
4040,0,null,0,0,0
4041,0,null,0,0,0
4042,0,null,0,0,0
4043,0,null,0,0,0
4044,0,null,0,0,0
4045,0,null,0,0,0
4046,0,null,0,0,0
4047,0,null,0,0,0
4048,0,null,0,0,0
4049,0,null,0,0,0
4050,0,null,0,0,0
4051,0,null,0,0,0
4052,0,null,0,0,0
4053,0,null,0,0,0
4054,0,null,0,0,0
4055,0,null,0,0,0
4056,11,pi+,1,0,0
4057,0,null,0,0,0
4058,0,null,0,0,0
4059,0,null,0,0,0
4200,0,null,0,0,0
4201,0,null,0,0,0
4202,0,null,0,0,0
4203,0,null,0,0,0
4204,0,null,0,0,0
4205,0,null,0,0,0
4206,4,secondary_proton,1,1,0
4207,0,null,0,0,0
4208,0,null,0,0,0
4209,0,null,0,0,0
4210,0,null,0,0,0
4211,0,null,0,0,0
4212,0,null,0,0,0
4213,0,null,0,0,0
4214,0,null,0,0,0
4215,0,null,0,0,0
4216,0,null,0,0,0
4217,0,null,0,0,0
4218,0,null,0,0,0
4219,0,null,0,0,0
4220,0,null,0,0,0
4221,0,null,0,0,0
4222,0,null,0,0,0
4223,0,null,0,0,0
4224,0,null,0,0,0
4225,0,null,0,0,0
4226,1,primary_proton,1,1,1
4227,0,null,0,0,0
4228,0,null,0,0,0
4229,9,pi+,1,1,0
4230,0,null,0,0,0
4231,0,null,0,0,0
4232,0,null,0,0,0
4233,0,null,0,0,0
4234,0,null,0,0,0
4235,0,null,0,0,0
4236,0,null,0,0,0
4237,0,null,0,0,0
4238,0,null,0,0,0
4239,0,null,0,0,0
4240,0,null,0,0,0
4241,1,primary_proton,1,1,1
4242,0,null,0,0,0
4243,0,null,0,0,0
4244,0,null,0,0,0
4245,0,null,0,0,0
4246,0,null,0,0,0
4247,0,null,0,0,0
4248,0,null,0,0,0
4249,0,null,0,0,0
4250,0,null,0,0,0
4251,0,null,0,0,0
4252,0,null,0,0,0
4253,0,null,0,0,0
4254,0,null,0,0,0
4255,0,null,0,0,0
4256,0,null,0,0,0
4257,0,null,0,0,0
4258,0,null,0,0,0
4259,0,null,0,0,0
4260,0,null,0,0,0
4261,0,null,0,0,0
4262,0,null,0,0,0
4263,0,null,0,0,0
4264,0,null,0,0,0
4265,0,null,0,0,0
4266,0,null,0,0,0
4267,0,null,0,0,0
4268,0,null,0,0,0
4269,0,null,0,0,0
4270,0,null,0,0,0
4271,0,null,0,0,0
4272,0,null,0,0,0
4273,0,null,0,0,0
4274,0,null,0,0,0
4275,0,null,0,0,0
4276,0,null,0,0,0
4277,0,null,0,0,0
4278,0,null,0,0,0
4279,0,null,0,0,0
4280,0,null,0,0,0
4281,0,null,0,0,0
4282,0,null,0,0,0
4100,0,null,0,0,0
4101,0,null,0,0,0
4102,27,pi+,1,0,0
4103,0,null,0,0,0
4104,0,null,0,0,0
4105,0,null,0,0,0
4106,0,null,0,0,0
4107,0,null,0,0,0
4108,0,null,0,0,0
4109,0,null,0,0,0
4110,0,null,0,0,0
4111,0,null,0,0,0
4112,0,null,0,0,0
4113,0,null,0,0,0
4114,0,null,0,0,0
4115,0,null,0,0,0
4116,0,null,0,0,0
4117,0,null,0,0,0
4118,0,null,0,0,0
4119,0,null,0,0,0
4120,0,null,0,0,0
4121,0,null,0,0,0
4122,0,null,0,0,0
4123,0,null,0,0,0
4124,0,null,0,0,0
4125,0,null,0,0,0
4126,0,null,0,0,0
4127,0,null,0,0,0
4128,0,null,0,0,0
4129,0,null,0,0,0
4130,0,null,0,0,0
4131,0,null,0,0,0
4132,0,null,0,0,0
4133,0,null,0,0,0
4134,0,null,0,0,0
4135,0,null,0,0,0
4136,5,pi-,1,0,0
4137,0,null,0,0,0
4138,0,null,0,0,0
4139,0,null,0,0,0
4140,0,null,0,0,0
4141,0,null,0,0,0
4142,0,null,0,0,0
4143,0,null,0,0,0
4144,0,null,0,0,0
4145,0,null,0,0,0
4146,0,null,0,0,0
4147,0,null,0,0,0
4148,0,null,0,0,0
4149,0,null,0,0,0
4150,0,null,0,0,0
4151,0,null,0,0,0
4152,0,null,0,0,0
4153,7,secondary_proton,1,1,1
4154,0,null,0,0,0
4155,0,null,0,0,0
4156,0,null,0,0,0
4157,7,pi+,1,1,1
4158,0,null,0,0,0
4159,0,null,0,0,0
4160,0,null,0,0,0
4161,1,primary_proton,1,1,1
4162,0,null,0,0,0
4163,0,null,0,0,0
4283,1,primary_proton,1,1,1
4284,11,secondary_proton,1,1,1
4285,0,null,0,0,0
4286,0,null,0,0,0
4287,0,null,0,0,0
4288,0,null,0,0,0
4289,14,pi-,1,0,0
4290,0,null,0,0,0
4291,0,null,0,0,0
4292,0,null,0,0,0
4293,0,null,0,0,0
4294,0,null,0,0,0
4295,0,null,0,0,0
4296,0,null,0,0,0
4297,0,null,0,0,0
4298,1,primary_proton,1,1,1
4299,0,null,0,0,0
4164,6,secondary_proton,1,1,1
4165,0,null,0,0,0
4166,0,null,0,0,0
4167,0,null,0,0,0
4168,0,null,0,0,0
4169,0,null,0,0,0
4170,1,primary_proton,1,1,1
4171,0,null,0,0,0
4172,0,null,0,0,0
4173,36,secondary_proton,1,1,1
4174,0,null,0,0,0
4175,0,null,0,0,0
4176,0,null,0,0,0
4177,11,pi-,1,1,1
4178,0,null,0,0,0
4179,0,null,0,0,0
4180,0,null,0,0,0
4181,0,null,0,0,0
4182,0,null,0,0,0
4183,0,null,0,0,0
4184,0,null,0,0,0
4185,0,null,0,0,0
4186,0,null,0,0,0
4187,0,null,0,0,0
4188,0,null,0,0,0
4189,0,null,0,0,0
4190,0,null,0,0,0
4191,0,null,0,0,0
4192,0,null,0,0,0
4193,0,null,0,0,0
4194,0,null,0,0,0
4195,1,primary_proton,1,1,1
4196,0,null,0,0,0
4197,0,null,0,0,0
4198,0,null,0,0,0
4199,0,null,0,0,0
4340,0,null,0,0,0
4341,0,null,0,0,0
4342,0,null,0,0,0
4343,0,null,0,0,0
4344,0,null,0,0,0
4345,0,null,0,0,0
4346,0,null,0,0,0
4347,187,pi-,1,0,0
4348,0,null,0,0,0
4349,0,null,0,0,0
4350,0,null,0,0,0
4351,0,null,0,0,0
4352,0,null,0,0,0
4353,0,null,0,0,0
4354,0,null,0,0,0
4355,15,pi-,1,1,1
4356,1,primary_proton,1,1,1
4357,0,null,0,0,0
4358,0,null,0,0,0
4359,1,primary_proton,1,1,1
4360,0,null,0,0,0
4361,0,null,0,0,0
4362,2569,pi+,1,1,0
4363,0,null,0,0,0
4364,0,null,0,0,0
4365,0,null,0,0,0
4366,0,null,0,0,0
4367,0,null,0,0,0
4368,0,null,0,0,0
4300,0,null,0,0,0
4301,0,null,0,0,0
4302,0,null,0,0,0
4303,0,null,0,0,0
4304,0,null,0,0,0
4305,0,null,0,0,0
4306,0,null,0,0,0
4307,0,null,0,0,0
4308,14,pi+,1,1,0
4309,0,null,0,0,0
4310,0,null,0,0,0
4311,0,null,0,0,0
4312,0,null,0,0,0
4313,0,null,0,0,0
4314,0,null,0,0,0
4315,0,null,0,0,0
4316,12,pi+,1,0,0
4317,0,null,0,0,0
4318,0,null,0,0,0
4319,0,null,0,0,0
4320,0,null,0,0,0
4321,0,null,0,0,0
4322,0,null,0,0,0
4323,0,null,0,0,0
4324,0,null,0,0,0
4325,0,null,0,0,0
4326,0,null,0,0,0
4327,0,null,0,0,0
4328,11,pi-,1,1,1
4329,0,null,0,0,0
4330,0,null,0,0,0
4331,0,null,0,0,0
4332,0,null,0,0,0
4333,2,secondary_proton,1,1,1
4334,0,null,0,0,0
4335,0,null,0,0,0
4336,0,null,0,0,0
4337,0,null,0,0,0
4338,0,null,0,0,0
4339,11,pi+,1,1,1
4410,0,null,0,0,0
4411,0,null,0,0,0
4412,0,null,0,0,0
4413,0,null,0,0,0
4414,0,null,0,0,0
4415,0,null,0,0,0
4416,0,null,0,0,0
4417,0,null,0,0,0
4418,0,null,0,0,0
4419,1,primary_proton,1,1,1
4420,0,null,0,0,0
4421,0,null,0,0,0
4422,0,null,0,0,0
4423,0,null,0,0,0
4424,887,secondary_proton,1,0,0
4425,0,null,0,0,0
4426,0,null,0,0,0
4427,0,null,0,0,0
4428,0,null,0,0,0
4429,0,null,0,0,0
4430,0,null,0,0,0
4431,11,pi-,1,1,0
4432,0,null,0,0,0
4433,0,null,0,0,0
4434,0,null,0,0,0
4370,0,null,0,0,0
4371,8,pi-,1,1,1
4372,0,null,0,0,0
4373,0,null,0,0,0
4374,0,null,0,0,0
4375,0,null,0,0,0
4376,0,null,0,0,0
4377,0,null,0,0,0
4378,0,null,0,0,0
4379,0,null,0,0,0
4380,0,null,0,0,0
4381,0,null,0,0,0
4382,1,primary_proton,1,1,1
4383,0,null,0,0,0
4384,0,null,0,0,0
4385,0,null,0,0,0
4386,0,null,0,0,0
4387,13,pi-,1,1,1
4388,0,null,0,0,0
4389,0,null,0,0,0
4390,0,null,0,0,0
4391,0,null,0,0,0
4392,0,null,0,0,0
4393,0,null,0,0,0
4394,0,null,0,0,0
4395,0,null,0,0,0
4396,0,null,0,0,0
4397,0,null,0,0,0
4398,0,null,0,0,0
4399,0,null,0,0,0
4400,0,null,0,0,0
4401,0,null,0,0,0
4402,0,null,0,0,0
4403,0,null,0,0,0
4404,0,null,0,0,0
4405,0,null,0,0,0
4406,0,null,0,0,0
4407,0,null,0,0,0
4408,0,null,0,0,0
4409,0,null,0,0,0
4480,0,null,0,0,0
4481,11,secondary_proton,1,1,1
4482,0,null,0,0,0
4483,0,null,0,0,0
4484,0,null,0,0,0
4485,0,null,0,0,0
4486,0,null,0,0,0
4487,0,null,0,0,0
4488,0,null,0,0,0
4489,0,null,0,0,0
4490,0,null,0,0,0
4491,0,null,0,0,0
4492,0,null,0,0,0
4493,0,null,0,0,0
4494,0,null,0,0,0
4495,0,null,0,0,0
4496,0,null,0,0,0
4497,0,null,0,0,0
4498,0,null,0,0,0
4499,0,null,0,0,0
4500,0,null,0,0,0
4501,0,null,0,0,0
4502,0,null,0,0,0
4503,0,null,0,0,0
4504,0,null,0,0,0
4505,0,null,0,0,0
4506,1,primary_proton,1,1,1
4507,0,null,0,0,0
4508,0,null,0,0,0
4509,0,null,0,0,0
4510,0,null,0,0,0
4511,0,null,0,0,0
4512,0,null,0,0,0
4513,0,null,0,0,0
4514,0,null,0,0,0
4515,0,null,0,0,0
4516,0,null,0,0,0
4517,0,null,0,0,0
4518,0,null,0,0,0
4519,0,null,0,0,0
4520,1,primary_proton,1,1,1
4521,1,primary_proton,1,1,1
4522,23,pi+,1,1,1
4523,0,null,0,0,0
4524,0,null,0,0,0
4525,0,null,0,0,0
4526,0,null,0,0,0
4527,0,null,0,0,0
4528,0,null,0,0,0
4529,1,primary_proton,1,1,1
4530,0,null,0,0,0
4531,0,null,0,0,0
4532,0,null,0,0,0
4533,0,null,0,0,0
4534,0,null,0,0,0
4535,0,null,0,0,0
4536,0,null,0,0,0
4537,0,null,0,0,0
4538,0,null,0,0,0
4539,0,null,0,0,0
4540,0,null,0,0,0
4541,0,null,0,0,0
4542,0,null,0,0,0
4543,0,null,0,0,0
4544,0,null,0,0,0
4545,0,null,0,0,0
4546,0,null,0,0,0
4547,0,null,0,0,0
4548,0,null,0,0,0
4549,0,null,0,0,0
4620,0,null,0,0,0
4621,0,null,0,0,0
4622,0,null,0,0,0
4623,0,null,0,0,0
4624,0,null,0,0,0
4625,0,null,0,0,0
4626,0,null,0,0,0
4627,0,null,0,0,0
4628,0,null,0,0,0
4629,0,null,0,0,0
4630,0,null,0,0,0
4631,0,null,0,0,0
4632,0,null,0,0,0
4633,0,null,0,0,0
4634,0,null,0,0,0
4635,0,null,0,0,0
4636,0,null,0,0,0
4637,0,null,0,0,0
4638,0,null,0,0,0
4639,0,null,0,0,0
4640,0,null,0,0,0
4641,0,null,0,0,0
4642,0,null,0,0,0
4643,0,null,0,0,0
4644,0,null,0,0,0
4645,0,null,0,0,0
4435,0,null,0,0,0
4436,0,null,0,0,0
4437,0,null,0,0,0
4438,1,primary_proton,1,1,1
4439,0,null,0,0,0
4440,0,null,0,0,0
4441,0,null,0,0,0
4442,0,null,0,0,0
4443,0,null,0,0,0
4444,0,null,0,0,0
4445,0,null,0,0,0
4446,0,null,0,0,0
4447,0,null,0,0,0
4448,10,secondary_proton,1,1,1
4449,0,null,0,0,0
4450,0,null,0,0,0
4451,0,null,0,0,0
4452,0,null,0,0,0
4453,1,primary_proton,1,1,1
4454,1,primary_proton,1,1,1
4455,0,null,0,0,0
4456,0,null,0,0,0
4457,0,null,0,0,0
4458,0,null,0,0,0
4459,0,null,0,0,0
4460,0,null,0,0,0
4461,0,null,0,0,0
4462,0,null,0,0,0
4463,0,null,0,0,0
4464,0,null,0,0,0
4465,0,null,0,0,0
4466,0,null,0,0,0
4467,0,null,0,0,0
4468,0,null,0,0,0
4469,0,null,0,0,0
4470,0,null,0,0,0
4471,1,primary_proton,1,1,1
4472,0,null,0,0,0
4473,0,null,0,0,0
4474,0,null,0,0,0
4475,0,null,0,0,0
4476,0,null,0,0,0
4477,0,null,0,0,0
4478,343,secondary_proton,1,1,1
4479,0,null,0,0,0
4550,1,primary_proton,1,1,1
4551,0,null,0,0,0
4552,0,null,0,0,0
4553,1,primary_proton,1,1,1
4554,0,null,0,0,0
4555,0,null,0,0,0
4556,0,null,0,0,0
4557,0,null,0,0,0
4558,0,null,0,0,0
4559,0,null,0,0,0
4560,0,null,0,0,0
4561,9,pi+,1,0,0
4562,0,null,0,0,0
4646,0,null,0,0,0
4647,0,null,0,0,0
4648,0,null,0,0,0
4649,0,null,0,0,0
4650,0,null,0,0,0
4651,0,null,0,0,0
4652,0,null,0,0,0
4653,0,null,0,0,0
4654,1,primary_proton,1,1,1
4655,0,null,0,0,0
4656,0,null,0,0,0
4657,0,null,0,0,0
4658,0,null,0,0,0
4659,1,primary_proton,1,1,1
4660,1,primary_proton,1,1,1
4661,0,null,0,0,0
4662,0,null,0,0,0
4663,0,null,0,0,0
4664,0,null,0,0,0
4665,0,null,0,0,0
4666,0,null,0,0,0
4667,0,null,0,0,0
4668,3,secondary_proton,1,1,1
4669,0,null,0,0,0
4670,0,null,0,0,0
4671,0,null,0,0,0
4672,0,null,0,0,0
4673,0,null,0,0,0
4674,0,null,0,0,0
4675,0,null,0,0,0
4676,0,null,0,0,0
4677,0,null,0,0,0
4678,0,null,0,0,0
4679,0,null,0,0,0
4680,0,null,0,0,0
4681,0,null,0,0,0
4682,0,null,0,0,0
4683,0,null,0,0,0
4684,0,null,0,0,0
4685,0,null,0,0,0
4686,0,null,0,0,0
4687,0,null,0,0,0
4688,0,null,0,0,0
4689,0,null,0,0,0
4690,0,null,0,0,0
4691,0,null,0,0,0
4692,0,null,0,0,0
4693,0,null,0,0,0
4694,0,null,0,0,0
4695,0,null,0,0,0
4696,0,null,0,0,0
4697,0,null,0,0,0
4698,0,null,0,0,0
4699,0,null,0,0,0
4563,5,pi+,1,1,1
4564,1,primary_proton,1,1,1
4565,0,null,0,0,0
4566,0,null,0,0,0
4567,0,null,0,0,0
4568,0,null,0,0,0
4569,0,null,0,0,0
4570,0,null,0,0,0
4571,5162,pi+,1,1,1
4572,0,null,0,0,0
4573,0,null,0,0,0
4574,0,null,0,0,0
4575,0,null,0,0,0
4576,0,null,0,0,0
4577,0,null,0,0,0
4578,0,null,0,0,0
4579,0,null,0,0,0
4580,0,null,0,0,0
4581,0,null,0,0,0
4582,0,null,0,0,0
4583,0,null,0,0,0
4584,0,null,0,0,0
4585,0,null,0,0,0
4586,29,pi+,1,1,1
4587,0,null,0,0,0
4588,0,null,0,0,0
4589,0,null,0,0,0
4590,0,null,0,0,0
4591,0,null,0,0,0
4592,0,null,0,0,0
4593,0,null,0,0,0
4594,0,null,0,0,0
4595,0,null,0,0,0
4596,0,null,0,0,0
4597,0,null,0,0,0
4598,0,null,0,0,0
4599,0,null,0,0,0
4700,0,null,0,0,0
4701,29,secondary_proton,1,1,0
4702,0,null,0,0,0
4703,0,null,0,0,0
4704,0,null,0,0,0
4705,0,null,0,0,0
4706,0,null,0,0,0
4707,0,null,0,0,0
4708,0,null,0,0,0
4709,0,null,0,0,0
4710,0,null,0,0,0
4711,0,null,0,0,0
4712,0,null,0,0,0
4713,0,null,0,0,0
4714,0,null,0,0,0
4715,0,null,0,0,0
4716,0,null,0,0,0
4717,0,null,0,0,0
4718,0,null,0,0,0
4719,0,null,0,0,0
4720,0,null,0,0,0
4721,0,null,0,0,0
4722,0,null,0,0,0
4723,0,null,0,0,0
4724,0,null,0,0,0
4725,0,null,0,0,0
4726,0,null,0,0,0
4727,0,null,0,0,0
4728,11,pi+,1,0,0
4729,8,secondary_proton,1,1,1
4730,0,null,0,0,0
4731,0,null,0,0,0
4732,0,null,0,0,0
4733,0,null,0,0,0
4734,0,null,0,0,0
4735,0,null,0,0,0
4736,0,null,0,0,0
4737,0,null,0,0,0
4738,0,null,0,0,0
4739,19,pi+,1,1,0
4740,0,null,0,0,0
4741,0,null,0,0,0
4742,0,null,0,0,0
4743,0,null,0,0,0
4744,0,null,0,0,0
4745,0,null,0,0,0
4746,0,null,0,0,0
4747,0,null,0,0,0
4748,0,null,0,0,0
4749,0,null,0,0,0
4750,0,null,0,0,0
4751,0,null,0,0,0
4752,0,null,0,0,0
4753,0,null,0,0,0
4754,0,null,0,0,0
4755,0,null,0,0,0
4756,0,null,0,0,0
4757,0,null,0,0,0
4758,0,null,0,0,0
4759,0,null,0,0,0
4760,0,null,0,0,0
4761,0,null,0,0,0
4762,0,null,0,0,0
4763,0,null,0,0,0
4764,0,null,0,0,0
4765,0,null,0,0,0
4766,0,null,0,0,0
4767,0,null,0,0,0
4768,0,null,0,0,0
4769,0,null,0,0,0
4770,0,null,0,0,0
4771,0,null,0,0,0
4772,0,null,0,0,0
4773,0,null,0,0,0
4774,0,null,0,0,0
4775,0,null,0,0,0
4776,0,null,0,0,0
4777,0,null,0,0,0
4778,0,null,0,0,0
4779,0,null,0,0,0
4780,0,null,0,0,0
4781,0,null,0,0,0
4782,0,null,0,0,0
4783,0,null,0,0,0
4784,0,null,0,0,0
4785,0,null,0,0,0
4786,9238,secondary_proton,1,1,1
4787,0,null,0,0,0
4788,17,pi+,1,1,1
4789,0,null,0,0,0
4790,0,null,0,0,0
4791,4658,e-,0,1,0
4792,0,null,0,0,0
4793,0,null,0,0,0
4794,0,null,0,0,0
4795,0,null,0,0,0
4796,0,null,0,0,0
4797,0,null,0,0,0
4798,0,null,0,0,0
4799,0,null,0,0,0
4600,0,null,0,0,0
4601,0,null,0,0,0
4602,12,pi-,1,1,1
4603,0,null,0,0,0
4604,0,null,0,0,0
4605,0,null,0,0,0
4606,0,null,0,0,0
4607,0,null,0,0,0
4608,0,null,0,0,0
4609,0,null,0,0,0
4610,0,null,0,0,0
4611,0,null,0,0,0
4612,0,null,0,0,0
4613,0,null,0,0,0
4614,1,primary_proton,1,1,1
4615,0,null,0,0,0
4616,0,null,0,0,0
4617,0,null,0,0,0
4618,1,primary_proton,1,1,1
4619,0,null,0,0,0
4830,0,null,0,0,0
4831,0,null,0,0,0
4832,0,null,0,0,0
4833,0,null,0,0,0
4834,0,null,0,0,0
4835,0,null,0,0,0
4836,0,null,0,0,0
4837,0,null,0,0,0
4838,0,null,0,0,0
4839,0,null,0,0,0
4840,0,null,0,0,0
4841,0,null,0,0,0
4842,0,null,0,0,0
4843,0,null,0,0,0
4844,0,null,0,0,0
4845,0,null,0,0,0
4846,0,null,0,0,0
4847,0,null,0,0,0
4848,0,null,0,0,0
4849,0,null,0,0,0
4850,0,null,0,0,0
4851,0,null,0,0,0
4852,0,null,0,0,0
4853,0,null,0,0,0
4854,0,null,0,0,0
4855,0,null,0,0,0
4856,0,null,0,0,0
4857,0,null,0,0,0
4858,0,null,0,0,0
4859,0,null,0,0,0
4860,10,pi+,1,1,0
4861,0,null,0,0,0
4862,1,primary_proton,1,1,1
4863,0,null,0,0,0
4864,0,null,0,0,0
4865,0,null,0,0,0
4866,0,null,0,0,0
4867,1,primary_proton,1,1,1
4868,0,null,0,0,0
4869,0,null,0,0,0
4870,1,primary_proton,1,1,1
4871,0,null,0,0,0
4872,0,null,0,0,0
4873,0,null,0,0,0
4874,0,null,0,0,0
4875,0,null,0,0,0
4876,0,null,0,0,0
4877,0,null,0,0,0
4878,0,null,0,0,0
4879,0,null,0,0,0
4880,0,null,0,0,0
4881,0,null,0,0,0
4882,0,null,0,0,0
4883,0,null,0,0,0
4884,0,null,0,0,0
4885,7,pi+,1,1,1
4886,0,null,0,0,0
4887,0,null,0,0,0
4888,0,null,0,0,0
4889,0,null,0,0,0
4890,0,null,0,0,0
4891,0,null,0,0,0
4892,0,null,0,0,0
4893,0,null,0,0,0
4894,8,secondary_proton,1,1,1
4895,0,null,0,0,0
4896,0,null,0,0,0
4897,0,null,0,0,0
4898,0,null,0,0,0
4899,0,null,0,0,0
4900,0,null,0,0,0
4901,0,null,0,0,0
4902,0,null,0,0,0
4903,7,pi-,1,1,1
4904,0,null,0,0,0
4905,0,null,0,0,0
4906,0,null,0,0,0
4907,0,null,0,0,0
4908,0,null,0,0,0
4909,0,null,0,0,0
4910,0,null,0,0,0
4911,0,null,0,0,0
4912,0,null,0,0,0
4913,8,secondary_proton,1,1,0
4914,0,null,0,0,0
4915,0,null,0,0,0
4916,0,null,0,0,0
4917,0,null,0,0,0
4918,0,null,0,0,0
4919,0,null,0,0,0
4920,0,null,0,0,0
4921,0,null,0,0,0
4922,0,null,0,0,0
4923,0,null,0,0,0
4924,0,null,0,0,0
4925,0,null,0,0,0
4926,0,null,0,0,0
4927,0,null,0,0,0
4928,0,null,0,0,0
4929,0,null,0,0,0
4930,0,null,0,0,0
4931,0,null,0,0,0
4932,0,null,0,0,0
4933,1,primary_proton,1,1,1
4934,0,null,0,0,0
4935,0,null,0,0,0
4936,0,null,0,0,0
4937,0,null,0,0,0
4938,0,null,0,0,0
4939,0,null,0,0,0
4940,0,null,0,0,0
4941,0,null,0,0,0
4942,0,null,0,0,0
4943,0,null,0,0,0
4944,0,null,0,0,0
4945,0,null,0,0,0
4946,1,primary_proton,1,1,1
4947,0,null,0,0,0
4948,8,secondary_proton,1,1,1
4949,0,null,0,0,0
4950,0,null,0,0,0
4951,0,null,0,0,0
4952,0,null,0,0,0
4953,0,null,0,0,0
4954,0,null,0,0,0
4955,0,null,0,0,0
4956,0,null,0,0,0
4957,0,null,0,0,0
4958,0,null,0,0,0
4959,1,primary_proton,1,1,1
4960,1157,secondary_proton,1,1,1
4961,0,null,0,0,0
4962,7,pi-,1,1,1
4800,0,null,0,0,0
4801,0,null,0,0,0
4802,1,primary_proton,1,1,1
4803,0,null,0,0,0
4804,0,null,0,0,0
4805,0,null,0,0,0
4806,0,null,0,0,0
4807,0,null,0,0,0
4808,0,null,0,0,0
4809,0,null,0,0,0
4810,0,null,0,0,0
4811,0,null,0,0,0
4812,0,null,0,0,0
4813,0,null,0,0,0
4814,0,null,0,0,0
4815,1498,e-,1,1,1
4816,828,e-,1,1,1
4817,0,null,0,0,0
4818,0,null,0,0,0
4819,0,null,0,0,0
4820,0,null,0,0,0
4821,0,null,0,0,0
4822,0,null,0,0,0
4823,0,null,0,0,0
4824,116,pi+,1,1,1
4825,0,null,0,0,0
4826,0,null,0,0,0
4827,0,null,0,0,0
4828,0,null,0,0,0
4829,0,null,0,0,0
4970,0,null,0,0,0
4971,0,null,0,0,0
4972,0,null,0,0,0
4973,0,null,0,0,0
4974,0,null,0,0,0
4975,0,null,0,0,0
4976,0,null,0,0,0
4977,0,null,0,0,0
4978,0,null,0,0,0
4979,1,primary_proton,1,1,1
4980,0,null,0,0,0
4981,0,null,0,0,0
4982,0,null,0,0,0
4983,0,null,0,0,0
4984,0,null,0,0,0
4985,0,null,0,0,0
4986,0,null,0,0,0
4987,0,null,0,0,0
4988,0,null,0,0,0
4989,0,null,0,0,0
4990,0,null,0,0,0
4991,0,null,0,0,0
4992,0,null,0,0,0
4993,0,null,0,0,0
4994,1,primary_proton,1,1,1
4995,1,primary_proton,1,1,1
4996,0,null,0,0,0
4997,4,secondary_proton,1,1,1
4998,27,pi-,1,0,0
4999,0,null,0,0,0
4964,0,null,0,0,0
4965,0,null,0,0,0
4966,0,null,0,0,0
4967,0,null,0,0,0
4968,0,null,0,0,0
4969,0,null,0,0,0
70,0,null,0,0,0
71,0,null,0,0,0
72,0,null,0,0,0
73,0,null,0,0,0
74,0,null,0,0,0
75,0,null,0,0,0
76,0,null,0,0,0
77,0,null,0,0,0
78,0,null,0,0,0
79,0,null,0,0,0
80,0,null,0,0,0
81,0,null,0,0,0
82,1,primary_proton,1,1,1
83,0,null,0,0,0
84,0,null,0,0,0
85,0,null,0,0,0
86,0,null,0,0,0
87,1,primary_proton,1,1,1
88,0,null,0,0,0
89,0,null,0,0,0
90,0,null,0,0,0
91,0,null,0,0,0
92,0,null,0,0,0
93,0,null,0,0,0
94,0,null,0,0,0
95,0,null,0,0,0
96,0,null,0,0,0
97,0,null,0,0,0
98,0,null,0,0,0
99,0,null,0,0,0
0,0,null,0,0,0
1,0,null,0,0,0
2,0,null,0,0,0
3,0,null,0,0,0
4,0,null,0,0,0
5,0,null,0,0,0
6,0,null,0,0,0
7,0,null,0,0,0
8,0,null,0,0,0
9,0,null,0,0,0
10,0,null,0,0,0
11,0,null,0,0,0
12,0,null,0,0,0
13,0,null,0,0,0
14,0,null,0,0,0
15,0,null,0,0,0
16,0,null,0,0,0
17,0,null,0,0,0
18,11,pi+,1,1,1
19,0,null,0,0,0
20,0,null,0,0,0
21,0,null,0,0,0
22,0,null,0,0,0
23,0,null,0,0,0
24,0,null,0,0,0
25,0,null,0,0,0
26,0,null,0,0,0
27,0,null,0,0,0
28,0,null,0,0,0
29,0,null,0,0,0
30,313,e-,1,1,0
31,0,null,0,0,0
32,0,null,0,0,0
33,0,null,0,0,0
34,0,null,0,0,0
35,0,null,0,0,0
36,0,null,0,0,0
37,0,null,0,0,0
38,0,null,0,0,0
39,0,null,0,0,0
40,0,null,0,0,0
41,0,null,0,0,0
42,0,null,0,0,0
43,0,null,0,0,0
44,0,null,0,0,0
45,0,null,0,0,0
46,0,null,0,0,0
47,0,null,0,0,0
48,0,null,0,0,0
49,0,null,0,0,0
50,0,null,0,0,0
51,0,null,0,0,0
52,0,null,0,0,0
53,0,null,0,0,0
54,0,null,0,0,0
55,0,null,0,0,0
56,21,secondary_proton,1,1,1
57,0,null,0,0,0
58,0,null,0,0,0
59,0,null,0,0,0
60,0,null,0,0,0
61,0,null,0,0,0
62,1,primary_proton,1,1,1
63,0,null,0,0,0
64,0,null,0,0,0
65,0,null,0,0,0
66,132,pi-,1,1,1
67,0,null,0,0,0
68,0,null,0,0,0
69,0,null,0,0,0
210,0,null,0,0,0
211,0,null,0,0,0
212,0,null,0,0,0
213,0,null,0,0,0
214,0,null,0,0,0
215,0,null,0,0,0
216,0,null,0,0,0
217,0,null,0,0,0
218,0,null,0,0,0
219,0,null,0,0,0
220,0,null,0,0,0
221,0,null,0,0,0
100,0,null,0,0,0
101,0,null,0,0,0
102,0,null,0,0,0
103,0,null,0,0,0
104,0,null,0,0,0
105,0,null,0,0,0
106,651,secondary_proton,1,1,1
107,0,null,0,0,0
108,0,null,0,0,0
109,0,null,0,0,0
110,0,null,0,0,0
111,0,null,0,0,0
112,0,null,0,0,0
113,0,null,0,0,0
114,0,null,0,0,0
115,9,pi-,1,1,1
116,0,null,0,0,0
117,0,null,0,0,0
118,0,null,0,0,0
119,0,null,0,0,0
120,0,null,0,0,0
121,0,null,0,0,0
122,0,null,0,0,0
123,0,null,0,0,0
124,0,null,0,0,0
125,0,null,0,0,0
126,0,null,0,0,0
127,0,null,0,0,0
128,0,null,0,0,0
129,0,null,0,0,0
130,0,null,0,0,0
131,0,null,0,0,0
132,0,null,0,0,0
133,0,null,0,0,0
134,0,null,0,0,0
135,0,null,0,0,0
136,0,null,0,0,0
137,0,null,0,0,0
138,0,null,0,0,0
139,0,null,0,0,0
140,0,null,0,0,0
141,0,null,0,0,0
142,0,null,0,0,0
143,0,null,0,0,0
144,0,null,0,0,0
145,0,null,0,0,0
146,0,null,0,0,0
147,0,null,0,0,0
148,0,null,0,0,0
149,0,null,0,0,0
150,0,null,0,0,0
151,0,null,0,0,0
152,0,null,0,0,0
153,0,null,0,0,0
154,0,null,0,0,0
155,0,null,0,0,0
156,0,null,0,0,0
157,0,null,0,0,0
158,0,null,0,0,0
159,0,null,0,0,0
160,0,null,0,0,0
161,0,null,0,0,0
162,0,null,0,0,0
163,17,pi-,1,1,1
164,0,null,0,0,0
165,0,null,0,0,0
166,0,null,0,0,0
167,0,null,0,0,0
168,0,null,0,0,0
169,0,null,0,0,0
170,0,null,0,0,0
171,5,secondary_proton,1,1,1
172,0,null,0,0,0
173,0,null,0,0,0
174,0,null,0,0,0
175,0,null,0,0,0
176,0,null,0,0,0
177,0,null,0,0,0
178,0,null,0,0,0
179,0,null,0,0,0
180,0,null,0,0,0
181,0,null,0,0,0
182,0,null,0,0,0
183,0,null,0,0,0
184,0,null,0,0,0
185,1,primary_proton,1,1,1
186,0,null,0,0,0
187,0,null,0,0,0
188,0,null,0,0,0
189,0,null,0,0,0
190,0,null,0,0,0
191,0,null,0,0,0
192,0,null,0,0,0
193,0,null,0,0,0
194,0,null,0,0,0
195,17,pi+,1,0,0
196,0,null,0,0,0
197,0,null,0,0,0
198,0,null,0,0,0
199,0,null,0,0,0
223,5,pi-,1,0,0
224,0,null,0,0,0
225,0,null,0,0,0
226,0,null,0,0,0
227,0,null,0,0,0
228,0,null,0,0,0
229,0,null,0,0,0
230,0,null,0,0,0
231,0,null,0,0,0
232,0,null,0,0,0
233,0,null,0,0,0
234,0,null,0,0,0
235,0,null,0,0,0
236,0,null,0,0,0
237,0,null,0,0,0
238,0,null,0,0,0
239,0,null,0,0,0
240,0,null,0,0,0
241,0,null,0,0,0
242,0,null,0,0,0
243,0,null,0,0,0
244,0,null,0,0,0
245,0,null,0,0,0
246,0,null,0,0,0
247,0,null,0,0,0
248,0,null,0,0,0
249,0,null,0,0,0
250,0,null,0,0,0
251,0,null,0,0,0
252,0,null,0,0,0
253,0,null,0,0,0
254,0,null,0,0,0
255,0,null,0,0,0
256,0,null,0,0,0
257,0,null,0,0,0
258,0,null,0,0,0
259,0,null,0,0,0
260,0,null,0,0,0
261,0,null,0,0,0
262,0,null,0,0,0
263,0,null,0,0,0
264,0,null,0,0,0
265,0,null,0,0,0
266,10,pi-,1,1,0
267,0,null,0,0,0
268,0,null,0,0,0
269,0,null,0,0,0
270,0,null,0,0,0
271,0,null,0,0,0
272,0,null,0,0,0
273,0,null,0,0,0
274,1,primary_proton,1,1,1
275,0,null,0,0,0
276,0,null,0,0,0
277,0,null,0,0,0
278,0,null,0,0,0
279,0,null,0,0,0
280,0,null,0,0,0
281,0,null,0,0,0
282,0,null,0,0,0
283,0,null,0,0,0
284,1,primary_proton,1,1,1
285,0,null,0,0,0
286,1,primary_proton,1,1,1
287,1,primary_proton,1,1,1
288,0,null,0,0,0
289,0,null,0,0,0
290,0,null,0,0,0
291,1,primary_proton,1,1,1
292,0,null,0,0,0
293,14,secondary_proton,1,1,1
294,0,null,0,0,0
295,0,null,0,0,0
296,0,null,0,0,0
297,0,null,0,0,0
298,0,null,0,0,0
299,0,null,0,0,0
200,0,null,0,0,0
201,0,null,0,0,0
202,0,null,0,0,0
203,0,null,0,0,0
204,0,null,0,0,0
205,0,null,0,0,0
206,0,null,0,0,0
207,267,secondary_proton,1,1,1
208,0,null,0,0,0
209,0,null,0,0,0
350,0,null,0,0,0
351,0,null,0,0,0
352,0,null,0,0,0
353,0,null,0,0,0
354,0,null,0,0,0
355,0,null,0,0,0
356,0,null,0,0,0
357,0,null,0,0,0
358,0,null,0,0,0
359,1,primary_proton,1,1,1
360,0,null,0,0,0
361,0,null,0,0,0
362,0,null,0,0,0
363,0,null,0,0,0
364,1,primary_proton,1,1,1
365,0,null,0,0,0
366,0,null,0,0,0
367,0,null,0,0,0
368,0,null,0,0,0
369,0,null,0,0,0
370,0,null,0,0,0
371,0,null,0,0,0
372,0,null,0,0,0
373,0,null,0,0,0
374,0,null,0,0,0
375,0,null,0,0,0
376,0,null,0,0,0
377,0,null,0,0,0
378,0,null,0,0,0
379,0,null,0,0,0
380,0,null,0,0,0
381,0,null,0,0,0
382,0,null,0,0,0
383,0,null,0,0,0
384,0,null,0,0,0
385,0,null,0,0,0
386,0,null,0,0,0
387,0,null,0,0,0
388,0,null,0,0,0
389,0,null,0,0,0
390,0,null,0,0,0
391,0,null,0,0,0
392,0,null,0,0,0
393,0,null,0,0,0
394,0,null,0,0,0
395,0,null,0,0,0
396,0,null,0,0,0
397,0,null,0,0,0
398,0,null,0,0,0
399,0,null,0,0,0
300,0,null,0,0,0
301,0,null,0,0,0
302,0,null,0,0,0
303,0,null,0,0,0
304,0,null,0,0,0
305,0,null,0,0,0
306,0,null,0,0,0
307,0,null,0,0,0
308,0,null,0,0,0
309,0,null,0,0,0
310,0,null,0,0,0
311,0,null,0,0,0
312,0,null,0,0,0
313,0,null,0,0,0
314,0,null,0,0,0
315,0,null,0,0,0
316,0,null,0,0,0
317,0,null,0,0,0
318,0,null,0,0,0
319,0,null,0,0,0
320,0,null,0,0,0
321,0,null,0,0,0
322,0,null,0,0,0
323,0,null,0,0,0
324,0,null,0,0,0
325,0,null,0,0,0
326,1908,secondary_proton,1,1,0
327,0,null,0,0,0
328,0,null,0,0,0
329,0,null,0,0,0
330,630,e-,1,0,0
331,0,null,0,0,0
332,0,null,0,0,0
333,0,null,0,0,0
334,0,null,0,0,0
335,0,null,0,0,0
336,0,null,0,0,0
337,0,null,0,0,0
338,0,null,0,0,0
339,0,null,0,0,0
340,0,null,0,0,0
341,0,null,0,0,0
342,0,null,0,0,0
343,25,secondary_proton,1,0,0
344,0,null,0,0,0
345,0,null,0,0,0
346,0,null,0,0,0
347,0,null,0,0,0
348,0,null,0,0,0
349,0,null,0,0,0
490,0,null,0,0,0
491,0,null,0,0,0
492,0,null,0,0,0
493,0,null,0,0,0
494,6,pi+,1,1,0
495,0,null,0,0,0
496,0,null,0,0,0
497,0,null,0,0,0
498,0,null,0,0,0
499,0,null,0,0,0
400,0,null,0,0,0
401,0,null,0,0,0
402,0,null,0,0,0
403,0,null,0,0,0
404,0,null,0,0,0
405,0,null,0,0,0
406,0,null,0,0,0
407,0,null,0,0,0
408,0,null,0,0,0
409,0,null,0,0,0
410,0,null,0,0,0
411,0,null,0,0,0
412,0,null,0,0,0
413,0,null,0,0,0
414,0,null,0,0,0
415,0,null,0,0,0
416,0,null,0,0,0
417,0,null,0,0,0
418,0,null,0,0,0
419,0,null,0,0,0
420,0,null,0,0,0
421,0,null,0,0,0
422,0,null,0,0,0
423,0,null,0,0,0
424,0,null,0,0,0
425,0,null,0,0,0
426,18,pi-,1,1,1
427,0,null,0,0,0
428,0,null,0,0,0
429,1,primary_proton,1,1,1
430,0,null,0,0,0
431,0,null,0,0,0
432,0,null,0,0,0
433,0,null,0,0,0
434,0,null,0,0,0
435,0,null,0,0,0
436,0,null,0,0,0
437,0,null,0,0,0
438,0,null,0,0,0
439,0,null,0,0,0
440,9,secondary_proton,1,1,1
441,0,null,0,0,0
442,0,null,0,0,0
443,0,null,0,0,0
444,0,null,0,0,0
445,0,null,0,0,0
446,0,null,0,0,0
447,0,null,0,0,0
448,0,null,0,0,0
449,7,pi+,1,1,1
450,0,null,0,0,0
451,0,null,0,0,0
452,0,null,0,0,0
453,0,null,0,0,0
454,0,null,0,0,0
455,0,null,0,0,0
456,0,null,0,0,0
457,5,pi+,1,1,1
458,0,null,0,0,0
459,0,null,0,0,0
460,0,null,0,0,0
461,0,null,0,0,0
462,0,null,0,0,0
463,1,primary_proton,1,1,1
464,0,null,0,0,0
465,0,null,0,0,0
466,0,null,0,0,0
467,0,null,0,0,0
468,0,null,0,0,0
469,0,null,0,0,0
470,0,null,0,0,0
471,0,null,0,0,0
472,0,null,0,0,0
473,0,null,0,0,0
474,0,null,0,0,0
475,0,null,0,0,0
476,0,null,0,0,0
477,0,null,0,0,0
478,0,null,0,0,0
479,0,null,0,0,0
480,0,null,0,0,0
481,0,null,0,0,0
482,0,null,0,0,0
483,0,null,0,0,0
484,0,null,0,0,0
485,0,null,0,0,0
486,0,null,0,0,0
487,0,null,0,0,0
488,0,null,0,0,0
489,0,null,0,0,0
560,0,null,0,0,0
561,0,null,0,0,0
562,0,null,0,0,0
563,0,null,0,0,0
564,0,null,0,0,0
565,0,null,0,0,0
566,0,null,0,0,0
567,0,null,0,0,0
568,0,null,0,0,0
569,0,null,0,0,0
570,8,pi+,1,1,1
571,0,null,0,0,0
572,4337,secondary_proton,1,1,0
573,0,null,0,0,0
574,8,secondary_proton,1,1,1
575,0,null,0,0,0
576,0,null,0,0,0
577,0,null,0,0,0
578,0,null,0,0,0
579,0,null,0,0,0
580,0,null,0,0,0
581,0,null,0,0,0
582,0,null,0,0,0
583,0,null,0,0,0
584,0,null,0,0,0
585,0,null,0,0,0
586,0,null,0,0,0
587,0,null,0,0,0
588,7,secondary_proton,1,1,0
589,0,null,0,0,0
590,0,null,0,0,0
591,0,null,0,0,0
592,0,null,0,0,0
593,0,null,0,0,0
594,0,null,0,0,0
595,0,null,0,0,0
596,0,null,0,0,0
597,0,null,0,0,0
598,0,null,0,0,0
599,0,null,0,0,0
500,0,null,0,0,0
501,0,null,0,0,0
502,0,null,0,0,0
503,0,null,0,0,0
504,0,null,0,0,0
505,10,pi+,1,1,1
506,0,null,0,0,0
507,1,primary_proton,1,1,1
508,0,null,0,0,0
509,0,null,0,0,0
510,0,null,0,0,0
511,5,pi-,1,1,0
512,0,null,0,0,0
513,0,null,0,0,0
514,4,kaon+,1,1,1
515,0,null,0,0,0
516,0,null,0,0,0
517,1,primary_proton,1,1,1
518,0,null,0,0,0
519,0,null,0,0,0
520,0,null,0,0,0
521,0,null,0,0,0
522,4,secondary_proton,1,1,1
523,0,null,0,0,0
524,0,null,0,0,0
525,0,null,0,0,0
526,0,null,0,0,0
527,0,null,0,0,0
528,0,null,0,0,0
529,0,null,0,0,0
530,0,null,0,0,0
531,0,null,0,0,0
532,0,null,0,0,0
533,0,null,0,0,0
534,0,null,0,0,0
535,1,primary_proton,1,1,1
536,8,pi-,1,1,1
537,0,null,0,0,0
538,1347,e-,0,1,0
539,2,secondary_proton,1,1,0
540,0,null,0,0,0
541,0,null,0,0,0
542,0,null,0,0,0
543,0,null,0,0,0
544,0,null,0,0,0
545,1,primary_proton,1,1,1
546,0,null,0,0,0
547,0,null,0,0,0
548,0,null,0,0,0
549,0,null,0,0,0
550,0,null,0,0,0
551,1,primary_proton,1,1,1
552,0,null,0,0,0
553,0,null,0,0,0
554,0,null,0,0,0
555,0,null,0,0,0
556,0,null,0,0,0
557,0,null,0,0,0
558,6,pi+,1,1,0
559,0,null,0,0,0
600,0,null,0,0,0
601,0,null,0,0,0
602,0,null,0,0,0
603,0,null,0,0,0
604,0,null,0,0,0
605,0,null,0,0,0
606,0,null,0,0,0
607,0,null,0,0,0
608,0,null,0,0,0
609,0,null,0,0,0
610,0,null,0,0,0
611,0,null,0,0,0
612,0,null,0,0,0
613,0,null,0,0,0
614,0,null,0,0,0
615,0,null,0,0,0
616,0,null,0,0,0
617,0,null,0,0,0
618,0,null,0,0,0
619,3,secondary_proton,1,1,1
620,0,null,0,0,0
621,0,null,0,0,0
622,0,null,0,0,0
623,0,null,0,0,0
624,9,pi-,1,1,0
625,0,null,0,0,0
626,0,null,0,0,0
627,0,null,0,0,0
628,0,null,0,0,0
629,17,pi+,1,0,0
631,0,null,0,0,0
632,0,null,0,0,0
633,0,null,0,0,0
634,0,null,0,0,0
635,0,null,0,0,0
636,0,null,0,0,0
637,0,null,0,0,0
638,0,null,0,0,0
639,0,null,0,0,0
640,0,null,0,0,0
641,16,pi-,1,1,1
642,0,null,0,0,0
643,0,null,0,0,0
644,0,null,0,0,0
645,0,null,0,0,0
646,0,null,0,0,0
647,13,secondary_proton,1,1,1
648,0,null,0,0,0
649,0,null,0,0,0
650,0,null,0,0,0
651,0,null,0,0,0
652,0,null,0,0,0
653,0,null,0,0,0
654,0,null,0,0,0
655,0,null,0,0,0
656,0,null,0,0,0
657,0,null,0,0,0
658,0,null,0,0,0
659,0,null,0,0,0
660,0,null,0,0,0
661,0,null,0,0,0
662,0,null,0,0,0
663,0,null,0,0,0
664,0,null,0,0,0
665,0,null,0,0,0
666,0,null,0,0,0
667,0,null,0,0,0
668,0,null,0,0,0
669,0,null,0,0,0
670,0,null,0,0,0
671,0,null,0,0,0
672,0,null,0,0,0
673,0,null,0,0,0
674,0,null,0,0,0
675,0,null,0,0,0
676,0,null,0,0,0
677,0,null,0,0,0
678,0,null,0,0,0
679,0,null,0,0,0
680,0,null,0,0,0
681,0,null,0,0,0
682,0,null,0,0,0
683,0,null,0,0,0
684,0,null,0,0,0
685,0,null,0,0,0
686,1,primary_proton,1,1,1
687,0,null,0,0,0
688,0,null,0,0,0
689,0,null,0,0,0
690,0,null,0,0,0
691,0,null,0,0,0
692,0,null,0,0,0
693,1,primary_proton,1,1,1
694,1,primary_proton,1,1,1
695,0,null,0,0,0
696,0,null,0,0,0
697,0,null,0,0,0
698,521,pi-,1,1,1
699,0,null,0,0,0
770,0,null,0,0,0
771,0,null,0,0,0
700,0,null,0,0,0
701,1,primary_proton,1,1,1
702,0,null,0,0,0
703,0,null,0,0,0
704,0,null,0,0,0
705,0,null,0,0,0
706,0,null,0,0,0
707,0,null,0,0,0
708,0,null,0,0,0
709,0,null,0,0,0
710,1,primary_proton,1,1,1
711,0,null,0,0,0
712,0,null,0,0,0
713,0,null,0,0,0
714,0,null,0,0,0
715,0,null,0,0,0
716,0,null,0,0,0
717,0,null,0,0,0
718,0,null,0,0,0
719,0,null,0,0,0
720,0,null,0,0,0
721,0,null,0,0,0
722,0,null,0,0,0
723,0,null,0,0,0
724,0,null,0,0,0
725,0,null,0,0,0
726,0,null,0,0,0
727,1,primary_proton,1,1,1
728,0,null,0,0,0
729,0,null,0,0,0
730,0,null,0,0,0
731,0,null,0,0,0
732,0,null,0,0,0
733,0,null,0,0,0
734,0,null,0,0,0
735,0,null,0,0,0
736,0,null,0,0,0
737,0,null,0,0,0
738,6,secondary_proton,1,1,1
739,0,null,0,0,0
740,0,null,0,0,0
741,0,null,0,0,0
742,0,null,0,0,0
743,0,null,0,0,0
744,0,null,0,0,0
745,0,null,0,0,0
746,0,null,0,0,0
747,0,null,0,0,0
748,0,null,0,0,0
749,0,null,0,0,0
750,0,null,0,0,0
751,0,null,0,0,0
752,0,null,0,0,0
753,0,null,0,0,0
754,0,null,0,0,0
755,0,null,0,0,0
756,0,null,0,0,0
757,0,null,0,0,0
758,7,secondary_proton,1,1,1
759,0,null,0,0,0
760,0,null,0,0,0
761,0,null,0,0,0
762,0,null,0,0,0
763,1,primary_proton,1,1,1
772,11,pi+,1,1,0
773,0,null,0,0,0
774,0,null,0,0,0
775,0,null,0,0,0
776,0,null,0,0,0
777,0,null,0,0,0
778,0,null,0,0,0
779,0,null,0,0,0
780,0,null,0,0,0
781,2,secondary_proton,1,1,1
782,6,pi+,1,1,1
783,0,null,0,0,0
784,0,null,0,0,0
785,0,null,0,0,0
786,0,null,0,0,0
787,0,null,0,0,0
788,0,null,0,0,0
789,0,null,0,0,0
790,0,null,0,0,0
791,0,null,0,0,0
792,0,null,0,0,0
793,8,pi+,1,1,1
794,0,null,0,0,0
795,0,null,0,0,0
796,0,null,0,0,0
797,0,null,0,0,0
798,0,null,0,0,0
799,0,null,0,0,0
800,0,null,0,0,0
801,0,null,0,0,0
802,0,null,0,0,0
803,0,null,0,0,0
804,0,null,0,0,0
805,0,null,0,0,0
806,0,null,0,0,0
807,0,null,0,0,0
808,0,null,0,0,0
809,0,null,0,0,0
810,0,null,0,0,0
811,0,null,0,0,0
812,0,null,0,0,0
813,0,null,0,0,0
814,0,null,0,0,0
815,0,null,0,0,0
816,0,null,0,0,0
817,0,null,0,0,0
818,0,null,0,0,0
819,0,null,0,0,0
820,0,null,0,0,0
821,0,null,0,0,0
822,0,null,0,0,0
823,0,null,0,0,0
824,0,null,0,0,0
825,0,null,0,0,0
826,0,null,0,0,0
827,0,null,0,0,0
828,0,null,0,0,0
829,0,null,0,0,0
830,0,null,0,0,0
831,1,primary_proton,1,1,1
832,0,null,0,0,0
833,0,null,0,0,0
834,870,e-,0,0,1
835,0,null,0,0,0
836,0,null,0,0,0
837,0,null,0,0,0
838,0,null,0,0,0
839,0,null,0,0,0
910,0,null,0,0,0
911,0,null,0,0,0
912,0,null,0,0,0
913,0,null,0,0,0
914,0,null,0,0,0
915,0,null,0,0,0
916,0,null,0,0,0
917,0,null,0,0,0
918,0,null,0,0,0
919,0,null,0,0,0
920,0,null,0,0,0
921,0,null,0,0,0
922,0,null,0,0,0
923,0,null,0,0,0
924,0,null,0,0,0
925,17,pi+,1,1,1
926,0,null,0,0,0
927,0,null,0,0,0
928,0,null,0,0,0
929,0,null,0,0,0
930,0,null,0,0,0
931,11,secondary_proton,1,1,1
932,0,null,0,0,0
933,0,null,0,0,0
934,0,null,0,0,0
935,0,null,0,0,0
936,0,null,0,0,0
937,0,null,0,0,0
938,0,null,0,0,0
939,0,null,0,0,0
940,0,null,0,0,0
941,0,null,0,0,0
942,0,null,0,0,0
765,0,null,0,0,0
766,0,null,0,0,0
767,0,null,0,0,0
768,0,null,0,0,0
769,0,null,0,0,0
840,0,null,0,0,0
841,0,null,0,0,0
842,0,null,0,0,0
843,0,null,0,0,0
844,0,null,0,0,0
845,0,null,0,0,0
846,0,null,0,0,0
847,0,null,0,0,0
848,0,null,0,0,0
849,0,null,0,0,0
850,0,null,0,0,0
851,0,null,0,0,0
852,0,null,0,0,0
853,0,null,0,0,0
854,0,null,0,0,0
855,225,e-,1,0,0
856,1,primary_proton,1,1,1
857,0,null,0,0,0
858,0,null,0,0,0
859,0,null,0,0,0
860,0,null,0,0,0
861,0,null,0,0,0
862,0,null,0,0,0
863,0,null,0,0,0
864,0,null,0,0,0
865,0,null,0,0,0
866,0,null,0,0,0
867,0,null,0,0,0
868,0,null,0,0,0
869,1,primary_proton,1,1,1
870,0,null,0,0,0
871,0,null,0,0,0
872,0,null,0,0,0
873,0,null,0,0,0
874,4,pi-,1,1,1
875,0,null,0,0,0
876,0,null,0,0,0
877,0,null,0,0,0
878,0,null,0,0,0
879,0,null,0,0,0
880,0,null,0,0,0
881,0,null,0,0,0
882,0,null,0,0,0
883,0,null,0,0,0
884,1,primary_proton,1,1,1
885,0,null,0,0,0
886,0,null,0,0,0
887,7,pi-,1,1,1
888,0,null,0,0,0
889,211,pi+,1,0,0
890,0,null,0,0,0
891,1,primary_proton,1,1,1
892,0,null,0,0,0
893,0,null,0,0,0
894,0,null,0,0,0
895,0,null,0,0,0
896,0,null,0,0,0
897,0,null,0,0,0
898,0,null,0,0,0
899,0,null,0,0,0
900,0,null,0,0,0
901,0,null,0,0,0
902,0,null,0,0,0
903,0,null,0,0,0
904,0,null,0,0,0
905,0,null,0,0,0
906,6,pi+,1,1,1
907,0,null,0,0,0
908,0,null,0,0,0
909,0,null,0,0,0
980,0,null,0,0,0
981,0,null,0,0,0
982,0,null,0,0,0
983,5,pi+,1,1,1
984,0,null,0,0,0
985,1,primary_proton,1,1,1
986,14,pi-,1,1,1
987,0,null,0,0,0
988,0,null,0,0,0
989,0,null,0,0,0
990,0,null,0,0,0
991,0,null,0,0,0
992,0,null,0,0,0
993,0,null,0,0,0
994,0,null,0,0,0
995,0,null,0,0,0
996,0,null,0,0,0
997,0,null,0,0,0
998,0,null,0,0,0
999,0,null,0,0,0
943,1,primary_proton,1,1,1
944,0,null,0,0,0
945,0,null,0,0,0
946,0,null,0,0,0
947,1,primary_proton,1,1,1
948,0,null,0,0,0
949,0,null,0,0,0
950,1,primary_proton,1,1,1
951,0,null,0,0,0
952,0,null,0,0,0
953,7,secondary_proton,1,1,1
954,0,null,0,0,0
955,0,null,0,0,0
956,0,null,0,0,0
957,0,null,0,0,0
958,0,null,0,0,0
959,0,null,0,0,0
960,0,null,0,0,0
961,0,null,0,0,0
962,0,null,0,0,0
963,0,null,0,0,0
964,0,null,0,0,0
965,23,secondary_proton,1,0,0
966,295,e-,0,1,1
967,0,null,0,0,0
968,0,null,0,0,0
969,0,null,0,0,0
970,0,null,0,0,0
971,0,null,0,0,0
972,0,null,0,0,0
973,0,null,0,0,0
974,0,null,0,0,0
975,1,primary_proton,1,1,1
976,0,null,0,0,0
977,0,null,0,0,0
978,0,null,0,0,0
979,0,null,0,0,0
1050,0,null,0,0,0
1051,9,pi-,1,1,1
1052,0,null,0,0,0
1053,0,null,0,0,0
1054,0,null,0,0,0
1055,0,null,0,0,0
1056,0,null,0,0,0
1057,0,null,0,0,0
1058,0,null,0,0,0
1059,0,null,0,0,0
1060,0,null,0,0,0
1061,0,null,0,0,0
1062,0,null,0,0,0
1063,0,null,0,0,0
1064,0,null,0,0,0
1065,0,null,0,0,0
1066,0,null,0,0,0
1067,0,null,0,0,0
1068,0,null,0,0,0
1069,0,null,0,0,0
1070,0,null,0,0,0
1071,0,null,0,0,0
1072,1,primary_proton,1,1,1
1073,0,null,0,0,0
1074,0,null,0,0,0
1075,0,null,0,0,0
1076,0,null,0,0,0
1077,0,null,0,0,0
1078,0,null,0,0,0
1079,0,null,0,0,0
1080,0,null,0,0,0
1081,1,primary_proton,1,1,1
1082,0,null,0,0,0
1083,0,null,0,0,0
1084,0,null,0,0,0
1085,0,null,0,0,0
1086,0,null,0,0,0
1087,0,null,0,0,0
1088,0,null,0,0,0
1089,0,null,0,0,0
1090,0,null,0,0,0
1091,0,null,0,0,0
1092,0,null,0,0,0
1093,0,null,0,0,0
1094,0,null,0,0,0
1095,0,null,0,0,0
1096,0,null,0,0,0
1097,0,null,0,0,0
1098,0,null,0,0,0
1099,0,null,0,0,0
1100,0,null,0,0,0
1101,0,null,0,0,0
1102,0,null,0,0,0
1103,0,null,0,0,0
1104,0,null,0,0,0
1105,0,null,0,0,0
1106,0,null,0,0,0
1107,0,null,0,0,0
1108,0,null,0,0,0
1109,0,null,0,0,0
1110,0,null,0,0,0
1111,0,null,0,0,0
1112,0,null,0,0,0
1113,0,null,0,0,0
1114,0,null,0,0,0
1115,0,null,0,0,0
1116,0,null,0,0,0
1117,0,null,0,0,0
1118,0,null,0,0,0
1119,0,null,0,0,0
1120,0,null,0,0,0
1121,0,null,0,0,0
1122,0,null,0,0,0
1123,0,null,0,0,0
1124,0,null,0,0,0
1125,0,null,0,0,0
1126,0,null,0,0,0
1127,0,null,0,0,0
1128,0,null,0,0,0
1129,0,null,0,0,0
1130,0,null,0,0,0
1131,0,null,0,0,0
1132,0,null,0,0,0
1133,0,null,0,0,0
1134,0,null,0,0,0
1135,0,null,0,0,0
1136,691,secondary_proton,1,1,0
1137,0,null,0,0,0
1138,0,null,0,0,0
1139,0,null,0,0,0
1140,7,pi-,1,1,0
1141,0,null,0,0,0
1142,0,null,0,0,0
1143,0,null,0,0,0
1144,0,null,0,0,0
1145,0,null,0,0,0
1146,0,null,0,0,0
1147,0,null,0,0,0
1148,4,secondary_proton,1,1,1
1149,0,null,0,0,0
1150,0,null,0,0,0
1151,0,null,0,0,0
1152,0,null,0,0,0
1153,0,null,0,0,0
1154,0,null,0,0,0
1155,0,null,0,0,0
1156,0,null,0,0,0
1157,0,null,0,0,0
1158,0,null,0,0,0
1159,0,null,0,0,0
1160,11,pi+,1,0,0
1161,0,null,0,0,0
1162,0,null,0,0,0
1163,0,null,0,0,0
1164,0,null,0,0,0
1165,0,null,0,0,0
1166,0,null,0,0,0
1167,0,null,0,0,0
1000,0,null,0,0,0
1001,0,null,0,0,0
1002,0,null,0,0,0
1003,0,null,0,0,0
1004,0,null,0,0,0
1005,0,null,0,0,0
1006,0,null,0,0,0
1007,0,null,0,0,0
1008,0,null,0,0,0
1009,0,null,0,0,0
1010,0,null,0,0,0
1011,0,null,0,0,0
1012,0,null,0,0,0
1013,0,null,0,0,0
1014,0,null,0,0,0
1015,0,null,0,0,0
1016,0,null,0,0,0
1017,1,primary_proton,1,1,1
1018,0,null,0,0,0
1019,0,null,0,0,0
1020,0,null,0,0,0
1021,0,null,0,0,0
1022,0,null,0,0,0
1023,0,null,0,0,0
1024,0,null,0,0,0
1025,0,null,0,0,0
1026,0,null,0,0,0
1027,7,kaon+,1,1,1
1028,0,null,0,0,0
1029,0,null,0,0,0
1030,5,pi+,1,1,0
1031,0,null,0,0,0
1032,0,null,0,0,0
1033,0,null,0,0,0
1034,0,null,0,0,0
1035,0,null,0,0,0
1036,0,null,0,0,0
1037,0,null,0,0,0
1038,0,null,0,0,0
1039,0,null,0,0,0
1040,0,null,0,0,0
1041,0,null,0,0,0
1042,1,primary_proton,1,1,1
1043,0,null,0,0,0
1044,0,null,0,0,0
1045,0,null,0,0,0
1046,16,secondary_proton,1,1,1
1047,0,null,0,0,0
1048,0,null,0,0,0
1049,0,null,0,0,0
1190,0,null,0,0,0
1191,7,pi+,1,1,1
1192,0,null,0,0,0
1193,0,null,0,0,0
1194,0,null,0,0,0
1195,1,primary_proton,1,1,1
1196,0,null,0,0,0
1197,0,null,0,0,0
1198,0,null,0,0,0
1199,0,null,0,0,0
1200,0,null,0,0,0
1201,0,null,0,0,0
1202,0,null,0,0,0
1203,0,null,0,0,0
1204,0,null,0,0,0
1205,0,null,0,0,0
1206,0,null,0,0,0
1207,0,null,0,0,0
1208,0,null,0,0,0
1209,0,null,0,0,0
1210,0,null,0,0,0
1211,0,null,0,0,0
1212,0,null,0,0,0
1213,0,null,0,0,0
1214,0,null,0,0,0
1215,0,null,0,0,0
1216,0,null,0,0,0
1217,0,null,0,0,0
1218,0,null,0,0,0
1219,0,null,0,0,0
1220,0,null,0,0,0
1221,1,primary_proton,1,1,1
1222,0,null,0,0,0
1223,0,null,0,0,0
1224,0,null,0,0,0
1225,0,null,0,0,0
1226,14,pi+,1,1,1
1227,0,null,0,0,0
1228,0,null,0,0,0
1229,0,null,0,0,0
1230,0,null,0,0,0
1231,0,null,0,0,0
1232,0,null,0,0,0
1233,0,null,0,0,0
1234,0,null,0,0,0
1235,0,null,0,0,0
1236,0,null,0,0,0
1237,0,null,0,0,0
1238,0,null,0,0,0
1239,0,null,0,0,0
1240,0,null,0,0,0
1241,0,null,0,0,0
1242,0,null,0,0,0
1243,0,null,0,0,0
1244,0,null,0,0,0
1245,0,null,0,0,0
1246,0,null,0,0,0
1247,0,null,0,0,0
1248,0,null,0,0,0
1249,0,null,0,0,0
1250,0,null,0,0,0
1251,0,null,0,0,0
1252,0,null,0,0,0
1253,0,null,0,0,0
1254,0,null,0,0,0
1255,0,null,0,0,0
1256,0,null,0,0,0
1257,0,null,0,0,0
1258,0,null,0,0,0
1259,0,null,0,0,0
1330,0,null,0,0,0
1331,0,null,0,0,0
1332,0,null,0,0,0
1333,0,null,0,0,0
1334,0,null,0,0,0
1335,0,null,0,0,0
1336,0,null,0,0,0
1337,0,null,0,0,0
1338,0,null,0,0,0
1339,0,null,0,0,0
1340,0,null,0,0,0
1341,0,null,0,0,0
1342,0,null,0,0,0
1343,0,null,0,0,0
1344,0,null,0,0,0
1345,5,secondary_proton,1,1,1
1346,0,null,0,0,0
1347,0,null,0,0,0
1348,0,null,0,0,0
1349,0,null,0,0,0
1350,0,null,0,0,0
1351,0,null,0,0,0
1352,0,null,0,0,0
1353,0,null,0,0,0
1354,0,null,0,0,0
1355,0,null,0,0,0
1356,0,null,0,0,0
1357,0,null,0,0,0
1358,0,null,0,0,0
1359,0,null,0,0,0
1360,0,null,0,0,0
1361,0,null,0,0,0
1362,0,null,0,0,0
1363,0,null,0,0,0
1364,0,null,0,0,0
1365,0,null,0,0,0
1366,0,null,0,0,0
1367,0,null,0,0,0
1368,0,null,0,0,0
1369,0,null,0,0,0
1370,0,null,0,0,0
1371,0,null,0,0,0
1372,0,null,0,0,0
1373,0,null,0,0,0
1374,0,null,0,0,0
1375,0,null,0,0,0
1376,0,null,0,0,0
1377,0,null,0,0,0
1378,0,null,0,0,0
1379,0,null,0,0,0
1380,0,null,0,0,0
1381,1,primary_proton,1,1,1
1382,0,null,0,0,0
1383,0,null,0,0,0
1384,0,null,0,0,0
1385,0,null,0,0,0
1386,0,null,0,0,0
1387,0,null,0,0,0
1388,0,null,0,0,0
1389,0,null,0,0,0
1390,0,null,0,0,0
1391,0,null,0,0,0
1392,0,null,0,0,0
1393,0,null,0,0,0
1394,0,null,0,0,0
1395,0,null,0,0,0
1396,0,null,0,0,0
1397,0,null,0,0,0
1398,0,null,0,0,0
1399,0,null,0,0,0
1168,8,secondary_proton,1,1,1
1169,0,null,0,0,0
1170,0,null,0,0,0
1171,0,null,0,0,0
1172,0,null,0,0,0
1173,0,null,0,0,0
1174,0,null,0,0,0
1175,0,null,0,0,0
1176,0,null,0,0,0
1177,1,primary_proton,1,1,1
1178,0,null,0,0,0
1179,1,primary_proton,1,1,1
1180,0,null,0,0,0
1181,0,null,0,0,0
1182,0,null,0,0,0
1183,0,null,0,0,0
1184,0,null,0,0,0
1185,0,null,0,0,0
1186,0,null,0,0,0
1187,0,null,0,0,0
1188,0,null,0,0,0
1189,0,null,0,0,0
1260,0,null,0,0,0
1261,0,null,0,0,0
1262,0,null,0,0,0
1263,0,null,0,0,0
1264,18,secondary_proton,1,1,1
1265,0,null,0,0,0
1266,0,null,0,0,0
1267,0,null,0,0,0
1268,0,null,0,0,0
1269,0,null,0,0,0
1270,0,null,0,0,0
1271,0,null,0,0,0
1272,0,null,0,0,0
1273,0,null,0,0,0
1274,0,null,0,0,0
1275,0,null,0,0,0
1276,0,null,0,0,0
1277,0,null,0,0,0
1278,0,null,0,0,0
1279,0,null,0,0,0
1280,12,pi-,1,1,0
1281,0,null,0,0,0
1282,0,null,0,0,0
1283,0,null,0,0,0
1284,0,null,0,0,0
1285,0,null,0,0,0
1286,0,null,0,0,0
1287,0,null,0,0,0
1288,0,null,0,0,0
1289,0,null,0,0,0
1290,0,null,0,0,0
1291,0,null,0,0,0
1292,0,null,0,0,0
1293,2,secondary_proton,1,1,1
1294,0,null,0,0,0
1295,0,null,0,0,0
1296,0,null,0,0,0
1297,0,null,0,0,0
1298,0,null,0,0,0
1299,0,null,0,0,0
1300,0,null,0,0,0
1301,0,null,0,0,0
1302,0,null,0,0,0
1303,0,null,0,0,0
1304,0,null,0,0,0
1305,0,null,0,0,0
1306,0,null,0,0,0
1307,0,null,0,0,0
1308,0,null,0,0,0
1309,0,null,0,0,0
1310,0,null,0,0,0
1311,0,null,0,0,0
1312,1,primary_proton,1,1,0
1313,0,null,0,0,0
1314,0,null,0,0,0
1315,0,null,0,0,0
1316,0,null,0,0,0
1317,0,null,0,0,0
1318,0,null,0,0,0
1319,0,null,0,0,0
1320,0,null,0,0,0
1321,0,null,0,0,0
1322,0,null,0,0,0
1323,1,primary_proton,1,1,1
1324,0,null,0,0,0
1325,0,null,0,0,0
1326,0,null,0,0,0
1327,0,null,0,0,0
1328,11,pi-,1,1,1
1329,0,null,0,0,0
1470,0,null,0,0,0
1471,0,null,0,0,0
1472,0,null,0,0,0
1473,0,null,0,0,0
1474,0,null,0,0,0
1475,0,null,0,0,0
1476,0,null,0,0,0
1477,0,null,0,0,0
1478,0,null,0,0,0
1479,0,null,0,0,0
1480,0,null,0,0,0
1481,0,null,0,0,0
1482,0,null,0,0,0
1483,0,null,0,0,0
1484,0,null,0,0,0
1485,0,null,0,0,0
1486,0,null,0,0,0
1487,0,null,0,0,0
1488,0,null,0,0,0
1489,1,primary_proton,1,1,1
1490,0,null,0,0,0
1491,0,null,0,0,0
1492,0,null,0,0,0
1493,0,null,0,0,0
1494,7,secondary_proton,1,1,1
1495,0,null,0,0,0
1496,0,null,0,0,0
1497,0,null,0,0,0
1498,0,null,0,0,0
1499,0,null,0,0,0
1400,0,null,0,0,0
1401,0,null,0,0,0
1402,0,null,0,0,0
1403,0,null,0,0,0
1404,0,null,0,0,0
1405,0,null,0,0,0
1406,0,null,0,0,0
1407,281,pi+,1,1,0
1408,0,null,0,0,0
1409,0,null,0,0,0
1410,0,null,0,0,0
1411,8,secondary_proton,1,0,0
1412,0,null,0,0,0
1413,0,null,0,0,0
1414,0,null,0,0,0
1415,0,null,0,0,0
1416,0,null,0,0,0
1417,0,null,0,0,0
1418,0,null,0,0,0
1419,0,null,0,0,0
1420,0,null,0,0,0
1421,8100,secondary_proton,1,1,1
1422,0,null,0,0,0
1423,0,null,0,0,0
1424,0,null,0,0,0
1425,0,null,0,0,0
1426,0,null,0,0,0
1427,0,null,0,0,0
1428,0,null,0,0,0
1429,0,null,0,0,0
1430,0,null,0,0,0
1431,0,null,0,0,0
1432,16,secondary_proton,1,1,1
1433,0,null,0,0,0
1434,0,null,0,0,0
1435,1,primary_proton,1,1,1
1436,0,null,0,0,0
1437,0,null,0,0,0
1438,0,null,0,0,0
1439,0,null,0,0,0
1440,0,null,0,0,0
1441,0,null,0,0,0
1442,0,null,0,0,0
1443,0,null,0,0,0
1444,0,null,0,0,0
1445,0,null,0,0,0
1446,0,null,0,0,0
1447,0,null,0,0,0
1448,0,null,0,0,0
1449,0,null,0,0,0
1450,0,null,0,0,0
1451,0,null,0,0,0
1452,0,null,0,0,0
1453,0,null,0,0,0
1454,0,null,0,0,0
1455,0,null,0,0,0
1456,0,null,0,0,0
1457,0,null,0,0,0
1458,29,secondary_proton,1,1,1
1459,0,null,0,0,0
1460,0,null,0,0,0
1461,0,null,0,0,0
1462,0,null,0,0,0
1463,0,null,0,0,0
1464,1,primary_proton,1,1,1
1465,0,null,0,0,0
1466,0,null,0,0,0
1467,0,null,0,0,0
1468,0,null,0,0,0
1469,0,null,0,0,0
1540,0,null,0,0,0
1541,0,null,0,0,0
1542,0,null,0,0,0
1543,0,null,0,0,0
1544,0,null,0,0,0
1545,0,null,0,0,0
1546,0,null,0,0,0
1547,0,null,0,0,0
1548,1,primary_proton,1,1,1
1549,0,null,0,0,0
1550,0,null,0,0,0
1551,0,null,0,0,0
1552,0,null,0,0,0
1553,0,null,0,0,0
1554,1,primary_proton,1,1,1
1555,0,null,0,0,0
1556,0,null,0,0,0
1557,0,null,0,0,0
1558,0,null,0,0,0
1559,0,null,0,0,0
1560,0,null,0,0,0
1561,0,null,0,0,0
1562,0,null,0,0,0
1563,0,null,0,0,0
1564,0,null,0,0,0
1565,0,null,0,0,0
1566,0,null,0,0,0
1567,0,null,0,0,0
1568,0,null,0,0,0
1569,0,null,0,0,0
1570,0,null,0,0,0
1571,0,null,0,0,0
1572,0,null,0,0,0
1573,0,null,0,0,0
1574,0,null,0,0,0
1575,0,null,0,0,0
1576,0,null,0,0,0
1577,0,null,0,0,0
1578,0,null,0,0,0
1579,0,null,0,0,0
1580,0,null,0,0,0
1581,0,null,0,0,0
1582,0,null,0,0,0
1583,0,null,0,0,0
1584,0,null,0,0,0
1585,0,null,0,0,0
1586,0,null,0,0,0
1587,0,null,0,0,0
1588,0,null,0,0,0
1589,0,null,0,0,0
1590,8,pi-,1,1,1
1591,0,null,0,0,0
1592,0,null,0,0,0
1593,0,null,0,0,0
1594,0,null,0,0,0
1595,0,null,0,0,0
1596,0,null,0,0,0
1597,0,null,0,0,0
1598,1,primary_proton,1,1,1
1599,0,null,0,0,0
1500,0,null,0,0,0
1501,0,null,0,0,0
1502,0,null,0,0,0
1503,0,null,0,0,0
1504,0,null,0,0,0
1505,0,null,0,0,0
1506,0,null,0,0,0
1507,0,null,0,0,0
1508,0,null,0,0,0
1509,0,null,0,0,0
1510,0,null,0,0,0
1511,0,null,0,0,0
1512,0,null,0,0,0
1513,0,null,0,0,0
1514,0,null,0,0,0
1515,0,null,0,0,0
1516,0,null,0,0,0
1517,0,null,0,0,0
1518,0,null,0,0,0
1519,0,null,0,0,0
1520,0,null,0,0,0
1521,0,null,0,0,0
1522,0,null,0,0,0
1523,0,null,0,0,0
1524,0,null,0,0,0
1525,0,null,0,0,0
1526,0,null,0,0,0
1527,1,primary_proton,1,1,1
1528,0,null,0,0,0
1529,0,null,0,0,0
1530,0,null,0,0,0
1531,0,null,0,0,0
1532,0,null,0,0,0
1533,0,null,0,0,0
1534,0,null,0,0,0
1535,0,null,0,0,0
1536,0,null,0,0,0
1537,0,null,0,0,0
1538,0,null,0,0,0
1539,0,null,0,0,0
1610,0,null,0,0,0
1611,0,null,0,0,0
1612,1193,e-,1,1,1
1613,0,null,0,0,0
1614,0,null,0,0,0
1615,0,null,0,0,0
1616,0,null,0,0,0
1617,0,null,0,0,0
1618,0,null,0,0,0
1619,0,null,0,0,0
1620,0,null,0,0,0
1621,0,null,0,0,0
1622,0,null,0,0,0
1623,0,null,0,0,0
1624,0,null,0,0,0
1625,0,null,0,0,0
1626,0,null,0,0,0
1627,0,null,0,0,0
1628,0,null,0,0,0
1629,0,null,0,0,0
1630,0,null,0,0,0
1631,0,null,0,0,0
1632,0,null,0,0,0
1633,0,null,0,0,0
1634,0,null,0,0,0
1635,0,null,0,0,0
1636,0,null,0,0,0
1637,1,primary_proton,1,1,1
1638,0,null,0,0,0
1639,0,null,0,0,0
1640,0,null,0,0,0
1641,1,primary_proton,1,1,1
1642,0,null,0,0,0
1643,0,null,0,0,0
1644,0,null,0,0,0
1645,0,null,0,0,0
1646,6,pi+,1,0,0
1647,0,null,0,0,0
1648,0,null,0,0,0
1600,0,null,0,0,0
1601,0,null,0,0,0
1602,0,null,0,0,0
1603,9,pi-,1,1,1
1604,0,null,0,0,0
1605,0,null,0,0,0
1606,0,null,0,0,0
1607,0,null,0,0,0
1608,0,null,0,0,0
1609,0,null,0,0,0
1680,0,null,0,0,0
1681,0,null,0,0,0
1682,0,null,0,0,0
1683,0,null,0,0,0
1684,0,null,0,0,0
1685,0,null,0,0,0
1686,0,null,0,0,0
1687,0,null,0,0,0
1688,0,null,0,0,0
1689,0,null,0,0,0
1690,0,null,0,0,0
1691,0,null,0,0,0
1692,0,null,0,0,0
1693,0,null,0,0,0
1694,0,null,0,0,0
1695,0,null,0,0,0
1696,0,null,0,0,0
1697,1,primary_proton,1,1,1
1698,0,null,0,0,0
1699,0,null,0,0,0
1700,0,null,0,0,0
1701,0,null,0,0,0
1702,0,null,0,0,0
1703,0,null,0,0,0
1704,0,null,0,0,0
1705,0,null,0,0,0
1706,0,null,0,0,0
1707,0,null,0,0,0
1708,0,null,0,0,0
1709,0,null,0,0,0
1710,0,null,0,0,0
1711,0,null,0,0,0
1712,0,null,0,0,0
1713,0,null,0,0,0
1714,0,null,0,0,0
1715,0,null,0,0,0
1716,0,null,0,0,0
1717,0,null,0,0,0
1718,0,null,0,0,0
1719,0,null,0,0,0
1720,0,null,0,0,0
1721,0,null,0,0,0
1722,0,null,0,0,0
1723,0,null,0,0,0
1724,0,null,0,0,0
1725,0,null,0,0,0
1726,0,null,0,0,0
1727,0,null,0,0,0
1728,20,pi-,1,1,1
1729,1,primary_proton,1,1,1
1730,0,null,0,0,0
1731,0,null,0,0,0
1732,0,null,0,0,0
1733,0,null,0,0,0
1734,0,null,0,0,0
1735,0,null,0,0,0
1736,0,null,0,0,0
1737,0,null,0,0,0
1738,0,null,0,0,0
1739,0,null,0,0,0
1740,0,null,0,0,0
1741,0,null,0,0,0
1742,0,null,0,0,0
1743,0,null,0,0,0
1744,0,null,0,0,0
1745,0,null,0,0,0
1746,0,null,0,0,0
1747,0,null,0,0,0
1748,0,null,0,0,0
1749,0,null,0,0,0
1820,0,null,0,0,0
1821,0,null,0,0,0
1822,0,null,0,0,0
1823,0,null,0,0,0
1824,0,null,0,0,0
1825,0,null,0,0,0
1826,0,null,0,0,0
1827,0,null,0,0,0
1828,0,null,0,0,0
1829,0,null,0,0,0
1830,0,null,0,0,0
1831,0,null,0,0,0
1832,0,null,0,0,0
1833,0,null,0,0,0
1834,0,null,0,0,0
1835,0,null,0,0,0
1836,0,null,0,0,0
1837,0,null,0,0,0
1838,0,null,0,0,0
1839,0,null,0,0,0
1840,0,null,0,0,0
1841,0,null,0,0,0
1842,0,null,0,0,0
1843,0,null,0,0,0
1844,0,null,0,0,0
1845,50,secondary_proton,1,1,0
1846,0,null,0,0,0
1649,1,primary_proton,1,1,1
1650,0,null,0,0,0
1651,0,null,0,0,0
1652,0,null,0,0,0
1653,0,null,0,0,0
1654,0,null,0,0,0
1655,0,null,0,0,0
1656,0,null,0,0,0
1657,0,null,0,0,0
1658,0,null,0,0,0
1659,0,null,0,0,0
1660,0,null,0,0,0
1661,0,null,0,0,0
1662,0,null,0,0,0
1663,0,null,0,0,0
1664,0,null,0,0,0
1665,0,null,0,0,0
1666,0,null,0,0,0
1667,7,secondary_proton,1,0,0
1668,0,null,0,0,0
1669,0,null,0,0,0
1670,0,null,0,0,0
1671,0,null,0,0,0
1672,0,null,0,0,0
1673,0,null,0,0,0
1674,0,null,0,0,0
1675,0,null,0,0,0
1676,0,null,0,0,0
1677,0,null,0,0,0
1678,0,null,0,0,0
1679,0,null,0,0,0
1750,0,null,0,0,0
1751,0,null,0,0,0
1752,0,null,0,0,0
1753,0,null,0,0,0
1754,0,null,0,0,0
1755,1,primary_proton,1,1,1
1756,0,null,0,0,0
1757,0,null,0,0,0
1758,0,null,0,0,0
1759,0,null,0,0,0
1760,0,null,0,0,0
1761,0,null,0,0,0
1762,0,null,0,0,0
1763,0,null,0,0,0
1764,0,null,0,0,0
1765,0,null,0,0,0
1766,0,null,0,0,0
1767,0,null,0,0,0
1768,0,null,0,0,0
1769,1,primary_proton,1,1,1
1770,0,null,0,0,0
1771,0,null,0,0,0
1772,0,null,0,0,0
1773,0,null,0,0,0
1774,0,null,0,0,0
1775,0,null,0,0,0
1776,0,null,0,0,0
1777,4,pi-,1,0,0
1778,0,null,0,0,0
1779,0,null,0,0,0
1780,0,null,0,0,0
1781,0,null,0,0,0
1782,0,null,0,0,0
1783,0,null,0,0,0
1784,14,pi-,1,1,1
1785,0,null,0,0,0
1786,0,null,0,0,0
1787,0,null,0,0,0
1788,1,primary_proton,1,1,1
1789,0,null,0,0,0
1790,0,null,0,0,0
1791,0,null,0,0,0
1792,0,null,0,0,0
1793,0,null,0,0,0
1794,0,null,0,0,0
1795,0,null,0,0,0
1796,5,secondary_proton,1,0,0
1797,0,null,0,0,0
1798,0,null,0,0,0
1799,0,null,0,0,0
1847,0,null,0,0,0
1848,0,null,0,0,0
1849,0,null,0,0,0
1850,378,pi+,1,1,1
1851,0,null,0,0,0
1852,0,null,0,0,0
1853,0,null,0,0,0
1854,0,null,0,0,0
1855,0,null,0,0,0
1856,0,null,0,0,0
1857,0,null,0,0,0
1858,0,null,0,0,0
1859,0,null,0,0,0
1860,0,null,0,0,0
1861,0,null,0,0,0
1862,0,null,0,0,0
1863,0,null,0,0,0
1864,0,null,0,0,0
1865,0,null,0,0,0
1866,0,null,0,0,0
1867,0,null,0,0,0
1868,0,null,0,0,0
1869,0,null,0,0,0
1870,0,null,0,0,0
1871,0,null,0,0,0
1872,0,null,0,0,0
1873,0,null,0,0,0
1874,0,null,0,0,0
1875,0,null,0,0,0
1876,0,null,0,0,0
1877,0,null,0,0,0
1878,1,primary_proton,1,1,1
1879,0,null,0,0,0
1880,0,null,0,0,0
1881,0,null,0,0,0
1882,0,null,0,0,0
1883,0,null,0,0,0
1884,0,null,0,0,0
1885,0,null,0,0,0
1886,0,null,0,0,0
1887,0,null,0,0,0
1888,0,null,0,0,0
1889,0,null,0,0,0
1890,0,null,0,0,0
1891,0,null,0,0,0
1892,0,null,0,0,0
1893,0,null,0,0,0
1894,0,null,0,0,0
1895,0,null,0,0,0
1896,0,null,0,0,0
1897,0,null,0,0,0
1898,0,null,0,0,0
1899,0,null,0,0,0
1800,0,null,0,0,0
1801,0,null,0,0,0
1802,1,primary_proton,1,1,1
1803,0,null,0,0,0
1804,0,null,0,0,0
1805,0,null,0,0,0
1806,0,null,0,0,0
1807,0,null,0,0,0
1808,0,null,0,0,0
1809,0,null,0,0,0
1810,0,null,0,0,0
1811,0,null,0,0,0
1812,0,null,0,0,0
1813,0,null,0,0,0
1814,0,null,0,0,0
1815,0,null,0,0,0
1816,0,null,0,0,0
1817,0,null,0,0,0
1818,0,null,0,0,0
1819,0,null,0,0,0
1960,0,null,0,0,0
1961,0,null,0,0,0
1962,0,null,0,0,0
1963,0,null,0,0,0
1964,0,null,0,0,0
1965,1,primary_proton,1,1,1
1966,0,null,0,0,0
1967,544,e-,1,0,1
1968,0,null,0,0,0
1969,0,null,0,0,0
1970,0,null,0,0,0
1971,0,null,0,0,0
1972,0,null,0,0,0
1973,0,null,0,0,0
1974,0,null,0,0,0
1975,0,null,0,0,0
1976,0,null,0,0,0
1977,0,null,0,0,0
1978,0,null,0,0,0
1979,0,null,0,0,0
1980,1,primary_proton,1,1,1
1981,0,null,0,0,0
1982,0,null,0,0,0
1983,0,null,0,0,0
1984,0,null,0,0,0
1985,0,null,0,0,0
1986,0,null,0,0,0
1987,0,null,0,0,0
1988,6,secondary_proton,1,1,1
1989,36,secondary_proton,1,1,1
1990,0,null,0,0,0
1991,0,null,0,0,0
1992,0,null,0,0,0
1993,0,null,0,0,0
1994,0,null,0,0,0
1995,0,null,0,0,0
1996,582,secondary_proton,1,0,0
1997,0,null,0,0,0
1998,0,null,0,0,0
1999,0,null,0,0,0
1900,7,pi-,1,1,1
1901,0,null,0,0,0
1902,0,null,0,0,0
1903,0,null,0,0,0
1904,0,null,0,0,0
1905,0,null,0,0,0
1906,0,null,0,0,0
1907,0,null,0,0,0
1908,9,pi-,1,1,1
1909,0,null,0,0,0
1910,0,null,0,0,0
1911,0,null,0,0,0
1912,7,secondary_proton,1,1,1
1913,0,null,0,0,0
1914,1,primary_proton,1,1,1
1915,0,null,0,0,0
1916,0,null,0,0,0
1917,0,null,0,0,0
1918,0,null,0,0,0
1919,0,null,0,0,0
1920,0,null,0,0,0
1921,0,null,0,0,0
1922,0,null,0,0,0
1923,1,primary_proton,1,1,1
1924,0,null,0,0,0
1925,0,null,0,0,0
1926,0,null,0,0,0
1927,0,null,0,0,0
1928,0,null,0,0,0
1929,0,null,0,0,0
1930,0,null,0,0,0
1931,0,null,0,0,0
1932,0,null,0,0,0
1933,0,null,0,0,0
1934,0,null,0,0,0
1935,0,null,0,0,0
1936,0,null,0,0,0
1937,0,null,0,0,0
1938,0,null,0,0,0
1939,0,null,0,0,0
1940,0,null,0,0,0
1941,0,null,0,0,0
1942,0,null,0,0,0
1943,0,null,0,0,0
1944,0,null,0,0,0
1945,0,null,0,0,0
1946,0,null,0,0,0
1947,0,null,0,0,0
1948,0,null,0,0,0
1949,0,null,0,0,0
1950,0,null,0,0,0
1951,0,null,0,0,0
1952,0,null,0,0,0
1953,0,null,0,0,0
1954,0,null,0,0,0
1955,0,null,0,0,0
1956,0,null,0,0,0
1957,0,null,0,0,0
1958,0,null,0,0,0
1959,0,null,0,0,0
2030,0,null,0,0,0
2031,0,null,0,0,0
2032,0,null,0,0,0
2033,0,null,0,0,0
2034,0,null,0,0,0
2035,0,null,0,0,0
2036,0,null,0,0,0
2037,0,null,0,0,0
2038,0,null,0,0,0
2039,0,null,0,0,0
2040,0,null,0,0,0
2041,1,primary_proton,1,1,1
2042,0,null,0,0,0
2043,0,null,0,0,0
2044,0,null,0,0,0
2045,0,null,0,0,0
2046,0,null,0,0,0
2047,0,null,0,0,0
2048,0,null,0,0,0
2049,0,null,0,0,0
2050,0,null,0,0,0
2051,27,pi-,1,0,0
2052,0,null,0,0,0
2053,0,null,0,0,0
2054,0,null,0,0,0
2055,0,null,0,0,0
2056,0,null,0,0,0
2057,0,null,0,0,0
2058,0,null,0,0,0
2059,0,null,0,0,0
2060,0,null,0,0,0
2061,0,null,0,0,0
2062,0,null,0,0,0
2063,0,null,0,0,0
2064,0,null,0,0,0
2065,0,null,0,0,0
2066,0,null,0,0,0
2067,6,pi-,1,1,1
2068,0,null,0,0,0
2069,0,null,0,0,0
2070,0,null,0,0,0
2071,0,null,0,0,0
2072,0,null,0,0,0
2073,0,null,0,0,0
2074,0,null,0,0,0
2075,1,primary_proton,1,1,1
2076,0,null,0,0,0
2077,0,null,0,0,0
2078,0,null,0,0,0
2079,0,null,0,0,0
2080,0,null,0,0,0
2081,0,null,0,0,0
2082,0,null,0,0,0
2083,0,null,0,0,0
2084,0,null,0,0,0
2085,0,null,0,0,0
2086,0,null,0,0,0
2087,0,null,0,0,0
2088,0,null,0,0,0
2089,0,null,0,0,0
2090,0,null,0,0,0
2091,0,null,0,0,0
2092,0,null,0,0,0
2093,1,primary_proton,1,1,1
2094,0,null,0,0,0
2095,0,null,0,0,0
2096,0,null,0,0,0
2097,0,null,0,0,0
2098,0,null,0,0,0
2099,0,null,0,0,0
2000,0,null,0,0,0
2001,0,null,0,0,0
2002,0,null,0,0,0
2003,1,primary_proton,1,1,1
2004,0,null,0,0,0
2005,0,null,0,0,0
2006,0,null,0,0,0
2007,0,null,0,0,0
2008,0,null,0,0,0
2009,0,null,0,0,0
2010,0,null,0,0,0
2011,0,null,0,0,0
2012,808,pi+,1,0,0
2013,0,null,0,0,0
2014,0,null,0,0,0
2015,0,null,0,0,0
2016,0,null,0,0,0
2017,0,null,0,0,0
2018,0,null,0,0,0
2019,0,null,0,0,0
2020,0,null,0,0,0
2021,0,null,0,0,0
2022,0,null,0,0,0
2023,0,null,0,0,0
2024,12,pi-,1,1,0
2025,3807,secondary_proton,1,1,1
2026,0,null,0,0,0
2027,0,null,0,0,0
2028,0,null,0,0,0
2029,1,primary_proton,1,1,1
2170,7,pi-,1,1,1
2171,0,null,0,0,0
2172,0,null,0,0,0
2173,0,null,0,0,0
2174,0,null,0,0,0
2175,0,null,0,0,0
2176,0,null,0,0,0
2177,11,pi-,1,1,1
2178,0,null,0,0,0
2179,0,null,0,0,0
2180,0,null,0,0,0
2181,0,null,0,0,0
2182,1,primary_proton,1,1,1
2183,0,null,0,0,0
2184,0,null,0,0,0
2185,0,null,0,0,0
2186,0,null,0,0,0
2187,0,null,0,0,0
2188,0,null,0,0,0
2189,0,null,0,0,0
2190,14,secondary_proton,1,1,1
2191,0,null,0,0,0
2192,0,null,0,0,0
2193,0,null,0,0,0
2194,0,null,0,0,0
2195,0,null,0,0,0
2196,0,null,0,0,0
2197,0,nG4WT0 > ull,0,0,0
2198,7,pi+,1,1,1
2199,0,null,0,0,0
2100,0,null,0,0,0
2101,0,null,0,0,0
2102,1312,e-,1,0,0
2103,0,null,0,0,0
2104,0,null,0,0,0
2105,0,null,0,0,0
2106,0,null,0,0,0
2107,15,pi+,1,1,1
2108,0,null,0,0,0
2109,0,null,0,0,0
2110,0,null,0,0,0
2111,0,null,0,0,0
2112,0,null,0,0,0
2113,0,null,0,0,0
2114,1,primary_proton,1,1,1
2115,0,null,0,0,0
2116,0,null,0,0,0
2117,0,null,0,0,0
2118,0,null,0,0,0
2119,0,null,0,0,0
2120,0,null,0,0,0
2121,0,null,0,0,0
2122,0,null,0,0,0
2123,0,null,0,0,0
2124,1,primary_proton,1,1,1
2125,0,null,0,0,0
2126,0,null,0,0,0
2127,0,null,0,0,0
2128,0,null,0,0,0
2129,0,null,0,0,0
2130,0,null,0,0,0
2131,407,pi-,1,1,1
2132,10,secondary_proton,1,1,1
2133,0,null,0,0,0
2134,0,null,0,0,0
2135,0,null,0,0,0
2136,0,null,0,0,0
2137,0,null,0,0,0
2138,0,null,0,0,0
2139,0,null,0,0,0
2140,0,null,0,0,0
2141,0,null,0,0,0
2142,0,null,0,0,0
2143,0,null,0,0,0
2144,0,null,0,0,0
2145,1,primary_proton,1,1,1
2146,1,primary_proton,1,1,1
2147,0,null,0,0,0
2148,0,null,0,0,0
2149,0,null,0,0,0
2150,0,null,0,0,0
2151,0,null,0,0,0
2152,0,null,0,0,0
2153,0,null,0,0,0
2154,0,null,0,0,0
2155,0,null,0,0,0
2156,8,secondary_proton,1,1,0
2157,0,null,0,0,0
2158,0,null,0,0,0
2159,0,null,0,0,0
2160,0,null,0,0,0
2161,3582,pi+,1,1,1
2162,0,null,0,0,0
2163,0,null,0,0,0
2164,0,null,0,0,0
2165,0,null,0,0,0
2166,0,null,0,0,0
2200,1,primary_proton,1,1,1
2201,0,null,0,0,0
2202,0,null,0,0,0
2203,0,null,0,0,0
2204,0,null,0,0,0
2205,0,null,0,0,0
2206,0,null,0,0,0
2207,0,null,0,0,0
2208,0,null,0,0,0
2209,0,null,0,0,0
2210,0,null,0,0,0
2211,0,null,0,0,0
2212,0,null,0,0,0
2213,0,null,0,0,0
2214,0,null,0,0,0
2215,0,null,0,0,0
2216,0,null,0,0,0
2217,0,null,0,0,0
2218,0,null,0,0,0
2219,0,null,0,0,0
2220,0,null,0,0,0
2221,0,null,0,0,0
2222,0,null,0,0,0
2223,0,null,0,0,0
2224,0,null,0,0,0
2225,0,null,0,0,0
2226,0,null,0,0,0
2227,0,null,0,0,0
2228,0,null,0,0,0
2229,0,null,0,0,0
2230,0,null,0,0,0
2231,0,null,0,0,0
2232,0,null,0,0,0
2233,0,null,0,0,0
2234,0,null,0,0,0
2235,0,null,0,0,0
2236,0,null,0,0,0
2237,0,null,0,0,0
2238,0,null,0,0,0
2239,0,null,0,0,0
2310,0,null,0,0,0
2311,0,null,0,0,0
2312,0,null,0,0,0
2313,0,null,0,0,0
2314,0,null,0,0,0
2315,0,null,0,0,0
2316,0,null,0,0,0
2317,0,null,0,0,0
2318,0,null,0,0,0
2319,0,null,0,0,0
2320,0,null,0,0,0
2321,0,null,0,0,0
2322,0,null,0,0,0
2323,0,null,0,0,0
2324,0,null,0,0,0
2325,0,null,0,0,0
2326,0,null,0,0,0
2327,0,null,0,0,0
2328,1,primary_proton,1,1,1
2329,0,null,0,0,0
2330,0,null,0,0,0
2331,0,null,0,0,0
2332,0,null,0,0,0
2333,0,null,0,0,0
2334,0,null,0,0,0
2335,0,null,0,0,0
2336,0,null,0,0,0
2337,0,null,0,0,0
2338,0,null,0,0,0
2339,0,null,0,0,0
2340,0,null,0,0,0
2341,0,null,0,0,0
2342,0,null,0,0,0
2343,0,null,0,0,0
2344,0,null,0,0,0
2345,0,null,0,0,0
2346,0,null,0,0,0
2347,0,null,0,0,0
2348,0,null,0,0,0
2349,0,null,0,0,0
2350,0,null,0,0,0
2351,0,null,0,0,0
2352,0,null,0,0,0
2353,0,null,0,0,0
2354,0,null,0,0,0
2355,0,nulG4WT0 > l,0,0,0
2356,0,null,0,0,0
2357,1,primary_proton,1,1,1
2358,0,null,0,0,0
2359,0,null,0,0,0
2360,0,null,0,0,0
2361,0,null,0,0,0
2362,1,primary_proton,1,1,1
2363,0,null,0,0,0
2364,0,null,0,0,0
2365,0,null,0,0,0
2366,0,null,0,0,0
2367,0,null,0,0,0
2368,0,null,0,0,0
2369,0,null,0,0,0
2370,0,null,0,0,0
2371,0,null,0,0,0
2372,0,null,0,0,0
2373,0,null,0,0,0
2374,0,null,0,0,0
2375,0,null,0,0,0
2376,0,null,0,0,0
2377,0,null,0,0,0
2378,0,null,0,0,0
2379,0,null,0,0,0
2380,0,null,0,0,0
2381,0,null,0,0,0
2382,0,null,0,0,0
2383,0,null,0,0,0
2384,0,null,0,0,0
2385,0,null,0,0,0
2386,0,null,0,0,0
2387,0,null,0,0,0
2388,0,null,0,0,0
2389,0,null,0,0,0
2390,0,null,0,0,0
2391,0,null,0,0,0
2392,1,primary_proton,1,1,1
2393,0,null,0,0,0
2394,0,null,0,0,0
2395,0,null,0,0,0
2396,0,null,0,0,0
2397,0,null,0,0,0
2398,0,null,0,0,0
2399,0,null,0,0,0
2167,0,null,0,0,0
2168,0,null,0,0,0
2169,0,null,0,0,0
2240,0,null,0,0,0
2241,0,null,0,0,0
2242,0,null,0,0,0
2243,0,null,0,0,0
2244,0,null,0,0,0
2245,0,null,0,0,0
2246,0,null,0,0,0
2247,0,null,0,0,0
2248,0,null,0,0,0
2249,0,null,0,0,0
2250,0,null,0,0,0
2251,0,null,0,0,0
2252,0,null,0,0,0
2253,0,null,0,0,0
2254,0,null,0,0,0
2255,2376,e-,1,0,0
2256,0,null,0,0,0
2257,0,null,0,0,0
2258,50,pi+,1,1,1
2259,0,null,0,0,0
2260,0,null,0,0,0
2261,0,null,0,0,0
2262,0,null,0,0,0
2263,9,pi-,1,0,0
2264,0,null,0,0,0
2265,0,null,0,0,0
2266,0,null,0,0,0
2267,0,null,0,0,0
2268,0,null,0,0,0
2269,0,null,0,0,0
2270,0,null,0,0,0
2271,0,null,0,0,0
2272,0,null,0,0,0
2273,1,primary_proton,1,1,1
2274,0,null,0,0,0
2275,0,null,0,0,0
2276,0,null,0,0,0
2277,0,null,0,0,0
2278,0,null,0,0,0
2279,0,null,0,0,0
2280,0,null,0,0,0
2281,0,null,0,0,0
2282,0,null,0,0,0
2283,0,null,0,0,0
2284,0,null,0,0,0
2285,0,null,0,0,0
2286,0,null,0,0,0
2287,0,null,0,0,0
2288,0,null,0,0,0
2289,0,null,0,0,0
2290,0,null,0,0,0
2291,0,null,0,0,0
2292,0,null,0,0,0
2293,0,null,0,0,0
2294,0,null,0,0,0
2295,0,null,0,0,0
2296,0,null,0,0,0
2297,0,null,0,0,0
2298,0,null,0,0,0
2299,162,e-,1,0,0
2400,0,null,0,0,0
2401,0,null,0,0,0
2402,0,null,0,0,0
2403,0,null,0,0,0
2404,0,null,0,0,0
2405,11,secondary_proton,1,1,1
2406,0,null,0,0,0
2407,0,null,0,0,0
2408,0,null,0,0,0
2409,0,null,0,0,0
2410,0,null,0,0,0
2411,0,null,0,0,0
2412,0,null,0,0,0
2413,0,null,0,0,0
2414,0,null,0,0,0
2415,1,primary_proton,1,1,1
2416,0,null,0,0,0
2417,0,null,0,0,0
2418,1,primary_proton,1,1,1
2419,0,null,0,0,0
2420,0,null,0,0,0
2421,1,primary_proton,1,1,1
2422,0,null,0,0,0
2423,0,null,0,0,0
2424,197,pi+,1,1,1
2425,0,null,0,0,0
2426,0,null,0,0,0
2427,0,null,0,0,0
2428,0,null,0,0,0
2429,0,null,0,0,0
2430,0,null,0,0,0
2431,0,null,0,0,0
2432,0,null,0,0,0
2433,1,primary_proton,1,1,1
2434,0,null,0,0,0
2435,0,null,0,0,0
2436,0,null,0,0,0
2437,0,null,0,0,0
2438,0,null,0,0,0
2439,0,null,0,0,0
2440,0,null,0,0,0
2441,0,null,0,0,0
2442,1,primary_proton,1,1,1
2443,0,null,0,0,0
2444,0,null,0,0,0
2445,0,null,0,0,0
2446,0,null,0,0,0
2447,0,null,0,0,0
2448,0,null,0,0,0
2449,0,null,0,0,0
2520,0,null,0,0,0
2521,0,null,0,0,0
2522,0,null,0,0,0
2523,0,null,0,0,0
2524,0,null,0,0,0
2525,0,null,0,0,0
2526,0,null,0,0,0
2527,0,null,0,0,0
2528,0,null,0,0,0
2529,0,null,0,0,0
2530,0,null,0,0,0
2531,0,null,0,0,0
2532,0,null,0,0,0
2533,0,null,0,0,0
2534,0,null,0,0,0
2535,0,null,0,0,0
2536,0,null,0,0,0
2537,0,null,0,0,0
2538,0,null,0,0,0
2539,0,null,0,0,0
2540,0,null,0,0,0
2541,0,null,0,0,0
2300,0,null,0,0,0
2301,0,null,0,0,0
2302,0,null,0,0,0
2303,0,null,0,0,0
2304,0,null,0,0,0
2305,0,null,0,0,0
2306,0,null,0,0,0
2307,0,null,0,0,0
2308,0,null,0,0,0
2309,0,null,0,0,0
2450,0,null,0,0,0
2451,0,null,0,0,0
2452,0,null,0,0,0
2453,0,null,0,0,0
2454,0,null,0,0,0
2455,0,null,0,0,0
2456,0,null,0,0,0
2457,3103,e-,1,0,0
2458,0,null,0,0,0
2459,0,null,0,0,0
2460,0,null,0,0,0
2461,0,null,0,0,0
2462,0,null,0,0,0
2463,0,null,0,0,0
2464,1,primary_proton,1,1,1
2465,0,null,0,0,0
2466,0,null,0,0,0
2467,1,primary_proton,1,1,1
2468,0,null,0,0,0
2469,1029,secondary_proton,1,1,1
2470,0,null,0,0,0
2471,0,null,0,0,0
2472,0,null,0,0,0
2473,0,null,0,0,0
2474,0,null,0,0,0
2475,0,null,0,0,0
2476,0,null,0,0,0
2477,0,null,0,0,0
2478,0,null,0,0,0
2479,0,null,0,0,0
2480,0,null,0,0,0
2481,1,primary_proton,1,1,1
2482,0,null,0,0,0
2483,0,null,0,0,0
2484,0,null,0,0,0
2485,0,null,0,0,0
2486,0,null,0,0,0
2487,17,secondary_proton,1,1,1
2488,0,null,0,0,0
2489,0,null,0,0,0
2490,0,null,0,0,0
2491,0,null,0,0,0
2492,0,null,0,0,0
2493,0,null,0,0,0
2494,0,null,0,0,0
2495,0,null,0,0,0
2496,0,null,0,0,0
2497,0,null,0,0,0
2498,0,null,0,0,0
2499,0,null,0,0,0
2500,4,secondary_proton,1,1,1
2501,0,null,0,0,0
2502,0,null,0,0,0
2503,0,null,0,0,0
2504,0,null,0,0,0
2505,0,null,0,0,0
2506,0,null,0,0,0
2507,0,null,0,0,0
2508,0,null,0,0,0
2509,0,null,0,0,0
2510,0,null,0,0,0
2511,0,null,0,0,0
2512,0,null,0,0,0
2513,0,null,0,0,0
2514,0,null,0,0,0
2515,1499,secondary_proton,1,0,0
2516,0,null,0,0,0
2517,1,primary_proton,1,1,1
2518,9,pi+,1,1,1
2519,0,null,0,0,0
2590,0,null,0,0,0
2591,0,null,0,0,0
2592,0,null,0,0,0
2593,0,null,0,0,0
2594,1,primary_proton,1,1,1
2595,0,null,0,0,0
2596,0,null,0,0,0
2597,0,null,0,0,0
2598,0,null,0,0,0
2599,0,null,0,0,0
2600,0,null,0,0,0
2601,0,null,0,0,0
2602,0,null,0,0,0
2603,0,null,0,0,0
2604,0,null,0,0,0
2605,1,primary_proton,1,1,1
2606,0,null,0,0,0
2607,0,null,0,0,0
2608,0,null,0,0,0
2609,0,null,0,0,0
2610,0,null,0,0,0
2611,1,primary_proton,1,1,1
2612,1,primary_proton,1,1,1
2613,0,null,0,0,0
2614,0,null,0,0,0
2615,0,null,0,0,0
2616,0,null,0,0,0
2617,0,null,0,0,0
2618,0,null,0,0,0
2619,0,null,0,0,0
2620,0,null,0,0,0
2621,0,null,0,0,0
2622,0,null,0,0,0
2623,0,null,0,0,0
2624,0,null,0,0,0
2625,0,null,0,0,0
2626,0,null,0,0,0
2627,0,null,0,0,0
2628,0,null,0,0,0
2629,0,null,0,0,0
2630,0,null,0,0,0
2631,0,null,0,0,0
2632,0,null,0,0,0
2633,0,null,0,0,0
2634,0,null,0,0,0
2635,0,null,0,0,0
2636,0,null,0,0,0
2637,0,null,0,0,0
2638,0,null,0,0,0
2639,0,null,0,0,0
2640,0,null,0,0,0
2641,0,null,0,0,0
2642,0,null,0,0,0
2643,0,null,0,0,0
2644,689,secondary_proton,1,0,0
2645,1,primary_proton,1,1,1
2646,0,null,0,0,0
2647,0,null,0,0,0
2648,0,null,0,0,0
2649,0,null,0,0,0
2650,0,null,0,0,0
2651,0,null,0,0,0
2652,0,null,0,0,0
2653,0,null,0,0,0
2654,0,null,0,0,0
2655,0,null,0,0,0
2656,0,null,0,0,0
2657,0,null,0,0,0
2658,0,null,0,0,0
2659,0,null,0,0,0
2660,0,null,0,0,0
2661,0,null,0,0,0
2662,0,null,0,0,0
2663,0,null,0,0,0
2664,0,null,0,0,0
2665,0,null,0,0,0
2666,0,null,0,0,0
2667,0,null,0,0,0
2668,0,null,0,0,0
2669,972,e-,1,1,0
2670,0,null,0,0,0
2671,0,null,0,0,0
2672,0,null,0,0,0
2673,0,null,0,0,0
2674,0,null,0,0,0
2675,0,null,0,0,0
2677,0,null,0,0,0
2678,0,null,0,0,0
2679,0,null,0,0,0
2680,1,primary_proton,1,1,1
2681,0,null,0,0,0
2682,1,primary_proton,1,1,1
2683,0,null,0,0,0
2684,0,null,0,0,0
2685,0,null,0,0,0
2686,0,null,0,0,0
2687,0,null,0,0,0
2688,0,null,0,0,0
2689,0,null,0,0,0
2690,0,null,0,0,0
2691,0,null,0,0,0
2692,0,null,0,0,0
2693,0,null,0,0,0
2694,0,null,0,0,0
2695,0,null,0,0,0
2696,0,null,0,0,0
2697,0,null,0,0,0
2698,0,null,0,0,0
2699,0,null,0,0,0
2543,15,pi+,1,1,1
2544,0,null,0,0,0
2545,0,null,0,0,0
2546,0,null,0,0,0
2547,0,null,0,0,0
2548,0,null,0,0,0
2549,1,primary_proton,1,1,1
2550,0,null,0,0,0
2551,0,null,0,0,0
2552,0,null,0,0,0
2553,0,null,0,0,0
2554,0,null,0,0,0
2555,0,null,0,0,0
2556,23,secondary_proton,1,1,1
2557,0,null,0,0,0
2558,0,null,0,0,0
2559,0,null,0,0,0
2560,0,null,0,0,0
2561,0,null,0,0,0
2562,0,null,0,0,0
2563,0,null,0,0,0
2564,0,null,0,0,0
2565,1,primary_proton,1,1,1
2566,0,null,0,0,0
2567,0,null,0,0,0
2568,0,null,0,0,0
2569,0,null,0,0,0
2570,1521,secondary_proton,1,1,1
2571,0,null,0,0,0
2572,0,null,0,0,0
2573,0,null,0,0,0
2574,0,null,0,0,0
2575,0,null,0,0,0
2576,0,null,0,0,0
2577,0,null,0,0,0
2578,0,null,0,0,0
2579,0,null,0,0,0
2580,0,null,0,0,0
2581,0,null,0,0,0
2582,0,null,0,0,0
2700,0,null,0,0,0
2701,0,null,0,0,0
2702,0,null,0,0,0
2703,1,primary_proton,1,1,1
2704,0,null,0,0,0
2705,1048,pi-,1,1,1
2706,0,null,0,0,0
2707,0,null,0,0,0
2708,0,null,0,0,0
2709,0,null,0,0,0
2710,0,null,0,0,0
2711,0,null,0,0,0
2712,0,null,0,0,0
2713,0,null,0,0,0
2714,0,null,0,0,0
2715,0,null,0,0,0
2716,8,secondary_proton,1,0,0
2717,0,null,0,0,0
2718,0,null,0,0,0
2719,0,null,0,0,0
2720,0,null,0,0,0
2721,0,null,0,0,0
2722,1,primary_proton,1,1,1
2723,0,null,0,0,0
2724,0,null,0,0,0
2725,0,null,0,0,0
2726,0,null,0,0,0
2727,0,null,0,0,0
2728,0,null,0,0,0
2729,0,null,0,0,0
2584,0,null,0,0,0
2585,1,primary_proton,1,1,1
2586,0,null,0,0,0
2587,1,primary_proton,1,1,1
2588,0,null,0,0,0
2589,0,null,0,0,0
2730,0,null,0,0,0
2731,0,null,0,0,0
2732,0,null,0,0,0
2733,0,null,0,0,0
2734,0,null,0,0,0
2735,0,null,0,0,0
2736,0,null,0,0,0
2737,0,null,0,0,0
2738,23,pi-,1,1,1
2739,0,null,0,0,0
2740,0,null,0,0,0
2741,0,null,0,0,0
2742,0,null,0,0,0
2743,0,null,0,0,0
2744,0,null,0,0,0
2745,0,null,0,0,0
2746,0,null,0,0,0
2747,0,null,0,0,0
2748,0,null,0,0,0
2749,0,null,0,0,0
2750,0,null,0,0,0
2751,0,null,0,0,0
2752,0,null,0,0,0
2753,0,null,0,0,0
2754,0,null,0,0,0
2755,0,null,0,0,0
2756,0,null,0,0,0
2757,0,null,0,0,0
2758,0,null,0,0,0
2759,0,null,0,0,0
2760,0,null,0,0,0
2761,0,null,0,0,0
2762,0,null,0,0,0
2763,0,null,0,0,0
2764,0,null,0,0,0
2765,0,null,0,0,0
2766,0,null,0,0,0
2767,0,null,0,0,0
2768,0,null,0,0,0
2769,0,null,0,0,0
2770,0,null,0,0,0
2771,0,null,0,0,0
2772,0,null,0,0,0
2773,1,primary_proton,1,1,1
2774,0,null,0,0,0
2775,1,primary_proton,1,1,1
2776,0,null,0,0,0
2777,0,null,0,0,0
2778,0,null,0,0,0
2779,0,null,0,0,0
2780,0,null,0,0,0
2781,0,null,0,0,0
2782,0,null,0,0,0
2783,0,null,0,0,0
2784,0,null,0,0,0
2785,0,null,0,0,0
2786,0,null,0,0,0
2787,0,null,0,0,0
2788,0,null,0,0,0
2789,0,null,0,0,0
2790,0,null,0,0,0
2791,0,null,0,0,0
2792,0,null,0,0,0
2793,0,null,0,0,0
2794,0,null,0,0,0
2795,0,null,0,0,0
2796,0,null,0,0,0
2797,0,null,0,0,0
2798,0,null,0,0,0
2799,0,null,0,0,0
2871,0,null,0,0,0
2872,0,null,0,0,0
2873,0,null,0,0,0
2874,0,null,0,0,0
2875,0,null,0,0,0
2876,0,null,0,0,0
2877,0,null,0,0,0
2878,0,null,0,0,0
2879,0,null,0,0,0
2880,0,null,0,0,0
2881,0,null,0,0,0
2882,0,null,0,0,0
2883,0,null,0,0,0
2884,0,null,0,0,0
2885,0,null,0,0,0
2886,0,null,0,0,0
2887,0,null,0,0,0
2888,0,null,0,0,0
2889,11,pi+,1,1,1
2890,0,null,0,0,0
2891,0,null,0,0,0
2892,0,null,0,0,0
2893,0,null,0,0,0
2894,0,null,0,0,0
2895,0,null,0,0,0
2896,0,null,0,0,0
2897,11,secondary_proton,1,1,1
2898,0,null,0,0,0
2899,0,null,0,0,0
2800,0,null,0,0,0
2801,0,null,0,0,0
2802,0,null,0,0,0
2803,0,null,0,0,0
2804,23,pi+,1,0,0
2805,0,null,0,0,0
2806,0,null,0,0,0
2807,0,null,0,0,0
2808,0,null,0,0,0
2809,0,null,0,0,0
2810,0,null,0,0,0
2811,0,null,0,0,0
2812,0,null,0,0,0
2813,0,null,0,0,0
2814,0,null,0,0,0
2815,0,null,0,0,0
2816,0,null,0,0,0
2817,0,null,0,0,0
2818,0,null,0,0,0
2819,0,null,0,0,0
2820,0,null,0,0,0
2821,5,secondary_proton,1,1,1
2822,0,null,0,0,0
2823,5,pi-,1,1,1
2824,0,null,0,0,0
2825,51,pi-,1,1,1
2826,0,null,0,0,0
2827,0,null,0,0,0
2828,0,null,0,0,0
2829,0,null,0,0,0
2830,0,null,0,0,0
2831,0,null,0,0,0
2832,0,null,0,0,0
2833,17,pi+,1,1,1
2834,0,null,0,0,0
2835,0,null,0,0,0
2836,0,null,0,0,0
2837,0,null,0,0,0
2838,0,null,0,0,0
2839,0,null,0,0,0
2840,0,null,0,0,0
2841,0,null,0,0,0
2842,0,null,0,0,0
2843,0,null,0,0,0
2844,0,null,0,0,0
2845,0,null,0,0,0
2846,0,null,0,0,0
2847,0,null,0,0,0
2848,0,null,0,0,0
2849,0,null,0,0,0
2850,0,null,0,0,0
2851,0,null,0,0,0
2852,0,null,0,0,0
2853,0,null,0,0,0
2854,0,null,0,0,0
2855,0,null,0,0,0
2856,0,null,0,0,0
2857,1,primary_proton,1,1,1
2858,0,null,0,0,0
2859,0,null,0,0,0
2860,0,null,0,0,0
2861,0,null,0,0,0
2862,0,null,0,0,0
2900,0,null,0,0,0
2901,0,null,0,0,0
2902,0,null,0,0,0
2903,0,null,0,0,0
2904,0,null,0,0,0
2905,0,null,0,0,0
2906,0,null,0,0,0
2907,0,null,0,0,0
2908,0,null,0,0,0
2909,0,null,0,0,0
2910,3,secondary_proton,1,1,1
2911,0,null,0,0,0
2912,0,null,0,0,0
2913,0,null,0,0,0
2914,0,null,0,0,0
2915,0,null,0,0,0
2916,0,null,0,0,0
2917,0,null,0,0,0
2918,0,null,0,0,0
2919,0,null,0,0,0
2920,0,null,0,0,0
2921,0,null,0,0,0
2922,0,null,0,0,0
2923,0,null,0,0,0
2924,0,null,0,0,0
2925,0,null,0,0,0
2926,0,null,0,0,0
2927,0,null,0,0,0
2928,0,null,0,0,0
2929,0,null,0,0,0
2930,0,null,0,0,0
2931,0,null,0,0,0
2932,0,null,0,0,0
2933,4352,e-,1,1,0
2934,0,null,0,0,0
2935,0,null,0,0,0
2936,0,null,0,0,0
2937,0,null,0,0,0
2938,0,null,0,0,0
2939,0,null,0,0,0
3010,0,null,0,0,0
3011,0,null,0,0,0
3012,0,null,0,0,0
3013,0,null,0,0,0
3014,14,pi+,1,1,1
3015,0,null,0,0,0
3016,0,null,0,0,0
3017,0,null,0,0,0
3018,0,null,0,0,0
3019,0,null,0,0,0
3020,0,null,0,0,0
3021,0,null,0,0,0
3022,0,null,0,0,0
3023,0,null,0,0,0
3024,0,null,0,0,0
3025,0,null,0,0,0
3026,0,null,0,0,0
3027,0,null,0,0,0
3028,0,null,0,0,0
3029,0,null,0,0,0
3030,0,null,0,0,0
3031,0,null,0,0,0
3032,13,secondary_proton,1,1,1
3033,0,null,0,0,0
3034,0,null,0,0,0
3035,0,null,0,0,0
3036,0,null,0,0,0
3037,0,null,0,0,0
3038,0,null,0,0,0
3039,0,null,0,0,0
3040,0,null,0,0,0
3041,0,null,0,0,0
3042,0,null,0,0,0
3043,16,pi-,1,1,1
3044,0,null,0,0,0
3045,0,null,0,0,0
3046,0,null,0,0,0
3047,0,null,0,0,0
3048,0,null,0,0,0
3049,0,null,0,0,0
3050,0,null,0,0,0
3051,0,null,0,0,0
3052,0,null,0,0,0
3053,0,null,0,0,0
3054,0,null,0,0,0
3055,0,null,0,0,0
3056,0,null,0,0,0
3057,0,null,0,0,0
3058,0,null,0,0,0
3059,0,null,0,0,0
3060,0,null,0,0,0
3061,0,null,0,0,0
3062,0,null,0,0,0
3063,0,null,0,0,0
3064,0,null,0,0,0
3065,0,null,0,0,0
3066,0,null,0,0,0
3067,0,null,0,0,0
3068,0,null,0,0,0
3069,0,null,0,0,0
3070,0,null,0,0,0
3071,0,null,0,0,0
3072,0,null,0,0,0
3073,0,null,0,0,0
3074,0,null,0,0,0
3075,0,null,0,0,0
3076,0,null,0,0,0
3077,0,null,0,0,0
3078,0,null,0,0,0
3079,0,null,0,0,0
3080,0,null,0,0,0
3081,0,null,0,0,0
3082,0,null,0,0,0
3083,0,null,0,0,0
3084,0,null,0,0,0
3085,0,null,0,0,0
3086,1,primary_proton,1,1,1
3087,0,null,0,0,0
3088,0,null,0,0,0
3089,0,null,0,0,0
3090,0,null,0,0,0
3091,0,null,0,0,0
3092,0,null,0,0,0
3093,0,null,0,0,0
3094,0,null,0,0,0
3095,0,null,0,0,0
3096,0,null,0,0,0
3097,0,null,0,0,0
3098,0,null,0,0,0
3099,0,null,0,0,0
2864,0,null,0,0,0
2865,0,null,0,0,0
2866,0,null,0,0,0
2867,0,null,0,0,0
2868,0,null,0,0,0
2869,0,null,0,0,0
2940,0,null,0,0,0
2941,0,null,0,0,0
2942,0,null,0,0,0
2943,0,null,0,0,0
2944,0,null,0,0,0
2945,0,null,0,0,0
2946,0,null,0,0,0
2947,0,null,0,0,0
2948,0,null,0,0,0
2949,0,null,0,0,0
2950,0,null,0,0,0
2951,0,null,0,0,0
2952,0,null,0,0,0
2953,0,null,0,0,0
2954,0,null,0,0,0
2955,0,null,0,0,0
2956,0,null,0,0,0
2957,0,null,0,0,0
2958,0,null,0,0,0
2959,0,null,0,0,0
2960,0,null,0,0,0
2961,0,null,0,0,0
2962,0,null,0,0,0
2963,0,null,0,0,0
2964,12,pi-,1,1,1
2965,0,null,0,0,0
2966,0,null,0,0,0
2967,0,null,0,0,0
2968,0,null,0,0,0
2969,0,null,0,0,0
2970,0,null,0,0,0
2971,1,primary_proton,1,1,1
2972,0,null,0,0,0
2973,0,null,0,0,0
2974,0,null,0,0,0
2975,0,null,0,0,0
2976,0,null,0,0,0
2977,8,secondary_proton,1,1,1
2978,0,null,0,0,0
2979,0,null,0,0,0
2980,0,null,0,0,0
2981,1,primary_proton,1,1,0
2982,0,null,0,0,0
2983,0,null,0,0,0
2984,0,null,0,0,0
2985,0,null,0,0,0
2986,0,null,0,0,0
2987,0,null,0,0,0
2988,0,null,0,0,0
2989,0,null,0,0,0
2990,4,pi+,1,1,1
2991,0,null,0,0,0
2992,1,primary_proton,1,1,1
2993,0,null,0,0,0
2994,0,null,0,0,0
2995,0,null,0,0,0
2996,0,null,0,0,0
2997,0,null,0,0,0
2998,0,null,0,0,0
2999,0,null,0,0,0
3000,0,null,0,0,0
3001,0,null,0,0,0
3002,0,null,0,0,0
3003,0,null,0,0,0
3004,0,null,0,0,0
3005,0,null,0,0,0
3006,0,null,0,0,0
3007,0,null,0,0,0
3008,0,null,0,0,0
3009,0,null,0,0,0
3150,0,null,0,0,0
3151,0,null,0,0,0
3152,0,null,0,0,0
3153,0,null,0,0,0
3154,0,null,0,0,0
3155,0,null,0,0,0
3156,0,null,0,0,0
3157,0,null,0,0,0
3158,1,primary_proton,1,1,1
3159,0,null,0,0,0
3160,0,null,0,0,0
3161,0,null,0,0,0
3162,4,secondary_proton,1,0,0
3163,0,null,0,0,0
3164,0,null,0,0,0
3165,0,null,0,0,0
3166,0,null,0,0,0
3167,0,null,0,0,0
3168,0,null,0,0,0
3169,0,null,0,0,0
3170,0,null,0,0,0
3171,0,null,0,0,0
3172,0,null,0,0,0
3173,0,null,0,0,0
3174,0,null,0,0,0
3175,0,null,0,0,0
3176,0,null,0,0,0
3177,0,null,0,0,0
3178,0,null,0,0,0
3179,0,null,0,0,0
3180,23,secondary_proton,1,0,0
3181,0,null,0,0,0
3182,0,null,0,0,0
3183,12,pi+,1,1,1
3184,0,null,0,0,0
3185,0,null,0,0,0
3186,0,null,0,0,0
3187,0,null,0,0,0
3188,0,null,0,0,0
3189,0,null,0,0,0
3190,0,null,0,0,0
3191,0,null,0,0,0
3192,0,null,0,0,0
3193,0,null,0,0,0
3194,0,null,0,0,0
3195,0,null,0,0,0
3196,0,null,0,0,0
3197,2,pi+,1,1,1
3198,0,null,0,0,0
3199,0,null,0,0,0
3200,0,null,0,0,0
3201,0,null,0,0,0
3202,0,null,0,0,0
3203,0,null,0,0,0
3204,0,null,0,0,0
3205,0,null,0,0,0
3206,0,null,0,0,0
3207,0,null,0,0,0
3208,0,null,0,0,0
3209,0,null,0,0,0
3210,0,null,0,0,0
3211,0,null,0,0,0
3212,0,null,0,0,0
3213,0,null,0,0,0
3214,0,null,0,0,0
3215,0,null,0,0,0
3216,0,null,0,0,0
3217,0,null,0,0,0
3218,0,null,0,0,0
3219,0,null,0,0,0
3290,0,null,0,0,0
3291,0,null,0,0,0
3292,0,null,0,0,0
3293,0,null,0,0,0
3294,0,null,0,0,0
3295,0,null,0,0,0
3296,0,null,0,0,0
3297,0,null,0,0,0
3298,0,null,0,0,0
3299,0,null,0,0,0
3100,0,null,0,0,0
3101,0,null,0,0,0
3102,0,null,0,0,0
3103,0,null,0,0,0
3104,0,null,0,0,0
3105,0,null,0,0,0
3106,0,null,0,0,0
3107,0,null,0,0,0
3108,0,null,0,0,0
3109,0,null,0,0,0
3110,0,null,0,0,0
3111,0,null,0,0,0
3112,0,null,0,0,0
3113,0,null,0,0,0
3114,0,null,0,0,0
3115,0,null,0,0,0
3116,0,null,0,0,0
3117,0,null,0,0,0
3118,0,null,0,0,0
3119,0,null,0,0,0
3120,0,null,0,0,0
3121,0,null,0,0,0
3122,0,null,0,0,0
3123,0,null,0,0,0
3124,0,null,0,0,0
3125,0,null,0,0,0
3126,0,null,0,0,0
3127,0,null,0,0,0
3128,0,null,0,0,0
3129,0,null,0,0,0
3130,0,null,0,0,0
3131,1,primary_proton,1,1,1
3132,0,null,0,0,0
3133,0,null,0,0,0
3134,0,null,0,0,0
3135,0,null,0,0,0
3136,0,null,0,0,0
3137,0,null,0,0,0
3138,0,null,0,0,0
3139,0,null,0,0,0
3140,0,null,0,0,0
3141,0,null,0,0,0
3142,0,null,0,0,0
3143,0,null,0,0,0
3144,0,null,0,0,0
3145,0,null,0,0,0
3146,0,null,0,0,0
3147,0,null,0,0,0
3148,0,null,0,0,0
3149,7,pi+,1,1,1
3220,0,null,0,0,0
3221,6,pi+,1,1,1
3222,0,null,0,0,0
3223,0,null,0,0,0
3224,0,null,0,0,0
3225,0,null,0,0,0
3226,0,null,0,0,0
3227,0,null,0,0,0
3228,8,secondary_proton,1,1,1
3229,0,null,0,0,0
3230,0,null,0,0,0
3231,1,primary_proton,1,1,1
3232,0,null,0,0,0
3233,0,null,0,0,0
3234,0,null,0,0,0
3235,0,null,0,0,0
3236,0,null,0,0,0
3237,0,null,0,0,0
3300,0,null,0,0,0
3301,0,null,0,0,0
3302,0,null,0,0,0
3303,0,null,0,0,0
3304,0,null,0,0,0
3305,0,null,0,0,0
3306,0,null,0,0,0
3307,0,null,0,0,0
3308,0,null,0,0,0
3309,0,null,0,0,0
3310,0,null,0,0,0
3311,0,null,0,0,0
3312,0,null,0,0,0
3313,0,null,0,0,0
3314,0,null,0,0,0
3315,0,null,0,0,0
3316,0,null,0,0,0
3317,0,null,0,0,0
3318,0,null,0,0,0
3319,0,null,0,0,0
3320,0,null,0,0,0
3321,0,null,0,0,0
3322,0,null,0,0,0
3323,0,null,0,0,0
3324,0,null,0,0,0
3325,1,primary_proton,1,1,1
3326,0,null,0,0,0
3327,0,null,0,0,0
3328,0,null,0,0,0
3329,0,null,0,0,0
3330,0,null,0,0,0
3331,0,null,0,0,0
3332,0,null,0,0,0
3333,0,null,0,0,0
3334,1,primary_proton,1,1,1
3335,0,null,0,0,0
3336,0,null,0,0,0
3337,975,e-,1,1,0
3338,0,null,0,0,0
3339,0,null,0,0,0
3340,0,null,0,0,0
3341,0,null,0,0,0
3342,0,null,0,0,0
3343,0,null,0,0,0
3344,0,null,0,0,0
3345,0,null,0,0,0
3346,0,null,0,0,0
3347,0,null,0,0,0
3348,0,null,0,0,0
3349,1,primary_proton,1,1,1
3350,0,null,0,0,0
3351,0,null,0,0,0
3352,0,null,0,0,0
3353,0,null,0,0,0
3354,0,null,0,0,0
3355,0,null,0,0,0
3356,0,null,0,0,0
3357,0,null,0,0,0
3358,0,null,0,0,0
3359,0,null,0,0,0
3360,0,null,0,0,0
3361,0,null,0,0,0
3362,0,null,0,0,0
3363,0,null,0,0,0
3364,0,null,0,0,0
3365,0,null,0,0,0
3366,0,null,0,0,0
3367,0,null,0,0,0
3368,0,null,0,0,0
3369,0,null,0,0,0
3370,0,null,0,0,0
3371,0,null,0,0,0
3372,0,null,0,0,0
3373,0,null,0,0,0
3374,0,null,0,0,0
3375,316,e-,0,1,0
3376,0,null,0,0,0
3377,0,null,0,0,0
3378,0,null,0,0,0
3379,0,null,0,0,0
3381,0,null,0,0,0
3382,0,null,0,0,0
3383,0,null,0,0,0
3384,0,null,0,0,0
3385,0,null,0,0,0
3386,0,null,0,0,0
3387,0,null,0,0,0
3388,0,null,0,0,0
3389,0,null,0,0,0
3390,1,primary_proton,1,1,1
3391,0,null,0,0,0
3392,0,null,0,0,0
3393,0,null,0,0,0
3394,0,null,0,0,0
3395,0,null,0,0,0
3396,0,null,0,0,0
3397,0,null,0,0,0
3398,0,null,0,0,0
3399,0,null,0,0,0
3238,13,secondary_proton,1,1,1
3239,0,null,0,0,0
3240,0,null,0,0,0
3241,0,null,0,0,0
3242,0,null,0,0,0
3243,0,null,0,0,0
3244,0,null,0,0,0
3245,0,null,0,0,0
3246,0,null,0,0,0
3247,0,null,0,0,0
3248,0,null,0,0,0
3249,0,null,0,0,0
3250,0,null,0,0,0
3251,0,null,0,0,0
3252,1,primary_proton,1,1,1
3253,0,null,0,0,0
3254,0,null,0,0,0
3255,0,null,0,0,0
3256,0,null,0,0,0
3257,0,null,0,0,0
3258,0,null,0,0,0
3259,0,null,0,0,0
3260,0,null,0,0,0
3261,0,null,0,0,0
3262,0,null,0,0,0
3263,0,null,0,0,0
3264,0,null,0,0,0
3265,0,null,0,0,0
3266,0,null,0,0,0
3267,0,null,0,0,0
3268,0,null,0,0,0
3269,0,null,0,0,0
3270,1,primary_proton,1,1,1
3271,0,null,0,0,0
3272,0,null,0,0,0
3273,0,null,0,0,0
3274,0,null,0,0,0
3275,904,secondary_proton,1,1,0
3276,0,null,0,0,0
3277,0,null,0,0,0
3278,0,null,0,0,0
3279,0,null,0,0,0
3280,3,secondary_proton,1,1,1
3281,0,null,0,0,0
3282,3691,e-,0,0,1
3283,16,pi-,1,1,1
3284,0,null,0,0,0
3285,0,null,0,0,0
3286,0,null,0,0,0
3287,6,secondary_proton,1,1,1
3288,0,null,0,0,0
3289,0,null,0,0,0
3400,0,null,0,0,0
3401,0,null,0,0,0
3402,0,null,0,0,0
3403,0,null,0,0,0
3404,0,null,0,0,0
3405,1,primary_proton,1,1,1
3406,0,null,0,0,0
3407,0,null,0,0,0
3408,0,null,0,0,0
3409,0,null,0,0,0
3410,0,null,0,0,0
3411,0,null,0,0,0
3412,0,null,0,0,0
3413,0,null,0,0,0
3414,0,null,0,0,0
3415,0,null,0,0,0
3416,0,null,0,0,0
3417,0,null,0,0,0
3418,8,pi-,1,1,0
3419,0,null,0,0,0
3420,0,null,0,0,0
3421,0,null,0,0,0
3422,0,null,0,0,0
3423,0,null,0,0,0
3424,0,null,0,0,0
3425,0,null,0,0,0
3426,0,null,0,0,0
3427,1407,pi+,1,0,0
3428,0,null,0,0,0
3429,0,null,0,0,0
3430,0,null,0,0,0
3431,0,null,0,0,0
3432,7,pi+,1,0,0
3433,0,null,0,0,0
3434,0,null,0,0,0
3435,0,null,0,0,0
3436,0,null,0,0,0
3437,0,null,0,0,0
3438,0,null,0,0,0
3439,0,null,0,0,0
3440,0,null,0,0,0
3441,0,null,0,0,0
3442,0,null,0,0,0
3443,0,null,0,0,0
3444,0,null,0,0,0
3445,0,null,0,0,0
3446,0,null,0,0,0
3447,0,null,0,0,0
3448,0,null,0,0,0
3449,0,null,0,0,0
3450,0,null,0,0,0
3451,1,primary_proton,1,1,1
3452,0,null,0,0,0
3453,0,null,0,0,0
3454,0,null,0,0,0
3455,0,null,0,0,0
3456,0,null,0,0,0
3457,0,null,0,0,0
3458,0,null,0,0,0
3459,0,null,0,0,0
3460,0,null,0,0,0
3461,0,null,0,0,0
3462,16,pi-,1,1,0
3463,0,null,0,0,0
3464,0,null,0,0,0
3465,0,null,0,0,0
3466,0,null,0,0,0
3467,0,null,0,0,0
3468,1186,e-,1,0,0
3469,0,null,0,0,0
3470,0,null,0,0,0
3471,0,null,0,0,0
3472,0,null,0,0,0
3473,0,null,0,0,0
3474,0,null,0,0,0
3475,0,null,0,0,0
3476,0,null,0,0,0
3477,0,null,0,0,0
3478,0,null,0,0,0
3480,0,null,0,0,0
3481,0,null,0,0,0
3482,0,null,0,0,0
3483,0,null,0,0,0
3484,0,null,0,0,0
3485,0,null,0,0,0
3486,0,null,0,0,0
3487,0,null,0,0,0
3488,0,null,0,0,0
3489,0,null,0,0,0
3490,1,primary_proton,1,1,1
3491,0,null,0,0,0
3492,0,null,0,0,0
3493,0,null,0,0,0
3494,1,primary_proton,1,1,1
3495,0,null,0,0,0
3496,0,null,0,0,0
3497,0,null,0,0,0
3498,0,null,0,0,0
3499,0,null,0,0,0
3570,0,null,0,0,0
3571,10,pi+,1,1,1
3572,0,null,0,0,0
3573,0,null,0,0,0
3574,0,null,0,0,0
3575,0,null,0,0,0
3576,0,null,0,0,0
3577,0,null,0,0,0
3578,0,null,0,0,0
3579,0,null,0,0,0
3580,0,null,0,0,0
3581,0,null,0,0,0
3582,0,null,0,0,0
3583,0,null,0,0,0
3584,0,null,0,0,0
3585,9,secondary_proton,1,1,0
3586,0,null,0,0,0
3587,0,null,0,0,0
3588,0,null,0,0,0
3589,0,null,0,0,0
3590,0,null,0,0,0
3591,0,null,0,0,0
3592,0,null,0,0,0
3593,0,null,0,0,0
3594,0,null,0,0,0
3595,0,null,0,0,0
3596,1,primary_proton,1,1,1
3597,0,null,0,0,0
3598,1,primary_proton,1,1,1
3599,0,null,0,0,0
3500,0,null,0,0,0
3501,0,null,0,0,0
3502,0,null,0,0,0
3503,0,null,0,0,0
3504,0,null,0,0,0
3505,1,primary_proton,1,1,1
3506,0,null,0,0,0
3507,0,null,0,0,0
3508,0,null,0,0,0
3509,0,null,0,0,0
3510,0,null,0,0,0
3511,0,null,0,0,0
3512,0,null,0,0,0
3513,1,primary_proton,1,1,1
3514,0,null,0,0,0
3515,0,null,0,0,0
3516,0,null,0,0,0
3517,0,null,0,0,0
3518,0,null,0,0,0
3519,0,null,0,0,0
3520,0,null,0,0,0
3521,0,null,0,0,0
3522,0,null,0,0,0
3523,0,null,0,0,0
3524,0,null,0,0,0
3525,0,null,0,0,0
3526,0,null,0,0,0
3527,0,null,0,0,0
3528,0,null,0,0,0
3529,0,null,0,0,0
3530,0,null,0,0,0
3531,0,null,0,0,0
3532,0,null,0,0,0
3533,0,null,0,0,0
3534,0,null,0,0,0
3535,0,null,0,0,0
3536,0,null,0,0,0
3537,0,null,0,0,0
3538,0,null,0,0,0
3539,0,null,0,0,0
3540,0,null,0,0,0
3541,0,null,0,0,0
3542,0,null,0,0,0
3543,0,null,0,0,0
3544,0,null,0,0,0
3545,0,null,0,0,0
3546,0,null,0,0,0
3547,0,null,0,0,0
3548,0,null,0,0,0
3549,0,null,0,0,0
3550,0,null,0,0,0
3551,0,null,0,0,0
3552,0,null,0,0,0
3553,8,pi-,1,1,1
3554,0,null,0,0,0
3555,0,null,0,0,0
3556,0,null,0,0,0
3557,0,null,0,0,0
3558,0,null,0,0,0
3559,0,null,0,0,0
3560,0,null,0,0,0
3561,0,null,0,0,0
3562,1,primary_proton,1,1,1
3563,0,null,0,0,0
3564,0,null,0,0,0
3565,0,null,0,0,0
3566,0,null,0,0,0
3600,0,null,0,0,0
3601,0,null,0,0,0
3602,0,null,0,0,0
3603,0,null,0,0,0
3604,0,null,0,0,0
3605,0,null,0,0,0
3606,0,null,0,0,0
3607,0,null,0,0,0
3608,0,null,0,0,0
3609,0,null,0,0,0
3610,1,primary_proton,1,1,1
3611,0,null,0,0,0
3612,0,null,0,0,0
3613,0,null,0,0,0
3614,0,null,0,0,0
3615,0,null,0,0,0
3616,0,null,0,0,0
3617,0,null,0,0,0
3618,0,null,0,0,0
3619,0,null,0,0,0
3620,0,null,0,0,0
3621,0,null,0,0,0
3622,0,null,0,0,0
3623,0,null,0,0,0
3624,0,null,0,0,0
3625,0,null,0,0,0
3626,0,null,0,0,0
3627,0,null,0,0,0
3628,0,null,0,0,0
3629,0,null,0,0,0
3630,0,null,0,0,0
3631,0,null,0,0,0
3632,0,null,0,0,0
3633,0,null,0,0,0
3634,0,null,0,0,0
3635,0,null,0,0,0
3636,0,null,0,0,0
3637,0,null,0,0,0
3638,0,null,0,0,0
3639,0,null,0,0,0
3640,0,null,0,0,0
3641,0,null,0,0,0
3642,0,null,0,0,0
3643,0,null,0,0,0
3644,0,null,0,0,0
3645,0,null,0,0,0
3646,0,null,0,0,0
3647,0,null,0,0,0
3648,1,primary_proton,1,1,1
3649,0,null,0,0,0
3650,0,null,0,0,0
3651,0,null,0,0,0
3652,0,null,0,0,0
3653,0,null,0,0,0
3654,0,null,0,0,0
3655,0,null,0,0,0
3656,1979,pi+,1,1,1
3657,0,null,0,0,0
3658,0,null,0,0,0
3659,0,null,0,0,0
3660,0,null,0,0,0
3661,0,null,0,0,0
3662,0,null,0,0,0
3663,7,pi+,1,1,1
3664,0,null,0,0,0
3665,0,null,0,0,0
3666,1,primary_proton,1,1,1
3667,0,null,0,0,0
3668,0,null,0,0,0
3669,0,null,0,0,0
3670,0,null,0,0,0
3671,0,null,0,0,0
3672,0,null,0,0,0
3673,0,null,0,0,0
3674,0,null,0,0,0
3675,0,null,0,0,0
3676,0,null,0,0,0
3677,0,null,0,0,0
3678,0,null,0,0,0
3679,0,null,0,0,0
3680,0,null,0,0,0
3681,0,null,0,0,0
3682,0,null,0,0,0
3683,0,null,0,0,0
3684,0,null,0,0,0
3685,0,null,0,0,0
3686,0,null,0,0,0
3687,0,null,0,0,0
3688,0,null,0,0,0
3689,0,null,0,0,0
3690,0,null,0,0,0
3691,1,primary_proton,1,1,1
3692,0,null,0,0,0
3693,5,secondary_proton,1,0,0
3694,0,null,0,0,0
3695,0,null,0,0,0
3696,0,null,0,0,0
3697,0,null,0,0,0
3698,0,null,0,0,0
3699,0,null,0,0,0
3567,16,pi+,1,1,1
3568,0,null,0,0,0
3569,0,null,0,0,0
3710,5,pi+,1,1,1
3711,0,null,0,0,0
3712,0,null,0,0,0
3713,0,null,0,0,0
3714,0,null,0,0,0
3715,0,null,0,0,0
3716,0,null,0,0,0
3717,0,null,0,0,0
3718,0,null,0,0,0
3719,0,null,0,0,0
3720,0,null,0,0,0
3721,1,primary_proton,1,1,1
3722,0,null,0,0,0
3723,0,null,0,0,0
3724,0,null,0,0,0
3725,0,null,0,0,0
3726,0,null,0,0,0
3727,0,null,0,0,0
3728,0,null,0,0,0
3729,1,primary_proton,1,1,1
3730,0,null,0,0,0
3731,0,null,0,0,0
3732,0,null,0,0,0
3733,1,primary_proton,1,1,1
3734,0,null,0,0,0
3735,0,null,0,0,0
3736,0,null,0,0,0
3737,0,null,0,0,0
3738,0,null,0,0,0
3739,0,null,0,0,0
3740,0,null,0,0,0
3741,0,null,0,0,0
3742,0,null,0,0,0
3743,0,null,0,0,0
3744,0,null,0,0,0
3745,0,null,0,0,0
3746,0,null,0,0,0
3747,0,null,0,0,0
3748,0,null,0,0,0
3749,0,null,0,0,0
3750,0,null,0,0,0
3751,0,null,0,0,0
3752,0,null,0,0,0
3753,0,null,0,0,0
3754,18,pi+,1,1,1
3755,0,null,0,0,0
3756,0,null,0,0,0
3757,0,null,0,0,0
3758,0,null,0,0,0
3759,0,null,0,0,0
3760,0,null,0,0,0
3761,0,null,0,0,0
3762,0,null,0,0,0
3763,0,null,0,0,0
3764,0,null,0,0,0
3765,0,null,0,0,0
3766,0,null,0,0,0
3767,0,null,0,0,0
3768,0,null,0,0,0
3769,0,null,0,0,0
3770,0,null,0,0,0
3771,0,null,0,0,0
3772,0,null,0,0,0
3773,0,null,0,0,0
3774,0,null,0,0,0
3775,0,null,0,0,0
3776,0,null,0,0,0
3777,0,null,0,0,0
3778,0,null,0,0,0
3779,0,null,0,0,0
3850,0,null,0,0,0
3851,0,null,0,0,0
3700,0,null,0,0,0
3701,0,null,0,0,0
3702,0,null,0,0,0
3703,0,null,0,0,0
3704,0,null,0,0,0
3705,0,null,0,0,0
3706,0,null,0,0,0
3707,0,null,0,0,0
3708,0,null,0,0,0
3709,0,null,0,0,0
3780,0,null,0,0,0
3781,0,null,0,0,0
3782,0,null,0,0,0
3783,0,null,0,0,0
3784,0,null,0,0,0
3785,0,null,0,0,0
3786,0,null,0,0,0
3787,0,null,0,0,0
3788,0,null,0,0,0
3789,0,null,0,0,0
3790,0,null,0,0,0
3791,0,null,0,0,0
3792,0,null,0,0,0
3793,0,null,0,0,0
3794,1,primary_proton,1,1,0
3795,0,null,0,0,0
3796,0,null,0,0,0
3797,0,null,0,0,0
3798,0,null,0,0,0
3799,0,null,0,0,0
3800,0,null,0,0,0
3801,0,null,0,0,0
3802,0,null,0,0,0
3803,0,null,0,0,0
3804,0,null,0,0,0
3805,0,null,0,0,0
3806,0,null,0,0,0
3807,0,null,0,0,0
3808,0,null,0,0,0
3809,0,null,0,0,0
3810,0,null,0,0,0
3811,0,null,0,0,0
3812,0,null,0,0,0
3813,0,null,0,0,0
3814,0,null,0,0,0
3815,0,null,0,0,0
3816,0,null,0,0,0
3817,0,null,0,0,0
3818,0,null,0,0,0
3819,0,null,0,0,0
3820,0,null,0,0,0
3821,0,null,0,0,0
3822,0,null,0,0,0
3823,0,null,0,0,0
3824,0,null,0,0,0
3825,0,null,0,0,0
3826,0,null,0,0,0
3827,0,null,0,0,0
3828,0,null,0,0,0
3829,0,null,0,0,0
3830,0,null,0,0,0
3831,0,null,0,0,0
3832,0,null,0,0,0
3833,0,null,0,0,0
3834,0,null,0,0,0
3835,0,null,0,0,0
3836,0,null,0,0,0
3837,1,primary_proton,1,1,1
3838,0,null,0,0,0
3839,0,null,0,0,0
3840,0,null,0,0,0
3841,0,null,0,0,0
3842,0,null,0,0,0
3843,0,null,0,0,0
3844,0,null,0,0,0
3845,1,primary_proton,1,1,1
3846,0,null,0,0,0
3847,0,null,0,0,0
3848,0,null,0,0,0
3849,0,null,0,0,0
3920,0,null,0,0,0
3921,8,pi-,1,1,1
3922,0,null,0,0,0
3923,0,null,0,0,0
3924,0,null,0,0,0
3925,0,null,0,0,0
3926,0,null,0,0,0
3927,7,pi-,1,1,1
3928,0,null,0,0,0
3929,1,primary_proton,1,1,1
3930,1,primary_proton,1,1,1
3931,0,null,0,0,0
3932,0,null,0,0,0
3933,20,pi+,1,1,0
3934,0,null,0,0,0
3935,0,null,0,0,0
3936,0,null,0,0,0
3937,0,null,0,0,0
3938,0,null,0,0,0
3939,0,null,0,0,0
3940,0,null,0,0,0
3941,0,null,0,0,0
3942,0,null,0,0,0
3943,0,null,0,0,0
3944,0,null,0,0,0
3945,0,null,0,0,0
3852,0,null,0,0,0
3853,0,null,0,0,0
3854,0,null,0,0,0
3855,0,null,0,0,0
3856,0,null,0,0,0
3857,0,null,0,0,0
3858,0,null,0,0,0
3859,0,null,0,0,0
3860,9,pi+,1,1,1
3861,0,null,0,0,0
3862,0,null,0,0,0
3863,0,null,0,0,0
3864,0,null,0,0,0
3865,0,null,0,0,0
3866,0,null,0,0,0
3867,0,null,0,0,0
3868,1,primary_proton,1,1,1
3869,0,null,0,0,0
3870,0,null,0,0,0
3871,0,null,0,0,0
3872,0,null,0,0,0
3873,0,null,0,0,0
3874,3,pi-,1,1,1
3875,0,null,0,0,0
3876,0,null,0,0,0
3877,11,pi-,1,1,1
3878,16,pi-,1,1,1
3879,0,null,0,0,0
3880,0,null,0,0,0
3881,0,null,0,0,0
3882,0,null,0,0,0
3883,0,null,0,0,0
3884,0,null,0,0,0
3885,0,null,0,0,0
3886,0,null,0,0,0
3887,0,null,0,0,0
3888,0,null,0,0,0
3889,0,null,0,0,0
3890,0,null,0,0,0
3891,0,null,0,0,0
3892,0,null,0,0,0
3893,1,primary_proton,1,1,1
3894,0,null,0,0,0
3895,0,null,0,0,0
3896,0,null,0,0,0
3897,0,null,0,0,0
3898,0,null,0,0,0
3899,0,null,0,0,0
3946,0,null,0,0,0
3947,0,null,0,0,0
3948,0,null,0,0,0
3949,0,null,0,0,0
3950,0,null,0,0,0
3951,0,null,0,0,0
3952,0,null,0,0,0
3953,0,null,0,0,0
3954,0,null,0,0,0
3955,0,null,0,0,0
3956,0,null,0,0,0
3957,0,null,0,0,0
3958,0,null,0,0,0
3959,0,null,0,0,0
3960,1,primary_proton,1,1,1
3961,0,null,0,0,0
3962,0,null,0,0,0
3963,0,null,0,0,0
3964,0,null,0,0,0
3965,0,null,0,0,0
3966,0,null,0,0,0
3967,0,null,0,0,0
3968,0,null,0,0,0
3969,0,null,0,0,0
3970,0,null,0,0,0
3971,0,null,0,0,0
3972,0,null,0,0,0
3973,0,null,0,0,0
3974,0,null,0,0,0
3975,0,null,0,0,0
3976,0,null,0,0,0
3977,0,null,0,0,0
3978,0,null,0,0,0
3979,0,null,0,0,0
3980,0,null,0,0,0
3981,1,primary_proton,1,0,0
3982,0,null,0,0,0
3983,0,null,0,0,0
3984,0,null,0,0,0
3985,0,null,0,0,0
3986,0,null,0,0,0
3987,0,null,0,0,0
3988,0,null,0,0,0
3989,2802,e-,1,0,0
3990,0,null,0,0,0
3991,0,null,0,0,0
3992,0,null,0,0,0
3993,0,null,0,0,0
3994,0,null,0,0,0
3995,0,null,0,0,0
3996,0,null,0,0,0
3997,0,null,0,0,0
3998,0,null,0,0,0
3999,0,null,0,0,0
3900,0,null,0,0,0
3901,0,null,0,0,0
3902,8,secondary_proton,1,1,1
3903,8,pi+,1,0,0
3904,0,null,0,0,0
3905,0,null,0,0,0
3906,0,null,0,0,0
3907,0,null,0,0,0
3908,0,null,0,0,0
3909,0,null,0,0,0
3910,0,null,0,0,0
3911,0,null,0,0,0
3912,0,null,0,0,0
3913,0,null,0,0,0
3914,0,null,0,0,0
3915,0,null,0,0,0
3916,0,null,0,0,0
3917,0,null,0,0,0
3918,0,null,0,0,0
3919,0,null,0,0,0
4060,0,null,0,0,0
4061,0,null,0,0,0
4062,0,null,0,0,0
4063,0,null,0,0,0
4064,0,null,0,0,0
4065,0,null,0,0,0
4066,0,null,0,0,0
4067,0,null,0,0,0
4068,0,null,0,0,0
4069,0,null,0,0,0
4070,0,null,0,0,0
4071,0,null,0,0,0
4072,0,null,0,0,0
4073,0,null,0,0,0
4074,0,null,0,0,0
4075,0,null,0,0,0
4076,0,null,0,0,0
4077,0,null,0,0,0
4078,0,null,0,0,0
4079,0,null,0,0,0
4080,0,null,0,0,0
4081,0,null,0,0,0
4082,0,null,0,0,0
4083,0,null,0,0,0
4084,0,null,0,0,0
4085,0,null,0,0,0
4086,0,null,0,0,0
4087,0,null,0,0,0
4088,0,null,0,0,0
4089,0,null,0,0,0
4090,0,null,0,0,0
4091,0,null,0,0,0
4092,0,null,0,0,0
4093,0,null,0,0,0
4094,0,null,0,0,0
4095,0,null,0,0,0
4096,0,null,0,0,0
4097,0,null,0,0,0
4098,0,null,0,0,0
4099,0,null,0,0,0
4000,0,null,0,0,0
4001,0,null,0,0,0
4002,0,null,0,0,0
4003,0,null,0,0,0
4004,0,null,0,0,0
4005,0,null,0,0,0
4006,0,null,0,0,0
4007,0,null,0,0,0
4008,1648,e-,0,0,1
4009,0,null,0,0,0
4010,0,null,0,0,0
4011,10,pi+,1,0,0
4012,0,null,0,0,0
4013,0,null,0,0,0
4014,1,primary_proton,1,1,1
4015,0,null,0,0,0
4016,0,null,0,0,0
4017,7,pi+,1,1,1
4018,10,secondary_proton,1,1,1
4019,0,null,0,0,0
4020,0,null,0,0,0
4021,0,null,0,0,0
4022,0,null,0,0,0
4023,0,null,0,0,0
4024,0,null,0,0,0
4025,0,null,0,0,0
4026,0,null,0,0,0
4027,0,null,0,0,0
4028,0,null,0,0,0
4029,0,null,0,0,0
4030,0,null,0,0,0
4031,0,null,0,0,0
4032,0,null,0,0,0
4033,0,null,0,0,0
4034,5,secondary_proton,1,1,1
4035,0,null,0,0,0
4036,0,null,0,0,0
4037,0,null,0,0,0
4038,0,null,0,0,0
4039,0,null,0,0,0
4040,0,null,0,0,0
4041,0,null,0,0,0
4042,0,null,0,0,0
4043,4,secondary_proton,1,0,0
4044,0,null,0,0,0
4045,0,null,0,0,0
4046,10,pi-,1,1,1
4047,0,null,0,0,0
4048,0,null,0,0,0
4049,0,null,0,0,0
4050,0,null,0,0,0
4051,0,null,0,0,0
4052,0,null,0,0,0
4053,0,null,0,0,0
4054,0,null,0,0,0
4055,0,null,0,0,0
4056,0,null,0,0,0
4057,0,null,0,0,0
4058,0,null,0,0,0
4059,0,null,0,0,0
4100,0,null,0,0,0
4101,0,null,0,0,0
4102,0,null,0,0,0
4103,0,null,0,0,0
4104,0,null,0,0,0
4105,0,null,0,0,0
4106,0,null,0,0,0
4107,0,null,0,0,0
4108,1301,e+,1,1,1
4109,0,null,0,0,0
4110,6,secondary_proton,1,1,1
4111,0,null,0,0,0
4112,0,null,0,0,0
4113,0,null,0,0,0
4114,0,null,0,0,0
4115,0,null,0,0,0
4116,0,null,0,0,0
4117,0,null,0,0,0
4118,0,null,0,0,0
4119,0,null,0,0,0
4120,0,null,0,0,0
4121,0,null,0,0,0
4122,0,null,0,0,0
4123,0,null,0,0,0
4124,0,null,0,0,0
4125,0,null,0,0,0
4126,0,null,0,0,0
4127,0,null,0,0,0
4128,0,null,0,0,0
4129,0,null,0,0,0
4130,0,null,0,0,0
4131,0,null,0,0,0
4132,0,null,0,0,0
4133,0,null,0,0,0
4134,0,null,0,0,0
4135,0,null,0,0,0
4136,0,null,0,0,0
4137,0,null,0,0,0
4138,6,secondary_proton,1,1,1
4139,9,pi+,1,1,1
4140,0,null,0,0,0
4141,0,null,0,0,0
4142,0,null,0,0,0
4143,0,null,0,0,0
4144,0,null,0,0,0
4145,0,null,0,0,0
4146,0,null,0,0,0
4147,0,null,0,0,0
4148,0,null,0,0,0
4149,0,null,0,0,0
4150,0,null,0,0,0
4151,12,secondary_proton,1,1,1
4152,0,null,0,0,0
4153,0,null,0,0,0
4154,0,null,0,0,0
4155,0,null,0,0,0
4156,0,null,0,0,0
4157,0,null,0,0,0
4158,0,null,0,0,0
4159,0,null,0,0,0
4160,8,pi-,1,1,0
4161,0,null,0,0,0
4162,0,null,0,0,0
4163,0,null,0,0,0
4164,0,null,0,0,0
4165,0,null,0,0,0
4166,0,null,0,0,0
4167,0,null,0,0,0
4168,0,null,0,0,0
4169,0,null,0,0,0
4170,0,null,0,0,0
4171,0,null,0,0,0
4172,0,null,0,0,0
4173,0,null,0,0,0
4174,0,null,0,0,0
4175,0,null,0,0,0
4176,0,null,0,0,0
4177,0,null,0,0,0
4178,0,null,0,0,0
4179,0,null,0,0,0
4180,0,null,0,0,0
4181,0,null,0,0,0
4182,0,null,0,0,0
4183,0,null,0,0,0
4184,0,null,0,0,0
4185,2685,e-,0,1,0
4186,0,null,0,0,0
4187,0,null,0,0,0
4188,0,null,0,0,0
4189,0,null,0,0,0
4190,0,null,0,0,0
4191,0,null,0,0,0
4192,0,null,0,0,0
4193,0,null,0,0,0
4194,0,null,0,0,0
4195,0,null,0,0,0
4196,0,null,0,0,0
4197,0,null,0,0,0
4198,0,null,0,0,0
4199,0,null,0,0,0
4270,0,null,0,0,0
4271,0,null,0,0,0
4272,0,null,0,0,0
4273,0,null,0,0,0
4274,1,primary_proton,1,1,1
4275,0,null,0,0,0
4276,0,null,0,0,0
4277,0,null,0,0,0
4278,0,null,0,0,0
4279,0,null,0,0,0
4280,0,null,0,0,0
4281,0,null,0,0,0
4282,0,null,0,0,0
4283,0,null,0,0,0
4284,0,null,0,0,0
4285,0,null,0,0,0
4286,0,null,0,0,0
4287,0,null,0,0,0
4288,0,null,0,0,0
4289,0,null,0,0,0
4290,0,null,0,0,0
4291,0,null,0,0,0
4292,0,null,0,0,0
4293,7,secondary_proton,1,1,1
4200,0,null,0,0,0
4201,0,null,0,0,0
4202,0,null,0,0,0
4203,0,null,0,0,0
4204,0,null,0,0,0
4205,0,null,0,0,0
4206,0,null,0,0,0
4207,0,null,0,0,0
4208,0,null,0,0,0
4209,11,pi-,1,1,1
4210,21,secondary_proton,1,0,1
4211,0,null,0,0,0
4212,0,null,0,0,0
4213,0,null,0,0,0
4214,0,null,0,0,0
4215,1,primary_proton,1,1,1
4216,0,null,0,0,0
4217,0,null,0,0,0
4218,0,null,0,0,0
4219,0,null,0,0,0
4220,0,null,0,0,0
4221,0,null,0,0,0
4222,0,null,0,0,0
4223,0,null,0,0,0
4224,0,null,0,0,0
4225,0,null,0,0,0
4226,0,null,0,0,0
4227,0,null,0,0,0
4228,0,null,0,0,0
4229,10,secondary_proton,1,1,1
4230,0,null,0,0,0
4231,3,pi-,1,1,0
4232,0,null,0,0,0
4233,0,null,0,0,0
4234,0,null,0,0,0
4235,0,null,0,0,0
4236,3,secondary_proton,1,1,1
4237,0,null,0,0,0
4238,0,null,0,0,0
4239,0,null,0,0,0
4240,7,pi+,1,1,1
4241,0,null,0,0,0
4242,0,null,0,0,0
4243,0,null,0,0,0
4244,0,null,0,0,0
4245,0,null,0,0,0
4246,0,null,0,0,0
4247,1,primary_proton,1,1,1
4248,28,pi+,1,1,1
4249,0,null,0,0,0
4250,0,null,0,0,0
4251,0,null,0,0,0
4252,4,pi-,1,1,0
4253,0,null,0,0,0
4254,0,null,0,0,0
4255,0,null,0,0,0
4256,0,null,0,0,0
4257,0,null,0,0,0
4258,0,null,0,0,0
4295,0,null,0,0,0
4296,0,null,0,0,0
4297,0,null,0,0,0
4298,0,null,0,0,0
4299,16,pi-,1,0,0
4300,0,null,0,0,0
4301,0,null,0,0,0
4302,0,null,0,0,0
4303,1,primary_proton,1,1,1
4304,0,null,0,0,0
4305,0,null,0,0,0
4306,8,secondary_proton,1,1,1
4307,0,null,0,0,0
4308,0,null,0,0,0
4309,0,null,0,0,0
4310,0,null,0,0,0
4311,0,null,0,0,0
4312,0,null,0,0,0
4313,0,null,0,0,0
4314,0,null,0,0,0
4315,0,null,0,0,0
4316,0,null,0,0,0
4317,0,null,0,0,0
4318,0,null,0,0,0
4319,0,null,0,0,0
4320,0,null,0,0,0
4321,0,null,0,0,0
4322,0,null,0,0,0
4323,0,null,0,0,0
4324,1,primary_proton,1,1,1
4325,0,null,0,0,0
4326,0,null,0,0,0
4327,0,null,0,0,0
4328,0,null,0,0,0
4329,0,null,0,0,0
4330,0,null,0,0,0
4331,0,null,0,0,0
4332,0,null,0,0,0
4333,0,null,0,0,0
4334,0,null,0,0,0
4335,0,null,0,0,0
4336,0,null,0,0,0
4337,0,null,0,0,0
4338,0,null,0,0,0
4339,0,null,0,0,0
4410,0,null,0,0,0
4411,0,null,0,0,0
4412,0,null,0,0,0
4413,0,null,0,0,0
4414,0,null,0,0,0
4415,0,null,0,0,0
4416,0,null,0,0,0
4417,0,null,0,0,0
4418,0,null,0,0,0
4419,0,null,0,0,0
4420,0,null,0,0,0
4421,0,null,0,0,0
4422,0,null,0,0,0
4423,0,null,0,0,0
4424,16,pi+,1,0,0
4425,0,null,0,0,0
4426,13,pi-,1,0,0
4427,0,null,0,0,0
4428,0,null,0,0,0
4429,0,null,0,0,0
4430,0,null,0,0,0
4431,0,null,0,0,0
4432,0,null,0,0,0
4433,0,null,0,0,0
4434,0,null,0,0,0
4435,0,null,0,0,0
4436,0,null,0,0,0
4437,0,null,0,0,0
4438,0,null,0,0,0
4439,0,null,0,0,0
4440,0,null,0,0,0
4441,0,null,0,0,0
4442,0,null,0,0,0
4443,0,null,0,0,0
4444,0,null,0,0,0
4445,0,null,0,0,0
4446,0,null,0,0,0
4447,0,null,0,0,0
4448,0,null,0,0,0
4449,0,null,0,0,0
4450,0,null,0,0,0
4451,0,null,0,0,0
4259,0,null,0,0,0
4260,0,null,0,0,0
4261,0,null,0,0,0
4262,0,null,0,0,0
4263,0,null,0,0,0
4264,0,null,0,0,0
4265,0,null,0,0,0
4266,0,null,0,0,0
4267,0,null,0,0,0
4268,0,null,0,0,0
4269,379,secondary_proton,1,1,0
4340,0,null,0,0,0
4341,0,null,0,0,0
4342,0,null,0,0,0
4343,0,null,0,0,0
4344,0,null,0,0,0
4345,0,null,0,0,0
4346,0,null,0,0,0
4347,0,null,0,0,0
4348,0,null,0,0,0
4349,0,null,0,0,0
4350,0,null,0,0,0
4351,0,null,0,0,0
4352,0,null,0,0,0
4353,0,null,0,0,0
4354,0,null,0,0,0
4355,0,null,0,0,0
4356,0,null,0,0,0
4357,0,null,0,0,0
4358,0,null,0,0,0
4359,0,null,0,0,0
4360,0,null,0,0,0
4361,0,null,0,0,0
4362,0,null,0,0,0
4363,0,null,0,0,0
4364,0,null,0,0,0
4365,0,null,0,0,0
4366,0,null,0,0,0
4367,0,null,0,0,0
4368,0,null,0,0,0
4369,0,null,0,0,0
4370,0,null,0,0,0
4371,0,null,0,0,0
4372,0,null,0,0,0
4373,0,null,0,0,0
4374,0,null,0,0,0
4375,9,pi-,1,1,1
4376,0,null,0,0,0
4377,0,null,0,0,0
4378,0,null,0,0,0
4379,0,null,0,0,0
4380,0,null,0,0,0
4381,0,null,0,0,0
4382,0,null,0,0,0
4383,0,null,0,0,0
4384,0,null,0,0,0
4385,0,null,0,0,0
4386,0,null,0,0,0
4387,0,null,0,0,0
4388,0,null,0,0,0
4389,0,null,0,0,0
4390,0,null,0,0,0
4391,0,null,0,0,0
4392,0,null,0,0,0
4393,0,null,0,0,0
4394,0,null,0,0,0
4395,0,null,0,0,0
4396,0,null,0,0,0
4397,0,null,0,0,0
4398,0,null,0,0,0
4399,0,null,0,0,0
4400,0,null,0,0,0
4401,0,null,0,0,0
4402,0,null,0,0,0
4403,0,null,0,0,0
4404,0,null,0,0,0
4405,0,null,0,0,0
4406,0,null,0,0,0
4407,0,null,0,0,0
4408,0,null,0,0,0
4409,0,null,0,0,0
4480,0,null,0,0,0
4481,0,null,0,0,0
4482,1,primary_proton,1,1,1
4483,0,null,0,0,0
4484,0,null,0,0,0
4485,0,null,0,0,0
4486,0,null,0,0,0
4487,0,null,0,0,0
4488,0,null,0,0,0
4489,0,null,0,0,0
4490,0,null,0,0,0
4491,0,null,0,0,0
4492,0,null,0,0,0
4493,0,null,0,0,0
4494,0,null,0,0,0
4495,0,null,0,0,0
4496,0,null,0,0,0
4497,0,null,0,0,0
4498,0,null,0,0,0
4499,0,null,0,0,0
4452,867,e-,0,1,0
4453,0,null,0,0,0
4454,0,null,0,0,0
4455,0,null,0,0,0
4456,0,null,0,0,0
4457,3,secondary_proton,1,1,0
4458,0,null,0,0,0
4459,5,secondary_proton,1,1,1
4460,0,null,0,0,0
4461,0,null,0,0,0
4462,0,null,0,0,0
4463,0,null,0,0,0
4464,0,null,0,0,0
4465,0,null,0,0,0
4466,0,null,0,0,0
4467,0,null,0,0,0
4468,0,null,0,0,0
4469,0,null,0,0,0
4470,0,null,0,0,0
4471,0,null,0,0,0
4472,0,null,0,0,0
4473,0,null,0,0,0
4474,0,null,0,0,0
4475,0,null,0,0,0
4476,0,null,0,0,0
4477,0,null,0,0,0
4478,0,null,0,0,0
4479,1,primary_proton,1,1,1
4550,1,primary_proton,1,1,1
4551,0,null,0,0,0
4552,0,null,0,0,0
4553,0,null,0,0,0
4554,0,null,0,0,0
4555,0,null,0,0,0
4556,0,null,0,0,0
4557,0,null,0,0,0
4558,0,null,0,0,0
4559,0,null,0,0,0
4560,0,null,0,0,0
4561,0,null,0,0,0
4562,0,null,0,0,0
4563,0,null,0,0,0
4564,0,null,0,0,0
4565,0,null,0,0,0
4566,0,null,0,0,0
4567,0,null,0,0,0
4568,0,null,0,0,0
4569,0,null,0,0,0
4570,0,null,0,0,0
4571,0,null,0,0,0
4572,0,null,0,0,0
4573,8,pi-,1,1,1
4574,0,null,0,0,0
4575,0,null,0,0,0
4576,0,null,0,0,0
4577,7,secondary_proton,1,1,1
4578,0,null,0,0,0
4579,0,null,0,0,0
4580,0,null,0,0,0
4581,0,null,0,0,0
4582,0,null,0,0,0
4583,0,null,0,0,0
4584,0,null,0,0,0
4585,0,null,0,0,0
4586,0,null,0,0,0
4587,0,null,0,0,0
4588,0,null,0,0,0
4589,0,null,0,0,0
4590,0,null,0,0,0
4591,0,null,0,0,0
4592,0,null,0,0,0
4593,1,primary_proton,1,1,1
4594,0,null,0,0,0
4595,0,null,0,0,0
4596,0,null,0,0,0
4597,0,null,0,0,0
4598,1,primary_proton,1,1,1
4599,0,null,0,0,0
4500,0,null,0,0,0
4501,0,null,0,0,0
4502,0,null,0,0,0
4503,0,null,0,0,0
4504,0,null,0,0,0
4505,0,null,0,0,0
4506,0,null,0,0,0
4507,0,null,0,0,0
4508,0,null,0,0,0
4509,0,null,0,0,0
4510,0,null,0,0,0
4511,0,null,0,0,0
4512,0,null,0,0,0
4513,0,null,0,0,0
4514,0,null,0,0,0
4515,0,null,0,0,0
4516,0,null,0,0,0
4517,0,null,0,0,0
4518,0,null,0,0,0
4519,0,null,0,0,0
4520,0,null,0,0,0
4521,0,null,0,0,0
4522,0,null,0,0,0
4523,0,null,0,0,0
4524,0,null,0,0,0
4525,11,secondary_proton,1,1,1
4526,17,kaon+,1,1,1
4527,0,null,0,0,0
4528,0,null,0,0,0
4529,0,null,0,0,0
4530,0,null,0,0,0
4531,0,null,0,0,0
4532,0,null,0,0,0
4533,0,null,0,0,0
4534,0,null,0,0,0
4535,0,null,0,0,0
4536,0,null,0,0,0
4537,0,null,0,0,0
4538,0,null,0,0,0
4539,0,null,0,0,0
4540,0,null,0,0,0
4541,0,null,0,0,0
4542,0,null,0,0,0
4543,20,pi+,1,0,0
4544,10,pi-,1,0,0
4545,0,null,0,0,0
4546,0,null,0,0,0
4547,0,null,0,0,0
4548,0,null,0,0,0
4549,0,null,0,0,0
4690,0,null,0,0,0
4691,0,null,0,0,0
4692,0,null,0,0,0
4693,0,null,0,0,0
4694,0,null,0,0,0
4695,0,null,0,0,0
4696,0,null,0,0,0
4697,0,null,0,0,0
4698,0,null,0,0,0
4699,0,null,0,0,0
4600,0,null,0,0,0
4601,0,null,0,0,0
4602,0,null,0,0,0
4603,0,null,0,0,0
4604,0,null,0,0,0
4605,0,null,0,0,0
4606,0,null,0,0,0
4607,0,null,0,0,0
4608,0,null,0,0,0
4609,0,null,0,0,0
4610,0,null,0,0,0
4611,0,null,0,0,0
4612,0,null,0,0,0
4613,0,null,0,0,0
4614,0,null,0,0,0
4615,0,null,0,0,0
4616,0,null,0,0,0
4617,0,null,0,0,0
4618,0,null,0,0,0
4619,0,null,0,0,0
4620,0,null,0,0,0
4621,0,null,0,0,0
4622,0,null,0,0,0
4623,12,pi+,1,1,1
4624,0,null,0,0,0
4625,0,null,0,0,0
4626,0,null,0,0,0
4627,0,null,0,0,0
4628,0,null,0,0,0
4629,0,null,0,0,0
4630,0,null,0,0,0
4631,0,null,0,0,0
4632,0,null,0,0,0
4633,0,null,0,0,0
4634,0,null,0,0,0
4635,0,null,0,0,0
4636,0,null,0,0,0
4637,0,null,0,0,0
4638,0,null,0,0,0
4639,0,null,0,0,0
4640,0,null,0,0,0
4641,0,null,0,0,0
4642,0,null,0,0,0
4643,0,null,0,0,0
4644,0,null,0,0,0
4645,0,null,0,0,0
4646,0,null,0,0,0
4647,0,null,0,0,0
4648,0,null,0,0,0
4649,0,null,0,0,0
4650,0,null,0,0,0
4651,0,null,0,0,0
4652,0,null,0,0,0
4653,0,null,0,0,0
4654,0,null,0,0,0
4655,0,null,0,0,0
4656,0,null,0,0,0
4657,0,null,0,0,0
4658,0,null,0,0,0
4659,0,null,0,0,0
4660,0,null,0,0,0
4661,0,null,0,0,0
4662,0,null,0,0,0
4663,0,null,0,0,0
4664,0,null,0,0,0
4665,0,null,0,0,0
4666,0,null,0,0,0
4667,0,null,0,0,0
4668,0,null,0,0,0
4669,0,null,0,0,0
4670,0,null,0,0,0
4671,0,null,0,0,0
4672,0,null,0,0,0
4673,0,null,0,0,0
4674,0,null,0,0,0
4675,0,null,0,0,0
4676,0,null,0,0,0
4677,0,null,0,0,0
4678,0,null,0,0,0
4679,1,primary_proton,1,1,1
4680,0,null,0,0,0
4681,0,null,0,0,0
4682,0,null,0,0,0
4683,0,null,0,0,0
4700,0,null,0,0,0
4701,0,null,0,0,0
4702,0,null,0,0,0
4703,0,null,0,0,0
4704,0,null,0,0,0
4705,0,null,0,0,0
4706,0,null,0,0,0
4707,0,null,0,0,0
4708,0,null,0,0,0
4709,0,null,0,0,0
4710,0,null,0,0,0
4711,0,null,0,0,0
4712,0,null,0,0,0
4713,0,null,0,0,0
4714,0,null,0,0,0
4715,9,secondary_proton,1,1,1
4716,0,null,0,0,0
4717,0,null,0,0,0
4718,0,null,0,0,0
4719,0,null,0,0,0
4720,0,null,0,0,0
4721,0,null,0,0,0
4722,0,null,0,0,0
4723,1,primary_proton,1,1,1
4724,0,null,0,0,0
4725,0,null,0,0,0
4726,0,null,0,0,0
4727,0,null,0,0,0
4728,0,null,0,0,0
4729,0,null,0,0,0
4730,0,null,0,0,0
4731,0,null,0,0,0
4732,0,null,0,0,0
4733,0,null,0,0,0
4734,0,null,0,0,0
4735,0,null,0,0,0
4736,0,null,0,0,0
4737,0,null,0,0,0
4738,0,null,0,0,0
4739,0,null,0,0,0
4740,0,null,0,0,0
4741,0,null,0,0,0
4742,0,null,0,0,0
4743,0,null,0,0,0
4744,0,null,0,0,0
4745,0,null,0,0,0
4746,0,null,0,0,0
4747,0,null,0,0,0
4748,0,null,0,0,0
4749,0,null,0,0,0
4750,0,null,0,0,0
4751,0,null,0,0,0
4752,0,null,0,0,0
4753,0,null,0,0,0
4754,1,primary_proton,1,1,1
4755,0,null,0,0,0
4756,0,null,0,0,0
4757,0,null,0,0,0
4758,0,null,0,0,0
4759,0,null,0,0,0
4760,0,null,0,0,0
4761,0,null,0,0,0
4762,0,null,0,0,0
4763,0,null,0,0,0
4764,0,null,0,0,0
4765,0,null,0,0,0
4766,0,null,0,0,0
4767,0,null,0,0,0
4768,0,null,0,0,0
4769,0,null,0,0,0
4770,0,null,0,0,0
4771,0,null,0,0,0
4772,1,primary_proton,1,1,1
4773,0,null,0,0,0
4774,0,null,0,0,0
4775,0,null,0,0,0
4776,0,null,0,0,0
4777,0,null,0,0,0
4778,0,null,0,0,0
4779,0,null,0,0,0
4684,1,primary_proton,1,1,1
4685,0,null,0,0,0
4686,0,null,0,0,0
4687,1,primary_proton,1,1,1
4688,0,null,0,0,0
4689,0,null,0,0,0
4830,0,null,0,0,0
4831,9,secondary_proton,1,1,1
4832,0,null,0,0,0
4833,0,null,0,0,0
4834,0,null,0,0,0
4835,0,null,0,0,0
4836,0,null,0,0,0
4837,0,null,0,0,0
4838,0,null,0,0,0
4839,0,null,0,0,0
4840,0,null,0,0,0
4841,0,null,0,0,0
4842,0,null,0,0,0
4843,0,null,0,0,0
4844,0,null,0,0,0
4845,0,null,0,0,0
4846,0,null,0,0,0
4847,1,primary_proton,1,1,1
4848,0,null,0,0,0
4849,0,null,0,0,0
4850,0,null,0,0,0
4851,0,null,0,0,0
4852,0,null,0,0,0
4853,0,null,0,0,0
4854,0,null,0,0,0
4855,0,null,0,0,0
4856,0,null,0,0,0
4857,0,null,0,0,0
4858,0,null,0,0,0
4859,0,null,0,0,0
4860,0,null,0,0,0
4861,0,null,0,0,0
4862,0,null,0,0,0
4863,0,null,0,0,0
4864,0,null,0,0,0
4865,0,null,0,0,0
4866,0,null,0,0,0
4867,0,null,0,0,0
4868,0,null,0,0,0
4869,0,null,0,0,0
4870,0,null,0,0,0
4871,0,null,0,0,0
4872,0,null,0,0,0
4873,0,null,0,0,0
4874,0,null,0,0,0
4875,0,null,0,0,0
4876,0,null,0,0,0
4877,0,null,0,0,0
4878,0,null,0,0,0
4879,0,null,0,0,0
4880,0,null,0,0,0
4881,0,null,0,0,0
4882,0,null,0,0,0
4883,0,null,0,0,0
4884,0,null,0,0,0
4885,0,null,0,0,0
4886,0,null,0,0,0
4887,0,null,0,0,0
4888,0,null,0,0,0
4889,0,null,0,0,0
4890,0,null,0,0,0
4891,0,null,0,0,0
4892,0,null,0,0,0
4893,0,null,0,0,0
4894,0,null,0,0,0
4895,0,null,0,0,0
4896,0,null,0,0,0
4897,0,null,0,0,0
4898,0,null,0,0,0
4899,2049,e-,0,0,1
4781,0,null,0,0,0
4782,0,null,0,0,0
4783,0,null,0,0,0
4784,0,null,0,0,0
4785,0,null,0,0,0
4786,0,null,0,0,0
4787,0,null,0,0,0
4788,0,null,0,0,0
4789,814,secondary_proton,1,1,1
4790,0,null,0,0,0
4791,0,null,0,0,0
4792,15,pi-,1,1,1
4793,0,null,0,0,0
4794,0,null,0,0,0
4795,0,null,0,0,0
4796,0,null,0,0,0
4797,0,null,0,0,0
4798,0,null,0,0,0
4799,7,secondary_proton,1,1,1
4900,0,null,0,0,0
4901,0,null,0,0,0
4902,0,null,0,0,0
4903,0,null,0,0,0
4904,0,null,0,0,0
4905,0,null,0,0,0
4906,0,null,0,0,0
4907,0,null,0,0,0
4908,0,null,0,0,0
4909,0,null,0,0,0
4910,0,null,0,0,0
4911,0,null,0,0,0
4912,0,null,0,0,0
4913,0,null,0,0,0
4914,0,null,0,0,0
4915,0,null,0,0,0
4916,6,secondary_proton,1,0,0
4917,0,null,0,0,0
4918,0,null,0,0,0
4919,0,null,0,0,0
4920,0,null,0,0,0
4921,0,null,0,0,0
4922,0,null,0,0,0
4923,0,null,0,0,0
4924,0,null,0,0,0
4925,0,null,0,0,0
4926,0,null,0,0,0
4927,8,secondary_proton,1,1,1
4928,0,null,0,0,0
4929,0,null,0,0,0
4930,0,null,0,0,0
4931,0,null,0,0,0
4932,0,null,0,0,0
4933,0,null,0,0,0
4934,0,null,0,0,0
4935,0,null,0,0,0
4936,0,null,0,0,0
4937,0,null,0,0,0
4938,14,pi+,1,1,1
4939,0,null,0,0,0
4940,0,null,0,0,0
4941,0,null,0,0,0
4942,0,null,0,0,0
4943,0,null,0,0,0
4944,0,null,0,0,0
4945,0,null,0,0,0
4946,0,null,0,0,0
4947,0,null,0,0,0
4948,0,null,0,0,0
4949,1,primary_proton,1,1,1
4950,0,null,0,0,0
4951,1,primary_proton,1,1,1
4952,0,null,0,0,0
4953,0,null,0,0,0
4954,0,null,0,0,0
4955,0,null,0,0,0
4956,0,null,0,0,0
4957,0,null,0,0,0
4958,0,null,0,0,0
4959,0,null,0,0,0
4960,0,null,0,0,0
4961,0,null,0,0,0
4962,18,secondary_proton,1,1,1
4963,0,null,0,0,0
4964,0,null,0,0,0
4965,0,null,0,0,0
4966,0,null,0,0,0
4967,0,null,0,0,0
4968,0,null,0,0,0
4969,0,null,0,0,0
4970,0,null,0,0,0
4971,0,null,0,0,0
4972,0,null,0,0,0
4973,0,null,0,0,0
4974,0,null,0,0,0
4975,0,null,0,0,0
4976,0,null,0,0,0
4977,0,null,0,0,0
4978,0,null,0,0,0
4979,0,null,0,0,0
4980,0,null,0,0,0
4981,0,null,0,0,0
4982,0,null,0,0,0
4983,0,null,0,0,0
4984,1,primary_proton,1,1,1
4985,0,null,0,0,0
4986,0,null,0,0,0
4987,0,null,0,0,0
4988,0,null,0,0,0
4989,0,null,0,0,0
4990,0,null,0,0,0
4991,0,null,0,0,0
4992,0,null,0,0,0
4993,0,null,0,0,0
4994,0,null,0,0,0
4995,15,pi+,1,0,0
4996,0,null,0,0,0
4997,0,null,0,0,0
4998,0,null,0,0,0
4999,0,null,0,0,0
4800,0,null,0,0,0
4801,0,null,0,0,0
4802,0,null,0,0,0
4803,0,null,0,0,0
4804,0,null,0,0,0
4805,0,null,0,0,0
4806,0,null,0,0,0
4807,0,null,0,0,0
4808,10,secondary_proton,1,1,0
4809,0,null,0,0,0
4810,0,null,0,0,0
4811,0,null,0,0,0
4812,0,null,0,0,0
4813,11,pi+,1,1,1
4814,0,null,0,0,0
4815,0,null,0,0,0
4816,0,null,0,0,0
4817,0,null,0,0,0
4818,0,null,0,0,0
4819,0,null,0,0,0
4820,0,null,0,0,0
4821,0,null,0,0,0
4822,1,primary_proton,1,1,1
4823,0,null,0,0,0
4824,0,null,0,0,0
4825,3190,e-,1,0,0
4826,0,null,0,0,0
4827,0,null,0,0,0
4828,0,null,0,0,0
4829,8,secondary_proton,1,1,1
70,0,null,0,0,0
71,0,null,0,0,0
72,0,null,0,0,0
73,0,null,0,0,0
74,0,null,0,0,0
75,0,null,0,0,0
76,0,null,0,0,0
77,0,null,0,0,0
78,0,null,0,0,0
79,0,null,0,0,0
80,0,null,0,0,0
81,0,null,0,0,0
82,0,null,0,0,0
83,0,null,0,0,0
84,0,null,0,0,0
85,0,null,0,0,0
86,0,null,0,0,0
87,0,null,0,0,0
88,0,null,0,0,0
89,1,primary_proton,1,1,1
90,0,null,0,0,0
91,0,null,0,0,0
92,0,null,0,0,0
93,0,null,0,0,0
94,0,null,0,0,0
95,0,null,0,0,0
96,0,null,0,0,0
97,1,primary_proton,1,1,1
98,0,null,0,0,0
99,0,null,0,0,0
100,0,null,0,0,0
101,0,null,0,0,0
102,0,null,0,0,0
103,1,primary_proton,1,1,1
104,0,null,0,0,0
105,0,null,0,0,0
106,0,null,0,0,0
107,0,null,0,0,0
108,0,null,0,0,0
109,18,secondary_proton,1,1,1
110,0,null,0,0,0
111,0,null,0,0,0
112,0,null,0,0,0
113,0,null,0,0,0
114,0,null,0,0,0
115,0,null,0,0,0
116,0,null,0,0,0
117,0,null,0,0,0
118,0,null,0,0,0
119,0,null,0,0,0
120,0,null,0,0,0
121,0,null,0,0,0
122,0,null,0,0,0
123,0,null,0,0,0
124,0,null,0,0,0
125,0,null,0,0,0
126,0,null,0,0,0
127,0,null,0,0,0
128,0,null,0,0,0
129,0,null,0,0,0
130,0,null,0,0,0
131,0,null,0,0,0
132,0,null,0,0,0
133,0,null,0,0,0
134,0,null,0,0,0
135,0,null,0,0,0
136,0,null,0,0,0
137,0,null,0,0,0
138,0,null,0,0,0
139,0,null,0,0,0
140,0,null,0,0,0
141,0,null,0,0,0
142,0,null,0,0,0
143,0,null,0,0,0
144,0,null,0,0,0
145,0,null,0,0,0
146,0,null,0,0,0
147,0,null,0,0,0
148,0,null,0,0,0
149,0,null,0,0,0
150,3,secondary_proton,1,1,1
151,0,null,0,0,0
152,0,null,0,0,0
153,0,null,0,0,0
154,0,null,0,0,0
155,0,null,0,0,0
156,0,null,0,0,0
157,0,null,0,0,0
158,0,null,0,0,0
159,0,null,0,0,0
160,0,null,0,0,0
161,0,null,0,0,0
162,0,null,0,0,0
163,0,null,0,0,0
164,1,primary_proton,1,1,1
165,0,null,0,0,0
166,0,null,0,0,0
167,0,null,0,0,0
168,0,null,0,0,0
169,0,null,0,0,0
0,0,null,0,0,0
1,22,pi-,1,1,1
2,0,null,0,0,0
3,0,null,0,0,0
4,0,null,0,0,0
5,0,null,0,0,0
6,1,primary_proton,1,1,1
7,0,null,0,0,0
8,0,null,0,0,0
9,0,null,0,0,0
10,0,null,0,0,0
11,0,null,0,0,0
12,1,primary_proton,1,1,1
13,0,null,0,0,0
14,0,null,0,0,0
15,0,null,0,0,0
16,15,pi-,1,1,1
17,0,null,0,0,0
18,0,null,0,0,0
19,0,null,0,0,0
20,0,null,0,0,0
21,0,null,0,0,0
22,0,null,0,0,0
23,0,null,0,0,0
24,0,null,0,0,0
25,0,null,0,0,0
26,0,null,0,0,0
27,0,null,0,0,0
28,22,pi+,1,1,0
29,0,null,0,0,0
30,0,null,0,0,0
31,0,null,0,0,0
32,0,null,0,0,0
33,0,null,0,0,0
34,0,null,0,0,0
35,0,null,0,0,0
36,0,null,0,0,0
37,7,secondary_proton,1,1,1
38,0,null,0,0,0
39,0,null,0,0,0
40,0,null,0,0,0
41,0,null,0,0,0
42,0,null,0,0,0
43,0,null,0,0,0
44,0,null,0,0,0
45,0,null,0,0,0
46,0,null,0,0,0
47,0,null,0,0,0
48,0,null,0,0,0
49,0,null,0,0,0
50,0,null,0,0,0
51,0,null,0,0,0
52,0,null,0,0,0
53,0,null,0,0,0
54,0,null,0,0,0
55,0,null,0,0,0
56,3562,e-,1,0,0
57,0,null,0,0,0
58,0,null,0,0,0
59,0,null,0,0,0
60,0,null,0,0,0
61,0,null,0,0,0
62,0,null,0,0,0
63,0,null,0,0,0
64,0,null,0,0,0
65,0,null,0,0,0
66,1,primary_proton,1,1,1
67,0,null,0,0,0
68,0,null,0,0,0
69,0,null,0,0,0
210,1,primary_proton,1,1,1
211,0,null,0,0,0
212,0,null,0,0,0
171,0,null,0,0,0
172,0,null,0,0,0
173,1,primary_proton,1,1,1
174,0,null,0,0,0
175,1,primary_proton,1,1,1
176,0,null,0,0,0
177,0,null,0,0,0
178,0,null,0,0,0
179,0,null,0,0,0
180,0,null,0,0,0
181,0,null,0,0,0
182,0,null,0,0,0
183,0,null,0,0,0
184,0,null,0,0,0
185,0,null,0,0,0
186,0,null,0,0,0
187,0,null,0,0,0
188,1,primary_proton,1,1,1
189,0,null,0,0,0
190,0,null,0,0,0
191,0,null,0,0,0
192,0,null,0,0,0
193,0,null,0,0,0
194,0,null,0,0,0
195,0,null,0,0,0
196,0,null,0,0,0
197,0,null,0,0,0
198,0,null,0,0,0
199,0,null,0,0,0
200,0,null,0,0,0
201,0,null,0,0,0
202,0,null,0,0,0
203,0,null,0,0,0
204,0,null,0,0,0
205,1,primary_proton,1,1,1
206,0,null,0,0,0
207,0,null,0,0,0
208,0,null,0,0,0
209,0,null,0,0,0
280,0,null,0,0,0
281,0,null,0,0,0
282,0,null,0,0,0
283,0,null,0,0,0
284,0,null,0,0,0
285,0,null,0,0,0
286,0,null,0,0,0
287,0,null,0,0,0
288,1,primary_proton,1,1,1
289,0,null,0,0,0
290,0,null,0,0,0
291,0,null,0,0,0
292,0,null,0,0,0
293,0,null,0,0,0
294,0,null,0,0,0
295,0,null,0,0,0
296,0,null,0,0,0
297,0,null,0,0,0
298,0,null,0,0,0
299,0,null,0,0,0
213,0,null,0,0,0
214,0,null,0,0,0
215,0,null,0,0,0
216,0,null,0,0,0
217,0,null,0,0,0
218,0,null,0,0,0
219,0,null,0,0,0
220,0,null,0,0,0
221,0,null,0,0,0
222,0,null,0,0,0
223,0,null,0,0,0
224,0,null,0,0,0
225,0,null,0,0,0
226,0,null,0,0,0
227,0,null,0,0,0
228,0,null,0,0,0
229,0,null,0,0,0
230,0,null,0,0,0
231,0,null,0,0,0
232,0,null,0,0,0
233,0,null,0,0,0
234,0,null,0,0,0
235,0,null,0,0,0
236,0,null,0,0,0
237,0,null,0,0,0
238,0,null,0,0,0
239,0,null,0,0,0
240,0,null,0,0,0
241,0,null,0,0,0
242,0,null,0,0,0
243,0,null,0,0,0
244,0,null,0,0,0
245,0,null,0,0,0
246,0,null,0,0,0
247,0,null,0,0,0
248,0,null,0,0,0
249,0,null,0,0,0
250,0,null,0,0,0
251,0,null,0,0,0
252,0,null,0,0,0
253,13,secondary_proton,1,1,1
254,3,pi-,1,1,1
255,0,null,0,0,0
256,0,null,0,0,0
257,0,null,0,0,0
258,0,null,0,0,0
259,0,null,0,0,0
260,0,null,0,0,0
261,0,null,0,0,0
262,0,null,0,0,0
263,0,null,0,0,0
264,0,null,0,0,0
265,0,null,0,0,0
266,0,null,0,0,0
267,0,null,0,0,0
268,0,null,0,0,0
269,0,null,0,0,0
270,0,null,0,0,0
271,0,null,0,0,0
272,0,null,0,0,0
273,0,null,0,0,0
274,0,null,0,0,0
275,0,null,0,0,0
276,0,null,0,0,0
277,1,primary_proton,1,1,1
278,0,null,0,0,0
279,0,null,0,0,0
350,0,null,0,0,0
351,0,null,0,0,0
352,0,null,0,0,0
353,13,pi+,1,1,1
354,0,null,0,0,0
355,0,null,0,0,0
356,0,null,0,0,0
300,0,null,0,0,0
301,0,null,0,0,0
302,0,null,0,0,0
303,0,null,0,0,0
304,0,null,0,0,0
305,0,null,0,0,0
306,0,null,0,0,0
307,0,null,0,0,0
308,0,null,0,0,0
309,0,null,0,0,0
310,0,null,0,0,0
311,0,null,0,0,0
312,0,null,0,0,0
313,0,null,0,0,0
314,0,null,0,0,0
315,0,null,0,0,0
316,0,null,0,0,0
317,15,pi-,1,0,0
318,4,secondary_proton,1,1,0
319,0,null,0,0,0
320,0,null,0,0,0
321,0,null,0,0,0
322,0,null,0,0,0
323,0,null,0,0,0
324,0,null,0,0,0
325,0,null,0,0,0
326,0,null,0,0,0
327,0,null,0,0,0
328,0,null,0,0,0
329,0,null,0,0,0
330,0,null,0,0,0
331,0,null,0,0,0
332,0,null,0,0,0
333,15,pi+,1,1,1
334,0,null,0,0,0
335,0,null,0,0,0
336,0,null,0,0,0
337,0,null,0,0,0
338,0,null,0,0,0
339,0,null,0,0,0
340,0,null,0,0,0
341,0,null,0,0,0
342,8,secondary_proton,1,1,1
343,0,null,0,0,0
344,0,null,0,0,0
345,0,null,0,0,0
346,0,null,0,0,0
347,0,null,0,0,0
348,0,null,0,0,0
349,0,null,0,0,0
420,0,null,0,0,0
421,0,null,0,0,0
422,0,null,0,0,0
423,0,null,0,0,0
424,0,null,0,0,0
425,1,primary_proton,1,1,1
426,7,secondary_proton,1,1,1
427,0,null,0,0,0
428,0,null,0,0,0
429,0,null,0,0,0
430,0,null,0,0,0
431,0,null,0,0,0
432,0,null,0,0,0
433,0,null,0,0,0
434,0,null,0,0,0
435,0,null,0,0,0
436,0,null,0,0,0
437,0,null,0,0,0
438,0,null,0,0,0
439,0,null,0,0,0
440,0,null,0,0,0
441,0,null,0,0,0
442,0,null,0,0,0
443,0,null,0,0,0
444,0,null,0,0,0
445,0,null,0,0,0
446,0,null,0,0,0
447,0,null,0,0,0
448,0,null,0,0,0
449,0,null,0,0,0
451,0,null,0,0,0
452,0,null,0,0,0
453,0,null,0,0,0
454,0,null,0,0,0
455,0,null,0,0,0
456,0,null,0,0,0
457,0,null,0,0,0
458,0,null,0,0,0
459,0,null,0,0,0
460,0,null,0,0,0
461,0,null,0,0,0
462,8,pi-,1,0,0
463,0,null,0,0,0
464,0,null,0,0,0
465,0,null,0,0,0
466,0,null,0,0,0
467,5,secondary_proton,1,1,1
468,0,null,0,0,0
469,0,null,0,0,0
470,0,null,0,0,0
471,0,null,0,0,0
472,0,null,0,0,0
473,0,null,0,0,0
474,0,null,0,0,0
475,0,null,0,0,0
476,0,null,0,0,0
477,0,null,0,0,0
478,0,null,0,0,0
479,0,null,0,0,0
480,0,null,0,0,0
481,0,null,0,0,0
482,0,null,0,0,0
483,0,null,0,0,0
484,0,null,0,0,0
485,0,null,0,0,0
486,0,null,0,0,0
487,0,null,0,0,0
488,0,null,0,0,0
489,11,kaon+,1,0,0
490,0,null,0,0,0
491,0,null,0,0,0
492,0,null,0,0,0
493,0,null,0,0,0
494,0,null,0,0,0
495,0,null,0,0,0
496,0,null,0,0,0
497,0,null,0,0,0
498,0,null,0,0,0
499,0,null,0,0,0
357,0,null,0,0,0
358,0,null,0,0,0
359,0,null,0,0,0
360,0,null,0,0,0
361,0,null,0,0,0
362,0,null,0,0,0
363,0,null,0,0,0
364,0,null,0,0,0
365,3020,secondary_proton,1,0,0
366,0,null,0,0,0
367,0,null,0,0,0
368,0,null,0,0,0
369,0,null,0,0,0
370,0,null,0,0,0
371,0,null,0,0,0
372,0,null,0,0,0
373,0,null,0,0,0
374,1649,e-,1,0,0
375,0,null,0,0,0
376,0,null,0,0,0
377,0,null,0,0,0
378,0,null,0,0,0
379,0,null,0,0,0
380,0,null,0,0,0
381,0,null,0,0,0
382,0,null,0,0,0
383,0,null,0,0,0
384,0,null,0,0,0
385,0,null,0,0,0
386,1,primary_proton,1,1,1
387,10,secondary_proton,1,1,1
388,0,null,0,0,0
389,0,null,0,0,0
390,0,null,0,0,0
391,8,secondary_proton,1,1,1
392,0,null,0,0,0
393,0,null,0,0,0
394,0,null,0,0,0
395,0,null,0,0,0
396,0,null,0,0,0
397,0,null,0,0,0
398,0,null,0,0,0
399,0,null,0,0,0
500,0,null,0,0,0
501,0,null,0,0,0
502,5,pi+,1,1,1
503,0,null,0,0,0
504,0,null,0,0,0
505,0,null,0,0,0
506,0,null,0,0,0
507,0,null,0,0,0
508,0,null,0,0,0
509,0,null,0,0,0
510,0,null,0,0,0
511,0,null,0,0,0
512,10,pi+,1,1,1
513,0,null,0,0,0
514,0,null,0,0,0
515,0,null,0,0,0
516,0,null,0,0,0
517,0,null,0,0,0
518,0,null,0,0,0
519,0,null,0,0,0
520,0,null,0,0,0
521,0,null,0,0,0
522,0,null,0,0,0
523,0,null,0,0,0
524,0,null,0,0,0
525,1,primary_proton,1,1,1
526,0,null,0,0,0
527,0,null,0,0,0
528,0,null,0,0,0
529,0,null,0,0,0
530,0,null,0,0,0
531,0,null,0,0,0
532,0,null,0,0,0
533,0,null,0,0,0
534,0,null,0,0,0
535,0,null,0,0,0
536,0,null,0,0,0
537,30,pi+,1,0,0
538,0,null,0,0,0
539,0,null,0,0,0
540,0,null,0,0,0
541,0,null,0,0,0
542,0,null,0,0,0
543,0,null,0,0,0
544,0,null,0,0,0
545,0,null,0,0,0
546,0,null,0,0,0
547,0,null,0,0,0
548,0,null,0,0,0
549,0,null,0,0,0
550,0,null,0,0,0
551,0,null,0,0,0
552,0,null,0,0,0
553,0,null,0,0,0
554,0,null,0,0,0
555,0,null,0,0,0
556,0,null,0,0,0
557,0,null,0,0,0
558,4,secondary_proton,1,1,1
559,1846,e-,1,1,1
630,0,null,0,0,0
631,0,null,0,0,0
632,0,null,0,0,0
633,0,null,0,0,0
634,0,null,0,0,0
635,0,null,0,0,0
636,0,null,0,0,0
637,0,null,0,0,0
638,0,null,0,0,0
639,0,null,0,0,0
640,0,null,0,0,0
641,0,null,0,0,0
400,0,null,0,0,0
401,0,null,0,0,0
402,0,null,0,0,0
403,0,null,0,0,0
404,0,null,0,0,0
405,0,null,0,0,0
406,0,null,0,0,0
407,0,null,0,0,0
408,0,null,0,0,0
409,0,null,0,0,0
410,0,null,0,0,0
411,0,null,0,0,0
412,0,null,0,0,0
413,0,null,0,0,0
414,0,null,0,0,0
415,0,null,0,0,0
416,0,null,0,0,0
417,0,null,0,0,0
418,0,null,0,0,0
419,0,null,0,0,0
560,0,null,0,0,0
561,605,pi+,1,1,0
562,0,null,0,0,0
563,0,null,0,0,0
564,0,null,0,0,0
565,0,null,0,0,0
566,0,null,0,0,0
567,0,null,0,0,0
568,0,null,0,0,0
569,0,null,0,0,0
570,0,null,0,0,0
571,0,null,0,0,0
572,0,null,0,0,0
573,0,null,0,0,0
574,0,null,0,0,0
575,0,null,0,0,0
576,0,null,0,0,0
577,0,null,0,0,0
578,0,null,0,0,0
579,0,null,0,0,0
580,0,null,0,0,0
581,0,null,0,0,0
582,0,null,0,0,0
583,8,pi+,1,1,1
584,0,null,0,0,0
585,0,null,0,0,0
586,0,null,0,0,0
587,0,null,0,0,0
588,0,null,0,0,0
589,0,null,0,0,0
590,0,null,0,0,0
591,11,secondary_proton,1,1,1
592,0,null,0,0,0
593,0,null,0,0,0
594,0,null,0,0,0
595,0,null,0,0,0
596,0,null,0,0,0
597,0,null,0,0,0
598,0,null,0,0,0
599,1,primary_proton,1,1,1
600,0,null,0,0,0
601,0,null,0,0,0
602,0,null,0,0,0
603,0,null,0,0,0
604,0,null,0,0,0
605,0,null,0,0,0
606,0,null,0,0,0
607,0,null,0,0,0
608,0,null,0,0,0
609,0,null,0,0,0
610,0,null,0,0,0
611,0,null,0,0,0
612,0,null,0,0,0
613,0,null,0,0,0
614,0,null,0,0,0
615,0,null,0,0,0
616,0,null,0,0,0
617,0,null,0,0,0
618,0,null,0,0,0
619,0,null,0,0,0
620,0,null,0,0,0
621,0,null,0,0,0
622,0,null,0,0,0
623,0,null,0,0,0
624,0,null,0,0,0
625,0,null,0,0,0
626,0,null,0,0,0
627,0,null,0,0,0
628,0,null,0,0,0
629,0,null,0,0,0
642,2034,e+,1,1,0
643,0,null,0,0,0
644,0,null,0,0,0
645,0,null,0,0,0
646,0,null,0,0,0
647,0,null,0,0,0
648,0,null,0,0,0
649,0,null,0,0,0
650,0,null,0,0,0
651,0,null,0,0,0
652,0,null,0,0,0
653,0,null,0,0,0
654,0,null,0,0,0
655,0,null,0,0,0
656,0,null,0,0,0
657,0,null,0,0,0
658,0,null,0,0,0
659,0,null,0,0,0
660,0,null,0,0,0
661,14,pi-,1,1,1
662,0,null,0,0,0
663,1,primary_proton,1,1,1
664,0,null,0,0,0
665,0,null,0,0,0
666,0,null,0,0,0
667,0,null,0,0,0
668,0,null,0,0,0
669,0,null,0,0,0
670,0,null,0,0,0
671,0,null,0,0,0
672,0,null,0,0,0
673,0,null,0,0,0
674,0,null,0,0,0
675,0,null,0,0,0
676,0,null,0,0,0
677,0,null,0,0,0
678,0,null,0,0,0
679,0,null,0,0,0
680,0,null,0,0,0
681,0,null,0,0,0
682,0,null,0,0,0
683,0,null,0,0,0
684,0,null,0,0,0
685,0,null,0,0,0
686,0,null,0,0,0
687,0,null,0,0,0
688,0,null,0,0,0
689,0,null,0,0,0
690,0,null,0,0,0
691,0,null,0,0,0
692,0,null,0,0,0
693,0,null,0,0,0
694,0,null,0,0,0
695,0,null,0,0,0
696,0,null,0,0,0
697,5,secondary_proton,1,1,1
698,0,null,0,0,0
699,0,null,0,0,0
770,0,null,0,0,0
771,0,null,0,0,0
772,1,primary_proton,1,1,1
773,0,null,0,0,0
774,0,null,0,0,0
775,0,null,0,0,0
776,0,null,0,0,0
777,0,null,0,0,0
778,1,primary_proton,1,1,0
779,0,null,0,0,0
780,1083,e+,1,1,1
781,0,null,0,0,0
782,0,null,0,0,0
783,0,null,0,0,0
784,1,primary_proton,1,1,1
785,0,null,0,0,0
786,0,null,0,0,0
787,0,null,0,0,0
788,0,null,0,0,0
789,0,null,0,0,0
790,0,null,0,0,0
791,0,null,0,0,0
792,0,null,0,0,0
793,0,null,0,0,0
794,0,null,0,0,0
795,0,null,0,0,0
796,0,null,0,0,0
797,0,null,0,0,0
798,0,null,0,0,0
799,0,null,0,0,0
700,0,null,0,0,0
701,0,null,0,0,0
702,0,null,0,0,0
703,0,null,0,0,0
704,0,null,0,0,0
705,0,null,0,0,0
706,0,null,0,0,0
707,0,null,0,0,0
708,1,primary_proton,1,1,1
709,24,secondary_proton,1,1,1
710,0,null,0,0,0
711,0,null,0,0,0
712,0,null,0,0,0
713,0,null,0,0,0
714,0,null,0,0,0
715,0,null,0,0,0
716,0,null,0,0,0
717,0,null,0,0,0
718,0,null,0,0,0
719,0,null,0,0,0
720,0,null,0,0,0
721,0,null,0,0,0
722,0,null,0,0,0
723,0,null,0,0,0
724,1,primary_proton,1,1,1
725,0,null,0,0,0
726,0,null,0,0,0
727,0,null,0,0,0
728,0,null,0,0,0
729,0,null,0,0,0
730,0,null,0,0,0
731,0,null,0,0,0
732,0,null,0,0,0
733,0,null,0,0,0
734,0,null,0,0,0
735,0,null,0,0,0
736,5,pi+,1,1,1
737,0,null,0,0,0
738,0,null,0,0,0
739,0,null,0,0,0
740,0,null,0,0,0
741,0,null,0,0,0
742,0,null,0,0,0
743,1,primary_proton,1,1,1
744,0,null,0,0,0
745,0,null,0,0,0
746,1,primary_proton,1,1,1
747,24,pi+,1,1,1
748,0,null,0,0,0
749,0,null,0,0,0
750,0,null,0,0,0
751,0,null,0,0,0
752,0,null,0,0,0
753,0,null,0,0,0
754,0,null,0,0,0
755,5,pi-,1,0,0
756,0,null,0,0,0
757,0,null,0,0,0
800,0,null,0,0,0
801,0,null,0,0,0
802,0,null,0,0,0
803,0,null,0,0,0
804,0,null,0,0,0
805,0,null,0,0,0
806,0,null,0,0,0
807,0,null,0,0,0
808,0,null,0,0,0
809,0,null,0,0,0
810,0,null,0,0,0
811,0,null,0,0,0
812,0,null,0,0,0
813,0,null,0,0,0
814,1974,e-,1,0,1
815,0,null,0,0,0
816,0,null,0,0,0
817,17,pi-,1,1,1
818,0,null,0,0,0
819,0,null,0,0,0
820,0,null,0,0,0
821,0,null,0,0,0
822,0,null,0,0,0
823,0,null,0,0,0
824,0,null,0,0,0
825,0,null,0,0,0
826,543,e-,1,1,1
827,0,null,0,0,0
828,0,null,0,0,0
829,0,null,0,0,0
830,0,null,0,0,0
831,0,null,0,0,0
832,0,null,0,0,0
833,0,null,0,0,0
834,0,null,0,0,0
835,0,null,0,0,0
836,0,null,0,0,0
837,0,null,0,0,0
838,0,null,0,0,0
839,0,null,0,0,0
840,0,null,0,0,0
841,0,null,0,0,0
842,0,null,0,0,0
843,0,null,0,0,0
844,0,null,0,0,0
845,0,null,0,0,0
846,12,secondary_proton,1,1,1
847,0,null,0,0,0
848,1,primary_proton,1,1,1
849,0,null,0,0,0
850,0,null,0,0,0
851,0,null,0,0,0
852,0,null,0,0,0
853,0,null,0,0,0
854,0,null,0,0,0
855,0,null,0,0,0
856,0,null,0,0,0
857,9,secondary_proton,1,1,1
858,0,null,0,0,0
859,1,primary_proton,1,1,1
860,0,null,0,0,0
861,0,null,0,0,0
862,0,null,0,0,0
863,0,null,0,0,0
864,0,null,0,0,0
759,0,null,0,0,0
760,0,null,0,0,0
761,0,null,0,0,0
762,0,null,0,0,0
763,6,pi-,1,1,1
764,0,null,0,0,0
765,0,null,0,0,0
766,0,null,0,0,0
767,0,null,0,0,0
768,0,null,0,0,0
769,1,primary_proton,1,1,1
910,0,null,0,0,0
911,0,null,0,0,0
912,0,null,0,0,0
913,0,null,0,0,0
914,0,null,0,0,0
915,770,e-,1,0,0
916,0,null,0,0,0
917,0,null,0,0,0
918,0,null,0,0,0
919,0,null,0,0,0
920,0,null,0,0,0
921,0,null,0,0,0
922,0,null,0,0,0
923,1,primary_proton,1,1,1
924,0,null,0,0,0
925,0,null,0,0,0
926,0,null,0,0,0
927,0,null,0,0,0
928,0,null,0,0,0
929,0,null,0,0,0
930,1,primary_proton,1,1,1
931,0,null,0,0,0
932,2227,e+,1,1,1
933,0,null,0,0,0
934,0,null,0,0,0
935,0,null,0,0,0
936,0,null,0,0,0
937,0,null,0,0,0
938,0,null,0,0,0
939,0,null,0,0,0
940,0,null,0,0,0
941,0,null,0,0,0
942,0,null,0,0,0
943,0,null,0,0,0
944,0,null,0,0,0
945,1,primary_proton,1,1,0
946,0,null,0,0,0
947,0,null,0,0,0
948,0,null,0,0,0
949,0,null,0,0,0
950,0,null,0,0,0
951,0,null,0,0,0
952,0,null,0,0,0
953,9,pi+,1,1,0
954,0,null,0,0,0
955,0,null,0,0,0
956,0,null,0,0,0
957,0,null,0,0,0
958,0,null,0,0,0
959,0,null,0,0,0
960,0,null,0,0,0
961,0,null,0,0,0
962,0,null,0,0,0
963,0,null,0,0,0
964,0,null,0,0,0
965,0,null,0,0,0
966,0,null,0,0,0
967,0,null,0,0,0
968,0,null,0,0,0
969,0,null,0,0,0
970,0,null,0,0,0
865,1,primary_proton,1,1,1
866,0,null,0,0,0
867,0,null,0,0,0
868,0,null,0,0,0
869,0,null,0,0,0
870,0,null,0,0,0
871,0,null,0,0,0
872,0,null,0,0,0
873,0,null,0,0,0
874,0,null,0,0,0
875,0,null,0,0,0
876,0,null,0,0,0
877,0,null,0,0,0
878,12,pi+,1,1,1
879,0,null,0,0,0
880,0,null,0,0,0
881,0,null,0,0,0
882,0,null,0,0,0
883,0,null,0,0,0
884,0,null,0,0,0
885,0,null,0,0,0
886,0,null,0,0,0
887,0,null,0,0,0
888,0,null,0,0,0
889,0,null,0,0,0
890,0,null,0,0,0
891,0,null,0,0,0
892,0,null,0,0,0
893,0,null,0,0,0
894,0,null,0,0,0
895,0,null,0,0,0
896,2,secondary_proton,1,1,1
897,0,null,0,0,0
898,0,null,0,0,0
899,0,null,0,0,0
900,0,null,0,0,0
901,0,null,0,0,0
902,0,null,0,0,0
903,0,null,0,0,0
904,0,null,0,0,0
905,0,null,0,0,0
906,0,null,0,0,0
907,0,null,0,0,0
908,0,null,0,0,0
909,0,null,0,0,0
980,0,null,0,0,0
981,0,null,0,0,0
982,10,pi+,1,1,0
983,0,null,0,0,0
984,0,null,0,0,0
985,0,null,0,0,0
986,0,null,0,0,0
987,0,null,0,0,0
988,0,null,0,0,0
989,0,null,0,0,0
990,0,null,0,0,0
991,0,null,0,0,0
992,0,null,0,0,0
993,0,null,0,0,0
994,0,null,0,0,0
995,0,null,0,0,0
996,0,null,0,0,0
997,0,null,0,0,0
998,0,null,0,0,0
999,0,null,0,0,0
972,0,null,0,0,0
973,11,secondary_proton,1,1,1
974,0,null,0,0,0
975,0,null,0,0,0
976,0,null,0,0,0
977,0,null,0,0,0
978,0,null,0,0,0
979,0,null,0,0,0
1050,1,primary_proton,1,1,1
1051,0,null,0,0,0
1052,0,null,0,0,0
1053,0,null,0,0,0
1054,0,null,0,0,0
1055,0,null,0,0,0
1056,0,null,0,0,0
1057,0,null,0,0,0
1058,0,null,0,0,0
1059,0,null,0,0,0
1060,0,null,0,0,0
1061,0,null,0,0,0
1062,0,null,0,0,0
1063,1,primary_proton,1,1,1
1064,0,null,0,0,0
1065,1,primary_proton,1,1,1
1066,0,null,0,0,0
1067,0,null,0,0,0
1068,0,null,0,0,0
1069,0,null,0,0,0
1070,0,null,0,0,0
1071,0,null,0,0,0
1072,0,null,0,0,0
1073,0,null,0,0,0
1074,0,null,0,0,0
1075,0,null,0,0,0
1076,0,null,0,0,0
1077,0,null,0,0,0
1078,0,null,0,0,0
1079,0,null,0,0,0
1080,0,null,0,0,0
1081,0,null,0,0,0
1082,0,null,0,0,0
1083,0,null,0,0,0
1084,0,null,0,0,0
1085,0,null,0,0,0
1086,0,null,0,0,0
1087,0,null,0,0,0
1088,0,null,0,0,0
1089,4,secondary_proton,1,1,1
1090,0,null,0,0,0
1091,1,primary_proton,1,1,1
1092,0,null,0,0,0
1093,0,null,0,0,0
1094,0,null,0,0,0
1095,0,null,0,0,0
1096,0,null,0,0,0
1097,0,null,0,0,0
1098,0,null,0,0,0
1099,0,null,0,0,0
1000,0,null,0,0,0
1001,0,null,0,0,0
1002,0,null,0,0,0
1003,0,null,0,0,0
1004,0,null,0,0,0
1005,0,null,0,0,0
1006,0,null,0,0,0
1007,0,null,0,0,0
1008,7,secondary_proton,1,1,1
1009,1375,secondary_proton,1,1,0
1010,0,null,0,0,0
1011,0,null,0,0,0
1012,0,null,0,0,0
1013,0,null,0,0,0
1014,0,null,0,0,0
1015,0,null,0,0,0
1016,0,null,0,0,0
1017,0,null,0,0,0
1018,0,null,0,0,0
1019,0,null,0,0,0
1020,0,null,0,0,0
1021,0,null,0,0,0
1022,0,null,0,0,0
1023,0,null,0,0,0
1024,0,null,0,0,0
1025,0,null,0,0,0
1026,0,null,0,0,0
1027,0,null,0,0,0
1028,6,pi-,1,1,1
1029,0,null,0,0,0
1030,0,null,0,0,0
1031,0,null,0,0,0
1032,0,null,0,0,0
1033,0,null,0,0,0
1034,0,null,0,0,0
1035,0,null,0,0,0
1036,0,null,0,0,0
1037,0,null,0,0,0
1038,0,null,0,0,0
1039,0,null,0,0,0
1040,0,null,0,0,0
1041,0,null,0,0,0
1042,0,null,0,0,0
1043,0,null,0,0,0
1044,0,null,0,0,0
1045,0,null,0,0,0
1046,0,null,0,0,0
1047,0,null,0,0,0
1048,0,null,0,0,0
1049,0,null,0,0,0
1120,0,null,0,0,0
1121,0,null,0,0,0
1122,0,null,0,0,0
1123,0,null,0,0,0
1124,0,null,0,0,0
1125,0,null,0,0,0
1126,0,null,0,0,0
1127,0,null,0,0,0
1128,1,primary_proton,1,1,1
1129,0,null,0,0,0
1130,0,null,0,0,0
1131,0,null,0,0,0
1132,0,null,0,0,0
1133,0,null,0,0,0
1134,0,null,0,0,0
1135,0,null,0,0,0
1136,0,null,0,0,0
1137,0,null,0,0,0
1138,0,null,0,0,0
1139,0,null,0,0,0
1140,0,null,0,0,0
1141,0,null,0,0,0
1142,0,null,0,0,0
1143,0,null,0,0,0
1144,0,null,0,0,0
1145,0,null,0,0,0
1146,0,null,0,0,0
1147,0,null,0,0,0
1148,0,null,0,0,0
1149,0,null,0,0,0
1150,0,null,0,0,0
1100,0,null,0,0,0
1101,0,null,0,0,0
1102,0,null,0,0,0
1103,0,null,0,0,0
1104,0,null,0,0,0
1105,1,primary_proton,1,1,1
1106,0,null,0,0,0
1107,1665,e-,1,0,0
1108,0,null,0,0,0
1109,0,null,0,0,0
1110,0,null,0,0,0
1111,0,null,0,0,0
1112,0,null,0,0,0
1113,0,null,0,0,0
1114,0,null,0,0,0
1115,0,null,0,0,0
1116,0,null,0,0,0
1117,0,null,0,0,0
1118,0,null,0,0,0
1119,0,null,0,0,0
1190,0,null,0,0,0
1191,0,null,0,0,0
1192,0,null,0,0,0
1193,0,null,0,0,0
1194,0,null,0,0,0
1195,0,null,0,0,0
1196,0,null,0,0,0
1197,0,null,0,0,0
1198,0,null,0,0,0
1199,0,null,0,0,0
1151,0,null,0,0,0
1152,0,null,0,0,0
1153,0,null,0,0,0
1154,0,null,0,0,0
1155,0,null,0,0,0
1156,0,null,0,0,0
1157,0,null,0,0,0
1158,0,null,0,0,0
1159,0,null,0,0,0
1160,0,null,0,0,0
1161,0,null,0,0,0
1162,0,null,0,0,0
1163,0,null,0,0,0
1164,0,null,0,0,0
1165,0,null,0,0,0
1166,0,null,0,0,0
1167,0,null,0,0,0
1168,0,null,0,0,0
1169,0,null,0,0,0
1170,11,pi+,1,1,1
1171,0,null,0,0,0
1172,1,primary_proton,1,1,1
1173,0,null,0,0,0
1174,0,null,0,0,0
1175,0,null,0,0,0
1176,0,null,0,0,0
1177,0,null,0,0,0
1178,0,null,0,0,0
1179,0,null,0,0,0
1180,0,null,0,0,0
1181,0,null,0,0,0
1182,0,null,0,0,0
1183,0,null,0,0,0
1184,0,null,0,0,0
1185,0,null,0,0,0
1186,0,null,0,0,0
1187,0,null,0,0,0
1188,0,null,0,0,0
1189,0,null,0,0,0
1260,0,null,0,0,0
1261,0,null,0,0,0
1262,0,null,0,0,0
1263,0,null,0,0,0
1264,1,primary_proton,1,1,1
1265,0,null,0,0,0
1266,0,null,0,0,0
1267,0,null,0,0,0
1268,0,null,0,0,0
1269,0,null,0,0,0
1270,0,null,0,0,0
1271,0,null,0,0,0
1272,0,null,0,0,0
1273,0,null,0,0,0
1274,0,null,0,0,0
1275,0,null,0,0,0
1276,0,null,0,0,0
1277,0,null,0,0,0
1278,0,null,0,0,0
1279,0,null,0,0,0
1280,0,null,0,0,0
1281,0,null,0,0,0
1282,0,null,0,0,0
1283,0,null,0,0,0
1284,0,null,0,0,0
1285,0,null,0,0,0
1286,1,primary_proton,1,1,1
1200,0,null,0,0,0
1201,0,null,0,0,0
1202,0,null,0,0,0
1203,0,null,0,0,0
1204,0,null,0,0,0
1205,0,null,0,0,0
1206,1048,secondary_proton,1,1,0
1207,0,null,0,0,0
1208,0,null,0,0,0
1209,0,null,0,0,0
1210,0,null,0,0,0
1211,0,null,0,0,0
1212,0,null,0,0,0
1213,0,null,0,0,0
1214,0,null,0,0,0
1215,0,null,0,0,0
1216,10,pi-,1,1,1
1217,0,null,0,0,0
1218,0,null,0,0,0
1219,0,null,0,0,0
1220,0,null,0,0,0
1221,0,null,0,0,0
1222,0,null,0,0,0
1223,1,primary_proton,1,1,1
1224,0,null,0,0,0
1225,0,null,0,0,0
1226,0,null,0,0,0
1227,0,null,0,0,0
1228,0,null,0,0,0
1229,0,null,0,0,0
1230,0,null,0,0,0
1231,0,null,0,0,0
1232,0,null,0,0,0
1233,0,null,0,0,0
1234,0,null,0,0,0
1235,0,null,0,0,0
1236,0,null,0,0,0
1237,0,null,0,0,0
1238,0,null,0,0,0
1239,0,null,0,0,0
1240,0,null,0,0,0
1241,17,pi+,1,1,1
1242,0,null,0,0,0
1243,0,null,0,0,0
1244,0,null,0,0,0
1245,0,null,0,0,0
1246,0,null,0,0,0
1247,0,null,0,0,0
1248,0,null,0,0,0
1249,0,null,0,0,0
1250,0,null,0,0,0
1251,0,null,0,0,0
1252,0,null,0,0,0
1253,0,null,0,0,0
1254,0,null,0,0,0
1255,0,null,0,0,0
1256,1,primary_proton,1,1,1
1257,0,null,0,0,0
1258,0,null,0,0,0
1259,0,null,0,0,0
1330,0,null,0,0,0
1331,0,null,0,0,0
1332,14,pi+,1,0,0
1333,0,null,0,0,0
1334,0,null,0,0,0
1335,0,null,0,0,0
1336,0,null,0,0,0
1337,0,null,0,0,0
1338,0,null,0,0,0
1339,0,null,0,0,0
1340,0,null,0,0,0
1341,0,null,0,0,0
1342,0,null,0,0,0
1343,0,null,0,0,0
1287,1,primary_proton,1,1,1
1288,0,null,0,0,0
1289,0,null,0,0,0
1290,1,primary_proton,1,1,1
1291,0,null,0,0,0
1292,0,null,0,0,0
1293,0,null,0,0,0
1294,0,null,0,0,0
1295,0,null,0,0,0
1296,0,null,0,0,0
1297,0,null,0,0,0
1298,0,null,0,0,0
1299,0,null,0,0,0
1300,0,null,0,0,0
1301,0,null,0,0,0
1302,0,null,0,0,0
1303,0,null,0,0,0
1304,0,null,0,0,0
1305,0,null,0,0,0
1306,0,null,0,0,0
1307,0,null,0,0,0
1308,0,null,0,0,0
1309,0,null,0,0,0
1310,0,null,0,0,0
1311,0,null,0,0,0
1312,0,null,0,0,0
1313,0,null,0,0,0
1314,0,null,0,0,0
1315,0,null,0,0,0
1316,0,null,0,0,0
1317,0,null,0,0,0
1318,0,null,0,0,0
1319,0,null,0,0,0
1320,2,secondary_proton,1,1,0
1321,0,null,0,0,0
1322,0,null,0,0,0
1323,0,null,0,0,0
1324,0,null,0,0,0
1325,0,null,0,0,0
1326,0,null,0,0,0
1327,0,null,0,0,0
1328,0,null,0,0,0
1329,0,null,0,0,0
1345,0,null,0,0,0
1346,0,null,0,0,0
1347,0,null,0,0,0
1348,0,null,0,0,0
1349,0,null,0,0,0
1350,19,pi-,1,1,1
1351,0,null,0,0,0
1352,0,null,0,0,0
1353,0,null,0,0,0
1354,0,null,0,0,0
1355,0,null,0,0,0
1356,0,null,0,0,0
1357,0,null,0,0,0
1358,0,null,0,0,0
1359,0,null,0,0,0
1360,0,null,0,0,0
1361,0,null,0,0,0
1362,0,null,0,0,0
1363,0,null,0,0,0
1364,0,null,0,0,0
1365,0,null,0,0,0
1366,0,null,0,0,0
1367,0,null,0,0,0
1368,0,null,0,0,0
1369,0,null,0,0,0
1370,0,null,0,0,0
1371,0,null,0,0,0
1372,0,null,0,0,0
1373,0,null,0,0,0
1374,0,null,0,0,0
1375,0,null,0,0,0
1376,0,null,0,0,0
1377,0,null,0,0,0
1378,0,null,0,0,0
1379,0,null,0,0,0
1380,0,null,0,0,0
1381,0,null,0,0,0
1382,7,secondary_proton,1,1,1
1383,0,null,0,0,0
1384,0,null,0,0,0
1385,0,null,0,0,0
1386,0,null,0,0,0
1387,0,null,0,0,0
1388,0,null,0,0,0
1389,0,null,0,0,0
1390,0,null,0,0,0
1391,0,null,0,0,0
1392,0,null,0,0,0
1393,0,null,0,0,0
1394,0,null,0,0,0
1395,0,null,0,0,0
1396,0,null,0,0,0
1397,0,null,0,0,0
1398,0,null,0,0,0
1399,0,null,0,0,0
1470,0,null,0,0,0
1471,0,null,0,0,0
1472,18,pi+,1,1,1
1473,0,null,0,0,0
1474,0,null,0,0,0
1475,0,null,0,0,0
1476,0,null,0,0,0
1477,0,null,0,0,0
1478,0,null,0,0,0
1479,0,null,0,0,0
1480,5,pi+,1,0,0
1481,0,null,0,0,0
1482,0,null,0,0,0
1483,0,null,0,0,0
1484,0,null,0,0,0
1485,0,null,0,0,0
1486,0,null,0,0,0
1487,0,null,0,0,0
1488,0,null,0,0,0
1489,0,null,0,0,0
1490,0,null,0,0,0
1491,0,null,0,0,0
1492,0,null,0,0,0
1493,0,null,0,0,0
1494,0,null,0,0,0
1495,0,null,0,0,0
1496,0,null,0,0,0
1497,0,null,0,0,0
1498,0,null,0,0,0
1499,0,null,0,0,0
1400,0,null,0,0,0
1401,0,null,0,0,0
1402,0,null,0,0,0
1403,0,null,0,0,0
1404,0,null,0,0,0
1405,0,null,0,0,0
1406,0,null,0,0,0
1407,0,null,0,0,0
1408,0,null,0,0,0
1409,0,null,0,0,0
1410,0,null,0,0,0
1411,0,null,0,0,0
1412,0,null,0,0,0
1413,0,null,0,0,0
1414,1,primary_proton,1,1,1
1415,0,null,0,0,0
1416,0,null,0,0,0
1417,0,null,0,0,0
1418,0,null,0,0,0
1419,0,null,0,0,0
1420,0,null,0,0,0
1421,0,null,0,0,0
1422,0,null,0,0,0
1423,0,null,0,0,0
1424,0,null,0,0,0
1425,0,null,0,0,0
1426,0,null,0,0,0
1427,0,null,0,0,0
1428,0,null,0,0,0
1429,0,null,0,0,0
1430,0,null,0,0,0
1431,0,null,0,0,0
1432,0,null,0,0,0
1433,0,null,0,0,0
1434,0,null,0,0,0
1435,0,null,0,0,0
1436,0,null,0,0,0
1437,0,null,0,0,0
1438,0,null,0,0,0
1439,3,pi+,1,0,0
1440,0,null,0,0,0
1441,0,null,0,0,0
1442,0,null,0,0,0
1443,0,null,0,0,0
1444,0,null,0,0,0
1445,0,null,0,0,0
1446,0,null,0,0,0
1447,0,null,0,0,0
1448,0,null,0,0,0
1449,0,null,0,0,0
1450,0,null,0,0,0
1451,0,null,0,0,0
1452,0,null,0,0,0
1453,0,null,0,0,0
1454,5,pi+,1,1,1
1455,0,null,0,0,0
1456,0,null,0,0,0
1457,0,null,0,0,0
1458,1,primary_proton,1,1,1
1459,0,null,0,0,0
1460,0,null,0,0,0
1461,0,null,0,0,0
1462,0,null,0,0,0
1463,7,pi+,1,1,1
1464,0,null,0,0,0
1465,0,null,0,0,0
1466,0,null,0,0,0
1467,0,null,0,0,0
1468,0,null,0,0,0
1469,0,null,0,0,0
1540,0,null,0,0,0
1541,0,null,0,0,0
1542,0,null,0,0,0
1543,0,null,0,0,0
1544,0,null,0,0,0
1545,1,primary_proton,1,1,1
1546,0,null,0,0,0
1547,0,null,0,0,0
1548,0,null,0,0,0
1549,0,null,0,0,0
1550,0,null,0,0,0
1551,0,null,0,0,0
1552,0,null,0,0,0
1553,0,null,0,0,0
1554,0,null,0,0,0
1555,0,null,0,0,0
1556,0,null,0,0,0
1557,0,null,0,0,0
1558,0,null,0,0,0
1559,0,null,0,0,0
1560,0,null,0,0,0
1561,0,null,0,0,0
1562,0,null,0,0,0
1563,0,null,0,0,0
1564,2,secondary_proton,1,1,1
1565,0,null,0,0,0
1566,0,null,0,0,0
1567,0,null,0,0,0
1568,0,null,0,0,0
1569,0,null,0,0,0
1570,0,null,0,0,0
1571,0,null,0,0,0
1572,0,null,0,0,0
1573,0,null,0,0,0
1574,0,null,0,0,0
1575,0,null,0,0,0
1576,0,null,0,0,0
1577,0,null,0,0,0
1578,0,null,0,0,0
1579,0,null,0,0,0
1580,0,null,0,0,0
1581,0,null,0,0,0
1582,0,null,0,0,0
1583,0,null,0,0,0
1584,0,null,0,0,0
1585,0,null,0,0,0
1586,0,null,0,0,0
1587,0,null,0,0,0
1588,0,null,0,0,0
1589,0,null,0,0,0
1590,0,null,0,0,0
1591,0,null,0,0,0
1592,0,null,0,0,0
1593,0,null,0,0,0
1594,0,null,0,0,0
1595,0,null,0,0,0
1596,0,null,0,0,0
1597,0,null,0,0,0
1598,0,null,0,0,0
1599,0,null,0,0,0
1500,0,null,0,0,0
1501,0,null,0,0,0
1502,0,null,0,0,0
1503,1,primary_proton,1,1,1
1504,3,secondary_proton,1,1,1
1505,0,null,0,0,0
1506,0,null,0,0,0
1507,0,null,0,0,0
1508,0,null,0,0,0
1509,0,null,0,0,0
1510,0,null,0,0,0
1511,0,null,0,0,0
1512,0,null,0,0,0
1513,1001,pi-,1,1,0
1514,0,null,0,0,0
1515,0,null,0,0,0
1516,0,null,0,0,0
1517,0,null,0,0,0
1518,1,primary_proton,1,1,1
1519,0,null,0,0,0
1520,0,null,0,0,0
1521,0,null,0,0,0
1522,0,null,0,0,0
1523,0,null,0,0,0
1524,0,null,0,0,0
1525,0,null,0,0,0
1526,0,null,0,0,0
1527,0,null,0,0,0
1528,0,null,0,0,0
1529,0,null,0,0,0
1530,0,null,0,0,0
1531,0,null,0,0,0
1532,0,null,0,0,0
1533,0,null,0,0,0
1534,0,null,0,0,0
1535,1,primary_proton,1,1,1
1536,0,null,0,0,0
1537,0,null,0,0,0
1538,0,null,0,0,0
1539,0,null,0,0,0
1680,0,null,0,0,0
1681,0,null,0,0,0
1682,0,null,0,0,0
1683,0,null,0,0,0
1684,0,null,0,0,0
1685,1,primary_proton,1,1,1
1686,0,null,0,0,0
1687,0,null,0,0,0
1688,0,null,0,0,0
1689,0,null,0,0,0
1690,0,null,0,0,0
1691,0,null,0,0,0
1692,0,null,0,0,0
1693,0,null,0,0,0
1694,0,null,0,0,0
1695,0,null,0,0,0
1696,0,null,0,0,0
1697,0,null,0,0,0
1698,0,null,0,0,0
1699,0,null,0,0,0
1600,0,null,0,0,0
1601,0,null,0,0,0
1602,2473,e+,1,1,0
1603,0,null,0,0,0
1604,0,null,0,0,0
1605,0,null,0,0,0
1606,0,null,0,0,0
1607,0,null,0,0,0
1608,0,null,0,0,0
1609,0,null,0,0,0
1610,0,null,0,0,0
1611,0,null,0,0,0
1612,0,null,0,0,0
1613,0,null,0,0,0
1614,0,null,0,0,0
1615,0,null,0,0,0
1616,0,null,0,0,0
1617,0,null,0,0,0
1618,0,null,0,0,0
1619,0,null,0,0,0
1620,0,null,0,0,0
1621,0,null,0,0,0
1622,0,null,0,0,0
1623,0,null,0,0,0
1624,0,null,0,0,0
1625,0,null,0,0,0
1626,1,primary_proton,1,1,1
1627,0,null,0,0,0
1628,0,null,0,0,0
1629,0,null,0,0,0
1630,0,null,0,0,0
1631,0,null,0,0,0
1632,0,null,0,0,0
1633,0,null,0,0,0
1634,0,null,0,0,0
1635,34,kaon+,1,1,1
1636,1,primary_proton,1,1,1
1637,0,null,0,0,0
1638,0,null,0,0,0
1639,0,null,0,0,0
1640,0,null,0,0,0
1641,0,null,0,0,0
1642,0,null,0,0,0
1643,0,null,0,0,0
1644,0,null,0,0,0
1645,0,null,0,0,0
1646,0,null,0,0,0
1647,0,null,0,0,0
1648,0,null,0,0,0
1649,0,null,0,0,0
1650,0,null,0,0,0
1651,0,null,0,0,0
1652,0,null,0,0,0
1653,0,null,0,0,0
1654,0,null,0,0,0
1655,0,null,0,0,0
1656,0,null,0,0,0
1657,0,null,0,0,0
1658,0,null,0,0,0
1659,0,null,0,0,0
1660,0,null,0,0,0
1661,0,null,0,0,0
1662,0,null,0,0,0
1663,0,null,0,0,0
1664,0,null,0,0,0
1665,0,null,0,0,0
1666,0,null,0,0,0
1667,0,null,0,0,0
1668,0,null,0,0,0
1669,0,null,0,0,0
1670,0,null,0,0,0
1671,0,null,0,0,0
1672,0,null,0,0,0
1673,10,secondary_proton,1,1,0
1674,0,null,0,0,0
1675,0,null,0,0,0
1676,0,null,0,0,0
1700,0,null,0,0,0
1701,0,null,0,0,0
1702,0,null,0,0,0
1703,0,null,0,0,0
1704,0,null,0,0,0
1705,0,null,0,0,0
1706,0,null,0,0,0
1707,0,null,0,0,0
1708,0,null,0,0,0
1709,0,null,0,0,0
1710,0,null,0,0,0
1711,0,null,0,0,0
1712,0,null,0,0,0
1713,0,null,0,0,0
1714,0,null,0,0,0
1715,0,null,0,0,0
1716,0,null,0,0,0
1717,0,null,0,0,0
1718,0,null,0,0,0
1719,0,null,0,0,0
1720,0,null,0,0,0
1721,0,null,0,0,0
1722,0,null,0,0,0
1723,0,null,0,0,0
1724,0,null,0,0,0
1725,0,null,0,0,0
1726,0,null,0,0,0
1727,0,null,0,0,0
1728,0,null,0,0,0
1729,0,null,0,0,0
1730,0,null,0,0,0
1731,0,null,0,0,0
1732,0,null,0,0,0
1733,0,null,0,0,0
1734,0,null,0,0,0
1735,0,null,0,0,0
1736,0,null,0,0,0
1737,0,null,0,0,0
1738,0,null,0,0,0
1739,0,null,0,0,0
1740,0,null,0,0,0
1741,0,null,0,0,0
1742,0,null,0,0,0
1743,1,primary_proton,1,1,1
1744,0,null,0,0,0
1745,0,null,0,0,0
1746,0,null,0,0,0
1747,0,null,0,0,0
1748,0,null,0,0,0
1749,0,null,0,0,0
1750,1,primary_proton,1,1,1
1751,0,null,0,0,0
1752,0,null,0,0,0
1753,0,null,0,0,0
1754,0,null,0,0,0
1755,0,null,0,0,0
1756,0,null,0,0,0
1757,0,null,0,0,0
1758,0,null,0,0,0
1759,0,null,0,0,0
1760,0,null,0,0,0
1761,0,null,0,0,0
1762,0,null,0,0,0
1763,0,null,0,0,0
1764,0,null,0,0,0
1765,0,null,0,0,0
1766,0,null,0,0,0
1767,0,null,0,0,0
1768,0,null,0,0,0
1769,0,null,0,0,0
1770,0,null,0,0,0
1771,0,null,0,0,0
1772,0,null,0,0,0
1773,0,null,0,0,0
1774,0,null,0,0,0
1775,0,null,0,0,0
1776,0,null,0,0,0
1777,0,null,0,0,0
1778,129,pi-,1,1,1
1779,1,primary_proton,1,1,1
1780,0,null,0,0,0
1781,0,null,0,0,0
1782,0,null,0,0,0
1784,0,null,0,0,0
1785,0,null,0,0,0
1786,0,null,0,0,0
1787,0,null,0,0,0
1788,0,null,0,0,0
1789,0,null,0,0,0
1790,0,null,0,0,0
1791,0,null,0,0,0
1792,0,null,0,0,0
1793,0,null,0,0,0
1794,0,null,0,0,0
1795,0,null,0,0,0
1796,0,null,0,0,0
1797,0,null,0,0,0
1798,0,null,0,0,0
1799,6,secondary_proton,1,1,1
1800,0,null,0,0,0
1801,11,pi-,1,0,0
1802,0,null,0,0,0
1803,0,null,0,0,0
1804,0,null,0,0,0
1805,0,null,0,0,0
1806,0,null,0,0,0
1807,0,null,0,0,0
1808,0,null,0,0,0
1809,0,null,0,0,0
1810,0,null,0,0,0
1811,1,primary_proton,1,1,1
1812,0,null,0,0,0
1813,0,null,0,0,0
1814,0,null,0,0,0
1815,1,primary_proton,1,1,1
1816,0,null,0,0,0
1817,0,null,0,0,0
1818,1,primary_proton,1,1,1
1819,0,null,0,0,0
1890,0,null,0,0,0
1891,0,null,0,0,0
1892,0,null,0,0,0
1893,0,null,0,0,0
1894,0,null,0,0,0
1895,0,null,0,0,0
1896,0,null,0,0,0
1897,0,null,0,0,0
1898,0,null,0,0,0
1899,0,null,0,0,0
1900,0,null,0,0,0
1901,0,null,0,0,0
1902,0,null,0,0,0
1903,0,null,0,0,0
1904,0,null,0,0,0
1905,0,null,0,0,0
1906,0,null,0,0,0
1907,0,null,0,0,0
1908,0,null,0,0,0
1909,0,null,0,0,0
1910,0,null,0,0,0
1911,0,null,0,0,0
1912,0,null,0,0,0
1913,0,null,0,0,0
1914,0,null,0,0,0
1915,0,null,0,0,0
1916,0,null,0,0,0
1917,0,null,0,0,0
1918,0,null,0,0,0
1919,0,null,0,0,0
1920,0,null,0,0,0
1921,0,null,0,0,0
1922,0,null,0,0,0
1923,0,null,0,0,0
1924,0,null,0,0,0
1925,0,null,0,0,0
1926,0,null,0,0,0
1927,0,null,0,0,0
1928,1,primary_proton,1,1,1
1929,0,null,0,0,0
1930,0,null,0,0,0
1931,0,null,0,0,0
1932,0,null,0,0,0
1933,0,null,0,0,0
1934,0,null,0,0,0
1935,0,null,0,0,0
1936,0,null,0,0,0
1937,0,null,0,0,0
1938,0,null,0,0,0
1939,0,null,0,0,0
1940,0,null,0,0,0
1941,0,null,0,0,0
1942,0,null,0,0,0
1943,0,null,0,0,0
1944,0,null,0,0,0
1945,0,null,0,0,0
1946,0,null,0,0,0
1947,0,null,0,0,0
1948,0,null,0,0,0
1949,0,null,0,0,0
1950,0,null,0,0,0
1951,0,null,0,0,0
1952,0,null,0,0,0
1953,0,null,0,0,0
1954,0,null,0,0,0
1955,0,null,0,0,0
1956,0,null,0,0,0
1957,0,null,0,0,0
1958,0,null,0,0,0
1959,0,null,0,0,0
1960,0,null,0,0,0
1961,0,null,0,0,0
1962,0,null,0,0,0
1963,0,null,0,0,0
1964,0,null,0,0,0
1965,0,null,0,0,0
1966,0,null,0,0,0
1967,0,null,0,0,0
1968,0,null,0,0,0
1969,0,null,0,0,0
1970,0,null,0,0,0
1971,0,null,0,0,0
1972,0,null,0,0,0
1973,0,null,0,0,0
1974,0,null,0,0,0
1975,0,null,0,0,0
1976,6,pi-,1,1,1
1977,0,null,0,0,0
1978,0,null,0,0,0
1979,0,null,0,0,0
1980,0,null,0,0,0
1981,0,null,0,0,0
1982,0,null,0,0,0
1983,0,null,0,0,0
1984,0,null,0,0,0
1985,0,null,0,0,0
1986,0,null,0,0,0
1987,0,null,0,0,0
1988,0,null,0,0,0
1989,0,null,0,0,0
1990,0,null,0,0,0
1991,0,null,0,0,0
1992,0,null,0,0,0
1993,0,null,0,0,0
1994,0,null,0,0,0
1995,0,null,0,0,0
1996,0,null,0,0,0
1997,0,null,0,0,0
1998,0,null,0,0,0
1999,0,null,0,0,0
1677,0,null,0,0,0
1678,0,null,0,0,0
1679,26,pi+,1,1,1
1820,0,null,0,0,0
1821,0,null,0,0,0
1822,0,null,0,0,0
1823,0,null,0,0,0
1824,10,pi-,1,1,1
1825,0,null,0,0,0
1826,0,null,0,0,0
1827,0,null,0,0,0
1828,0,null,0,0,0
1829,0,null,0,0,0
1830,0,null,0,0,0
1831,0,null,0,0,0
1832,0,null,0,0,0
1833,0,null,0,0,0
1834,0,null,0,0,0
1835,0,null,0,0,0
1836,0,null,0,0,0
1837,0,null,0,0,0
1838,0,null,0,0,0
1839,0,null,0,0,0
1840,0,null,0,0,0
1841,0,null,0,0,0
1842,0,null,0,0,0
1843,0,null,0,0,0
1844,0,null,0,0,0
1845,9,pi-,1,1,1
1846,0,null,0,0,0
1847,0,null,0,0,0
1848,0,null,0,0,0
1849,0,null,0,0,0
1850,0,null,0,0,0
1851,0,null,0,0,0
1852,0,null,0,0,0
1853,0,null,0,0,0
1854,0,null,0,0,0
1855,0,null,0,0,0
1856,0,null,0,0,0
1857,0,null,0,0,0
1858,0,null,0,0,0
1859,0,null,0,0,0
1860,0,null,0,0,0
1861,0,null,0,0,0
1862,0,null,0,0,0
1863,1,primary_proton,1,1,1
1864,0,null,0,0,0
1865,0,null,0,0,0
1866,0,null,0,0,0
1867,0,null,0,0,0
1868,0,null,0,0,0
1869,0,null,0,0,0
1870,0,null,0,0,0
1871,0,null,0,0,0
1872,0,null,0,0,0
1873,0,null,0,0,0
1874,0,null,0,0,0
1875,0,null,0,0,0
1876,0,null,0,0,0
1877,0,null,0,0,0
1878,0,null,0,0,0
1879,0,null,0,0,0
1880,1,primary_proton,1,1,1
1881,0,null,0,0,0
1882,0,null,0,0,0
1883,0,null,0,0,0
1884,0,null,0,0,0
1885,0,null,0,0,0
1886,0,null,0,0,0
1887,28,pi-,1,1,0
1888,0,null,0,0,0
1889,0,null,0,0,0
2030,0,null,0,0,0
2031,0,null,0,0,0
2032,0,null,0,0,0
2033,0,null,0,0,0
2034,0,null,0,0,0
2035,0,null,0,0,0
2036,0,null,0,0,0
2037,0,null,0,0,0
2038,0,null,0,0,0
2039,0,null,0,0,0
2040,0,null,0,0,0
2041,0,null,0,0,0
2042,0,null,0,0,0
2043,0,null,0,0,0
2044,0,null,0,0,0
2045,0,null,0,0,0
2046,0,null,0,0,0
2047,0,null,0,0,0
2048,0,null,0,0,0
2049,0,null,0,0,0
2050,0,null,0,0,0
2051,0,null,0,0,0
2052,0,null,0,0,0
2053,0,null,0,0,0
2054,0,null,0,0,0
2055,0,null,0,0,0
2056,0,null,0,0,0
2057,0,null,0,0,0
2058,0,null,0,0,0
2059,0,null,0,0,0
2060,0,null,0,0,0
2061,0,null,0,0,0
2062,0,null,0,0,0
2063,0,null,0,0,0
2064,0,null,0,0,0
2065,0,null,0,0,0
2066,0,null,0,0,0
2067,0,null,0,0,0
2068,0,null,0,0,0
2069,0,null,0,0,0
2070,0,null,0,0,0
2071,0,null,0,0,0
2072,0,null,0,0,0
2073,1,primary_proton,1,1,1
2074,0,null,0,0,0
2075,0,null,0,0,0
2076,0,null,0,0,0
2077,0,null,0,0,0
2078,0,null,0,0,0
2079,0,null,0,0,0
2080,0,null,0,0,0
2081,0,null,0,0,0
2082,0,null,0,0,0
2083,0,null,0,0,0
2084,0,null,0,0,0
2085,7,secondary_proton,1,1,0
2086,0,null,0,0,0
2087,0,null,0,0,0
2088,0,null,0,0,0
2089,0,null,0,0,0
2090,0,null,0,0,0
2091,0,null,0,0,0
2092,0,null,0,0,0
2093,0,null,0,0,0
2094,0,null,0,0,0
2095,5,secondary_proton,1,1,1
2096,0,null,0,0,0
2097,0,null,0,0,0
2098,0,null,0,0,0
2099,0,null,0,0,0
2000,0,null,0,0,0
2001,0,null,0,0,0
2002,0,null,0,0,0
2003,1745,e-,1,1,1
2004,0,null,0,0,0
2005,0,null,0,0,0
2006,0,null,0,0,0
2007,0,null,0,0,0
2008,0,null,0,0,0
2009,0,null,0,0,0
2010,0,null,0,0,0
2011,0,null,0,0,0
2012,0,null,0,0,0
2013,0,null,0,0,0
2014,0,null,0,0,0
2015,0,null,0,0,0
2016,7,secondary_proton,1,1,0
2017,0,null,0,0,0
2018,0,null,0,0,0
2019,0,null,0,0,0
2020,0,null,0,0,0
2021,0,null,0,0,0
2022,0,null,0,0,0
2023,0,null,0,0,0
2024,0,null,0,0,0
2025,0,null,0,0,0
2026,0,null,0,0,0
2027,6,secondary_proton,1,1,1
2028,0,null,0,0,0
2029,0,null,0,0,0
2170,0,null,0,0,0
2171,0,null,0,0,0
2172,0,null,0,0,0
2173,4,secondary_proton,1,1,0
2174,0,null,0,0,0
2175,0,null,0,0,0
2176,0,null,0,0,0
2177,0,null,0,0,0
2178,0,null,0,0,0
2179,0,null,0,0,0
2180,347,secondary_proton,1,1,0
2181,0,null,0,0,0
2182,0,null,0,0,0
2183,0,null,0,0,0
2184,0,null,0,0,0
2185,1,primary_proton,1,1,1
2186,0,null,0,0,0
2187,0,null,0,0,0
2188,0,null,0,0,0
2189,0,null,0,0,0
2190,0,null,0,0,0
2191,0,null,0,0,0
2192,0,null,0,0,0
2193,0,null,0,0,0
2194,0,null,0,0,0
2195,0,null,0,0,0
2196,8,secondary_proton,1,1,1
2197,0,null,0,0,0
2198,0,null,0,0,0
2199,0,null,0,0,0
2100,0,null,0,0,0
2101,0,null,0,0,0
2102,0,null,0,0,0
2103,0,null,0,0,0
2104,0,null,0,0,0
2105,0,null,0,0,0
2106,0,null,0,0,0
2107,0,null,0,0,0
2108,0,null,0,0,0
2109,0,null,0,0,0
2110,0,null,0,0,0
2111,0,null,0,0,0
2112,0,null,0,0,0
2113,0,null,0,0,0
2114,0,null,0,0,0
2115,1320,e-,1,1,1
2116,0,null,0,0,0
2117,0,null,0,0,0
2118,0,null,0,0,0
2119,0,null,0,0,0
2120,1,primary_proton,1,1,1
2121,0,null,0,0,0
2122,0,null,0,0,0
2123,0,null,0,0,0
2124,0,null,0,0,0
2125,0,null,0,0,0
2126,0,null,0,0,0
2127,0,null,0,0,0
2128,0,null,0,0,0
2129,0,null,0,0,0
2130,0,null,0,0,0
2131,0,null,0,0,0
2132,1,primary_proton,1,1,1
2133,0,null,0,0,0
2134,0,null,0,0,0
2135,0,null,0,0,0
2136,0,null,0,0,0
2137,0,null,0,0,0
2138,0,null,0,0,0
2139,0,null,0,0,0
2140,10,pi+,1,1,1
2141,0,null,0,0,0
2142,0,null,0,0,0
2143,0,null,0,0,0
2144,0,null,0,0,0
2145,0,null,0,0,0
2146,0,null,0,0,0
2147,0,null,0,0,0
2148,0,null,0,0,0
2149,0,null,0,0,0
2150,0,null,0,0,0
2151,0,null,0,0,0
2152,0,null,0,0,0
2153,0,null,0,0,0
2154,0,null,0,0,0
2155,0,null,0,0,0
2156,0,null,0,0,0
2157,0,null,0,0,0
2158,0,null,0,0,0
2159,0,null,0,0,0
2160,0,null,0,0,0
2161,0,null,0,0,0
2162,9,secondary_proton,1,1,1
2163,0,null,0,0,0
2164,0,null,0,0,0
2165,0,null,0,0,0
2166,0,null,0,0,0
2167,1,primary_proton,1,1,1
2168,0,null,0,0,0
2169,0,null,0,0,0
2240,0,null,0,0,0
2241,0,null,0,0,0
2242,0,null,0,0,0
2243,0,null,0,0,0
2244,0,null,0,0,0
2245,0,null,0,0,0
2246,0,null,0,0,0
2247,0,null,0,0,0
2248,0,null,0,0,0
2249,0,null,0,0,0
2250,5,secondary_proton,1,1,1
2251,0,null,0,0,0
2252,93,pi-,1,0,0
2253,0,null,0,0,0
2254,0,null,0,0,0
2255,0,null,0,0,0
2256,0,null,0,0,0
2257,0,null,0,0,0
2258,0,null,0,0,0
2259,0,null,0,0,0
2260,0,null,0,0,0
2261,5,pi+,1,0,0
2262,0,null,0,0,0
2263,0,null,0,0,0
2264,0,null,0,0,0
2265,0,null,0,0,0
2266,0,null,0,0,0
2267,0,null,0,0,0
2268,0,null,0,0,0
2269,0,null,0,0,0
2270,0,null,0,0,0
2271,0,null,0,0,0
2272,0,null,0,0,0
2273,0,null,0,0,0
2274,0,null,0,0,0
2275,0,null,0,0,0
2276,0,null,0,0,0
2277,0,null,0,0,0
2278,0,null,0,0,0
2279,1,primary_proton,1,1,1
2280,0,null,0,0,0
2281,0,null,0,0,0
2282,0,null,0,0,0
2283,0,null,0,0,0
2284,0,null,0,0,0
2285,0,null,0,0,0
2286,0,null,0,0,0
2287,13,pi-,1,0,0
2288,1,primary_proton,1,1,1
2289,0,null,0,0,0
2290,0,null,0,0,0
2291,0,null,0,0,0
2292,0,null,0,0,0
2293,0,null,0,0,0
2294,0,null,0,0,0
2295,0,null,0,0,0
2296,0,null,0,0,0
2297,0,null,0,0,0
2298,0,null,0,0,0
2299,0,null,0,0,0
2200,0,null,0,0,0
2201,0,null,0,0,0
2202,0,null,0,0,0
2203,0,null,0,0,0
2204,0,null,0,0,0
2205,0,null,0,0,0
2206,0,null,0,0,0
2207,3,pi+,1,1,1
2208,0,null,0,0,0
2209,0,null,0,0,0
2210,0,null,0,0,0
2211,13,pi-,1,1,1
2212,2011,pi+,1,1,1
2213,1,primary_proton,1,1,1
2214,0,null,0,0,0
2215,0,null,0,0,0
2216,0,null,0,0,0
2217,0,null,0,0,0
2218,0,null,0,0,0
2219,0,null,0,0,0
2220,1,primary_proton,1,1,1
2221,0,null,0,0,0
2222,0,null,0,0,0
2223,0,null,0,0,0
2224,1750,e+,1,0,0
2225,0,null,0,0,0
2226,0,null,0,0,0
2227,0,null,0,0,0
2228,0,null,0,0,0
2229,0,null,0,0,0
2230,0,null,0,0,0
2231,0,null,0,0,0
2232,0,null,0,0,0
2233,0,null,0,0,0
2234,1,primary_proton,1,1,1
2235,0,null,0,0,0
2236,0,null,0,0,0
2237,8,secondary_proton,1,0,0
2238,6,secondary_proton,1,1,1
2239,0,null,0,0,0
2380,0,null,0,0,0
2381,0,null,0,0,0
2382,0,null,0,0,0
2383,0,null,0,0,0
2384,0,null,0,0,0
2385,28,pi-,1,1,1
2386,0,null,0,0,0
2387,0,null,0,0,0
2388,0,null,0,0,0
2389,0,null,0,0,0
2390,0,null,0,0,0
2391,0,null,0,0,0
2392,0,null,0,0,0
2393,0,null,0,0,0
2394,0,null,0,0,0
2395,0,null,0,0,0
2396,0,null,0,0,0
2397,0,null,0,0,0
2398,0,null,0,0,0
2399,0,null,0,0,0
2300,0,null,0,0,0
2301,0,null,0,0,0
2302,0,null,0,0,0
2303,0,null,0,0,0
2304,0,null,0,0,0
2305,0,null,0,0,0
2306,0,null,0,0,0
2307,0,null,0,0,0
2308,0,null,0,0,0
2309,0,null,0,0,0
2310,0,null,0,0,0
2311,8,secondary_proton,1,1,1
2312,0,null,0,0,0
2313,0,null,0,0,0
2314,0,null,0,0,0
2315,0,null,0,0,0
2316,0,null,0,0,0
2317,0,null,0,0,0
2318,0,null,0,0,0
2319,0,null,0,0,0
2320,2574,e-,0,1,0
2321,0,null,0,0,0
2322,0,null,0,0,0
2323,0,null,0,0,0
2324,0,null,0,0,0
2325,0,null,0,0,0
2326,0,null,0,0,0
2327,0,null,0,0,0
2328,0,null,0,0,0
2329,0,null,0,0,0
2330,0,null,0,0,0
2331,0,null,0,0,0
2332,0,null,0,0,0
2333,0,null,0,0,0
2334,0,null,0,0,0
2335,1,primary_proton,1,1,1
2336,0,null,0,0,0
2337,0,null,0,0,0
2338,0,null,0,0,0
2339,0,null,0,0,0
2340,0,null,0,0,0
2341,0,null,0,0,0
2342,0,null,0,0,0
2343,0,null,0,0,0
2344,0,null,0,0,0
2345,0,null,0,0,0
2346,0,null,0,0,0
2347,0,null,0,0,0
2348,0,null,0,0,0
2349,0,null,0,0,0
2350,0,null,0,0,0
2351,0,null,0,0,0
2352,0,null,0,0,0
2353,0,null,0,0,0
2354,843,secondary_proton,1,1,0
2355,0,null,0,0,0
2356,0,null,0,0,0
2357,0,null,0,0,0
2358,0,null,0,0,0
2359,0,null,0,0,0
2360,0,null,0,0,0
2361,0,null,0,0,0
2362,0,null,0,0,0
2363,0,null,0,0,0
2364,0,null,0,0,0
2365,0,null,0,0,0
2366,0,null,0,0,0
2367,0,null,0,0,0
2368,0,null,0,0,0
2369,0,null,0,0,0
2370,0,null,0,0,0
2371,18,pi-,1,1,1
2372,0,null,0,0,0
2373,0,null,0,0,0
2374,0,null,0,0,0
2375,0,null,0,0,0
2376,0,null,0,0,0
2400,0,null,0,0,0
2401,0,null,0,0,0
2402,0,null,0,0,0
2403,0,null,0,0,0
2404,0,null,0,0,0
2405,0,null,0,0,0
2406,0,null,0,0,0
2407,0,null,0,0,0
2408,0,null,0,0,0
2409,0,null,0,0,0
2410,0,null,0,0,0
2411,0,null,0,0,0
2412,0,null,0,0,0
2413,0,null,0,0,0
2414,0,null,0,0,0
2415,0,null,0,0,0
2416,0,null,0,0,0
2417,0,null,0,0,0
2418,0,null,0,0,0
2419,0,null,0,0,0
2420,0,null,0,0,0
2421,0,null,0,0,0
2422,0,null,0,0,0
2423,0,null,0,0,0
2424,0,null,0,0,0
2425,0,null,0,0,0
2426,0,null,0,0,0
2427,0,null,0,0,0
2428,1,primary_proton,1,1,1
2429,0,null,0,0,0
2430,1,primary_proton,1,1,1
2431,0,null,0,0,0
2432,0,null,0,0,0
2433,1,primary_proton,1,1,1
2434,0,null,0,0,0
2435,0,null,0,0,0
2436,0,null,0,0,0
2437,0,null,0,0,0
2438,0,null,0,0,0
2439,0,null,0,0,0
2440,0,null,0,0,0
2441,0,null,0,0,0
2442,0,null,0,0,0
2443,0,null,0,0,0
2444,809,e-,1,0,0
2445,0,null,0,0,0
2446,0,null,0,0,0
2447,0,null,0,0,0
2448,0,null,0,0,0
2449,0,null,0,0,0
2450,0,null,0,0,0
2451,0,null,0,0,0
2452,0,null,0,0,0
2453,0,null,0,0,0
2454,0,null,0,0,0
2455,0,null,0,0,0
2456,0,null,0,0,0
2457,0,null,0,0,0
2458,0,null,0,0,0
2459,0,null,0,0,0
2460,0,null,0,0,0
2461,0,null,0,0,0
2462,0,null,0,0,0
2463,0,null,0,0,0
2464,0,null,0,0,0
2465,0,null,0,0,0
2466,0,null,0,0,0
2467,0,null,0,0,0
2468,0,null,0,0,0
2469,9,secondary_proton,1,1,1
2470,0,null,0,0,0
2471,0,null,0,0,0
2472,0,null,0,0,0
2473,0,null,0,0,0
2474,0,null,0,0,0
2475,0,null,0,0,0
2476,0,null,0,0,0
2477,0,null,0,0,0
2478,0,null,0,0,0
2479,0,null,0,0,0
2480,0,null,0,0,0
2481,0,null,0,0,0
2482,0,null,0,0,0
2483,0,null,0,0,0
2484,0,null,0,0,0
2485,0,null,0,0,0
2486,0,null,0,0,0
2487,0,null,0,0,0
2488,0,null,0,0,0
2489,0,null,0,0,0
2490,0,null,0,0,0
2491,0,null,0,0,0
2492,0,null,0,0,0
2493,0,null,0,0,0
2494,0,null,0,0,0
2495,0,null,0,0,0
2496,0,null,0,0,0
2497,0,null,0,0,0
2498,0,null,0,0,0
2499,0,null,0,0,0
2500,0,null,0,0,0
2501,0,null,0,0,0
2502,0,null,0,0,0
2503,0,null,0,0,0
2504,0,null,0,0,0
2505,0,null,0,0,0
2506,0,null,0,0,0
2507,0,null,0,0,0
2508,0,null,0,0,0
2509,0,null,0,0,0
2510,0,null,0,0,0
2511,0,null,0,0,0
2512,0,null,0,0,0
2513,0,null,0,0,0
2514,0,null,0,0,0
2515,0,null,0,0,0
2516,0,null,0,0,0
2517,0,null,0,0,0
2518,0,null,0,0,0
2519,0,null,0,0,0
2590,0,null,0,0,0
2591,0,null,0,0,0
2592,0,null,0,0,0
2593,0,null,0,0,0
2594,0,null,0,0,0
2595,0,null,0,0,0
2596,0,null,0,0,0
2597,0,null,0,0,0
2598,0,null,0,0,0
2599,0,null,0,0,0
2378,0,null,0,0,0
2379,0,null,0,0,0
2520,0,null,0,0,0
2521,0,null,0,0,0
2522,0,null,0,0,0
2523,0,null,0,0,0
2524,0,null,0,0,0
2525,0,null,0,0,0
2526,0,null,0,0,0
2527,0,null,0,0,0
2528,0,null,0,0,0
2529,0,null,0,0,0
2530,0,null,0,0,0
2531,0,null,0,0,0
2532,0,null,0,0,0
2533,0,null,0,0,0
2534,0,null,0,0,0
2535,4086,e-,0,1,0
2536,0,null,0,0,0
2537,0,null,0,0,0
2538,0,null,0,0,0
2539,0,null,0,0,0
2540,0,null,0,0,0
2541,0,null,0,0,0
2542,0,null,0,0,0
2543,1,primary_proton,1,1,1
2544,0,null,0,0,0
2545,0,null,0,0,0
2546,0,null,0,0,0
2547,0,null,0,0,0
2548,0,null,0,0,0
2549,0,null,0,0,0
2550,0,null,0,0,0
2551,0,null,0,0,0
2552,0,null,0,0,0
2553,0,null,0,0,0
2554,0,null,0,0,0
2555,2076,secondary_proton,1,0,0
2556,0,null,0,0,0
2557,0,null,0,0,0
2558,0,null,0,0,0
2559,0,null,0,0,0
2560,0,null,0,0,0
2561,4,kaon+,1,1,0
2562,0,null,0,0,0
2563,0,null,0,0,0
2564,0,null,0,0,0
2565,0,null,0,0,0
2566,0,null,0,0,0
2567,0,null,0,0,0
2568,0,null,0,0,0
2569,0,null,0,0,0
2570,0,null,0,0,0
2571,0,null,0,0,0
2572,0,null,0,0,0
2573,0,null,0,0,0
2574,0,null,0,0,0
2575,0,null,0,0,0
2576,0,null,0,0,0
2577,0,null,0,0,0
2578,0,null,0,0,0
2579,0,null,0,0,0
2580,0,null,0,0,0
2581,0,null,0,0,0
2582,0,null,0,0,0
2583,0,null,0,0,0
2584,0,null,0,0,0
2585,0,null,0,0,0
2586,0,null,0,0,0
2587,0,null,0,0,0
2588,0,null,0,0,0
2589,0,null,0,0,0
2660,0,null,0,0,0
2661,12,pi-,1,1,1
2662,0,null,0,0,0
2663,0,null,0,0,0
2664,1,primary_proton,1,1,1
2665,0,null,0,0,0
2666,0,null,0,0,0
2667,0,null,0,0,0
2668,0,null,0,0,0
2600,0,null,0,0,0
2601,0,null,0,0,0
2602,0,null,0,0,0
2603,0,null,0,0,0
2604,0,null,0,0,0
2605,0,null,0,0,0
2606,0,null,0,0,0
2607,0,null,0,0,0
2608,0,null,0,0,0
2609,0,null,0,0,0
2610,0,null,0,0,0
2611,0,null,0,0,0
2612,0,null,0,0,0
2613,0,null,0,0,0
2614,0,null,0,0,0
2615,0,null,0,0,0
2616,0,null,0,0,0
2617,0,null,0,0,0
2618,0,null,0,0,0
2619,4,secondary_proton,1,1,1
2620,0,null,0,0,0
2621,0,null,0,0,0
2622,0,null,0,0,0
2623,0,null,0,0,0
2624,0,null,0,0,0
2625,0,null,0,0,0
2626,0,null,0,0,0
2627,0,null,0,0,0
2628,0,null,0,0,0
2629,0,null,0,0,0
2630,0,null,0,0,0
2631,0,null,0,0,0
2632,0,null,0,0,0
2633,0,null,0,0,0
2634,1,primary_proton,1,1,1
2635,0,null,0,0,0
2636,0,null,0,0,0
2637,0,null,0,0,0
2638,1,primary_proton,1,1,1
2639,0,null,0,0,0
2640,0,null,0,0,0
2641,1,primary_proton,1,1,1
2642,0,null,0,0,0
2643,0,null,0,0,0
2644,0,null,0,0,0
2645,0,null,0,0,0
2646,0,null,0,0,0
2647,0,null,0,0,0
2648,0,null,0,0,0
2649,0,null,0,0,0
2650,0,null,0,0,0
2651,0,null,0,0,0
2652,0,null,0,0,0
2653,0,null,0,0,0
2654,0,null,0,0,0
2655,1,primary_proton,1,1,1
2656,0,null,0,0,0
2657,0,null,0,0,0
2658,0,null,0,0,0
2659,0,null,0,0,0
2730,0,null,0,0,0
2731,0,null,0,0,0
2732,0,null,0,0,0
2733,0,null,0,0,0
2734,0,null,0,0,0
2735,0,null,0,0,0
2736,0,null,0,0,0
2737,0,null,0,0,0
2738,0,null,0,0,0
2669,0,null,0,0,0
2670,0,null,0,0,0
2671,0,null,0,0,0
2672,0,null,0,0,0
2673,0,null,0,0,0
2674,0,null,0,0,0
2675,1,primary_proton,1,1,1
2676,0,null,0,0,0
2677,0,null,0,0,0
2678,0,null,0,0,0
2679,0,null,0,0,0
2680,0,null,0,0,0
2681,0,null,0,0,0
2682,0,null,0,0,0
2683,0,null,0,0,0
2684,0,null,0,0,0
2685,0,null,0,0,0
2686,0,null,0,0,0
2687,0,null,0,0,0
2688,0,null,0,0,0
2689,10,pi-,1,1,1
2690,0,null,0,0,0
2691,0,null,0,0,0
2692,1,primary_proton,1,1,1
2693,0,null,0,0,0
2694,0,null,0,0,0
2695,0,null,0,0,0
2696,0,null,0,0,0
2697,0,null,0,0,0
2698,1,primary_proton,1,1,1
2699,0,null,0,0,0
2740,0,null,0,0,0
2741,0,null,0,0,0
2742,0,null,0,0,0
2743,0,null,0,0,0
2744,0,null,0,0,0
2745,0,null,0,0,0
2746,0,null,0,0,0
2747,0,null,0,0,0
2748,0,null,0,0,0
2749,1,primary_proton,1,1,1
2750,0,null,0,0,0
2751,0,null,0,0,0
2752,0,null,0,0,0
2753,0,null,0,0,0
2754,0,null,0,0,0
2755,0,null,0,0,0
2756,0,null,0,0,0
2757,0,null,0,0,0
2758,0,null,0,0,0
2759,10,pi-,1,1,1
2760,0,null,0,0,0
2761,3,secondary_proton,1,0,0
2762,0,null,0,0,0
2763,0,null,0,0,0
2764,0,null,0,0,0
2765,0,null,0,0,0
2766,0,null,0,0,0
2767,0,null,0,0,0
2768,0,null,0,0,0
2769,0,null,0,0,0
2770,0,null,0,0,0
2771,0,null,0,0,0
2772,0,null,0,0,0
2773,0,null,0,0,0
2774,0,null,0,0,0
2775,0,null,0,0,0
2776,0,null,0,0,0
2777,0,null,0,0,0
2778,0,null,0,0,0
2779,3,secondary_proton,1,1,0
2780,0,null,0,0,0
2781,0,null,0,0,0
2782,0,null,0,0,0
2783,0,null,0,0,0
2784,0,null,0,0,0
2785,0,null,0,0,0
2786,0,null,0,0,0
2787,0,null,0,0,0
2788,0,null,0,0,0
2789,0,null,0,0,0
2790,0,null,0,0,0
2791,0,null,0,0,0
2792,0,null,0,0,0
2793,0,null,0,0,0
2794,0,null,0,0,0
2795,0,null,0,0,0
2796,0,null,0,0,0
2797,0,null,0,0,0
2798,0,null,0,0,0
2799,0,null,0,0,0
2700,0,null,0,0,0
2701,0,null,0,0,0
2702,0,null,0,0,0
2703,0,null,0,0,0
2704,0,null,0,0,0
2705,0,null,0,0,0
2706,0,null,0,0,0
2707,0,null,0,0,0
2708,0,null,0,0,0
2709,0,null,0,0,0
2710,3,secondary_proton,1,1,1
2711,1,primary_proton,1,1,1
2712,0,null,0,0,0
2713,0,null,0,0,0
2714,0,null,0,0,0
2715,0,null,0,0,0
2716,0,null,0,0,0
2717,0,null,0,0,0
2718,0,null,0,0,0
2719,0,null,0,0,0
2720,0,null,0,0,0
2721,1,primary_proton,1,1,1
2722,0,null,0,0,0
2723,0,null,0,0,0
2724,0,null,0,0,0
2725,0,null,0,0,0
2726,0,null,0,0,0
2727,0,null,0,0,0
2728,0,null,0,0,0
2729,0,null,0,0,0
2870,0,null,0,0,0
2871,0,null,0,0,0
2872,0,null,0,0,0
2873,0,null,0,0,0
2874,0,null,0,0,0
2875,0,null,0,0,0
2876,0,null,0,0,0
2877,0,null,0,0,0
2878,0,null,0,0,0
2879,0,null,0,0,0
2880,0,null,0,0,0
2881,0,null,0,0,0
2882,0,null,0,0,0
2883,0,null,0,0,0
2884,0,null,0,0,0
2885,0,null,0,0,0
2886,0,null,0,0,0
2887,0,null,0,0,0
2888,0,null,0,0,0
2889,0,null,0,0,0
2890,0,null,0,0,0
2891,0,null,0,0,0
2892,0,null,0,0,0
2893,0,null,0,0,0
2894,0,null,0,0,0
2895,0,null,0,0,0
2896,0,null,0,0,0
2897,0,null,0,0,0
2898,0,null,0,0,0
2899,0,null,0,0,0
2800,0,null,0,0,0
2801,0,null,0,0,0
2802,0,null,0,0,0
2803,0,null,0,0,0
2804,0,null,0,0,0
2805,0,null,0,0,0
2806,0,null,0,0,0
2807,0,null,0,0,0
2808,0,null,0,0,0
2809,0,null,0,0,0
2810,1561,e+,1,1,1
2811,0,null,0,0,0
2812,0,null,0,0,0
2813,0,null,0,0,0
2814,0,null,0,0,0
2815,1864,secondary_proton,1,1,0
2816,7,pi+,1,1,1
2817,0,null,0,0,0
2818,0,null,0,0,0
2819,0,null,0,0,0
2820,0,null,0,0,0
2821,0,null,0,0,0
2822,0,null,0,0,0
2823,0,null,0,0,0
2824,0,null,0,0,0
2825,1,primary_proton,1,1,1
2826,0,null,0,0,0
2827,0,null,0,0,0
2828,0,null,0,0,0
2829,0,null,0,0,0
2830,0,null,0,0,0
2831,0,null,0,0,0
2832,0,null,0,0,0
2833,0,null,0,0,0
2834,1,primary_proton,1,1,1
2835,0,null,0,0,0
2836,0,null,0,0,0
2837,0,null,0,0,0
2838,0,null,0,0,0
2839,0,null,0,0,0
2840,0,null,0,0,0
2841,0,null,0,0,0
2842,0,null,0,0,0
2843,0,null,0,0,0
2844,4083,e-,0,1,0
2845,0,null,0,0,0
2846,0,null,0,0,0
2847,0,null,0,0,0
2848,0,null,0,0,0
2849,0,null,0,0,0
2850,0,null,0,0,0
2851,0,null,0,0,0
2852,0,null,0,0,0
2853,0,null,0,0,0
2854,0,null,0,0,0
2855,0,null,0,0,0
2856,0,null,0,0,0
2857,867,e-,1,1,1
2858,0,null,0,0,0
2859,0,null,0,0,0
2860,0,null,0,0,0
2861,0,null,0,0,0
2862,0,null,0,0,0
2863,0,null,0,0,0
2864,0,null,0,0,0
2865,0,null,0,0,0
2900,0,null,0,0,0
2901,0,null,0,0,0
2902,0,null,0,0,0
2903,0,null,0,0,0
2904,0,null,0,0,0
2905,0,null,0,0,0
2906,0,null,0,0,0
2907,0,null,0,0,0
2908,0,null,0,0,0
2909,0,null,0,0,0
2910,0,null,0,0,0
2911,1,primary_proton,1,1,1
2912,0,null,0,0,0
2913,0,null,0,0,0
2914,0,null,0,0,0
2915,0,null,0,0,0
2916,0,null,0,0,0
2917,1,primary_proton,1,1,0
2918,0,null,0,0,0
2919,0,null,0,0,0
2920,1,primary_proton,1,1,1
2921,0,null,0,0,0
2922,0,null,0,0,0
2923,0,null,0,0,0
2924,1,primary_proton,1,1,0
2925,0,null,0,0,0
2926,0,null,0,0,0
2927,0,null,0,0,0
2928,0,null,0,0,0
2929,0,null,0,0,0
2930,0,null,0,0,0
2931,0,null,0,0,0
2932,0,null,0,0,0
2933,0,null,0,0,0
2934,0,null,0,0,0
2935,0,null,0,0,0
2936,1,primary_proton,1,1,1
2937,2689,pi-,1,1,1
2938,0,null,0,0,0
2939,0,null,0,0,0
3010,0,null,0,0,0
3011,0,null,0,0,0
3012,0,null,0,0,0
3013,1,primary_proton,1,1,1
3014,0,null,0,0,0
3015,0,null,0,0,0
3016,1,primary_proton,1,1,1
3017,0,null,0,0,0
3018,0,null,0,0,0
3019,0,null,0,0,0
2866,405,e-,1,1,1
2867,0,null,0,0,0
2868,0,null,0,0,0
2869,0,null,0,0,0
2940,0,null,0,0,0
2941,0,null,0,0,0
2942,1518,pi-,1,0,0
2943,0,null,0,0,0
2944,0,null,0,0,0
2945,0,null,0,0,0
2946,0,null,0,0,0
2947,0,null,0,0,0
2948,0,null,0,0,0
2949,0,null,0,0,0
2950,0,null,0,0,0
2951,0,null,0,0,0
2952,0,null,0,0,0
2953,0,null,0,0,0
2954,0,null,0,0,0
2955,0,null,0,0,0
2956,0,null,0,0,0
2957,0,null,0,0,0
2958,0,null,0,0,0
2959,0,null,0,0,0
2960,0,null,0,0,0
2961,0,null,0,0,0
2962,0,null,0,0,0
2963,0,null,0,0,0
2964,0,null,0,0,0
2965,0,null,0,0,0
2966,0,null,0,0,0
2967,0,null,0,0,0
2968,0,null,0,0,0
2969,0,null,0,0,0
2970,10,pi+,1,1,1
2971,0,null,0,0,0
2972,0,null,0,0,0
2973,0,null,0,0,0
2974,0,null,0,0,0
2975,0,null,0,0,0
2976,0,null,0,0,0
2977,0,null,0,0,0
2978,0,null,0,0,0
2979,0,null,0,0,0
2980,0,null,0,0,0
2981,0,null,0,0,0
2982,0,null,0,0,0
2983,0,null,0,0,0
2984,0,null,0,0,0
2985,0,null,0,0,0
2986,0,null,0,0,0
2987,0,null,0,0,0
2988,0,null,0,0,0
2989,7,pi+,1,1,1
2990,0,null,0,0,0
2991,0,null,0,0,0
2992,0,null,0,0,0
2993,0,null,0,0,0
2994,0,null,0,0,0
2995,0,null,0,0,0
2996,0,null,0,0,0
2997,0,null,0,0,0
2998,8,secondary_proton,1,1,1
2999,0,null,0,0,0
3000,0,null,0,0,0
3001,0,null,0,0,0
3002,0,null,0,0,0
3003,0,null,0,0,0
3004,0,null,0,0,0
3005,0,null,0,0,0
3006,0,null,0,0,0
3007,0,null,0,0,0
3008,0,null,0,0,0
3009,0,null,0,0,0
3080,0,null,0,0,0
3081,0,null,0,0,0
3082,0,null,0,0,0
3083,0,null,0,0,0
3084,0,null,0,0,0
3085,0,null,0,0,0
3086,0,null,0,0,0
3087,11,pi+,1,1,1
3088,0,null,0,0,0
3089,0,null,0,0,0
3090,0,null,0,0,0
3091,0,null,0,0,0
3092,0,null,0,0,0
3093,0,null,0,0,0
3094,0,null,0,0,0
3095,11,pi+,1,0,0
3096,0,null,0,0,0
3097,0,null,0,0,0
3098,0,null,0,0,0
3099,0,null,0,0,0
3021,0,null,0,0,0
3022,0,null,0,0,0
3023,4,pi+,1,1,1
3024,0,null,0,0,0
3025,0,null,0,0,0
3026,0,null,0,0,0
3027,589,e-,1,1,1
3028,0,null,0,0,0
3029,0,null,0,0,0
3030,0,null,0,0,0
3031,0,null,0,0,0
3032,0,null,0,0,0
3033,0,null,0,0,0
3034,0,null,0,0,0
3035,0,null,0,0,0
3036,0,null,0,0,0
3037,0,null,0,0,0
3038,0,null,0,0,0
3039,0,null,0,0,0
3040,0,null,0,0,0
3041,0,null,0,0,0
3042,0,null,0,0,0
3043,0,null,0,0,0
3044,5,secondary_proton,1,1,1
3045,0,null,0,0,0
3046,0,null,0,0,0
3047,2158,secondary_proton,1,1,1
3048,0,null,0,0,0
3049,0,null,0,0,0
3050,0,null,0,0,0
3051,0,null,0,0,0
3052,0,null,0,0,0
3053,0,null,0,0,0
3054,0,null,0,0,0
3055,0,null,0,0,0
3056,0,null,0,0,0
3057,0,null,0,0,0
3058,0,null,0,0,0
3059,0,null,0,0,0
3060,0,null,0,0,0
3061,0,null,0,0,0
3062,0,null,0,0,0
3063,0,null,0,0,0
3064,0,null,0,0,0
3065,0,null,0,0,0
3066,0,null,0,0,0
3067,0,null,0,0,0
3068,0,null,0,0,0
3069,0,null,0,0,0
3070,0,null,0,0,0
3071,0,null,0,0,0
3072,0,null,0,0,0
3073,0,null,0,0,0
3074,0,null,0,0,0
3075,0,null,0,0,0
3076,0,null,0,0,0
3077,0,null,0,0,0
3078,0,null,0,0,0
3079,0,null,0,0,0
3150,0,null,0,0,0
3151,0,null,0,0,0
3152,0,null,0,0,0
3153,0,null,0,0,0
3154,0,null,0,0,0
3155,0,null,0,0,0
3156,0,null,0,0,0
3157,0,null,0,0,0
3100,0,null,0,0,0
3101,0,null,0,0,0
3102,0,null,0,0,0
3103,0,null,0,0,0
3104,0,null,0,0,0
3105,0,null,0,0,0
3106,0,null,0,0,0
3107,0,null,0,0,0
3108,0,null,0,0,0
3109,0,null,0,0,0
3110,0,null,0,0,0
3111,0,null,0,0,0
3112,0,null,0,0,0
3113,0,null,0,0,0
3114,0,null,0,0,0
3115,7,pi+,1,1,1
3116,0,null,0,0,0
3117,0,null,0,0,0
3118,0,null,0,0,0
3119,1,primary_proton,1,1,1
3120,0,null,0,0,0
3121,0,null,0,0,0
3122,0,null,0,0,0
3123,0,null,0,0,0
3124,0,null,0,0,0
3125,0,null,0,0,0
3126,0,null,0,0,0
3127,0,null,0,0,0
3128,0,null,0,0,0
3129,0,null,0,0,0
3130,0,null,0,0,0
3131,0,null,0,0,0
3132,0,null,0,0,0
3133,0,null,0,0,0
3134,0,null,0,0,0
3135,0,null,0,0,0
3136,0,null,0,0,0
3137,0,null,0,0,0
3138,0,null,0,0,0
3139,0,null,0,0,0
3140,0,null,0,0,0
3141,0,null,0,0,0
3142,0,null,0,0,0
3143,0,null,0,0,0
3144,1,primary_proton,1,1,1
3145,0,null,0,0,0
3146,0,null,0,0,0
3147,0,null,0,0,0
3148,0,null,0,0,0
3149,0,null,0,0,0
3220,0,null,0,0,0
3221,0,null,0,0,0
3222,0,null,0,0,0
3223,0,null,0,0,0
3224,0,null,0,0,0
3225,0,null,0,0,0
3226,0,null,0,0,0
3227,0,null,0,0,0
3228,0,null,0,0,0
3229,0,null,0,0,0
3230,0,null,0,0,0
3231,0,null,0,0,0
3232,0,null,0,0,0
3158,6,pi+,1,1,1
3159,0,null,0,0,0
3160,0,null,0,0,0
3161,0,null,0,0,0
3162,0,null,0,0,0
3163,0,null,0,0,0
3164,0,null,0,0,0
3165,0,null,0,0,0
3166,0,null,0,0,0
3167,0,null,0,0,0
3168,0,null,0,0,0
3169,0,null,0,0,0
3170,0,null,0,0,0
3171,0,null,0,0,0
3172,1,primary_proton,1,1,1
3173,0,null,0,0,0
3174,9,pi-,1,1,1
3175,0,null,0,0,0
3176,0,null,0,0,0
3177,0,null,0,0,0
3178,0,null,0,0,0
3179,0,null,0,0,0
3180,0,null,0,0,0
3181,0,null,0,0,0
3182,8,pi-,1,0,0
3183,0,null,0,0,0
3184,2,secondary_proton,1,1,1
3185,0,null,0,0,0
3186,2,secondary_proton,1,1,1
3187,0,null,0,0,0
3188,1,primary_proton,1,1,1
3189,0,null,0,0,0
3190,0,null,0,0,0
3191,0,null,0,0,0
3192,0,null,0,0,0
3193,0,null,0,0,0
3194,1,primary_proton,1,1,1
3195,10,pi+,1,1,0
3196,0,null,0,0,0
3197,0,null,0,0,0
3198,0,null,0,0,0
3199,0,null,0,0,0
3233,1,primary_proton,1,1,1
3234,0,null,0,0,0
3235,0,null,0,0,0
3236,0,null,0,0,0
3237,1,primary_proton,1,1,1
3238,0,null,0,0,0
3239,1,primary_proton,1,1,1
3240,0,null,0,0,0
3241,0,null,0,0,0
3242,0,null,0,0,0
3243,0,null,0,0,0
3244,0,null,0,0,0
3245,0,null,0,0,0
3246,0,null,0,0,0
3247,9,pi-,1,1,1
3248,0,null,0,0,0
3249,0,null,0,0,0
3250,0,null,0,0,0
3251,0,null,0,0,0
3252,0,null,0,0,0
3253,0,null,0,0,0
3254,0,null,0,0,0
3255,0,null,0,0,0
3256,0,null,0,0,0
3257,0,null,0,0,0
3258,0,null,0,0,0
3259,0,null,0,0,0
3260,0,null,0,0,0
3261,0,null,0,0,0
3262,0,null,0,0,0
3263,0,null,0,0,0
3264,0,null,0,0,0
3265,0,null,0,0,0
3266,0,null,0,0,0
3267,0,null,0,0,0
3268,0,null,0,0,0
3269,0,null,0,0,0
3270,0,null,0,0,0
3271,0,null,0,0,0
3272,0,null,0,0,0
3273,0,null,0,0,0
3274,1,primary_proton,1,1,1
3275,0,null,0,0,0
3276,0,null,0,0,0
3277,0,null,0,0,0
3278,0,null,0,0,0
3279,0,null,0,0,0
3280,0,null,0,0,0
3281,0,null,0,0,0
3282,0,null,0,0,0
3283,0,null,0,0,0
3284,0,null,0,0,0
3285,0,null,0,0,0
3286,0,null,0,0,0
3287,0,null,0,0,0
3288,0,null,0,0,0
3289,0,null,0,0,0
3290,0,null,0,0,0
3291,0,null,0,0,0
3292,0,null,0,0,0
3293,1024,e+,1,1,1
3294,18,pi+,1,1,1
3295,0,null,0,0,0
3296,0,null,0,0,0
3297,0,null,0,0,0
3298,0,null,0,0,0
3299,1,primary_proton,1,1,1
3200,0,null,0,0,0
3201,0,null,0,0,0
3202,0,null,0,0,0
3203,0,null,0,0,0
3204,0,null,0,0,0
3205,0,null,0,0,0
3206,0,null,0,0,0
3207,0,null,0,0,0
3208,0,null,0,0,0
3209,0,null,0,0,0
3210,0,null,0,0,0
3211,0,null,0,0,0
3212,0,null,0,0,0
3213,0,null,0,0,0
3214,1,primary_proton,1,1,1
3215,0,null,0,0,0
3216,0,null,0,0,0
3217,0,null,0,0,0
3218,0,null,0,0,0
3219,0,null,0,0,0
3360,0,null,0,0,0
3361,0,null,0,0,0
3362,0,null,0,0,0
3363,0,null,0,0,0
3364,1,primary_proton,1,1,1
3365,0,null,0,0,0
3366,7,pi-,1,1,1
3367,0,null,0,0,0
3368,0,null,0,0,0
3369,0,null,0,0,0
3370,0,null,0,0,0
3371,0,null,0,0,0
3372,0,null,0,0,0
3373,0,null,0,0,0
3374,0,null,0,0,0
3375,0,null,0,0,0
3376,0,null,0,0,0
3377,0,null,0,0,0
3378,0,null,0,0,0
3379,1,primary_proton,1,1,1
3380,0,null,0,0,0
3381,0,null,0,0,0
3382,0,null,0,0,0
3383,0,null,0,0,0
3384,0,null,0,0,0
3385,0,null,0,0,0
3386,0,null,0,0,0
3387,0,null,0,0,0
3388,0,null,0,0,0
3389,0,null,0,0,0
3390,0,null,0,0,0
3391,0,null,0,0,0
3392,0,null,0,0,0
3393,0,null,0,0,0
3394,0,null,0,0,0
3395,0,null,0,0,0
3396,0,null,0,0,0
3397,0,null,0,0,0
3398,0,null,0,0,0
3399,0,null,0,0,0
3400,0,null,0,0,0
3401,1,primary_proton,1,1,1
3402,0,null,0,0,0
3403,0,null,0,0,0
3404,6,secondary_proton,1,1,1
3405,0,null,0,0,0
3406,0,null,0,0,0
3407,0,null,0,0,0
3408,0,null,0,0,0
3409,0,null,0,0,0
3410,1049,e-,1,1,1
3411,0,null,0,0,0
3412,0,null,0,0,0
3413,0,null,0,0,0
3414,0,null,0,0,0
3415,0,null,0,0,0
3416,0,null,0,0,0
3417,0,null,0,0,0
3418,0,null,0,0,0
3419,0,null,0,0,0
3420,0,null,0,0,0
3421,0,null,0,0,0
3422,0,null,0,0,0
3423,0,null,0,0,0
3424,0,null,0,0,0
3425,0,null,0,0,0
3426,0,null,0,0,0
3427,0,null,0,0,0
3428,0,null,0,0,0
3429,0,null,0,0,0
3500,0,null,0,0,0
3501,0,null,0,0,0
3502,0,null,0,0,0
3503,0,null,0,0,0
3504,0,null,0,0,0
3505,0,null,0,0,0
3506,0,null,0,0,0
3507,0,null,0,0,0
3508,0,null,0,0,0
3509,0,null,0,0,0
3510,0,null,0,0,0
3511,0,null,0,0,0
3512,0,null,0,0,0
3513,0,null,0,0,0
3514,0,null,0,0,0
3515,0,null,0,0,0
3516,0,null,0,0,0
3517,0,null,0,0,0
3518,0,null,0,0,0
3519,0,null,0,0,0
3520,0,null,0,0,0
3521,0,null,0,0,0
3522,0,null,0,0,0
3523,0,null,0,0,0
3524,0,null,0,0,0
3525,0,null,0,0,0
3526,0,null,0,0,0
3527,0,null,0,0,0
3528,0,null,0,0,0
3529,0,null,0,0,0
3530,0,null,0,0,0
3531,0,null,0,0,0
3532,0,null,0,0,0
3533,0,null,0,0,0
3534,0,null,0,0,0
3535,0,null,0,0,0
3536,0,null,0,0,0
3537,0,null,0,0,0
3538,0,null,0,0,0
3539,0,null,0,0,0
3540,0,null,0,0,0
3541,0,null,0,0,0
3542,0,null,0,0,0
3543,0,null,0,0,0
3544,0,null,0,0,0
3545,0,null,0,0,0
3546,0,null,0,0,0
3547,0,null,0,0,0
3548,0,null,0,0,0
3549,0,null,0,0,0
3550,0,null,0,0,0
3551,0,null,0,0,0
3552,0,null,0,0,0
3553,0,null,0,0,0
3554,0,null,0,0,0
3555,0,null,0,0,0
3556,0,null,0,0,0
3557,1,primary_proton,1,1,1
3558,0,null,0,0,0
3559,0,null,0,0,0
3560,0,null,0,0,0
3561,0,null,0,0,0
3562,0,null,0,0,0
3563,0,null,0,0,0
3564,0,null,0,0,0
3565,0,null,0,0,0
3566,0,null,0,0,0
3567,0,null,0,0,0
3568,0,null,0,0,0
3569,0,null,0,0,0
3570,0,null,0,0,0
3571,0,null,0,0,0
3572,0,null,0,0,0
3573,0,null,0,0,0
3574,0,null,0,0,0
3575,0,null,0,0,0
3576,0,null,0,0,0
3577,0,null,0,0,0
3578,0,null,0,0,0
3579,0,null,0,0,0
3580,0,null,0,0,0
3581,1,primary_proton,1,1,1
3582,0,null,0,0,0
3583,1310,e-,1,1,0
3584,0,nG4WT0 > ull,0,0,0
3585,0,null,0,0,0
3586,0,null,0,0,0
3587,0,null,0,0,0
3588,0,null,0,0,0
3589,0,null,0,0,0
3590,0,null,0,0,0
3591,0,null,0,0,0
3592,0,null,0,0,0
3593,0,null,0,0,0
3594,0,null,0,0,0
3595,0,null,0,0,0
3596,0,null,0,0,0
3597,0,null,0,0,0
3598,0,null,0,0,0
3599,0,null,0,0,0
3300,13,pi-,1,1,1
3301,0,null,0,0,0
3302,0,null,0,0,0
3303,0,null,0,0,0
3304,3,secondary_proton,1,1,1
3305,0,null,0,0,0
3306,0,null,0,0,0
3307,0,null,0,0,0
3308,0,null,0,0,0
3309,0,null,0,0,0
3310,0,null,0,0,0
3311,0,null,0,0,0
3312,0,null,0,0,0
3313,0,null,0,0,0
3314,0,null,0,0,0
3315,0,null,0,0,0
3316,4,secondary_proton,1,1,1
3317,0,null,0,0,0
3318,0,null,0,0,0
3319,0,null,0,0,0
3320,0,null,0,0,0
3321,0,null,0,0,0
3322,0,null,0,0,0
3323,0,null,0,0,0
3324,0,null,0,0,0
3325,0,null,0,0,0
3326,0,null,0,0,0
3327,0,null,0,0,0
3328,0,null,0,0,0
3329,0,null,0,0,0
3330,0,null,0,0,0
3331,0,null,0,0,0
3332,0,null,0,0,0
3333,0,null,0,0,0
3334,0,null,0,0,0
3335,0,null,0,0,0
3336,0,null,0,0,0
3337,0,null,0,0,0
3338,0,null,0,0,0
3339,0,null,0,0,0
3340,0,null,0,0,0
3341,0,null,0,0,0
3342,1,primary_proton,1,1,1
3343,0,null,0,0,0
3344,0,null,0,0,0
3345,0,null,0,0,0
3346,0,null,0,0,0
3347,0,null,0,0,0
3348,0,null,0,0,0
3349,0,null,0,0,0
3350,0,null,0,0,0
3351,0,null,0,0,0
3352,1,primary_proton,1,1,1
3353,0,null,0,0,0
3354,0,null,0,0,0
3355,0,null,0,0,0
3356,0,null,0,0,0
3357,0,null,0,0,0
3358,0,null,0,0,0
3359,0,null,0,0,0
3430,0,null,0,0,0
3431,0,null,0,0,0
3432,0,null,0,0,0
3433,0,null,0,0,0
3434,0,null,0,0,0
3435,0,null,0,0,0
3436,0,null,0,0,0
3437,0,null,0,0,0
3438,0,null,0,0,0
3439,0,null,0,0,0
3440,0,null,0,0,0
3441,0,null,0,0,0
3442,7,pi-,1,1,1
3443,0,null,0,0,0
3600,0,null,0,0,0
3601,0,null,0,0,0
3602,1,primary_proton,1,1,1
3603,0,null,0,0,0
3604,0,null,0,0,0
3605,0,null,0,0,0
3606,0,null,0,0,0
3607,0,null,0,0,0
3608,0,null,0,0,0
3609,0,null,0,0,0
3610,0,null,0,0,0
3611,0,null,0,0,0
3612,0,null,0,0,0
3613,0,null,0,0,0
3614,0,null,0,0,0
3615,0,null,0,0,0
3616,0,null,0,0,0
3617,0,null,0,0,0
3618,0,null,0,0,0
3619,0,null,0,0,0
3620,0,null,0,0,0
3621,0,null,0,0,0
3622,0,null,0,0,0
3623,0,null,0,0,0
3624,0,null,0,0,0
3625,0,null,0,0,0
3626,0,null,0,0,0
3627,0,null,0,0,0
3628,0,null,0,0,0
3629,1,primary_proton,1,1,1
3630,0,null,0,0,0
3631,0,null,0,0,0
3632,0,null,0,0,0
3633,0,null,0,0,0
3634,3,secondary_proton,1,0,0
3635,0,null,0,0,0
3636,0,null,0,0,0
3637,0,null,0,0,0
3638,0,null,0,0,0
3639,0,null,0,0,0
3640,0,null,0,0,0
3641,0,null,0,0,0
3642,0,null,0,0,0
3643,0,null,0,0,0
3644,0,null,0,0,0
3645,1,primary_proton,1,1,1
3646,0,null,0,0,0
3647,0,null,0,0,0
3648,0,null,0,0,0
3649,0,null,0,0,0
3650,0,null,0,0,0
3651,0,null,0,0,0
3652,0,null,0,0,0
3653,0,null,0,0,0
3654,0,null,0,0,0
3655,0,null,0,0,0
3656,0,null,0,0,0
3657,0,null,0,0,0
3658,0,null,0,0,0
3659,0,null,0,0,0
3660,0,null,0,0,0
3661,0,null,0,0,0
3662,0,null,0,0,0
3663,0,null,0,0,0
3664,0,null,0,0,0
3665,0,null,0,0,0
3666,0,null,0,0,0
3667,0,null,0,0,0
3668,0,null,0,0,0
3669,0,null,0,0,0
3670,0,null,0,0,0
3671,1,primary_proton,1,1,1
3672,0,null,0,0,0
3673,0,null,0,0,0
3674,0,null,0,0,0
3675,2310,e-,1,0,0
3676,0,null,0,0,0
3677,0,null,0,0,0
3678,0,null,0,0,0
3679,0,null,0,0,0
3680,0,null,0,0,0
3681,0,null,0,0,0
3682,0,null,0,0,0
3683,0,null,0,0,0
3684,0,null,0,0,0
3685,0,null,0,0,0
3686,0,null,0,0,0
3687,0,null,0,0,0
3688,0,null,0,0,0
3689,0,null,0,0,0
3690,0,null,0,0,0
3691,0,null,0,0,0
3692,0,null,0,0,0
3693,0,null,0,0,0
3694,0,null,0,0,0
3695,0,null,0,0,0
3696,0,null,0,0,0
3697,0,null,0,0,0
3698,0,null,0,0,0
3699,0,null,0,0,0
3444,776,e-,1,1,1
3445,0,null,0,0,0
3446,0,null,0,0,0
3447,0,null,0,0,0
3448,0,null,0,0,0
3449,0,null,0,0,0
3450,0,null,0,0,0
3451,6,pi+,1,1,1
3452,0,null,0,0,0
3453,0,null,0,0,0
3454,0,null,0,0,0
3455,0,null,0,0,0
3456,0,null,0,0,0
3457,0,null,0,0,0
3458,1,primary_proton,1,1,1
3459,0,null,0,0,0
3460,0,null,0,0,0
3461,0,null,0,0,0
3462,0,null,0,0,0
3463,0,null,0,0,0
3464,0,null,0,0,0
3465,0,null,0,0,0
3466,0,null,0,0,0
3467,0,null,0,0,0
3468,0,null,0,0,0
3469,0,null,0,0,0
3470,0,null,0,0,0
3471,0,null,0,0,0
3472,0,null,0,0,0
3473,0,null,0,0,0
3474,0,null,0,0,0
3475,0,null,0,0,0
3476,0,null,0,0,0
3477,0,null,0,0,0
3478,0,null,0,0,0
3479,0,null,0,0,0
3480,2,secondary_proton,1,1,1
3481,0,null,0,0,0
3482,0,null,0,0,0
3483,0,null,0,0,0
3484,0,null,0,0,0
3485,0,null,0,0,0
3486,0,null,0,0,0
3487,0,null,0,0,0
3488,0,null,0,0,0
3489,0,null,0,0,0
3490,0,null,0,0,0
3491,0,null,0,0,0
3492,1,primary_proton,1,1,1
3493,0,null,0,0,0
3494,0,null,0,0,0
3495,0,null,0,0,0
3496,0,null,0,0,0
3497,9,kaon+,1,1,1
3498,12,pi-,1,1,1
3499,0,null,0,0,0
3780,0,null,0,0,0
3781,0,null,0,0,0
3782,0,null,0,0,0
3783,0,null,0,0,0
3784,0,null,0,0,0
3785,0,null,0,0,0
3786,0,null,0,0,0
3787,0,null,0,0,0
3788,0,null,0,0,0
3789,0,null,0,0,0
3790,0,null,0,0,0
3791,0,null,0,0,0
3792,0,null,0,0,0
3793,0,null,0,0,0
3794,0,null,0,0,0
3795,0,null,0,0,0
3796,0,null,0,0,0
3797,0,null,0,0,0
3798,0,null,0,0,0
3799,0,null,0,0,0
3700,0,null,0,0,0
3701,0,null,0,0,0
3702,0,null,0,0,0
3703,1,primary_proton,1,1,1
3704,0,null,0,0,0
3705,0,null,0,0,0
3706,0,null,0,0,0
3707,0,null,0,0,0
3708,0,null,0,0,0
3709,0,null,0,0,0
3710,0,null,0,0,0
3711,0,null,0,0,0
3712,0,null,0,0,0
3713,0,null,0,0,0
3714,0,null,0,0,0
3715,0,null,0,0,0
3716,1,primary_proton,1,1,1
3717,0,null,0,0,0
3718,0,null,0,0,0
3719,0,null,0,0,0
3720,0,null,0,0,0
3721,0,null,0,0,0
3722,0,null,0,0,0
3723,0,null,0,0,0
3724,0,null,0,0,0
3725,0,null,0,0,0
3726,0,null,0,0,0
3727,0,null,0,0,0
3728,0,null,0,0,0
3729,0,null,0,0,0
3730,1,primary_proton,1,1,1
3731,0,null,0,0,0
3732,0,null,0,0,0
3733,0,null,0,0,0
3734,0,null,0,0,0
3735,0,null,0,0,0
3736,0,null,0,0,0
3737,0,null,0,0,0
3738,0,null,0,0,0
3739,0,null,0,0,0
3740,0,null,0,0,0
3741,0,null,0,0,0
3742,5,pi+,1,0,0
3743,0,null,0,0,0
3744,0,null,0,0,0
3745,1,primary_proton,1,1,1
3746,0,null,0,0,0
3747,0,null,0,0,0
3748,0,null,0,0,0
3749,0,null,0,0,0
3750,0,null,0,0,0
3751,0,null,0,0,0
3752,0,null,0,0,0
3753,0,null,0,0,0
3754,0,null,0,0,0
3755,0,null,0,0,0
3756,0,null,0,0,0
3757,0,null,0,0,0
3758,1,primary_proton,1,1,1
3759,0,null,0,0,0
3760,0,null,0,0,0
3761,0,null,0,0,0
3762,0,null,0,0,0
3763,0,null,0,0,0
3764,0,null,0,0,0
3765,0,null,0,0,0
3766,0,null,0,0,0
3767,0,null,0,0,0
3768,0,null,0,0,0
3769,0,null,0,0,0
3770,0,null,0,0,0
3771,0,null,0,0,0
3772,0,null,0,0,0
3773,2,secondary_proton,1,1,1
3774,0,null,0,0,0
3775,0,null,0,0,0
3776,0,null,0,0,0
3777,0,null,0,0,0
3778,0,null,0,0,0
3779,0,null,0,0,0
3850,0,null,0,0,0
3851,0,null,0,0,0
3852,0,null,0,0,0
3853,0,null,0,0,0
3854,0,null,0,0,0
3855,0,null,0,0,0
3856,0,null,0,0,0
3857,0,null,0,0,0
3858,0,null,0,0,0
3859,0,null,0,0,0
3860,0,null,0,0,0
3861,0,null,0,0,0
3862,0,null,0,0,0
3863,0,null,0,0,0
3864,0,null,0,0,0
3865,0,null,0,0,0
3866,0,null,0,0,0
3867,0,null,0,0,0
3868,0,null,0,0,0
3869,1,primary_proton,1,1,1
3870,0,null,0,0,0
3871,0,null,0,0,0
3872,0,null,0,0,0
3873,0,null,0,0,0
3874,0,null,0,0,0
3875,0,null,0,0,0
3876,0,null,0,0,0
3877,0,null,0,0,0
3878,0,null,0,0,0
3879,0,null,0,0,0
3880,0,null,0,0,0
3881,0,null,0,0,0
3882,0,null,0,0,0
3883,0,null,0,0,0
3884,0,null,0,0,0
3885,0,null,0,0,0
3886,0,null,0,0,0
3887,0,null,0,0,0
3888,0,null,0,0,0
3889,0,null,0,0,0
3890,0,null,0,0,0
3891,0,null,0,0,0
3892,0,null,0,0,0
3893,0,null,0,0,0
3894,0,null,0,0,0
3895,0,null,0,0,0
3896,0,null,0,0,0
3897,0,null,0,0,0
3898,0,null,0,0,0
3899,0,null,0,0,0
3900,0,null,0,0,0
3901,0,null,0,0,0
3902,0,null,0,0,0
3903,1,primary_proton,1,1,1
3904,0,null,0,0,0
3905,0,null,0,0,0
3906,0,null,0,0,0
3907,0,null,0,0,0
3908,0,null,0,0,0
3909,0,null,0,0,0
3910,0,null,0,0,0
3911,0,null,0,0,0
3912,0,null,0,0,0
3913,0,null,0,0,0
3914,0,null,0,0,0
3915,0,null,0,0,0
3916,0,null,0,0,0
3917,0,null,0,0,0
3918,0,null,0,0,0
3919,0,null,0,0,0
3990,0,null,0,0,0
3991,0,null,0,0,0
3992,0,null,0,0,0
3993,0,null,0,0,0
3994,0,null,0,0,0
3995,0,null,0,0,0
3996,0,null,0,0,0
3997,9,pi-,1,1,1
3998,0,null,0,0,0
3999,0,null,0,0,0
3800,0,null,0,0,0
3801,0,null,0,0,0
3802,0,null,0,0,0
3803,0,null,0,0,0
3804,0,null,0,0,0
3805,1,primary_proton,1,1,1
3806,0,null,0,0,0
3807,0,null,0,0,0
3808,0,null,0,0,0
3809,0,null,0,0,0
3810,11,pi-,1,0,0
3811,0,null,0,0,0
3812,0,null,0,0,0
3813,0,null,0,0,0
3814,0,null,0,0,0
3815,0,null,0,0,0
3816,0,null,0,0,0
3817,0,null,0,0,0
3818,0,null,0,0,0
3819,0,null,0,0,0
3820,3022,pi-,1,1,0
3821,0,null,0,0,0
3822,0,null,0,0,0
3823,0,null,0,0,0
3824,0,null,0,0,0
3825,0,null,0,0,0
3826,0,null,0,0,0
3827,0,null,0,0,0
3828,0,null,0,0,0
3829,0,null,0,0,0
3830,0,null,0,0,0
3831,0,null,0,0,0
3832,0,null,0,0,0
3833,1,primary_proton,1,1,1
3834,3,secondary_proton,1,1,1
3835,0,null,0,0,0
3836,0,null,0,0,0
3837,0,null,0,0,0
3838,1,primary_proton,1,1,1
3839,0,null,0,0,0
3840,0,null,0,0,0
3841,0,null,0,0,0
3842,0,null,0,0,0
3843,0,null,0,0,0
3844,0,null,0,0,0
3845,0,null,0,0,0
3846,0,null,0,0,0
3847,0,null,0,0,0
3848,2173,secondary_proton,1,1,0
3849,0,null,0,0,0
3920,0,null,0,0,0
3921,0,null,0,0,0
3922,0,null,0,0,0
3923,0,null,0,0,0
3924,0,null,0,0,0
3925,0,null,0,0,0
3926,0,null,0,0,0
3927,0,null,0,0,0
3928,0,null,0,0,0
3929,0,null,0,0,0
3930,0,null,0,0,0
3931,0,null,0,0,0
3932,0,null,0,0,0
3933,0,null,0,0,0
3934,1,primary_proton,1,1,1
3935,0,null,0,0,0
3936,0,null,0,0,0
3937,0,null,0,0,0
3938,0,null,0,0,0
3939,0,null,0,0,0
3940,0,null,0,0,0
3941,0,null,0,0,0
3942,0,null,0,0,0
3943,0,null,0,0,0
3944,0,null,0,0,0
3945,0,null,0,0,0
3947,0,null,0,0,0
3948,0,null,0,0,0
3949,0,null,0,0,0
3950,1,primary_proton,1,1,1
3951,0,null,0,0,0
3952,0,null,0,0,0
3953,0,null,0,0,0
3954,0,null,0,0,0
3955,0,null,0,0,0
3956,0,null,0,0,0
3957,0,null,0,0,0
3958,0,null,0,0,0
3959,0,null,0,0,0
3960,0,null,0,0,0
3961,0,null,0,0,0
3962,0,null,0,0,0
3963,0,null,0,0,0
3964,0,null,0,0,0
3965,0,null,0,0,0
3966,0,null,0,0,0
3967,0,null,0,0,0
3968,0,null,0,0,0
3969,0,null,0,0,0
3970,0,null,0,0,0
3971,0,null,0,0,0
3972,0,null,0,0,0
3973,0,null,0,0,0
3974,0,null,0,0,0
3975,0,null,0,0,0
3976,0,null,0,0,0
3977,0,null,0,0,0
3978,0,null,0,0,0
3979,0,null,0,0,0
3980,0,null,0,0,0
3981,0,null,0,0,0
3982,0,null,0,0,0
3983,0,null,0,0,0
3984,0,null,0,0,0
3985,0,null,0,0,0
3986,0,null,0,0,0
3987,0,null,0,0,0
3988,0,null,0,0,0
3989,0,null,0,0,0
4060,0,null,0,0,0
4061,0,null,0,0,0
4062,0,null,0,0,0
4063,0,null,0,0,0
4064,0,null,0,0,0
4065,0,null,0,0,0
4066,0,null,0,0,0
4067,0,null,0,0,0
4068,0,null,0,0,0
4069,0,null,0,0,0
4070,0,null,0,0,0
4071,0,null,0,0,0
4072,0,null,0,0,0
4073,0,null,0,0,0
4074,0,null,0,0,0
4075,0,null,0,0,0
4076,0,null,0,0,0
4077,0,null,0,0,0
4078,0,null,0,0,0
4079,0,null,0,0,0
4080,0,null,0,0,0
4081,0,null,0,0,0
4082,0,null,0,0,0
4083,0,null,0,0,0
4084,0,null,0,0,0
4085,0,null,0,0,0
4086,0,null,0,0,0
4087,0,null,0,0,0
4088,0,null,0,0,0
4089,0,null,0,0,0
4090,0,null,0,0,0
4091,0,null,0,0,0
4092,0,null,0,0,0
4093,0,null,0,0,0
4094,0,null,0,0,0
4095,0,null,0,0,0
4096,0,null,0,0,0
4097,0,null,0,0,0
4098,0,null,0,0,0
4099,1,primary_proton,1,1,1
4100,0,null,0,0,0
4101,0,null,0,0,0
4102,6,secondary_proton,1,1,1
4103,0,null,0,0,0
4104,0,null,0,0,0
4105,0,null,0,0,0
4106,0,null,0,0,0
4107,0,null,0,0,0
4108,0,null,0,0,0
4109,0,null,0,0,0
4110,0,null,0,0,0
4111,0,null,0,0,0
4112,0,null,0,0,0
4113,0,null,0,0,0
4114,0,null,0,0,0
4115,0,null,0,0,0
4116,0,null,0,0,0
4117,0,null,0,0,0
4118,0,null,0,0,0
4119,0,null,0,0,0
4120,0,null,0,0,0
4121,0,null,0,0,0
4122,0,null,0,0,0
4123,0,null,0,0,0
4124,0,null,0,0,0
4125,0,null,0,0,0
4126,0,null,0,0,0
4127,0,null,0,0,0
4128,0,null,0,0,0
4129,0,null,0,0,0
4130,0,null,0,0,0
4131,1,primary_proton,1,1,0
4132,0,null,0,0,0
4133,0,null,0,0,0
4134,0,null,0,0,0
4135,0,null,0,0,0
4136,0,null,0,0,0
4137,0,null,0,0,0
4138,0,null,0,0,0
4139,0,null,0,0,0
4140,1,primary_proton,1,1,1
4141,0,null,0,0,0
4142,0,null,0,0,0
4143,1,primary_proton,1,1,1
4144,0,null,0,0,0
4145,0,null,0,0,0
4146,0,null,0,0,0
4147,0,null,0,0,0
4148,0,null,0,0,0
4149,0,null,0,0,0
4150,3497,e-,1,0,0
4151,0,null,0,0,0
4152,0,null,0,0,0
4153,0,null,0,0,0
4154,0,null,0,0,0
4155,0,null,0,0,0
4156,0,null,0,0,0
4157,0,null,0,0,0
4158,0,null,0,0,0
4159,2625,secondary_proton,1,1,1
4160,0,null,0,0,0
4161,0,null,0,0,0
4162,0,null,0,0,0
4163,0,null,0,0,0
4164,0,null,0,0,0
4165,0,null,0,0,0
4166,0,null,0,0,0
4167,0,null,0,0,0
4168,0,null,0,0,0
4169,0,null,0,0,0
4170,0,null,0,0,0
4171,0,null,0,0,0
4172,0,null,0,0,0
4173,0,null,0,0,0
4000,0,null,0,0,0
4001,0,null,0,0,0
4002,12,pi+,1,1,1
4003,0,null,0,0,0
4004,0,null,0,0,0
4005,0,null,0,0,0
4006,0,null,0,0,0
4007,0,null,0,0,0
4008,0,null,0,0,0
4009,0,null,0,0,0
4010,1,primary_proton,1,1,1
4011,0,null,0,0,0
4012,0,null,0,0,0
4013,0,null,0,0,0
4014,0,null,0,0,0
4015,0,null,0,0,0
4016,0,null,0,0,0
4017,0,null,0,0,0
4018,7,pi+,1,1,1
4019,0,null,0,0,0
4020,1,primary_proton,1,1,1
4021,0,null,0,0,0
4022,0,null,0,0,0
4023,0,null,0,0,0
4024,0,null,0,0,0
4025,0,null,0,0,0
4026,0,null,0,0,0
4027,9,secondary_proton,1,1,1
4028,0,null,0,0,0
4029,0,null,0,0,0
4030,0,null,0,0,0
4031,0,null,0,0,0
4032,0,null,0,0,0
4033,0,null,0,0,0
4034,0,null,0,0,0
4035,0,null,0,0,0
4036,1,primary_proton,1,1,1
4037,0,null,0,0,0
4038,1,primary_proton,1,1,1
4039,0,null,0,0,0
4040,0,null,0,0,0
4041,0,null,0,0,0
4042,0,null,0,0,0
4043,0,null,0,0,0
4044,1,primary_proton,1,1,1
4045,0,null,0,0,0
4046,0,null,0,0,0
4047,0,null,0,0,0
4048,0,null,0,0,0
4049,0,null,0,0,0
4050,0,null,0,0,0
4051,0,null,0,0,0
4052,0,null,0,0,0
4053,0,null,0,0,0
4054,0,null,0,0,0
4055,0,null,0,0,0
4056,0,null,0,0,0
4057,0,null,0,0,0
4058,0,G4WT0 > null,0,0,0
4059,0,null,0,0,0
4174,0,null,0,0,0
4175,0,null,0,0,0
4176,0,null,0,0,0
4177,0,null,0,0,0
4178,0,null,0,0,0
4179,0,null,0,0,0
4180,0,null,0,0,0
4181,0,null,0,0,0
4182,1,primary_proton,1,1,1
4183,0,null,0,0,0
4184,0,null,0,0,0
4185,0,null,0,0,0
4186,0,null,0,0,0
4187,0,null,0,0,0
4188,0,null,0,0,0
4189,0,null,0,0,0
4190,0,null,0,0,0
4191,0,null,0,0,0
4192,10,secondary_proton,1,1,1
4193,0,null,0,0,0
4194,0,null,0,0,0
4195,0,null,0,0,0
4196,0,null,0,0,0
4197,0,null,0,0,0
4198,0,null,0,0,0
4199,0,null,0,0,0
4270,0,null,0,0,0
4271,0,null,0,0,0
4272,0,null,0,0,0
4273,0,null,0,0,0
4274,0,null,0,0,0
4275,0,null,0,0,0
4276,0,null,0,0,0
4277,0,null,0,0,0
4278,0,null,0,0,0
4279,0,null,0,0,0
4280,0,null,0,0,0
4281,0,null,0,0,0
4282,0,null,0,0,0
4283,0,null,0,0,0
4284,0,null,0,0,0
4285,10,pi+,1,1,0
4286,0,null,0,0,0
4287,0,null,0,0,0
4288,0,null,0,0,0
4289,0,null,0,0,0
4290,0,null,0,0,0
4291,1,primary_proton,1,1,1
4292,0,null,0,0,0
4293,1,primary_proton,1,1,1
4294,0,null,0,0,0
4295,1,primary_proton,1,1,1
4296,0,null,0,0,0
4297,0,null,0,0,0
4298,0,null,0,0,0
4299,0,null,0,0,0
4200,0,null,0,0,0
4201,1,primary_proton,1,1,1
4202,0,null,0,0,0
4203,0,null,0,0,0
4204,0,null,0,0,0
4205,0,null,0,0,0
4206,0,null,0,0,0
4207,0,null,0,0,0
4208,0,null,0,0,0
4209,0,null,0,0,0
4210,0,null,0,0,0
4211,0,null,0,0,0
4212,0,null,0,0,0
4213,0,null,0,0,0
4214,0,null,0,0,0
4215,0,null,0,0,0
4216,0,null,0,0,0
4217,0,null,0,0,0
4218,0,null,0,0,0
4219,0,null,0,0,0
4220,1,primary_proton,1,1,1
4221,0,null,0,0,0
4222,0,null,0,0,0
4223,0,null,0,0,0
4224,0,null,0,0,0
4225,0,null,0,0,0
4226,0,null,0,0,0
4227,0,null,0,0,0
4228,0,null,0,0,0
4229,0,null,0,0,0
4230,0,null,0,0,0
4231,0,null,0,0,0
4232,0,null,0,0,0
4233,0,null,0,0,0
4234,0,null,0,0,0
4235,0,null,0,0,0
4236,0,null,0,0,0
4237,0,null,0,0,0
4238,0,null,0,0,0
4239,0,null,0,0,0
4240,0,null,0,0,0
4241,0,null,0,0,0
4242,0,null,0,0,0
4243,0,null,0,0,0
4244,0,null,0,0,0
4245,0,null,0,0,0
4246,0,null,0,0,0
4247,0,null,0,0,0
4248,0,null,0,0,0
4249,0,null,0,0,0
4250,0,null,0,0,0
4251,0,null,0,0,0
4252,0,null,0,0,0
4253,0,null,0,0,0
4254,0,null,0,0,0
4255,0,null,0,0,0
4256,0,null,0,0,0
4257,12,pi-,1,1,0
4258,1,primary_proton,1,1,1
4259,0,null,0,0,0
4260,0,null,0,0,0
4261,0,null,0,0,0
4262,0,null,0,0,0
4263,0,null,0,0,0
4264,0,null,0,0,0
4265,0,null,0,0,0
4266,0,null,0,0,0
4267,0,null,0,0,0
4268,1473,secondary_proton,1,1,1
4269,0,null,0,0,0
4340,0,null,0,0,0
4341,0,null,0,0,0
4342,0,null,0,0,0
4343,0,null,0,0,0
4344,0,null,0,0,0
4345,0,null,0,0,0
4346,0,null,0,0,0
4347,0,null,0,0,0
4348,4,secondary_proton,1,0,0
4350,0,null,0,0,0
4351,0,null,0,0,0
4352,0,null,0,0,0
4353,0,null,0,0,0
4354,1,primary_proton,1,1,1
4355,0,null,0,0,0
4356,0,null,0,0,0
4357,0,null,0,0,0
4358,0,null,0,0,0
4359,0,null,0,0,0
4360,0,null,0,0,0
4361,0,null,0,0,0
4362,0,null,0,0,0
4363,0,null,0,0,0
4364,0,null,0,0,0
4365,0,null,0,0,0
4366,0,null,0,0,0
4367,0,null,0,0,0
4368,8,secondary_proton,1,1,1
4369,1,primary_proton,1,1,1
4370,0,null,0,0,0
4371,0,null,0,0,0
4372,0,null,0,0,0
4373,0,null,0,0,0
4374,0,null,0,0,0
4375,0,null,0,0,0
4376,0,null,0,0,0
4377,0,null,0,0,0
4378,0,null,0,0,0
4379,0,null,0,0,0
4380,0,null,0,0,0
4381,0,null,0,0,0
4382,0,null,0,0,0
4383,0,null,0,0,0
4384,0,null,0,0,0
4385,2119,secondary_proton,1,1,1
4386,0,null,0,0,0
4387,0,null,0,0,0
4388,0,null,0,0,0
4389,0,null,0,0,0
4390,0,null,0,0,0
4391,0,null,0,0,0
4392,0,null,0,0,0
4393,0,null,0,0,0
4394,0,null,0,0,0
4395,0,null,0,0,0
4396,0,null,0,0,0
4397,0,null,0,0,0
4398,0,null,0,0,0
4399,0,null,0,0,0
4300,0,null,0,0,0
4301,0,null,0,0,0
4302,0,null,0,0,0
4303,0,null,0,0,0
4304,0,null,0,0,0
4305,0,null,0,0,0
4306,0,null,0,0,0
4307,0,null,0,0,0
4308,0,null,0,0,0
4309,0,null,0,0,0
4310,0,null,0,0,0
4311,0,null,0,0,0
4312,0,null,0,0,0
4313,0,null,0,0,0
4314,0,null,0,0,0
4315,0,null,0,0,0
4316,0,null,0,0,0
4317,0,null,0,0,0
4318,0,null,0,0,0
4319,0,null,0,0,0
4320,0,null,0,0,0
4321,1,primary_proton,1,1,1
4322,0,null,0,0,0
4323,0,null,0,0,0
4324,0,null,0,0,0
4325,0,null,0,0,0
4326,0,null,0,0,0
4327,0,null,0,0,0
4328,0,null,0,0,0
4329,0,null,0,0,0
4330,0,null,0,0,0
4331,0,null,0,0,0
4332,0,null,0,0,0
4333,0,null,0,0,0
4334,0,null,0,0,0
4335,0,null,0,0,0
4336,0,null,0,0,0
4337,0,null,0,0,0
4338,0,null,0,0,0
4339,0,null,0,0,0
4410,0,null,0,0,0
4411,0,null,0,0,0
4412,0,null,0,0,0
4413,0,null,0,0,0
4414,0,null,0,0,0
4415,0,null,0,0,0
4416,0,null,0,0,0
4417,0,null,0,0,0
4418,0,null,0,0,0
4419,0,null,0,0,0
4420,11,pi+,1,1,1
4421,2,secondary_proton,1,1,0
4422,0,null,0,0,0
4423,0,null,0,0,0
4424,0,null,0,0,0
4425,0,null,0,0,0
4426,0,null,0,0,0
4427,0,null,0,0,0
4428,0,null,0,0,0
4429,0,null,0,0,0
4430,0,null,0,0,0
4431,0,null,0,0,0
4432,0,null,0,0,0
4433,0,null,0,0,0
4434,0,null,0,0,0
4435,0,null,0,0,0
4436,0,null,0,0,0
4437,0,null,0,0,0
4438,0,null,0,0,0
4439,0,null,0,0,0
4440,0,null,0,0,0
4441,0,null,0,0,0
4442,0,null,0,0,0
4443,0,null,0,0,0
4444,0,null,0,0,0
4445,0,null,0,0,0
4446,1,primary_proton,1,1,1
4447,0,null,0,0,0
4448,0,null,0,0,0
4449,0,null,0,0,0
4450,0,null,0,0,0
4451,0,null,0,0,0
4452,1,primary_proton,1,1,1
4453,0,null,0,0,0
4454,0,null,0,0,0
4455,0,null,0,0,0
4456,0,null,0,0,0
4457,0,null,0,0,0
4458,0,null,0,0,0
4459,0,null,0,0,0
4460,0,null,0,0,0
4461,0,null,0,0,0
4462,0,null,0,0,0
4463,0,null,0,0,0
4464,0,null,0,0,0
4465,0,null,0,0,0
4466,0,null,0,0,0
4467,0,null,0,0,0
4468,0,null,0,0,0
4469,0,null,0,0,0
4470,0,null,0,0,0
4471,0,null,0,0,0
4472,0,null,0,0,0
4473,0,null,0,0,0
4474,0,null,0,0,0
4475,0,null,0,0,0
4476,0,null,0,0,0
4477,1,primary_proton,1,1,1
4478,1,primary_proton,1,1,1
4479,0,null,0,0,0
4550,0,null,0,0,0
4551,0,null,0,0,0
4552,0,null,0,0,0
4553,0,null,0,0,0
4554,0,null,0,0,0
4555,0,null,0,0,0
4556,0,null,0,0,0
4557,1,primary_proton,1,1,1
4558,0,null,0,0,0
4559,0,null,0,0,0
4560,0,null,0,0,0
4561,0,null,0,0,0
4562,0,null,0,0,0
4563,0,null,0,0,0
4564,0,null,0,0,0
4565,0,null,0,0,0
4566,0,null,0,0,0
4567,0,null,0,0,0
4568,0,null,0,0,0
4569,0,null,0,0,0
4570,0,null,0,0,0
4571,0,null,0,0,0
4572,0,null,0,0,0
4573,0,null,0,0,0
4574,0,null,0,0,0
4575,0,null,0,0,0
4576,0,null,0,0,0
4577,0,null,0,0,0
4578,0,null,0,0,0
4579,0,null,0,0,0
4580,0,null,0,0,0
4581,0,null,0,0,0
4582,0,null,0,0,0
4583,0,null,0,0,0
4584,0,null,0,0,0
4585,0,null,0,0,0
4586,0,null,0,0,0
4587,0,null,0,0,0
4588,0,null,0,0,0
4589,7,secondary_proton,1,1,1
4590,0,null,0,0,0
4591,0,null,0,0,0
4592,0,null,0,0,0
4593,0,null,0,0,0
4594,0,null,0,0,0
4595,0,null,0,0,0
4596,0,null,0,0,0
4597,0,null,0,0,0
4598,0,null,0,0,0
4599,0,null,0,0,0
4400,0,null,0,0,0
4401,0,null,0,0,0
4402,7,secondary_proton,1,1,1
4403,0,null,0,0,0
4404,0,null,0,0,0
4405,0,null,0,0,0
4406,0,null,0,0,0
4407,279,e-,0,0,1
4408,1,primary_proton,1,1,1
4409,0,null,0,0,0
4480,5,secondary_proton,1,1,0
4481,0,null,0,0,0
4482,0,null,0,0,0
4483,0,null,0,0,0
4484,1,primary_proton,1,1,1
4485,0,null,0,0,0
4486,0,null,0,0,0
4487,0,null,0,0,0
4488,0,null,0,0,0
4489,0,null,0,0,0
4490,0,null,0,0,0
4491,0,null,0,0,0
4492,1,primary_proton,1,0,0
4493,0,null,0,0,0
4494,0,null,0,0,0
4495,0,null,0,0,0
4496,0,null,0,0,0
4497,0,null,0,0,0
4498,0,null,0,0,0
4499,0,null,0,0,0
4500,0,null,0,0,0
4501,0,null,0,0,0
4502,0,null,0,0,0
4503,0,null,0,0,0
4504,0,null,0,0,0
4505,0,null,0,0,0
4506,0,null,0,0,0
4507,0,null,0,0,0
4508,0,null,0,0,0
4509,0,null,0,0,0
4510,0,null,0,0,0
4511,0,null,0,0,0
4512,0,null,0,0,0
4513,0,null,0,0,0
4514,0,null,0,0,0
4515,0,null,0,0,0
4516,0,null,0,0,0
4517,0,null,0,0,0
4518,0,null,0,0,0
4519,0,null,0,0,0
4520,0,null,0,0,0
4521,0,null,0,0,0
4522,0,null,0,0,0
4523,0,null,0,0,0
4524,0,null,0,0,0
4525,0,null,0,0,0
4526,0,null,0,0,0
4527,0,null,0,0,0
4528,0,null,0,0,0
4529,0,null,0,0,0
4530,0,null,0,0,0
4531,0,null,0,0,0
4532,0,null,0,0,0
4533,0,null,0,0,0
4534,0,null,0,0,0
4535,0,null,0,0,0
4536,0,null,0,0,0
4537,0,null,0,0,0
4538,0,null,0,0,0
4539,0,null,0,0,0
4540,0,null,0,0,0
4541,6,secondary_proton,1,1,1
4542,0,null,0,0,0
4543,0,null,0,0,0
4544,0,null,0,0,0
4545,0,null,0,0,0
4546,0,null,0,0,0
4547,0,null,0,0,0
4548,0,null,0,0,0
4549,0,null,0,0,0
4620,0,null,0,0,0
4621,0,null,0,0,0
4622,0,null,0,0,0
4623,0,null,0,0,0
4624,0,null,0,0,0
4625,0,null,0,0,0
4626,0,null,0,0,0
4627,0,null,0,0,0
4628,0,null,0,0,0
4629,0,null,0,0,0
4630,0,null,0,0,0
4631,0,null,0,0,0
4632,0,null,0,0,0
4633,0,null,0,0,0
4634,0,null,0,0,0
4635,0,null,0,0,0
4636,0,null,0,0,0
4637,0,null,0,0,0
4638,0,null,0,0,0
4639,0,null,0,0,0
4640,0,null,0,0,0
4641,0,null,0,0,0
4642,0,null,0,0,0
4643,0,null,0,0,0
4644,0,null,0,0,0
4645,0,null,0,0,0
4646,0,null,0,0,0
4647,0,null,0,0,0
4648,0,null,0,0,0
4649,0,null,0,0,0
4650,0,null,0,0,0
4651,0,null,0,0,0
4652,0,null,0,0,0
4653,0,null,0,0,0
4654,0,null,0,0,0
4655,0,null,0,0,0
4656,0,null,0,0,0
4657,0,null,0,0,0
4658,0,null,0,0,0
4600,0,null,0,0,0
4601,0,null,0,0,0
4602,0,null,0,0,0
4603,0,null,0,0,0
4604,0,null,0,0,0
4605,0,null,0,0,0
4606,0,null,0,0,0
4607,0,null,0,0,0
4608,0,null,0,0,0
4609,0,null,0,0,0
4610,0,null,0,0,0
4611,1,primary_proton,1,1,1
4612,0,null,0,0,0
4613,0,null,0,0,0
4614,0,null,0,0,0
4615,1,primary_proton,1,1,1
4616,0,null,0,0,0
4617,0,null,0,0,0
4618,0,null,0,0,0
4619,0,null,0,0,0
4690,0,null,0,0,0
4691,0,null,0,0,0
4692,0,null,0,0,0
4693,0,null,0,0,0
4694,0,null,0,0,0
4695,0,null,0,0,0
4696,0,null,0,0,0
4697,1137,e+,1,1,1
4698,0,null,0,0,0
4699,0,null,0,0,0
4659,0,null,0,0,0
4660,0,null,0,0,0
4661,0,null,0,0,0
4662,0,null,0,0,0
4663,0,null,0,0,0
4664,0,null,0,0,0
4665,0,null,0,0,0
4666,0,null,0,0,0
4667,1,primary_proton,1,0,0
4668,0,null,0,0,0
4669,0,null,0,0,0
4670,0,null,0,0,0
4671,0,null,0,0,0
4672,0,null,0,0,0
4673,0,null,0,0,0
4674,0,null,0,0,0
4675,0,null,0,0,0
4676,0,null,0,0,0
4677,0,null,0,0,0
4678,0,null,0,0,0
4679,0,null,0,0,0
4680,0,null,0,0,0
4681,0,null,0,0,0
4682,0,null,0,0,0
4683,0,null,0,0,0
4684,0,null,0,0,0
4685,1,primary_proton,1,1,1
4686,0,null,0,0,0
4687,0,null,0,0,0
4688,0,null,0,0,0
4689,0,null,0,0,0
4760,0,null,0,0,0
4761,4,kaon+,1,1,1
4762,0,null,0,0,0
4763,0,null,0,0,0
4764,0,null,0,0,0
4765,0,null,0,0,0
4766,0,null,0,0,0
4767,0,null,0,0,0
4768,0,null,0,0,0
4769,0,null,0,0,0
4770,0,null,0,0,0
4771,0,null,0,0,0
4772,0,null,0,0,0
4773,0,null,0,0,0
4774,0,null,0,0,0
4775,0,null,0,0,0
4776,0,null,0,0,0
4777,0,null,0,0,0
4778,0,null,0,0,0
4779,0,null,0,0,0
4780,0,null,0,0,0
4781,0,null,0,0,0
4782,0,null,0,0,0
4783,0,null,0,0,0
4784,0,null,0,0,0
4785,0,null,0,0,0
4786,0,null,0,0,0
4787,0,null,0,0,0
4788,0,null,0,0,0
4789,0,null,0,0,0
4790,0,null,0,0,0
4791,20,secondary_proton,1,1,1
4792,0,null,0,0,0
4793,0,null,0,0,0
4794,0,null,0,0,0
4795,0,null,0,0,0
4796,0,null,0,0,0
4797,0,null,0,0,0
4798,0,null,0,0,0
4799,0,null,0,0,0
4700,0,null,0,0,0
4701,0,null,0,0,0
4702,0,null,0,0,0
4703,0,null,0,0,0
4704,0,null,0,0,0
4705,0,null,0,0,0
4706,0,null,0,0,0
4707,0,null,0,0,0
4708,0,null,0,0,0
4709,444,pi-,1,1,1
4710,0,null,0,0,0
4711,0,null,0,0,0
4712,0,null,0,0,0
4713,0,null,0,0,0
4714,0,null,0,0,0
4715,0,null,0,0,0
4716,0,null,0,0,0
4717,0,null,0,0,0
4718,1,primary_proton,1,1,1
4719,0,null,0,0,0
4720,0,null,0,0,0
4721,0,null,0,0,0
4722,0,null,0,0,0
4723,0,null,0,0,0
4724,1,primary_proton,1,1,1
4725,0,null,0,0,0
4726,0,null,0,0,0
4727,0,null,0,0,0
4728,0,null,0,0,0
4729,0,null,0,0,0
4730,0,null,0,0,0
4731,0,null,0,0,0
4732,0,null,0,0,0
4733,0,null,0,0,0
4734,0,null,0,0,0
4735,0,null,0,0,0
4736,0,null,0,0,0
4737,0,null,0,0,0
4738,0,null,0,0,0
4739,1044,e-,1,1,1
4740,0,null,0,0,0
4741,0,null,0,0,0
4742,0,null,0,0,0
4743,0,null,0,0,0
4744,0,null,0,0,0
4745,0,null,0,0,0
4746,0,null,0,0,0
4747,0,null,0,0,0
4748,0,null,0,0,0
4749,0,null,0,0,0
4750,0,null,0,0,0
4751,0,null,0,0,0
4752,0,null,0,0,0
4753,0,null,0,0,0
4754,1,primary_proton,1,1,1
4755,0,null,0,0,0
4756,0,null,0,0,0
4757,1,primary_proton,1,1,1
4758,2,secondary_proton,1,1,1
4759,0,null,0,0,0
4800,0,null,0,0,0
4801,0,null,0,0,0
4802,0,null,0,0,0
4803,0,null,0,0,0
4804,0,null,0,0,0
4805,0,null,0,0,0
4806,0,null,0,0,0
4807,8,secondary_proton,1,1,1
4808,0,null,0,0,0
4809,0,null,0,0,0
4810,0,null,0,0,0
4811,0,null,0,0,0
4812,0,null,0,0,0
4813,0,null,0,0,0
4814,0,null,0,0,0
4815,0,null,0,0,0
4816,0,null,0,0,0
4817,1,primary_proton,1,1,1
4818,0,null,0,0,0
4819,7,pi-,1,0,0
4820,0,null,0,0,0
4821,0,null,0,0,0
4822,0,null,0,0,0
4823,0,null,0,0,0
4824,0,null,0,0,0
4825,0,null,0,0,0
4826,0,null,0,0,0
4827,0,null,0,0,0
4828,0,null,0,0,0
4829,1,primary_proton,1,1,1
4830,0,null,0,0,0
4831,0,null,0,0,0
4832,0,null,0,0,0
4833,0,null,0,0,0
4834,0,null,0,0,0
4835,0,null,0,0,0
4836,0,null,0,0,0
4837,0,null,0,0,0
4838,0,null,0,0,0
4839,0,null,0,0,0
4840,0,null,0,0,0
4841,0,null,0,0,0
4842,0,null,0,0,0
4843,0,null,0,0,0
4844,0,null,0,0,0
4845,0,null,0,0,0
4846,18,pi-,1,0,0
4847,0,null,0,0,0
4848,0,null,0,0,0
4849,0,null,0,0,0
4850,0,null,0,0,0
4851,0,null,0,0,0
4852,0,null,0,0,0
4853,0,null,0,0,0
4854,0,null,0,0,0
4855,0,null,0,0,0
4856,0,null,0,0,0
4857,0,null,0,0,0
4858,0,null,0,0,0
4859,0,null,0,0,0
4860,0,null,0,0,0
4861,5,pi+,1,0,0
4862,0,null,0,0,0
4863,0,null,0,0,0
4864,0,null,0,0,0
4865,0,null,0,0,0
4866,0,null,0,0,0
4867,0,null,0,0,0
4868,0,null,0,0,0
4869,0,null,0,0,0
4870,0,null,0,0,0
4871,0,null,0,0,0
4872,0,null,0,0,0
4873,0,null,0,0,0
4900,0,null,0,0,0
4901,0,null,0,0,0
4902,0,null,0,0,0
4903,0,null,0,0,0
4904,1,primary_proton,1,1,1
4905,0,null,0,0,0
4906,0,null,0,0,0
4907,0,null,0,0,0
4908,0,null,0,0,0
4909,0,null,0,0,0
4910,0,null,0,0,0
4911,0,null,0,0,0
4912,0,null,0,0,0
4913,0,null,0,0,0
4914,0,null,0,0,0
4915,0,null,0,0,0
4916,0,null,0,0,0
4917,0,null,0,0,0
4918,0,null,0,0,0
4919,0,null,0,0,0
4920,0,null,0,0,0
4921,0,null,0,0,0
4922,0,null,0,0,0
4923,0,null,0,0,0
4924,0,null,0,0,0
4925,0,null,0,0,0
4926,0,null,0,0,0
4927,0,null,0,0,0
4928,0,null,0,0,0
4929,0,null,0,0,0
4930,0,null,0,0,0
4931,0,null,0,0,0
4932,0,null,0,0,0
4933,0,null,0,0,0
4934,0,null,0,0,0
4935,0,null,0,0,0
4936,0,null,0,0,0
4937,0,null,0,0,0
4938,0,null,0,0,0
4939,0,null,0,0,0
4940,0,null,0,0,0
4941,0,null,0,0,0
4942,0,null,0,0,0
4943,0,null,0,0,0
4944,0,null,0,0,0
4945,0,null,0,0,0
4946,0,null,0,0,0
4947,0,null,0,0,0
4948,0,null,0,0,0
4949,0,null,0,0,0
4950,0,null,0,0,0
4951,0,null,0,0,0
4952,0,null,0,0,0
4953,0,null,0,0,0
4954,1,primary_proton,1,1,1
4955,3630,pi+,1,0,0
4956,0,null,0,0,0
4957,0,null,0,0,0
4958,0,null,0,0,0
4959,0,null,0,0,0
4960,0,null,0,0,0
4961,0,null,0,0,0
4962,0,null,0,0,0
4963,0,null,0,0,0
4964,0,null,0,0,0
4965,0,null,0,0,0
4966,0,null,0,0,0
4967,0,null,0,0,0
4968,2,secondary_proton,1,1,1
4969,0,null,0,0,0
4874,1,primary_proton,1,1,1
4875,0,null,0,0,0
4876,0,null,0,0,0
4877,0,null,0,0,0
4878,0,null,0,0,0
4879,0,null,0,0,0
4880,0,null,0,0,0
4881,0,null,0,0,0
4882,0,null,0,0,0
4883,0,null,0,0,0
4884,1608,e-,0,0,1
4885,0,null,0,0,0
4886,0,null,0,0,0
4887,0,null,0,0,0
4888,0,null,0,0,0
4889,0,null,0,0,0
4890,0,null,0,0,0
4891,0,null,0,0,0
4892,0,null,0,0,0
4893,0,null,0,0,0
4894,0,null,0,0,0
4895,0,null,0,0,0
4896,0,null,0,0,0
4897,0,null,0,0,0
4898,0,null,0,0,0
4899,0,null,0,0,0
4970,0,null,0,0,0
4971,0,null,0,0,0
4972,0,null,0,0,0
4973,0,null,0,0,0
4974,0,null,0,0,0
4975,0,null,0,0,0
4976,0,null,0,0,0
4977,0,null,0,0,0
4978,0,null,0,0,0
4979,0,null,0,0,0
4980,0,null,0,0,0
4981,0,null,0,0,0
4982,1,primary_proton,1,1,1
4983,0,null,0,0,0
4984,0,null,0,0,0
4985,0,null,0,0,0
4986,0,null,0,0,0
4987,0,null,0,0,0
4988,0,null,0,0,0
4989,0,null,0,0,0
4990,0,null,0,0,0
4991,0,null,0,0,0
4992,0,null,0,0,0
4993,0,null,0,0,0
4994,0,null,0,0,0
4995,0,null,0,0,0
4996,0,null,0,0,0
4997,0,null,0,0,0
4998,0,null,0,0,0
4999,0,null,0,0,0
0,0,null,0,0,0
1,0,null,0,0,0
2,0,null,0,0,0
3,5,secondary_proton,1,1,1
4,0,null,0,0,0
5,2,secondary_proton,1,1,1
6,0,null,0,0,0
7,0,null,0,0,0
8,0,null,0,0,0
9,0,null,0,0,0
10,0,null,0,0,0
11,0,null,0,0,0
12,0,null,0,0,0
13,0,null,0,0,0
14,0,null,0,0,0
15,0,null,0,0,0
16,0,null,0,0,0
17,0,null,0,0,0
18,0,null,0,0,0
19,0,null,0,0,0
20,1,primary_proton,1,1,1
21,0,null,0,0,0
22,0,null,0,0,0
23,0,null,0,0,0
24,0,null,0,0,0
25,0,null,0,0,0
26,0,null,0,0,0
27,0,null,0,0,0
28,0,null,0,0,0
29,0,null,0,0,0
30,0,null,0,0,0
31,0,null,0,0,0
32,0,null,0,0,0
33,0,null,0,0,0
34,0,null,0,0,0
35,0,null,0,0,0
36,0,null,0,0,0
37,0,null,0,0,0
38,0,null,0,0,0
39,0,null,0,0,0
40,0,null,0,0,0
41,0,null,0,0,0
42,0,null,0,0,0
43,0,null,0,0,0
44,0,null,0,0,0
45,0,null,0,0,0
46,0,null,0,0,0
47,0,null,0,0,0
48,0,null,0,0,0
49,0,null,0,0,0
50,0,null,0,0,0
51,0,null,0,0,0
52,0,null,0,0,0
53,0,null,0,0,0
54,0,null,0,0,0
55,1,primary_proton,1,1,1
56,0,null,0,0,0
57,0,null,0,0,0
58,0,null,0,0,0
59,0,null,0,0,0
60,0,null,0,0,0
61,0,null,0,0,0
62,0,null,0,0,0
63,0,null,0,0,0
64,0,null,0,0,0
65,0,null,0,0,0
66,0,null,0,0,0
67,0,null,0,0,0
68,0,null,0,0,0
69,0,null,0,0,0
140,0,null,0,0,0
141,1,primary_proton,1,1,1
142,0,null,0,0,0
143,0,null,0,0,0
144,0,null,0,0,0
145,0,null,0,0,0
147,0,null,0,0,0
148,0,null,0,0,0
149,0,null,0,0,0
150,0,null,0,0,0
151,0,null,0,0,0
152,0,null,0,0,0
153,0,null,0,0,0
154,0,null,0,0,0
155,0,null,0,0,0
156,0,null,0,0,0
157,0,null,0,0,0
158,0,null,0,0,0
159,0,null,0,0,0
160,0,null,0,0,0
161,0,null,0,0,0
162,0,null,0,0,0
163,0,null,0,0,0
164,0,null,0,0,0
165,0,null,0,0,0
166,0,null,0,0,0
167,0,null,0,0,0
168,0,null,0,0,0
169,0,null,0,0,0
170,0,null,0,0,0
171,0,null,0,0,0
172,0,null,0,0,0
173,0,null,0,0,0
174,0,null,0,0,0
175,0,null,0,0,0
176,0,null,0,0,0
177,0,null,0,0,0
178,0,null,0,0,0
179,0,null,0,0,0
180,0,null,0,0,0
181,0,null,0,0,0
182,0,null,0,0,0
183,0,null,0,0,0
184,0,null,0,0,0
185,0,null,0,0,0
186,0,null,0,0,0
187,0,null,0,0,0
188,0,null,0,0,0
189,0,null,0,0,0
190,0,null,0,0,0
191,0,null,0,0,0
192,0,null,0,0,0
193,0,null,0,0,0
194,0,null,0,0,0
195,0,null,0,0,0
196,0,null,0,0,0
197,0,null,0,0,0
198,0,null,0,0,0
199,0,null,0,0,0
200,0,null,0,0,0
201,0,null,0,0,0
202,0,null,0,0,0
203,0,null,0,0,0
204,0,null,0,0,0
205,0,null,0,0,0
206,0,null,0,0,0
207,0,null,0,0,0
208,0,null,0,0,0
209,0,null,0,0,0
210,0,null,0,0,0
211,0,null,0,0,0
212,0,null,0,0,0
213,0,null,0,0,0
214,0,null,0,0,0
215,0,null,0,0,0
216,0,null,0,0,0
217,0,null,0,0,0
218,0,null,0,0,0
219,0,null,0,0,0
220,0,null,0,0,0
221,0,null,0,0,0
222,9,secondary_proton,1,1,1
223,0,null,0,0,0
224,0,null,0,0,0
225,0,null,0,0,0
226,0,null,0,0,0
227,0,null,0,0,0
228,0,null,0,0,0
229,0,null,0,0,0
230,0,null,0,0,0
231,0,null,0,0,0
232,0,null,0,0,0
233,0,null,0,0,0
234,0,null,0,0,0
235,0,null,0,0,0
236,0,null,0,0,0
237,0,null,0,0,0
238,0,null,0,0,0
239,0,null,0,0,0
240,0,null,0,0,0
241,0,null,0,0,0
242,0,null,0,0,0
243,0,null,0,0,0
244,0,null,0,0,0
245,0,null,0,0,0
246,0,null,0,0,0
247,0,null,0,0,0
248,0,null,0,0,0
249,0,null,0,0,0
250,0,null,0,0,0
251,0,null,0,0,0
252,0,null,0,0,0
253,0,null,0,0,0
254,0,null,0,0,0
255,0,null,0,0,0
256,0,null,0,0,0
257,0,null,0,0,0
258,0,null,0,0,0
259,0,null,0,0,0
260,0,null,0,0,0
261,0,null,0,0,0
262,0,null,0,0,0
263,0,null,0,0,0
264,0,null,0,0,0
265,0,null,0,0,0
266,0,null,0,0,0
267,0,null,0,0,0
268,3890,e+,1,1,0
269,0,null,0,0,0
270,0,null,0,0,0
271,0,null,0,0,0
272,0,null,0,0,0
273,0,null,0,0,0
274,0,null,0,0,0
275,0,null,0,0,0
276,0,null,0,0,0
277,0,null,0,0,0
278,0,null,0,0,0
279,0,null,0,0,0
280,1,primary_proton,1,1,1
281,0,null,0,0,0
282,0,null,0,0,0
283,0,null,0,0,0
284,0,null,0,0,0
285,0,null,0,0,0
286,0,null,0,0,0
287,0,null,0,0,0
288,0,null,0,0,0
289,0,null,0,0,0
290,0,null,0,0,0
291,0,null,0,0,0
292,0,null,0,0,0
293,0,null,0,0,0
294,0,null,0,0,0
295,0,null,0,0,0
296,0,null,0,0,0
297,0,null,0,0,0
298,0,null,0,0,0
299,0,null,0,0,0
70,0,null,0,0,0
71,0,null,0,0,0
72,0,null,0,0,0
73,1,primary_proton,1,1,1
74,0,null,0,0,0
75,0,null,0,0,0
76,0,null,0,0,0
77,0,null,0,0,0
78,0,null,0,0,0
79,0,null,0,0,0
80,0,null,0,0,0
81,0,null,0,0,0
82,6,pi+,1,1,1
83,8,secondary_proton,1,1,1
84,0,null,0,0,0
85,0,null,0,0,0
86,0,null,0,0,0
87,0,null,0,0,0
88,0,null,0,0,0
89,0,null,0,0,0
90,0,null,0,0,0
91,0,null,0,0,0
92,0,null,0,0,0
93,8,pi+,1,1,1
94,0,null,0,0,0
95,0,null,0,0,0
96,0,null,0,0,0
97,0,null,0,0,0
98,0,null,0,0,0
99,0,null,0,0,0
300,0,null,0,0,0
301,0,null,0,0,0
302,0,null,0,0,0
303,0,null,0,0,0
304,0,null,0,0,0
305,0,null,0,0,0
306,0,null,0,0,0
307,0,null,0,0,0
308,0,null,0,0,0
309,0,null,0,0,0
310,0,null,0,0,0
311,0,null,0,0,0
312,0,null,0,0,0
313,0,null,0,0,0
314,0,null,0,0,0
315,0,null,0,0,0
316,0,null,0,0,0
317,0,null,0,0,0
318,0,null,0,0,0
319,0,null,0,0,0
320,0,null,0,0,0
321,0,null,0,0,0
322,0,null,0,0,0
323,0,null,0,0,0
324,0,null,0,0,0
325,0,null,0,0,0
326,0,null,0,0,0
327,0,null,0,0,0
328,0,null,0,0,0
329,0,null,0,0,0
330,0,null,0,0,0
331,0,null,0,0,0
332,0,null,0,0,0
333,0,null,0,0,0
334,0,null,0,0,0
335,2618,e-,1,1,0
336,0,null,0,0,0
337,0,null,0,0,0
338,0,null,0,0,0
339,0,null,0,0,0
340,0,null,0,0,0
341,0,null,0,0,0
342,0,null,0,0,0
343,0,null,0,0,0
344,0,null,0,0,0
345,0,null,0,0,0
346,0,null,0,0,0
347,0,null,0,0,0
348,0,null,0,0,0
349,0,null,0,0,0
350,0,null,0,0,0
351,0,null,0,0,0
352,0,null,0,0,0
353,1,primary_proton,1,1,1
354,0,null,0,0,0
355,0,null,0,0,0
356,0,null,0,0,0
357,0,null,0,0,0
358,0,null,0,0,0
359,0,null,0,0,0
360,0,null,0,0,0
361,0,null,0,0,0
362,0,null,0,0,0
363,0,null,0,0,0
364,0,null,0,0,0
365,0,null,0,0,0
366,0,null,0,0,0
367,0,null,0,0,0
368,0,null,0,0,0
369,0,null,0,0,0
370,0,null,0,0,0
371,0,null,0,0,0
372,0,null,0,0,0
373,0,null,0,0,0
374,0,null,0,0,0
375,0,null,0,0,0
376,15,pi-,1,0,0
377,0,null,0,0,0
378,0,null,0,0,0
379,0,null,0,0,0
380,0,null,0,0,0
381,0,null,0,0,0
382,0,null,0,0,0
383,0,null,0,0,0
385,0,null,0,0,0
386,0,null,0,0,0
387,0,null,0,0,0
388,0,null,0,0,0
389,0,null,0,0,0
390,0,null,0,0,0
391,0,null,0,0,0
392,0,null,0,0,0
393,0,null,0,0,0
394,0,null,0,0,0
395,0,null,0,0,0
396,0,null,0,0,0
397,0,null,0,0,0
398,0,null,0,0,0
399,0,null,0,0,0
100,0,null,0,0,0
101,0,null,0,0,0
102,0,null,0,0,0
103,1,primary_proton,1,1,1
104,0,null,0,0,0
105,0,null,0,0,0
106,6,pi+,1,1,0
107,0,null,0,0,0
108,0,null,0,0,0
109,0,null,0,0,0
110,0,null,0,0,0
111,0,null,0,0,0
112,0,null,0,0,0
113,0,null,0,0,0
114,0,null,0,0,0
115,0,null,0,0,0
116,0,null,0,0,0
117,0,null,0,0,0
118,0,null,0,0,0
119,0,null,0,0,0
120,1,primary_proton,1,1,1
121,0,null,0,0,0
122,0,null,0,0,0
123,0,null,0,0,0
124,0,null,0,0,0
125,0,null,0,0,0
126,370,secondary_proton,1,1,0
127,0,null,0,0,0
128,0,null,0,0,0
129,0,null,0,0,0
130,0,null,0,0,0
131,0,null,0,0,0
132,0,null,0,0,0
133,0,null,0,0,0
134,0,null,0,0,0
135,0,null,0,0,0
136,0,null,0,0,0
137,0,null,0,0,0
138,0,null,0,0,0
139,8,secondary_proton,1,1,1
420,0,null,0,0,0
421,0,null,0,0,0
422,0,null,0,0,0
423,0,null,0,0,0
424,0,null,0,0,0
425,0,null,0,0,0
426,0,null,0,0,0
427,0,null,0,0,0
428,0,null,0,0,0
429,0,null,0,0,0
430,0,null,0,0,0
431,0,null,0,0,0
432,0,null,0,0,0
433,0,null,0,0,0
434,0,null,0,0,0
435,0,null,0,0,0
436,0,null,0,0,0
437,0,null,0,0,0
438,0,null,0,0,0
439,0,null,0,0,0
440,0,null,0,0,0
441,0,null,0,0,0
442,0,null,0,0,0
443,0,null,0,0,0
444,0,null,0,0,0
445,0,null,0,0,0
446,0,null,0,0,0
447,0,null,0,0,0
448,0,null,0,0,0
449,11,secondary_proton,1,1,1
450,0,null,0,0,0
451,0,null,0,0,0
452,0,null,0,0,0
453,0,null,0,0,0
454,0,null,0,0,0
455,0,null,0,0,0
400,0,null,0,0,0
401,0,null,0,0,0
402,0,null,0,0,0
403,0,null,0,0,0
404,0,null,0,0,0
405,0,null,0,0,0
406,5,secondary_proton,1,1,1
407,0,null,0,0,0
408,0,null,0,0,0
409,0,null,0,0,0
410,0,null,0,0,0
411,0,null,0,0,0
412,5,secondary_proton,1,1,1
413,0,null,0,0,0
414,0,null,0,0,0
415,0,null,0,0,0
416,0,null,0,0,0
417,0,null,0,0,0
418,0,null,0,0,0
419,0,null,0,0,0
490,0,null,0,0,0
491,0,null,0,0,0
492,0,null,0,0,0
493,0,null,0,0,0
494,1,primary_proton,1,1,1
495,0,null,0,0,0
496,1,primary_proton,1,1,1
497,0,null,0,0,0
498,0,null,0,0,0
499,0,null,0,0,0
456,0,null,0,0,0
457,0,null,0,0,0
458,0,null,0,0,0
459,0,null,0,0,0
460,0,null,0,0,0
461,0,null,0,0,0
462,0,null,0,0,0
463,0,null,0,0,0
464,0,null,0,0,0
465,0,null,0,0,0
466,0,null,0,0,0
467,0,null,0,0,0
468,0,null,0,0,0
469,0,null,0,0,0
470,0,null,0,0,0
471,0,null,0,0,0
472,0,null,0,0,0
473,0,null,0,0,0
474,0,null,0,0,0
475,0,null,0,0,0
476,0,null,0,0,0
477,0,null,0,0,0
478,0,null,0,0,0
479,0,null,0,0,0
480,0,null,0,0,0
481,0,null,0,0,0
482,0,null,0,0,0
483,0,null,0,0,0
484,0,null,0,0,0
485,0,null,0,0,0
486,1,primary_proton,1,1,1
487,0,null,0,0,0
488,0,null,0,0,0
489,0,null,0,0,0
560,2331,pi+,1,1,0
561,0,null,0,0,0
562,0,null,0,0,0
563,0,null,0,0,0
564,0,null,0,0,0
565,0,null,0,0,0
566,0,null,0,0,0
567,0,null,0,0,0
568,0,null,0,0,0
569,0,null,0,0,0
570,0,null,0,0,0
571,0,null,0,0,0
572,0,null,0,0,0
573,0,null,0,0,0
574,1,primary_proton,1,1,1
575,0,null,0,0,0
576,0,null,0,0,0
577,0,null,0,0,0
578,0,null,0,0,0
579,0,null,0,0,0
580,0,null,0,0,0
581,0,null,0,0,0
582,0,null,0,0,0
583,0,null,0,0,0
584,0,null,0,0,0
585,1,primary_proton,1,1,1
586,0,null,0,0,0
587,0,null,0,0,0
588,0,null,0,0,0
589,0,null,0,0,0
590,0,null,0,0,0
591,0,null,0,0,0
592,0,null,0,0,0
593,0,null,0,0,0
594,0,null,0,0,0
595,10,pi-,1,1,1
596,0,null,0,0,0
597,0,null,0,0,0
598,0,null,0,0,0
599,0,null,0,0,0
500,0,null,0,0,0
501,0,null,0,0,0
502,0,null,0,0,0
503,0,null,0,0,0
504,1,primary_proton,1,1,1
505,0,null,0,0,0
506,15,secondary_proton,1,1,1
507,0,null,0,0,0
508,0,null,0,0,0
509,2967,e-,0,0,1
510,0,null,0,0,0
511,0,null,0,0,0
512,0,null,0,0,0
513,0,null,0,0,0
514,0,null,0,0,0
515,0,null,0,0,0
516,0,null,0,0,0
517,0,null,0,0,0
518,0,null,0,0,0
519,0,null,0,0,0
520,0,null,0,0,0
521,0,null,0,0,0
522,0,null,0,0,0
523,0,null,0,0,0
524,1027,e+,1,0,0
525,0,null,0,0,0
526,0,null,0,0,0
527,0,null,0,0,0
528,0,null,0,0,0
529,0,null,0,0,0
530,0,null,0,0,0
531,0,null,0,0,0
532,0,null,0,0,0
533,0,null,0,0,0
534,0,null,0,0,0
535,0,null,0,0,0
536,1,primary_proton,1,1,1
537,0,null,0,0,0
538,0,null,0,0,0
539,0,null,0,0,0
540,0,null,0,0,0
541,0,null,0,0,0
542,0,null,0,0,0
543,0,null,0,0,0
544,0,null,0,0,0
545,0,null,0,0,0
546,0,null,0,0,0
547,2,secondary_proton,1,1,1
548,0,null,0,0,0
549,0,null,0,0,0
550,0,null,0,0,0
551,0,null,0,0,0
552,0,null,0,0,0
553,0,null,0,0,0
554,0,null,0,0,0
555,0,null,0,0,0
556,0,null,0,0,0
557,0,null,0,0,0
558,0,null,0,0,0
559,1,primary_proton,1,1,1
630,0,null,0,0,0
631,0,null,0,0,0
632,0,null,0,0,0
633,0,null,0,0,0
634,0,null,0,0,0
600,0,null,0,0,0
601,0,null,0,0,0
602,11,pi-,1,1,1
603,0,null,0,0,0
604,0,null,0,0,0
605,0,null,0,0,0
606,0,null,0,0,0
607,0,null,0,0,0
608,1,primary_proton,1,1,1
609,0,null,0,0,0
610,92,secondary_proton,1,1,1
611,0,null,0,0,0
612,0,null,0,0,0
613,0,null,0,0,0
614,0,null,0,0,0
615,0,null,0,0,0
616,0,null,0,0,0
617,0,null,0,0,0
618,0,null,0,0,0
619,0,null,0,0,0
620,0,null,0,0,0
621,0,null,0,0,0
622,0,null,0,0,0
623,0,null,0,0,0
624,0,null,0,0,0
625,0,null,0,0,0
626,0,null,0,0,0
627,0,null,0,0,0
628,0,null,0,0,0
629,0,null,0,0,0
635,0,null,0,0,0
636,0,null,0,0,0
637,0,null,0,0,0
638,0,null,0,0,0
639,0,null,0,0,0
640,0,null,0,0,0
641,0,null,0,0,0
642,0,null,0,0,0
643,0,null,0,0,0
644,0,null,0,0,0
645,0,null,0,0,0
646,23,pi+,1,0,0
647,0,null,0,0,0
648,0,null,0,0,0
649,0,null,0,0,0
650,0,null,0,0,0
651,0,null,0,0,0
652,0,null,0,0,0
653,0,null,0,0,0
654,0,null,0,0,0
655,0,null,0,0,0
656,0,null,0,0,0
657,0,null,0,0,0
658,0,null,0,0,0
659,0,null,0,0,0
660,1,primary_proton,1,1,1
661,0,null,0,0,0
662,0,null,0,0,0
663,0,null,0,0,0
664,0,null,0,0,0
665,0,null,0,0,0
666,0,null,0,0,0
667,0,null,0,0,0
668,0,null,0,0,0
669,0,null,0,0,0
670,0,null,0,0,0
671,0,null,0,0,0
672,0,null,0,0,0
673,0,null,0,0,0
674,0,null,0,0,0
675,0,null,0,0,0
676,0,null,0,0,0
677,0,null,0,0,0
678,0,null,0,0,0
679,0,null,0,0,0
680,0,null,0,0,0
681,0,null,0,0,0
682,0,null,0,0,0
683,0,null,0,0,0
684,0,null,0,0,0
685,0,null,0,0,0
686,0,null,0,0,0
687,0,null,0,0,0
688,15,pi-,1,0,0
689,4,secondary_proton,1,1,1
690,0,null,0,0,0
691,0,null,0,0,0
692,0,null,0,0,0
693,0,null,0,0,0
694,0,null,0,0,0
695,0,null,0,0,0
696,0,null,0,0,0
697,0,null,0,0,0
698,0,null,0,0,0
699,0,null,0,0,0
770,0,null,0,0,0
771,0,null,0,0,0
772,0,null,0,0,0
773,12,pi+,1,1,1
774,0,null,0,0,0
775,0,null,0,0,0
776,0,null,0,0,0
777,0,null,0,0,0
778,0,null,0,0,0
779,0,null,0,0,0
780,1,primary_proton,1,1,1
781,0,null,0,0,0
782,0,null,0,0,0
783,0,null,0,0,0
784,0,null,0,0,0
785,0,null,0,0,0
786,0,null,0,0,0
787,0,null,0,0,0
788,0,null,0,0,0
789,0,null,0,0,0
790,0,null,0,0,0
791,0,null,0,0,0
792,0,null,0,0,0
793,0,null,0,0,0
794,0,null,0,0,0
795,0,null,0,0,0
796,0,null,0,0,0
797,0,null,0,0,0
798,0,null,0,0,0
799,0,null,0,0,0
700,0,null,0,0,0
701,0,null,0,0,0
702,0,null,0,0,0
703,0,null,0,0,0
704,0,null,0,0,0
705,23,pi-,1,1,0
706,0,null,0,0,0
707,0,null,0,0,0
708,0,null,0,0,0
709,0,null,0,0,0
710,0,null,0,0,0
711,0,null,0,0,0
712,0,null,0,0,0
713,0,null,0,0,0
714,0,null,0,0,0
715,0,null,0,0,0
716,0,null,0,0,0
717,0,null,0,0,0
718,0,null,0,0,0
719,0,null,0,0,0
720,0,null,0,0,0
721,0,null,0,0,0
722,0,null,0,0,0
723,0,null,0,0,0
724,0,null,0,0,0
725,0,null,0,0,0
726,3,secondary_proton,1,1,1
727,0,null,0,0,0
728,0,null,0,0,0
729,0,null,0,0,0
730,0,null,0,0,0
731,0,null,0,0,0
732,0,null,0,0,0
733,0,null,0,0,0
734,0,null,0,0,0
735,0,null,0,0,0
736,0,null,0,0,0
737,0,null,0,0,0
738,0,null,0,0,0
739,0,null,0,0,0
740,0,null,0,0,0
741,0,null,0,0,0
742,0,null,0,0,0
743,0,null,0,0,0
744,0,null,0,0,0
745,0,null,0,0,0
746,0,null,0,0,0
747,0,null,0,0,0
748,0,null,0,0,0
749,0,null,0,0,0
750,0,null,0,0,0
751,0,null,0,0,0
752,13,pi-,1,1,0
753,0,null,0,0,0
754,0,null,0,0,0
755,0,null,0,0,0
756,0,null,0,0,0
757,0,null,0,0,0
758,0,null,0,0,0
759,0,null,0,0,0
760,0,null,0,0,0
761,0,null,0,0,0
762,0,null,0,0,0
763,0,null,0,0,0
764,0,null,0,0,0
765,0,null,0,0,0
766,1,primary_proton,1,1,1
767,0,null,0,0,0
768,0,null,0,0,0
769,0,null,0,0,0
840,0,null,0,0,0
841,0,null,0,0,0
842,0,null,0,0,0
843,0,null,0,0,0
844,0,null,0,0,0
845,0,null,0,0,0
846,0,null,0,0,0
847,0,null,0,0,0
848,0,null,0,0,0
849,0,null,0,0,0
850,0,null,0,0,0
851,0,null,0,0,0
852,0,null,0,0,0
854,0,null,0,0,0
855,15,pi+,1,1,1
856,0,null,0,0,0
857,0,null,0,0,0
858,0,null,0,0,0
859,0,null,0,0,0
860,0,null,0,0,0
861,0,null,0,0,0
862,0,null,0,0,0
863,0,null,0,0,0
864,0,null,0,0,0
865,0,null,0,0,0
866,0,null,0,0,0
867,0,null,0,0,0
868,0,null,0,0,0
869,0,null,0,0,0
870,0,null,0,0,0
871,0,null,0,0,0
872,0,null,0,0,0
873,0,null,0,0,0
874,0,null,0,0,0
875,0,null,0,0,0
876,0,null,0,0,0
877,0,null,0,0,0
878,0,null,0,0,0
879,0,null,0,0,0
880,0,null,0,0,0
881,0,null,0,0,0
882,0,null,0,0,0
883,0,null,0,0,0
884,0,null,0,0,0
885,0,null,0,0,0
886,0,null,0,0,0
887,0,null,0,0,0
888,0,null,0,0,0
889,0,null,0,0,0
890,0,null,0,0,0
891,0,null,0,0,0
892,0,null,0,0,0
893,0,null,0,0,0
894,0,null,0,0,0
895,0,null,0,0,0
896,0,null,0,0,0
897,0,null,0,0,0
898,0,null,0,0,0
899,0,null,0,0,0
800,0,null,0,0,0
801,0,null,0,0,0
802,0,null,0,0,0
803,0,null,0,0,0
804,0,null,0,0,0
805,0,null,0,0,0
806,0,null,0,0,0
807,1,primary_proton,1,1,1
808,0,null,0,0,0
809,0,null,0,0,0
810,0,null,0,0,0
811,0,null,0,0,0
812,0,null,0,0,0
813,0,null,0,0,0
814,0,null,0,0,0
815,0,null,0,0,0
816,0,null,0,0,0
817,0,null,0,0,0
818,0,null,0,0,0
819,0,null,0,0,0
820,0,null,0,0,0
821,0,null,0,0,0
822,0,null,0,0,0
823,0,null,0,0,0
824,0,null,0,0,0
825,0,null,0,0,0
826,0,null,0,0,0
827,0,null,0,0,0
828,0,null,0,0,0
829,0,null,0,0,0
830,0,null,0,0,0
831,0,null,0,0,0
832,0,null,0,0,0
833,0,null,0,0,0
834,0,null,0,0,0
835,0,null,0,0,0
836,0,null,0,0,0
837,0,null,0,0,0
838,0,null,0,0,0
839,0,null,0,0,0
910,0,null,0,0,0
911,0,null,0,0,0
912,0,null,0,0,0
913,0,null,0,0,0
914,0,null,0,0,0
915,0,null,0,0,0
916,0,null,0,0,0
917,0,null,0,0,0
918,0,null,0,0,0
919,0,null,0,0,0
920,0,null,0,0,0
921,0,null,0,0,0
922,0,null,0,0,0
923,0,null,0,0,0
924,0,null,0,0,0
925,0,null,0,0,0
926,0,null,0,0,0
927,0,null,0,0,0
928,0,null,0,0,0
929,0,null,0,0,0
930,0,null,0,0,0
931,0,null,0,0,0
932,0,null,0,0,0
933,13,pi+,1,1,0
934,0,null,0,0,0
935,0,null,0,0,0
936,0,null,0,0,0
937,0,null,0,0,0
938,0,null,0,0,0
939,0,null,0,0,0
940,0,null,0,0,0
941,0,null,0,0,0
942,0,null,0,0,0
943,0,null,0,0,0
944,8,pi+,1,1,1
945,0,null,0,0,0
946,5,secondary_proton,1,1,1
947,0,null,0,0,0
900,0,null,0,0,0
901,0,null,0,0,0
902,0,null,0,0,0
903,0,null,0,0,0
904,0,null,0,0,0
905,0,null,0,0,0
906,0,null,0,0,0
907,0,null,0,0,0
908,0,null,0,0,0
909,0,null,0,0,0
980,0,null,0,0,0
981,0,null,0,0,0
982,0,null,0,0,0
983,1869,e-,1,1,0
984,0,null,0,0,0
985,0,null,0,0,0
986,0,null,0,0,0
987,0,null,0,0,0
988,0,null,0,0,0
989,0,null,0,0,0
990,0,null,0,0,0
991,0,null,0,0,0
992,0,null,0,0,0
993,0,null,0,0,0
994,0,null,0,0,0
995,0,null,0,0,0
996,0,null,0,0,0
997,0,null,0,0,0
998,0,null,0,0,0
999,0,null,0,0,0
948,3,pi-,1,1,0
949,0,null,0,0,0
950,0,null,0,0,0
951,0,null,0,0,0
952,0,null,0,0,0
953,0,null,0,0,0
954,0,null,0,0,0
955,0,null,0,0,0
956,0,null,0,0,0
957,0,null,0,0,0
958,0,null,0,0,0
959,0,null,0,0,0
960,0,null,0,0,0
961,8,pi-,1,1,1
962,0,null,0,0,0
963,3,secondary_proton,1,1,1
964,0,null,0,0,0
965,0,null,0,0,0
966,0,null,0,0,0
967,0,null,0,0,0
968,0,null,0,0,0
969,0,null,0,0,0
970,0,null,0,0,0
971,0,null,0,0,0
972,0,null,0,0,0
973,0,null,0,0,0
974,0,null,0,0,0
975,0,null,0,0,0
976,0,null,0,0,0
977,0,null,0,0,0
978,0,null,0,0,0
979,0,null,0,0,0
1050,0,null,0,0,0
1051,0,null,0,0,0
1052,0,null,0,0,0
1053,0,null,0,0,0
1054,0,null,0,0,0
1055,3,secondary_proton,1,1,1
1056,0,null,0,0,0
1057,0,null,0,0,0
1058,0,null,0,0,0
1059,0,null,0,0,0
1060,1,primary_proton,1,1,1
1061,0,null,0,0,0
1062,0,null,0,0,0
1063,0,null,0,0,0
1064,0,null,0,0,0
1065,0,null,0,0,0
1066,22,pi-,1,0,0
1067,0,null,0,0,0
1068,0,null,0,0,0
1069,0,null,0,0,0
1070,0,null,0,0,0
1071,0,null,0,0,0
1072,0,null,0,0,0
1073,0,null,0,0,0
1074,0,null,0,0,0
1075,0,null,0,0,0
1076,0,null,0,0,0
1077,0,null,0,0,0
1078,0,null,0,0,0
1079,0,null,0,0,0
1080,0,null,0,0,0
1081,0,null,0,0,0
1082,0,null,0,0,0
1083,0,null,0,0,0
1084,0,null,0,0,0
1085,0,null,0,0,0
1086,0,null,0,0,0
1087,0,null,0,0,0
1088,0,null,0,0,0
1089,0,null,0,0,0
1090,0,null,0,0,0
1091,0,null,0,0,0
1092,0,null,0,0,0
1093,0,null,0,0,0
1094,0,null,0,0,0
1096,0,null,0,0,0
1097,1,primary_proton,1,0,0
1098,0,null,0,0,0
1099,0,null,0,0,0
1000,0,null,0,0,0
1001,0,null,0,0,0
1002,0,null,0,0,0
1003,0,null,0,0,0
1004,0,null,0,0,0
1005,0,null,0,0,0
1006,0,null,0,0,0
1007,0,null,0,0,0
1008,0,null,0,0,0
1009,0,null,0,0,0
1010,7,secondary_proton,1,1,1
1011,0,null,0,0,0
1012,0,null,0,0,0
1013,0,null,0,0,0
1014,0,null,0,0,0
1015,0,null,0,0,0
1016,0,null,0,0,0
1017,0,null,0,0,0
1018,0,null,0,0,0
1019,0,null,0,0,0
1020,0,null,0,0,0
1021,0,null,0,0,0
1022,0,null,0,0,0
1023,0,null,0,0,0
1024,0,null,0,0,0
1025,0,null,0,0,0
1026,0,null,0,0,0
1027,0,null,0,0,0
1028,0,null,0,0,0
1029,0,null,0,0,0
1030,0,null,0,0,0
1031,0,null,0,0,0
1032,0,null,0,0,0
1033,0,null,0,0,0
1034,0,null,0,0,0
1035,0,null,0,0,0
1036,0,null,0,0,0
1037,0,null,0,0,0
1038,0,null,0,0,0
1039,0,null,0,0,0
1040,0,null,0,0,0
1041,0,null,0,0,0
1042,0,null,0,0,0
1043,0,null,0,0,0
1044,0,null,0,0,0
1045,0,null,0,0,0
1046,0,null,0,0,0
1047,8,pi+,1,1,1
1048,0,null,0,0,0
1049,0,null,0,0,0
1120,0,null,0,0,0
1121,0,null,0,0,0
1122,0,null,0,0,0
1123,0,null,0,0,0
1124,0,null,0,0,0
1125,0,null,0,0,0
1126,0,null,0,0,0
1127,0,null,0,0,0
1128,0,null,0,0,0
1129,0,null,0,0,0
1130,0,null,0,0,0
1131,0,null,0,0,0
1132,0,null,0,0,0
1133,2458,e-,1,0,0
1134,0,null,0,0,0
1135,0,null,0,0,0
1136,0,null,0,0,0
1137,0,null,0,0,0
1138,0,null,0,0,0
1139,0,null,0,0,0
1140,1,primary_proton,1,1,1
1141,0,null,0,0,0
1142,0,null,0,0,0
1143,0,null,0,0,0
1144,0,null,0,0,0
1145,0,null,0,0,0
1146,0,null,0,0,0
1147,0,null,0,0,0
1148,0,null,0,0,0
1149,0,null,0,0,0
1100,17,secondary_proton,1,1,0
1101,0,null,0,0,0
1102,0,null,0,0,0
1103,0,null,0,0,0
1104,0,null,0,0,0
1105,0,null,0,0,0
1106,0,null,0,0,0
1107,0,null,0,0,0
1108,0,null,0,0,0
1109,0,null,0,0,0
1110,0,null,0,0,0
1111,0,null,0,0,0
1112,0,null,0,0,0
1113,0,null,0,0,0
1114,0,null,0,0,0
1115,0,null,0,0,0
1116,0,null,0,0,0
1117,0,null,0,0,0
1118,0,null,0,0,0
1119,0,null,0,0,0
1190,0,null,0,0,0
1191,0,null,0,0,0
1192,0,null,0,0,0
1193,12,pi+,1,1,1
1194,1,primary_proton,1,1,1
1195,0,null,0,0,0
1196,0,null,0,0,0
1197,0,null,0,0,0
1198,0,null,0,0,0
1199,0,null,0,0,0
1200,0,null,0,0,0
1201,0,null,0,0,0
1202,0,null,0,0,0
1203,0,null,0,0,0
1204,0,null,0,0,0
1205,0,null,0,0,0
1206,0,null,0,0,0
1207,0,null,0,0,0
1208,0,null,0,0,0
1209,0,null,0,0,0
1210,0,null,0,0,0
1211,0,null,0,0,0
1212,0,null,0,0,0
1213,0,null,0,0,0
1214,0,null,0,0,0
1215,0,null,0,0,0
1216,0,null,0,0,0
1217,0,null,0,0,0
1218,1,primary_proton,1,0,0
1219,0,null,0,0,0
1220,0,null,0,0,0
1221,0,null,0,0,0
1222,0,null,0,0,0
1223,0,null,0,0,0
1224,0,null,0,0,0
1225,0,null,0,0,0
1226,0,null,0,0,0
1227,0,null,0,0,0
1228,0,null,0,0,0
1229,0,null,0,0,0
1230,0,null,0,0,0
1231,1,primary_proton,1,1,1
1232,0,null,0,0,0
1233,0,null,0,0,0
1234,0,null,0,0,0
1235,0,null,0,0,0
1236,0,null,0,0,0
1237,0,null,0,0,0
1238,0,null,0,0,0
1239,0,null,0,0,0
1240,0,null,0,0,0
1241,0,null,0,0,0
1242,0,null,0,0,0
1243,0,null,0,0,0
1244,1,primary_proton,1,1,1
1245,0,null,0,0,0
1246,0,null,0,0,0
1247,0,null,0,0,0
1248,0,null,0,0,0
1249,0,null,0,0,0
1250,0,null,0,0,0
1251,0,null,0,0,0
1252,0,null,0,0,0
1253,0,null,0,0,0
1254,8,pi-,1,1,1
1255,0,null,0,0,0
1256,0,null,0,0,0
1257,0,null,0,0,0
1258,0,null,0,0,0
1259,0,null,0,0,0
1260,0,null,0,0,0
1261,0,null,0,0,0
1262,0,null,0,0,0
1263,0,null,0,0,0
1264,0,null,0,0,0
1265,0,null,0,0,0
1266,0,null,0,0,0
1267,0,null,0,0,0
1268,0,null,0,0,0
1269,0,null,0,0,0
1270,0,null,0,0,0
1271,0,null,0,0,0
1272,0,null,0,0,0
1273,0,null,0,0,0
1274,0,null,0,0,0
1275,0,null,0,0,0
1276,0,null,0,0,0
1277,0,null,0,0,0
1278,0,null,0,0,0
1279,0,null,0,0,0
1280,0,null,0,0,0
1281,0,null,0,0,0
1282,0,null,0,0,0
1283,0,null,0,0,0
1284,0,null,0,0,0
1285,0,null,0,0,0
1286,0,null,0,0,0
1287,0,null,0,0,0
1288,0,null,0,0,0
1289,1,primary_proton,1,1,1
1290,0,null,0,0,0
1291,0,null,0,0,0
1292,0,null,0,0,0
1293,20,secondary_proton,1,1,1
1294,21,pi-,1,1,1
1295,1,primary_proton,1,1,1
1296,0,null,0,0,0
1297,0,null,0,0,0
1298,0,null,0,0,0
1299,0,null,0,0,0
1150,0,null,0,0,0
1151,0,null,0,0,0
1152,0,null,0,0,0
1153,0,null,0,0,0
1154,0,null,0,0,0
1155,0,null,0,0,0
1156,0,null,0,0,0
1157,3,secondary_proton,1,1,1
1158,0,null,0,0,0
1159,0,null,0,0,0
1160,2,secondary_proton,1,0,0
1161,0,null,0,0,0
1162,0,null,0,0,0
1163,0,null,0,0,0
1164,16,secondary_proton,1,1,1
1165,0,null,0,0,0
1166,0,null,0,0,0
1167,0,null,0,0,0
1168,0,null,0,0,0
1169,272,secondary_proton,1,1,1
1170,0,null,0,0,0
1171,0,null,0,0,0
1172,0,null,0,0,0
1173,0,null,0,0,0
1174,0,null,0,0,0
1175,0,null,0,0,0
1176,0,null,0,0,0
1177,0,null,0,0,0
1178,0,null,0,0,0
1179,3842,e+,1,1,0
1180,0,null,0,0,0
1181,0,null,0,0,0
1182,0,null,0,0,0
1183,0,null,0,0,0
1184,0,null,0,0,0
1185,0,null,0,0,0
1186,0,null,0,0,0
1187,1,primary_proton,1,1,1
1188,0,null,0,0,0
1189,0,null,0,0,0
1330,0,null,0,0,0
1331,0,null,0,0,0
1332,0,null,0,0,0
1333,1,primary_proton,1,1,1
1334,0,null,0,0,0
1335,0,null,0,0,0
1336,0,null,0,0,0
1337,0,null,0,0,0
1338,0,null,0,0,0
1339,0,null,0,0,0
1340,0,null,0,0,0
1341,0,null,0,0,0
1342,1,primary_proton,1,1,1
1343,0,null,0,0,0
1344,0,null,0,0,0
1345,0,null,0,0,0
1346,3877,pi-,1,1,1
1347,0,null,0,0,0
1348,0,null,0,0,0
1349,0,null,0,0,0
1350,0,null,0,0,0
1351,1,primary_proton,1,1,1
1352,0,null,0,0,0
1353,0,null,0,0,0
1354,0,null,0,0,0
1355,0,null,0,0,0
1356,0,null,0,0,0
1357,0,null,0,0,0
1300,0,null,0,0,0
1301,0,null,0,0,0
1302,0,null,0,0,0
1303,0,null,0,0,0
1304,0,null,0,0,0
1305,0,null,0,0,0
1306,0,null,0,0,0
1307,0,null,0,0,0
1308,0,null,0,0,0
1309,0,null,0,0,0
1310,0,null,0,0,0
1311,0,null,0,0,0
1312,0,null,0,0,0
1313,0,null,0,0,0
1314,1,primary_proton,1,1,1
1315,0,null,0,0,0
1316,0,null,0,0,0
1317,0,null,0,0,0
1318,0,null,0,0,0
1319,0,null,0,0,0
1320,1,primary_proton,1,1,1
1321,0,null,0,0,0
1322,0,null,0,0,0
1323,0,null,0,0,0
1324,0,null,0,0,0
1325,0,null,0,0,0
1326,0,null,0,0,0
1327,0,null,0,0,0
1328,0,null,0,0,0
1329,0,null,0,0,0
1358,0,null,0,0,0
1359,0,null,0,0,0
1360,0,null,0,0,0
1361,1,primary_proton,1,1,1
1362,0,null,0,0,0
1363,0,null,0,0,0
1364,0,null,0,0,0
1365,11,secondary_proton,1,1,1
1366,0,null,0,0,0
1367,0,null,0,0,0
1368,0,null,0,0,0
1369,0,null,0,0,0
1370,0,null,0,0,0
1371,0,null,0,0,0
1372,0,null,0,0,0
1373,0,null,0,0,0
1374,0,null,0,0,0
1375,0,null,0,0,0
1376,0,null,0,0,0
1377,0,null,0,0,0
1378,0,null,0,0,0
1379,0,null,0,0,0
1380,0,null,0,0,0
1381,0,null,0,0,0
1382,0,null,0,0,0
1383,1160,secondary_proton,1,1,1
1384,0,null,0,0,0
1385,0,null,0,0,0
1386,0,null,0,0,0
1387,0,null,0,0,0
1388,0,null,0,0,0
1389,0,null,0,0,0
1390,0,null,0,0,0
1391,0,null,0,0,0
1392,0,null,0,0,0
1393,0,null,0,0,0
1394,0,null,0,0,0
1395,0,null,0,0,0
1396,5,pi-,1,1,1
1397,0,null,0,0,0
1398,0,null,0,0,0
1399,0,null,0,0,0
1470,0,null,0,0,0
1471,0,null,0,0,0
1472,0,null,0,0,0
1473,0,null,0,0,0
1474,0,null,0,0,0
1475,0,null,0,0,0
1476,0,null,0,0,0
1477,0,null,0,0,0
1478,0,null,0,0,0
1479,0,null,0,0,0
1480,0,null,0,0,0
1481,0,null,0,0,0
1482,0,null,0,0,0
1483,0,null,0,0,0
1484,0,null,0,0,0
1485,0,null,0,0,0
1486,0,null,0,0,0
1487,0,null,0,0,0
1488,0,null,0,0,0
1489,0,null,0,0,0
1490,0,null,0,0,0
1491,0,null,0,0,0
1492,0,null,0,0,0
1493,0,null,0,0,0
1494,1,primary_proton,1,1,1
1495,0,null,0,0,0
1496,0,null,0,0,0
1497,1,primary_proton,1,1,1
1498,0,null,0,0,0
1499,0,null,0,0,0
1400,0,null,0,0,0
1401,0,null,0,0,0
1402,0,null,0,0,0
1403,0,null,0,0,0
1404,0,null,0,0,0
1405,0,null,0,0,0
1406,0,null,0,0,0
1407,0,null,0,0,0
1408,0,null,0,0,0
1409,0,null,0,0,0
1410,0,null,0,0,0
1411,0,null,0,0,0
1412,0,null,0,0,0
1413,0,null,0,0,0
1414,0,null,0,0,0
1415,0,null,0,0,0
1416,0,null,0,0,0
1417,0,null,0,0,0
1418,0,null,0,0,0
1419,0,null,0,0,0
1420,0,null,0,0,0
1421,0,null,0,0,0
1422,0,null,0,0,0
1423,0,null,0,0,0
1424,0,null,0,0,0
1425,1,primary_proton,1,1,1
1426,0,null,0,0,0
1427,0,null,0,0,0
1428,0,null,0,0,0
1429,0,null,0,0,0
1430,0,null,0,0,0
1431,4,secondary_proton,1,1,1
1432,0,null,0,0,0
1433,0,null,0,0,0
1434,0,null,0,0,0
1435,0,null,0,0,0
1436,0,null,0,0,0
1437,1,primary_proton,1,1,1
1438,0,null,0,0,0
1439,0,null,0,0,0
1440,0,null,0,0,0
1441,0,null,0,0,0
1442,0,null,0,0,0
1443,0,null,0,0,0
1444,0,null,0,0,0
1445,0,null,0,0,0
1446,0,null,0,0,0
1447,0,null,0,0,0
1448,0,null,0,0,0
1449,24,secondary_proton,1,1,1
1450,0,null,0,0,0
1451,0,null,0,0,0
1452,0,null,0,0,0
1453,0,null,0,0,0
1454,0,null,0,0,0
1455,0,null,0,0,0
1456,0,null,0,0,0
1500,1,primary_proton,1,1,1
1501,0,null,0,0,0
1502,0,null,0,0,0
1503,0,null,0,0,0
1504,0,null,0,0,0
1505,0,null,0,0,0
1506,0,null,0,0,0
1507,0,null,0,0,0
1508,0,null,0,0,0
1509,0,null,0,0,0
1510,0,null,0,0,0
1511,0,null,0,0,0
1512,0,null,0,0,0
1513,0,null,0,0,0
1514,0,null,0,0,0
1515,0,null,0,0,0
1516,0,null,0,0,0
1517,0,null,0,0,0
1518,0,null,0,0,0
1519,0,null,0,0,0
1520,0,null,0,0,0
1521,0,null,0,0,0
1522,0,null,0,0,0
1523,0,null,0,0,0
1524,0,null,0,0,0
1525,0,null,0,0,0
1526,0,null,0,0,0
1527,0,null,0,0,0
1528,0,null,0,0,0
1529,908,secondary_proton,1,1,1
1530,0,null,0,0,0
1531,0,null,0,0,0
1532,0,null,0,0,0
1533,0,null,0,0,0
1534,1,primary_proton,1,1,1
1535,0,null,0,0,0
1536,0,null,0,0,0
1537,0,null,0,0,0
1538,0,null,0,0,0
1539,0,null,0,0,0
1540,0,null,0,0,0
1541,0,null,0,0,0
1542,0,null,0,0,0
1543,0,null,0,0,0
1544,0,null,0,0,0
1545,0,null,0,0,0
1546,0,null,0,0,0
1547,0,null,0,0,0
1548,0,null,0,0,0
1549,0,null,0,0,0
1550,1,primary_proton,1,1,1
1551,0,null,0,0,0
1552,0,null,0,0,0
1553,0,null,0,0,0
1554,1,primary_proton,1,1,1
1555,0,null,0,0,0
1556,0,null,0,0,0
1557,0,null,0,0,0
1558,0,null,0,0,0
1559,0,null,0,0,0
1560,0,null,0,0,0
1561,4,secondary_proton,1,1,1
1562,0,null,0,0,0
1563,0,null,0,0,0
1564,0,null,0,0,0
1565,0,null,0,0,0
1566,0,null,0,0,0
1567,0,null,0,0,0
1568,0,null,0,0,0
1569,0,null,0,0,0
1570,0,null,0,0,0
1571,0,null,0,0,0
1572,0,null,0,0,0
1573,0,null,0,0,0
1574,0,null,0,0,0
1575,0,null,0,0,0
1576,0,null,0,0,0
1577,0,null,0,0,0
1578,0,null,0,0,0
1579,0,null,0,0,0
1580,0,null,0,0,0
1581,0,null,0,0,0
1582,0,null,0,0,0
1583,0,null,0,0,0
1584,0,null,0,0,0
1585,0,null,0,0,0
1586,0,null,0,0,0
1587,0,null,0,0,0
1588,0,null,0,0,0
1589,0,null,0,0,0
1590,0,null,0,0,0
1591,0,null,0,0,0
1592,0,null,0,0,0
1593,0,null,0,0,0
1594,0,null,0,0,0
1595,0,null,0,0,0
1596,0,null,0,0,0
1597,0,null,0,0,0
1598,0,null,0,0,0
1599,0,null,0,0,0
1457,0,null,0,0,0
1458,0,null,0,0,0
1459,0,null,0,0,0
1460,0,null,0,0,0
1461,0,null,0,0,0
1462,7,pi-,1,1,1
1463,0,null,0,0,0
1464,0,null,0,0,0
1465,0,null,0,0,0
1466,0,null,0,0,0
1467,0,null,0,0,0
1468,0,null,0,0,0
1469,0,null,0,0,0
1680,0,null,0,0,0
1681,0,null,0,0,0
1682,0,null,0,0,0
1683,0,null,0,0,0
1684,0,null,0,0,0
1685,0,null,0,0,0
1686,0,null,0,0,0
1687,0,null,0,0,0
1688,0,null,0,0,0
1689,0,null,0,0,0
1690,0,null,0,0,0
1691,0,null,0,0,0
1692,0,null,0,0,0
1693,0,null,0,0,0
1694,0,null,0,0,0
1695,0,null,0,0,0
1696,0,null,0,0,0
1697,0,null,0,0,0
1698,0,null,0,0,0
1699,0,null,0,0,0
1700,0,null,0,0,0
1701,0,null,0,0,0
1702,10,pi+,1,1,1
1703,0,null,0,0,0
1704,0,null,0,0,0
1705,0,null,0,0,0
1706,0,null,0,0,0
1707,0,null,0,0,0
1708,1,primary_proton,1,1,1
1709,0,null,0,0,0
1710,0,null,0,0,0
1711,0,null,0,0,0
1712,0,null,0,0,0
1713,0,null,0,0,0
1714,0,null,0,0,0
1715,0,null,0,0,0
1716,0,null,0,0,0
1717,0,null,0,0,0
1718,0,null,0,0,0
1719,0,null,0,0,0
1720,0,null,0,0,0
1721,0,null,0,0,0
1722,0,null,0,0,0
1723,0,null,0,0,0
1724,0,null,0,0,0
1725,0,null,0,0,0
1726,0,null,0,0,0
1727,0,null,0,0,0
1728,0,null,0,0,0
1729,0,null,0,0,0
1730,0,null,0,0,0
1731,0,null,0,0,0
1732,0,null,0,0,0
1733,0,null,0,0,0
1734,0,null,0,0,0
1735,0,null,0,0,0
1736,0,null,0,0,0
1737,0,null,0,0,0
1738,0,null,0,0,0
1739,0,null,0,0,0
1740,0,null,0,0,0
1741,0,null,0,0,0
1742,0,null,0,0,0
1743,0,null,0,0,0
1744,0,null,0,0,0
1745,0,null,0,0,0
1746,558,pi-,1,1,1
1747,0,null,0,0,0
1748,0,null,0,0,0
1749,0,null,0,0,0
1750,0,null,0,0,0
1751,0,null,0,0,0
1752,0,null,0,0,0
1753,2769,e-,1,1,0
1754,0,null,0,0,0
1755,0,null,0,0,0
1756,0,null,0,0,0
1757,0,null,0,0,0
1758,0,null,0,0,0
1759,0,null,0,0,0
1760,0,null,0,0,0
1761,0,null,0,0,0
1762,0,null,0,0,0
1763,0,null,0,0,0
1764,0,null,0,0,0
1765,0,null,0,0,0
1766,0,null,0,0,0
1767,0,null,0,0,0
1768,0,null,0,0,0
1769,0,null,0,0,0
1770,0,null,0,0,0
1771,0,null,0,0,0
1772,0,null,0,0,0
1773,0,null,0,0,0
1774,0,null,0,0,0
1775,0,null,0,0,0
1776,0,null,0,0,0
1777,0,null,0,0,0
1778,0,null,0,0,0
1779,0,null,0,0,0
1780,0,null,0,0,0
1781,0,null,0,0,0
1782,0,null,0,0,0
1783,0,null,0,0,0
1784,0,null,0,0,0
1785,0,null,0,0,0
1786,0,null,0,0,0
1787,0,null,0,0,0
1788,0,null,0,0,0
1789,0,null,0,0,0
1790,0,null,0,0,0
1791,0,null,0,0,0
1792,0,null,0,0,0
1793,0,null,0,0,0
1794,0,null,0,0,0
1795,0,null,0,0,0
1796,0,null,0,0,0
1797,0,null,0,0,0
1798,0,null,0,0,0
1799,0,null,0,0,0
1600,0,null,0,0,0
1601,0,null,0,0,0
1602,0,null,0,0,0
1603,0,null,0,0,0
1604,0,null,0,0,0
1605,0,null,0,0,0
1606,0,null,0,0,0
1607,0,null,0,0,0
1608,0,null,0,0,0
1609,0,null,0,0,0
1610,0,null,0,0,0
1611,0,null,0,0,0
1612,0,null,0,0,0
1613,0,null,0,0,0
1614,0,null,0,0,0
1615,0,null,0,0,0
1616,0,null,0,0,0
1617,1,primary_proton,1,1,1
1618,0,null,0,0,0
1619,0,null,0,0,0
1620,1,primary_proton,1,1,1
1621,0,null,0,0,0
1622,0,null,0,0,0
1623,8,pi+,1,1,1
1624,0,null,0,0,0
1625,0,null,0,0,0
1626,1679,secondary_proton,1,1,1
1627,0,null,0,0,0
1628,0,null,0,0,0
1629,0,null,0,0,0
1630,0,null,0,0,0
1631,0,null,0,0,0
1632,0,null,0,0,0
1633,0,null,0,0,0
1634,0,null,0,0,0
1635,0,null,0,0,0
1636,0,null,0,0,0
1637,0,null,0,0,0
1638,907,e-,1,0,0
1639,0,null,0,0,0
1640,0,null,0,0,0
1641,0,null,0,0,0
1642,1,primary_proton,1,1,1
1643,0,null,0,0,0
1644,0,null,0,0,0
1645,0,null,0,0,0
1646,0,null,0,0,0
1647,0,null,0,0,0
1648,1,primary_proton,1,1,1
1649,1,primary_proton,1,1,1
1650,0,null,0,0,0
1651,0,null,0,0,0
1652,0,null,0,0,0
1653,0,null,0,0,0
1654,0,null,0,0,0
1655,0,null,0,0,0
1656,0,null,0,0,0
1657,0,null,0,0,0
1658,0,null,0,0,0
1659,0,null,0,0,0
1660,0,null,0,0,0
1661,1,primary_proton,1,1,1
1662,0,null,0,0,0
1663,0,null,0,0,0
1664,0,null,0,0,0
1665,0,null,0,0,0
1666,0,null,0,0,0
1667,0,null,0,0,0
1668,0,null,0,0,0
1669,0,null,0,0,0
1670,14,pi+,1,1,1
1671,1433,e-,1,0,1
1672,0,null,0,0,0
1673,0,null,0,0,0
1674,0,null,0,0,0
1675,0,null,0,0,0
1676,0,null,0,0,0
1677,0,null,0,0,0
1678,0,null,0,0,0
1679,0,null,0,0,0
1890,0,null,0,0,0
1891,0,null,0,0,0
1892,0,null,0,0,0
1893,0,null,0,0,0
1894,0,null,0,0,0
1895,0,null,0,0,0
1896,0,null,0,0,0
1897,0,null,0,0,0
1898,1,primary_proton,1,1,1
1899,0,null,0,0,0
1800,0,null,0,0,0
1801,0,null,0,0,0
1802,0,null,0,0,0
1803,0,null,0,0,0
1804,986,e-,1,0,0
1805,0,null,0,0,0
1806,0,null,0,0,0
1807,0,null,0,0,0
1808,0,null,0,0,0
1809,1,primary_proton,1,1,1
1810,0,null,0,0,0
1811,0,null,0,0,0
1812,10,pi+,1,1,1
1813,0,null,0,0,0
1814,0,null,0,0,0
1815,0,null,0,0,0
1816,0,null,0,0,0
1817,0,null,0,0,0
1818,0,null,0,0,0
1819,0,null,0,0,0
1820,0,null,0,0,0
1821,0,null,0,0,0
1822,0,null,0,0,0
1823,0,null,0,0,0
1824,0,null,0,0,0
1825,0,null,0,0,0
1826,0,null,0,0,0
1827,0,null,0,0,0
1828,0,null,0,0,0
1829,0,null,0,0,0
1830,0,null,0,0,0
1831,0,null,0,0,0
1832,0,null,0,0,0
1833,0,null,0,0,0
1834,0,null,0,0,0
1835,7,secondary_proton,1,1,1
1836,0,null,0,0,0
1837,0,null,0,0,0
1838,0,null,0,0,0
1839,0,null,0,0,0
1840,0,null,0,0,0
1841,0,null,0,0,0
1842,0,null,0,0,0
1843,0,null,0,0,0
1844,0,null,0,0,0
1845,0,null,0,0,0
1846,0,null,0,0,0
1847,0,null,0,0,0
1848,0,null,0,0,0
1849,0,null,0,0,0
1850,0,null,0,0,0
1851,0,null,0,0,0
1852,0,null,0,0,0
1853,0,null,0,0,0
1854,0,null,0,0,0
1855,0,null,0,0,0
1856,0,null,0,0,0
1857,0,null,0,0,0
1858,0,null,0,0,0
1859,0,null,0,0,0
1860,0,null,0,0,0
1861,0,null,0,0,0
1862,0,null,0,0,0
1863,0,null,0,0,0
1864,0,null,0,0,0
1865,0,null,0,0,0
1866,0,null,0,0,0
1867,0,null,0,0,0
1868,7,pi+,1,1,1
1869,0,null,0,0,0
1870,0,null,0,0,0
1871,0,null,0,0,0
1872,0,nuG4WT0 > ll,0,0,0
1873,0,null,0,0,0
1874,0,null,0,0,0
1875,0,null,0,0,0
1876,0,null,0,0,0
1877,0,null,0,0,0
1878,0,null,0,0,0
1879,0,null,0,0,0
1880,0,null,0,0,0
1881,0,null,0,0,0
1882,0,null,0,0,0
1883,0,null,0,0,0
1884,0,null,0,0,0
1885,0,null,0,0,0
1886,0,null,0,0,0
1887,0,null,0,0,0
1888,0,null,0,0,0
1889,0,null,0,0,0
1960,0,null,0,0,0
1961,0,null,0,0,0
1962,0,null,0,0,0
1963,0,null,0,0,0
1964,0,null,0,0,0
1965,4,secondary_proton,1,1,1
1966,0,null,0,0,0
1967,0,null,0,0,0
1968,0,null,0,0,0
1969,0,null,0,0,0
1970,0,null,0,0,0
1971,0,null,0,0,0
1972,0,null,0,0,0
1973,0,null,0,0,0
1974,0,null,0,0,0
1975,0,null,0,0,0
1976,753,e-,1,0,1
1977,0,null,0,0,0
1978,0,null,0,0,0
1979,0,null,0,0,0
1980,0,null,0,0,0
1981,0,null,0,0,0
1982,0,null,0,0,0
1983,634,e-,1,1,1
1984,0,null,0,0,0
1985,0,null,0,0,0
1986,0,null,0,0,0
1987,0,null,0,0,0
1988,0,null,0,0,0
1989,0,null,0,0,0
1990,0,null,0,0,0
1991,0,null,0,0,0
1992,0,null,0,0,0
1993,0,null,0,0,0
1994,0,null,0,0,0
1995,0,null,0,0,0
1996,0,null,0,0,0
1997,0,null,0,0,0
1998,0,null,0,0,0
1999,0,null,0,0,0
2000,0,null,0,0,0
2001,0,null,0,0,0
2002,0,null,0,0,0
2003,0,null,0,0,0
2004,0,null,0,0,0
2005,0,null,0,0,0
2006,0,null,0,0,0
2007,0,null,0,0,0
2008,1,primary_proton,1,1,1
2009,0,null,0,0,0
2010,0,null,0,0,0
2011,0,null,0,0,0
2012,0,null,0,0,0
2013,0,null,0,0,0
2014,0,null,0,0,0
2015,1,primary_proton,1,1,1
2016,0,null,0,0,0
2017,0,null,0,0,0
2018,0,null,0,0,0
2019,0,null,0,0,0
2020,0,null,0,0,0
2021,0,null,0,0,0
2022,4440,e-,1,0,0
2023,0,null,0,0,0
2024,0,null,0,0,0
2025,0,null,0,0,0
2026,0,null,0,0,0
2027,0,null,0,0,0
2028,0,null,0,0,0
2029,0,null,0,0,0
1900,20,pi-,1,1,1
1901,0,null,0,0,0
1902,0,null,0,0,0
1903,0,null,0,0,0
1904,0,null,0,0,0
1905,0,null,0,0,0
1906,0,null,0,0,0
1907,0,null,0,0,0
1908,0,null,0,0,0
1909,0,null,0,0,0
1910,5,secondary_proton,1,1,1
1911,1,primary_proton,1,1,1
1912,0,null,0,0,0
1913,0,null,0,0,0
1914,0,null,0,0,0
1915,1,primary_proton,1,1,1
1916,0,null,0,0,0
1917,0,null,0,0,0
1918,0,null,0,0,0
1919,0,null,0,0,0
1920,0,null,0,0,0
1921,0,null,0,0,0
1922,0,null,0,0,0
1923,0,null,0,0,0
1924,6,secondary_proton,1,1,1
1925,0,null,0,0,0
1926,0,null,0,0,0
1927,0,null,0,0,0
1928,0,null,0,0,0
1929,0,null,0,0,0
1930,0,null,0,0,0
1931,0,null,0,0,0
1932,0,null,0,0,0
1933,0,null,0,0,0
1934,1,primary_proton,1,1,1
1935,0,null,0,0,0
1936,0,null,0,0,0
1937,0,null,0,0,0
1938,0,null,0,0,0
1939,0,null,0,0,0
1940,0,null,0,0,0
1941,0,null,0,0,0
1942,0,null,0,0,0
1943,0,null,0,0,0
1944,0,null,0,0,0
1945,0,null,0,0,0
1946,0,null,0,0,0
1947,0,null,0,0,0
1948,0,null,0,0,0
1949,0,null,0,0,0
1950,0,null,0,0,0
1951,0,null,0,0,0
1952,5,pi-,1,1,0
1953,0,null,0,0,0
1954,7,secondary_proton,1,1,1
1955,0,null,0,0,0
1956,0,null,0,0,0
1957,0,null,0,0,0
1958,0,null,0,0,0
1959,0,null,0,0,0
2030,0,null,0,0,0
2031,0,null,0,0,0
2100,1,primary_proton,1,1,1
2101,0,null,0,0,0
2102,0,null,0,0,0
2103,1,primary_proton,1,1,1
2104,0,null,0,0,0
2105,0,null,0,0,0
2106,0,null,0,0,0
2107,0,null,0,0,0
2108,1,primary_proton,1,1,1
2109,0,null,0,0,0
2110,0,null,0,0,0
2111,0,null,0,0,0
2112,0,null,0,0,0
2113,0,null,0,0,0
2114,0,null,0,0,0
2115,0,null,0,0,0
2116,0,null,0,0,0
2117,0,null,0,0,0
2118,0,null,0,0,0
2119,0,null,0,0,0
2120,0,null,0,0,0
2121,0,null,0,0,0
2122,0,null,0,0,0
2123,1,primary_proton,1,1,1
2124,0,null,0,0,0
2125,0,null,0,0,0
2126,0,null,0,0,0
2127,0,null,0,0,0
2128,0,null,0,0,0
2129,0,null,0,0,0
2130,0,null,0,0,0
2131,0,null,0,0,0
2132,0,null,0,0,0
2133,0,null,0,0,0
2134,0,null,0,0,0
2135,0,null,0,0,0
2136,0,null,0,0,0
2137,0,null,0,0,0
2138,0,null,0,0,0
2139,0,null,0,0,0
2140,0,null,0,0,0
2141,0,null,0,0,0
2142,0,null,0,0,0
2143,0,null,0,0,0
2144,12,pi+,1,0,0
2145,0,null,0,0,0
2146,0,null,0,0,0
2147,0,null,0,0,0
2148,0,null,0,0,0
2149,0,null,0,0,0
2150,0,null,0,0,0
2151,0,null,0,0,0
2152,0,null,0,0,0
2153,0,null,0,0,0
2154,0,null,0,0,0
2155,0,null,0,0,0
2156,0,null,0,0,0
2157,0,null,0,0,0
2158,0,null,0,0,0
2159,0,null,0,0,0
2160,0,null,0,0,0
2161,0,null,0,0,0
2162,0,null,0,0,0
2163,0,null,0,0,0
2164,0,null,0,0,0
2165,0,null,0,0,0
2166,0,null,0,0,0
2167,0,null,0,0,0
2168,0,null,0,0,0
2169,851,e-,1,0,0
2170,0,null,0,0,0
2171,0,null,0,0,0
2172,0,null,0,0,0
2173,0,null,0,0,0
2174,0,null,0,0,0
2175,6,pi+,1,1,1
2176,0,null,0,0,0
2177,0,null,0,0,0
2178,0,null,0,0,0
2179,0,null,0,0,0
2180,0,null,0,0,0
2181,0,null,0,0,0
2182,0,null,0,0,0
2183,0,null,0,0,0
2184,0,null,0,0,0
2185,0,null,0,0,0
2186,0,null,0,0,0
2187,0,null,0,0,0
2188,0,null,0,0,0
2189,0,null,0,0,0
2190,0,null,0,0,0
2191,0,null,0,0,0
2192,0,null,0,0,0
2193,0,null,0,0,0
2194,0,null,0,0,0
2195,0,null,0,0,0
2196,0,null,0,0,0
2197,7,pi-,1,1,1
2198,0,null,0,0,0
2199,0,null,0,0,0
2032,12,secondary_proton,1,1,1
2033,0,null,0,0,0
2034,10,kaon-,1,1,0
2035,0,null,0,0,0
2036,0,null,0,0,0
2037,0,null,0,0,0
2038,1397,e+,1,1,1
2039,0,null,0,0,0
2040,0,null,0,0,0
2041,0,null,0,0,0
2042,0,null,0,0,0
2043,0,null,0,0,0
2044,0,null,0,0,0
2045,0,null,0,0,0
2046,0,null,0,0,0
2047,0,null,0,0,0
2048,0,null,0,0,0
2049,0,null,0,0,0
2050,7,secondary_proton,1,1,1
2051,0,null,0,0,0
2052,0,null,0,0,0
2053,0,null,0,0,0
2054,0,null,0,0,0
2055,0,null,0,0,0
2056,0,null,0,0,0
2057,0,null,0,0,0
2058,0,null,0,0,0
2059,0,null,0,0,0
2060,0,null,0,0,0
2061,0,null,0,0,0
2062,0,null,0,0,0
2063,0,null,0,0,0
2064,0,null,0,0,0
2065,0,null,0,0,0
2066,0,null,0,0,0
2067,2,secondary_proton,1,0,0
2068,0,null,0,0,0
2069,0,null,0,0,0
2070,0,null,0,0,0
2071,0,null,0,0,0
2072,0,null,0,0,0
2073,0,null,0,0,0
2074,0,null,0,0,0
2075,7,pi+,1,1,1
2076,0,null,0,0,0
2077,0,null,0,0,0
2078,0,null,0,0,0
2079,0,null,0,0,0
2080,0,null,0,0,0
2081,1,primary_proton,1,1,1
2082,1,primary_proton,1,1,1
2083,0,null,0,0,0
2084,0,null,0,0,0
2085,0,null,0,0,0
2086,0,null,0,0,0
2087,0,null,0,0,0
2200,0,null,0,0,0
2201,0,null,0,0,0
2202,1,primary_proton,1,1,1
2203,0,null,0,0,0
2204,1155,e-,1,0,0
2205,0,null,0,0,0
2206,0,null,0,0,0
2207,0,null,0,0,0
2208,0,null,0,0,0
2209,0,null,0,0,0
2210,0,null,0,0,0
2211,0,null,0,0,0
2212,0,null,0,0,0
2213,0,null,0,0,0
2214,0,null,0,0,0
2215,0,null,0,0,0
2216,0,null,0,0,0
2217,0,null,0,0,0
2218,0,null,0,0,0
2219,0,null,0,0,0
2220,0,null,0,0,0
2221,0,null,0,0,0
2222,0,null,0,0,0
2223,0,null,0,0,0
2224,0,null,0,0,0
2225,0,null,0,0,0
2226,0,null,0,0,0
2227,0,null,0,0,0
2228,0,null,0,0,0
2229,0,null,0,0,0
2230,0,null,0,0,0
2231,0,null,0,0,0
2232,0,null,0,0,0
2233,0,null,0,0,0
2234,0,null,0,0,0
2235,6,secondary_proton,1,1,1
2236,0,null,0,0,0
2237,0,null,0,0,0
2238,0,null,0,0,0
2239,0,null,0,0,0
2240,0,null,0,0,0
2241,0,null,0,0,0
2242,0,null,0,0,0
2243,0,null,0,0,0
2244,0,null,0,0,0
2245,0,null,0,0,0
2246,0,null,0,0,0
2247,0,null,0,0,0
2248,0,null,0,0,0
2249,0,null,0,0,0
2250,0,null,0,0,0
2251,204,e-,1,0,0
2252,0,null,0,0,0
2253,0,null,0,0,0
2254,0,null,0,0,0
2255,0,null,0,0,0
2256,0,null,0,0,0
2257,0,null,0,0,0
2258,0,null,0,0,0
2259,0,null,0,0,0
2260,18,pi-,1,1,1
2261,0,null,0,0,0
2262,0,null,0,0,0
2263,0,null,0,0,0
2264,0,null,0,0,0
2265,0,null,0,0,0
2266,0,null,0,0,0
2267,0,null,0,0,0
2268,0,null,0,0,0
2269,0,null,0,0,0
2270,0,null,0,0,0
2271,0,null,0,0,0
2272,0,null,0,0,0
2273,0,null,0,0,0
2274,0,null,0,0,0
2275,0,null,0,0,0
2276,0,null,0,0,0
2277,0,null,0,0,0
2278,0,null,0,0,0
2279,0,null,0,0,0
2280,0,null,0,0,0
2281,0,null,0,0,0
2282,0,null,0,0,0
2283,0,null,0,0,0
2284,0,null,0,0,0
2285,0,null,0,0,0
2286,0,null,0,0,0
2287,0,null,0,0,0
2288,0,null,0,0,0
2289,0,null,0,0,0
2290,0,null,0,0,0
2291,0,null,0,0,0
2292,0,null,0,0,0
2293,0,null,0,0,0
2294,0,null,0,0,0
2295,0,null,0,0,0
2296,0,null,0,0,0
2297,0,null,0,0,0
2298,0,null,0,0,0
2299,0,null,0,0,0
2088,0,null,0,0,0
2089,0,null,0,0,0
2090,0,null,0,0,0
2091,0,null,0,0,0
2092,0,null,0,0,0
2093,1,primary_proton,1,1,1
2094,27,pi+,1,1,1
2095,0,null,0,0,0
2096,0,null,0,0,0
2097,0,null,0,0,0
2098,0,null,0,0,0
2099,0,null,0,0,0
2380,0,null,0,0,0
2381,0,null,0,0,0
2382,0,null,0,0,0
2383,0,null,0,0,0
2384,0,null,0,0,0
2385,0,null,0,0,0
2386,1,primary_proton,1,1,1
2387,0,null,0,0,0
2388,0,null,0,0,0
2389,0,null,0,0,0
2390,0,null,0,0,0
2391,0,null,0,0,0
2392,0,null,0,0,0
2393,0,null,0,0,0
2394,0,null,0,0,0
2395,0,null,0,0,0
2396,0,null,0,0,0
2397,0,null,0,0,0
2398,0,null,0,0,0
2399,0,null,0,0,0
2400,0,null,0,0,0
2401,0,null,0,0,0
2402,0,null,0,0,0
2403,0,null,0,0,0
2404,0,null,0,0,0
2405,0,null,0,0,0
2406,0,null,0,0,0
2407,0,null,0,0,0
2408,0,null,0,0,0
2409,0,null,0,0,0
2410,0,null,0,0,0
2411,0,null,0,0,0
2412,0,null,0,0,0
2413,0,null,0,0,0
2414,0,null,0,0,0
2415,0,null,0,0,0
2416,0,null,0,0,0
2417,2465,e-,0,1,0
2418,0,null,0,0,0
2419,0,null,0,0,0
2420,0,null,0,0,0
2421,0,null,0,0,0
2422,0,null,0,0,0
2423,0,null,0,0,0
2424,0,null,0,0,0
2425,0,null,0,0,0
2426,0,null,0,0,0
2427,0,null,0,0,0
2428,0,null,0,0,0
2429,5,secondary_proton,1,1,0
2430,0,null,0,0,0
2431,0,null,0,0,0
2432,0,null,0,0,0
2433,0,null,0,0,0
2434,0,null,0,0,0
2435,0,null,0,0,0
2436,0,null,0,0,0
2437,0,null,0,0,0
2438,0,null,0,0,0
2439,0,null,0,0,0
2440,0,null,0,0,0
2441,0,null,0,0,0
2442,0,null,0,0,0
2443,0,null,0,0,0
2444,0,null,0,0,0
2445,0,null,0,0,0
2446,0,null,0,0,0
2447,0,null,0,0,0
2448,0,null,0,0,0
2449,0,null,0,0,0
2450,0,null,0,0,0
2451,0,null,0,0,0
2452,0,null,0,0,0
2453,0,null,0,0,0
2454,0,null,0,0,0
2455,0,null,0,0,0
2456,0,null,0,0,0
2457,0,null,0,0,0
2458,0,null,0,0,0
2459,0,null,0,0,0
2460,0,null,0,0,0
2461,0,null,0,0,0
2462,0,null,0,0,0
2463,0,null,0,0,0
2464,0,null,0,0,0
2465,0,null,0,0,0
2466,1,primary_proton,1,1,1
2467,0,null,0,0,0
2468,0,null,0,0,0
2469,0,null,0,0,0
2470,0,null,0,0,0
2471,0,null,0,0,0
2472,0,null,0,0,0
2473,0,null,0,0,0
2474,0,null,0,0,0
2475,0,null,0,0,0
2476,0,null,0,0,0
2477,0,null,0,0,0
2478,0,null,0,0,0
2479,0,null,0,0,0
2480,0,null,0,0,0
2481,0,null,0,0,0
2482,0,null,0,0,0
2483,0,null,0,0,0
2484,0,null,0,0,0
2485,0,null,0,0,0
2486,0,null,0,0,0
2487,0,null,0,0,0
2488,988,pi+,1,0,0
2489,0,null,0,0,0
2490,0,null,0,0,0
2491,0,null,0,0,0
2492,0,null,0,0,0
2493,0,null,0,0,0
2494,0,null,0,0,0
2495,0,null,0,0,0
2496,0,null,0,0,0
2497,0,null,0,0,0
2498,1,primary_proton,1,1,1
2499,0,null,0,0,0
2300,0,null,0,0,0
2301,0,null,0,0,0
2302,0,null,0,0,0
2303,0,null,0,0,0
2304,0,null,0,0,0
2305,0,null,0,0,0
2306,0,null,0,0,0
2307,0,null,0,0,0
2308,0,null,0,0,0
2309,1,primary_proton,1,1,1
2310,0,null,0,0,0
2311,0,null,0,0,0
2312,0,null,0,0,0
2313,0,null,0,0,0
2314,1,primary_proton,1,1,1
2315,0,null,0,0,0
2316,0,null,0,0,0
2317,0,null,0,0,0
2318,0,null,0,0,0
2319,0,null,0,0,0
2320,0,null,0,0,0
2321,0,null,0,0,0
2322,0,null,0,0,0
2323,0,null,0,0,0
2324,0,null,0,0,0
2325,0,null,0,0,0
2326,0,null,0,0,0
2327,0,null,0,0,0
2328,0,null,0,0,0
2329,7,secondary_proton,1,1,1
2330,0,null,0,0,0
2331,0,null,0,0,0
2332,0,null,0,0,0
2333,0,null,0,0,0
2334,0,null,0,0,0
2335,0,null,0,0,0
2336,0,null,0,0,0
2337,0,null,0,0,0
2338,0,null,0,0,0
2339,0,null,0,0,0
2340,0,null,0,0,0
2341,1,primary_proton,1,1,1
2342,0,null,0,0,0
2343,0,null,0,0,0
2344,0,null,0,0,0
2345,0,null,0,0,0
2346,0,null,0,0,0
2347,0,null,0,0,0
2348,0,null,0,0,0
2349,0,null,0,0,0
2350,0,null,0,0,0
2351,0,null,0,0,0
2352,0,null,0,0,0
2353,1,primary_proton,1,1,1
2354,0,null,0,0,0
2355,0,null,0,0,0
2356,0,null,0,0,0
2357,0,null,0,0,0
2358,0,null,0,0,0
2359,0,null,0,0,0
2360,0,null,0,0,0
2361,0,null,0,0,0
2362,1,primary_proton,1,1,1
2363,0,null,0,0,0
2364,0,null,0,0,0
2365,0,null,0,0,0
2366,0,null,0,0,0
2367,1,primary_proton,1,1,1
2368,0,null,0,0,0
2369,0,null,0,0,0
2370,0,null,0,0,0
2371,0,null,0,0,0
2372,0,null,0,0,0
2373,1275,e-,1,1,0
2374,0,null,0,0,0
2375,0,null,0,0,0
2376,0,null,0,0,0
2377,0,null,0,0,0
2378,0,null,0,0,0
2379,0,null,0,0,0
2520,0,null,0,0,0
2521,0,null,0,0,0
2522,0,null,0,0,0
2523,0,null,0,0,0
2524,0,null,0,0,0
2525,0,null,0,0,0
2526,2,secondary_proton,1,1,1
2527,0,null,0,0,0
2528,0,null,0,0,0
2529,0,null,0,0,0
2530,0,null,0,0,0
2531,0,null,0,0,0
2532,0,null,0,0,0
2533,0,null,0,0,0
2534,0,null,0,0,0
2535,0,null,0,0,0
2536,0,null,0,0,0
2537,0,null,0,0,0
2538,0,null,0,0,0
2539,0,null,0,0,0
2540,0,null,0,0,0
2541,0,null,0,0,0
2542,0,null,0,0,0
2543,0,null,0,0,0
2544,0,null,0,0,0
2545,0,null,0,0,0
2546,0,null,0,0,0
2547,0,null,0,0,0
2548,0,null,0,0,0
2549,0,null,0,0,0
2550,684,secondary_proton,1,1,1
2551,0,null,0,0,0
2552,0,null,0,0,0
2553,27,secondary_proton,1,1,1
2554,0,null,0,0,0
2555,0,null,0,0,0
2556,0,null,0,0,0
2557,0,null,0,0,0
2558,0,null,0,0,0
2559,0,null,0,0,0
2560,0,null,0,0,0
2561,0,null,0,0,0
2562,0,null,0,0,0
2563,0,null,0,0,0
2564,0,null,0,0,0
2565,0,null,0,0,0
2566,0,null,0,0,0
2567,0,null,0,0,0
2568,0,null,0,0,0
2569,0,null,0,0,0
2570,0,null,0,0,0
2571,0,null,0,0,0
2572,0,null,0,0,0
2573,0,null,0,0,0
2574,0,null,0,0,0
2575,1,primary_proton,1,1,1
2576,0,null,0,0,0
2577,0,null,0,0,0
2578,0,null,0,0,0
2579,1,primary_proton,1,1,1
2580,0,null,0,0,0
2500,0,null,0,0,0
2501,0,null,0,0,0
2502,21,pi+,1,1,0
2503,0,null,0,0,0
2504,0,null,0,0,0
2505,0,null,0,0,0
2506,0,null,0,0,0
2507,0,null,0,0,0
2508,2855,e-,0,1,1
2509,1,primary_proton,1,1,1
2510,0,null,0,0,0
2511,0,null,0,0,0
2512,0,null,0,0,0
2513,1,primary_proton,1,1,1
2514,0,null,0,0,0
2515,0,null,0,0,0
2516,0,null,0,0,0
2517,0,null,0,0,0
2518,1,primary_proton,1,1,1
2519,8,secondary_proton,1,1,1
2590,0,null,0,0,0
2591,1,primary_proton,1,1,1
2592,0,null,0,0,0
2593,0,null,0,0,0
2594,0,null,0,0,0
2595,1,primary_proton,1,1,1
2596,0,null,0,0,0
2597,0,null,0,0,0
2598,0,null,0,0,0
2599,0,null,0,0,0
2600,1,primary_proton,1,1,1
2601,0,null,0,0,0
2602,0,null,0,0,0
2603,0,null,0,0,0
2604,5,secondary_proton,1,1,1
2605,0,null,0,0,0
2606,0,null,0,0,0
2607,0,null,0,0,0
2608,0,null,0,0,0
2609,0,null,0,0,0
2610,0,null,0,0,0
2611,0,null,0,0,0
2612,0,null,0,0,0
2613,0,null,0,0,0
2614,0,null,0,0,0
2615,0,null,0,0,0
2616,0,null,0,0,0
2617,0,null,0,0,0
2618,0,null,0,0,0
2619,0,null,0,0,0
2620,0,null,0,0,0
2621,0,null,0,0,0
2622,0,null,0,0,0
2623,0,null,0,0,0
2624,12,pi+,1,1,0
2625,0,null,0,0,0
2626,0,null,0,0,0
2627,0,null,0,0,0
2628,0,null,0,0,0
2629,0,null,0,0,0
2630,0,null,0,0,0
2631,0,null,0,0,0
2632,0,null,0,0,0
2633,0,null,0,0,0
2634,0,null,0,0,0
2635,0,null,0,0,0
2636,0,null,0,0,0
2637,0,null,0,0,0
2638,0,null,0,0,0
2639,0,null,0,0,0
2640,0,null,0,0,0
2641,0,null,0,0,0
2642,0,null,0,0,0
2643,0,null,0,0,0
2644,9,secondary_proton,1,0,1
2645,0,null,0,0,0
2646,0,null,0,0,0
2647,0,null,0,0,0
2648,0,null,0,0,0
2649,1,primary_proton,1,1,1
2650,0,null,0,0,0
2651,0,null,0,0,0
2652,0,null,0,0,0
2653,0,null,0,0,0
2654,0,null,0,0,0
2655,0,null,0,0,0
2656,0,null,0,0,0
2657,0,null,0,0,0
2658,0,null,0,0,0
2659,0,null,0,0,0
2730,0,null,0,0,0
2731,0,null,0,0,0
2732,0,null,0,0,0
2733,0,null,0,0,0
2734,0,null,0,0,0
2735,0,null,0,0,0
2736,0,null,0,0,0
2737,0,null,0,0,0
2738,0,null,0,0,0
2739,0,null,0,0,0
2740,0,null,0,0,0
2741,0,null,0,0,0
2742,0,null,0,0,0
2743,0,null,0,0,0
2744,0,null,0,0,0
2745,0,null,0,0,0
2746,0,null,0,0,0
2582,0,null,0,0,0
2583,0,null,0,0,0
2584,0,null,0,0,0
2585,0,null,0,0,0
2586,0,null,0,0,0
2587,0,null,0,0,0
2588,0,null,0,0,0
2589,0,null,0,0,0
2660,0,null,0,0,0
2661,0,null,0,0,0
2662,0,null,0,0,0
2663,0,null,0,0,0
2664,0,null,0,0,0
2665,0,null,0,0,0
2666,1,primary_proton,1,1,1
2667,0,null,0,0,0
2668,0,null,0,0,0
2669,0,null,0,0,0
2670,0,null,0,0,0
2671,0,null,0,0,0
2672,0,null,0,0,0
2673,0,null,0,0,0
2674,0,null,0,0,0
2675,0,null,0,0,0
2676,2412,e-,1,1,1
2677,16,pi+,1,1,1
2678,2,secondary_proton,1,1,1
2679,1,primary_proton,1,1,1
2680,0,null,0,0,0
2681,0,null,0,0,0
2682,0,null,0,0,0
2683,0,null,0,0,0
2684,0,null,0,0,0
2685,0,null,0,0,0
2686,0,null,0,0,0
2687,0,null,0,0,0
2688,0,null,0,0,0
2689,0,null,0,0,0
2690,0,null,0,0,0
2691,0,null,0,0,0
2692,0,null,0,0,0
2693,0,null,0,0,0
2694,0,null,0,0,0
2695,0,null,0,0,0
2696,14,pi-,1,1,1
2697,0,null,0,0,0
2698,0,null,0,0,0
2699,0,null,0,0,0
2700,0,null,0,0,0
2701,10,pi+,1,1,0
2702,0,null,0,0,0
2703,0,null,0,0,0
2704,0,null,0,0,0
2705,0,null,0,0,0
2706,0,null,0,0,0
2707,0,null,0,0,0
2708,0,null,0,0,0
2709,0,null,0,0,0
2710,0,null,0,0,0
2711,0,null,0,0,0
2712,0,null,0,0,0
2713,0,null,0,0,0
2714,0,null,0,0,0
2715,0,null,0,0,0
2716,0,null,0,0,0
2717,0,null,0,0,0
2718,0,null,0,0,0
2719,0,null,0,0,0
2720,0,null,0,0,0
2721,0,null,0,0,0
2722,0,null,0,0,0
2723,0,null,0,0,0
2724,0,null,0,0,0
2725,0,null,0,0,0
2726,0,null,0,0,0
2727,0,null,0,0,0
2728,0,null,0,0,0
2729,0,null,0,0,0
2747,0,null,0,0,0
2748,0,null,0,0,0
2749,0,null,0,0,0
2750,0,null,0,0,0
2751,0,null,0,0,0
2752,0,null,0,0,0
2753,0,null,0,0,0
2754,1,primary_proton,1,1,1
2755,0,null,0,0,0
2756,0,null,0,0,0
2757,0,null,0,0,0
2758,0,null,0,0,0
2759,0,null,0,0,0
2760,0,null,0,0,0
2761,0,null,0,0,0
2762,0,null,0,0,0
2763,0,null,0,0,0
2764,0,null,0,0,0
2765,0,null,0,0,0
2766,0,null,0,0,0
2767,0,null,0,0,0
2768,0,null,0,0,0
2769,0,null,0,0,0
2770,0,null,0,0,0
2771,14,pi-,1,1,1
2772,0,null,0,0,0
2773,0,null,0,0,0
2774,0,null,0,0,0
2775,0,null,0,0,0
2776,0,null,0,0,0
2777,0,null,0,0,0
2778,0,null,0,0,0
2779,1,primary_proton,1,1,1
2780,0,null,0,0,0
2781,0,null,0,0,0
2782,1,primary_proton,1,1,1
2783,8,secondary_proton,1,1,1
2784,0,null,0,0,0
2785,0,null,0,0,0
2786,0,null,0,0,0
2787,0,null,0,0,0
2788,0,null,0,0,0
2789,0,null,0,0,0
2790,0,null,0,0,0
2791,0,null,0,0,0
2792,0,null,0,0,0
2793,0,null,0,0,0
2794,0,null,0,0,0
2795,0,null,0,0,0
2796,0,null,0,0,0
2797,0,null,0,0,0
2798,0,null,0,0,0
2799,0,null,0,0,0
2870,0,null,0,0,0
2871,0,null,0,0,0
2872,0,null,0,0,0
2873,0,null,0,0,0
2874,0,null,0,0,0
2875,0,null,0,0,0
2876,0,null,0,0,0
2877,0,null,0,0,0
2878,0,null,0,0,0
2879,0,null,0,0,0
2880,0,null,0,0,0
2881,0,null,0,0,0
2882,0,null,0,0,0
2883,0,null,0,0,0
2884,0,null,0,0,0
2885,0,null,0,0,0
2886,0,null,0,0,0
2887,0,null,0,0,0
2888,0,null,0,0,0
2889,0,null,0,0,0
2890,0,null,0,0,0
2891,0,null,0,0,0
2892,0,null,0,0,0
2893,0,nulG4WT1 > l,0,0,0
2894,0,null,0,0,0
2895,0,null,0,0,0
2896,0,null,0,0,0
2897,0,null,0,0,0
2898,0,null,0,0,0
2899,0,null,0,0,0
2900,0,null,0,0,0
2901,0,null,0,0,0
2902,0,null,0,0,0
2903,1,primary_proton,1,1,1
2904,0,null,0,0,0
2905,0,null,0,0,0
2906,0,null,0,0,0
2907,0,null,0,0,0
2908,0,null,0,0,0
2909,0,null,0,0,0
2910,0,null,0,0,0
2911,1,primary_proton,1,1,1
2912,0,null,0,0,0
2913,0,null,0,0,0
2914,0,null,0,0,0
2915,0,null,0,0,0
2916,11,pi+,1,1,1
2917,0,null,0,0,0
2918,0,null,0,0,0
2919,0,null,0,0,0
2920,0,null,0,0,0
2921,0,null,0,0,0
2922,0,null,0,0,0
2923,0,null,0,0,0
2924,0,null,0,0,0
2925,0,null,0,0,0
2926,0,null,0,0,0
2927,0,null,0,0,0
2928,1,primary_proton,1,1,1
2929,0,null,0,0,0
2930,0,null,0,0,0
2931,0,null,0,0,0
2932,0,null,0,0,0
2933,0,null,0,0,0
2934,0,null,0,0,0
2935,0,null,0,0,0
2936,0,null,0,0,0
2937,0,null,0,0,0
2938,0,null,0,0,0
2939,0,null,0,0,0
2940,0,null,0,0,0
2941,0,null,0,0,0
2942,1,primary_proton,1,1,1
2943,0,null,0,0,0
2944,0,null,0,0,0
2945,0,null,0,0,0
2946,0,null,0,0,0
2947,0,null,0,0,0
2948,0,null,0,0,0
2949,0,null,0,0,0
2950,0,null,0,0,0
2951,0,null,0,0,0
2952,0,null,0,0,0
2953,0,null,0,0,0
2954,0,null,0,0,0
2955,0,null,0,0,0
2956,1,primary_proton,1,1,1
2957,0,null,0,0,0
2958,0,null,0,0,0
2959,1,primary_proton,1,1,1
2960,0,null,0,0,0
2961,0,null,0,0,0
2962,0,null,0,0,0
2964,0,null,0,0,0
2965,0,null,0,0,0
2966,0,null,0,0,0
2967,0,null,0,0,0
2968,0,null,0,0,0
2969,0,null,0,0,0
2970,0,null,0,0,0
2971,0,null,0,0,0
2972,0,null,0,0,0
2973,0,null,0,0,0
2974,0,null,0,0,0
2975,0,null,0,0,0
2976,0,null,0,0,0
2977,0,null,0,0,0
2978,0,null,0,0,0
2979,3,secondary_proton,1,1,1
2980,0,null,0,0,0
2981,0,null,0,0,0
2982,0,null,0,0,0
2983,0,null,0,0,0
2984,0,null,0,0,0
2985,0,null,0,0,0
2986,0,null,0,0,0
2987,0,null,0,0,0
2988,0,null,0,0,0
2989,0,null,0,0,0
2990,0,null,0,0,0
2991,0,null,0,0,0
2992,0,null,0,0,0
2993,0,null,0,0,0
2994,0,null,0,0,0
2995,0,null,0,0,0
2996,0,null,0,0,0
2997,0,null,0,0,0
2998,0,null,0,0,0
2999,0,null,0,0,0
2800,0,null,0,0,0
2801,0,null,0,0,0
2802,0,null,0,0,0
2803,5,pi+,1,1,1
2804,0,null,0,0,0
2805,11,secondary_proton,1,1,1
2806,0,null,0,0,0
2807,0,null,0,0,0
2808,0,null,0,0,0
2809,0,null,0,0,0
2810,0,null,0,0,0
2811,1298,e-,1,0,0
2812,569,e-,1,0,0
2813,10,pi-,1,1,1
2814,0,null,0,0,0
2815,0,null,0,0,0
2816,0,null,0,0,0
2817,0,null,0,0,0
2818,0,null,0,0,0
2819,0,null,0,0,0
2820,0,null,0,0,0
2821,0,null,0,0,0
2822,7,pi-,1,0,0
2823,0,null,0,0,0
2824,0,null,0,0,0
2825,0,null,0,0,0
2826,0,null,0,0,0
2827,0,null,0,0,0
2828,0,null,0,0,0
2829,0,null,0,0,0
2830,0,null,0,0,0
2831,0,null,0,0,0
2832,0,null,0,0,0
2833,0,null,0,0,0
2834,0,null,0,0,0
2835,11,pi-,1,1,1
2836,0,null,0,0,0
2837,0,null,0,0,0
2838,0,null,0,0,0
2839,0,null,0,0,0
2840,0,null,0,0,0
2841,0,null,0,0,0
2842,0,null,0,0,0
2843,0,null,0,0,0
2844,0,null,0,0,0
2845,0,null,0,0,0
2846,0,null,0,0,0
2847,0,null,0,0,0
2848,0,null,0,0,0
2849,0,null,0,0,0
2850,0,null,0,0,0
2851,0,null,0,0,0
2852,0,null,0,0,0
2853,0,null,0,0,0
2854,1,primary_proton,1,1,1
2855,0,null,0,0,0
2856,0,null,0,0,0
2857,0,null,0,0,0
2858,0,null,0,0,0
2859,0,null,0,0,0
2860,0,null,0,0,0
2861,0,null,0,0,0
2862,0,null,0,0,0
2863,0,null,0,0,0
2864,1,primary_proton,1,1,1
2865,0,null,0,0,0
2866,0,null,0,0,0
2867,0,null,0,0,0
2868,0,null,0,0,0
2869,0,null,0,0,0
3010,0,null,0,0,0
3011,0,null,0,0,0
3012,0,null,0,0,0
3013,0,null,0,0,0
3014,0,null,0,0,0
3000,0,null,0,0,0
3001,0,null,0,0,0
3002,0,null,0,0,0
3003,5,secondary_proton,1,1,1
3004,0,null,0,0,0
3005,0,null,0,0,0
3006,0,null,0,0,0
3007,0,null,0,0,0
3008,0,null,0,0,0
3009,0,null,0,0,0
3080,0,null,0,0,0
3081,0,null,0,0,0
3082,0,null,0,0,0
3083,1602,pi+,1,0,0
3084,0,null,0,0,0
3085,0,null,0,0,0
3086,1,primary_proton,1,1,1
3087,0,null,0,0,0
3088,0,null,0,0,0
3089,0,null,0,0,0
3090,0,null,0,0,0
3091,0,null,0,0,0
3092,0,null,0,0,0
3093,0,null,0,0,0
3094,0,null,0,0,0
3095,0,null,0,0,0
3096,0,null,0,0,0
3097,0,null,0,0,0
3098,12,pi-,1,1,1
3099,0,null,0,0,0
3015,0,null,0,0,0
3016,0,null,0,0,0
3017,0,null,0,0,0
3018,0,null,0,0,0
3019,0,null,0,0,0
3020,0,null,0,0,0
3021,0,null,0,0,0
3022,0,null,0,0,0
3023,0,null,0,0,0
3024,0,null,0,0,0
3025,0,null,0,0,0
3026,0,null,0,0,0
3027,0,null,0,0,0
3028,0,null,0,0,0
3029,0,null,0,0,0
3030,0,null,0,0,0
3031,0,null,0,0,0
3032,0,null,0,0,0
3033,0,null,0,0,0
3034,0,null,0,0,0
3035,0,null,0,0,0
3036,0,null,0,0,0
3037,0,null,0,0,0
3038,0,null,0,0,0
3039,0,null,0,0,0
3040,0,null,0,0,0
3041,0,null,0,0,0
3042,0,null,0,0,0
3043,0,null,0,0,0
3044,0,null,0,0,0
3045,0,null,0,0,0
3046,2167,secondary_proton,1,0,0
3047,0,null,0,0,0
3048,0,null,0,0,0
3049,0,null,0,0,0
3050,0,null,0,0,0
3051,0,null,0,0,0
3052,14,e-,1,1,1
3053,0,null,0,0,0
3054,7,pi-,1,1,0
3055,0,null,0,0,0
3056,0,null,0,0,0
3057,1127,pi+,1,1,1
3058,0,null,0,0,0
3059,0,null,0,0,0
3060,0,null,0,0,0
3061,0,null,0,0,0
3062,0,null,0,0,0
3063,0,null,0,0,0
3064,0,null,0,0,0
3065,0,null,0,0,0
3066,0,null,0,0,0
3067,0,null,0,0,0
3068,0,null,0,0,0
3069,0,null,0,0,0
3070,0,null,0,0,0
3071,4,secondary_proton,1,1,1
3072,0,null,0,0,0
3073,0,null,0,0,0
3074,0,null,0,0,0
3075,0,null,0,0,0
3076,0,null,0,0,0
3077,0,null,0,0,0
3078,0,null,0,0,0
3079,0,null,0,0,0
3150,0,null,0,0,0
3151,0,null,0,0,0
3152,0,null,0,0,0
3100,238,secondary_proton,1,1,1
3101,0,null,0,0,0
3102,0,null,0,0,0
3103,0,null,0,0,0
3104,0,null,0,0,0
3105,0,null,0,0,0
3106,0,null,0,0,0
3107,0,null,0,0,0
3108,7,pi-,1,1,1
3109,0,null,0,0,0
3110,0,null,0,0,0
3111,0,null,0,0,0
3112,0,null,0,0,0
3113,20,pi-,1,1,1
3114,0,null,0,0,0
3115,0,null,0,0,0
3116,0,null,0,0,0
3117,0,null,0,0,0
3118,0,null,0,0,0
3119,0,null,0,0,0
3120,0,null,0,0,0
3121,0,null,0,0,0
3122,0,null,0,0,0
3123,0,null,0,0,0
3124,0,null,0,0,0
3125,0,null,0,0,0
3126,0,null,0,0,0
3127,0,null,0,0,0
3128,0,null,0,0,0
3129,0,null,0,0,0
3130,0,null,0,0,0
3131,0,null,0,0,0
3132,0,null,0,0,0
3133,0,null,0,0,0
3134,0,null,0,0,0
3135,0,null,0,0,0
3136,1,primary_proton,1,1,1
3137,0,null,0,0,0
3138,0,null,0,0,0
3139,0,null,0,0,0
3140,0,null,0,0,0
3141,0,null,0,0,0
3142,0,null,0,0,0
3143,495,pi+,1,0,0
3144,0,null,0,0,0
3145,0,null,0,0,0
3146,0,null,0,0,0
3147,0,null,0,0,0
3148,0,null,0,0,0
3149,0,null,0,0,0
3220,0,null,0,0,0
3221,0,null,0,0,0
3222,0,null,0,0,0
3223,0,null,0,0,0
3224,0,null,0,0,0
3225,0,null,0,0,0
3226,0,null,0,0,0
3227,0,null,0,0,0
3228,0,null,0,0,0
3229,0,null,0,0,0
3230,0,null,0,0,0
3231,0,null,0,0,0
3232,0,null,0,0,0
3233,0,null,0,0,0
3234,0,null,0,0,0
3235,0,null,0,0,0
3236,0,null,0,0,0
3237,1,primary_proton,1,1,1
3238,0,null,0,0,0
3239,0,null,0,0,0
3240,0,null,0,0,0
3153,0,null,0,0,0
3154,2746,pi+,1,1,0
3155,0,null,0,0,0
3156,1,primary_proton,1,1,1
3157,0,null,0,0,0
3158,24,secondary_proton,1,1,1
3159,0,null,0,0,0
3160,0,null,0,0,0
3161,0,null,0,0,0
3162,0,null,0,0,0
3163,0,null,0,0,0
3164,0,null,0,0,0
3165,474,pi+,1,1,1
3166,0,null,0,0,0
3167,0,null,0,0,0
3168,0,null,0,0,0
3169,0,null,0,0,0
3170,0,null,0,0,0
3171,0,null,0,0,0
3172,0,null,0,0,0
3173,0,null,0,0,0
3174,0,null,0,0,0
3175,0,null,0,0,0
3176,0,null,0,0,0
3177,0,null,0,0,0
3178,0,null,0,0,0
3179,0,null,0,0,0
3180,0,null,0,0,0
3181,0,null,0,0,0
3182,0,null,0,0,0
3183,0,null,0,0,0
3184,0,null,0,0,0
3185,0,null,0,0,0
3186,0,null,0,0,0
3187,0,null,0,0,0
3188,1,primary_proton,1,1,1
3189,0,null,0,0,0
3190,0,null,0,0,0
3191,0,null,0,0,0
3192,0,null,0,0,0
3193,0,null,0,0,0
3194,0,null,0,0,0
3195,0,null,0,0,0
3196,0,null,0,0,0
3197,0,null,0,0,0
3198,0,null,0,0,0
3199,0,null,0,0,0
3241,1,primary_proton,1,1,1
3242,0,null,0,0,0
3243,0,null,0,0,0
3244,0,null,0,0,0
3245,0,null,0,0,0
3246,0,null,0,0,0
3247,0,null,0,0,0
3248,0,null,0,0,0
3249,0,null,0,0,0
3250,0,null,0,0,0
3251,0,null,0,0,0
3252,0,null,0,0,0
3253,0,null,0,0,0
3254,0,null,0,0,0
3255,1,primary_proton,1,1,1
3256,0,null,0,0,0
3257,0,null,0,0,0
3258,0,null,0,0,0
3259,0,null,0,0,0
3260,0,null,0,0,0
3261,0,null,0,0,0
3262,0,null,0,0,0
3263,0,null,0,0,0
3264,1,primary_proton,1,1,1
3265,0,null,0,0,0
3266,0,null,0,0,0
3267,0,null,0,0,0
3268,0,null,0,0,0
3269,0,null,0,0,0
3270,0,null,0,0,0
3271,1,primary_proton,1,1,1
3272,0,null,0,0,0
3273,0,null,0,0,0
3274,0,null,0,0,0
3275,0,null,0,0,0
3276,0,null,0,0,0
3277,0,null,0,0,0
3278,0,null,0,0,0
3279,1,primary_proton,1,1,1
3280,0,null,0,0,0
3281,0,null,0,0,0
3282,0,null,0,0,0
3283,0,null,0,0,0
3284,0,null,0,0,0
3285,1,primary_proton,1,1,1
3286,0,null,0,0,0
3287,0,null,0,0,0
3288,0,null,0,0,0
3289,0,null,0,0,0
3290,0,null,0,0,0
3291,0,null,0,0,0
3292,0,null,0,0,0
3293,0,null,0,0,0
3294,0,null,0,0,0
3295,1,primary_proton,1,1,1
3296,0,null,0,0,0
3297,0,null,0,0,0
3298,0,null,0,0,0
3299,0,null,0,0,0
3200,0,null,0,0,0
3201,0,null,0,0,0
3202,0,null,0,0,0
3203,0,null,0,0,0
3204,0,null,0,0,0
3205,0,null,0,0,0
3206,0,null,0,0,0
3207,0,null,0,0,0
3208,0,null,0,0,0
3209,0,null,0,0,0
3210,0,null,0,0,0
3211,11,pi+,1,1,1
3212,0,null,0,0,0
3213,0,null,0,0,0
3214,0,null,0,0,0
3215,0,null,0,0,0
3216,0,null,0,0,0
3217,0,null,0,0,0
3218,0,null,0,0,0
3219,0,null,0,0,0
3360,0,null,0,0,0
3361,0,null,0,0,0
3362,0,null,0,0,0
3363,0,null,0,0,0
3364,0,null,0,0,0
3365,0,null,0,0,0
3366,0,null,0,0,0
3367,0,null,0,0,0
3368,0,null,0,0,0
3369,0,null,0,0,0
3370,0,null,0,0,0
3371,0,null,0,0,0
3372,0,null,0,0,0
3373,0,null,0,0,0
3374,0,null,0,0,0
3375,0,null,0,0,0
3376,0,null,0,0,0
3377,0,null,0,0,0
3378,0,null,0,0,0
3379,0,null,0,0,0
3380,1,primary_proton,1,1,1
3381,0,null,0,0,0
3382,0,null,0,0,0
3383,0,null,0,0,0
3384,0,null,0,0,0
3385,0,null,0,0,0
3386,0,null,0,0,0
3387,0,null,0,0,0
3388,0,null,0,0,0
3389,0,null,0,0,0
3390,0,null,0,0,0
3391,0,null,0,0,0
3392,0,null,0,0,0
3393,0,null,0,0,0
3394,0,null,0,0,0
3395,0,null,0,0,0
3396,0,null,0,0,0
3397,0,null,0,0,0
3398,0,null,0,0,0
3399,0,null,0,0,0
3300,0,null,0,0,0
3301,0,null,0,0,0
3302,0,null,0,0,0
3303,0,null,0,0,0
3304,0,null,0,0,0
3305,0,null,0,0,0
3306,0,null,0,0,0
3307,0,null,0,0,0
3308,0,null,0,0,0
3309,0,null,0,0,0
3310,0,null,0,0,0
3311,1,primary_proton,1,1,1
3312,0,null,0,0,0
3313,0,null,0,0,0
3314,0,null,0,0,0
3315,0,null,0,0,0
3316,6,pi-,1,1,0
3317,0,null,0,0,0
3318,0,null,0,0,0
3319,0,null,0,0,0
3320,0,null,0,0,0
3321,0,null,0,0,0
3322,0,null,0,0,0
3323,0,null,0,0,0
3324,0,null,0,0,0
3325,1,primary_proton,1,1,1
3326,0,null,0,0,0
3327,0,null,0,0,0
3328,0,null,0,0,0
3329,0,null,0,0,0
3330,1,primary_proton,1,1,1
3331,0,null,0,0,0
3332,0,null,0,0,0
3333,0,null,0,0,0
3334,0,null,0,0,0
3335,0,null,0,0,0
3336,0,null,0,0,0
3337,0,null,0,0,0
3338,0,null,0,0,0
3339,0,null,0,0,0
3340,0,null,0,0,0
3341,0,null,0,0,0
3342,0,null,0,0,0
3343,0,null,0,0,0
3344,0,null,0,0,0
3345,0,null,0,0,0
3346,0,null,0,0,0
3347,0,null,0,0,0
3348,0,null,0,0,0
3349,1,primary_proton,1,1,1
3350,0,null,0,0,0
3351,0,null,0,0,0
3352,0,null,0,0,0
3353,0,null,0,0,0
3354,0,null,0,0,0
3355,0,null,0,0,0
3356,1,primary_proton,1,1,1
3357,0,null,0,0,0
3358,0,null,0,0,0
3359,0,null,0,0,0
3430,0,null,0,0,0
3431,0,null,0,0,0
3432,0,null,0,0,0
3433,0,null,0,0,0
3434,0,null,0,0,0
3435,0,null,0,0,0
3436,0,null,0,0,0
3437,0,null,0,0,0
3438,0,null,0,0,0
3439,0,null,0,0,0
3440,0,null,0,0,0
3441,0,null,0,0,0
3442,0,null,0,0,0
3443,0,null,0,0,0
3444,0,null,0,0,0
3445,0,null,0,0,0
3446,0,null,0,0,0
3447,0,null,0,0,0
3400,0,null,0,0,0
3401,0,null,0,0,0
3402,0,null,0,0,0
3403,0,null,0,0,0
3404,0,null,0,0,0
3405,1,primary_proton,1,1,1
3406,0,null,0,0,0
3407,0,null,0,0,0
3408,0,null,0,0,0
3409,0,null,0,0,0
3410,0,null,0,0,0
3411,0,null,0,0,0
3412,0,null,0,0,0
3413,0,null,0,0,0
3414,0,null,0,0,0
3415,0,null,0,0,0
3416,0,null,0,0,0
3417,1549,e-,1,0,0
3418,0,null,0,0,0
3419,0,null,0,0,0
3420,0,null,0,0,0
3421,0,null,0,0,0
3422,0,null,0,0,0
3423,0,null,0,0,0
3424,0,null,0,0,0
3425,11,pi+,1,1,1
3426,0,null,0,0,0
3427,0,null,0,0,0
3428,0,null,0,0,0
3429,0,null,0,0,0
3500,0,null,0,0,0
3501,0,null,0,0,0
3502,0,null,0,0,0
3503,0,null,0,0,0
3504,0,null,0,0,0
3505,0,null,0,0,0
3506,0,null,0,0,0
3507,0,null,0,0,0
3508,0,null,0,0,0
3509,2891,e-,0,1,0
3510,0,null,0,0,0
3511,0,null,0,0,0
3512,0,null,0,0,0
3513,0,null,0,0,0
3514,0,null,0,0,0
3515,0,null,0,0,0
3516,0,null,0,0,0
3517,0,null,0,0,0
3518,0,null,0,0,0
3519,8,pi-,1,1,1
3520,0,null,0,0,0
3521,0,null,0,0,0
3522,0,null,0,0,0
3523,0,null,0,0,0
3524,0,null,0,0,0
3525,0,null,0,0,0
3526,0,null,0,0,0
3527,0,null,0,0,0
3528,0,null,0,0,0
3529,0,null,0,0,0
3530,0,null,0,0,0
3531,0,null,0,0,0
3532,0,null,0,0,0
3533,0,null,0,0,0
3534,0,null,0,0,0
3535,0,null,0,0,0
3536,0,null,0,0,0
3537,0,null,0,0,0
3538,0,null,0,0,0
3539,0,null,0,0,0
3540,0,null,0,0,0
3541,0,null,0,0,0
3542,0,null,0,0,0
3543,0,null,0,0,0
3544,0,null,0,0,0
3545,0,null,0,0,0
3546,0,null,0,0,0
3547,0,null,0,0,0
3548,0,null,0,0,0
3549,0,null,0,0,0
3550,14,pi+,1,1,1
3551,0,null,0,0,0
3552,0,null,0,0,0
3553,0,null,0,0,0
3554,57,pi+,1,1,1
3555,0,null,0,0,0
3556,0,null,0,0,0
3557,0,null,0,0,0
3558,0,null,0,0,0
3559,0,null,0,0,0
3560,0,null,0,0,0
3561,0,null,0,0,0
3562,0,null,0,0,0
3563,0,null,0,0,0
3564,0,null,0,0,0
3565,0,null,0,0,0
3566,0,null,0,0,0
3567,0,null,0,0,0
3568,0,null,0,0,0
3569,0,null,0,0,0
3640,0,null,0,0,0
3641,0,null,0,0,0
3642,0,null,0,0,0
3643,0,null,0,0,0
3644,0,null,0,0,0
3449,0,null,0,0,0
3450,0,null,0,0,0
3451,0,null,0,0,0
3452,0,null,0,0,0
3453,0,null,0,0,0
3454,0,null,0,0,0
3455,0,null,0,0,0
3456,0,null,0,0,0
3457,5,pi+,1,1,0
3458,0,null,0,0,0
3459,0,null,0,0,0
3460,0,null,0,0,0
3461,0,null,0,0,0
3462,0,null,0,0,0
3463,0,null,0,0,0
3464,0,null,0,0,0
3465,0,null,0,0,0
3466,0,null,0,0,0
3467,0,null,0,0,0
3468,0,null,0,0,0
3469,0,null,0,0,0
3470,0,null,0,0,0
3471,0,null,0,0,0
3472,0,null,0,0,0
3473,0,null,0,0,0
3474,0,null,0,0,0
3475,0,null,0,0,0
3476,0,null,0,0,0
3477,0,null,0,0,0
3478,0,null,0,0,0
3479,0,null,0,0,0
3480,1,primary_proton,1,1,1
3481,0,null,0,0,0
3482,0,null,0,0,0
3483,0,null,0,0,0
3484,0,null,0,0,0
3485,0,null,0,0,0
3486,0,null,0,0,0
3487,13,pi-,1,1,0
3488,10,pi-,1,0,0
3489,0,null,0,0,0
3490,0,null,0,0,0
3491,0,null,0,0,0
3492,0,null,0,0,0
3493,0,null,0,0,0
3494,0,null,0,0,0
3495,0,null,0,0,0
3496,1910,pi-,1,1,1
3497,0,null,0,0,0
3498,473,pi-,1,1,1
3499,0,null,0,0,0
3570,0,null,0,0,0
3571,0,null,0,0,0
3572,0,null,0,0,0
3573,0,null,0,0,0
3574,0,null,0,0,0
3575,0,null,0,0,0
3576,1,primary_proton,1,1,1
3577,1,primary_proton,1,1,1
3578,0,null,0,0,0
3579,0,null,0,0,0
3580,0,null,0,0,0
3581,0,null,0,0,0
3582,0,null,0,0,0
3583,0,null,0,0,0
3584,0,null,0,0,0
3585,0,null,0,0,0
3586,1,primary_proton,1,1,1
3587,0,null,0,0,0
3588,0,null,0,0,0
3589,0,null,0,0,0
3590,0,null,0,0,0
3591,0,null,0,0,0
3592,10,pi+,1,1,1
3593,0,null,0,0,0
3594,0,null,0,0,0
3595,0,null,0,0,0
3596,0,null,0,0,0
3597,0,null,0,0,0
3598,0,null,0,0,0
3599,0,null,0,0,0
3645,0,null,0,0,0
3646,0,null,0,0,0
3647,0,null,0,0,0
3648,0,null,0,0,0
3649,0,null,0,0,0
3650,0,null,0,0,0
3651,0,null,0,0,0
3652,0,null,0,0,0
3653,0,null,0,0,0
3654,0,null,0,0,0
3655,1,primary_proton,1,1,1
3656,0,null,0,0,0
3657,0,null,0,0,0
3658,0,null,0,0,0
3659,0,null,0,0,0
3660,0,null,0,0,0
3661,0,null,0,0,0
3662,0,null,0,0,0
3663,0,null,0,0,0
3664,0,null,0,0,0
3665,0,null,0,0,0
3666,0,null,0,0,0
3667,317,secondary_proton,1,1,1
3668,0,null,0,0,0
3669,0,null,0,0,0
3670,0,null,0,0,0
3671,0,null,0,0,0
3672,0,null,0,0,0
3673,1,primary_proton,1,1,1
3674,0,null,0,0,0
3675,0,null,0,0,0
3676,0,null,0,0,0
3677,0,null,0,0,0
3678,0,null,0,0,0
3679,0,null,0,0,0
3680,0,null,0,0,0
3681,0,null,0,0,0
3682,0,null,0,0,0
3683,0,null,0,0,0
3684,16,pi-,1,0,0
3685,0,null,0,0,0
3686,0,null,0,0,0
3687,0,null,0,0,0
3688,0,null,0,0,0
3689,0,null,0,0,0
3690,0,null,0,0,0
3691,0,null,0,0,0
3692,0,null,0,0,0
3693,0,null,0,0,0
3694,0,null,0,0,0
3695,0,null,0,0,0
3696,0,null,0,0,0
3697,0,null,0,0,0
3698,0,null,0,0,0
3699,0,null,0,0,0
3600,0,null,0,0,0
3601,0,null,0,0,0
3602,0,null,0,0,0
3603,0,null,0,0,0
3604,0,null,0,0,0
3605,0,null,0,0,0
3606,0,null,0,0,0
3607,0,null,0,0,0
3608,0,null,0,0,0
3609,0,null,0,0,0
3610,0,null,0,0,0
3611,0,null,0,0,0
3612,0,null,0,0,0
3613,0,null,0,0,0
3614,0,null,0,0,0
3615,19,secondary_proton,1,1,1
3616,0,null,0,0,0
3617,0,null,0,0,0
3618,0,null,0,0,0
3619,0,null,0,0,0
3620,0,null,0,0,0
3621,0,null,0,0,0
3622,0,null,0,0,0
3623,0,null,0,0,0
3624,0,null,0,0,0
3625,0,null,0,0,0
3626,0,null,0,0,0
3627,0,null,0,0,0
3628,0,null,0,0,0
3629,0,null,0,0,0
3630,0,null,0,0,0
3631,0,null,0,0,0
3632,0,null,0,0,0
3633,0,null,0,0,0
3634,0,null,0,0,0
3635,0,null,0,0,0
3636,0,null,0,0,0
3637,0,null,0,0,0
3638,0,null,0,0,0
3639,0,null,0,0,0
3710,0,null,0,0,0
3711,0,null,0,0,0
3712,1,primary_proton,1,1,1
3713,0,null,0,0,0
3714,192,e-,1,0,0
3715,0,null,0,0,0
3716,0,null,0,0,0
3717,0,null,0,0,0
3718,0,null,0,0,0
3719,2,secondary_proton,1,1,1
3720,0,null,0,0,0
3721,0,null,0,0,0
3722,9,pi-,1,1,1
3723,0,null,0,0,0
3724,0,null,0,0,0
3725,0,null,0,0,0
3726,0,null,0,0,0
3727,0,null,0,0,0
3728,0,null,0,0,0
3729,0,null,0,0,0
3730,0,null,0,0,0
3731,0,null,0,0,0
3732,0,null,0,0,0
3733,0,null,0,0,0
3734,0,null,0,0,0
3735,0,null,0,0,0
3736,0,null,0,0,0
3737,0,null,0,0,0
3738,0,null,0,0,0
3739,0,null,0,0,0
3740,0,null,0,0,0
3741,0,null,0,0,0
3742,0,null,0,0,0
3743,0,null,0,0,0
3744,0,null,0,0,0
3745,0,null,0,0,0
3746,0,null,0,0,0
3747,0,null,0,0,0
3700,0,null,0,0,0
3701,0,null,0,0,0
3702,0,null,0,0,0
3703,0,null,0,0,0
3704,1,primary_proton,1,1,1
3705,0,null,0,0,0
3706,0,null,0,0,0
3707,0,null,0,0,0
3708,0,null,0,0,0
3709,0,null,0,0,0
3780,0,null,0,0,0
3781,0,null,0,0,0
3782,0,null,0,0,0
3783,0,null,0,0,0
3784,0,null,0,0,0
3785,1385,e-,1,1,0
3786,0,null,0,0,0
3787,0,null,0,0,0
3788,0,null,0,0,0
3789,0,null,0,0,0
3790,0,null,0,0,0
3791,0,null,0,0,0
3792,0,null,0,0,0
3793,0,null,0,0,0
3794,0,null,0,0,0
3795,0,null,0,0,0
3796,0,null,0,0,0
3797,0,null,0,0,0
3798,0,null,0,0,0
3799,0,null,0,0,0
3748,0,null,0,0,0
3749,0,null,0,0,0
3750,0,null,0,0,0
3751,0,null,0,0,0
3752,0,null,0,0,0
3753,0,null,0,0,0
3754,0,null,0,0,0
3755,0,null,0,0,0
3756,0,null,0,0,0
3757,0,null,0,0,0
3758,0,null,0,0,0
3759,10,pi-,1,0,0
3760,0,null,0,0,0
3761,0,null,0,0,0
3762,0,null,0,0,0
3763,0,null,0,0,0
3764,0,null,0,0,0
3765,0,null,0,0,0
3766,918,e-,1,0,0
3767,0,null,0,0,0
3768,0,null,0,0,0
3769,0,null,0,0,0
3770,0,null,0,0,0
3771,0,null,0,0,0
3772,0,null,0,0,0
3773,0,null,0,0,0
3774,0,null,0,0,0
3775,0,null,0,0,0
3776,0,null,0,0,0
3777,0,null,0,0,0
3778,4,secondary_proton,1,1,1
3779,0,null,0,0,0
3850,0,null,0,0,0
3851,0,null,0,0,0
3852,0,null,0,0,0
3853,0,null,0,0,0
3854,0,null,0,0,0
3855,0,null,0,0,0
3856,0,null,0,0,0
3857,0,null,0,0,0
3858,0,null,0,0,0
3859,0,null,0,0,0
3860,0,null,0,0,0
3861,0,null,0,0,0
3862,0,null,0,0,0
3863,1,primary_proton,1,1,1
3864,0,null,0,0,0
3865,0,null,0,0,0
3866,0,null,0,0,0
3867,0,null,0,0,0
3868,0,null,0,0,0
3869,10,pi+,1,1,1
3870,0,null,0,0,0
3871,0,null,0,0,0
3872,0,null,0,0,0
3873,0,null,0,0,0
3874,0,null,0,0,0
3875,0,null,0,0,0
3876,0,null,0,0,0
3877,1,primary_proton,1,1,0
3878,0,null,0,0,0
3879,0,null,0,0,0
3880,0,null,0,0,0
3881,0,null,0,0,0
3882,0,null,0,0,0
3883,0,null,0,0,0
3884,0,null,0,0,0
3885,0,null,0,0,0
3886,0,null,0,0,0
3887,0,null,0,0,0
3888,0,null,0,0,0
3889,19,pi+,1,0,0
3890,0,null,0,0,0
3891,0,null,0,0,0
3892,0,null,0,0,0
3893,0,null,0,0,0
3894,0,null,0,0,0
3895,0,null,0,0,0
3896,0,null,0,0,0
3897,0,null,0,0,0
3898,0,null,0,0,0
3899,0,null,0,0,0
3900,0,null,0,0,0
3901,0,null,0,0,0
3902,0,null,0,0,0
3903,0,null,0,0,0
3904,0,null,0,0,0
3905,0,null,0,0,0
3906,0,null,0,0,0
3907,0,null,0,0,0
3908,0,null,0,0,0
3909,0,null,0,0,0
3910,0,null,0,0,0
3911,0,null,0,0,0
3912,0,null,0,0,0
3913,0,null,0,0,0
3914,0,null,0,0,0
3915,0,null,0,0,0
3916,0,null,0,0,0
3917,0,null,0,0,0
3918,0,null,0,0,0
3919,0,null,0,0,0
3990,0,null,0,0,0
3991,0,null,0,0,0
3992,0,null,0,0,0
3993,0,null,0,0,0
3994,0,null,0,0,0
3995,0,null,0,0,0
3996,0,null,0,0,0
3997,0,null,0,0,0
3998,0,null,0,0,0
3999,0,null,0,0,0
3800,0,null,0,0,0
3801,0,null,0,0,0
3802,7,secondary_proton,1,1,1
3803,0,null,0,0,0
3804,0,null,0,0,0
3805,0,null,0,0,0
3806,0,null,0,0,0
3807,0,null,0,0,0
3808,14,pi-,1,1,1
3809,0,null,0,0,0
3810,0,null,0,0,0
3811,0,null,0,0,0
3812,0,null,0,0,0
3813,0,null,0,0,0
3814,0,null,0,0,0
3815,0,null,0,0,0
3816,0,null,0,0,0
3817,0,null,0,0,0
3818,0,null,0,0,0
3819,0,null,0,0,0
3820,0,null,0,0,0
3821,0,null,0,0,0
3822,0,null,0,0,0
3823,0,null,0,0,0
3824,0,null,0,0,0
3825,0,null,0,0,0
3826,0,null,0,0,0
3827,0,null,0,0,0
3828,0,null,0,0,0
3829,0,null,0,0,0
3830,0,null,0,0,0
3831,0,null,0,0,0
3832,0,null,0,0,0
3833,0,null,0,0,0
3834,0,null,0,0,0
3835,0,null,0,0,0
3836,0,null,0,0,0
3837,0,null,0,0,0
3838,0,null,0,0,0
3839,0,null,0,0,0
3840,0,null,0,0,0
3841,0,null,0,0,0
3842,1,primary_proton,1,1,1
3843,0,null,0,0,0
3844,315,pi+,1,1,1
3845,0,null,0,0,0
3846,0,null,0,0,0
3847,0,null,0,0,0
3848,0,null,0,0,0
3849,0,null,0,0,0
3920,0,null,0,0,0
3921,0,null,0,0,0
3922,23,pi+,1,1,1
3923,1,primary_proton,1,1,1
3924,1,primary_proton,1,1,1
3925,0,null,0,0,0
3926,0,null,0,0,0
3927,0,null,0,0,0
3928,0,null,0,0,0
3929,0,null,0,0,0
3930,0,null,0,0,0
3931,0,null,0,0,0
3932,0,null,0,0,0
3933,0,null,0,0,0
3934,0,null,0,0,0
3935,0,null,0,0,0
3936,0,null,0,0,0
4000,0,null,0,0,0
4001,0,null,0,0,0
4002,0,null,0,0,0
4003,1,primary_proton,1,1,1
4004,0,null,0,0,0
4005,0,null,0,0,0
4006,0,null,0,0,0
4007,0,null,0,0,0
4008,0,null,0,0,0
4009,0,null,0,0,0
4010,0,null,0,0,0
4011,0,null,0,0,0
4012,0,null,0,0,0
4013,0,null,0,0,0
4014,0,null,0,0,0
4015,11,pi-,1,1,0
4016,0,null,0,0,0
4017,0,null,0,0,0
4018,18,pi-,1,1,1
4019,0,null,0,0,0
4020,0,null,0,0,0
4021,0,null,0,0,0
4022,0,null,0,0,0
4023,0,null,0,0,0
4024,0,null,0,0,0
4025,0,null,0,0,0
4026,0,null,0,0,0
4027,0,null,0,0,0
4028,0,null,0,0,0
4029,0,null,0,0,0
4030,0,null,0,0,0
4031,1,primary_proton,1,1,1
4032,0,null,0,0,0
4033,1852,e-,1,0,0
4034,0,null,0,0,0
4035,0,null,0,0,0
4036,0,null,0,0,0
4037,0,null,0,0,0
4038,0,null,0,0,0
4039,0,null,0,0,0
4040,0,null,0,0,0
4041,0,null,0,0,0
4042,0,null,0,0,0
4043,0,null,0,0,0
4044,0,null,0,0,0
4045,0,null,0,0,0
4046,0,null,0,0,0
4047,0,null,0,0,0
4048,0,null,0,0,0
4049,0,null,0,0,0
4050,0,null,0,0,0
4051,0,null,0,0,0
4052,17,pi+,1,1,1
4053,0,null,0,0,0
4054,0,null,0,0,0
4055,0,null,0,0,0
4056,0,null,0,0,0
4057,0,null,0,0,0
4058,0,null,0,0,0
4059,0,null,0,0,0
3937,0,null,0,0,0
3938,0,null,0,0,0
3939,0,null,0,0,0
3940,1,primary_proton,1,1,1
3941,0,null,0,0,0
3942,0,null,0,0,0
3943,13,pi-,1,0,0
3944,1,primary_proton,1,1,1
3945,0,null,0,0,0
3946,0,null,0,0,0
3947,0,null,0,0,0
3948,1,primary_proton,1,1,1
3949,0,null,0,0,0
3950,0,null,0,0,0
3951,0,null,0,0,0
3952,0,null,0,0,0
3953,0,null,0,0,0
3954,0,null,0,0,0
3955,1,primary_proton,1,1,1
3956,0,null,0,0,0
3957,0,null,0,0,0
3958,0,null,0,0,0
3959,0,null,0,0,0
3960,0,null,0,0,0
3961,0,null,0,0,0
3962,0,null,0,0,0
3963,0,null,0,0,0
3964,0,null,0,0,0
3965,0,null,0,0,0
3966,0,null,0,0,0
3967,0,null,0,0,0
3968,30,secondary_proton,1,1,1
3969,0,null,0,0,0
3970,0,null,0,0,0
3971,0,null,0,0,0
3972,0,null,0,0,0
3973,0,null,0,0,0
3974,0,null,0,0,0
3975,0,null,0,0,0
3976,0,null,0,0,0
3977,0,null,0,0,0
3978,0,null,0,0,0
3979,0,null,0,0,0
3980,0,null,0,0,0
3981,0,null,0,0,0
3982,1,primary_proton,1,1,1
3983,0,null,0,0,0
3984,0,null,0,0,0
3985,0,null,0,0,0
3986,0,null,0,0,0
3987,0,null,0,0,0
3988,1,primary_proton,1,1,1
3989,0,null,0,0,0
4130,1,primary_proton,1,1,1
4131,0,null,0,0,0
4132,0,null,0,0,0
4133,0,null,0,0,0
4134,0,null,0,0,0
4135,0,null,0,0,0
4136,0,null,0,0,0
4060,6,pi+,1,1,1
4061,0,null,0,0,0
4062,0,null,0,0,0
4063,0,null,0,0,0
4064,0,null,0,0,0
4065,0,null,0,0,0
4066,0,null,0,0,0
4067,0,null,0,0,0
4068,0,null,0,0,0
4069,0,null,0,0,0
4070,0,null,0,0,0
4071,0,null,0,0,0
4072,2,secondary_proton,1,1,1
4073,0,null,0,0,0
4074,0,null,0,0,0
4075,0,null,0,0,0
4076,0,null,0,0,0
4077,0,null,0,0,0
4078,0,null,0,0,0
4079,0,null,0,0,0
4080,0,null,0,0,0
4081,0,null,0,0,0
4082,0,null,0,0,0
4083,0,null,0,0,0
4084,0,null,0,0,0
4085,0,null,0,0,0
4086,0,null,0,0,0
4087,0,null,0,0,0
4088,0,null,0,0,0
4089,0,null,0,0,0
4090,0,null,0,0,0
4091,0,null,0,0,0
4092,0,null,0,0,0
4093,0,null,0,0,0
4094,0,null,0,0,0
4095,0,null,0,0,0
4096,0,null,0,0,0
4097,0,null,0,0,0
4098,0,null,0,0,0
4099,0,null,0,0,0
4100,0,null,0,0,0
4101,0,null,0,0,0
4102,0,null,0,0,0
4103,0,null,0,0,0
4104,0,null,0,0,0
4105,0,null,0,0,0
4106,0,null,0,0,0
4107,0,null,0,0,0
4108,0,null,0,0,0
4109,0,null,0,0,0
4110,0,null,0,0,0
4111,0,null,0,0,0
4112,0,null,0,0,0
4113,0,null,0,0,0
4114,0,null,0,0,0
4115,0,null,0,0,0
4116,0,null,0,0,0
4117,0,null,0,0,0
4118,0,null,0,0,0
4119,6,secondary_proton,1,1,1
4120,0,null,0,0,0
4121,1,primary_proton,1,1,1
4122,0,null,0,0,0
4123,0,null,0,0,0
4124,0,null,0,0,0
4125,726,e+,1,0,0
4126,0,null,0,0,0
4127,0,null,0,0,0
4128,0,null,0,0,0
4129,0,null,0,0,0
4138,0,null,0,0,0
4139,0,null,0,0,0
4140,0,null,0,0,0
4141,0,null,0,0,0
4142,0,null,0,0,0
4143,0,null,0,0,0
4144,0,null,0,0,0
4145,0,null,0,0,0
4146,0,null,0,0,0
4147,0,null,0,0,0
4148,0,null,0,0,0
4149,0,null,0,0,0
4150,0,null,0,0,0
4151,0,null,0,0,0
4152,0,null,0,0,0
4153,0,null,0,0,0
4154,0,null,0,0,0
4155,4,secondary_proton,1,1,1
4156,0,null,0,0,0
4157,0,null,0,0,0
4158,0,null,0,0,0
4159,0,null,0,0,0
4160,0,null,0,0,0
4161,0,null,0,0,0
4162,0,null,0,0,0
4163,0,null,0,0,0
4164,0,null,0,0,0
4165,0,null,0,0,0
4166,0,null,0,0,0
4167,0,null,0,0,0
4168,0,null,0,0,0
4169,0,null,0,0,0
4170,0,null,0,0,0
4171,0,null,0,0,0
4172,0,null,0,0,0
4173,0,null,0,0,0
4174,0,null,0,0,0
4175,0,null,0,0,0
4176,0,null,0,0,0
4177,0,null,0,0,0
4178,0,null,0,0,0
4179,1382,e-,0,1,0
4180,0,null,0,0,0
4181,8,pi+,1,1,1
4182,1,primary_proton,1,1,1
4183,0,null,0,0,0
4184,0,null,0,0,0
4185,0,null,0,0,0
4186,0,null,0,0,0
4187,9,pi+,1,1,0
4188,0,null,0,0,0
4189,0,null,0,0,0
4190,0,null,0,0,0
4191,0,null,0,0,0
4192,0,null,0,0,0
4193,0,null,0,0,0
4194,0,null,0,0,0
4195,0,null,0,0,0
4196,0,null,0,0,0
4197,0,null,0,0,0
4198,0,null,0,0,0
4199,0,null,0,0,0
4270,0,null,0,0,0
4271,0,null,0,0,0
4272,0,null,0,0,0
4273,0,null,0,0,0
4274,0,null,0,0,0
4275,0,null,0,0,0
4276,0,null,0,0,0
4277,0,null,0,0,0
4278,0,null,0,0,0
4279,0,null,0,0,0
4280,2289,e-,1,0,0
4281,0,null,0,0,0
4282,0,null,0,0,0
4283,0,null,0,0,0
4284,7,secondary_proton,1,1,1
4285,0,null,0,0,0
4286,0,null,0,0,0
4287,0,null,0,0,0
4288,0,nulG4WT0 > l,0,0,0
4289,10,pi-,1,1,1
4290,0,null,0,0,0
4291,0,null,0,0,0
4292,0,null,0,0,0
4293,0,null,0,0,0
4294,0,null,0,0,0
4295,0,null,0,0,0
4296,0,null,0,0,0
4297,0,null,0,0,0
4298,0,null,0,0,0
4299,0,null,0,0,0
4300,0,null,0,0,0
4301,0,null,0,0,0
4302,0,null,0,0,0
4303,0,null,0,0,0
4304,0,null,0,0,0
4305,0,null,0,0,0
4306,0,null,0,0,0
4307,0,null,0,0,0
4308,0,null,0,0,0
4309,1,primary_proton,1,1,1
4310,0,null,0,0,0
4311,0,null,0,0,0
4312,0,null,0,0,0
4313,0,null,0,0,0
4314,1,primary_proton,1,1,1
4315,0,null,0,0,0
4316,0,null,0,0,0
4317,0,null,0,0,0
4318,0,null,0,0,0
4319,0,null,0,0,0
4320,0,null,0,0,0
4321,0,null,0,0,0
4322,0,null,0,0,0
4323,0,null,0,0,0
4324,0,null,0,0,0
4325,0,null,0,0,0
4326,0,null,0,0,0
4327,0,null,0,0,0
4328,0,null,0,0,0
4329,0,null,0,0,0
4330,0,null,0,0,0
4331,0,null,0,0,0
4332,0,null,0,0,0
4333,0,null,0,0,0
4334,0,null,0,0,0
4335,0,null,0,0,0
4336,0,null,0,0,0
4337,0,null,0,0,0
4338,0,null,0,0,0
4339,0,null,0,0,0
4340,0,null,0,0,0
4341,0,null,0,0,0
4342,0,null,0,0,0
4343,0,null,0,0,0
4344,0,null,0,0,0
4345,0,null,0,0,0
4346,0,null,0,0,0
4347,0,null,0,0,0
4348,0,null,0,0,0
4349,0,null,0,0,0
4350,0,null,0,0,0
4351,0,null,0,0,0
4352,0,null,0,0,0
4353,0,null,0,0,0
4354,0,null,0,0,0
4355,0,null,0,0,0
4356,1,primary_proton,1,1,1
4357,0,null,0,0,0
4358,0,null,0,0,0
4359,0,null,0,0,0
4360,0,null,0,0,0
4361,0,null,0,0,0
4362,0,null,0,0,0
4363,0,null,0,0,0
4364,0,null,0,0,0
4365,0,null,0,0,0
4366,0,null,0,0,0
4367,0,null,0,0,0
4368,0,null,0,0,0
4369,0,null,0,0,0
4370,0,null,0,0,0
4371,0,null,0,0,0
4372,0,null,0,0,0
4373,0,null,0,0,0
4374,0,null,0,0,0
4375,0,null,0,0,0
4376,0,null,0,0,0
4377,0,null,0,0,0
4378,0,null,0,0,0
4379,0,null,0,0,0
4380,0,null,0,0,0
4381,0,null,0,0,0
4382,0,null,0,0,0
4383,0,null,0,0,0
4384,0,null,0,0,0
4200,0,null,0,0,0
4201,0,null,0,0,0
4202,0,null,0,0,0
4203,0,null,0,0,0
4204,0,null,0,0,0
4205,0,null,0,0,0
4206,0,null,0,0,0
4207,0,null,0,0,0
4208,0,null,0,0,0
4209,0,null,0,0,0
4210,0,null,0,0,0
4211,0,null,0,0,0
4212,0,null,0,0,0
4213,0,null,0,0,0
4214,0,null,0,0,0
4215,0,null,0,0,0
4216,0,null,0,0,0
4217,0,null,0,0,0
4218,0,null,0,0,0
4219,0,null,0,0,0
4220,0,null,0,0,0
4221,2,secondary_proton,1,1,1
4222,0,null,0,0,0
4223,0,null,0,0,0
4224,0,null,0,0,0
4225,0,null,0,0,0
4226,0,null,0,0,0
4227,0,null,0,0,0
4228,0,null,0,0,0
4229,0,null,0,0,0
4230,0,null,0,0,0
4231,0,null,0,0,0
4232,0,null,0,0,0
4233,0,null,0,0,0
4234,0,null,0,0,0
4235,0,null,0,0,0
4236,0,null,0,0,0
4237,0,null,0,0,0
4238,0,null,0,0,0
4239,0,null,0,0,0
4240,0,null,0,0,0
4241,0,null,0,0,0
4242,0,null,0,0,0
4243,0,null,0,0,0
4244,0,null,0,0,0
4245,0,null,0,0,0
4246,0,null,0,0,0
4247,6,secondary_proton,1,1,0
4248,0,null,0,0,0
4249,0,null,0,0,0
4250,0,null,0,0,0
4251,0,null,0,0,0
4252,0,null,0,0,0
4253,0,null,0,0,0
4254,0,null,0,0,0
4255,0,null,0,0,0
4256,0,null,0,0,0
4257,0,null,0,0,0
4385,0,null,0,0,0
4386,0,null,0,0,0
4387,0,null,0,0,0
4388,2364,pi-,1,1,1
4389,0,null,0,0,0
4390,4,sigma-,1,1,0
4391,0,null,0,0,0
4392,0,null,0,0,0
4393,0,null,0,0,0
4394,0,null,0,0,0
4395,0,null,0,0,0
4396,0,null,0,0,0
4397,0,null,0,0,0
4398,0,null,0,0,0
4399,5120,e+,1,0,0
4400,1,primary_proton,1,1,1
4401,0,null,0,0,0
4402,0,null,0,0,0
4403,0,null,0,0,0
4404,0,null,0,0,0
4405,0,null,0,0,0
4406,0,null,0,0,0
4407,0,null,0,0,0
4408,0,null,0,0,0
4409,0,null,0,0,0
4410,0,null,0,0,0
4411,0,null,0,0,0
4412,0,null,0,0,0
4413,0,null,0,0,0
4414,0,null,0,0,0
4415,0,null,0,0,0
4416,0,null,0,0,0
4417,0,null,0,0,0
4418,0,null,0,0,0
4419,0,null,0,0,0
4420,0,null,0,0,0
4421,0,null,0,0,0
4422,0,null,0,0,0
4423,1757,secondary_proton,1,0,0
4424,0,null,0,0,0
4425,0,null,0,0,0
4426,0,null,0,0,0
4427,0,null,0,0,0
4428,0,null,0,0,0
4429,0,null,0,0,0
4430,0,null,0,0,0
4431,0,null,0,0,0
4432,0,null,0,0,0
4433,0,null,0,0,0
4434,0,null,0,0,0
4435,0,null,0,0,0
4436,0,null,0,0,0
4437,0,null,0,0,0
4438,0,null,0,0,0
4439,0,null,0,0,0
4440,0,null,0,0,0
4441,0,null,0,0,0
4442,0,null,0,0,0
4443,0,null,0,0,0
4444,0,null,0,0,0
4445,0,null,0,0,0
4446,0,null,0,0,0
4447,0,null,0,0,0
4448,0,null,0,0,0
4449,0,null,0,0,0
4450,0,null,0,0,0
4451,1,primary_proton,1,1,1
4452,0,null,0,0,0
4453,0,null,0,0,0
4454,0,null,0,0,0
4455,0,null,0,0,0
4456,0,null,0,0,0
4457,0,null,0,0,0
4458,0,null,0,0,0
4459,0,null,0,0,0
4460,0,null,0,0,0
4461,0,null,0,0,0
4462,0,null,0,0,0
4463,0,null,0,0,0
4464,0,null,0,0,0
4465,0,null,0,0,0
4466,0,null,0,0,0
4467,0,null,0,0,0
4468,0,null,0,0,0
4469,0,null,0,0,0
4470,0,null,0,0,0
4471,0,null,0,0,0
4472,0,null,0,0,0
4473,0,null,0,0,0
4474,0,null,0,0,0
4475,0,null,0,0,0
4476,0,null,0,0,0
4477,0,null,0,0,0
4478,4,secondary_proton,1,1,1
4479,0,null,0,0,0
4550,0,null,0,0,0
4551,0,null,0,0,0
4552,0,null,0,0,0
4553,0,null,0,0,0
4554,0,null,0,0,0
4555,0,null,0,0,0
4556,0,null,0,0,0
4557,0,null,0,0,0
4558,0,null,0,0,0
4559,0,null,0,0,0
4560,0,null,0,0,0
4561,0,null,0,0,0
4562,0,null,0,0,0
4563,0,null,0,0,0
4564,0,null,0,0,0
4565,0,null,0,0,0
4566,0,null,0,0,0
4567,0,null,0,0,0
4568,0,null,0,0,0
4569,0,null,0,0,0
4570,0,null,0,0,0
4571,0,null,0,0,0
4572,0,null,0,0,0
4573,0,null,0,0,0
4574,0,null,0,0,0
4575,0,null,0,0,0
4576,0,null,0,0,0
4577,0,null,0,0,0
4578,0,null,0,0,0
4579,0,null,0,0,0
4580,0,null,0,0,0
4581,0,null,0,0,0
4582,0,null,0,0,0
4583,0,null,0,0,0
4584,0,null,0,0,0
4585,0,null,0,0,0
4586,0,null,0,0,0
4587,0,null,0,0,0
4588,0,null,0,0,0
4589,0,null,0,0,0
4590,0,null,0,0,0
4591,0,null,0,0,0
4592,0,null,0,0,0
4593,0,null,0,0,0
4594,0,null,0,0,0
4595,0,null,0,0,0
4596,0,null,0,0,0
4597,0,null,0,0,0
4598,0,null,0,0,0
4599,0,null,0,0,0
4258,9,pi-,1,1,1
4259,3,secondary_proton,1,1,1
4260,0,null,0,0,0
4261,5,secondary_proton,1,1,0
4262,0,null,0,0,0
4263,1,primary_proton,1,1,1
4264,0,null,0,0,0
4265,0,null,0,0,0
4266,0,null,0,0,0
4267,0,null,0,0,0
4268,0,null,0,0,0
4269,0,null,0,0,0
4480,0,null,0,0,0
4481,1,primary_proton,1,1,1
4482,0,null,0,0,0
4483,0,null,0,0,0
4484,0,null,0,0,0
4485,0,null,0,0,0
4486,0,null,0,0,0
4487,0,null,0,0,0
4488,0,null,0,0,0
4489,0,null,0,0,0
4490,609,e-,1,0,0
4491,0,null,0,0,0
4492,0,null,0,0,0
4493,0,null,0,0,0
4494,0,null,0,0,0
4495,0,null,0,0,0
4496,9,pi+,1,1,1
4497,0,null,0,0,0
4498,1,primary_proton,1,1,1
4499,0,null,0,0,0
4600,0,null,0,0,0
4601,0,null,0,0,0
4602,0,null,0,0,0
4603,0,null,0,0,0
4604,0,null,0,0,0
4605,0,null,0,0,0
4606,0,null,0,0,0
4607,0,null,0,0,0
4608,1,primary_proton,1,1,1
4609,0,null,0,0,0
4610,0,null,0,0,0
4611,0,null,0,0,0
4612,0,null,0,0,0
4613,0,null,0,0,0
4614,0,null,0,0,0
4615,0,null,0,0,0
4616,0,null,0,0,0
4617,0,null,0,0,0
4618,0,null,0,0,0
4619,0,null,0,0,0
4620,0,null,0,0,0
4621,0,null,0,0,0
4622,0,null,0,0,0
4623,0,null,0,0,0
4624,0,null,0,0,0
4625,0,null,0,0,0
4626,0,null,0,0,0
4627,0,null,0,0,0
4628,0,null,0,0,0
4629,0,null,0,0,0
4630,0,null,0,0,0
4631,0,null,0,0,0
4632,2510,pi+,1,0,0
4633,0,null,0,0,0
4634,0,null,0,0,0
4635,0,null,0,0,0
4636,0,null,0,0,0
4637,0,null,0,0,0
4638,0,null,0,0,0
4639,0,null,0,0,0
4640,0,null,0,0,0
4641,0,null,0,0,0
4642,0,null,0,0,0
4643,0,null,0,0,0
4644,0,null,0,0,0
4645,0,null,0,0,0
4646,0,null,0,0,0
4647,0,null,0,0,0
4648,17,pi+,1,1,0
4649,0,null,0,0,0
4650,0,null,0,0,0
4651,0,null,0,0,0
4652,0,null,0,0,0
4653,0,null,0,0,0
4654,2,secondary_proton,1,0,0
4655,0,null,0,0,0
4656,0,null,0,0,0
4657,0,null,0,0,0
4658,1,primary_proton,1,1,1
4659,0,null,0,0,0
4660,0,null,0,0,0
4661,0,null,0,0,0
4662,0,null,0,0,0
4663,0,null,0,0,0
4664,0,null,0,0,0
4665,0,null,0,0,0
4666,0,null,0,0,0
4667,0,null,0,0,0
4668,0,null,0,0,0
4669,0,null,0,0,0
4670,0,null,0,0,0
4671,1,primary_proton,1,1,1
4672,0,null,0,0,0
4673,0,null,0,0,0
4674,0,null,0,0,0
4500,0,null,0,0,0
4501,0,null,0,0,0
4502,0,null,0,0,0
4503,0,null,0,0,0
4504,0,null,0,0,0
4505,0,null,0,0,0
4506,0,null,0,0,0
4507,0,null,0,0,0
4508,0,null,0,0,0
4509,0,null,0,0,0
4510,0,null,0,0,0
4511,0,null,0,0,0
4512,0,null,0,0,0
4513,0,null,0,0,0
4514,0,null,0,0,0
4515,0,null,0,0,0
4516,0,null,0,0,0
4517,10,secondary_proton,1,1,1
4518,0,null,0,0,0
4519,0,null,0,0,0
4520,0,null,0,0,0
4521,0,null,0,0,0
4522,0,null,0,0,0
4523,0,null,0,0,0
4524,0,null,0,0,0
4525,0,null,0,0,0
4526,0,null,0,0,0
4527,0,null,0,0,0
4528,0,null,0,0,0
4529,0,null,0,0,0
4530,0,null,0,0,0
4531,0,null,0,0,0
4532,0,null,0,0,0
4533,0,null,0,0,0
4534,0,null,0,0,0
4535,0,null,0,0,0
4536,0,null,0,0,0
4537,0,null,0,0,0
4538,0,null,0,0,0
4539,1428,e-,1,0,0
4540,0,null,0,0,0
4541,0,null,0,0,0
4542,0,null,0,0,0
4543,0,null,0,0,0
4544,0,null,0,0,0
4545,0,null,0,0,0
4546,0,null,0,0,0
4547,0,null,0,0,0
4548,0,null,0,0,0
4549,0,null,0,0,0
4690,0,null,0,0,0
4691,0,null,0,0,0
4692,3,pi-,1,1,1
4693,0,null,0,0,0
4694,0,null,0,0,0
4695,0,null,0,0,0
4696,1,primary_proton,1,1,1
4697,0,null,0,0,0
4698,0,null,0,0,0
4699,0,null,0,0,0
4676,0,null,0,0,0
4677,1,primary_proton,1,1,1
4678,0,null,0,0,0
4679,0,null,0,0,0
4680,0,null,0,0,0
4681,0,null,0,0,0
4682,0,null,0,0,0
4683,0,null,0,0,0
4684,0,null,0,0,0
4685,0,null,0,0,0
4686,0,null,0,0,0
4687,0,null,0,0,0
4688,0,null,0,0,0
4689,0,null,0,0,0
4760,0,null,0,0,0
4761,13,pi-,1,1,1
4762,0,null,0,0,0
4763,0,null,0,0,0
4764,0,null,0,0,0
4765,0,null,0,0,0
4766,0,null,0,0,0
4767,0,null,0,0,0
4768,3141,e-,1,0,1
4769,0,null,0,0,0
4770,0,null,0,0,0
4771,10,pi-,1,1,1
4772,0,null,0,0,0
4773,0,null,0,0,0
4774,0,null,0,0,0
4775,0,null,0,0,0
4776,0,null,0,0,0
4777,0,null,0,0,0
4778,0,null,0,0,0
4779,0,null,0,0,0
4780,0,null,0,0,0
4781,0,null,0,0,0
4782,0,null,0,0,0
4783,0,null,0,0,0
4784,0,null,0,0,0
4785,0,null,0,0,0
4786,0,null,0,0,0
4787,0,null,0,0,0
4788,0,null,0,0,0
4789,0,null,0,0,0
4790,0,null,0,0,0
4791,0,null,0,0,0
4792,0,null,0,0,0
4793,0,null,0,0,0
4794,0,null,0,0,0
4795,0,null,0,0,0
4796,0,null,0,0,0
4797,0,null,0,0,0
4798,0,null,0,0,0
4799,0,null,0,0,0
4700,0,null,0,0,0
4701,0,null,0,0,0
4702,0,null,0,0,0
4703,0,null,0,0,0
4704,0,null,0,0,0
4705,0,null,0,0,0
4706,0,null,0,0,0
4707,0,null,0,0,0
4708,0,null,0,0,0
4709,0,null,0,0,0
4710,0,null,0,0,0
4711,0,null,0,0,0
4712,0,null,0,0,0
4713,0,null,0,0,0
4714,0,null,0,0,0
4715,0,null,0,0,0
4716,0,null,0,0,0
4717,0,null,0,0,0
4718,1,primary_proton,1,1,1
4719,0,null,0,0,0
4720,0,null,0,0,0
4721,0,null,0,0,0
4722,0,null,0,0,0
4723,0,null,0,0,0
4724,0,null,0,0,0
4725,0,null,0,0,0
4726,1,primary_proton,1,1,1
4727,0,null,0,0,0
4728,0,null,0,0,0
4729,0,null,0,0,0
4730,0,null,0,0,0
4731,0,null,0,0,0
4732,2,secondary_proton,1,1,1
4733,0,null,0,0,0
4734,0,null,0,0,0
4735,0,null,0,0,0
4736,0,null,0,0,0
4737,0,null,0,0,0
4738,10,kaon+,1,1,1
4739,0,null,0,0,0
4740,0,null,0,0,0
4741,0,null,0,0,0
4742,0,null,0,0,0
4743,0,null,0,0,0
4744,0,null,0,0,0
4745,0,null,0,0,0
4746,0,null,0,0,0
4747,0,null,0,0,0
4748,0,null,0,0,0
4749,11,pi+,1,1,0
4750,0,null,0,0,0
4751,0,null,0,0,0
4752,0,null,0,0,0
4753,3,secondary_proton,1,0,0
4754,0,null,0,0,0
4755,0,null,0,0,0
4756,0,null,0,0,0
4757,0,null,0,0,0
4758,0,null,0,0,0
4759,0,null,0,0,0
4830,0,null,0,0,0
4831,0,null,0,0,0
4832,0,null,0,0,0
4833,0,null,0,0,0
4834,0,null,0,0,0
4835,0,null,0,0,0
4836,0,null,0,0,0
4837,0,null,0,0,0
4838,0,null,0,0,0
4839,0,null,0,0,0
4840,0,null,0,0,0
4841,0,null,0,0,0
4842,0,null,0,0,0
4843,0,null,0,0,0
4844,0,null,0,0,0
4845,0,null,0,0,0
4846,0,null,0,0,0
4847,0,null,0,0,0
4848,0,null,0,0,0
4849,0,null,0,0,0
4850,0,null,0,0,0
4851,0,null,0,0,0
4852,0,null,0,0,0
4853,0,null,0,0,0
4854,0,null,0,0,0
4855,0,null,0,0,0
4856,0,null,0,0,0
4857,0,null,0,0,0
4858,0,null,0,0,0
4859,0,null,0,0,0
4860,0,null,0,0,0
4861,0,null,0,0,0
4862,0,null,0,0,0
4863,0,null,0,0,0
4864,0,null,0,0,0
4865,0,null,0,0,0
4866,0,null,0,0,0
4867,0,null,0,0,0
4868,0,null,0,0,0
4869,0,null,0,0,0
4870,0,null,0,0,0
4871,0,null,0,0,0
4872,0,null,0,0,0
4873,0,null,0,0,0
4874,0,null,0,0,0
4875,0,null,0,0,0
4876,0,null,0,0,0
4877,0,null,0,0,0
4878,0,null,0,0,0
4879,0,null,0,0,0
4880,0,null,0,0,0
4881,0,null,0,0,0
4882,0,null,0,0,0
4883,0,null,0,0,0
4884,0,null,0,0,0
4885,0,null,0,0,0
4886,0,null,0,0,0
4887,0,null,0,0,0
4888,0,null,0,0,0
4889,0,null,0,0,0
4890,0,null,0,0,0
4891,0,null,0,0,0
4892,0,null,0,0,0
4893,0,null,0,0,0
4894,0,null,0,0,0
4895,0,null,0,0,0
4896,0,null,0,0,0
4897,0,null,0,0,0
4898,0,null,0,0,0
4899,0,null,0,0,0
4900,0,null,0,0,0
4901,0,null,0,0,0
4902,0,null,0,0,0
4903,0,null,0,0,0
4904,0,null,0,0,0
4905,1,primary_proton,1,1,1
4906,0,null,0,0,0
4907,0,null,0,0,0
4908,0,null,0,0,0
4909,0,null,0,0,0
4910,0,null,0,0,0
4911,0,null,0,0,0
4912,0,null,0,0,0
4913,0,null,0,0,0
4914,0,null,0,0,0
4915,1,primary_proton,1,1,1
4916,0,null,0,0,0
4917,0,null,0,0,0
4918,0,null,0,0,0
4919,0,null,0,0,0
4920,0,null,0,0,0
4921,0,null,0,0,0
4922,0,null,0,0,0
4923,0,null,0,0,0
4924,0,null,0,0,0
4925,2,secondary_proton,1,1,0
4926,0,null,0,0,0
4927,0,null,0,0,0
4928,0,null,0,0,0
4929,0,null,0,0,0
4930,0,null,0,0,0
4931,0,null,0,0,0
4932,1,primary_proton,1,1,1
4933,0,null,0,0,0
4934,0,null,0,0,0
4935,0,null,0,0,0
4936,0,null,0,0,0
4937,0,null,0,0,0
4938,0,null,0,0,0
4939,0,null,0,0,0
4940,0,null,0,0,0
4941,0,null,0,0,0
4942,0,null,0,0,0
4943,0,null,0,0,0
4944,0,null,0,0,0
4945,0,null,0,0,0
4946,0,null,0,0,0
4947,0,null,0,0,0
4948,0,null,0,0,0
4949,1,primary_proton,1,1,1
4950,1,primary_proton,1,1,1
4951,8,kaon+,1,1,1
4952,0,null,0,0,0
4953,0,null,0,0,0
4954,0,null,0,0,0
4955,0,null,0,0,0
4956,0,null,0,0,0
4957,0,null,0,0,0
4958,1,primary_proton,1,1,1
4959,0,null,0,0,0
4960,12,pi+,1,1,1
4961,0,null,0,0,0
4962,0,null,0,0,0
4963,0,null,0,0,0
4964,0,null,0,0,0
4965,0,null,0,0,0
4966,0,null,0,0,0
4967,0,null,0,0,0
4968,0,null,0,0,0
4969,0,null,0,0,0
4800,0,null,0,0,0
4801,0,null,0,0,0
4802,0,null,0,0,0
4803,1,primary_proton,1,1,1
4804,0,null,0,0,0
4805,0,null,0,0,0
4806,0,null,0,0,0
4807,0,null,0,0,0
4808,0,null,0,0,0
4809,0,null,0,0,0
4810,0,null,0,0,0
4811,0,null,0,0,0
4812,0,null,0,0,0
4813,0,null,0,0,0
4814,0,null,0,0,0
4815,0,null,0,0,0
4816,0,null,0,0,0
4817,0,null,0,0,0
4818,0,null,0,0,0
4819,0,null,0,0,0
4820,0,null,0,0,0
4821,9,kaon+,1,1,1
4822,0,null,0,0,0
4823,0,null,0,0,0
4824,0,null,0,0,0
4825,511,e-,1,1,0
4826,0,null,0,0,0
4827,0,null,0,0,0
4828,0,null,0,0,0
4829,0,null,0,0,0
4970,0,null,0,0,0
4971,0,null,0,0,0
4972,0,null,0,0,0
4973,0,null,0,0,0
4974,0,null,0,0,0
4975,0,null,0,0,0
4976,0,null,0,0,0
4977,0,null,0,0,0
4978,0,null,0,0,0
4979,0,null,0,0,0
4980,0,null,0,0,0
4981,0,null,0,0,0
4982,0,null,0,0,0
4983,0,null,0,0,0
4984,0,null,0,0,0
4985,0,null,0,0,0
4986,0,null,0,0,0
4987,0,null,0,0,0
4988,0,null,0,0,0
4989,0,null,0,0,0
4990,0,null,0,0,0
4991,0,null,0,0,0
4992,0,null,0,0,0
4993,0,null,0,0,0
4994,0,null,0,0,0
4995,0,null,0,0,0
4996,0,null,0,0,0
4997,0,null,0,0,0
4998,0,null,0,0,0
4999,0,null,0,0,0
70,0,null,0,0,0
71,0,null,0,0,0
72,0,null,0,0,0
73,1,primary_proton,1,1,1
74,0,null,0,0,0
75,0,null,0,0,0
76,0,null,0,0,0
77,0,null,0,0,0
78,1,primary_proton,1,1,1
79,0,null,0,0,0
80,0,null,0,0,0
81,0,null,0,0,0
82,0,null,0,0,0
83,11,secondary_proton,1,1,1
84,0,null,0,0,0
85,0,null,0,0,0
86,0,null,0,0,0
87,0,null,0,0,0
88,0,null,0,0,0
89,0,null,0,0,0
90,0,null,0,0,0
91,0,null,0,0,0
92,0,null,0,0,0
93,0,null,0,0,0
94,0,null,0,0,0
95,0,null,0,0,0
96,0,null,0,0,0
97,0,null,0,0,0
98,0,null,0,0,0
99,0,null,0,0,0
0,0,null,0,0,0
1,0,null,0,0,0
2,0,null,0,0,0
3,0,null,0,0,0
4,0,null,0,0,0
5,0,null,0,0,0
6,0,null,0,0,0
7,0,null,0,0,0
8,0,null,0,0,0
9,0,null,0,0,0
10,0,null,0,0,0
11,1,primary_proton,1,1,1
12,0,null,0,0,0
13,0,null,0,0,0
14,0,null,0,0,0
15,0,null,0,0,0
16,0,null,0,0,0
17,1,primary_proton,1,0,0
18,0,null,0,0,0
19,0,null,0,0,0
20,0,null,0,0,0
21,0,null,0,0,0
22,0,null,0,0,0
23,0,null,0,0,0
24,0,null,0,0,0
25,0,null,0,0,0
26,4,secondary_proton,1,1,1
27,0,null,0,0,0
28,0,null,0,0,0
29,0,null,0,0,0
30,0,null,0,0,0
31,0,null,0,0,0
32,0,null,0,0,0
33,0,null,0,0,0
34,0,null,0,0,0
35,687,pi+,1,1,0
36,0,null,0,0,0
37,0,null,0,0,0
38,0,null,0,0,0
39,0,null,0,0,0
40,0,null,0,0,0
41,0,null,0,0,0
42,0,null,0,0,0
43,0,null,0,0,0
44,0,null,0,0,0
45,0,null,0,0,0
46,0,null,0,0,0
47,0,null,0,0,0
48,0,null,0,0,0
49,0,null,0,0,0
50,0,null,0,0,0
51,0,null,0,0,0
52,0,null,0,0,0
53,0,null,0,0,0
54,0,null,0,0,0
55,0,null,0,0,0
56,0,null,0,0,0
57,0,null,0,0,0
58,0,null,0,0,0
59,0,null,0,0,0
60,0,null,0,0,0
61,0,null,0,0,0
62,0,null,0,0,0
63,0,null,0,0,0
64,0,null,0,0,0
65,0,null,0,0,0
66,0,null,0,0,0
67,0,null,0,0,0
68,0,null,0,0,0
69,0,null,0,0,0
140,0,null,0,0,0
141,0,null,0,0,0
142,0,null,0,0,0
143,0,null,0,0,0
144,0,null,0,0,0
145,0,null,0,0,0
146,0,null,0,0,0
147,0,null,0,0,0
148,0,null,0,0,0
149,0,null,0,0,0
150,2290,e-,0,0,1
151,0,null,0,0,0
100,0,null,0,0,0
101,0,null,0,0,0
102,0,null,0,0,0
103,0,null,0,0,0
104,0,null,0,0,0
105,0,null,0,0,0
106,0,null,0,0,0
107,0,null,0,0,0
108,0,null,0,0,0
109,1,primary_proton,1,1,1
110,0,null,0,0,0
111,0,null,0,0,0
112,0,null,0,0,0
113,0,null,0,0,0
114,0,null,0,0,0
115,0,null,0,0,0
116,0,null,0,0,0
117,1,primary_proton,1,1,1
118,0,null,0,0,0
119,0,null,0,0,0
120,0,null,0,0,0
121,0,null,0,0,0
122,0,null,0,0,0
123,0,null,0,0,0
124,0,null,0,0,0
125,1,primary_proton,1,1,0
126,0,null,0,0,0
127,0,null,0,0,0
128,1,primary_proton,1,1,1
129,0,null,0,0,0
130,10,secondary_proton,1,1,1
131,0,null,0,0,0
132,0,null,0,0,0
133,0,null,0,0,0
134,0,null,0,0,0
135,0,null,0,0,0
136,0,null,0,0,0
137,857,e-,1,0,0
138,0,null,0,0,0
139,0,null,0,0,0
210,0,null,0,0,0
211,0,null,0,0,0
212,0,null,0,0,0
213,0,null,0,0,0
214,0,null,0,0,0
215,0,null,0,0,0
216,0,null,0,0,0
217,0,null,0,0,0
218,1,primary_proton,1,1,1
219,0,null,0,0,0
220,0,null,0,0,0
221,0,null,0,0,0
222,0,null,0,0,0
223,1,primary_proton,1,1,1
224,0,null,0,0,0
225,0,null,0,0,0
226,0,null,0,0,0
227,6,pi+,1,0,1
228,0,null,0,0,0
229,0,null,0,0,0
230,0,null,0,0,0
231,0,null,0,0,0
152,2216,e-,1,1,1
153,0,null,0,0,0
154,2229,secondary_proton,1,0,0
155,0,null,0,0,0
156,0,null,0,0,0
157,0,null,0,0,0
158,0,null,0,0,0
159,0,null,0,0,0
160,0,null,0,0,0
161,0,null,0,0,0
162,0,null,0,0,0
163,0,null,0,0,0
164,7,secondary_proton,1,1,1
165,0,null,0,0,0
166,0,null,0,0,0
167,0,null,0,0,0
168,0,null,0,0,0
169,0,null,0,0,0
170,0,null,0,0,0
171,8,pi-,1,1,0
172,0,null,0,0,0
173,0,null,0,0,0
174,0,null,0,0,0
175,1,primary_proton,1,1,1
176,0,null,0,0,0
177,0,null,0,0,0
178,0,null,0,0,0
179,0,null,0,0,0
180,0,null,0,0,0
181,0,null,0,0,0
182,0,null,0,0,0
183,0,null,0,0,0
184,0,null,0,0,0
185,0,null,0,0,0
186,0,null,0,0,0
187,0,null,0,0,0
188,0,null,0,0,0
189,0,null,0,0,0
190,1,primary_proton,1,1,1
191,0,null,0,0,0
192,0,null,0,0,0
193,0,null,0,0,0
194,0,null,0,0,0
195,0,null,0,0,0
196,0,null,0,0,0
197,0,null,0,0,0
198,1,primary_proton,1,1,1
199,0,null,0,0,0
200,0,null,0,0,0
201,0,null,0,0,0
202,0,null,0,0,0
203,0,null,0,0,0
204,0,null,0,0,0
205,0,null,0,0,0
206,0,null,0,0,0
207,1,primary_proton,1,1,1
208,0,null,0,0,0
209,0,null,0,0,0
280,0,null,0,0,0
281,0,null,0,0,0
282,0,null,0,0,0
283,0,null,0,0,0
284,0,null,0,0,0
285,0,null,0,0,0
286,0,null,0,0,0
287,104,pi+,1,0,1
288,0,null,0,0,0
289,0,null,0,0,0
290,0,null,0,0,0
291,0,null,0,0,0
292,0,null,0,0,0
293,0,null,0,0,0
294,0,null,0,0,0
295,1,primary_proton,1,1,1
296,0,null,0,0,0
297,1,primary_proton,1,1,1
298,0,null,0,0,0
299,0,null,0,0,0
233,0,null,0,0,0
234,0,null,0,0,0
235,0,null,0,0,0
236,0,null,0,0,0
237,0,null,0,0,0
238,0,null,0,0,0
239,2,pi+,1,1,1
240,0,null,0,0,0
241,0,null,0,0,0
242,0,null,0,0,0
243,0,null,0,0,0
244,0,null,0,0,0
245,0,null,0,0,0
246,0,null,0,0,0
247,0,null,0,0,0
248,0,null,0,0,0
249,0,null,0,0,0
250,0,null,0,0,0
251,0,null,0,0,0
252,0,null,0,0,0
253,0,null,0,0,0
254,0,null,0,0,0
255,0,null,0,0,0
256,0,null,0,0,0
257,0,null,0,0,0
258,0,null,0,0,0
259,0,null,0,0,0
260,0,null,0,0,0
261,0,null,0,0,0
262,0,null,0,0,0
263,0,null,0,0,0
264,0,null,0,0,0
265,0,null,0,0,0
266,0,null,0,0,0
267,0,null,0,0,0
268,1,primary_proton,1,1,1
269,0,null,0,0,0
270,0,null,0,0,0
271,0,null,0,0,0
272,0,null,0,0,0
273,0,null,0,0,0
274,0,null,0,0,0
275,0,null,0,0,0
276,0,null,0,0,0
277,0,null,0,0,0
278,0,null,0,0,0
279,0,null,0,0,0
350,0,null,0,0,0
351,0,null,0,0,0
352,0,null,0,0,0
353,1,primary_proton,1,1,1
354,0,null,0,0,0
355,0,null,0,0,0
356,0,null,0,0,0
357,0,null,0,0,0
358,0,null,0,0,0
359,0,null,0,0,0
360,0,null,0,0,0
361,0,null,0,0,0
362,0,null,0,0,0
363,1,primary_proton,1,1,1
364,0,null,0,0,0
365,0,null,0,0,0
366,0,null,0,0,0
367,0,null,0,0,0
368,0,null,0,0,0
369,0,null,0,0,0
370,0,null,0,0,0
371,0,null,0,0,0
372,0,null,0,0,0
373,0,null,0,0,0
374,0,null,0,0,0
375,0,null,0,0,0
376,28,secondary_proton,1,1,0
377,0,null,0,0,0
378,0,null,0,0,0
379,0,null,0,0,0
380,7,secondary_proton,1,1,1
381,0,null,0,0,0
382,0,null,0,0,0
383,0,null,0,0,0
384,0,null,0,0,0
385,13,pi+,1,1,1
386,0,null,0,0,0
387,0,null,0,0,0
388,0,null,0,0,0
389,0,null,0,0,0
390,0,null,0,0,0
391,0,null,0,0,0
392,0,null,0,0,0
393,1,primary_proton,1,1,1
394,0,null,0,0,0
395,0,null,0,0,0
396,0,null,0,0,0
397,0,null,0,0,0
398,0,null,0,0,0
399,0,null,0,0,0
300,0,null,0,0,0
301,0,null,0,0,0
302,0,null,0,0,0
303,2,secondary_proton,1,0,0
304,0,null,0,0,0
305,0,null,0,0,0
306,0,null,0,0,0
307,4,pi+,1,1,0
308,0,null,0,0,0
309,0,null,0,0,0
310,1,primary_proton,1,1,1
311,0,null,0,0,0
312,0,null,0,0,0
313,0,null,0,0,0
314,0,null,0,0,0
315,0,null,0,0,0
316,0,null,0,0,0
317,63,pi+,1,1,0
318,0,null,0,0,0
319,0,null,0,0,0
320,0,null,0,0,0
321,2,secondary_proton,1,1,1
322,0,null,0,0,0
323,0,null,0,0,0
324,0,null,0,0,0
325,0,null,0,0,0
326,0,null,0,0,0
327,0,null,0,0,0
328,0,null,0,0,0
329,0,null,0,0,0
330,0,null,0,0,0
331,0,null,0,0,0
332,0,null,0,0,0
333,0,null,0,0,0
334,0,null,0,0,0
335,0,null,0,0,0
336,0,null,0,0,0
337,0,null,0,0,0
338,0,null,0,0,0
339,0,null,0,0,0
340,0,null,0,0,0
341,0,null,0,0,0
342,8,secondary_proton,1,1,1
343,0,null,0,0,0
344,1360,secondary_proton,1,1,1
345,445,e-,1,1,0
346,0,null,0,0,0
347,0,null,0,0,0
348,1,primary_proton,1,1,1
349,0,null,0,0,0
490,0,null,0,0,0
491,0,null,0,0,0
492,0,null,0,0,0
493,0,null,0,0,0
494,0,null,0,0,0
495,0,null,0,0,0
496,0,null,0,0,0
497,0,null,0,0,0
498,0,null,0,0,0
499,0,null,0,0,0
400,0,null,0,0,0
401,0,null,0,0,0
402,0,null,0,0,0
403,0,null,0,0,0
404,0,null,0,0,0
405,0,null,0,0,0
406,0,null,0,0,0
407,0,null,0,0,0
408,0,null,0,0,0
409,11,secondary_proton,1,1,1
410,0,null,0,0,0
411,0,null,0,0,0
412,0,null,0,0,0
413,417,e-,1,0,0
414,0,null,0,0,0
415,0,null,0,0,0
416,0,null,0,0,0
417,0,null,0,0,0
418,0,null,0,0,0
419,0,null,0,0,0
420,0,null,0,0,0
421,0,null,0,0,0
422,1,primary_proton,1,1,1
423,0,null,0,0,0
424,0,null,0,0,0
425,0,null,0,0,0
426,5123,e-,1,1,0
427,0,null,0,0,0
428,0,null,0,0,0
429,0,null,0,0,0
430,0,null,0,0,0
431,0,null,0,0,0
432,0,null,0,0,0
433,0,null,0,0,0
434,0,null,0,0,0
435,0,null,0,0,0
436,0,null,0,0,0
437,0,null,0,0,0
438,0,null,0,0,0
439,0,null,0,0,0
440,0,null,0,0,0
441,0,null,0,0,0
442,0,null,0,0,0
443,0,null,0,0,0
444,0,null,0,0,0
445,0,null,0,0,0
446,0,null,0,0,0
447,0,null,0,0,0
448,0,null,0,0,0
449,0,null,0,0,0
450,0,null,0,0,0
451,0,null,0,0,0
452,0,null,0,0,0
453,0,null,0,0,0
454,0,null,0,0,0
455,0,null,0,0,0
456,0,null,0,0,0
457,0,null,0,0,0
458,0,null,0,0,0
459,0,null,0,0,0
460,0,null,0,0,0
461,0,null,0,0,0
462,0,null,0,0,0
463,0,null,0,0,0
464,0,null,0,0,0
465,0,null,0,0,0
466,0,null,0,0,0
467,1,primary_proton,1,1,1
468,0,null,0,0,0
469,0,null,0,0,0
470,1437,pi-,1,1,1
471,0,null,0,0,0
472,0,null,0,0,0
473,0,null,0,0,0
474,0,null,0,0,0
475,0,null,0,0,0
476,0,null,0,0,0
477,0,null,0,0,0
478,0,null,0,0,0
479,0,null,0,0,0
480,0,null,0,0,0
481,0,null,0,0,0
482,0,null,0,0,0
483,0,null,0,0,0
484,0,null,0,0,0
485,0,null,0,0,0
486,0,null,0,0,0
487,0,null,0,0,0
488,0,null,0,0,0
489,0,null,0,0,0
560,0,null,0,0,0
561,0,null,0,0,0
562,1,primary_proton,1,1,1
563,0,null,0,0,0
564,0,null,0,0,0
565,0,null,0,0,0
566,0,null,0,0,0
567,13,pi-,1,1,0
568,0,null,0,0,0
569,0,null,0,0,0
570,0,null,0,0,0
571,0,null,0,0,0
572,0,null,0,0,0
573,0,null,0,0,0
574,0,null,0,0,0
575,0,null,0,0,0
576,150,pi-,1,0,0
577,0,null,0,0,0
578,0,null,0,0,0
579,0,null,0,0,0
580,0,null,0,0,0
581,0,null,0,0,0
582,0,null,0,0,0
583,0,null,0,0,0
584,0,null,0,0,0
585,0,null,0,0,0
586,0,null,0,0,0
587,0,null,0,0,0
588,0,null,0,0,0
589,0,null,0,0,0
590,0,null,0,0,0
591,0,null,0,0,0
592,0,null,0,0,0
593,0,null,0,0,0
594,0,null,0,0,0
595,0,null,0,0,0
596,0,null,0,0,0
597,0,null,0,0,0
598,0,null,0,0,0
599,0,null,0,0,0
500,0,null,0,0,0
501,0,null,0,0,0
502,0,null,0,0,0
503,0,null,0,0,0
504,0,null,0,0,0
505,0,null,0,0,0
506,0,null,0,0,0
507,0,null,0,0,0
508,0,null,0,0,0
509,0,null,0,0,0
510,0,null,0,0,0
511,0,null,0,0,0
512,0,null,0,0,0
513,0,null,0,0,0
514,0,null,0,0,0
515,0,null,0,0,0
516,0,null,0,0,0
517,0,null,0,0,0
518,0,null,0,0,0
519,0,null,0,0,0
520,0,null,0,0,0
521,0,null,0,0,0
522,0,null,0,0,0
523,0,null,0,0,0
524,0,null,0,0,0
525,0,null,0,0,0
526,0,null,0,0,0
527,0,null,0,0,0
528,1,primary_proton,1,1,1
529,0,null,0,0,0
530,0,null,0,0,0
531,0,null,0,0,0
532,0,null,0,0,0
533,0,null,0,0,0
534,1011,e-,0,0,1
535,0,null,0,0,0
536,0,null,0,0,0
537,1,primary_proton,1,1,1
538,1,primary_proton,1,1,1
539,0,null,0,0,0
540,0,null,0,0,0
541,0,null,0,0,0
542,0,null,0,0,0
543,0,null,0,0,0
544,0,null,0,0,0
545,0,null,0,0,0
546,0,null,0,0,0
547,0,null,0,0,0
548,0,null,0,0,0
549,1747,e-,1,1,1
550,11,secondary_proton,1,1,1
551,0,null,0,0,0
552,0,null,0,0,0
553,0,null,0,0,0
554,0,null,0,0,0
555,0,null,0,0,0
556,0,null,0,0,0
557,0,null,0,0,0
558,0,null,0,0,0
559,0,null,0,0,0
630,0,null,0,0,0
631,1,primary_proton,1,1,1
632,0,null,0,0,0
633,0,null,0,0,0
634,0,null,0,0,0
635,0,null,0,0,0
636,0,null,0,0,0
637,0,null,0,0,0
638,0,null,0,0,0
639,0,null,0,0,0
640,0,null,0,0,0
641,0,null,0,0,0
642,0,null,0,0,0
643,0,null,0,0,0
644,0,null,0,0,0
645,0,null,0,0,0
646,0,null,0,0,0
647,0,null,0,0,0
648,0,null,0,0,0
650,0,null,0,0,0
651,0,null,0,0,0
652,0,null,0,0,0
653,0,null,0,0,0
654,0,null,0,0,0
655,0,null,0,0,0
656,0,null,0,0,0
657,0,null,0,0,0
658,0,null,0,0,0
659,0,null,0,0,0
660,0,null,0,0,0
661,0,null,0,0,0
662,0,null,0,0,0
663,0,null,0,0,0
664,0,null,0,0,0
665,0,null,0,0,0
666,0,null,0,0,0
667,0,null,0,0,0
668,0,null,0,0,0
669,0,null,0,0,0
670,0,null,0,0,0
671,0,null,0,0,0
672,0,null,0,0,0
673,0,null,0,0,0
674,0,null,0,0,0
675,0,null,0,0,0
676,0,null,0,0,0
677,0,null,0,0,0
678,0,null,0,0,0
679,0,null,0,0,0
680,0,null,0,0,0
681,0,null,0,0,0
682,0,null,0,0,0
683,0,null,0,0,0
684,0,null,0,0,0
685,0,null,0,0,0
686,0,null,0,0,0
687,0,null,0,0,0
688,0,null,0,0,0
689,0,null,0,0,0
690,0,null,0,0,0
691,0,null,0,0,0
692,0,null,0,0,0
693,0,null,0,0,0
694,0,null,0,0,0
695,0,null,0,0,0
696,0,null,0,0,0
697,0,null,0,0,0
698,0,null,0,0,0
699,0,null,0,0,0
600,561,secondary_proton,1,1,0
601,0,null,0,0,0
602,0,null,0,0,0
603,0,null,0,0,0
604,0,null,0,0,0
605,0,null,0,0,0
606,0,null,0,0,0
607,0,null,0,0,0
608,0,null,0,0,0
609,1,primary_proton,1,1,1
610,0,null,0,0,0
611,0,null,0,0,0
612,0,null,0,0,0
613,0,null,0,0,0
614,0,null,0,0,0
615,0,null,0,0,0
616,0,null,0,0,0
617,0,null,0,0,0
618,0,null,0,0,0
619,0,null,0,0,0
620,0,null,0,0,0
621,0,null,0,0,0
622,0,null,0,0,0
623,0,null,0,0,0
624,0,null,0,0,0
625,0,null,0,0,0
626,0,null,0,0,0
627,0,null,0,0,0
628,0,null,0,0,0
629,0,null,0,0,0
770,0,null,0,0,0
771,0,null,0,0,0
772,0,null,0,0,0
773,0,null,0,0,0
774,1,primary_proton,1,1,1
775,0,null,0,0,0
776,0,null,0,0,0
777,0,null,0,0,0
778,0,null,0,0,0
779,0,null,0,0,0
780,0,null,0,0,0
781,842,secondary_proton,1,0,0
782,6,pi+,1,1,1
783,584,e-,1,1,1
784,0,null,0,0,0
785,0,null,0,0,0
786,0,null,0,0,0
787,0,null,0,0,0
788,0,null,0,0,0
789,0,null,0,0,0
790,0,null,0,0,0
791,0,null,0,0,0
792,0,null,0,0,0
793,0,null,0,0,0
794,0,null,0,0,0
795,0,null,0,0,0
796,0,null,0,0,0
797,0,null,0,0,0
798,0,null,0,0,0
799,0,null,0,0,0
700,0,null,0,0,0
701,0,null,0,0,0
702,0,null,0,0,0
703,0,null,0,0,0
704,0,null,0,0,0
705,0,null,0,0,0
706,0,null,0,0,0
707,0,null,0,0,0
708,0,null,0,0,0
709,0,null,0,0,0
710,0,null,0,0,0
711,0,null,0,0,0
712,0,null,0,0,0
713,0,null,0,0,0
714,0,null,0,0,0
715,0,null,0,0,0
716,0,null,0,0,0
717,0,null,0,0,0
718,0,null,0,0,0
719,0,null,0,0,0
720,0,null,0,0,0
721,0,null,0,0,0
722,0,null,0,0,0
723,0,null,0,0,0
724,0,null,0,0,0
725,0,null,0,0,0
726,8,pi+,1,1,1
727,0,null,0,0,0
728,0,null,0,0,0
729,0,null,0,0,0
730,0,null,0,0,0
731,0,null,0,0,0
732,0,null,0,0,0
733,49,pi+,1,1,1
734,0,null,0,0,0
735,0,null,0,0,0
736,0,null,0,0,0
737,0,null,0,0,0
738,0,null,0,0,0
739,0,null,0,0,0
740,0,null,0,0,0
741,0,null,0,0,0
742,0,null,0,0,0
743,0,null,0,0,0
744,0,null,0,0,0
745,0,null,0,0,0
746,0,null,0,0,0
747,0,null,0,0,0
748,0,null,0,0,0
749,0,null,0,0,0
750,0,null,0,0,0
751,0,null,0,0,0
752,0,null,0,0,0
753,0,null,0,0,0
754,0,null,0,0,0
755,0,null,0,0,0
756,0,null,0,0,0
757,0,null,0,0,0
758,0,null,0,0,0
759,0,null,0,0,0
760,0,null,0,0,0
761,0,null,0,0,0
762,0,null,0,0,0
763,5696,e-,0,0,1
764,1388,e-,0,1,0
765,0,null,0,0,0
766,3105,e-,1,0,0
767,0,null,0,0,0
768,0,null,0,0,0
769,0,null,0,0,0
840,0,null,0,0,0
841,0,null,0,0,0
842,0,nulG4WT1 > l,0,0,0
843,0,null,0,0,0
844,0,null,0,0,0
845,0,null,0,0,0
846,0,null,0,0,0
847,0,null,0,0,0
848,0,null,0,0,0
849,0,null,0,0,0
850,0,null,0,0,0
851,0,null,0,0,0
852,0,null,0,0,0
853,0,null,0,0,0
854,0,null,0,0,0
855,0,null,0,0,0
856,0,null,0,0,0
857,0,null,0,0,0
858,0,null,0,0,0
859,0,null,0,0,0
860,0,null,0,0,0
861,0,null,0,0,0
862,7,pi-,1,1,0
863,0,null,0,0,0
864,0,null,0,0,0
865,0,null,0,0,0
866,0,null,0,0,0
867,0,null,0,0,0
868,0,null,0,0,0
869,0,null,0,0,0
870,0,null,0,0,0
871,0,null,0,0,0
872,0,null,0,0,0
873,0,null,0,0,0
874,0,null,0,0,0
875,0,null,0,0,0
876,0,null,0,0,0
877,0,null,0,0,0
878,0,null,0,0,0
879,0,null,0,0,0
880,0,null,0,0,0
881,0,null,0,0,0
882,0,null,0,0,0
883,0,null,0,0,0
884,1,primary_proton,1,1,1
885,0,null,0,0,0
886,0,null,0,0,0
887,0,null,0,0,0
888,0,null,0,0,0
889,0,null,0,0,0
890,0,null,0,0,0
891,0,null,0,0,0
892,0,null,0,0,0
893,0,null,0,0,0
894,9,secondary_proton,1,1,1
895,0,null,0,0,0
896,0,null,0,0,0
897,0,null,0,0,0
898,0,null,0,0,0
899,0,null,0,0,0
900,0,null,0,0,0
901,0,null,0,0,0
902,0,null,0,0,0
903,0,null,0,0,0
904,0,null,0,0,0
905,0,null,0,0,0
906,0,null,0,0,0
907,0,null,0,0,0
908,0,null,0,0,0
909,0,null,0,0,0
910,0,null,0,0,0
911,0,null,0,0,0
912,0,null,0,0,0
913,0,null,0,0,0
914,0,null,0,0,0
915,0,null,0,0,0
916,0,null,0,0,0
917,0,null,0,0,0
918,0,null,0,0,0
919,0,null,0,0,0
920,0,null,0,0,0
921,0,null,0,0,0
922,0,null,0,0,0
923,0,null,0,0,0
924,0,null,0,0,0
925,0,null,0,0,0
926,0,null,0,0,0
927,0,null,0,0,0
928,0,null,0,0,0
929,0,null,0,0,0
930,0,null,0,0,0
931,0,null,0,0,0
932,0,null,0,0,0
933,0,null,0,0,0
934,0,null,0,0,0
935,0,null,0,0,0
936,0,null,0,0,0
937,0,null,0,0,0
938,0,null,0,0,0
939,0,null,0,0,0
940,0,null,0,0,0
941,0,null,0,0,0
942,0,null,0,0,0
943,0,null,0,0,0
944,0,null,0,0,0
945,0,null,0,0,0
946,0,null,0,0,0
947,0,null,0,0,0
948,0,null,0,0,0
949,0,null,0,0,0
950,0,null,0,0,0
951,0,null,0,0,0
952,0,null,0,0,0
953,0,null,0,0,0
954,0,null,0,0,0
955,0,null,0,0,0
956,0,null,0,0,0
957,0,null,0,0,0
958,0,null,0,0,0
959,0,null,0,0,0
960,0,null,0,0,0
961,0,null,0,0,0
962,0,null,0,0,0
963,2,secondary_proton,1,1,1
964,0,null,0,0,0
965,0,null,0,0,0
966,0,null,0,0,0
967,0,null,0,0,0
968,0,null,0,0,0
969,5,secondary_proton,1,1,1
970,0,null,0,0,0
971,0,null,0,0,0
972,0,null,0,0,0
973,0,null,0,0,0
974,0,null,0,0,0
975,0,null,0,0,0
976,0,null,0,0,0
977,0,null,0,0,0
978,0,null,0,0,0
979,0,null,0,0,0
1050,0,null,0,0,0
1051,0,null,0,0,0
1052,0,null,0,0,0
1053,0,null,0,0,0
1054,0,null,0,0,0
1055,0,null,0,0,0
1056,0,null,0,0,0
1057,0,null,0,0,0
1058,0,null,0,0,0
1059,0,null,0,0,0
1060,0,null,0,0,0
1061,1,primary_proton,1,1,1
1062,0,null,0,0,0
1063,0,null,0,0,0
1064,0,null,0,0,0
1065,0,null,0,0,0
1066,0,null,0,0,0
1067,0,null,0,0,0
1068,0,null,0,0,0
1069,0,null,0,0,0
1070,0,null,0,0,0
1071,1,primary_proton,1,1,1
1072,0,null,0,0,0
1073,0,null,0,0,0
1074,0,null,0,0,0
1075,0,null,0,0,0
1076,4,secondary_proton,1,1,1
1077,0,null,0,0,0
1078,0,null,0,0,0
1079,0,null,0,0,0
1080,0,null,0,0,0
1081,0,null,0,0,0
1082,0,null,0,0,0
1083,0,null,0,0,0
1084,1,primary_proton,1,1,1
1085,0,null,0,0,0
1086,0,null,0,0,0
1087,0,null,0,0,0
1088,0,null,0,0,0
1089,0,null,0,0,0
1090,0,null,0,0,0
1091,0,null,0,0,0
1092,0,null,0,0,0
1093,0,null,0,0,0
1094,0,null,0,0,0
1095,0,null,0,0,0
1096,0,null,0,0,0
1097,0,null,0,0,0
1098,0,null,0,0,0
1099,0,null,0,0,0
800,0,null,0,0,0
801,0,null,0,0,0
802,0,null,0,0,0
803,0,null,0,0,0
804,0,null,0,0,0
805,150,pi+,1,0,0
806,0,null,0,0,0
807,0,null,0,0,0
808,0,null,0,0,0
809,1,primary_proton,1,1,1
810,0,null,0,0,0
811,0,null,0,0,0
812,0,null,0,0,0
813,0,null,0,0,0
814,0,null,0,0,0
815,1644,secondary_proton,1,0,0
816,0,null,0,0,0
817,1,primary_proton,1,1,1
818,0,null,0,0,0
819,0,null,0,0,0
820,0,null,0,0,0
821,0,null,0,0,0
822,8,pi+,1,1,1
823,1098,e-,1,0,0
824,0,null,0,0,0
825,0,null,0,0,0
826,0,null,0,0,0
827,0,null,0,0,0
828,0,null,0,0,0
829,0,null,0,0,0
830,0,null,0,0,0
831,0,null,0,0,0
832,0,null,0,0,0
833,0,null,0,0,0
834,0,null,0,0,0
835,0,null,0,0,0
836,0,null,0,0,0
837,0,null,0,0,0
838,2,secondary_proton,1,1,1
839,0,null,0,0,0
980,0,null,0,0,0
981,0,null,0,0,0
982,0,null,0,0,0
983,0,null,0,0,0
984,0,null,0,0,0
985,0,null,0,0,0
986,0,null,0,0,0
987,0,null,0,0,0
988,0,null,0,0,0
989,9,secondary_proton,1,1,1
990,0,null,0,0,0
991,0,null,0,0,0
992,0,null,0,0,0
993,12,pi+,1,1,1
994,0,null,0,0,0
995,0,null,0,0,0
996,0,null,0,0,0
997,0,null,0,0,0
998,0,null,0,0,0
999,0,null,0,0,0
1100,0,null,0,0,0
1101,0,null,0,0,0
1102,0,null,0,0,0
1103,0,null,0,0,0
1104,0,null,0,0,0
1105,0,null,0,0,0
1106,0,null,0,0,0
1107,7,pi+,1,1,0
1108,0,null,0,0,0
1109,0,null,0,0,0
1110,0,null,0,0,0
1111,0,null,0,0,0
1112,0,null,0,0,0
1113,0,null,0,0,0
1114,0,null,0,0,0
1115,0,null,0,0,0
1116,9,pi+,1,1,1
1117,0,null,0,0,0
1118,0,null,0,0,0
1119,0,null,0,0,0
1120,0,null,0,0,0
1121,0,null,0,0,0
1122,0,null,0,0,0
1123,0,null,0,0,0
1124,0,null,0,0,0
1125,1096,pi-,1,0,0
1126,1,primary_proton,1,1,1
1127,0,null,0,0,0
1128,0,null,0,0,0
1129,0,null,0,0,0
1130,0,null,0,0,0
1131,0,null,0,0,0
1132,0,null,0,0,0
1133,0,null,0,0,0
1134,0,null,0,0,0
1135,0,null,0,0,0
1136,1,primary_proton,1,1,1
1137,0,null,0,0,0
1138,0,null,0,0,0
1139,0,null,0,0,0
1140,0,null,0,0,0
1141,0,null,0,0,0
1142,0,null,0,0,0
1143,0,null,0,0,0
1144,0,null,0,0,0
1145,0,null,0,0,0
1146,0,null,0,0,0
1147,0,null,0,0,0
1148,7,secondary_proton,1,1,0
1149,0,null,0,0,0
1150,0,null,0,0,0
1151,0,null,0,0,0
1152,0,null,0,0,0
1153,0,null,0,0,0
1154,0,null,0,0,0
1155,0,null,0,0,0
1156,0,null,0,0,0
1157,0,null,0,0,0
1158,0,null,0,0,0
1159,0,null,0,0,0
1160,0,null,0,0,0
1161,0,null,0,0,0
1162,0,null,0,0,0
1163,0,null,0,0,0
1164,0,null,0,0,0
1165,0,null,0,0,0
1166,0,null,0,0,0
1167,0,null,0,0,0
1168,0,null,0,0,0
1169,0,null,0,0,0
1000,0,null,0,0,0
1001,0,null,0,0,0
1002,0,null,0,0,0
1003,0,null,0,0,0
1004,0,null,0,0,0
1005,0,null,0,0,0
1006,0,null,0,0,0
1007,0,null,0,0,0
1008,0,null,0,0,0
1009,0,null,0,0,0
1010,0,null,0,0,0
1011,0,null,0,0,0
1012,0,null,0,0,0
1013,0,null,0,0,0
1014,0,null,0,0,0
1015,464,secondary_proton,1,1,0
1016,0,null,0,0,0
1017,11,secondary_proton,1,1,1
1018,0,null,0,0,0
1019,0,null,0,0,0
1020,0,null,0,0,0
1021,1,primary_proton,1,1,1
1022,0,null,0,0,0
1023,0,null,0,0,0
1024,2600,e-,1,1,0
1025,0,null,0,0,0
1026,0,null,0,0,0
1027,0,null,0,0,0
1028,0,null,0,0,0
1029,0,null,0,0,0
1030,0,null,0,0,0
1031,0,null,0,0,0
1032,0,null,0,0,0
1033,0,null,0,0,0
1034,0,null,0,0,0
1035,0,null,0,0,0
1036,0,null,0,0,0
1037,0,null,0,0,0
1038,0,null,0,0,0
1039,0,null,0,0,0
1040,0,null,0,0,0
1041,0,null,0,0,0
1042,0,null,0,0,0
1043,0,null,0,0,0
1044,0,null,0,0,0
1045,0,null,0,0,0
1046,0,null,0,0,0
1047,0,null,0,0,0
1048,0,null,0,0,0
1049,0,null,0,0,0
1190,0,null,0,0,0
1191,0,null,0,0,0
1192,0,null,0,0,0
1193,0,null,0,0,0
1194,0,null,0,0,0
1195,5,pi+,1,0,0
1196,0,null,0,0,0
1197,0,null,0,0,0
1198,0,null,0,0,0
1199,0,null,0,0,0
1170,0,null,0,0,0
1171,0,null,0,0,0
1172,0,null,0,0,0
1173,0,null,0,0,0
1174,0,null,0,0,0
1175,0,null,0,0,0
1176,0,null,0,0,0
1177,0,null,0,0,0
1178,0,null,0,0,0
1179,0,null,0,0,0
1180,0,null,0,0,0
1181,0,null,0,0,0
1182,0,null,0,0,0
1183,0,null,0,0,0
1184,0,null,0,0,0
1185,0,null,0,0,0
1186,0,null,0,0,0
1187,0,null,0,0,0
1188,0,null,0,0,0
1189,0,null,0,0,0
1260,0,null,0,0,0
1261,0,null,0,0,0
1262,0,null,0,0,0
1263,0,null,0,0,0
1264,0,null,0,0,0
1265,0,null,0,0,0
1266,0,null,0,0,0
1267,0,null,0,0,0
1268,0,null,0,0,0
1269,0,null,0,0,0
1270,0,null,0,0,0
1271,0,null,0,0,0
1272,247,pi-,1,1,0
1273,0,null,0,0,0
1274,1,primary_proton,1,1,1
1275,0,null,0,0,0
1276,0,null,0,0,0
1277,0,null,0,0,0
1278,0,null,0,0,0
1279,0,null,0,0,0
1280,0,null,0,0,0
1281,0,null,0,0,0
1282,0,null,0,0,0
1283,0,null,0,0,0
1284,0,null,0,0,0
1285,0,null,0,0,0
1286,0,null,0,0,0
1287,0,null,0,0,0
1288,0,null,0,0,0
1289,0,null,0,0,0
1290,0,null,0,0,0
1291,0,null,0,0,0
1292,0,null,0,0,0
1293,0,null,0,0,0
1294,0,null,0,0,0
1295,0,null,0,0,0
1296,0,null,0,0,0
1297,0,null,0,0,0
1298,0,null,0,0,0
1299,0,null,0,0,0
1300,15,pi-,1,1,1
1301,0,null,0,0,0
1302,0,null,0,0,0
1303,0,null,0,0,0
1304,0,null,0,0,0
1305,0,null,0,0,0
1306,0,null,0,0,0
1307,0,null,0,0,0
1308,0,null,0,0,0
1309,0,null,0,0,0
1310,0,null,0,0,0
1311,0,null,0,0,0
1312,0,null,0,0,0
1313,0,null,0,0,0
1314,0,null,0,0,0
1315,0,null,0,0,0
1316,0,null,0,0,0
1317,0,null,0,0,0
1318,0,null,0,0,0
1319,0,null,0,0,0
1320,8,pi-,1,1,1
1321,0,null,0,0,0
1322,0,null,0,0,0
1323,0,null,0,0,0
1324,0,null,0,0,0
1325,0,null,0,0,0
1326,0,null,0,0,0
1327,0,null,0,0,0
1328,0,null,0,0,0
1329,0,null,0,0,0
1200,0,null,0,0,0
1201,0,null,0,0,0
1202,0,null,0,0,0
1203,0,null,0,0,0
1204,0,null,0,0,0
1205,0,null,0,0,0
1206,0,null,0,0,0
1207,0,null,0,0,0
1208,0,null,0,0,0
1209,0,null,0,0,0
1210,0,null,0,0,0
1211,0,null,0,0,0
1212,0,null,0,0,0
1213,0,null,0,0,0
1214,0,null,0,0,0
1215,0,null,0,0,0
1216,0,null,0,0,0
1217,0,null,0,0,0
1218,0,null,0,0,0
1219,0,null,0,0,0
1220,0,null,0,0,0
1221,0,null,0,0,0
1222,10,pi+,1,0,0
1223,0,null,0,0,0
1224,0,null,0,0,0
1225,0,null,0,0,0
1226,0,null,0,0,0
1227,0,null,0,0,0
1228,0,null,0,0,0
1229,0,null,0,0,0
1230,0,null,0,0,0
1231,0,null,0,0,0
1232,0,null,0,0,0
1233,0,null,0,0,0
1234,0,null,0,0,0
1235,0,null,0,0,0
1236,0,null,0,0,0
1237,0,null,0,0,0
1238,0,null,0,0,0
1239,0,null,0,0,0
1240,0,null,0,0,0
1241,0,null,0,0,0
1242,0,null,0,0,0
1243,1,primary_proton,1,1,1
1244,0,null,0,0,0
1245,0,null,0,0,0
1246,0,null,0,0,0
1247,0,null,0,0,0
1248,0,null,0,0,0
1249,0,null,0,0,0
1250,0,null,0,0,0
1251,0,null,0,0,0
1252,0,null,0,0,0
1253,0,null,0,0,0
1254,0,null,0,0,0
1255,0,null,0,0,0
1256,0,null,0,0,0
1257,0,null,0,0,0
1258,0,null,0,0,0
1259,0,null,0,0,0
1330,0,null,0,0,0
1331,0,null,0,0,0
1332,0,null,0,0,0
1333,0,null,0,0,0
1334,0,null,0,0,0
1335,4,secondary_proton,1,1,1
1336,0,null,0,0,0
1337,0,null,0,0,0
1338,0,null,0,0,0
1339,0,null,0,0,0
1340,0,null,0,0,0
1341,8,secondary_proton,1,1,0
1342,0,null,0,0,0
1343,0,null,0,0,0
1344,0,null,0,0,0
1345,0,null,0,0,0
1346,143,secondary_proton,1,0,1
1347,0,null,0,0,0
1349,0,null,0,0,0
1350,0,null,0,0,0
1351,0,null,0,0,0
1352,1,primary_proton,1,1,1
1353,0,null,0,0,0
1354,0,null,0,0,0
1355,0,null,0,0,0
1356,0,null,0,0,0
1357,0,null,0,0,0
1358,0,null,0,0,0
1359,0,null,0,0,0
1360,0,null,0,0,0
1361,0,null,0,0,0
1362,0,null,0,0,0
1363,0,null,0,0,0
1364,0,null,0,0,0
1365,10,pi+,1,0,0
1366,0,null,0,0,0
1367,0,null,0,0,0
1368,0,null,0,0,0
1369,0,null,0,0,0
1370,0,null,0,0,0
1371,0,null,0,0,0
1372,0,null,0,0,0
1373,0,null,0,0,0
1374,0,null,0,0,0
1375,0,null,0,0,0
1376,0,null,0,0,0
1377,0,null,0,0,0
1378,0,null,0,0,0
1379,0,null,0,0,0
1380,0,null,0,0,0
1381,0,null,0,0,0
1382,0,null,0,0,0
1383,0,null,0,0,0
1384,0,null,0,0,0
1385,0,null,0,0,0
1386,0,null,0,0,0
1387,0,null,0,0,0
1388,0,null,0,0,0
1389,0,null,0,0,0
1390,0,null,0,0,0
1391,0,null,0,0,0
1392,20,pi-,1,1,1
1393,0,null,0,0,0
1394,0,null,0,0,0
1395,0,null,0,0,0
1396,19,pi-,1,1,0
1397,0,null,0,0,0
1398,0,null,0,0,0
1399,0,null,0,0,0
1470,0,null,0,0,0
1471,0,null,0,0,0
1472,0,null,0,0,0
1473,0,null,0,0,0
1474,0,null,0,0,0
1475,0,null,0,0,0
1476,0,null,0,0,0
1477,0,null,0,0,0
1478,0,null,0,0,0
1479,0,null,0,0,0
1480,0,null,0,0,0
1481,0,null,0,0,0
1482,0,null,0,0,0
1483,0,null,0,0,0
1484,0,null,0,0,0
1485,0,null,0,0,0
1486,0,null,0,0,0
1487,0,null,0,0,0
1488,0,null,0,0,0
1489,0,null,0,0,0
1490,0,null,0,0,0
1491,0,null,0,0,0
1492,0,null,0,0,0
1493,0,null,0,0,0
1494,0,null,0,0,0
1495,0,null,0,0,0
1496,0,null,0,0,0
1497,0,null,0,0,0
1498,0,null,0,0,0
1499,0,null,0,0,0
1400,0,null,0,0,0
1401,0,null,0,0,0
1402,0,null,0,0,0
1403,0,null,0,0,0
1404,0,null,0,0,0
1405,0,null,0,0,0
1406,0,null,0,0,0
1407,0,null,0,0,0
1408,0,null,0,0,0
1409,0,null,0,0,0
1410,0,null,0,0,0
1411,0,null,0,0,0
1412,0,null,0,0,0
1413,0,null,0,0,0
1414,0,null,0,0,0
1415,0,null,0,0,0
1416,0,null,0,0,0
1417,0,null,0,0,0
1418,0,null,0,0,0
1419,0,null,0,0,0
1420,0,null,0,0,0
1421,0,null,0,0,0
1422,0,null,0,0,0
1423,0,null,0,0,0
1424,0,null,0,0,0
1425,0,null,0,0,0
1426,1,primary_proton,1,1,1
1427,0,null,0,0,0
1428,0,null,0,0,0
1429,1,primary_proton,1,1,1
1430,0,null,0,0,0
1431,0,null,0,0,0
1432,0,null,0,0,0
1433,0,null,0,0,0
1434,0,null,0,0,0
1435,0,null,0,0,0
1436,0,null,0,0,0
1437,0,null,0,0,0
1438,0,null,0,0,0
1439,0,null,0,0,0
1440,0,null,0,0,0
1441,0,null,0,0,0
1442,0,null,0,0,0
1443,0,null,0,0,0
1444,0,null,0,0,0
1445,0,null,0,0,0
1446,0,null,0,0,0
1447,0,null,0,0,0
1448,0,null,0,0,0
1449,0,null,0,0,0
1450,0,null,0,0,0
1451,351,pi-,1,1,1
1452,0,null,0,0,0
1453,0,null,0,0,0
1454,0,null,0,0,0
1455,0,null,0,0,0
1456,0,null,0,0,0
1457,0,null,0,0,0
1458,0,null,0,0,0
1459,0,null,0,0,0
1460,0,null,0,0,0
1461,0,null,0,0,0
1462,0,null,0,0,0
1463,0,null,0,0,0
1464,0,null,0,0,0
1465,10,pi+,1,1,0
1466,72,secondary_proton,1,1,0
1467,0,null,0,0,0
1468,0,null,0,0,0
1469,0,null,0,0,0
1540,0,null,0,0,0
1541,0,null,0,0,0
1542,0,null,0,0,0
1543,0,null,0,0,0
1544,0,null,0,0,0
1545,0,null,0,0,0
1546,0,null,0,0,0
1547,0,null,0,0,0
1548,0,null,0,0,0
1549,0,nuG4WT1 > ll,0,0,0
1550,0,null,0,0,0
1551,0,null,0,0,0
1552,0,null,0,0,0
1553,0,null,0,0,0
1554,0,null,0,0,0
1555,0,null,0,0,0
1556,0,null,0,0,0
1557,0,null,0,0,0
1558,0,null,0,0,0
1559,0,null,0,0,0
1560,0,null,0,0,0
1561,0,null,0,0,0
1562,0,null,0,0,0
1563,0,null,0,0,0
1564,0,null,0,0,0
1565,0,null,0,0,0
1566,0,null,0,0,0
1567,0,null,0,0,0
1568,0,null,0,0,0
1569,0,null,0,0,0
1570,0,null,0,0,0
1571,0,null,0,0,0
1572,0,null,0,0,0
1573,0,null,0,0,0
1574,0,null,0,0,0
1575,0,null,0,0,0
1576,0,null,0,0,0
1577,0,null,0,0,0
1578,0,null,0,0,0
1579,0,null,0,0,0
1580,0,null,0,0,0
1581,7,pi-,1,1,1
1582,0,null,0,0,0
1583,0,null,0,0,0
1584,0,null,0,0,0
1585,0,null,0,0,0
1586,1,primary_proton,1,1,1
1587,0,null,0,0,0
1588,0,null,0,0,0
1589,1,primary_proton,1,1,1
1590,0,null,0,0,0
1591,0,null,0,0,0
1592,0,null,0,0,0
1593,0,null,0,0,0
1594,0,null,0,0,0
1595,0,null,0,0,0
1596,0,null,0,0,0
1597,741,e-,1,1,1
1598,17,secondary_proton,1,1,1
1599,0,null,0,0,0
1500,0,null,0,0,0
1501,0,null,0,0,0
1502,0,null,0,0,0
1503,0,null,0,0,0
1504,0,null,0,0,0
1505,0,null,0,0,0
1506,0,null,0,0,0
1507,0,null,0,0,0
1508,0,null,0,0,0
1509,0,null,0,0,0
1510,0,null,0,0,0
1511,0,null,0,0,0
1512,0,null,0,0,0
1513,0,null,0,0,0
1514,1,primary_proton,1,1,1
1515,0,null,0,0,0
1516,0,null,0,0,0
1517,0,null,0,0,0
1518,0,null,0,0,0
1519,0,null,0,0,0
1520,0,null,0,0,0
1521,0,null,0,0,0
1522,0,null,0,0,0
1523,44,pi+,1,1,0
1524,0,null,0,0,0
1525,0,null,0,0,0
1526,0,null,0,0,0
1527,0,null,0,0,0
1528,0,null,0,0,0
1529,0,null,0,0,0
1530,0,null,0,0,0
1531,0,null,0,0,0
1532,0,null,0,0,0
1533,1,primary_proton,1,1,1
1534,0,null,0,0,0
1535,0,null,0,0,0
1536,0,null,0,0,0
1537,0,null,0,0,0
1538,0,null,0,0,0
1539,0,null,0,0,0
1610,0,null,0,0,0
1611,0,null,0,0,0
1612,0,null,0,0,0
1613,0,null,0,0,0
1614,0,null,0,0,0
1615,0,null,0,0,0
1616,0,null,0,0,0
1617,0,null,0,0,0
1618,0,null,0,0,0
1619,0,null,0,0,0
1620,0,null,0,0,0
1621,0,null,0,0,0
1622,0,null,0,0,0
1623,0,null,0,0,0
1624,283,pi+,1,1,1
1625,0,null,0,0,0
1626,914,e-,1,0,0
1627,1,primary_proton,1,1,1
1628,0,null,0,0,0
1629,0,null,0,0,0
1630,0,null,0,0,0
1631,0,null,0,0,0
1632,0,null,0,0,0
1633,0,null,0,0,0
1634,0,null,0,0,0
1635,0,null,0,0,0
1636,0,null,0,0,0
1637,0,null,0,0,0
1638,0,null,0,0,0
1639,0,null,0,0,0
1640,0,null,0,0,0
1641,0,null,0,0,0
1642,1,primary_proton,1,1,1
1643,1,primary_proton,1,1,1
1644,0,null,0,0,0
1645,0,null,0,0,0
1646,0,null,0,0,0
1647,0,null,0,0,0
1648,0,null,0,0,0
1649,0,null,0,0,0
1650,0,null,0,0,0
1651,0,null,0,0,0
1652,1,primary_proton,1,1,1
1653,0,null,0,0,0
1654,0,null,0,0,0
1655,1,primary_proton,1,1,0
1656,0,null,0,0,0
1657,0,null,0,0,0
1658,0,null,0,0,0
1659,0,null,0,0,0
1660,0,null,0,0,0
1661,1,primary_proton,1,1,1
1662,0,null,0,0,0
1663,0,null,0,0,0
1664,0,null,0,0,0
1665,0,null,0,0,0
1666,0,null,0,0,0
1667,0,null,0,0,0
1668,0,null,0,0,0
1669,0,null,0,0,0
1670,0,null,0,0,0
1671,0,null,0,0,0
1672,0,null,0,0,0
1673,0,null,0,0,0
1674,226,pi+,1,0,0
1675,0,null,0,0,0
1676,1,primary_proton,1,1,1
1677,0,null,0,0,0
1678,0,null,0,0,0
1679,0,null,0,0,0
1750,0,null,0,0,0
1751,0,null,0,0,0
1752,0,null,0,0,0
1753,0,null,0,0,0
1754,0,null,0,0,0
1755,0,null,0,0,0
1756,0,null,0,0,0
1757,0,null,0,0,0
1758,5,pi-,1,1,1
1759,0,null,0,0,0
1760,0,null,0,0,0
1761,0,null,0,0,0
1762,0,null,0,0,0
1763,0,null,0,0,0
1764,0,null,0,0,0
1765,0,null,0,0,0
1766,0,null,0,0,0
1767,0,null,0,0,0
1768,0,null,0,0,0
1769,0,null,0,0,0
1770,0,null,0,0,0
1771,0,null,0,0,0
1772,0,null,0,0,0
1773,0,null,0,0,0
1774,0,null,0,0,0
1775,0,null,0,0,0
1776,0,null,0,0,0
1777,0,null,0,0,0
1778,0,null,0,0,0
1779,0,null,0,0,0
1780,0,null,0,0,0
1781,0,null,0,0,0
1782,0,null,0,0,0
1783,0,null,0,0,0
1784,0,null,0,0,0
1785,0,null,0,0,0
1786,0,null,0,0,0
1787,0,null,0,0,0
1788,0,null,0,0,0
1789,0,null,0,0,0
1790,0,null,0,0,0
1791,0,null,0,0,0
1792,0,null,0,0,0
1793,0,null,0,0,0
1794,0,null,0,0,0
1795,0,null,0,0,0
1796,0,null,0,0,0
1797,0,null,0,0,0
1798,0,null,0,0,0
1799,0,null,0,0,0
1600,0,null,0,0,0
1601,10,secondary_proton,1,1,1
1602,564,e-,1,1,1
1603,1,primary_proton,1,1,1
1604,0,null,0,0,0
1605,0,null,0,0,0
1606,0,null,0,0,0
1607,0,null,0,0,0
1608,0,null,0,0,0
1609,0,null,0,0,0
1680,0,null,0,0,0
1681,0,null,0,0,0
1682,0,null,0,0,0
1683,0,null,0,0,0
1684,0,null,0,0,0
1685,17,secondary_proton,1,1,1
1686,0,null,0,0,0
1687,0,null,0,0,0
1688,0,null,0,0,0
1689,0,null,0,0,0
1690,0,null,0,0,0
1691,0,null,0,0,0
1692,0,null,0,0,0
1693,0,null,0,0,0
1694,21,secondary_proton,1,1,1
1695,0,null,0,0,0
1696,0,null,0,0,0
1697,0,null,0,0,0
1698,0,null,0,0,0
1699,0,null,0,0,0
1700,0,null,0,0,0
1701,0,null,0,0,0
1702,0,null,0,0,0
1703,0,null,0,0,0
1704,0,null,0,0,0
1705,0,null,0,0,0
1706,0,null,0,0,0
1707,1,primary_proton,1,1,1
1708,0,null,0,0,0
1709,0,null,0,0,0
1710,0,null,0,0,0
1711,0,null,0,0,0
1712,0,null,0,0,0
1713,0,null,0,0,0
1714,0,null,0,0,0
1715,0,null,0,0,0
1716,0,null,0,0,0
1717,0,null,0,0,0
1718,0,null,0,0,0
1719,1,primary_proton,1,1,1
1720,0,null,0,0,0
1721,0,null,0,0,0
1722,0,null,0,0,0
1723,0,null,0,0,0
1724,0,null,0,0,0
1725,0,null,0,0,0
1726,0,null,0,0,0
1727,0,null,0,0,0
1728,0,null,0,0,0
1729,0,null,0,0,0
1730,4686,e-,1,1,0
1731,0,null,0,0,0
1732,0,null,0,0,0
1733,0,null,0,0,0
1734,0,null,0,0,0
1735,0,null,0,0,0
1736,0,null,0,0,0
1737,7,pi-,1,1,1
1738,0,null,0,0,0
1739,0,null,0,0,0
1740,1,primary_proton,1,1,1
1741,0,null,0,0,0
1742,0,null,0,0,0
1743,0,null,0,0,0
1744,0,null,0,0,0
1745,0,null,0,0,0
1746,0,null,0,0,0
1747,0,null,0,0,0
1748,0,null,0,0,0
1749,0,null,0,0,0
1890,0,null,0,0,0
1891,0,null,0,0,0
1892,0,null,0,0,0
1893,0,null,0,0,0
1894,0,null,0,0,0
1895,0,null,0,0,0
1896,0,null,0,0,0
1897,0,null,0,0,0
1898,1,primary_proton,1,1,1
1899,0,null,0,0,0
1800,0,null,0,0,0
1801,0,null,0,0,0
1802,0,null,0,0,0
1803,0,null,0,0,0
1804,0,null,0,0,0
1805,0,null,0,0,0
1806,0,null,0,0,0
1807,0,null,0,0,0
1808,0,null,0,0,0
1809,0,null,0,0,0
1810,0,null,0,0,0
1811,0,null,0,0,0
1812,0,null,0,0,0
1813,0,null,0,0,0
1814,0,null,0,0,0
1815,2183,e-,1,1,1
1816,6,secondary_proton,1,1,1
1817,0,null,0,0,0
1818,0,null,0,0,0
1819,0,null,0,0,0
1820,0,null,0,0,0
1821,0,null,0,0,0
1822,0,null,0,0,0
1823,0,null,0,0,0
1824,0,null,0,0,0
1825,0,null,0,0,0
1826,0,null,0,0,0
1827,0,null,0,0,0
1828,0,null,0,0,0
1829,0,null,0,0,0
1830,0,null,0,0,0
1831,0,null,0,0,0
1832,0,null,0,0,0
1833,0,null,0,0,0
1834,0,null,0,0,0
1835,0,null,0,0,0
1836,0,null,0,0,0
1837,0,null,0,0,0
1838,0,null,0,0,0
1839,0,null,0,0,0
1840,0,null,0,0,0
1841,729,secondary_proton,1,1,1
1842,0,null,0,0,0
1843,0,null,0,0,0
1844,0,null,0,0,0
1845,0,null,0,0,0
1846,0,null,0,0,0
1847,0,null,0,0,0
1848,5,secondary_proton,1,1,1
1849,0,null,0,0,0
1850,0,null,0,0,0
1851,0,null,0,0,0
1852,0,null,0,0,0
1853,0,null,0,0,0
1854,0,null,0,0,0
1855,0,null,0,0,0
1856,0,null,0,0,0
1857,0,null,0,0,0
1858,1,primary_proton,1,1,1
1859,0,null,0,0,0
1860,0,null,0,0,0
1861,0,null,0,0,0
1862,0,null,0,0,0
1863,0,nullG4WT0 > ,0,0,0
1864,0,null,0,0,0
1865,0,null,0,0,0
1866,0,null,0,0,0
1867,0,null,0,0,0
1868,0,null,0,0,0
1869,0,null,0,0,0
1870,0,null,0,0,0
1871,0,null,0,0,0
1872,0,null,0,0,0
1873,0,null,0,0,0
1874,0,null,0,0,0
1875,0,null,0,0,0
1876,0,null,0,0,0
1877,0,null,0,0,0
1878,0,null,0,0,0
1879,0,null,0,0,0
1880,0,null,0,0,0
1881,0,null,0,0,0
1882,0,null,0,0,0
1883,0,null,0,0,0
1884,0,null,0,0,0
1885,0,null,0,0,0
1886,0,null,0,0,0
1887,0,null,0,0,0
1888,0,null,0,0,0
1889,0,null,0,0,0
1960,6,pi+,1,1,1
1961,0,null,0,0,0
1962,0,null,0,0,0
1963,0,null,0,0,0
1964,0,null,0,0,0
1965,10,pi-,1,1,1
1966,0,null,0,0,0
1967,0,null,0,0,0
1968,0,null,0,0,0
1969,0,null,0,0,0
1970,0,null,0,0,0
1971,0,null,0,0,0
1972,0,null,0,0,0
1973,0,null,0,0,0
1974,0,null,0,0,0
1975,0,null,0,0,0
1976,0,null,0,0,0
1977,0,null,0,0,0
1978,0,null,0,0,0
1979,0,null,0,0,0
1980,0,null,0,0,0
1981,0,null,0,0,0
1982,0,null,0,0,0
1983,0,null,0,0,0
1984,0,null,0,0,0
1985,0,null,0,0,0
1986,0,null,0,0,0
1987,0,null,0,0,0
1988,0,null,0,0,0
1989,0,null,0,0,0
1990,0,null,0,0,0
1991,0,null,0,0,0
1992,0,null,0,0,0
1993,0,null,0,0,0
1994,0,null,0,0,0
1995,0,null,0,0,0
1996,0,null,0,0,0
1997,0,null,0,0,0
1998,0,null,0,0,0
1999,1,primary_proton,1,1,1
1900,0,null,0,0,0
1901,0,null,0,0,0
1902,0,null,0,0,0
1903,0,null,0,0,0
1904,9,pi-,1,1,1
1905,1,primary_proton,1,1,1
1906,0,null,0,0,0
1907,0,null,0,0,0
1908,0,null,0,0,0
1909,0,null,0,0,0
1910,0,null,0,0,0
1911,0,null,0,0,0
1912,0,null,0,0,0
1913,0,null,0,0,0
1914,1,primary_proton,1,1,1
1915,0,null,0,0,0
1916,0,null,0,0,0
1917,8,secondary_proton,1,1,1
1918,0,null,0,0,0
1919,0,null,0,0,0
1920,0,null,0,0,0
1921,0,null,0,0,0
1922,12,pi-,1,1,1
1923,0,null,0,0,0
1924,0,null,0,0,0
1925,7,secondary_proton,1,1,1
1926,0,null,0,0,0
1927,0,null,0,0,0
1928,0,null,0,0,0
1929,0,null,0,0,0
1930,8,secondary_proton,1,0,0
1931,0,null,0,0,0
1932,0,null,0,0,0
1933,0,null,0,0,0
1934,0,null,0,0,0
1935,0,null,0,0,0
1936,0,null,0,0,0
1937,0,null,0,0,0
1938,0,null,0,0,0
1939,0,null,0,0,0
1940,0,null,0,0,0
1941,0,null,0,0,0
1942,0,null,0,0,0
1943,0,null,0,0,0
1944,0,null,0,0,0
1945,0,null,0,0,0
1946,0,null,0,0,0
1947,0,null,0,0,0
1948,0,null,0,0,0
1949,0,null,0,0,0
1950,0,null,0,0,0
1951,0,null,0,0,0
1952,0,null,0,0,0
1953,0,null,0,0,0
1954,0,null,0,0,0
1955,0,null,0,0,0
1956,0,null,0,0,0
1957,0,null,0,0,0
1958,0,null,0,0,0
1959,0,null,0,0,0
2000,0,null,0,0,0
2001,0,null,0,0,0
2002,0,null,0,0,0
2003,0,null,0,0,0
2004,0,null,0,0,0
2005,0,null,0,0,0
2006,0,null,0,0,0
2007,0,null,0,0,0
2008,0,null,0,0,0
2009,0,null,0,0,0
2010,0,null,0,0,0
2011,0,null,0,0,0
2012,0,null,0,0,0
2013,0,null,0,0,0
2014,0,null,0,0,0
2015,1,primary_proton,1,1,1
2016,0,null,0,0,0
2017,0,null,0,0,0
2018,0,null,0,0,0
2019,0,null,0,0,0
2020,0,null,0,0,0
2021,0,null,0,0,0
2022,0,null,0,0,0
2023,0,null,0,0,0
2024,0,null,0,0,0
2025,0,null,0,0,0
2026,0,null,0,0,0
2027,0,null,0,0,0
2028,0,null,0,0,0
2029,0,null,0,0,0
2030,0,null,0,0,0
2031,0,null,0,0,0
2032,0,null,0,0,0
2033,0,null,0,0,0
2034,0,null,0,0,0
2035,0,null,0,0,0
2036,0,null,0,0,0
2037,0,null,0,0,0
2038,0,null,0,0,0
2039,0,null,0,0,0
2040,0,null,0,0,0
2041,0,null,0,0,0
2042,0,null,0,0,0
2043,0,null,0,0,0
2044,0,null,0,0,0
2045,0,null,0,0,0
2046,0,null,0,0,0
2047,0,null,0,0,0
2048,0,null,0,0,0
2049,0,null,0,0,0
2050,0,null,0,0,0
2051,0,null,0,0,0
2052,0,null,0,0,0
2053,0,null,0,0,0
2054,0,null,0,0,0
2055,0,null,0,0,0
2056,0,null,0,0,0
2057,0,null,0,0,0
2058,0,null,0,0,0
2059,0,null,0,0,0
2060,0,null,0,0,0
2061,0,null,0,0,0
2062,0,null,0,0,0
2063,9,pi+,1,1,1
2064,0,null,0,0,0
2065,0,null,0,0,0
2066,0,null,0,0,0
2067,0,null,0,0,0
2068,0,null,0,0,0
2069,0,null,0,0,0
2070,0,null,0,0,0
2071,0,null,0,0,0
2072,0,null,0,0,0
2073,0,null,0,0,0
2074,0,null,0,0,0
2075,0,null,0,0,0
2076,0,null,0,0,0
2077,0,null,0,0,0
2078,0,null,0,0,0
2079,0,null,0,0,0
2080,0,null,0,0,0
2081,15,pi+,1,1,0
2082,0,null,0,0,0
2083,0,nG4WT0 > ull,0,0,0
2084,0,null,0,0,0
2085,0,null,0,0,0
2086,0,null,0,0,0
2087,0,null,0,0,0
2088,0,null,0,0,0
2089,0,null,0,0,0
2090,0,null,0,0,0
2091,0,null,0,0,0
2092,0,null,0,0,0
2093,0,null,0,0,0
2094,0,null,0,0,0
2095,0,null,0,0,0
2096,0,null,0,0,0
2097,0,null,0,0,0
2098,0,null,0,0,0
2099,0,null,0,0,0
2170,0,null,0,0,0
2171,0,null,0,0,0
2172,0,null,0,0,0
2173,0,null,0,0,0
2174,0,null,0,0,0
2175,0,null,0,0,0
2176,0,null,0,0,0
2177,0,null,0,0,0
2178,0,null,0,0,0
2179,0,null,0,0,0
2180,0,null,0,0,0
2181,0,null,0,0,0
2182,0,null,0,0,0
2183,0,null,0,0,0
2184,0,null,0,0,0
2185,0,null,0,0,0
2186,0,null,0,0,0
2187,0,null,0,0,0
2188,0,null,0,0,0
2189,0,null,0,0,0
2190,0,null,0,0,0
2191,0,null,0,0,0
2192,0,null,0,0,0
2193,0,null,0,0,0
2194,0,null,0,0,0
2195,0,null,0,0,0
2196,0,null,0,0,0
2197,0,null,0,0,0
2198,0,null,0,0,0
2199,0,null,0,0,0
2100,0,null,0,0,0
2101,0,null,0,0,0
2102,0,null,0,0,0
2103,0,null,0,0,0
2104,0,null,0,0,0
2105,0,null,0,0,0
2106,0,null,0,0,0
2107,0,null,0,0,0
2108,0,null,0,0,0
2109,0,null,0,0,0
2110,0,null,0,0,0
2111,0,null,0,0,0
2112,1,primary_proton,1,1,1
2113,0,null,0,0,0
2114,0,null,0,0,0
2115,0,null,0,0,0
2116,0,null,0,0,0
2117,0,null,0,0,0
2118,0,null,0,0,0
2119,0,null,0,0,0
2120,0,null,0,0,0
2121,0,null,0,0,0
2122,0,null,0,0,0
2123,0,null,0,0,0
2124,0,null,0,0,0
2125,0,null,0,0,0
2126,0,null,0,0,0
2127,136,pi-,1,1,0
2128,0,null,0,0,0
2129,0,null,0,0,0
2130,1,primary_proton,1,1,0
2131,0,null,0,0,0
2132,0,null,0,0,0
2133,0,null,0,0,0
2134,0,null,0,0,0
2135,0,null,0,0,0
2136,0,null,0,0,0
2137,0,null,0,0,0
2138,0,null,0,0,0
2139,0,null,0,0,0
2140,0,null,0,0,0
2141,0,null,0,0,0
2142,0,null,0,0,0
2143,0,null,0,0,0
2144,0,null,0,0,0
2145,0,null,0,0,0
2146,0,null,0,0,0
2147,0,null,0,0,0
2148,0,null,0,0,0
2149,0,null,0,0,0
2150,0,null,0,0,0
2151,0,null,0,0,0
2152,0,null,0,0,0
2153,0,null,0,0,0
2154,0,null,0,0,0
2155,0,null,0,0,0
2156,0,null,0,0,0
2157,0,null,0,0,0
2158,0,null,0,0,0
2159,0,null,0,0,0
2160,0,null,0,0,0
2161,0,null,0,0,0
2162,0,null,0,0,0
2163,2997,e-,1,1,0
2164,0,null,0,0,0
2165,0,null,0,0,0
2166,0,null,0,0,0
2167,0,null,0,0,0
2168,0,null,0,0,0
2169,0,null,0,0,0
2240,0,null,0,0,0
2241,0,null,0,0,0
2242,0,null,0,0,0
2243,1,primary_proton,1,1,1
2244,0,null,0,0,0
2245,0,null,0,0,0
2246,0,null,0,0,0
2200,0,null,0,0,0
2201,0,null,0,0,0
2202,0,null,0,0,0
2203,0,null,0,0,0
2204,0,null,0,0,0
2205,0,null,0,0,0
2206,0,null,0,0,0
2207,0,null,0,0,0
2208,2678,secondary_proton,1,1,0
2209,0,null,0,0,0
2210,0,null,0,0,0
2211,0,null,0,0,0
2212,0,null,0,0,0
2213,0,null,0,0,0
2214,0,null,0,0,0
2215,0,null,0,0,0
2216,0,null,0,0,0
2217,7,secondary_proton,1,1,1
2218,0,null,0,0,0
2219,0,null,0,0,0
2220,0,null,0,0,0
2221,0,null,0,0,0
2222,0,null,0,0,0
2223,0,null,0,0,0
2224,4,secondary_proton,1,1,1
2225,0,null,0,0,0
2226,0,null,0,0,0
2227,0,null,0,0,0
2228,0,null,0,0,0
2229,9,secondary_proton,1,1,1
2230,0,null,0,0,0
2231,0,null,0,0,0
2232,0,null,0,0,0
2233,0,null,0,0,0
2234,0,null,0,0,0
2235,0,null,0,0,0
2236,0,null,0,0,0
2237,0,null,0,0,0
2238,0,null,0,0,0
2239,1,primary_proton,1,1,1
2310,0,null,0,0,0
2311,0,null,0,0,0
2312,0,null,0,0,0
2313,0,null,0,0,0
2314,0,null,0,0,0
2315,0,null,0,0,0
2316,0,null,0,0,0
2317,1,primary_proton,1,1,1
2318,0,null,0,0,0
2319,0,null,0,0,0
2320,0,null,0,0,0
2321,0,null,0,0,0
2322,0,null,0,0,0
2323,0,null,0,0,0
2324,0,null,0,0,0
2325,0,null,0,0,0
2326,0,null,0,0,0
2327,1,primary_proton,1,1,1
2328,0,null,0,0,0
2329,0,null,0,0,0
2247,10,pi-,1,1,1
2248,0,null,0,0,0
2249,0,null,0,0,0
2250,0,null,0,0,0
2251,0,null,0,0,0
2252,0,null,0,0,0
2253,0,null,0,0,0
2254,0,null,0,0,0
2255,0,null,0,0,0
2256,0,null,0,0,0
2257,0,null,0,0,0
2258,1,primary_proton,1,1,1
2259,5,secondary_proton,1,1,1
2260,1,primary_proton,1,1,1
2261,1,primary_proton,1,1,1
2262,0,null,0,0,0
2263,0,null,0,0,0
2264,0,null,0,0,0
2265,0,null,0,0,0
2266,0,null,0,0,0
2267,0,null,0,0,0
2268,0,null,0,0,0
2269,0,null,0,0,0
2270,0,null,0,0,0
2271,0,null,0,0,0
2272,0,null,0,0,0
2273,0,null,0,0,0
2274,0,null,0,0,0
2275,0,null,0,0,0
2276,0,null,0,0,0
2277,0,null,0,0,0
2278,0,null,0,0,0
2279,0,null,0,0,0
2280,0,null,0,0,0
2281,0,null,0,0,0
2282,0,null,0,0,0
2283,0,null,0,0,0
2284,0,null,0,0,0
2285,0,null,0,0,0
2286,0,null,0,0,0
2287,0,null,0,0,0
2288,0,null,0,0,0
2289,0,null,0,0,0
2290,0,null,0,0,0
2291,0,null,0,0,0
2292,0,null,0,0,0
2293,0,null,0,0,0
2294,0,null,0,0,0
2295,0,null,0,0,0
2296,23,pi+,1,1,0
2297,0,null,0,0,0
2298,0,null,0,0,0
2299,0,null,0,0,0
2331,0,null,0,0,0
2332,0,null,0,0,0
2333,0,null,0,0,0
2334,0,null,0,0,0
2335,0,null,0,0,0
2336,0,null,0,0,0
2337,0,null,0,0,0
2338,0,null,0,0,0
2339,0,null,0,0,0
2340,0,null,0,0,0
2341,0,null,0,0,0
2342,0,null,0,0,0
2343,0,null,0,0,0
2344,0,null,0,0,0
2345,0,null,0,0,0
2346,0,null,0,0,0
2347,0,null,0,0,0
2348,0,null,0,0,0
2349,0,null,0,0,0
2350,0,null,0,0,0
2351,0,null,0,0,0
2352,0,null,0,0,0
2353,0,null,0,0,0
2354,0,null,0,0,0
2355,0,null,0,0,0
2356,0,null,0,0,0
2357,1,primary_proton,1,1,1
2358,0,null,0,0,0
2359,0,null,0,0,0
2360,0,null,0,0,0
2361,0,null,0,0,0
2362,0,null,0,0,0
2363,1,primary_proton,1,1,1
2364,0,null,0,0,0
2365,1,primary_proton,1,1,1
2366,1,primary_proton,1,1,1
2367,0,null,0,0,0
2368,0,null,0,0,0
2369,0,null,0,0,0
2370,0,null,0,0,0
2371,0,null,0,0,0
2372,0,null,0,0,0
2373,0,null,0,0,0
2374,0,null,0,0,0
2375,0,null,0,0,0
2376,0,null,0,0,0
2377,0,null,0,0,0
2378,0,null,0,0,0
2379,0,null,0,0,0
2380,0,null,0,0,0
2381,0,null,0,0,0
2382,0,null,0,0,0
2383,0,null,0,0,0
2384,0,null,0,0,0
2385,0,null,0,0,0
2386,0,null,0,0,0
2387,0,null,0,0,0
2388,0,null,0,0,0
2389,0,null,0,0,0
2390,0,null,0,0,0
2391,0,null,0,0,0
2392,0,null,0,0,0
2393,0,null,0,0,0
2394,9,pi-,1,1,1
2395,0,null,0,0,0
2396,0,null,0,0,0
2397,0,null,0,0,0
2398,0,null,0,0,0
2399,0,null,0,0,0
2300,0,null,0,0,0
2301,0,null,0,0,0
2302,0,null,0,0,0
2303,0,null,0,0,0
2304,25,pi+,1,1,1
2305,0,null,0,0,0
2306,0,null,0,0,0
2307,0,null,0,0,0
2308,15,pi+,1,1,1
2309,0,null,0,0,0
2450,0,null,0,0,0
2451,1,primary_proton,1,1,1
2452,0,null,0,0,0
2453,0,null,0,0,0
2454,0,null,0,0,0
2455,0,null,0,0,0
2456,0,null,0,0,0
2457,0,null,0,0,0
2458,1,primary_proton,1,1,1
2459,0,null,0,0,0
2460,0,null,0,0,0
2461,0,null,0,0,0
2462,0,null,0,0,0
2463,0,null,0,0,0
2464,0,null,0,0,0
2465,0,null,0,0,0
2466,0,null,0,0,0
2467,0,null,0,0,0
2468,0,null,0,0,0
2469,0,null,0,0,0
2470,0,null,0,0,0
2471,0,null,0,0,0
2472,0,null,0,0,0
2473,0,null,0,0,0
2474,0,null,0,0,0
2475,0,null,0,0,0
2476,0,null,0,0,0
2477,0,null,0,0,0
2478,0,null,0,0,0
2479,0,null,0,0,0
2480,0,null,0,0,0
2481,0,null,0,0,0
2482,0,null,0,0,0
2483,0,null,0,0,0
2484,0,null,0,0,0
2485,0,null,0,0,0
2486,0,null,0,0,0
2487,0,null,0,0,0
2488,0,null,0,0,0
2489,0,null,0,0,0
2490,1,primary_proton,1,1,1
2491,0,null,0,0,0
2492,0,null,0,0,0
2493,0,null,0,0,0
2494,0,null,0,0,0
2495,0,null,0,0,0
2496,0,null,0,0,0
2497,0,null,0,0,0
2498,0,null,0,0,0
2499,0,null,0,0,0
2400,0,null,0,0,0
2401,0,null,0,0,0
2402,0,null,0,0,0
2403,28,pi+,1,1,0
2404,0,null,0,0,0
2405,0,null,0,0,0
2406,0,null,0,0,0
2407,0,null,0,0,0
2408,0,null,0,0,0
2409,0,null,0,0,0
2410,1,primary_proton,1,1,1
2411,0,null,0,0,0
2412,0,null,0,0,0
2413,0,null,0,0,0
2414,0,null,0,0,0
2415,0,null,0,0,0
2416,0,null,0,0,0
2417,0,null,0,0,0
2418,0,null,0,0,0
2419,5,pi+,1,1,1
2420,0,null,0,0,0
2421,0,null,0,0,0
2422,0,null,0,0,0
2423,0,null,0,0,0
2424,0,null,0,0,0
2425,0,null,0,0,0
2426,0,null,0,0,0
2427,0,null,0,0,0
2428,0,null,0,0,0
2429,0,null,0,0,0
2430,0,null,0,0,0
2431,0,null,0,0,0
2432,0,null,0,0,0
2433,0,null,0,0,0
2434,56,pi+,1,1,1
2435,0,null,0,0,0
2436,0,null,0,0,0
2437,0,null,0,0,0
2438,0,null,0,0,0
2439,0,null,0,0,0
2440,0,null,0,0,0
2441,0,null,0,0,0
2442,0,null,0,0,0
2443,0,null,0,0,0
2444,0,null,0,0,0
2445,0,null,0,0,0
2446,0,null,0,0,0
2447,1,primary_proton,1,1,1
2448,0,null,0,0,0
2449,0,null,0,0,0
2520,0,null,0,0,0
2521,0,null,0,0,0
2522,0,null,0,0,0
2523,1,primary_proton,1,1,1
2524,0,null,0,0,0
2525,0,null,0,0,0
2526,1,primary_proton,1,1,1
2527,0,null,0,0,0
2528,0,null,0,0,0
2529,0,null,0,0,0
2530,0,null,0,0,0
2531,0,null,0,0,0
2532,0,null,0,0,0
2533,0,null,0,0,0
2534,0,null,0,0,0
2535,0,null,0,0,0
2536,0,null,0,0,0
2537,0,null,0,0,0
2538,0,null,0,0,0
2539,0,null,0,0,0
2540,0,null,0,0,0
2541,0,null,0,0,0
2542,1,primary_proton,1,1,1
2543,0,null,0,0,0
2544,0,nulG4WT0 > l,0,0,0
2545,0,null,0,0,0
2546,0,null,0,0,0
2547,0,null,0,0,0
2548,0,null,0,0,0
2549,0,null,0,0,0
2550,0,null,0,0,0
2551,0,null,0,0,0
2552,0,null,0,0,0
2553,0,null,0,0,0
2554,0,null,0,0,0
2555,0,null,0,0,0
2556,0,null,0,0,0
2557,0,null,0,0,0
2558,0,null,0,0,0
2559,0,null,0,0,0
2560,0,null,0,0,0
2561,0,null,0,0,0
2562,0,null,0,0,0
2563,0,null,0,0,0
2564,0,null,0,0,0
2565,0,null,0,0,0
2566,0,null,0,0,0
2567,1,primary_proton,1,1,1
2568,6,secondary_proton,1,1,1
2569,0,null,0,0,0
2570,0,null,0,0,0
2571,0,null,0,0,0
2572,137,secondary_proton,1,0,0
2573,0,null,0,0,0
2574,0,null,0,0,0
2575,0,null,0,0,0
2576,0,null,0,0,0
2577,0,null,0,0,0
2578,0,null,0,0,0
2579,0,null,0,0,0
2580,0,null,0,0,0
2581,0,null,0,0,0
2582,0,null,0,0,0
2583,0,null,0,0,0
2584,0,null,0,0,0
2585,0,null,0,0,0
2586,0,null,0,0,0
2587,0,null,0,0,0
2588,0,null,0,0,0
2589,0,null,0,0,0
2660,0,null,0,0,0
2661,0,null,0,0,0
2662,0,null,0,0,0
2663,0,null,0,0,0
2664,0,null,0,0,0
2665,0,null,0,0,0
2666,0,null,0,0,0
2667,1,primary_proton,1,1,1
2668,1,primary_proton,1,1,1
2669,0,null,0,0,0
2670,0,null,0,0,0
2671,0,null,0,0,0
2672,0,null,0,0,0
2673,0,null,0,0,0
2674,0,null,0,0,0
2675,0,null,0,0,0
2676,0,null,0,0,0
2677,0,null,0,0,0
2678,0,null,0,0,0
2679,0,null,0,0,0
2680,0,null,0,0,0
2681,0,null,0,0,0
2682,0,null,0,0,0
2683,0,null,0,0,0
2684,0,null,0,0,0
2685,0,null,0,0,0
2686,0,null,0,0,0
2687,0,null,0,0,0
2688,0,null,0,0,0
2689,0,null,0,0,0
2690,0,null,0,0,0
2692,0,null,0,0,0
2693,0,null,0,0,0
2694,0,null,0,0,0
2695,0,null,0,0,0
2696,0,null,0,0,0
2697,0,null,0,0,0
2698,0,null,0,0,0
2699,0,null,0,0,0
2500,0,null,0,0,0
2501,0,null,0,0,0
2502,0,null,0,0,0
2503,0,null,0,0,0
2504,0,null,0,0,0
2505,0,null,0,0,0
2506,0,null,0,0,0
2507,0,null,0,0,0
2508,0,null,0,0,0
2509,0,null,0,0,0
2510,0,null,0,0,0
2511,0,null,0,0,0
2512,0,null,0,0,0
2513,0,null,0,0,0
2514,0,null,0,0,0
2515,1,primary_proton,1,1,1
2516,1,primary_proton,1,1,1
2517,0,null,0,0,0
2518,1,primary_proton,1,1,1
2519,0,null,0,0,0
2590,125,pi-,1,1,1
2591,0,null,0,0,0
2592,0,null,0,0,0
2593,0,null,0,0,0
2594,0,null,0,0,0
2595,0,null,0,0,0
2596,0,null,0,0,0
2597,6,secondary_proton,1,1,1
2598,1,primary_proton,1,1,1
2599,0,null,0,0,0
2600,0,null,0,0,0
2601,0,null,0,0,0
2602,0,null,0,0,0
2603,0,null,0,0,0
2604,0,null,0,0,0
2605,0,null,0,0,0
2606,0,null,0,0,0
2607,0,null,0,0,0
2608,0,null,0,0,0
2609,0,null,0,0,0
2610,0,null,0,0,0
2611,0,null,0,0,0
2612,0,null,0,0,0
2613,0,null,0,0,0
2614,0,null,0,0,0
2615,0,null,0,0,0
2616,0,null,0,0,0
2617,0,null,0,0,0
2618,0,null,0,0,0
2619,0,null,0,0,0
2620,0,null,0,0,0
2621,0,null,0,0,0
2622,0,null,0,0,0
2623,0,null,0,0,0
2624,0,null,0,0,0
2625,1,primary_proton,1,1,1
2626,0,null,0,0,0
2627,0,null,0,0,0
2628,0,null,0,0,0
2629,0,null,0,0,0
2630,14,secondary_proton,1,1,0
2631,0,null,0,0,0
2632,0,null,0,0,0
2633,0,null,0,0,0
2634,0,null,0,0,0
2635,0,null,0,0,0
2636,0,null,0,0,0
2637,0,null,0,0,0
2638,0,null,0,0,0
2639,0,null,0,0,0
2640,0,null,0,0,0
2641,0,null,0,0,0
2642,0,null,0,0,0
2643,0,null,0,0,0
2644,0,null,0,0,0
2645,0,null,0,0,0
2646,6,secondary_proton,1,1,1
2647,0,null,0,0,0
2648,0,null,0,0,0
2649,6,secondary_proton,1,1,1
2650,0,null,0,0,0
2651,0,null,0,0,0
2652,0,null,0,0,0
2653,0,null,0,0,0
2654,0,null,0,0,0
2655,0,null,0,0,0
2656,1,primary_proton,1,1,1
2657,7,pi-,1,1,1
2658,0,null,0,0,0
2659,0,null,0,0,0
2700,0,null,0,0,0
2701,0,null,0,0,0
2702,0,null,0,0,0
2703,0,null,0,0,0
2704,0,null,0,0,0
2705,0,null,0,0,0
2706,0,null,0,0,0
2707,1,primary_proton,1,1,1
2708,1,primary_proton,1,1,1
2709,0,null,0,0,0
2710,0,null,0,0,0
2711,0,null,0,0,0
2712,0,null,0,0,0
2713,0,null,0,0,0
2714,0,null,0,0,0
2715,0,null,0,0,0
2716,0,null,0,0,0
2717,0,null,0,0,0
2718,11,pi-,1,1,1
2719,0,null,0,0,0
2720,0,null,0,0,0
2721,0,null,0,0,0
2722,0,null,0,0,0
2723,0,null,0,0,0
2724,0,null,0,0,0
2725,0,null,0,0,0
2726,0,null,0,0,0
2727,0,null,0,0,0
2728,0,null,0,0,0
2729,1,primary_proton,1,1,1
2730,0,null,0,0,0
2731,0,null,0,0,0
2732,0,null,0,0,0
2733,0,null,0,0,0
2734,0,null,0,0,0
2735,0,null,0,0,0
2736,0,null,0,0,0
2737,0,null,0,0,0
2738,0,null,0,0,0
2739,0,null,0,0,0
2740,0,null,0,0,0
2741,0,null,0,0,0
2742,0,null,0,0,0
2743,111,pi+,1,1,1
2744,0,null,0,0,0
2745,0,null,0,0,0
2746,0,null,0,0,0
2747,0,null,0,0,0
2748,0,null,0,0,0
2749,0,null,0,0,0
2750,0,null,0,0,0
2751,0,null,0,0,0
2752,0,null,0,0,0
2753,0,null,0,0,0
2754,0,null,0,0,0
2755,1,primary_proton,1,1,1
2756,0,null,0,0,0
2757,0,null,0,0,0
2758,0,null,0,0,0
2759,0,null,0,0,0
2760,0,null,0,0,0
2761,0,null,0,0,0
2762,0,null,0,0,0
2763,0,null,0,0,0
2800,6,pi+,1,1,1
2801,0,null,0,0,0
2802,0,null,0,0,0
2803,0,null,0,0,0
2804,0,null,0,0,0
2805,0,null,0,0,0
2806,0,null,0,0,0
2807,0,null,0,0,0
2808,0,null,0,0,0
2809,0,null,0,0,0
2810,0,null,0,0,0
2811,0,null,0,0,0
2812,0,null,0,0,0
2813,0,null,0,0,0
2814,7,pi+,1,1,1
2815,0,null,0,0,0
2816,0,null,0,0,0
2817,0,null,0,0,0
2818,0,null,0,0,0
2819,0,null,0,0,0
2820,0,null,0,0,0
2821,0,null,0,0,0
2822,0,null,0,0,0
2823,0,null,0,0,0
2824,0,null,0,0,0
2825,0,null,0,0,0
2826,0,null,0,0,0
2827,0,null,0,0,0
2828,0,null,0,0,0
2829,0,null,0,0,0
2830,0,null,0,0,0
2831,0,null,0,0,0
2832,0,null,0,0,0
2833,0,null,0,0,0
2834,74,secondary_proton,1,1,0
2835,0,null,0,0,0
2836,0,null,0,0,0
2837,0,null,0,0,0
2838,0,null,0,0,0
2839,0,null,0,0,0
2840,0,null,0,0,0
2841,0,null,0,0,0
2842,0,null,0,0,0
2843,0,null,0,0,0
2844,0,null,0,0,0
2845,0,null,0,0,0
2846,1,primary_proton,1,1,1
2847,0,null,0,0,0
2848,0,null,0,0,0
2849,0,null,0,0,0
2850,0,null,0,0,0
2851,0,null,0,0,0
2852,0,null,0,0,0
2853,0,null,0,0,0
2854,0,null,0,0,0
2855,0,null,0,0,0
2856,0,null,0,0,0
2857,1,primary_proton,1,1,1
2858,0,null,0,0,0
2859,0,null,0,0,0
2860,0,null,0,0,0
2861,0,null,0,0,0
2862,0,null,0,0,0
2863,0,null,0,0,0
2864,0,null,0,0,0
2865,0,null,0,0,0
2866,0,null,0,0,0
2867,0,null,0,0,0
2868,0,null,0,0,0
2869,0,null,0,0,0
2940,0,null,0,0,0
2941,0,null,0,0,0
2764,0,null,0,0,0
2765,0,null,0,0,0
2766,0,null,0,0,0
2767,0,null,0,0,0
2768,0,null,0,0,0
2769,0,null,0,0,0
2770,0,null,0,0,0
2771,0,null,0,0,0
2772,0,null,0,0,0
2773,0,null,0,0,0
2774,0,null,0,0,0
2775,0,null,0,0,0
2776,0,null,0,0,0
2777,0,null,0,0,0
2778,0,null,0,0,0
2779,0,null,0,0,0
2780,0,null,0,0,0
2781,0,null,0,0,0
2782,0,null,0,0,0
2783,0,null,0,0,0
2784,0,null,0,0,0
2785,0,null,0,0,0
2786,0,null,0,0,0
2787,0,null,0,0,0
2788,0,null,0,0,0
2789,0,null,0,0,0
2790,1877,secondary_proton,1,1,1
2791,0,null,0,0,0
2792,2241,secondary_proton,1,1,1
2793,0,null,0,0,0
2794,0,null,0,0,0
2795,0,null,0,0,0
2796,0,null,0,0,0
2797,0,null,0,0,0
2798,0,null,0,0,0
2799,0,null,0,0,0
2870,0,null,0,0,0
2871,0,null,0,0,0
2872,0,null,0,0,0
2873,0,null,0,0,0
2874,0,null,0,0,0
2875,0,null,0,0,0
2876,11,pi-,1,1,1
2877,0,null,0,0,0
2878,0,null,0,0,0
2879,0,null,0,0,0
2880,0,null,0,0,0
2881,0,null,0,0,0
2882,0,null,0,0,0
2883,1,primary_proton,1,1,1
2884,0,null,0,0,0
2885,0,null,0,0,0
2886,0,null,0,0,0
2887,0,null,0,0,0
2888,510,pi-,1,1,1
2889,0,null,0,0,0
2890,0,null,0,0,0
2891,0,null,0,0,0
2892,0,null,0,0,0
2893,0,null,0,0,0
2894,0,null,0,0,0
2895,0,null,0,0,0
2896,0,null,0,0,0
2897,0,null,0,0,0
2898,9,pi-,1,1,1
2899,0,null,0,0,0
2942,0,null,0,0,0
2943,0,null,0,0,0
2944,0,null,0,0,0
2945,0,null,0,0,0
2946,0,null,0,0,0
2947,0,null,0,0,0
2948,0,null,0,0,0
2949,0,null,0,0,0
2950,0,null,0,0,0
2951,0,null,0,0,0
2952,0,null,0,0,0
2953,0,null,0,0,0
2954,0,null,0,0,0
2955,0,null,0,0,0
2956,0,null,0,0,0
2957,0,null,0,0,0
2958,0,null,0,0,0
2959,5,secondary_proton,1,1,1
2960,0,null,0,0,0
2961,0,null,0,0,0
2962,0,null,0,0,0
2963,0,null,0,0,0
2964,0,null,0,0,0
2965,0,null,0,0,0
2966,0,null,0,0,0
2967,0,null,0,0,0
2968,0,null,0,0,0
2969,0,null,0,0,0
2970,0,null,0,0,0
2971,0,null,0,0,0
2972,8,secondary_proton,1,1,1
2973,0,null,0,0,0
2974,0,null,0,0,0
2975,0,null,0,0,0
2976,0,null,0,0,0
2977,0,null,0,0,0
2978,0,null,0,0,0
2979,0,null,0,0,0
2980,0,null,0,0,0
2981,0,null,0,0,0
2982,0,null,0,0,0
2983,0,null,0,0,0
2984,0,null,0,0,0
2985,22,pi-,1,0,0
2986,0,null,0,0,0
2987,0,null,0,0,0
2988,0,null,0,0,0
2989,0,null,0,0,0
2990,3,secondary_proton,1,1,0
2991,0,null,0,0,0
2992,0,null,0,0,0
2993,0,null,0,0,0
2994,0,null,0,0,0
2995,0,null,0,0,0
2996,0,null,0,0,0
2997,0,null,0,0,0
2998,0,null,0,0,0
2999,0,null,0,0,0
2900,0,null,0,0,0
2901,0,null,0,0,0
2902,0,null,0,0,0
2903,0,null,0,0,0
2904,0,null,0,0,0
2905,157,e-,1,1,1
2906,0,null,0,0,0
2907,0,null,0,0,0
2908,0,null,0,0,0
2909,1,primary_proton,1,1,1
2910,0,null,0,0,0
2911,21,pi-,1,1,1
2912,0,null,0,0,0
2913,0,null,0,0,0
2914,0,null,0,0,0
2915,0,null,0,0,0
2916,0,null,0,0,0
2917,1,primary_proton,1,1,0
2918,0,null,0,0,0
2919,0,null,0,0,0
2920,0,null,0,0,0
2921,0,null,0,0,0
2922,0,null,0,0,0
2923,0,null,0,0,0
2924,0,null,0,0,0
2925,0,null,0,0,0
2926,0,null,0,0,0
2927,0,null,0,0,0
2928,0,null,0,0,0
2929,0,null,0,0,0
2930,0,null,0,0,0
2931,0,null,0,0,0
2932,0,null,0,0,0
2933,0,null,0,0,0
2934,0,null,0,0,0
2935,0,null,0,0,0
2936,0,null,0,0,0
2937,0,null,0,0,0
2938,0,null,0,0,0
2939,0,null,0,0,0
3010,0,null,0,0,0
3011,0,null,0,0,0
3012,0,null,0,0,0
3013,0,null,0,0,0
3014,0,null,0,0,0
3015,0,null,0,0,0
3016,0,null,0,0,0
3017,0,null,0,0,0
3018,0,null,0,0,0
3019,0,null,0,0,0
3020,0,null,0,0,0
3021,0,null,0,0,0
3022,0,null,0,0,0
3023,0,null,0,0,0
3024,0,null,0,0,0
3025,0,null,0,0,0
3026,0,null,0,0,0
3027,0,null,0,0,0
3028,0,null,0,0,0
3029,0,null,0,0,0
3000,0,null,0,0,0
3001,0,null,0,0,0
3002,0,null,0,0,0
3003,0,null,0,0,0
3004,0,null,0,0,0
3005,0,null,0,0,0
3006,0,null,0,0,0
3007,9,pi-,1,1,1
3008,0,null,0,0,0
3009,0,null,0,0,0
3080,0,null,0,0,0
3081,0,null,0,0,0
3082,0,null,0,0,0
3083,0,null,0,0,0
3084,0,null,0,0,0
3085,0,null,0,0,0
3086,1,primary_proton,1,1,1
3087,0,null,0,0,0
3088,8,pi+,1,1,1
3089,0,null,0,0,0
3090,0,null,0,0,0
3091,0,null,0,0,0
3092,0,null,0,0,0
3093,0,null,0,0,0
3094,0,null,0,0,0
3095,0,null,0,0,0
3096,0,null,0,0,0
3097,0,null,0,0,0
3098,0,null,0,0,0
3099,0,null,0,0,0
3100,0,null,0,0,0
3101,11,pi+,1,1,1
3102,0,null,0,0,0
3103,0,null,0,0,0
3104,0,null,0,0,0
3105,0,null,0,0,0
3106,0,null,0,0,0
3107,0,null,0,0,0
3108,0,null,0,0,0
3109,0,null,0,0,0
3110,0,null,0,0,0
3111,0,null,0,0,0
3112,0,null,0,0,0
3113,0,null,0,0,0
3114,0,null,0,0,0
3115,0,null,0,0,0
3116,0,null,0,0,0
3117,0,null,0,0,0
3118,0,null,0,0,0
3119,0,null,0,0,0
3120,1,primary_proton,1,1,1
3121,0,null,0,0,0
3122,0,null,0,0,0
3123,0,null,0,0,0
3124,0,null,0,0,0
3125,0,null,0,0,0
3126,0,null,0,0,0
3127,0,null,0,0,0
3128,0,null,0,0,0
3129,0,null,0,0,0
3130,7,pi+,1,1,1
3131,0,null,0,0,0
3132,0,null,0,0,0
3133,0,null,0,0,0
3134,0,null,0,0,0
3135,0,null,0,0,0
3136,0,null,0,0,0
3137,0,null,0,0,0
3138,0,null,0,0,0
3139,0,null,0,0,0
3140,0,null,0,0,0
3141,0,null,0,0,0
3142,0,null,0,0,0
3143,0,null,0,0,0
3144,0,null,0,0,0
3145,0,null,0,0,0
3146,0,null,0,0,0
3147,0,null,0,0,0
3148,0,null,0,0,0
3149,0,null,0,0,0
3150,0,null,0,0,0
3151,0,null,0,0,0
3152,0,null,0,0,0
3153,0,null,0,0,0
3154,0,null,0,0,0
3155,0,null,0,0,0
3156,0,null,0,0,0
3157,0,null,0,0,0
3158,0,null,0,0,0
3159,27,secondary_proton,1,1,1
3031,0,null,0,0,0
3032,0,null,0,0,0
3033,0,null,0,0,0
3034,0,null,0,0,0
3035,0,null,0,0,0
3036,0,null,0,0,0
3037,15,pi+,1,1,1
3038,0,null,0,0,0
3039,0,null,0,0,0
3040,0,null,0,0,0
3041,52,pi-,1,1,1
3042,10,secondary_proton,1,1,1
3043,0,null,0,0,0
3044,0,null,0,0,0
3045,0,null,0,0,0
3046,0,null,0,0,0
3047,0,null,0,0,0
3048,0,null,0,0,0
3049,0,null,0,0,0
3050,0,null,0,0,0
3051,0,null,0,0,0
3052,0,null,0,0,0
3053,0,null,0,0,0
3054,0,null,0,0,0
3055,27,secondary_proton,1,1,1
3056,0,null,0,0,0
3057,0,null,0,0,0
3058,0,null,0,0,0
3059,0,null,0,0,0
3060,1,primary_proton,1,1,1
3061,0,null,0,0,0
3062,0,null,0,0,0
3063,0,null,0,0,0
3064,0,null,0,0,0
3065,0,null,0,0,0
3066,0,null,0,0,0
3067,0,null,0,0,0
3068,0,null,0,0,0
3069,0,null,0,0,0
3070,0,null,0,0,0
3071,0,null,0,0,0
3072,0,null,0,0,0
3073,0,null,0,0,0
3074,0,null,0,0,0
3075,0,null,0,0,0
3076,0,null,0,0,0
3077,0,null,0,0,0
3078,1,primary_proton,1,1,1
3079,0,null,0,0,0
3220,0,null,0,0,0
3221,0,null,0,0,0
3222,0,null,0,0,0
3223,0,null,0,0,0
3224,0,null,0,0,0
3225,0,null,0,0,0
3226,0,null,0,0,0
3227,0,null,0,0,0
3160,6,pi+,1,1,1
3161,1,primary_proton,1,1,1
3162,0,null,0,0,0
3163,0,null,0,0,0
3164,0,null,0,0,0
3165,0,null,0,0,0
3166,0,null,0,0,0
3167,0,null,0,0,0
3168,0,null,0,0,0
3169,0,null,0,0,0
3170,0,null,0,0,0
3171,0,null,0,0,0
3172,0,null,0,0,0
3173,0,null,0,0,0
3174,0,null,0,0,0
3175,0,null,0,0,0
3176,0,null,0,0,0
3177,0,null,0,0,0
3178,0,null,0,0,0
3179,0,null,0,0,0
3180,0,null,0,0,0
3181,0,null,0,0,0
3182,0,null,0,0,0
3183,0,null,0,0,0
3184,0,null,0,0,0
3185,0,null,0,0,0
3186,0,null,0,0,0
3187,0,null,0,0,0
3188,0,null,0,0,0
3189,1826,e-,1,1,0
3190,0,null,0,0,0
3191,0,null,0,0,0
3192,0,null,0,0,0
3193,0,null,0,0,0
3194,0,null,0,0,0
3195,0,null,0,0,0
3196,0,null,0,0,0
3197,0,null,0,0,0
3198,0,null,0,0,0
3199,0,null,0,0,0
3200,0,null,0,0,0
3201,0,null,0,0,0
3202,0,null,0,0,0
3203,0,null,0,0,0
3204,0,null,0,0,0
3205,170,pi+,1,1,1
3206,0,null,0,0,0
3207,0,null,0,0,0
3208,0,null,0,0,0
3209,156,secondary_proton,1,1,1
3210,0,null,0,0,0
3211,0,null,0,0,0
3212,0,null,0,0,0
3213,0,null,0,0,0
3214,0,null,0,0,0
3215,0,null,0,0,0
3216,0,null,0,0,0
3217,0,null,0,0,0
3218,0,null,0,0,0
3219,0,null,0,0,0
3360,0,null,0,0,0
3361,0,null,0,0,0
3362,0,null,0,0,0
3363,5,secondary_proton,1,1,1
3364,5,secondary_proton,1,1,0
3365,0,null,0,0,0
3366,0,null,0,0,0
3367,0,null,0,0,0
3368,0,null,0,0,0
3369,0,null,0,0,0
3370,0,null,0,0,0
3371,0,null,0,0,0
3372,1,primary_proton,1,1,1
3373,0,null,0,0,0
3374,0,null,0,0,0
3375,0,null,0,0,0
3376,0,null,0,0,0
3377,0,null,0,0,0
3378,1,primary_proton,1,1,1
3379,1,primary_proton,1,1,1
3380,0,null,0,0,0
3381,0,null,0,0,0
3382,0,null,0,0,0
3383,0,null,0,0,0
3384,0,null,0,0,0
3385,0,null,0,0,0
3386,0,null,0,0,0
3387,0,null,0,0,0
3388,0,null,0,0,0
3389,0,null,0,0,0
3390,0,null,0,0,0
3391,0,null,0,0,0
3392,0,null,0,0,0
3393,0,null,0,0,0
3394,0,null,0,0,0
3395,5,secondary_proton,1,1,1
3396,0,null,0,0,0
3397,0,null,0,0,0
3398,0,null,0,0,0
3399,1,primary_proton,1,1,1
3228,213,e-,1,1,1
3229,0,null,0,0,0
3230,0,null,0,0,0
3231,0,null,0,0,0
3232,0,null,0,0,0
3233,1,primary_proton,1,1,1
3234,0,null,0,0,0
3235,0,null,0,0,0
3236,0,null,0,0,0
3237,0,null,0,0,0
3238,0,null,0,0,0
3239,0,null,0,0,0
3240,0,null,0,0,0
3241,0,null,0,0,0
3242,0,null,0,0,0
3243,0,null,0,0,0
3244,0,null,0,0,0
3245,0,null,0,0,0
3246,0,null,0,0,0
3247,0,null,0,0,0
3248,0,null,0,0,0
3249,0,null,0,0,0
3250,0,null,0,0,0
3251,0,null,0,0,0
3252,0,null,0,0,0
3253,0,null,0,0,0
3254,0,null,0,0,0
3255,0,null,0,0,0
3256,0,null,0,0,0
3257,0,null,0,0,0
3258,0,null,0,0,0
3259,0,null,0,0,0
3260,0,null,0,0,0
3261,0,null,0,0,0
3262,0,null,0,0,0
3263,0,null,0,0,0
3264,0,null,0,0,0
3265,0,null,0,0,0
3266,0,null,0,0,0
3267,0,null,0,0,0
3268,0,null,0,0,0
3269,0,null,0,0,0
3270,0,null,0,0,0
3271,0,null,0,0,0
3272,0,null,0,0,0
3273,0,null,0,0,0
3274,0,null,0,0,0
3275,0,null,0,0,0
3276,0,null,0,0,0
3277,17,pi-,1,0,0
3278,0,null,0,0,0
3279,0,null,0,0,0
3280,0,null,0,0,0
3281,0,null,0,0,0
3282,0,null,0,0,0
3283,0,null,0,0,0
3284,0,null,0,0,0
3285,0,null,0,0,0
3286,0,null,0,0,0
3287,0,null,0,0,0
3288,0,null,0,0,0
3289,0,null,0,0,0
3290,0,null,0,0,0
3291,0,null,0,0,0
3292,0,null,0,0,0
3293,0,null,0,0,0
3294,374,e+,1,1,1
3295,0,null,0,0,0
3296,0,null,0,0,0
3297,0,null,0,0,0
3298,0,null,0,0,0
3299,0,null,0,0,0
3400,0,null,0,0,0
3401,0,null,0,0,0
3402,0,null,0,0,0
3403,0,null,0,0,0
3404,0,null,0,0,0
3405,0,null,0,0,0
3406,0,null,0,0,0
3407,0,null,0,0,0
3408,0,null,0,0,0
3409,0,null,0,0,0
3410,0,null,0,0,0
3411,0,null,0,0,0
3412,0,null,0,0,0
3413,7,pi-,1,1,1
3414,0,null,0,0,0
3415,0,null,0,0,0
3416,0,null,0,0,0
3417,0,null,0,0,0
3418,0,null,0,0,0
3419,0,null,0,0,0
3420,0,null,0,0,0
3421,0,null,0,0,0
3422,0,null,0,0,0
3423,0,null,0,0,0
3424,0,null,0,0,0
3425,0,null,0,0,0
3426,0,null,0,0,0
3427,0,null,0,0,0
3428,0,null,0,0,0
3429,0,null,0,0,0
3430,9,pi-,1,1,1
3431,0,null,0,0,0
3432,0,null,0,0,0
3433,0,null,0,0,0
3434,0,null,0,0,0
3435,0,null,0,0,0
3436,0,null,0,0,0
3437,0,null,0,0,0
3438,0,null,0,0,0
3439,0,null,0,0,0
3440,0,null,0,0,0
3441,0,null,0,0,0
3442,0,null,0,0,0
3443,0,null,0,0,0
3444,0,null,0,0,0
3445,0,null,0,0,0
3446,0,null,0,0,0
3447,0,null,0,0,0
3448,0,null,0,0,0
3449,0,null,0,0,0
3450,0,null,0,0,0
3451,0,null,0,0,0
3452,0,null,0,0,0
3453,0,null,0,0,0
3454,0,null,0,0,0
3455,0,null,0,0,0
3456,0,null,0,0,0
3457,0,null,0,0,0
3458,0,null,0,0,0
3459,0,null,0,0,0
3460,0,null,0,0,0
3461,0,null,0,0,0
3462,0,null,0,0,0
3463,0,null,0,0,0
3464,0,null,0,0,0
3465,0,null,0,0,0
3466,0,null,0,0,0
3467,0,null,0,0,0
3468,0,null,0,0,0
3469,0,null,0,0,0
3470,0,null,0,0,0
3471,0,null,0,0,0
3472,0,null,0,0,0
3473,0,null,0,0,0
3474,0,null,0,0,0
3475,0,null,0,0,0
3476,0,null,0,0,0
3477,0,null,0,0,0
3478,0,null,0,0,0
3479,0,null,0,0,0
3480,0,null,0,0,0
3481,0,null,0,0,0
3482,0,null,0,0,0
3483,0,null,0,0,0
3484,0,null,0,0,0
3485,0,null,0,0,0
3486,0,null,0,0,0
3487,1,primary_proton,1,1,1
3488,0,null,0,0,0
3489,0,null,0,0,0
3490,0,null,0,0,0
3491,0,null,0,0,0
3492,0,null,0,0,0
3493,0,null,0,0,0
3494,0,null,0,0,0
3495,0,null,0,0,0
3496,0,null,0,0,0
3497,0,null,0,0,0
3498,0,null,0,0,0
3499,0,null,0,0,0
3300,0,null,0,0,0
3301,0,null,0,0,0
3302,0,null,0,0,0
3303,0,null,0,0,0
3304,0,null,0,0,0
3305,0,null,0,0,0
3306,0,null,0,0,0
3307,0,null,0,0,0
3308,0,null,0,0,0
3309,0,null,0,0,0
3310,0,null,0,0,0
3311,0,null,0,0,0
3312,0,null,0,0,0
3313,0,null,0,0,0
3314,0,null,0,0,0
3315,0,null,0,0,0
3316,0,null,0,0,0
3317,0,null,0,0,0
3318,0,null,0,0,0
3319,0,null,0,0,0
3320,0,null,0,0,0
3321,0,null,0,0,0
3322,0,null,0,0,0
3323,0,null,0,0,0
3324,1,primary_proton,1,1,1
3325,0,null,0,0,0
3326,0,null,0,0,0
3327,0,null,0,0,0
3328,0,null,0,0,0
3329,0,null,0,0,0
3330,0,null,0,0,0
3331,0,null,0,0,0
3332,0,null,0,0,0
3333,0,null,0,0,0
3334,0,null,0,0,0
3335,0,null,0,0,0
3336,0,null,0,0,0
3337,0,null,0,0,0
3338,1,primary_proton,1,1,1
3339,0,null,0,0,0
3340,0,null,0,0,0
3341,0,null,0,0,0
3342,0,null,0,0,0
3343,0,null,0,0,0
3344,0,null,0,0,0
3345,0,null,0,0,0
3346,0,null,0,0,0
3347,0,null,0,0,0
3348,0,null,0,0,0
3349,0,null,0,0,0
3350,0,null,0,0,0
3351,0,null,0,0,0
3352,0,null,0,0,0
3353,0,null,0,0,0
3354,0,null,0,0,0
3355,0,null,0,0,0
3356,0,null,0,0,0
3357,0,null,0,0,0
3358,0,null,0,0,0
3359,0,null,0,0,0
3570,0,null,0,0,0
3571,0,null,0,0,0
3572,0,null,0,0,0
3573,0,null,0,0,0
3574,0,null,0,0,0
3575,0,null,0,0,0
3576,0,null,0,0,0
3577,0,null,0,0,0
3578,0,null,0,0,0
3579,0,null,0,0,0
3580,0,null,0,0,0
3581,0,null,0,0,0
3582,0,null,0,0,0
3583,0,null,0,0,0
3584,0,null,0,0,0
3585,0,null,0,0,0
3586,0,null,0,0,0
3587,0,null,0,0,0
3588,0,null,0,0,0
3589,0,null,0,0,0
3590,147,e-,1,1,1
3591,0,null,0,0,0
3592,0,null,0,0,0
3593,0,null,0,0,0
3594,0,null,0,0,0
3595,0,null,0,0,0
3596,0,null,0,0,0
3597,0,null,0,0,0
3598,0,null,0,0,0
3599,0,null,0,0,0
3500,0,null,0,0,0
3501,0,null,0,0,0
3502,0,null,0,0,0
3503,0,null,0,0,0
3504,0,null,0,0,0
3505,0,null,0,0,0
3506,0,null,0,0,0
3507,0,null,0,0,0
3508,0,null,0,0,0
3509,0,null,0,0,0
3510,0,null,0,0,0
3511,0,null,0,0,0
3512,0,null,0,0,0
3513,6,pi-,1,1,1
3514,0,null,0,0,0
3515,0,null,0,0,0
3516,0,null,0,0,0
3517,0,null,0,0,0
3518,0,null,0,0,0
3519,0,null,0,0,0
3520,0,null,0,0,0
3521,0,null,0,0,0
3522,0,null,0,0,0
3523,0,null,0,0,0
3524,0,null,0,0,0
3525,0,null,0,0,0
3526,0,null,0,0,0
3527,0,null,0,0,0
3528,0,null,0,0,0
3529,0,null,0,0,0
3530,3,secondary_proton,1,1,1
3531,0,null,0,0,0
3532,0,null,0,0,0
3533,0,null,0,0,0
3534,9,secondary_proton,1,1,1
3535,0,null,0,0,0
3536,0,null,0,0,0
3537,0,null,0,0,0
3538,0,null,0,0,0
3539,0,null,0,0,0
3540,0,null,0,0,0
3541,0,null,0,0,0
3542,0,null,0,0,0
3543,0,null,0,0,0
3544,0,null,0,0,0
3545,4,secondary_proton,1,1,1
3546,9,pi-,1,1,1
3547,0,null,0,0,0
3548,0,null,0,0,0
3549,0,null,0,0,0
3550,0,null,0,0,0
3551,0,null,0,0,0
3552,0,null,0,0,0
3553,0,null,0,0,0
3554,0,null,0,0,0
3555,1,primary_proton,1,1,1
3556,0,null,0,0,0
3557,0,null,0,0,0
3558,0,null,0,0,0
3559,0,null,0,0,0
3560,0,null,0,0,0
3561,0,null,0,0,0
3562,0,null,0,0,0
3563,0,null,0,0,0
3564,0,null,0,0,0
3565,0,null,0,0,0
3566,0,null,0,0,0
3567,0,null,0,0,0
3568,1,primary_proton,1,1,1
3569,0,null,0,0,0
3640,0,null,0,0,0
3641,16,pi+,1,1,1
3642,0,null,0,0,0
3643,0,null,0,0,0
3644,0,null,0,0,0
3645,0,null,0,0,0
3646,0,null,0,0,0
3647,0,null,0,0,0
3648,0,null,0,0,0
3649,0,null,0,0,0
3650,0,null,0,0,0
3651,0,null,0,0,0
3652,0,null,0,0,0
3653,0,null,0,0,0
3654,0,null,0,0,0
3655,0,null,0,0,0
3656,0,null,0,0,0
3657,0,null,0,0,0
3658,0,null,0,0,0
3659,0,null,0,0,0
3660,0,null,0,0,0
3661,0,null,0,0,0
3662,0,null,0,0,0
3663,0,null,0,0,0
3664,0,null,0,0,0
3665,0,null,0,0,0
3666,0,null,0,0,0
3667,0,null,0,0,0
3668,0,null,0,0,0
3669,0,null,0,0,0
3670,0,null,0,0,0
3671,0,null,0,0,0
3672,0,null,0,0,0
3673,1,primary_proton,1,0,0
3674,0,null,0,0,0
3675,0,null,0,0,0
3676,0,null,0,0,0
3677,0,null,0,0,0
3678,0,null,0,0,0
3679,0,null,0,0,0
3680,0,null,0,0,0
3681,0,null,0,0,0
3682,0,null,0,0,0
3683,0,null,0,0,0
3684,0,null,0,0,0
3685,0,null,0,0,0
3686,0,null,0,0,0
3687,0,null,0,0,0
3688,9,secondary_proton,1,1,1
3689,0,null,0,0,0
3690,0,null,0,0,0
3691,0,null,0,0,0
3692,0,null,0,0,0
3693,0,null,0,0,0
3694,0,null,0,0,0
3695,0,null,0,0,0
3696,1,primary_proton,1,1,1
3697,0,null,0,0,0
3698,0,null,0,0,0
3699,0,null,0,0,0
3600,0,null,0,0,0
3601,0,null,0,0,0
3602,0,null,0,0,0
3603,0,null,0,0,0
3604,0,null,0,0,0
3605,2,secondary_proton,1,1,1
3606,0,null,0,0,0
3607,1,primary_proton,1,1,1
3608,0,null,0,0,0
3609,0,null,0,0,0
3610,0,null,0,0,0
3611,0,null,0,0,0
3612,0,null,0,0,0
3613,0,null,0,0,0
3614,0,null,0,0,0
3615,0,null,0,0,0
3616,0,null,0,0,0
3617,0,null,0,0,0
3618,0,null,0,0,0
3619,0,null,0,0,0
3620,0,null,0,0,0
3621,0,null,0,0,0
3622,0,null,0,0,0
3623,0,null,0,0,0
3624,0,null,0,0,0
3625,0,null,0,0,0
3626,0,null,0,0,0
3627,0,null,0,0,0
3628,0,null,0,0,0
3629,0,null,0,0,0
3630,0,null,0,0,0
3631,0,null,0,0,0
3632,0,null,0,0,0
3633,0,null,0,0,0
3634,0,null,0,0,0
3635,0,null,0,0,0
3636,0,null,0,0,0
3637,0,null,0,0,0
3638,731,e-,1,1,0
3639,0,null,0,0,0
3710,0,null,0,0,0
3711,458,pi+,1,1,1
3712,0,null,0,0,0
3713,0,null,0,0,0
3714,0,null,0,0,0
3715,0,null,0,0,0
3716,0,null,0,0,0
3717,0,null,0,0,0
3718,0,null,0,0,0
3719,0,null,0,0,0
3720,0,null,0,0,0
3721,0,null,0,0,0
3722,0,null,0,0,0
3723,0,null,0,0,0
3724,0,null,0,0,0
3725,0,null,0,0,0
3726,1,primary_proton,1,1,1
3727,0,null,0,0,0
3728,0,null,0,0,0
3729,0,null,0,0,0
3730,0,null,0,0,0
3731,0,null,0,0,0
3732,0,null,0,0,0
3733,0,null,0,0,0
3734,0,null,0,0,0
3735,0,null,0,0,0
3736,0,null,0,0,0
3737,0,null,0,0,0
3738,0,null,0,0,0
3739,0,null,0,0,0
3740,0,null,0,0,0
3741,0,null,0,0,0
3742,0,null,0,0,0
3743,0,null,0,0,0
3744,0,null,0,0,0
3745,0,null,0,0,0
3700,3,secondary_proton,1,1,1
3701,0,null,0,0,0
3702,0,null,0,0,0
3703,0,null,0,0,0
3704,0,null,0,0,0
3705,0,null,0,0,0
3706,0,null,0,0,0
3707,0,null,0,0,0
3708,0,null,0,0,0
3709,0,null,0,0,0
3780,0,null,0,0,0
3781,0,null,0,0,0
3782,0,null,0,0,0
3783,0,null,0,0,0
3784,0,null,0,0,0
3785,0,null,0,0,0
3786,0,null,0,0,0
3787,0,null,0,0,0
3788,0,null,0,0,0
3789,0,null,0,0,0
3790,0,null,0,0,0
3791,0,null,0,0,0
3792,0,null,0,0,0
3793,0,null,0,0,0
3794,1,primary_proton,1,1,1
3795,0,null,0,0,0
3796,0,null,0,0,0
3797,0,null,0,0,0
3798,0,null,0,0,0
3799,0,null,0,0,0
3747,9,pi-,1,1,1
3748,0,null,0,0,0
3749,0,null,0,0,0
3750,0,null,0,0,0
3751,0,null,0,0,0
3752,0,null,0,0,0
3753,0,null,0,0,0
3754,0,null,0,0,0
3755,0,null,0,0,0
3756,0,null,0,0,0
3757,0,null,0,0,0
3758,0,null,0,0,0
3759,0,null,0,0,0
3760,0,null,0,0,0
3761,0,null,0,0,0
3762,0,null,0,0,0
3763,0,null,0,0,0
3764,0,null,0,0,0
3765,0,null,0,0,0
3766,0,null,0,0,0
3767,0,null,0,0,0
3768,0,null,0,0,0
3769,5,secondary_proton,1,1,1
3770,0,null,0,0,0
3771,0,null,0,0,0
3772,0,null,0,0,0
3773,0,null,0,0,0
3774,0,null,0,0,0
3775,0,null,0,0,0
3776,0,null,0,0,0
3777,0,null,0,0,0
3778,0,null,0,0,0
3779,0,null,0,0,0
3850,0,null,0,0,0
3851,0,null,0,0,0
3852,0,null,0,0,0
3853,0,null,0,0,0
3854,1,primary_proton,1,1,1
3855,0,null,0,0,0
3856,0,null,0,0,0
3857,2249,pi-,1,0,0
3858,0,null,0,0,0
3859,0,null,0,0,0
3860,0,null,0,0,0
3861,0,null,0,0,0
3862,0,null,0,0,0
3863,0,null,0,0,0
3864,0,null,0,0,0
3865,0,null,0,0,0
3866,8,secondary_proton,1,1,1
3867,0,null,0,0,0
3868,0,null,0,0,0
3869,0,null,0,0,0
3870,0,null,0,0,0
3871,0,null,0,0,0
3872,0,null,0,0,0
3873,0,null,0,0,0
3874,0,null,0,0,0
3875,0,null,0,0,0
3876,0,null,0,0,0
3877,0,null,0,0,0
3878,2,secondary_proton,1,1,1
3879,0,null,0,0,0
3880,0,null,0,0,0
3881,0,null,0,0,0
3882,0,null,0,0,0
3883,0,null,0,0,0
3884,0,null,0,0,0
3885,0,null,0,0,0
3886,0,null,0,0,0
3887,0,null,0,0,0
3889,0,null,0,0,0
3890,0,null,0,0,0
3891,0,null,0,0,0
3892,0,null,0,0,0
3893,0,null,0,0,0
3894,0,null,0,0,0
3895,1,primary_proton,1,1,1
3896,0,null,0,0,0
3897,0,null,0,0,0
3898,0,null,0,0,0
3899,0,null,0,0,0
3900,0,null,0,0,0
3901,0,null,0,0,0
3902,0,null,0,0,0
3903,0,null,0,0,0
3904,0,null,0,0,0
3905,0,null,0,0,0
3906,0,null,0,0,0
3907,0,null,0,0,0
3908,0,null,0,0,0
3909,0,null,0,0,0
3910,0,null,0,0,0
3911,0,null,0,0,0
3912,0,null,0,0,0
3913,0,null,0,0,0
3914,0,null,0,0,0
3915,0,null,0,0,0
3916,0,null,0,0,0
3917,0,null,0,0,0
3918,0,null,0,0,0
3919,0,null,0,0,0
3990,0,null,0,0,0
3991,0,null,0,0,0
3992,0,null,0,0,0
3993,0,null,0,0,0
3994,0,null,0,0,0
3995,0,null,0,0,0
3996,0,null,0,0,0
3997,0,null,0,0,0
3998,0,null,0,0,0
3999,0,null,0,0,0
3800,0,null,0,0,0
3801,0,null,0,0,0
3802,0,null,0,0,0
3803,1,primary_proton,1,1,1
3804,6,secondary_proton,1,1,1
3805,0,null,0,0,0
3806,0,null,0,0,0
3807,0,null,0,0,0
3808,0,null,0,0,0
3809,0,null,0,0,0
3810,0,null,0,0,0
3811,0,null,0,0,0
3812,0,null,0,0,0
3813,0,null,0,0,0
3814,0,null,0,0,0
3815,0,null,0,0,0
3816,0,null,0,0,0
3817,0,null,0,0,0
3818,3270,e-,0,1,0
3819,0,null,0,0,0
3820,0,null,0,0,0
3821,0,null,0,0,0
3822,0,null,0,0,0
3823,0,null,0,0,0
3824,0,null,0,0,0
3825,0,null,0,0,0
3826,0,null,0,0,0
3827,0,null,0,0,0
3828,0,null,0,0,0
3829,0,null,0,0,0
3830,0,null,0,0,0
3831,0,null,0,0,0
3832,0,null,0,0,0
3833,0,null,0,0,0
3834,0,null,0,0,0
3835,0,null,0,0,0
3836,0,null,0,0,0
3837,0,null,0,0,0
3838,0,null,0,0,0
3839,0,null,0,0,0
3840,0,null,0,0,0
3841,0,null,0,0,0
3842,0,null,0,0,0
3843,0,null,0,0,0
3844,0,null,0,0,0
3845,0,null,0,0,0
3846,0,null,0,0,0
3847,0,null,0,0,0
3848,11,pi+,1,0,0
3849,0,null,0,0,0
3920,0,null,0,0,0
3921,0,null,0,0,0
3922,0,null,0,0,0
3923,0,null,0,0,0
3924,0,null,0,0,0
3925,1,primary_proton,1,1,1
3926,0,null,0,0,0
3927,0,null,0,0,0
3928,0,null,0,0,0
3929,0,null,0,0,0
3930,0,null,0,0,0
3931,0,null,0,0,0
3932,1,primary_proton,1,1,1
3933,6037,e+,1,0,0
3934,1,primary_proton,1,1,1
3935,0,null,0,0,0
3936,0,null,0,0,0
3937,0,null,0,0,0
3938,0,null,0,0,0
3939,0,null,0,0,0
3940,0,null,0,0,0
3941,0,null,0,0,0
3942,0,null,0,0,0
3943,0,null,0,0,0
4000,0,null,0,0,0
4001,0,null,0,0,0
4002,0,null,0,0,0
4003,0,null,0,0,0
4004,0,null,0,0,0
4005,0,null,0,0,0
4006,0,null,0,0,0
4007,0,null,0,0,0
4008,0,null,0,0,0
4009,0,null,0,0,0
4010,1,primary_proton,1,1,1
4011,0,null,0,0,0
4012,0,null,0,0,0
4013,0,null,0,0,0
4014,0,null,0,0,0
4015,0,null,0,0,0
4016,0,null,0,0,0
4017,0,null,0,0,0
4018,0,null,0,0,0
4019,0,null,0,0,0
4020,0,null,0,0,0
4021,0,null,0,0,0
4022,0,null,0,0,0
4023,0,null,0,0,0
4024,0,null,0,0,0
4025,0,null,0,0,0
4026,0,null,0,0,0
4027,0,null,0,0,0
4028,0,null,0,0,0
4029,0,null,0,0,0
4030,0,null,0,0,0
4031,0,null,0,0,0
4032,0,null,0,0,0
4033,0,null,0,0,0
4034,0,null,0,0,0
4035,0,null,0,0,0
4036,0,null,0,0,0
4037,0,null,0,0,0
4038,0,null,0,0,0
4039,0,null,0,0,0
4040,0,null,0,0,0
4041,0,null,0,0,0
4042,0,null,0,0,0
4043,0,null,0,0,0
4044,0,null,0,0,0
4045,0,null,0,0,0
4046,1,primary_proton,1,1,1
4047,0,null,0,0,0
4048,9,pi+,1,1,1
4049,0,null,0,0,0
4050,0,null,0,0,0
4051,0,null,0,0,0
4052,0,null,0,0,0
4053,0,null,0,0,0
4054,3,pi-,1,1,0
4055,0,null,0,0,0
4056,0,null,0,0,0
4057,0,null,0,0,0
4058,0,null,0,0,0
4059,0,null,0,0,0
4060,0,null,0,0,0
4061,0,null,0,0,0
4062,0,null,0,0,0
4063,0,null,0,0,0
4064,0,null,0,0,0
4065,0,null,0,0,0
4066,0,null,0,0,0
4067,0,null,0,0,0
4068,8,secondary_proton,1,1,1
4069,0,null,0,0,0
4070,0,null,0,0,0
4071,0,null,0,0,0
4072,0,null,0,0,0
4073,0,null,0,0,0
4074,0,null,0,0,0
4075,0,null,0,0,0
4076,1,primary_proton,1,1,1
4077,0,null,0,0,0
4078,0,null,0,0,0
4079,0,null,0,0,0
4080,0,null,0,0,0
4081,0,null,0,0,0
4082,0,null,0,0,0
4083,0,null,0,0,0
4084,0,null,0,0,0
4085,0,null,0,0,0
4086,0,null,0,0,0
4087,26,secondary_proton,1,0,0
4088,0,null,0,0,0
4089,0,null,0,0,0
4090,0,null,0,0,0
4091,0,null,0,0,0
4092,6,pi+,1,1,1
4093,0,null,0,0,0
4094,0,null,0,0,0
4095,0,null,0,0,0
4096,0,null,0,0,0
4097,0,null,0,0,0
4098,7,pi-,1,1,1
4099,0,null,0,0,0
3944,20,pi+,1,1,1
3945,0,null,0,0,0
3946,0,null,0,0,0
3947,0,null,0,0,0
3948,0,null,0,0,0
3949,0,null,0,0,0
3950,0,null,0,0,0
3951,8,pi-,1,0,0
3952,0,null,0,0,0
3953,0,null,0,0,0
3954,0,null,0,0,0
3955,0,null,0,0,0
3956,5,pi+,1,1,1
3957,0,null,0,0,0
3958,0,null,0,0,0
3959,0,null,0,0,0
3960,0,null,0,0,0
3961,0,null,0,0,0
3962,12,pi+,1,1,1
3963,0,null,0,0,0
3964,0,null,0,0,0
3965,0,null,0,0,0
3966,0,null,0,0,0
3967,0,null,0,0,0
3968,0,null,0,0,0
3969,0,null,0,0,0
3970,0,null,0,0,0
3971,0,null,0,0,0
3972,0,null,0,0,0
3973,0,null,0,0,0
3974,0,null,0,0,0
3975,0,null,0,0,0
3976,899,pi-,1,1,1
3977,0,null,0,0,0
3978,0,null,0,0,0
3979,0,null,0,0,0
3980,1,primary_proton,1,1,1
3981,1913,secondary_proton,1,1,1
3982,0,null,0,0,0
3983,0,null,0,0,0
3984,609,e-,0,1,0
3985,0,null,0,0,0
3986,0,null,0,0,0
3987,0,null,0,0,0
3988,0,null,0,0,0
3989,0,null,0,0,0
4130,0,null,0,0,0
4131,0,null,0,0,0
4132,6,secondary_proton,1,1,1
4100,0,null,0,0,0
4101,0,null,0,0,0
4102,0,null,0,0,0
4103,7,pi-,1,1,1
4104,0,null,0,0,0
4105,0,null,0,0,0
4106,0,null,0,0,0
4107,0,null,0,0,0
4108,0,null,0,0,0
4109,0,null,0,0,0
4110,0,null,0,0,0
4111,0,null,0,0,0
4112,0,null,0,0,0
4113,0,null,0,0,0
4114,0,null,0,0,0
4115,0,null,0,0,0
4116,0,null,0,0,0
4117,0,null,0,0,0
4118,0,null,0,0,0
4119,0,null,0,0,0
4120,0,null,0,0,0
4121,0,null,0,0,0
4122,0,null,0,0,0
4123,0,null,0,0,0
4124,0,null,0,0,0
4125,0,null,0,0,0
4126,0,null,0,0,0
4127,0,null,0,0,0
4128,27,pi-,1,1,1
4129,0,null,0,0,0
4200,1,primary_proton,1,1,1
4201,0,null,0,0,0
4202,0,null,0,0,0
4203,0,null,0,0,0
4204,0,null,0,0,0
4205,0,null,0,0,0
4206,0,null,0,0,0
4207,0,null,0,0,0
4208,0,null,0,0,0
4209,0,null,0,0,0
4210,0,null,0,0,0
4211,0,null,0,0,0
4212,0,null,0,0,0
4213,0,null,0,0,0
4214,0,null,0,0,0
4215,0,null,0,0,0
4216,0,null,0,0,0
4217,0,null,0,0,0
4218,0,null,0,0,0
4219,0,null,0,0,0
4220,0,null,0,0,0
4221,0,null,0,0,0
4222,0,null,0,0,0
4223,0,null,0,0,0
4224,0,null,0,0,0
4225,0,null,0,0,0
4226,0,null,0,0,0
4227,0,null,0,0,0
4228,0,null,0,0,0
4229,0,null,0,0,0
4230,0,null,0,0,0
4231,0,null,0,0,0
4232,0,null,0,0,0
4233,0,null,0,0,0
4234,0,null,0,0,0
4235,10,secondary_proton,1,1,1
4236,0,null,0,0,0
4237,8,secondary_proton,1,1,1
4238,0,null,0,0,0
4239,0,null,0,0,0
4240,0,null,0,0,0
4241,0,null,0,0,0
4242,0,null,0,0,0
4243,0,null,0,0,0
4244,0,null,0,0,0
4245,0,null,0,0,0
4246,0,null,0,0,0
4247,0,null,0,0,0
4248,0,null,0,0,0
4249,0,null,0,0,0
4250,0,null,0,0,0
4251,0,null,0,0,0
4252,0,null,0,0,0
4253,0,null,0,0,0
4254,0,null,0,0,0
4255,0,null,0,0,0
4256,0,null,0,0,0
4257,0,null,0,0,0
4258,0,null,0,0,0
4259,0,null,0,0,0
4260,0,null,0,0,0
4261,0,null,0,0,0
4262,0,null,0,0,0
4263,0,null,0,0,0
4264,1,primary_proton,1,1,1
4265,1,primary_proton,1,1,1
4266,0,null,0,0,0
4267,0,null,0,0,0
4268,0,null,0,0,0
4269,0,null,0,0,0
4270,0,null,0,0,0
4271,0,null,0,0,0
4272,0,null,0,0,0
4273,0,null,0,0,0
4274,0,null,0,0,0
4276,0,null,0,0,0
4277,0,null,0,0,0
4278,0,null,0,0,0
4279,0,null,0,0,0
4280,0,null,0,0,0
4281,0,null,0,0,0
4282,0,null,0,0,0
4283,0,null,0,0,0
4284,0,null,0,0,0
4285,0,null,0,0,0
4286,0,null,0,0,0
4287,0,null,0,0,0
4288,0,null,0,0,0
4289,0,null,0,0,0
4290,0,null,0,0,0
4291,0,null,0,0,0
4292,0,null,0,0,0
4293,0,null,0,0,0
4294,0,null,0,0,0
4295,1,primary_proton,1,1,1
4296,0,null,0,0,0
4297,0,null,0,0,0
4298,0,null,0,0,0
4299,0,null,0,0,0
4133,0,null,0,0,0
4134,0,null,0,0,0
4135,0,null,0,0,0
4136,0,null,0,0,0
4137,0,null,0,0,0
4138,0,null,0,0,0
4139,0,null,0,0,0
4140,0,null,0,0,0
4141,0,null,0,0,0
4142,0,null,0,0,0
4143,0,null,0,0,0
4144,2260,pi+,1,0,0
4145,0,null,0,0,0
4146,0,null,0,0,0
4147,0,null,0,0,0
4148,0,null,0,0,0
4149,0,null,0,0,0
4150,0,null,0,0,0
4151,0,null,0,0,0
4152,0,null,0,0,0
4153,0,null,0,0,0
4154,0,null,0,0,0
4155,1,primary_proton,1,1,1
4156,0,null,0,0,0
4157,0,null,0,0,0
4158,0,null,0,0,0
4159,0,null,0,0,0
4160,0,null,0,0,0
4161,0,null,0,0,0
4162,0,null,0,0,0
4163,0,null,0,0,0
4164,0,null,0,0,0
4165,0,null,0,0,0
4166,2,secondary_proton,1,0,0
4167,28,pi-,1,1,1
4168,0,null,0,0,0
4169,0,null,0,0,0
4170,0,null,0,0,0
4171,0,null,0,0,0
4172,0,null,0,0,0
4173,0,null,0,0,0
4174,0,null,0,0,0
4175,0,null,0,0,0
4176,0,null,0,0,0
4177,2,secondary_proton,1,0,0
4178,0,null,0,0,0
4179,0,null,0,0,0
4180,265,e+,1,1,1
4181,0,null,0,0,0
4182,0,null,0,0,0
4183,0,null,0,0,0
4184,0,null,0,0,0
4185,1,primary_proton,1,1,1
4186,0,null,0,0,0
4187,0,null,0,0,0
4188,0,null,0,0,0
4189,0,null,0,0,0
4190,0,null,0,0,0
4191,0,null,0,0,0
4192,0,null,0,0,0
4193,0,null,0,0,0
4194,0,null,0,0,0
4195,0,null,0,0,0
4196,0,null,0,0,0
4300,0,null,0,0,0
4301,0,null,0,0,0
4302,0,null,0,0,0
4303,0,null,0,0,0
4304,0,null,0,0,0
4305,0,null,0,0,0
4306,0,null,0,0,0
4307,0,null,0,0,0
4308,0,null,0,0,0
4309,0,null,0,0,0
4310,0,null,0,0,0
4311,0,null,0,0,0
4312,0,null,0,0,0
4313,0,null,0,0,0
4314,0,null,0,0,0
4315,0,null,0,0,0
4316,0,null,0,0,0
4317,0,null,0,0,0
4318,0,null,0,0,0
4319,0,null,0,0,0
4320,0,null,0,0,0
4321,0,null,0,0,0
4322,0,null,0,0,0
4323,0,null,0,0,0
4324,0,null,0,0,0
4325,0,null,0,0,0
4326,980,e+,1,1,1
4327,0,null,0,0,0
4328,0,null,0,0,0
4329,0,null,0,0,0
4330,0,null,0,0,0
4331,0,null,0,0,0
4332,0,null,0,0,0
4333,0,null,0,0,0
4334,0,null,0,0,0
4335,0,null,0,0,0
4336,0,null,0,0,0
4337,0,null,0,0,0
4338,0,null,0,0,0
4339,0,null,0,0,0
4340,0,null,0,0,0
4341,0,null,0,0,0
4342,0,null,0,0,0
4343,0,null,0,0,0
4344,0,null,0,0,0
4345,0,null,0,0,0
4346,0,null,0,0,0
4347,0,null,0,0,0
4348,0,null,0,0,0
4349,0,null,0,0,0
4350,0,null,0,0,0
4351,0,null,0,0,0
4352,0,null,0,0,0
4353,0,null,0,0,0
4354,0,null,0,0,0
4355,0,null,0,0,0
4356,0,null,0,0,0
4357,0,null,0,0,0
4358,0,null,0,0,0
4359,0,null,0,0,0
4360,0,null,0,0,0
4361,0,null,0,0,0
4362,0,null,0,0,0
4363,0,null,0,0,0
4364,9,pi-,1,1,1
4365,0,null,0,0,0
4366,0,null,0,0,0
4367,0,null,0,0,0
4368,0,null,0,0,0
4369,0,null,0,0,0
4370,0,null,0,0,0
4371,0,null,0,0,0
4372,0,null,0,0,0
4373,0,null,0,0,0
4374,1,primary_proton,1,1,1
4375,0,null,0,0,0
4376,0,null,0,0,0
4377,0,null,0,0,0
4378,0,null,0,0,0
4379,0,null,0,0,0
4380,323,secondary_proton,1,0,0
4381,0,null,0,0,0
4383,0,null,0,0,0
4384,0,null,0,0,0
4385,0,null,0,0,0
4386,0,null,0,0,0
4387,0,null,0,0,0
4388,0,null,0,0,0
4389,0,null,0,0,0
4390,0,null,0,0,0
4391,0,null,0,0,0
4392,0,null,0,0,0
4393,0,null,0,0,0
4394,0,null,0,0,0
4395,0,null,0,0,0
4396,0,null,0,0,0
4397,0,null,0,0,0
4398,0,null,0,0,0
4399,0,null,0,0,0
4197,0,null,0,0,0
4198,0,null,0,0,0
4199,0,null,0,0,0
4410,0,null,0,0,0
4411,0,null,0,0,0
4412,0,null,0,0,0
4413,0,null,0,0,0
4414,0,null,0,0,0
4415,0,null,0,0,0
4416,0,null,0,0,0
4417,1,primary_proton,1,1,1
4418,0,null,0,0,0
4419,0,null,0,0,0
4420,0,null,0,0,0
4421,0,null,0,0,0
4422,0,null,0,0,0
4423,230,pi-,0,1,1
4424,0,null,0,0,0
4425,0,null,0,0,0
4426,638,e-,1,0,0
4427,0,null,0,0,0
4428,0,null,0,0,0
4429,0,null,0,0,0
4430,0,null,0,0,0
4431,0,null,0,0,0
4432,0,null,0,0,0
4433,0,null,0,0,0
4434,0,null,0,0,0
4435,2357,e-,0,0,1
4436,0,null,0,0,0
4437,0,null,0,0,0
4438,0,null,0,0,0
4439,0,null,0,0,0
4440,0,null,0,0,0
4441,0,null,0,0,0
4442,0,null,0,0,0
4443,0,null,0,0,0
4444,0,null,0,0,0
4445,0,null,0,0,0
4446,0,null,0,0,0
4447,0,null,0,0,0
4448,0,null,0,0,0
4449,0,null,0,0,0
4450,0,null,0,0,0
4451,0,null,0,0,0
4452,0,null,0,0,0
4453,0,null,0,0,0
4454,0,null,0,0,0
4455,0,null,0,0,0
4456,0,null,0,0,0
4457,0,null,0,0,0
4458,0,null,0,0,0
4459,0,null,0,0,0
4460,7,pi+,1,1,1
4461,0,null,0,0,0
4462,0,null,0,0,0
4463,0,null,0,0,0
4464,0,null,0,0,0
4465,0,null,0,0,0
4466,0,null,0,0,0
4467,0,null,0,0,0
4468,0,null,0,0,0
4469,0,null,0,0,0
4470,0,null,0,0,0
4471,0,null,0,0,0
4472,0,null,0,0,0
4473,0,null,0,0,0
4474,0,null,0,0,0
4475,0,null,0,0,0
4476,0,null,0,0,0
4477,0,null,0,0,0
4478,0,null,0,0,0
4479,0,null,0,0,0
4550,0,null,0,0,0
4551,0,null,0,0,0
4552,0,null,0,0,0
4553,0,null,0,0,0
4554,0,null,0,0,0
4555,0,null,0,0,0
4556,0,null,0,0,0
4557,0,null,0,0,0
4558,0,null,0,0,0
4559,0,null,0,0,0
4560,0,null,0,0,0
4561,0,null,0,0,0
4562,0,null,0,0,0
4563,0,null,0,0,0
4564,0,null,0,0,0
4565,0,null,0,0,0
4566,0,null,0,0,0
4567,0,null,0,0,0
4568,0,null,0,0,0
4569,0,null,0,0,0
4570,0,null,0,0,0
4571,0,null,0,0,0
4572,0,null,0,0,0
4573,0,null,0,0,0
4574,1,primary_proton,1,1,1
4575,0,null,0,0,0
4576,0,null,0,0,0
4577,0,null,0,0,0
4578,0,null,0,0,0
4579,0,null,0,0,0
4580,0,null,0,0,0
4581,0,null,0,0,0
4582,0,null,0,0,0
4583,0,null,0,0,0
4584,0,null,0,0,0
4585,0,null,0,0,0
4586,0,null,0,0,0
4587,0,null,0,0,0
4588,0,null,0,0,0
4589,0,null,0,0,0
4590,0,null,0,0,0
4591,0,null,0,0,0
4592,0,null,0,0,0
4593,0,null,0,0,0
4594,0,null,0,0,0
4595,0,null,0,0,0
4596,0,null,0,0,0
4597,0,null,0,0,0
4598,0,null,0,0,0
4599,0,null,0,0,0
4400,1793,secondary_proton,1,1,1
4401,0,null,0,0,0
4402,0,null,0,0,0
4403,0,null,0,0,0
4404,1,primary_proton,1,1,1
4405,0,null,0,0,0
4406,0,null,0,0,0
4407,0,null,0,0,0
4408,0,null,0,0,0
4409,0,null,0,0,0
4480,0,null,0,0,0
4481,1181,e-,0,1,0
4482,0,null,0,0,0
4483,0,null,0,0,0
4484,0,null,0,0,0
4485,0,null,0,0,0
4486,0,null,0,0,0
4487,0,null,0,0,0
4488,0,null,0,0,0
4489,0,null,0,0,0
4490,0,null,0,0,0
4491,0,null,0,0,0
4492,0,null,0,0,0
4493,0,null,0,0,0
4494,0,null,0,0,0
4495,4,pi+,1,1,1
4496,7,pi-,1,1,1
4497,0,null,0,0,0
4498,0,null,0,0,0
4499,0,null,0,0,0
4600,0,null,0,0,0
4601,0,null,0,0,0
4602,0,null,0,0,0
4603,0,null,0,0,0
4604,0,null,0,0,0
4605,0,null,0,0,0
4606,0,null,0,0,0
4607,0,null,0,0,0
4608,0,null,0,0,0
4609,0,null,0,0,0
4610,0,null,0,0,0
4611,0,null,0,0,0
4612,0,null,0,0,0
4613,0,null,0,0,0
4614,0,null,0,0,0
4615,0,null,0,0,0
4616,0,null,0,0,0
4617,0,null,0,0,0
4618,0,null,0,0,0
4619,0,null,0,0,0
4620,0,null,0,0,0
4621,0,null,0,0,0
4622,0,null,0,0,0
4623,0,null,0,0,0
4624,0,null,0,0,0
4625,0,null,0,0,0
4626,0,null,0,0,0
4627,0,null,0,0,0
4628,0,null,0,0,0
4629,0,null,0,0,0
4630,0,null,0,0,0
4631,0,null,0,0,0
4632,0,null,0,0,0
4633,0,null,0,0,0
4634,1,primary_proton,1,1,1
4635,0,null,0,0,0
4636,0,null,0,0,0
4637,0,null,0,0,0
4638,0,null,0,0,0
4639,0,null,0,0,0
4640,0,null,0,0,0
4641,0,null,0,0,0
4642,0,null,0,0,0
4643,0,null,0,0,0
4644,0,null,0,0,0
4645,0,null,0,0,0
4646,0,null,0,0,0
4647,0,null,0,0,0
4648,0,null,0,0,0
4649,0,null,0,0,0
4650,0,null,0,0,0
4651,0,null,0,0,0
4652,0,null,0,0,0
4653,0,null,0,0,0
4654,0,null,0,0,0
4655,0,null,0,0,0
4656,8,secondary_proton,1,1,1
4657,0,null,0,0,0
4658,0,null,0,0,0
4659,0,null,0,0,0
4660,0,null,0,0,0
4661,0,null,0,0,0
4662,0,null,0,0,0
4663,1,primary_proton,1,1,1
4664,0,null,0,0,0
4665,0,null,0,0,0
4666,0,null,0,0,0
4667,0,null,0,0,0
4668,0,null,0,0,0
4669,0,null,0,0,0
4670,0,null,0,0,0
4671,0,null,0,0,0
4672,0,null,0,0,0
4673,0,null,0,0,0
4674,0,null,0,0,0
4675,0,null,0,0,0
4676,0,null,0,0,0
4677,0,null,0,0,0
4678,0,null,0,0,0
4679,0,null,0,0,0
4680,0,null,0,0,0
4681,0,null,0,0,0
4682,0,null,0,0,0
4683,0,null,0,0,0
4684,0,null,0,0,0
4685,0,null,0,0,0
4686,0,null,0,0,0
4687,0,null,0,0,0
4688,0,null,0,0,0
4689,0,null,0,0,0
4690,0,null,0,0,0
4691,0,null,0,0,0
4692,0,null,0,0,0
4693,0,null,0,0,0
4694,0,null,0,0,0
4695,0,null,0,0,0
4696,0,null,0,0,0
4697,0,null,0,0,0
4698,0,null,0,0,0
4699,0,null,0,0,0
4500,0,null,0,0,0
4501,0,null,0,0,0
4502,0,null,0,0,0
4503,0,null,0,0,0
4504,0,null,0,0,0
4505,0,null,0,0,0
4506,0,null,0,0,0
4507,0,null,0,0,0
4508,0,null,0,0,0
4509,0,null,0,0,0
4510,0,null,0,0,0
4511,0,null,0,0,0
4512,0,null,0,0,0
4513,0,null,0,0,0
4514,0,null,0,0,0
4515,0,null,0,0,0
4516,0,null,0,0,0
4517,0,null,0,0,0
4518,15,pi-,1,1,1
4519,0,null,0,0,0
4520,0,null,0,0,0
4521,0,null,0,0,0
4522,3,secondary_proton,1,1,1
4523,0,null,0,0,0
4524,0,null,0,0,0
4525,0,null,0,0,0
4526,0,null,0,0,0
4527,0,null,0,0,0
4528,0,null,0,0,0
4529,0,null,0,0,0
4530,0,null,0,0,0
4531,5,pi+,1,0,0
4532,0,null,0,0,0
4533,0,null,0,0,0
4534,1,primary_proton,1,0,0
4535,0,null,0,0,0
4536,0,null,0,0,0
4537,0,null,0,0,0
4538,0,null,0,0,0
4539,0,null,0,0,0
4540,0,null,0,0,0
4541,0,null,0,0,0
4542,0,null,0,0,0
4543,0,null,0,0,0
4544,0,null,0,0,0
4545,0,null,0,0,0
4546,0,null,0,0,0
4547,0,null,0,0,0
4548,0,null,0,0,0
4549,0,null,0,0,0
4760,0,null,0,0,0
4761,0,null,0,0,0
4762,0,null,0,0,0
4763,0,null,0,0,0
4764,0,null,0,0,0
4765,0,null,0,0,0
4766,0,null,0,0,0
4767,0,null,0,0,0
4768,0,null,0,0,0
4769,0,null,0,0,0
4770,0,null,0,0,0
4771,0,null,0,0,0
4772,0,null,0,0,0
4773,0,null,0,0,0
4774,0,null,0,0,0
4775,0,null,0,0,0
4776,0,null,0,0,0
4777,0,null,0,0,0
4778,0,null,0,0,0
4779,0,null,0,0,0
4780,0,null,0,0,0
4781,0,null,0,0,0
4782,0,null,0,0,0
4783,0,null,0,0,0
4784,0,null,0,0,0
4785,0,null,0,0,0
4786,0,null,0,0,0
4787,0,null,0,0,0
4788,0,null,0,0,0
4789,0,null,0,0,0
4790,0,null,0,0,0
4791,0,null,0,0,0
4792,0,null,0,0,0
4793,0,null,0,0,0
4794,0,null,0,0,0
4795,0,null,0,0,0
4796,0,null,0,0,0
4797,0,null,0,0,0
4798,0,null,0,0,0
4799,0,null,0,0,0
4700,0,null,0,0,0
4701,0,null,0,0,0
4702,0,null,0,0,0
4703,0,null,0,0,0
4704,0,null,0,0,0
4705,0,null,0,0,0
4706,0,null,0,0,0
4707,0,null,0,0,0
4708,0,null,0,0,0
4709,0,null,0,0,0
4710,0,null,0,0,0
4711,0,null,0,0,0
4712,0,null,0,0,0
4713,0,null,0,0,0
4714,0,null,0,0,0
4715,0,null,0,0,0
4716,0,null,0,0,0
4717,0,null,0,0,0
4718,0,null,0,0,0
4719,0,null,0,0,0
4720,0,null,0,0,0
4721,0,null,0,0,0
4722,0,null,0,0,0
4723,0,null,0,0,0
4724,0,null,0,0,0
4725,0,null,0,0,0
4726,0,null,0,0,0
4727,0,null,0,0,0
4728,0,null,0,0,0
4729,0,null,0,0,0
4730,0,null,0,0,0
4731,0,null,0,0,0
4732,0,null,0,0,0
4733,1,primary_proton,1,1,1
4734,11,pi-,1,1,1
4735,0,null,0,0,0
4736,0,null,0,0,0
4737,0,null,0,0,0
4738,0,null,0,0,0
4739,0,null,0,0,0
4740,0,null,0,0,0
4741,0,null,0,0,0
4742,0,null,0,0,0
4743,0,null,0,0,0
4744,0,null,0,0,0
4745,0,null,0,0,0
4746,0,null,0,0,0
4747,0,null,0,0,0
4748,0,null,0,0,0
4749,0,null,0,0,0
4750,0,null,0,0,0
4751,0,null,0,0,0
4752,0,null,0,0,0
4753,0,null,0,0,0
4754,0,null,0,0,0
4755,0,null,0,0,0
4756,0,null,0,0,0
4757,0,null,0,0,0
4758,0,null,0,0,0
4759,0,null,0,0,0
4830,0,null,0,0,0
4831,0,null,0,0,0
4832,0,null,0,0,0
4833,0,null,0,0,0
4834,0,null,0,0,0
4835,0,null,0,0,0
4836,1,primary_proton,1,1,1
4837,0,null,0,0,0
4838,0,null,0,0,0
4839,0,null,0,0,0
4840,0,null,0,0,0
4841,0,null,0,0,0
4842,0,null,0,0,0
4843,0,null,0,0,0
4844,0,null,0,0,0
4845,0,null,0,0,0
4846,0,null,0,0,0
4847,0,null,0,0,0
4848,0,null,0,0,0
4849,0,null,0,0,0
4800,0,null,0,0,0
4801,0,null,0,0,0
4802,0,null,0,0,0
4803,0,null,0,0,0
4804,0,null,0,0,0
4805,0,null,0,0,0
4806,0,null,0,0,0
4807,0,null,0,0,0
4808,1,primary_proton,1,1,1
4809,0,null,0,0,0
4810,0,null,0,0,0
4811,0,null,0,0,0
4812,0,null,0,0,0
4813,0,null,0,0,0
4814,0,null,0,0,0
4815,0,null,0,0,0
4816,0,null,0,0,0
4817,8,pi+,1,1,1
4818,0,null,0,0,0
4819,0,null,0,0,0
4820,0,null,0,0,0
4821,0,null,0,0,0
4822,0,null,0,0,0
4823,0,null,0,0,0
4824,0,null,0,0,0
4825,0,null,0,0,0
4826,0,null,0,0,0
4827,0,null,0,0,0
4828,0,null,0,0,0
4829,0,null,0,0,0
4900,0,null,0,0,0
4901,0,null,0,0,0
4902,0,null,0,0,0
4903,0,null,0,0,0
4904,0,null,0,0,0
4905,0,null,0,0,0
4906,0,null,0,0,0
4907,0,null,0,0,0
4908,0,null,0,0,0
4909,0,null,0,0,0
4910,0,null,0,0,0
4911,0,null,0,0,0
4912,0,null,0,0,0
4913,0,null,0,0,0
4914,0,null,0,0,0
4915,0,null,0,0,0
4916,0,null,0,0,0
4917,0,null,0,0,0
4918,0,null,0,0,0
4919,3486,pi-,1,1,1
4920,0,null,0,0,0
4921,0,null,0,0,0
4922,0,null,0,0,0
4923,0,null,0,0,0
4924,131,pi-,1,0,0
4925,0,null,0,0,0
4926,0,null,0,0,0
4927,0,null,0,0,0
4928,0,null,0,0,0
4929,0,null,0,0,0
4930,0,null,0,0,0
4931,0,null,0,0,0
4932,0,null,0,0,0
4933,0,null,0,0,0
4934,0,null,0,0,0
4935,0,null,0,0,0
4936,0,null,0,0,0
4937,0,null,0,0,0
4938,0,null,0,0,0
4939,0,null,0,0,0
4940,0,null,0,0,0
4941,0,null,0,0,0
4942,0,null,0,0,0
4943,0,null,0,0,0
4944,2,secondary_proton,1,1,1
4945,0,null,0,0,0
4946,0,null,0,0,0
4947,0,null,0,0,0
4948,0,null,0,0,0
4949,1,primary_proton,1,1,1
4950,0,null,0,0,0
4951,0,null,0,0,0
4952,0,null,0,0,0
4953,0,null,0,0,0
4954,0,null,0,0,0
4955,0,null,0,0,0
4956,0,null,0,0,0
4957,0,null,0,0,0
4958,0,null,0,0,0
4959,0,null,0,0,0
4960,0,null,0,0,0
4961,0,null,0,0,0
4962,0,null,0,0,0
4963,0,null,0,0,0
4964,0,null,0,0,0
4965,0,null,0,0,0
4966,0,null,0,0,0
4967,0,null,0,0,0
4968,0,null,0,0,0
4969,1,primary_proton,1,0,0
4970,0,null,0,0,0
4971,0,null,0,0,0
4972,0,null,0,0,0
4973,0,null,0,0,0
4974,0,null,0,0,0
4975,0,null,0,0,0
4976,0,null,0,0,0
4977,0,null,0,0,0
4978,1,primary_proton,1,1,1
4979,0,null,0,0,0
4980,0,null,0,0,0
4981,0,null,0,0,0
4982,0,null,0,0,0
4983,0,null,0,0,0
4984,0,null,0,0,0
4985,0,null,0,0,0
4986,0,null,0,0,0
4987,0,null,0,0,0
4988,0,null,0,0,0
4989,0,null,0,0,0
4990,0,null,0,0,0
4991,0,null,0,0,0
4992,0,null,0,0,0
4993,0,null,0,0,0
4994,0,null,0,0,0
4995,0,null,0,0,0
4996,0,null,0,0,0
4997,2585,secondary_proton,1,1,0
4998,4,secondary_proton,1,1,0
4999,0,null,0,0,0
4850,5,secondary_proton,1,1,1
4851,0,null,0,0,0
4852,0,null,0,0,0
4853,0,null,0,0,0
4854,0,null,0,0,0
4855,0,null,0,0,0
4856,0,null,0,0,0
4857,0,null,0,0,0
4858,0,null,0,0,0
4859,0,null,0,0,0
4860,0,null,0,0,0
4861,17,pi-,1,1,1
4862,0,null,0,0,0
4863,0,null,0,0,0
4864,0,null,0,0,0
4865,0,null,0,0,0
4866,0,null,0,0,0
4867,0,null,0,0,0
4868,0,null,0,0,0
4869,0,null,0,0,0
4870,0,null,0,0,0
4871,0,null,0,0,0
4872,0,null,0,0,0
4873,0,null,0,0,0
4874,0,null,0,0,0
4875,0,null,0,0,0
4876,0,null,0,0,0
4877,0,null,0,0,0
4878,0,null,0,0,0
4879,0,null,0,0,0
4880,1,primary_proton,1,1,1
4881,0,null,0,0,0
4882,0,null,0,0,0
4883,0,null,0,0,0
4884,0,null,0,0,0
4885,0,null,0,0,0
4886,0,null,0,0,0
4887,0,null,0,0,0
4888,0,null,0,0,0
4889,0,null,0,0,0
4890,0,null,0,0,0
4891,1,primary_proton,1,1,1
4892,11,pi+,1,1,1
4893,0,null,0,0,0
4894,0,null,0,0,0
4895,0,null,0,0,0
4896,0,null,0,0,0
4897,0,null,0,0,0
4898,0,null,0,0,0
4899,0,null,0,0,0
70,0,null,0,0,0
71,0,null,0,0,0
72,0,null,0,0,0
73,0,null,0,0,0
74,0,null,0,0,0
75,0,null,0,0,0
76,0,null,0,0,0
77,0,null,0,0,0
78,0,null,0,0,0
79,0,null,0,0,0
80,0,null,0,0,0
81,0,null,0,0,0
82,0,null,0,0,0
83,0,null,0,0,0
84,0,null,0,0,0
85,0,null,0,0,0
86,0,null,0,0,0
87,0,null,0,0,0
88,0,null,0,0,0
89,0,null,0,0,0
90,0,null,0,0,0
91,0,null,0,0,0
92,0,null,0,0,0
93,0,null,0,0,0
94,0,null,0,0,0
95,0,null,0,0,0
96,0,null,0,0,0
97,0,null,0,0,0
98,0,null,0,0,0
99,0,null,0,0,0
0,0,null,0,0,0
1,0,null,0,0,0
2,0,null,0,0,0
3,0,null,0,0,0
4,0,null,0,0,0
5,0,null,0,0,0
6,0,null,0,0,0
7,0,null,0,0,0
8,0,null,0,0,0
9,0,null,0,0,0
10,0,null,0,0,0
11,0,null,0,0,0
12,0,null,0,0,0
13,0,null,0,0,0
14,0,null,0,0,0
15,15,secondary_proton,1,1,0
16,0,null,0,0,0
17,0,null,0,0,0
18,0,null,0,0,0
19,0,null,0,0,0
20,0,null,0,0,0
21,0,null,0,0,0
22,0,null,0,0,0
23,0,null,0,0,0
24,13,pi+,1,0,0
25,0,null,0,0,0
26,0,null,0,0,0
27,0,null,0,0,0
28,0,null,0,0,0
29,0,null,0,0,0
30,0,null,0,0,0
31,0,null,0,0,0
32,0,null,0,0,0
33,0,null,0,0,0
34,0,null,0,0,0
35,0,null,0,0,0
36,0,null,0,0,0
37,0,null,0,0,0
38,0,null,0,0,0
39,0,null,0,0,0
40,0,null,0,0,0
41,0,null,0,0,0
42,0,null,0,0,0
43,0,null,0,0,0
44,0,null,0,0,0
45,6,pi-,1,0,0
46,0,null,0,0,0
47,0,null,0,0,0
48,0,null,0,0,0
49,0,null,0,0,0
50,0,null,0,0,0
51,0,null,0,0,0
52,0,null,0,0,0
53,0,null,0,0,0
54,0,null,0,0,0
55,0,null,0,0,0
56,0,null,0,0,0
57,0,null,0,0,0
58,0,null,0,0,0
59,0,null,0,0,0
60,0,null,0,0,0
61,0,null,0,0,0
62,0,null,0,0,0
63,0,null,0,0,0
64,0,null,0,0,0
65,0,null,0,0,0
66,0,null,0,0,0
67,0,null,0,0,0
68,0,null,0,0,0
69,0,null,0,0,0
210,0,null,0,0,0
211,0,null,0,0,0
212,0,null,0,0,0
213,0,null,0,0,0
214,0,null,0,0,0
215,0,null,0,0,0
216,0,null,0,0,0
217,0,null,0,0,0
218,0,null,0,0,0
219,0,null,0,0,0
220,0,null,0,0,0
221,0,null,0,0,0
222,0,null,0,0,0
223,0,null,0,0,0
224,0,null,0,0,0
225,0,null,0,0,0
100,0,null,0,0,0
101,0,null,0,0,0
102,0,null,0,0,0
103,0,null,0,0,0
104,0,null,0,0,0
105,0,null,0,0,0
106,0,null,0,0,0
107,0,null,0,0,0
108,0,null,0,0,0
109,0,null,0,0,0
110,0,null,0,0,0
111,0,null,0,0,0
112,0,null,0,0,0
113,0,null,0,0,0
114,0,null,0,0,0
115,0,null,0,0,0
116,0,null,0,0,0
117,0,null,0,0,0
118,0,null,0,0,0
119,0,null,0,0,0
120,0,null,0,0,0
121,2528,e-,1,1,1
122,0,null,0,0,0
123,0,null,0,0,0
124,0,null,0,0,0
125,0,null,0,0,0
126,0,null,0,0,0
127,0,null,0,0,0
128,0,null,0,0,0
129,0,null,0,0,0
130,0,null,0,0,0
131,0,null,0,0,0
132,0,null,0,0,0
133,0,null,0,0,0
134,0,null,0,0,0
135,0,null,0,0,0
136,0,null,0,0,0
137,0,null,0,0,0
138,87,secondary_proton,1,1,1
139,0,null,0,0,0
140,8,pi+,1,1,1
141,0,null,0,0,0
142,0,null,0,0,0
143,0,null,0,0,0
144,0,null,0,0,0
145,9,pi+,1,1,1
146,0,null,0,0,0
147,0,null,0,0,0
148,0,null,0,0,0
149,0,null,0,0,0
150,0,null,0,0,0
151,0,null,0,0,0
152,0,null,0,0,0
153,0,null,0,0,0
154,0,null,0,0,0
155,0,null,0,0,0
156,0,null,0,0,0
157,0,null,0,0,0
158,0,null,0,0,0
159,0,null,0,0,0
160,0,null,0,0,0
161,0,null,0,0,0
162,214,pi+,1,1,1
163,0,null,0,0,0
164,0,null,0,0,0
165,0,null,0,0,0
167,0,null,0,0,0
168,0,null,0,0,0
169,0,null,0,0,0
170,0,null,0,0,0
171,0,null,0,0,0
172,0,null,0,0,0
173,0,null,0,0,0
174,0,null,0,0,0
175,0,null,0,0,0
176,0,null,0,0,0
177,0,null,0,0,0
178,0,null,0,0,0
179,0,null,0,0,0
180,1939,e-,1,0,0
181,0,null,0,0,0
182,0,null,0,0,0
183,0,null,0,0,0
184,0,null,0,0,0
185,0,null,0,0,0
186,0,null,0,0,0
187,0,null,0,0,0
188,0,null,0,0,0
189,0,null,0,0,0
190,0,null,0,0,0
191,0,null,0,0,0
192,0,null,0,0,0
193,0,null,0,0,0
194,0,null,0,0,0
195,0,null,0,0,0
196,0,null,0,0,0
197,0,null,0,0,0
198,0,null,0,0,0
199,0,null,0,0,0
227,0,null,0,0,0
228,0,null,0,0,0
229,0,null,0,0,0
230,0,null,0,0,0
231,0,null,0,0,0
232,0,null,0,0,0
233,0,null,0,0,0
234,0,null,0,0,0
235,59,secondary_proton,0,1,1
236,0,null,0,0,0
237,1,primary_proton,1,1,1
238,0,null,0,0,0
239,0,null,0,0,0
240,0,null,0,0,0
241,0,null,0,0,0
242,0,null,0,0,0
243,0,null,0,0,0
244,0,null,0,0,0
245,983,e-,1,0,0
246,0,null,0,0,0
247,0,null,0,0,0
248,1,primary_proton,1,1,1
249,13,pi+,1,1,0
250,0,null,0,0,0
251,0,null,0,0,0
252,0,null,0,0,0
253,0,null,0,0,0
254,0,null,0,0,0
255,0,null,0,0,0
256,0,null,0,0,0
257,0,null,0,0,0
258,5,secondary_proton,1,1,1
259,0,null,0,0,0
260,0,null,0,0,0
261,0,null,0,0,0
262,0,null,0,0,0
263,0,null,0,0,0
264,0,null,0,0,0
265,0,null,0,0,0
266,0,null,0,0,0
267,0,null,0,0,0
268,0,null,0,0,0
269,0,null,0,0,0
270,0,null,0,0,0
271,0,null,0,0,0
272,0,null,0,0,0
273,2773,e-,1,0,0
274,0,null,0,0,0
275,0,null,0,0,0
276,0,null,0,0,0
277,0,null,0,0,0
278,0,null,0,0,0
279,0,null,0,0,0
280,0,null,0,0,0
281,0,null,0,0,0
282,0,null,0,0,0
283,0,null,0,0,0
284,0,null,0,0,0
285,0,null,0,0,0
286,0,null,0,0,0
287,0,null,0,0,0
288,0,null,0,0,0
289,0,null,0,0,0
290,0,null,0,0,0
291,0,null,0,0,0
292,0,null,0,0,0
293,0,null,0,0,0
294,0,null,0,0,0
295,0,null,0,0,0
296,0,null,0,0,0
297,0,null,0,0,0
298,0,null,0,0,0
299,0,null,0,0,0
300,0,null,0,0,0
301,0,null,0,0,0
302,0,null,0,0,0
303,0,null,0,0,0
304,0,null,0,0,0
305,0,null,0,0,0
306,0,null,0,0,0
307,0,null,0,0,0
308,0,null,0,0,0
309,0,null,0,0,0
310,29,pi+,1,1,1
311,0,null,0,0,0
312,0,null,0,0,0
313,0,null,0,0,0
314,0,null,0,0,0
315,0,null,0,0,0
316,0,null,0,0,0
317,0,null,0,0,0
318,0,null,0,0,0
319,0,null,0,0,0
320,0,null,0,0,0
321,1,primary_proton,1,1,1
322,0,null,0,0,0
323,0,null,0,0,0
324,0,null,0,0,0
325,0,null,0,0,0
326,0,null,0,0,0
327,0,null,0,0,0
328,0,null,0,0,0
329,0,null,0,0,0
330,0,null,0,0,0
331,0,null,0,0,0
332,0,null,0,0,0
333,0,null,0,0,0
334,0,null,0,0,0
335,0,null,0,0,0
336,0,null,0,0,0
337,0,null,0,0,0
338,0,null,0,0,0
339,0,null,0,0,0
340,0,null,0,0,0
341,2,secondary_proton,1,1,1
342,0,null,0,0,0
343,0,null,0,0,0
344,0,null,0,0,0
345,0,null,0,0,0
346,0,null,0,0,0
347,1,primary_proton,1,1,1
348,0,null,0,0,0
349,0,null,0,0,0
420,0,null,0,0,0
421,0,null,0,0,0
422,0,null,0,0,0
423,0,null,0,0,0
424,0,null,0,0,0
425,0,null,0,0,0
426,0,null,0,0,0
427,0,null,0,0,0
428,0,null,0,0,0
429,1,primary_proton,1,1,1
430,355,secondary_proton,1,1,1
431,0,null,0,0,0
432,0,null,0,0,0
433,0,null,0,0,0
434,0,null,0,0,0
435,0,null,0,0,0
436,0,null,0,0,0
437,0,null,0,0,0
438,0,null,0,0,0
439,0,null,0,0,0
440,0,null,0,0,0
441,0,null,0,0,0
442,0,null,0,0,0
443,0,null,0,0,0
444,0,null,0,0,0
445,0,null,0,0,0
446,0,null,0,0,0
447,0,null,0,0,0
200,0,null,0,0,0
201,0,null,0,0,0
202,0,null,0,0,0
203,0,null,0,0,0
204,0,null,0,0,0
205,0,null,0,0,0
206,8,kaon+,1,1,1
207,0,null,0,0,0
208,0,null,0,0,0
209,34,pi+,1,1,1
350,0,null,0,0,0
351,0,null,0,0,0
352,0,null,0,0,0
353,0,null,0,0,0
354,2,secondary_proton,1,1,1
355,0,null,0,0,0
356,0,null,0,0,0
357,0,null,0,0,0
358,0,null,0,0,0
359,0,null,0,0,0
360,0,null,0,0,0
361,0,null,0,0,0
362,0,null,0,0,0
363,1,primary_proton,1,1,1
364,0,null,0,0,0
365,0,null,0,0,0
366,0,null,0,0,0
367,0,null,0,0,0
368,0,null,0,0,0
369,0,null,0,0,0
370,0,null,0,0,0
371,0,null,0,0,0
372,0,null,0,0,0
373,0,null,0,0,0
374,14,secondary_proton,1,1,1
375,0,null,0,0,0
376,0,null,0,0,0
377,0,null,0,0,0
378,0,null,0,0,0
379,8,secondary_proton,1,1,0
380,0,null,0,0,0
381,0,null,0,0,0
382,0,null,0,0,0
383,1,primary_proton,1,1,1
384,0,null,0,0,0
385,0,null,0,0,0
386,0,null,0,0,0
387,0,null,0,0,0
388,0,null,0,0,0
389,0,null,0,0,0
390,0,null,0,0,0
391,0,null,0,0,0
392,0,null,0,0,0
393,0,null,0,0,0
394,0,null,0,0,0
395,0,null,0,0,0
396,0,null,0,0,0
397,0,null,0,0,0
398,0,null,0,0,0
399,0,null,0,0,0
449,0,null,0,0,0
450,0,null,0,0,0
451,0,null,0,0,0
452,0,null,0,0,0
453,0,null,0,0,0
454,0,null,0,0,0
455,0,null,0,0,0
456,0,null,0,0,0
457,0,null,0,0,0
458,11,pi+,1,1,1
459,0,null,0,0,0
460,0,null,0,0,0
461,0,null,0,0,0
462,0,null,0,0,0
463,0,null,0,0,0
464,0,null,0,0,0
465,0,null,0,0,0
466,0,null,0,0,0
467,0,null,0,0,0
468,0,null,0,0,0
469,0,null,0,0,0
470,0,null,0,0,0
471,0,null,0,0,0
472,0,null,0,0,0
473,0,null,0,0,0
474,0,null,0,0,0
475,0,null,0,0,0
476,0,null,0,0,0
477,0,null,0,0,0
478,0,null,0,0,0
479,0,null,0,0,0
480,0,null,0,0,0
481,0,null,0,0,0
482,0,null,0,0,0
483,0,null,0,0,0
484,0,null,0,0,0
485,0,null,0,0,0
486,0,null,0,0,0
487,0,null,0,0,0
488,0,null,0,0,0
489,0,null,0,0,0
490,0,null,0,0,0
491,0,null,0,0,0
492,0,null,0,0,0
493,0,null,0,0,0
494,0,null,0,0,0
495,1,primary_proton,1,1,1
496,0,null,0,0,0
497,0,null,0,0,0
498,0,null,0,0,0
499,0,null,0,0,0
400,0,null,0,0,0
401,0,null,0,0,0
402,0,null,0,0,0
403,0,null,0,0,0
404,0,null,0,0,0
405,0,null,0,0,0
406,0,null,0,0,0
407,0,null,0,0,0
408,0,null,0,0,0
409,0,null,0,0,0
410,0,null,0,0,0
411,0,null,0,0,0
412,0,null,0,0,0
413,9,pi-,1,1,1
414,0,null,0,0,0
415,0,null,0,0,0
416,0,null,0,0,0
417,0,null,0,0,0
418,0,null,0,0,0
419,0,null,0,0,0
560,0,null,0,0,0
561,0,null,0,0,0
562,0,null,0,0,0
563,0,null,0,0,0
564,0,null,0,0,0
565,0,null,0,0,0
566,0,null,0,0,0
567,0,null,0,0,0
568,0,null,0,0,0
569,0,null,0,0,0
570,0,null,0,0,0
571,0,null,0,0,0
572,0,null,0,0,0
573,6,secondary_proton,1,1,1
574,0,null,0,0,0
575,0,null,0,0,0
576,1484,e-,1,1,0
577,0,null,0,0,0
578,0,null,0,0,0
579,0,null,0,0,0
580,0,null,0,0,0
581,0,null,0,0,0
582,0,null,0,0,0
583,0,null,0,0,0
584,0,null,0,0,0
585,0,null,0,0,0
586,0,null,0,0,0
587,0,null,0,0,0
588,0,null,0,0,0
589,0,null,0,0,0
590,0,null,0,0,0
591,0,null,0,0,0
592,0,null,0,0,0
593,0,null,0,0,0
594,0,null,0,0,0
595,1,primary_proton,1,1,0
596,0,null,0,0,0
597,0,null,0,0,0
598,0,null,0,0,0
599,0,null,0,0,0
600,0,null,0,0,0
601,0,null,0,0,0
602,0,null,0,0,0
603,0,null,0,0,0
604,0,null,0,0,0
605,0,null,0,0,0
606,0,null,0,0,0
607,0,null,0,0,0
608,0,null,0,0,0
609,0,null,0,0,0
610,0,null,0,0,0
611,0,null,0,0,0
612,0,null,0,0,0
613,0,null,0,0,0
614,0,null,0,0,0
615,0,null,0,0,0
616,10,pi+,1,1,1
617,0,null,0,0,0
618,0,null,0,0,0
619,0,null,0,0,0
620,0,null,0,0,0
621,0,null,0,0,0
622,8,pi+,1,1,1
623,0,null,0,0,0
624,0,null,0,0,0
625,0,null,0,0,0
626,0,null,0,0,0
627,0,null,0,0,0
628,0,null,0,0,0
629,0,null,0,0,0
630,0,null,0,0,0
631,0,null,0,0,0
632,0,null,0,0,0
633,0,null,0,0,0
634,1,primary_proton,1,1,1
635,0,null,0,0,0
636,0,null,0,0,0
637,0,null,0,0,0
638,0,null,0,0,0
639,3,secondary_proton,1,1,1
640,0,null,0,0,0
641,0,null,0,0,0
642,0,null,0,0,0
643,0,null,0,0,0
644,0,null,0,0,0
645,0,null,0,0,0
646,0,null,0,0,0
647,0,null,0,0,0
648,0,null,0,0,0
649,0,null,0,0,0
650,1,primary_proton,1,1,1
651,0,null,0,0,0
652,0,null,0,0,0
653,0,null,0,0,0
654,0,null,0,0,0
655,0,null,0,0,0
656,0,null,0,0,0
657,0,null,0,0,0
658,0,null,0,0,0
659,0,null,0,0,0
660,0,null,0,0,0
661,0,null,0,0,0
662,0,null,0,0,0
663,0,null,0,0,0
664,0,null,0,0,0
665,0,null,0,0,0
666,0,null,0,0,0
667,0,null,0,0,0
668,0,null,0,0,0
500,0,null,0,0,0
501,0,null,0,0,0
502,0,null,0,0,0
503,0,null,0,0,0
504,0,null,0,0,0
505,10,secondary_proton,1,1,1
506,1,primary_proton,1,1,1
507,0,null,0,0,0
508,0,null,0,0,0
509,0,null,0,0,0
510,7,secondary_proton,1,1,1
511,0,null,0,0,0
512,0,null,0,0,0
513,0,null,0,0,0
514,0,null,0,0,0
515,0,null,0,0,0
516,0,null,0,0,0
517,0,null,0,0,0
518,5,pi-,1,1,1
519,0,null,0,0,0
520,0,null,0,0,0
521,0,null,0,0,0
522,0,null,0,0,0
523,0,null,0,0,0
524,0,null,0,0,0
525,0,null,0,0,0
526,0,null,0,0,0
527,0,null,0,0,0
528,0,null,0,0,0
529,0,null,0,0,0
530,0,null,0,0,0
531,0,null,0,0,0
532,0,null,0,0,0
533,0,null,0,0,0
534,0,null,0,0,0
535,0,null,0,0,0
536,0,null,0,0,0
537,0,null,0,0,0
538,0,null,0,0,0
539,0,null,0,0,0
540,0,null,0,0,0
541,4,secondary_proton,1,1,1
542,0,null,0,0,0
543,0,null,0,0,0
544,0,null,0,0,0
545,0,null,0,0,0
546,0,null,0,0,0
547,1,primary_proton,1,1,1
548,0,null,0,0,0
549,0,null,0,0,0
550,0,null,0,0,0
551,0,null,0,0,0
552,0,null,0,0,0
553,0,null,0,0,0
554,0,null,0,0,0
555,0,null,0,0,0
556,355,e-,1,1,1
557,0,null,0,0,0
558,1,primary_proton,1,1,1
559,0,null,0,0,0
670,0,null,0,0,0
671,0,null,0,0,0
672,0,null,0,0,0
673,0,null,0,0,0
674,0,null,0,0,0
675,1,primary_proton,1,1,1
676,0,null,0,0,0
677,0,null,0,0,0
678,0,null,0,0,0
679,0,null,0,0,0
680,0,null,0,0,0
681,0,null,0,0,0
682,0,null,0,0,0
683,0,null,0,0,0
684,0,null,0,0,0
685,0,null,0,0,0
686,0,null,0,0,0
687,0,null,0,0,0
688,0,null,0,0,0
689,0,null,0,0,0
690,0,null,0,0,0
691,0,null,0,0,0
692,0,null,0,0,0
693,0,null,0,0,0
694,1,primary_proton,1,1,1
695,0,null,0,0,0
696,0,null,0,0,0
697,0,null,0,0,0
698,0,null,0,0,0
699,0,null,0,0,0
770,0,null,0,0,0
771,0,null,0,0,0
772,0,null,0,0,0
773,0,null,0,0,0
774,0,null,0,0,0
775,0,null,0,0,0
776,0,null,0,0,0
777,0,null,0,0,0
778,0,null,0,0,0
779,0,null,0,0,0
780,0,null,0,0,0
781,0,null,0,0,0
782,0,null,0,0,0
783,0,null,0,0,0
784,0,null,0,0,0
785,0,null,0,0,0
786,0,null,0,0,0
787,0,null,0,0,0
788,0,null,0,0,0
789,0,null,0,0,0
790,0,null,0,0,0
791,0,null,0,0,0
792,0,null,0,0,0
793,0,null,0,0,0
794,0,null,0,0,0
795,0,null,0,0,0
796,0,null,0,0,0
797,4,secondary_proton,1,1,1
798,0,null,0,0,0
799,0,null,0,0,0
800,0,null,0,0,0
801,7,pi+,1,0,0
802,0,null,0,0,0
803,1,primary_proton,1,1,1
804,0,null,0,0,0
805,0,null,0,0,0
806,0,null,0,0,0
807,0,null,0,0,0
808,0,null,0,0,0
809,0,null,0,0,0
810,0,null,0,0,0
811,0,null,0,0,0
812,0,null,0,0,0
813,0,null,0,0,0
814,0,null,0,0,0
815,0,null,0,0,0
816,0,null,0,0,0
817,0,null,0,0,0
818,0,null,0,0,0
819,0,null,0,0,0
820,0,null,0,0,0
821,1,primary_proton,1,1,1
822,0,null,0,0,0
823,0,null,0,0,0
824,0,null,0,0,0
825,0,null,0,0,0
826,0,null,0,0,0
827,0,null,0,0,0
828,0,null,0,0,0
829,0,null,0,0,0
830,0,null,0,0,0
831,0,null,0,0,0
832,0,null,0,0,0
833,0,null,0,0,0
834,0,null,0,0,0
835,0,null,0,0,0
836,0,null,0,0,0
837,0,null,0,0,0
838,0,null,0,0,0
839,0,null,0,0,0
840,0,null,0,0,0
841,0,null,0,0,0
842,0,null,0,0,0
843,0,null,0,0,0
844,0,null,0,0,0
845,0,null,0,0,0
846,0,null,0,0,0
847,0,null,0,0,0
848,0,null,0,0,0
849,0,null,0,0,0
850,0,null,0,0,0
851,0,null,0,0,0
852,0,null,0,0,0
853,0,null,0,0,0
854,0,null,0,0,0
855,0,null,0,0,0
856,0,null,0,0,0
857,0,null,0,0,0
858,0,null,0,0,0
859,0,null,0,0,0
860,0,null,0,0,0
861,0,null,0,0,0
862,0,null,0,0,0
863,0,null,0,0,0
864,0,null,0,0,0
865,0,null,0,0,0
866,0,null,0,0,0
867,0,null,0,0,0
868,0,null,0,0,0
869,0,null,0,0,0
870,0,null,0,0,0
871,0,null,0,0,0
872,0,null,0,0,0
873,0,null,0,0,0
874,0,null,0,0,0
875,0,null,0,0,0
876,0,null,0,0,0
877,0,null,0,0,0
878,0,null,0,0,0
879,0,null,0,0,0
880,0,null,0,0,0
881,2016,e-,1,1,1
882,0,null,0,0,0
883,0,null,0,0,0
884,0,null,0,0,0
885,0,null,0,0,0
886,0,null,0,0,0
887,0,null,0,0,0
888,0,null,0,0,0
889,0,null,0,0,0
890,0,null,0,0,0
891,1,primary_proton,1,1,1
892,0,null,0,0,0
893,0,null,0,0,0
894,0,null,0,0,0
895,0,null,0,0,0
896,0,null,0,0,0
897,0,null,0,0,0
898,0,null,0,0,0
899,0,null,0,0,0
700,0,null,0,0,0
701,0,null,0,0,0
702,0,null,0,0,0
703,0,null,0,0,0
704,0,null,0,0,0
705,0,null,0,0,0
706,0,null,0,0,0
707,0,null,0,0,0
708,0,null,0,0,0
709,0,null,0,0,0
710,0,null,0,0,0
711,0,null,0,0,0
712,0,null,0,0,0
713,0,null,0,0,0
714,0,null,0,0,0
715,0,null,0,0,0
716,0,null,0,0,0
717,0,null,0,0,0
718,0,null,0,0,0
719,0,null,0,0,0
720,0,null,0,0,0
721,0,null,0,0,0
722,0,null,0,0,0
723,0,null,0,0,0
724,0,null,0,0,0
725,0,null,0,0,0
726,0,null,0,0,0
727,0,null,0,0,0
728,0,null,0,0,0
729,0,null,0,0,0
730,0,null,0,0,0
731,0,null,0,0,0
732,0,null,0,0,0
733,0,null,0,0,0
734,0,null,0,0,0
735,0,null,0,0,0
736,0,null,0,0,0
737,0,null,0,0,0
738,0,null,0,0,0
739,0,null,0,0,0
740,0,null,0,0,0
741,0,null,0,0,0
742,0,null,0,0,0
743,0,null,0,0,0
744,6,pi+,1,1,0
745,0,null,0,0,0
746,0,null,0,0,0
747,0,null,0,0,0
748,0,null,0,0,0
749,0,null,0,0,0
750,4,secondary_proton,1,1,1
751,0,null,0,0,0
752,0,null,0,0,0
753,1,primary_proton,1,1,1
754,0,null,0,0,0
755,0,null,0,0,0
756,0,null,0,0,0
757,0,null,0,0,0
758,0,null,0,0,0
759,250,pi-,1,1,1
760,0,null,0,0,0
761,1,primary_proton,1,1,1
762,0,null,0,0,0
763,0,null,0,0,0
764,0,null,0,0,0
765,0,null,0,0,0
766,0,null,0,0,0
767,0,null,0,0,0
768,0,null,0,0,0
769,0,null,0,0,0
910,0,null,0,0,0
911,0,null,0,0,0
912,1,primary_proton,1,1,1
913,0,null,0,0,0
914,0,null,0,0,0
915,0,null,0,0,0
916,0,null,0,0,0
917,0,null,0,0,0
918,0,null,0,0,0
919,0,null,0,0,0
900,0,null,0,0,0
901,0,null,0,0,0
902,0,null,0,0,0
903,0,null,0,0,0
904,0,null,0,0,0
905,0,null,0,0,0
906,0,null,0,0,0
907,0,null,0,0,0
908,0,null,0,0,0
909,0,null,0,0,0
980,0,null,0,0,0
981,0,null,0,0,0
982,0,null,0,0,0
983,0,null,0,0,0
984,0,null,0,0,0
985,0,null,0,0,0
986,0,null,0,0,0
987,0,null,0,0,0
988,1,primary_proton,1,1,1
989,0,null,0,0,0
990,0,null,0,0,0
991,0,null,0,0,0
992,0,null,0,0,0
993,0,null,0,0,0
994,0,null,0,0,0
995,1,primary_proton,1,1,1
996,0,null,0,0,0
997,12,pi+,1,1,1
998,0,null,0,0,0
999,0,null,0,0,0
920,6,pi+,1,1,1
921,550,e-,1,0,0
922,0,null,0,0,0
923,0,null,0,0,0
924,0,null,0,0,0
925,0,null,0,0,0
926,0,null,0,0,0
927,0,null,0,0,0
928,0,null,0,0,0
929,0,null,0,0,0
930,0,null,0,0,0
931,1,primary_proton,1,1,1
932,0,null,0,0,0
933,0,null,0,0,0
934,0,null,0,0,0
935,0,null,0,0,0
936,0,null,0,0,0
937,0,null,0,0,0
938,0,null,0,0,0
939,1,primary_proton,1,1,1
940,0,null,0,0,0
941,0,null,0,0,0
942,0,null,0,0,0
943,0,null,0,0,0
944,0,null,0,0,0
945,0,null,0,0,0
946,0,null,0,0,0
947,0,null,0,0,0
948,0,null,0,0,0
949,0,null,0,0,0
950,0,null,0,0,0
951,0,null,0,0,0
952,0,null,0,0,0
953,0,null,0,0,0
954,0,null,0,0,0
955,0,null,0,0,0
956,0,null,0,0,0
957,0,null,0,0,0
958,0,null,0,0,0
959,0,null,0,0,0
960,0,null,0,0,0
961,0,null,0,0,0
962,0,null,0,0,0
963,0,null,0,0,0
964,0,null,0,0,0
965,0,null,0,0,0
966,0,null,0,0,0
967,0,null,0,0,0
968,0,null,0,0,0
969,1,primary_proton,1,1,1
970,0,null,0,0,0
971,0,null,0,0,0
972,0,null,0,0,0
973,0,null,0,0,0
974,0,null,0,0,0
975,0,null,0,0,0
976,0,null,0,0,0
977,0,null,0,0,0
978,1,primary_proton,1,1,1
979,0,null,0,0,0
1050,0,null,0,0,0
1051,0,null,0,0,0
1052,0,null,0,0,0
1053,0,null,0,0,0
1054,0,null,0,0,0
1055,0,null,0,0,0
1056,0,null,0,0,0
1057,0,null,0,0,0
1058,0,null,0,0,0
1059,0,null,0,0,0
1060,0,null,0,0,0
1061,0,null,0,0,0
1062,0,null,0,0,0
1063,0,null,0,0,0
1064,0,null,0,0,0
1065,0,null,0,0,0
1066,0,null,0,0,0
1067,0,null,0,0,0
1068,1,primary_proton,1,1,1
1069,0,null,0,0,0
1070,0,null,0,0,0
1071,5,secondary_proton,1,1,1
1072,0,null,0,0,0
1073,0,null,0,0,0
1074,0,null,0,0,0
1075,0,null,0,0,0
1076,0,null,0,0,0
1077,0,null,0,0,0
1078,0,null,0,0,0
1079,0,null,0,0,0
1080,0,null,0,0,0
1081,0,null,0,0,0
1082,0,null,0,0,0
1083,0,null,0,0,0
1084,0,null,0,0,0
1085,0,null,0,0,0
1086,0,null,0,0,0
1087,0,null,0,0,0
1088,0,null,0,0,0
1089,1,primary_proton,1,1,1
1090,0,null,0,0,0
1091,0,null,0,0,0
1092,8,secondary_proton,1,1,1
1093,0,null,0,0,0
1094,0,null,0,0,0
1095,0,null,0,0,0
1096,0,null,0,0,0
1097,0,null,0,0,0
1098,0,null,0,0,0
1099,0,null,0,0,0
1000,0,null,0,0,0
1001,0,null,0,0,0
1002,0,null,0,0,0
1003,0,null,0,0,0
1004,0,null,0,0,0
1005,0,null,0,0,0
1006,0,null,0,0,0
1007,0,null,0,0,0
1008,0,null,0,0,0
1009,0,null,0,0,0
1010,0,null,0,0,0
1011,0,null,0,0,0
1012,0,null,0,0,0
1013,0,null,0,0,0
1014,10,secondary_proton,1,1,1
1015,0,null,0,0,0
1016,0,null,0,0,0
1017,0,null,0,0,0
1018,0,null,0,0,0
1019,0,null,0,0,0
1020,0,null,0,0,0
1021,0,null,0,0,0
1022,0,null,0,0,0
1023,7,secondary_proton,1,1,1
1024,0,null,0,0,0
1025,0,null,0,0,0
1026,0,null,0,0,0
1027,0,null,0,0,0
1028,0,null,0,0,0
1029,0,null,0,0,0
1030,0,null,0,0,0
1031,0,null,0,0,0
1032,0,null,0,0,0
1033,0,null,0,0,0
1034,0,null,0,0,0
1035,0,null,0,0,0
1036,0,null,0,0,0
1037,0,null,0,0,0
1038,0,null,0,0,0
1039,0,null,0,0,0
1040,0,null,0,0,0
1041,0,null,0,0,0
1042,0,null,0,0,0
1043,0,null,0,0,0
1044,0,null,0,0,0
1045,0,null,0,0,0
1046,0,null,0,0,0
1047,0,null,0,0,0
1048,0,null,0,0,0
1049,0,null,0,0,0
1120,0,null,0,0,0
1121,0,null,0,0,0
1122,0,null,0,0,0
1123,0,null,0,0,0
1124,0,null,0,0,0
1125,0,null,0,0,0
1126,0,null,0,0,0
1127,0,null,0,0,0
1128,0,null,0,0,0
1129,1,primary_proton,1,1,1
1100,0,null,0,0,0
1101,0,null,0,0,0
1102,17,secondary_proton,1,1,0
1103,0,null,0,0,0
1104,8,secondary_proton,1,0,0
1105,0,null,0,0,0
1106,0,null,0,0,0
1107,6,secondary_proton,1,1,1
1108,0,null,0,0,0
1109,12,secondary_proton,1,0,0
1110,0,null,0,0,0
1111,0,null,0,0,0
1112,0,null,0,0,0
1113,0,null,0,0,0
1114,0,null,0,0,0
1115,0,null,0,0,0
1116,0,null,0,0,0
1117,0,null,0,0,0
1118,0,null,0,0,0
1119,0,null,0,0,0
1190,0,null,0,0,0
1191,0,null,0,0,0
1192,0,null,0,0,0
1193,0,null,0,0,0
1194,0,null,0,0,0
1195,0,null,0,0,0
1196,0,null,0,0,0
1197,0,null,0,0,0
1198,0,null,0,0,0
1199,0,null,0,0,0
1130,0,null,0,0,0
1131,0,null,0,0,0
1132,0,null,0,0,0
1133,0,null,0,0,0
1134,0,null,0,0,0
1135,0,null,0,0,0
1136,0,null,0,0,0
1137,0,null,0,0,0
1138,0,null,0,0,0
1139,0,null,0,0,0
1140,0,null,0,0,0
1141,0,null,0,0,0
1142,0,null,0,0,0
1143,0,null,0,0,0
1144,0,null,0,0,0
1145,0,null,0,0,0
1146,0,null,0,0,0
1147,0,null,0,0,0
1148,0,null,0,0,0
1149,0,null,0,0,0
1150,0,null,0,0,0
1151,0,null,0,0,0
1152,0,null,0,0,0
1153,0,null,0,0,0
1154,0,null,0,0,0
1155,0,null,0,0,0
1156,0,null,0,0,0
1157,0,null,0,0,0
1158,0,null,0,0,0
1159,0,null,0,0,0
1160,0,null,0,0,0
1161,0,null,0,0,0
1162,0,null,0,0,0
1163,0,null,0,0,0
1164,0,null,0,0,0
1165,0,null,0,0,0
1166,0,null,0,0,0
1167,13,pi+,1,0,0
1168,0,null,0,0,0
1169,0,null,0,0,0
1170,0,null,0,0,0
1171,0,null,0,0,0
1172,0,null,0,0,0
1173,0,null,0,0,0
1174,0,null,0,0,0
1175,0,null,0,0,0
1176,0,null,0,0,0
1177,0,null,0,0,0
1178,0,null,0,0,0
1179,635,e-,1,1,1
1180,0,null,0,0,0
1181,0,null,0,0,0
1182,0,null,0,0,0
1183,0,null,0,0,0
1184,0,null,0,0,0
1185,0,null,0,0,0
1186,0,null,0,0,0
1187,0,null,0,0,0
1188,0,null,0,0,0
1189,0,null,0,0,0
1260,0,null,0,0,0
1261,0,null,0,0,0
1262,0,null,0,0,0
1263,0,null,0,0,0
1264,0,null,0,0,0
1265,0,null,0,0,0
1266,0,null,0,0,0
1267,0,null,0,0,0
1268,0,null,0,0,0
1269,0,null,0,0,0
1270,0,null,0,0,0
1271,0,null,0,0,0
1272,0,null,0,0,0
1273,0,null,0,0,0
1274,0,null,0,0,0
1275,0,null,0,0,0
1276,0,null,0,0,0
1277,7,secondary_proton,1,1,1
1278,7,secondary_proton,1,1,1
1279,0,null,0,0,0
1280,0,null,0,0,0
1281,0,null,0,0,0
1282,0,null,0,0,0
1283,0,null,0,0,0
1284,0,null,0,0,0
1285,0,null,0,0,0
1286,0,null,0,0,0
1287,0,null,0,0,0
1288,0,null,0,0,0
1289,0,null,0,0,0
1290,0,null,0,0,0
1291,0,null,0,0,0
1292,0,null,0,0,0
1293,0,null,0,0,0
1294,0,null,0,0,0
1295,0,null,0,0,0
1296,0,null,0,0,0
1297,0,null,0,0,0
1298,0,null,0,0,0
1299,0,null,0,0,0
1200,1060,e-,1,0,0
1201,0,null,0,0,0
1202,0,null,0,0,0
1203,0,null,0,0,0
1204,0,null,0,0,0
1205,0,null,0,0,0
1206,0,null,0,0,0
1207,0,null,0,0,0
1208,0,null,0,0,0
1209,0,null,0,0,0
1210,0,null,0,0,0
1211,0,null,0,0,0
1212,0,null,0,0,0
1213,0,null,0,0,0
1214,0,null,0,0,0
1215,0,null,0,0,0
1216,0,null,0,0,0
1217,0,null,0,0,0
1218,0,null,0,0,0
1219,1,primary_proton,1,1,1
1220,0,null,0,0,0
1221,0,null,0,0,0
1222,0,null,0,0,0
1223,0,null,0,0,0
1224,0,null,0,0,0
1225,0,null,0,0,0
1226,0,null,0,0,0
1227,0,null,0,0,0
1228,0,null,0,0,0
1229,0,null,0,0,0
1230,0,null,0,0,0
1231,0,null,0,0,0
1232,0,null,0,0,0
1233,0,null,0,0,0
1234,0,null,0,0,0
1235,0,null,0,0,0
1236,0,null,0,0,0
1237,0,null,0,0,0
1238,0,null,0,0,0
1239,0,null,0,0,0
1240,0,null,0,0,0
1241,0,null,0,0,0
1242,0,null,0,0,0
1243,0,null,0,0,0
1244,13,pi-,1,1,0
1245,0,null,0,0,0
1246,0,null,0,0,0
1247,0,null,0,0,0
1248,0,null,0,0,0
1249,0,null,0,0,0
1250,0,null,0,0,0
1251,0,null,0,0,0
1252,3,secondary_proton,1,1,1
1253,0,null,0,0,0
1254,0,null,0,0,0
1255,0,null,0,0,0
1256,0,null,0,0,0
1257,0,null,0,0,0
1258,0,null,0,0,0
1259,0,null,0,0,0
1300,0,null,0,0,0
1301,0,null,0,0,0
1302,11,pi+,1,1,1
1303,0,null,0,0,0
1304,0,null,0,0,0
1305,0,null,0,0,0
1306,0,null,0,0,0
1307,0,null,0,0,0
1308,0,null,0,0,0
1309,0,null,0,0,0
1310,0,null,0,0,0
1311,0,null,0,0,0
1312,0,null,0,0,0
1313,0,null,0,0,0
1314,0,null,0,0,0
1315,0,null,0,0,0
1316,0,null,0,0,0
1317,0,null,0,0,0
1318,0,null,0,0,0
1319,0,null,0,0,0
1320,0,null,0,0,0
1321,0,null,0,0,0
1322,0,null,0,0,0
1323,0,null,0,0,0
1324,0,null,0,0,0
1325,0,null,0,0,0
1326,0,null,0,0,0
1327,0,null,0,0,0
1328,0,null,0,0,0
1329,0,null,0,0,0
1330,0,null,0,0,0
1331,0,null,0,0,0
1332,0,null,0,0,0
1333,0,null,0,0,0
1334,0,null,0,0,0
1335,0,null,0,0,0
1336,0,null,0,0,0
1337,0,null,0,0,0
1338,0,null,0,0,0
1339,0,null,0,0,0
1340,0,null,0,0,0
1341,0,null,0,0,0
1342,0,null,0,0,0
1343,0,null,0,0,0
1344,0,null,0,0,0
1345,12,pi+,1,1,0
1346,0,null,0,0,0
1347,0,null,0,0,0
1348,0,null,0,0,0
1349,12,pi-,1,1,1
1350,0,null,0,0,0
1351,0,null,0,0,0
1352,1,primary_proton,1,1,1
1353,5,pi+,1,0,0
1354,0,null,0,0,0
1355,0,null,0,0,0
1356,1,primary_proton,1,1,1
1357,0,null,0,0,0
1358,0,null,0,0,0
1359,0,null,0,0,0
1360,0,null,0,0,0
1361,0,null,0,0,0
1362,0,null,0,0,0
1363,0,null,0,0,0
1364,0,null,0,0,0
1365,0,null,0,0,0
1366,0,null,0,0,0
1367,0,null,0,0,0
1368,0,null,0,0,0
1369,0,null,0,0,0
1370,0,null,0,0,0
1371,0,null,0,0,0
1372,0,null,0,0,0
1373,0,null,0,0,0
1374,0,null,0,0,0
1375,0,null,0,0,0
1376,0,null,0,0,0
1377,0,null,0,0,0
1378,0,null,0,0,0
1379,0,null,0,0,0
1380,0,null,0,0,0
1381,0,null,0,0,0
1382,0,null,0,0,0
1383,0,null,0,0,0
1384,0,null,0,0,0
1385,0,null,0,0,0
1386,0,null,0,0,0
1387,0,null,0,0,0
1388,0,null,0,0,0
1389,0,null,0,0,0
1390,0,null,0,0,0
1391,0,null,0,0,0
1392,0,null,0,0,0
1393,0,null,0,0,0
1394,0,null,0,0,0
1395,0,null,0,0,0
1396,0,null,0,0,0
1397,0,null,0,0,0
1398,0,null,0,0,0
1399,10,pi+,1,1,0
1470,0,null,0,0,0
1471,0,null,0,0,0
1472,0,null,0,0,0
1473,1,primary_proton,1,1,1
1474,0,null,0,0,0
1475,0,null,0,0,0
1476,0,null,0,0,0
1477,0,null,0,0,0
1478,0,null,0,0,0
1479,0,null,0,0,0
1480,0,null,0,0,0
1481,0,null,0,0,0
1482,0,null,0,0,0
1483,0,null,0,0,0
1484,0,null,0,0,0
1485,0,null,0,0,0
1486,0,null,0,0,0
1487,0,null,0,0,0
1488,0,null,0,0,0
1489,0,null,0,0,0
1490,0,null,0,0,0
1491,0,null,0,0,0
1492,0,null,0,0,0
1493,0,null,0,0,0
1494,0,null,0,0,0
1495,0,null,0,0,0
1496,0,null,0,0,0
1497,0,null,0,0,0
1498,0,null,0,0,0
1499,0,null,0,0,0
1400,742,secondary_proton,1,0,0
1401,0,null,0,0,0
1402,0,null,0,0,0
1403,0,null,0,0,0
1404,0,null,0,0,0
1405,71,secondary_proton,1,1,1
1406,0,null,0,0,0
1407,0,null,0,0,0
1408,0,null,0,0,0
1409,0,null,0,0,0
1410,0,null,0,0,0
1411,11,secondary_proton,1,1,1
1412,0,null,0,0,0
1413,0,null,0,0,0
1414,0,null,0,0,0
1415,0,null,0,0,0
1416,0,null,0,0,0
1417,0,null,0,0,0
1418,0,null,0,0,0
1419,0,null,0,0,0
1420,1,primary_proton,1,1,1
1421,0,null,0,0,0
1422,0,null,0,0,0
1423,0,null,0,0,0
1424,0,null,0,0,0
1425,0,null,0,0,0
1426,0,null,0,0,0
1427,0,null,0,0,0
1428,0,null,0,0,0
1429,0,null,0,0,0
1430,0,null,0,0,0
1431,0,null,0,0,0
1432,1173,secondary_proton,1,0,0
1433,0,null,0,0,0
1434,1,primary_proton,1,1,1
1435,0,null,0,0,0
1436,0,null,0,0,0
1437,0,null,0,0,0
1438,0,null,0,0,0
1439,0,null,0,0,0
1440,0,null,0,0,0
1441,0,null,0,0,0
1442,0,null,0,0,0
1443,0,null,0,0,0
1444,0,null,0,0,0
1445,0,null,0,0,0
1446,0,null,0,0,0
1447,1,primary_proton,1,1,1
1448,0,null,0,0,0
1449,0,null,0,0,0
1450,0,null,0,0,0
1451,0,null,0,0,0
1452,0,null,0,0,0
1453,0,null,0,0,0
1454,0,null,0,0,0
1455,0,null,0,0,0
1456,0,null,0,0,0
1457,0,null,0,0,0
1458,0,null,0,0,0
1459,0,null,0,0,0
1460,0,null,0,0,0
1461,0,null,0,0,0
1462,0,null,0,0,0
1463,0,null,0,0,0
1464,0,null,0,0,0
1465,0,null,0,0,0
1466,0,null,0,0,0
1467,0,null,0,0,0
1468,0,null,0,0,0
1469,0,null,0,0,0
1540,0,null,0,0,0
1541,0,null,0,0,0
1542,0,null,0,0,0
1543,0,null,0,0,0
1544,0,null,0,0,0
1546,0,null,0,0,0
1547,0,null,0,0,0
1548,0,null,0,0,0
1549,0,null,0,0,0
1550,0,null,0,0,0
1551,0,null,0,0,0
1552,0,null,0,0,0
1553,0,null,0,0,0
1554,0,null,0,0,0
1555,0,null,0,0,0
1556,0,null,0,0,0
1557,0,null,0,0,0
1558,0,null,0,0,0
1559,0,null,0,0,0
1560,0,null,0,0,0
1561,0,null,0,0,0
1562,0,null,0,0,0
1563,0,null,0,0,0
1564,0,null,0,0,0
1565,0,null,0,0,0
1566,0,null,0,0,0
1567,0,null,0,0,0
1568,0,null,0,0,0
1569,0,null,0,0,0
1570,0,null,0,0,0
1571,0,null,0,0,0
1572,0,null,0,0,0
1573,0,null,0,0,0
1574,4,pi+,1,0,0
1575,0,null,0,0,0
1576,0,null,0,0,0
1577,0,null,0,0,0
1578,1,primary_proton,1,1,1
1579,0,null,0,0,0
1580,0,null,0,0,0
1581,0,null,0,0,0
1582,0,null,0,0,0
1583,0,null,0,0,0
1584,0,null,0,0,0
1585,1,primary_proton,1,1,1
1586,0,null,0,0,0
1587,0,null,0,0,0
1588,0,null,0,0,0
1589,0,null,0,0,0
1590,0,null,0,0,0
1591,0,null,0,0,0
1592,0,null,0,0,0
1593,0,null,0,0,0
1594,1,primary_proton,1,1,1
1595,0,null,0,0,0
1596,0,null,0,0,0
1597,1,primary_proton,1,1,1
1598,0,null,0,0,0
1599,0,null,0,0,0
1600,0,null,0,0,0
1601,0,null,0,0,0
1602,0,null,0,0,0
1603,0,null,0,0,0
1604,0,null,0,0,0
1605,0,null,0,0,0
1606,0,null,0,0,0
1607,0,null,0,0,0
1608,0,null,0,0,0
1609,0,null,0,0,0
1680,0,null,0,0,0
1681,0,null,0,0,0
1682,0,null,0,0,0
1683,0,null,0,0,0
1684,0,null,0,0,0
1685,0,null,0,0,0
1686,0,null,0,0,0
1687,0,null,0,0,0
1688,0,null,0,0,0
1689,0,null,0,0,0
1690,0,null,0,0,0
1691,0,null,0,0,0
1692,1,primary_proton,1,1,1
1693,0,null,0,0,0
1694,0,null,0,0,0
1695,0,null,0,0,0
1696,0,null,0,0,0
1697,0,null,0,0,0
1698,0,null,0,0,0
1699,0,null,0,0,0
1500,0,null,0,0,0
1501,0,null,0,0,0
1502,0,null,0,0,0
1503,0,null,0,0,0
1504,0,null,0,0,0
1505,0,null,0,0,0
1506,1,primary_proton,1,1,1
1507,0,null,0,0,0
1508,0,null,0,0,0
1509,0,null,0,0,0
1510,0,null,0,0,0
1511,0,null,0,0,0
1512,12,pi-,1,0,0
1513,0,null,0,0,0
1514,0,null,0,0,0
1515,0,null,0,0,0
1516,0,null,0,0,0
1517,4,secondary_proton,1,1,0
1518,0,null,0,0,0
1519,0,null,0,0,0
1520,0,null,0,0,0
1521,0,null,0,0,0
1522,0,null,0,0,0
1523,0,null,0,0,0
1524,0,null,0,0,0
1525,0,null,0,0,0
1526,0,null,0,0,0
1527,0,null,0,0,0
1528,0,null,0,0,0
1529,1,primary_proton,1,1,1
1530,0,null,0,0,0
1531,0,null,0,0,0
1532,0,null,0,0,0
1533,0,null,0,0,0
1534,0,null,0,0,0
1535,0,null,0,0,0
1536,0,null,0,0,0
1537,0,null,0,0,0
1538,0,null,0,0,0
1539,0,null,0,0,0
1610,0,null,0,0,0
1611,0,null,0,0,0
1612,0,null,0,0,0
1613,0,null,0,0,0
1614,0,null,0,0,0
1615,0,null,0,0,0
1616,850,e-,1,1,1
1617,0,null,0,0,0
1618,0,null,0,0,0
1619,0,null,0,0,0
1620,0,null,0,0,0
1621,0,null,0,0,0
1622,0,null,0,0,0
1623,0,null,0,0,0
1624,0,null,0,0,0
1625,0,null,0,0,0
1626,0,null,0,0,0
1627,0,null,0,0,0
1628,71,pi+,1,1,1
1629,0,null,0,0,0
1630,0,null,0,0,0
1631,0,null,0,0,0
1632,0,null,0,0,0
1633,0,null,0,0,0
1700,1,primary_proton,1,1,1
1701,0,null,0,0,0
1702,0,null,0,0,0
1703,0,null,0,0,0
1704,0,null,0,0,0
1705,0,null,0,0,0
1706,0,null,0,0,0
1707,0,null,0,0,0
1708,0,null,0,0,0
1709,0,null,0,0,0
1710,0,null,0,0,0
1711,0,null,0,0,0
1712,0,null,0,0,0
1713,0,null,0,0,0
1714,0,null,0,0,0
1715,0,null,0,0,0
1716,0,null,0,0,0
1717,0,null,0,0,0
1718,0,null,0,0,0
1719,0,null,0,0,0
1720,0,null,0,0,0
1721,0,null,0,0,0
1722,0,null,0,0,0
1723,0,null,0,0,0
1724,0,null,0,0,0
1725,0,null,0,0,0
1726,0,null,0,0,0
1727,0,null,0,0,0
1728,0,null,0,0,0
1729,0,null,0,0,0
1730,0,null,0,0,0
1731,0,null,0,0,0
1732,0,null,0,0,0
1733,0,null,0,0,0
1734,0,null,0,0,0
1735,0,null,0,0,0
1736,0,null,0,0,0
1737,0,null,0,0,0
1738,8,pi-,1,1,0
1739,0,null,0,0,0
1740,0,null,0,0,0
1741,0,null,0,0,0
1742,8,secondary_proton,1,1,0
1743,0,null,0,0,0
1744,0,null,0,0,0
1745,0,null,0,0,0
1746,0,null,0,0,0
1747,74,pi-,1,1,0
1748,0,null,0,0,0
1749,0,null,0,0,0
1750,0,null,0,0,0
1751,0,null,0,0,0
1752,0,null,0,0,0
1753,0,null,0,0,0
1754,0,null,0,0,0
1755,2266,pi-,1,1,0
1756,0,null,0,0,0
1757,0,null,0,0,0
1758,0,null,0,0,0
1759,0,null,0,0,0
1760,0,null,0,0,0
1761,0,null,0,0,0
1762,0,null,0,0,0
1763,0,null,0,0,0
1764,0,null,0,0,0
1765,0,null,0,0,0
1766,0,null,0,0,0
1767,0,null,0,0,0
1768,0,null,0,0,0
1769,0,null,0,0,0
1770,0,null,0,0,0
1771,0,null,0,0,0
1772,0,null,0,0,0
1773,0,null,0,0,0
1774,0,null,0,0,0
1775,0,null,0,0,0
1776,0,null,0,0,0
1777,0,null,0,0,0
1778,0,null,0,0,0
1779,0,null,0,0,0
1780,0,null,0,0,0
1781,0,null,0,0,0
1782,0,null,0,0,0
1783,0,null,0,0,0
1784,0,null,0,0,0
1785,0,null,0,0,0
1786,0,null,0,0,0
1787,0,null,0,0,0
1788,0,null,0,0,0
1789,0,null,0,0,0
1790,0,null,0,0,0
1791,0,null,0,0,0
1792,0,null,0,0,0
1793,0,null,0,0,0
1794,1,primary_proton,1,1,1
1795,0,null,0,0,0
1796,0,null,0,0,0
1797,0,null,0,0,0
1798,0,null,0,0,0
1799,0,null,0,0,0
1800,1,primary_proton,1,1,1
1801,0,null,0,0,0
1802,0,null,0,0,0
1803,0,null,0,0,0
1804,0,null,0,0,0
1805,0,null,0,0,0
1806,0,null,0,0,0
1807,0,null,0,0,0
1808,0,null,0,0,0
1809,0,null,0,0,0
1810,0,null,0,0,0
1811,0,null,0,0,0
1812,0,null,0,0,0
1813,0,null,0,0,0
1814,0,null,0,0,0
1815,0,null,0,0,0
1816,0,null,0,0,0
1817,0,null,0,0,0
1818,0,null,0,0,0
1819,0,null,0,0,0
1820,0,null,0,0,0
1821,0,null,0,0,0
1822,0,null,0,0,0
1823,0,null,0,0,0
1824,0,null,0,0,0
1825,0,null,0,0,0
1826,0,null,0,0,0
1827,0,null,0,0,0
1828,0,null,0,0,0
1829,0,null,0,0,0
1830,2,secondary_proton,1,1,1
1831,0,null,0,0,0
1832,0,null,0,0,0
1833,0,null,0,0,0
1834,0,null,0,0,0
1835,0,null,0,0,0
1836,0,null,0,0,0
1837,0,null,0,0,0
1838,1919,secondary_proton,1,1,0
1839,0,null,0,0,0
1840,10,pi-,1,1,1
1841,0,null,0,0,0
1842,0,null,0,0,0
1843,0,null,0,0,0
1844,0,null,0,0,0
1845,0,null,0,0,0
1846,0,null,0,0,0
1847,0,null,0,0,0
1848,0,null,0,0,0
1849,0,null,0,0,0
1850,0,null,0,0,0
1851,468,e-,1,0,0
1852,0,null,0,0,0
1853,0,null,0,0,0
1854,0,null,0,0,0
1855,0,null,0,0,0
1856,0,null,0,0,0
1857,13,secondary_proton,1,0,0
1858,0,null,0,0,0
1859,0,null,0,0,0
1860,0,null,0,0,0
1861,0,null,0,0,0
1862,0,null,0,0,0
1863,0,null,0,0,0
1864,0,null,0,0,0
1865,0,null,0,0,0
1866,0,null,0,0,0
1867,0,null,0,0,0
1868,0,null,0,0,0
1869,0,null,0,0,0
1870,0,null,0,0,0
1871,0,null,0,0,0
1872,0,null,0,0,0
1634,1,primary_proton,1,1,1
1635,0,null,0,0,0
1636,0,null,0,0,0
1637,0,null,0,0,0
1638,0,null,0,0,0
1639,23,secondary_proton,1,1,1
1640,0,null,0,0,0
1641,0,null,0,0,0
1642,0,null,0,0,0
1643,0,null,0,0,0
1644,0,null,0,0,0
1645,0,null,0,0,0
1646,8,secondary_proton,1,1,1
1647,0,null,0,0,0
1648,0,null,0,0,0
1649,0,null,0,0,0
1650,0,null,0,0,0
1651,0,null,0,0,0
1652,0,null,0,0,0
1653,1180,e-,1,0,0
1654,0,null,0,0,0
1655,0,null,0,0,0
1656,0,null,0,0,0
1657,0,null,0,0,0
1658,0,null,0,0,0
1659,0,null,0,0,0
1660,1,primary_proton,1,1,1
1661,0,null,0,0,0
1662,0,null,0,0,0
1663,4,secondary_proton,1,1,1
1664,0,null,0,0,0
1665,0,null,0,0,0
1666,1,primary_proton,1,1,1
1667,0,null,0,0,0
1668,0,null,0,0,0
1669,0,null,0,0,0
1670,0,null,0,0,0
1671,0,null,0,0,0
1672,0,null,0,0,0
1673,0,null,0,0,0
1674,0,null,0,0,0
1675,0,null,0,0,0
1676,0,null,0,0,0
1677,0,null,0,0,0
1678,0,null,0,0,0
1679,0,null,0,0,0
1890,0,null,0,0,0
1891,0,null,0,0,0
1892,0,null,0,0,0
1893,0,null,0,0,0
1894,0,null,0,0,0
1895,0,null,0,0,0
1896,0,null,0,0,0
1897,0,null,0,0,0
1898,0,null,0,0,0
1899,0,null,0,0,0
1873,0,null,0,0,0
1874,0,null,0,0,0
1875,17,secondary_proton,1,1,1
1876,0,null,0,0,0
1877,0,null,0,0,0
1878,0,null,0,0,0
1879,0,null,0,0,0
1880,0,null,0,0,0
1881,0,null,0,0,0
1882,0,null,0,0,0
1883,0,null,0,0,0
1884,0,null,0,0,0
1885,1,primary_proton,1,1,1
1886,0,null,0,0,0
1887,0,null,0,0,0
1888,0,null,0,0,0
1889,0,null,0,0,0
1960,1,primary_proton,1,1,1
1961,0,null,0,0,0
1962,0,null,0,0,0
1963,0,null,0,0,0
1964,0,null,0,0,0
1965,0,null,0,0,0
1966,0,null,0,0,0
1967,0,null,0,0,0
1968,0,null,0,0,0
1969,0,null,0,0,0
1970,0,null,0,0,0
1971,0,null,0,0,0
1972,0,null,0,0,0
1973,0,null,0,0,0
1974,0,null,0,0,0
1975,0,null,0,0,0
1976,10,pi+,1,1,0
1977,0,null,0,0,0
1978,0,null,0,0,0
1979,0,null,0,0,0
1980,0,null,0,0,0
1981,0,null,0,0,0
1982,0,null,0,0,0
1983,0,null,0,0,0
1984,0,null,0,0,0
1985,0,null,0,0,0
1986,0,null,0,0,0
1987,0,null,0,0,0
1988,0,null,0,0,0
1989,0,null,0,0,0
1990,0,null,0,0,0
1991,10,pi-,1,1,0
1992,0,null,0,0,0
1993,0,null,0,0,0
1994,0,null,0,0,0
1995,0,null,0,0,0
1996,0,null,0,0,0
1997,0,null,0,0,0
1998,0,null,0,0,0
1999,0,null,0,0,0
2000,0,null,0,0,0
2001,0,null,0,0,0
2002,0,null,0,0,0
2003,0,null,0,0,0
2004,0,null,0,0,0
2005,0,null,0,0,0
2006,0,null,0,0,0
2007,1361,secondary_proton,1,0,0
2008,0,null,0,0,0
2009,0,null,0,0,0
2010,0,null,0,0,0
2011,0,null,0,0,0
2012,0,null,0,0,0
2013,7,pi-,1,1,1
2014,0,null,0,0,0
2015,0,null,0,0,0
2016,0,null,0,0,0
2017,0,null,0,0,0
2018,0,null,0,0,0
2019,0,null,0,0,0
2020,0,null,0,0,0
2021,0,null,0,0,0
2022,0,null,0,0,0
2023,0,null,0,0,0
2024,0,null,0,0,0
2025,0,null,0,0,0
2026,0,null,0,0,0
2027,0,null,0,0,0
2028,1,primary_proton,1,1,1
2029,0,null,0,0,0
1900,0,null,0,0,0
1901,0,null,0,0,0
1902,0,null,0,0,0
1903,0,null,0,0,0
1904,0,null,0,0,0
1905,0,null,0,0,0
1906,0,null,0,0,0
1907,0,null,0,0,0
1908,0,null,0,0,0
1909,0,null,0,0,0
1910,0,null,0,0,0
1911,0,null,0,0,0
1912,0,null,0,0,0
1913,7,pi-,1,1,1
1914,0,null,0,0,0
1915,0,null,0,0,0
1916,0,null,0,0,0
1917,0,null,0,0,0
1918,0,null,0,0,0
1919,0,null,0,0,0
1920,0,null,0,0,0
1921,0,null,0,0,0
1922,0,null,0,0,0
1923,0,null,0,0,0
1924,0,null,0,0,0
1925,0,null,0,0,0
1926,0,null,0,0,0
1927,0,null,0,0,0
1928,0,null,0,0,0
1929,202,secondary_proton,1,1,0
1930,0,null,0,0,0
1931,0,null,0,0,0
1932,0,null,0,0,0
1933,0,null,0,0,0
1934,0,null,0,0,0
1935,0,null,0,0,0
1936,0,null,0,0,0
1937,0,null,0,0,0
1938,0,null,0,0,0
1939,0,null,0,0,0
1940,1072,e-,1,1,0
1941,0,null,0,0,0
1942,0,null,0,0,0
1943,0,null,0,0,0
1944,0,null,0,0,0
1945,0,null,0,0,0
1946,0,null,0,0,0
1947,0,null,0,0,0
1948,0,null,0,0,0
1949,0,null,0,0,0
1950,1,primary_proton,1,1,1
1951,0,null,0,0,0
1952,0,null,0,0,0
1953,0,null,0,0,0
1954,0,null,0,0,0
1955,0,null,0,0,0
1956,944,e-,1,1,0
1957,0,null,0,0,0
1958,0,null,0,0,0
1959,0,null,0,0,0
2030,0,null,0,0,0
2031,0,null,0,0,0
2032,0,null,0,0,0
2033,0,null,0,0,0
2034,0,null,0,0,0
2035,8,pi+,1,1,1
2100,0,null,0,0,0
2101,0,null,0,0,0
2102,0,null,0,0,0
2103,0,null,0,0,0
2104,0,null,0,0,0
2105,0,null,0,0,0
2106,0,null,0,0,0
2107,0,null,0,0,0
2108,4,secondary_proton,1,1,1
2109,0,null,0,0,0
2110,0,null,0,0,0
2111,0,null,0,0,0
2112,0,null,0,0,0
2113,0,null,0,0,0
2114,0,null,0,0,0
2115,1,primary_proton,1,1,1
2116,0,null,0,0,0
2117,0,null,0,0,0
2118,0,null,0,0,0
2119,0,null,0,0,0
2120,0,null,0,0,0
2121,0,null,0,0,0
2122,0,null,0,0,0
2123,0,null,0,0,0
2124,0,null,0,0,0
2125,0,null,0,0,0
2126,0,null,0,0,0
2127,0,null,0,0,0
2128,0,null,0,0,0
2129,0,null,0,0,0
2130,0,null,0,0,0
2131,0,null,0,0,0
2132,0,null,0,0,0
2133,0,null,0,0,0
2134,0,null,0,0,0
2135,17,pi+,1,1,1
2136,0,null,0,0,0
2137,0,null,0,0,0
2138,0,null,0,0,0
2139,0,null,0,0,0
2140,0,null,0,0,0
2141,0,null,0,0,0
2142,0,null,0,0,0
2143,0,null,0,0,0
2144,0,null,0,0,0
2145,0,null,0,0,0
2146,0,null,0,0,0
2147,0,null,0,0,0
2148,0,null,0,0,0
2149,0,null,0,0,0
2150,0,null,0,0,0
2151,0,null,0,0,0
2152,0,null,0,0,0
2153,0,null,0,0,0
2154,0,null,0,0,0
2155,0,null,0,0,0
2156,0,null,0,0,0
2157,0,null,0,0,0
2158,1,primary_proton,1,1,1
2159,0,null,0,0,0
2160,0,null,0,0,0
2161,0,null,0,0,0
2162,0,null,0,0,0
2163,0,null,0,0,0
2164,10,pi+,1,1,0
2165,0,null,0,0,0
2166,0,null,0,0,0
2167,0,null,0,0,0
2168,0,null,0,0,0
2169,0,null,0,0,0
2170,0,null,0,0,0
2171,0,null,0,0,0
2172,0,null,0,0,0
2173,0,null,0,0,0
2174,0,null,0,0,0
2175,50,secondary_proton,1,1,1
2176,0,null,0,0,0
2177,0,null,0,0,0
2178,0,null,0,0,0
2179,0,null,0,0,0
2180,0,null,0,0,0
2181,0,null,0,0,0
2182,0,null,0,0,0
2183,0,null,0,0,0
2184,0,null,0,0,0
2185,0,null,0,0,0
2186,0,null,0,0,0
2187,0,null,0,0,0
2188,0,null,0,0,0
2189,0,null,0,0,0
2190,10,pi+,1,1,1
2191,0,null,0,0,0
2192,0,null,0,0,0
2193,0,null,0,0,0
2194,0,null,0,0,0
2195,0,null,0,0,0
2196,0,null,0,0,0
2197,0,null,0,0,0
2198,0,null,0,0,0
2199,0,null,0,0,0
2036,0,null,0,0,0
2037,0,null,0,0,0
2038,0,null,0,0,0
2039,0,null,0,0,0
2040,0,null,0,0,0
2041,0,null,0,0,0
2042,0,null,0,0,0
2043,0,null,0,0,0
2044,0,null,0,0,0
2045,0,null,0,0,0
2046,0,null,0,0,0
2047,0,null,0,0,0
2048,0,null,0,0,0
2049,0,null,0,0,0
2050,0,null,0,0,0
2051,0,null,0,0,0
2052,0,null,0,0,0
2053,0,null,0,0,0
2054,0,null,0,0,0
2055,9,pi+,1,1,1
2056,0,null,0,0,0
2057,0,null,0,0,0
2058,0,null,0,0,0
2059,0,null,0,0,0
2060,0,null,0,0,0
2061,0,null,0,0,0
2062,0,null,0,0,0
2063,0,null,0,0,0
2064,0,null,0,0,0
2065,0,null,0,0,0
2066,0,null,0,0,0
2067,0,null,0,0,0
2068,0,null,0,0,0
2069,0,null,0,0,0
2070,54,secondary_proton,1,1,1
2071,0,null,0,0,0
2072,13,pi+,1,1,1
2073,0,null,0,0,0
2074,0,null,0,0,0
2075,0,null,0,0,0
2076,0,null,0,0,0
2077,0,null,0,0,0
2078,0,null,0,0,0
2079,0,null,0,0,0
2080,0,null,0,0,0
2081,0,null,0,0,0
2082,0,null,0,0,0
2083,0,null,0,0,0
2084,0,null,0,0,0
2085,0,null,0,0,0
2086,0,null,0,0,0
2087,746,pi-,1,1,1
2088,0,null,0,0,0
2089,0,null,0,0,0
2090,0,null,0,0,0
2091,0,null,0,0,0
2092,0,null,0,0,0
2093,1,primary_proton,1,1,1
2094,0,null,0,0,0
2095,0,null,0,0,0
2096,0,null,0,0,0
2097,0,null,0,0,0
2098,0,null,0,0,0
2099,0,null,0,0,0
2240,0,null,0,0,0
2241,0,null,0,0,0
2242,0,null,0,0,0
2243,0,null,0,0,0
2244,0,null,0,0,0
2245,0,null,0,0,0
2246,0,null,0,0,0
2247,0,null,0,0,0
2248,0,null,0,0,0
2249,0,null,0,0,0
2250,0,null,0,0,0
2251,0,null,0,0,0
2252,0,null,0,0,0
2253,0,null,0,0,0
2254,0,null,0,0,0
2255,0,null,0,0,0
2256,0,null,0,0,0
2257,0,null,0,0,0
2258,0,null,0,0,0
2259,0,null,0,0,0
2260,0,null,0,0,0
2261,0,null,0,0,0
2262,0,null,0,0,0
2263,0,null,0,0,0
2264,1,primary_proton,1,1,1
2265,12,secondary_proton,1,1,1
2266,0,null,0,0,0
2267,0,null,0,0,0
2268,0,null,0,0,0
2269,0,null,0,0,0
2270,0,null,0,0,0
2271,0,null,0,0,0
2272,0,null,0,0,0
2273,0,null,0,0,0
2274,0,null,0,0,0
2275,0,null,0,0,0
2276,0,null,0,0,0
2277,0,null,0,0,0
2278,0,null,0,0,0
2279,0,null,0,0,0
2280,0,null,0,0,0
2281,0,null,0,0,0
2282,427,e-,1,1,1
2283,0,null,0,0,0
2284,0,null,0,0,0
2285,0,null,0,0,0
2286,0,null,0,0,0
2287,0,null,0,0,0
2288,0,null,0,0,0
2289,0,null,0,0,0
2290,0,null,0,0,0
2291,0,null,0,0,0
2292,0,null,0,0,0
2293,0,null,0,0,0
2294,0,null,0,0,0
2295,0,null,0,0,0
2296,0,null,0,0,0
2297,0,null,0,0,0
2298,0,null,0,0,0
2299,0,null,0,0,0
2300,0,null,0,0,0
2301,0,null,0,0,0
2302,0,null,0,0,0
2303,0,null,0,0,0
2304,0,null,0,0,0
2305,0,null,0,0,0
2306,0,null,0,0,0
2307,0,null,0,0,0
2308,0,null,0,0,0
2309,0,null,0,0,0
2380,0,null,0,0,0
2381,0,null,0,0,0
2382,0,null,0,0,0
2383,0,null,0,0,0
2384,0,null,0,0,0
2385,0,null,0,0,0
2386,0,null,0,0,0
2387,0,null,0,0,0
2388,0,null,0,0,0
2389,0,null,0,0,0
2390,0,null,0,0,0
2391,0,null,0,0,0
2392,0,null,0,0,0
2393,1,primary_proton,1,1,1
2394,0,null,0,0,0
2395,0,null,0,0,0
2396,0,null,0,0,0
2397,0,null,0,0,0
2398,0,null,0,0,0
2399,0,null,0,0,0
2200,0,null,0,0,0
2201,0,null,0,0,0
2202,0,null,0,0,0
2203,0,null,0,0,0
2204,0,null,0,0,0
2205,0,null,0,0,0
2206,0,null,0,0,0
2207,19,secondary_proton,1,0,0
2208,0,null,0,0,0
2209,0,null,0,0,0
2210,0,null,0,0,0
2211,0,null,0,0,0
2212,0,null,0,0,0
2213,0,null,0,0,0
2214,0,null,0,0,0
2215,0,null,0,0,0
2216,0,null,0,0,0
2217,0,null,0,0,0
2218,0,null,0,0,0
2219,0,null,0,0,0
2220,1,primary_proton,1,1,1
2221,0,null,0,0,0
2222,0,null,0,0,0
2223,0,null,0,0,0
2224,0,null,0,0,0
2225,0,null,0,0,0
2226,0,null,0,0,0
2227,0,null,0,0,0
2228,0,null,0,0,0
2229,0,null,0,0,0
2230,0,null,0,0,0
2231,0,null,0,0,0
2232,0,null,0,0,0
2233,1,primary_proton,1,1,1
2234,0,null,0,0,0
2235,0,null,0,0,0
2236,0,null,0,0,0
2237,0,null,0,0,0
2238,0,null,0,0,0
2239,0,null,0,0,0
2310,0,null,0,0,0
2311,0,null,0,0,0
2312,0,null,0,0,0
2313,0,null,0,0,0
2314,0,null,0,0,0
2315,13,secondary_proton,1,1,1
2316,0,null,0,0,0
2317,0,null,0,0,0
2318,0,null,0,0,0
2319,5,pi+,1,0,0
2320,0,null,0,0,0
2321,0,null,0,0,0
2322,0,null,0,0,0
2323,0,null,0,0,0
2324,0,null,0,0,0
2325,0,null,0,0,0
2326,0,null,0,0,0
2327,0,null,0,0,0
2328,0,null,0,0,0
2329,0,null,0,0,0
2330,0,null,0,0,0
2331,0,null,0,0,0
2332,0,null,0,0,0
2333,0,null,0,0,0
2334,0,null,0,0,0
2335,0,null,0,0,0
2336,1,primary_proton,1,1,1
2337,0,null,0,0,0
2400,0,null,0,0,0
2401,0,null,0,0,0
2402,0,null,0,0,0
2403,0,null,0,0,0
2404,0,null,0,0,0
2405,0,null,0,0,0
2406,0,null,0,0,0
2407,0,null,0,0,0
2408,0,null,0,0,0
2409,0,null,0,0,0
2410,0,null,0,0,0
2411,5,secondary_proton,1,1,1
2412,0,null,0,0,0
2413,0,null,0,0,0
2414,0,null,0,0,0
2415,0,null,0,0,0
2416,0,null,0,0,0
2417,0,null,0,0,0
2418,0,null,0,0,0
2419,14,secondary_proton,1,1,1
2420,0,null,0,0,0
2421,0,null,0,0,0
2422,0,null,0,0,0
2423,0,null,0,0,0
2424,0,null,0,0,0
2425,1,primary_proton,1,1,1
2426,0,null,0,0,0
2427,0,null,0,0,0
2428,0,null,0,0,0
2429,0,null,0,0,0
2430,0,null,0,0,0
2431,0,null,0,0,0
2432,0,null,0,0,0
2433,0,null,0,0,0
2434,0,null,0,0,0
2435,0,null,0,0,0
2436,0,null,0,0,0
2437,0,null,0,0,0
2438,0,null,0,0,0
2439,0,null,0,0,0
2440,0,null,0,0,0
2441,0,null,0,0,0
2442,0,null,0,0,0
2443,0,null,0,0,0
2444,0,null,0,0,0
2445,0,null,0,0,0
2446,0,null,0,0,0
2447,1,primary_proton,1,1,1
2448,0,null,0,0,0
2449,0,null,0,0,0
2520,0,null,0,0,0
2521,0,null,0,0,0
2522,0,null,0,0,0
2523,0,null,0,0,0
2524,0,null,0,0,0
2525,0,null,0,0,0
2526,0,null,0,0,0
2527,0,null,0,0,0
2528,0,null,0,0,0
2529,0,null,0,0,0
2530,0,null,0,0,0
2531,0,null,0,0,0
2532,0,null,0,0,0
2533,0,null,0,0,0
2534,0,null,0,0,0
2535,0,null,0,0,0
2536,1266,e-,0,1,1
2537,0,null,0,0,0
2538,0,null,0,0,0
2539,0,null,0,0,0
2540,0,null,0,0,0
2541,0,null,0,0,0
2542,0,null,0,0,0
2543,0,null,0,0,0
2544,15,pi-,1,0,0
2545,0,null,0,0,0
2339,0,null,0,0,0
2340,0,null,0,0,0
2341,0,null,0,0,0
2342,0,null,0,0,0
2343,0,null,0,0,0
2344,0,null,0,0,0
2345,0,null,0,0,0
2346,0,null,0,0,0
2347,0,null,0,0,0
2348,0,null,0,0,0
2349,0,null,0,0,0
2350,0,null,0,0,0
2351,0,null,0,0,0
2352,0,null,0,0,0
2353,7,pi-,1,1,0
2354,0,null,0,0,0
2355,0,null,0,0,0
2356,0,null,0,0,0
2357,0,null,0,0,0
2358,0,null,0,0,0
2359,0,null,0,0,0
2360,0,null,0,0,0
2361,128,pi+,1,1,1
2362,0,null,0,0,0
2363,0,null,0,0,0
2364,0,null,0,0,0
2365,0,null,0,0,0
2366,1,primary_proton,1,1,1
2367,0,null,0,0,0
2368,0,null,0,0,0
2369,0,null,0,0,0
2370,0,null,0,0,0
2371,0,null,0,0,0
2372,0,null,0,0,0
2373,0,null,0,0,0
2374,0,null,0,0,0
2375,0,null,0,0,0
2376,0,null,0,0,0
2377,0,null,0,0,0
2378,0,null,0,0,0
2379,0,null,0,0,0
2450,0,null,0,0,0
2451,0,null,0,0,0
2452,2,secondary_proton,1,0,0
2453,0,null,0,0,0
2454,0,null,0,0,0
2455,0,null,0,0,0
2456,0,null,0,0,0
2457,0,null,0,0,0
2458,0,null,0,0,0
2459,0,null,0,0,0
2460,0,null,0,0,0
2461,0,null,0,0,0
2462,0,null,0,0,0
2463,0,null,0,0,0
2464,0,null,0,0,0
2465,0,null,0,0,0
2466,0,null,0,0,0
2467,0,null,0,0,0
2468,0,null,0,0,0
2469,1,primary_proton,1,0,0
2470,6,pi-,1,1,1
2471,0,null,0,0,0
2472,0,null,0,0,0
2473,0,null,0,0,0
2474,0,null,0,0,0
2475,0,null,0,0,0
2476,0,null,0,0,0
2477,0,null,0,0,0
2478,0,null,0,0,0
2479,0,null,0,0,0
2480,0,null,0,0,0
2481,0,null,0,0,0
2482,0,null,0,0,0
2483,0,null,0,0,0
2484,0,null,0,0,0
2485,0,null,0,0,0
2486,0,null,0,0,0
2487,0,null,0,0,0
2488,0,null,0,0,0
2489,0,null,0,0,0
2490,0,null,0,0,0
2491,0,null,0,0,0
2492,0,null,0,0,0
2493,0,null,0,0,0
2494,0,null,0,0,0
2495,0,null,0,0,0
2496,0,null,0,0,0
2497,0,null,0,0,0
2498,0,null,0,0,0
2499,0,null,0,0,0
2500,0,null,0,0,0
2501,1,primary_proton,1,1,1
2502,0,null,0,0,0
2503,0,null,0,0,0
2504,0,null,0,0,0
2505,0,null,0,0,0
2506,0,null,0,0,0
2507,0,null,0,0,0
2508,0,null,0,0,0
2509,0,null,0,0,0
2510,0,null,0,0,0
2511,0,null,0,0,0
2512,0,null,0,0,0
2513,0,null,0,0,0
2514,0,null,0,0,0
2515,0,null,0,0,0
2516,0,null,0,0,0
2517,0,null,0,0,0
2518,0,null,0,0,0
2519,0,null,0,0,0
2590,0,null,0,0,0
2591,0,null,0,0,0
2592,12,secondary_proton,1,1,1
2593,0,null,0,0,0
2594,0,null,0,0,0
2595,0,null,0,0,0
2596,0,null,0,0,0
2597,0,null,0,0,0
2598,0,null,0,0,0
2599,0,null,0,0,0
2547,0,null,0,0,0
2548,0,null,0,0,0
2549,0,null,0,0,0
2550,0,null,0,0,0
2551,0,null,0,0,0
2552,0,null,0,0,0
2553,0,null,0,0,0
2554,0,null,0,0,0
2555,0,null,0,0,0
2556,0,null,0,0,0
2557,0,null,0,0,0
2558,0,null,0,0,0
2559,0,null,0,0,0
2560,1,primary_proton,1,1,1
2561,0,null,0,0,0
2562,0,null,0,0,0
2563,8,pi-,1,0,0
2564,0,null,0,0,0
2565,0,null,0,0,0
2566,0,null,0,0,0
2567,0,null,0,0,0
2568,0,null,0,0,0
2569,8,pi-,1,1,1
2570,0,null,0,0,0
2571,1,primary_proton,1,1,1
2572,0,null,0,0,0
2573,0,null,0,0,0
2574,0,null,0,0,0
2575,0,null,0,0,0
2576,0,null,0,0,0
2577,1,primary_proton,1,1,1
2578,0,null,0,0,0
2579,0,null,0,0,0
2580,0,null,0,0,0
2581,0,null,0,0,0
2582,0,null,0,0,0
2583,0,null,0,0,0
2584,0,null,0,0,0
2585,0,null,0,0,0
2586,0,null,0,0,0
2587,0,null,0,0,0
2588,0,null,0,0,0
2589,0,null,0,0,0
2660,0,null,0,0,0
2661,0,null,0,0,0
2662,0,null,0,0,0
2663,0,null,0,0,0
2664,0,null,0,0,0
2665,1790,e-,1,0,0
2666,0,null,0,0,0
2667,0,null,0,0,0
2668,1,primary_proton,1,1,1
2669,0,null,0,0,0
2670,0,null,0,0,0
2671,0,null,0,0,0
2672,0,null,0,0,0
2673,0,null,0,0,0
2674,0,null,0,0,0
2675,0,null,0,0,0
2676,0,null,0,0,0
2677,0,null,0,0,0
2678,0,null,0,0,0
2679,0,null,0,0,0
2680,0,null,0,0,0
2681,0,null,0,0,0
2682,0,null,0,0,0
2683,0,null,0,0,0
2684,10,pi-,1,1,1
2685,0,null,0,0,0
2686,0,null,0,0,0
2688,0,null,0,0,0
2689,0,null,0,0,0
2690,0,null,0,0,0
2691,0,null,0,0,0
2692,0,null,0,0,0
2693,0,null,0,0,0
2694,0,null,0,0,0
2695,0,null,0,0,0
2696,0,null,0,0,0
2697,0,null,0,0,0
2698,0,null,0,0,0
2699,0,null,0,0,0
2600,4,pi+,1,1,1
2601,0,null,0,0,0
2602,0,null,0,0,0
2603,0,null,0,0,0
2604,0,null,0,0,0
2605,0,null,0,0,0
2606,0,null,0,0,0
2607,0,null,0,0,0
2608,0,null,0,0,0
2609,0,null,0,0,0
2610,0,null,0,0,0
2611,0,null,0,0,0
2612,0,null,0,0,0
2613,0,null,0,0,0
2614,0,null,0,0,0
2615,0,null,0,0,0
2616,0,null,0,0,0
2617,0,null,0,0,0
2618,0,null,0,0,0
2619,0,null,0,0,0
2620,0,null,0,0,0
2621,0,null,0,0,0
2622,0,null,0,0,0
2623,0,null,0,0,0
2624,0,null,0,0,0
2625,0,null,0,0,0
2626,0,null,0,0,0
2627,0,null,0,0,0
2628,0,null,0,0,0
2629,0,null,0,0,0
2630,0,null,0,0,0
2631,0,null,0,0,0
2632,0,null,0,0,0
2633,0,null,0,0,0
2634,0,null,0,0,0
2635,0,null,0,0,0
2636,0,null,0,0,0
2637,0,null,0,0,0
2638,0,null,0,0,0
2639,0,null,0,0,0
2640,0,null,0,0,0
2641,1,primary_proton,1,1,1
2642,9,pi-,1,1,1
2643,0,null,0,0,0
2644,0,null,0,0,0
2645,0,null,0,0,0
2646,0,null,0,0,0
2647,0,null,0,0,0
2648,0,null,0,0,0
2649,0,null,0,0,0
2650,0,null,0,0,0
2651,0,null,0,0,0
2652,0,null,0,0,0
2653,0,null,0,0,0
2654,0,null,0,0,0
2655,0,null,0,0,0
2656,0,null,0,0,0
2657,0,null,0,0,0
2658,0,null,0,0,0
2659,0,null,0,0,0
2730,0,null,0,0,0
2731,0,null,0,0,0
2732,0,null,0,0,0
2733,0,null,0,0,0
2734,0,null,0,0,0
2735,1,primary_proton,1,1,1
2736,0,null,0,0,0
2737,0,null,0,0,0
2738,1,primary_proton,1,1,1
2739,0,null,0,0,0
2740,0,null,0,0,0
2741,0,null,0,0,0
2742,0,null,0,0,0
2743,0,null,0,0,0
2744,0,null,0,0,0
2745,2482,kaon+,1,0,0
2746,0,null,0,0,0
2747,0,null,0,0,0
2748,0,null,0,0,0
2749,0,null,0,0,0
2750,0,null,0,0,0
2751,0,null,0,0,0
2752,0,null,0,0,0
2753,0,null,0,0,0
2754,0,null,0,0,0
2755,0,null,0,0,0
2756,0,null,0,0,0
2757,0,null,0,0,0
2758,0,null,0,0,0
2759,0,null,0,0,0
2760,0,null,0,0,0
2761,0,null,0,0,0
2762,0,null,0,0,0
2763,0,null,0,0,0
2764,0,null,0,0,0
2765,0,null,0,0,0
2766,0,null,0,0,0
2767,0,null,0,0,0
2768,0,null,0,0,0
2769,0,null,0,0,0
2770,0,null,0,0,0
2771,0,null,0,0,0
2772,0,null,0,0,0
2773,0,null,0,0,0
2774,0,null,0,0,0
2775,0,null,0,0,0
2776,0,null,0,0,0
2777,0,null,0,0,0
2778,0,null,0,0,0
2779,0,null,0,0,0
2780,0,null,0,0,0
2781,0,null,0,0,0
2782,0,null,0,0,0
2783,0,null,0,0,0
2784,0,null,0,0,0
2785,0,null,0,0,0
2786,0,null,0,0,0
2787,0,null,0,0,0
2788,0,null,0,0,0
2789,0,null,0,0,0
2790,0,null,0,0,0
2791,0,null,0,0,0
2792,0,null,0,0,0
2793,0,null,0,0,0
2794,0,null,0,0,0
2795,0,null,0,0,0
2796,0,null,0,0,0
2797,0,null,0,0,0
2798,0,null,0,0,0
2799,0,null,0,0,0
2700,0,null,0,0,0
2701,0,null,0,0,0
2702,0,null,0,0,0
2703,10,pi+,1,1,1
2704,0,null,0,0,0
2705,0,null,0,0,0
2706,0,null,0,0,0
2707,0,null,0,0,0
2708,0,null,0,0,0
2709,0,null,0,0,0
2710,0,null,0,0,0
2711,0,null,0,0,0
2712,1,primary_proton,1,1,1
2713,0,null,0,0,0
2714,0,null,0,0,0
2715,0,null,0,0,0
2716,1,primary_proton,1,1,1
2717,0,null,0,0,0
2718,0,null,0,0,0
2719,0,null,0,0,0
2720,4,secondary_proton,1,1,1
2721,0,null,0,0,0
2722,0,null,0,0,0
2723,0,null,0,0,0
2724,0,null,0,0,0
2725,0,null,0,0,0
2726,0,null,0,0,0
2727,0,null,0,0,0
2728,0,null,0,0,0
2729,1,primary_proton,1,1,1
2870,0,null,0,0,0
2871,0,null,0,0,0
2872,0,null,0,0,0
2873,0,null,0,0,0
2874,2,secondary_proton,1,1,1
2875,0,null,0,0,0
2876,0,null,0,0,0
2877,0,null,0,0,0
2878,0,null,0,0,0
2879,0,null,0,0,0
2880,0,null,0,0,0
2881,0,null,0,0,0
2882,0,null,0,0,0
2883,0,null,0,0,0
2884,0,null,0,0,0
2885,0,null,0,0,0
2886,0,null,0,0,0
2887,0,null,0,0,0
2888,0,null,0,0,0
2889,0,null,0,0,0
2890,0,null,0,0,0
2891,0,null,0,0,0
2892,0,null,0,0,0
2893,0,null,0,0,0
2894,0,null,0,0,0
2895,0,null,0,0,0
2896,0,null,0,0,0
2897,0,null,0,0,0
2898,1,primary_proton,1,1,1
2899,0,null,0,0,0
2900,0,null,0,0,0
2901,0,null,0,0,0
2902,0,null,0,0,0
2903,0,null,0,0,0
2904,0,null,0,0,0
2905,0,null,0,0,0
2906,0,null,0,0,0
2907,0,null,0,0,0
2908,0,null,0,0,0
2909,0,null,0,0,0
2910,0,null,0,0,0
2911,0,null,0,0,0
2912,0,null,0,0,0
2913,0,null,0,0,0
2914,0,null,0,0,0
2915,0,null,0,0,0
2916,0,null,0,0,0
2917,0,null,0,0,0
2918,0,null,0,0,0
2919,0,null,0,0,0
2920,0,null,0,0,0
2921,0,null,0,0,0
2922,0,null,0,0,0
2923,0,null,0,0,0
2924,0,null,0,0,0
2925,0,null,0,0,0
2926,0,null,0,0,0
2927,0,null,0,0,0
2928,0,null,0,0,0
2929,0,null,0,0,0
2930,0,null,0,0,0
2931,0,null,0,0,0
2932,0,null,0,0,0
2933,0,null,0,0,0
2934,0,null,0,0,0
2935,0,null,0,0,0
2936,0,null,0,0,0
2937,0,null,0,0,0
2938,0,null,0,0,0
2939,0,null,0,0,0
2940,0,null,0,0,0
2941,0,null,0,0,0
2942,0,null,0,0,0
2943,0,null,0,0,0
2944,0,null,0,0,0
2945,0,null,0,0,0
2946,0,null,0,0,0
2947,0,null,0,0,0
2948,0,null,0,0,0
2949,0,null,0,0,0
2950,0,null,0,0,0
2951,0,null,0,0,0
2952,0,null,0,0,0
2953,0,null,0,0,0
2954,0,null,0,0,0
2955,0,null,0,0,0
2956,0,null,0,0,0
2957,0,null,0,0,0
2958,0,null,0,0,0
2959,0,null,0,0,0
2960,1,primary_proton,1,1,1
2961,0,null,0,0,0
2962,0,null,0,0,0
2963,0,null,0,0,0
2964,0,null,0,0,0
2965,0,null,0,0,0
2966,0,null,0,0,0
2967,0,null,0,0,0
2968,0,null,0,0,0
2969,0,null,0,0,0
2970,0,null,0,0,0
2971,0,null,0,0,0
2972,0,null,0,0,0
2973,0,null,0,0,0
2974,0,null,0,0,0
2975,0,null,0,0,0
2976,0,null,0,0,0
2977,0,null,0,0,0
2978,0,null,0,0,0
2979,0,null,0,0,0
2980,0,null,0,0,0
2981,0,null,0,0,0
2982,0,null,0,0,0
2983,0,null,0,0,0
2984,0,null,0,0,0
2985,0,null,0,0,0
2986,0,null,0,0,0
2987,0,null,0,0,0
2988,0,null,0,0,0
2989,0,null,0,0,0
2990,0,null,0,0,0
2991,0,null,0,0,0
2992,0,null,0,0,0
2993,0,null,0,0,0
2994,0,null,0,0,0
2995,0,null,0,0,0
2996,0,null,0,0,0
2997,0,null,0,0,0
2998,0,null,0,0,0
2999,0,null,0,0,0
3000,0,null,0,0,0
3001,0,null,0,0,0
3002,0,null,0,0,0
3003,0,null,0,0,0
3004,0,null,0,0,0
3005,0,null,0,0,0
3006,0,null,0,0,0
3007,0,null,0,0,0
3008,0,null,0,0,0
3009,0,null,0,0,0
3010,0,null,0,0,0
3011,0,null,0,0,0
3012,0,null,0,0,0
3013,0,null,0,0,0
3014,0,null,0,0,0
3015,0,null,0,0,0
3016,0,null,0,0,0
3017,0,null,0,0,0
3018,7,pi+,1,0,0
3019,0,null,0,0,0
3020,0,null,0,0,0
3021,0,null,0,0,0
3022,0,null,0,0,0
3023,0,null,0,0,0
3024,0,null,0,0,0
3025,0,null,0,0,0
3026,0,null,0,0,0
3027,0,null,0,0,0
3028,0,null,0,0,0
3029,1,primary_proton,1,1,1
3030,0,null,0,0,0
3031,0,null,0,0,0
3032,0,null,0,0,0
3033,0,null,0,0,0
3034,0,null,0,0,0
3035,0,null,0,0,0
3036,0,null,0,0,0
3037,0,null,0,0,0
3038,0,null,0,0,0
3039,0,null,0,0,0
3040,0,null,0,0,0
3041,0,null,0,0,0
3042,0,null,0,0,0
3043,0,null,0,0,0
3044,0,null,0,0,0
3045,0,null,0,0,0
3046,0,null,0,0,0
3047,0,null,0,0,0
3048,6,secondary_proton,1,0,0
3049,0,null,0,0,0
3050,0,null,0,0,0
3051,0,null,0,0,0
3052,0,null,0,0,0
3053,0,null,0,0,0
3054,0,null,0,0,0
3055,0,null,0,0,0
3056,0,null,0,0,0
3057,0,null,0,0,0
3058,0,null,0,0,0
3059,1,primary_proton,1,1,1
3060,0,null,0,0,0
3061,0,null,0,0,0
3062,0,null,0,0,0
3063,0,null,0,0,0
3064,0,null,0,0,0
3065,0,null,0,0,0
3066,0,null,0,0,0
3067,0,null,0,0,0
3068,0,null,0,0,0
3069,0,null,0,0,0
3070,0,null,0,0,0
3071,0,null,0,0,0
3072,0,null,0,0,0
3073,0,null,0,0,0
3074,0,null,0,0,0
3075,0,null,0,0,0
3076,0,null,0,0,0
3077,0,null,0,0,0
3078,0,null,0,0,0
3079,0,null,0,0,0
2800,0,null,0,0,0
2801,0,null,0,0,0
2802,0,null,0,0,0
2803,0,null,0,0,0
2804,0,null,0,0,0
2805,0,null,0,0,0
2806,0,null,0,0,0
2807,0,null,0,0,0
2808,389,e-,1,1,1
2809,0,null,0,0,0
2810,1,primary_proton,1,1,1
2811,0,null,0,0,0
2812,1,primary_proton,1,1,1
2813,10,secondary_proton,1,1,1
2814,0,null,0,0,0
2815,0,null,0,0,0
2816,0,null,0,0,0
2817,0,null,0,0,0
2818,0,null,0,0,0
2819,3,secondary_proton,1,1,1
2820,0,null,0,0,0
2821,0,null,0,0,0
2822,0,null,0,0,0
2823,0,null,0,0,0
2824,0,null,0,0,0
2825,1071,e-,1,1,1
2826,0,null,0,0,0
2827,0,null,0,0,0
2828,0,null,0,0,0
2829,0,null,0,0,0
2830,0,null,0,0,0
2831,0,null,0,0,0
2832,0,null,0,0,0
2833,0,null,0,0,0
2834,0,null,0,0,0
2835,0,null,0,0,0
3081,14,pi+,1,1,1
3082,0,null,0,0,0
3083,0,null,0,0,0
3084,0,null,0,0,0
3085,0,null,0,0,0
3086,0,null,0,0,0
3087,0,null,0,0,0
3088,0,null,0,0,0
3089,0,null,0,0,0
3090,0,null,0,0,0
3091,0,null,0,0,0
3092,0,null,0,0,0
3093,0,null,0,0,0
3094,0,null,0,0,0
3095,0,null,0,0,0
3096,0,null,0,0,0
3097,0,null,0,0,0
3098,0,null,0,0,0
3099,0,null,0,0,0
2836,0,null,0,0,0
2837,0,null,0,0,0
2838,0,null,0,0,0
2839,0,null,0,0,0
2840,0,null,0,0,0
2841,0,null,0,0,0
2842,0,null,0,0,0
2843,0,null,0,0,0
2844,11,secondary_proton,1,1,1
2845,0,null,0,0,0
2846,0,null,0,0,0
2847,0,null,0,0,0
2848,0,null,0,0,0
2849,0,null,0,0,0
2850,0,null,0,0,0
2851,0,null,0,0,0
2852,0,null,0,0,0
2853,0,null,0,0,0
2854,0,null,0,0,0
2855,0,null,0,0,0
2856,0,null,0,0,0
2857,0,null,0,0,0
2858,0,null,0,0,0
2859,0,null,0,0,0
2860,0,null,0,0,0
2861,0,null,0,0,0
2862,0,null,0,0,0
2863,0,null,0,0,0
2864,0,null,0,0,0
2865,0,null,0,0,0
2866,0,null,0,0,0
2867,0,null,0,0,0
2868,0,null,0,0,0
2869,0,null,0,0,0
3150,0,null,0,0,0
3151,0,null,0,0,0
3152,0,null,0,0,0
3153,0,null,0,0,0
3154,0,null,0,0,0
3155,0,null,0,0,0
3156,0,null,0,0,0
3157,0,null,0,0,0
3158,0,null,0,0,0
3159,0,null,0,0,0
3160,0,null,0,0,0
3161,6,pi+,1,1,1
3162,0,null,0,0,0
3163,1,primary_proton,1,1,1
3164,0,null,0,0,0
3165,0,null,0,0,0
3166,0,null,0,0,0
3167,1667,e-,1,0,0
3168,0,null,0,0,0
3169,0,null,0,0,0
3170,0,null,0,0,0
3171,0,null,0,0,0
3172,0,null,0,0,0
3173,0,null,0,0,0
3174,0,null,0,0,0
3175,0,null,0,0,0
3176,0,null,0,0,0
3177,0,null,0,0,0
3178,0,null,0,0,0
3179,0,null,0,0,0
3180,0,null,0,0,0
3181,0,null,0,0,0
3182,0,null,0,0,0
3183,0,null,0,0,0
3184,0,null,0,0,0
3185,1,primary_proton,1,1,1
3186,7,pi+,1,0,0
3187,0,null,0,0,0
3188,0,null,0,0,0
3189,0,null,0,0,0
3190,0,null,0,0,0
3191,0,null,0,0,0
3192,0,null,0,0,0
3193,0,null,0,0,0
3194,0,null,0,0,0
3195,0,null,0,0,0
3196,0,null,0,0,0
3197,0,null,0,0,0
3198,0,null,0,0,0
3199,0,null,0,0,0
3100,0,null,0,0,0
3101,0,null,0,0,0
3102,0,null,0,0,0
3103,0,null,0,0,0
3104,0,null,0,0,0
3105,0,null,0,0,0
3106,0,null,0,0,0
3107,3,secondary_proton,1,1,1
3108,0,null,0,0,0
3109,0,null,0,0,0
3110,0,null,0,0,0
3111,0,null,0,0,0
3112,0,null,0,0,0
3113,7,pi+,1,1,1
3114,0,null,0,0,0
3115,0,null,0,0,0
3116,0,null,0,0,0
3117,0,null,0,0,0
3118,0,null,0,0,0
3119,0,null,0,0,0
3120,8,pi+,1,1,1
3121,0,null,0,0,0
3122,0,null,0,0,0
3123,0,null,0,0,0
3124,0,null,0,0,0
3125,0,null,0,0,0
3126,0,null,0,0,0
3127,0,null,0,0,0
3128,0,null,0,0,0
3129,1,primary_proton,1,1,1
3130,0,null,0,0,0
3131,0,null,0,0,0
3132,1,primary_proton,1,1,1
3133,1,primary_proton,1,1,1
3134,0,null,0,0,0
3135,0,null,0,0,0
3136,0,null,0,0,0
3137,0,null,0,0,0
3138,0,null,0,0,0
3139,0,null,0,0,0
3140,0,null,0,0,0
3141,0,null,0,0,0
3142,0,null,0,0,0
3143,0,null,0,0,0
3144,0,null,0,0,0
3145,0,null,0,0,0
3146,0,null,0,0,0
3147,0,null,0,0,0
3148,0,null,0,0,0
3149,0,null,0,0,0
3220,0,null,0,0,0
3221,0,null,0,0,0
3222,0,null,0,0,0
3223,0,null,0,0,0
3224,0,null,0,0,0
3225,0,null,0,0,0
3226,0,null,0,0,0
3227,0,null,0,0,0
3228,0,null,0,0,0
3229,0,null,0,0,0
3230,0,null,0,0,0
3231,0,null,0,0,0
3232,0,null,0,0,0
3233,0,null,0,0,0
3234,0,null,0,0,0
3235,0,null,0,0,0
3236,0,null,0,0,0
3237,0,null,0,0,0
3238,0,null,0,0,0
3239,0,null,0,0,0
3240,0,null,0,0,0
3241,0,null,0,0,0
3243,0,null,0,0,0
3244,0,null,0,0,0
3245,0,null,0,0,0
3246,0,null,0,0,0
3247,1,primary_proton,1,1,1
3248,0,null,0,0,0
3249,0,null,0,0,0
3250,0,null,0,0,0
3251,0,null,0,0,0
3252,0,null,0,0,0
3253,0,null,0,0,0
3254,0,null,0,0,0
3255,0,null,0,0,0
3256,0,null,0,0,0
3257,0,null,0,0,0
3258,0,null,0,0,0
3259,0,null,0,0,0
3260,0,null,0,0,0
3261,1,primary_proton,1,1,1
3262,0,null,0,0,0
3263,0,null,0,0,0
3264,0,null,0,0,0
3265,0,null,0,0,0
3266,0,null,0,0,0
3267,0,null,0,0,0
3268,0,null,0,0,0
3269,0,null,0,0,0
3270,0,null,0,0,0
3271,0,null,0,0,0
3272,0,null,0,0,0
3273,0,null,0,0,0
3274,0,null,0,0,0
3275,0,null,0,0,0
3276,0,null,0,0,0
3277,0,null,0,0,0
3278,0,null,0,0,0
3279,3761,e-,0,1,0
3280,0,null,0,0,0
3281,0,null,0,0,0
3282,0,null,0,0,0
3283,0,null,0,0,0
3284,0,null,0,0,0
3285,0,null,0,0,0
3286,0,null,0,0,0
3287,0,null,0,0,0
3288,0,null,0,0,0
3289,0,null,0,0,0
3290,0,null,0,0,0
3291,0,null,0,0,0
3292,0,null,0,0,0
3293,0,null,0,0,0
3294,0,null,0,0,0
3295,1389,e-,0,0,1
3296,0,null,0,0,0
3297,0,null,0,0,0
3298,0,null,0,0,0
3299,0,null,0,0,0
3200,0,null,0,0,0
3201,8,pi-,1,0,0
3202,0,null,0,0,0
3203,124,secondary_proton,1,1,1
3204,0,null,0,0,0
3205,0,null,0,0,0
3206,0,null,0,0,0
3207,0,null,0,0,0
3208,0,null,0,0,0
3209,0,null,0,0,0
3210,0,null,0,0,0
3211,0,null,0,0,0
3212,0,null,0,0,0
3213,0,null,0,0,0
3214,0,null,0,0,0
3215,0,null,0,0,0
3216,0,null,0,0,0
3217,8,pi+,1,1,1
3218,0,null,0,0,0
3219,0,null,0,0,0
3360,0,null,0,0,0
3361,4036,pi-,1,1,0
3362,25,pi-,1,1,0
3363,0,null,0,0,0
3364,0,null,0,0,0
3365,0,null,0,0,0
3366,0,null,0,0,0
3367,0,null,0,0,0
3368,0,null,0,0,0
3369,0,null,0,0,0
3370,0,null,0,0,0
3371,0,null,0,0,0
3372,0,null,0,0,0
3373,0,null,0,0,0
3374,0,null,0,0,0
3375,0,null,0,0,0
3376,0,null,0,0,0
3377,0,null,0,0,0
3378,0,null,0,0,0
3379,0,null,0,0,0
3380,0,null,0,0,0
3381,0,null,0,0,0
3382,0,null,0,0,0
3383,0,null,0,0,0
3384,0,null,0,0,0
3385,0,null,0,0,0
3386,0,null,0,0,0
3387,1,primary_proton,1,1,1
3388,0,null,0,0,0
3389,0,null,0,0,0
3390,0,null,0,0,0
3391,0,null,0,0,0
3392,0,null,0,0,0
3393,0,null,0,0,0
3394,0,null,0,0,0
3395,0,null,0,0,0
3396,0,null,0,0,0
3397,0,null,0,0,0
3398,0,null,0,0,0
3399,0,null,0,0,0
3300,0,null,0,0,0
3301,0,null,0,0,0
3302,0,null,0,0,0
3303,0,null,0,0,0
3304,0,null,0,0,0
3305,0,null,0,0,0
3306,0,null,0,0,0
3307,0,null,0,0,0
3308,0,null,0,0,0
3309,0,null,0,0,0
3310,0,null,0,0,0
3311,0,null,0,0,0
3312,0,null,0,0,0
3313,0,null,0,0,0
3314,0,null,0,0,0
3315,0,null,0,0,0
3316,0,null,0,0,0
3317,0,null,0,0,0
3318,0,null,0,0,0
3319,3,secondary_proton,1,1,1
3320,0,null,0,0,0
3321,0,null,0,0,0
3322,0,null,0,0,0
3323,0,null,0,0,0
3324,0,null,0,0,0
3325,0,null,0,0,0
3326,0,null,0,0,0
3327,0,null,0,0,0
3328,0,null,0,0,0
3329,0,null,0,0,0
3330,0,null,0,0,0
3331,0,null,0,0,0
3332,0,null,0,0,0
3333,1,primary_proton,1,1,1
3334,0,null,0,0,0
3335,0,null,0,0,0
3336,0,null,0,0,0
3337,0,null,0,0,0
3338,0,null,0,0,0
3339,0,null,0,0,0
3340,0,null,0,0,0
3341,0,null,0,0,0
3342,0,null,0,0,0
3343,0,null,0,0,0
3344,0,null,0,0,0
3345,0,null,0,0,0
3346,1,primary_proton,1,1,1
3347,4,secondary_proton,1,1,0
3348,443,e-,1,1,1
3349,0,null,0,0,0
3350,0,null,0,0,0
3351,0,null,0,0,0
3352,0,null,0,0,0
3353,0,null,0,0,0
3354,0,null,0,0,0
3355,0,null,0,0,0
3356,0,null,0,0,0
3357,0,null,0,0,0
3358,0,null,0,0,0
3359,0,null,0,0,0
3430,0,null,0,0,0
3431,0,null,0,0,0
3432,0,null,0,0,0
3433,0,null,0,0,0
3434,5,secondary_proton,1,0,0
3435,0,null,0,0,0
3436,0,null,0,0,0
3437,0,null,0,0,0
3438,0,null,0,0,0
3439,0,null,0,0,0
3440,0,null,0,0,0
3441,0,null,0,0,0
3400,0,null,0,0,0
3401,0,null,0,0,0
3402,0,null,0,0,0
3403,0,null,0,0,0
3404,0,null,0,0,0
3405,0,null,0,0,0
3406,0,null,0,0,0
3407,0,null,0,0,0
3408,0,null,0,0,0
3409,0,null,0,0,0
3410,0,null,0,0,0
3411,0,null,0,0,0
3412,0,null,0,0,0
3413,892,e+,1,0,0
3414,0,null,0,0,0
3415,0,null,0,0,0
3416,0,null,0,0,0
3417,0,null,0,0,0
3418,6,pi+,1,0,0
3419,12,pi-,1,1,0
3420,0,null,0,0,0
3421,0,null,0,0,0
3422,0,null,0,0,0
3423,0,null,0,0,0
3424,1,primary_proton,1,1,1
3425,0,null,0,0,0
3426,0,null,0,0,0
3427,1,primary_proton,1,1,1
3428,0,null,0,0,0
3429,0,null,0,0,0
3442,0,null,0,0,0
3443,0,null,0,0,0
3444,0,null,0,0,0
3445,1115,e-,1,1,1
3446,0,null,0,0,0
3447,0,null,0,0,0
3448,0,null,0,0,0
3449,0,null,0,0,0
3450,0,null,0,0,0
3451,0,null,0,0,0
3452,0,null,0,0,0
3453,1,primary_proton,1,1,1
3454,0,null,0,0,0
3455,0,null,0,0,0
3456,0,null,0,0,0
3457,0,null,0,0,0
3458,1,primary_proton,1,1,1
3459,1,primary_proton,1,1,1
3460,0,null,0,0,0
3461,0,null,0,0,0
3462,0,null,0,0,0
3463,0,null,0,0,0
3464,0,null,0,0,0
3465,0,null,0,0,0
3466,0,null,0,0,0
3467,0,null,0,0,0
3468,0,null,0,0,0
3469,0,null,0,0,0
3470,0,null,0,0,0
3471,0,null,0,0,0
3472,0,null,0,0,0
3473,0,null,0,0,0
3474,0,null,0,0,0
3475,0,null,0,0,0
3476,1,primary_proton,1,1,1
3477,0,null,0,0,0
3478,0,null,0,0,0
3479,0,null,0,0,0
3480,0,null,0,0,0
3481,0,null,0,0,0
3482,0,null,0,0,0
3483,0,null,0,0,0
3484,0,null,0,0,0
3485,0,null,0,0,0
3486,0,null,0,0,0
3487,0,null,0,0,0
3488,0,null,0,0,0
3489,0,null,0,0,0
3490,0,null,0,0,0
3491,0,null,0,0,0
3492,0,null,0,0,0
3493,0,null,0,0,0
3494,0,null,0,0,0
3495,0,null,0,0,0
3496,0,null,0,0,0
3497,0,null,0,0,0
3498,0,null,0,0,0
3499,0,null,0,0,0
3570,102,pi-,1,1,1
3571,0,null,0,0,0
3572,0,null,0,0,0
3573,0,null,0,0,0
3574,0,null,0,0,0
3575,0,null,0,0,0
3576,0,null,0,0,0
3577,0,null,0,0,0
3578,0,null,0,0,0
3579,0,null,0,0,0
3580,0,null,0,0,0
3581,0,null,0,0,0
3582,0,null,0,0,0
3583,0,null,0,0,0
3584,0,null,0,0,0
3585,0,null,0,0,0
3586,0,null,0,0,0
3587,1,primary_proton,1,1,1
3588,0,null,0,0,0
3589,0,null,0,0,0
3590,0,null,0,0,0
3591,0,null,0,0,0
3592,0,null,0,0,0
3593,0,null,0,0,0
3594,0,null,0,0,0
3595,0,null,0,0,0
3596,0,null,0,0,0
3597,0,null,0,0,0
3598,0,null,0,0,0
3599,0,null,0,0,0
3500,0,null,0,0,0
3501,0,null,0,0,0
3502,0,null,0,0,0
3503,0,null,0,0,0
3504,8,pi-,1,1,1
3505,0,null,0,0,0
3506,0,null,0,0,0
3507,0,null,0,0,0
3508,6,secondary_proton,1,1,1
3509,0,null,0,0,0
3510,0,null,0,0,0
3511,0,null,0,0,0
3512,0,null,0,0,0
3513,0,null,0,0,0
3514,0,null,0,0,0
3515,0,null,0,0,0
3516,0,null,0,0,0
3517,0,null,0,0,0
3518,0,null,0,0,0
3519,4063,e-,0,1,0
3520,0,null,0,0,0
3521,0,null,0,0,0
3522,12,secondary_proton,1,1,1
3523,0,null,0,0,0
3524,0,null,0,0,0
3525,1,primary_proton,1,1,1
3526,0,null,0,0,0
3527,0,null,0,0,0
3528,0,null,0,0,0
3529,0,null,0,0,0
3530,0,null,0,0,0
3531,0,null,0,0,0
3532,0,null,0,0,0
3533,0,null,0,0,0
3534,0,null,0,0,0
3535,0,null,0,0,0
3536,0,null,0,0,0
3537,0,null,0,0,0
3538,0,null,0,0,0
3539,0,null,0,0,0
3540,0,null,0,0,0
3541,0,null,0,0,0
3542,0,null,0,0,0
3543,0,null,0,0,0
3544,0,null,0,0,0
3545,0,null,0,0,0
3546,0,null,0,0,0
3547,0,null,0,0,0
3548,0,null,0,0,0
3549,0,null,0,0,0
3550,0,null,0,0,0
3551,0,null,0,0,0
3552,0,null,0,0,0
3553,0,null,0,0,0
3554,0,null,0,0,0
3555,0,null,0,0,0
3556,0,null,0,0,0
3557,0,null,0,0,0
3558,0,null,0,0,0
3559,17,pi+,1,1,1
3560,0,null,0,0,0
3561,0,null,0,0,0
3562,0,null,0,0,0
3563,0,null,0,0,0
3564,0,null,0,0,0
3565,0,null,0,0,0
3566,0,null,0,0,0
3567,0,null,0,0,0
3568,0,null,0,0,0
3569,0,null,0,0,0
3600,0,null,0,0,0
3601,0,null,0,0,0
3602,0,null,0,0,0
3603,0,null,0,0,0
3604,0,null,0,0,0
3605,0,null,0,0,0
3606,0,null,0,0,0
3607,0,null,0,0,0
3608,0,null,0,0,0
3609,0,null,0,0,0
3610,0,null,0,0,0
3611,0,null,0,0,0
3612,0,null,0,0,0
3613,0,null,0,0,0
3614,0,null,0,0,0
3615,0,null,0,0,0
3616,0,null,0,0,0
3617,0,null,0,0,0
3618,0,null,0,0,0
3619,0,null,0,0,0
3620,0,null,0,0,0
3621,0,null,0,0,0
3622,0,null,0,0,0
3623,0,null,0,0,0
3624,0,null,0,0,0
3625,0,null,0,0,0
3626,0,null,0,0,0
3627,0,null,0,0,0
3628,0,null,0,0,0
3629,0,null,0,0,0
3630,0,null,0,0,0
3631,0,null,0,0,0
3632,0,null,0,0,0
3633,0,null,0,0,0
3634,0,null,0,0,0
3635,0,null,0,0,0
3636,0,null,0,0,0
3637,13,secondary_proton,1,1,1
3638,28,pi+,1,1,1
3639,0,null,0,0,0
3640,0,null,0,0,0
3641,0,null,0,0,0
3642,0,null,0,0,0
3643,0,null,0,0,0
3644,0,null,0,0,0
3645,0,null,0,0,0
3646,0,null,0,0,0
3647,0,null,0,0,0
3648,0,null,0,0,0
3649,0,null,0,0,0
3650,0,null,0,0,0
3651,0,null,0,0,0
3652,0,null,0,0,0
3653,0,null,0,0,0
3654,0,null,0,0,0
3655,0,null,0,0,0
3656,0,null,0,0,0
3657,0,null,0,0,0
3658,1,primary_proton,1,1,1
3659,11,pi+,1,0,0
3660,0,null,0,0,0
3661,0,null,0,0,0
3662,0,null,0,0,0
3663,0,null,0,0,0
3664,0,null,0,0,0
3665,0,null,0,0,0
3666,0,null,0,0,0
3667,0,null,0,0,0
3668,0,null,0,0,0
3669,0,null,0,0,0
3670,0,null,0,0,0
3671,0,null,0,0,0
3672,0,null,0,0,0
3673,0,null,0,0,0
3674,0,null,0,0,0
3675,0,null,0,0,0
3676,0,null,0,0,0
3677,0,null,0,0,0
3678,0,null,0,0,0
3679,0,null,0,0,0
3680,0,null,0,0,0
3681,0,null,0,0,0
3683,5,secondary_proton,1,1,1
3684,0,null,0,0,0
3685,0,null,0,0,0
3686,1,primary_proton,1,1,1
3687,0,null,0,0,0
3688,0,null,0,0,0
3689,0,null,0,0,0
3690,0,null,0,0,0
3691,0,null,0,0,0
3692,0,null,0,0,0
3693,0,null,0,0,0
3694,0,null,0,0,0
3695,0,null,0,0,0
3696,0,null,0,0,0
3697,0,null,0,0,0
3698,0,null,0,0,0
3699,0,null,0,0,0
3700,0,null,0,0,0
3701,0,null,0,0,0
3702,0,null,0,0,0
3703,0,null,0,0,0
3704,0,null,0,0,0
3705,0,null,0,0,0
3706,0,null,0,0,0
3707,0,null,0,0,0
3708,0,null,0,0,0
3709,0,null,0,0,0
3780,0,null,0,0,0
3781,0,null,0,0,0
3782,0,null,0,0,0
3783,0,null,0,0,0
3784,0,null,0,0,0
3785,0,null,0,0,0
3786,0,null,0,0,0
3787,0,null,0,0,0
3788,0,null,0,0,0
3789,0,null,0,0,0
3790,0,null,0,0,0
3791,0,null,0,0,0
3792,0,null,0,0,0
3793,0,null,0,0,0
3794,0,null,0,0,0
3795,0,null,0,0,0
3796,0,null,0,0,0
3797,488,secondary_proton,1,1,1
3798,0,null,0,0,0
3799,1,primary_proton,1,1,1
3710,0,null,0,0,0
3711,0,null,0,0,0
3712,0,null,0,0,0
3713,0,null,0,0,0
3714,0,null,0,0,0
3715,1,primary_proton,1,1,1
3716,0,null,0,0,0
3717,0,null,0,0,0
3718,0,null,0,0,0
3719,0,null,0,0,0
3720,0,null,0,0,0
3721,0,null,0,0,0
3722,0,null,0,0,0
3723,0,null,0,0,0
3724,0,null,0,0,0
3725,10,pi+,1,1,1
3726,0,null,0,0,0
3727,0,null,0,0,0
3728,0,null,0,0,0
3729,0,null,0,0,0
3730,1,primary_proton,1,1,1
3731,0,null,0,0,0
3732,0,null,0,0,0
3733,0,null,0,0,0
3734,0,null,0,0,0
3735,0,null,0,0,0
3736,0,null,0,0,0
3737,0,null,0,0,0
3738,0,null,0,0,0
3739,0,null,0,0,0
3740,0,null,0,0,0
3741,0,null,0,0,0
3742,0,null,0,0,0
3743,0,null,0,0,0
3744,0,null,0,0,0
3745,0,null,0,0,0
3746,0,null,0,0,0
3747,0,null,0,0,0
3748,0,null,0,0,0
3749,0,null,0,0,0
3750,0,null,0,0,0
3751,0,null,0,0,0
3752,0,null,0,0,0
3753,0,null,0,0,0
3754,0,null,0,0,0
3755,0,null,0,0,0
3756,0,null,0,0,0
3757,0,null,0,0,0
3758,0,null,0,0,0
3759,0,null,0,0,0
3760,0,null,0,0,0
3761,0,null,0,0,0
3762,1,primary_proton,1,1,1
3763,0,null,0,0,0
3764,0,null,0,0,0
3765,0,null,0,0,0
3766,0,null,0,0,0
3767,8,pi-,1,1,1
3768,0,null,0,0,0
3769,0,null,0,0,0
3770,0,null,0,0,0
3771,0,null,0,0,0
3772,0,null,0,0,0
3773,0,null,0,0,0
3774,0,null,0,0,0
3775,0,null,0,0,0
3776,0,null,0,0,0
3777,0,null,0,0,0
3778,0,null,0,0,0
3779,0,null,0,0,0
3920,0,null,0,0,0
3921,0,null,0,0,0
3922,0,null,0,0,0
3923,0,null,0,0,0
3800,0,null,0,0,0
3801,0,null,0,0,0
3802,0,null,0,0,0
3803,0,null,0,0,0
3804,0,null,0,0,0
3805,0,null,0,0,0
3806,0,null,0,0,0
3807,0,null,0,0,0
3808,0,null,0,0,0
3809,0,null,0,0,0
3810,0,null,0,0,0
3811,0,null,0,0,0
3812,0,null,0,0,0
3813,0,null,0,0,0
3814,0,null,0,0,0
3815,0,null,0,0,0
3816,0,null,0,0,0
3817,0,null,0,0,0
3818,0,null,0,0,0
3819,0,null,0,0,0
3820,0,null,0,0,0
3821,0,null,0,0,0
3822,0,null,0,0,0
3823,0,null,0,0,0
3824,0,null,0,0,0
3825,0,null,0,0,0
3826,0,null,0,0,0
3827,0,null,0,0,0
3828,0,null,0,0,0
3829,0,null,0,0,0
3830,0,null,0,0,0
3831,0,null,0,0,0
3832,0,null,0,0,0
3833,0,null,0,0,0
3834,0,null,0,0,0
3835,0,null,0,0,0
3836,0,null,0,0,0
3837,0,null,0,0,0
3838,0,null,0,0,0
3839,0,null,0,0,0
3840,0,null,0,0,0
3841,0,null,0,0,0
3842,0,null,0,0,0
3843,0,null,0,0,0
3844,0,null,0,0,0
3845,0,null,0,0,0
3846,0,null,0,0,0
3847,0,null,0,0,0
3848,0,null,0,0,0
3849,0,null,0,0,0
3850,0,null,0,0,0
3851,0,null,0,0,0
3852,0,null,0,0,0
3853,0,null,0,0,0
3854,0,null,0,0,0
3855,0,null,0,0,0
3856,1879,e-,1,0,0
3857,0,null,0,0,0
3858,0,null,0,0,0
3859,0,null,0,0,0
3860,0,null,0,0,0
3861,0,null,0,0,0
3862,0,null,0,0,0
3863,0,null,0,0,0
3864,0,null,0,0,0
3865,0,null,0,0,0
3866,0,null,0,0,0
3867,0,null,0,0,0
3868,0,null,0,0,0
3869,0,null,0,0,0
3870,0,null,0,0,0
3871,0,null,0,0,0
3872,0,null,0,0,0
3873,0,null,0,0,0
3874,0,null,0,0,0
3875,0,null,0,0,0
3876,0,null,0,0,0
3877,0,null,0,0,0
3878,0,null,0,0,0
3879,0,null,0,0,0
3880,0,null,0,0,0
3881,0,null,0,0,0
3882,0,null,0,0,0
3883,0,null,0,0,0
3884,0,null,0,0,0
3885,0,null,0,0,0
3886,0,null,0,0,0
3887,0,null,0,0,0
3888,0,null,0,0,0
3889,0,null,0,0,0
3890,0,null,0,0,0
3891,0,null,0,0,0
3892,0,null,0,0,0
3893,0,null,0,0,0
3894,0,null,0,0,0
3895,0,null,0,0,0
3896,0,null,0,0,0
3897,0,null,0,0,0
3898,0,null,0,0,0
3899,0,null,0,0,0
3924,0,null,0,0,0
3925,0,null,0,0,0
3926,0,null,0,0,0
3927,16,pi+,1,1,1
3928,0,null,0,0,0
3929,0,null,0,0,0
3930,0,null,0,0,0
3931,0,null,0,0,0
3932,0,null,0,0,0
3933,0,null,0,0,0
3934,0,null,0,0,0
3935,0,null,0,0,0
3936,0,null,0,0,0
3937,0,null,0,0,0
3938,0,null,0,0,0
3939,0,null,0,0,0
3940,0,null,0,0,0
3941,0,null,0,0,0
3942,0,null,0,0,0
3943,0,null,0,0,0
3944,0,null,0,0,0
3945,411,secondary_proton,1,1,1
3946,0,null,0,0,0
3947,0,null,0,0,0
3948,0,null,0,0,0
3949,0,null,0,0,0
3950,4,secondary_proton,1,0,0
3951,0,null,0,0,0
3952,0,null,0,0,0
3953,0,null,0,0,0
3954,0,null,0,0,0
3955,0,null,0,0,0
3956,0,null,0,0,0
3957,0,null,0,0,0
3958,0,null,0,0,0
3959,0,null,0,0,0
3960,0,null,0,0,0
3961,0,null,0,0,0
3962,0,null,0,0,0
3963,0,null,0,0,0
3964,0,null,0,0,0
3965,0,null,0,0,0
3966,0,null,0,0,0
3967,0,null,0,0,0
3968,0,null,0,0,0
3969,0,null,0,0,0
3970,0,null,0,0,0
3971,0,null,0,0,0
3972,0,null,0,0,0
3973,0,null,0,0,0
3974,0,null,0,0,0
3975,0,null,0,0,0
3976,0,null,0,0,0
3977,0,null,0,0,0
3978,0,null,0,0,0
3979,0,null,0,0,0
3980,0,null,0,0,0
3981,0,null,0,0,0
3982,0,null,0,0,0
3983,0,null,0,0,0
3984,0,null,0,0,0
3985,0,null,0,0,0
3986,0,null,0,0,0
3987,0,null,0,0,0
3988,0,null,0,0,0
3989,0,null,0,0,0
4060,0,null,0,0,0
4061,0,null,0,0,0
4062,0,null,0,0,0
4063,0,null,0,0,0
4064,0,null,0,0,0
4065,0,null,0,0,0
3900,0,null,0,0,0
3901,0,null,0,0,0
3902,0,null,0,0,0
3903,0,null,0,0,0
3904,0,null,0,0,0
3905,0,null,0,0,0
3906,12,secondary_proton,1,0,0
3907,0,null,0,0,0
3908,0,null,0,0,0
3909,0,null,0,0,0
3910,0,null,0,0,0
3911,6,pi-,1,1,1
3912,0,null,0,0,0
3913,0,null,0,0,0
3914,0,null,0,0,0
3915,0,null,0,0,0
3916,0,null,0,0,0
3917,0,null,0,0,0
3918,0,null,0,0,0
3919,0,null,0,0,0
3990,0,null,0,0,0
3991,0,null,0,0,0
3992,0,null,0,0,0
3993,7,secondary_proton,1,1,1
3994,0,null,0,0,0
3995,0,null,0,0,0
3996,0,null,0,0,0
3997,0,null,0,0,0
3998,0,null,0,0,0
3999,0,null,0,0,0
4066,0,null,0,0,0
4067,0,null,0,0,0
4068,0,null,0,0,0
4069,0,null,0,0,0
4070,0,null,0,0,0
4071,18,pi-,1,1,0
4072,0,null,0,0,0
4073,0,null,0,0,0
4074,0,null,0,0,0
4075,0,null,0,0,0
4076,0,null,0,0,0
4077,0,null,0,0,0
4078,0,null,0,0,0
4079,0,null,0,0,0
4080,0,null,0,0,0
4081,0,null,0,0,0
4082,0,null,0,0,0
4083,0,null,0,0,0
4084,0,null,0,0,0
4085,0,null,0,0,0
4086,0,null,0,0,0
4087,0,null,0,0,0
4088,12,pi-,1,1,1
4089,0,null,0,0,0
4090,0,null,0,0,0
4091,0,null,0,0,0
4092,0,null,0,0,0
4093,0,null,0,0,0
4094,0,null,0,0,0
4095,0,null,0,0,0
4096,0,null,0,0,0
4097,0,null,0,0,0
4098,0,null,0,0,0
4099,0,null,0,0,0
4100,0,null,0,0,0
4101,0,null,0,0,0
4102,0,null,0,0,0
4103,0,null,0,0,0
4104,0,null,0,0,0
4105,0,null,0,0,0
4106,0,null,0,0,0
4107,0,null,0,0,0
4108,0,null,0,0,0
4109,0,null,0,0,0
4110,0,null,0,0,0
4111,0,null,0,0,0
4112,0,null,0,0,0
4113,1,primary_proton,1,1,1
4114,0,null,0,0,0
4115,0,null,0,0,0
4116,0,null,0,0,0
4117,7,secondary_proton,1,1,0
4118,0,null,0,0,0
4119,0,null,0,0,0
4120,0,null,0,0,0
4121,0,null,0,0,0
4122,0,null,0,0,0
4123,7,pi+,1,1,1
4124,0,null,0,0,0
4125,1,primary_proton,1,1,1
4126,0,null,0,0,0
4127,0,null,0,0,0
4128,0,null,0,0,0
4129,0,null,0,0,0
4130,0,null,0,0,0
4131,0,null,0,0,0
4132,0,null,0,0,0
4133,0,null,0,0,0
4134,0,null,0,0,0
4135,0,null,0,0,0
4136,0,null,0,0,0
4137,0,null,0,0,0
4138,0,null,0,0,0
4139,0,null,0,0,0
4140,0,null,0,0,0
4141,0,null,0,0,0
4142,0,null,0,0,0
4143,0,null,0,0,0
4144,0,null,0,0,0
4145,0,null,0,0,0
4146,0,null,0,0,0
4147,0,null,0,0,0
4148,0,null,0,0,0
4149,0,null,0,0,0
4150,0,null,0,0,0
4151,0,null,0,0,0
4152,0,null,0,0,0
4153,0,null,0,0,0
4154,0,null,0,0,0
4155,0,null,0,0,0
4156,0,null,0,0,0
4157,0,null,0,0,0
4158,0,null,0,0,0
4159,0,null,0,0,0
4160,0,null,0,0,0
4161,0,null,0,0,0
4162,0,null,0,0,0
4163,0,null,0,0,0
4164,0,null,0,0,0
4165,0,null,0,0,0
4166,0,null,0,0,0
4167,0,null,0,0,0
4168,0,null,0,0,0
4169,0,null,0,0,0
4170,0,null,0,0,0
4171,0,null,0,0,0
4172,0,null,0,0,0
4173,0,null,0,0,0
4174,0,null,0,0,0
4175,0,null,0,0,0
4000,0,null,0,0,0
4001,0,null,0,0,0
4002,0,null,0,0,0
4003,0,null,0,0,0
4004,11,pi+,1,1,1
4005,0,null,0,0,0
4006,0,null,0,0,0
4007,0,null,0,0,0
4008,0,null,0,0,0
4009,4,secondary_proton,1,1,1
4010,13,pi-,1,0,0
4011,0,null,0,0,0
4012,7,pi-,1,1,1
4013,0,null,0,0,0
4014,0,null,0,0,0
4015,0,null,0,0,0
4016,0,null,0,0,0
4017,0,null,0,0,0
4018,22,pi-,1,0,0
4019,1,primary_proton,1,1,1
4020,0,null,0,0,0
4021,8,pi+,1,1,1
4022,22,secondary_proton,1,1,1
4023,0,null,0,0,0
4024,0,null,0,0,0
4025,0,null,0,0,0
4026,0,null,0,0,0
4027,0,null,0,0,0
4028,0,null,0,0,0
4029,0,null,0,0,0
4030,0,null,0,0,0
4031,0,null,0,0,0
4032,0,null,0,0,0
4033,0,null,0,0,0
4034,0,null,0,0,0
4035,0,null,0,0,0
4036,1,primary_proton,1,1,1
4037,0,null,0,0,0
4038,0,null,0,0,0
4039,0,null,0,0,0
4040,0,null,0,0,0
4041,0,null,0,0,0
4042,0,null,0,0,0
4043,0,null,0,0,0
4044,0,null,0,0,0
4045,0,null,0,0,0
4046,0,null,0,0,0
4047,0,null,0,0,0
4048,0,null,0,0,0
4049,0,null,0,0,0
4050,0,null,0,0,0
4051,0,null,0,0,0
4052,0,null,0,0,0
4053,0,null,0,0,0
4054,0,null,0,0,0
4055,0,null,0,0,0
4056,1,primary_proton,1,1,0
4057,0,null,0,0,0
4058,0,null,0,0,0
4059,0,null,0,0,0
4200,2194,secondary_proton,1,0,0
4201,0,null,0,0,0
4202,0,null,0,0,0
4203,0,null,0,0,0
4204,0,null,0,0,0
4205,0,null,0,0,0
4206,0,null,0,0,0
4207,0,null,0,0,0
4208,0,null,0,0,0
4209,0,null,0,0,0
4210,0,null,0,0,0
4211,1,primary_proton,1,1,1
4212,0,null,0,0,0
4213,0,null,0,0,0
4214,0,null,0,0,0
4215,0,null,0,0,0
4216,0,null,0,0,0
4217,0,null,0,0,0
4218,0,null,0,0,0
4219,0,null,0,0,0
4220,0,null,0,0,0
4221,0,null,0,0,0
4222,0,null,0,0,0
4223,0,null,0,0,0
4224,0,null,0,0,0
4225,0,null,0,0,0
4226,0,null,0,0,0
4227,0,null,0,0,0
4228,0,null,0,0,0
4229,0,null,0,0,0
4230,0,null,0,0,0
4231,0,null,0,0,0
4232,0,null,0,0,0
4233,0,null,0,0,0
4234,0,null,0,0,0
4235,0,null,0,0,0
4236,0,null,0,0,0
4237,0,null,0,0,0
4238,0,null,0,0,0
4239,0,null,0,0,0
4240,0,null,0,0,0
4241,0,null,0,0,0
4242,0,null,0,0,0
4243,0,null,0,0,0
4244,0,null,0,0,0
4245,0,null,0,0,0
4246,0,null,0,0,0
4247,0,null,0,0,0
4248,0,null,0,0,0
4249,0,null,0,0,0
4250,0,null,0,0,0
4251,0,null,0,0,0
4252,0,null,0,0,0
4253,0,null,0,0,0
4254,0,null,0,0,0
4255,0,null,0,0,0
4256,0,null,0,0,0
4257,0,null,0,0,0
4258,0,null,0,0,0
4259,0,null,0,0,0
4260,0,null,0,0,0
4261,0,null,0,0,0
4262,568,secondary_proton,1,1,1
4263,0,null,0,0,0
4264,0,null,0,0,0
4265,0,null,0,0,0
4266,0,null,0,0,0
4267,0,null,0,0,0
4268,0,null,0,0,0
4269,0,null,0,0,0
4340,0,null,0,0,0
4341,0,null,0,0,0
4342,0,null,0,0,0
4343,0,null,0,0,0
4344,0,null,0,0,0
4345,0,null,0,0,0
4346,0,null,0,0,0
4347,0,null,0,0,0
4348,0,null,0,0,0
4349,0,null,0,0,0
4350,0,null,0,0,0
4351,0,null,0,0,0
4176,0,null,0,0,0
4177,0,null,0,0,0
4178,0,null,0,0,0
4179,0,null,0,0,0
4180,0,null,0,0,0
4181,0,null,0,0,0
4182,0,null,0,0,0
4183,0,null,0,0,0
4184,11,pi+,1,1,1
4185,0,null,0,0,0
4186,0,null,0,0,0
4187,0,null,0,0,0
4188,0,null,0,0,0
4189,0,null,0,0,0
4190,0,null,0,0,0
4191,0,null,0,0,0
4192,0,null,0,0,0
4193,0,null,0,0,0
4194,0,null,0,0,0
4195,0,null,0,0,0
4196,0,null,0,0,0
4197,0,null,0,0,0
4198,0,null,0,0,0
4199,0,null,0,0,0
4270,0,null,0,0,0
4271,1599,pi-,1,0,0
4272,508,pi+,1,1,1
4273,0,null,0,0,0
4274,0,null,0,0,0
4275,0,null,0,0,0
4276,0,null,0,0,0
4277,0,null,0,0,0
4278,0,null,0,0,0
4279,0,null,0,0,0
4280,0,null,0,0,0
4281,0,null,0,0,0
4282,0,null,0,0,0
4283,99,pi+,1,0,0
4284,0,null,0,0,0
4285,0,null,0,0,0
4286,0,null,0,0,0
4287,0,null,0,0,0
4288,0,null,0,0,0
4289,0,null,0,0,0
4290,1,primary_proton,1,1,1
4291,0,null,0,0,0
4292,0,null,0,0,0
4293,0,null,0,0,0
4294,0,null,0,0,0
4295,0,null,0,0,0
4296,0,null,0,0,0
4297,0,null,0,0,0
4298,0,null,0,0,0
4299,0,null,0,0,0
4353,0,null,0,0,0
4354,8,secondary_proton,1,1,1
4355,0,null,0,0,0
4356,1,primary_proton,1,1,1
4357,0,null,0,0,0
4358,0,null,0,0,0
4359,0,null,0,0,0
4360,0,null,0,0,0
4361,0,null,0,0,0
4362,0,null,0,0,0
4363,0,null,0,0,0
4364,0,null,0,0,0
4365,0,null,0,0,0
4366,0,null,0,0,0
4367,0,null,0,0,0
4368,0,null,0,0,0
4369,0,null,0,0,0
4370,0,null,0,0,0
4371,0,null,0,0,0
4372,0,null,0,0,0
4373,0,null,0,0,0
4374,0,null,0,0,0
4375,0,null,0,0,0
4376,0,null,0,0,0
4377,0,null,0,0,0
4378,13,pi-,1,1,0
4379,0,null,0,0,0
4380,0,null,0,0,0
4381,0,null,0,0,0
4382,0,null,0,0,0
4383,0,null,0,0,0
4384,0,null,0,0,0
4385,0,null,0,0,0
4386,0,null,0,0,0
4387,0,null,0,0,0
4388,0,null,0,0,0
4389,38,secondary_proton,1,1,1
4390,0,null,0,0,0
4391,0,null,0,0,0
4392,0,null,0,0,0
4393,0,null,0,0,0
4394,0,null,0,0,0
4395,1,primary_proton,1,1,1
4396,0,null,0,0,0
4397,0,null,0,0,0
4398,0,null,0,0,0
4399,0,null,0,0,0
4400,0,null,0,0,0
4401,0,null,0,0,0
4402,0,null,0,0,0
4403,0,null,0,0,0
4404,0,null,0,0,0
4405,0,null,0,0,0
4406,0,null,0,0,0
4407,0,null,0,0,0
4408,0,null,0,0,0
4409,0,null,0,0,0
4480,0,null,0,0,0
4481,0,null,0,0,0
4482,0,null,0,0,0
4483,0,null,0,0,0
4484,0,null,0,0,0
4485,0,null,0,0,0
4486,0,null,0,0,0
4487,0,null,0,0,0
4488,0,null,0,0,0
4489,0,null,0,0,0
4490,0,null,0,0,0
4491,0,null,0,0,0
4492,0,null,0,0,0
4493,0,null,0,0,0
4494,0,null,0,0,0
4495,0,null,0,0,0
4496,0,null,0,0,0
4497,0,null,0,0,0
4498,0,null,0,0,0
4499,0,null,0,0,0
4300,0,null,0,0,0
4301,0,null,0,0,0
4302,0,null,0,0,0
4303,0,null,0,0,0
4304,0,null,0,0,0
4305,0,null,0,0,0
4306,0,null,0,0,0
4307,0,null,0,0,0
4308,0,null,0,0,0
4309,0,null,0,0,0
4310,0,null,0,0,0
4311,3,secondary_proton,1,1,1
4312,0,null,0,0,0
4313,0,null,0,0,0
4314,8,secondary_proton,1,1,1
4315,0,null,0,0,0
4316,0,null,0,0,0
4317,0,null,0,0,0
4318,0,null,0,0,0
4319,0,null,0,0,0
4320,0,null,0,0,0
4321,8,secondary_proton,1,1,1
4322,0,null,0,0,0
4323,8,pi+,1,0,0
4324,1,primary_proton,1,1,1
4325,0,null,0,0,0
4326,0,null,0,0,0
4327,9,pi+,1,0,0
4328,0,null,0,0,0
4329,0,null,0,0,0
4330,0,null,0,0,0
4331,0,null,0,0,0
4332,0,null,0,0,0
4333,0,null,0,0,0
4334,0,null,0,0,0
4335,0,null,0,0,0
4336,0,null,0,0,0
4337,0,null,0,0,0
4338,0,null,0,0,0
4339,0,null,0,0,0
4410,0,null,0,0,0
4411,0,null,0,0,0
4412,0,null,0,0,0
4413,0,null,0,0,0
4414,0,null,0,0,0
4415,0,null,0,0,0
4416,0,null,0,0,0
4417,0,null,0,0,0
4418,0,null,0,0,0
4419,0,null,0,0,0
4420,0,null,0,0,0
4421,0,null,0,0,0
4422,1,primary_proton,1,1,1
4423,0,null,0,0,0
4424,0,null,0,0,0
4425,0,null,0,0,0
4426,0,null,0,0,0
4427,0,null,0,0,0
4428,0,null,0,0,0
4429,12,pi-,1,1,1
4430,0,null,0,0,0
4431,0,null,0,0,0
4432,0,null,0,0,0
4433,0,null,0,0,0
4434,0,null,0,0,0
4435,0,null,0,0,0
4436,0,null,0,0,0
4437,0,null,0,0,0
4438,0,null,0,0,0
4439,0,null,0,0,0
4440,0,null,0,0,0
4441,0,null,0,0,0
4500,0,null,0,0,0
4501,0,null,0,0,0
4502,1,primary_proton,1,1,1
4503,5,secondary_proton,1,1,1
4504,0,null,0,0,0
4505,0,null,0,0,0
4506,9,pi+,1,1,0
4507,0,null,0,0,0
4508,0,null,0,0,0
4509,0,null,0,0,0
4510,0,null,0,0,0
4511,0,null,0,0,0
4512,0,null,0,0,0
4513,0,null,0,0,0
4514,0,null,0,0,0
4515,0,null,0,0,0
4516,0,null,0,0,0
4517,0,null,0,0,0
4518,0,null,0,0,0
4519,0,null,0,0,0
4520,0,null,0,0,0
4521,0,null,0,0,0
4522,0,null,0,0,0
4523,1572,pi-,1,0,0
4524,0,null,0,0,0
4525,1,primary_proton,1,1,1
4526,0,null,0,0,0
4527,0,null,0,0,0
4528,0,null,0,0,0
4529,0,null,0,0,0
4530,0,null,0,0,0
4531,0,null,0,0,0
4532,0,null,0,0,0
4533,1,primary_proton,1,1,1
4534,0,null,0,0,0
4535,0,null,0,0,0
4536,1,primary_proton,1,1,1
4537,0,null,0,0,0
4538,0,null,0,0,0
4539,0,null,0,0,0
4540,0,null,0,0,0
4541,0,null,0,0,0
4542,0,null,0,0,0
4543,0,null,0,0,0
4544,0,null,0,0,0
4545,0,null,0,0,0
4546,0,null,0,0,0
4547,0,null,0,0,0
4548,0,null,0,0,0
4549,0,null,0,0,0
4620,0,null,0,0,0
4621,0,null,0,0,0
4622,0,null,0,0,0
4623,0,null,0,0,0
4624,0,null,0,0,0
4625,0,null,0,0,0
4626,0,null,0,0,0
4627,1,primary_proton,1,1,1
4628,0,null,0,0,0
4629,0,null,0,0,0
4630,0,null,0,0,0
4631,0,null,0,0,0
4632,0,null,0,0,0
4633,0,null,0,0,0
4634,0,null,0,0,0
4635,0,null,0,0,0
4636,0,null,0,0,0
4637,0,null,0,0,0
4443,0,null,0,0,0
4444,0,null,0,0,0
4445,0,null,0,0,0
4446,0,null,0,0,0
4447,0,null,0,0,0
4448,0,null,0,0,0
4449,0,null,0,0,0
4450,0,null,0,0,0
4451,0,null,0,0,0
4452,0,null,0,0,0
4453,0,null,0,0,0
4454,0,null,0,0,0
4455,0,null,0,0,0
4456,0,null,0,0,0
4457,0,null,0,0,0
4458,0,null,0,0,0
4459,0,null,0,0,0
4460,0,null,0,0,0
4461,0,null,0,0,0
4462,0,null,0,0,0
4463,0,null,0,0,0
4464,0,null,0,0,0
4465,0,null,0,0,0
4466,0,null,0,0,0
4467,0,null,0,0,0
4468,0,null,0,0,0
4469,0,null,0,0,0
4470,0,null,0,0,0
4471,0,null,0,0,0
4472,0,null,0,0,0
4473,0,null,0,0,0
4474,0,null,0,0,0
4475,0,null,0,0,0
4476,0,null,0,0,0
4477,0,null,0,0,0
4478,0,null,0,0,0
4479,0,null,0,0,0
4550,0,null,0,0,0
4551,0,null,0,0,0
4552,0,null,0,0,0
4553,0,null,0,0,0
4554,0,null,0,0,0
4555,0,null,0,0,0
4556,0,null,0,0,0
4557,0,null,0,0,0
4558,0,null,0,0,0
4559,0,null,0,0,0
4560,0,null,0,0,0
4561,0,null,0,0,0
4562,0,null,0,0,0
4563,0,null,0,0,0
4564,0,null,0,0,0
4565,8,pi-,1,1,1
4566,0,null,0,0,0
4567,0,null,0,0,0
4568,0,null,0,0,0
4569,0,null,0,0,0
4570,0,null,0,0,0
4571,1,primary_proton,1,1,1
4572,0,null,0,0,0
4573,0,null,0,0,0
4574,0,null,0,0,0
4575,0,null,0,0,0
4576,0,null,0,0,0
4577,0,null,0,0,0
4578,0,null,0,0,0
4579,0,null,0,0,0
4580,0,null,0,0,0
4581,0,null,0,0,0
4582,0,null,0,0,0
4583,0,null,0,0,0
4584,0,null,0,0,0
4585,0,null,0,0,0
4586,0,null,0,0,0
4587,12,pi+,1,1,1
4588,0,null,0,0,0
4589,0,null,0,0,0
4590,0,null,0,0,0
4591,0,null,0,0,0
4592,0,null,0,0,0
4593,0,null,0,0,0
4594,0,null,0,0,0
4595,0,null,0,0,0
4596,0,null,0,0,0
4597,0,null,0,0,0
4598,0,null,0,0,0
4599,0,null,0,0,0
4600,0,null,0,0,0
4601,0,null,0,0,0
4602,0,null,0,0,0
4603,0,null,0,0,0
4604,10,secondary_proton,1,1,1
4605,0,null,0,0,0
4606,0,null,0,0,0
4607,0,null,0,0,0
4608,1,primary_proton,1,1,1
4609,0,null,0,0,0
4610,0,null,0,0,0
4611,0,null,0,0,0
4612,0,null,0,0,0
4613,0,null,0,0,0
4614,0,null,0,0,0
4615,0,null,0,0,0
4616,0,null,0,0,0
4617,0,null,0,0,0
4618,0,null,0,0,0
4619,0,null,0,0,0
4690,0,null,0,0,0
4691,0,null,0,0,0
4692,0,null,0,0,0
4693,0,null,0,0,0
4694,0,null,0,0,0
4695,0,null,0,0,0
4696,0,null,0,0,0
4697,0,null,0,0,0
4698,0,null,0,0,0
4699,0,null,0,0,0
4639,0,null,0,0,0
4640,0,null,0,0,0
4641,0,null,0,0,0
4642,0,null,0,0,0
4643,0,null,0,0,0
4644,0,null,0,0,0
4645,0,null,0,0,0
4646,0,null,0,0,0
4647,0,null,0,0,0
4648,0,null,0,0,0
4649,0,null,0,0,0
4650,8,secondary_proton,1,0,0
4651,0,null,0,0,0
4652,1,primary_proton,1,0,0
4653,0,null,0,0,0
4654,0,null,0,0,0
4655,0,null,0,0,0
4656,0,null,0,0,0
4657,0,null,0,0,0
4658,0,null,0,0,0
4659,0,null,0,0,0
4660,0,null,0,0,0
4661,0,null,0,0,0
4662,0,null,0,0,0
4663,0,null,0,0,0
4664,0,null,0,0,0
4665,0,null,0,0,0
4666,0,null,0,0,0
4667,0,null,0,0,0
4668,0,null,0,0,0
4669,0,null,0,0,0
4670,1,primary_proton,1,1,1
4671,0,null,0,0,0
4672,0,null,0,0,0
4673,0,null,0,0,0
4674,0,null,0,0,0
4675,0,null,0,0,0
4676,0,null,0,0,0
4677,0,null,0,0,0
4678,0,null,0,0,0
4679,0,null,0,0,0
4680,0,null,0,0,0
4681,0,null,0,0,0
4682,1,primary_proton,1,1,1
4683,0,null,0,0,0
4684,0,null,0,0,0
4685,5,secondary_proton,1,1,1
4686,0,null,0,0,0
4687,0,null,0,0,0
4688,0,null,0,0,0
4689,0,null,0,0,0
4760,0,null,0,0,0
4761,0,null,0,0,0
4762,0,null,0,0,0
4763,0,null,0,0,0
4764,0,null,0,0,0
4765,0,null,0,0,0
4766,0,null,0,0,0
4767,0,null,0,0,0
4768,0,null,0,0,0
4769,1,primary_proton,1,1,1
4770,0,null,0,0,0
4771,8,pi-,1,1,1
4772,0,null,0,0,0
4773,0,null,0,0,0
4774,0,null,0,0,0
4775,0,nG4WT1 > ull,0,0,0
4776,0,null,0,0,0
4777,0,null,0,0,0
4778,0,null,0,0,0
4779,0,null,0,0,0
4780,0,null,0,0,0
4781,1,primary_proton,1,1,1
4782,0,null,0,0,0
4783,0,null,0,0,0
4784,0,null,0,0,0
4785,0,null,0,0,0
4786,0,null,0,0,0
4787,0,null,0,0,0
4788,1,primary_proton,1,1,1
4789,0,null,0,0,0
4790,0,null,0,0,0
4791,18,pi+,1,1,1
4792,0,null,0,0,0
4793,0,null,0,0,0
4794,0,null,0,0,0
4795,0,null,0,0,0
4796,0,null,0,0,0
4797,0,null,0,0,0
4798,0,null,0,0,0
4799,0,null,0,0,0
4700,0,null,0,0,0
4701,0,null,0,0,0
4702,0,null,0,0,0
4703,1,primary_proton,1,1,1
4704,0,null,0,0,0
4705,0,null,0,0,0
4706,27,pi-,1,1,0
4707,0,null,0,0,0
4708,1,primary_proton,1,1,1
4709,0,null,0,0,0
4710,0,null,0,0,0
4711,0,null,0,0,0
4712,0,null,0,0,0
4713,0,null,0,0,0
4714,0,null,0,0,0
4715,0,null,0,0,0
4716,0,null,0,0,0
4717,0,null,0,0,0
4718,0,null,0,0,0
4719,0,null,0,0,0
4720,0,null,0,0,0
4721,0,null,0,0,0
4722,0,null,0,0,0
4723,0,null,0,0,0
4724,0,null,0,0,0
4725,0,null,0,0,0
4726,0,null,0,0,0
4727,0,null,0,0,0
4728,0,null,0,0,0
4729,0,null,0,0,0
4730,0,null,0,0,0
4731,0,null,0,0,0
4732,0,null,0,0,0
4733,0,null,0,0,0
4734,1,primary_proton,1,1,1
4735,0,null,0,0,0
4736,0,null,0,0,0
4737,0,null,0,0,0
4738,0,null,0,0,0
4739,0,null,0,0,0
4740,0,null,0,0,0
4741,0,null,0,0,0
4742,0,null,0,0,0
4743,0,null,0,0,0
4744,0,null,0,0,0
4745,0,null,0,0,0
4746,0,null,0,0,0
4747,0,null,0,0,0
4748,0,null,0,0,0
4749,1,primary_proton,1,1,1
4750,0,null,0,0,0
4751,0,null,0,0,0
4752,0,null,0,0,0
4753,0,null,0,0,0
4754,0,null,0,0,0
4755,0,null,0,0,0
4756,0,null,0,0,0
4757,0,null,0,0,0
4758,0,null,0,0,0
4759,0,null,0,0,0
4830,0,null,0,0,0
4831,0,null,0,0,0
4832,0,null,0,0,0
4833,0,null,0,0,0
4834,0,null,0,0,0
4835,1,primary_proton,1,1,1
4836,0,null,0,0,0
4837,0,null,0,0,0
4838,0,null,0,0,0
4839,0,null,0,0,0
4840,18,pi-,1,1,1
4841,8,secondary_proton,1,1,0
4842,0,null,0,0,0
4843,0,null,0,0,0
4800,0,null,0,0,0
4801,0,null,0,0,0
4802,0,null,0,0,0
4803,10,secondary_proton,1,1,0
4804,0,null,0,0,0
4805,0,null,0,0,0
4806,0,null,0,0,0
4807,0,null,0,0,0
4808,9,pi-,1,1,1
4809,0,null,0,0,0
4810,0,null,0,0,0
4811,0,null,0,0,0
4812,0,null,0,0,0
4813,0,null,0,0,0
4814,0,null,0,0,0
4815,0,null,0,0,0
4816,0,null,0,0,0
4817,0,null,0,0,0
4818,0,null,0,0,0
4819,0,null,0,0,0
4820,0,null,0,0,0
4821,0,null,0,0,0
4822,0,null,0,0,0
4823,0,null,0,0,0
4824,0,null,0,0,0
4825,0,null,0,0,0
4826,0,null,0,0,0
4827,0,null,0,0,0
4828,0,null,0,0,0
4829,0,null,0,0,0
4844,0,null,0,0,0
4845,0,null,0,0,0
4846,0,null,0,0,0
4847,0,null,0,0,0
4848,0,null,0,0,0
4849,0,null,0,0,0
4850,0,null,0,0,0
4851,0,null,0,0,0
4852,0,null,0,0,0
4853,0,null,0,0,0
4854,0,null,0,0,0
4855,0,null,0,0,0
4856,0,null,0,0,0
4857,0,null,0,0,0
4858,0,null,0,0,0
4859,0,null,0,0,0
4860,0,null,0,0,0
4861,0,null,0,0,0
4862,0,null,0,0,0
4863,0,null,0,0,0
4864,0,null,0,0,0
4865,0,null,0,0,0
4866,0,null,0,0,0
4867,0,null,0,0,0
4868,0,null,0,0,0
4869,0,null,0,0,0
4870,0,null,0,0,0
4871,0,null,0,0,0
4872,0,null,0,0,0
4873,0,null,0,0,0
4874,0,null,0,0,0
4875,0,null,0,0,0
4876,0,null,0,0,0
4877,0,null,0,0,0
4878,0,null,0,0,0
4879,0,null,0,0,0
4880,0,null,0,0,0
4881,0,null,0,0,0
4882,0,null,0,0,0
4883,0,null,0,0,0
4884,11,secondary_proton,1,1,1
4885,0,null,0,0,0
4886,0,null,0,0,0
4887,0,null,0,0,0
4888,0,null,0,0,0
4889,0,null,0,0,0
4890,0,null,0,0,0
4891,0,null,0,0,0
4892,0,null,0,0,0
4893,0,null,0,0,0
4894,0,null,0,0,0
4895,0,null,0,0,0
4896,0,null,0,0,0
4897,0,null,0,0,0
4898,0,null,0,0,0
4899,0,null,0,0,0
4970,0,null,0,0,0
4971,0,null,0,0,0
4972,0,null,0,0,0
4973,0,null,0,0,0
4974,0,null,0,0,0
4975,0,null,0,0,0
4976,0,null,0,0,0
4977,0,null,0,0,0
4978,0,null,0,0,0
4979,1,primary_proton,1,1,1
4980,0,null,0,0,0
4981,0,null,0,0,0
4982,0,null,0,0,0
4983,0,null,0,0,0
4984,0,null,0,0,0
4985,5048,secondary_proton,1,0,0
4986,0,null,0,0,0
4987,0,null,0,0,0
4988,0,null,0,0,0
4989,0,null,0,0,0
4990,0,null,0,0,0
4991,0,null,0,0,0
4992,1040,secondary_proton,1,1,0
4993,0,null,0,0,0
4994,0,null,0,0,0
4995,0,null,0,0,0
4996,0,null,0,0,0
4997,0,null,0,0,0
4998,0,null,0,0,0
4999,0,null,0,0,0
4900,0,null,0,0,0
4901,0,null,0,0,0
4902,0,null,0,0,0
4903,1,primary_proton,1,1,1
4904,0,null,0,0,0
4905,0,null,0,0,0
4906,0,null,0,0,0
4907,0,null,0,0,0
4908,0,null,0,0,0
4909,0,null,0,0,0
4910,0,null,0,0,0
4911,0,null,0,0,0
4912,0,null,0,0,0
4913,0,null,0,0,0
4914,0,null,0,0,0
4915,0,null,0,0,0
4916,0,null,0,0,0
4917,0,null,0,0,0
4918,0,null,0,0,0
4919,0,null,0,0,0
4920,0,null,0,0,0
4921,0,null,0,0,0
4922,0,null,0,0,0
4923,0,null,0,0,0
4924,0,null,0,0,0
4925,0,null,0,0,0
4926,0,null,0,0,0
4927,0,null,0,0,0
4928,0,null,0,0,0
4929,0,null,0,0,0
4930,0,null,0,0,0
4931,0,null,0,0,0
4932,0,null,0,0,0
4933,0,null,0,0,0
4934,0,null,0,0,0
4935,0,null,0,0,0
4936,0,null,0,0,0
4937,0,null,0,0,0
4938,0,null,0,0,0
4939,0,null,0,0,0
4940,0,null,0,0,0
4941,0,null,0,0,0
4942,0,null,0,0,0
4943,0,null,0,0,0
4944,0,null,0,0,0
4945,0,null,0,0,0
4946,0,null,0,0,0
4947,0,null,0,0,0
4948,0,null,0,0,0
4949,0,null,0,0,0
4950,0,null,0,0,0
4951,0,null,0,0,0
4952,0,null,0,0,0
4953,0,null,0,0,0
4954,0,null,0,0,0
4955,0,null,0,0,0
4956,14,secondary_proton,1,1,1
4957,0,null,0,0,0
4958,1,primary_proton,1,1,1
4959,0,null,0,0,0
4960,0,null,0,0,0
4961,0,null,0,0,0
4962,0,null,0,0,0
4963,0,null,0,0,0
4964,0,null,0,0,0
4965,0,null,0,0,0
4966,0,null,0,0,0
4967,0,null,0,0,0
4968,0,null,0,0,0
4969,2,secondary_proton,1,0,0
70,382,pi-,1,1,0
71,0,null,0,0,0
72,0,null,0,0,0
73,0,null,0,0,0
74,0,null,0,0,0
75,0,null,0,0,0
76,0,null,0,0,0
77,0,null,0,0,0
78,0,null,0,0,0
79,0,null,0,0,0
80,0,null,0,0,0
81,0,null,0,0,0
82,0,null,0,0,0
83,0,null,0,0,0
84,0,null,0,0,0
85,0,null,0,0,0
86,0,null,0,0,0
87,0,null,0,0,0
88,0,null,0,0,0
89,0,null,0,0,0
90,0,null,0,0,0
91,0,null,0,0,0
92,0,null,0,0,0
93,0,null,0,0,0
94,0,null,0,0,0
95,0,null,0,0,0
96,0,null,0,0,0
97,0,null,0,0,0
98,0,null,0,0,0
99,0,null,0,0,0
0,0,null,0,0,0
1,0,null,0,0,0
2,0,null,0,0,0
3,0,null,0,0,0
4,0,null,0,0,0
5,0,null,0,0,0
6,0,null,0,0,0
7,0,null,0,0,0
8,0,null,0,0,0
9,0,null,0,0,0
10,0,null,0,0,0
11,0,null,0,0,0
12,0,null,0,0,0
13,2530,secondary_proton,1,1,1
14,0,null,0,0,0
15,0,null,0,0,0
16,0,null,0,0,0
17,0,null,0,0,0
18,0,null,0,0,0
19,0,null,0,0,0
20,0,null,0,0,0
21,0,null,0,0,0
22,6,secondary_proton,1,1,0
23,0,null,0,0,0
24,0,null,0,0,0
25,0,null,0,0,0
26,0,null,0,0,0
27,0,null,0,0,0
28,0,null,0,0,0
29,10,secondary_proton,1,1,1
30,0,null,0,0,0
31,0,null,0,0,0
32,0,null,0,0,0
33,0,null,0,0,0
34,0,null,0,0,0
35,0,null,0,0,0
36,0,null,0,0,0
37,0,null,0,0,0
38,0,null,0,0,0
39,0,null,0,0,0
40,0,null,0,0,0
41,0,null,0,0,0
42,0,null,0,0,0
43,0,null,0,0,0
44,0,null,0,0,0
45,0,null,0,0,0
46,0,null,0,0,0
47,0,null,0,0,0
48,9,secondary_proton,1,1,1
49,0,null,0,0,0
50,0,null,0,0,0
51,13,secondary_proton,1,1,1
52,0,null,0,0,0
53,0,null,0,0,0
54,0,null,0,0,0
55,0,null,0,0,0
56,0,null,0,0,0
57,0,null,0,0,0
58,0,null,0,0,0
59,0,null,0,0,0
60,0,null,0,0,0
61,0,null,0,0,0
62,0,null,0,0,0
63,0,null,0,0,0
64,0,null,0,0,0
65,0,null,0,0,0
66,0,null,0,0,0
67,0,null,0,0,0
68,0,null,0,0,0
140,0,null,0,0,0
141,0,null,0,0,0
142,0,null,0,0,0
143,0,null,0,0,0
144,0,null,0,0,0
145,0,null,0,0,0
146,0,null,0,0,0
147,0,null,0,0,0
148,0,null,0,0,0
149,5,secondary_proton,1,1,1
150,0,null,0,0,0
151,0,null,0,0,0
152,0,null,0,0,0
153,0,null,0,0,0
154,0,null,0,0,0
155,0,null,0,0,0
156,0,null,0,0,0
157,0,null,0,0,0
158,0,null,0,0,0
159,0,null,0,0,0
160,0,null,0,0,0
161,0,null,0,0,0
162,0,null,0,0,0
163,0,null,0,0,0
164,21,pi-,1,1,1
165,0,null,0,0,0
166,0,null,0,0,0
167,0,null,0,0,0
168,0,null,0,0,0
169,0,null,0,0,0
170,0,null,0,0,0
171,0,null,0,0,0
172,0,null,0,0,0
173,0,null,0,0,0
174,0,null,0,0,0
175,0,null,0,0,0
176,0,null,0,0,0
177,0,null,0,0,0
178,0,null,0,0,0
179,0,null,0,0,0
180,0,null,0,0,0
181,0,null,0,0,0
182,19,pi+,1,0,0
183,0,null,0,0,0
184,9,secondary_proton,1,1,1
185,0,null,0,0,0
186,0,null,0,0,0
187,0,null,0,0,0
188,0,null,0,0,0
189,0,null,0,0,0
190,0,null,0,0,0
191,0,null,0,0,0
192,0,null,0,0,0
193,0,null,0,0,0
194,0,null,0,0,0
195,0,null,0,0,0
196,0,null,0,0,0
197,0,null,0,0,0
198,0,null,0,0,0
199,0,null,0,0,0
100,0,null,0,0,0
101,0,null,0,0,0
102,0,null,0,0,0
103,0,null,0,0,0
104,0,null,0,0,0
105,0,null,0,0,0
106,0,null,0,0,0
107,0,null,0,0,0
108,1,primary_proton,1,1,1
109,0,null,0,0,0
110,0,null,0,0,0
111,0,null,0,0,0
112,0,null,0,0,0
113,0,null,0,0,0
114,1,primary_proton,1,1,1
115,0,null,0,0,0
116,4,secondary_proton,1,1,1
117,0,null,0,0,0
118,0,null,0,0,0
119,0,null,0,0,0
120,0,null,0,0,0
121,0,null,0,0,0
122,0,null,0,0,0
123,0,null,0,0,0
124,0,null,0,0,0
125,0,null,0,0,0
126,0,null,0,0,0
127,0,null,0,0,0
128,0,null,0,0,0
129,0,null,0,0,0
130,0,null,0,0,0
131,793,pi+,1,0,0
132,0,null,0,0,0
133,0,null,0,0,0
134,0,null,0,0,0
135,0,null,0,0,0
136,1,primary_proton,1,1,1
137,0,null,0,0,0
138,0,null,0,0,0
139,0,null,0,0,0
210,0,null,0,0,0
211,0,null,0,0,0
212,631,e-,0,1,0
213,1,primary_proton,1,1,1
214,0,null,0,0,0
215,0,null,0,0,0
216,7,pi+,1,1,1
217,0,null,0,0,0
218,0,null,0,0,0
219,0,null,0,0,0
220,0,null,0,0,0
221,0,null,0,0,0
222,0,null,0,0,0
223,0,null,0,0,0
224,0,null,0,0,0
225,1,primary_proton,1,1,1
226,0,null,0,0,0
227,0,null,0,0,0
228,0,null,0,0,0
229,0,null,0,0,0
230,0,null,0,0,0
231,0,null,0,0,0
232,0,null,0,0,0
233,0,null,0,0,0
234,0,null,0,0,0
235,0,null,0,0,0
236,0,null,0,0,0
237,1935,e-,1,1,0
238,0,null,0,0,0
239,0,null,0,0,0
240,0,null,0,0,0
200,0,null,0,0,0
201,0,null,0,0,0
202,0,null,0,0,0
203,0,null,0,0,0
204,0,null,0,0,0
205,0,null,0,0,0
206,0,null,0,0,0
207,0,null,0,0,0
208,0,null,0,0,0
209,0,null,0,0,0
280,0,null,0,0,0
281,0,null,0,0,0
282,0,null,0,0,0
283,0,null,0,0,0
284,0,null,0,0,0
285,0,null,0,0,0
286,0,null,0,0,0
287,0,null,0,0,0
288,0,null,0,0,0
289,0,null,0,0,0
290,0,null,0,0,0
291,11,pi+,1,0,0
292,0,null,0,0,0
293,0,null,0,0,0
294,0,null,0,0,0
295,0,null,0,0,0
296,0,null,0,0,0
297,0,null,0,0,0
298,0,null,0,0,0
299,0,null,0,0,0
300,0,null,0,0,0
301,0,null,0,0,0
302,0,null,0,0,0
303,0,null,0,0,0
304,0,null,0,0,0
305,0,null,0,0,0
306,0,null,0,0,0
307,0,null,0,0,0
308,0,null,0,0,0
309,0,null,0,0,0
310,0,null,0,0,0
311,0,null,0,0,0
312,0,null,0,0,0
313,0,null,0,0,0
314,0,null,0,0,0
315,0,null,0,0,0
316,0,null,0,0,0
317,0,null,0,0,0
318,0,null,0,0,0
319,0,null,0,0,0
320,0,null,0,0,0
321,0,null,0,0,0
322,0,null,0,0,0
323,0,null,0,0,0
324,0,null,0,0,0
325,0,null,0,0,0
326,0,null,0,0,0
327,0,null,0,0,0
328,0,null,0,0,0
329,1,primary_proton,1,1,1
330,0,null,0,0,0
331,0,null,0,0,0
332,0,null,0,0,0
333,0,null,0,0,0
334,0,null,0,0,0
335,0,null,0,0,0
336,0,null,0,0,0
337,0,null,0,0,0
338,0,null,0,0,0
339,0,null,0,0,0
340,16,pi-,1,0,0
341,0,null,0,0,0
342,0,null,0,0,0
343,0,null,0,0,0
344,0,null,0,0,0
345,0,null,0,0,0
346,0,null,0,0,0
347,0,null,0,0,0
348,0,null,0,0,0
349,0,null,0,0,0
420,0,null,0,0,0
421,0,null,0,0,0
422,0,null,0,0,0
423,0,null,0,0,0
424,10,secondary_proton,1,1,1
425,0,null,0,0,0
426,0,null,0,0,0
427,0,null,0,0,0
428,0,null,0,0,0
429,0,null,0,0,0
430,0,null,0,0,0
431,0,null,0,0,0
432,0,null,0,0,0
433,1,primary_proton,1,1,1
434,0,null,0,0,0
435,0,null,0,0,0
436,0,null,0,0,0
437,0,null,0,0,0
438,0,null,0,0,0
439,0,null,0,0,0
440,0,null,0,0,0
441,0,null,0,0,0
442,0,null,0,0,0
443,0,null,0,0,0
444,1,primary_proton,1,1,1
445,0,null,0,0,0
446,0,null,0,0,0
447,0,null,0,0,0
448,0,null,0,0,0
449,0,null,0,0,0
241,0,null,0,0,0
242,0,null,0,0,0
243,0,null,0,0,0
244,0,null,0,0,0
245,0,null,0,0,0
246,0,null,0,0,0
247,0,null,0,0,0
248,0,null,0,0,0
249,0,null,0,0,0
250,0,null,0,0,0
251,0,null,0,0,0
252,0,null,0,0,0
253,0,null,0,0,0
254,0,null,0,0,0
255,0,null,0,0,0
256,0,null,0,0,0
257,0,null,0,0,0
258,0,null,0,0,0
259,0,null,0,0,0
260,0,null,0,0,0
261,0,null,0,0,0
262,0,null,0,0,0
263,0,null,0,0,0
264,0,null,0,0,0
265,1,primary_proton,1,1,1
266,0,null,0,0,0
267,0,null,0,0,0
268,0,null,0,0,0
269,0,null,0,0,0
270,0,null,0,0,0
271,0,null,0,0,0
272,0,null,0,0,0
273,0,null,0,0,0
274,0,null,0,0,0
275,0,null,0,0,0
276,0,null,0,0,0
277,0,null,0,0,0
278,0,null,0,0,0
279,0,null,0,0,0
350,0,null,0,0,0
351,0,null,0,0,0
352,0,null,0,0,0
353,0,null,0,0,0
354,0,null,0,0,0
355,0,null,0,0,0
356,0,null,0,0,0
357,0,null,0,0,0
358,0,null,0,0,0
359,0,null,0,0,0
360,0,null,0,0,0
361,1,primary_proton,1,1,1
362,0,null,0,0,0
363,0,null,0,0,0
364,1,primary_proton,1,1,1
365,0,null,0,0,0
366,0,null,0,0,0
367,0,null,0,0,0
368,0,null,0,0,0
369,0,null,0,0,0
370,0,null,0,0,0
371,0,null,0,0,0
372,0,null,0,0,0
373,0,null,0,0,0
374,0,null,0,0,0
375,1,primary_proton,1,1,1
376,0,null,0,0,0
377,0,null,0,0,0
378,0,null,0,0,0
379,0,null,0,0,0
380,0,null,0,0,0
381,0,null,0,0,0
382,0,null,0,0,0
383,0,null,0,0,0
384,1,primary_proton,1,1,1
385,0,null,0,0,0
386,0,null,0,0,0
387,1,primary_proton,1,1,1
388,0,null,0,0,0
389,0,null,0,0,0
390,0,null,0,0,0
391,0,null,0,0,0
392,0,nulG4WT0 > l,0,0,0
393,3,secondary_proton,1,1,1
394,0,null,0,0,0
395,0,null,0,0,0
396,0,null,0,0,0
397,0,null,0,0,0
398,0,null,0,0,0
399,0,null,0,0,0
451,0,null,0,0,0
452,0,null,0,0,0
453,0,null,0,0,0
454,0,null,0,0,0
455,0,null,0,0,0
456,0,null,0,0,0
457,0,null,0,0,0
458,0,null,0,0,0
459,0,null,0,0,0
460,0,null,0,0,0
461,0,null,0,0,0
462,0,null,0,0,0
463,0,null,0,0,0
464,0,null,0,0,0
465,0,null,0,0,0
466,0,null,0,0,0
467,7,secondary_proton,1,1,0
468,0,null,0,0,0
469,0,null,0,0,0
470,0,null,0,0,0
471,0,null,0,0,0
472,0,null,0,0,0
473,0,null,0,0,0
474,0,null,0,0,0
475,0,null,0,0,0
476,0,null,0,0,0
477,0,null,0,0,0
478,8,secondary_proton,1,0,0
479,0,null,0,0,0
480,0,null,0,0,0
481,0,null,0,0,0
482,0,null,0,0,0
483,0,null,0,0,0
484,0,null,0,0,0
485,0,null,0,0,0
486,0,null,0,0,0
487,0,null,0,0,0
488,0,null,0,0,0
489,0,null,0,0,0
490,0,null,0,0,0
491,0,null,0,0,0
492,0,null,0,0,0
493,0,null,0,0,0
494,0,null,0,0,0
495,0,null,0,0,0
496,0,null,0,0,0
497,0,null,0,0,0
498,0,null,0,0,0
499,0,null,0,0,0
400,0,null,0,0,0
401,0,null,0,0,0
402,0,null,0,0,0
403,0,null,0,0,0
404,0,null,0,0,0
405,0,null,0,0,0
406,0,null,0,0,0
407,0,null,0,0,0
408,0,null,0,0,0
409,0,null,0,0,0
410,0,null,0,0,0
411,0,null,0,0,0
412,0,null,0,0,0
413,0,null,0,0,0
414,0,null,0,0,0
415,2,secondary_proton,1,1,1
416,0,null,0,0,0
417,0,null,0,0,0
418,0,null,0,0,0
419,0,null,0,0,0
560,0,null,0,0,0
561,0,null,0,0,0
562,0,null,0,0,0
563,0,null,0,0,0
564,0,null,0,0,0
565,0,null,0,0,0
566,0,null,0,0,0
567,0,null,0,0,0
568,0,null,0,0,0
569,0,null,0,0,0
570,0,null,0,0,0
571,0,null,0,0,0
572,0,null,0,0,0
573,0,null,0,0,0
574,0,null,0,0,0
575,0,null,0,0,0
576,0,null,0,0,0
577,0,null,0,0,0
578,0,null,0,0,0
579,0,null,0,0,0
580,0,null,0,0,0
581,0,null,0,0,0
582,0,null,0,0,0
583,0,null,0,0,0
584,0,null,0,0,0
585,0,null,0,0,0
586,0,null,0,0,0
587,1,primary_proton,1,1,1
588,0,null,0,0,0
589,0,null,0,0,0
590,0,null,0,0,0
591,13,pi-,1,1,1
592,0,null,0,0,0
593,0,null,0,0,0
594,0,null,0,0,0
595,0,null,0,0,0
596,0,null,0,0,0
597,0,null,0,0,0
598,0,null,0,0,0
599,0,null,0,0,0
500,12,secondary_proton,1,1,1
501,499,secondary_proton,1,1,1
502,0,null,0,0,0
503,0,null,0,0,0
504,0,null,0,0,0
505,0,null,0,0,0
506,0,null,0,0,0
507,0,null,0,0,0
508,0,null,0,0,0
509,0,null,0,0,0
510,0,null,0,0,0
511,0,null,0,0,0
512,0,null,0,0,0
513,0,null,0,0,0
514,0,null,0,0,0
515,3195,e-,1,1,1
516,0,null,0,0,0
517,0,null,0,0,0
518,0,null,0,0,0
519,0,null,0,0,0
520,0,null,0,0,0
521,0,null,0,0,0
522,0,null,0,0,0
523,0,null,0,0,0
524,0,null,0,0,0
525,0,null,0,0,0
526,0,null,0,0,0
527,0,null,0,0,0
528,0,null,0,0,0
529,0,null,0,0,0
530,0,null,0,0,0
531,0,null,0,0,0
532,0,null,0,0,0
533,1366,e-,0,1,1
534,0,null,0,0,0
535,0,null,0,0,0
536,0,null,0,0,0
537,0,null,0,0,0
538,0,null,0,0,0
539,1,primary_proton,1,1,1
540,11,pi+,1,1,0
541,0,null,0,0,0
542,0,null,0,0,0
543,30,pi-,1,1,1
544,0,null,0,0,0
545,0,null,0,0,0
546,0,null,0,0,0
547,0,null,0,0,0
548,0,null,0,0,0
549,0,null,0,0,0
550,6586,e-,1,1,0
551,0,null,0,0,0
552,0,null,0,0,0
553,1,primary_proton,1,1,1
554,0,null,0,0,0
555,0,null,0,0,0
556,0,null,0,0,0
557,0,null,0,0,0
558,0,null,0,0,0
559,0,null,0,0,0
600,0,null,0,0,0
601,0,null,0,0,0
602,0,null,0,0,0
603,7,pi-,1,0,0
604,0,null,0,0,0
605,0,null,0,0,0
606,0,null,0,0,0
607,1542,e-,0,1,0
608,0,null,0,0,0
609,0,null,0,0,0
610,0,null,0,0,0
611,0,null,0,0,0
612,0,null,0,0,0
613,0,null,0,0,0
614,0,null,0,0,0
615,0,null,0,0,0
616,0,null,0,0,0
617,0,null,0,0,0
618,0,null,0,0,0
619,0,null,0,0,0
620,0,null,0,0,0
621,0,null,0,0,0
622,4,secondary_proton,1,1,1
623,0,null,0,0,0
624,0,null,0,0,0
625,0,null,0,0,0
626,0,null,0,0,0
627,12,pi-,1,1,1
628,0,null,0,0,0
629,0,null,0,0,0
630,0,null,0,0,0
631,0,null,0,0,0
632,0,null,0,0,0
633,0,null,0,0,0
634,0,null,0,0,0
635,0,null,0,0,0
636,0,null,0,0,0
637,0,null,0,0,0
638,0,null,0,0,0
639,0,null,0,0,0
640,0,null,0,0,0
641,0,null,0,0,0
642,0,null,0,0,0
643,0,null,0,0,0
644,0,null,0,0,0
645,0,null,0,0,0
646,0,null,0,0,0
647,0,null,0,0,0
648,0,null,0,0,0
649,0,null,0,0,0
650,0,null,0,0,0
651,0,null,0,0,0
652,0,null,0,0,0
653,0,null,0,0,0
654,0,null,0,0,0
655,0,null,0,0,0
656,0,null,0,0,0
657,0,null,0,0,0
658,0,null,0,0,0
700,0,null,0,0,0
701,0,null,0,0,0
702,0,null,0,0,0
703,0,null,0,0,0
704,0,null,0,0,0
705,0,null,0,0,0
706,0,null,0,0,0
707,0,null,0,0,0
708,3,secondary_proton,1,1,1
709,0,null,0,0,0
710,0,null,0,0,0
711,0,null,0,0,0
712,0,null,0,0,0
713,0,null,0,0,0
714,0,null,0,0,0
715,0,null,0,0,0
716,0,null,0,0,0
717,0,null,0,0,0
718,0,null,0,0,0
719,0,null,0,0,0
720,0,null,0,0,0
721,0,null,0,0,0
722,0,null,0,0,0
723,0,null,0,0,0
724,0,null,0,0,0
725,0,null,0,0,0
726,0,null,0,0,0
727,0,null,0,0,0
728,0,null,0,0,0
729,0,null,0,0,0
730,0,null,0,0,0
731,0,null,0,0,0
732,0,null,0,0,0
733,0,null,0,0,0
734,0,null,0,0,0
735,0,null,0,0,0
736,0,null,0,0,0
737,6,pi+,1,1,1
738,0,null,0,0,0
739,0,null,0,0,0
740,0,null,0,0,0
741,0,null,0,0,0
742,0,null,0,0,0
743,0,null,0,0,0
744,0,null,0,0,0
745,0,null,0,0,0
746,0,null,0,0,0
747,0,null,0,0,0
748,0,null,0,0,0
749,0,null,0,0,0
750,0,null,0,0,0
751,0,null,0,0,0
752,0,null,0,0,0
753,0,null,0,0,0
754,0,null,0,0,0
755,0,null,0,0,0
756,2,secondary_proton,1,1,1
757,0,null,0,0,0
758,0,null,0,0,0
759,0,null,0,0,0
760,0,null,0,0,0
761,0,null,0,0,0
762,0,null,0,0,0
763,0,null,0,0,0
764,0,null,0,0,0
765,0,null,0,0,0
766,0,null,0,0,0
767,0,null,0,0,0
768,0,null,0,0,0
769,8,secondary_proton,1,1,1
770,0,null,0,0,0
771,0,null,0,0,0
772,0,null,0,0,0
773,0,null,0,0,0
774,0,null,0,0,0
775,0,null,0,0,0
776,0,null,0,0,0
777,0,null,0,0,0
778,0,null,0,0,0
779,0,null,0,0,0
780,0,null,0,0,0
781,0,null,0,0,0
782,0,null,0,0,0
783,0,null,0,0,0
784,0,null,0,0,0
785,0,null,0,0,0
786,0,null,0,0,0
787,0,null,0,0,0
788,0,null,0,0,0
789,0,null,0,0,0
790,0,null,0,0,0
791,0,null,0,0,0
792,0,null,0,0,0
793,0,null,0,0,0
794,0,null,0,0,0
795,0,null,0,0,0
796,0,null,0,0,0
797,0,null,0,0,0
798,0,null,0,0,0
799,0,null,0,0,0
659,17,pi-,1,1,1
660,0,null,0,0,0
661,1292,e-,1,0,0
662,0,null,0,0,0
663,0,null,0,0,0
664,0,null,0,0,0
665,0,null,0,0,0
666,0,null,0,0,0
667,0,null,0,0,0
668,0,null,0,0,0
669,0,null,0,0,0
670,6,secondary_proton,1,1,1
671,0,null,0,0,0
672,0,null,0,0,0
673,0,null,0,0,0
674,1,primary_proton,1,1,1
675,0,null,0,0,0
676,0,null,0,0,0
677,0,null,0,0,0
678,0,null,0,0,0
679,0,null,0,0,0
680,0,null,0,0,0
681,1952,pi+,1,0,0
682,0,null,0,0,0
683,0,null,0,0,0
684,0,null,0,0,0
685,0,null,0,0,0
686,0,null,0,0,0
687,0,null,0,0,0
688,1,primary_proton,1,1,1
689,0,null,0,0,0
690,0,null,0,0,0
691,0,null,0,0,0
692,0,null,0,0,0
693,0,null,0,0,0
694,0,null,0,0,0
695,0,null,0,0,0
696,0,null,0,0,0
697,0,null,0,0,0
698,0,null,0,0,0
699,0,null,0,0,0
840,0,null,0,0,0
841,0,null,0,0,0
842,0,null,0,0,0
843,0,null,0,0,0
844,0,null,0,0,0
845,0,null,0,0,0
846,0,null,0,0,0
847,0,null,0,0,0
848,0,null,0,0,0
849,0,null,0,0,0
850,0,null,0,0,0
851,0,null,0,0,0
852,0,null,0,0,0
853,0,null,0,0,0
854,0,null,0,0,0
855,0,null,0,0,0
856,0,null,0,0,0
857,0,null,0,0,0
858,0,null,0,0,0
859,0,null,0,0,0
860,0,null,0,0,0
861,0,null,0,0,0
862,0,null,0,0,0
863,0,null,0,0,0
864,0,null,0,0,0
865,0,null,0,0,0
866,0,null,0,0,0
867,0,null,0,0,0
868,0,null,0,0,0
869,0,null,0,0,0
870,0,null,0,0,0
871,0,null,0,0,0
872,0,null,0,0,0
873,0,null,0,0,0
874,0,null,0,0,0
875,0,null,0,0,0
876,0,null,0,0,0
878,0,null,0,0,0
879,0,null,0,0,0
880,0,null,0,0,0
881,0,null,0,0,0
882,0,null,0,0,0
883,0,null,0,0,0
884,0,null,0,0,0
885,0,null,0,0,0
886,0,null,0,0,0
887,0,null,0,0,0
888,0,null,0,0,0
889,0,null,0,0,0
890,0,null,0,0,0
891,0,null,0,0,0
892,0,null,0,0,0
893,0,null,0,0,0
894,0,null,0,0,0
895,6,secondary_proton,1,1,1
896,0,null,0,0,0
897,6,pi+,1,1,1
898,0,null,0,0,0
899,0,null,0,0,0
800,0,null,0,0,0
801,0,null,0,0,0
802,0,null,0,0,0
803,0,null,0,0,0
804,0,null,0,0,0
805,0,null,0,0,0
806,0,null,0,0,0
807,0,null,0,0,0
808,0,null,0,0,0
809,0,null,0,0,0
810,0,null,0,0,0
811,0,null,0,0,0
812,0,null,0,0,0
813,0,null,0,0,0
814,0,null,0,0,0
815,7,pi+,1,1,0
816,0,null,0,0,0
817,0,null,0,0,0
818,0,null,0,0,0
819,0,null,0,0,0
820,0,null,0,0,0
821,0,null,0,0,0
822,0,null,0,0,0
823,0,null,0,0,0
824,0,null,0,0,0
825,0,null,0,0,0
826,0,null,0,0,0
827,0,null,0,0,0
828,0,null,0,0,0
829,0,null,0,0,0
830,1,primary_proton,1,1,1
831,0,null,0,0,0
832,0,null,0,0,0
833,0,null,0,0,0
834,0,null,0,0,0
835,0,null,0,0,0
836,0,null,0,0,0
837,0,null,0,0,0
838,0,null,0,0,0
839,0,null,0,0,0
980,0,null,0,0,0
981,0,null,0,0,0
982,0,null,0,0,0
983,0,null,0,0,0
984,0,null,0,0,0
985,0,null,0,0,0
986,0,null,0,0,0
987,0,null,0,0,0
988,0,null,0,0,0
989,0,null,0,0,0
990,0,null,0,0,0
991,0,null,0,0,0
992,0,null,0,0,0
993,0,null,0,0,0
994,0,null,0,0,0
995,0,null,0,0,0
996,8,secondary_proton,1,1,0
997,0,null,0,0,0
998,0,null,0,0,0
999,0,null,0,0,0
900,0,null,0,0,0
901,0,null,0,0,0
902,0,null,0,0,0
903,0,null,0,0,0
904,0,null,0,0,0
905,0,null,0,0,0
906,0,null,0,0,0
907,0,null,0,0,0
908,0,null,0,0,0
909,0,null,0,0,0
910,0,null,0,0,0
911,0,null,0,0,0
912,0,null,0,0,0
913,0,null,0,0,0
914,0,null,0,0,0
915,0,null,0,0,0
916,0,null,0,0,0
917,0,null,0,0,0
918,0,null,0,0,0
919,0,null,0,0,0
920,0,null,0,0,0
921,0,null,0,0,0
922,0,null,0,0,0
923,0,null,0,0,0
924,0,null,0,0,0
925,0,null,0,0,0
926,0,null,0,0,0
927,0,null,0,0,0
928,0,null,0,0,0
929,0,null,0,0,0
930,0,null,0,0,0
931,0,null,0,0,0
932,0,null,0,0,0
933,0,null,0,0,0
934,0,null,0,0,0
935,0,null,0,0,0
936,0,null,0,0,0
937,0,null,0,0,0
938,0,null,0,0,0
939,0,null,0,0,0
940,0,null,0,0,0
941,0,null,0,0,0
942,0,null,0,0,0
943,0,null,0,0,0
944,0,null,0,0,0
945,0,null,0,0,0
946,0,null,0,0,0
947,0,null,0,0,0
948,0,null,0,0,0
949,0,null,0,0,0
950,0,null,0,0,0
951,1,primary_proton,1,1,1
952,0,null,0,0,0
953,0,null,0,0,0
954,0,null,0,0,0
955,0,null,0,0,0
956,0,null,0,0,0
957,0,null,0,0,0
958,0,null,0,0,0
959,0,null,0,0,0
960,0,null,0,0,0
961,0,null,0,0,0
962,1,primary_proton,1,1,1
963,0,null,0,0,0
964,0,null,0,0,0
965,0,null,0,0,0
966,0,null,0,0,0
967,0,null,0,0,0
968,0,null,0,0,0
969,1128,e-,1,1,0
970,0,null,0,0,0
971,0,null,0,0,0
972,0,null,0,0,0
973,0,null,0,0,0
974,0,null,0,0,0
975,0,null,0,0,0
976,0,null,0,0,0
977,0,null,0,0,0
978,1772,e-,0,1,0
979,0,null,0,0,0
1050,0,null,0,0,0
1051,0,null,0,0,0
1052,0,null,0,0,0
1053,0,null,0,0,0
1054,0,null,0,0,0
1055,0,null,0,0,0
1056,0,null,0,0,0
1000,0,null,0,0,0
1001,0,null,0,0,0
1002,0,null,0,0,0
1003,0,null,0,0,0
1004,0,null,0,0,0
1005,0,null,0,0,0
1006,0,null,0,0,0
1007,0,null,0,0,0
1008,0,null,0,0,0
1009,0,null,0,0,0
1010,1,primary_proton,1,1,1
1011,1,primary_proton,1,1,1
1012,0,null,0,0,0
1013,0,null,0,0,0
1014,0,null,0,0,0
1015,9,secondary_proton,1,1,1
1016,0,null,0,0,0
1017,9,pi+,1,0,0
1018,0,null,0,0,0
1019,0,null,0,0,0
1020,0,null,0,0,0
1021,0,null,0,0,0
1022,0,null,0,0,0
1023,0,null,0,0,0
1024,0,null,0,0,0
1025,0,null,0,0,0
1026,0,null,0,0,0
1027,0,null,0,0,0
1028,0,null,0,0,0
1029,0,null,0,0,0
1030,76,secondary_proton,1,1,1
1031,0,null,0,0,0
1032,0,null,0,0,0
1033,0,null,0,0,0
1034,0,null,0,0,0
1035,0,null,0,0,0
1036,0,null,0,0,0
1037,0,null,0,0,0
1038,0,null,0,0,0
1039,0,null,0,0,0
1040,0,null,0,0,0
1041,11,secondary_proton,1,1,1
1042,0,null,0,0,0
1043,0,null,0,0,0
1044,0,null,0,0,0
1045,0,null,0,0,0
1046,0,null,0,0,0
1047,0,null,0,0,0
1048,0,null,0,0,0
1049,0,null,0,0,0
1120,0,null,0,0,0
1121,0,null,0,0,0
1122,0,null,0,0,0
1123,0,null,0,0,0
1124,0,null,0,0,0
1125,0,null,0,0,0
1126,0,null,0,0,0
1127,0,null,0,0,0
1128,0,null,0,0,0
1129,0,null,0,0,0
1130,0,null,0,0,0
1131,0,null,0,0,0
1132,0,null,0,0,0
1133,0,null,0,0,0
1134,0,null,0,0,0
1135,0,null,0,0,0
1136,0,null,0,0,0
1137,0,null,0,0,0
1138,0,null,0,0,0
1139,0,null,0,0,0
1140,0,null,0,0,0
1141,0,null,0,0,0
1142,0,null,0,0,0
1143,0,null,0,0,0
1058,0,null,0,0,0
1059,0,null,0,0,0
1060,0,null,0,0,0
1061,0,null,0,0,0
1062,0,null,0,0,0
1063,0,null,0,0,0
1064,0,null,0,0,0
1065,0,null,0,0,0
1066,0,null,0,0,0
1067,0,null,0,0,0
1068,0,null,0,0,0
1069,0,null,0,0,0
1070,0,null,0,0,0
1071,1,primary_proton,1,1,1
1072,0,null,0,0,0
1073,0,null,0,0,0
1074,0,null,0,0,0
1075,0,null,0,0,0
1076,0,null,0,0,0
1077,0,null,0,0,0
1078,0,null,0,0,0
1079,0,null,0,0,0
1080,0,null,0,0,0
1081,0,null,0,0,0
1082,0,null,0,0,0
1083,0,null,0,0,0
1084,0,null,0,0,0
1085,0,null,0,0,0
1086,0,null,0,0,0
1087,1,primary_proton,1,1,1
1088,0,null,0,0,0
1089,0,null,0,0,0
1090,10,pi+,1,1,1
1091,0,null,0,0,0
1092,0,null,0,0,0
1093,1,primary_proton,1,1,1
1094,0,null,0,0,0
1095,0,null,0,0,0
1096,0,null,0,0,0
1097,0,null,0,0,0
1098,0,null,0,0,0
1099,0,null,0,0,0
1100,0,null,0,0,0
1101,0,null,0,0,0
1102,0,null,0,0,0
1103,0,null,0,0,0
1104,0,null,0,0,0
1105,0,null,0,0,0
1106,0,null,0,0,0
1107,2,secondary_proton,1,0,0
1108,0,null,0,0,0
1109,1,primary_proton,1,1,1
1110,0,null,0,0,0
1111,0,null,0,0,0
1112,0,null,0,0,0
1113,0,null,0,0,0
1114,0,null,0,0,0
1115,0,null,0,0,0
1116,0,null,0,0,0
1117,0,null,0,0,0
1118,0,null,0,0,0
1119,0,null,0,0,0
1190,0,null,0,0,0
1191,0,null,0,0,0
1192,0,null,0,0,0
1193,0,null,0,0,0
1194,0,null,0,0,0
1195,0,null,0,0,0
1196,0,null,0,0,0
1197,0,null,0,0,0
1198,0,null,0,0,0
1199,0,null,0,0,0
1200,0,null,0,0,0
1201,0,null,0,0,0
1202,0,null,0,0,0
1203,0,null,0,0,0
1204,1,primary_proton,1,1,1
1205,0,null,0,0,0
1206,0,null,0,0,0
1207,0,null,0,0,0
1208,0,null,0,0,0
1209,0,null,0,0,0
1210,0,null,0,0,0
1211,0,null,0,0,0
1212,0,null,0,0,0
1213,0,null,0,0,0
1214,0,null,0,0,0
1215,0,null,0,0,0
1216,0,null,0,0,0
1217,0,null,0,0,0
1218,0,null,0,0,0
1219,0,null,0,0,0
1220,0,null,0,0,0
1221,0,null,0,0,0
1222,0,null,0,0,0
1223,0,null,0,0,0
1224,0,null,0,0,0
1225,0,null,0,0,0
1226,0,null,0,0,0
1227,0,null,0,0,0
1228,0,null,0,0,0
1229,0,null,0,0,0
1230,0,null,0,0,0
1231,0,null,0,0,0
1232,0,null,0,0,0
1233,0,null,0,0,0
1234,0,null,0,0,0
1235,0,null,0,0,0
1236,0,null,0,0,0
1237,0,null,0,0,0
1238,0,null,0,0,0
1239,0,null,0,0,0
1240,0,null,0,0,0
1241,0,null,0,0,0
1242,0,null,0,0,0
1243,5,pi-,1,1,1
1244,0,null,0,0,0
1245,1,primary_proton,1,1,1
1246,0,null,0,0,0
1247,0,null,0,0,0
1248,0,null,0,0,0
1249,0,null,0,0,0
1250,0,null,0,0,0
1251,0,null,0,0,0
1252,0,null,0,0,0
1253,0,null,0,0,0
1254,0,null,0,0,0
1255,0,null,0,0,0
1256,0,null,0,0,0
1257,0,null,0,0,0
1258,0,null,0,0,0
1259,0,null,0,0,0
1330,0,null,0,0,0
1331,0,null,0,0,0
1332,0,null,0,0,0
1333,0,null,0,0,0
1334,0,null,0,0,0
1335,0,null,0,0,0
1336,0,null,0,0,0
1337,0,null,0,0,0
1338,0,null,0,0,0
1339,0,null,0,0,0
1340,0,null,0,0,0
1341,0,null,0,0,0
1342,0,null,0,0,0
1343,0,null,0,0,0
1344,0,null,0,0,0
1345,0,null,0,0,0
1346,8,secondary_proton,1,0,0
1347,0,null,0,0,0
1348,0,null,0,0,0
1349,0,null,0,0,0
1350,0,null,0,0,0
1145,0,null,0,0,0
1146,0,null,0,0,0
1147,0,null,0,0,0
1148,0,null,0,0,0
1149,0,null,0,0,0
1150,0,null,0,0,0
1151,0,null,0,0,0
1152,0,null,0,0,0
1153,0,null,0,0,0
1154,0,null,0,0,0
1155,0,null,0,0,0
1156,0,null,0,0,0
1157,0,null,0,0,0
1158,0,null,0,0,0
1159,0,null,0,0,0
1160,0,null,0,0,0
1161,0,null,0,0,0
1162,0,null,0,0,0
1163,0,null,0,0,0
1164,0,null,0,0,0
1165,1,primary_proton,1,1,1
1166,0,null,0,0,0
1167,0,null,0,0,0
1168,0,null,0,0,0
1169,0,null,0,0,0
1170,0,null,0,0,0
1171,0,null,0,0,0
1172,0,null,0,0,0
1173,0,null,0,0,0
1174,1,primary_proton,1,1,1
1175,0,null,0,0,0
1176,0,null,0,0,0
1177,0,null,0,0,0
1178,0,null,0,0,0
1179,0,null,0,0,0
1180,0,null,0,0,0
1181,0,null,0,0,0
1182,0,null,0,0,0
1183,1,primary_proton,1,1,1
1184,0,null,0,0,0
1185,0,null,0,0,0
1186,0,null,0,0,0
1187,0,null,0,0,0
1188,0,null,0,0,0
1189,0,null,0,0,0
1260,0,null,0,0,0
1261,0,null,0,0,0
1262,0,null,0,0,0
1263,0,null,0,0,0
1264,0,null,0,0,0
1265,0,null,0,0,0
1266,0,null,0,0,0
1267,0,null,0,0,0
1268,0,null,0,0,0
1269,0,null,0,0,0
1270,0,null,0,0,0
1271,0,null,0,0,0
1272,0,null,0,0,0
1273,0,null,0,0,0
1274,1,primary_proton,1,1,1
1275,0,null,0,0,0
1276,0,null,0,0,0
1277,0,null,0,0,0
1278,0,null,0,0,0
1279,12,pi+,1,1,1
1280,0,null,0,0,0
1281,593,e-,1,1,1
1282,0,null,0,0,0
1283,0,null,0,0,0
1284,0,null,0,0,0
1285,0,null,0,0,0
1286,0,null,0,0,0
1287,4879,secondary_proton,1,1,1
1288,0,null,0,0,0
1289,0,null,0,0,0
1290,0,null,0,0,0
1291,0,null,0,0,0
1292,0,null,0,0,0
1293,0,null,0,0,0
1294,0,null,0,0,0
1295,0,null,0,0,0
1296,0,null,0,0,0
1297,0,null,0,0,0
1298,0,null,0,0,0
1299,0,null,0,0,0
1352,0,null,0,0,0
1353,0,null,0,0,0
1354,0,null,0,0,0
1355,0,null,0,0,0
1356,0,null,0,0,0
1357,0,null,0,0,0
1358,0,null,0,0,0
1359,0,null,0,0,0
1360,0,null,0,0,0
1361,0,null,0,0,0
1362,0,null,0,0,0
1363,0,null,0,0,0
1364,0,null,0,0,0
1365,0,null,0,0,0
1366,1,primary_proton,1,1,1
1367,0,null,0,0,0
1368,0,null,0,0,0
1369,0,null,0,0,0
1370,0,null,0,0,0
1371,0,null,0,0,0
1372,0,null,0,0,0
1373,0,null,0,0,0
1374,0,null,0,0,0
1375,0,null,0,0,0
1376,0,null,0,0,0
1377,0,null,0,0,0
1378,0,null,0,0,0
1379,0,null,0,0,0
1380,0,null,0,0,0
1381,0,null,0,0,0
1382,1,primary_proton,1,1,1
1383,0,null,0,0,0
1384,0,null,0,0,0
1385,0,null,0,0,0
1386,0,null,0,0,0
1387,0,null,0,0,0
1388,0,null,0,0,0
1389,0,null,0,0,0
1390,0,null,0,0,0
1391,0,null,0,0,0
1392,0,null,0,0,0
1393,0,null,0,0,0
1394,19,secondary_proton,1,1,1
1395,0,null,0,0,0
1396,0,null,0,0,0
1397,0,null,0,0,0
1398,0,null,0,0,0
1399,5,pi-,1,1,1
1300,1,primary_proton,1,1,1
1301,0,null,0,0,0
1302,0,null,0,0,0
1303,0,null,0,0,0
1304,0,null,0,0,0
1305,1,primary_proton,1,1,1
1306,0,null,0,0,0
1307,0,null,0,0,0
1308,10,pi-,1,1,1
1309,0,null,0,0,0
1310,0,null,0,0,0
1311,0,null,0,0,0
1312,0,null,0,0,0
1313,0,null,0,0,0
1314,0,null,0,0,0
1315,0,null,0,0,0
1316,0,null,0,0,0
1317,0,null,0,0,0
1318,0,null,0,0,0
1319,0,null,0,0,0
1320,0,null,0,0,0
1321,0,null,0,0,0
1322,0,null,0,0,0
1323,0,null,0,0,0
1324,0,null,0,0,0
1325,0,null,0,0,0
1326,0,null,0,0,0
1327,0,null,0,0,0
1328,0,null,0,0,0
1329,0,null,0,0,0
1470,0,null,0,0,0
1471,0,null,0,0,0
1472,1,primary_proton,1,1,1
1473,0,null,0,0,0
1474,0,null,0,0,0
1475,0,null,0,0,0
1476,0,null,0,0,0
1477,0,null,0,0,0
1478,0,null,0,0,0
1479,0,null,0,0,0
1480,0,null,0,0,0
1481,0,null,0,0,0
1482,0,null,0,0,0
1483,0,null,0,0,0
1484,0,null,0,0,0
1485,0,null,0,0,0
1486,0,null,0,0,0
1487,0,null,0,0,0
1488,0,null,0,0,0
1489,0,null,0,0,0
1490,0,null,0,0,0
1491,1,primary_proton,1,1,1
1492,4,secondary_proton,1,1,1
1493,0,null,0,0,0
1494,0,null,0,0,0
1495,0,null,0,0,0
1496,0,null,0,0,0
1497,0,null,0,0,0
1498,0,null,0,0,0
1499,0,null,0,0,0
1500,0,null,0,0,0
1501,0,null,0,0,0
1502,9,pi-,1,1,1
1503,0,null,0,0,0
1504,0,null,0,0,0
1505,0,null,0,0,0
1506,0,null,0,0,0
1507,0,null,0,0,0
1508,0,null,0,0,0
1509,0,null,0,0,0
1510,0,null,0,0,0
1511,0,null,0,0,0
1512,0,null,0,0,0
1513,0,null,0,0,0
1514,0,null,0,0,0
1515,0,null,0,0,0
1516,2313,e-,1,0,1
1517,0,null,0,0,0
1518,0,null,0,0,0
1519,0,null,0,0,0
1520,0,null,0,0,0
1521,0,null,0,0,0
1522,1,primary_proton,1,1,1
1523,0,null,0,0,0
1524,0,null,0,0,0
1525,0,null,0,0,0
1526,0,null,0,0,0
1527,0,null,0,0,0
1528,0,null,0,0,0
1529,0,null,0,0,0
1530,0,null,0,0,0
1531,0,null,0,0,0
1532,0,null,0,0,0
1533,0,null,0,0,0
1534,0,null,0,0,0
1535,0,null,0,0,0
1536,0,null,0,0,0
1537,0,null,0,0,0
1538,0,null,0,0,0
1539,0,null,0,0,0
1540,0,null,0,0,0
1541,0,null,0,0,0
1542,0,null,0,0,0
1543,0,null,0,0,0
1544,0,null,0,0,0
1545,0,null,0,0,0
1546,0,null,0,0,0
1547,0,null,0,0,0
1548,0,null,0,0,0
1549,0,null,0,0,0
1550,0,null,0,0,0
1551,0,null,0,0,0
1552,0,null,0,0,0
1553,0,null,0,0,0
1554,0,null,0,0,0
1555,0,null,0,0,0
1556,0,null,0,0,0
1557,0,null,0,0,0
1558,0,null,0,0,0
1559,2,secondary_proton,1,1,0
1560,0,null,0,0,0
1561,0,null,0,0,0
1562,0,null,0,0,0
1563,0,null,0,0,0
1564,0,null,0,0,0
1565,0,null,0,0,0
1566,0,null,0,0,0
1567,0,null,0,0,0
1568,1,primary_proton,1,1,1
1569,0,null,0,0,0
1570,0,null,0,0,0
1571,0,null,0,0,0
1572,0,null,0,0,0
1573,6,pi-,1,0,0
1574,0,null,0,0,0
1575,0,null,0,0,0
1576,0,null,0,0,0
1577,0,null,0,0,0
1578,0,null,0,0,0
1579,0,null,0,0,0
1580,0,null,0,0,0
1581,0,null,0,0,0
1582,0,null,0,0,0
1583,0,null,0,0,0
1584,0,null,0,0,0
1585,0,null,0,0,0
1586,0,null,0,0,0
1587,0,null,0,0,0
1588,0,null,0,0,0
1589,0,null,0,0,0
1590,0,null,0,0,0
1591,1,primary_proton,1,1,1
1592,0,null,0,0,0
1593,0,null,0,0,0
1594,0,null,0,0,0
1595,0,null,0,0,0
1596,0,null,0,0,0
1597,0,null,0,0,0
1598,0,null,0,0,0
1599,0,null,0,0,0
1400,0,null,0,0,0
1401,0,null,0,0,0
1402,0,null,0,0,0
1403,0,null,0,0,0
1404,0,null,0,0,0
1405,1,primary_proton,1,1,1
1406,0,null,0,0,0
1407,0,null,0,0,0
1408,0,null,0,0,0
1409,0,null,0,0,0
1410,1,primary_proton,1,1,1
1411,1,primary_proton,1,1,1
1412,0,null,0,0,0
1413,0,null,0,0,0
1414,0,null,0,0,0
1415,1,primary_proton,1,1,1
1416,0,null,0,0,0
1417,0,null,0,0,0
1418,0,null,0,0,0
1419,0,null,0,0,0
1420,0,null,0,0,0
1421,0,null,0,0,0
1422,0,null,0,0,0
1423,0,null,0,0,0
1424,0,null,0,0,0
1425,0,null,0,0,0
1426,0,null,0,0,0
1427,0,null,0,0,0
1428,0,null,0,0,0
1429,0,null,0,0,0
1430,0,null,0,0,0
1431,79,secondary_proton,1,1,1
1432,0,null,0,0,0
1433,0,null,0,0,0
1434,0,null,0,0,0
1435,0,null,0,0,0
1436,0,null,0,0,0
1437,0,null,0,0,0
1438,6,pi-,1,1,1
1439,0,null,0,0,0
1440,0,null,0,0,0
1441,0,null,0,0,0
1442,0,null,0,0,0
1443,0,null,0,0,0
1444,0,null,0,0,0
1445,0,null,0,0,0
1446,1,primary_proton,1,1,1
1447,0,null,0,0,0
1448,0,null,0,0,0
1449,0,null,0,0,0
1450,3525,e-,1,1,0
1451,0,null,0,0,0
1452,0,null,0,0,0
1453,0,null,0,0,0
1454,0,null,0,0,0
1455,13,secondary_proton,1,1,1
1456,0,null,0,0,0
1457,0,null,0,0,0
1458,0,null,0,0,0
1459,0,null,0,0,0
1460,0,null,0,0,0
1461,0,null,0,0,0
1600,0,null,0,0,0
1601,0,null,0,0,0
1602,0,null,0,0,0
1603,0,null,0,0,0
1604,0,null,0,0,0
1605,0,null,0,0,0
1606,0,null,0,0,0
1607,0,null,0,0,0
1608,0,null,0,0,0
1609,0,null,0,0,0
1610,0,null,0,0,0
1611,1,primary_proton,1,1,1
1612,0,null,0,0,0
1613,0,null,0,0,0
1614,2,secondary_proton,1,1,1
1615,0,null,0,0,0
1616,0,null,0,0,0
1617,0,null,0,0,0
1618,0,null,0,0,0
1619,0,null,0,0,0
1620,0,null,0,0,0
1621,0,null,0,0,0
1622,0,null,0,0,0
1623,0,null,0,0,0
1624,0,null,0,0,0
1625,0,null,0,0,0
1626,0,null,0,0,0
1627,0,null,0,0,0
1628,0,null,0,0,0
1629,0,null,0,0,0
1630,0,null,0,0,0
1631,1,primary_proton,1,1,1
1632,0,null,0,0,0
1633,0,null,0,0,0
1634,0,null,0,0,0
1635,0,null,0,0,0
1636,0,null,0,0,0
1637,0,null,0,0,0
1638,0,null,0,0,0
1639,0,null,0,0,0
1640,0,null,0,0,0
1641,0,null,0,0,0
1642,0,null,0,0,0
1643,0,null,0,0,0
1644,0,null,0,0,0
1645,0,null,0,0,0
1646,0,null,0,0,0
1647,0,null,0,0,0
1648,0,null,0,0,0
1649,0,null,0,0,0
1650,0,null,0,0,0
1651,0,null,0,0,0
1652,0,null,0,0,0
1653,0,null,0,0,0
1654,0,null,0,0,0
1655,0,null,0,0,0
1656,0,null,0,0,0
1657,1,primary_proton,1,1,1
1658,0,null,0,0,0
1659,0,null,0,0,0
1660,0,null,0,0,0
1661,0,null,0,0,0
1662,0,null,0,0,0
1663,0,null,0,0,0
1664,0,null,0,0,0
1665,0,null,0,0,0
1666,0,null,0,0,0
1667,0,null,0,0,0
1668,0,null,0,0,0
1669,0,null,0,0,0
1670,0,null,0,0,0
1671,0,null,0,0,0
1672,0,null,0,0,0
1673,0,null,0,0,0
1674,0,null,0,0,0
1675,0,null,0,0,0
1676,0,null,0,0,0
1677,0,null,0,0,0
1678,0,null,0,0,0
1679,11,secondary_proton,1,1,0
1680,0,null,0,0,0
1681,0,null,0,0,0
1682,0,null,0,0,0
1683,0,null,0,0,0
1684,0,null,0,0,0
1685,0,null,0,0,0
1686,0,null,0,0,0
1687,0,null,0,0,0
1688,0,null,0,0,0
1689,0,null,0,0,0
1690,0,null,0,0,0
1691,0,null,0,0,0
1692,0,null,0,0,0
1693,0,null,0,0,0
1694,0,null,0,0,0
1695,0,null,0,0,0
1696,0,null,0,0,0
1697,0,null,0,0,0
1698,0,null,0,0,0
1699,0,null,0,0,0
1462,12,secondary_proton,1,1,1
1463,19,secondary_proton,1,1,0
1464,0,null,0,0,0
1465,0,null,0,0,0
1466,0,null,0,0,0
1467,0,null,0,0,0
1468,10,pi-,1,1,1
1469,0,null,0,0,0
1750,0,null,0,0,0
1751,0,null,0,0,0
1752,0,null,0,0,0
1753,0,null,0,0,0
1754,0,null,0,0,0
1755,0,null,0,0,0
1756,0,null,0,0,0
1757,0,null,0,0,0
1758,0,null,0,0,0
1759,0,null,0,0,0
1760,0,null,0,0,0
1761,0,null,0,0,0
1762,0,null,0,0,0
1763,0,null,0,0,0
1764,0,null,0,0,0
1765,0,null,0,0,0
1766,0,null,0,0,0
1767,0,null,0,0,0
1768,0,null,0,0,0
1769,0,null,0,0,0
1770,0,null,0,0,0
1771,0,null,0,0,0
1772,0,null,0,0,0
1773,0,null,0,0,0
1774,0,null,0,0,0
1775,0,null,0,0,0
1776,0,null,0,0,0
1777,0,null,0,0,0
1778,0,null,0,0,0
1779,0,null,0,0,0
1780,0,null,0,0,0
1781,0,null,0,0,0
1782,0,null,0,0,0
1783,0,null,0,0,0
1784,0,null,0,0,0
1785,0,null,0,0,0
1786,0,null,0,0,0
1787,0,null,0,0,0
1788,0,null,0,0,0
1789,0,null,0,0,0
1790,0,null,0,0,0
1791,0,null,0,0,0
1792,0,null,0,0,0
1793,0,null,0,0,0
1794,0,null,0,0,0
1795,0,null,0,0,0
1796,0,null,0,0,0
1797,0,null,0,0,0
1798,0,null,0,0,0
1799,0,null,0,0,0
1700,0,null,0,0,0
1701,0,null,0,0,0
1702,0,null,0,0,0
1703,0,null,0,0,0
1704,0,null,0,0,0
1705,0,null,0,0,0
1706,543,secondary_proton,1,1,1
1707,0,null,0,0,0
1708,0,null,0,0,0
1709,0,null,0,0,0
1710,0,null,0,0,0
1711,0,null,0,0,0
1712,0,null,0,0,0
1713,0,null,0,0,0
1714,0,null,0,0,0
1715,181,secondary_proton,1,1,1
1716,0,null,0,0,0
1717,0,null,0,0,0
1718,0,null,0,0,0
1719,1,primary_proton,1,1,1
1720,0,null,0,0,0
1721,395,secondary_proton,1,1,0
1722,0,null,0,0,0
1723,0,null,0,0,0
1724,0,null,0,0,0
1725,0,null,0,0,0
1726,0,null,0,0,0
1727,0,null,0,0,0
1728,0,null,0,0,0
1729,0,null,0,0,0
1730,0,null,0,0,0
1731,0,null,0,0,0
1732,0,null,0,0,0
1733,0,null,0,0,0
1734,0,null,0,0,0
1735,0,null,0,0,0
1736,0,null,0,0,0
1737,0,null,0,0,0
1738,0,null,0,0,0
1739,0,null,0,0,0
1740,0,null,0,0,0
1741,0,null,0,0,0
1742,0,null,0,0,0
1743,0,null,0,0,0
1744,0,null,0,0,0
1745,0,null,0,0,0
1746,0,null,0,0,0
1747,0,null,0,0,0
1748,0,null,0,0,0
1749,0,null,0,0,0
1890,0,null,0,0,0
1891,0,null,0,0,0
1892,0,null,0,0,0
1893,0,null,0,0,0
1894,0,null,0,0,0
1895,0,null,0,0,0
1896,0,null,0,0,0
1897,0,null,0,0,0
1898,0,null,0,0,0
1899,0,null,0,0,0
1800,0,null,0,0,0
1801,0,null,0,0,0
1802,0,null,0,0,0
1803,0,null,0,0,0
1804,0,null,0,0,0
1805,0,null,0,0,0
1806,2,secondary_proton,1,1,1
1807,0,null,0,0,0
1808,0,null,0,0,0
1809,0,null,0,0,0
1810,0,null,0,0,0
1811,0,null,0,0,0
1812,0,null,0,0,0
1813,0,null,0,0,0
1814,0,null,0,0,0
1815,0,null,0,0,0
1816,0,null,0,0,0
1817,0,null,0,0,0
1818,0,null,0,0,0
1819,9,pi+,1,0,0
1820,0,null,0,0,0
1821,0,null,0,0,0
1822,12,pi+,1,1,1
1823,0,null,0,0,0
1824,0,null,0,0,0
1825,0,null,0,0,0
1826,0,null,0,0,0
1827,0,null,0,0,0
1828,0,null,0,0,0
1829,0,null,0,0,0
1830,0,null,0,0,0
1831,0,null,0,0,0
1832,0,null,0,0,0
1833,0,null,0,0,0
1834,0,null,0,0,0
1835,0,null,0,0,0
1836,0,null,0,0,0
1837,0,null,0,0,0
1838,0,null,0,0,0
1839,0,null,0,0,0
1840,0,null,0,0,0
1841,0,null,0,0,0
1842,0,null,0,0,0
1843,0,null,0,0,0
1844,1,primary_proton,1,1,1
1845,0,null,0,0,0
1846,0,null,0,0,0
1847,0,null,0,0,0
1848,0,null,0,0,0
1849,0,null,0,0,0
1850,0,null,0,0,0
1851,0,null,0,0,0
1852,1,primary_proton,1,1,1
1853,0,null,0,0,0
1854,0,null,0,0,0
1855,0,null,0,0,0
1856,0,null,0,0,0
1857,2793,secondary_proton,1,1,1
1858,0,null,0,0,0
1859,0,null,0,0,0
1860,0,null,0,0,0
1861,0,null,0,0,0
1862,0,null,0,0,0
1863,0,null,0,0,0
1864,0,null,0,0,0
1865,0,null,0,0,0
1866,0,null,0,0,0
1867,0,null,0,0,0
1868,0,null,0,0,0
1869,0,null,0,0,0
1870,0,null,0,0,0
1871,0,null,0,0,0
1900,0,null,0,0,0
1901,0,null,0,0,0
1902,0,null,0,0,0
1903,0,null,0,0,0
1904,0,null,0,0,0
1905,0,null,0,0,0
1906,0,null,0,0,0
1907,1,primary_proton,1,1,1
1908,0,null,0,0,0
1909,0,null,0,0,0
1910,1,primary_proton,1,1,1
1911,0,null,0,0,0
1912,0,null,0,0,0
1913,0,null,0,0,0
1914,11,pi-,1,1,1
1915,0,null,0,0,0
1916,0,null,0,0,0
1917,0,null,0,0,0
1918,0,null,0,0,0
1919,0,null,0,0,0
1920,0,null,0,0,0
1921,0,null,0,0,0
1922,0,null,0,0,0
1923,0,null,0,0,0
1924,0,null,0,0,0
1925,0,null,0,0,0
1926,0,null,0,0,0
1927,0,null,0,0,0
1928,0,null,0,0,0
1929,0,null,0,0,0
1930,0,null,0,0,0
1931,0,null,0,0,0
1932,0,null,0,0,0
1933,1,primary_proton,1,1,1
1934,0,null,0,0,0
1935,0,null,0,0,0
1936,0,null,0,0,0
1937,0,null,0,0,0
1938,0,null,0,0,0
1939,0,null,0,0,0
1940,0,null,0,0,0
1941,0,null,0,0,0
1942,0,null,0,0,0
1943,0,null,0,0,0
1944,0,null,0,0,0
1945,0,null,0,0,0
1946,0,null,0,0,0
1947,0,null,0,0,0
1948,0,null,0,0,0
1949,0,null,0,0,0
1950,0,null,0,0,0
1951,0,null,0,0,0
1952,0,null,0,0,0
1953,0,null,0,0,0
1954,11,pi+,1,1,1
1955,0,null,0,0,0
1956,0,null,0,0,0
1957,0,null,0,0,0
1958,7,pi-,1,1,1
1959,0,null,0,0,0
1960,0,null,0,0,0
1961,0,null,0,0,0
1962,0,null,0,0,0
1963,0,null,0,0,0
1964,0,null,0,0,0
1965,0,null,0,0,0
1966,0,null,0,0,0
1872,0,null,0,0,0
1873,0,null,0,0,0
1874,1,primary_proton,1,1,1
1875,0,null,0,0,0
1876,0,null,0,0,0
1877,0,null,0,0,0
1878,0,null,0,0,0
1879,0,null,0,0,0
1880,1,primary_proton,1,1,1
1881,0,null,0,0,0
1882,0,null,0,0,0
1883,0,null,0,0,0
1884,0,null,0,0,0
1885,0,null,0,0,0
1886,0,null,0,0,0
1887,0,null,0,0,0
1888,0,null,0,0,0
1889,0,null,0,0,0
2030,0,null,0,0,0
2031,0,null,0,0,0
2032,0,null,0,0,0
2033,0,null,0,0,0
2034,0,null,0,0,0
2035,0,null,0,0,0
2036,6,secondary_proton,1,1,1
2037,0,null,0,0,0
2038,0,null,0,0,0
2039,0,null,0,0,0
2040,0,null,0,0,0
2041,0,null,0,0,0
2042,0,null,0,0,0
2043,0,null,0,0,0
2044,0,null,0,0,0
2045,0,null,0,0,0
2046,0,null,0,0,0
2047,0,null,0,0,0
2048,0,null,0,0,0
2049,0,null,0,0,0
2050,0,null,0,0,0
2051,0,null,0,0,0
2052,0,null,0,0,0
2053,0,null,0,0,0
2054,0,null,0,0,0
2055,0,null,0,0,0
2056,0,null,0,0,0
2057,0,null,0,0,0
2058,0,null,0,0,0
2059,0,null,0,0,0
2060,0,null,0,0,0
2061,0,null,0,0,0
2062,0,null,0,0,0
2063,0,null,0,0,0
2064,0,null,0,0,0
2065,0,null,0,0,0
2066,0,null,0,0,0
2067,0,null,0,0,0
2068,0,null,0,0,0
2069,0,null,0,0,0
2070,0,null,0,0,0
2071,0,null,0,0,0
2072,0,null,0,0,0
2073,0,null,0,0,0
2074,0,null,0,0,0
2075,0,null,0,0,0
2076,0,null,0,0,0
2077,0,null,0,0,0
2078,0,null,0,0,0
2079,0,null,0,0,0
2080,0,null,0,0,0
2081,0,null,0,0,0
2082,0,null,0,0,0
2083,0,null,0,0,0
2084,0,null,0,0,0
2085,0,null,0,0,0
2086,0,null,0,0,0
2087,0,null,0,0,0
2088,0,null,0,0,0
2089,0,null,0,0,0
2090,0,null,0,0,0
2091,0,null,0,0,0
2092,0,null,0,0,0
2094,3,secondary_proton,1,1,1
2095,0,null,0,0,0
2096,0,null,0,0,0
2097,0,null,0,0,0
2098,0,null,0,0,0
2099,0,null,0,0,0
1967,28,secondary_proton,1,1,1
1968,0,null,0,0,0
1969,0,null,0,0,0
1970,0,null,0,0,0
1971,0,null,0,0,0
1972,448,e+,1,0,0
1973,0,null,0,0,0
1974,10,secondary_proton,1,1,1
1975,1,primary_proton,1,1,1
1976,0,null,0,0,0
1977,0,null,0,0,0
1978,0,null,0,0,0
1979,0,null,0,0,0
1980,1,primary_proton,1,1,1
1981,0,null,0,0,0
1982,0,null,0,0,0
1983,0,null,0,0,0
1984,1,primary_proton,1,1,1
1985,0,null,0,0,0
1986,0,null,0,0,0
1987,0,null,0,0,0
1988,0,null,0,0,0
1989,0,null,0,0,0
1990,0,null,0,0,0
1991,0,null,0,0,0
1992,0,null,0,0,0
1993,17,secondary_proton,1,1,1
1994,0,null,0,0,0
1995,0,null,0,0,0
1996,10,pi+,1,1,0
1997,0,null,0,0,0
1998,0,null,0,0,0
1999,0,null,0,0,0
2100,0,null,0,0,0
2101,0,null,0,0,0
2102,0,null,0,0,0
2103,0,null,0,0,0
2104,0,null,0,0,0
2105,0,null,0,0,0
2106,0,null,0,0,0
2107,0,null,0,0,0
2108,9,pi+,1,1,1
2109,0,null,0,0,0
2110,0,null,0,0,0
2111,0,null,0,0,0
2112,0,null,0,0,0
2113,0,null,0,0,0
2114,0,null,0,0,0
2115,0,null,0,0,0
2116,0,null,0,0,0
2117,0,null,0,0,0
2118,0,null,0,0,0
2119,0,null,0,0,0
2120,0,null,0,0,0
2121,0,null,0,0,0
2122,0,null,0,0,0
2123,0,null,0,0,0
2124,1,primary_proton,1,1,1
2125,0,null,0,0,0
2126,0,null,0,0,0
2127,0,null,0,0,0
2128,0,null,0,0,0
2129,0,null,0,0,0
2130,0,null,0,0,0
2131,0,null,0,0,0
2132,0,null,0,0,0
2133,0,null,0,0,0
2134,0,null,0,0,0
2135,0,null,0,0,0
2136,0,null,0,0,0
2137,0,null,0,0,0
2138,0,null,0,0,0
2139,0,null,0,0,0
2140,0,null,0,0,0
2141,0,null,0,0,0
2142,4,secondary_proton,1,1,1
2143,0,null,0,0,0
2144,0,null,0,0,0
2145,0,null,0,0,0
2146,0,null,0,0,0
2147,0,null,0,0,0
2148,0,null,0,0,0
2149,0,null,0,0,0
2150,0,null,0,0,0
2151,0,null,0,0,0
2152,0,null,0,0,0
2153,0,null,0,0,0
2154,0,null,0,0,0
2155,0,null,0,0,0
2156,0,null,0,0,0
2157,0,null,0,0,0
2158,0,null,0,0,0
2159,0,null,0,0,0
2160,0,null,0,0,0
2161,0,null,0,0,0
2162,0,null,0,0,0
2163,1,primary_proton,1,1,1
2164,0,null,0,0,0
2165,0,null,0,0,0
2166,0,null,0,0,0
2167,0,null,0,0,0
2168,0,null,0,0,0
2169,0,null,0,0,0
2170,0,null,0,0,0
2171,0,null,0,0,0
2172,0,null,0,0,0
2173,0,null,0,0,0
2174,0,null,0,0,0
2175,0,null,0,0,0
2176,0,null,0,0,0
2177,0,null,0,0,0
2178,0,null,0,0,0
2179,0,null,0,0,0
2180,0,null,0,0,0
2181,0,null,0,0,0
2182,0,null,0,0,0
2183,0,null,0,0,0
2184,0,null,0,0,0
2185,3,secondary_proton,1,1,1
2186,0,null,0,0,0
2187,0,null,0,0,0
2188,0,null,0,0,0
2189,1,primary_proton,1,1,1
2190,0,null,0,0,0
2191,0,null,0,0,0
2192,1,primary_proton,1,1,1
2193,0,null,0,0,0
2194,0,null,0,0,0
2195,0,null,0,0,0
2196,0,null,0,0,0
2197,0,null,0,0,0
2198,0,null,0,0,0
2199,0,null,0,0,0
2000,0,null,0,0,0
2001,0,null,0,0,0
2002,0,null,0,0,0
2003,0,null,0,0,0
2004,0,null,0,0,0
2005,0,null,0,0,0
2006,0,null,0,0,0
2007,0,null,0,0,0
2008,0,null,0,0,0
2009,0,null,0,0,0
2010,0,null,0,0,0
2011,4,secondary_proton,1,1,1
2012,0,null,0,0,0
2013,0,null,0,0,0
2014,0,null,0,0,0
2015,0,null,0,0,0
2016,0,null,0,0,0
2017,0,null,0,0,0
2018,0,null,0,0,0
2019,0,null,0,0,0
2020,1,primary_proton,1,1,1
2021,0,null,0,0,0
2022,0,null,0,0,0
2023,0,null,0,0,0
2024,0,null,0,0,0
2025,0,null,0,0,0
2026,0,null,0,0,0
2027,0,null,0,0,0
2028,0,null,0,0,0
2029,0,null,0,0,0
2240,0,null,0,0,0
2241,0,null,0,0,0
2242,0,null,0,0,0
2243,0,null,0,0,0
2244,0,null,0,0,0
2245,0,null,0,0,0
2246,0,null,0,0,0
2247,0,null,0,0,0
2248,0,null,0,0,0
2249,1,primary_proton,1,1,1
2250,0,null,0,0,0
2251,0,null,0,0,0
2252,0,null,0,0,0
2253,0,null,0,0,0
2254,0,null,0,0,0
2255,0,null,0,0,0
2256,1,primary_proton,1,1,1
2257,0,null,0,0,0
2258,0,null,0,0,0
2259,0,null,0,0,0
2260,0,null,0,0,0
2261,0,null,0,0,0
2262,0,null,0,0,0
2263,0,null,0,0,0
2264,0,null,0,0,0
2265,0,null,0,0,0
2266,0,null,0,0,0
2267,0,null,0,0,0
2268,0,null,0,0,0
2269,0,null,0,0,0
2270,0,null,0,0,0
2271,0,null,0,0,0
2272,0,null,0,0,0
2273,0,null,0,0,0
2274,0,null,0,0,0
2275,0,null,0,0,0
2276,0,null,0,0,0
2277,0,null,0,0,0
2278,0,null,0,0,0
2279,0,null,0,0,0
2280,0,null,0,0,0
2281,0,null,0,0,0
2282,0,null,0,0,0
2283,0,null,0,0,0
2284,0,null,0,0,0
2285,0,null,0,0,0
2286,0,null,0,0,0
2287,1,primary_proton,1,1,1
2288,0,null,0,0,0
2290,0,null,0,0,0
2291,0,null,0,0,0
2292,0,null,0,0,0
2293,2858,e-,0,1,1
2294,0,null,0,0,0
2295,0,null,0,0,0
2296,0,null,0,0,0
2297,0,null,0,0,0
2298,0,null,0,0,0
2299,0,null,0,0,0
2300,0,null,0,0,0
2301,0,null,0,0,0
2302,0,null,0,0,0
2303,0,null,0,0,0
2304,0,null,0,0,0
2305,0,null,0,0,0
2306,0,null,0,0,0
2307,0,null,0,0,0
2308,0,null,0,0,0
2309,0,null,0,0,0
2380,0,null,0,0,0
2381,0,null,0,0,0
2382,0,null,0,0,0
2383,0,null,0,0,0
2384,0,null,0,0,0
2385,0,null,0,0,0
2386,0,null,0,0,0
2387,0,null,0,0,0
2388,0,null,0,0,0
2389,0,null,0,0,0
2390,0,null,0,0,0
2391,0,null,0,0,0
2392,0,null,0,0,0
2393,0,null,0,0,0
2394,0,null,0,0,0
2395,0,null,0,0,0
2396,1,primary_proton,1,1,1
2397,0,null,0,0,0
2398,0,null,0,0,0
2399,0,null,0,0,0
2200,0,null,0,0,0
2201,0,null,0,0,0
2202,0,null,0,0,0
2203,0,null,0,0,0
2204,0,null,0,0,0
2205,0,null,0,0,0
2206,0,null,0,0,0
2207,0,null,0,0,0
2208,0,null,0,0,0
2209,0,null,0,0,0
2210,0,null,0,0,0
2211,0,null,0,0,0
2212,0,null,0,0,0
2213,0,null,0,0,0
2214,0,null,0,0,0
2215,0,null,0,0,0
2216,0,null,0,0,0
2217,0,null,0,0,0
2218,0,null,0,0,0
2219,0,null,0,0,0
2220,0,null,0,0,0
2221,0,null,0,0,0
2222,0,null,0,0,0
2223,0,null,0,0,0
2224,0,null,0,0,0
2225,0,null,0,0,0
2226,0,null,0,0,0
2227,0,null,0,0,0
2228,0,null,0,0,0
2229,0,null,0,0,0
2230,0,null,0,0,0
2231,0,null,0,0,0
2232,0,null,0,0,0
2233,0,null,0,0,0
2234,0,null,0,0,0
2235,0,null,0,0,0
2236,0,null,0,0,0
2237,0,null,0,0,0
2238,0,null,0,0,0
2239,0,null,0,0,0
2310,0,null,0,0,0
2311,0,null,0,0,0
2312,0,null,0,0,0
2313,15,pi-,1,1,0
2314,0,null,0,0,0
2315,0,null,0,0,0
2316,0,null,0,0,0
2317,10,secondary_proton,1,1,1
2318,0,null,0,0,0
2319,0,null,0,0,0
2320,0,null,0,0,0
2321,0,null,0,0,0
2322,2584,e-,0,1,0
2323,0,null,0,0,0
2324,0,null,0,0,0
2325,0,null,0,0,0
2326,0,null,0,0,0
2327,0,null,0,0,0
2328,1,primary_proton,1,1,1
2329,0,null,0,0,0
2330,0,null,0,0,0
2331,0,null,0,0,0
2332,0,null,0,0,0
2333,0,null,0,0,0
2334,0,null,0,0,0
2335,0,null,0,0,0
2336,0,null,0,0,0
2337,0,null,0,0,0
2338,0,null,0,0,0
2339,0,null,0,0,0
2340,10,secondary_proton,1,1,1
2341,0,null,0,0,0
2342,0,null,0,0,0
2343,0,null,0,0,0
2344,0,null,0,0,0
2345,0,null,0,0,0
2346,0,null,0,0,0
2347,0,null,0,0,0
2348,0,null,0,0,0
2349,0,null,0,0,0
2350,0,null,0,0,0
2400,0,null,0,0,0
2401,0,null,0,0,0
2402,0,null,0,0,0
2403,0,null,0,0,0
2404,0,null,0,0,0
2405,0,null,0,0,0
2406,0,null,0,0,0
2407,0,null,0,0,0
2408,0,null,0,0,0
2409,0,null,0,0,0
2410,0,null,0,0,0
2411,0,null,0,0,0
2412,0,null,0,0,0
2413,0,null,0,0,0
2414,0,null,0,0,0
2415,0,null,0,0,0
2416,0,null,0,0,0
2417,0,null,0,0,0
2418,0,null,0,0,0
2419,0,null,0,0,0
2420,0,null,0,0,0
2421,0,null,0,0,0
2422,0,null,0,0,0
2423,0,null,0,0,0
2424,0,null,0,0,0
2425,0,null,0,0,0
2426,0,null,0,0,0
2427,0,null,0,0,0
2428,0,null,0,0,0
2429,0,null,0,0,0
2430,0,null,0,0,0
2431,0,null,0,0,0
2432,0,null,0,0,0
2433,0,null,0,0,0
2434,0,null,0,0,0
2435,0,null,0,0,0
2436,0,null,0,0,0
2437,0,null,0,0,0
2438,0,null,0,0,0
2439,0,null,0,0,0
2440,0,null,0,0,0
2441,0,null,0,0,0
2442,0,null,0,0,0
2443,0,null,0,0,0
2444,0,null,0,0,0
2445,0,null,0,0,0
2446,0,null,0,0,0
2447,0,null,0,0,0
2448,0,null,0,0,0
2449,0,null,0,0,0
2450,0,null,0,0,0
2451,0,null,0,0,0
2452,0,null,0,0,0
2453,0,null,0,0,0
2454,0,null,0,0,0
2455,0,null,0,0,0
2456,0,null,0,0,0
2457,746,e-,1,1,0
2458,0,null,0,0,0
2459,0,null,0,0,0
2460,0,null,0,0,0
2461,0,null,0,0,0
2462,0,null,0,0,0
2463,0,null,0,0,0
2464,0,null,0,0,0
2465,0,null,0,0,0
2466,0,null,0,0,0
2467,0,null,0,0,0
2468,0,null,0,0,0
2469,0,null,0,0,0
2470,0,null,0,0,0
2471,13,pi-,1,1,1
2472,0,null,0,0,0
2473,0,null,0,0,0
2474,0,null,0,0,0
2475,0,null,0,0,0
2476,0,null,0,0,0
2477,0,null,0,0,0
2478,0,null,0,0,0
2479,0,null,0,0,0
2480,0,null,0,0,0
2481,0,null,0,0,0
2482,0,null,0,0,0
2483,0,null,0,0,0
2484,0,null,0,0,0
2485,0,null,0,0,0
2486,0,null,0,0,0
2487,0,null,0,0,0
2488,0,null,0,0,0
2489,0,null,0,0,0
2490,0,null,0,0,0
2491,0,null,0,0,0
2492,0,null,0,0,0
2493,0,null,0,0,0
2494,0,null,0,0,0
2495,0,null,0,0,0
2496,13,pi+,1,1,1
2497,1401,e-,0,1,0
2498,0,null,0,0,0
2499,0,null,0,0,0
2351,4726,e-,1,0,0
2352,0,null,0,0,0
2353,0,null,0,0,0
2354,0,null,0,0,0
2355,0,null,0,0,0
2356,0,null,0,0,0
2357,0,null,0,0,0
2358,0,null,0,0,0
2359,0,null,0,0,0
2360,0,null,0,0,0
2361,0,null,0,0,0
2362,0,null,0,0,0
2363,0,null,0,0,0
2364,0,null,0,0,0
2365,0,null,0,0,0
2366,0,null,0,0,0
2367,0,null,0,0,0
2368,0,null,0,0,0
2369,0,null,0,0,0
2370,0,null,0,0,0
2371,0,null,0,0,0
2372,0,null,0,0,0
2373,0,null,0,0,0
2374,0,null,0,0,0
2375,0,null,0,0,0
2376,0,null,0,0,0
2377,0,null,0,0,0
2378,0,null,0,0,0
2379,0,null,0,0,0
2520,0,null,0,0,0
2521,0,null,0,0,0
2522,1,primary_proton,1,1,1
2523,0,null,0,0,0
2524,0,null,0,0,0
2525,0,null,0,0,0
2526,0,null,0,0,0
2527,0,null,0,0,0
2528,0,null,0,0,0
2529,0,null,0,0,0
2530,8,secondary_proton,1,1,1
2531,7,secondary_proton,1,1,1
2532,0,null,0,0,0
2533,1,primary_proton,1,1,1
2534,0,null,0,0,0
2535,0,null,0,0,0
2536,0,null,0,0,0
2537,0,null,0,0,0
2538,0,null,0,0,0
2539,3,secondary_proton,1,1,1
2540,0,null,0,0,0
2541,0,null,0,0,0
2542,0,null,0,0,0
2543,0,null,0,0,0
2544,0,null,0,0,0
2545,0,null,0,0,0
2546,0,null,0,0,0
2547,1,primary_proton,1,1,1
2548,0,null,0,0,0
2549,0,null,0,0,0
2550,0,null,0,0,0
2551,0,null,0,0,0
2552,0,null,0,0,0
2553,0,null,0,0,0
2554,0,null,0,0,0
2555,0,null,0,0,0
2556,0,null,0,0,0
2557,1,primary_proton,1,1,1
2558,0,null,0,0,0
2559,0,null,0,0,0
2560,0,null,0,0,0
2500,0,null,0,0,0
2501,0,null,0,0,0
2502,0,null,0,0,0
2503,1,primary_proton,1,1,1
2504,0,null,0,0,0
2505,0,null,0,0,0
2506,0,null,0,0,0
2507,0,null,0,0,0
2508,0,null,0,0,0
2509,0,null,0,0,0
2510,0,null,0,0,0
2511,0,null,0,0,0
2512,0,null,0,0,0
2513,0,null,0,0,0
2514,0,null,0,0,0
2515,0,null,0,0,0
2516,0,null,0,0,0
2517,0,null,0,0,0
2518,0,null,0,0,0
2519,0,null,0,0,0
2590,0,null,0,0,0
2591,0,null,0,0,0
2592,0,null,0,0,0
2593,0,null,0,0,0
2594,17,secondary_proton,1,1,1
2595,0,null,0,0,0
2596,0,null,0,0,0
2597,0,null,0,0,0
2598,0,null,0,0,0
2599,0,null,0,0,0
2562,0,null,0,0,0
2563,1,primary_proton,1,1,1
2564,0,null,0,0,0
2565,0,null,0,0,0
2566,0,null,0,0,0
2567,0,null,0,0,0
2568,0,null,0,0,0
2569,0,null,0,0,0
2570,0,null,0,0,0
2571,0,null,0,0,0
2572,0,null,0,0,0
2573,0,null,0,0,0
2574,0,null,0,0,0
2575,0,null,0,0,0
2576,0,null,0,0,0
2577,0,null,0,0,0
2578,0,null,0,0,0
2579,0,null,0,0,0
2580,0,null,0,0,0
2581,0,null,0,0,0
2582,0,null,0,0,0
2583,0,null,0,0,0
2584,0,null,0,0,0
2585,0,null,0,0,0
2586,0,null,0,0,0
2587,0,null,0,0,0
2588,0,null,0,0,0
2589,0,null,0,0,0
2660,1,primary_proton,1,1,1
2661,0,null,0,0,0
2662,0,null,0,0,0
2663,0,null,0,0,0
2664,0,null,0,0,0
2665,0,null,0,0,0
2666,0,null,0,0,0
2667,0,null,0,0,0
2668,0,null,0,0,0
2669,0,null,0,0,0
2670,0,null,0,0,0
2671,0,null,0,0,0
2672,0,null,0,0,0
2673,0,null,0,0,0
2674,0,null,0,0,0
2675,0,null,0,0,0
2676,0,null,0,0,0
2677,0,null,0,0,0
2678,7,pi+,1,1,1
2679,0,null,0,0,0
2680,0,null,0,0,0
2681,0,null,0,0,0
2682,0,null,0,0,0
2683,0,null,0,0,0
2684,0,null,0,0,0
2685,0,null,0,0,0
2686,0,null,0,0,0
2687,0,null,0,0,0
2688,1,primary_proton,1,1,1
2689,0,null,0,0,0
2690,0,null,0,0,0
2691,0,null,0,0,0
2692,0,null,0,0,0
2693,0,null,0,0,0
2694,0,null,0,0,0
2695,0,null,0,0,0
2696,0,null,0,0,0
2697,0,null,0,0,0
2698,14,pi+,1,1,0
2699,0,null,0,0,0
2600,0,null,0,0,0
2601,0,null,0,0,0
2602,0,null,0,0,0
2603,0,null,0,0,0
2604,0,null,0,0,0
2605,0,null,0,0,0
2606,0,null,0,0,0
2607,1,primary_proton,1,1,1
2608,0,null,0,0,0
2609,0,null,0,0,0
2610,5,secondary_proton,1,1,1
2611,0,null,0,0,0
2612,0,null,0,0,0
2613,0,null,0,0,0
2614,0,null,0,0,0
2615,8,secondary_proton,1,1,1
2616,0,null,0,0,0
2617,0,null,0,0,0
2618,0,null,0,0,0
2619,0,null,0,0,0
2620,0,null,0,0,0
2621,0,null,0,0,0
2622,0,null,0,0,0
2623,0,null,0,0,0
2624,0,null,0,0,0
2625,0,null,0,0,0
2626,0,null,0,0,0
2627,0,null,0,0,0
2628,0,null,0,0,0
2629,0,null,0,0,0
2630,0,null,0,0,0
2631,0,null,0,0,0
2632,0,null,0,0,0
2633,0,null,0,0,0
2634,0,null,0,0,0
2635,0,null,0,0,0
2636,0,null,0,0,0
2637,1,primary_proton,1,1,1
2638,0,null,0,0,0
2639,0,null,0,0,0
2640,0,null,0,0,0
2641,0,null,0,0,0
2642,13,pi-,1,1,1
2643,0,null,0,0,0
2644,0,null,0,0,0
2645,0,null,0,0,0
2646,0,null,0,0,0
2647,0,null,0,0,0
2648,0,null,0,0,0
2649,0,null,0,0,0
2650,0,null,0,0,0
2651,0,null,0,0,0
2652,0,null,0,0,0
2653,14,pi-,1,1,1
2654,0,null,0,0,0
2655,0,null,0,0,0
2656,0,null,0,0,0
2657,0,null,0,0,0
2658,0,null,0,0,0
2659,0,null,0,0,0
2700,0,null,0,0,0
2701,0,null,0,0,0
2702,0,null,0,0,0
2703,0,null,0,0,0
2704,0,null,0,0,0
2705,0,null,0,0,0
2706,0,null,0,0,0
2707,0,null,0,0,0
2708,0,null,0,0,0
2709,0,null,0,0,0
2710,0,null,0,0,0
2711,0,null,0,0,0
2712,0,null,0,0,0
2713,0,null,0,0,0
2714,0,null,0,0,0
2715,0,null,0,0,0
2716,9,pi-,1,1,1
2717,0,null,0,0,0
2718,0,null,0,0,0
2719,0,null,0,0,0
2720,0,null,0,0,0
2721,0,null,0,0,0
2722,0,null,0,0,0
2723,0,null,0,0,0
2724,0,null,0,0,0
2725,1,primary_proton,1,1,1
2726,0,null,0,0,0
2727,0,null,0,0,0
2728,3,secondary_proton,1,0,0
2729,0,null,0,0,0
2730,0,null,0,0,0
2731,0,null,0,0,0
2732,0,null,0,0,0
2733,0,null,0,0,0
2734,0,null,0,0,0
2735,0,null,0,0,0
2736,0,null,0,0,0
2737,0,null,0,0,0
2738,0,null,0,0,0
2739,0,null,0,0,0
2740,0,null,0,0,0
2741,0,null,0,0,0
2742,0,null,0,0,0
2743,0,null,0,0,0
2744,0,null,0,0,0
2745,1,primary_proton,1,1,1
2746,0,null,0,0,0
2747,0,null,0,0,0
2748,0,null,0,0,0
2749,0,null,0,0,0
2750,0,null,0,0,0
2751,0,null,0,0,0
2752,0,null,0,0,0
2753,0,null,0,0,0
2754,0,null,0,0,0
2755,0,null,0,0,0
2756,0,null,0,0,0
2757,9,secondary_proton,1,1,1
2758,0,null,0,0,0
2759,23,pi-,1,1,1
2760,0,null,0,0,0
2800,1,primary_proton,1,1,1
2801,0,null,0,0,0
2802,0,null,0,0,0
2803,6,secondary_proton,1,1,1
2804,0,null,0,0,0
2805,0,null,0,0,0
2806,0,null,0,0,0
2807,0,null,0,0,0
2808,0,null,0,0,0
2809,0,null,0,0,0
2810,0,null,0,0,0
2811,0,null,0,0,0
2812,0,null,0,0,0
2813,0,null,0,0,0
2814,0,null,0,0,0
2815,0,null,0,0,0
2816,0,null,0,0,0
2817,0,null,0,0,0
2818,0,null,0,0,0
2819,0,null,0,0,0
2820,0,null,0,0,0
2821,0,null,0,0,0
2822,0,null,0,0,0
2823,0,null,0,0,0
2824,0,null,0,0,0
2825,1500,pi+,1,1,0
2826,0,null,0,0,0
2827,0,null,0,0,0
2828,0,null,0,0,0
2829,0,null,0,0,0
2830,0,null,0,0,0
2831,0,null,0,0,0
2832,0,null,0,0,0
2833,5,secondary_proton,1,1,1
2834,0,null,0,0,0
2835,0,null,0,0,0
2836,0,null,0,0,0
2837,0,null,0,0,0
2838,0,null,0,0,0
2839,0,null,0,0,0
2840,0,null,0,0,0
2841,0,null,0,0,0
2842,0,null,0,0,0
2843,0,null,0,0,0
2844,0,null,0,0,0
2845,0,null,0,0,0
2846,0,null,0,0,0
2847,415,e-,1,1,0
2848,0,null,0,0,0
2849,0,null,0,0,0
2850,0,null,0,0,0
2851,0,null,0,0,0
2852,0,null,0,0,0
2853,0,null,0,0,0
2854,0,null,0,0,0
2855,0,null,0,0,0
2856,0,null,0,0,0
2857,0,null,0,0,0
2858,0,null,0,0,0
2761,0,null,0,0,0
2762,0,null,0,0,0
2763,0,null,0,0,0
2764,0,null,0,0,0
2765,0,null,0,0,0
2766,0,null,0,0,0
2767,0,null,0,0,0
2768,0,null,0,0,0
2769,0,null,0,0,0
2770,0,null,0,0,0
2771,0,null,0,0,0
2772,0,null,0,0,0
2773,0,null,0,0,0
2774,0,null,0,0,0
2775,0,null,0,0,0
2776,1,primary_proton,1,1,1
2777,0,null,0,0,0
2778,0,null,0,0,0
2779,0,null,0,0,0
2780,0,null,0,0,0
2781,0,null,0,0,0
2782,0,null,0,0,0
2783,0,null,0,0,0
2784,0,null,0,0,0
2785,0,null,0,0,0
2786,0,null,0,0,0
2787,8,pi-,1,1,1
2788,8,pi-,1,1,1
2789,0,null,0,0,0
2790,0,null,0,0,0
2791,0,null,0,0,0
2792,0,null,0,0,0
2793,0,null,0,0,0
2794,0,null,0,0,0
2795,0,null,0,0,0
2796,0,null,0,0,0
2797,0,null,0,0,0
2798,0,null,0,0,0
2799,0,null,0,0,0
2940,0,null,0,0,0
2941,0,null,0,0,0
2942,0,null,0,0,0
2943,0,null,0,0,0
2944,0,null,0,0,0
2945,0,null,0,0,0
2946,0,null,0,0,0
2947,0,null,0,0,0
2948,0,null,0,0,0
2949,0,null,0,0,0
2950,0,null,0,0,0
2951,0,null,0,0,0
2952,0,null,0,0,0
2953,0,null,0,0,0
2954,0,null,0,0,0
2955,0,null,0,0,0
2956,0,null,0,0,0
2957,0,null,0,0,0
2958,0,null,0,0,0
2959,0,null,0,0,0
2960,0,null,0,0,0
2961,0,null,0,0,0
2962,0,null,0,0,0
2963,0,null,0,0,0
2964,0,null,0,0,0
2965,0,null,0,0,0
2966,0,null,0,0,0
2967,0,null,0,0,0
2968,0,null,0,0,0
2859,1,primary_proton,1,1,1
2860,0,null,0,0,0
2861,0,null,0,0,0
2862,0,null,0,0,0
2863,0,null,0,0,0
2864,0,null,0,0,0
2865,0,null,0,0,0
2866,0,null,0,0,0
2867,0,null,0,0,0
2868,0,null,0,0,0
2869,0,null,0,0,0
2870,0,null,0,0,0
2871,0,null,0,0,0
2872,0,null,0,0,0
2873,0,null,0,0,0
2874,0,null,0,0,0
2875,0,null,0,0,0
2876,0,null,0,0,0
2877,0,null,0,0,0
2878,0,null,0,0,0
2879,0,null,0,0,0
2880,0,null,0,0,0
2881,0,null,0,0,0
2882,0,null,0,0,0
2883,0,null,0,0,0
2884,0,null,0,0,0
2885,0,null,0,0,0
2886,0,null,0,0,0
2887,0,null,0,0,0
2888,0,null,0,0,0
2889,0,null,0,0,0
2890,0,null,0,0,0
2891,0,null,0,0,0
2892,0,null,0,0,0
2893,0,null,0,0,0
2894,0,null,0,0,0
2895,0,null,0,0,0
2896,0,null,0,0,0
2897,4,secondary_proton,1,1,1
2898,0,null,0,0,0
2899,0,null,0,0,0
2969,0,null,0,0,0
2970,0,null,0,0,0
2971,1,primary_proton,1,1,1
2972,0,null,0,0,0
2973,0,null,0,0,0
2974,0,null,0,0,0
2975,0,null,0,0,0
2976,150,pi-,1,0,1
2977,0,null,0,0,0
2978,26,pi+,1,1,1
2979,0,null,0,0,0
2980,0,null,0,0,0
2981,0,null,0,0,0
2982,0,null,0,0,0
2983,0,null,0,0,0
2984,0,null,0,0,0
2985,0,null,0,0,0
2986,0,null,0,0,0
2987,0,null,0,0,0
2988,0,null,0,0,0
2989,0,null,0,0,0
2990,0,null,0,0,0
2991,0,null,0,0,0
2992,0,null,0,0,0
2993,0,null,0,0,0
2994,0,null,0,0,0
2995,0,null,0,0,0
2996,0,null,0,0,0
2997,0,null,0,0,0
2998,0,null,0,0,0
2999,0,null,0,0,0
2900,7,secondary_proton,1,0,0
2901,0,null,0,0,0
2902,0,null,0,0,0
2903,0,null,0,0,0
2904,0,null,0,0,0
2905,0,null,0,0,0
2906,0,null,0,0,0
2907,0,null,0,0,0
2908,0,null,0,0,0
2909,948,e-,1,1,1
2910,0,null,0,0,0
2911,0,null,0,0,0
2912,0,null,0,0,0
2913,0,null,0,0,0
2914,0,null,0,0,0
2915,0,null,0,0,0
2916,0,null,0,0,0
2917,6,secondary_proton,1,1,1
2918,0,null,0,0,0
2919,0,null,0,0,0
2920,0,null,0,0,0
2921,0,null,0,0,0
2922,0,null,0,0,0
2923,0,null,0,0,0
2924,0,null,0,0,0
2925,0,null,0,0,0
2926,0,null,0,0,0
2927,0,null,0,0,0
2928,0,null,0,0,0
2929,0,null,0,0,0
2930,0,null,0,0,0
2931,0,null,0,0,0
2932,0,null,0,0,0
2933,0,null,0,0,0
2934,0,null,0,0,0
2935,0,null,0,0,0
2936,0,null,0,0,0
2937,0,null,0,0,0
2938,0,null,0,0,0
2939,0,null,0,0,0
3010,0,null,0,0,0
3011,0,null,0,0,0
3012,0,null,0,0,0
3013,0,null,0,0,0
3014,0,null,0,0,0
3015,0,null,0,0,0
3016,0,null,0,0,0
3017,0,null,0,0,0
3018,0,null,0,0,0
3019,0,null,0,0,0
3020,0,null,0,0,0
3021,0,null,0,0,0
3022,0,null,0,0,0
3023,0,null,0,0,0
3024,0,null,0,0,0
3025,0,null,0,0,0
3026,0,null,0,0,0
3027,65,pi+,1,1,1
3028,0,null,0,0,0
3029,0,null,0,0,0
3030,0,null,0,0,0
3031,0,null,0,0,0
3032,0,null,0,0,0
3033,0,null,0,0,0
3034,0,null,0,0,0
3035,0,null,0,0,0
3036,9,pi+,1,1,1
3037,0,null,0,0,0
3038,0,null,0,0,0
3000,0,null,0,0,0
3001,0,null,0,0,0
3002,1,primary_proton,1,1,1
3003,0,null,0,0,0
3004,0,null,0,0,0
3005,1,primary_proton,1,1,1
3006,0,null,0,0,0
3007,0,null,0,0,0
3008,0,null,0,0,0
3009,0,null,0,0,0
3080,0,null,0,0,0
3081,0,null,0,0,0
3082,0,null,0,0,0
3083,0,null,0,0,0
3084,0,null,0,0,0
3085,0,null,0,0,0
3086,0,null,0,0,0
3087,0,null,0,0,0
3088,0,null,0,0,0
3089,0,null,0,0,0
3090,0,null,0,0,0
3091,0,null,0,0,0
3092,0,null,0,0,0
3093,0,null,0,0,0
3094,3,secondary_proton,1,1,1
3095,0,null,0,0,0
3096,0,null,0,0,0
3097,0,null,0,0,0
3098,0,null,0,0,0
3099,0,null,0,0,0
3040,0,null,0,0,0
3041,0,null,0,0,0
3042,0,null,0,0,0
3043,0,null,0,0,0
3044,0,null,0,0,0
3045,0,null,0,0,0
3046,0,null,0,0,0
3047,0,null,0,0,0
3048,0,null,0,0,0
3049,0,null,0,0,0
3050,0,null,0,0,0
3051,0,null,0,0,0
3052,0,null,0,0,0
3053,0,null,0,0,0
3054,0,null,0,0,0
3055,0,null,0,0,0
3056,0,null,0,0,0
3057,0,null,0,0,0
3058,0,null,0,0,0
3059,0,null,0,0,0
3060,0,null,0,0,0
3061,0,null,0,0,0
3062,0,null,0,0,0
3063,0,null,0,0,0
3064,0,null,0,0,0
3065,0,null,0,0,0
3066,1304,pi+,1,1,1
3067,0,null,0,0,0
3068,1,primary_proton,1,1,1
3069,0,null,0,0,0
3070,0,null,0,0,0
3071,0,null,0,0,0
3072,0,null,0,0,0
3073,0,null,0,0,0
3074,0,null,0,0,0
3075,0,null,0,0,0
3076,0,null,0,0,0
3077,0,null,0,0,0
3078,0,null,0,0,0
3079,0,null,0,0,0
3150,0,null,0,0,0
3151,0,null,0,0,0
3152,0,null,0,0,0
3153,0,null,0,0,0
3154,0,null,0,0,0
3155,0,null,0,0,0
3156,0,null,0,0,0
3157,0,null,0,0,0
3158,0,null,0,0,0
3159,0,null,0,0,0
3160,0,null,0,0,0
3161,0,null,0,0,0
3162,0,null,0,0,0
3163,1,primary_proton,1,1,1
3164,0,null,0,0,0
3165,1,primary_proton,1,1,1
3166,0,null,0,0,0
3167,0,null,0,0,0
3168,0,null,0,0,0
3169,0,null,0,0,0
3170,0,null,0,0,0
3171,0,null,0,0,0
3172,0,null,0,0,0
3173,0,null,0,0,0
3174,0,null,0,0,0
3175,0,null,0,0,0
3176,0,null,0,0,0
3177,0,null,0,0,0
3178,0,null,0,0,0
3179,0,null,0,0,0
3180,0,null,0,0,0
3181,1,primary_proton,1,1,1
3182,1,primary_proton,1,1,1
3183,0,null,0,0,0
3184,0,null,0,0,0
3185,0,null,0,0,0
3186,0,null,0,0,0
3187,0,null,0,0,0
3188,0,null,0,0,0
3189,0,null,0,0,0
3190,0,null,0,0,0
3191,0,null,0,0,0
3192,0,null,0,0,0
3193,1,primary_proton,1,1,1
3194,1,primary_proton,1,1,1
3195,0,null,0,0,0
3196,0,null,0,0,0
3197,0,null,0,0,0
3198,0,null,0,0,0
3199,0,null,0,0,0
3100,0,null,0,0,0
3101,0,null,0,0,0
3102,0,null,0,0,0
3103,0,null,0,0,0
3104,0,null,0,0,0
3105,0,null,0,0,0
3106,0,null,0,0,0
3107,0,null,0,0,0
3108,11,pi-,1,1,1
3109,0,null,0,0,0
3110,0,null,0,0,0
3111,0,null,0,0,0
3112,0,null,0,0,0
3113,0,null,0,0,0
3114,0,null,0,0,0
3115,0,null,0,0,0
3116,0,null,0,0,0
3117,0,null,0,0,0
3118,0,null,0,0,0
3119,0,null,0,0,0
3120,0,null,0,0,0
3121,1,primary_proton,1,1,1
3122,0,null,0,0,0
3123,0,null,0,0,0
3124,0,null,0,0,0
3125,0,null,0,0,0
3126,0,null,0,0,0
3127,0,null,0,0,0
3128,0,null,0,0,0
3129,0,null,0,0,0
3130,0,null,0,0,0
3131,0,null,0,0,0
3132,0,null,0,0,0
3133,0,null,0,0,0
3134,0,null,0,0,0
3135,0,null,0,0,0
3136,0,null,0,0,0
3137,0,null,0,0,0
3138,0,null,0,0,0
3139,0,null,0,0,0
3140,0,null,0,0,0
3141,0,null,0,0,0
3142,0,null,0,0,0
3143,0,null,0,0,0
3144,0,null,0,0,0
3145,0,null,0,0,0
3146,12,pi+,1,1,1
3147,1,primary_proton,1,1,1
3148,0,null,0,0,0
3149,0,null,0,0,0
3290,0,null,0,0,0
3291,0,null,0,0,0
3292,0,null,0,0,0
3293,0,null,0,0,0
3294,0,null,0,0,0
3295,0,null,0,0,0
3296,0,null,0,0,0
3297,0,null,0,0,0
3298,0,null,0,0,0
3299,0,null,0,0,0
3200,0,null,0,0,0
3201,0,null,0,0,0
3202,0,null,0,0,0
3203,1,primary_proton,1,1,1
3204,0,null,0,0,0
3205,0,null,0,0,0
3206,0,null,0,0,0
3207,0,null,0,0,0
3208,0,null,0,0,0
3209,0,null,0,0,0
3210,0,null,0,0,0
3211,0,null,0,0,0
3212,0,null,0,0,0
3213,0,null,0,0,0
3214,0,null,0,0,0
3215,0,null,0,0,0
3216,0,null,0,0,0
3217,0,null,0,0,0
3218,0,null,0,0,0
3219,0,null,0,0,0
3220,4,secondary_proton,1,1,1
3221,0,null,0,0,0
3222,0,null,0,0,0
3223,0,null,0,0,0
3224,0,null,0,0,0
3225,0,null,0,0,0
3226,0,null,0,0,0
3227,0,null,0,0,0
3228,0,null,0,0,0
3229,0,null,0,0,0
3230,0,null,0,0,0
3231,7,secondary_proton,1,1,1
3232,0,null,0,0,0
3233,0,null,0,0,0
3234,0,null,0,0,0
3235,0,null,0,0,0
3236,0,null,0,0,0
3237,0,null,0,0,0
3238,0,null,0,0,0
3239,0,null,0,0,0
3240,0,null,0,0,0
3241,0,null,0,0,0
3242,0,null,0,0,0
3243,0,null,0,0,0
3244,0,null,0,0,0
3245,1,primary_proton,1,1,1
3246,0,null,0,0,0
3247,0,null,0,0,0
3248,0,null,0,0,0
3249,0,null,0,0,0
3250,0,null,0,0,0
3251,0,null,0,0,0
3252,0,null,0,0,0
3253,0,null,0,0,0
3254,0,null,0,0,0
3255,0,null,0,0,0
3256,0,null,0,0,0
3257,0,null,0,0,0
3258,1,primary_proton,1,1,1
3259,0,null,0,0,0
3260,0,null,0,0,0
3261,0,null,0,0,0
3262,0,null,0,0,0
3263,0,null,0,0,0
3264,0,null,0,0,0
3265,0,null,0,0,0
3266,0,null,0,0,0
3267,0,null,0,0,0
3268,0,null,0,0,0
3269,1,primary_proton,1,1,1
3300,0,null,0,0,0
3301,0,null,0,0,0
3302,0,null,0,0,0
3303,8,pi+,1,1,0
3304,0,null,0,0,0
3305,0,null,0,0,0
3306,0,null,0,0,0
3307,0,null,0,0,0
3308,0,null,0,0,0
3309,0,null,0,0,0
3310,0,null,0,0,0
3311,5,secondary_proton,1,1,1
3312,0,null,0,0,0
3313,0,null,0,0,0
3314,0,null,0,0,0
3315,0,null,0,0,0
3316,0,null,0,0,0
3317,0,null,0,0,0
3318,0,null,0,0,0
3319,0,null,0,0,0
3320,0,null,0,0,0
3321,0,null,0,0,0
3322,0,null,0,0,0
3323,0,null,0,0,0
3324,0,null,0,0,0
3325,0,null,0,0,0
3326,0,null,0,0,0
3327,0,null,0,0,0
3328,0,null,0,0,0
3329,0,null,0,0,0
3330,0,null,0,0,0
3331,0,null,0,0,0
3332,0,null,0,0,0
3333,0,null,0,0,0
3334,0,null,0,0,0
3335,0,null,0,0,0
3336,0,null,0,0,0
3337,0,null,0,0,0
3338,0,null,0,0,0
3339,0,null,0,0,0
3340,1,primary_proton,1,1,1
3341,0,null,0,0,0
3342,1070,pi-,1,1,1
3343,0,null,0,0,0
3344,0,null,0,0,0
3345,0,null,0,0,0
3346,0,null,0,0,0
3347,0,null,0,0,0
3348,0,null,0,0,0
3349,0,null,0,0,0
3350,0,null,0,0,0
3351,0,null,0,0,0
3352,0,null,0,0,0
3353,0,null,0,0,0
3354,3,secondary_proton,1,1,1
3355,0,null,0,0,0
3356,0,null,0,0,0
3357,0,null,0,0,0
3358,3,secondary_proton,1,1,1
3359,0,null,0,0,0
3430,0,null,0,0,0
3431,0,null,0,0,0
3432,0,null,0,0,0
3433,0,null,0,0,0
3434,0,null,0,0,0
3435,0,null,0,0,0
3436,0,null,0,0,0
3437,0,null,0,0,0
3438,0,null,0,0,0
3439,0,null,0,0,0
3271,0,null,0,0,0
3272,0,null,0,0,0
3273,5183,secondary_proton,1,1,1
3274,0,null,0,0,0
3275,0,null,0,0,0
3276,0,null,0,0,0
3277,0,null,0,0,0
3278,0,null,0,0,0
3279,0,null,0,0,0
3280,0,null,0,0,0
3281,0,null,0,0,0
3282,0,null,0,0,0
3283,0,null,0,0,0
3284,0,null,0,0,0
3285,0,null,0,0,0
3286,0,null,0,0,0
3287,1,primary_proton,1,1,1
3288,0,null,0,0,0
3289,0,null,0,0,0
3360,0,null,0,0,0
3361,0,null,0,0,0
3362,0,null,0,0,0
3363,0,null,0,0,0
3364,0,null,0,0,0
3365,0,null,0,0,0
3366,0,null,0,0,0
3367,0,null,0,0,0
3368,0,null,0,0,0
3369,0,null,0,0,0
3370,0,null,0,0,0
3371,0,null,0,0,0
3372,0,null,0,0,0
3373,0,null,0,0,0
3374,0,null,0,0,0
3375,0,null,0,0,0
3376,0,null,0,0,0
3377,0,null,0,0,0
3378,0,null,0,0,0
3379,0,null,0,0,0
3380,0,null,0,0,0
3381,0,null,0,0,0
3382,1,primary_proton,1,1,1
3383,1,primary_proton,1,1,1
3384,0,null,0,0,0
3385,0,null,0,0,0
3386,0,null,0,0,0
3387,0,null,0,0,0
3388,0,null,0,0,0
3389,0,null,0,0,0
3390,0,null,0,0,0
3391,0,null,0,0,0
3392,0,null,0,0,0
3393,0,null,0,0,0
3394,0,null,0,0,0
3395,0,null,0,0,0
3396,0,null,0,0,0
3397,0,null,0,0,0
3398,0,null,0,0,0
3399,0,null,0,0,0
3440,0,null,0,0,0
3441,0,null,0,0,0
3442,0,null,0,0,0
3443,0,null,0,0,0
3444,7,kaon+,1,1,1
3445,0,null,0,0,0
3446,0,null,0,0,0
3447,0,null,0,0,0
3448,0,null,0,0,0
3449,0,null,0,0,0
3450,0,null,0,0,0
3451,0,null,0,0,0
3452,0,null,0,0,0
3453,0,null,0,0,0
3454,0,null,0,0,0
3455,0,null,0,0,0
3456,0,null,0,0,0
3457,0,null,0,0,0
3458,0,null,0,0,0
3459,0,null,0,0,0
3460,0,null,0,0,0
3461,0,null,0,0,0
3462,0,null,0,0,0
3463,0,null,0,0,0
3464,3510,e-,1,1,0
3465,0,null,0,0,0
3466,0,null,0,0,0
3467,0,null,0,0,0
3468,0,null,0,0,0
3469,0,null,0,0,0
3470,0,null,0,0,0
3471,0,null,0,0,0
3472,0,null,0,0,0
3473,0,null,0,0,0
3474,0,null,0,0,0
3475,0,null,0,0,0
3476,0,null,0,0,0
3477,0,null,0,0,0
3478,0,null,0,0,0
3479,0,null,0,0,0
3480,0,null,0,0,0
3481,0,null,0,0,0
3482,0,null,0,0,0
3483,0,null,0,0,0
3484,0,null,0,0,0
3485,0,null,0,0,0
3486,0,null,0,0,0
3487,0,null,0,0,0
3488,0,null,0,0,0
3489,0,null,0,0,0
3490,0,null,0,0,0
3491,1,primary_proton,1,1,1
3492,0,null,0,0,0
3493,0,null,0,0,0
3494,0,null,0,0,0
3495,0,null,0,0,0
3496,0,null,0,0,0
3497,0,null,0,0,0
3498,9,secondary_proton,1,1,1
3499,0,null,0,0,0
3400,0,null,0,0,0
3401,0,null,0,0,0
3402,0,null,0,0,0
3403,0,null,0,0,0
3404,0,null,0,0,0
3405,0,null,0,0,0
3406,0,null,0,0,0
3407,0,null,0,0,0
3408,0,null,0,0,0
3409,0,null,0,0,0
3410,0,null,0,0,0
3411,0,null,0,0,0
3412,0,null,0,0,0
3413,0,null,0,0,0
3414,0,null,0,0,0
3415,0,null,0,0,0
3416,0,null,0,0,0
3417,5,pi-,1,1,0
3418,0,null,0,0,0
3419,0,null,0,0,0
3420,0,null,0,0,0
3421,0,null,0,0,0
3422,0,null,0,0,0
3423,0,null,0,0,0
3424,0,null,0,0,0
3425,0,null,0,0,0
3426,0,null,0,0,0
3427,0,null,0,0,0
3428,0,null,0,0,0
3429,0,null,0,0,0
3570,0,null,0,0,0
3571,0,null,0,0,0
3572,0,null,0,0,0
3573,1,primary_proton,1,1,1
3574,1,primary_proton,1,1,1
3575,0,null,0,0,0
3576,0,null,0,0,0
3577,0,null,0,0,0
3578,0,null,0,0,0
3579,0,null,0,0,0
3580,0,null,0,0,0
3581,0,null,0,0,0
3582,0,null,0,0,0
3583,0,null,0,0,0
3584,0,null,0,0,0
3585,0,null,0,0,0
3586,0,null,0,0,0
3587,0,null,0,0,0
3588,0,null,0,0,0
3589,0,null,0,0,0
3590,0,null,0,0,0
3591,0,null,0,0,0
3592,0,null,0,0,0
3593,0,null,0,0,0
3594,0,null,0,0,0
3595,0,null,0,0,0
3596,0,null,0,0,0
3597,0,null,0,0,0
3598,0,null,0,0,0
3599,0,null,0,0,0
3500,0,null,0,0,0
3501,0,null,0,0,0
3502,0,null,0,0,0
3503,0,null,0,0,0
3504,0,null,0,0,0
3505,0,null,0,0,0
3506,25,secondary_proton,1,1,0
3507,0,null,0,0,0
3508,0,null,0,0,0
3509,0,null,0,0,0
3510,0,null,0,0,0
3511,0,null,0,0,0
3512,0,null,0,0,0
3513,0,null,0,0,0
3514,1,primary_proton,1,1,1
3515,0,null,0,0,0
3516,0,null,0,0,0
3517,0,null,0,0,0
3518,0,null,0,0,0
3519,0,null,0,0,0
3520,0,null,0,0,0
3521,0,null,0,0,0
3522,0,null,0,0,0
3523,0,null,0,0,0
3524,0,null,0,0,0
3525,0,null,0,0,0
3526,0,null,0,0,0
3527,0,null,0,0,0
3528,0,null,0,0,0
3529,0,null,0,0,0
3530,0,null,0,0,0
3531,0,null,0,0,0
3532,0,null,0,0,0
3533,1,primary_proton,1,1,1
3534,0,null,0,0,0
3535,0,null,0,0,0
3536,0,null,0,0,0
3537,0,null,0,0,0
3538,0,null,0,0,0
3539,0,null,0,0,0
3540,0,null,0,0,0
3541,0,null,0,0,0
3542,0,null,0,0,0
3543,0,null,0,0,0
3544,0,null,0,0,0
3545,0,null,0,0,0
3546,0,null,0,0,0
3547,0,null,0,0,0
3548,0,null,0,0,0
3549,16,kaon+,1,1,1
3550,0,null,0,0,0
3551,0,null,0,0,0
3552,0,null,0,0,0
3553,0,null,0,0,0
3554,7,pi-,1,0,0
3555,0,null,0,0,0
3556,13,pi+,1,0,0
3557,0,null,0,0,0
3558,0,null,0,0,0
3559,0,null,0,0,0
3560,0,null,0,0,0
3561,0,null,0,0,0
3562,0,null,0,0,0
3563,0,null,0,0,0
3564,0,null,0,0,0
3565,0,null,0,0,0
3566,0,null,0,0,0
3600,0,null,0,0,0
3601,0,null,0,0,0
3602,0,null,0,0,0
3603,0,null,0,0,0
3604,0,null,0,0,0
3605,0,null,0,0,0
3606,0,null,0,0,0
3607,0,null,0,0,0
3608,0,null,0,0,0
3609,0,null,0,0,0
3610,0,null,0,0,0
3611,0,null,0,0,0
3612,0,null,0,0,0
3613,1194,e-,1,1,0
3614,0,null,0,0,0
3615,0,null,0,0,0
3616,0,null,0,0,0
3617,0,null,0,0,0
3618,1,primary_proton,1,1,1
3619,0,null,0,0,0
3620,0,null,0,0,0
3621,0,null,0,0,0
3622,0,null,0,0,0
3623,0,null,0,0,0
3624,0,null,0,0,0
3625,0,null,0,0,0
3626,0,null,0,0,0
3627,0,null,0,0,0
3628,0,null,0,0,0
3629,0,null,0,0,0
3630,0,null,0,0,0
3631,0,null,0,0,0
3632,0,null,0,0,0
3633,0,null,0,0,0
3634,0,null,0,0,0
3635,0,null,0,0,0
3636,0,null,0,0,0
3637,0,null,0,0,0
3638,0,null,0,0,0
3639,0,null,0,0,0
3640,1,primary_proton,1,1,1
3641,0,null,0,0,0
3642,0,null,0,0,0
3643,0,null,0,0,0
3644,0,null,0,0,0
3645,0,null,0,0,0
3646,0,null,0,0,0
3647,0,null,0,0,0
3648,0,null,0,0,0
3649,0,null,0,0,0
3650,0,null,0,0,0
3651,0,null,0,0,0
3652,0,null,0,0,0
3653,0,null,0,0,0
3654,0,null,0,0,0
3655,0,null,0,0,0
3656,0,null,0,0,0
3657,0,null,0,0,0
3658,0,null,0,0,0
3659,0,null,0,0,0
3660,0,null,0,0,0
3661,0,null,0,0,0
3662,0,null,0,0,0
3663,0,null,0,0,0
3664,0,null,0,0,0
3665,0,null,0,0,0
3666,0,null,0,0,0
3667,0,null,0,0,0
3668,0,null,0,0,0
3669,0,null,0,0,0
3670,0,null,0,0,0
3671,0,null,0,0,0
3672,1,primary_proton,1,1,1
3673,0,null,0,0,0
3674,0,null,0,0,0
3675,0,null,0,0,0
3676,1,primary_proton,1,1,1
3677,0,null,0,0,0
3678,0,null,0,0,0
3679,0,null,0,0,0
3680,0,null,0,0,0
3681,0,null,0,0,0
3682,0,null,0,0,0
3683,0,null,0,0,0
3684,0,null,0,0,0
3685,0,null,0,0,0
3686,0,null,0,0,0
3687,0,null,0,0,0
3688,0,null,0,0,0
3689,0,null,0,0,0
3690,0,null,0,0,0
3691,0,null,0,0,0
3692,0,null,0,0,0
3693,0,null,0,0,0
3694,0,null,0,0,0
3695,0,null,0,0,0
3696,0,null,0,0,0
3697,0,null,0,0,0
3698,0,null,0,0,0
3699,0,null,0,0,0
3568,0,null,0,0,0
3569,0,null,0,0,0
3710,0,null,0,0,0
3711,0,null,0,0,0
3712,0,null,0,0,0
3713,0,null,0,0,0
3714,0,null,0,0,0
3715,0,null,0,0,0
3716,0,null,0,0,0
3717,0,null,0,0,0
3718,0,null,0,0,0
3719,0,null,0,0,0
3720,0,null,0,0,0
3721,0,null,0,0,0
3722,0,null,0,0,0
3723,0,null,0,0,0
3724,0,null,0,0,0
3725,0,null,0,0,0
3726,0,null,0,0,0
3727,0,null,0,0,0
3728,0,null,0,0,0
3729,0,null,0,0,0
3730,0,null,0,0,0
3731,0,null,0,0,0
3732,0,null,0,0,0
3733,0,null,0,0,0
3734,0,null,0,0,0
3735,0,null,0,0,0
3736,0,null,0,0,0
3737,0,null,0,0,0
3738,0,null,0,0,0
3739,0,null,0,0,0
3740,0,null,0,0,0
3741,0,null,0,0,0
3742,281,pi+,1,1,1
3743,0,null,0,0,0
3744,0,null,0,0,0
3745,0,null,0,0,0
3746,0,null,0,0,0
3747,0,null,0,0,0
3748,0,null,0,0,0
3749,0,null,0,0,0
3750,0,null,0,0,0
3751,0,null,0,0,0
3752,0,null,0,0,0
3753,0,null,0,0,0
3754,0,null,0,0,0
3755,0,null,0,0,0
3756,0,null,0,0,0
3757,0,null,0,0,0
3758,0,null,0,0,0
3759,0,null,0,0,0
3760,0,null,0,0,0
3761,0,null,0,0,0
3762,0,null,0,0,0
3763,0,null,0,0,0
3764,0,null,0,0,0
3765,0,null,0,0,0
3766,1,primary_proton,1,1,1
3767,0,null,0,0,0
3768,0,null,0,0,0
3769,0,null,0,0,0
3770,0,null,0,0,0
3771,0,null,0,0,0
3772,0,null,0,0,0
3773,1,primary_proton,1,1,1
3774,0,null,0,0,0
3775,0,null,0,0,0
3776,0,null,0,0,0
3777,0,null,0,0,0
3778,0,null,0,0,0
3779,0,null,0,0,0
3780,0,null,0,0,0
3781,0,null,0,0,0
3782,0,null,0,0,0
3783,0,null,0,0,0
3784,0,null,0,0,0
3785,0,null,0,0,0
3786,0,null,0,0,0
3787,0,null,0,0,0
3788,0,null,0,0,0
3789,0,null,0,0,0
3790,0,null,0,0,0
3791,0,null,0,0,0
3792,0,null,0,0,0
3793,0,null,0,0,0
3794,0,null,0,0,0
3795,0,null,0,0,0
3796,0,null,0,0,0
3797,0,null,0,0,0
3798,158,e+,1,1,1
3799,0,null,0,0,0
3700,0,null,0,0,0
3701,0,null,0,0,0
3702,0,null,0,0,0
3703,0,null,0,0,0
3704,0,null,0,0,0
3705,0,null,0,0,0
3706,0,null,0,0,0
3707,0,null,0,0,0
3708,0,null,0,0,0
3709,7,pi+,1,1,0
3850,0,null,0,0,0
3851,0,null,0,0,0
3852,0,null,0,0,0
3853,0,null,0,0,0
3854,0,null,0,0,0
3855,0,null,0,0,0
3856,0,null,0,0,0
3857,0,null,0,0,0
3858,0,null,0,0,0
3859,0,null,0,0,0
3860,5063,e-,1,1,1
3861,0,null,0,0,0
3862,0,null,0,0,0
3863,0,null,0,0,0
3864,0,null,0,0,0
3865,0,null,0,0,0
3866,0,null,0,0,0
3867,0,null,0,0,0
3868,0,null,0,0,0
3869,0,null,0,0,0
3870,0,null,0,0,0
3871,0,null,0,0,0
3872,0,null,0,0,0
3873,0,null,0,0,0
3874,0,null,0,0,0
3875,2367,e-,0,1,0
3876,0,null,0,0,0
3877,0,null,0,0,0
3878,0,null,0,0,0
3879,0,null,0,0,0
3880,0,null,0,0,0
3881,0,null,0,0,0
3882,0,null,0,0,0
3883,0,null,0,0,0
3884,0,null,0,0,0
3885,0,null,0,0,0
3886,1,primary_proton,1,1,1
3887,0,null,0,0,0
3888,0,null,0,0,0
3889,0,null,0,0,0
3890,0,null,0,0,0
3891,0,null,0,0,0
3892,0,null,0,0,0
3893,0,null,0,0,0
3894,0,null,0,0,0
3895,0,null,0,0,0
3896,0,null,0,0,0
3897,0,null,0,0,0
3898,0,null,0,0,0
3899,0,null,0,0,0
3900,0,null,0,0,0
3901,0,null,0,0,0
3902,0,null,0,0,0
3903,0,null,0,0,0
3904,0,null,0,0,0
3905,0,null,0,0,0
3906,0,null,0,0,0
3907,0,null,0,0,0
3908,0,null,0,0,0
3909,0,null,0,0,0
3910,0,null,0,0,0
3911,0,null,0,0,0
3912,0,null,0,0,0
3913,0,null,0,0,0
3914,0,null,0,0,0
3915,0,null,0,0,0
3916,136,secondary_proton,1,1,1
3917,0,null,0,0,0
3918,0,null,0,0,0
3919,0,null,0,0,0
3990,0,null,0,0,0
3991,1,primary_proton,1,1,1
3992,0,null,0,0,0
3993,0,null,0,0,0
3994,0,null,0,0,0
3995,0,null,0,0,0
3996,0,null,0,0,0
3997,0,null,0,0,0
3998,0,null,0,0,0
3999,0,null,0,0,0
3800,0,null,0,0,0
3801,0,null,0,0,0
3802,0,null,0,0,0
3803,0,null,0,0,0
3804,0,null,0,0,0
3805,0,null,0,0,0
3806,0,null,0,0,0
3807,0,null,0,0,0
3808,0,null,0,0,0
3809,0,null,0,0,0
3810,0,null,0,0,0
3811,0,null,0,0,0
3812,0,null,0,0,0
3813,0,null,0,0,0
3814,0,null,0,0,0
3815,0,null,0,0,0
3816,0,null,0,0,0
3817,0,null,0,0,0
3818,0,null,0,0,0
3819,0,null,0,0,0
3820,0,null,0,0,0
3821,0,null,0,0,0
3822,0,null,0,0,0
3823,0,null,0,0,0
3824,0,null,0,0,0
3825,0,null,0,0,0
3826,0,null,0,0,0
3827,0,null,0,0,0
3828,0,null,0,0,0
3829,0,null,0,0,0
3830,0,null,0,0,0
3831,0,null,0,0,0
3832,0,null,0,0,0
3833,0,null,0,0,0
3834,7,pi-,1,1,1
3835,0,null,0,0,0
3836,0,null,0,0,0
3837,0,null,0,0,0
3838,0,null,0,0,0
3839,0,null,0,0,0
3840,0,null,0,0,0
3841,0,null,0,0,0
3842,0,null,0,0,0
3843,0,null,0,0,0
3844,0,null,0,0,0
3845,0,null,0,0,0
3846,0,null,0,0,0
3847,0,null,0,0,0
3848,0,null,0,0,0
3849,10,pi-,1,0,0
3920,0,null,0,0,0
3921,0,null,0,0,0
3922,0,null,0,0,0
3923,1,primary_proton,1,1,1
3924,0,null,0,0,0
3925,0,null,0,0,0
3926,0,null,0,0,0
3927,1,primary_proton,1,1,1
3928,0,null,0,0,0
3929,0,null,0,0,0
3930,0,null,0,0,0
3931,0,null,0,0,0
3932,0,null,0,0,0
3933,0,null,0,0,0
3934,0,null,0,0,0
3935,0,null,0,0,0
3936,0,null,0,0,0
3937,0,null,0,0,0
3938,0,null,0,0,0
3939,0,null,0,0,0
3940,0,null,0,0,0
3941,0,null,0,0,0
3942,0,null,0,0,0
3943,0,null,0,0,0
3944,0,null,0,0,0
3945,0,null,0,0,0
3946,751,pi-,1,1,1
4000,0,null,0,0,0
4001,0,null,0,0,0
4002,0,null,0,0,0
4003,0,null,0,0,0
4004,0,null,0,0,0
4005,0,null,0,0,0
4006,0,null,0,0,0
4007,0,null,0,0,0
4008,0,null,0,0,0
4009,0,null,0,0,0
4010,0,null,0,0,0
4011,0,null,0,0,0
4012,13,secondary_proton,1,1,1
4013,0,null,0,0,0
4014,0,null,0,0,0
4015,0,null,0,0,0
4016,0,null,0,0,0
4017,0,null,0,0,0
4018,0,null,0,0,0
4019,0,null,0,0,0
4020,0,null,0,0,0
4021,0,null,0,0,0
4022,0,null,0,0,0
4023,0,null,0,0,0
4024,0,null,0,0,0
4025,0,null,0,0,0
4026,0,null,0,0,0
4027,0,null,0,0,0
4028,0,null,0,0,0
4029,0,null,0,0,0
4030,0,null,0,0,0
4031,0,null,0,0,0
4032,0,null,0,0,0
4033,0,null,0,0,0
4034,0,null,0,0,0
4035,0,null,0,0,0
4036,0,null,0,0,0
4037,0,null,0,0,0
4038,0,null,0,0,0
4039,0,null,0,0,0
4040,0,null,0,0,0
4041,7,secondary_proton,1,1,1
4042,0,null,0,0,0
4043,0,null,0,0,0
4044,0,null,0,0,0
4045,0,null,0,0,0
4046,0,null,0,0,0
4047,0,null,0,0,0
4048,0,null,0,0,0
4049,0,null,0,0,0
4050,0,null,0,0,0
4051,0,null,0,0,0
4052,0,null,0,0,0
4053,0,null,0,0,0
4054,0,null,0,0,0
4055,0,null,0,0,0
4056,0,null,0,0,0
4057,0,null,0,0,0
4058,0,null,0,0,0
4059,0,null,0,0,0
4130,0,null,0,0,0
4131,0,null,0,0,0
4132,0,null,0,0,0
4133,0,null,0,0,0
3948,0,null,0,0,0
3949,0,null,0,0,0
3950,0,null,0,0,0
3951,0,null,0,0,0
3952,0,null,0,0,0
3953,0,null,0,0,0
3954,0,null,0,0,0
3955,0,null,0,0,0
3956,0,null,0,0,0
3957,0,null,0,0,0
3958,0,null,0,0,0
3959,0,null,0,0,0
3960,0,null,0,0,0
3961,0,null,0,0,0
3962,0,null,0,0,0
3963,0,null,0,0,0
3964,0,null,0,0,0
3965,0,null,0,0,0
3966,0,null,0,0,0
3967,0,null,0,0,0
3968,1,primary_proton,1,1,1
3969,0,null,0,0,0
3970,0,null,0,0,0
3971,0,null,0,0,0
3972,0,null,0,0,0
3973,1,primary_proton,1,1,1
3974,0,null,0,0,0
3975,0,null,0,0,0
3976,0,null,0,0,0
3977,0,null,0,0,0
3978,0,null,0,0,0
3979,0,null,0,0,0
3980,0,null,0,0,0
3981,0,null,0,0,0
3982,0,null,0,0,0
3983,0,null,0,0,0
3984,0,null,0,0,0
3985,0,null,0,0,0
3986,0,null,0,0,0
3987,0,null,0,0,0
3988,9,pi+,1,1,0
3989,0,null,0,0,0
4060,0,null,0,0,0
4061,0,null,0,0,0
4062,0,null,0,0,0
4063,0,null,0,0,0
4064,0,null,0,0,0
4065,0,null,0,0,0
4066,6,pi+,1,1,1
4067,0,null,0,0,0
4068,0,null,0,0,0
4069,0,null,0,0,0
4070,2,secondary_proton,1,0,0
4071,0,null,0,0,0
4072,0,null,0,0,0
4073,0,null,0,0,0
4074,646,e-,1,1,1
4134,0,null,0,0,0
4135,0,null,0,0,0
4136,0,null,0,0,0
4137,1,primary_proton,1,1,1
4138,0,null,0,0,0
4139,0,null,0,0,0
4140,0,null,0,0,0
4141,0,null,0,0,0
4142,0,null,0,0,0
4143,0,null,0,0,0
4144,0,null,0,0,0
4145,0,null,0,0,0
4146,0,null,0,0,0
4147,0,null,0,0,0
4148,0,null,0,0,0
4149,0,null,0,0,0
4150,1,primary_proton,1,1,1
4151,0,null,0,0,0
4152,0,null,0,0,0
4153,0,null,0,0,0
4154,0,null,0,0,0
4155,0,null,0,0,0
4156,0,null,0,0,0
4157,0,null,0,0,0
4158,0,null,0,0,0
4159,0,null,0,0,0
4160,3,secondary_proton,1,1,1
4161,1,primary_proton,1,1,1
4162,0,null,0,0,0
4163,0,null,0,0,0
4164,0,null,0,0,0
4165,0,null,0,0,0
4166,0,null,0,0,0
4167,0,null,0,0,0
4168,0,null,0,0,0
4169,0,null,0,0,0
4170,1,primary_proton,1,1,1
4171,0,null,0,0,0
4172,0,null,0,0,0
4173,0,null,0,0,0
4174,4,secondary_proton,1,1,0
4175,0,null,0,0,0
4176,0,null,0,0,0
4177,0,null,0,0,0
4178,0,null,0,0,0
4179,0,null,0,0,0
4180,0,null,0,0,0
4181,0,null,0,0,0
4182,0,null,0,0,0
4183,0,null,0,0,0
4184,0,null,0,0,0
4185,0,null,0,0,0
4186,0,null,0,0,0
4187,0,null,0,0,0
4188,0,null,0,0,0
4189,0,null,0,0,0
4190,0,null,0,0,0
4191,0,null,0,0,0
4192,0,null,0,0,0
4193,0,null,0,0,0
4194,8,pi+,1,1,1
4195,0,null,0,0,0
4196,0,null,0,0,0
4197,0,null,0,0,0
4198,0,null,0,0,0
4199,1,primary_proton,1,1,1
4075,10,pi+,1,1,1
4076,0,null,0,0,0
4077,0,null,0,0,0
4078,0,null,0,0,0
4079,0,null,0,0,0
4080,0,null,0,0,0
4081,0,null,0,0,0
4082,0,null,0,0,0
4083,0,null,0,0,0
4084,0,null,0,0,0
4085,0,null,0,0,0
4086,0,null,0,0,0
4087,9,pi-,1,1,0
4088,0,null,0,0,0
4089,0,null,0,0,0
4090,0,null,0,0,0
4091,0,null,0,0,0
4092,0,null,0,0,0
4093,0,null,0,0,0
4094,0,null,0,0,0
4095,1,primary_proton,1,1,1
4096,6,pi-,1,1,0
4097,0,null,0,0,0
4098,0,null,0,0,0
4099,0,null,0,0,0
4100,0,null,0,0,0
4101,0,null,0,0,0
4102,0,null,0,0,0
4103,0,null,0,0,0
4104,0,null,0,0,0
4105,5,secondary_proton,1,1,1
4106,1,primary_proton,1,1,1
4107,0,null,0,0,0
4108,0,null,0,0,0
4109,1,primary_proton,1,1,1
4110,0,null,0,0,0
4111,0,null,0,0,0
4112,0,null,0,0,0
4113,11,pi-,1,1,1
4114,0,null,0,0,0
4115,0,null,0,0,0
4116,0,null,0,0,0
4117,0,null,0,0,0
4118,0,null,0,0,0
4119,0,null,0,0,0
4120,0,null,0,0,0
4121,4,secondary_proton,1,1,1
4122,0,null,0,0,0
4123,0,null,0,0,0
4124,1629,e-,1,1,1
4125,0,null,0,0,0
4126,0,null,0,0,0
4127,0,null,0,0,0
4128,0,null,0,0,0
4129,0,null,0,0,0
4270,0,null,0,0,0
4271,0,null,0,0,0
4272,0,null,0,0,0
4273,0,null,0,0,0
4274,0,null,0,0,0
4275,0,null,0,0,0
4276,0,null,0,0,0
4277,0,null,0,0,0
4278,0,null,0,0,0
4279,0,null,0,0,0
4280,3,secondary_proton,1,1,1
4281,0,null,0,0,0
4282,0,null,0,0,0
4283,0,null,0,0,0
4284,0,null,0,0,0
4285,9,pi+,1,1,0
4286,0,null,0,0,0
4287,0,null,0,0,0
4288,0,null,0,0,0
4289,0,null,0,0,0
4290,0,null,0,0,0
4291,0,null,0,0,0
4292,0,null,0,0,0
4293,0,null,0,0,0
4294,0,null,0,0,0
4295,0,null,0,0,0
4296,0,null,0,0,0
4297,0,null,0,0,0
4298,0,null,0,0,0
4299,0,null,0,0,0
4200,0,null,0,0,0
4201,0,null,0,0,0
4202,0,null,0,0,0
4203,0,null,0,0,0
4204,0,null,0,0,0
4205,0,null,0,0,0
4206,0,null,0,0,0
4207,0,null,0,0,0
4208,0,null,0,0,0
4209,0,null,0,0,0
4210,0,null,0,0,0
4211,0,null,0,0,0
4212,0,null,0,0,0
4213,0,null,0,0,0
4214,1,primary_proton,1,1,1
4215,0,null,0,0,0
4216,1,primary_proton,1,1,1
4217,0,null,0,0,0
4218,0,null,0,0,0
4219,0,null,0,0,0
4220,0,null,0,0,0
4221,0,null,0,0,0
4222,0,null,0,0,0
4223,0,null,0,0,0
4224,0,null,0,0,0
4225,0,null,0,0,0
4226,0,null,0,0,0
4227,0,null,0,0,0
4228,7,pi+,1,1,1
4229,0,null,0,0,0
4230,0,null,0,0,0
4231,0,null,0,0,0
4232,0,null,0,0,0
4233,0,null,0,0,0
4234,1,primary_proton,1,1,1
4235,0,null,0,0,0
4236,0,null,0,0,0
4237,0,null,0,0,0
4238,0,null,0,0,0
4239,0,null,0,0,0
4240,0,null,0,0,0
4241,0,null,0,0,0
4242,0,null,0,0,0
4243,0,null,0,0,0
4244,0,null,0,0,0
4245,0,null,0,0,0
4246,0,null,0,0,0
4247,0,null,0,0,0
4248,0,null,0,0,0
4249,8,pi+,1,0,0
4250,0,null,0,0,0
4251,0,null,0,0,0
4252,0,null,0,0,0
4253,0,null,0,0,0
4254,0,null,0,0,0
4255,0,null,0,0,0
4256,0,null,0,0,0
4257,0,null,0,0,0
4258,0,null,0,0,0
4259,0,null,0,0,0
4260,0,null,0,0,0
4261,0,null,0,0,0
4262,0,null,0,0,0
4263,0,null,0,0,0
4264,5,pi+,1,1,0
4265,0,null,0,0,0
4300,0,null,0,0,0
4301,0,null,0,0,0
4302,0,null,0,0,0
4303,0,null,0,0,0
4304,0,null,0,0,0
4305,0,null,0,0,0
4306,0,null,0,0,0
4307,1,primary_proton,1,1,1
4308,0,null,0,0,0
4309,0,null,0,0,0
4310,0,null,0,0,0
4311,0,null,0,0,0
4312,0,null,0,0,0
4313,0,null,0,0,0
4314,0,null,0,0,0
4315,0,null,0,0,0
4316,0,null,0,0,0
4317,0,null,0,0,0
4318,0,null,0,0,0
4319,0,null,0,0,0
4320,0,null,0,0,0
4321,0,null,0,0,0
4322,0,null,0,0,0
4323,0,null,0,0,0
4324,0,null,0,0,0
4325,10,pi+,1,1,1
4326,446,secondary_proton,1,1,0
4327,0,null,0,0,0
4328,0,null,0,0,0
4329,0,null,0,0,0
4330,0,null,0,0,0
4331,0,null,0,0,0
4332,0,null,0,0,0
4333,1,primary_proton,1,1,1
4334,0,null,0,0,0
4335,0,null,0,0,0
4336,0,null,0,0,0
4337,0,null,0,0,0
4338,0,null,0,0,0
4339,0,null,0,0,0
4410,0,null,0,0,0
4411,0,null,0,0,0
4412,0,null,0,0,0
4413,0,null,0,0,0
4414,0,null,0,0,0
4415,0,null,0,0,0
4416,0,null,0,0,0
4417,0,null,0,0,0
4418,0,null,0,0,0
4419,0,null,0,0,0
4420,1,primary_proton,1,1,1
4421,0,null,0,0,0
4422,0,null,0,0,0
4423,4,secondary_proton,1,1,1
4424,0,null,0,0,0
4425,0,null,0,0,0
4426,0,null,0,0,0
4427,0,null,0,0,0
4428,0,null,0,0,0
4429,0,null,0,0,0
4430,0,null,0,0,0
4431,0,null,0,0,0
4432,0,null,0,0,0
4433,0,null,0,0,0
4434,0,null,0,0,0
4435,0,null,0,0,0
4436,0,null,0,0,0
4437,0,null,0,0,0
4438,0,null,0,0,0
4439,0,null,0,0,0
4440,0,null,0,0,0
4441,1,primary_proton,1,1,1
4442,0,null,0,0,0
4266,12,secondary_proton,1,1,1
4267,13,secondary_proton,1,1,1
4268,0,null,0,0,0
4269,1206,e-,1,1,1
4340,0,null,0,0,0
4341,0,null,0,0,0
4342,0,null,0,0,0
4343,0,null,0,0,0
4344,0,null,0,0,0
4345,0,null,0,0,0
4346,0,null,0,0,0
4347,0,null,0,0,0
4348,0,null,0,0,0
4349,0,null,0,0,0
4350,0,null,0,0,0
4351,0,null,0,0,0
4352,0,null,0,0,0
4353,0,null,0,0,0
4354,0,null,0,0,0
4355,0,null,0,0,0
4356,0,null,0,0,0
4357,12,pi+,1,0,0
4358,0,null,0,0,0
4359,0,null,0,0,0
4360,0,null,0,0,0
4361,0,null,0,0,0
4362,0,null,0,0,0
4363,0,null,0,0,0
4364,0,null,0,0,0
4365,0,null,0,0,0
4366,0,null,0,0,0
4367,0,null,0,0,0
4368,0,null,0,0,0
4369,0,null,0,0,0
4370,0,null,0,0,0
4371,0,null,0,0,0
4372,0,null,0,0,0
4373,0,null,0,0,0
4374,0,null,0,0,0
4375,0,null,0,0,0
4376,0,null,0,0,0
4377,0,null,0,0,0
4378,0,null,0,0,0
4379,2635,e-,1,1,1
4380,0,null,0,0,0
4381,0,null,0,0,0
4382,0,null,0,0,0
4383,0,null,0,0,0
4384,0,null,0,0,0
4385,0,null,0,0,0
4386,0,null,0,0,0
4387,0,null,0,0,0
4388,0,null,0,0,0
4389,0,null,0,0,0
4390,0,null,0,0,0
4391,0,null,0,0,0
4392,0,null,0,0,0
4393,0,null,0,0,0
4394,0,null,0,0,0
4395,0,null,0,0,0
4396,0,null,0,0,0
4397,0,null,0,0,0
4398,0,null,0,0,0
4399,0,null,0,0,0
4400,0,null,0,0,0
4401,0,null,0,0,0
4402,1,primary_proton,1,1,1
4403,0,null,0,0,0
4404,0,null,0,0,0
4405,0,null,0,0,0
4406,0,null,0,0,0
4407,0,null,0,0,0
4408,0,null,0,0,0
4409,2,secondary_proton,1,1,1
4480,0,null,0,0,0
4481,0,null,0,0,0
4482,0,null,0,0,0
4483,0,null,0,0,0
4484,0,null,0,0,0
4485,0,null,0,0,0
4486,0,null,0,0,0
4487,0,null,0,0,0
4488,0,null,0,0,0
4489,0,null,0,0,0
4490,0,null,0,0,0
4491,0,null,0,0,0
4492,0,null,0,0,0
4493,0,null,0,0,0
4494,0,null,0,0,0
4495,0,null,0,0,0
4496,0,null,0,0,0
4497,0,null,0,0,0
4498,0,null,0,0,0
4499,0,null,0,0,0
4443,0,null,0,0,0
4444,0,null,0,0,0
4445,10,pi-,1,1,0
4446,0,null,0,0,0
4447,0,null,0,0,0
4448,0,null,0,0,0
4449,0,null,0,0,0
4450,0,null,0,0,0
4451,0,null,0,0,0
4452,8,pi+,1,1,0
4453,0,null,0,0,0
4454,0,null,0,0,0
4455,0,null,0,0,0
4456,1,primary_proton,1,1,1
4457,0,null,0,0,0
4458,0,null,0,0,0
4459,0,null,0,0,0
4460,0,null,0,0,0
4461,0,null,0,0,0
4462,0,null,0,0,0
4463,0,null,0,0,0
4464,0,null,0,0,0
4465,0,null,0,0,0
4466,0,null,0,0,0
4467,0,null,0,0,0
4468,1,primary_proton,1,1,1
4469,0,null,0,0,0
4470,0,null,0,0,0
4471,0,null,0,0,0
4472,0,null,0,0,0
4473,0,null,0,0,0
4474,0,null,0,0,0
4475,0,null,0,0,0
4476,606,e-,1,1,1
4477,0,null,0,0,0
4478,0,null,0,0,0
4479,0,null,0,0,0
4620,0,null,0,0,0
4621,0,null,0,0,0
4622,1,primary_proton,1,1,1
4623,0,null,0,0,0
4624,0,null,0,0,0
4625,0,null,0,0,0
4626,0,null,0,0,0
4627,0,null,0,0,0
4628,0,null,0,0,0
4629,0,null,0,0,0
4630,0,null,0,0,0
4631,0,null,0,0,0
4632,0,null,0,0,0
4633,0,null,0,0,0
4634,0,null,0,0,0
4635,0,null,0,0,0
4636,0,null,0,0,0
4637,0,null,0,0,0
4638,0,null,0,0,0
4639,0,null,0,0,0
4640,22,pi+,1,1,0
4641,0,null,0,0,0
4642,0,null,0,0,0
4643,0,null,0,0,0
4644,0,null,0,0,0
4645,0,null,0,0,0
4646,0,null,0,0,0
4500,0,null,0,0,0
4501,0,null,0,0,0
4502,0,null,0,0,0
4503,0,null,0,0,0
4504,0,null,0,0,0
4505,0,null,0,0,0
4506,0,null,0,0,0
4507,0,null,0,0,0
4508,0,null,0,0,0
4509,0,null,0,0,0
4510,0,null,0,0,0
4511,0,null,0,0,0
4512,0,null,0,0,0
4513,0,null,0,0,0
4514,0,null,0,0,0
4515,0,null,0,0,0
4516,0,null,0,0,0
4517,0,null,0,0,0
4518,0,null,0,0,0
4519,9,secondary_proton,1,1,1
4520,0,null,0,0,0
4521,0,null,0,0,0
4522,0,null,0,0,0
4523,0,null,0,0,0
4524,0,null,0,0,0
4525,0,null,0,0,0
4526,0,null,0,0,0
4527,0,null,0,0,0
4528,0,null,0,0,0
4529,0,null,0,0,0
4530,0,null,0,0,0
4531,0,null,0,0,0
4532,0,null,0,0,0
4533,0,null,0,0,0
4534,0,null,0,0,0
4535,0,null,0,0,0
4536,0,null,0,0,0
4537,0,null,0,0,0
4538,0,null,0,0,0
4539,0,null,0,0,0
4540,1,primary_proton,1,1,1
4541,1,primary_proton,1,1,1
4542,0,null,0,0,0
4543,0,null,0,0,0
4544,0,null,0,0,0
4545,0,null,0,0,0
4546,0,null,0,0,0
4547,0,null,0,0,0
4548,0,null,0,0,0
4549,0,null,0,0,0
4550,14,pi-,1,1,1
4551,0,null,0,0,0
4552,0,null,0,0,0
4553,0,null,0,0,0
4554,0,null,0,0,0
4555,1,primary_proton,1,1,1
4556,136,pi+,1,1,1
4557,0,null,0,0,0
4558,0,null,0,0,0
4559,0,null,0,0,0
4560,904,e-,1,1,1
4561,0,null,0,0,0
4647,0,null,0,0,0
4648,0,null,0,0,0
4649,0,null,0,0,0
4650,0,null,0,0,0
4651,0,null,0,0,0
4652,0,null,0,0,0
4653,0,null,0,0,0
4654,0,null,0,0,0
4655,0,null,0,0,0
4656,0,null,0,0,0
4657,0,null,0,0,0
4658,0,null,0,0,0
4659,0,null,0,0,0
4660,0,null,0,0,0
4661,0,null,0,0,0
4662,0,null,0,0,0
4663,0,null,0,0,0
4664,0,null,0,0,0
4665,0,null,0,0,0
4666,0,null,0,0,0
4667,0,null,0,0,0
4668,1,primary_proton,1,1,1
4669,0,null,0,0,0
4670,0,null,0,0,0
4671,0,null,0,0,0
4672,0,null,0,0,0
4673,0,null,0,0,0
4674,0,null,0,0,0
4675,0,null,0,0,0
4676,0,null,0,0,0
4677,0,null,0,0,0
4678,0,null,0,0,0
4679,0,null,0,0,0
4680,0,null,0,0,0
4681,0,null,0,0,0
4682,0,null,0,0,0
4683,0,null,0,0,0
4684,0,null,0,0,0
4685,0,null,0,0,0
4686,0,null,0,0,0
4687,0,null,0,0,0
4688,0,null,0,0,0
4689,6,secondary_proton,1,1,1
4690,0,null,0,0,0
4691,0,null,0,0,0
4692,0,null,0,0,0
4693,0,null,0,0,0
4694,0,null,0,0,0
4695,0,null,0,0,0
4696,3927,pi-,1,0,0
4697,0,null,0,0,0
4698,0,null,0,0,0
4699,0,null,0,0,0
4562,1,primary_proton,1,1,1
4563,0,null,0,0,0
4564,0,null,0,0,0
4565,0,null,0,0,0
4566,0,null,0,0,0
4567,0,null,0,0,0
4568,0,null,0,0,0
4569,0,null,0,0,0
4570,1,primary_proton,1,1,1
4571,0,null,0,0,0
4572,0,null,0,0,0
4573,0,null,0,0,0
4574,0,null,0,0,0
4575,1838,e+,1,1,1
4576,0,null,0,0,0
4577,0,null,0,0,0
4578,0,null,0,0,0
4579,0,null,0,0,0
4580,0,null,0,0,0
4581,0,null,0,0,0
4582,0,null,0,0,0
4583,0,null,0,0,0
4584,0,null,0,0,0
4585,0,null,0,0,0
4586,0,null,0,0,0
4587,0,null,0,0,0
4588,0,null,0,0,0
4589,0,null,0,0,0
4590,0,null,0,0,0
4591,0,null,0,0,0
4592,0,null,0,0,0
4593,0,null,0,0,0
4594,0,null,0,0,0
4595,0,null,0,0,0
4596,0,null,0,0,0
4597,0,null,0,0,0
4598,0,null,0,0,0
4599,0,null,0,0,0
4700,0,null,0,0,0
4701,0,null,0,0,0
4702,0,null,0,0,0
4703,0,null,0,0,0
4704,0,null,0,0,0
4705,1,primary_proton,1,1,1
4706,0,null,0,0,0
4707,0,null,0,0,0
4708,0,null,0,0,0
4709,0,null,0,0,0
4710,0,null,0,0,0
4711,0,null,0,0,0
4712,0,null,0,0,0
4713,1,primary_proton,1,1,1
4714,0,null,0,0,0
4715,0,null,0,0,0
4716,1,primary_proton,1,1,1
4717,0,null,0,0,0
4718,0,null,0,0,0
4719,0,null,0,0,0
4720,0,null,0,0,0
4721,0,null,0,0,0
4722,1,primary_proton,1,1,1
4723,0,null,0,0,0
4724,1,primary_proton,1,1,1
4725,0,null,0,0,0
4726,0,null,0,0,0
4727,0,null,0,0,0
4728,0,null,0,0,0
4729,0,null,0,0,0
4730,0,null,0,0,0
4731,0,null,0,0,0
4732,1,primary_proton,1,1,1
4733,0,null,0,0,0
4734,0,null,0,0,0
4735,0,null,0,0,0
4736,0,null,0,0,0
4737,0,null,0,0,0
4738,0,null,0,0,0
4739,0,null,0,0,0
4740,10,pi-,1,1,1
4741,0,null,0,0,0
4742,0,null,0,0,0
4743,0,null,0,0,0
4744,0,null,0,0,0
4745,6,secondary_proton,1,1,1
4746,0,null,0,0,0
4747,0,null,0,0,0
4748,0,null,0,0,0
4749,0,null,0,0,0
4750,0,null,0,0,0
4600,0,null,0,0,0
4601,0,null,0,0,0
4602,0,null,0,0,0
4603,0,null,0,0,0
4604,1,primary_proton,1,1,0
4605,0,null,0,0,0
4606,0,null,0,0,0
4607,0,null,0,0,0
4608,0,null,0,0,0
4609,0,null,0,0,0
4610,0,null,0,0,0
4611,0,null,0,0,0
4612,0,null,0,0,0
4613,18,pi+,1,1,1
4614,0,null,0,0,0
4615,0,null,0,0,0
4616,0,null,0,0,0
4617,0,null,0,0,0
4618,0,null,0,0,0
4619,0,null,0,0,0
4760,74,pi-,1,1,1
4761,0,null,0,0,0
4762,0,null,0,0,0
4763,0,null,0,0,0
4764,0,null,0,0,0
4765,0,null,0,0,0
4766,0,null,0,0,0
4767,0,null,0,0,0
4768,0,null,0,0,0
4769,11,secondary_proton,1,1,1
4770,0,null,0,0,0
4771,0,null,0,0,0
4772,0,null,0,0,0
4773,0,null,0,0,0
4774,0,null,0,0,0
4775,0,null,0,0,0
4776,1,primary_proton,1,1,1
4777,0,null,0,0,0
4778,0,null,0,0,0
4779,0,null,0,0,0
4780,0,null,0,0,0
4781,0,null,0,0,0
4782,0,null,0,0,0
4783,0,null,0,0,0
4784,0,null,0,0,0
4785,0,null,0,0,0
4786,0,null,0,0,0
4787,0,null,0,0,0
4788,0,null,0,0,0
4789,0,null,0,0,0
4790,0,null,0,0,0
4791,0,null,0,0,0
4792,0,null,0,0,0
4793,0,null,0,0,0
4794,1,primary_proton,1,1,1
4795,0,null,0,0,0
4796,0,null,0,0,0
4797,0,null,0,0,0
4798,0,null,0,0,0
4799,1,primary_proton,1,1,1
4800,0,null,0,0,0
4801,0,null,0,0,0
4802,0,null,0,0,0
4803,0,null,0,0,0
4804,0,null,0,0,0
4805,0,null,0,0,0
4806,0,null,0,0,0
4807,0,null,0,0,0
4808,0,null,0,0,0
4809,0,null,0,0,0
4810,0,null,0,0,0
4811,0,null,0,0,0
4812,0,null,0,0,0
4813,0,null,0,0,0
4814,0,null,0,0,0
4815,0,null,0,0,0
4816,0,null,0,0,0
4817,0,null,0,0,0
4818,0,null,0,0,0
4819,0,null,0,0,0
4820,0,null,0,0,0
4821,0,null,0,0,0
4822,0,null,0,0,0
4823,0,null,0,0,0
4824,0,null,0,0,0
4825,0,null,0,0,0
4826,5,pi+,1,1,1
4827,0,null,0,0,0
4828,0,null,0,0,0
4829,1,primary_proton,1,1,1
4752,0,null,0,0,0
4753,0,null,0,0,0
4754,0,null,0,0,0
4755,0,null,0,0,0
4756,0,null,0,0,0
4757,0,null,0,0,0
4758,0,null,0,0,0
4759,0,null,0,0,0
4830,0,null,0,0,0
4831,0,null,0,0,0
4832,0,null,0,0,0
4833,0,null,0,0,0
4834,0,null,0,0,0
4835,0,null,0,0,0
4836,0,null,0,0,0
4837,0,null,0,0,0
4838,0,null,0,0,0
4839,1,primary_proton,1,1,1
4840,0,null,0,0,0
4841,0,null,0,0,0
4842,0,null,0,0,0
4843,0,null,0,0,0
4844,0,null,0,0,0
4845,0,null,0,0,0
4846,0,null,0,0,0
4847,0,null,0,0,0
4848,0,null,0,0,0
4849,0,null,0,0,0
4850,0,null,0,0,0
4851,0,null,0,0,0
4852,0,null,0,0,0
4853,0,null,0,0,0
4854,0,null,0,0,0
4855,0,null,0,0,0
4856,0,null,0,0,0
4857,6,secondary_proton,1,1,0
4858,0,null,0,0,0
4859,0,null,0,0,0
4860,0,null,0,0,0
4861,0,null,0,0,0
4862,1,primary_proton,1,1,1
4863,0,null,0,0,0
4864,0,null,0,0,0
4865,1,primary_proton,1,1,1
4866,0,null,0,0,0
4867,0,null,0,0,0
4868,0,null,0,0,0
4869,0,null,0,0,0
4870,0,null,0,0,0
4871,0,null,0,0,0
4872,0,null,0,0,0
4873,0,null,0,0,0
4874,0,null,0,0,0
4875,0,null,0,0,0
4876,0,null,0,0,0
4877,0,null,0,0,0
4878,0,null,0,0,0
4879,0,null,0,0,0
4880,0,null,0,0,0
4881,0,null,0,0,0
4882,0,null,0,0,0
4883,0,null,0,0,0
4884,0,null,0,0,0
4885,0,null,0,0,0
4886,0,null,0,0,0
4887,0,null,0,0,0
4888,0,null,0,0,0
4889,18,pi+,1,1,1
4890,0,null,0,0,0
4891,0,null,0,0,0
4892,0,null,0,0,0
4893,0,null,0,0,0
4894,0,null,0,0,0
4895,0,null,0,0,0
4896,0,null,0,0,0
4897,0,null,0,0,0
4898,0,null,0,0,0
4899,0,null,0,0,0
4970,0,null,0,0,0
4971,0,null,0,0,0
4972,0,null,0,0,0
4973,0,null,0,0,0
4974,0,null,0,0,0
4975,0,null,0,0,0
4976,0,null,0,0,0
4977,0,null,0,0,0
4978,0,null,0,0,0
4979,0,null,0,0,0
4980,0,null,0,0,0
4981,0,null,0,0,0
4982,0,null,0,0,0
4983,0,null,0,0,0
4984,0,null,0,0,0
4985,0,null,0,0,0
4986,0,null,0,0,0
4987,0,null,0,0,0
4988,0,null,0,0,0
4989,0,null,0,0,0
4990,0,null,0,0,0
4991,0,null,0,0,0
4992,0,null,0,0,0
4993,0,null,0,0,0
4994,0,null,0,0,0
4995,0,null,0,0,0
4996,0,null,0,0,0
4997,0,null,0,0,0
4998,0,null,0,0,0
4999,0,null,0,0,0
4900,0,null,0,0,0
4901,0,null,0,0,0
4902,0,null,0,0,0
4903,0,null,0,0,0
4904,0,null,0,0,0
4905,0,null,0,0,0
4906,0,null,0,0,0
4907,0,null,0,0,0
4908,0,null,0,0,0
4909,0,null,0,0,0
4910,0,null,0,0,0
4911,0,null,0,0,0
4912,0,null,0,0,0
4913,0,null,0,0,0
4914,0,null,0,0,0
4915,0,null,0,0,0
4916,0,null,0,0,0
4917,0,null,0,0,0
4918,0,null,0,0,0
4919,0,null,0,0,0
4920,0,null,0,0,0
4921,17,secondary_proton,1,0,0
4922,0,null,0,0,0
4923,0,null,0,0,0
4924,0,null,0,0,0
4925,0,null,0,0,0
4926,0,null,0,0,0
4927,0,null,0,0,0
4928,0,null,0,0,0
4929,0,null,0,0,0
4930,0,null,0,0,0
4931,0,null,0,0,0
4932,0,null,0,0,0
4933,0,null,0,0,0
4934,0,null,0,0,0
4935,0,null,0,0,0
4936,1,primary_proton,1,1,1
4937,0,null,0,0,0
4938,0,null,0,0,0
4939,0,null,0,0,0
4940,0,null,0,0,0
4941,0,null,0,0,0
4942,0,null,0,0,0
4943,0,null,0,0,0
4944,0,null,0,0,0
4945,0,null,0,0,0
4946,0,null,0,0,0
4947,0,null,0,0,0
4948,0,null,0,0,0
4949,1,primary_proton,1,1,1
4950,0,null,0,0,0
4951,14,pi-,1,0,0
4952,0,null,0,0,0
4953,4,pi+,1,1,1
4954,0,null,0,0,0
4955,0,null,0,0,0
4956,0,null,0,0,0
4957,0,null,0,0,0
4958,0,null,0,0,0
4959,0,null,0,0,0
4960,0,null,0,0,0
4961,0,null,0,0,0
4962,0,null,0,0,0
4963,0,null,0,0,0
4964,0,null,0,0,0
4965,0,null,0,0,0
4966,0,null,0,0,0
4967,0,null,0,0,0
4968,0,null,0,0,0
4969,0,null,0,0,0
70,0,null,0,0,0
71,0,null,0,0,0
72,0,null,0,0,0
73,0,null,0,0,0
74,0,null,0,0,0
75,0,null,0,0,0
76,0,null,0,0,0
77,0,null,0,0,0
78,0,null,0,0,0
79,0,null,0,0,0
80,0,null,0,0,0
81,0,null,0,0,0
82,0,null,0,0,0
83,0,null,0,0,0
84,0,null,0,0,0
85,0,null,0,0,0
86,0,null,0,0,0
87,0,null,0,0,0
88,0,null,0,0,0
89,0,null,0,0,0
90,0,null,0,0,0
91,0,null,0,0,0
92,0,null,0,0,0
93,0,null,0,0,0
94,0,null,0,0,0
95,0,null,0,0,0
96,0,null,0,0,0
97,0,null,0,0,0
98,0,null,0,0,0
99,0,null,0,0,0
0,0,null,0,0,0
1,0,null,0,0,0
2,0,null,0,0,0
3,0,null,0,0,0
4,0,null,0,0,0
5,0,null,0,0,0
6,0,null,0,0,0
7,0,null,0,0,0
8,0,null,0,0,0
9,0,null,0,0,0
10,0,null,0,0,0
11,0,null,0,0,0
12,0,null,0,0,0
13,4,secondary_proton,1,1,1
14,0,null,0,0,0
15,0,null,0,0,0
16,0,null,0,0,0
17,0,null,0,0,0
18,0,null,0,0,0
19,0,null,0,0,0
20,0,null,0,0,0
21,0,null,0,0,0
22,0,null,0,0,0
23,0,null,0,0,0
24,0,null,0,0,0
25,0,null,0,0,0
26,0,null,0,0,0
27,0,null,0,0,0
28,0,null,0,0,0
29,0,null,0,0,0
30,0,null,0,0,0
31,0,null,0,0,0
32,0,null,0,0,0
33,0,null,0,0,0
34,0,null,0,0,0
35,0,null,0,0,0
36,0,null,0,0,0
37,0,null,0,0,0
38,0,null,0,0,0
39,0,null,0,0,0
40,0,null,0,0,0
41,0,null,0,0,0
42,0,null,0,0,0
43,0,null,0,0,0
44,0,null,0,0,0
45,0,null,0,0,0
46,0,null,0,0,0
47,0,null,0,0,0
48,0,null,0,0,0
49,0,null,0,0,0
50,0,null,0,0,0
51,0,null,0,0,0
52,228,secondary_proton,1,0,0
53,0,null,0,0,0
54,0,null,0,0,0
55,0,null,0,0,0
56,0,null,0,0,0
57,0,null,0,0,0
58,0,null,0,0,0
59,0,null,0,0,0
60,0,null,0,0,0
61,0,null,0,0,0
62,0,null,0,0,0
63,1,primary_proton,1,1,1
64,0,null,0,0,0
65,0,null,0,0,0
66,0,null,0,0,0
67,0,null,0,0,0
68,3763,secondary_proton,1,1,1
69,0,null,0,0,0
140,0,null,0,0,0
141,6,pi-,1,1,1
142,0,null,0,0,0
143,0,null,0,0,0
144,0,null,0,0,0
145,0,null,0,0,0
146,0,null,0,0,0
147,0,null,0,0,0
148,0,null,0,0,0
149,0,null,0,0,0
100,0,null,0,0,0
101,0,null,0,0,0
102,0,null,0,0,0
103,1,primary_proton,1,1,1
104,0,null,0,0,0
105,0,null,0,0,0
106,0,null,0,0,0
107,0,null,0,0,0
108,0,null,0,0,0
109,0,null,0,0,0
110,0,null,0,0,0
111,0,null,0,0,0
112,0,null,0,0,0
113,0,null,0,0,0
114,0,null,0,0,0
115,0,null,0,0,0
116,0,null,0,0,0
117,0,null,0,0,0
118,0,null,0,0,0
119,0,null,0,0,0
120,0,null,0,0,0
121,0,null,0,0,0
122,0,null,0,0,0
123,0,null,0,0,0
124,0,null,0,0,0
125,0,null,0,0,0
126,0,null,0,0,0
127,0,null,0,0,0
128,0,null,0,0,0
129,0,null,0,0,0
130,13,secondary_proton,1,1,1
131,0,null,0,0,0
132,0,null,0,0,0
133,0,null,0,0,0
134,0,null,0,0,0
135,0,null,0,0,0
136,0,null,0,0,0
137,0,null,0,0,0
138,0,null,0,0,0
139,0,null,0,0,0
210,0,null,0,0,0
211,0,null,0,0,0
212,0,null,0,0,0
213,0,null,0,0,0
214,0,null,0,0,0
215,0,null,0,0,0
216,0,null,0,0,0
217,20,pi-,1,1,1
218,0,null,0,0,0
219,0,null,0,0,0
220,0,null,0,0,0
221,0,null,0,0,0
222,0,null,0,0,0
223,0,null,0,0,0
224,0,null,0,0,0
225,0,null,0,0,0
226,0,null,0,0,0
227,0,null,0,0,0
228,0,null,0,0,0
229,0,null,0,0,0
230,0,null,0,0,0
231,0,null,0,0,0
232,0,null,0,0,0
233,1,primary_proton,1,1,1
234,0,null,0,0,0
235,0,null,0,0,0
236,0,null,0,0,0
237,0,null,0,0,0
238,0,null,0,0,0
239,0,null,0,0,0
240,0,null,0,0,0
241,0,null,0,0,0
242,0,null,0,0,0
150,0,null,0,0,0
151,0,null,0,0,0
152,0,null,0,0,0
153,0,null,0,0,0
154,0,null,0,0,0
155,0,null,0,0,0
156,0,null,0,0,0
157,16,secondary_proton,1,1,0
158,0,null,0,0,0
159,0,null,0,0,0
160,0,null,0,0,0
161,0,null,0,0,0
162,0,null,0,0,0
163,0,null,0,0,0
164,0,null,0,0,0
165,0,null,0,0,0
166,0,null,0,0,0
167,0,null,0,0,0
168,0,null,0,0,0
169,0,null,0,0,0
170,0,null,0,0,0
171,0,null,0,0,0
172,0,null,0,0,0
173,0,null,0,0,0
174,0,null,0,0,0
175,7,pi+,1,1,1
176,0,null,0,0,0
177,0,null,0,0,0
178,0,null,0,0,0
179,0,null,0,0,0
180,0,null,0,0,0
181,1,primary_proton,1,1,1
182,0,null,0,0,0
183,6,secondary_proton,1,1,1
184,0,null,0,0,0
185,0,null,0,0,0
186,0,null,0,0,0
187,0,null,0,0,0
188,0,null,0,0,0
189,0,null,0,0,0
190,19,pi+,1,1,0
191,0,null,0,0,0
192,0,null,0,0,0
193,0,null,0,0,0
194,0,null,0,0,0
195,0,null,0,0,0
196,0,null,0,0,0
197,0,null,0,0,0
198,0,null,0,0,0
199,0,null,0,0,0
243,0,null,0,0,0
244,1697,e-,1,1,0
245,0,null,0,0,0
246,0,null,0,0,0
247,0,null,0,0,0
248,0,null,0,0,0
249,0,null,0,0,0
250,0,null,0,0,0
251,0,null,0,0,0
252,0,null,0,0,0
253,0,null,0,0,0
254,0,null,0,0,0
255,0,null,0,0,0
256,0,null,0,0,0
257,0,null,0,0,0
258,0,null,0,0,0
259,0,null,0,0,0
260,0,null,0,0,0
261,700,e-,1,1,1
262,0,null,0,0,0
263,0,null,0,0,0
264,0,null,0,0,0
265,0,null,0,0,0
266,0,null,0,0,0
267,0,null,0,0,0
268,0,null,0,0,0
269,0,null,0,0,0
270,4,secondary_proton,1,1,1
271,0,null,0,0,0
272,0,null,0,0,0
273,0,null,0,0,0
274,0,null,0,0,0
275,0,null,0,0,0
276,0,null,0,0,0
277,0,null,0,0,0
278,0,null,0,0,0
279,0,null,0,0,0
280,0,null,0,0,0
281,0,null,0,0,0
282,0,null,0,0,0
283,0,null,0,0,0
284,0,null,0,0,0
285,0,null,0,0,0
286,0,null,0,0,0
287,0,null,0,0,0
288,0,null,0,0,0
289,0,null,0,0,0
290,0,null,0,0,0
291,0,null,0,0,0
292,0,null,0,0,0
293,0,null,0,0,0
294,3,pi+,1,1,1
295,0,null,0,0,0
296,0,null,0,0,0
297,0,null,0,0,0
298,0,null,0,0,0
299,0,null,0,0,0
200,0,null,0,0,0
201,13,pi+,1,1,0
202,18,pi-,1,1,1
203,1,primary_proton,1,1,1
204,0,null,0,0,0
205,0,null,0,0,0
206,0,null,0,0,0
207,0,null,0,0,0
208,0,null,0,0,0
209,0,null,0,0,0
350,0,null,0,0,0
351,0,null,0,0,0
352,0,null,0,0,0
353,0,null,0,0,0
354,10,pi+,1,1,1
355,0,null,0,0,0
356,0,null,0,0,0
357,0,null,0,0,0
358,0,null,0,0,0
359,0,null,0,0,0
360,0,null,0,0,0
361,0,null,0,0,0
362,0,null,0,0,0
363,0,null,0,0,0
364,0,null,0,0,0
365,0,null,0,0,0
366,0,null,0,0,0
367,0,null,0,0,0
368,1,primary_proton,1,1,1
369,0,null,0,0,0
370,0,null,0,0,0
371,0,null,0,0,0
372,0,null,0,0,0
373,0,null,0,0,0
374,0,null,0,0,0
375,0,null,0,0,0
376,0,null,0,0,0
377,0,null,0,0,0
378,0,null,0,0,0
379,0,null,0,0,0
380,0,null,0,0,0
381,0,null,0,0,0
382,0,null,0,0,0
383,11,secondary_proton,1,1,1
384,0,null,0,0,0
385,0,null,0,0,0
386,0,null,0,0,0
387,0,null,0,0,0
388,0,null,0,0,0
389,0,null,0,0,0
390,0,null,0,0,0
391,0,null,0,0,0
392,0,null,0,0,0
393,0,null,0,0,0
394,0,null,0,0,0
395,0,null,0,0,0
396,0,null,0,0,0
397,0,null,0,0,0
398,0,null,0,0,0
399,0,null,0,0,0
300,0,null,0,0,0
301,14,pi-,1,1,1
302,0,null,0,0,0
303,1,primary_proton,1,1,1
304,0,null,0,0,0
305,0,null,0,0,0
306,0,null,0,0,0
307,0,null,0,0,0
308,0,null,0,0,0
309,0,null,0,0,0
310,0,null,0,0,0
311,0,null,0,0,0
312,1,primary_proton,1,1,1
313,0,null,0,0,0
314,25,pi-,1,1,0
315,0,null,0,0,0
316,1,primary_proton,1,1,1
317,0,null,0,0,0
318,0,null,0,0,0
319,0,null,0,0,0
320,0,null,0,0,0
321,0,null,0,0,0
322,0,null,0,0,0
323,0,null,0,0,0
324,0,null,0,0,0
325,0,null,0,0,0
326,0,null,0,0,0
327,0,null,0,0,0
328,0,null,0,0,0
329,0,null,0,0,0
330,0,null,0,0,0
331,9,secondary_proton,1,1,1
332,1,primary_proton,1,1,1
333,0,null,0,0,0
334,13,pi+,1,0,0
335,0,null,0,0,0
336,0,null,0,0,0
337,0,null,0,0,0
338,0,null,0,0,0
339,0,null,0,0,0
340,0,null,0,0,0
341,0,null,0,0,0
342,0,null,0,0,0
343,0,null,0,0,0
344,0,null,0,0,0
345,0,null,0,0,0
346,0,null,0,0,0
347,0,null,0,0,0
348,1,primary_proton,1,1,1
349,0,null,0,0,0
490,0,null,0,0,0
491,0,null,0,0,0
492,0,null,0,0,0
493,0,null,0,0,0
494,0,null,0,0,0
495,0,null,0,0,0
496,0,null,0,0,0
497,0,null,0,0,0
498,0,null,0,0,0
499,0,null,0,0,0
400,0,null,0,0,0
401,0,null,0,0,0
402,0,null,0,0,0
403,0,null,0,0,0
404,0,null,0,0,0
405,0,null,0,0,0
406,0,null,0,0,0
407,0,null,0,0,0
408,0,null,0,0,0
409,0,null,0,0,0
410,0,null,0,0,0
411,0,null,0,0,0
412,0,null,0,0,0
413,0,null,0,0,0
414,0,null,0,0,0
415,0,null,0,0,0
416,0,null,0,0,0
417,0,null,0,0,0
418,0,null,0,0,0
419,0,null,0,0,0
420,0,null,0,0,0
421,0,null,0,0,0
422,0,null,0,0,0
423,0,null,0,0,0
424,0,null,0,0,0
425,1,primary_proton,1,1,1
426,0,null,0,0,0
427,0,null,0,0,0
428,0,null,0,0,0
429,0,null,0,0,0
430,0,null,0,0,0
431,0,null,0,0,0
432,0,null,0,0,0
433,0,null,0,0,0
434,0,null,0,0,0
435,4,secondary_proton,1,1,1
436,0,null,0,0,0
437,0,null,0,0,0
438,0,null,0,0,0
439,9,secondary_proton,1,1,1
440,0,null,0,0,0
441,0,null,0,0,0
442,0,null,0,0,0
443,0,null,0,0,0
444,0,null,0,0,0
445,0,null,0,0,0
446,0,null,0,0,0
447,0,null,0,0,0
448,0,null,0,0,0
449,0,null,0,0,0
450,0,null,0,0,0
451,0,null,0,0,0
452,0,null,0,0,0
453,0,null,0,0,0
454,0,null,0,0,0
455,0,null,0,0,0
456,0,null,0,0,0
457,0,null,0,0,0
458,0,null,0,0,0
459,0,null,0,0,0
460,0,null,0,0,0
461,0,null,0,0,0
462,0,null,0,0,0
463,0,null,0,0,0
464,0,null,0,0,0
500,0,null,0,0,0
501,0,null,0,0,0
502,0,null,0,0,0
503,0,null,0,0,0
504,2,secondary_proton,1,1,1
505,0,null,0,0,0
506,0,null,0,0,0
507,0,null,0,0,0
508,0,null,0,0,0
509,0,null,0,0,0
510,0,null,0,0,0
511,0,null,0,0,0
512,0,null,0,0,0
513,0,null,0,0,0
514,0,null,0,0,0
515,0,null,0,0,0
516,0,null,0,0,0
517,0,null,0,0,0
518,0,null,0,0,0
519,0,null,0,0,0
520,0,null,0,0,0
521,0,null,0,0,0
522,0,null,0,0,0
523,0,null,0,0,0
524,0,null,0,0,0
525,0,null,0,0,0
526,0,null,0,0,0
527,0,null,0,0,0
528,0,null,0,0,0
529,0,null,0,0,0
530,0,null,0,0,0
531,0,null,0,0,0
532,0,null,0,0,0
533,0,null,0,0,0
534,0,null,0,0,0
535,0,null,0,0,0
536,0,null,0,0,0
537,1185,e-,1,1,0
538,3272,e-,1,0,0
539,0,null,0,0,0
540,0,null,0,0,0
541,0,null,0,0,0
542,0,null,0,0,0
543,5,secondary_proton,1,1,1
544,0,null,0,0,0
545,0,null,0,0,0
546,0,null,0,0,0
547,0,null,0,0,0
548,0,null,0,0,0
549,0,null,0,0,0
550,0,null,0,0,0
551,0,null,0,0,0
552,0,null,0,0,0
553,0,null,0,0,0
554,0,null,0,0,0
555,0,null,0,0,0
556,0,null,0,0,0
557,4,secondary_proton,1,1,1
558,0,null,0,0,0
559,0,null,0,0,0
630,0,null,0,0,0
631,0,null,0,0,0
632,0,null,0,0,0
633,0,null,0,0,0
634,0,null,0,0,0
635,180,secondary_proton,1,0,0
636,0,null,0,0,0
637,0,null,0,0,0
638,0,null,0,0,0
639,0,null,0,0,0
640,0,null,0,0,0
641,7,pi+,1,1,1
642,0,null,0,0,0
643,0,null,0,0,0
466,0,null,0,0,0
467,0,null,0,0,0
468,5,secondary_proton,1,1,1
469,0,null,0,0,0
470,0,null,0,0,0
471,0,null,0,0,0
472,0,null,0,0,0
473,0,null,0,0,0
474,0,null,0,0,0
475,0,null,0,0,0
476,0,null,0,0,0
477,0,null,0,0,0
478,0,null,0,0,0
479,0,null,0,0,0
480,0,null,0,0,0
481,0,null,0,0,0
482,0,null,0,0,0
483,0,null,0,0,0
484,0,null,0,0,0
485,0,null,0,0,0
486,0,null,0,0,0
487,0,null,0,0,0
488,0,null,0,0,0
489,0,null,0,0,0
560,0,null,0,0,0
561,0,null,0,0,0
562,0,null,0,0,0
563,0,null,0,0,0
564,0,null,0,0,0
565,0,null,0,0,0
566,0,null,0,0,0
567,0,null,0,0,0
568,0,null,0,0,0
569,0,null,0,0,0
570,0,null,0,0,0
571,0,null,0,0,0
572,0,null,0,0,0
573,0,null,0,0,0
574,0,null,0,0,0
575,0,null,0,0,0
576,1,primary_proton,1,1,1
577,0,null,0,0,0
578,0,null,0,0,0
579,0,null,0,0,0
580,0,null,0,0,0
581,0,null,0,0,0
582,0,null,0,0,0
583,0,null,0,0,0
584,0,null,0,0,0
585,2010,pi+,1,0,0
586,13,pi-,1,1,1
587,0,null,0,0,0
588,0,null,0,0,0
589,0,null,0,0,0
590,0,null,0,0,0
591,0,null,0,0,0
592,0,null,0,0,0
593,11,secondary_proton,1,1,1
594,0,null,0,0,0
595,0,null,0,0,0
596,0,null,0,0,0
597,0,null,0,0,0
598,0,null,0,0,0
599,0,null,0,0,0
645,0,null,0,0,0
646,0,null,0,0,0
647,0,null,0,0,0
648,0,null,0,0,0
649,0,null,0,0,0
650,0,null,0,0,0
651,0,null,0,0,0
652,0,null,0,0,0
653,0,null,0,0,0
654,0,null,0,0,0
655,0,null,0,0,0
656,0,null,0,0,0
657,0,null,0,0,0
658,0,null,0,0,0
659,9,pi-,1,1,1
660,0,null,0,0,0
661,0,null,0,0,0
662,0,null,0,0,0
663,0,null,0,0,0
664,0,null,0,0,0
665,0,null,0,0,0
666,0,null,0,0,0
667,0,null,0,0,0
668,0,null,0,0,0
669,0,null,0,0,0
670,0,null,0,0,0
671,0,null,0,0,0
672,0,null,0,0,0
673,0,null,0,0,0
674,0,null,0,0,0
675,0,null,0,0,0
676,0,null,0,0,0
677,0,null,0,0,0
678,0,null,0,0,0
679,0,null,0,0,0
680,0,null,0,0,0
681,0,null,0,0,0
682,0,null,0,0,0
683,0,null,0,0,0
684,0,null,0,0,0
685,0,null,0,0,0
686,0,null,0,0,0
687,1,primary_proton,1,1,1
688,0,null,0,0,0
689,0,null,0,0,0
690,0,null,0,0,0
691,0,null,0,0,0
692,0,null,0,0,0
693,0,null,0,0,0
694,0,null,0,0,0
695,0,null,0,0,0
696,0,null,0,0,0
697,0,null,0,0,0
698,0,null,0,0,0
699,0,null,0,0,0
600,0,null,0,0,0
601,0,null,0,0,0
602,0,null,0,0,0
603,0,null,0,0,0
604,0,null,0,0,0
605,1,primary_proton,1,1,1
606,0,null,0,0,0
607,0,null,0,0,0
608,0,null,0,0,0
609,0,null,0,0,0
610,0,null,0,0,0
611,0,null,0,0,0
612,0,null,0,0,0
613,0,null,0,0,0
614,0,null,0,0,0
615,0,null,0,0,0
616,0,null,0,0,0
617,0,null,0,0,0
618,0,null,0,0,0
619,0,null,0,0,0
620,0,null,0,0,0
621,0,null,0,0,0
622,0,null,0,0,0
623,0,null,0,0,0
624,0,null,0,0,0
625,0,null,0,0,0
626,0,null,0,0,0
627,0,null,0,0,0
628,0,null,0,0,0
629,0,null,0,0,0
770,0,null,0,0,0
771,0,null,0,0,0
772,0,null,0,0,0
773,0,null,0,0,0
774,0,null,0,0,0
775,0,null,0,0,0
776,0,null,0,0,0
777,0,null,0,0,0
778,0,null,0,0,0
779,0,null,0,0,0
780,0,null,0,0,0
781,0,null,0,0,0
782,0,null,0,0,0
783,0,null,0,0,0
784,0,null,0,0,0
785,0,null,0,0,0
786,0,null,0,0,0
787,0,null,0,0,0
788,0,null,0,0,0
789,1,primary_proton,1,1,1
790,0,null,0,0,0
791,0,null,0,0,0
792,0,null,0,0,0
793,0,null,0,0,0
794,0,null,0,0,0
795,0,null,0,0,0
796,0,null,0,0,0
797,0,null,0,0,0
798,0,null,0,0,0
799,16,pi-,1,1,1
700,0,null,0,0,0
701,0,null,0,0,0
702,0,null,0,0,0
703,0,null,0,0,0
704,0,null,0,0,0
705,0,null,0,0,0
706,4,secondary_proton,1,1,1
707,0,null,0,0,0
708,0,null,0,0,0
709,0,null,0,0,0
710,0,null,0,0,0
711,0,null,0,0,0
712,0,null,0,0,0
713,0,null,0,0,0
714,0,null,0,0,0
715,0,null,0,0,0
716,0,null,0,0,0
717,0,null,0,0,0
718,0,null,0,0,0
719,0,null,0,0,0
720,0,null,0,0,0
721,0,null,0,0,0
722,0,null,0,0,0
723,0,null,0,0,0
724,0,null,0,0,0
725,0,null,0,0,0
726,0,null,0,0,0
727,0,null,0,0,0
728,11,pi+,1,1,1
729,0,null,0,0,0
730,0,null,0,0,0
731,0,null,0,0,0
732,0,null,0,0,0
733,0,null,0,0,0
734,0,null,0,0,0
735,0,null,0,0,0
736,0,null,0,0,0
737,0,null,0,0,0
738,0,null,0,0,0
739,0,null,0,0,0
740,0,null,0,0,0
741,0,null,0,0,0
742,0,null,0,0,0
743,0,null,0,0,0
744,0,null,0,0,0
745,0,null,0,0,0
746,0,null,0,0,0
747,0,null,0,0,0
748,0,null,0,0,0
749,0,null,0,0,0
750,0,null,0,0,0
751,0,null,0,0,0
752,1,primary_proton,1,1,1
753,0,null,0,0,0
754,0,null,0,0,0
755,0,null,0,0,0
756,0,null,0,0,0
757,0,null,0,0,0
758,0,null,0,0,0
759,0,null,0,0,0
760,0,null,0,0,0
761,0,null,0,0,0
762,0,null,0,0,0
763,0,null,0,0,0
764,0,null,0,0,0
765,0,null,0,0,0
766,0,null,0,0,0
767,0,null,0,0,0
768,0,null,0,0,0
769,0,null,0,0,0
910,0,null,0,0,0
911,0,null,0,0,0
912,16,pi-,1,1,1
913,0,null,0,0,0
914,0,null,0,0,0
915,0,null,0,0,0
916,0,null,0,0,0
917,0,null,0,0,0
918,0,null,0,0,0
800,0,null,0,0,0
801,0,null,0,0,0
802,0,null,0,0,0
803,0,null,0,0,0
804,0,null,0,0,0
805,0,null,0,0,0
806,0,null,0,0,0
807,0,null,0,0,0
808,0,null,0,0,0
809,0,null,0,0,0
810,0,null,0,0,0
811,0,null,0,0,0
812,0,null,0,0,0
813,0,null,0,0,0
814,0,null,0,0,0
815,0,null,0,0,0
816,0,null,0,0,0
817,0,null,0,0,0
818,0,null,0,0,0
819,0,null,0,0,0
820,0,null,0,0,0
821,0,null,0,0,0
822,5,secondary_proton,1,0,0
823,0,null,0,0,0
824,0,null,0,0,0
825,0,null,0,0,0
826,0,null,0,0,0
827,0,null,0,0,0
828,0,null,0,0,0
829,0,null,0,0,0
830,0,null,0,0,0
831,0,null,0,0,0
832,0,null,0,0,0
833,0,null,0,0,0
834,0,null,0,0,0
835,0,null,0,0,0
836,0,null,0,0,0
837,0,null,0,0,0
838,0,null,0,0,0
839,0,null,0,0,0
840,0,null,0,0,0
841,0,null,0,0,0
842,0,null,0,0,0
843,0,null,0,0,0
844,0,null,0,0,0
845,0,null,0,0,0
846,0,null,0,0,0
847,0,null,0,0,0
848,0,null,0,0,0
849,0,null,0,0,0
850,0,null,0,0,0
851,762,e-,1,1,1
852,0,null,0,0,0
853,0,null,0,0,0
854,0,null,0,0,0
855,0,null,0,0,0
856,0,null,0,0,0
857,0,null,0,0,0
858,0,null,0,0,0
859,0,null,0,0,0
860,0,null,0,0,0
861,0,null,0,0,0
862,0,null,0,0,0
863,4,secondary_proton,1,1,1
864,0,null,0,0,0
865,0,null,0,0,0
866,0,null,0,0,0
867,0,null,0,0,0
868,0,null,0,0,0
869,0,null,0,0,0
870,0,null,0,0,0
871,0,null,0,0,0
872,0,null,0,0,0
873,0,null,0,0,0
874,0,null,0,0,0
875,0,null,0,0,0
876,0,null,0,0,0
877,6,secondary_proton,1,1,1
878,0,null,0,0,0
879,0,null,0,0,0
880,0,null,0,0,0
881,0,null,0,0,0
882,0,null,0,0,0
883,0,null,0,0,0
884,0,null,0,0,0
885,0,null,0,0,0
886,0,null,0,0,0
887,0,null,0,0,0
888,0,null,0,0,0
889,0,null,0,0,0
890,0,null,0,0,0
891,0,null,0,0,0
892,0,null,0,0,0
893,0,null,0,0,0
894,0,null,0,0,0
895,0,null,0,0,0
896,0,null,0,0,0
897,0,null,0,0,0
898,0,null,0,0,0
899,0,null,0,0,0
900,0,null,0,0,0
901,0,null,0,0,0
902,0,null,0,0,0
903,0,null,0,0,0
904,0,null,0,0,0
905,0,null,0,0,0
906,0,null,0,0,0
907,0,null,0,0,0
908,0,null,0,0,0
909,0,null,0,0,0
980,0,null,0,0,0
981,0,null,0,0,0
982,0,null,0,0,0
983,0,null,0,0,0
984,0,null,0,0,0
985,0,null,0,0,0
986,0,null,0,0,0
987,0,null,0,0,0
988,0,null,0,0,0
989,0,null,0,0,0
990,0,null,0,0,0
991,0,null,0,0,0
992,0,null,0,0,0
993,0,null,0,0,0
994,0,null,0,0,0
995,0,null,0,0,0
996,0,null,0,0,0
997,0,null,0,0,0
998,0,null,0,0,0
999,0,null,0,0,0
920,1,primary_proton,1,1,1
921,0,null,0,0,0
922,0,null,0,0,0
923,0,null,0,0,0
924,0,null,0,0,0
925,0,null,0,0,0
926,0,null,0,0,0
927,0,null,0,0,0
928,0,null,0,0,0
929,0,null,0,0,0
930,0,null,0,0,0
931,0,null,0,0,0
932,1,primary_proton,1,1,1
933,14,pi-,1,1,0
934,0,null,0,0,0
935,0,null,0,0,0
936,0,null,0,0,0
937,0,null,0,0,0
938,0,null,0,0,0
939,0,null,0,0,0
940,0,null,0,0,0
941,1,primary_proton,1,1,1
942,0,null,0,0,0
943,0,null,0,0,0
944,0,null,0,0,0
945,0,null,0,0,0
946,0,null,0,0,0
947,0,null,0,0,0
948,0,null,0,0,0
949,0,null,0,0,0
950,0,null,0,0,0
951,1,primary_proton,1,1,1
952,0,null,0,0,0
953,0,null,0,0,0
954,0,null,0,0,0
955,2,secondary_proton,1,1,1
956,0,null,0,0,0
957,0,null,0,0,0
958,0,null,0,0,0
959,0,null,0,0,0
960,0,null,0,0,0
961,0,null,0,0,0
962,0,null,0,0,0
963,0,null,0,0,0
964,0,null,0,0,0
965,0,null,0,0,0
966,0,null,0,0,0
967,0,null,0,0,0
968,0,null,0,0,0
969,0,null,0,0,0
970,0,null,0,0,0
971,0,null,0,0,0
972,0,null,0,0,0
973,0,null,0,0,0
974,0,null,0,0,0
975,0,null,0,0,0
976,2995,e-,1,1,1
977,0,null,0,0,0
978,0,null,0,0,0
979,0,null,0,0,0
1050,0,null,0,0,0
1051,0,null,0,0,0
1052,0,null,0,0,0
1053,0,null,0,0,0
1054,0,null,0,0,0
1055,0,null,0,0,0
1056,0,null,0,0,0
1057,0,null,0,0,0
1000,0,null,0,0,0
1001,0,null,0,0,0
1002,0,null,0,0,0
1003,0,null,0,0,0
1004,0,null,0,0,0
1005,0,null,0,0,0
1006,0,null,0,0,0
1007,851,secondary_proton,1,1,1
1008,7,pi-,1,1,1
1009,0,null,0,0,0
1010,0,null,0,0,0
1011,0,null,0,0,0
1012,0,null,0,0,0
1013,0,null,0,0,0
1014,0,null,0,0,0
1015,0,null,0,0,0
1016,0,null,0,0,0
1017,0,null,0,0,0
1018,0,null,0,0,0
1019,0,null,0,0,0
1020,0,null,0,0,0
1021,0,null,0,0,0
1022,0,null,0,0,0
1023,0,null,0,0,0
1024,0,null,0,0,0
1025,0,null,0,0,0
1026,0,null,0,0,0
1027,0,null,0,0,0
1028,0,null,0,0,0
1029,0,null,0,0,0
1030,0,null,0,0,0
1031,0,null,0,0,0
1032,0,null,0,0,0
1033,0,null,0,0,0
1034,0,null,0,0,0
1035,0,null,0,0,0
1036,0,null,0,0,0
1037,0,null,0,0,0
1038,0,null,0,0,0
1039,0,null,0,0,0
1040,0,null,0,0,0
1041,0,null,0,0,0
1042,0,null,0,0,0
1043,0,null,0,0,0
1044,0,null,0,0,0
1045,0,null,0,0,0
1046,0,null,0,0,0
1047,1,primary_proton,1,1,1
1048,0,null,0,0,0
1049,142,pi-,1,1,0
1120,0,null,0,0,0
1121,0,null,0,0,0
1122,0,null,0,0,0
1123,0,null,0,0,0
1124,0,null,0,0,0
1125,0,null,0,0,0
1126,0,null,0,0,0
1127,0,null,0,0,0
1128,0,null,0,0,0
1129,0,null,0,0,0
1130,0,null,0,0,0
1131,0,null,0,0,0
1132,0,null,0,0,0
1133,0,null,0,0,0
1134,0,null,0,0,0
1135,0,null,0,0,0
1136,0,null,0,0,0
1137,0,null,0,0,0
1138,0,null,0,0,0
1139,0,null,0,0,0
1140,0,null,0,0,0
1141,0,null,0,0,0
1142,0,null,0,0,0
1143,0,null,0,0,0
1144,10,pi+,1,1,1
1145,0,null,0,0,0
1146,0,null,0,0,0
1147,0,null,0,0,0
1148,0,null,0,0,0
1149,0,null,0,0,0
1150,0,null,0,0,0
1151,0,null,0,0,0
1152,0,null,0,0,0
1153,0,null,0,0,0
1154,0,null,0,0,0
1155,0,null,0,0,0
1156,0,null,0,0,0
1157,0,null,0,0,0
1158,0,null,0,0,0
1159,0,null,0,0,0
1160,0,null,0,0,0
1161,0,null,0,0,0
1162,0,null,0,0,0
1163,0,null,0,0,0
1164,0,null,0,0,0
1165,0,null,0,0,0
1166,0,null,0,0,0
1167,0,null,0,0,0
1168,0,null,0,0,0
1169,0,null,0,0,0
1170,0,null,0,0,0
1171,0,null,0,0,0
1172,0,null,0,0,0
1173,0,null,0,0,0
1174,0,null,0,0,0
1175,0,null,0,0,0
1176,0,null,0,0,0
1177,0,null,0,0,0
1178,0,null,0,0,0
1179,0,null,0,0,0
1180,0,null,0,0,0
1181,0,null,0,0,0
1182,0,null,0,0,0
1183,0,null,0,0,0
1184,0,null,0,0,0
1185,0,null,0,0,0
1186,0,null,0,0,0
1187,0,null,0,0,0
1188,0,null,0,0,0
1189,0,null,0,0,0
1190,0,null,0,0,0
1191,0,null,0,0,0
1192,0,null,0,0,0
1193,0,null,0,0,0
1194,0,null,0,0,0
1195,0,null,0,0,0
1196,0,null,0,0,0
1197,0,null,0,0,0
1198,0,null,0,0,0
1199,0,null,0,0,0
1058,342,pi-,1,1,1
1059,0,null,0,0,0
1060,0,null,0,0,0
1061,8,secondary_proton,1,1,1
1062,0,null,0,0,0
1063,0,null,0,0,0
1064,0,null,0,0,0
1065,11,pi+,1,1,1
1066,0,null,0,0,0
1067,0,null,0,0,0
1068,0,null,0,0,0
1069,0,null,0,0,0
1070,0,null,0,0,0
1071,0,null,0,0,0
1072,0,null,0,0,0
1073,0,null,0,0,0
1074,0,null,0,0,0
1075,0,null,0,0,0
1076,4,secondary_proton,1,1,1
1077,0,null,0,0,0
1078,0,null,0,0,0
1079,0,null,0,0,0
1080,0,null,0,0,0
1081,0,null,0,0,0
1082,0,null,0,0,0
1083,0,null,0,0,0
1084,0,null,0,0,0
1085,0,null,0,0,0
1086,0,null,0,0,0
1087,0,null,0,0,0
1088,0,null,0,0,0
1089,0,null,0,0,0
1090,0,null,0,0,0
1091,0,null,0,0,0
1092,0,null,0,0,0
1093,0,null,0,0,0
1094,0,null,0,0,0
1095,0,null,0,0,0
1096,0,null,0,0,0
1097,0,null,0,0,0
1098,0,null,0,0,0
1099,6,pi-,1,0,0
1100,0,null,0,0,0
1101,0,null,0,0,0
1102,0,null,0,0,0
1103,0,null,0,0,0
1104,0,null,0,0,0
1105,0,null,0,0,0
1106,0,null,0,0,0
1107,0,null,0,0,0
1108,0,null,0,0,0
1109,0,null,0,0,0
1110,0,null,0,0,0
1111,0,null,0,0,0
1112,0,null,0,0,0
1113,0,null,0,0,0
1114,0,null,0,0,0
1115,0,null,0,0,0
1116,0,null,0,0,0
1117,0,null,0,0,0
1118,0,null,0,0,0
1119,0,null,0,0,0
1260,0,null,0,0,0
1261,0,null,0,0,0
1262,0,null,0,0,0
1263,0,null,0,0,0
1264,0,null,0,0,0
1265,0,null,0,0,0
1266,0,null,0,0,0
1267,1,primary_proton,1,1,1
1268,0,null,0,0,0
1269,0,null,0,0,0
1270,0,null,0,0,0
1271,0,null,0,0,0
1272,0,null,0,0,0
1273,0,null,0,0,0
1274,0,null,0,0,0
1275,0,null,0,0,0
1276,1,primary_proton,1,1,1
1277,0,null,0,0,0
1278,0,null,0,0,0
1279,0,null,0,0,0
1280,0,null,0,0,0
1281,0,null,0,0,0
1282,0,null,0,0,0
1283,0,null,0,0,0
1284,0,null,0,0,0
1285,0,null,0,0,0
1286,0,null,0,0,0
1287,0,null,0,0,0
1288,0,null,0,0,0
1289,0,null,0,0,0
1290,0,null,0,0,0
1291,0,null,0,0,0
1292,0,null,0,0,0
1293,0,null,0,0,0
1294,0,null,0,0,0
1295,0,null,0,0,0
1296,0,null,0,0,0
1297,0,null,0,0,0
1298,1,primary_proton,1,1,1
1299,0,null,0,0,0
1300,0,null,0,0,0
1301,0,null,0,0,0
1302,0,null,0,0,0
1303,0,null,0,0,0
1304,0,null,0,0,0
1305,0,null,0,0,0
1306,0,null,0,0,0
1307,0,null,0,0,0
1308,0,null,0,0,0
1309,0,null,0,0,0
1310,0,null,0,0,0
1311,0,null,0,0,0
1312,0,null,0,0,0
1313,0,null,0,0,0
1314,0,null,0,0,0
1315,0,null,0,0,0
1316,0,null,0,0,0
1317,0,null,0,0,0
1318,0,null,0,0,0
1319,0,null,0,0,0
1320,0,null,0,0,0
1321,0,null,0,0,0
1322,0,null,0,0,0
1323,0,null,0,0,0
1324,0,null,0,0,0
1325,0,null,0,0,0
1326,0,null,0,0,0
1327,0,null,0,0,0
1328,0,null,0,0,0
1329,0,null,0,0,0
1330,0,null,0,0,0
1331,0,null,0,0,0
1332,0,null,0,0,0
1333,0,null,0,0,0
1334,0,null,0,0,0
1335,0,null,0,0,0
1336,0,null,0,0,0
1337,1,primary_proton,1,1,1
1338,1,primary_proton,1,1,1
1339,8,secondary_proton,1,1,1
1340,0,null,0,0,0
1341,0,null,0,0,0
1342,0,null,0,0,0
1343,0,null,0,0,0
1344,1056,secondary_proton,1,1,1
1345,0,null,0,0,0
1346,0,null,0,0,0
1347,1,primary_proton,1,0,0
1348,0,null,0,0,0
1349,0,null,0,0,0
1350,0,null,0,0,0
1351,0,null,0,0,0
1352,0,null,0,0,0
1353,0,null,0,0,0
1354,0,null,0,0,0
1355,593,pi+,1,0,0
1356,0,null,0,0,0
1357,0,null,0,0,0
1358,0,null,0,0,0
1359,0,null,0,0,0
1360,0,null,0,0,0
1361,0,null,0,0,0
1362,0,null,0,0,0
1363,346,secondary_proton,1,1,1
1364,0,null,0,0,0
1365,0,null,0,0,0
1366,0,null,0,0,0
1367,0,null,0,0,0
1368,0,null,0,0,0
1369,0,null,0,0,0
1370,0,null,0,0,0
1371,0,null,0,0,0
1372,0,null,0,0,0
1373,0,null,0,0,0
1374,0,null,0,0,0
1375,0,null,0,0,0
1376,0,null,0,0,0
1377,0,null,0,0,0
1378,0,null,0,0,0
1379,0,null,0,0,0
1380,0,null,0,0,0
1381,0,null,0,0,0
1382,0,null,0,0,0
1383,11,secondary_proton,1,0,0
1384,0,null,0,0,0
1385,0,null,0,0,0
1386,0,null,0,0,0
1387,0,null,0,0,0
1388,0,null,0,0,0
1389,0,null,0,0,0
1390,0,null,0,0,0
1391,0,null,0,0,0
1392,0,null,0,0,0
1393,0,null,0,0,0
1394,0,null,0,0,0
1395,0,null,0,0,0
1396,0,null,0,0,0
1397,0,null,0,0,0
1398,0,null,0,0,0
1399,0,null,0,0,0
1200,1,primary_proton,1,1,1
1201,0,null,0,0,0
1202,0,null,0,0,0
1203,0,null,0,0,0
1204,0,null,0,0,0
1205,0,null,0,0,0
1206,0,null,0,0,0
1207,0,null,0,0,0
1208,28,secondary_proton,1,1,0
1209,0,null,0,0,0
1210,0,null,0,0,0
1211,0,null,0,0,0
1212,0,null,0,0,0
1213,0,null,0,0,0
1214,4,secondary_proton,1,1,1
1215,20,pi+,1,1,1
1216,0,null,0,0,0
1217,0,null,0,0,0
1218,0,null,0,0,0
1219,0,null,0,0,0
1220,0,null,0,0,0
1221,0,null,0,0,0
1222,0,null,0,0,0
1223,0,null,0,0,0
1224,0,null,0,0,0
1225,3,secondary_proton,1,1,1
1226,0,null,0,0,0
1227,0,null,0,0,0
1228,0,null,0,0,0
1229,0,null,0,0,0
1230,22,pi+,1,1,1
1231,0,null,0,0,0
1232,0,null,0,0,0
1233,0,null,0,0,0
1234,0,null,0,0,0
1235,0,null,0,0,0
1236,0,null,0,0,0
1237,0,null,0,0,0
1238,0,null,0,0,0
1239,17,pi+,1,1,1
1240,0,null,0,0,0
1241,672,pi-,1,1,1
1242,0,null,0,0,0
1243,0,null,0,0,0
1244,0,null,0,0,0
1245,0,null,0,0,0
1246,0,null,0,0,0
1247,0,null,0,0,0
1248,0,null,0,0,0
1249,0,null,0,0,0
1250,7,secondary_proton,1,0,0
1251,226,e-,1,0,0
1252,0,null,0,0,0
1253,0,null,0,0,0
1254,0,null,0,0,0
1255,0,null,0,0,0
1256,0,null,0,0,0
1257,0,null,0,0,0
1258,0,null,0,0,0
1259,0,null,0,0,0
1470,0,null,0,0,0
1471,0,null,0,0,0
1472,1,primary_proton,1,1,1
1473,0,null,0,0,0
1474,0,null,0,0,0
1475,0,null,0,0,0
1476,0,null,0,0,0
1477,0,null,0,0,0
1478,0,null,0,0,0
1479,0,null,0,0,0
1480,14,pi-,1,1,1
1481,0,null,0,0,0
1482,0,null,0,0,0
1483,0,null,0,0,0
1484,1,primary_proton,1,0,0
1485,0,null,0,0,0
1486,0,null,0,0,0
1487,1,primary_proton,1,1,1
1488,0,null,0,0,0
1489,0,null,0,0,0
1490,0,null,0,0,0
1491,0,null,0,0,0
1492,0,null,0,0,0
1493,0,null,0,0,0
1494,0,null,0,0,0
1495,0,null,0,0,0
1496,0,null,0,0,0
1497,0,null,0,0,0
1498,0,null,0,0,0
1499,0,null,0,0,0
1400,0,null,0,0,0
1401,0,null,0,0,0
1402,0,null,0,0,0
1403,0,null,0,0,0
1404,0,null,0,0,0
1405,15,secondary_proton,1,1,0
1406,7,secondary_proton,1,1,1
1407,0,null,0,0,0
1408,0,null,0,0,0
1409,0,null,0,0,0
1410,0,null,0,0,0
1411,0,null,0,0,0
1412,0,null,0,0,0
1413,0,null,0,0,0
1414,0,null,0,0,0
1415,1,primary_proton,1,1,1
1416,0,null,0,0,0
1417,0,null,0,0,0
1418,0,null,0,0,0
1419,0,null,0,0,0
1420,0,null,0,0,0
1421,0,null,0,0,0
1422,5,secondary_proton,1,1,0
1423,0,null,0,0,0
1424,0,null,0,0,0
1425,0,null,0,0,0
1426,0,null,0,0,0
1427,0,null,0,0,0
1428,0,null,0,0,0
1429,0,null,0,0,0
1430,0,null,0,0,0
1431,0,null,0,0,0
1432,7,secondary_proton,1,1,0
1433,0,null,0,0,0
1434,0,null,0,0,0
1435,0,null,0,0,0
1436,0,null,0,0,0
1437,0,null,0,0,0
1438,0,null,0,0,0
1439,1,primary_proton,1,1,1
1440,0,null,0,0,0
1441,0,null,0,0,0
1442,0,null,0,0,0
1443,0,null,0,0,0
1444,0,null,0,0,0
1445,1,primary_proton,1,1,1
1446,0,null,0,0,0
1447,0,null,0,0,0
1448,0,null,0,0,0
1449,0,null,0,0,0
1450,0,null,0,0,0
1451,0,null,0,0,0
1452,0,null,0,0,0
1453,0,null,0,0,0
1454,0,null,0,0,0
1455,0,null,0,0,0
1456,0,null,0,0,0
1457,0,null,0,0,0
1458,0,null,0,0,0
1459,0,null,0,0,0
1460,12,pi+,1,0,0
1461,0,null,0,0,0
1462,6,secondary_proton,1,1,1
1463,0,null,0,0,0
1464,0,null,0,0,0
1465,0,null,0,0,0
1466,0,null,0,0,0
1467,0,null,0,0,0
1468,0,null,0,0,0
1469,0,null,0,0,0
1541,0,null,0,0,0
1542,0,null,0,0,0
1543,0,null,0,0,0
1544,0,null,0,0,0
1545,0,null,0,0,0
1546,0,null,0,0,0
1547,0,null,0,0,0
1548,0,null,0,0,0
1549,0,null,0,0,0
1550,0,null,0,0,0
1551,0,null,0,0,0
1552,0,null,0,0,0
1553,0,null,0,0,0
1554,14,pi-,1,1,1
1555,0,null,0,0,0
1556,0,null,0,0,0
1557,1,primary_proton,1,1,1
1558,0,null,0,0,0
1559,0,null,0,0,0
1560,0,null,0,0,0
1561,0,null,0,0,0
1562,0,null,0,0,0
1563,0,null,0,0,0
1564,0,null,0,0,0
1565,0,null,0,0,0
1566,0,null,0,0,0
1567,0,null,0,0,0
1568,0,null,0,0,0
1569,0,null,0,0,0
1570,0,null,0,0,0
1571,0,null,0,0,0
1572,0,null,0,0,0
1573,0,null,0,0,0
1574,0,null,0,0,0
1575,0,null,0,0,0
1576,0,null,0,0,0
1577,0,null,0,0,0
1578,0,null,0,0,0
1579,1,primary_proton,1,1,1
1580,0,null,0,0,0
1581,0,null,0,0,0
1582,0,null,0,0,0
1583,0,null,0,0,0
1584,0,null,0,0,0
1585,0,null,0,0,0
1586,0,null,0,0,0
1587,0,null,0,0,0
1588,0,null,0,0,0
1589,0,null,0,0,0
1590,0,null,0,0,0
1591,0,null,0,0,0
1592,0,null,0,0,0
1593,0,null,0,0,0
1594,0,null,0,0,0
1595,0,null,0,0,0
1596,0,null,0,0,0
1597,0,null,0,0,0
1598,0,null,0,0,0
1599,0,null,0,0,0
1500,0,null,0,0,0
1501,0,null,0,0,0
1502,0,null,0,0,0
1503,0,null,0,0,0
1504,13,secondary_proton,1,1,1
1505,0,null,0,0,0
1506,0,null,0,0,0
1507,12,secondary_proton,1,1,1
1508,0,null,0,0,0
1509,0,null,0,0,0
1510,0,null,0,0,0
1511,0,null,0,0,0
1512,0,null,0,0,0
1513,0,null,0,0,0
1514,0,null,0,0,0
1515,0,null,0,0,0
1516,0,null,0,0,0
1517,0,null,0,0,0
1518,0,null,0,0,0
1519,0,null,0,0,0
1520,0,null,0,0,0
1521,0,null,0,0,0
1522,0,null,0,0,0
1523,0,null,0,0,0
1524,0,null,0,0,0
1525,0,null,0,0,0
1526,0,null,0,0,0
1527,0,null,0,0,0
1528,0,null,0,0,0
1529,0,null,0,0,0
1530,0,null,0,0,0
1531,0,null,0,0,0
1532,0,null,0,0,0
1533,0,null,0,0,0
1534,0,null,0,0,0
1535,0,null,0,0,0
1536,0,null,0,0,0
1537,0,null,0,0,0
1538,0,null,0,0,0
1539,1,primary_proton,1,1,1
1610,1,primary_proton,1,1,1
1611,0,null,0,0,0
1612,0,null,0,0,0
1613,0,null,0,0,0
1614,0,null,0,0,0
1615,0,null,0,0,0
1616,0,null,0,0,0
1617,0,null,0,0,0
1618,0,null,0,0,0
1619,0,null,0,0,0
1620,100,pi+,1,1,1
1621,1,primary_proton,1,1,1
1622,0,null,0,0,0
1623,0,null,0,0,0
1624,0,null,0,0,0
1625,0,null,0,0,0
1626,0,null,0,0,0
1627,0,null,0,0,0
1628,0,null,0,0,0
1629,0,null,0,0,0
1630,0,null,0,0,0
1631,0,null,0,0,0
1632,0,null,0,0,0
1633,0,null,0,0,0
1634,0,null,0,0,0
1635,0,null,0,0,0
1636,0,null,0,0,0
1637,0,null,0,0,0
1638,0,null,0,0,0
1639,3,pi+,1,1,1
1640,0,null,0,0,0
1600,0,null,0,0,0
1601,0,null,0,0,0
1602,0,null,0,0,0
1603,0,null,0,0,0
1604,18,secondary_proton,1,1,1
1605,0,null,0,0,0
1606,0,null,0,0,0
1607,0,null,0,0,0
1608,0,null,0,0,0
1609,0,null,0,0,0
1680,0,null,0,0,0
1681,0,null,0,0,0
1682,0,null,0,0,0
1683,0,null,0,0,0
1684,0,null,0,0,0
1685,0,null,0,0,0
1686,0,null,0,0,0
1687,0,null,0,0,0
1688,1,primary_proton,1,1,1
1689,0,null,0,0,0
1690,0,null,0,0,0
1691,6,pi+,1,1,0
1692,0,null,0,0,0
1693,0,null,0,0,0
1694,6,secondary_proton,1,1,1
1695,0,null,0,0,0
1696,0,null,0,0,0
1697,0,null,0,0,0
1698,0,null,0,0,0
1699,0,null,0,0,0
1641,0,null,0,0,0
1642,0,null,0,0,0
1643,1,primary_proton,1,1,1
1644,0,null,0,0,0
1645,1,primary_proton,1,1,1
1646,1000,pi+,1,1,1
1647,0,null,0,0,0
1648,0,null,0,0,0
1649,0,null,0,0,0
1650,1,primary_proton,1,1,1
1651,0,null,0,0,0
1652,0,null,0,0,0
1653,0,null,0,0,0
1654,0,null,0,0,0
1655,0,null,0,0,0
1656,0,null,0,0,0
1657,0,null,0,0,0
1658,18,secondary_proton,1,1,0
1659,0,null,0,0,0
1660,0,null,0,0,0
1661,0,null,0,0,0
1662,0,null,0,0,0
1663,0,null,0,0,0
1664,0,null,0,0,0
1665,0,null,0,0,0
1666,0,null,0,0,0
1667,0,null,0,0,0
1668,0,null,0,0,0
1669,0,null,0,0,0
1670,0,null,0,0,0
1671,0,null,0,0,0
1672,0,null,0,0,0
1673,0,null,0,0,0
1674,0,null,0,0,0
1675,0,null,0,0,0
1676,0,null,0,0,0
1677,519,e-,1,0,1
1678,0,null,0,0,0
1679,0,null,0,0,0
1750,0,null,0,0,0
1751,0,null,0,0,0
1752,0,null,0,0,0
1753,0,null,0,0,0
1754,0,null,0,0,0
1755,0,null,0,0,0
1756,0,null,0,0,0
1757,0,null,0,0,0
1758,0,null,0,0,0
1759,0,null,0,0,0
1760,0,null,0,0,0
1761,0,null,0,0,0
1762,0,null,0,0,0
1763,0,null,0,0,0
1764,0,null,0,0,0
1765,0,null,0,0,0
1766,0,null,0,0,0
1767,0,null,0,0,0
1768,0,null,0,0,0
1769,0,null,0,0,0
1770,0,null,0,0,0
1771,0,null,0,0,0
1772,0,null,0,0,0
1773,0,null,0,0,0
1774,0,null,0,0,0
1775,0,null,0,0,0
1776,0,null,0,0,0
1777,0,null,0,0,0
1778,0,null,0,0,0
1779,0,null,0,0,0
1780,0,null,0,0,0
1781,0,null,0,0,0
1782,9,secondary_proton,1,1,1
1783,0,null,0,0,0
1784,0,null,0,0,0
1785,0,nullG4WT0 > ,0,0,0
1786,0,null,0,0,0
1787,0,null,0,0,0
1788,0,null,0,0,0
1789,0,null,0,0,0
1790,0,null,0,0,0
1791,0,null,0,0,0
1792,0,null,0,0,0
1793,0,null,0,0,0
1794,0,null,0,0,0
1795,0,null,0,0,0
1796,0,null,0,0,0
1797,0,null,0,0,0
1798,0,null,0,0,0
1799,0,null,0,0,0
1700,0,null,0,0,0
1701,0,null,0,0,0
1702,0,null,0,0,0
1703,0,null,0,0,0
1704,0,null,0,0,0
1705,0,null,0,0,0
1706,0,null,0,0,0
1707,0,null,0,0,0
1708,0,null,0,0,0
1709,0,null,0,0,0
1710,0,null,0,0,0
1711,0,null,0,0,0
1712,0,null,0,0,0
1713,0,null,0,0,0
1714,25,secondary_proton,1,0,0
1715,0,null,0,0,0
1716,0,null,0,0,0
1717,0,null,0,0,0
1718,0,null,0,0,0
1719,0,null,0,0,0
1720,0,null,0,0,0
1721,0,null,0,0,0
1722,0,null,0,0,0
1723,12,pi+,1,0,0
1724,0,null,0,0,0
1725,0,null,0,0,0
1726,0,null,0,0,0
1727,0,null,0,0,0
1728,0,null,0,0,0
1729,0,null,0,0,0
1730,0,null,0,0,0
1731,0,null,0,0,0
1732,0,null,0,0,0
1733,0,null,0,0,0
1734,0,null,0,0,0
1735,0,null,0,0,0
1736,0,null,0,0,0
1737,0,null,0,0,0
1738,0,null,0,0,0
1739,0,null,0,0,0
1740,0,null,0,0,0
1741,0,null,0,0,0
1742,0,null,0,0,0
1743,0,null,0,0,0
1744,0,null,0,0,0
1745,0,null,0,0,0
1746,0,null,0,0,0
1747,0,null,0,0,0
1748,0,null,0,0,0
1749,0,null,0,0,0
1820,0,null,0,0,0
1821,0,null,0,0,0
1822,0,null,0,0,0
1823,0,null,0,0,0
1824,0,null,0,0,0
1825,0,null,0,0,0
1826,0,null,0,0,0
1827,0,null,0,0,0
1828,0,null,0,0,0
1829,0,null,0,0,0
1830,0,null,0,0,0
1831,0,null,0,0,0
1832,0,null,0,0,0
1833,0,null,0,0,0
1834,0,null,0,0,0
1835,0,null,0,0,0
1836,0,null,0,0,0
1837,0,null,0,0,0
1838,0,null,0,0,0
1839,0,null,0,0,0
1840,0,null,0,0,0
1841,0,null,0,0,0
1842,0,null,0,0,0
1843,0,null,0,0,0
1844,0,null,0,0,0
1845,0,null,0,0,0
1846,0,null,0,0,0
1847,0,null,0,0,0
1848,0,null,0,0,0
1849,0,null,0,0,0
1850,0,null,0,0,0
1851,0,null,0,0,0
1852,0,null,0,0,0
1853,0,null,0,0,0
1854,0,null,0,0,0
1855,0,null,0,0,0
1856,0,null,0,0,0
1857,0,null,0,0,0
1858,0,null,0,0,0
1800,3,secondary_proton,1,1,1
1801,0,null,0,0,0
1802,0,null,0,0,0
1803,0,null,0,0,0
1804,0,null,0,0,0
1805,0,null,0,0,0
1806,0,null,0,0,0
1807,0,null,0,0,0
1808,0,null,0,0,0
1809,0,null,0,0,0
1810,0,null,0,0,0
1811,0,null,0,0,0
1812,0,null,0,0,0
1813,0,null,0,0,0
1814,0,null,0,0,0
1815,0,null,0,0,0
1816,0,null,0,0,0
1817,0,null,0,0,0
1818,0,null,0,0,0
1819,0,null,0,0,0
1890,0,null,0,0,0
1891,0,null,0,0,0
1892,0,null,0,0,0
1893,0,null,0,0,0
1894,0,null,0,0,0
1895,0,null,0,0,0
1896,0,null,0,0,0
1897,0,null,0,0,0
1898,0,null,0,0,0
1899,0,null,0,0,0
1859,0,null,0,0,0
1860,0,null,0,0,0
1861,0,null,0,0,0
1862,0,null,0,0,0
1863,0,null,0,0,0
1864,0,null,0,0,0
1865,0,null,0,0,0
1866,0,null,0,0,0
1867,0,null,0,0,0
1868,0,null,0,0,0
1869,0,null,0,0,0
1870,0,null,0,0,0
1871,3,secondary_proton,1,1,1
1872,0,null,0,0,0
1873,0,null,0,0,0
1874,0,null,0,0,0
1875,6,secondary_proton,1,1,1
1876,0,null,0,0,0
1877,0,null,0,0,0
1878,0,null,0,0,0
1879,0,null,0,0,0
1880,0,null,0,0,0
1881,0,null,0,0,0
1882,0,null,0,0,0
1883,0,null,0,0,0
1884,0,null,0,0,0
1885,0,null,0,0,0
1886,0,null,0,0,0
1887,0,null,0,0,0
1888,0,null,0,0,0
1889,0,null,0,0,0
1960,0,null,0,0,0
1961,0,null,0,0,0
1962,0,null,0,0,0
1963,0,null,0,0,0
1964,0,null,0,0,0
1965,22,pi+,1,0,0
1966,0,null,0,0,0
1967,0,null,0,0,0
1968,0,null,0,0,0
1969,0,null,0,0,0
1970,0,null,0,0,0
1971,0,null,0,0,0
1972,0,null,0,0,0
1973,0,null,0,0,0
1974,0,null,0,0,0
1975,0,null,0,0,0
1976,0,null,0,0,0
1977,0,null,0,0,0
1978,0,null,0,0,0
1979,0,null,0,0,0
1980,0,null,0,0,0
1981,0,null,0,0,0
1982,0,null,0,0,0
1983,0,null,0,0,0
1984,0,null,0,0,0
1985,0,null,0,0,0
1986,0,null,0,0,0
1987,0,null,0,0,0
1988,0,null,0,0,0
1989,0,null,0,0,0
1990,0,null,0,0,0
1991,0,null,0,0,0
1992,0,null,0,0,0
1993,0,null,0,0,0
1994,0,null,0,0,0
1995,0,null,0,0,0
1996,0,null,0,0,0
1997,0,null,0,0,0
1998,0,null,0,0,0
1999,0,null,0,0,0
1900,0,null,0,0,0
1901,0,null,0,0,0
1902,0,null,0,0,0
1903,0,null,0,0,0
1904,0,null,0,0,0
1905,0,null,0,0,0
1906,0,null,0,0,0
1907,0,null,0,0,0
1908,0,null,0,0,0
1909,0,null,0,0,0
1910,0,null,0,0,0
1911,0,null,0,0,0
1912,0,null,0,0,0
1913,0,null,0,0,0
1914,0,null,0,0,0
1915,0,null,0,0,0
1916,0,null,0,0,0
1917,0,null,0,0,0
1918,0,null,0,0,0
1919,0,null,0,0,0
1920,0,null,0,0,0
1921,0,null,0,0,0
1922,0,null,0,0,0
1923,0,null,0,0,0
1924,0,null,0,0,0
1925,0,null,0,0,0
1926,0,null,0,0,0
1927,0,null,0,0,0
1928,0,null,0,0,0
1929,0,null,0,0,0
1930,0,null,0,0,0
1931,0,null,0,0,0
1932,0,null,0,0,0
1933,174,pi+,1,1,1
1934,0,null,0,0,0
1935,0,null,0,0,0
1936,0,null,0,0,0
1937,0,null,0,0,0
1938,0,null,0,0,0
1939,989,secondary_proton,1,0,0
1940,0,null,0,0,0
1941,0,null,0,0,0
1942,0,null,0,0,0
1943,0,null,0,0,0
1944,0,null,0,0,0
1945,0,null,0,0,0
1946,0,null,0,0,0
1947,0,null,0,0,0
1948,0,null,0,0,0
1949,0,null,0,0,0
1950,0,null,0,0,0
1951,0,null,0,0,0
1952,0,null,0,0,0
1953,0,null,0,0,0
1954,0,null,0,0,0
1955,0,null,0,0,0
1956,0,null,0,0,0
1957,0,null,0,0,0
1958,0,null,0,0,0
1959,0,null,0,0,0
2030,0,null,0,0,0
2031,0,null,0,0,0
2032,0,null,0,0,0
2033,0,null,0,0,0
2034,0,null,0,0,0
2035,0,null,0,0,0
2036,0,null,0,0,0
2037,0,null,0,0,0
2038,0,null,0,0,0
2039,0,null,0,0,0
2040,0,null,0,0,0
2041,0,null,0,0,0
2042,0,null,0,0,0
2043,0,null,0,0,0
2044,0,null,0,0,0
2045,0,null,0,0,0
2046,0,null,0,0,0
2047,1,primary_proton,1,1,1
2048,0,null,0,0,0
2049,0,null,0,0,0
2050,0,null,0,0,0
2051,0,null,0,0,0
2000,0,null,0,0,0
2001,0,null,0,0,0
2002,0,null,0,0,0
2003,0,null,0,0,0
2004,0,null,0,0,0
2005,0,null,0,0,0
2006,0,null,0,0,0
2007,0,null,0,0,0
2008,0,null,0,0,0
2009,0,null,0,0,0
2010,0,null,0,0,0
2011,0,null,0,0,0
2012,0,null,0,0,0
2013,0,null,0,0,0
2014,0,null,0,0,0
2015,0,null,0,0,0
2016,0,null,0,0,0
2017,0,null,0,0,0
2018,0,null,0,0,0
2019,1077,e+,1,1,1
2020,0,null,0,0,0
2021,0,null,0,0,0
2022,0,null,0,0,0
2023,0,null,0,0,0
2024,0,null,0,0,0
2025,9,pi+,1,1,1
2026,0,null,0,0,0
2027,0,null,0,0,0
2028,0,null,0,0,0
2029,0,null,0,0,0
2100,0,null,0,0,0
2101,0,null,0,0,0
2102,1,primary_proton,1,1,1
2103,0,null,0,0,0
2104,0,null,0,0,0
2105,0,null,0,0,0
2106,0,null,0,0,0
2107,0,null,0,0,0
2108,0,null,0,0,0
2109,0,null,0,0,0
2110,0,null,0,0,0
2111,0,null,0,0,0
2112,0,null,0,0,0
2113,0,null,0,0,0
2114,0,null,0,0,0
2115,0,null,0,0,0
2116,0,null,0,0,0
2117,0,null,0,0,0
2118,0,null,0,0,0
2119,0,null,0,0,0
2120,0,null,0,0,0
2121,0,null,0,0,0
2122,0,null,0,0,0
2123,0,null,0,0,0
2124,0,null,0,0,0
2125,0,null,0,0,0
2126,1,primary_proton,1,1,1
2127,0,null,0,0,0
2128,0,null,0,0,0
2129,0,null,0,0,0
2130,0,null,0,0,0
2131,0,null,0,0,0
2132,326,secondary_proton,1,0,0
2133,0,null,0,0,0
2134,0,null,0,0,0
2135,0,null,0,0,0
2136,0,null,0,0,0
2137,0,null,0,0,0
2138,0,null,0,0,0
2139,0,null,0,0,0
2140,0,null,0,0,0
2141,0,null,0,0,0
2142,0,null,0,0,0
2143,0,null,0,0,0
2144,0,null,0,0,0
2145,0,null,0,0,0
2146,0,null,0,0,0
2147,0,null,0,0,0
2148,1,primary_proton,1,1,1
2149,0,null,0,0,0
2150,0,null,0,0,0
2151,0,null,0,0,0
2152,0,null,0,0,0
2153,0,null,0,0,0
2154,0,null,0,0,0
2155,0,null,0,0,0
2156,0,null,0,0,0
2157,0,null,0,0,0
2158,0,null,0,0,0
2159,0,null,0,0,0
2160,0,null,0,0,0
2161,925,e-,1,1,1
2162,0,null,0,0,0
2163,0,null,0,0,0
2164,0,null,0,0,0
2165,0,null,0,0,0
2166,0,null,0,0,0
2167,0,null,0,0,0
2168,0,null,0,0,0
2169,0,null,0,0,0
2240,0,null,0,0,0
2241,0,null,0,0,0
2242,0,null,0,0,0
2243,0,null,0,0,0
2244,0,null,0,0,0
2053,0,null,0,0,0
2054,0,null,0,0,0
2055,0,null,0,0,0
2056,0,null,0,0,0
2057,0,null,0,0,0
2058,0,null,0,0,0
2059,0,null,0,0,0
2060,0,null,0,0,0
2061,0,null,0,0,0
2062,0,null,0,0,0
2063,0,null,0,0,0
2064,0,null,0,0,0
2065,0,null,0,0,0
2066,0,null,0,0,0
2067,0,null,0,0,0
2068,0,null,0,0,0
2069,0,null,0,0,0
2070,0,null,0,0,0
2071,0,null,0,0,0
2072,1,primary_proton,1,1,1
2073,0,null,0,0,0
2074,0,null,0,0,0
2075,0,null,0,0,0
2076,0,null,0,0,0
2077,0,null,0,0,0
2078,4,secondary_proton,1,1,1
2079,0,null,0,0,0
2080,0,null,0,0,0
2081,0,null,0,0,0
2082,0,null,0,0,0
2083,0,null,0,0,0
2084,0,null,0,0,0
2085,0,null,0,0,0
2086,0,null,0,0,0
2087,0,null,0,0,0
2088,0,null,0,0,0
2089,0,null,0,0,0
2090,0,null,0,0,0
2091,1,primary_proton,1,1,1
2092,0,null,0,0,0
2093,0,null,0,0,0
2094,0,null,0,0,0
2095,0,null,0,0,0
2096,0,null,0,0,0
2097,0,null,0,0,0
2098,0,null,0,0,0
2099,0,null,0,0,0
2170,0,null,0,0,0
2171,0,null,0,0,0
2172,0,null,0,0,0
2173,0,null,0,0,0
2174,0,null,0,0,0
2175,0,null,0,0,0
2176,0,null,0,0,0
2177,0,null,0,0,0
2178,0,null,0,0,0
2179,0,null,0,0,0
2180,0,null,0,0,0
2181,1,primary_proton,1,1,1
2182,0,null,0,0,0
2183,0,null,0,0,0
2184,0,null,0,0,0
2185,11,pi+,1,1,1
2186,0,null,0,0,0
2187,0,null,0,0,0
2188,0,null,0,0,0
2190,0,null,0,0,0
2191,0,null,0,0,0
2192,0,null,0,0,0
2193,0,null,0,0,0
2194,0,null,0,0,0
2195,0,null,0,0,0
2196,0,null,0,0,0
2197,0,null,0,0,0
2198,0,null,0,0,0
2199,0,null,0,0,0
2245,0,null,0,0,0
2246,0,null,0,0,0
2247,0,null,0,0,0
2248,0,null,0,0,0
2249,0,null,0,0,0
2250,0,null,0,0,0
2251,0,null,0,0,0
2252,0,null,0,0,0
2253,0,null,0,0,0
2254,0,null,0,0,0
2255,0,null,0,0,0
2256,0,null,0,0,0
2257,0,null,0,0,0
2258,0,null,0,0,0
2259,7,pi-,1,1,1
2260,0,null,0,0,0
2261,0,null,0,0,0
2262,0,null,0,0,0
2263,0,null,0,0,0
2264,0,null,0,0,0
2265,0,null,0,0,0
2266,0,null,0,0,0
2267,0,null,0,0,0
2268,0,null,0,0,0
2269,0,null,0,0,0
2270,0,null,0,0,0
2271,0,null,0,0,0
2272,0,null,0,0,0
2273,0,null,0,0,0
2274,0,null,0,0,0
2275,0,null,0,0,0
2276,0,null,0,0,0
2277,0,null,0,0,0
2278,1,primary_proton,1,1,1
2279,0,null,0,0,0
2280,0,null,0,0,0
2281,0,null,0,0,0
2282,0,null,0,0,0
2283,0,null,0,0,0
2284,0,null,0,0,0
2285,0,null,0,0,0
2286,0,null,0,0,0
2287,0,null,0,0,0
2288,0,null,0,0,0
2289,0,null,0,0,0
2290,0,null,0,0,0
2291,0,null,0,0,0
2292,0,null,0,0,0
2293,0,null,0,0,0
2294,26,secondary_proton,1,1,1
2295,0,null,0,0,0
2296,0,null,0,0,0
2297,0,null,0,0,0
2298,0,null,0,0,0
2299,0,null,0,0,0
2300,0,null,0,0,0
2301,0,null,0,0,0
2302,0,null,0,0,0
2303,0,null,0,0,0
2304,0,null,0,0,0
2305,0,null,0,0,0
2306,0,null,0,0,0
2307,0,null,0,0,0
2308,0,null,0,0,0
2309,0,null,0,0,0
2380,0,null,0,0,0
2381,0,null,0,0,0
2382,0,null,0,0,0
2383,0,null,0,0,0
2384,0,null,0,0,0
2385,0,null,0,0,0
2386,0,null,0,0,0
2387,0,null,0,0,0
2388,0,null,0,0,0
2389,0,null,0,0,0
2390,0,null,0,0,0
2391,0,null,0,0,0
2392,0,null,0,0,0
2393,0,null,0,0,0
2394,6,pi-,1,1,0
2395,0,null,0,0,0
2396,0,null,0,0,0
2397,0,null,0,0,0
2398,1,primary_proton,1,1,1
2399,0,null,0,0,0
2200,4,secondary_proton,1,0,0
2201,0,null,0,0,0
2202,0,null,0,0,0
2203,0,null,0,0,0
2204,0,null,0,0,0
2205,0,null,0,0,0
2206,5,secondary_proton,1,1,1
2207,9,secondary_proton,1,0,0
2208,0,null,0,0,0
2209,0,null,0,0,0
2210,0,null,0,0,0
2211,0,null,0,0,0
2212,0,null,0,0,0
2213,0,null,0,0,0
2214,0,null,0,0,0
2215,0,null,0,0,0
2216,0,null,0,0,0
2217,0,null,0,0,0
2218,0,null,0,0,0
2219,0,null,0,0,0
2220,0,null,0,0,0
2221,0,null,0,0,0
2222,0,null,0,0,0
2223,0,null,0,0,0
2224,0,null,0,0,0
2225,0,null,0,0,0
2226,0,null,0,0,0
2227,0,null,0,0,0
2228,0,null,0,0,0
2229,0,null,0,0,0
2230,0,null,0,0,0
2231,0,null,0,0,0
2232,0,null,0,0,0
2233,0,null,0,0,0
2234,0,null,0,0,0
2235,0,null,0,0,0
2236,0,null,0,0,0
2237,0,null,0,0,0
2238,0,null,0,0,0
2239,0,null,0,0,0
2310,0,null,0,0,0
2311,0,null,0,0,0
2312,0,null,0,0,0
2313,0,null,0,0,0
2314,0,null,0,0,0
2315,0,null,0,0,0
2316,0,null,0,0,0
2317,0,null,0,0,0
2318,1,primary_proton,1,1,1
2319,1,primary_proton,1,1,1
2320,0,null,0,0,0
2321,0,null,0,0,0
2322,0,null,0,0,0
2323,0,null,0,0,0
2324,0,null,0,0,0
2325,0,null,0,0,0
2326,28,pi-,1,1,0
2327,0,null,0,0,0
2328,0,null,0,0,0
2329,0,null,0,0,0
2330,0,null,0,0,0
2331,0,null,0,0,0
2332,0,null,0,0,0
2333,0,null,0,0,0
2334,0,null,0,0,0
2335,0,null,0,0,0
2336,0,null,0,0,0
2337,0,null,0,0,0
2338,0,null,0,0,0
2339,0,null,0,0,0
2340,0,null,0,0,0
2341,0,null,0,0,0
2342,0,null,0,0,0
2343,0,null,0,0,0
2344,0,null,0,0,0
2345,0,null,0,0,0
2346,125,pi+,1,1,0
2347,0,null,0,0,0
2348,0,null,0,0,0
2349,0,null,0,0,0
2350,0,null,0,0,0
2351,0,null,0,0,0
2352,0,null,0,0,0
2353,0,null,0,0,0
2354,0,null,0,0,0
2355,0,null,0,0,0
2356,0,null,0,0,0
2357,0,null,0,0,0
2358,0,null,0,0,0
2359,0,null,0,0,0
2360,1,primary_proton,1,1,1
2361,0,null,0,0,0
2362,0,null,0,0,0
2363,0,null,0,0,0
2364,0,null,0,0,0
2365,0,null,0,0,0
2366,1,primary_proton,1,1,1
2367,0,null,0,0,0
2368,0,null,0,0,0
2369,0,null,0,0,0
2370,0,null,0,0,0
2371,0,null,0,0,0
2372,0,null,0,0,0
2373,0,null,0,0,0
2374,0,null,0,0,0
2375,0,null,0,0,0
2376,0,null,0,0,0
2377,0,null,0,0,0
2378,0,null,0,0,0
2379,0,null,0,0,0
2450,0,null,0,0,0
2451,0,null,0,0,0
2452,0,null,0,0,0
2453,0,null,0,0,0
2454,0,null,0,0,0
2455,0,null,0,0,0
2456,0,null,0,0,0
2457,0,null,0,0,0
2458,0,null,0,0,0
2459,0,null,0,0,0
2460,0,null,0,0,0
2461,0,null,0,0,0
2462,0,null,0,0,0
2463,1,primary_proton,1,1,1
2464,0,null,0,0,0
2465,0,null,0,0,0
2466,0,null,0,0,0
2467,0,null,0,0,0
2468,0,null,0,0,0
2469,0,null,0,0,0
2470,0,null,0,0,0
2471,0,null,0,0,0
2472,0,null,0,0,0
2473,0,null,0,0,0
2474,0,null,0,0,0
2475,0,null,0,0,0
2476,0,null,0,0,0
2477,0,null,0,0,0
2478,0,null,0,0,0
2479,0,null,0,0,0
2480,0,null,0,0,0
2481,0,null,0,0,0
2482,0,null,0,0,0
2483,0,null,0,0,0
2484,0,null,0,0,0
2485,0,null,0,0,0
2486,0,null,0,0,0
2487,0,null,0,0,0
2488,0,null,0,0,0
2489,0,null,0,0,0
2490,0,null,0,0,0
2491,0,null,0,0,0
2492,0,null,0,0,0
2493,0,null,0,0,0
2494,0,null,0,0,0
2495,0,null,0,0,0
2496,0,null,0,0,0
2497,0,null,0,0,0
2498,0,null,0,0,0
2499,0,null,0,0,0
2400,0,null,0,0,0
2401,0,null,0,0,0
2402,0,null,0,0,0
2403,0,null,0,0,0
2404,0,null,0,0,0
2405,0,null,0,0,0
2406,9,secondary_proton,1,1,1
2407,1,primary_proton,1,1,1
2408,0,null,0,0,0
2409,0,null,0,0,0
2410,0,null,0,0,0
2411,0,null,0,0,0
2412,0,null,0,0,0
2413,0,null,0,0,0
2414,12,secondary_proton,1,1,0
2415,2083,pi+,1,1,0
2416,0,null,0,0,0
2417,0,null,0,0,0
2418,0,null,0,0,0
2419,0,null,0,0,0
2420,0,null,0,0,0
2421,0,null,0,0,0
2422,0,null,0,0,0
2423,0,null,0,0,0
2424,0,null,0,0,0
2425,0,null,0,0,0
2426,1,primary_proton,1,1,1
2427,0,null,0,0,0
2428,0,null,0,0,0
2429,0,null,0,0,0
2430,0,null,0,0,0
2431,0,null,0,0,0
2432,0,null,0,0,0
2433,0,null,0,0,0
2434,0,null,0,0,0
2435,0,null,0,0,0
2436,1204,secondary_proton,1,0,0
2437,0,null,0,0,0
2438,0,null,0,0,0
2439,0,null,0,0,0
2440,0,null,0,0,0
2441,0,null,0,0,0
2442,0,null,0,0,0
2443,0,null,0,0,0
2444,0,null,0,0,0
2445,0,null,0,0,0
2446,0,null,0,0,0
2447,0,null,0,0,0
2448,0,null,0,0,0
2449,0,null,0,0,0
2590,0,null,0,0,0
2591,0,null,0,0,0
2592,0,null,0,0,0
2593,0,null,0,0,0
2594,0,null,0,0,0
2595,0,null,0,0,0
2596,0,null,0,0,0
2597,0,null,0,0,0
2598,0,null,0,0,0
2599,0,null,0,0,0
2500,0,null,0,0,0
2501,0,null,0,0,0
2502,0,null,0,0,0
2503,0,null,0,0,0
2504,0,null,0,0,0
2505,1,primary_proton,1,1,1
2506,0,null,0,0,0
2507,0,null,0,0,0
2508,0,null,0,0,0
2509,0,null,0,0,0
2510,0,null,0,0,0
2511,0,null,0,0,0
2512,0,null,0,0,0
2513,0,null,0,0,0
2514,0,null,0,0,0
2515,0,null,0,0,0
2516,0,null,0,0,0
2517,0,null,0,0,0
2518,0,null,0,0,0
2519,0,null,0,0,0
2520,0,null,0,0,0
2521,0,null,0,0,0
2522,0,null,0,0,0
2523,0,null,0,0,0
2524,0,null,0,0,0
2525,0,null,0,0,0
2526,129,pi-,1,1,1
2527,1721,e-,0,1,0
2528,0,null,0,0,0
2529,0,null,0,0,0
2530,0,null,0,0,0
2531,0,null,0,0,0
2532,0,null,0,0,0
2533,0,null,0,0,0
2534,0,null,0,0,0
2535,0,null,0,0,0
2536,0,null,0,0,0
2537,0,null,0,0,0
2538,0,null,0,0,0
2539,0,null,0,0,0
2540,0,null,0,0,0
2541,0,null,0,0,0
2542,0,null,0,0,0
2543,0,null,0,0,0
2544,0,null,0,0,0
2545,0,null,0,0,0
2546,0,null,0,0,0
2547,0,null,0,0,0
2548,0,null,0,0,0
2549,0,null,0,0,0
2550,0,null,0,0,0
2551,0,null,0,0,0
2552,0,null,0,0,0
2553,0,null,0,0,0
2554,0,null,0,0,0
2555,0,null,0,0,0
2556,0,null,0,0,0
2557,0,null,0,0,0
2558,0,null,0,0,0
2559,0,null,0,0,0
2560,0,null,0,0,0
2561,0,null,0,0,0
2562,0,null,0,0,0
2563,0,null,0,0,0
2564,0,null,0,0,0
2565,0,null,0,0,0
2566,0,null,0,0,0
2567,0,null,0,0,0
2568,0,null,0,0,0
2569,0,null,0,0,0
2570,0,null,0,0,0
2571,0,null,0,0,0
2572,0,null,0,0,0
2573,0,null,0,0,0
2574,0,null,0,0,0
2575,0,null,0,0,0
2576,0,null,0,0,0
2577,0,null,0,0,0
2578,0,null,0,0,0
2579,0,null,0,0,0
2580,0,null,0,0,0
2581,0,null,0,0,0
2582,0,null,0,0,0
2583,0,null,0,0,0
2584,0,null,0,0,0
2585,0,null,0,0,0
2600,0,null,0,0,0
2601,0,null,0,0,0
2602,0,null,0,0,0
2603,0,null,0,0,0
2604,0,null,0,0,0
2605,0,null,0,0,0
2606,0,null,0,0,0
2607,0,null,0,0,0
2608,0,null,0,0,0
2609,0,null,0,0,0
2610,0,null,0,0,0
2611,1,primary_proton,1,1,1
2612,0,null,0,0,0
2613,0,null,0,0,0
2614,0,null,0,0,0
2615,0,null,0,0,0
2616,0,null,0,0,0
2617,0,null,0,0,0
2618,0,null,0,0,0
2619,0,null,0,0,0
2620,0,null,0,0,0
2621,0,null,0,0,0
2622,0,null,0,0,0
2623,0,null,0,0,0
2624,0,null,0,0,0
2625,0,null,0,0,0
2626,0,null,0,0,0
2627,0,null,0,0,0
2628,0,null,0,0,0
2629,20,pi-,1,0,0
2630,0,null,0,0,0
2631,0,null,0,0,0
2632,0,null,0,0,0
2633,0,null,0,0,0
2634,0,null,0,0,0
2635,0,null,0,0,0
2636,0,null,0,0,0
2637,0,null,0,0,0
2638,0,null,0,0,0
2639,0,null,0,0,0
2640,0,null,0,0,0
2641,0,null,0,0,0
2642,0,null,0,0,0
2643,0,null,0,0,0
2644,0,null,0,0,0
2645,0,null,0,0,0
2646,0,null,0,0,0
2647,0,null,0,0,0
2648,0,null,0,0,0
2649,0,null,0,0,0
2650,0,null,0,0,0
2651,0,null,0,0,0
2652,0,null,0,0,0
2653,0,null,0,0,0
2654,0,null,0,0,0
2655,0,null,0,0,0
2656,0,null,0,0,0
2657,0,null,0,0,0
2658,0,null,0,0,0
2659,0,null,0,0,0
2660,0,null,0,0,0
2661,0,null,0,0,0
2662,0,null,0,0,0
2663,0,null,0,0,0
2664,0,null,0,0,0
2665,0,null,0,0,0
2666,1,primary_proton,1,1,1
2667,16,pi+,1,1,1
2668,0,null,0,0,0
2669,0,null,0,0,0
2670,0,null,0,0,0
2671,0,null,0,0,0
2672,0,null,0,0,0
2673,0,null,0,0,0
2674,0,null,0,0,0
2675,0,null,0,0,0
2676,15,secondary_proton,1,0,0
2677,0,null,0,0,0
2678,0,null,0,0,0
2680,0,null,0,0,0
2681,0,null,0,0,0
2682,0,null,0,0,0
2683,0,null,0,0,0
2684,0,null,0,0,0
2685,0,null,0,0,0
2686,0,null,0,0,0
2687,0,null,0,0,0
2688,0,null,0,0,0
2689,0,null,0,0,0
2690,0,null,0,0,0
2691,0,null,0,0,0
2692,0,null,0,0,0
2693,0,null,0,0,0
2694,0,null,0,0,0
2695,0,null,0,0,0
2696,0,null,0,0,0
2697,0,null,0,0,0
2698,0,null,0,0,0
2699,0,null,0,0,0
2586,1,primary_proton,1,1,1
2587,0,null,0,0,0
2588,0,null,0,0,0
2589,0,null,0,0,0
2730,0,null,0,0,0
2731,0,null,0,0,0
2732,0,null,0,0,0
2733,0,null,0,0,0
2734,0,null,0,0,0
2735,0,null,0,0,0
2736,0,null,0,0,0
2737,0,null,0,0,0
2738,0,null,0,0,0
2739,0,null,0,0,0
2740,0,null,0,0,0
2741,0,null,0,0,0
2742,0,null,0,0,0
2743,0,null,0,0,0
2744,0,null,0,0,0
2745,0,null,0,0,0
2746,0,null,0,0,0
2747,0,null,0,0,0
2748,0,null,0,0,0
2749,0,null,0,0,0
2750,0,null,0,0,0
2751,0,null,0,0,0
2752,10,pi+,1,1,0
2753,0,null,0,0,0
2754,0,null,0,0,0
2755,0,null,0,0,0
2756,0,null,0,0,0
2757,0,null,0,0,0
2758,0,null,0,0,0
2759,0,null,0,0,0
2760,0,null,0,0,0
2761,0,null,0,0,0
2762,0,null,0,0,0
2763,0,null,0,0,0
2764,0,null,0,0,0
2765,0,null,0,0,0
2766,0,null,0,0,0
2767,0,null,0,0,0
2768,0,null,0,0,0
2769,0,null,0,0,0
2770,0,null,0,0,0
2771,0,null,0,0,0
2772,0,null,0,0,0
2773,0,null,0,0,0
2774,0,null,0,0,0
2775,0,null,0,0,0
2776,0,null,0,0,0
2777,0,null,0,0,0
2778,0,null,0,0,0
2779,0,null,0,0,0
2780,0,null,0,0,0
2781,0,null,0,0,0
2782,0,null,0,0,0
2783,0,null,0,0,0
2784,0,null,0,0,0
2785,0,null,0,0,0
2786,0,null,0,0,0
2787,0,null,0,0,0
2788,1,primary_proton,1,1,1
2789,0,null,0,0,0
2790,0,null,0,0,0
2791,0,null,0,0,0
2792,0,null,0,0,0
2793,0,null,0,0,0
2794,0,null,0,0,0
2795,0,null,0,0,0
2796,0,null,0,0,0
2797,0,null,0,0,0
2798,0,null,0,0,0
2799,0,null,0,0,0
2700,0,null,0,0,0
2701,0,null,0,0,0
2702,0,null,0,0,0
2703,0,null,0,0,0
2704,0,null,0,0,0
2705,0,null,0,0,0
2706,0,null,0,0,0
2707,0,null,0,0,0
2708,13,pi-,1,1,1
2709,0,null,0,0,0
2710,0,null,0,0,0
2711,0,null,0,0,0
2712,0,null,0,0,0
2713,0,null,0,0,0
2714,0,null,0,0,0
2715,0,null,0,0,0
2716,0,null,0,0,0
2717,0,null,0,0,0
2718,0,null,0,0,0
2719,0,null,0,0,0
2720,0,null,0,0,0
2721,0,null,0,0,0
2722,0,null,0,0,0
2723,0,null,0,0,0
2724,0,null,0,0,0
2725,0,null,0,0,0
2726,0,null,0,0,0
2727,0,null,0,0,0
2728,0,null,0,0,0
2729,0,null,0,0,0
2870,0,null,0,0,0
2871,0,null,0,0,0
2872,0,null,0,0,0
2873,0,null,0,0,0
2874,0,null,0,0,0
2875,1,primary_proton,1,1,1
2876,0,null,0,0,0
2877,0,null,0,0,0
2878,0,null,0,0,0
2879,0,null,0,0,0
2880,0,null,0,0,0
2881,0,null,0,0,0
2882,0,null,0,0,0
2883,0,null,0,0,0
2884,0,null,0,0,0
2885,0,null,0,0,0
2886,0,null,0,0,0
2887,0,null,0,0,0
2888,0,null,0,0,0
2889,0,null,0,0,0
2890,1,primary_proton,1,1,1
2891,0,null,0,0,0
2892,0,null,0,0,0
2893,0,null,0,0,0
2894,8,pi-,1,1,0
2895,0,null,0,0,0
2896,2218,e-,1,0,0
2897,0,null,0,0,0
2898,0,null,0,0,0
2899,0,null,0,0,0
2800,0,null,0,0,0
2801,0,null,0,0,0
2802,0,null,0,0,0
2803,0,null,0,0,0
2804,0,null,0,0,0
2805,1,primary_proton,1,1,1
2806,0,null,0,0,0
2807,0,null,0,0,0
2808,0,null,0,0,0
2809,0,null,0,0,0
2810,2,secondary_proton,1,1,1
2811,0,null,0,0,0
2812,1,primary_proton,1,1,0
2813,0,null,0,0,0
2814,0,null,0,0,0
2815,0,null,0,0,0
2816,0,null,0,0,0
2817,0,null,0,0,0
2818,0,null,0,0,0
2819,0,null,0,0,0
2820,0,null,0,0,0
2821,0,null,0,0,0
2822,0,null,0,0,0
2823,0,null,0,0,0
2824,0,null,0,0,0
2825,0,null,0,0,0
2826,12,pi-,1,1,1
2827,0,null,0,0,0
2828,0,null,0,0,0
2829,0,null,0,0,0
2830,0,null,0,0,0
2831,0,null,0,0,0
2832,0,null,0,0,0
2833,0,null,0,0,0
2834,0,null,0,0,0
2835,0,null,0,0,0
2836,1,primary_proton,1,1,1
2837,0,null,0,0,0
2838,0,null,0,0,0
2839,0,null,0,0,0
2840,0,null,0,0,0
2841,0,null,0,0,0
2842,0,null,0,0,0
2843,0,null,0,0,0
2844,0,null,0,0,0
2845,0,null,0,0,0
2846,0,null,0,0,0
2847,0,null,0,0,0
2848,0,null,0,0,0
2849,0,null,0,0,0
2850,0,null,0,0,0
2851,0,null,0,0,0
2852,0,null,0,0,0
2853,0,null,0,0,0
2854,0,null,0,0,0
2855,0,null,0,0,0
2856,0,null,0,0,0
2857,0,null,0,0,0
2858,0,null,0,0,0
2859,4,secondary_proton,1,1,1
2860,0,null,0,0,0
2861,11,pi+,1,1,1
2862,0,null,0,0,0
2863,0,null,0,0,0
2864,0,null,0,0,0
2865,0,null,0,0,0
2866,0,null,0,0,0
2867,0,null,0,0,0
2868,0,null,0,0,0
2900,1,primary_proton,1,1,1
2901,0,null,0,0,0
2902,0,null,0,0,0
2903,0,null,0,0,0
2904,0,null,0,0,0
2905,0,null,0,0,0
2906,0,null,0,0,0
2907,0,null,0,0,0
2908,0,null,0,0,0
2909,0,null,0,0,0
2910,0,null,0,0,0
2911,0,null,0,0,0
2912,0,null,0,0,0
2913,0,null,0,0,0
2914,1,primary_proton,1,1,1
2915,0,null,0,0,0
2916,1,primary_proton,1,1,1
2917,0,null,0,0,0
2918,0,null,0,0,0
2919,0,null,0,0,0
2920,1,primary_proton,1,1,1
2921,0,null,0,0,0
2922,0,null,0,0,0
2923,0,null,0,0,0
2924,0,null,0,0,0
2925,0,null,0,0,0
2926,0,null,0,0,0
2927,0,null,0,0,0
2928,0,null,0,0,0
2929,0,null,0,0,0
2930,0,null,0,0,0
2931,0,null,0,0,0
2932,4,secondary_proton,1,0,0
2933,0,null,0,0,0
2934,0,null,0,0,0
2935,0,null,0,0,0
2936,0,null,0,0,0
2937,0,null,0,0,0
2938,0,null,0,0,0
2939,0,null,0,0,0
3010,0,null,0,0,0
3011,0,null,0,0,0
3012,0,null,0,0,0
3013,0,null,0,0,0
3014,0,null,0,0,0
3015,0,null,0,0,0
3016,0,null,0,0,0
3017,0,null,0,0,0
3018,0,null,0,0,0
3019,10,secondary_proton,1,0,0
3020,0,null,0,0,0
3021,0,null,0,0,0
3022,0,null,0,0,0
3023,0,null,0,0,0
3024,0,null,0,0,0
3025,0,null,0,0,0
3026,0,null,0,0,0
3027,0,null,0,0,0
3028,0,null,0,0,0
3029,0,null,0,0,0
3030,0,null,0,0,0
3031,0,null,0,0,0
3032,0,null,0,0,0
3033,0,null,0,0,0
3034,0,null,0,0,0
3035,0,null,0,0,0
3036,0,null,0,0,0
3037,0,null,0,0,0
3038,0,null,0,0,0
3039,0,null,0,0,0
3040,0,null,0,0,0
3041,0,null,0,0,0
3042,0,null,0,0,0
3043,0,null,0,0,0
3044,0,null,0,0,0
3045,0,null,0,0,0
3046,0,null,0,0,0
3047,0,null,0,0,0
2940,0,null,0,0,0
2941,0,null,0,0,0
2942,0,null,0,0,0
2943,0,null,0,0,0
2944,0,null,0,0,0
2945,0,null,0,0,0
2946,0,null,0,0,0
2947,0,null,0,0,0
2948,0,null,0,0,0
2949,0,null,0,0,0
2950,1,primary_proton,1,1,1
2951,0,null,0,0,0
2952,0,null,0,0,0
2953,0,null,0,0,0
2954,0,null,0,0,0
2955,0,null,0,0,0
2956,954,pi-,1,1,1
2957,0,null,0,0,0
2958,0,null,0,0,0
2959,0,null,0,0,0
2960,0,null,0,0,0
2961,0,null,0,0,0
2962,0,null,0,0,0
2963,0,null,0,0,0
2964,0,null,0,0,0
2965,0,null,0,0,0
2966,0,null,0,0,0
2967,0,null,0,0,0
2968,0,null,0,0,0
2969,0,null,0,0,0
2970,0,null,0,0,0
2971,0,null,0,0,0
2972,0,null,0,0,0
2973,847,e+,1,0,0
2974,0,null,0,0,0
2975,0,null,0,0,0
2976,0,null,0,0,0
2977,0,null,0,0,0
2978,0,null,0,0,0
2979,0,null,0,0,0
2980,0,null,0,0,0
2981,0,null,0,0,0
2982,0,null,0,0,0
2983,0,null,0,0,0
2984,0,null,0,0,0
2985,0,null,0,0,0
2986,0,null,0,0,0
2987,0,null,0,0,0
2988,0,null,0,0,0
2989,0,null,0,0,0
2990,1,primary_proton,1,1,1
2991,0,null,0,0,0
2992,0,null,0,0,0
2993,0,null,0,0,0
2994,0,null,0,0,0
2995,0,null,0,0,0
2996,0,null,0,0,0
2997,1,primary_proton,1,1,1
2998,0,null,0,0,0
2999,122,secondary_proton,1,1,1
3048,0,null,0,0,0
3049,0,null,0,0,0
3050,0,null,0,0,0
3051,1,primary_proton,1,1,1
3052,0,null,0,0,0
3053,0,null,0,0,0
3054,0,null,0,0,0
3055,0,null,0,0,0
3056,0,null,0,0,0
3057,0,null,0,0,0
3058,0,null,0,0,0
3059,0,null,0,0,0
3060,0,null,0,0,0
3061,0,null,0,0,0
3062,0,null,0,0,0
3063,0,null,0,0,0
3064,0,null,0,0,0
3065,0,null,0,0,0
3066,0,null,0,0,0
3067,0,null,0,0,0
3068,0,null,0,0,0
3069,0,null,0,0,0
3070,0,null,0,0,0
3071,0,null,0,0,0
3072,0,null,0,0,0
3073,0,null,0,0,0
3074,0,null,0,0,0
3075,0,null,0,0,0
3076,0,null,0,0,0
3077,0,null,0,0,0
3078,14,pi+,1,1,1
3079,0,null,0,0,0
3080,0,null,0,0,0
3081,0,null,0,0,0
3082,0,null,0,0,0
3083,0,null,0,0,0
3084,0,null,0,0,0
3085,0,null,0,0,0
3086,0,null,0,0,0
3087,0,null,0,0,0
3088,0,null,0,0,0
3089,0,null,0,0,0
3090,0,null,0,0,0
3091,0,null,0,0,0
3092,0,null,0,0,0
3093,0,null,0,0,0
3094,265,secondary_proton,1,1,0
3095,0,null,0,0,0
3096,0,null,0,0,0
3097,0,null,0,0,0
3098,0,null,0,0,0
3099,0,null,0,0,0
3100,0,null,0,0,0
3101,0,null,0,0,0
3102,0,null,0,0,0
3103,0,null,0,0,0
3104,0,null,0,0,0
3105,0,null,0,0,0
3106,0,null,0,0,0
3107,0,null,0,0,0
3108,0,null,0,0,0
3109,0,null,0,0,0
3110,0,null,0,0,0
3111,0,null,0,0,0
3112,0,null,0,0,0
3113,0,null,0,0,0
3114,0,null,0,0,0
3115,0,null,0,0,0
3116,0,null,0,0,0
3117,0,null,0,0,0
3118,0,null,0,0,0
3119,0,null,0,0,0
3120,0,null,0,0,0
3121,0,null,0,0,0
3122,0,null,0,0,0
3123,0,null,0,0,0
3124,0,null,0,0,0
3125,0,null,0,0,0
3126,0,null,0,0,0
3127,0,null,0,0,0
3128,0,null,0,0,0
3129,0,null,0,0,0
3130,0,null,0,0,0
3131,2130,pi-,1,0,0
3132,0,null,0,0,0
3133,0,null,0,0,0
3134,0,null,0,0,0
3135,0,null,0,0,0
3136,0,null,0,0,0
3137,0,null,0,0,0
3138,0,null,0,0,0
3139,0,null,0,0,0
3140,0,null,0,0,0
3141,0,null,0,0,0
3142,0,null,0,0,0
3143,0,null,0,0,0
3144,0,null,0,0,0
3145,0,null,0,0,0
3146,0,null,0,0,0
3147,0,null,0,0,0
3148,0,null,0,0,0
3149,0,null,0,0,0
3220,0,null,0,0,0
3221,0,null,0,0,0
3222,0,null,0,0,0
3223,0,null,0,0,0
3224,0,null,0,0,0
3225,0,null,0,0,0
3226,0,null,0,0,0
3227,0,null,0,0,0
3228,0,null,0,0,0
3229,0,null,0,0,0
3230,0,null,0,0,0
3231,0,null,0,0,0
3232,0,null,0,0,0
3233,6,secondary_proton,1,1,0
3234,0,null,0,0,0
3235,0,null,0,0,0
3236,1,primary_proton,1,1,1
3237,0,null,0,0,0
3238,0,null,0,0,0
3239,0,null,0,0,0
3240,0,null,0,0,0
3241,0,null,0,0,0
3242,0,null,0,0,0
3243,0,null,0,0,0
3244,0,null,0,0,0
3245,0,null,0,0,0
3246,0,null,0,0,0
3247,0,null,0,0,0
3248,0,null,0,0,0
3249,0,null,0,0,0
3250,0,null,0,0,0
3251,1,primary_proton,1,1,1
3000,0,null,0,0,0
3001,0,null,0,0,0
3002,0,null,0,0,0
3003,0,null,0,0,0
3004,0,null,0,0,0
3005,1,primary_proton,1,1,1
3006,0,null,0,0,0
3007,0,null,0,0,0
3008,0,null,0,0,0
3009,0,null,0,0,0
3150,0,null,0,0,0
3151,0,null,0,0,0
3152,0,null,0,0,0
3153,0,null,0,0,0
3154,0,null,0,0,0
3155,0,null,0,0,0
3156,0,null,0,0,0
3157,0,null,0,0,0
3158,0,null,0,0,0
3159,0,null,0,0,0
3160,0,null,0,0,0
3161,0,null,0,0,0
3162,0,null,0,0,0
3163,0,null,0,0,0
3164,0,null,0,0,0
3165,0,null,0,0,0
3166,0,null,0,0,0
3167,0,null,0,0,0
3168,0,null,0,0,0
3169,0,null,0,0,0
3170,13,pi-,1,1,1
3171,0,null,0,0,0
3172,0,null,0,0,0
3173,0,null,0,0,0
3174,0,null,0,0,0
3175,0,null,0,0,0
3176,0,null,0,0,0
3177,0,null,0,0,0
3178,0,null,0,0,0
3179,827,e-,1,1,0
3180,0,null,0,0,0
3181,0,null,0,0,0
3182,7,pi-,1,1,0
3183,1,primary_proton,1,1,1
3184,1,primary_proton,1,1,1
3185,0,null,0,0,0
3186,0,null,0,0,0
3187,0,null,0,0,0
3188,0,null,0,0,0
3189,0,null,0,0,0
3190,0,null,0,0,0
3191,0,null,0,0,0
3192,0,null,0,0,0
3193,0,null,0,0,0
3194,0,null,0,0,0
3195,0,null,0,0,0
3196,0,null,0,0,0
3197,0,null,0,0,0
3198,0,null,0,0,0
3199,0,null,0,0,0
3252,0,null,0,0,0
3253,0,null,0,0,0
3254,0,null,0,0,0
3255,0,null,0,0,0
3256,0,null,0,0,0
3257,0,null,0,0,0
3258,0,null,0,0,0
3259,0,null,0,0,0
3260,0,null,0,0,0
3261,0,null,0,0,0
3262,0,null,0,0,0
3263,0,null,0,0,0
3264,0,null,0,0,0
3265,0,null,0,0,0
3266,0,null,0,0,0
3267,0,null,0,0,0
3268,0,null,0,0,0
3269,0,null,0,0,0
3270,0,null,0,0,0
3271,0,null,0,0,0
3272,0,null,0,0,0
3273,0,null,0,0,0
3274,0,null,0,0,0
3275,0,null,0,0,0
3276,0,null,0,0,0
3277,0,null,0,0,0
3278,0,null,0,0,0
3279,0,null,0,0,0
3280,0,null,0,0,0
3281,0,null,0,0,0
3282,0,null,0,0,0
3283,0,null,0,0,0
3284,0,null,0,0,0
3285,0,null,0,0,0
3286,0,null,0,0,0
3287,0,null,0,0,0
3288,0,null,0,0,0
3289,0,null,0,0,0
3290,0,null,0,0,0
3291,0,null,0,0,0
3292,0,null,0,0,0
3293,0,null,0,0,0
3294,0,null,0,0,0
3295,0,null,0,0,0
3296,0,null,0,0,0
3297,0,null,0,0,0
3298,0,null,0,0,0
3299,0,null,0,0,0
3200,0,null,0,0,0
3201,0,null,0,0,0
3202,0,null,0,0,0
3203,0,null,0,0,0
3204,0,null,0,0,0
3205,1,primary_proton,1,1,1
3206,0,null,0,0,0
3207,0,null,0,0,0
3208,0,null,0,0,0
3209,0,null,0,0,0
3210,0,null,0,0,0
3211,0,null,0,0,0
3212,25,secondary_proton,1,0,0
3213,0,null,0,0,0
3214,0,null,0,0,0
3215,854,pi+,1,1,1
3216,0,null,0,0,0
3217,0,null,0,0,0
3218,0,null,0,0,0
3219,0,null,0,0,0
3360,0,null,0,0,0
3361,0,null,0,0,0
3362,0,null,0,0,0
3363,0,null,0,0,0
3364,0,null,0,0,0
3365,0,null,0,0,0
3366,0,null,0,0,0
3367,0,null,0,0,0
3368,0,null,0,0,0
3369,0,null,0,0,0
3370,0,null,0,0,0
3371,0,null,0,0,0
3372,0,null,0,0,0
3373,0,null,0,0,0
3374,0,null,0,0,0
3375,0,null,0,0,0
3376,0,null,0,0,0
3377,0,null,0,0,0
3378,0,null,0,0,0
3379,0,null,0,0,0
3380,0,null,0,0,0
3381,0,null,0,0,0
3382,0,null,0,0,0
3383,0,null,0,0,0
3384,0,null,0,0,0
3385,0,null,0,0,0
3386,0,null,0,0,0
3387,0,null,0,0,0
3388,0,null,0,0,0
3389,0,null,0,0,0
3390,0,null,0,0,0
3391,0,null,0,0,0
3392,0,null,0,0,0
3393,0,null,0,0,0
3394,0,null,0,0,0
3395,0,null,0,0,0
3396,0,null,0,0,0
3397,0,null,0,0,0
3398,0,null,0,0,0
3399,0,null,0,0,0
3300,0,null,0,0,0
3301,0,null,0,0,0
3302,0,null,0,0,0
3303,0,null,0,0,0
3304,0,null,0,0,0
3305,0,null,0,0,0
3306,1,primary_proton,1,1,1
3307,0,null,0,0,0
3308,0,null,0,0,0
3309,0,null,0,0,0
3310,0,null,0,0,0
3311,0,null,0,0,0
3312,0,null,0,0,0
3313,0,null,0,0,0
3314,0,null,0,0,0
3315,0,null,0,0,0
3316,0,null,0,0,0
3317,0,null,0,0,0
3318,0,null,0,0,0
3319,0,null,0,0,0
3320,0,null,0,0,0
3321,0,null,0,0,0
3322,0,null,0,0,0
3323,0,null,0,0,0
3324,0,null,0,0,0
3325,0,null,0,0,0
3326,0,null,0,0,0
3327,0,null,0,0,0
3328,0,null,0,0,0
3329,1,primary_proton,1,1,1
3330,0,null,0,0,0
3331,0,null,0,0,0
3332,0,null,0,0,0
3333,14,secondary_proton,1,1,1
3334,0,null,0,0,0
3335,0,null,0,0,0
3336,0,null,0,0,0
3337,0,null,0,0,0
3338,0,null,0,0,0
3339,0,null,0,0,0
3340,0,null,0,0,0
3341,0,null,0,0,0
3342,9,secondary_proton,1,1,1
3343,14,pi-,1,1,1
3344,0,null,0,0,0
3345,0,null,0,0,0
3346,0,null,0,0,0
3347,0,null,0,0,0
3348,0,null,0,0,0
3349,0,null,0,0,0
3350,0,null,0,0,0
3351,4,secondary_proton,1,1,1
3352,0,null,0,0,0
3353,0,null,0,0,0
3354,0,null,0,0,0
3355,0,null,0,0,0
3356,0,null,0,0,0
3357,1,primary_proton,1,1,1
3358,0,null,0,0,0
3359,0,null,0,0,0
3500,1,primary_proton,1,1,1
3501,0,null,0,0,0
3502,0,null,0,0,0
3503,0,null,0,0,0
3504,0,null,0,0,0
3505,0,null,0,0,0
3506,0,null,0,0,0
3507,0,null,0,0,0
3508,0,null,0,0,0
3509,0,null,0,0,0
3510,0,null,0,0,0
3511,0,null,0,0,0
3512,0,null,0,0,0
3513,0,null,0,0,0
3514,0,null,0,0,0
3515,0,null,0,0,0
3516,0,null,0,0,0
3517,0,null,0,0,0
3518,0,null,0,0,0
3519,0,null,0,0,0
3520,0,null,0,0,0
3521,0,null,0,0,0
3522,0,null,0,0,0
3523,0,null,0,0,0
3524,0,null,0,0,0
3525,0,null,0,0,0
3526,0,null,0,0,0
3527,0,null,0,0,0
3528,0,null,0,0,0
3529,0,null,0,0,0
3530,0,null,0,0,0
3531,0,null,0,0,0
3532,0,null,0,0,0
3533,0,null,0,0,0
3534,0,null,0,0,0
3535,12,pi+,1,1,1
3536,0,null,0,0,0
3537,0,null,0,0,0
3538,0,null,0,0,0
3539,0,null,0,0,0
3540,0,null,0,0,0
3541,0,null,0,0,0
3542,0,null,0,0,0
3543,0,null,0,0,0
3544,0,null,0,0,0
3545,0,null,0,0,0
3546,0,null,0,0,0
3547,0,null,0,0,0
3548,0,null,0,0,0
3549,0,null,0,0,0
3550,0,null,0,0,0
3551,0,null,0,0,0
3552,0,null,0,0,0
3553,0,null,0,0,0
3554,0,null,0,0,0
3555,0,null,0,0,0
3556,0,null,0,0,0
3557,0,null,0,0,0
3558,0,null,0,0,0
3559,0,null,0,0,0
3560,0,null,0,0,0
3561,0,null,0,0,0
3562,0,null,0,0,0
3563,0,null,0,0,0
3564,0,null,0,0,0
3565,0,null,0,0,0
3566,0,null,0,0,0
3567,0,null,0,0,0
3568,0,null,0,0,0
3569,0,null,0,0,0
3570,0,null,0,0,0
3571,0,null,0,0,0
3572,1,primary_proton,1,1,1
3573,0,null,0,0,0
3574,0,null,0,0,0
3575,0,null,0,0,0
3576,0,null,0,0,0
3577,0,null,0,0,0
3578,0,null,0,0,0
3579,0,null,0,0,0
3580,0,null,0,0,0
3581,0,null,0,0,0
3582,0,null,0,0,0
3583,0,null,0,0,0
3584,0,nuG4WT1 > ll,0,0,0
3585,0,null,0,0,0
3586,0,null,0,0,0
3587,0,null,0,0,0
3588,0,null,0,0,0
3589,0,null,0,0,0
3590,0,null,0,0,0
3591,0,null,0,0,0
3592,0,null,0,0,0
3593,0,null,0,0,0
3594,0,null,0,0,0
3595,0,null,0,0,0
3596,0,null,0,0,0
3597,0,null,0,0,0
3598,0,null,0,0,0
3599,0,null,0,0,0
3400,0,null,0,0,0
3401,0,null,0,0,0
3402,0,null,0,0,0
3403,0,null,0,0,0
3404,0,null,0,0,0
3405,0,null,0,0,0
3406,0,null,0,0,0
3407,0,null,0,0,0
3408,0,null,0,0,0
3409,0,null,0,0,0
3410,1,primary_proton,1,1,1
3411,0,null,0,0,0
3412,0,null,0,0,0
3413,0,null,0,0,0
3414,0,null,0,0,0
3415,0,null,0,0,0
3416,0,null,0,0,0
3417,0,null,0,0,0
3418,0,null,0,0,0
3419,0,null,0,0,0
3420,0,null,0,0,0
3421,0,null,0,0,0
3422,0,null,0,0,0
3423,0,null,0,0,0
3424,0,null,0,0,0
3425,0,null,0,0,0
3426,0,null,0,0,0
3427,0,null,0,0,0
3428,0,null,0,0,0
3429,0,null,0,0,0
3430,0,null,0,0,0
3431,1,primary_proton,1,1,1
3432,0,null,0,0,0
3433,0,null,0,0,0
3434,0,null,0,0,0
3435,0,null,0,0,0
3436,0,null,0,0,0
3437,0,null,0,0,0
3438,10,pi+,1,0,0
3439,0,null,0,0,0
3440,0,null,0,0,0
3441,0,null,0,0,0
3442,0,null,0,0,0
3443,0,null,0,0,0
3444,0,null,0,0,0
3445,0,null,0,0,0
3446,0,null,0,0,0
3447,0,null,0,0,0
3448,0,null,0,0,0
3449,0,null,0,0,0
3450,0,null,0,0,0
3451,0,null,0,0,0
3452,0,null,0,0,0
3453,0,null,0,0,0
3454,0,null,0,0,0
3455,0,null,0,0,0
3456,0,null,0,0,0
3457,0,null,0,0,0
3458,0,null,0,0,0
3459,0,null,0,0,0
3460,0,null,0,0,0
3461,1,primary_proton,1,1,1
3462,0,null,0,0,0
3463,0,null,0,0,0
3464,0,null,0,0,0
3465,0,null,0,0,0
3466,1,primary_proton,1,1,1
3467,0,null,0,0,0
3468,0,null,0,0,0
3469,22,secondary_proton,1,1,1
3470,0,null,0,0,0
3471,0,null,0,0,0
3472,1,primary_proton,1,1,1
3473,0,null,0,0,0
3474,1,primary_proton,1,1,1
3475,0,null,0,0,0
3476,0,null,0,0,0
3477,0,null,0,0,0
3478,0,null,0,0,0
3479,8,pi+,1,1,0
3480,0,null,0,0,0
3481,513,e-,1,1,1
3482,0,null,0,0,0
3483,5761,pi-,1,1,1
3484,0,null,0,0,0
3485,0,null,0,0,0
3486,0,null,0,0,0
3487,0,null,0,0,0
3488,0,null,0,0,0
3489,0,null,0,0,0
3490,0,null,0,0,0
3491,0,null,0,0,0
3492,0,null,0,0,0
3493,0,null,0,0,0
3494,0,null,0,0,0
3495,0,null,0,0,0
3496,0,null,0,0,0
3497,0,null,0,0,0
3498,0,null,0,0,0
3499,0,null,0,0,0
3710,0,null,0,0,0
3711,0,null,0,0,0
3712,0,null,0,0,0
3713,0,null,0,0,0
3714,0,null,0,0,0
3715,0,null,0,0,0
3716,0,null,0,0,0
3717,0,null,0,0,0
3718,0,null,0,0,0
3719,0,null,0,0,0
3720,0,null,0,0,0
3721,454,pi-,1,0,0
3722,0,null,0,0,0
3723,1,primary_proton,1,1,1
3724,0,null,0,0,0
3600,0,null,0,0,0
3601,1,primary_proton,1,1,1
3602,0,null,0,0,0
3603,0,null,0,0,0
3604,0,null,0,0,0
3605,0,null,0,0,0
3606,0,null,0,0,0
3607,0,null,0,0,0
3608,0,null,0,0,0
3609,0,null,0,0,0
3610,0,null,0,0,0
3611,288,secondary_proton,1,1,1
3612,0,null,0,0,0
3613,0,null,0,0,0
3614,1,primary_proton,1,1,1
3615,0,null,0,0,0
3616,0,null,0,0,0
3617,0,null,0,0,0
3618,0,null,0,0,0
3619,0,null,0,0,0
3620,0,null,0,0,0
3621,0,null,0,0,0
3622,0,null,0,0,0
3623,0,null,0,0,0
3624,0,null,0,0,0
3625,0,null,0,0,0
3626,0,null,0,0,0
3627,0,null,0,0,0
3628,0,null,0,0,0
3629,0,null,0,0,0
3630,0,null,0,0,0
3631,0,null,0,0,0
3632,8,secondary_proton,1,1,1
3633,0,null,0,0,0
3634,0,null,0,0,0
3635,0,null,0,0,0
3636,0,null,0,0,0
3637,0,null,0,0,0
3638,8,pi-,1,1,0
3639,0,null,0,0,0
3640,0,null,0,0,0
3641,0,null,0,0,0
3642,0,null,0,0,0
3643,22,pi-,1,1,1
3644,0,null,0,0,0
3645,0,null,0,0,0
3646,0,null,0,0,0
3647,1,primary_proton,1,1,1
3648,0,null,0,0,0
3649,0,null,0,0,0
3650,0,null,0,0,0
3651,0,null,0,0,0
3652,0,null,0,0,0
3653,0,null,0,0,0
3654,0,null,0,0,0
3725,1,primary_proton,1,1,1
3726,0,null,0,0,0
3727,0,null,0,0,0
3728,0,null,0,0,0
3729,0,null,0,0,0
3730,0,null,0,0,0
3731,6,pi-,1,0,0
3732,0,null,0,0,0
3733,0,null,0,0,0
3734,0,null,0,0,0
3735,0,null,0,0,0
3736,0,null,0,0,0
3737,0,null,0,0,0
3738,0,null,0,0,0
3739,0,null,0,0,0
3740,0,null,0,0,0
3741,0,null,0,0,0
3742,0,null,0,0,0
3743,0,null,0,0,0
3744,0,null,0,0,0
3745,0,null,0,0,0
3746,0,null,0,0,0
3747,0,null,0,0,0
3748,0,null,0,0,0
3749,0,null,0,0,0
3750,0,null,0,0,0
3751,0,null,0,0,0
3752,0,null,0,0,0
3753,0,null,0,0,0
3754,0,null,0,0,0
3755,0,null,0,0,0
3756,0,null,0,0,0
3757,0,null,0,0,0
3758,0,null,0,0,0
3759,0,null,0,0,0
3760,0,null,0,0,0
3761,0,null,0,0,0
3762,0,null,0,0,0
3763,0,null,0,0,0
3764,0,null,0,0,0
3765,0,null,0,0,0
3766,0,null,0,0,0
3767,0,null,0,0,0
3768,0,null,0,0,0
3769,0,null,0,0,0
3770,0,null,0,0,0
3771,0,null,0,0,0
3772,0,null,0,0,0
3773,0,null,0,0,0
3774,0,null,0,0,0
3775,0,null,0,0,0
3776,0,null,0,0,0
3777,0,null,0,0,0
3778,0,null,0,0,0
3779,0,null,0,0,0
3780,0,null,0,0,0
3781,0,null,0,0,0
3782,0,null,0,0,0
3783,0,null,0,0,0
3784,0,null,0,0,0
3785,0,null,0,0,0
3786,0,null,0,0,0
3787,0,null,0,0,0
3788,0,null,0,0,0
3789,0,null,0,0,0
3790,11,pi+,1,1,1
3791,0,null,0,0,0
3792,0,null,0,0,0
3793,0,null,0,0,0
3794,0,null,0,0,0
3795,0,null,0,0,0
3796,0,null,0,0,0
3797,0,null,0,0,0
3798,1,primary_proton,1,1,1
3799,0,null,0,0,0
3655,16,secondary_proton,1,1,1
3656,0,null,0,0,0
3657,0,null,0,0,0
3658,0,null,0,0,0
3659,0,null,0,0,0
3660,0,null,0,0,0
3661,0,null,0,0,0
3662,0,null,0,0,0
3663,0,null,0,0,0
3664,1,primary_proton,1,1,1
3665,0,null,0,0,0
3666,27,pi+,1,1,1
3667,0,null,0,0,0
3668,0,null,0,0,0
3669,0,null,0,0,0
3670,0,null,0,0,0
3671,0,null,0,0,0
3672,0,null,0,0,0
3673,0,null,0,0,0
3674,0,null,0,0,0
3675,0,null,0,0,0
3676,0,null,0,0,0
3677,0,null,0,0,0
3678,0,null,0,0,0
3679,0,null,0,0,0
3680,0,null,0,0,0
3681,0,null,0,0,0
3682,0,null,0,0,0
3683,0,null,0,0,0
3684,0,null,0,0,0
3685,0,null,0,0,0
3686,1,primary_proton,1,1,1
3687,0,null,0,0,0
3688,0,null,0,0,0
3689,0,null,0,0,0
3690,0,null,0,0,0
3691,0,null,0,0,0
3692,0,null,0,0,0
3693,0,null,0,0,0
3694,0,null,0,0,0
3695,0,null,0,0,0
3696,0,null,0,0,0
3697,0,null,0,0,0
3698,0,null,0,0,0
3699,0,null,0,0,0
3800,0,null,0,0,0
3801,0,null,0,0,0
3802,0,null,0,0,0
3803,0,null,0,0,0
3804,0,null,0,0,0
3805,0,null,0,0,0
3806,0,null,0,0,0
3807,0,null,0,0,0
3808,0,null,0,0,0
3809,0,null,0,0,0
3810,0,null,0,0,0
3811,0,null,0,0,0
3812,0,null,0,0,0
3813,0,null,0,0,0
3814,0,null,0,0,0
3815,0,null,0,0,0
3816,0,null,0,0,0
3817,0,null,0,0,0
3818,0,null,0,0,0
3819,0,null,0,0,0
3820,0,null,0,0,0
3821,0,null,0,0,0
3822,0,null,0,0,0
3823,0,null,0,0,0
3824,0,null,0,0,0
3825,0,null,0,0,0
3826,0,null,0,0,0
3827,0,null,0,0,0
3828,0,null,0,0,0
3829,0,null,0,0,0
3830,0,null,0,0,0
3831,0,null,0,0,0
3832,0,null,0,0,0
3833,0,null,0,0,0
3834,0,null,0,0,0
3835,0,null,0,0,0
3836,0,null,0,0,0
3837,0,null,0,0,0
3838,0,null,0,0,0
3839,0,null,0,0,0
3840,8,pi+,1,1,0
3841,0,null,0,0,0
3842,1889,e-,1,1,1
3843,0,null,0,0,0
3844,0,null,0,0,0
3845,0,null,0,0,0
3846,0,null,0,0,0
3847,0,null,0,0,0
3848,0,null,0,0,0
3849,0,null,0,0,0
3850,0,null,0,0,0
3851,0,null,0,0,0
3852,0,null,0,0,0
3853,0,null,0,0,0
3854,0,null,0,0,0
3855,0,null,0,0,0
3856,0,null,0,0,0
3857,0,null,0,0,0
3858,0,null,0,0,0
3859,1,primary_proton,1,1,1
3860,0,null,0,0,0
3861,0,null,0,0,0
3862,0,null,0,0,0
3863,0,null,0,0,0
3864,0,null,0,0,0
3865,0,null,0,0,0
3866,0,null,0,0,0
3867,0,null,0,0,0
3868,0,null,0,0,0
3869,0,null,0,0,0
3870,0,null,0,0,0
3871,0,null,0,0,0
3872,0,null,0,0,0
3873,0,null,0,0,0
3874,0,null,0,0,0
3875,0,null,0,0,0
3877,0,null,0,0,0
3878,0,null,0,0,0
3879,0,null,0,0,0
3880,0,null,0,0,0
3881,0,null,0,0,0
3882,0,null,0,0,0
3883,0,null,0,0,0
3884,0,null,0,0,0
3885,0,null,0,0,0
3886,0,null,0,0,0
3887,0,null,0,0,0
3888,0,null,0,0,0
3889,0,null,0,0,0
3890,0,null,0,0,0
3891,0,null,0,0,0
3892,0,null,0,0,0
3893,0,null,0,0,0
3894,1,primary_proton,1,1,1
3895,0,null,0,0,0
3896,0,null,0,0,0
3897,0,null,0,0,0
3898,0,null,0,0,0
3899,0,null,0,0,0
3900,0,null,0,0,0
3901,0,null,0,0,0
3902,0,null,0,0,0
3903,0,null,0,0,0
3904,0,null,0,0,0
3905,0,null,0,0,0
3906,0,null,0,0,0
3907,0,null,0,0,0
3908,0,null,0,0,0
3909,0,null,0,0,0
3910,0,null,0,0,0
3911,0,null,0,0,0
3912,0,null,0,0,0
3913,0,null,0,0,0
3914,0,null,0,0,0
3915,0,null,0,0,0
3916,1,primary_proton,1,1,1
3917,0,null,0,0,0
3918,0,null,0,0,0
3919,0,null,0,0,0
3990,0,null,0,0,0
3991,0,null,0,0,0
3992,0,null,0,0,0
3993,0,null,0,0,0
3994,0,null,0,0,0
3995,0,null,0,0,0
3996,0,null,0,0,0
3997,0,null,0,0,0
3998,0,null,0,0,0
3999,0,null,0,0,0
4000,0,null,0,0,0
4001,0,null,0,0,0
4002,0,null,0,0,0
4003,0,null,0,0,0
4004,0,null,0,0,0
4005,1,primary_proton,1,1,1
4006,0,null,0,0,0
4007,0,null,0,0,0
4008,0,null,0,0,0
4009,0,null,0,0,0
4010,0,null,0,0,0
4011,0,null,0,0,0
4012,1,primary_proton,1,1,1
4013,0,null,0,0,0
4014,0,null,0,0,0
4015,0,null,0,0,0
4016,0,null,0,0,0
4017,0,null,0,0,0
4018,0,null,0,0,0
4019,0,null,0,0,0
4020,0,null,0,0,0
4021,0,null,0,0,0
4022,0,null,0,0,0
4023,0,null,0,0,0
4024,0,null,0,0,0
4025,0,null,0,0,0
4026,0,null,0,0,0
4027,0,null,0,0,0
4028,0,null,0,0,0
4029,0,null,0,0,0
4030,0,null,0,0,0
4031,0,null,0,0,0
4032,0,null,0,0,0
4033,0,null,0,0,0
4034,0,null,0,0,0
4035,0,null,0,0,0
4036,0,null,0,0,0
4037,0,null,0,0,0
4038,0,null,0,0,0
4039,0,null,0,0,0
4040,0,null,0,0,0
4041,12,pi+,1,1,0
4042,0,null,0,0,0
4043,0,null,0,0,0
4044,0,null,0,0,0
4045,0,null,0,0,0
4046,0,null,0,0,0
4047,0,null,0,0,0
4048,0,null,0,0,0
4049,0,null,0,0,0
4050,1,primary_proton,1,1,1
4051,0,null,0,0,0
4052,0,null,0,0,0
4053,0,null,0,0,0
4054,0,null,0,0,0
4055,0,null,0,0,0
4056,0,null,0,0,0
4057,0,null,0,0,0
4058,0,null,0,0,0
4059,0,null,0,0,0
4060,0,null,0,0,0
4061,0,null,0,0,0
4062,4,pi-,1,0,0
4063,0,null,0,0,0
4064,0,null,0,0,0
4065,0,null,0,0,0
4066,0,null,0,0,0
4067,0,null,0,0,0
4068,0,null,0,0,0
4069,0,null,0,0,0
4070,0,null,0,0,0
4071,0,null,0,0,0
4072,0,null,0,0,0
4073,1,primary_proton,1,1,1
4074,0,null,0,0,0
4075,0,null,0,0,0
4076,0,null,0,0,0
4077,0,null,0,0,0
3700,0,null,0,0,0
3701,0,null,0,0,0
3702,0,null,0,0,0
3703,0,null,0,0,0
3704,0,null,0,0,0
3705,0,null,0,0,0
3706,0,null,0,0,0
3707,1,primary_proton,1,1,1
3708,0,null,0,0,0
3709,0,null,0,0,0
3920,0,null,0,0,0
3921,1,primary_proton,1,1,1
3922,0,null,0,0,0
3923,0,null,0,0,0
3924,0,null,0,0,0
3925,0,null,0,0,0
3926,0,null,0,0,0
3927,0,null,0,0,0
3928,0,null,0,0,0
3929,0,null,0,0,0
3930,0,null,0,0,0
3931,0,null,0,0,0
3932,0,null,0,0,0
3933,0,null,0,0,0
3934,11,pi-,1,0,0
3935,0,null,0,0,0
3936,0,null,0,0,0
3937,0,null,0,0,0
3938,0,null,0,0,0
3939,0,null,0,0,0
3940,0,null,0,0,0
3941,0,null,0,0,0
3942,0,null,0,0,0
3943,0,null,0,0,0
3944,225,secondary_proton,1,1,1
3945,0,null,0,0,0
3946,0,null,0,0,0
3947,0,null,0,0,0
3948,0,null,0,0,0
3949,3981,secondary_proton,1,1,1
3950,0,null,0,0,0
3951,0,null,0,0,0
3952,0,null,0,0,0
3953,0,null,0,0,0
3954,0,null,0,0,0
3955,0,null,0,0,0
3956,0,null,0,0,0
3957,0,null,0,0,0
3958,0,null,0,0,0
3959,0,null,0,0,0
3960,0,null,0,0,0
3961,0,null,0,0,0
3962,0,null,0,0,0
3963,13,pi-,1,1,1
3964,0,null,0,0,0
3965,0,null,0,0,0
3966,0,null,0,0,0
3967,0,null,0,0,0
3968,0,null,0,0,0
3969,5,pi-,1,1,1
3970,0,null,0,0,0
3971,0,null,0,0,0
3972,0,null,0,0,0
4078,0,null,0,0,0
4079,0,null,0,0,0
4080,0,null,0,0,0
4081,0,null,0,0,0
4082,0,null,0,0,0
4083,1,primary_proton,1,1,1
4084,0,null,0,0,0
4085,0,null,0,0,0
4086,0,null,0,0,0
4087,0,null,0,0,0
4088,0,null,0,0,0
4089,0,null,0,0,0
4090,0,null,0,0,0
4091,0,null,0,0,0
4092,0,null,0,0,0
4093,0,null,0,0,0
4094,0,null,0,0,0
4095,11,secondary_proton,1,1,1
4096,0,null,0,0,0
4097,0,null,0,0,0
4098,0,null,0,0,0
4099,0,null,0,0,0
3973,26,pi-,1,1,1
3974,0,null,0,0,0
3975,0,null,0,0,0
3976,0,null,0,0,0
3977,0,null,0,0,0
3978,0,null,0,0,0
3979,0,null,0,0,0
3980,1,primary_proton,1,1,1
3981,0,null,0,0,0
3982,0,null,0,0,0
3983,0,null,0,0,0
3984,0,null,0,0,0
3985,0,null,0,0,0
3986,0,null,0,0,0
3987,0,null,0,0,0
3988,0,null,0,0,0
3989,0,null,0,0,0
4130,0,null,0,0,0
4131,0,null,0,0,0
4132,0,null,0,0,0
4133,0,null,0,0,0
4134,0,null,0,0,0
4135,0,null,0,0,0
4136,0,null,0,0,0
4137,0,null,0,0,0
4138,0,null,0,0,0
4139,0,null,0,0,0
4140,0,null,0,0,0
4141,0,null,0,0,0
4142,0,null,0,0,0
4143,0,null,0,0,0
4144,4,secondary_proton,1,1,1
4145,0,null,0,0,0
4146,0,null,0,0,0
4147,0,null,0,0,0
4148,0,null,0,0,0
4149,0,null,0,0,0
4150,0,null,0,0,0
4151,0,null,0,0,0
4152,0,null,0,0,0
4153,0,null,0,0,0
4154,0,null,0,0,0
4155,0,null,0,0,0
4156,0,null,0,0,0
4157,0,null,0,0,0
4158,0,null,0,0,0
4159,0,null,0,0,0
4160,0,null,0,0,0
4161,0,null,0,0,0
4162,0,null,0,0,0
4163,0,null,0,0,0
4164,0,null,0,0,0
4165,0,null,0,0,0
4166,0,null,0,0,0
4167,0,null,0,0,0
4168,0,null,0,0,0
4169,0,null,0,0,0
4170,0,null,0,0,0
4171,0,null,0,0,0
4172,1,primary_proton,1,1,1
4173,0,null,0,0,0
4174,1,primary_proton,1,1,1
4175,0,null,0,0,0
4176,0,null,0,0,0
4177,7,pi+,1,0,0
4178,0,null,0,0,0
4179,0,null,0,0,0
4180,0,null,0,0,0
4181,0,null,0,0,0
4182,0,null,0,0,0
4183,0,null,0,0,0
4184,0,null,0,0,0
4185,0,null,0,0,0
4186,0,null,0,0,0
4187,0,null,0,0,0
4188,0,null,0,0,0
4189,0,null,0,0,0
4190,0,null,0,0,0
4191,0,null,0,0,0
4192,0,null,0,0,0
4193,0,null,0,0,0
4194,0,null,0,0,0
4195,1,primary_proton,1,1,1
4196,0,null,0,0,0
4197,0,null,0,0,0
4198,1,primary_proton,1,1,1
4199,0,null,0,0,0
4100,0,null,0,0,0
4101,0,null,0,0,0
4102,0,null,0,0,0
4103,0,null,0,0,0
4104,0,null,0,0,0
4105,2,secondary_proton,1,1,1
4106,1,primary_proton,1,1,1
4107,0,null,0,0,0
4108,0,null,0,0,0
4109,0,null,0,0,0
4110,0,null,0,0,0
4111,0,null,0,0,0
4112,1,primary_proton,1,1,1
4113,9,pi+,1,1,0
4114,0,null,0,0,0
4115,0,null,0,0,0
4116,0,null,0,0,0
4117,0,null,0,0,0
4118,0,null,0,0,0
4119,0,null,0,0,0
4120,0,null,0,0,0
4121,0,null,0,0,0
4122,0,null,0,0,0
4123,0,null,0,0,0
4124,0,null,0,0,0
4125,0,null,0,0,0
4126,0,null,0,0,0
4127,0,null,0,0,0
4128,0,null,0,0,0
4129,0,null,0,0,0
4270,0,null,0,0,0
4271,0,null,0,0,0
4272,0,null,0,0,0
4273,0,null,0,0,0
4274,0,null,0,0,0
4275,0,null,0,0,0
4276,0,null,0,0,0
4277,0,null,0,0,0
4278,0,null,0,0,0
4279,0,null,0,0,0
4280,0,null,0,0,0
4281,0,null,0,0,0
4282,0,null,0,0,0
4283,0,null,0,0,0
4284,0,null,0,0,0
4285,0,null,0,0,0
4286,0,null,0,0,0
4287,0,null,0,0,0
4288,0,null,0,0,0
4289,0,null,0,0,0
4290,0,null,0,0,0
4291,0,null,0,0,0
4292,0,null,0,0,0
4293,0,null,0,0,0
4294,0,null,0,0,0
4295,0,null,0,0,0
4296,0,null,0,0,0
4297,0,null,0,0,0
4298,0,null,0,0,0
4299,0,null,0,0,0
4200,0,null,0,0,0
4201,0,null,0,0,0
4202,0,null,0,0,0
4203,0,null,0,0,0
4204,0,null,0,0,0
4205,0,null,0,0,0
4206,0,null,0,0,0
4207,0,null,0,0,0
4208,11,pi+,1,1,1
4209,0,null,0,0,0
4210,0,null,0,0,0
4211,0,null,0,0,0
4212,0,null,0,0,0
4213,0,null,0,0,0
4214,0,null,0,0,0
4215,0,null,0,0,0
4216,11,pi+,1,1,1
4217,0,null,0,0,0
4218,0,null,0,0,0
4219,0,null,0,0,0
4220,0,null,0,0,0
4221,0,null,0,0,0
4222,0,null,0,0,0
4223,0,null,0,0,0
4224,0,null,0,0,0
4225,0,null,0,0,0
4226,0,null,0,0,0
4227,0,null,0,0,0
4228,0,null,0,0,0
4229,0,null,0,0,0
4230,0,null,0,0,0
4231,14,pi+,1,1,1
4232,0,null,0,0,0
4233,0,null,0,0,0
4234,0,null,0,0,0
4235,0,null,0,0,0
4236,0,null,0,0,0
4237,0,null,0,0,0
4238,0,null,0,0,0
4239,0,null,0,0,0
4240,0,null,0,0,0
4241,0,null,0,0,0
4242,0,null,0,0,0
4243,0,null,0,0,0
4244,0,null,0,0,0
4245,0,null,0,0,0
4246,0,null,0,0,0
4247,0,null,0,0,0
4248,0,null,0,0,0
4249,0,null,0,0,0
4250,13,pi-,1,1,0
4251,0,null,0,0,0
4252,0,null,0,0,0
4253,543,secondary_proton,1,0,0
4254,0,null,0,0,0
4255,0,null,0,0,0
4256,0,null,0,0,0
4257,0,null,0,0,0
4258,0,null,0,0,0
4259,0,null,0,0,0
4260,0,null,0,0,0
4261,1,primary_proton,1,1,1
4262,0,null,0,0,0
4263,0,null,0,0,0
4264,0,null,0,0,0
4265,0,null,0,0,0
4266,0,null,0,0,0
4267,0,null,0,0,0
4268,0,null,0,0,0
4269,0,null,0,0,0
4410,0,null,0,0,0
4411,3289,pi+,1,1,1
4300,0,null,0,0,0
4301,0,null,0,0,0
4302,0,null,0,0,0
4303,0,null,0,0,0
4304,0,null,0,0,0
4305,0,null,0,0,0
4306,0,null,0,0,0
4307,0,null,0,0,0
4308,0,null,0,0,0
4309,0,null,0,0,0
4310,0,null,0,0,0
4311,0,null,0,0,0
4312,0,null,0,0,0
4313,0,null,0,0,0
4314,0,null,0,0,0
4315,0,null,0,0,0
4316,0,null,0,0,0
4317,0,null,0,0,0
4318,0,null,0,0,0
4319,0,null,0,0,0
4320,0,null,0,0,0
4321,11,pi+,1,1,1
4322,0,null,0,0,0
4323,0,null,0,0,0
4324,0,null,0,0,0
4325,0,null,0,0,0
4326,0,null,0,0,0
4327,0,null,0,0,0
4328,0,null,0,0,0
4329,0,null,0,0,0
4330,0,null,0,0,0
4331,0,null,0,0,0
4332,0,null,0,0,0
4333,0,null,0,0,0
4334,0,null,0,0,0
4335,1,primary_proton,1,1,1
4336,0,null,0,0,0
4337,0,null,0,0,0
4338,0,null,0,0,0
4339,0,null,0,0,0
4340,0,null,0,0,0
4341,0,null,0,0,0
4342,0,null,0,0,0
4343,1,primary_proton,1,1,1
4344,0,null,0,0,0
4345,0,null,0,0,0
4346,18,pi+,1,1,1
4347,1,primary_proton,1,1,1
4348,0,null,0,0,0
4349,0,null,0,0,0
4350,0,null,0,0,0
4351,1,primary_proton,1,1,1
4352,0,null,0,0,0
4353,0,null,0,0,0
4354,0,null,0,0,0
4355,0,null,0,0,0
4356,0,null,0,0,0
4413,0,null,0,0,0
4414,0,null,0,0,0
4415,0,null,0,0,0
4416,0,null,0,0,0
4417,0,null,0,0,0
4418,0,null,0,0,0
4419,1,primary_proton,1,1,1
4420,0,null,0,0,0
4421,0,null,0,0,0
4422,0,null,0,0,0
4423,0,null,0,0,0
4424,0,null,0,0,0
4425,0,null,0,0,0
4426,0,null,0,0,0
4427,0,null,0,0,0
4428,2,secondary_proton,1,1,1
4429,0,null,0,0,0
4430,0,null,0,0,0
4431,0,null,0,0,0
4432,0,null,0,0,0
4433,0,null,0,0,0
4434,0,null,0,0,0
4435,0,null,0,0,0
4436,0,null,0,0,0
4437,0,null,0,0,0
4438,0,null,0,0,0
4439,0,null,0,0,0
4440,0,null,0,0,0
4441,0,null,0,0,0
4442,0,null,0,0,0
4443,0,null,0,0,0
4444,0,null,0,0,0
4445,0,null,0,0,0
4446,0,null,0,0,0
4447,0,null,0,0,0
4448,0,null,0,0,0
4449,0,null,0,0,0
4450,1,primary_proton,1,1,1
4451,0,null,0,0,0
4452,0,null,0,0,0
4453,0,null,0,0,0
4454,0,null,0,0,0
4455,0,null,0,0,0
4456,0,null,0,0,0
4457,0,null,0,0,0
4458,0,null,0,0,0
4459,0,null,0,0,0
4460,0,null,0,0,0
4461,0,null,0,0,0
4462,0,null,0,0,0
4463,0,null,0,0,0
4464,0,null,0,0,0
4465,0,null,0,0,0
4466,0,null,0,0,0
4467,0,null,0,0,0
4468,0,null,0,0,0
4469,0,null,0,0,0
4470,0,null,0,0,0
4471,0,null,0,0,0
4472,0,null,0,0,0
4473,0,null,0,0,0
4474,0,null,0,0,0
4475,0,null,0,0,0
4476,0,null,0,0,0
4477,0,null,0,0,0
4478,9,pi+,1,1,1
4479,0,null,0,0,0
4480,0,null,0,0,0
4481,0,null,0,0,0
4482,0,null,0,0,0
4483,0,null,0,0,0
4484,0,null,0,0,0
4485,0,null,0,0,0
4486,0,null,0,0,0
4487,0,null,0,0,0
4488,0,null,0,0,0
4489,0,null,0,0,0
4490,0,null,0,0,0
4491,0,null,0,0,0
4493,0,null,0,0,0
4494,0,null,0,0,0
4495,0,null,0,0,0
4496,0,null,0,0,0
4497,0,null,0,0,0
4498,0,null,0,0,0
4499,0,null,0,0,0
4357,298,secondary_proton,1,1,1
4358,0,null,0,0,0
4359,0,null,0,0,0
4360,0,null,0,0,0
4361,0,null,0,0,0
4362,0,null,0,0,0
4363,0,null,0,0,0
4364,0,null,0,0,0
4365,0,null,0,0,0
4366,0,null,0,0,0
4367,0,null,0,0,0
4368,0,null,0,0,0
4369,0,null,0,0,0
4370,9,pi-,1,0,0
4371,0,null,0,0,0
4372,0,null,0,0,0
4373,0,null,0,0,0
4374,0,null,0,0,0
4375,0,null,0,0,0
4376,0,null,0,0,0
4377,0,null,0,0,0
4378,0,null,0,0,0
4379,0,null,0,0,0
4380,0,null,0,0,0
4381,0,null,0,0,0
4382,0,null,0,0,0
4383,0,null,0,0,0
4384,0,null,0,0,0
4385,0,null,0,0,0
4386,0,null,0,0,0
4387,13,pi-,1,1,1
4388,0,null,0,0,0
4389,0,null,0,0,0
4390,0,null,0,0,0
4391,0,null,0,0,0
4392,0,null,0,0,0
4393,0,null,0,0,0
4394,0,null,0,0,0
4395,0,null,0,0,0
4396,0,null,0,0,0
4397,0,null,0,0,0
4398,0,null,0,0,0
4399,0,null,0,0,0
4400,0,null,0,0,0
4401,0,null,0,0,0
4402,0,null,0,0,0
4403,0,null,0,0,0
4404,0,null,0,0,0
4405,0,null,0,0,0
4406,0,null,0,0,0
4407,0,null,0,0,0
4408,0,null,0,0,0
4409,0,null,0,0,0
4550,0,null,0,0,0
4551,0,null,0,0,0
4552,0,null,0,0,0
4553,0,null,0,0,0
4554,0,null,0,0,0
4555,1,primary_proton,1,1,0
4556,13,secondary_proton,1,1,0
4557,0,null,0,0,0
4558,0,null,0,0,0
4559,0,null,0,0,0
4560,0,null,0,0,0
4561,0,null,0,0,0
4562,0,null,0,0,0
4563,0,null,0,0,0
4564,0,null,0,0,0
4565,0,null,0,0,0
4566,0,null,0,0,0
4567,0,null,0,0,0
4568,17,pi+,1,1,1
4569,0,null,0,0,0
4570,0,null,0,0,0
4571,0,null,0,0,0
4572,0,null,0,0,0
4573,0,null,0,0,0
4574,0,null,0,0,0
4575,0,null,0,0,0
4576,0,null,0,0,0
4577,0,null,0,0,0
4578,0,null,0,0,0
4579,0,null,0,0,0
4580,0,null,0,0,0
4581,0,null,0,0,0
4582,0,null,0,0,0
4583,0,null,0,0,0
4584,0,null,0,0,0
4585,0,null,0,0,0
4586,0,null,0,0,0
4587,0,null,0,0,0
4588,1,primary_proton,1,1,1
4589,0,null,0,0,0
4590,0,null,0,0,0
4591,0,null,0,0,0
4592,0,null,0,0,0
4593,0,null,0,0,0
4594,3,secondary_proton,1,1,1
4595,0,null,0,0,0
4596,0,null,0,0,0
4597,0,null,0,0,0
4598,0,null,0,0,0
4599,0,null,0,0,0
4500,0,null,0,0,0
4501,0,null,0,0,0
4502,0,null,0,0,0
4503,0,null,0,0,0
4504,0,null,0,0,0
4505,0,null,0,0,0
4506,0,null,0,0,0
4507,0,null,0,0,0
4508,0,null,0,0,0
4509,0,null,0,0,0
4510,0,null,0,0,0
4511,0,null,0,0,0
4512,0,null,0,0,0
4513,0,null,0,0,0
4514,0,null,0,0,0
4515,0,null,0,0,0
4516,0,null,0,0,0
4517,0,null,0,0,0
4518,0,null,0,0,0
4519,0,null,0,0,0
4520,0,null,0,0,0
4521,0,null,0,0,0
4522,0,null,0,0,0
4523,0,null,0,0,0
4524,0,null,0,0,0
4525,0,null,0,0,0
4526,0,null,0,0,0
4527,0,null,0,0,0
4528,0,null,0,0,0
4529,0,null,0,0,0
4530,0,null,0,0,0
4531,1,primary_proton,1,1,1
4532,0,null,0,0,0
4533,0,null,0,0,0
4534,0,null,0,0,0
4535,22,pi+,1,1,1
4536,0,null,0,0,0
4537,0,null,0,0,0
4538,0,null,0,0,0
4539,0,null,0,0,0
4540,0,null,0,0,0
4541,0,null,0,0,0
4542,0,null,0,0,0
4543,0,null,0,0,0
4544,0,null,0,0,0
4545,0,null,0,0,0
4546,0,null,0,0,0
4547,0,null,0,0,0
4548,0,null,0,0,0
4549,0,null,0,0,0
4620,0,null,0,0,0
4621,0,null,0,0,0
4622,0,null,0,0,0
4623,0,null,0,0,0
4624,0,null,0,0,0
4625,0,null,0,0,0
4626,0,null,0,0,0
4627,0,null,0,0,0
4628,0,null,0,0,0
4629,0,null,0,0,0
4630,0,null,0,0,0
4631,0,null,0,0,0
4632,0,null,0,0,0
4633,0,null,0,0,0
4634,0,null,0,0,0
4635,0,null,0,0,0
4636,0,null,0,0,0
4637,0,null,0,0,0
4638,0,null,0,0,0
4639,0,null,0,0,0
4640,1,primary_proton,1,1,1
4641,0,null,0,0,0
4642,0,null,0,0,0
4643,0,null,0,0,0
4644,0,null,0,0,0
4645,0,null,0,0,0
4646,0,null,0,0,0
4647,529,secondary_proton,1,1,0
4648,0,null,0,0,0
4649,0,null,0,0,0
4650,0,null,0,0,0
4651,0,null,0,0,0
4652,0,null,0,0,0
4653,0,null,0,0,0
4654,0,null,0,0,0
4655,0,null,0,0,0
4656,0,null,0,0,0
4657,0,null,0,0,0
4658,0,null,0,0,0
4659,0,null,0,0,0
4660,0,null,0,0,0
4661,0,null,0,0,0
4662,0,null,0,0,0
4663,0,null,0,0,0
4664,0,null,0,0,0
4665,0,null,0,0,0
4666,0,null,0,0,0
4667,0,null,0,0,0
4668,0,null,0,0,0
4669,0,null,0,0,0
4670,0,null,0,0,0
4671,0,null,0,0,0
4672,0,null,0,0,0
4673,0,null,0,0,0
4674,0,null,0,0,0
4675,0,null,0,0,0
4676,0,null,0,0,0
4677,0,null,0,0,0
4678,0,null,0,0,0
4679,0,null,0,0,0
4680,0,null,0,0,0
4681,0,null,0,0,0
4682,0,null,0,0,0
4683,0,null,0,0,0
4684,0,null,0,0,0
4685,0,null,0,0,0
4686,0,null,0,0,0
4687,0,null,0,0,0
4688,0,null,0,0,0
4689,0,null,0,0,0
4690,0,null,0,0,0
4691,0,null,0,0,0
4692,0,null,0,0,0
4693,9,pi+,1,0,0
4694,0,null,0,0,0
4695,0,null,0,0,0
4696,0,null,0,0,0
4697,0,null,0,0,0
4698,0,null,0,0,0
4699,0,null,0,0,0
4600,0,null,0,0,0
4601,0,null,0,0,0
4602,0,null,0,0,0
4603,0,null,0,0,0
4604,0,null,0,0,0
4605,0,null,0,0,0
4606,0,null,0,0,0
4607,0,null,0,0,0
4608,0,null,0,0,0
4609,0,null,0,0,0
4610,0,null,0,0,0
4611,0,null,0,0,0
4612,0,null,0,0,0
4613,18,pi+,1,1,1
4614,3640,pi+,1,1,0
4615,0,null,0,0,0
4616,0,null,0,0,0
4617,0,null,0,0,0
4618,0,null,0,0,0
4619,0,null,0,0,0
4760,0,null,0,0,0
4761,0,null,0,0,0
4762,0,null,0,0,0
4763,0,null,0,0,0
4764,0,null,0,0,0
4765,0,null,0,0,0
4766,0,null,0,0,0
4767,0,null,0,0,0
4768,0,null,0,0,0
4769,0,null,0,0,0
4770,0,null,0,0,0
4771,0,null,0,0,0
4772,0,null,0,0,0
4773,0,null,0,0,0
4774,0,null,0,0,0
4775,4,pi+,1,1,1
4776,0,null,0,0,0
4777,0,null,0,0,0
4778,0,null,0,0,0
4779,0,null,0,0,0
4780,0,null,0,0,0
4781,0,null,0,0,0
4782,0,null,0,0,0
4783,0,null,0,0,0
4784,0,null,0,0,0
4785,0,null,0,0,0
4786,0,null,0,0,0
4787,0,null,0,0,0
4788,0,null,0,0,0
4789,0,null,0,0,0
4790,0,null,0,0,0
4791,0,null,0,0,0
4792,0,null,0,0,0
4793,0,null,0,0,0
4794,0,null,0,0,0
4795,0,null,0,0,0
4796,0,null,0,0,0
4797,0,null,0,0,0
4798,0,null,0,0,0
4799,0,null,0,0,0
4700,0,null,0,0,0
4701,0,null,0,0,0
4702,0,null,0,0,0
4703,0,null,0,0,0
4704,0,null,0,0,0
4705,0,null,0,0,0
4706,0,null,0,0,0
4707,0,null,0,0,0
4708,0,null,0,0,0
4709,0,null,0,0,0
4710,0,null,0,0,0
4711,0,null,0,0,0
4712,0,null,0,0,0
4713,0,null,0,0,0
4714,0,null,0,0,0
4715,0,null,0,0,0
4716,0,null,0,0,0
4717,0,null,0,0,0
4718,0,null,0,0,0
4719,0,null,0,0,0
4720,0,null,0,0,0
4721,0,null,0,0,0
4722,0,null,0,0,0
4723,0,null,0,0,0
4724,0,null,0,0,0
4725,0,null,0,0,0
4726,0,null,0,0,0
4727,0,null,0,0,0
4728,0,null,0,0,0
4729,0,null,0,0,0
4730,0,null,0,0,0
4731,0,null,0,0,0
4732,0,null,0,0,0
4733,0,null,0,0,0
4734,0,null,0,0,0
4735,12,pi+,1,1,0
4736,0,null,0,0,0
4737,0,null,0,0,0
4738,0,null,0,0,0
4739,0,null,0,0,0
4740,0,null,0,0,0
4741,0,null,0,0,0
4742,0,null,0,0,0
4743,51,pi-,1,1,1
4744,0,null,0,0,0
4745,0,null,0,0,0
4746,686,e-,1,1,1
4747,0,null,0,0,0
4748,0,null,0,0,0
4749,0,null,0,0,0
4750,0,null,0,0,0
4751,0,null,0,0,0
4752,0,null,0,0,0
4753,0,null,0,0,0
4754,12,secondary_proton,1,1,1
4755,0,null,0,0,0
4756,0,null,0,0,0
4757,0,null,0,0,0
4758,0,null,0,0,0
4759,0,null,0,0,0
4830,0,null,0,0,0
4831,0,null,0,0,0
4832,0,null,0,0,0
4833,0,null,0,0,0
4834,0,null,0,0,0
4835,0,null,0,0,0
4836,0,null,0,0,0
4837,0,null,0,0,0
4838,1,primary_proton,1,1,1
4839,0,null,0,0,0
4840,0,null,0,0,0
4841,0,null,0,0,0
4842,1,primary_proton,1,1,1
4843,0,null,0,0,0
4844,0,null,0,0,0
4845,0,null,0,0,0
4846,0,null,0,0,0
4847,0,null,0,0,0
4848,0,null,0,0,0
4849,0,null,0,0,0
4850,0,null,0,0,0
4851,0,null,0,0,0
4852,0,null,0,0,0
4853,0,null,0,0,0
4854,0,null,0,0,0
4855,0,null,0,0,0
4856,0,null,0,0,0
4857,0,null,0,0,0
4858,0,null,0,0,0
4859,0,null,0,0,0
4860,0,null,0,0,0
4861,0,null,0,0,0
4862,0,null,0,0,0
4863,0,null,0,0,0
4864,0,null,0,0,0
4865,0,null,0,0,0
4866,0,null,0,0,0
4867,0,null,0,0,0
4868,0,null,0,0,0
4869,0,null,0,0,0
4870,0,null,0,0,0
4871,0,null,0,0,0
4872,0,null,0,0,0
4873,0,null,0,0,0
4874,0,null,0,0,0
4875,0,null,0,0,0
4876,0,null,0,0,0
4877,0,null,0,0,0
4878,0,null,0,0,0
4879,0,null,0,0,0
4880,0,null,0,0,0
4881,0,null,0,0,0
4882,0,null,0,0,0
4883,0,null,0,0,0
4884,0,null,0,0,0
4885,0,null,0,0,0
4886,0,null,0,0,0
4887,0,null,0,0,0
4888,0,null,0,0,0
4889,0,null,0,0,0
4890,0,null,0,0,0
4891,0,null,0,0,0
4892,0,null,0,0,0
4893,0,null,0,0,0
4894,0,null,0,0,0
4895,0,null,0,0,0
4896,7,secondary_proton,1,1,1
4897,0,null,0,0,0
4898,0,null,0,0,0
4899,0,null,0,0,0
4900,0,null,0,0,0
4901,0,null,0,0,0
4902,0,null,0,0,0
4903,0,null,0,0,0
4904,0,null,0,0,0
4905,0,null,0,0,0
4906,0,null,0,0,0
4907,611,e-,1,0,0
4908,0,null,0,0,0
4909,0,null,0,0,0
4910,0,null,0,0,0
4911,0,null,0,0,0
4912,0,null,0,0,0
4913,0,null,0,0,0
4914,0,null,0,0,0
4915,0,null,0,0,0
4916,0,null,0,0,0
4917,0,null,0,0,0
4918,0,null,0,0,0
4919,1,primary_proton,1,1,1
4920,0,null,0,0,0
4921,0,null,0,0,0
4922,1,primary_proton,1,1,1
4923,0,null,0,0,0
4924,0,null,0,0,0
4925,0,null,0,0,0
4926,0,null,0,0,0
4927,0,null,0,0,0
4928,0,null,0,0,0
4929,0,null,0,0,0
4930,0,null,0,0,0
4931,0,null,0,0,0
4932,0,null,0,0,0
4933,0,null,0,0,0
4934,0,null,0,0,0
4935,0,null,0,0,0
4936,0,null,0,0,0
4937,0,null,0,0,0
4938,0,null,0,0,0
4939,0,null,0,0,0
4940,0,null,0,0,0
4941,0,null,0,0,0
4942,0,null,0,0,0
4943,0,null,0,0,0
4944,0,null,0,0,0
4945,0,null,0,0,0
4946,0,null,0,0,0
4947,0,null,0,0,0
4948,0,null,0,0,0
4949,0,null,0,0,0
4950,0,null,0,0,0
4951,0,null,0,0,0
4952,0,null,0,0,0
4953,0,null,0,0,0
4954,0,null,0,0,0
4955,0,null,0,0,0
4956,0,null,0,0,0
4957,0,null,0,0,0
4958,0,null,0,0,0
4959,0,null,0,0,0
4960,0,null,0,0,0
4961,0,null,0,0,0
4962,0,null,0,0,0
4963,0,null,0,0,0
4964,0,null,0,0,0
4965,0,null,0,0,0
4966,0,null,0,0,0
4967,0,null,0,0,0
4968,0,null,0,0,0
4969,1,primary_proton,1,1,1
4970,0,null,0,0,0
4971,0,null,0,0,0
4972,0,null,0,0,0
4973,0,null,0,0,0
4974,0,null,0,0,0
4975,0,null,0,0,0
4976,0,null,0,0,0
4977,0,null,0,0,0
4978,0,null,0,0,0
4979,0,null,0,0,0
4980,0,null,0,0,0
4981,0,null,0,0,0
4982,0,null,0,0,0
4983,0,null,0,0,0
4800,0,null,0,0,0
4801,1,primary_proton,1,1,1
4802,0,null,0,0,0
4803,0,null,0,0,0
4804,0,null,0,0,0
4805,0,null,0,0,0
4806,0,null,0,0,0
4807,9,pi-,1,1,0
4808,8,pi-,1,1,1
4809,0,null,0,0,0
4810,0,null,0,0,0
4811,0,null,0,0,0
4812,0,null,0,0,0
4813,0,null,0,0,0
4814,0,null,0,0,0
4815,0,null,0,0,0
4816,0,null,0,0,0
4817,0,null,0,0,0
4818,0,null,0,0,0
4819,0,null,0,0,0
4820,0,null,0,0,0
4821,0,null,0,0,0
4822,0,null,0,0,0
4823,0,null,0,0,0
4824,0,null,0,0,0
4825,0,null,0,0,0
4826,1,primary_proton,1,1,1
4827,0,null,0,0,0
4828,0,null,0,0,0
4829,0,null,0,0,0
4984,9,secondary_proton,1,1,1
4985,0,null,0,0,0
4986,0,null,0,0,0
4987,0,null,0,0,0
4988,0,null,0,0,0
4989,0,null,0,0,0
4990,0,null,0,0,0
4991,0,null,0,0,0
4992,0,null,0,0,0
4993,0,null,0,0,0
4994,0,null,0,0,0
4995,0,null,0,0,0
4996,0,null,0,0,0
4997,0,null,0,0,0
4998,0,null,0,0,0
4999,0,null,0,0,0
70,0,null,0,0,0
71,0,null,0,0,0
72,0,null,0,0,0
73,0,null,0,0,0
74,1,primary_proton,1,1,1
75,0,null,0,0,0
76,0,null,0,0,0
77,0,null,0,0,0
78,0,null,0,0,0
79,0,null,0,0,0
80,13,secondary_proton,1,1,1
81,0,null,0,0,0
82,0,null,0,0,0
83,0,null,0,0,0
84,0,null,0,0,0
85,0,null,0,0,0
86,0,null,0,0,0
87,0,null,0,0,0
88,0,null,0,0,0
89,0,null,0,0,0
90,97,secondary_proton,1,1,1
91,0,null,0,0,0
92,0,null,0,0,0
93,0,null,0,0,0
94,0,null,0,0,0
95,7,secondary_proton,1,1,1
96,0,null,0,0,0
97,0,null,0,0,0
98,0,null,0,0,0
99,0,null,0,0,0
0,0,null,0,0,0
1,0,null,0,0,0
2,0,null,0,0,0
3,9,pi+,1,1,1
4,0,null,0,0,0
5,0,null,0,0,0
6,0,null,0,0,0
7,0,null,0,0,0
8,0,null,0,0,0
9,0,null,0,0,0
10,0,null,0,0,0
11,0,null,0,0,0
12,0,null,0,0,0
13,0,null,0,0,0
14,0,null,0,0,0
15,0,null,0,0,0
16,0,null,0,0,0
17,0,null,0,0,0
18,0,null,0,0,0
19,0,null,0,0,0
20,0,null,0,0,0
21,0,null,0,0,0
22,0,null,0,0,0
23,0,null,0,0,0
24,0,null,0,0,0
25,1,primary_proton,1,1,1
26,0,null,0,0,0
27,0,null,0,0,0
28,0,null,0,0,0
29,0,null,0,0,0
30,0,null,0,0,0
31,0,null,0,0,0
32,0,null,0,0,0
33,0,null,0,0,0
34,0,null,0,0,0
35,0,null,0,0,0
36,0,null,0,0,0
37,0,null,0,0,0
38,0,null,0,0,0
39,0,null,0,0,0
40,0,null,0,0,0
41,0,null,0,0,0
42,0,null,0,0,0
43,0,null,0,0,0
44,0,null,0,0,0
45,0,null,0,0,0
46,0,null,0,0,0
47,0,null,0,0,0
48,0,null,0,0,0
49,0,null,0,0,0
50,0,null,0,0,0
51,0,null,0,0,0
52,0,null,0,0,0
53,0,null,0,0,0
54,7,secondary_proton,1,1,1
55,0,null,0,0,0
56,0,null,0,0,0
57,0,null,0,0,0
58,0,null,0,0,0
59,0,null,0,0,0
60,0,null,0,0,0
61,0,null,0,0,0
62,0,null,0,0,0
63,0,null,0,0,0
64,0,null,0,0,0
65,0,null,0,0,0
66,0,null,0,0,0
67,0,null,0,0,0
68,0,null,0,0,0
69,0,null,0,0,0
140,1,primary_proton,1,1,1
141,0,null,0,0,0
142,0,null,0,0,0
143,0,null,0,0,0
144,0,null,0,0,0
145,0,null,0,0,0
146,0,null,0,0,0
147,1073,e+,1,1,1
148,6,secondary_proton,1,0,0
149,0,null,0,0,0
150,0,null,0,0,0
151,0,null,0,0,0
152,5,pi+,1,1,0
153,0,null,0,0,0
154,0,null,0,0,0
155,0,null,0,0,0
156,5,pi-,1,1,1
157,0,null,0,0,0
158,0,null,0,0,0
159,0,null,0,0,0
160,0,null,0,0,0
161,0,null,0,0,0
162,1,primary_proton,1,1,1
163,0,null,0,0,0
164,0,null,0,0,0
165,10,secondary_proton,1,1,1
166,0,null,0,0,0
167,0,null,0,0,0
168,0,null,0,0,0
169,0,null,0,0,0
170,0,null,0,0,0
171,0,null,0,0,0
172,0,null,0,0,0
173,0,null,0,0,0
174,1,primary_proton,1,1,1
175,0,null,0,0,0
176,0,null,0,0,0
177,0,null,0,0,0
178,0,null,0,0,0
179,0,null,0,0,0
180,0,null,0,0,0
181,0,null,0,0,0
182,0,null,0,0,0
183,0,null,0,0,0
184,0,null,0,0,0
185,0,null,0,0,0
186,0,null,0,0,0
187,0,null,0,0,0
188,0,null,0,0,0
189,0,null,0,0,0
190,0,null,0,0,0
191,0,null,0,0,0
192,0,null,0,0,0
193,0,null,0,0,0
194,0,null,0,0,0
195,0,null,0,0,0
196,1,primary_proton,1,1,1
197,0,null,0,0,0
198,0,null,0,0,0
199,0,null,0,0,0
200,0,null,0,0,0
201,1,primary_proton,1,1,1
202,0,null,0,0,0
203,0,null,0,0,0
204,0,null,0,0,0
205,0,null,0,0,0
206,0,null,0,0,0
207,0,null,0,0,0
208,0,null,0,0,0
209,0,null,0,0,0
280,0,null,0,0,0
281,0,null,0,0,0
282,0,null,0,0,0
283,0,null,0,0,0
284,1,primary_proton,1,0,0
285,0,null,0,0,0
286,0,null,0,0,0
287,0,null,0,0,0
288,0,null,0,0,0
289,0,null,0,0,0
290,0,null,0,0,0
291,0,null,0,0,0
292,0,null,0,0,0
293,0,null,0,0,0
294,0,null,0,0,0
295,0,null,0,0,0
296,0,null,0,0,0
297,0,null,0,0,0
298,0,null,0,0,0
299,0,null,0,0,0
100,0,null,0,0,0
101,0,null,0,0,0
102,0,null,0,0,0
103,0,null,0,0,0
104,0,null,0,0,0
105,0,null,0,0,0
106,0,null,0,0,0
107,0,null,0,0,0
108,0,null,0,0,0
109,0,null,0,0,0
110,0,null,0,0,0
111,0,null,0,0,0
112,0,null,0,0,0
113,0,null,0,0,0
114,0,null,0,0,0
115,0,null,0,0,0
116,0,null,0,0,0
117,0,null,0,0,0
118,0,null,0,0,0
119,0,null,0,0,0
120,0,null,0,0,0
121,1,primary_proton,1,1,1
122,0,null,0,0,0
123,0,null,0,0,0
124,6,pi+,1,1,1
125,0,null,0,0,0
126,10,secondary_proton,1,1,1
127,0,null,0,0,0
128,0,null,0,0,0
129,0,null,0,0,0
130,0,null,0,0,0
131,0,null,0,0,0
132,0,null,0,0,0
133,0,null,0,0,0
134,0,null,0,0,0
135,0,null,0,0,0
136,0,null,0,0,0
137,0,null,0,0,0
138,0,null,0,0,0
139,1,primary_proton,1,1,1
210,0,null,0,0,0
211,0,null,0,0,0
212,0,null,0,0,0
213,0,null,0,0,0
214,0,null,0,0,0
215,0,null,0,0,0
216,0,null,0,0,0
217,5646,e-,1,1,0
218,3250,secondary_proton,1,1,1
219,3,secondary_proton,1,0,0
220,0,null,0,0,0
221,0,null,0,0,0
222,0,null,0,0,0
223,0,null,0,0,0
224,0,null,0,0,0
225,0,null,0,0,0
226,0,null,0,0,0
227,0,null,0,0,0
228,0,null,0,0,0
229,0,null,0,0,0
230,9,pi+,1,1,1
231,0,null,0,0,0
232,0,null,0,0,0
233,1,primary_proton,1,1,1
234,0,null,0,0,0
235,0,null,0,0,0
236,0,null,0,0,0
300,0,null,0,0,0
301,0,null,0,0,0
302,0,null,0,0,0
303,0,null,0,0,0
304,0,null,0,0,0
305,0,null,0,0,0
306,0,null,0,0,0
307,0,null,0,0,0
308,0,null,0,0,0
309,0,null,0,0,0
310,1820,e-,1,1,0
311,0,null,0,0,0
312,0,null,0,0,0
313,0,null,0,0,0
314,0,null,0,0,0
315,0,null,0,0,0
316,0,null,0,0,0
317,0,null,0,0,0
318,0,null,0,0,0
319,0,null,0,0,0
320,0,null,0,0,0
321,0,null,0,0,0
322,0,null,0,0,0
323,0,null,0,0,0
324,0,null,0,0,0
325,0,null,0,0,0
326,0,null,0,0,0
327,0,null,0,0,0
328,0,null,0,0,0
329,0,null,0,0,0
330,0,null,0,0,0
331,0,null,0,0,0
332,0,null,0,0,0
333,0,null,0,0,0
334,0,null,0,0,0
335,0,null,0,0,0
336,0,null,0,0,0
337,0,null,0,0,0
338,0,null,0,0,0
339,0,null,0,0,0
340,0,null,0,0,0
341,0,null,0,0,0
342,0,null,0,0,0
343,0,null,0,0,0
344,0,null,0,0,0
345,0,null,0,0,0
346,0,null,0,0,0
347,0,null,0,0,0
348,0,null,0,0,0
349,0,null,0,0,0
350,1,primary_proton,1,1,1
351,0,null,0,0,0
352,0,null,0,0,0
353,21,pi+,1,1,1
354,0,null,0,0,0
355,0,null,0,0,0
356,0,null,0,0,0
357,0,null,0,0,0
358,0,null,0,0,0
359,0,null,0,0,0
360,0,null,0,0,0
361,0,null,0,0,0
362,0,null,0,0,0
363,0,null,0,0,0
364,0,null,0,0,0
365,0,null,0,0,0
366,0,null,0,0,0
367,0,null,0,0,0
368,0,null,0,0,0
369,0,null,0,0,0
370,0,null,0,0,0
371,0,null,0,0,0
372,0,null,0,0,0
373,0,null,0,0,0
374,0,null,0,0,0
375,0,null,0,0,0
376,0,null,0,0,0
377,0,null,0,0,0
378,0,null,0,0,0
379,0,null,0,0,0
380,0,null,0,0,0
381,0,null,0,0,0
383,2,secondary_proton,1,1,1
384,0,null,0,0,0
385,0,null,0,0,0
386,0,null,0,0,0
387,0,null,0,0,0
388,0,null,0,0,0
389,0,null,0,0,0
390,0,null,0,0,0
391,0,null,0,0,0
392,0,null,0,0,0
393,0,null,0,0,0
394,0,null,0,0,0
395,1,primary_proton,1,1,1
396,0,null,0,0,0
397,0,null,0,0,0
398,0,null,0,0,0
399,0,null,0,0,0
237,0,null,0,0,0
238,0,null,0,0,0
239,0,null,0,0,0
240,0,null,0,0,0
241,0,null,0,0,0
242,0,null,0,0,0
243,0,null,0,0,0
244,0,null,0,0,0
245,0,null,0,0,0
246,0,null,0,0,0
247,0,null,0,0,0
248,0,null,0,0,0
249,0,null,0,0,0
250,0,null,0,0,0
251,0,null,0,0,0
252,0,null,0,0,0
253,0,null,0,0,0
254,0,null,0,0,0
255,0,null,0,0,0
256,0,null,0,0,0
257,0,null,0,0,0
258,0,null,0,0,0
259,0,null,0,0,0
260,0,null,0,0,0
261,0,null,0,0,0
262,0,null,0,0,0
263,0,null,0,0,0
264,13,pi-,1,0,0
265,0,null,0,0,0
266,0,null,0,0,0
267,0,null,0,0,0
268,0,null,0,0,0
269,0,null,0,0,0
270,0,null,0,0,0
271,0,null,0,0,0
272,0,null,0,0,0
273,0,null,0,0,0
274,0,null,0,0,0
275,0,null,0,0,0
276,0,null,0,0,0
277,0,null,0,0,0
278,18,pi-,1,1,1
279,1,primary_proton,1,1,1
420,0,null,0,0,0
421,0,null,0,0,0
422,0,null,0,0,0
423,0,null,0,0,0
424,4,secondary_proton,1,1,1
425,0,null,0,0,0
426,0,null,0,0,0
427,0,null,0,0,0
428,0,null,0,0,0
429,0,null,0,0,0
430,0,null,0,0,0
431,0,null,0,0,0
432,0,null,0,0,0
433,0,null,0,0,0
434,0,null,0,0,0
435,0,null,0,0,0
436,0,null,0,0,0
437,0,null,0,0,0
438,0,null,0,0,0
439,0,null,0,0,0
440,0,null,0,0,0
441,0,null,0,0,0
442,0,null,0,0,0
443,0,null,0,0,0
444,0,null,0,0,0
445,0,null,0,0,0
446,0,null,0,0,0
447,0,null,0,0,0
448,0,null,0,0,0
449,0,null,0,0,0
450,0,null,0,0,0
451,0,null,0,0,0
452,9,pi+,1,1,1
453,0,null,0,0,0
400,0,null,0,0,0
401,0,null,0,0,0
402,0,null,0,0,0
403,0,null,0,0,0
404,234,pi+,1,1,1
405,0,null,0,0,0
406,0,null,0,0,0
407,0,null,0,0,0
408,0,null,0,0,0
409,0,null,0,0,0
410,0,null,0,0,0
411,0,null,0,0,0
412,0,null,0,0,0
413,0,null,0,0,0
414,0,null,0,0,0
415,0,null,0,0,0
416,0,null,0,0,0
417,0,null,0,0,0
418,0,null,0,0,0
419,0,null,0,0,0
490,0,null,0,0,0
491,0,null,0,0,0
492,0,null,0,0,0
493,0,null,0,0,0
494,0,null,0,0,0
495,0,null,0,0,0
496,0,null,0,0,0
497,1,primary_proton,1,1,1
498,0,null,0,0,0
499,0,null,0,0,0
455,0,null,0,0,0
456,0,null,0,0,0
457,0,null,0,0,0
458,0,null,0,0,0
459,0,null,0,0,0
460,12,pi-,1,1,0
461,0,null,0,0,0
462,0,null,0,0,0
463,0,null,0,0,0
464,0,null,0,0,0
465,0,null,0,0,0
466,0,null,0,0,0
467,0,null,0,0,0
468,0,null,0,0,0
469,0,null,0,0,0
470,0,null,0,0,0
471,0,null,0,0,0
472,0,null,0,0,0
473,1,primary_proton,1,1,1
474,0,null,0,0,0
475,0,null,0,0,0
476,0,null,0,0,0
477,0,null,0,0,0
478,0,null,0,0,0
479,0,null,0,0,0
480,0,null,0,0,0
481,0,null,0,0,0
482,0,null,0,0,0
483,0,null,0,0,0
484,0,null,0,0,0
485,0,null,0,0,0
486,1,primary_proton,1,1,1
487,0,null,0,0,0
488,0,null,0,0,0
489,0,null,0,0,0
560,0,null,0,0,0
561,0,null,0,0,0
562,0,null,0,0,0
563,0,null,0,0,0
564,0,null,0,0,0
565,1,primary_proton,1,1,1
566,0,null,0,0,0
567,0,null,0,0,0
568,0,null,0,0,0
569,0,null,0,0,0
570,8,secondary_proton,1,1,1
571,0,null,0,0,0
572,0,null,0,0,0
573,0,null,0,0,0
574,0,null,0,0,0
575,0,null,0,0,0
576,0,null,0,0,0
577,0,null,0,0,0
578,0,null,0,0,0
579,0,null,0,0,0
580,0,null,0,0,0
581,0,null,0,0,0
582,0,null,0,0,0
583,0,null,0,0,0
584,0,null,0,0,0
585,0,null,0,0,0
586,0,null,0,0,0
587,0,null,0,0,0
588,0,null,0,0,0
589,0,null,0,0,0
590,0,null,0,0,0
591,0,null,0,0,0
592,0,null,0,0,0
593,0,null,0,0,0
594,0,null,0,0,0
595,5,secondary_proton,1,1,1
596,0,null,0,0,0
597,0,null,0,0,0
598,0,null,0,0,0
500,0,null,0,0,0
501,0,null,0,0,0
502,0,null,0,0,0
503,0,null,0,0,0
504,0,null,0,0,0
505,0,null,0,0,0
506,1337,e-,0,1,1
507,0,null,0,0,0
508,0,null,0,0,0
509,0,null,0,0,0
510,0,null,0,0,0
511,0,null,0,0,0
512,0,null,0,0,0
513,0,null,0,0,0
514,0,null,0,0,0
515,12,pi+,1,1,1
516,0,null,0,0,0
517,0,null,0,0,0
518,0,null,0,0,0
519,0,null,0,0,0
520,0,null,0,0,0
521,0,null,0,0,0
522,0,null,0,0,0
523,0,null,0,0,0
524,0,null,0,0,0
525,0,null,0,0,0
526,0,null,0,0,0
527,0,null,0,0,0
528,0,null,0,0,0
529,0,null,0,0,0
530,0,null,0,0,0
531,0,null,0,0,0
532,0,null,0,0,0
533,0,null,0,0,0
534,0,null,0,0,0
535,0,null,0,0,0
536,0,null,0,0,0
537,0,null,0,0,0
538,0,null,0,0,0
539,0,null,0,0,0
540,0,null,0,0,0
541,0,null,0,0,0
542,0,null,0,0,0
543,0,null,0,0,0
544,0,null,0,0,0
545,0,null,0,0,0
546,0,null,0,0,0
547,0,null,0,0,0
548,0,null,0,0,0
549,0,null,0,0,0
550,0,null,0,0,0
551,0,null,0,0,0
552,0,null,0,0,0
553,0,null,0,0,0
554,0,null,0,0,0
555,0,null,0,0,0
556,0,null,0,0,0
557,0,null,0,0,0
558,0,null,0,0,0
559,0,null,0,0,0
630,0,null,0,0,0
631,0,null,0,0,0
632,0,null,0,0,0
633,24,pi+,1,1,1
634,0,null,0,0,0
635,0,null,0,0,0
636,0,null,0,0,0
637,0,null,0,0,0
638,0,null,0,0,0
639,0,null,0,0,0
600,0,null,0,0,0
601,0,null,0,0,0
602,0,null,0,0,0
603,0,null,0,0,0
604,0,null,0,0,0
605,0,null,0,0,0
606,0,null,0,0,0
607,0,null,0,0,0
608,0,null,0,0,0
609,0,null,0,0,0
610,0,null,0,0,0
611,1,primary_proton,1,1,1
612,477,pi-,1,1,1
613,0,null,0,0,0
614,1,primary_proton,1,1,1
615,0,null,0,0,0
616,0,null,0,0,0
617,615,e-,0,0,1
618,0,null,0,0,0
619,0,null,0,0,0
620,0,null,0,0,0
621,0,null,0,0,0
622,0,null,0,0,0
623,0,null,0,0,0
624,0,null,0,0,0
625,0,null,0,0,0
626,0,null,0,0,0
627,1,primary_proton,1,1,1
628,0,null,0,0,0
629,0,null,0,0,0
640,3,secondary_proton,1,1,1
641,0,null,0,0,0
642,0,null,0,0,0
643,0,null,0,0,0
644,0,null,0,0,0
645,0,null,0,0,0
646,0,null,0,0,0
647,0,null,0,0,0
648,0,null,0,0,0
649,0,null,0,0,0
650,0,null,0,0,0
651,0,null,0,0,0
652,0,null,0,0,0
653,0,null,0,0,0
654,0,null,0,0,0
655,0,null,0,0,0
656,206,secondary_proton,1,1,1
657,0,null,0,0,0
658,0,null,0,0,0
659,0,null,0,0,0
660,0,null,0,0,0
661,8,secondary_proton,1,1,1
662,0,null,0,0,0
663,0,null,0,0,0
664,0,null,0,0,0
665,0,null,0,0,0
666,0,null,0,0,0
667,0,null,0,0,0
668,0,null,0,0,0
669,0,null,0,0,0
670,0,null,0,0,0
671,0,null,0,0,0
672,0,null,0,0,0
673,0,null,0,0,0
674,0,null,0,0,0
675,0,null,0,0,0
676,0,null,0,0,0
677,0,null,0,0,0
678,0,null,0,0,0
679,0,null,0,0,0
680,0,null,0,0,0
681,0,null,0,0,0
682,0,null,0,0,0
683,0,null,0,0,0
684,0,null,0,0,0
685,0,null,0,0,0
686,0,null,0,0,0
687,0,null,0,0,0
688,0,null,0,0,0
689,0,null,0,0,0
690,1,primary_proton,1,1,1
691,0,null,0,0,0
692,0,null,0,0,0
693,0,null,0,0,0
694,0,null,0,0,0
695,0,null,0,0,0
696,0,null,0,0,0
697,0,null,0,0,0
698,0,null,0,0,0
699,0,null,0,0,0
770,0,null,0,0,0
771,0,null,0,0,0
772,0,null,0,0,0
773,0,null,0,0,0
774,0,null,0,0,0
775,0,null,0,0,0
776,0,null,0,0,0
777,0,null,0,0,0
778,0,null,0,0,0
779,0,null,0,0,0
780,0,null,0,0,0
781,1,primary_proton,1,1,1
782,0,null,0,0,0
783,0,null,0,0,0
700,0,null,0,0,0
701,0,null,0,0,0
702,0,null,0,0,0
703,0,null,0,0,0
704,0,null,0,0,0
705,0,null,0,0,0
706,0,null,0,0,0
707,0,null,0,0,0
708,0,null,0,0,0
709,0,null,0,0,0
710,0,null,0,0,0
711,0,null,0,0,0
712,0,null,0,0,0
713,0,null,0,0,0
714,0,null,0,0,0
715,0,null,0,0,0
716,0,null,0,0,0
717,0,null,0,0,0
718,1,primary_proton,1,1,1
719,0,null,0,0,0
720,1,primary_proton,1,1,1
721,0,null,0,0,0
722,0,null,0,0,0
723,0,null,0,0,0
724,0,null,0,0,0
725,0,null,0,0,0
726,0,null,0,0,0
727,0,null,0,0,0
728,0,null,0,0,0
729,0,null,0,0,0
730,2410,pi-,1,1,1
731,0,null,0,0,0
732,0,null,0,0,0
733,0,null,0,0,0
734,0,null,0,0,0
735,0,null,0,0,0
736,0,null,0,0,0
737,0,null,0,0,0
738,0,null,0,0,0
739,0,null,0,0,0
740,0,null,0,0,0
741,0,null,0,0,0
742,0,null,0,0,0
743,0,null,0,0,0
744,0,null,0,0,0
745,0,null,0,0,0
746,2682,e-,1,1,0
747,0,null,0,0,0
748,0,null,0,0,0
749,1,primary_proton,1,1,1
750,0,null,0,0,0
751,0,null,0,0,0
752,0,null,0,0,0
753,0,null,0,0,0
754,0,null,0,0,0
755,0,null,0,0,0
756,0,null,0,0,0
757,0,null,0,0,0
758,0,null,0,0,0
759,0,null,0,0,0
760,0,null,0,0,0
761,0,null,0,0,0
762,0,null,0,0,0
763,0,null,0,0,0
764,0,null,0,0,0
765,0,null,0,0,0
766,0,null,0,0,0
767,0,null,0,0,0
768,0,null,0,0,0
769,0,null,0,0,0
840,0,null,0,0,0
841,0,null,0,0,0
842,0,null,0,0,0
843,0,null,0,0,0
844,0,null,0,0,0
845,0,null,0,0,0
846,0,null,0,0,0
847,0,null,0,0,0
785,0,null,0,0,0
786,0,null,0,0,0
787,234,secondary_proton,1,1,0
788,0,null,0,0,0
789,0,null,0,0,0
790,0,null,0,0,0
791,0,null,0,0,0
792,0,null,0,0,0
793,0,null,0,0,0
794,0,null,0,0,0
795,0,null,0,0,0
796,0,null,0,0,0
797,0,null,0,0,0
798,0,null,0,0,0
799,0,null,0,0,0
848,0,null,0,0,0
849,0,null,0,0,0
850,1,primary_proton,1,1,1
851,0,null,0,0,0
852,0,null,0,0,0
853,1,primary_proton,1,1,1
854,0,null,0,0,0
855,0,null,0,0,0
856,0,null,0,0,0
857,0,null,0,0,0
858,10,secondary_proton,1,1,1
859,0,null,0,0,0
860,0,null,0,0,0
861,0,null,0,0,0
862,0,null,0,0,0
863,0,null,0,0,0
864,0,null,0,0,0
865,0,null,0,0,0
866,0,null,0,0,0
867,0,null,0,0,0
868,0,null,0,0,0
869,0,null,0,0,0
870,0,null,0,0,0
871,0,null,0,0,0
872,0,null,0,0,0
873,0,null,0,0,0
874,0,null,0,0,0
875,0,null,0,0,0
876,0,null,0,0,0
877,0,null,0,0,0
878,0,null,0,0,0
879,0,null,0,0,0
880,0,null,0,0,0
881,0,null,0,0,0
882,0,null,0,0,0
883,0,null,0,0,0
884,0,null,0,0,0
885,0,null,0,0,0
886,0,null,0,0,0
887,9,pi-,1,1,1
888,0,null,0,0,0
889,0,null,0,0,0
890,0,null,0,0,0
891,0,null,0,0,0
892,0,null,0,0,0
893,0,null,0,0,0
894,0,null,0,0,0
895,0,null,0,0,0
896,0,null,0,0,0
897,0,null,0,0,0
898,0,null,0,0,0
899,0,null,0,0,0
800,0,null,0,0,0
801,1,primary_proton,1,1,1
802,0,null,0,0,0
803,0,null,0,0,0
804,0,null,0,0,0
805,0,null,0,0,0
806,12,pi-,1,0,0
807,0,null,0,0,0
808,0,null,0,0,0
809,0,null,0,0,0
810,0,null,0,0,0
811,0,null,0,0,0
812,0,null,0,0,0
813,0,null,0,0,0
814,0,null,0,0,0
815,0,null,0,0,0
816,0,null,0,0,0
817,0,null,0,0,0
818,0,null,0,0,0
819,0,null,0,0,0
820,11,secondary_proton,1,1,1
821,0,null,0,0,0
822,0,null,0,0,0
823,0,null,0,0,0
824,0,null,0,0,0
825,0,null,0,0,0
826,0,null,0,0,0
827,1,primary_proton,1,1,1
828,0,null,0,0,0
829,0,null,0,0,0
830,1,primary_proton,1,1,1
831,2,pi+,1,1,1
832,0,null,0,0,0
833,0,null,0,0,0
834,0,null,0,0,0
835,0,null,0,0,0
836,0,null,0,0,0
837,0,null,0,0,0
838,0,null,0,0,0
839,0,null,0,0,0
980,0,null,0,0,0
981,0,null,0,0,0
982,0,null,0,0,0
983,0,null,0,0,0
984,0,null,0,0,0
985,0,null,0,0,0
986,0,null,0,0,0
987,0,null,0,0,0
988,0,null,0,0,0
989,0,null,0,0,0
990,0,null,0,0,0
991,0,null,0,0,0
992,0,null,0,0,0
993,1,primary_proton,1,1,1
994,0,null,0,0,0
995,0,null,0,0,0
996,0,null,0,0,0
997,0,null,0,0,0
998,0,null,0,0,0
999,0,null,0,0,0
1000,0,null,0,0,0
1001,0,null,0,0,0
1002,0,null,0,0,0
1003,0,null,0,0,0
1004,0,null,0,0,0
1005,0,null,0,0,0
1006,0,null,0,0,0
1007,0,null,0,0,0
1008,0,null,0,0,0
1009,0,null,0,0,0
1010,0,null,0,0,0
1011,0,null,0,0,0
1012,0,null,0,0,0
1013,0,null,0,0,0
1014,0,null,0,0,0
1015,0,null,0,0,0
1016,0,null,0,0,0
1017,0,null,0,0,0
1018,0,null,0,0,0
1019,0,null,0,0,0
1020,0,null,0,0,0
1021,0,null,0,0,0
1022,0,null,0,0,0
1023,0,null,0,0,0
1024,0,null,0,0,0
1025,0,null,0,0,0
1026,0,null,0,0,0
1027,0,null,0,0,0
1028,24,pi-,1,0,0
1029,0,null,0,0,0
1030,0,null,0,0,0
1031,0,null,0,0,0
1032,0,null,0,0,0
1033,0,null,0,0,0
1034,0,null,0,0,0
1035,0,null,0,0,0
1036,0,null,0,0,0
1037,3372,secondary_proton,1,0,0
1038,0,null,0,0,0
1039,0,null,0,0,0
1040,0,null,0,0,0
1041,0,null,0,0,0
1042,26,pi+,1,1,1
1043,0,null,0,0,0
1044,0,null,0,0,0
1045,0,null,0,0,0
1046,0,null,0,0,0
1047,0,null,0,0,0
1048,0,null,0,0,0
1049,0,null,0,0,0
1050,0,null,0,0,0
1051,0,null,0,0,0
1052,0,null,0,0,0
1053,0,null,0,0,0
1054,0,null,0,0,0
1055,0,null,0,0,0
1056,0,null,0,0,0
1057,0,null,0,0,0
1058,0,null,0,0,0
1059,0,null,0,0,0
1060,0,null,0,0,0
1061,0,null,0,0,0
1062,0,null,0,0,0
1063,0,null,0,0,0
1064,0,null,0,0,0
1065,0,null,0,0,0
1066,0,null,0,0,0
1067,0,null,0,0,0
1068,0,null,0,0,0
1069,0,null,0,0,0
1070,0,null,0,0,0
1071,0,null,0,0,0
1072,0,null,0,0,0
1073,0,null,0,0,0
1074,0,null,0,0,0
1075,0,null,0,0,0
1076,0,null,0,0,0
1077,0,null,0,0,0
1078,0,null,0,0,0
1079,0,null,0,0,0
1080,0,null,0,0,0
1081,0,null,0,0,0
1082,10,secondary_proton,1,0,0
1083,0,null,0,0,0
1084,0,null,0,0,0
1085,0,null,0,0,0
1086,14,pi+,1,1,1
1087,0,null,0,0,0
1088,0,null,0,0,0
1089,0,null,0,0,0
1090,0,null,0,0,0
1091,0,null,0,0,0
1092,0,null,0,0,0
1093,2393,secondary_proton,1,0,0
1094,0,null,0,0,0
1095,0,null,0,0,0
1096,0,null,0,0,0
1097,1,primary_proton,1,1,1
1098,0,null,0,0,0
1099,0,null,0,0,0
900,0,null,0,0,0
901,0,null,0,0,0
902,0,null,0,0,0
903,0,null,0,0,0
904,0,null,0,0,0
905,0,null,0,0,0
906,0,null,0,0,0
907,0,null,0,0,0
908,0,null,0,0,0
909,0,null,0,0,0
910,0,null,0,0,0
911,0,null,0,0,0
912,5,secondary_proton,1,1,0
913,0,null,0,0,0
914,0,null,0,0,0
915,0,null,0,0,0
916,8,pi-,1,1,1
917,0,null,0,0,0
918,0,null,0,0,0
919,0,null,0,0,0
920,0,null,0,0,0
921,0,null,0,0,0
922,0,null,0,0,0
923,1,primary_proton,1,1,1
924,0,null,0,0,0
925,0,null,0,0,0
926,0,null,0,0,0
927,0,null,0,0,0
928,0,null,0,0,0
929,0,null,0,0,0
930,0,null,0,0,0
931,0,null,0,0,0
932,0,null,0,0,0
933,0,null,0,0,0
934,0,null,0,0,0
935,0,null,0,0,0
936,0,null,0,0,0
937,0,null,0,0,0
938,0,null,0,0,0
939,0,null,0,0,0
940,0,null,0,0,0
941,0,null,0,0,0
942,0,null,0,0,0
943,0,null,0,0,0
944,0,null,0,0,0
945,0,null,0,0,0
946,0,null,0,0,0
947,15,secondary_proton,1,1,1
948,0,null,0,0,0
949,0,null,0,0,0
950,13,pi+,1,0,0
951,0,null,0,0,0
952,0,null,0,0,0
953,0,null,0,0,0
954,0,null,0,0,0
955,0,null,0,0,0
956,0,null,0,0,0
957,0,null,0,0,0
958,0,null,0,0,0
959,0,null,0,0,0
960,0,null,0,0,0
961,1,primary_proton,1,1,1
962,0,null,0,0,0
963,0,null,0,0,0
964,0,null,0,0,0
965,0,null,0,0,0
966,0,null,0,0,0
967,0,null,0,0,0
968,0,null,0,0,0
969,0,null,0,0,0
970,0,null,0,0,0
971,0,null,0,0,0
972,0,null,0,0,0
973,0,null,0,0,0
1100,0,null,0,0,0
1101,1,primary_proton,1,1,1
1102,0,null,0,0,0
1103,0,null,0,0,0
1104,0,null,0,0,0
1105,0,null,0,0,0
1106,0,null,0,0,0
1107,0,null,0,0,0
1108,0,null,0,0,0
1109,11,secondary_proton,1,1,1
1110,0,null,0,0,0
1111,0,null,0,0,0
1112,0,null,0,0,0
1113,0,null,0,0,0
1114,0,null,0,0,0
1115,0,null,0,0,0
1116,0,null,0,0,0
1117,803,e-,1,0,0
1118,0,null,0,0,0
1119,21,pi+,1,1,1
1190,0,null,0,0,0
1191,3694,e-,1,1,1
1192,0,null,0,0,0
1193,0,null,0,0,0
1194,0,null,0,0,0
1195,0,null,0,0,0
1196,0,null,0,0,0
1197,0,null,0,0,0
1198,0,null,0,0,0
1199,0,null,0,0,0
974,15,pi-,1,1,1
975,0,null,0,0,0
976,0,null,0,0,0
977,0,null,0,0,0
978,0,null,0,0,0
979,0,null,0,0,0
1120,0,null,0,0,0
1121,0,null,0,0,0
1122,0,null,0,0,0
1123,0,null,0,0,0
1124,0,null,0,0,0
1125,3,pi+,1,1,1
1126,0,null,0,0,0
1127,0,null,0,0,0
1128,0,null,0,0,0
1129,0,null,0,0,0
1130,0,null,0,0,0
1131,0,null,0,0,0
1132,0,null,0,0,0
1133,0,null,0,0,0
1134,0,null,0,0,0
1135,0,null,0,0,0
1136,0,null,0,0,0
1137,0,null,0,0,0
1138,0,null,0,0,0
1139,0,null,0,0,0
1140,0,null,0,0,0
1141,0,null,0,0,0
1142,0,null,0,0,0
1143,0,null,0,0,0
1144,1,primary_proton,1,1,1
1145,0,null,0,0,0
1146,0,null,0,0,0
1147,0,null,0,0,0
1148,0,null,0,0,0
1149,0,null,0,0,0
1150,0,null,0,0,0
1151,0,null,0,0,0
1152,20,pi-,1,1,1
1153,0,null,0,0,0
1154,0,null,0,0,0
1155,9,pi-,1,1,1
1156,0,null,0,0,0
1157,1,primary_proton,1,1,1
1158,0,null,0,0,0
1159,0,null,0,0,0
1160,0,null,0,0,0
1161,0,null,0,0,0
1162,0,null,0,0,0
1163,0,null,0,0,0
1164,1,primary_proton,1,1,1
1165,0,null,0,0,0
1166,0,null,0,0,0
1167,0,null,0,0,0
1168,0,null,0,0,0
1169,0,null,0,0,0
1200,0,null,0,0,0
1201,0,null,0,0,0
1202,0,null,0,0,0
1203,0,null,0,0,0
1204,0,null,0,0,0
1205,0,null,0,0,0
1206,0,null,0,0,0
1207,0,null,0,0,0
1208,0,null,0,0,0
1209,0,null,0,0,0
1210,0,null,0,0,0
1211,0,null,0,0,0
1212,0,null,0,0,0
1213,0,null,0,0,0
1214,0,null,0,0,0
1215,0,null,0,0,0
1216,0,null,0,0,0
1217,0,null,0,0,0
1218,0,null,0,0,0
1219,0,null,0,0,0
1220,0,null,0,0,0
1221,0,null,0,0,0
1222,0,null,0,0,0
1223,0,null,0,0,0
1224,0,null,0,0,0
1225,0,null,0,0,0
1226,0,null,0,0,0
1227,0,null,0,0,0
1228,0,null,0,0,0
1229,0,null,0,0,0
1230,0,null,0,0,0
1231,0,null,0,0,0
1232,0,null,0,0,0
1233,0,null,0,0,0
1234,0,null,0,0,0
1235,0,null,0,0,0
1236,0,null,0,0,0
1237,0,null,0,0,0
1238,0,null,0,0,0
1239,0,null,0,0,0
1240,0,null,0,0,0
1241,0,null,0,0,0
1242,0,null,0,0,0
1243,0,null,0,0,0
1244,0,null,0,0,0
1245,0,null,0,0,0
1246,0,null,0,0,0
1247,1,primary_proton,1,1,1
1248,0,null,0,0,0
1249,0,null,0,0,0
1250,0,null,0,0,0
1251,0,null,0,0,0
1252,604,secondary_proton,1,1,1
1253,0,null,0,0,0
1254,0,null,0,0,0
1255,0,null,0,0,0
1256,0,null,0,0,0
1257,0,null,0,0,0
1258,13,pi+,1,1,1
1259,0,null,0,0,0
1260,0,null,0,0,0
1261,0,null,0,0,0
1262,0,null,0,0,0
1263,0,null,0,0,0
1264,0,null,0,0,0
1265,0,null,0,0,0
1266,0,null,0,0,0
1267,0,null,0,0,0
1268,0,null,0,0,0
1269,0,null,0,0,0
1270,0,null,0,0,0
1271,0,null,0,0,0
1272,0,null,0,0,0
1273,0,null,0,0,0
1274,0,null,0,0,0
1275,0,null,0,0,0
1276,0,null,0,0,0
1277,0,null,0,0,0
1278,0,null,0,0,0
1279,0,null,0,0,0
1280,0,null,0,0,0
1281,0,null,0,0,0
1282,0,null,0,0,0
1283,0,null,0,0,0
1284,1,primary_proton,1,1,1
1285,0,null,0,0,0
1286,0,null,0,0,0
1287,0,null,0,0,0
1288,0,null,0,0,0
1289,0,null,0,0,0
1290,0,null,0,0,0
1291,0,null,0,0,0
1292,0,null,0,0,0
1293,0,null,0,0,0
1294,0,null,0,0,0
1295,0,null,0,0,0
1296,0,null,0,0,0
1297,0,null,0,0,0
1298,0,null,0,0,0
1299,0,null,0,0,0
1171,0,null,0,0,0
1172,0,null,0,0,0
1173,0,null,0,0,0
1174,0,null,0,0,0
1175,0,null,0,0,0
1176,0,null,0,0,0
1177,0,null,0,0,0
1178,0,null,0,0,0
1179,0,null,0,0,0
1180,0,null,0,0,0
1181,0,null,0,0,0
1182,0,null,0,0,0
1183,0,null,0,0,0
1184,0,null,0,0,0
1185,0,null,0,0,0
1186,0,null,0,0,0
1187,0,null,0,0,0
1188,265,pi+,1,1,0
1189,0,null,0,0,0
1330,0,null,0,0,0
1331,0,null,0,0,0
1332,0,null,0,0,0
1333,0,null,0,0,0
1334,0,null,0,0,0
1335,0,null,0,0,0
1336,0,null,0,0,0
1337,0,null,0,0,0
1338,0,null,0,0,0
1339,0,null,0,0,0
1340,0,null,0,0,0
1341,0,null,0,0,0
1342,0,null,0,0,0
1343,0,null,0,0,0
1344,0,null,0,0,0
1345,0,null,0,0,0
1346,0,null,0,0,0
1347,0,null,0,0,0
1348,0,null,0,0,0
1349,0,null,0,0,0
1350,0,null,0,0,0
1351,0,null,0,0,0
1352,0,null,0,0,0
1353,0,null,0,0,0
1354,0,null,0,0,0
1355,0,null,0,0,0
1356,0,null,0,0,0
1357,0,null,0,0,0
1358,0,null,0,0,0
1359,0,null,0,0,0
1360,0,null,0,0,0
1361,0,null,0,0,0
1362,0,null,0,0,0
1363,0,null,0,0,0
1364,0,null,0,0,0
1365,0,null,0,0,0
1366,0,null,0,0,0
1367,0,null,0,0,0
1368,0,null,0,0,0
1369,0,null,0,0,0
1370,0,null,0,0,0
1371,0,null,0,0,0
1372,0,null,0,0,0
1373,0,null,0,0,0
1374,0,null,0,0,0
1375,0,null,0,0,0
1376,0,null,0,0,0
1377,0,null,0,0,0
1378,0,null,0,0,0
1379,0,null,0,0,0
1380,0,null,0,0,0
1381,0,null,0,0,0
1382,0,null,0,0,0
1383,0,null,0,0,0
1384,0,null,0,0,0
1385,0,null,0,0,0
1386,0,null,0,0,0
1387,0,null,0,0,0
1388,0,null,0,0,0
1389,13,secondary_proton,1,1,1
1390,0,null,0,0,0
1391,0,null,0,0,0
1392,0,null,0,0,0
1393,0,null,0,0,0
1394,0,null,0,0,0
1395,0,null,0,0,0
1396,0,nullG4WT0 > ,0,0,0
1397,0,null,0,0,0
1398,0,null,0,0,0
1399,0,null,0,0,0
1400,0,null,0,0,0
1401,0,null,0,0,0
1402,17,secondary_proton,1,1,1
1403,0,null,0,0,0
1404,0,null,0,0,0
1405,0,null,0,0,0
1406,0,null,0,0,0
1407,0,null,0,0,0
1408,0,null,0,0,0
1409,0,null,0,0,0
1410,0,null,0,0,0
1411,0,null,0,0,0
1412,0,null,0,0,0
1413,4138,pi+,1,0,0
1414,0,null,0,0,0
1415,0,null,0,0,0
1416,0,null,0,0,0
1417,0,null,0,0,0
1418,0,null,0,0,0
1419,0,null,0,0,0
1420,0,null,0,0,0
1421,0,null,0,0,0
1422,0,null,0,0,0
1423,0,null,0,0,0
1424,0,null,0,0,0
1425,0,null,0,0,0
1426,0,null,0,0,0
1427,0,null,0,0,0
1428,5,pi+,1,1,1
1429,0,null,0,0,0
1430,0,null,0,0,0
1431,0,null,0,0,0
1432,0,null,0,0,0
1433,0,null,0,0,0
1434,0,null,0,0,0
1435,0,null,0,0,0
1436,0,null,0,0,0
1437,0,null,0,0,0
1438,0,null,0,0,0
1439,0,null,0,0,0
1440,1847,pi-,1,1,0
1441,0,null,0,0,0
1442,0,null,0,0,0
1443,0,null,0,0,0
1444,0,null,0,0,0
1445,0,null,0,0,0
1446,0,null,0,0,0
1447,6,secondary_proton,1,1,1
1448,0,null,0,0,0
1449,12,pi+,1,1,1
1450,0,null,0,0,0
1451,1,primary_proton,1,1,1
1452,0,null,0,0,0
1453,0,null,0,0,0
1454,0,null,0,0,0
1455,0,null,0,0,0
1456,0,null,0,0,0
1457,0,null,0,0,0
1458,0,null,0,0,0
1459,0,null,0,0,0
1460,0,null,0,0,0
1461,0,null,0,0,0
1462,0,null,0,0,0
1463,0,null,0,0,0
1464,0,null,0,0,0
1465,0,null,0,0,0
1466,0,null,0,0,0
1467,0,null,0,0,0
1468,0,null,0,0,0
1469,0,null,0,0,0
1540,0,null,0,0,0
1541,0,null,0,0,0
1542,0,null,0,0,0
1543,0,null,0,0,0
1544,0,null,0,0,0
1545,0,null,0,0,0
1546,0,null,0,0,0
1300,0,null,0,0,0
1301,0,null,0,0,0
1302,0,null,0,0,0
1303,0,null,0,0,0
1304,0,null,0,0,0
1305,0,null,0,0,0
1306,0,null,0,0,0
1307,0,null,0,0,0
1308,0,null,0,0,0
1309,0,null,0,0,0
1310,0,null,0,0,0
1311,0,null,0,0,0
1312,0,null,0,0,0
1313,0,null,0,0,0
1314,0,null,0,0,0
1315,0,null,0,0,0
1316,0,null,0,0,0
1317,0,null,0,0,0
1318,0,null,0,0,0
1319,0,null,0,0,0
1320,0,null,0,0,0
1321,1,primary_proton,1,1,1
1322,3,secondary_proton,1,1,1
1323,0,null,0,0,0
1324,0,null,0,0,0
1325,0,null,0,0,0
1326,8,pi-,1,1,0
1327,0,null,0,0,0
1328,0,null,0,0,0
1329,0,null,0,0,0
1470,0,null,0,0,0
1471,0,null,0,0,0
1472,0,null,0,0,0
1473,0,null,0,0,0
1474,0,null,0,0,0
1475,0,null,0,0,0
1476,0,null,0,0,0
1477,15,pi-,1,1,1
1478,0,null,0,0,0
1479,0,null,0,0,0
1480,0,null,0,0,0
1481,0,null,0,0,0
1482,0,null,0,0,0
1483,7,pi+,1,1,1
1484,0,null,0,0,0
1485,0,null,0,0,0
1486,0,null,0,0,0
1487,0,null,0,0,0
1488,0,null,0,0,0
1489,0,null,0,0,0
1490,0,null,0,0,0
1491,0,null,0,0,0
1492,0,null,0,0,0
1493,0,null,0,0,0
1494,0,null,0,0,0
1495,0,null,0,0,0
1496,0,null,0,0,0
1497,0,null,0,0,0
1498,0,null,0,0,0
1499,0,null,0,0,0
1547,0,null,0,0,0
1548,0,null,0,0,0
1549,0,null,0,0,0
1550,0,null,0,0,0
1551,8,pi+,1,1,1
1552,0,null,0,0,0
1553,0,null,0,0,0
1554,0,null,0,0,0
1555,0,null,0,0,0
1556,0,null,0,0,0
1557,0,null,0,0,0
1558,0,null,0,0,0
1559,0,null,0,0,0
1560,0,null,0,0,0
1561,0,null,0,0,0
1562,0,null,0,0,0
1563,0,null,0,0,0
1564,0,null,0,0,0
1565,0,null,0,0,0
1566,0,null,0,0,0
1567,0,null,0,0,0
1568,0,null,0,0,0
1569,0,null,0,0,0
1570,0,null,0,0,0
1571,0,null,0,0,0
1572,0,null,0,0,0
1573,0,null,0,0,0
1574,0,null,0,0,0
1575,0,null,0,0,0
1576,0,null,0,0,0
1577,0,null,0,0,0
1578,0,null,0,0,0
1579,0,null,0,0,0
1580,0,null,0,0,0
1581,0,null,0,0,0
1582,0,null,0,0,0
1583,0,null,0,0,0
1584,0,null,0,0,0
1585,0,null,0,0,0
1586,0,null,0,0,0
1587,0,null,0,0,0
1588,0,null,0,0,0
1589,0,null,0,0,0
1590,0,null,0,0,0
1591,0,null,0,0,0
1592,0,null,0,0,0
1593,0,null,0,0,0
1594,11,secondary_proton,1,1,1
1595,0,null,0,0,0
1596,0,null,0,0,0
1597,0,null,0,0,0
1598,0,null,0,0,0
1599,0,null,0,0,0
1500,0,null,0,0,0
1501,0,null,0,0,0
1502,0,null,0,0,0
1503,0,null,0,0,0
1504,0,null,0,0,0
1505,8,pi+,1,1,1
1506,0,null,0,0,0
1507,0,null,0,0,0
1508,0,null,0,0,0
1509,1,primary_proton,1,1,1
1510,0,null,0,0,0
1511,0,null,0,0,0
1512,0,null,0,0,0
1513,0,null,0,0,0
1514,0,null,0,0,0
1515,0,null,0,0,0
1516,0,null,0,0,0
1517,0,null,0,0,0
1518,16,pi+,1,0,1
1519,0,null,0,0,0
1520,0,null,0,0,0
1521,0,null,0,0,0
1522,0,null,0,0,0
1523,0,null,0,0,0
1524,0,null,0,0,0
1525,0,null,0,0,0
1526,0,null,0,0,0
1527,15,pi-,1,1,1
1528,0,null,0,0,0
1529,0,null,0,0,0
1530,0,null,0,0,0
1531,0,null,0,0,0
1532,0,null,0,0,0
1533,0,null,0,0,0
1534,1,primary_proton,1,1,1
1535,0,null,0,0,0
1536,0,null,0,0,0
1537,0,null,0,0,0
1538,0,null,0,0,0
1539,0,null,0,0,0
1680,0,null,0,0,0
1681,0,null,0,0,0
1682,0,null,0,0,0
1683,0,null,0,0,0
1684,0,null,0,0,0
1685,0,null,0,0,0
1686,0,null,0,0,0
1687,0,null,0,0,0
1688,0,null,0,0,0
1689,0,null,0,0,0
1690,0,null,0,0,0
1691,0,null,0,0,0
1692,0,null,0,0,0
1693,0,null,0,0,0
1694,0,null,0,0,0
1695,517,e+,1,1,1
1696,0,null,0,0,0
1697,0,null,0,0,0
1698,0,nullG4WT1 > ,0,0,0
1699,0,null,0,0,0
1600,0,null,0,0,0
1601,0,null,0,0,0
1602,0,null,0,0,0
1603,0,null,0,0,0
1604,0,null,0,0,0
1605,0,null,0,0,0
1606,0,null,0,0,0
1607,0,null,0,0,0
1608,0,null,0,0,0
1609,0,null,0,0,0
1610,0,null,0,0,0
1611,0,null,0,0,0
1612,0,null,0,0,0
1613,0,null,0,0,0
1614,0,null,0,0,0
1615,3627,pi+,1,1,1
1616,0,null,0,0,0
1617,0,null,0,0,0
1618,0,null,0,0,0
1619,0,null,0,0,0
1620,0,null,0,0,0
1621,0,null,0,0,0
1622,0,null,0,0,0
1623,0,null,0,0,0
1624,0,null,0,0,0
1625,0,null,0,0,0
1626,15,secondary_proton,1,1,1
1627,0,null,0,0,0
1628,0,null,0,0,0
1629,0,null,0,0,0
1630,0,null,0,0,0
1631,0,null,0,0,0
1632,0,null,0,0,0
1633,1,primary_proton,1,1,1
1634,0,null,0,0,0
1635,0,null,0,0,0
1636,0,null,0,0,0
1637,0,null,0,0,0
1638,0,null,0,0,0
1639,0,null,0,0,0
1640,0,null,0,0,0
1641,0,null,0,0,0
1642,0,null,0,0,0
1643,84,secondary_proton,1,1,1
1644,0,null,0,0,0
1645,0,null,0,0,0
1646,0,null,0,0,0
1647,0,null,0,0,0
1648,0,null,0,0,0
1649,0,null,0,0,0
1650,0,null,0,0,0
1651,0,null,0,0,0
1652,0,null,0,0,0
1653,0,null,0,0,0
1654,0,null,0,0,0
1655,7,pi+,1,1,1
1656,0,null,0,0,0
1657,0,null,0,0,0
1658,0,null,0,0,0
1659,0,null,0,0,0
1660,0,null,0,0,0
1661,0,null,0,0,0
1662,0,null,0,0,0
1663,0,null,0,0,0
1664,0,null,0,0,0
1665,0,null,0,0,0
1666,232,pi-,1,1,1
1667,0,null,0,0,0
1668,0,null,0,0,0
1669,0,null,0,0,0
1670,0,null,0,0,0
1671,0,null,0,0,0
1672,0,null,0,0,0
1673,0,null,0,0,0
1674,0,null,0,0,0
1675,0,null,0,0,0
1676,0,null,0,0,0
1677,0,null,0,0,0
1678,1,primary_proton,1,1,1
1679,0,null,0,0,0
1750,0,null,0,0,0
1751,0,null,0,0,0
1752,0,null,0,0,0
1753,0,null,0,0,0
1754,0,null,0,0,0
1755,0,null,0,0,0
1756,0,null,0,0,0
1757,0,null,0,0,0
1758,0,null,0,0,0
1759,0,null,0,0,0
1760,0,null,0,0,0
1761,0,null,0,0,0
1762,0,null,0,0,0
1763,0,null,0,0,0
1764,0,null,0,0,0
1765,0,null,0,0,0
1766,0,null,0,0,0
1767,0,null,0,0,0
1768,7,pi+,1,1,1
1769,0,null,0,0,0
1770,0,null,0,0,0
1771,0,null,0,0,0
1772,0,null,0,0,0
1773,7,secondary_proton,1,0,0
1774,0,null,0,0,0
1775,0,null,0,0,0
1776,0,null,0,0,0
1777,0,null,0,0,0
1778,0,null,0,0,0
1779,0,null,0,0,0
1780,0,null,0,0,0
1781,0,null,0,0,0
1782,0,null,0,0,0
1783,0,null,0,0,0
1784,0,null,0,0,0
1785,0,null,0,0,0
1786,0,null,0,0,0
1787,0,null,0,0,0
1788,0,null,0,0,0
1789,0,null,0,0,0
1790,0,null,0,0,0
1791,0,null,0,0,0
1792,0,null,0,0,0
1793,0,null,0,0,0
1794,0,null,0,0,0
1795,0,null,0,0,0
1796,0,null,0,0,0
1797,0,null,0,0,0
1798,0,null,0,0,0
1799,0,null,0,0,0
1800,4,secondary_proton,1,1,1
1801,9,pi+,1,1,0
1802,0,null,0,0,0
1803,0,null,0,0,0
1804,0,null,0,0,0
1805,0,null,0,0,0
1806,0,null,0,0,0
1807,0,null,0,0,0
1808,0,null,0,0,0
1809,0,null,0,0,0
1810,0,null,0,0,0
1811,0,null,0,0,0
1812,0,null,0,0,0
1813,0,null,0,0,0
1814,1,primary_proton,1,1,1
1815,0,null,0,0,0
1816,0,null,0,0,0
1817,0,null,0,0,0
1818,0,null,0,0,0
1819,0,null,0,0,0
1890,0,null,0,0,0
1891,0,null,0,0,0
1892,0,null,0,0,0
1893,0,null,0,0,0
1894,0,null,0,0,0
1895,0,null,0,0,0
1896,0,null,0,0,0
1897,0,null,0,0,0
1898,0,null,0,0,0
1899,0,null,0,0,0
1700,0,null,0,0,0
1701,1,primary_proton,1,1,1
1702,0,null,0,0,0
1703,0,null,0,0,0
1704,0,null,0,0,0
1705,0,null,0,0,0
1706,0,null,0,0,0
1707,0,null,0,0,0
1708,0,null,0,0,0
1709,0,null,0,0,0
1710,0,null,0,0,0
1711,0,null,0,0,0
1712,0,null,0,0,0
1713,0,null,0,0,0
1714,0,null,0,0,0
1715,0,null,0,0,0
1716,0,null,0,0,0
1717,0,null,0,0,0
1718,701,e-,1,1,0
1719,0,null,0,0,0
1720,0,null,0,0,0
1721,0,null,0,0,0
1722,0,null,0,0,0
1723,0,null,0,0,0
1724,0,null,0,0,0
1725,0,null,0,0,0
1726,0,null,0,0,0
1727,0,null,0,0,0
1728,0,null,0,0,0
1729,0,null,0,0,0
1730,0,null,0,0,0
1731,0,null,0,0,0
1732,0,null,0,0,0
1733,0,null,0,0,0
1734,0,null,0,0,0
1735,839,e+,1,1,1
1736,0,null,0,0,0
1737,0,null,0,0,0
1738,0,null,0,0,0
1739,0,null,0,0,0
1740,0,null,0,0,0
1741,0,null,0,0,0
1742,0,null,0,0,0
1743,0,null,0,0,0
1744,1,primary_proton,1,1,1
1745,9,pi+,1,1,1
1746,0,null,0,0,0
1747,0,null,0,0,0
1748,0,null,0,0,0
1749,0,null,0,0,0
1820,9,kaon+,1,1,1
1821,0,null,0,0,0
1822,0,null,0,0,0
1823,0,null,0,0,0
1824,0,null,0,0,0
1825,0,null,0,0,0
1826,0,null,0,0,0
1827,0,null,0,0,0
1828,0,null,0,0,0
1829,0,null,0,0,0
1830,0,null,0,0,0
1831,16,secondary_proton,1,1,1
1832,0,null,0,0,0
1833,0,null,0,0,0
1834,0,null,0,0,0
1835,0,null,0,0,0
1836,0,null,0,0,0
1837,0,null,0,0,0
1900,0,null,0,0,0
1901,0,null,0,0,0
1902,0,null,0,0,0
1903,0,null,0,0,0
1904,0,null,0,0,0
1905,0,null,0,0,0
1906,0,null,0,0,0
1907,0,null,0,0,0
1908,0,null,0,0,0
1909,0,null,0,0,0
1910,0,null,0,0,0
1911,0,null,0,0,0
1912,1,primary_proton,1,1,1
1913,0,null,0,0,0
1914,0,null,0,0,0
1915,16,secondary_proton,1,1,1
1916,84,secondary_proton,1,1,1
1917,0,null,0,0,0
1918,0,null,0,0,0
1919,0,null,0,0,0
1920,0,null,0,0,0
1921,0,null,0,0,0
1922,0,null,0,0,0
1923,0,null,0,0,0
1924,0,null,0,0,0
1925,0,null,0,0,0
1926,0,null,0,0,0
1927,0,null,0,0,0
1928,0,null,0,0,0
1929,0,null,0,0,0
1930,0,null,0,0,0
1931,0,null,0,0,0
1932,0,null,0,0,0
1933,0,null,0,0,0
1934,0,null,0,0,0
1935,0,null,0,0,0
1936,0,null,0,0,0
1937,0,null,0,0,0
1938,0,null,0,0,0
1939,0,null,0,0,0
1940,0,null,0,0,0
1941,0,null,0,0,0
1942,0,null,0,0,0
1943,0,null,0,0,0
1944,0,null,0,0,0
1945,0,null,0,0,0
1946,0,null,0,0,0
1947,0,null,0,0,0
1948,0,null,0,0,0
1949,0,null,0,0,0
1950,0,null,0,0,0
1951,0,null,0,0,0
1952,11,pi-,1,1,0
1953,0,null,0,0,0
1954,0,null,0,0,0
1955,0,null,0,0,0
1956,0,null,0,0,0
1957,0,null,0,0,0
1958,0,null,0,0,0
1959,0,null,0,0,0
1960,0,null,0,0,0
1961,0,null,0,0,0
1962,0,null,0,0,0
1963,0,null,0,0,0
1964,0,null,0,0,0
1965,0,null,0,0,0
1966,0,null,0,0,0
1967,0,null,0,0,0
1968,0,null,0,0,0
1969,1135,e-,1,1,1
1970,0,null,0,0,0
1971,0,null,0,0,0
1972,0,null,0,0,0
1973,0,null,0,0,0
1975,0,null,0,0,0
1976,0,null,0,0,0
1977,0,null,0,0,0
1978,0,null,0,0,0
1979,0,null,0,0,0
1980,0,null,0,0,0
1981,0,null,0,0,0
1982,0,null,0,0,0
1983,0,null,0,0,0
1984,0,null,0,0,0
1985,7,pi+,1,1,0
1986,0,null,0,0,0
1987,0,null,0,0,0
1988,0,null,0,0,0
1989,0,null,0,0,0
1990,0,null,0,0,0
1991,0,null,0,0,0
1992,0,null,0,0,0
1993,0,null,0,0,0
1994,1,primary_proton,1,1,1
1995,0,null,0,0,0
1996,0,null,0,0,0
1997,0,null,0,0,0
1998,0,null,0,0,0
1999,0,null,0,0,0
2000,0,null,0,0,0
2001,0,null,0,0,0
2002,0,null,0,0,0
2003,0,null,0,0,0
2004,0,null,0,0,0
2005,0,null,0,0,0
2006,0,null,0,0,0
2007,0,null,0,0,0
2008,0,null,0,0,0
2009,0,null,0,0,0
2010,0,null,0,0,0
2011,0,null,0,0,0
2012,0,null,0,0,0
2013,0,null,0,0,0
2014,0,null,0,0,0
2015,0,null,0,0,0
2016,0,null,0,0,0
2017,0,null,0,0,0
2018,0,null,0,0,0
2019,0,null,0,0,0
2020,22,kaon+,1,0,0
2021,0,null,0,0,0
2022,0,null,0,0,0
2023,0,null,0,0,0
2024,0,null,0,0,0
2025,0,null,0,0,0
2026,0,null,0,0,0
2027,0,null,0,0,0
2028,0,null,0,0,0
2029,0,null,0,0,0
1838,0,null,0,0,0
1839,0,null,0,0,0
1840,0,null,0,0,0
1841,0,null,0,0,0
1842,0,null,0,0,0
1843,0,null,0,0,0
1844,0,null,0,0,0
1845,0,null,0,0,0
1846,0,null,0,0,0
1847,0,null,0,0,0
1848,0,null,0,0,0
1849,0,null,0,0,0
1850,0,null,0,0,0
1851,0,null,0,0,0
1852,0,null,0,0,0
1853,0,null,0,0,0
1854,2151,e-,1,1,1
1855,0,null,0,0,0
1856,0,null,0,0,0
1857,0,null,0,0,0
1858,791,e+,1,1,1
1859,0,null,0,0,0
1860,0,null,0,0,0
1861,0,null,0,0,0
1862,0,null,0,0,0
1863,0,null,0,0,0
1864,0,null,0,0,0
1865,0,null,0,0,0
1866,0,null,0,0,0
1867,0,null,0,0,0
1868,0,null,0,0,0
1869,0,null,0,0,0
1870,0,null,0,0,0
1871,0,null,0,0,0
1872,0,null,0,0,0
1873,0,null,0,0,0
1874,0,null,0,0,0
1875,0,null,0,0,0
1876,0,null,0,0,0
1877,0,null,0,0,0
1878,0,null,0,0,0
1879,0,null,0,0,0
1880,0,null,0,0,0
1881,0,null,0,0,0
1882,0,null,0,0,0
1883,0,null,0,0,0
1884,0,null,0,0,0
1885,0,null,0,0,0
1886,0,null,0,0,0
1887,0,null,0,0,0
1888,0,null,0,0,0
1889,0,null,0,0,0
2030,0,null,0,0,0
2031,0,null,0,0,0
2032,0,null,0,0,0
2033,0,null,0,0,0
2034,0,null,0,0,0
2035,5,pi-,1,1,1
2036,0,null,0,0,0
2037,0,null,0,0,0
2038,0,null,0,0,0
2039,0,null,0,0,0
2040,4,pi+,1,1,1
2041,0,null,0,0,0
2100,1,primary_proton,1,1,1
2101,0,null,0,0,0
2102,0,null,0,0,0
2103,0,null,0,0,0
2104,0,null,0,0,0
2105,0,null,0,0,0
2106,0,null,0,0,0
2107,0,null,0,0,0
2108,0,null,0,0,0
2109,0,null,0,0,0
2110,0,null,0,0,0
2111,0,null,0,0,0
2112,0,null,0,0,0
2113,0,null,0,0,0
2114,0,null,0,0,0
2115,0,null,0,0,0
2116,0,null,0,0,0
2117,0,null,0,0,0
2118,0,null,0,0,0
2119,0,null,0,0,0
2120,0,null,0,0,0
2121,0,null,0,0,0
2122,0,null,0,0,0
2123,0,null,0,0,0
2124,0,null,0,0,0
2125,0,null,0,0,0
2126,0,null,0,0,0
2127,0,null,0,0,0
2128,0,null,0,0,0
2129,0,null,0,0,0
2130,0,null,0,0,0
2131,0,null,0,0,0
2132,0,null,0,0,0
2133,1,primary_proton,1,1,1
2134,0,null,0,0,0
2135,0,null,0,0,0
2136,0,null,0,0,0
2137,0,null,0,0,0
2138,0,null,0,0,0
2139,0,null,0,0,0
2140,0,null,0,0,0
2141,0,null,0,0,0
2142,0,null,0,0,0
2143,0,null,0,0,0
2144,0,null,0,0,0
2145,0,null,0,0,0
2146,0,null,0,0,0
2147,0,null,0,0,0
2148,0,null,0,0,0
2149,0,null,0,0,0
2150,0,null,0,0,0
2151,0,null,0,0,0
2152,0,null,0,0,0
2153,0,null,0,0,0
2154,0,null,0,0,0
2155,531,pi-,0,1,1
2156,0,null,0,0,0
2157,0,null,0,0,0
2158,0,null,0,0,0
2159,0,null,0,0,0
2160,0,null,0,0,0
2161,0,null,0,0,0
2162,257,secondary_proton,1,1,1
2163,0,null,0,0,0
2164,0,null,0,0,0
2165,0,null,0,0,0
2166,0,null,0,0,0
2167,946,secondary_proton,1,1,0
2168,0,null,0,0,0
2169,0,null,0,0,0
2170,0,null,0,0,0
2171,4,secondary_proton,1,1,1
2172,0,null,0,0,0
2173,0,null,0,0,0
2174,1,primary_proton,1,1,1
2175,0,null,0,0,0
2176,0,null,0,0,0
2177,0,null,0,0,0
2178,0,null,0,0,0
2179,0,null,0,0,0
2180,0,null,0,0,0
2181,0,null,0,0,0
2182,0,null,0,0,0
2183,0,null,0,0,0
2184,0,null,0,0,0
2185,0,null,0,0,0
2186,0,null,0,0,0
2187,0,null,0,0,0
2188,0,null,0,0,0
2189,8,secondary_proton,1,0,0
2190,0,null,0,0,0
2191,0,null,0,0,0
2192,0,null,0,0,0
2193,0,null,0,0,0
2194,0,null,0,0,0
2195,0,null,0,0,0
2196,0,null,0,0,0
2197,0,null,0,0,0
2198,0,null,0,0,0
2199,0,null,0,0,0
2042,2924,e-,1,1,0
2043,0,null,0,0,0
2044,0,null,0,0,0
2045,0,null,0,0,0
2046,11,pi+,1,1,1
2047,0,null,0,0,0
2048,0,null,0,0,0
2049,0,null,0,0,0
2050,0,null,0,0,0
2051,0,null,0,0,0
2052,0,null,0,0,0
2053,0,null,0,0,0
2054,0,null,0,0,0
2055,0,null,0,0,0
2056,0,null,0,0,0
2057,0,null,0,0,0
2058,0,null,0,0,0
2059,0,null,0,0,0
2060,0,null,0,0,0
2061,0,null,0,0,0
2062,12,pi+,1,1,1
2063,0,null,0,0,0
2064,0,null,0,0,0
2065,173,e+,1,0,0
2066,0,null,0,0,0
2067,0,null,0,0,0
2068,0,null,0,0,0
2069,0,null,0,0,0
2070,0,null,0,0,0
2071,0,null,0,0,0
2072,0,null,0,0,0
2073,1,primary_proton,1,1,1
2074,0,null,0,0,0
2075,0,null,0,0,0
2076,0,null,0,0,0
2077,0,null,0,0,0
2078,0,null,0,0,0
2079,0,null,0,0,0
2080,0,null,0,0,0
2081,0,null,0,0,0
2082,0,null,0,0,0
2083,0,null,0,0,0
2084,0,null,0,0,0
2085,0,null,0,0,0
2086,0,null,0,0,0
2087,0,null,0,0,0
2088,0,null,0,0,0
2089,0,null,0,0,0
2090,0,null,0,0,0
2091,0,null,0,0,0
2092,8,pi-,1,0,0
2093,0,null,0,0,0
2094,0,null,0,0,0
2095,0,null,0,0,0
2096,0,null,0,0,0
2097,0,null,0,0,0
2098,0,null,0,0,0
2099,0,null,0,0,0
2240,0,null,0,0,0
2241,0,null,0,0,0
2242,0,null,0,0,0
2243,0,null,0,0,0
2244,0,null,0,0,0
2245,0,null,0,0,0
2246,0,null,0,0,0
2200,0,null,0,0,0
2201,0,null,0,0,0
2202,0,null,0,0,0
2203,0,null,0,0,0
2204,0,null,0,0,0
2205,0,null,0,0,0
2206,0,null,0,0,0
2207,0,null,0,0,0
2208,0,null,0,0,0
2209,10,pi-,1,1,1
2210,0,null,0,0,0
2211,1,primary_proton,1,1,1
2212,348,secondary_proton,1,1,1
2213,0,null,0,0,0
2214,0,null,0,0,0
2215,0,null,0,0,0
2216,0,null,0,0,0
2217,0,null,0,0,0
2218,0,null,0,0,0
2219,1,primary_proton,1,1,1
2220,0,null,0,0,0
2221,0,null,0,0,0
2222,0,null,0,0,0
2223,0,null,0,0,0
2224,0,null,0,0,0
2225,0,null,0,0,0
2226,0,null,0,0,0
2227,0,null,0,0,0
2228,0,null,0,0,0
2229,0,null,0,0,0
2230,0,null,0,0,0
2231,0,null,0,0,0
2232,0,null,0,0,0
2233,0,null,0,0,0
2234,0,null,0,0,0
2235,0,null,0,0,0
2236,0,null,0,0,0
2237,0,null,0,0,0
2238,0,null,0,0,0
2239,0,null,0,0,0
2310,0,null,0,0,0
2311,0,null,0,0,0
2312,0,null,0,0,0
2313,0,null,0,0,0
2314,0,null,0,0,0
2315,0,null,0,0,0
2316,0,null,0,0,0
2317,0,null,0,0,0
2318,0,null,0,0,0
2319,0,null,0,0,0
2320,0,null,0,0,0
2321,0,null,0,0,0
2322,0,null,0,0,0
2323,0,null,0,0,0
2324,0,null,0,0,0
2325,0,null,0,0,0
2326,0,null,0,0,0
2327,0,null,0,0,0
2328,0,null,0,0,0
2329,0,null,0,0,0
2330,0,null,0,0,0
2331,7,secondary_proton,1,0,1
2332,0,null,0,0,0
2333,1,primary_proton,1,1,1
2334,0,null,0,0,0
2335,0,null,0,0,0
2336,0,null,0,0,0
2337,0,null,0,0,0
2338,0,null,0,0,0
2339,0,null,0,0,0
2340,0,null,0,0,0
2341,0,null,0,0,0
2342,0,null,0,0,0
2343,0,null,0,0,0
2344,0,null,0,0,0
2345,0,null,0,0,0
2346,0,null,0,0,0
2247,1,primary_proton,1,1,1
2248,0,null,0,0,0
2249,0,null,0,0,0
2250,1,primary_proton,1,1,1
2251,3,secondary_proton,1,1,1
2252,0,null,0,0,0
2253,0,null,0,0,0
2254,0,null,0,0,0
2255,0,null,0,0,0
2256,0,null,0,0,0
2257,680,pi+,1,1,0
2258,0,null,0,0,0
2259,0,null,0,0,0
2260,0,null,0,0,0
2261,0,null,0,0,0
2262,0,null,0,0,0
2263,0,null,0,0,0
2264,0,null,0,0,0
2265,7,secondary_proton,1,1,0
2266,0,null,0,0,0
2267,0,null,0,0,0
2268,909,e-,0,1,0
2269,0,null,0,0,0
2270,0,null,0,0,0
2271,0,null,0,0,0
2272,8,pi-,1,1,1
2273,1,primary_proton,1,1,1
2274,0,null,0,0,0
2275,0,null,0,0,0
2276,0,null,0,0,0
2277,0,null,0,0,0
2278,0,null,0,0,0
2279,0,null,0,0,0
2280,0,null,0,0,0
2281,0,null,0,0,0
2282,0,null,0,0,0
2283,0,null,0,0,0
2284,0,null,0,0,0
2285,0,null,0,0,0
2286,0,null,0,0,0
2287,0,null,0,0,0
2288,0,null,0,0,0
2289,0,null,0,0,0
2290,0,null,0,0,0
2291,0,null,0,0,0
2292,0,null,0,0,0
2293,0,null,0,0,0
2294,0,null,0,0,0
2295,0,null,0,0,0
2296,0,null,0,0,0
2297,2,secondary_proton,1,1,1
2298,0,null,0,0,0
2299,0,null,0,0,0
2300,0,null,0,0,0
2301,0,null,0,0,0
2302,0,null,0,0,0
2303,0,null,0,0,0
2304,0,null,0,0,0
2305,0,null,0,0,0
2306,0,null,0,0,0
2307,0,null,0,0,0
2308,0,null,0,0,0
2309,0,null,0,0,0
2380,0,null,0,0,0
2381,0,null,0,0,0
2382,0,null,0,0,0
2383,0,null,0,0,0
2384,0,null,0,0,0
2385,0,null,0,0,0
2386,0,null,0,0,0
2387,0,null,0,0,0
2388,0,null,0,0,0
2389,0,null,0,0,0
2390,0,null,0,0,0
2391,0,null,0,0,0
2392,0,null,0,0,0
2393,0,null,0,0,0
2394,0,null,0,0,0
2395,0,null,0,0,0
2396,0,null,0,0,0
2397,0,null,0,0,0
2398,10,pi+,1,1,1
2399,0,null,0,0,0
2347,0,null,0,0,0
2348,0,null,0,0,0
2349,0,null,0,0,0
2350,0,null,0,0,0
2351,0,null,0,0,0
2352,0,null,0,0,0
2353,0,null,0,0,0
2354,0,null,0,0,0
2355,0,null,0,0,0
2356,0,null,0,0,0
2357,0,null,0,0,0
2358,0,null,0,0,0
2359,0,null,0,0,0
2360,0,null,0,0,0
2361,0,null,0,0,0
2362,0,null,0,0,0
2363,0,null,0,0,0
2364,0,null,0,0,0
2365,0,null,0,0,0
2366,0,null,0,0,0
2367,0,null,0,0,0
2368,7,pi-,1,1,1
2369,0,null,0,0,0
2370,0,null,0,0,0
2371,0,null,0,0,0
2372,0,null,0,0,0
2373,0,null,0,0,0
2374,0,null,0,0,0
2375,0,null,0,0,0
2376,0,null,0,0,0
2377,12,secondary_proton,1,1,1
2378,0,null,0,0,0
2379,0,null,0,0,0
2450,0,null,0,0,0
2451,0,null,0,0,0
2452,0,null,0,0,0
2453,0,null,0,0,0
2454,0,null,0,0,0
2455,0,null,0,0,0
2456,0,null,0,0,0
2457,0,null,0,0,0
2458,0,null,0,0,0
2459,0,null,0,0,0
2460,0,null,0,0,0
2461,0,null,0,0,0
2462,0,null,0,0,0
2463,3,pi+,1,0,0
2464,0,null,0,0,0
2465,0,null,0,0,0
2466,0,null,0,0,0
2467,0,G4WT0 > null,0,0,0
2468,0,null,0,0,0
2469,0,null,0,0,0
2470,0,null,0,0,0
2471,0,null,0,0,0
2472,0,null,0,0,0
2473,0,null,0,0,0
2474,0,null,0,0,0
2475,0,null,0,0,0
2476,0,null,0,0,0
2477,0,null,0,0,0
2478,0,null,0,0,0
2479,0,null,0,0,0
2480,0,null,0,0,0
2481,0,null,0,0,0
2482,0,null,0,0,0
2483,0,null,0,0,0
2484,0,null,0,0,0
2485,0,null,0,0,0
2486,1,primary_proton,1,1,1
2487,91,secondary_proton,1,0,0
2488,0,null,0,0,0
2489,0,null,0,0,0
2490,1,primary_proton,1,1,1
2491,0,null,0,0,0
2492,9,pi+,1,1,1
2493,0,null,0,0,0
2494,0,null,0,0,0
2495,0,null,0,0,0
2496,0,null,0,0,0
2497,0,null,0,0,0
2498,0,null,0,0,0
2499,0,null,0,0,0
2400,0,null,0,0,0
2401,0,null,0,0,0
2402,1,primary_proton,1,1,1
2403,0,null,0,0,0
2404,408,e-,1,1,0
2405,0,null,0,0,0
2406,0,null,0,0,0
2407,0,null,0,0,0
2408,0,null,0,0,0
2409,0,null,0,0,0
2410,0,null,0,0,0
2411,0,null,0,0,0
2412,1,primary_proton,1,1,1
2413,0,null,0,0,0
2414,0,null,0,0,0
2415,0,null,0,0,0
2416,0,null,0,0,0
2417,0,null,0,0,0
2418,1,primary_proton,1,1,1
2419,0,null,0,0,0
2420,0,null,0,0,0
2421,0,null,0,0,0
2422,0,null,0,0,0
2423,0,null,0,0,0
2424,0,null,0,0,0
2425,0,null,0,0,0
2426,0,null,0,0,0
2427,0,null,0,0,0
2428,0,null,0,0,0
2429,0,null,0,0,0
2430,1,primary_proton,1,1,1
2431,10,pi+,1,1,0
2432,0,null,0,0,0
2433,0,null,0,0,0
2434,0,null,0,0,0
2435,10,pi+,1,1,1
2436,796,pi+,1,1,1
2437,0,null,0,0,0
2438,0,null,0,0,0
2439,0,null,0,0,0
2440,0,null,0,0,0
2441,0,null,0,0,0
2442,0,null,0,0,0
2443,0,null,0,0,0
2444,0,null,0,0,0
2445,1,primary_proton,1,1,1
2446,0,null,0,0,0
2447,0,null,0,0,0
2448,0,null,0,0,0
2449,0,null,0,0,0
2590,0,null,0,0,0
2591,0,null,0,0,0
2592,0,null,0,0,0
2593,0,null,0,0,0
2594,0,null,0,0,0
2595,0,null,0,0,0
2596,0,null,0,0,0
2597,0,null,0,0,0
2598,0,null,0,0,0
2599,0,null,0,0,0
2500,0,null,0,0,0
2501,0,null,0,0,0
2502,0,null,0,0,0
2503,0,null,0,0,0
2504,0,null,0,0,0
2505,0,null,0,0,0
2506,0,null,0,0,0
2507,0,null,0,0,0
2508,0,null,0,0,0
2509,0,null,0,0,0
2510,0,null,0,0,0
2511,0,null,0,0,0
2512,0,null,0,0,0
2513,0,null,0,0,0
2514,0,null,0,0,0
2515,0,null,0,0,0
2516,0,null,0,0,0
2517,0,null,0,0,0
2518,0,null,0,0,0
2519,1,primary_proton,1,1,1
2520,0,null,0,0,0
2521,0,null,0,0,0
2522,1,primary_proton,1,1,1
2523,0,null,0,0,0
2524,0,null,0,0,0
2525,0,null,0,0,0
2526,0,null,0,0,0
2527,0,null,0,0,0
2528,0,null,0,0,0
2529,0,null,0,0,0
2530,0,null,0,0,0
2531,0,null,0,0,0
2532,0,null,0,0,0
2533,0,null,0,0,0
2534,0,null,0,0,0
2535,11,secondary_proton,1,1,1
2536,0,null,0,0,0
2537,0,null,0,0,0
2538,0,null,0,0,0
2539,0,null,0,0,0
2540,0,null,0,0,0
2541,0,null,0,0,0
2542,0,null,0,0,0
2543,0,null,0,0,0
2544,0,null,0,0,0
2545,0,null,0,0,0
2546,0,null,0,0,0
2547,0,null,0,0,0
2548,0,null,0,0,0
2549,0,null,0,0,0
2550,0,null,0,0,0
2551,0,null,0,0,0
2552,0,null,0,0,0
2553,0,null,0,0,0
2554,0,null,0,0,0
2555,0,null,0,0,0
2556,0,null,0,0,0
2557,0,null,0,0,0
2558,0,null,0,0,0
2559,0,null,0,0,0
2560,1,primary_proton,1,1,1
2561,0,null,0,0,0
2562,0,null,0,0,0
2563,0,null,0,0,0
2564,0,null,0,0,0
2565,0,null,0,0,0
2566,0,null,0,0,0
2567,0,null,0,0,0
2568,0,null,0,0,0
2569,0,null,0,0,0
2570,1,primary_proton,1,1,1
2571,0,null,0,0,0
2572,0,null,0,0,0
2573,0,null,0,0,0
2574,0,null,0,0,0
2575,0,null,0,0,0
2600,0,null,0,0,0
2601,1,primary_proton,1,1,1
2602,0,null,0,0,0
2603,0,null,0,0,0
2604,0,null,0,0,0
2605,0,null,0,0,0
2606,0,null,0,0,0
2607,0,null,0,0,0
2608,0,null,0,0,0
2609,0,null,0,0,0
2610,0,null,0,0,0
2611,0,null,0,0,0
2612,0,null,0,0,0
2613,0,null,0,0,0
2614,0,null,0,0,0
2615,0,null,0,0,0
2616,0,null,0,0,0
2617,0,null,0,0,0
2618,0,null,0,0,0
2619,0,null,0,0,0
2620,0,null,0,0,0
2621,0,null,0,0,0
2622,0,null,0,0,0
2623,0,null,0,0,0
2624,6,secondary_proton,1,1,1
2625,0,null,0,0,0
2626,6821,secondary_proton,1,1,0
2627,0,null,0,0,0
2628,0,null,0,0,0
2629,0,null,0,0,0
2630,0,null,0,0,0
2631,0,null,0,0,0
2632,0,null,0,0,0
2633,548,e-,1,1,1
2634,0,null,0,0,0
2635,0,null,0,0,0
2636,0,null,0,0,0
2637,0,null,0,0,0
2638,0,null,0,0,0
2639,0,null,0,0,0
2640,0,null,0,0,0
2641,0,null,0,0,0
2642,0,null,0,0,0
2643,0,null,0,0,0
2644,0,null,0,0,0
2645,0,null,0,0,0
2646,0,null,0,0,0
2647,0,null,0,0,0
2648,0,null,0,0,0
2649,0,null,0,0,0
2650,0,null,0,0,0
2651,0,null,0,0,0
2652,0,null,0,0,0
2653,0,null,0,0,0
2654,0,null,0,0,0
2655,0,null,0,0,0
2656,0,null,0,0,0
2657,0,null,0,0,0
2658,0,null,0,0,0
2659,0,null,0,0,0
2730,0,null,0,0,0
2731,0,null,0,0,0
2732,0,null,0,0,0
2733,0,null,0,0,0
2734,0,null,0,0,0
2735,0,null,0,0,0
2736,0,null,0,0,0
2737,0,null,0,0,0
2738,0,null,0,0,0
2739,0,null,0,0,0
2740,0,null,0,0,0
2741,0,null,0,0,0
2742,0,null,0,0,0
2577,0,null,0,0,0
2578,0,null,0,0,0
2579,0,null,0,0,0
2580,0,null,0,0,0
2581,0,null,0,0,0
2582,0,null,0,0,0
2583,0,null,0,0,0
2584,0,null,0,0,0
2585,0,null,0,0,0
2586,0,null,0,0,0
2587,0,null,0,0,0
2588,0,null,0,0,0
2589,0,null,0,0,0
2660,0,null,0,0,0
2661,0,null,0,0,0
2662,0,null,0,0,0
2663,241,e-,1,1,1
2664,0,null,0,0,0
2665,0,null,0,0,0
2666,0,null,0,0,0
2667,0,null,0,0,0
2668,0,null,0,0,0
2669,0,null,0,0,0
2670,0,null,0,0,0
2671,0,null,0,0,0
2672,0,null,0,0,0
2673,0,null,0,0,0
2674,0,null,0,0,0
2675,0,null,0,0,0
2676,0,null,0,0,0
2677,0,null,0,0,0
2678,1,primary_proton,1,1,0
2679,0,null,0,0,0
2680,0,null,0,0,0
2681,0,null,0,0,0
2682,0,null,0,0,0
2683,0,null,0,0,0
2684,0,null,0,0,0
2685,0,null,0,0,0
2686,0,null,0,0,0
2687,0,null,0,0,0
2688,0,null,0,0,0
2689,0,null,0,0,0
2690,0,null,0,0,0
2691,11,pi+,1,1,1
2692,0,null,0,0,0
2693,0,null,0,0,0
2694,0,null,0,0,0
2695,0,null,0,0,0
2696,0,null,0,0,0
2697,0,null,0,0,0
2698,0,null,0,0,0
2699,0,null,0,0,0
2700,0,null,0,0,0
2701,0,null,0,0,0
2702,0,null,0,0,0
2703,0,null,0,0,0
2704,0,null,0,0,0
2705,0,null,0,0,0
2706,0,null,0,0,0
2707,0,null,0,0,0
2708,0,null,0,0,0
2709,0,null,0,0,0
2710,0,null,0,0,0
2711,0,null,0,0,0
2712,0,null,0,0,0
2713,0,null,0,0,0
2714,0,null,0,0,0
2715,0,null,0,0,0
2716,0,null,0,0,0
2717,0,null,0,0,0
2718,0,null,0,0,0
2719,0,null,0,0,0
2720,0,null,0,0,0
2721,0,null,0,0,0
2722,1,primary_proton,1,1,1
2723,0,null,0,0,0
2724,0,null,0,0,0
2725,1,primary_proton,1,1,1
2726,0,null,0,0,0
2727,0,null,0,0,0
2728,1,primary_proton,1,1,1
2729,0,null,0,0,0
2743,0,null,0,0,0
2744,0,null,0,0,0
2745,0,null,0,0,0
2746,0,null,0,0,0
2747,0,null,0,0,0
2748,0,null,0,0,0
2749,0,null,0,0,0
2750,748,e-,1,1,0
2751,0,null,0,0,0
2752,0,null,0,0,0
2753,0,null,0,0,0
2754,0,null,0,0,0
2755,0,null,0,0,0
2756,0,null,0,0,0
2757,0,null,0,0,0
2758,0,null,0,0,0
2759,0,null,0,0,0
2760,0,null,0,0,0
2761,0,null,0,0,0
2762,0,null,0,0,0
2763,0,null,0,0,0
2764,0,null,0,0,0
2765,0,null,0,0,0
2766,4,pi+,1,1,1
2767,0,null,0,0,0
2768,0,null,0,0,0
2769,0,null,0,0,0
2770,6,pi+,1,1,1
2771,0,null,0,0,0
2772,0,null,0,0,0
2773,0,null,0,0,0
2774,0,null,0,0,0
2775,0,null,0,0,0
2776,0,null,0,0,0
2777,0,null,0,0,0
2778,0,null,0,0,0
2779,0,null,0,0,0
2780,0,null,0,0,0
2781,0,null,0,0,0
2782,0,null,0,0,0
2783,0,null,0,0,0
2784,0,null,0,0,0
2785,26,pi+,1,1,1
2786,0,null,0,0,0
2787,0,null,0,0,0
2788,0,null,0,0,0
2789,0,null,0,0,0
2790,0,null,0,0,0
2791,0,null,0,0,0
2792,0,null,0,0,0
2793,0,null,0,0,0
2794,0,null,0,0,0
2795,0,null,0,0,0
2796,0,null,0,0,0
2797,1522,e-,1,1,0
2798,1,primary_proton,1,1,1
2799,0,null,0,0,0
2870,0,null,0,0,0
2871,0,null,0,0,0
2872,0,null,0,0,0
2873,0,null,0,0,0
2874,0,null,0,0,0
2875,0,null,0,0,0
2876,0,null,0,0,0
2877,0,null,0,0,0
2878,0,null,0,0,0
2879,0,null,0,0,0
2880,0,null,0,0,0
2881,0,null,0,0,0
2882,0,null,0,0,0
2883,0,null,0,0,0
2884,1,primary_proton,1,1,1
2886,0,null,0,0,0
2887,0,null,0,0,0
2888,10,pi-,1,1,1
2889,0,null,0,0,0
2890,0,null,0,0,0
2891,0,null,0,0,0
2892,0,null,0,0,0
2893,0,null,0,0,0
2894,0,null,0,0,0
2895,0,null,0,0,0
2896,1,primary_proton,1,1,1
2897,0,null,0,0,0
2898,0,null,0,0,0
2899,0,null,0,0,0
2800,0,null,0,0,0
2801,0,null,0,0,0
2802,0,null,0,0,0
2803,0,null,0,0,0
2804,0,null,0,0,0
2805,5300,e-,0,0,1
2806,0,null,0,0,0
2807,0,null,0,0,0
2808,0,null,0,0,0
2809,0,null,0,0,0
2810,0,null,0,0,0
2811,0,null,0,0,0
2812,0,null,0,0,0
2813,0,null,0,0,0
2814,0,null,0,0,0
2815,0,null,0,0,0
2816,0,null,0,0,0
2817,0,null,0,0,0
2818,0,null,0,0,0
2819,0,null,0,0,0
2820,0,null,0,0,0
2821,0,null,0,0,0
2822,0,null,0,0,0
2823,0,null,0,0,0
2824,0,null,0,0,0
2825,0,null,0,0,0
2826,0,null,0,0,0
2827,0,null,0,0,0
2828,0,null,0,0,0
2829,2949,secondary_proton,1,1,1
2830,0,null,0,0,0
2831,0,null,0,0,0
2832,0,null,0,0,0
2833,0,null,0,0,0
2834,0,null,0,0,0
2835,0,null,0,0,0
2836,0,null,0,0,0
2837,1,primary_proton,1,1,1
2838,0,null,0,0,0
2839,11,pi-,1,1,1
2840,0,null,0,0,0
2841,19,pi+,1,1,1
2842,0,null,0,0,0
2843,0,null,0,0,0
2844,11,pi-,1,1,1
2845,0,null,0,0,0
2846,0,null,0,0,0
2847,0,null,0,0,0
2848,0,null,0,0,0
2849,0,null,0,0,0
2850,0,null,0,0,0
2851,0,null,0,0,0
2852,0,null,0,0,0
2853,0,null,0,0,0
2854,0,null,0,0,0
2855,0,null,0,0,0
2856,0,null,0,0,0
2857,0,null,0,0,0
2858,0,null,0,0,0
2859,0,null,0,0,0
2860,0,null,0,0,0
2861,0,null,0,0,0
2862,0,null,0,0,0
2863,0,null,0,0,0
2864,0,null,0,0,0
2865,0,null,0,0,0
2866,0,null,0,0,0
2900,0,null,0,0,0
2901,0,null,0,0,0
2902,0,null,0,0,0
2903,0,null,0,0,0
2904,0,null,0,0,0
2905,0,null,0,0,0
2906,0,null,0,0,0
2907,0,null,0,0,0
2908,0,null,0,0,0
2909,0,null,0,0,0
2910,0,null,0,0,0
2911,0,null,0,0,0
2912,0,null,0,0,0
2913,0,null,0,0,0
2914,0,null,0,0,0
2915,0,null,0,0,0
2916,0,null,0,0,0
2917,0,null,0,0,0
2918,0,null,0,0,0
2919,0,null,0,0,0
2920,0,null,0,0,0
2921,0,null,0,0,0
2922,0,null,0,0,0
2923,0,null,0,0,0
2924,0,null,0,0,0
2925,0,null,0,0,0
2926,0,null,0,0,0
2927,0,null,0,0,0
2928,0,null,0,0,0
2929,0,null,0,0,0
2930,4,secondary_proton,1,1,1
2931,0,null,0,0,0
2932,0,null,0,0,0
2933,0,null,0,0,0
2934,0,null,0,0,0
2935,0,null,0,0,0
2936,0,null,0,0,0
2937,0,null,0,0,0
2938,0,null,0,0,0
2939,0,null,0,0,0
2940,0,null,0,0,0
2941,0,null,0,0,0
2942,0,null,0,0,0
2943,0,null,0,0,0
2944,0,null,0,0,0
2945,0,null,0,0,0
2946,0,null,0,0,0
2947,0,null,0,0,0
2948,0,null,0,0,0
2949,0,null,0,0,0
2950,0,null,0,0,0
2951,0,null,0,0,0
2952,0,null,0,0,0
2953,0,null,0,0,0
2954,0,null,0,0,0
2955,0,null,0,0,0
2956,0,null,0,0,0
2957,1338,pi-,1,1,0
2958,4,secondary_proton,1,1,1
2959,0,null,0,0,0
2960,0,null,0,0,0
2961,0,null,0,0,0
2962,0,null,0,0,0
2963,0,null,0,0,0
2964,0,null,0,0,0
2965,0,null,0,0,0
2966,0,null,0,0,0
2967,0,null,0,0,0
2968,0,null,0,0,0
2969,0,null,0,0,0
2970,0,null,0,0,0
2971,0,null,0,0,0
2972,0,null,0,0,0
2973,0,null,0,0,0
2974,0,null,0,0,0
2975,0,null,0,0,0
2976,0,null,0,0,0
2977,0,null,0,0,0
2978,871,e-,0,1,0
2979,0,null,0,0,0
2980,0,null,0,0,0
2981,0,null,0,0,0
2982,0,null,0,0,0
2983,0,null,0,0,0
2984,0,null,0,0,0
2985,0,null,0,0,0
2986,0,null,0,0,0
2987,0,null,0,0,0
2988,0,null,0,0,0
2989,0,null,0,0,0
2990,0,null,0,0,0
2991,0,null,0,0,0
2992,0,null,0,0,0
2993,0,null,0,0,0
2994,0,null,0,0,0
2995,0,null,0,0,0
2996,0,null,0,0,0
2997,0,null,0,0,0
2998,1,primary_proton,1,1,1
2999,0,null,0,0,0
3000,0,null,0,0,0
3001,0,null,0,0,0
3002,0,null,0,0,0
3003,0,null,0,0,0
3004,0,null,0,0,0
3005,0,null,0,0,0
3006,0,null,0,0,0
3007,0,null,0,0,0
3008,0,null,0,0,0
3009,0,null,0,0,0
3080,0,null,0,0,0
3081,0,null,0,0,0
3082,0,null,0,0,0
3083,0,null,0,0,0
3084,0,null,0,0,0
3085,0,null,0,0,0
3086,0,null,0,0,0
3087,0,null,0,0,0
3088,0,null,0,0,0
3089,0,null,0,0,0
3090,0,null,0,0,0
3091,0,null,0,0,0
3092,0,null,0,0,0
3093,0,null,0,0,0
3094,0,null,0,0,0
3095,0,null,0,0,0
3096,0,null,0,0,0
3097,0,null,0,0,0
3098,0,null,0,0,0
3099,0,null,0,0,0
2867,1,primary_proton,1,1,1
2868,0,null,0,0,0
2869,0,null,0,0,0
3010,0,null,0,0,0
3011,0,null,0,0,0
3012,0,null,0,0,0
3013,0,null,0,0,0
3014,1,primary_proton,1,1,1
3015,0,null,0,0,0
3016,0,null,0,0,0
3017,0,null,0,0,0
3018,0,null,0,0,0
3019,0,null,0,0,0
3020,0,null,0,0,0
3021,0,null,0,0,0
3022,1,primary_proton,1,1,1
3023,0,null,0,0,0
3024,0,null,0,0,0
3025,0,null,0,0,0
3026,0,null,0,0,0
3027,0,null,0,0,0
3028,0,null,0,0,0
3029,0,null,0,0,0
3030,0,null,0,0,0
3031,1,primary_proton,1,1,1
3032,0,null,0,0,0
3033,0,null,0,0,0
3034,0,null,0,0,0
3035,0,null,0,0,0
3036,0,null,0,0,0
3037,0,null,0,0,0
3038,0,null,0,0,0
3039,0,null,0,0,0
3040,0,null,0,0,0
3041,1,primary_proton,1,1,1
3042,0,null,0,0,0
3043,0,null,0,0,0
3044,0,null,0,0,0
3045,0,null,0,0,0
3046,0,null,0,0,0
3047,0,null,0,0,0
3048,0,null,0,0,0
3049,0,null,0,0,0
3050,0,null,0,0,0
3051,0,null,0,0,0
3052,0,null,0,0,0
3053,0,null,0,0,0
3054,0,null,0,0,0
3055,0,null,0,0,0
3056,0,null,0,0,0
3057,0,null,0,0,0
3058,0,null,0,0,0
3059,0,null,0,0,0
3060,0,null,0,0,0
3061,0,null,0,0,0
3062,0,null,0,0,0
3063,0,null,0,0,0
3064,0,null,0,0,0
3065,0,null,0,0,0
3066,0,null,0,0,0
3067,0,null,0,0,0
3068,0,null,0,0,0
3069,0,null,0,0,0
3070,0,null,0,0,0
3071,0,null,0,0,0
3072,0,null,0,0,0
3073,0,null,0,0,0
3074,0,null,0,0,0
3075,0,null,0,0,0
3076,0,null,0,0,0
3077,1,primary_proton,1,1,1
3078,0,null,0,0,0
3079,0,null,0,0,0
3150,0,null,0,0,0
3151,0,null,0,0,0
3152,0,null,0,0,0
3153,0,null,0,0,0
3154,0,null,0,0,0
3155,0,null,0,0,0
3156,0,null,0,0,0
3157,0,null,0,0,0
3158,0,null,0,0,0
3159,0,null,0,0,0
3160,0,null,0,0,0
3161,0,null,0,0,0
3162,0,null,0,0,0
3163,0,null,0,0,0
3164,0,null,0,0,0
3165,0,null,0,0,0
3166,0,null,0,0,0
3167,0,null,0,0,0
3168,0,null,0,0,0
3169,0,null,0,0,0
3170,0,null,0,0,0
3171,0,null,0,0,0
3172,0,null,0,0,0
3173,0,null,0,0,0
3174,0,null,0,0,0
3175,0,null,0,0,0
3176,0,null,0,0,0
3177,0,null,0,0,0
3178,0,null,0,0,0
3179,0,null,0,0,0
3180,0,null,0,0,0
3181,0,null,0,0,0
3182,0,null,0,0,0
3183,0,null,0,0,0
3184,0,null,0,0,0
3185,0,null,0,0,0
3186,0,null,0,0,0
3187,0,null,0,0,0
3188,0,null,0,0,0
3189,0,null,0,0,0
3190,0,null,0,0,0
3191,0,null,0,0,0
3192,0,null,0,0,0
3193,0,null,0,0,0
3194,0,null,0,0,0
3195,0,null,0,0,0
3196,0,null,0,0,0
3197,0,null,0,0,0
3198,0,null,0,0,0
3199,0,null,0,0,0
3200,0,null,0,0,0
3201,795,e-,1,1,0
3202,1,primary_proton,1,1,1
3203,0,null,0,0,0
3204,0,null,0,0,0
3205,0,null,0,0,0
3206,0,null,0,0,0
3207,0,null,0,0,0
3208,0,null,0,0,0
3209,0,null,0,0,0
3210,0,null,0,0,0
3211,0,null,0,0,0
3212,0,null,0,0,0
3213,0,null,0,0,0
3214,0,null,0,0,0
3215,1871,e-,1,1,1
3216,0,null,0,0,0
3217,0,null,0,0,0
3218,0,null,0,0,0
3219,0,null,0,0,0
3290,0,null,0,0,0
3291,0,null,0,0,0
3292,0,null,0,0,0
3293,0,null,0,0,0
3294,0,null,0,0,0
3295,0,null,0,0,0
3296,0,null,0,0,0
3297,0,null,0,0,0
3298,0,null,0,0,0
3299,0,null,0,0,0
3100,0,null,0,0,0
3101,0,null,0,0,0
3102,0,null,0,0,0
3103,0,null,0,0,0
3104,2509,e-,1,0,0
3105,1,primary_proton,1,1,1
3106,0,null,0,0,0
3107,0,null,0,0,0
3108,0,null,0,0,0
3109,0,null,0,0,0
3110,0,null,0,0,0
3111,0,null,0,0,0
3112,0,null,0,0,0
3113,0,null,0,0,0
3114,0,null,0,0,0
3115,0,null,0,0,0
3116,0,null,0,0,0
3117,0,null,0,0,0
3118,0,null,0,0,0
3119,0,null,0,0,0
3120,0,null,0,0,0
3121,0,null,0,0,0
3122,0,null,0,0,0
3123,0,null,0,0,0
3124,0,null,0,0,0
3125,0,null,0,0,0
3126,0,null,0,0,0
3127,0,null,0,0,0
3128,0,null,0,0,0
3129,0,null,0,0,0
3130,0,null,0,0,0
3131,0,null,0,0,0
3132,0,null,0,0,0
3133,0,null,0,0,0
3134,0,null,0,0,0
3135,0,null,0,0,0
3136,0,null,0,0,0
3137,0,null,0,0,0
3138,0,null,0,0,0
3139,0,null,0,0,0
3140,0,null,0,0,0
3141,0,null,0,0,0
3142,2,secondary_proton,1,1,1
3143,15,pi-,1,0,0
3144,0,null,0,0,0
3145,0,null,0,0,0
3146,0,null,0,0,0
3147,0,null,0,0,0
3148,0,null,0,0,0
3149,0,null,0,0,0
3220,0,null,0,0,0
3221,0,null,0,0,0
3222,1,primary_proton,1,1,1
3223,0,null,0,0,0
3224,0,null,0,0,0
3225,0,null,0,0,0
3226,0,null,0,0,0
3227,0,null,0,0,0
3228,0,null,0,0,0
3229,0,null,0,0,0
3230,0,null,0,0,0
3231,0,null,0,0,0
3232,0,null,0,0,0
3233,0,null,0,0,0
3234,13,secondary_proton,1,0,0
3235,0,null,0,0,0
3236,0,null,0,0,0
3237,0,null,0,0,0
3238,1,primary_proton,1,1,1
3239,0,null,0,0,0
3240,0,null,0,0,0
3241,0,null,0,0,0
3242,0,null,0,0,0
3243,0,null,0,0,0
3244,0,null,0,0,0
3245,0,null,0,0,0
3246,0,null,0,0,0
3247,0,null,0,0,0
3300,0,null,0,0,0
3301,0,null,0,0,0
3302,0,null,0,0,0
3303,0,null,0,0,0
3304,0,null,0,0,0
3305,0,null,0,0,0
3306,0,null,0,0,0
3307,0,null,0,0,0
3308,0,null,0,0,0
3309,0,null,0,0,0
3310,0,null,0,0,0
3311,0,null,0,0,0
3312,0,null,0,0,0
3313,0,null,0,0,0
3314,0,null,0,0,0
3315,0,null,0,0,0
3316,0,null,0,0,0
3317,0,null,0,0,0
3318,0,null,0,0,0
3319,0,null,0,0,0
3320,0,null,0,0,0
3321,1,primary_proton,1,1,1
3322,0,null,0,0,0
3323,0,null,0,0,0
3324,0,null,0,0,0
3325,0,null,0,0,0
3326,0,null,0,0,0
3327,0,null,0,0,0
3328,0,null,0,0,0
3329,0,null,0,0,0
3330,0,null,0,0,0
3331,1,primary_proton,1,1,1
3332,0,null,0,0,0
3333,0,null,0,0,0
3334,0,null,0,0,0
3335,760,pi+,1,0,0
3336,0,null,0,0,0
3337,0,null,0,0,0
3338,0,null,0,0,0
3339,0,null,0,0,0
3340,1,primary_proton,1,1,1
3341,0,null,0,0,0
3342,0,null,0,0,0
3343,0,null,0,0,0
3344,0,null,0,0,0
3345,0,null,0,0,0
3346,0,null,0,0,0
3347,1,primary_proton,1,1,1
3348,0,null,0,0,0
3349,0,null,0,0,0
3350,0,null,0,0,0
3351,0,null,0,0,0
3352,0,null,0,0,0
3353,0,null,0,0,0
3354,0,null,0,0,0
3355,0,null,0,0,0
3356,1,primary_proton,1,1,1
3357,0,null,0,0,0
3358,0,null,0,0,0
3359,0,null,0,0,0
3360,0,null,0,0,0
3361,0,null,0,0,0
3362,0,null,0,0,0
3363,0,null,0,0,0
3364,0,null,0,0,0
3365,0,null,0,0,0
3366,0,null,0,0,0
3367,0,null,0,0,0
3368,0,null,0,0,0
3369,0,null,0,0,0
3370,0,null,0,0,0
3371,0,null,0,0,0
3372,0,null,0,0,0
3373,0,null,0,0,0
3374,0,null,0,0,0
3375,0,null,0,0,0
3376,0,null,0,0,0
3377,0,null,0,0,0
3378,0,null,0,0,0
3379,0,null,0,0,0
3380,0,null,0,0,0
3381,0,null,0,0,0
3382,0,null,0,0,0
3383,0,null,0,0,0
3384,0,null,0,0,0
3385,0,null,0,0,0
3386,0,null,0,0,0
3387,22,secondary_proton,1,1,1
3388,0,null,0,0,0
3389,0,null,0,0,0
3390,0,null,0,0,0
3391,0,null,0,0,0
3392,0,null,0,0,0
3393,7,pi+,1,1,1
3394,3,secondary_proton,1,1,1
3395,0,null,0,0,0
3396,0,null,0,0,0
3397,0,null,0,0,0
3398,0,null,0,0,0
3399,0,null,0,0,0
3248,527,e+,1,1,0
3249,0,null,0,0,0
3250,0,null,0,0,0
3251,0,null,0,0,0
3252,0,null,0,0,0
3253,0,null,0,0,0
3254,0,null,0,0,0
3255,0,null,0,0,0
3256,0,null,0,0,0
3257,0,null,0,0,0
3258,0,null,0,0,0
3259,0,null,0,0,0
3260,1,primary_proton,1,1,1
3261,12,secondary_proton,1,1,1
3262,0,null,0,0,0
3263,0,null,0,0,0
3264,0,null,0,0,0
3265,0,null,0,0,0
3266,1,primary_proton,1,1,1
3267,0,null,0,0,0
3268,0,null,0,0,0
3269,5,secondary_proton,1,1,1
3270,0,null,0,0,0
3271,0,null,0,0,0
3272,0,null,0,0,0
3273,0,null,0,0,0
3274,0,null,0,0,0
3275,0,null,0,0,0
3276,0,null,0,0,0
3277,0,null,0,0,0
3278,0,null,0,0,0
3279,0,null,0,0,0
3280,11,pi+,1,0,0
3281,0,null,0,0,0
3282,0,null,0,0,0
3283,0,null,0,0,0
3284,0,null,0,0,0
3285,7,secondary_proton,1,1,1
3286,0,null,0,0,0
3287,0,null,0,0,0
3288,1,primary_proton,1,1,1
3289,0,null,0,0,0
3430,0,null,0,0,0
3431,0,null,0,0,0
3432,0,null,0,0,0
3433,0,null,0,0,0
3434,0,null,0,0,0
3435,1,primary_proton,1,1,1
3436,0,null,0,0,0
3437,0,null,0,0,0
3438,0,null,0,0,0
3439,0,null,0,0,0
3440,0,null,0,0,0
3441,0,null,0,0,0
3442,0,null,0,0,0
3443,640,pi+,1,1,0
3444,0,null,0,0,0
3445,1820,pi+,1,1,1
3446,0,null,0,0,0
3447,0,null,0,0,0
3448,0,null,0,0,0
3449,0,null,0,0,0
3400,0,null,0,0,0
3401,0,null,0,0,0
3402,0,null,0,0,0
3403,0,null,0,0,0
3404,0,null,0,0,0
3405,0,null,0,0,0
3406,0,null,0,0,0
3407,0,null,0,0,0
3408,0,null,0,0,0
3409,0,null,0,0,0
3410,0,null,0,0,0
3411,0,null,0,0,0
3412,0,null,0,0,0
3413,0,null,0,0,0
3414,0,null,0,0,0
3415,6,secondary_proton,1,1,1
3416,0,null,0,0,0
3417,1,primary_proton,1,1,1
3418,0,null,0,0,0
3419,0,null,0,0,0
3420,0,null,0,0,0
3421,0,null,0,0,0
3422,0,null,0,0,0
3423,0,null,0,0,0
3424,3,secondary_proton,1,0,0
3425,0,null,0,0,0
3426,0,null,0,0,0
3427,0,null,0,0,0
3428,0,null,0,0,0
3429,0,null,0,0,0
3450,0,null,0,0,0
3451,0,null,0,0,0
3452,0,null,0,0,0
3453,1,primary_proton,1,1,1
3454,0,null,0,0,0
3455,0,null,0,0,0
3456,0,null,0,0,0
3457,0,null,0,0,0
3458,0,null,0,0,0
3459,0,null,0,0,0
3460,0,null,0,0,0
3461,0,null,0,0,0
3462,0,null,0,0,0
3463,0,null,0,0,0
3464,2,pi+,1,1,1
3465,0,null,0,0,0
3466,0,null,0,0,0
3467,5,secondary_proton,1,1,1
3468,0,null,0,0,0
3469,0,null,0,0,0
3470,0,null,0,0,0
3471,0,null,0,0,0
3472,0,null,0,0,0
3473,0,null,0,0,0
3474,0,null,0,0,0
3475,0,null,0,0,0
3476,0,null,0,0,0
3477,0,null,0,0,0
3478,0,null,0,0,0
3479,1594,e-,1,1,1
3480,0,null,0,0,0
3481,0,null,0,0,0
3482,0,null,0,0,0
3483,0,null,0,0,0
3484,0,null,0,0,0
3485,0,null,0,0,0
3486,0,null,0,0,0
3487,0,null,0,0,0
3488,0,null,0,0,0
3489,0,null,0,0,0
3490,0,null,0,0,0
3491,0,null,0,0,0
3492,0,null,0,0,0
3493,0,null,0,0,0
3494,0,null,0,0,0
3495,0,null,0,0,0
3496,0,null,0,0,0
3497,0,null,0,0,0
3498,0,null,0,0,0
3499,0,null,0,0,0
3570,0,null,0,0,0
3571,2958,e-,0,0,1
3572,0,null,0,0,0
3573,0,null,0,0,0
3574,0,null,0,0,0
3575,0,null,0,0,0
3576,0,null,0,0,0
3577,0,null,0,0,0
3578,1,primary_proton,1,1,1
3579,0,null,0,0,0
3580,0,null,0,0,0
3581,0,null,0,0,0
3582,0,null,0,0,0
3583,0,null,0,0,0
3584,0,null,0,0,0
3585,0,null,0,0,0
3586,0,null,0,0,0
3587,0,null,0,0,0
3588,0,null,0,0,0
3589,0,null,0,0,0
3590,0,null,0,0,0
3591,0,null,0,0,0
3592,0,null,0,0,0
3593,0,null,0,0,0
3594,0,null,0,0,0
3595,0,null,0,0,0
3596,0,null,0,0,0
3597,0,null,0,0,0
3598,0,null,0,0,0
3599,0,null,0,0,0
3500,0,null,0,0,0
3501,0,null,0,0,0
3502,0,null,0,0,0
3503,0,null,0,0,0
3504,0,null,0,0,0
3505,0,null,0,0,0
3506,0,null,0,0,0
3507,0,null,0,0,0
3508,0,null,0,0,0
3509,0,null,0,0,0
3510,0,null,0,0,0
3511,0,null,0,0,0
3512,0,null,0,0,0
3513,0,null,0,0,0
3514,0,null,0,0,0
3515,0,null,0,0,0
3516,0,null,0,0,0
3517,0,null,0,0,0
3518,0,null,0,0,0
3519,0,null,0,0,0
3520,0,null,0,0,0
3521,0,null,0,0,0
3522,0,null,0,0,0
3523,0,null,0,0,0
3524,0,null,0,0,0
3525,0,null,0,0,0
3526,13,secondary_proton,1,1,1
3527,0,null,0,0,0
3528,0,null,0,0,0
3529,0,null,0,0,0
3530,0,null,0,0,0
3531,472,e-,1,1,1
3532,0,null,0,0,0
3533,0,null,0,0,0
3534,0,null,0,0,0
3535,0,null,0,0,0
3536,0,null,0,0,0
3537,0,null,0,0,0
3538,0,null,0,0,0
3539,0,null,0,0,0
3540,0,null,0,0,0
3541,0,null,0,0,0
3542,0,null,0,0,0
3543,0,null,0,0,0
3544,10,secondary_proton,1,1,1
3545,0,null,0,0,0
3546,0,null,0,0,0
3547,0,null,0,0,0
3548,0,null,0,0,0
3549,0,null,0,0,0
3550,0,null,0,0,0
3551,0,null,0,0,0
3552,0,null,0,0,0
3553,0,null,0,0,0
3554,0,null,0,0,0
3555,0,null,0,0,0
3556,0,null,0,0,0
3557,0,null,0,0,0
3558,0,null,0,0,0
3559,0,null,0,0,0
3560,0,null,0,0,0
3561,0,null,0,0,0
3562,1,primary_proton,1,1,1
3563,0,null,0,0,0
3564,3,secondary_proton,1,1,1
3565,0,null,0,0,0
3566,0,null,0,0,0
3567,0,null,0,0,0
3568,0,null,0,0,0
3569,0,null,0,0,0
3640,5,secondary_proton,1,1,1
3641,0,null,0,0,0
3642,0,null,0,0,0
3643,0,null,0,0,0
3644,0,null,0,0,0
3645,0,null,0,0,0
3646,0,null,0,0,0
3647,0,null,0,0,0
3648,0,null,0,0,0
3649,0,null,0,0,0
3650,0,null,0,0,0
3651,0,null,0,0,0
3652,0,null,0,0,0
3653,0,null,0,0,0
3654,0,null,0,0,0
3655,0,null,0,0,0
3656,0,null,0,0,0
3657,0,null,0,0,0
3658,0,null,0,0,0
3659,0,null,0,0,0
3660,0,null,0,0,0
3661,0,null,0,0,0
3662,0,null,0,0,0
3663,0,null,0,0,0
3664,0,null,0,0,0
3665,0,null,0,0,0
3666,0,null,0,0,0
3667,0,null,0,0,0
3668,0,null,0,0,0
3669,0,null,0,0,0
3670,0,null,0,0,0
3671,0,null,0,0,0
3672,1,primary_proton,1,1,1
3673,0,null,0,0,0
3674,0,null,0,0,0
3675,0,null,0,0,0
3676,0,null,0,0,0
3677,1,primary_proton,1,1,1
3678,0,null,0,0,0
3679,0,null,0,0,0
3680,1,primary_proton,1,1,1
3681,0,null,0,0,0
3682,0,null,0,0,0
3683,0,null,0,0,0
3684,0,null,0,0,0
3685,0,null,0,0,0
3686,0,null,0,0,0
3687,0,null,0,0,0
3688,0,null,0,0,0
3689,0,null,0,0,0
3690,0,null,0,0,0
3691,0,null,0,0,0
3692,0,null,0,0,0
3693,0,null,0,0,0
3694,0,null,0,0,0
3695,0,null,0,0,0
3696,0,null,0,0,0
3697,0,null,0,0,0
3698,0,null,0,0,0
3699,0,null,0,0,0
3700,0,null,0,0,0
3701,0,null,0,0,0
3702,0,null,0,0,0
3703,0,null,0,0,0
3704,0,null,0,0,0
3705,0,null,0,0,0
3706,0,null,0,0,0
3707,1,primary_proton,1,1,1
3708,0,null,0,0,0
3709,0,null,0,0,0
3780,0,null,0,0,0
3781,0,null,0,0,0
3782,0,null,0,0,0
3783,2104,e-,1,0,0
3784,0,null,0,0,0
3785,0,null,0,0,0
3786,0,null,0,0,0
3787,0,null,0,0,0
3788,0,null,0,0,0
3789,0,null,0,0,0
3790,0,null,0,0,0
3791,0,null,0,0,0
3792,0,null,0,0,0
3793,0,null,0,0,0
3794,0,null,0,0,0
3795,0,null,0,0,0
3796,1,primary_proton,1,1,1
3797,0,null,0,0,0
3798,0,null,0,0,0
3799,0,null,0,0,0
3600,0,null,0,0,0
3601,0,null,0,0,0
3602,0,null,0,0,0
3603,0,null,0,0,0
3604,0,null,0,0,0
3605,0,null,0,0,0
3606,0,null,0,0,0
3607,0,null,0,0,0
3608,0,null,0,0,0
3609,0,null,0,0,0
3610,0,null,0,0,0
3611,0,null,0,0,0
3612,0,null,0,0,0
3613,0,null,0,0,0
3614,0,null,0,0,0
3615,0,null,0,0,0
3616,0,null,0,0,0
3617,0,null,0,0,0
3618,0,null,0,0,0
3619,0,null,0,0,0
3620,0,null,0,0,0
3621,0,null,0,0,0
3622,16,pi-,1,0,0
3623,0,null,0,0,0
3624,0,null,0,0,0
3625,0,null,0,0,0
3626,0,null,0,0,0
3627,0,null,0,0,0
3628,0,null,0,0,0
3629,0,null,0,0,0
3630,0,null,0,0,0
3631,0,null,0,0,0
3632,0,null,0,0,0
3633,0,null,0,0,0
3634,0,null,0,0,0
3635,0,null,0,0,0
3636,0,null,0,0,0
3637,0,null,0,0,0
3638,0,null,0,0,0
3639,0,null,0,0,0
3710,1,primary_proton,1,1,1
3711,0,null,0,0,0
3712,0,null,0,0,0
3713,0,null,0,0,0
3714,1,primary_proton,1,1,1
3715,0,null,0,0,0
3716,0,null,0,0,0
3717,20,secondary_proton,1,1,0
3718,0,null,0,0,0
3719,0,null,0,0,0
3720,0,null,0,0,0
3721,0,null,0,0,0
3722,0,null,0,0,0
3723,0,null,0,0,0
3724,0,null,0,0,0
3725,0,null,0,0,0
3726,0,null,0,0,0
3727,0,null,0,0,0
3728,0,null,0,0,0
3729,0,null,0,0,0
3730,0,null,0,0,0
3731,0,null,0,0,0
3732,0,null,0,0,0
3733,0,null,0,0,0
3734,0,null,0,0,0
3735,0,null,0,0,0
3736,0,null,0,0,0
3737,0,null,0,0,0
3738,0,null,0,0,0
3739,0,null,0,0,0
3740,0,null,0,0,0
3741,0,null,0,0,0
3742,0,null,0,0,0
3743,2,secondary_proton,1,1,1
3744,0,null,0,0,0
3745,0,null,0,0,0
3800,0,null,0,0,0
3801,0,null,0,0,0
3802,0,null,0,0,0
3803,14,pi+,1,1,1
3804,0,null,0,0,0
3805,0,null,0,0,0
3806,0,null,0,0,0
3807,0,null,0,0,0
3808,0,null,0,0,0
3809,0,null,0,0,0
3810,0,null,0,0,0
3811,0,null,0,0,0
3812,0,null,0,0,0
3813,0,null,0,0,0
3814,0,null,0,0,0
3815,0,null,0,0,0
3816,0,null,0,0,0
3817,0,null,0,0,0
3818,0,null,0,0,0
3819,0,null,0,0,0
3820,0,null,0,0,0
3821,9,pi+,1,0,0
3822,0,null,0,0,0
3823,0,null,0,0,0
3824,0,null,0,0,0
3825,0,null,0,0,0
3826,0,null,0,0,0
3827,0,null,0,0,0
3828,0,null,0,0,0
3829,0,null,0,0,0
3830,0,null,0,0,0
3831,0,null,0,0,0
3832,0,null,0,0,0
3833,0,null,0,0,0
3834,0,null,0,0,0
3835,0,null,0,0,0
3836,0,null,0,0,0
3837,0,null,0,0,0
3838,0,null,0,0,0
3839,0,null,0,0,0
3840,0,null,0,0,0
3841,0,null,0,0,0
3842,0,null,0,0,0
3843,0,null,0,0,0
3844,0,null,0,0,0
3845,0,null,0,0,0
3846,0,null,0,0,0
3847,0,null,0,0,0
3848,0,null,0,0,0
3849,0,null,0,0,0
3920,0,null,0,0,0
3921,0,null,0,0,0
3922,0,null,0,0,0
3923,0,null,0,0,0
3924,0,null,0,0,0
3925,0,null,0,0,0
3926,0,null,0,0,0
3927,0,null,0,0,0
3928,0,null,0,0,0
3929,0,null,0,0,0
3930,0,null,0,0,0
3931,0,null,0,0,0
3932,0,null,0,0,0
3933,0,null,0,0,0
3934,0,null,0,0,0
3935,0,null,0,0,0
3936,0,null,0,0,0
3937,1,primary_proton,1,1,0
3938,0,null,0,0,0
3939,0,null,0,0,0
3940,0,null,0,0,0
3941,0,null,0,0,0
3746,0,null,0,0,0
3747,0,null,0,0,0
3748,0,null,0,0,0
3749,0,null,0,0,0
3750,0,null,0,0,0
3751,0,null,0,0,0
3752,0,null,0,0,0
3753,0,null,0,0,0
3754,0,null,0,0,0
3755,0,null,0,0,0
3756,0,null,0,0,0
3757,0,null,0,0,0
3758,0,null,0,0,0
3759,0,null,0,0,0
3760,0,null,0,0,0
3761,0,null,0,0,0
3762,0,null,0,0,0
3763,0,null,0,0,0
3764,0,null,0,0,0
3765,0,null,0,0,0
3766,0,null,0,0,0
3767,0,null,0,0,0
3768,0,null,0,0,0
3769,0,null,0,0,0
3770,0,null,0,0,0
3771,0,null,0,0,0
3772,0,null,0,0,0
3773,2,secondary_proton,1,1,0
3774,0,null,0,0,0
3775,15,pi+,1,1,1
3776,0,null,0,0,0
3777,0,null,0,0,0
3778,0,null,0,0,0
3779,0,null,0,0,0
3850,0,null,0,0,0
3851,10,pi+,1,1,1
3852,0,null,0,0,0
3853,0,null,0,0,0
3854,0,null,0,0,0
3855,0,null,0,0,0
3856,0,null,0,0,0
3857,0,null,0,0,0
3858,0,null,0,0,0
3859,0,null,0,0,0
3860,0,null,0,0,0
3861,0,null,0,0,0
3862,0,null,0,0,0
3863,0,null,0,0,0
3864,0,null,0,0,0
3865,0,null,0,0,0
3866,0,null,0,0,0
3867,0,null,0,0,0
3868,0,null,0,0,0
3869,0,null,0,0,0
3870,0,null,0,0,0
3871,0,null,0,0,0
3872,0,null,0,0,0
3873,0,null,0,0,0
3874,0,null,0,0,0
3875,0,null,0,0,0
3876,0,null,0,0,0
3877,0,null,0,0,0
3878,0,null,0,0,0
3879,0,null,0,0,0
3880,0,null,0,0,0
3881,0,null,0,0,0
3882,0,null,0,0,0
3883,0,null,0,0,0
3884,0,null,0,0,0
3885,0,null,0,0,0
3886,0,null,0,0,0
3887,0,null,0,0,0
3888,0,null,0,0,0
3889,0,null,0,0,0
3890,0,null,0,0,0
3891,0,null,0,0,0
3892,0,null,0,0,0
3893,0,null,0,0,0
3894,0,null,0,0,0
3895,0,null,0,0,0
3896,0,null,0,0,0
3897,0,null,0,0,0
3898,0,null,0,0,0
3899,1,primary_proton,1,1,1
3943,0,null,0,0,0
3944,5,secondary_proton,1,1,1
3945,0,null,0,0,0
3946,0,null,0,0,0
3947,0,null,0,0,0
3948,0,null,0,0,0
3949,0,null,0,0,0
3950,13,pi-,1,1,1
3951,0,null,0,0,0
3952,0,null,0,0,0
3953,0,null,0,0,0
3954,0,null,0,0,0
3955,0,null,0,0,0
3956,0,null,0,0,0
3957,0,null,0,0,0
3958,0,null,0,0,0
3959,0,null,0,0,0
3960,0,null,0,0,0
3961,0,null,0,0,0
3962,0,null,0,0,0
3963,0,null,0,0,0
3964,0,null,0,0,0
3965,0,null,0,0,0
3966,0,null,0,0,0
3967,0,null,0,0,0
3968,0,null,0,0,0
3969,0,null,0,0,0
3970,0,null,0,0,0
3971,0,null,0,0,0
3972,12,pi+,1,1,1
3973,0,null,0,0,0
3974,0,null,0,0,0
3975,0,null,0,0,0
3976,0,null,0,0,0
3977,3535,pi-,1,1,1
3978,0,null,0,0,0
3979,0,null,0,0,0
3980,0,null,0,0,0
3981,0,null,0,0,0
3982,0,null,0,0,0
3983,0,null,0,0,0
3984,0,null,0,0,0
3985,0,null,0,0,0
3986,0,null,0,0,0
3987,0,null,0,0,0
3988,0,null,0,0,0
3989,0,null,0,0,0
3990,0,null,0,0,0
3991,0,null,0,0,0
3992,0,null,0,0,0
3993,0,null,0,0,0
3994,0,null,0,0,0
3995,0,null,0,0,0
3996,0,null,0,0,0
3997,0,null,0,0,0
3998,0,null,0,0,0
3999,0,null,0,0,0
3900,5,pi+,1,1,1
3901,1,primary_proton,1,1,1
3902,0,null,0,0,0
3903,0,null,0,0,0
3904,0,null,0,0,0
3905,0,null,0,0,0
3906,0,null,0,0,0
3907,0,null,0,0,0
3908,0,null,0,0,0
3909,0,null,0,0,0
3910,0,null,0,0,0
3911,0,null,0,0,0
3912,0,null,0,0,0
3913,0,null,0,0,0
3914,0,null,0,0,0
3915,0,null,0,0,0
3916,0,null,0,0,0
3917,0,null,0,0,0
3918,0,null,0,0,0
3919,0,null,0,0,0
4060,0,null,0,0,0
4061,0,null,0,0,0
4062,0,null,0,0,0
4063,0,null,0,0,0
4064,0,null,0,0,0
4065,0,null,0,0,0
4066,1,primary_proton,1,1,1
4067,0,null,0,0,0
4068,0,null,0,0,0
4069,0,null,0,0,0
4070,2,secondary_proton,1,1,0
4071,0,null,0,0,0
4072,0,null,0,0,0
4073,0,null,0,0,0
4074,0,null,0,0,0
4075,0,null,0,0,0
4076,0,null,0,0,0
4077,0,null,0,0,0
4078,0,null,0,0,0
4079,0,null,0,0,0
4080,0,null,0,0,0
4081,0,null,0,0,0
4082,0,null,0,0,0
4083,0,null,0,0,0
4084,0,null,0,0,0
4085,0,null,0,0,0
4086,0,null,0,0,0
4087,0,null,0,0,0
4088,1,primary_proton,1,1,1
4089,0,null,0,0,0
4090,0,null,0,0,0
4091,1,primary_proton,1,1,1
4092,0,null,0,0,0
4093,0,null,0,0,0
4094,0,null,0,0,0
4095,0,null,0,0,0
4096,0,null,0,0,0
4097,0,null,0,0,0
4098,0,null,0,0,0
4099,0,null,0,0,0
4000,0,null,0,0,0
4001,0,null,0,0,0
4002,0,null,0,0,0
4003,0,null,0,0,0
4004,4,secondary_proton,1,1,1
4005,1272,e-,1,0,0
4006,0,null,0,0,0
4007,20,secondary_proton,1,1,1
4008,0,null,0,0,0
4009,0,null,0,0,0
4010,1,primary_proton,1,1,1
4011,0,null,0,0,0
4012,0,null,0,0,0
4013,0,null,0,0,0
4014,0,null,0,0,0
4015,0,null,0,0,0
4016,0,null,0,0,0
4017,0,null,0,0,0
4018,0,null,0,0,0
4019,0,null,0,0,0
4020,0,null,0,0,0
4021,0,null,0,0,0
4022,0,null,0,0,0
4023,0,null,0,0,0
4024,9,pi-,1,1,1
4025,0,null,0,0,0
4026,0,null,0,0,0
4027,0,null,0,0,0
4028,0,null,0,0,0
4029,0,null,0,0,0
4030,0,null,0,0,0
4031,0,null,0,0,0
4032,0,null,0,0,0
4033,0,null,0,0,0
4034,0,null,0,0,0
4035,0,null,0,0,0
4036,0,null,0,0,0
4037,0,null,0,0,0
4038,0,null,0,0,0
4039,0,null,0,0,0
4040,0,null,0,0,0
4041,14,pi+,1,0,0
4042,0,null,0,0,0
4043,0,null,0,0,0
4044,0,null,0,0,0
4045,0,null,0,0,0
4046,0,null,0,0,0
4047,0,null,0,0,0
4048,0,null,0,0,0
4049,0,null,0,0,0
4050,0,null,0,0,0
4051,0,null,0,0,0
4052,0,null,0,0,0
4053,1,primary_proton,1,1,1
4054,0,null,0,0,0
4055,7,secondary_proton,1,1,1
4056,0,null,0,0,0
4057,0,null,0,0,0
4058,0,null,0,0,0
4059,0,null,0,0,0
4100,0,null,0,0,0
4101,0,null,0,0,0
4102,0,null,0,0,0
4103,530,e-,0,0,1
4104,0,null,0,0,0
4105,0,null,0,0,0
4106,0,null,0,0,0
4107,0,null,0,0,0
4108,0,null,0,0,0
4109,0,null,0,0,0
4110,0,null,0,0,0
4111,0,null,0,0,0
4112,0,null,0,0,0
4113,0,null,0,0,0
4114,0,null,0,0,0
4115,0,null,0,0,0
4116,0,null,0,0,0
4117,0,null,0,0,0
4118,0,null,0,0,0
4119,0,null,0,0,0
4120,0,null,0,0,0
4121,0,null,0,0,0
4122,0,null,0,0,0
4123,0,null,0,0,0
4124,0,null,0,0,0
4125,0,null,0,0,0
4126,1,primary_proton,1,1,1
4127,0,null,0,0,0
4128,0,null,0,0,0
4129,0,null,0,0,0
4130,0,null,0,0,0
4131,0,null,0,0,0
4132,0,null,0,0,0
4133,0,null,0,0,0
4134,0,null,0,0,0
4135,0,null,0,0,0
4136,0,null,0,0,0
4137,0,null,0,0,0
4138,0,null,0,0,0
4139,0,null,0,0,0
4140,0,null,0,0,0
4141,0,null,0,0,0
4142,0,null,0,0,0
4143,0,null,0,0,0
4144,0,null,0,0,0
4145,10,pi-,1,1,1
4146,0,null,0,0,0
4147,0,null,0,0,0
4148,0,null,0,0,0
4149,0,null,0,0,0
4150,0,null,0,0,0
4151,0,null,0,0,0
4152,0,null,0,0,0
4153,0,null,0,0,0
4154,0,null,0,0,0
4155,0,null,0,0,0
4156,0,null,0,0,0
4157,0,null,0,0,0
4158,0,null,0,0,0
4159,0,null,0,0,0
4160,0,null,0,0,0
4161,0,null,0,0,0
4162,0,null,0,0,0
4163,0,null,0,0,0
4164,0,null,0,0,0
4165,0,null,0,0,0
4166,0,null,0,0,0
4167,0,null,0,0,0
4168,0,null,0,0,0
4169,0,null,0,0,0
4170,0,null,0,0,0
4171,0,null,0,0,0
4172,0,null,0,0,0
4173,0,null,0,0,0
4174,0,null,0,0,0
4175,0,null,0,0,0
4176,0,null,0,0,0
4177,0,null,0,0,0
4178,0,null,0,0,0
4179,0,null,0,0,0
4180,0,null,0,0,0
4181,0,null,0,0,0
4182,0,null,0,0,0
4200,0,null,0,0,0
4201,0,null,0,0,0
4202,0,null,0,0,0
4203,1,primary_proton,1,1,1
4204,0,null,0,0,0
4205,0,null,0,0,0
4206,0,null,0,0,0
4207,0,null,0,0,0
4208,0,null,0,0,0
4209,0,null,0,0,0
4210,0,null,0,0,0
4211,0,null,0,0,0
4212,0,null,0,0,0
4213,0,null,0,0,0
4214,0,null,0,0,0
4215,0,null,0,0,0
4216,0,null,0,0,0
4217,0,null,0,0,0
4218,0,null,0,0,0
4219,0,null,0,0,0
4220,0,null,0,0,0
4221,0,null,0,0,0
4222,0,null,0,0,0
4223,0,null,0,0,0
4224,0,null,0,0,0
4225,0,null,0,0,0
4226,0,null,0,0,0
4227,0,null,0,0,0
4228,0,null,0,0,0
4229,0,null,0,0,0
4230,0,null,0,0,0
4231,0,null,0,0,0
4232,0,null,0,0,0
4233,0,null,0,0,0
4234,0,null,0,0,0
4235,0,null,0,0,0
4236,0,null,0,0,0
4237,0,null,0,0,0
4238,0,null,0,0,0
4239,0,null,0,0,0
4240,0,null,0,0,0
4241,0,null,0,0,0
4242,0,null,0,0,0
4243,0,null,0,0,0
4244,0,null,0,0,0
4245,0,null,0,0,0
4246,0,null,0,0,0
4247,0,null,0,0,0
4248,0,null,0,0,0
4249,0,null,0,0,0
4250,0,null,0,0,0
4251,0,null,0,0,0
4252,0,null,0,0,0
4253,0,null,0,0,0
4254,0,null,0,0,0
4255,2,secondary_proton,1,1,1
4256,0,null,0,0,0
4257,0,null,0,0,0
4258,0,null,0,0,0
4259,0,null,0,0,0
4260,0,null,0,0,0
4261,0,null,0,0,0
4262,0,null,0,0,0
4263,0,null,0,0,0
4264,0,null,0,0,0
4265,0,null,0,0,0
4266,0,null,0,0,0
4267,0,null,0,0,0
4268,0,null,0,0,0
4269,0,null,0,0,0
4340,0,null,0,0,0
4341,0,null,0,0,0
4342,0,null,0,0,0
4343,0,null,0,0,0
4344,0,null,0,0,0
4345,0,null,0,0,0
4346,0,null,0,0,0
4347,6,pi+,1,1,1
4348,0,null,0,0,0
4349,0,null,0,0,0
4350,0,null,0,0,0
4351,0,null,0,0,0
4183,7,pi+,1,1,1
4184,0,null,0,0,0
4185,0,null,0,0,0
4186,0,null,0,0,0
4187,0,null,0,0,0
4188,0,null,0,0,0
4189,0,null,0,0,0
4190,0,null,0,0,0
4191,0,null,0,0,0
4192,0,null,0,0,0
4193,0,null,0,0,0
4194,0,null,0,0,0
4195,0,null,0,0,0
4196,0,null,0,0,0
4197,0,null,0,0,0
4198,0,null,0,0,0
4199,0,null,0,0,0
4270,0,null,0,0,0
4271,0,null,0,0,0
4272,0,null,0,0,0
4273,0,null,0,0,0
4274,0,null,0,0,0
4275,0,null,0,0,0
4276,0,null,0,0,0
4277,0,null,0,0,0
4278,0,null,0,0,0
4279,5648,secondary_proton,1,1,1
4280,0,null,0,0,0
4281,0,null,0,0,0
4282,0,null,0,0,0
4283,0,null,0,0,0
4284,0,null,0,0,0
4285,0,null,0,0,0
4286,0,null,0,0,0
4287,0,null,0,0,0
4288,0,null,0,0,0
4289,0,null,0,0,0
4290,0,null,0,0,0
4291,0,null,0,0,0
4292,0,null,0,0,0
4293,0,null,0,0,0
4294,0,null,0,0,0
4295,0,null,0,0,0
4296,0,null,0,0,0
4297,0,null,0,0,0
4298,0,null,0,0,0
4299,0,null,0,0,0
4352,1,primary_proton,1,1,1
4353,0,null,0,0,0
4354,0,null,0,0,0
4355,0,null,0,0,0
4356,0,null,0,0,0
4357,0,null,0,0,0
4358,0,null,0,0,0
4359,0,null,0,0,0
4360,0,null,0,0,0
4361,0,null,0,0,0
4362,9,pi-,1,1,1
4363,0,null,0,0,0
4364,0,null,0,0,0
4365,0,null,0,0,0
4366,0,null,0,0,0
4367,0,null,0,0,0
4368,0,null,0,0,0
4369,0,null,0,0,0
4370,0,null,0,0,0
4371,0,null,0,0,0
4372,0,null,0,0,0
4373,0,null,0,0,0
4374,0,null,0,0,0
4375,0,null,0,0,0
4376,0,null,0,0,0
4377,0,null,0,0,0
4378,0,null,0,0,0
4379,0,null,0,0,0
4380,0,null,0,0,0
4381,9,pi+,1,1,0
4382,0,null,0,0,0
4383,0,null,0,0,0
4384,1,primary_proton,1,1,1
4385,1,primary_proton,1,1,1
4386,0,null,0,0,0
4387,0,null,0,0,0
4388,0,null,0,0,0
4389,0,null,0,0,0
4390,0,null,0,0,0
4391,0,null,0,0,0
4392,0,null,0,0,0
4393,0,null,0,0,0
4394,0,null,0,0,0
4395,0,null,0,0,0
4396,0,null,0,0,0
4397,0,null,0,0,0
4398,0,null,0,0,0
4399,0,null,0,0,0
4300,0,null,0,0,0
4301,0,null,0,0,0
4302,0,null,0,0,0
4303,0,null,0,0,0
4304,0,null,0,0,0
4305,0,null,0,0,0
4306,0,null,0,0,0
4307,0,null,0,0,0
4308,0,null,0,0,0
4309,0,null,0,0,0
4310,0,null,0,0,0
4311,0,null,0,0,0
4312,0,null,0,0,0
4313,0,null,0,0,0
4314,0,null,0,0,0
4315,0,null,0,0,0
4316,1,primary_proton,1,1,1
4317,0,null,0,0,0
4318,0,null,0,0,0
4319,0,null,0,0,0
4320,0,null,0,0,0
4321,0,null,0,0,0
4322,0,null,0,0,0
4323,0,null,0,0,0
4324,0,null,0,0,0
4325,0,null,0,0,0
4326,0,null,0,0,0
4327,0,null,0,0,0
4328,0,null,0,0,0
4329,0,null,0,0,0
4330,0,null,0,0,0
4331,0,null,0,0,0
4332,0,null,0,0,0
4333,0,null,0,0,0
4334,0,null,0,0,0
4335,0,null,0,0,0
4336,8,pi+,1,1,1
4337,0,null,0,0,0
4338,0,null,0,0,0
4339,0,null,0,0,0
4480,0,null,0,0,0
4481,0,null,0,0,0
4482,0,null,0,0,0
4483,0,null,0,0,0
4484,0,null,0,0,0
4485,1,primary_proton,1,1,1
4486,0,null,0,0,0
4487,0,null,0,0,0
4488,0,null,0,0,0
4489,0,null,0,0,0
4490,0,null,0,0,0
4491,0,null,0,0,0
4492,0,null,0,0,0
4493,0,null,0,0,0
4494,0,null,0,0,0
4495,0,null,0,0,0
4496,0,null,0,0,0
4497,0,null,0,0,0
4498,0,null,0,0,0
4499,0,null,0,0,0
4400,0,null,0,0,0
4401,0,null,0,0,0
4402,0,null,0,0,0
4403,0,null,0,0,0
4404,0,null,0,0,0
4405,0,null,0,0,0
4406,0,null,0,0,0
4407,0,null,0,0,0
4408,0,null,0,0,0
4409,0,null,0,0,0
4410,0,null,0,0,0
4411,0,null,0,0,0
4412,0,null,0,0,0
4413,0,null,0,0,0
4414,0,null,0,0,0
4415,0,null,0,0,0
4416,0,null,0,0,0
4417,0,null,0,0,0
4418,0,null,0,0,0
4419,11,pi+,1,1,1
4420,0,null,0,0,0
4421,0,null,0,0,0
4422,0,null,0,0,0
4423,0,null,0,0,0
4424,0,null,0,0,0
4425,0,null,0,0,0
4426,0,null,0,0,0
4427,0,null,0,0,0
4428,1,primary_proton,1,1,1
4429,0,null,0,0,0
4430,0,null,0,0,0
4431,0,null,0,0,0
4432,0,null,0,0,0
4433,0,null,0,0,0
4434,0,null,0,0,0
4435,0,null,0,0,0
4436,0,null,0,0,0
4437,0,null,0,0,0
4438,0,null,0,0,0
4439,0,null,0,0,0
4440,0,null,0,0,0
4441,0,null,0,0,0
4442,0,null,0,0,0
4443,0,null,0,0,0
4444,1,primary_proton,1,1,1
4445,0,null,0,0,0
4446,0,null,0,0,0
4447,0,null,0,0,0
4448,0,null,0,0,0
4449,0,null,0,0,0
4450,0,null,0,0,0
4451,0,null,0,0,0
4452,0,null,0,0,0
4453,0,null,0,0,0
4454,0,null,0,0,0
4455,0,null,0,0,0
4456,0,null,0,0,0
4457,0,null,0,0,0
4458,0,null,0,0,0
4459,0,null,0,0,0
4460,0,null,0,0,0
4461,0,null,0,0,0
4462,7,secondary_proton,1,1,1
4463,0,null,0,0,0
4464,0,null,0,0,0
4465,0,null,0,0,0
4466,0,null,0,0,0
4467,0,null,0,0,0
4468,1,primary_proton,1,1,1
4469,0,null,0,0,0
4470,0,null,0,0,0
4471,0,null,0,0,0
4472,1,primary_proton,1,1,1
4473,0,null,0,0,0
4474,0,null,0,0,0
4500,0,null,0,0,0
4501,0,null,0,0,0
4502,0,null,0,0,0
4503,0,null,0,0,0
4504,5,pi-,1,0,0
4505,0,null,0,0,0
4506,0,null,0,0,0
4507,0,null,0,0,0
4508,0,null,0,0,0
4509,0,null,0,0,0
4510,0,null,0,0,0
4511,0,null,0,0,0
4512,0,null,0,0,0
4513,0,null,0,0,0
4514,0,null,0,0,0
4515,0,null,0,0,0
4516,1,primary_proton,1,1,1
4517,0,null,0,0,0
4518,0,null,0,0,0
4519,1,primary_proton,1,1,1
4520,0,null,0,0,0
4521,0,null,0,0,0
4522,0,null,0,0,0
4523,0,null,0,0,0
4524,0,null,0,0,0
4525,0,null,0,0,0
4526,0,null,0,0,0
4527,0,null,0,0,0
4528,0,null,0,0,0
4529,0,null,0,0,0
4530,0,null,0,0,0
4531,0,null,0,0,0
4532,0,null,0,0,0
4533,0,null,0,0,0
4534,0,null,0,0,0
4535,0,null,0,0,0
4536,9,secondary_proton,1,1,1
4537,0,null,0,0,0
4538,0,null,0,0,0
4539,0,null,0,0,0
4540,0,null,0,0,0
4541,0,null,0,0,0
4542,0,null,0,0,0
4543,0,null,0,0,0
4544,0,null,0,0,0
4545,0,null,0,0,0
4546,13,pi-,1,1,1
4547,0,null,0,0,0
4548,0,null,0,0,0
4549,0,null,0,0,0
4550,0,null,0,0,0
4551,0,null,0,0,0
4552,0,null,0,0,0
4553,0,null,0,0,0
4554,0,null,0,0,0
4555,0,null,0,0,0
4556,0,null,0,0,0
4557,0,null,0,0,0
4558,0,null,0,0,0
4559,0,null,0,0,0
4560,0,null,0,0,0
4561,0,null,0,0,0
4562,0,null,0,0,0
4563,0,null,0,0,0
4564,0,null,0,0,0
4565,0,null,0,0,0
4566,0,null,0,0,0
4567,0,null,0,0,0
4568,0,null,0,0,0
4569,0,null,0,0,0
4570,0,null,0,0,0
4571,0,null,0,0,0
4572,0,null,0,0,0
4573,0,null,0,0,0
4574,0,null,0,0,0
4575,0,null,0,0,0
4576,0,null,0,0,0
4577,0,null,0,0,0
4578,0,null,0,0,0
4579,0,null,0,0,0
4580,0,null,0,0,0
4581,0,null,0,0,0
4582,0,null,0,0,0
4583,0,null,0,0,0
4584,0,null,0,0,0
4585,0,null,0,0,0
4586,0,null,0,0,0
4587,0,null,0,0,0
4588,0,null,0,0,0
4589,0,null,0,0,0
4590,0,null,0,0,0
4591,0,null,0,0,0
4592,0,null,0,0,0
4593,0,null,0,0,0
4594,0,null,0,0,0
4595,3,secondary_proton,1,1,1
4596,0,null,0,0,0
4597,0,null,0,0,0
4598,8,pi+,1,1,1
4599,0,null,0,0,0
4600,0,null,0,0,0
4601,0,null,0,0,0
4602,0,null,0,0,0
4603,0,null,0,0,0
4604,0,null,0,0,0
4605,1,primary_proton,1,1,1
4606,0,null,0,0,0
4607,0,null,0,0,0
4608,0,null,0,0,0
4609,0,null,0,0,0
4610,0,null,0,0,0
4611,0,null,0,0,0
4612,0,null,0,0,0
4613,0,null,0,0,0
4614,0,null,0,0,0
4615,0,null,0,0,0
4616,0,null,0,0,0
4617,0,null,0,0,0
4618,0,null,0,0,0
4619,0,null,0,0,0
4690,0,null,0,0,0
4691,0,null,0,0,0
4692,0,null,0,0,0
4693,0,null,0,0,0
4694,0,null,0,0,0
4695,0,null,0,0,0
4696,0,null,0,0,0
4697,0,null,0,0,0
4698,21,pi+,1,1,0
4699,0,null,0,0,0
4475,23,pi+,1,1,1
4476,0,null,0,0,0
4477,0,null,0,0,0
4478,0,null,0,0,0
4479,542,secondary_proton,1,1,1
4620,0,null,0,0,0
4621,0,null,0,0,0
4622,0,null,0,0,0
4623,0,null,0,0,0
4624,0,null,0,0,0
4625,0,null,0,0,0
4626,0,null,0,0,0
4627,0,null,0,0,0
4628,0,null,0,0,0
4629,9,secondary_proton,1,1,1
4630,0,null,0,0,0
4631,0,null,0,0,0
4632,0,null,0,0,0
4633,0,null,0,0,0
4634,0,null,0,0,0
4635,0,null,0,0,0
4636,0,null,0,0,0
4637,0,null,0,0,0
4638,0,null,0,0,0
4639,1,primary_proton,1,0,0
4640,0,null,0,0,0
4641,0,null,0,0,0
4642,0,null,0,0,0
4643,0,null,0,0,0
4644,0,null,0,0,0
4645,0,null,0,0,0
4646,0,null,0,0,0
4647,0,null,0,0,0
4648,0,null,0,0,0
4649,0,null,0,0,0
4650,0,null,0,0,0
4651,0,null,0,0,0
4652,1,primary_proton,1,1,1
4653,0,null,0,0,0
4654,0,null,0,0,0
4655,0,null,0,0,0
4656,0,null,0,0,0
4657,0,null,0,0,0
4658,0,null,0,0,0
4659,0,null,0,0,0
4660,0,null,0,0,0
4661,0,null,0,0,0
4662,0,null,0,0,0
4663,0,null,0,0,0
4664,9,secondary_proton,1,1,1
4665,0,null,0,0,0
4666,1,primary_proton,1,1,1
4667,0,null,0,0,0
4668,0,null,0,0,0
4669,0,null,0,0,0
4670,0,null,0,0,0
4671,0,null,0,0,0
4672,0,null,0,0,0
4673,0,null,0,0,0
4674,0,null,0,0,0
4675,0,null,0,0,0
4676,1,primary_proton,1,1,1
4677,0,null,0,0,0
4678,0,null,0,0,0
4679,0,null,0,0,0
4680,0,null,0,0,0
4681,0,null,0,0,0
4682,0,null,0,0,0
4684,0,null,0,0,0
4685,1,primary_proton,1,1,1
4686,0,null,0,0,0
4687,0,null,0,0,0
4688,0,null,0,0,0
4689,0,null,0,0,0
4760,0,null,0,0,0
4761,0,null,0,0,0
4762,0,null,0,0,0
4763,0,null,0,0,0
4764,0,null,0,0,0
4765,0,null,0,0,0
4766,0,null,0,0,0
4767,0,null,0,0,0
4768,0,null,0,0,0
4769,0,null,0,0,0
4770,0,null,0,0,0
4771,0,null,0,0,0
4772,0,null,0,0,0
4773,0,null,0,0,0
4774,0,null,0,0,0
4775,0,null,0,0,0
4776,0,null,0,0,0
4777,0,null,0,0,0
4778,0,null,0,0,0
4779,0,null,0,0,0
4780,5,secondary_proton,1,0,0
4781,0,null,0,0,0
4782,0,null,0,0,0
4783,0,null,0,0,0
4784,0,null,0,0,0
4785,0,null,0,0,0
4786,0,null,0,0,0
4787,0,null,0,0,0
4788,0,null,0,0,0
4789,9,pi+,1,1,1
4790,0,null,0,0,0
4791,0,null,0,0,0
4792,0,null,0,0,0
4793,0,null,0,0,0
4794,0,null,0,0,0
4795,0,null,0,0,0
4796,0,null,0,0,0
4797,0,null,0,0,0
4798,0,null,0,0,0
4799,0,null,0,0,0
4700,0,null,0,0,0
4701,0,null,0,0,0
4702,0,null,0,0,0
4703,0,null,0,0,0
4704,0,null,0,0,0
4705,0,null,0,0,0
4706,0,null,0,0,0
4707,0,null,0,0,0
4708,0,null,0,0,0
4709,0,null,0,0,0
4710,0,null,0,0,0
4711,0,null,0,0,0
4712,1,primary_proton,1,1,1
4713,0,null,0,0,0
4714,0,null,0,0,0
4715,0,null,0,0,0
4716,0,null,0,0,0
4717,0,null,0,0,0
4718,0,null,0,0,0
4719,0,null,0,0,0
4720,0,null,0,0,0
4721,0,null,0,0,0
4722,0,null,0,0,0
4723,0,null,0,0,0
4724,0,null,0,0,0
4725,0,null,0,0,0
4726,0,null,0,0,0
4727,0,null,0,0,0
4728,0,null,0,0,0
4729,0,null,0,0,0
4730,0,null,0,0,0
4731,0,null,0,0,0
4732,0,null,0,0,0
4733,0,null,0,0,0
4734,0,null,0,0,0
4735,0,null,0,0,0
4736,8,secondary_proton,1,1,1
4737,0,null,0,0,0
4738,0,null,0,0,0
4739,0,null,0,0,0
4740,0,null,0,0,0
4741,0,null,0,0,0
4742,0,null,0,0,0
4743,0,null,0,0,0
4744,0,null,0,0,0
4745,0,null,0,0,0
4746,0,null,0,0,0
4747,0,null,0,0,0
4748,1093,e+,1,1,1
4749,0,null,0,0,0
4750,0,null,0,0,0
4751,0,null,0,0,0
4752,0,null,0,0,0
4753,0,null,0,0,0
4754,0,null,0,0,0
4755,0,null,0,0,0
4756,0,null,0,0,0
4757,0,null,0,0,0
4758,1,primary_proton,1,1,1
4759,0,null,0,0,0
4830,0,null,0,0,0
4831,9,pi+,1,1,1
4832,0,null,0,0,0
4800,12,pi+,1,1,1
4801,0,null,0,0,0
4802,1,primary_proton,1,1,1
4803,0,null,0,0,0
4804,0,null,0,0,0
4805,0,null,0,0,0
4806,0,null,0,0,0
4807,0,null,0,0,0
4808,0,null,0,0,0
4809,0,null,0,0,0
4810,0,null,0,0,0
4811,0,null,0,0,0
4812,0,null,0,0,0
4813,0,null,0,0,0
4814,13,pi+,1,1,1
4815,7,secondary_proton,1,1,1
4816,0,null,0,0,0
4817,0,null,0,0,0
4818,0,null,0,0,0
4819,0,null,0,0,0
4820,0,null,0,0,0
4821,0,null,0,0,0
4822,0,null,0,0,0
4823,0,null,0,0,0
4824,7,pi-,1,1,1
4825,0,null,0,0,0
4826,0,null,0,0,0
4827,0,null,0,0,0
4828,0,null,0,0,0
4829,0,null,0,0,0
4834,0,null,0,0,0
4835,0,null,0,0,0
4836,0,null,0,0,0
4837,0,null,0,0,0
4838,0,null,0,0,0
4839,0,null,0,0,0
4840,0,null,0,0,0
4841,0,null,0,0,0
4842,0,null,0,0,0
4843,0,null,0,0,0
4844,0,null,0,0,0
4845,0,null,0,0,0
4846,0,null,0,0,0
4847,0,null,0,0,0
4848,0,null,0,0,0
4849,0,null,0,0,0
4850,0,null,0,0,0
4851,0,null,0,0,0
4852,0,null,0,0,0
4853,0,null,0,0,0
4854,0,null,0,0,0
4855,0,null,0,0,0
4856,0,null,0,0,0
4857,0,null,0,0,0
4858,0,null,0,0,0
4859,0,null,0,0,0
4860,0,null,0,0,0
4861,0,null,0,0,0
4862,1,primary_proton,1,1,1
4863,0,null,0,0,0
4864,0,null,0,0,0
4865,0,null,0,0,0
4866,0,null,0,0,0
4867,0,null,0,0,0
4868,0,null,0,0,0
4869,0,null,0,0,0
4870,0,null,0,0,0
4871,0,null,0,0,0
4872,1,primary_proton,1,1,1
4873,0,null,0,0,0
4874,0,null,0,0,0
4875,0,null,0,0,0
4876,0,null,0,0,0
4877,7,pi+,1,1,1
4878,0,null,0,0,0
4879,0,null,0,0,0
4880,0,null,0,0,0
4881,0,null,0,0,0
4882,0,null,0,0,0
4883,6,secondary_proton,1,1,0
4884,0,null,0,0,0
4885,0,null,0,0,0
4886,0,null,0,0,0
4887,0,null,0,0,0
4888,0,null,0,0,0
4889,10,pi-,1,0,0
4890,0,null,0,0,0
4891,0,null,0,0,0
4892,0,null,0,0,0
4893,0,null,0,0,0
4894,0,null,0,0,0
4895,0,null,0,0,0
4896,0,null,0,0,0
4897,0,null,0,0,0
4898,0,null,0,0,0
4899,0,null,0,0,0
4970,0,null,0,0,0
4971,430,e-,1,0,0
4972,0,null,0,0,0
4973,0,null,0,0,0
4974,0,null,0,0,0
4975,0,null,0,0,0
4976,0,null,0,0,0
4977,0,null,0,0,0
4978,0,null,0,0,0
4979,0,null,0,0,0
4900,0,null,0,0,0
4901,1,primary_proton,1,1,1
4902,0,null,0,0,0
4903,0,null,0,0,0
4904,0,null,0,0,0
4905,0,null,0,0,0
4906,0,null,0,0,0
4907,0,null,0,0,0
4908,0,null,0,0,0
4909,0,null,0,0,0
4910,0,null,0,0,0
4911,0,null,0,0,0
4912,0,null,0,0,0
4913,0,null,0,0,0
4914,0,null,0,0,0
4915,0,null,0,0,0
4916,0,null,0,0,0
4917,0,null,0,0,0
4918,9,pi+,1,1,1
4919,0,null,0,0,0
4920,0,null,0,0,0
4921,0,null,0,0,0
4922,0,null,0,0,0
4923,0,null,0,0,0
4924,0,null,0,0,0
4925,0,null,0,0,0
4926,0,null,0,0,0
4927,0,null,0,0,0
4928,0,null,0,0,0
4929,0,null,0,0,0
4930,0,null,0,0,0
4931,0,null,0,0,0
4932,0,null,0,0,0
4933,0,null,0,0,0
4934,0,null,0,0,0
4935,0,null,0,0,0
4936,0,null,0,0,0
4937,0,null,0,0,0
4938,0,null,0,0,0
4939,0,null,0,0,0
4940,0,null,0,0,0
4941,0,null,0,0,0
4942,0,null,0,0,0
4943,0,null,0,0,0
4944,0,null,0,0,0
4945,0,null,0,0,0
4946,0,null,0,0,0
4947,0,null,0,0,0
4948,17,secondary_proton,1,1,0
4949,0,null,0,0,0
4950,0,null,0,0,0
4951,0,null,0,0,0
4952,0,null,0,0,0
4953,0,null,0,0,0
4954,0,null,0,0,0
4955,0,null,0,0,0
4956,0,null,0,0,0
4957,0,null,0,0,0
4958,1,primary_proton,1,1,1
4959,0,null,0,0,0
4960,0,null,0,0,0
4961,0,null,0,0,0
4962,0,null,0,0,0
4963,0,null,0,0,0
4964,0,null,0,0,0
4965,0,null,0,0,0
4966,0,null,0,0,0
4967,0,null,0,0,0
4968,0,null,0,0,0
4969,0,null,0,0,0
4980,0,null,0,0,0
4981,0,null,0,0,0
4982,0,null,0,0,0
4983,0,null,0,0,0
4984,10,secondary_proton,1,1,1
4985,0,null,0,0,0
4986,0,null,0,0,0
4987,0,null,0,0,0
4988,0,null,0,0,0
4989,0,null,0,0,0
4990,0,null,0,0,0
4991,0,null,0,0,0
4992,0,null,0,0,0
4993,0,null,0,0,0
4994,0,null,0,0,0
4995,0,null,0,0,0
4996,0,null,0,0,0
4997,0,null,0,0,0
4998,1,primary_proton,1,1,1
4999,0,null,0,0,0
70,0,null,0,0,0
71,0,null,0,0,0
72,0,null,0,0,0
73,0,null,0,0,0
74,0,null,0,0,0
75,0,null,0,0,0
76,0,null,0,0,0
77,0,null,0,0,0
78,0,null,0,0,0
79,18,pi-,1,1,0
80,10,pi-,1,1,1
81,0,null,0,0,0
82,0,null,0,0,0
83,0,null,0,0,0
84,0,null,0,0,0
85,0,null,0,0,0
86,0,null,0,0,0
87,0,null,0,0,0
88,0,null,0,0,0
89,0,null,0,0,0
90,0,null,0,0,0
91,0,null,0,0,0
92,0,null,0,0,0
93,0,null,0,0,0
94,0,null,0,0,0
95,0,null,0,0,0
96,0,null,0,0,0
97,0,null,0,0,0
98,0,null,0,0,0
99,0,null,0,0,0
0,0,null,0,0,0
1,0,null,0,0,0
2,0,null,0,0,0
3,0,null,0,0,0
4,0,null,0,0,0
5,0,null,0,0,0
6,0,null,0,0,0
7,0,null,0,0,0
8,0,null,0,0,0
9,0,null,0,0,0
10,0,null,0,0,0
11,0,null,0,0,0
12,0,null,0,0,0
13,0,null,0,0,0
14,2,pi-,1,1,1
15,0,null,0,0,0
16,0,null,0,0,0
17,0,null,0,0,0
18,0,null,0,0,0
19,0,null,0,0,0
20,0,null,0,0,0
21,0,null,0,0,0
22,0,null,0,0,0
23,0,null,0,0,0
24,0,null,0,0,0
25,0,null,0,0,0
26,0,null,0,0,0
27,0,null,0,0,0
28,0,null,0,0,0
29,0,null,0,0,0
30,0,null,0,0,0
31,0,null,0,0,0
32,0,null,0,0,0
33,0,null,0,0,0
34,0,null,0,0,0
35,0,null,0,0,0
36,0,null,0,0,0
37,0,null,0,0,0
38,0,null,0,0,0
39,0,null,0,0,0
40,0,null,0,0,0
41,12,pi-,1,1,1
42,0,null,0,0,0
43,0,null,0,0,0
44,0,null,0,0,0
45,0,null,0,0,0
46,0,null,0,0,0
47,0,null,0,0,0
48,0,null,0,0,0
49,0,null,0,0,0
50,0,null,0,0,0
51,0,null,0,0,0
52,0,null,0,0,0
53,0,null,0,0,0
54,1,primary_proton,1,1,1
55,0,null,0,0,0
56,0,null,0,0,0
57,0,null,0,0,0
58,0,null,0,0,0
59,0,null,0,0,0
60,0,null,0,0,0
61,7,pi-,1,1,1
62,0,null,0,0,0
63,0,null,0,0,0
64,0,null,0,0,0
65,0,null,0,0,0
66,1,primary_proton,1,1,1
67,0,null,0,0,0
68,0,null,0,0,0
69,0,null,0,0,0
140,0,null,0,0,0
141,0,null,0,0,0
142,0,null,0,0,0
143,0,null,0,0,0
144,0,null,0,0,0
145,0,null,0,0,0
146,0,null,0,0,0
147,0,null,0,0,0
148,0,null,0,0,0
149,0,null,0,0,0
150,0,null,0,0,0
151,0,null,0,0,0
152,0,null,0,0,0
153,0,null,0,0,0
154,0,null,0,0,0
155,0,null,0,0,0
156,0,null,0,0,0
157,0,null,0,0,0
158,0,null,0,0,0
159,0,null,0,0,0
160,0,null,0,0,0
161,0,null,0,0,0
162,9,secondary_proton,1,1,1
163,0,null,0,0,0
164,0,null,0,0,0
165,0,null,0,0,0
166,0,null,0,0,0
167,0,null,0,0,0
168,0,null,0,0,0
169,0,null,0,0,0
170,0,null,0,0,0
171,0,null,0,0,0
172,0,null,0,0,0
173,0,null,0,0,0
174,0,null,0,0,0
175,0,null,0,0,0
176,0,null,0,0,0
177,0,null,0,0,0
178,0,null,0,0,0
179,0,null,0,0,0
180,0,null,0,0,0
181,0,null,0,0,0
182,0,null,0,0,0
183,0,null,0,0,0
184,0,null,0,0,0
185,0,null,0,0,0
186,0,null,0,0,0
187,0,null,0,0,0
188,0,null,0,0,0
189,1,primary_proton,1,1,1
190,0,null,0,0,0
191,0,null,0,0,0
192,0,null,0,0,0
193,0,null,0,0,0
194,1,primary_proton,1,1,1
195,0,null,0,0,0
196,27,secondary_proton,1,1,1
197,0,null,0,0,0
198,0,null,0,0,0
199,0,null,0,0,0
100,0,null,0,0,0
101,0,null,0,0,0
102,781,pi+,1,1,1
103,0,null,0,0,0
104,0,null,0,0,0
105,0,null,0,0,0
106,0,null,0,0,0
107,0,null,0,0,0
108,0,null,0,0,0
109,0,null,0,0,0
110,0,null,0,0,0
111,0,null,0,0,0
112,0,null,0,0,0
113,0,null,0,0,0
114,0,null,0,0,0
115,0,null,0,0,0
116,0,null,0,0,0
117,0,null,0,0,0
118,0,null,0,0,0
119,0,null,0,0,0
120,0,null,0,0,0
121,0,null,0,0,0
122,0,null,0,0,0
123,15,secondary_proton,1,0,0
124,0,null,0,0,0
125,0,null,0,0,0
126,0,null,0,0,0
127,0,null,0,0,0
128,0,null,0,0,0
129,0,null,0,0,0
130,0,null,0,0,0
131,0,null,0,0,0
132,0,null,0,0,0
133,0,null,0,0,0
134,0,null,0,0,0
135,0,null,0,0,0
136,0,null,0,0,0
137,0,null,0,0,0
138,0,null,0,0,0
139,0,null,0,0,0
210,0,null,0,0,0
211,0,null,0,0,0
212,0,null,0,0,0
213,0,null,0,0,0
214,0,null,0,0,0
215,7,pi+,1,1,0
216,1,primary_proton,1,1,1
217,0,null,0,0,0
218,0,null,0,0,0
219,0,null,0,0,0
220,0,null,0,0,0
221,0,null,0,0,0
222,0,null,0,0,0
223,0,null,0,0,0
224,0,null,0,0,0
225,0,null,0,0,0
226,0,null,0,0,0
227,6,pi+,1,1,1
228,0,null,0,0,0
229,0,null,0,0,0
230,17,secondary_proton,1,1,1
231,0,null,0,0,0
232,0,null,0,0,0
233,0,null,0,0,0
234,0,null,0,0,0
235,5,pi-,1,1,1
236,0,null,0,0,0
237,0,null,0,0,0
238,0,null,0,0,0
200,0,null,0,0,0
201,0,null,0,0,0
202,0,null,0,0,0
203,0,null,0,0,0
204,0,null,0,0,0
205,1,primary_proton,1,1,1
206,0,null,0,0,0
207,0,null,0,0,0
208,1,primary_proton,1,1,1
209,0,null,0,0,0
280,0,null,0,0,0
281,0,null,0,0,0
282,0,null,0,0,0
283,3350,e+,1,1,0
284,0,null,0,0,0
285,0,null,0,0,0
286,0,null,0,0,0
287,0,null,0,0,0
288,0,null,0,0,0
289,11,pi+,1,1,1
290,0,null,0,0,0
291,0,null,0,0,0
292,0,null,0,0,0
293,0,null,0,0,0
294,0,null,0,0,0
295,0,null,0,0,0
296,0,null,0,0,0
297,0,null,0,0,0
298,0,null,0,0,0
299,0,null,0,0,0
300,0,null,0,0,0
301,0,null,0,0,0
302,0,null,0,0,0
303,0,null,0,0,0
304,0,null,0,0,0
305,0,null,0,0,0
306,0,null,0,0,0
307,0,null,0,0,0
308,0,null,0,0,0
309,0,null,0,0,0
310,0,null,0,0,0
311,0,null,0,0,0
312,0,null,0,0,0
313,0,null,0,0,0
314,14,pi+,1,1,0
315,0,null,0,0,0
316,0,null,0,0,0
317,0,null,0,0,0
318,0,null,0,0,0
319,0,null,0,0,0
320,0,null,0,0,0
321,0,null,0,0,0
322,0,null,0,0,0
323,0,null,0,0,0
324,0,null,0,0,0
325,0,null,0,0,0
326,0,null,0,0,0
327,0,null,0,0,0
328,0,null,0,0,0
329,0,null,0,0,0
330,0,null,0,0,0
331,0,null,0,0,0
332,0,null,0,0,0
333,0,null,0,0,0
334,1071,pi+,1,0,0
335,0,null,0,0,0
336,514,e+,1,0,0
337,0,null,0,0,0
338,0,null,0,0,0
339,0,null,0,0,0
340,0,null,0,0,0
341,0,null,0,0,0
342,0,null,0,0,0
343,0,null,0,0,0
344,0,null,0,0,0
345,0,null,0,0,0
346,2833,e-,1,1,0
347,0,null,0,0,0
348,0,null,0,0,0
349,0,null,0,0,0
420,0,null,0,0,0
421,0,null,0,0,0
422,0,null,0,0,0
423,0,null,0,0,0
424,0,null,0,0,0
425,0,null,0,0,0
426,0,null,0,0,0
427,0,null,0,0,0
428,0,null,0,0,0
429,0,null,0,0,0
430,6,pi+,1,1,0
431,0,null,0,0,0
432,0,null,0,0,0
433,0,null,0,0,0
434,0,null,0,0,0
435,0,null,0,0,0
436,0,null,0,0,0
437,0,null,0,0,0
438,0,null,0,0,0
439,0,null,0,0,0
440,0,null,0,0,0
441,0,null,0,0,0
442,0,null,0,0,0
443,0,null,0,0,0
444,1,primary_proton,1,1,1
445,0,null,0,0,0
446,0,null,0,0,0
447,0,null,0,0,0
448,0,null,0,0,0
449,0,null,0,0,0
450,0,null,0,0,0
451,0,null,0,0,0
452,0,null,0,0,0
453,0,null,0,0,0
454,0,null,0,0,0
455,0,null,0,0,0
456,0,null,0,0,0
457,0,null,0,0,0
458,0,null,0,0,0
459,0,null,0,0,0
460,0,null,0,0,0
461,0,null,0,0,0
462,0,null,0,0,0
463,0,null,0,0,0
464,0,null,0,0,0
465,0,null,0,0,0
466,0,null,0,0,0
467,0,null,0,0,0
468,0,null,0,0,0
469,0,null,0,0,0
470,0,null,0,0,0
471,0,null,0,0,0
472,0,null,0,0,0
473,0,null,0,0,0
474,0,null,0,0,0
475,0,null,0,0,0
476,0,null,0,0,0
477,0,null,0,0,0
478,0,null,0,0,0
479,0,null,0,0,0
480,1513,e-,1,1,1
481,0,null,0,0,0
482,0,null,0,0,0
483,0,null,0,0,0
484,0,null,0,0,0
485,0,null,0,0,0
486,0,null,0,0,0
487,0,null,0,0,0
488,0,null,0,0,0
489,0,null,0,0,0
490,1,primary_proton,1,1,1
491,0,null,0,0,0
492,0,null,0,0,0
493,1,primary_proton,1,1,1
494,0,null,0,0,0
495,0,null,0,0,0
496,0,null,0,0,0
497,0,null,0,0,0
498,0,null,0,0,0
499,0,null,0,0,0
240,0,null,0,0,0
241,0,null,0,0,0
242,0,null,0,0,0
243,0,null,0,0,0
244,0,null,0,0,0
245,0,null,0,0,0
246,0,null,0,0,0
247,0,null,0,0,0
248,0,null,0,0,0
249,0,null,0,0,0
250,0,null,0,0,0
251,0,null,0,0,0
252,0,null,0,0,0
253,10,secondary_proton,1,1,1
254,0,null,0,0,0
255,0,null,0,0,0
256,0,null,0,0,0
257,0,null,0,0,0
258,0,null,0,0,0
259,0,null,0,0,0
260,0,null,0,0,0
261,0,null,0,0,0
262,0,null,0,0,0
263,0,null,0,0,0
264,0,null,0,0,0
265,0,null,0,0,0
266,0,null,0,0,0
267,0,null,0,0,0
268,0,null,0,0,0
269,0,null,0,0,0
270,0,null,0,0,0
271,0,null,0,0,0
272,0,null,0,0,0
273,0,null,0,0,0
274,0,null,0,0,0
275,0,null,0,0,0
276,0,null,0,0,0
277,0,null,0,0,0
278,0,null,0,0,0
279,0,null,0,0,0
350,0,null,0,0,0
351,0,null,0,0,0
352,0,null,0,0,0
353,0,null,0,0,0
354,0,null,0,0,0
355,4,pi-,1,1,1
356,0,null,0,0,0
357,1,primary_proton,1,1,1
358,0,null,0,0,0
359,0,null,0,0,0
360,0,null,0,0,0
361,0,null,0,0,0
362,0,null,0,0,0
363,0,null,0,0,0
364,0,null,0,0,0
365,0,null,0,0,0
366,0,null,0,0,0
367,0,null,0,0,0
368,0,null,0,0,0
369,0,null,0,0,0
370,0,null,0,0,0
371,0,null,0,0,0
372,20,pi-,1,1,1
373,0,null,0,0,0
374,0,null,0,0,0
375,1,primary_proton,1,1,1
376,0,null,0,0,0
377,0,null,0,0,0
378,0,null,0,0,0
379,0,null,0,0,0
380,7,pi+,1,1,1
381,0,null,0,0,0
382,0,null,0,0,0
383,0,null,0,0,0
384,1,primary_proton,1,1,1
385,0,null,0,0,0
386,0,null,0,0,0
387,0,null,0,0,0
388,0,null,0,0,0
389,0,null,0,0,0
390,0,null,0,0,0
391,0,null,0,0,0
392,0,null,0,0,0
393,0,null,0,0,0
394,0,null,0,0,0
395,0,null,0,0,0
396,0,null,0,0,0
397,0,null,0,0,0
398,0,null,0,0,0
399,0,null,0,0,0
400,0,null,0,0,0
401,0,null,0,0,0
402,0,null,0,0,0
403,0,null,0,0,0
404,0,null,0,0,0
405,0,null,0,0,0
406,0,null,0,0,0
407,0,null,0,0,0
408,0,null,0,0,0
409,0,null,0,0,0
410,0,null,0,0,0
411,0,null,0,0,0
412,0,null,0,0,0
413,0,null,0,0,0
414,0,null,0,0,0
415,0,null,0,0,0
416,0,null,0,0,0
417,0,null,0,0,0
418,0,null,0,0,0
419,0,null,0,0,0
560,0,null,0,0,0
561,0,null,0,0,0
562,0,null,0,0,0
563,0,null,0,0,0
564,0,null,0,0,0
565,0,null,0,0,0
566,0,null,0,0,0
567,0,null,0,0,0
568,0,null,0,0,0
569,0,null,0,0,0
570,0,null,0,0,0
571,0,null,0,0,0
572,0,null,0,0,0
573,0,null,0,0,0
574,1,primary_proton,1,1,1
575,0,null,0,0,0
576,0,null,0,0,0
577,0,null,0,0,0
578,0,null,0,0,0
579,0,null,0,0,0
580,0,null,0,0,0
581,0,null,0,0,0
582,0,null,0,0,0
583,1,primary_proton,1,1,1
584,0,null,0,0,0
585,0,null,0,0,0
586,0,null,0,0,0
587,0,null,0,0,0
588,0,null,0,0,0
589,0,null,0,0,0
590,0,null,0,0,0
591,0,null,0,0,0
592,676,e-,0,1,0
593,0,null,0,0,0
594,0,null,0,0,0
595,0,null,0,0,0
596,6,secondary_proton,1,1,1
597,0,null,0,0,0
598,0,null,0,0,0
599,0,null,0,0,0
600,0,null,0,0,0
601,0,null,0,0,0
602,22,pi+,1,1,1
603,0,null,0,0,0
604,0,null,0,0,0
605,0,null,0,0,0
606,0,null,0,0,0
607,0,null,0,0,0
608,0,null,0,0,0
609,0,null,0,0,0
610,0,null,0,0,0
611,0,null,0,0,0
612,0,null,0,0,0
613,0,null,0,0,0
614,8,pi+,1,1,1
615,0,null,0,0,0
616,0,null,0,0,0
617,0,null,0,0,0
618,12,pi+,1,1,1
619,0,null,0,0,0
620,0,null,0,0,0
621,0,null,0,0,0
622,0,null,0,0,0
623,0,null,0,0,0
624,1,primary_proton,1,1,1
625,0,null,0,0,0
626,0,null,0,0,0
627,0,null,0,0,0
628,0,null,0,0,0
629,1,primary_proton,1,1,1
500,0,null,0,0,0
501,0,null,0,0,0
502,0,null,0,0,0
503,0,null,0,0,0
504,0,null,0,0,0
505,0,null,0,0,0
506,0,null,0,0,0
507,0,null,0,0,0
508,7,pi-,1,1,1
509,0,null,0,0,0
510,0,null,0,0,0
511,0,null,0,0,0
512,0,null,0,0,0
513,0,null,0,0,0
514,0,null,0,0,0
515,0,null,0,0,0
516,2193,e-,1,0,0
517,0,null,0,0,0
518,0,null,0,0,0
519,0,null,0,0,0
520,0,null,0,0,0
521,32,pi-,1,0,1
522,0,null,0,0,0
523,0,null,0,0,0
524,0,null,0,0,0
525,0,null,0,0,0
526,0,null,0,0,0
527,0,null,0,0,0
528,0,null,0,0,0
529,0,null,0,0,0
530,0,null,0,0,0
531,0,null,0,0,0
532,1,primary_proton,1,1,1
533,0,null,0,0,0
534,11,pi+,1,0,0
535,0,null,0,0,0
536,0,null,0,0,0
537,0,null,0,0,0
538,0,null,0,0,0
539,0,null,0,0,0
540,0,null,0,0,0
541,0,null,0,0,0
542,0,null,0,0,0
543,1,primary_proton,1,1,1
544,0,null,0,0,0
545,0,null,0,0,0
546,0,null,0,0,0
547,0,null,0,0,0
548,0,null,0,0,0
549,0,null,0,0,0
550,0,null,0,0,0
551,0,null,0,0,0
552,0,null,0,0,0
553,0,null,0,0,0
554,0,null,0,0,0
555,9,secondary_proton,1,1,1
556,0,null,0,0,0
557,1,primary_proton,1,1,1
558,0,null,0,0,0
559,0,null,0,0,0
630,0,null,0,0,0
631,0,null,0,0,0
632,1,primary_proton,1,1,1
633,0,null,0,0,0
634,0,null,0,0,0
635,0,null,0,0,0
636,0,null,0,0,0
637,299,pi-,1,0,0
700,79,secondary_proton,1,1,1
701,0,null,0,0,0
702,0,null,0,0,0
703,0,null,0,0,0
704,0,null,0,0,0
705,0,null,0,0,0
706,0,null,0,0,0
707,0,null,0,0,0
708,0,null,0,0,0
709,0,null,0,0,0
710,0,null,0,0,0
711,0,null,0,0,0
712,0,null,0,0,0
713,0,null,0,0,0
714,0,null,0,0,0
715,0,null,0,0,0
716,0,null,0,0,0
717,0,null,0,0,0
718,6,pi+,1,0,0
719,0,null,0,0,0
720,1,primary_proton,1,1,1
721,0,null,0,0,0
722,0,null,0,0,0
723,0,null,0,0,0
724,0,null,0,0,0
725,0,null,0,0,0
726,0,null,0,0,0
727,0,null,0,0,0
728,0,null,0,0,0
729,0,null,0,0,0
730,0,null,0,0,0
731,0,null,0,0,0
732,0,null,0,0,0
733,0,null,0,0,0
734,1,primary_proton,1,1,1
735,0,null,0,0,0
736,0,null,0,0,0
737,1,primary_proton,1,1,1
738,0,null,0,0,0
739,0,null,0,0,0
740,1319,e-,1,0,0
741,0,null,0,0,0
742,0,null,0,0,0
743,0,null,0,0,0
744,0,null,0,0,0
745,0,null,0,0,0
746,1,primary_proton,1,1,1
747,0,null,0,0,0
748,0,null,0,0,0
749,0,null,0,0,0
750,0,null,0,0,0
751,0,null,0,0,0
752,0,null,0,0,0
753,0,null,0,0,0
754,0,null,0,0,0
755,0,null,0,0,0
756,0,null,0,0,0
757,0,null,0,0,0
758,4,secondary_proton,1,0,0
759,0,null,0,0,0
760,0,null,0,0,0
761,0,null,0,0,0
762,0,null,0,0,0
763,14,pi-,1,1,1
764,0,null,0,0,0
765,0,null,0,0,0
766,0,null,0,0,0
767,0,null,0,0,0
768,1,primary_proton,1,1,1
769,0,null,0,0,0
770,0,null,0,0,0
771,0,null,0,0,0
772,0,null,0,0,0
773,0,null,0,0,0
638,0,null,0,0,0
639,0,null,0,0,0
640,0,null,0,0,0
641,0,null,0,0,0
642,0,null,0,0,0
643,0,null,0,0,0
644,0,null,0,0,0
645,0,null,0,0,0
646,0,null,0,0,0
647,0,null,0,0,0
648,0,null,0,0,0
649,0,null,0,0,0
650,0,null,0,0,0
651,0,null,0,0,0
652,0,null,0,0,0
653,0,null,0,0,0
654,0,null,0,0,0
655,0,null,0,0,0
656,0,null,0,0,0
657,0,null,0,0,0
658,0,null,0,0,0
659,0,null,0,0,0
660,0,null,0,0,0
661,5,secondary_proton,1,1,1
662,0,null,0,0,0
663,0,null,0,0,0
664,0,null,0,0,0
665,7,secondary_proton,1,1,0
666,0,null,0,0,0
667,1630,e-,1,1,1
668,0,null,0,0,0
669,0,null,0,0,0
670,0,null,0,0,0
671,0,null,0,0,0
672,0,null,0,0,0
673,0,null,0,0,0
674,0,null,0,0,0
675,0,null,0,0,0
676,0,null,0,0,0
677,0,null,0,0,0
678,0,null,0,0,0
679,0,null,0,0,0
680,0,null,0,0,0
681,0,null,0,0,0
682,0,null,0,0,0
683,13,secondary_proton,1,1,1
684,0,null,0,0,0
685,0,null,0,0,0
686,0,null,0,0,0
687,0,null,0,0,0
688,1,primary_proton,1,1,1
689,0,null,0,0,0
690,0,null,0,0,0
691,0,null,0,0,0
692,0,null,0,0,0
693,0,null,0,0,0
694,0,null,0,0,0
695,0,null,0,0,0
696,1,primary_proton,1,1,1
697,0,null,0,0,0
698,0,null,0,0,0
699,0,null,0,0,0
840,0,null,0,0,0
841,0,null,0,0,0
842,0,null,0,0,0
843,0,null,0,0,0
844,0,null,0,0,0
845,0,null,0,0,0
846,0,null,0,0,0
847,0,null,0,0,0
848,0,null,0,0,0
774,0,null,0,0,0
775,9,pi-,1,1,1
776,0,null,0,0,0
777,0,null,0,0,0
778,4434,e-,0,0,1
779,0,null,0,0,0
780,0,null,0,0,0
781,0,null,0,0,0
782,0,null,0,0,0
783,0,null,0,0,0
784,0,null,0,0,0
785,0,null,0,0,0
786,0,null,0,0,0
787,0,null,0,0,0
788,0,null,0,0,0
789,0,null,0,0,0
790,0,null,0,0,0
791,0,null,0,0,0
792,0,null,0,0,0
793,0,null,0,0,0
794,8,pi-,1,1,1
795,1,primary_proton,1,1,1
796,1258,e-,1,1,0
797,0,null,0,0,0
798,0,null,0,0,0
799,0,null,0,0,0
849,1,primary_proton,1,1,1
850,1,primary_proton,1,1,1
851,0,null,0,0,0
852,0,null,0,0,0
853,0,null,0,0,0
854,0,null,0,0,0
855,0,null,0,0,0
856,0,null,0,0,0
857,0,null,0,0,0
858,0,null,0,0,0
859,0,null,0,0,0
860,0,null,0,0,0
861,0,null,0,0,0
862,0,null,0,0,0
863,0,null,0,0,0
864,0,null,0,0,0
865,0,null,0,0,0
866,0,null,0,0,0
867,0,null,0,0,0
868,0,null,0,0,0
869,0,null,0,0,0
870,0,null,0,0,0
871,0,null,0,0,0
872,0,null,0,0,0
873,0,null,0,0,0
874,0,null,0,0,0
875,0,null,0,0,0
876,0,null,0,0,0
877,0,null,0,0,0
878,0,null,0,0,0
879,1,primary_proton,1,1,1
880,0,null,0,0,0
881,0,null,0,0,0
882,0,null,0,0,0
883,0,null,0,0,0
884,0,null,0,0,0
885,0,null,0,0,0
886,0,null,0,0,0
887,0,null,0,0,0
888,0,null,0,0,0
889,0,null,0,0,0
890,313,e+,1,1,1
891,0,null,0,0,0
892,0,null,0,0,0
893,0,null,0,0,0
894,0,null,0,0,0
895,0,null,0,0,0
896,0,null,0,0,0
897,0,null,0,0,0
898,0,null,0,0,0
899,1,primary_proton,1,1,1
900,0,null,0,0,0
901,0,null,0,0,0
902,0,null,0,0,0
903,0,null,0,0,0
904,0,null,0,0,0
905,0,null,0,0,0
906,0,null,0,0,0
907,0,null,0,0,0
908,0,null,0,0,0
909,0,null,0,0,0
910,0,null,0,0,0
911,0,null,0,0,0
912,0,null,0,0,0
913,0,null,0,0,0
914,0,null,0,0,0
915,0,null,0,0,0
916,0,null,0,0,0
917,0,null,0,0,0
918,0,null,0,0,0
919,0,null,0,0,0
920,0,null,0,0,0
921,0,null,0,0,0
922,0,null,0,0,0
923,0,null,0,0,0
924,0,null,0,0,0
925,0,null,0,0,0
926,0,null,0,0,0
927,0,null,0,0,0
928,0,null,0,0,0
929,0,null,0,0,0
930,0,null,0,0,0
931,0,null,0,0,0
932,0,null,0,0,0
933,0,null,0,0,0
934,0,null,0,0,0
935,0,null,0,0,0
936,0,null,0,0,0
937,0,null,0,0,0
938,1,primary_proton,1,1,1
939,0,null,0,0,0
940,0,null,0,0,0
941,0,null,0,0,0
942,0,null,0,0,0
943,0,null,0,0,0
944,0,null,0,0,0
945,0,null,0,0,0
946,0,null,0,0,0
947,0,null,0,0,0
948,0,null,0,0,0
949,0,null,0,0,0
950,0,null,0,0,0
951,0,null,0,0,0
952,0,null,0,0,0
953,0,null,0,0,0
954,0,null,0,0,0
955,0,null,0,0,0
956,0,null,0,0,0
957,0,null,0,0,0
958,0,null,0,0,0
959,0,null,0,0,0
960,0,null,0,0,0
961,0,null,0,0,0
962,3,secondary_proton,1,1,1
963,0,null,0,0,0
964,0,null,0,0,0
965,0,null,0,0,0
966,0,null,0,0,0
967,0,null,0,0,0
968,0,null,0,0,0
969,0,null,0,0,0
970,0,null,0,0,0
971,0,null,0,0,0
972,0,null,0,0,0
973,0,null,0,0,0
974,0,null,0,0,0
975,0,null,0,0,0
976,0,null,0,0,0
977,0,null,0,0,0
978,0,null,0,0,0
979,969,e-,0,0,1
1050,0,null,0,0,0
1051,0,null,0,0,0
1052,0,null,0,0,0
1053,0,null,0,0,0
1054,0,null,0,0,0
1055,0,null,0,0,0
800,1,primary_proton,1,1,1
801,0,null,0,0,0
802,0,null,0,0,0
803,0,null,0,0,0
804,11,e-,1,1,1
805,0,null,0,0,0
806,0,null,0,0,0
807,0,null,0,0,0
808,0,null,0,0,0
809,0,null,0,0,0
810,0,null,0,0,0
811,0,null,0,0,0
812,0,null,0,0,0
813,0,null,0,0,0
814,0,null,0,0,0
815,0,null,0,0,0
816,0,null,0,0,0
817,0,null,0,0,0
818,1,primary_proton,1,1,1
819,0,null,0,0,0
820,0,null,0,0,0
821,0,null,0,0,0
822,0,null,0,0,0
823,0,null,0,0,0
824,0,null,0,0,0
825,0,null,0,0,0
826,0,null,0,0,0
827,0,null,0,0,0
828,0,null,0,0,0
829,0,null,0,0,0
830,0,null,0,0,0
831,1,primary_proton,1,1,1
832,0,null,0,0,0
833,0,null,0,0,0
834,0,null,0,0,0
835,0,null,0,0,0
836,0,null,0,0,0
837,0,null,0,0,0
838,0,null,0,0,0
839,1,primary_proton,1,1,1
980,0,null,0,0,0
981,0,null,0,0,0
982,0,null,0,0,0
983,2291,secondary_proton,1,1,1
984,0,null,0,0,0
985,0,null,0,0,0
986,0,null,0,0,0
987,0,null,0,0,0
988,0,null,0,0,0
989,0,null,0,0,0
990,0,null,0,0,0
991,0,null,0,0,0
992,0,null,0,0,0
993,0,null,0,0,0
994,0,null,0,0,0
995,0,null,0,0,0
996,0,null,0,0,0
997,0,null,0,0,0
998,0,null,0,0,0
999,0,null,0,0,0
1057,0,null,0,0,0
1058,0,null,0,0,0
1059,0,null,0,0,0
1060,0,null,0,0,0
1061,0,null,0,0,0
1062,0,null,0,0,0
1063,0,null,0,0,0
1064,0,null,0,0,0
1065,0,null,0,0,0
1066,0,null,0,0,0
1067,0,null,0,0,0
1068,0,null,0,0,0
1069,0,null,0,0,0
1070,6,pi-,1,1,0
1071,0,null,0,0,0
1072,0,null,0,0,0
1073,0,null,0,0,0
1074,0,null,0,0,0
1075,0,null,0,0,0
1076,0,null,0,0,0
1077,0,null,0,0,0
1078,0,null,0,0,0
1079,0,null,0,0,0
1080,0,null,0,0,0
1081,0,null,0,0,0
1082,0,null,0,0,0
1083,0,null,0,0,0
1084,0,null,0,0,0
1085,0,null,0,0,0
1086,0,null,0,0,0
1087,0,null,0,0,0
1088,0,null,0,0,0
1089,0,null,0,0,0
1090,0,null,0,0,0
1091,0,null,0,0,0
1092,0,null,0,0,0
1093,0,null,0,0,0
1094,0,null,0,0,0
1095,0,null,0,0,0
1096,0,null,0,0,0
1097,0,null,0,0,0
1098,0,null,0,0,0
1099,0,null,0,0,0
1100,0,null,0,0,0
1101,554,e-,1,1,0
1102,0,null,0,0,0
1103,0,null,0,0,0
1104,0,null,0,0,0
1105,0,null,0,0,0
1106,0,null,0,0,0
1107,0,null,0,0,0
1108,0,null,0,0,0
1109,0,null,0,0,0
1110,0,null,0,0,0
1111,0,null,0,0,0
1112,1,primary_proton,1,1,1
1113,0,null,0,0,0
1114,0,null,0,0,0
1115,0,null,0,0,0
1116,7,secondary_proton,1,1,0
1117,0,null,0,0,0
1118,0,null,0,0,0
1119,0,null,0,0,0
1190,164,secondary_proton,1,1,1
1191,0,null,0,0,0
1192,0,null,0,0,0
1193,0,null,0,0,0
1194,0,null,0,0,0
1195,0,null,0,0,0
1196,0,null,0,0,0
1197,0,null,0,0,0
1198,0,null,0,0,0
1199,0,null,0,0,0
1000,0,null,0,0,0
1001,0,null,0,0,0
1002,0,null,0,0,0
1003,0,null,0,0,0
1004,0,null,0,0,0
1005,0,null,0,0,0
1006,0,null,0,0,0
1007,0,null,0,0,0
1008,0,null,0,0,0
1009,0,null,0,0,0
1010,0,null,0,0,0
1011,0,null,0,0,0
1012,0,null,0,0,0
1013,0,null,0,0,0
1014,0,null,0,0,0
1015,0,null,0,0,0
1016,0,null,0,0,0
1017,0,null,0,0,0
1018,0,null,0,0,0
1019,0,null,0,0,0
1020,0,null,0,0,0
1021,0,null,0,0,0
1022,1,primary_proton,1,1,1
1023,0,null,0,0,0
1024,0,null,0,0,0
1025,0,null,0,0,0
1026,0,null,0,0,0
1027,0,null,0,0,0
1028,0,null,0,0,0
1029,8,secondary_proton,1,1,0
1030,0,null,0,0,0
1031,0,null,0,0,0
1032,0,null,0,0,0
1033,0,null,0,0,0
1034,0,null,0,0,0
1035,0,null,0,0,0
1036,0,null,0,0,0
1037,0,null,0,0,0
1038,0,null,0,0,0
1039,0,null,0,0,0
1040,0,null,0,0,0
1041,0,null,0,0,0
1042,0,null,0,0,0
1043,0,null,0,0,0
1044,0,null,0,0,0
1045,0,null,0,0,0
1046,0,null,0,0,0
1047,0,null,0,0,0
1048,0,null,0,0,0
1049,0,null,0,0,0
1120,0,null,0,0,0
1121,0,null,0,0,0
1122,0,null,0,0,0
1123,0,null,0,0,0
1124,0,null,0,0,0
1125,0,null,0,0,0
1126,0,null,0,0,0
1127,0,null,0,0,0
1128,0,null,0,0,0
1129,0,null,0,0,0
1130,0,null,0,0,0
1131,0,null,0,0,0
1132,0,null,0,0,0
1133,1,primary_proton,1,1,1
1134,0,null,0,0,0
1135,0,null,0,0,0
1136,0,null,0,0,0
1137,0,null,0,0,0
1138,0,null,0,0,0
1139,0,null,0,0,0
1140,0,null,0,0,0
1141,13,pi+,1,1,1
1142,0,null,0,0,0
1143,0,null,0,0,0
1144,0,null,0,0,0
1145,0,null,0,0,0
1146,0,null,0,0,0
1147,7,pi+,1,0,0
1148,0,null,0,0,0
1149,0,null,0,0,0
1150,0,null,0,0,0
1151,0,null,0,0,0
1152,0,null,0,0,0
1153,0,null,0,0,0
1154,0,null,0,0,0
1155,0,null,0,0,0
1156,0,null,0,0,0
1157,0,null,0,0,0
1158,0,null,0,0,0
1159,0,null,0,0,0
1160,0,null,0,0,0
1161,0,null,0,0,0
1162,0,null,0,0,0
1163,0,null,0,0,0
1164,0,null,0,0,0
1165,0,null,0,0,0
1166,0,null,0,0,0
1167,0,null,0,0,0
1168,0,null,0,0,0
1169,0,null,0,0,0
1170,0,null,0,0,0
1171,0,null,0,0,0
1172,0,null,0,0,0
1173,0,null,0,0,0
1174,0,null,0,0,0
1175,0,null,0,0,0
1176,0,null,0,0,0
1177,0,null,0,0,0
1178,0,null,0,0,0
1179,0,null,0,0,0
1180,0,null,0,0,0
1181,0,null,0,0,0
1182,0,null,0,0,0
1183,0,null,0,0,0
1184,0,null,0,0,0
1185,0,null,0,0,0
1186,0,null,0,0,0
1187,0,null,0,0,0
1188,0,null,0,0,0
1189,0,null,0,0,0
1260,0,null,0,0,0
1261,0,null,0,0,0
1262,0,null,0,0,0
1263,0,null,0,0,0
1264,19,pi-,1,1,1
1265,0,null,0,0,0
1266,0,null,0,0,0
1267,0,null,0,0,0
1268,0,null,0,0,0
1269,0,null,0,0,0
1270,0,null,0,0,0
1271,0,null,0,0,0
1272,0,null,0,0,0
1273,0,null,0,0,0
1274,0,null,0,0,0
1275,0,null,0,0,0
1276,0,null,0,0,0
1277,0,null,0,0,0
1278,0,null,0,0,0
1279,0,null,0,0,0
1280,0,null,0,0,0
1281,0,null,0,0,0
1282,0,null,0,0,0
1283,0,null,0,0,0
1284,0,null,0,0,0
1285,0,null,0,0,0
1286,0,null,0,0,0
1287,0,null,0,0,0
1288,0,null,0,0,0
1289,0,null,0,0,0
1290,0,null,0,0,0
1291,0,null,0,0,0
1292,8,secondary_proton,1,1,1
1293,0,null,0,0,0
1294,0,null,0,0,0
1295,0,null,0,0,0
1296,0,null,0,0,0
1297,0,null,0,0,0
1298,0,null,0,0,0
1299,0,null,0,0,0
1200,0,null,0,0,0
1201,0,null,0,0,0
1202,0,null,0,0,0
1203,0,null,0,0,0
1204,0,null,0,0,0
1205,0,null,0,0,0
1206,1,primary_proton,1,1,1
1207,0,null,0,0,0
1208,0,null,0,0,0
1209,0,null,0,0,0
1210,0,null,0,0,0
1211,0,null,0,0,0
1212,0,null,0,0,0
1213,0,null,0,0,0
1214,0,null,0,0,0
1215,1,primary_proton,1,1,1
1216,0,null,0,0,0
1217,0,null,0,0,0
1218,0,null,0,0,0
1219,0,null,0,0,0
1220,0,null,0,0,0
1221,1,primary_proton,1,1,0
1222,0,null,0,0,0
1223,0,null,0,0,0
1224,0,null,0,0,0
1225,0,null,0,0,0
1226,0,null,0,0,0
1227,0,null,0,0,0
1228,0,null,0,0,0
1229,12,pi+,1,1,0
1230,0,null,0,0,0
1231,0,null,0,0,0
1232,0,null,0,0,0
1233,0,null,0,0,0
1234,0,null,0,0,0
1235,0,null,0,0,0
1236,0,null,0,0,0
1237,0,null,0,0,0
1238,0,null,0,0,0
1239,0,null,0,0,0
1240,0,null,0,0,0
1241,0,null,0,0,0
1242,0,null,0,0,0
1243,0,null,0,0,0
1244,0,null,0,0,0
1245,0,null,0,0,0
1246,0,null,0,0,0
1247,0,null,0,0,0
1248,0,null,0,0,0
1249,0,null,0,0,0
1250,0,null,0,0,0
1251,0,null,0,0,0
1252,0,null,0,0,0
1253,0,null,0,0,0
1254,1,primary_proton,1,1,1
1255,0,null,0,0,0
1256,0,null,0,0,0
1257,0,null,0,0,0
1258,6,secondary_proton,1,1,1
1259,0,null,0,0,0
1330,0,null,0,0,0
1331,0,null,0,0,0
1332,0,null,0,0,0
1333,0,null,0,0,0
1334,0,null,0,0,0
1335,0,null,0,0,0
1336,0,null,0,0,0
1337,0,null,0,0,0
1338,0,null,0,0,0
1339,1,primary_proton,1,1,1
1300,0,null,0,0,0
1301,0,null,0,0,0
1302,0,null,0,0,0
1303,0,null,0,0,0
1304,0,null,0,0,0
1305,0,null,0,0,0
1306,0,null,0,0,0
1307,0,null,0,0,0
1308,0,null,0,0,0
1309,0,null,0,0,0
1310,0,null,0,0,0
1311,0,null,0,0,0
1312,4,pi-,1,1,1
1313,0,null,0,0,0
1314,0,null,0,0,0
1315,0,null,0,0,0
1316,0,null,0,0,0
1317,0,null,0,0,0
1318,0,null,0,0,0
1319,0,null,0,0,0
1320,0,null,0,0,0
1321,0,null,0,0,0
1322,0,null,0,0,0
1323,0,null,0,0,0
1324,0,null,0,0,0
1325,0,null,0,0,0
1326,0,null,0,0,0
1327,0,null,0,0,0
1328,0,null,0,0,0
1329,0,null,0,0,0
1340,294,kaon+,1,1,1
1341,1,primary_proton,1,1,1
1342,0,null,0,0,0
1343,0,null,0,0,0
1344,0,null,0,0,0
1345,0,null,0,0,0
1346,0,null,0,0,0
1347,0,null,0,0,0
1348,0,null,0,0,0
1349,0,null,0,0,0
1350,0,null,0,0,0
1351,0,null,0,0,0
1352,0,null,0,0,0
1353,0,null,0,0,0
1354,0,null,0,0,0
1355,0,null,0,0,0
1356,0,null,0,0,0
1357,0,null,0,0,0
1358,0,null,0,0,0
1359,0,null,0,0,0
1360,285,secondary_proton,1,0,0
1361,0,null,0,0,0
1362,0,null,0,0,0
1363,0,null,0,0,0
1364,0,null,0,0,0
1365,0,null,0,0,0
1366,0,null,0,0,0
1367,0,null,0,0,0
1368,0,null,0,0,0
1369,0,null,0,0,0
1370,0,null,0,0,0
1371,0,null,0,0,0
1372,0,null,0,0,0
1373,0,null,0,0,0
1374,0,null,0,0,0
1375,0,null,0,0,0
1376,1,primary_proton,1,1,1
1377,1,primary_proton,1,1,1
1378,0,null,0,0,0
1379,0,null,0,0,0
1380,0,null,0,0,0
1381,0,null,0,0,0
1382,2,secondary_proton,1,1,1
1383,0,null,0,0,0
1384,0,null,0,0,0
1385,0,null,0,0,0
1386,0,null,0,0,0
1387,0,null,0,0,0
1388,0,null,0,0,0
1389,1,primary_proton,1,1,1
1390,0,null,0,0,0
1391,0,null,0,0,0
1392,0,null,0,0,0
1393,1,primary_proton,1,1,1
1394,0,null,0,0,0
1395,0,null,0,0,0
1396,0,null,0,0,0
1397,0,null,0,0,0
1398,0,null,0,0,0
1399,0,null,0,0,0
1470,0,null,0,0,0
1471,0,null,0,0,0
1472,8,pi-,1,1,1
1473,0,null,0,0,0
1474,0,null,0,0,0
1475,0,null,0,0,0
1400,28,pi+,1,1,0
1401,0,null,0,0,0
1402,0,null,0,0,0
1403,0,null,0,0,0
1404,0,null,0,0,0
1405,0,null,0,0,0
1406,0,null,0,0,0
1407,0,null,0,0,0
1408,0,null,0,0,0
1409,1,primary_proton,1,1,1
1410,0,null,0,0,0
1411,0,null,0,0,0
1412,1114,pi-,1,0,0
1413,0,null,0,0,0
1414,0,null,0,0,0
1415,0,null,0,0,0
1416,0,null,0,0,0
1417,0,null,0,0,0
1418,0,null,0,0,0
1419,0,null,0,0,0
1420,0,null,0,0,0
1421,0,null,0,0,0
1422,23,secondary_proton,1,0,0
1423,0,null,0,0,0
1424,0,null,0,0,0
1425,0,null,0,0,0
1426,0,null,0,0,0
1427,0,null,0,0,0
1428,0,null,0,0,0
1429,0,null,0,0,0
1430,0,null,0,0,0
1431,0,null,0,0,0
1432,0,null,0,0,0
1433,0,null,0,0,0
1434,0,null,0,0,0
1435,0,null,0,0,0
1436,0,null,0,0,0
1437,0,null,0,0,0
1438,0,null,0,0,0
1439,0,null,0,0,0
1440,0,null,0,0,0
1441,0,null,0,0,0
1442,0,null,0,0,0
1443,1,primary_proton,1,1,1
1444,6,pi-,1,1,1
1445,0,null,0,0,0
1446,0,null,0,0,0
1447,0,null,0,0,0
1448,0,null,0,0,0
1449,0,null,0,0,0
1450,0,null,0,0,0
1451,0,null,0,0,0
1452,0,null,0,0,0
1453,0,null,0,0,0
1454,0,null,0,0,0
1455,0,null,0,0,0
1456,0,null,0,0,0
1457,0,null,0,0,0
1458,0,null,0,0,0
1459,0,null,0,0,0
1460,0,null,0,0,0
1461,0,null,0,0,0
1462,0,null,0,0,0
1463,0,null,0,0,0
1464,0,null,0,0,0
1465,1,primary_proton,1,1,1
1466,1,primary_proton,1,1,1
1467,1,primary_proton,1,1,1
1468,0,null,0,0,0
1469,0,null,0,0,0
1540,0,null,0,0,0
1541,0,null,0,0,0
1542,0,null,0,0,0
1543,0,null,0,0,0
1544,0,null,0,0,0
1477,0,null,0,0,0
1478,0,null,0,0,0
1479,0,null,0,0,0
1480,0,null,0,0,0
1481,0,null,0,0,0
1482,0,null,0,0,0
1483,0,null,0,0,0
1484,0,null,0,0,0
1485,0,null,0,0,0
1486,0,null,0,0,0
1487,2,secondary_proton,1,1,1
1488,0,null,0,0,0
1489,0,null,0,0,0
1490,8,pi-,1,1,1
1491,0,null,0,0,0
1492,1,primary_proton,1,1,1
1493,0,null,0,0,0
1494,11,pi+,1,0,0
1495,0,null,0,0,0
1496,0,null,0,0,0
1497,0,null,0,0,0
1498,302,e-,1,0,0
1499,0,null,0,0,0
1546,0,null,0,0,0
1547,0,null,0,0,0
1548,0,null,0,0,0
1549,0,null,0,0,0
1550,0,null,0,0,0
1551,0,null,0,0,0
1552,0,null,0,0,0
1553,0,null,0,0,0
1554,0,null,0,0,0
1555,0,null,0,0,0
1556,0,null,0,0,0
1557,0,null,0,0,0
1558,0,null,0,0,0
1559,0,null,0,0,0
1560,0,null,0,0,0
1561,0,null,0,0,0
1562,0,null,0,0,0
1563,218,pi+,1,0,0
1564,0,null,0,0,0
1565,0,null,0,0,0
1566,0,null,0,0,0
1567,1,primary_proton,1,1,1
1568,0,null,0,0,0
1569,0,null,0,0,0
1570,0,null,0,0,0
1571,0,null,0,0,0
1572,0,null,0,0,0
1573,0,null,0,0,0
1574,0,null,0,0,0
1575,0,null,0,0,0
1576,0,null,0,0,0
1577,24,secondary_proton,1,0,0
1578,0,null,0,0,0
1579,0,null,0,0,0
1580,0,null,0,0,0
1581,3,secondary_proton,1,1,1
1582,0,null,0,0,0
1583,0,null,0,0,0
1584,0,null,0,0,0
1585,0,null,0,0,0
1586,0,null,0,0,0
1587,0,null,0,0,0
1588,0,null,0,0,0
1589,0,null,0,0,0
1590,0,null,0,0,0
1591,0,null,0,0,0
1592,0,null,0,0,0
1593,0,null,0,0,0
1594,0,null,0,0,0
1595,0,null,0,0,0
1596,0,null,0,0,0
1597,0,null,0,0,0
1598,0,null,0,0,0
1599,10,pi+,1,1,1
1500,0,null,0,0,0
1501,0,null,0,0,0
1502,0,null,0,0,0
1503,0,null,0,0,0
1504,0,null,0,0,0
1505,0,null,0,0,0
1506,0,null,0,0,0
1507,0,null,0,0,0
1508,5,secondary_proton,1,1,1
1509,0,null,0,0,0
1510,0,null,0,0,0
1511,0,null,0,0,0
1512,0,null,0,0,0
1513,0,null,0,0,0
1514,0,null,0,0,0
1515,0,null,0,0,0
1516,0,null,0,0,0
1517,0,null,0,0,0
1518,0,null,0,0,0
1519,0,null,0,0,0
1520,0,null,0,0,0
1521,0,null,0,0,0
1522,0,null,0,0,0
1523,7,pi+,1,1,1
1524,0,null,0,0,0
1525,0,null,0,0,0
1526,0,null,0,0,0
1527,0,null,0,0,0
1528,2,secondary_proton,1,0,0
1529,403,secondary_proton,1,0,0
1530,0,null,0,0,0
1531,0,null,0,0,0
1532,0,null,0,0,0
1533,0,null,0,0,0
1534,0,null,0,0,0
1535,0,null,0,0,0
1536,0,null,0,0,0
1537,0,null,0,0,0
1538,0,null,0,0,0
1539,0,null,0,0,0
1610,0,null,0,0,0
1611,0,null,0,0,0
1612,0,null,0,0,0
1613,0,null,0,0,0
1614,0,null,0,0,0
1615,0,null,0,0,0
1616,0,null,0,0,0
1617,0,null,0,0,0
1618,0,null,0,0,0
1619,0,null,0,0,0
1620,0,null,0,0,0
1621,0,null,0,0,0
1622,0,null,0,0,0
1623,23,pi-,1,0,0
1624,0,null,0,0,0
1625,0,null,0,0,0
1626,0,null,0,0,0
1627,0,null,0,0,0
1628,0,null,0,0,0
1629,0,null,0,0,0
1630,0,null,0,0,0
1631,0,null,0,0,0
1632,0,null,0,0,0
1633,0,null,0,0,0
1634,0,null,0,0,0
1635,0,null,0,0,0
1636,0,null,0,0,0
1637,0,null,0,0,0
1638,0,null,0,0,0
1639,0,null,0,0,0
1640,0,null,0,0,0
1641,0,null,0,0,0
1642,0,null,0,0,0
1643,0,null,0,0,0
1644,0,null,0,0,0
1645,0,null,0,0,0
1646,0,null,0,0,0
1647,0,null,0,0,0
1648,0,null,0,0,0
1649,0,null,0,0,0
1600,0,null,0,0,0
1601,0,null,0,0,0
1602,0,null,0,0,0
1603,0,null,0,0,0
1604,0,null,0,0,0
1605,2,secondary_proton,1,1,1
1606,0,null,0,0,0
1607,0,null,0,0,0
1608,0,null,0,0,0
1609,0,null,0,0,0
1680,0,null,0,0,0
1681,0,null,0,0,0
1682,0,null,0,0,0
1683,0,null,0,0,0
1684,0,null,0,0,0
1685,0,null,0,0,0
1686,0,null,0,0,0
1687,0,null,0,0,0
1688,0,null,0,0,0
1689,2,secondary_proton,1,1,1
1690,0,null,0,0,0
1691,0,null,0,0,0
1692,0,null,0,0,0
1693,0,null,0,0,0
1694,0,null,0,0,0
1695,0,null,0,0,0
1696,0,null,0,0,0
1697,0,null,0,0,0
1698,0,null,0,0,0
1699,0,null,0,0,0
1700,7,pi+,1,1,1
1701,0,null,0,0,0
1702,0,null,0,0,0
1703,0,null,0,0,0
1704,0,null,0,0,0
1705,0,null,0,0,0
1706,0,null,0,0,0
1707,0,null,0,0,0
1708,0,null,0,0,0
1709,1,primary_proton,1,1,1
1710,0,null,0,0,0
1711,0,null,0,0,0
1712,0,null,0,0,0
1713,0,null,0,0,0
1714,0,null,0,0,0
1715,0,null,0,0,0
1716,0,null,0,0,0
1717,0,null,0,0,0
1718,0,null,0,0,0
1719,0,null,0,0,0
1720,0,null,0,0,0
1721,0,null,0,0,0
1722,0,null,0,0,0
1723,0,null,0,0,0
1724,0,null,0,0,0
1725,0,null,0,0,0
1726,0,null,0,0,0
1727,0,null,0,0,0
1728,0,null,0,0,0
1729,0,null,0,0,0
1730,0,null,0,0,0
1731,0,null,0,0,0
1732,0,null,0,0,0
1733,0,null,0,0,0
1734,498,e-,1,1,1
1735,0,null,0,0,0
1736,0,null,0,0,0
1737,0,null,0,0,0
1738,0,null,0,0,0
1739,0,null,0,0,0
1740,0,null,0,0,0
1741,1,primary_proton,1,1,1
1742,0,null,0,0,0
1743,0,null,0,0,0
1744,0,null,0,0,0
1745,0,null,0,0,0
1746,0,null,0,0,0
1747,9,pi+,1,1,1
1748,0,null,0,0,0
1749,0,null,0,0,0
1820,0,null,0,0,0
1821,0,null,0,0,0
1822,0,null,0,0,0
1823,0,null,0,0,0
1824,0,null,0,0,0
1825,0,null,0,0,0
1826,0,null,0,0,0
1827,0,null,0,0,0
1828,0,null,0,0,0
1829,0,null,0,0,0
1830,0,null,0,0,0
1831,0,null,0,0,0
1832,0,null,0,0,0
1833,0,null,0,0,0
1834,0,null,0,0,0
1835,0,null,0,0,0
1836,0,null,0,0,0
1837,0,null,0,0,0
1838,0,null,0,0,0
1839,0,null,0,0,0
1840,0,null,0,0,0
1841,0,null,0,0,0
1842,0,null,0,0,0
1843,0,null,0,0,0
1844,0,null,0,0,0
1845,0,null,0,0,0
1650,0,null,0,0,0
1651,0,null,0,0,0
1652,0,null,0,0,0
1653,0,null,0,0,0
1654,0,null,0,0,0
1655,0,null,0,0,0
1656,0,null,0,0,0
1657,0,null,0,0,0
1658,0,null,0,0,0
1659,0,null,0,0,0
1660,0,null,0,0,0
1661,0,null,0,0,0
1662,0,null,0,0,0
1663,0,null,0,0,0
1664,0,null,0,0,0
1665,0,null,0,0,0
1666,0,null,0,0,0
1667,0,null,0,0,0
1668,0,null,0,0,0
1669,0,null,0,0,0
1670,0,null,0,0,0
1671,0,null,0,0,0
1672,0,null,0,0,0
1673,3,secondary_proton,1,1,1
1674,0,null,0,0,0
1675,0,null,0,0,0
1676,0,null,0,0,0
1677,0,null,0,0,0
1678,0,null,0,0,0
1679,0,null,0,0,0
1750,0,null,0,0,0
1751,9,secondary_proton,1,1,1
1752,0,null,0,0,0
1753,0,null,0,0,0
1754,0,null,0,0,0
1755,0,null,0,0,0
1756,0,null,0,0,0
1757,0,null,0,0,0
1758,0,null,0,0,0
1759,0,null,0,0,0
1760,0,null,0,0,0
1761,0,null,0,0,0
1762,0,null,0,0,0
1763,0,null,0,0,0
1764,0,null,0,0,0
1765,0,null,0,0,0
1766,0,null,0,0,0
1767,10,secondary_proton,1,1,0
1768,0,null,0,0,0
1769,3322,e-,1,1,1
1770,0,null,0,0,0
1771,0,null,0,0,0
1772,0,null,0,0,0
1773,0,null,0,0,0
1774,0,null,0,0,0
1775,0,null,0,0,0
1776,0,null,0,0,0
1777,3278,e-,1,1,0
1778,1,primary_proton,1,1,1
1779,0,null,0,0,0
1780,0,null,0,0,0
1781,0,null,0,0,0
1782,0,null,0,0,0
1783,0,null,0,0,0
1846,0,null,0,0,0
1847,0,null,0,0,0
1848,0,null,0,0,0
1849,0,null,0,0,0
1850,0,null,0,0,0
1851,0,null,0,0,0
1852,0,null,0,0,0
1853,0,null,0,0,0
1854,0,null,0,0,0
1855,0,null,0,0,0
1856,0,null,0,0,0
1857,0,null,0,0,0
1858,0,null,0,0,0
1859,0,null,0,0,0
1860,0,null,0,0,0
1861,0,null,0,0,0
1862,0,null,0,0,0
1863,0,null,0,0,0
1864,0,null,0,0,0
1865,0,null,0,0,0
1866,0,null,0,0,0
1867,0,null,0,0,0
1868,0,null,0,0,0
1869,0,null,0,0,0
1870,0,null,0,0,0
1871,0,null,0,0,0
1872,0,null,0,0,0
1873,0,null,0,0,0
1874,0,null,0,0,0
1875,0,null,0,0,0
1876,0,null,0,0,0
1877,0,null,0,0,0
1878,0,null,0,0,0
1879,0,null,0,0,0
1880,0,null,0,0,0
1881,0,null,0,0,0
1882,0,null,0,0,0
1883,0,null,0,0,0
1884,0,null,0,0,0
1885,0,null,0,0,0
1886,0,null,0,0,0
1887,0,null,0,0,0
1888,0,null,0,0,0
1889,0,null,0,0,0
1890,0,null,0,0,0
1891,1,primary_proton,1,1,1
1892,0,null,0,0,0
1893,0,null,0,0,0
1894,0,null,0,0,0
1895,0,null,0,0,0
1896,0,null,0,0,0
1897,0,null,0,0,0
1898,0,null,0,0,0
1899,0,null,0,0,0
1784,778,e-,1,1,1
1785,0,null,0,0,0
1786,0,null,0,0,0
1787,0,null,0,0,0
1788,0,null,0,0,0
1789,7,kaon+,1,0,0
1790,0,null,0,0,0
1791,0,null,0,0,0
1792,0,null,0,0,0
1793,0,null,0,0,0
1794,0,null,0,0,0
1795,0,null,0,0,0
1796,0,null,0,0,0
1797,0,null,0,0,0
1798,0,null,0,0,0
1799,0,null,0,0,0
1900,0,null,0,0,0
1901,0,null,0,0,0
1902,0,null,0,0,0
1903,0,null,0,0,0
1904,0,null,0,0,0
1905,0,null,0,0,0
1906,0,null,0,0,0
1907,0,null,0,0,0
1908,0,null,0,0,0
1909,0,null,0,0,0
1910,0,null,0,0,0
1911,0,null,0,0,0
1912,0,null,0,0,0
1913,0,null,0,0,0
1914,0,null,0,0,0
1915,0,null,0,0,0
1916,0,null,0,0,0
1917,0,null,0,0,0
1918,0,null,0,0,0
1919,0,null,0,0,0
1920,0,null,0,0,0
1921,1,primary_proton,1,1,1
1922,0,null,0,0,0
1923,0,null,0,0,0
1924,0,null,0,0,0
1925,0,null,0,0,0
1926,0,null,0,0,0
1927,0,null,0,0,0
1928,0,null,0,0,0
1929,0,null,0,0,0
1930,0,null,0,0,0
1931,0,null,0,0,0
1932,6,secondary_proton,1,1,1
1933,0,null,0,0,0
1934,0,null,0,0,0
1935,0,null,0,0,0
1936,0,null,0,0,0
1937,0,null,0,0,0
1938,0,null,0,0,0
1939,0,null,0,0,0
1940,0,null,0,0,0
1941,4301,secondary_proton,1,1,1
1942,0,null,0,0,0
1943,0,null,0,0,0
1944,0,null,0,0,0
1945,0,null,0,0,0
1946,0,null,0,0,0
1947,0,null,0,0,0
1948,0,null,0,0,0
1949,0,null,0,0,0
1950,0,null,0,0,0
1951,5,secondary_proton,1,1,1
1952,0,null,0,0,0
1953,0,null,0,0,0
1954,0,null,0,0,0
1955,0,null,0,0,0
1956,0,null,0,0,0
1957,0,null,0,0,0
1958,0,null,0,0,0
1959,0,null,0,0,0
2030,0,null,0,0,0
2031,0,null,0,0,0
2032,0,null,0,0,0
2033,0,null,0,0,0
2034,0,null,0,0,0
2035,0,null,0,0,0
2036,0,null,0,0,0
2037,0,null,0,0,0
2038,0,null,0,0,0
2039,0,null,0,0,0
2040,0,null,0,0,0
2041,0,null,0,0,0
2042,0,null,0,0,0
2043,0,null,0,0,0
2044,0,null,0,0,0
2045,0,null,0,0,0
2046,0,null,0,0,0
2047,0,null,0,0,0
2048,0,null,0,0,0
2049,0,null,0,0,0
2051,0,null,0,0,0
2052,0,null,0,0,0
2053,0,null,0,0,0
2054,0,null,0,0,0
2055,0,null,0,0,0
2056,0,null,0,0,0
2057,0,null,0,0,0
2058,0,null,0,0,0
2059,0,null,0,0,0
2060,0,null,0,0,0
2061,14,pi+,1,1,1
2062,0,null,0,0,0
2063,0,null,0,0,0
2064,0,null,0,0,0
2065,0,null,0,0,0
2066,0,null,0,0,0
2067,0,null,0,0,0
2068,0,null,0,0,0
2069,0,null,0,0,0
2070,0,null,0,0,0
2071,0,null,0,0,0
2072,0,null,0,0,0
2073,0,null,0,0,0
2074,0,null,0,0,0
2075,0,null,0,0,0
2076,0,null,0,0,0
2077,0,null,0,0,0
2078,12,secondary_proton,1,1,1
2079,0,null,0,0,0
2080,0,null,0,0,0
2081,0,null,0,0,0
2082,0,null,0,0,0
2083,0,null,0,0,0
2084,0,null,0,0,0
2085,0,null,0,0,0
2086,0,null,0,0,0
2087,0,null,0,0,0
2088,0,null,0,0,0
2089,0,null,0,0,0
2090,0,null,0,0,0
2091,0,null,0,0,0
2092,0,null,0,0,0
2093,0,null,0,0,0
2094,0,null,0,0,0
2095,0,null,0,0,0
2096,0,null,0,0,0
2097,0,null,0,0,0
2098,0,null,0,0,0
2099,0,null,0,0,0
1800,0,null,0,0,0
1801,0,null,0,0,0
1802,0,null,0,0,0
1803,0,null,0,0,0
1804,0,null,0,0,0
1805,0,null,0,0,0
1806,0,null,0,0,0
1807,1,primary_proton,1,1,1
1808,0,null,0,0,0
1809,0,null,0,0,0
1810,0,null,0,0,0
1811,0,null,0,0,0
1812,0,null,0,0,0
1813,0,null,0,0,0
1814,0,null,0,0,0
1815,0,null,0,0,0
1816,0,null,0,0,0
1817,0,null,0,0,0
1818,0,null,0,0,0
1819,0,null,0,0,0
1960,0,null,0,0,0
1961,2420,secondary_proton,1,1,1
1962,0,null,0,0,0
1963,0,null,0,0,0
1964,0,null,0,0,0
1965,0,null,0,0,0
1966,0,null,0,0,0
1967,0,null,0,0,0
1968,3,secondary_proton,1,0,0
1969,0,null,0,0,0
1970,0,null,0,0,0
1971,0,null,0,0,0
1972,0,null,0,0,0
1973,0,null,0,0,0
1974,0,null,0,0,0
1975,0,null,0,0,0
1976,0,null,0,0,0
1977,0,null,0,0,0
1978,0,null,0,0,0
1979,0,null,0,0,0
1980,0,null,0,0,0
1981,0,null,0,0,0
1982,0,null,0,0,0
1983,0,null,0,0,0
1984,0,null,0,0,0
1985,0,null,0,0,0
1986,0,null,0,0,0
1987,0,null,0,0,0
1988,0,null,0,0,0
1989,2295,e-,0,0,1
1990,0,null,0,0,0
1991,12,pi-,1,1,0
1992,1,primary_proton,1,1,1
1993,0,null,0,0,0
1994,0,null,0,0,0
1995,0,null,0,0,0
1996,10,pi-,1,1,1
1997,0,null,0,0,0
1998,0,null,0,0,0
1999,0,null,0,0,0
2100,0,null,0,0,0
2101,0,null,0,0,0
2102,0,null,0,0,0
2103,0,null,0,0,0
2104,0,null,0,0,0
2105,0,null,0,0,0
2106,0,null,0,0,0
2107,0,null,0,0,0
2108,0,null,0,0,0
2109,0,null,0,0,0
2110,0,null,0,0,0
2111,0,null,0,0,0
2112,0,null,0,0,0
2113,0,null,0,0,0
2114,0,null,0,0,0
2115,0,null,0,0,0
2116,0,null,0,0,0
2117,0,null,0,0,0
2118,0,null,0,0,0
2119,0,null,0,0,0
2120,0,null,0,0,0
2121,0,null,0,0,0
2122,0,null,0,0,0
2123,0,null,0,0,0
2124,0,null,0,0,0
2125,0,null,0,0,0
2126,0,null,0,0,0
2127,0,null,0,0,0
2128,0,null,0,0,0
2129,0,null,0,0,0
2130,0,null,0,0,0
2131,0,null,0,0,0
2132,0,null,0,0,0
2133,0,null,0,0,0
2134,0,null,0,0,0
2135,0,null,0,0,0
2136,0,null,0,0,0
2137,0,null,0,0,0
2138,0,null,0,0,0
2139,0,null,0,0,0
2140,0,null,0,0,0
2141,0,null,0,0,0
2142,0,null,0,0,0
2143,0,null,0,0,0
2144,0,null,0,0,0
2145,0,null,0,0,0
2146,1,primary_proton,1,1,1
2147,7,pi+,1,1,0
2148,0,null,0,0,0
2149,13,pi+,1,0,0
2150,0,null,0,0,0
2151,0,null,0,0,0
2152,0,null,0,0,0
2153,0,null,0,0,0
2154,0,null,0,0,0
2155,1199,secondary_proton,1,1,1
2156,0,null,0,0,0
2157,0,null,0,0,0
2158,0,null,0,0,0
2159,0,null,0,0,0
2160,0,null,0,0,0
2161,0,null,0,0,0
2162,0,null,0,0,0
2163,16,kaon+,1,1,1
2164,0,null,0,0,0
2165,0,null,0,0,0
2166,0,null,0,0,0
2167,0,null,0,0,0
2168,0,null,0,0,0
2169,0,null,0,0,0
2240,0,null,0,0,0
2241,0,null,0,0,0
2242,0,null,0,0,0
2243,0,null,0,0,0
2244,0,null,0,0,0
2245,0,null,0,0,0
2246,0,null,0,0,0
2247,0,null,0,0,0
2248,0,null,0,0,0
2249,0,null,0,0,0
2000,0,null,0,0,0
2001,0,null,0,0,0
2002,0,null,0,0,0
2003,0,null,0,0,0
2004,0,null,0,0,0
2005,16,secondary_proton,1,0,0
2006,0,null,0,0,0
2007,0,null,0,0,0
2008,0,null,0,0,0
2009,0,null,0,0,0
2010,0,null,0,0,0
2011,0,null,0,0,0
2012,0,null,0,0,0
2013,0,null,0,0,0
2014,0,null,0,0,0
2015,0,null,0,0,0
2016,0,null,0,0,0
2017,0,null,0,0,0
2018,0,null,0,0,0
2019,0,null,0,0,0
2020,0,null,0,0,0
2021,0,null,0,0,0
2022,0,null,0,0,0
2023,0,null,0,0,0
2024,0,null,0,0,0
2025,0,null,0,0,0
2026,10,pi+,1,1,1
2027,0,null,0,0,0
2028,0,null,0,0,0
2029,0,null,0,0,0
2170,0,null,0,0,0
2171,0,null,0,0,0
2172,0,null,0,0,0
2173,1,primary_proton,1,1,1
2174,0,null,0,0,0
2175,1,primary_proton,1,1,1
2176,0,null,0,0,0
2177,0,null,0,0,0
2178,6,pi+,1,1,1
2179,0,null,0,0,0
2180,0,null,0,0,0
2181,0,null,0,0,0
2182,0,null,0,0,0
2183,0,null,0,0,0
2184,0,null,0,0,0
2185,0,null,0,0,0
2186,0,null,0,0,0
2187,0,null,0,0,0
2188,0,null,0,0,0
2189,0,null,0,0,0
2190,0,null,0,0,0
2191,0,null,0,0,0
2192,0,null,0,0,0
2193,0,null,0,0,0
2194,0,null,0,0,0
2195,0,null,0,0,0
2196,0,null,0,0,0
2197,1836,secondary_proton,1,1,1
2198,1,primary_proton,1,1,1
2199,0,null,0,0,0
2251,0,null,0,0,0
2252,0,null,0,0,0
2253,0,null,0,0,0
2254,0,null,0,0,0
2255,0,null,0,0,0
2256,0,null,0,0,0
2257,0,null,0,0,0
2258,0,null,0,0,0
2259,0,null,0,0,0
2260,0,null,0,0,0
2261,0,null,0,0,0
2262,0,null,0,0,0
2263,0,null,0,0,0
2264,0,null,0,0,0
2265,0,null,0,0,0
2266,0,null,0,0,0
2267,0,null,0,0,0
2268,6,secondary_proton,1,1,1
2269,0,null,0,0,0
2270,0,null,0,0,0
2271,0,null,0,0,0
2272,1,primary_proton,1,1,1
2273,0,null,0,0,0
2274,0,null,0,0,0
2275,200,secondary_proton,1,1,1
2276,0,null,0,0,0
2277,0,null,0,0,0
2278,0,null,0,0,0
2279,0,null,0,0,0
2280,0,null,0,0,0
2281,0,null,0,0,0
2282,0,null,0,0,0
2283,0,null,0,0,0
2284,0,null,0,0,0
2285,0,null,0,0,0
2286,0,null,0,0,0
2287,0,null,0,0,0
2288,0,null,0,0,0
2289,1,primary_proton,1,1,1
2290,0,null,0,0,0
2291,0,null,0,0,0
2292,0,null,0,0,0
2293,0,null,0,0,0
2294,0,null,0,0,0
2295,0,null,0,0,0
2296,0,null,0,0,0
2297,0,null,0,0,0
2298,0,null,0,0,0
2299,0,null,0,0,0
2300,0,null,0,0,0
2301,0,null,0,0,0
2302,0,null,0,0,0
2303,0,null,0,0,0
2304,0,null,0,0,0
2305,0,null,0,0,0
2306,0,null,0,0,0
2307,0,null,0,0,0
2308,0,null,0,0,0
2309,0,null,0,0,0
2310,0,null,0,0,0
2311,0,null,0,0,0
2312,0,null,0,0,0
2313,0,null,0,0,0
2314,0,null,0,0,0
2315,0,null,0,0,0
2316,0,null,0,0,0
2317,0,null,0,0,0
2318,0,null,0,0,0
2319,0,null,0,0,0
2320,0,null,0,0,0
2321,0,null,0,0,0
2322,0,null,0,0,0
2323,0,null,0,0,0
2324,0,null,0,0,0
2325,0,null,0,0,0
2326,0,null,0,0,0
2327,1,primary_proton,1,1,1
2328,0,null,0,0,0
2329,0,null,0,0,0
2330,0,null,0,0,0
2331,0,null,0,0,0
2332,0,null,0,0,0
2333,0,null,0,0,0
2334,0,null,0,0,0
2335,1,primary_proton,1,1,1
2336,0,null,0,0,0
2337,0,null,0,0,0
2338,0,null,0,0,0
2339,0,null,0,0,0
2340,0,null,0,0,0
2341,0,null,0,0,0
2342,0,null,0,0,0
2343,0,null,0,0,0
2344,0,null,0,0,0
2345,0,null,0,0,0
2346,0,null,0,0,0
2347,0,null,0,0,0
2348,0,null,0,0,0
2349,0,null,0,0,0
2350,0,null,0,0,0
2351,0,null,0,0,0
2352,0,null,0,0,0
2353,0,null,0,0,0
2354,0,null,0,0,0
2355,0,null,0,0,0
2356,0,null,0,0,0
2357,0,null,0,0,0
2358,0,null,0,0,0
2359,0,null,0,0,0
2360,0,null,0,0,0
2361,0,null,0,0,0
2362,0,null,0,0,0
2363,0,null,0,0,0
2364,0,null,0,0,0
2365,0,null,0,0,0
2366,0,null,0,0,0
2367,0,null,0,0,0
2368,0,null,0,0,0
2369,0,null,0,0,0
2370,0,null,0,0,0
2371,0,null,0,0,0
2372,0,null,0,0,0
2373,0,null,0,0,0
2374,1,primary_proton,1,1,1
2375,0,null,0,0,0
2376,0,null,0,0,0
2377,0,null,0,0,0
2378,0,null,0,0,0
2379,1,primary_proton,1,1,1
2380,0,null,0,0,0
2381,0,null,0,0,0
2200,0,null,0,0,0
2201,0,null,0,0,0
2202,0,null,0,0,0
2203,43,secondary_proton,1,1,1
2204,0,null,0,0,0
2205,0,null,0,0,0
2206,0,null,0,0,0
2207,0,null,0,0,0
2208,0,null,0,0,0
2209,1,primary_proton,1,1,1
2210,0,null,0,0,0
2211,0,null,0,0,0
2212,0,null,0,0,0
2213,0,null,0,0,0
2214,0,null,0,0,0
2215,0,null,0,0,0
2216,0,null,0,0,0
2217,0,null,0,0,0
2218,0,null,0,0,0
2219,1,primary_proton,1,1,1
2220,0,null,0,0,0
2221,0,null,0,0,0
2222,0,null,0,0,0
2223,0,null,0,0,0
2224,0,null,0,0,0
2225,0,null,0,0,0
2226,3026,e-,1,0,0
2227,0,null,0,0,0
2228,0,null,0,0,0
2229,0,null,0,0,0
2230,0,null,0,0,0
2231,1,primary_proton,1,1,1
2232,11,secondary_proton,1,1,1
2233,0,null,0,0,0
2234,0,null,0,0,0
2235,0,null,0,0,0
2236,20,secondary_proton,1,1,1
2237,0,null,0,0,0
2238,0,null,0,0,0
2239,0,null,0,0,0
2450,0,null,0,0,0
2451,0,null,0,0,0
2452,0,null,0,0,0
2453,0,null,0,0,0
2454,0,null,0,0,0
2455,0,null,0,0,0
2456,0,null,0,0,0
2457,0,null,0,0,0
2458,0,null,0,0,0
2459,0,null,0,0,0
2460,0,null,0,0,0
2461,0,null,0,0,0
2462,0,null,0,0,0
2463,0,null,0,0,0
2464,0,null,0,0,0
2465,0,null,0,0,0
2466,0,null,0,0,0
2467,0,null,0,0,0
2468,0,null,0,0,0
2469,0,null,0,0,0
2470,1,primary_proton,1,1,1
2471,0,null,0,0,0
2472,0,null,0,0,0
2473,0,null,0,0,0
2475,0,null,0,0,0
2476,0,null,0,0,0
2477,0,null,0,0,0
2478,0,null,0,0,0
2479,0,null,0,0,0
2480,0,null,0,0,0
2481,0,null,0,0,0
2482,0,null,0,0,0
2483,0,null,0,0,0
2484,0,null,0,0,0
2485,0,null,0,0,0
2486,0,null,0,0,0
2487,0,null,0,0,0
2488,0,null,0,0,0
2489,0,null,0,0,0
2490,0,null,0,0,0
2491,0,null,0,0,0
2492,0,null,0,0,0
2493,0,null,0,0,0
2494,0,null,0,0,0
2495,0,null,0,0,0
2496,0,null,0,0,0
2497,0,null,0,0,0
2498,0,null,0,0,0
2499,0,null,0,0,0
2382,0,null,0,0,0
2383,6,secondary_proton,1,1,1
2384,0,null,0,0,0
2385,7,pi-,1,1,0
2386,0,null,0,0,0
2387,0,null,0,0,0
2388,0,null,0,0,0
2389,0,null,0,0,0
2390,0,null,0,0,0
2391,0,null,0,0,0
2392,0,null,0,0,0
2393,0,null,0,0,0
2394,0,null,0,0,0
2395,0,null,0,0,0
2396,0,null,0,0,0
2397,0,null,0,0,0
2398,0,null,0,0,0
2399,0,null,0,0,0
2400,0,null,0,0,0
2401,0,null,0,0,0
2402,0,null,0,0,0
2403,0,null,0,0,0
2404,0,null,0,0,0
2405,0,null,0,0,0
2406,0,null,0,0,0
2407,0,null,0,0,0
2408,0,null,0,0,0
2409,0,null,0,0,0
2410,0,null,0,0,0
2411,0,null,0,0,0
2412,0,null,0,0,0
2413,0,null,0,0,0
2414,0,null,0,0,0
2415,0,null,0,0,0
2416,0,null,0,0,0
2417,0,null,0,0,0
2418,0,null,0,0,0
2419,0,null,0,0,0
2420,0,null,0,0,0
2421,0,null,0,0,0
2422,0,null,0,0,0
2423,0,null,0,0,0
2424,0,null,0,0,0
2425,0,null,0,0,0
2426,0,null,0,0,0
2427,0,null,0,0,0
2428,0,null,0,0,0
2429,0,null,0,0,0
2430,0,null,0,0,0
2431,0,null,0,0,0
2432,0,null,0,0,0
2433,0,null,0,0,0
2434,0,null,0,0,0
2435,0,null,0,0,0
2436,0,null,0,0,0
2437,0,null,0,0,0
2438,0,null,0,0,0
2439,0,null,0,0,0
2440,0,null,0,0,0
2441,8,pi+,1,0,0
2442,0,null,0,0,0
2443,0,null,0,0,0
2444,0,null,0,0,0
2445,0,null,0,0,0
2446,11,pi-,1,1,1
2447,0,null,0,0,0
2448,0,null,0,0,0
2449,0,null,0,0,0
2590,0,null,0,0,0
2591,0,null,0,0,0
2592,0,null,0,0,0
2593,0,null,0,0,0
2594,0,null,0,0,0
2595,0,null,0,0,0
2596,0,null,0,0,0
2597,0,null,0,0,0
2598,0,null,0,0,0
2599,0,null,0,0,0
2500,0,null,0,0,0
2501,0,null,0,0,0
2502,0,null,0,0,0
2503,0,null,0,0,0
2504,0,null,0,0,0
2505,0,null,0,0,0
2506,0,null,0,0,0
2507,0,null,0,0,0
2508,0,null,0,0,0
2509,0,null,0,0,0
2510,0,null,0,0,0
2511,0,null,0,0,0
2512,0,null,0,0,0
2513,0,null,0,0,0
2514,0,null,0,0,0
2515,7,secondary_proton,1,1,1
2516,0,null,0,0,0
2517,0,null,0,0,0
2518,0,null,0,0,0
2519,0,null,0,0,0
2520,0,null,0,0,0
2521,0,null,0,0,0
2522,0,null,0,0,0
2523,0,null,0,0,0
2524,14,pi+,1,1,1
2525,0,null,0,0,0
2526,0,null,0,0,0
2527,0,null,0,0,0
2528,0,null,0,0,0
2529,0,null,0,0,0
2530,0,null,0,0,0
2531,0,null,0,0,0
2532,0,null,0,0,0
2533,0,null,0,0,0
2534,0,null,0,0,0
2535,0,null,0,0,0
2536,0,null,0,0,0
2537,0,null,0,0,0
2538,0,null,0,0,0
2539,0,null,0,0,0
2540,0,null,0,0,0
2541,0,null,0,0,0
2542,0,null,0,0,0
2543,0,null,0,0,0
2544,0,null,0,0,0
2545,0,null,0,0,0
2546,0,null,0,0,0
2600,0,null,0,0,0
2601,0,null,0,0,0
2602,0,null,0,0,0
2603,0,null,0,0,0
2604,0,null,0,0,0
2605,0,null,0,0,0
2606,0,null,0,0,0
2607,0,null,0,0,0
2608,0,null,0,0,0
2609,0,null,0,0,0
2610,0,null,0,0,0
2611,0,null,0,0,0
2612,1,primary_proton,1,0,0
2613,0,null,0,0,0
2614,0,null,0,0,0
2615,0,null,0,0,0
2616,0,null,0,0,0
2617,0,null,0,0,0
2618,0,null,0,0,0
2619,0,null,0,0,0
2620,0,null,0,0,0
2621,13,pi-,1,1,1
2622,0,null,0,0,0
2623,0,null,0,0,0
2624,0,null,0,0,0
2625,0,null,0,0,0
2626,0,null,0,0,0
2627,0,null,0,0,0
2628,1,primary_proton,1,1,1
2629,0,null,0,0,0
2630,0,null,0,0,0
2631,0,null,0,0,0
2632,0,null,0,0,0
2633,0,null,0,0,0
2634,0,null,0,0,0
2635,0,null,0,0,0
2636,0,null,0,0,0
2637,0,null,0,0,0
2638,0,null,0,0,0
2639,0,null,0,0,0
2640,1,primary_proton,1,1,1
2641,0,null,0,0,0
2642,0,null,0,0,0
2643,135,pi+,1,0,0
2644,0,null,0,0,0
2645,0,null,0,0,0
2646,0,null,0,0,0
2647,0,null,0,0,0
2648,0,null,0,0,0
2649,0,null,0,0,0
2650,0,null,0,0,0
2651,0,null,0,0,0
2652,1,primary_proton,1,1,1
2653,0,null,0,0,0
2654,0,null,0,0,0
2655,0,null,0,0,0
2656,0,null,0,0,0
2657,0,null,0,0,0
2658,0,null,0,0,0
2659,0,null,0,0,0
2730,0,null,0,0,0
2731,0,null,0,0,0
2732,0,null,0,0,0
2733,0,null,0,0,0
2734,0,null,0,0,0
2735,0,null,0,0,0
2736,0,null,0,0,0
2737,0,null,0,0,0
2738,0,null,0,0,0
2739,0,null,0,0,0
2740,0,null,0,0,0
2741,0,null,0,0,0
2742,0,null,0,0,0
2743,0,null,0,0,0
2744,0,null,0,0,0
2745,0,null,0,0,0
2746,0,null,0,0,0
2747,0,null,0,0,0
2748,0,null,0,0,0
2749,0,null,0,0,0
2750,0,null,0,0,0
2751,0,null,0,0,0
2752,0,null,0,0,0
2753,717,pi+,1,1,1
2754,0,null,0,0,0
2755,0,null,0,0,0
2756,0,null,0,0,0
2757,0,null,0,0,0
2758,0,null,0,0,0
2759,0,null,0,0,0
2760,0,null,0,0,0
2761,0,null,0,0,0
2762,0,null,0,0,0
2763,0,null,0,0,0
2764,0,null,0,0,0
2765,0,null,0,0,0
2766,0,null,0,0,0
2767,0,null,0,0,0
2768,0,null,0,0,0
2769,0,null,0,0,0
2770,0,null,0,0,0
2771,0,null,0,0,0
2772,11,pi+,1,1,1
2773,0,null,0,0,0
2774,0,null,0,0,0
2775,0,null,0,0,0
2776,0,null,0,0,0
2777,0,null,0,0,0
2778,0,null,0,0,0
2779,0,null,0,0,0
2780,0,null,0,0,0
2781,0,null,0,0,0
2782,0,null,0,0,0
2783,0,null,0,0,0
2784,0,null,0,0,0
2785,0,null,0,0,0
2786,0,null,0,0,0
2787,0,null,0,0,0
2788,0,null,0,0,0
2789,0,null,0,0,0
2790,0,null,0,0,0
2791,0,null,0,0,0
2792,0,null,0,0,0
2793,0,null,0,0,0
2794,0,null,0,0,0
2795,0,null,0,0,0
2796,0,null,0,0,0
2797,0,null,0,0,0
2798,0,null,0,0,0
2799,0,null,0,0,0
2548,0,null,0,0,0
2549,0,null,0,0,0
2550,0,null,0,0,0
2551,0,null,0,0,0
2552,0,null,0,0,0
2553,0,null,0,0,0
2554,0,null,0,0,0
2555,0,null,0,0,0
2556,3400,e-,1,1,1
2557,0,null,0,0,0
2558,0,null,0,0,0
2559,0,null,0,0,0
2560,0,null,0,0,0
2561,0,null,0,0,0
2562,0,null,0,0,0
2563,0,null,0,0,0
2564,0,null,0,0,0
2565,0,null,0,0,0
2566,0,null,0,0,0
2567,0,null,0,0,0
2568,0,null,0,0,0
2569,0,null,0,0,0
2570,0,null,0,0,0
2571,0,null,0,0,0
2572,0,null,0,0,0
2573,0,null,0,0,0
2574,0,null,0,0,0
2575,2,secondary_proton,1,1,1
2576,0,null,0,0,0
2577,0,null,0,0,0
2578,0,null,0,0,0
2579,0,null,0,0,0
2580,0,null,0,0,0
2581,0,null,0,0,0
2582,0,null,0,0,0
2583,0,null,0,0,0
2584,0,null,0,0,0
2585,0,null,0,0,0
2586,0,null,0,0,0
2587,0,null,0,0,0
2588,0,null,0,0,0
2589,0,null,0,0,0
2660,0,null,0,0,0
2661,0,null,0,0,0
2662,33,e+,1,1,1
2663,0,null,0,0,0
2664,0,null,0,0,0
2665,0,null,0,0,0
2666,0,null,0,0,0
2667,0,null,0,0,0
2668,0,null,0,0,0
2669,0,null,0,0,0
2670,0,null,0,0,0
2671,0,null,0,0,0
2672,0,null,0,0,0
2673,0,null,0,0,0
2674,0,null,0,0,0
2675,0,null,0,0,0
2676,0,null,0,0,0
2677,0,null,0,0,0
2678,0,null,0,0,0
2679,0,null,0,0,0
2680,0,null,0,0,0
2681,0,null,0,0,0
2682,0,null,0,0,0
2683,0,null,0,0,0
2684,0,null,0,0,0
2685,0,null,0,0,0
2686,0,null,0,0,0
2687,0,null,0,0,0
2689,0,null,0,0,0
2690,0,null,0,0,0
2691,0,null,0,0,0
2692,0,null,0,0,0
2693,0,null,0,0,0
2694,1,primary_proton,1,1,1
2695,0,null,0,0,0
2696,0,null,0,0,0
2697,0,null,0,0,0
2698,0,null,0,0,0
2699,0,null,0,0,0
2700,0,null,0,0,0
2701,0,null,0,0,0
2702,0,null,0,0,0
2703,307,e-,1,0,0
2704,0,null,0,0,0
2705,0,null,0,0,0
2706,0,null,0,0,0
2707,0,null,0,0,0
2708,0,null,0,0,0
2709,0,null,0,0,0
2710,0,null,0,0,0
2711,1999,e-,1,1,1
2712,0,null,0,0,0
2713,0,null,0,0,0
2714,0,null,0,0,0
2715,0,null,0,0,0
2716,0,null,0,0,0
2717,0,null,0,0,0
2718,0,null,0,0,0
2719,0,null,0,0,0
2720,0,null,0,0,0
2721,0,null,0,0,0
2722,0,null,0,0,0
2723,0,null,0,0,0
2724,0,null,0,0,0
2725,0,null,0,0,0
2726,1,primary_proton,1,1,1
2727,0,null,0,0,0
2728,0,null,0,0,0
2729,0,null,0,0,0
2870,0,null,0,0,0
2871,0,null,0,0,0
2872,0,null,0,0,0
2873,9,pi+,1,1,1
2874,0,null,0,0,0
2875,0,null,0,0,0
2876,0,null,0,0,0
2877,0,null,0,0,0
2878,0,null,0,0,0
2879,0,null,0,0,0
2880,0,null,0,0,0
2881,8,pi-,1,1,0
2882,0,null,0,0,0
2883,0,null,0,0,0
2884,0,null,0,0,0
2885,0,null,0,0,0
2886,0,null,0,0,0
2887,0,null,0,0,0
2888,0,null,0,0,0
2889,0,null,0,0,0
2890,1,primary_proton,1,1,1
2891,0,null,0,0,0
2892,0,null,0,0,0
2893,0,null,0,0,0
2894,0,null,0,0,0
2895,0,null,0,0,0
2896,0,null,0,0,0
2897,0,null,0,0,0
2898,0,null,0,0,0
2899,0,null,0,0,0
2800,0,null,0,0,0
2801,0,null,0,0,0
2802,0,null,0,0,0
2803,0,null,0,0,0
2804,0,null,0,0,0
2805,0,null,0,0,0
2806,0,null,0,0,0
2807,0,null,0,0,0
2808,0,null,0,0,0
2809,0,null,0,0,0
2810,0,null,0,0,0
2811,0,null,0,0,0
2812,13,secondary_proton,1,1,1
2813,0,null,0,0,0
2814,0,null,0,0,0
2815,0,null,0,0,0
2816,0,null,0,0,0
2817,0,null,0,0,0
2818,10,secondary_proton,1,1,1
2819,0,null,0,0,0
2820,1,primary_proton,1,1,1
2821,0,null,0,0,0
2822,0,null,0,0,0
2823,0,null,0,0,0
2824,0,null,0,0,0
2825,0,null,0,0,0
2826,0,null,0,0,0
2827,0,null,0,0,0
2828,0,null,0,0,0
2829,0,null,0,0,0
2830,0,null,0,0,0
2831,0,null,0,0,0
2832,0,null,0,0,0
2833,0,null,0,0,0
2834,1,primary_proton,1,1,1
2835,0,null,0,0,0
2836,0,null,0,0,0
2837,0,null,0,0,0
2838,0,null,0,0,0
2839,0,null,0,0,0
2840,0,null,0,0,0
2841,0,null,0,0,0
2842,0,null,0,0,0
2900,0,null,0,0,0
2901,0,null,0,0,0
2902,0,null,0,0,0
2903,0,null,0,0,0
2904,0,null,0,0,0
2905,0,null,0,0,0
2906,0,null,0,0,0
2907,0,null,0,0,0
2908,0,null,0,0,0
2909,0,null,0,0,0
2910,0,null,0,0,0
2911,0,null,0,0,0
2912,0,null,0,0,0
2913,0,null,0,0,0
2914,0,null,0,0,0
2915,0,null,0,0,0
2916,0,null,0,0,0
2917,0,null,0,0,0
2918,0,null,0,0,0
2919,0,null,0,0,0
2920,0,null,0,0,0
2921,0,null,0,0,0
2922,0,null,0,0,0
2923,0,null,0,0,0
2924,0,null,0,0,0
2925,0,null,0,0,0
2926,0,null,0,0,0
2927,0,null,0,0,0
2928,0,null,0,0,0
2929,0,null,0,0,0
2930,0,null,0,0,0
2931,0,null,0,0,0
2932,0,null,0,0,0
2933,0,null,0,0,0
2934,0,null,0,0,0
2935,0,null,0,0,0
2936,15,pi+,1,1,1
2937,0,null,0,0,0
2938,0,null,0,0,0
2939,0,null,0,0,0
2940,0,null,0,0,0
2941,0,null,0,0,0
2942,0,null,0,0,0
2943,1,primary_proton,1,1,1
2944,0,null,0,0,0
2945,0,null,0,0,0
2946,1,primary_proton,1,1,1
2947,0,null,0,0,0
2948,0,null,0,0,0
2949,0,null,0,0,0
2950,0,null,0,0,0
2951,0,null,0,0,0
2952,0,null,0,0,0
2953,0,null,0,0,0
2954,0,null,0,0,0
2955,0,null,0,0,0
2956,0,null,0,0,0
2957,0,null,0,0,0
2958,0,null,0,0,0
2959,0,null,0,0,0
2960,0,null,0,0,0
2961,0,null,0,0,0
2962,0,null,0,0,0
2963,0,null,0,0,0
2964,0,null,0,0,0
2965,0,null,0,0,0
2966,0,null,0,0,0
2967,0,null,0,0,0
2968,1,primary_proton,1,1,1
2969,0,null,0,0,0
2970,0,null,0,0,0
2971,0,null,0,0,0
2972,0,null,0,0,0
2973,0,null,0,0,0
2974,0,null,0,0,0
2975,0,null,0,0,0
2976,0,null,0,0,0
2977,0,null,0,0,0
2978,35,secondary_proton,1,1,1
2979,0,null,0,0,0
2980,0,null,0,0,0
2981,0,null,0,0,0
2982,0,null,0,0,0
2983,0,null,0,0,0
2984,0,null,0,0,0
2985,1,primary_proton,1,1,1
2986,0,null,0,0,0
2987,0,null,0,0,0
2988,0,null,0,0,0
2989,0,null,0,0,0
2990,0,null,0,0,0
2991,0,null,0,0,0
2992,0,null,0,0,0
2993,0,null,0,0,0
2994,1567,pi+,1,0,0
2995,0,null,0,0,0
2996,0,null,0,0,0
2997,0,null,0,0,0
2998,0,null,0,0,0
2999,0,null,0,0,0
3000,0,null,0,0,0
3001,0,null,0,0,0
3002,0,null,0,0,0
3003,0,null,0,0,0
3004,0,null,0,0,0
3005,0,null,0,0,0
3006,0,null,0,0,0
3007,0,null,0,0,0
3008,0,null,0,0,0
3009,0,null,0,0,0
3080,0,null,0,0,0
3081,0,null,0,0,0
3082,0,null,0,0,0
3083,0,null,0,0,0
3084,0,null,0,0,0
3085,0,null,0,0,0
3086,36,pi-,1,1,1
3087,0,null,0,0,0
3088,0,null,0,0,0
3089,0,null,0,0,0
3090,0,null,0,0,0
3091,0,null,0,0,0
3092,0,null,0,0,0
3093,0,null,0,0,0
3094,0,null,0,0,0
3095,0,null,0,0,0
3096,5,secondary_proton,1,1,1
3097,0,null,0,0,0
3098,0,null,0,0,0
3099,0,null,0,0,0
2843,2,secondary_proton,1,1,1
2844,0,null,0,0,0
2845,0,null,0,0,0
2846,0,null,0,0,0
2847,0,null,0,0,0
2848,15,pi+,1,1,1
2849,0,null,0,0,0
2850,0,null,0,0,0
2851,0,null,0,0,0
2852,0,null,0,0,0
2853,0,null,0,0,0
2854,0,null,0,0,0
2855,0,null,0,0,0
2856,0,null,0,0,0
2857,0,null,0,0,0
2858,0,null,0,0,0
2859,0,null,0,0,0
2860,0,null,0,0,0
2861,0,null,0,0,0
2862,0,null,0,0,0
2863,0,null,0,0,0
2864,0,null,0,0,0
2865,0,null,0,0,0
2866,0,null,0,0,0
2867,0,null,0,0,0
2868,0,null,0,0,0
2869,0,null,0,0,0
3010,0,null,0,0,0
3011,0,null,0,0,0
3012,0,null,0,0,0
3013,13,pi+,1,0,0
3014,0,null,0,0,0
3015,0,null,0,0,0
3016,0,null,0,0,0
3017,0,null,0,0,0
3018,5,secondary_proton,1,1,1
3019,0,null,0,0,0
3020,0,null,0,0,0
3021,0,null,0,0,0
3022,0,null,0,0,0
3023,1,primary_proton,1,1,1
3024,0,null,0,0,0
3025,0,null,0,0,0
3026,0,null,0,0,0
3027,0,null,0,0,0
3028,0,null,0,0,0
3029,0,null,0,0,0
3030,0,null,0,0,0
3031,0,null,0,0,0
3032,0,null,0,0,0
3033,0,null,0,0,0
3034,0,null,0,0,0
3035,0,null,0,0,0
3036,0,null,0,0,0
3037,0,null,0,0,0
3038,0,null,0,0,0
3039,0,null,0,0,0
3040,0,null,0,0,0
3041,0,null,0,0,0
3042,0,null,0,0,0
3043,10,secondary_proton,1,1,1
3044,9,secondary_proton,1,1,1
3045,0,null,0,0,0
3046,0,null,0,0,0
3047,0,null,0,0,0
3048,3,secondary_proton,1,1,1
3049,0,null,0,0,0
3050,0,null,0,0,0
3051,0,null,0,0,0
3052,0,null,0,0,0
3053,0,null,0,0,0
3054,0,null,0,0,0
3055,0,null,0,0,0
3056,0,null,0,0,0
3057,0,null,0,0,0
3058,0,null,0,0,0
3059,0,null,0,0,0
3060,0,null,0,0,0
3061,0,null,0,0,0
3062,0,null,0,0,0
3063,1,primary_proton,1,1,1
3064,3963,e-,1,0,0
3065,0,null,0,0,0
3066,8841,secondary_proton,1,1,1
3067,0,null,0,0,0
3068,0,null,0,0,0
3069,0,null,0,0,0
3070,0,null,0,0,0
3071,0,null,0,0,0
3072,0,null,0,0,0
3073,0,null,0,0,0
3074,0,null,0,0,0
3075,0,null,0,0,0
3076,0,null,0,0,0
3077,0,null,0,0,0
3078,0,null,0,0,0
3079,0,null,0,0,0
3150,0,null,0,0,0
3151,0,null,0,0,0
3152,0,null,0,0,0
3153,0,null,0,0,0
3154,0,null,0,0,0
3155,0,null,0,0,0
3156,0,null,0,0,0
3157,0,null,0,0,0
3158,0,null,0,0,0
3159,0,null,0,0,0
3160,0,null,0,0,0
3161,0,null,0,0,0
3162,0,null,0,0,0
3163,0,null,0,0,0
3164,0,null,0,0,0
3165,1,primary_proton,1,1,1
3166,0,null,0,0,0
3167,0,null,0,0,0
3168,0,null,0,0,0
3169,0,null,0,0,0
3170,0,null,0,0,0
3171,0,null,0,0,0
3172,0,null,0,0,0
3173,0,null,0,0,0
3174,0,null,0,0,0
3175,0,null,0,0,0
3176,0,null,0,0,0
3177,0,null,0,0,0
3178,0,null,0,0,0
3179,0,null,0,0,0
3180,0,null,0,0,0
3181,0,null,0,0,0
3182,0,null,0,0,0
3183,0,null,0,0,0
3184,0,null,0,0,0
3185,0,null,0,0,0
3186,0,null,0,0,0
3187,0,null,0,0,0
3188,0,null,0,0,0
3189,0,null,0,0,0
3190,0,null,0,0,0
3191,0,null,0,0,0
3192,1,primary_proton,1,1,1
3193,0,null,0,0,0
3194,0,null,0,0,0
3196,0,null,0,0,0
3197,0,null,0,0,0
3198,0,null,0,0,0
3199,24,secondary_proton,1,1,1
3100,1,primary_proton,1,1,1
3101,0,null,0,0,0
3102,0,null,0,0,0
3103,0,null,0,0,0
3104,0,null,0,0,0
3105,0,null,0,0,0
3106,1,primary_proton,1,1,1
3107,0,null,0,0,0
3108,0,null,0,0,0
3109,0,null,0,0,0
3110,0,null,0,0,0
3111,0,null,0,0,0
3112,0,null,0,0,0
3113,2952,e-,1,0,0
3114,0,null,0,0,0
3115,0,null,0,0,0
3116,0,null,0,0,0
3117,5,secondary_proton,1,1,1
3118,0,null,0,0,0
3119,0,null,0,0,0
3120,0,null,0,0,0
3121,0,null,0,0,0
3122,1,primary_proton,1,1,1
3123,0,null,0,0,0
3124,1,primary_proton,1,1,1
3125,0,null,0,0,0
3126,0,null,0,0,0
3127,0,null,0,0,0
3128,0,null,0,0,0
3129,0,null,0,0,0
3130,0,null,0,0,0
3131,0,null,0,0,0
3132,0,null,0,0,0
3133,0,null,0,0,0
3134,0,null,0,0,0
3135,0,null,0,0,0
3136,0,null,0,0,0
3137,0,null,0,0,0
3138,0,null,0,0,0
3139,0,null,0,0,0
3140,0,null,0,0,0
3141,0,null,0,0,0
3142,18,secondary_proton,1,1,1
3143,0,null,0,0,0
3144,1,primary_proton,1,1,1
3145,0,null,0,0,0
3200,0,null,0,0,0
3201,0,null,0,0,0
3202,0,null,0,0,0
3203,0,null,0,0,0
3204,0,null,0,0,0
3205,0,null,0,0,0
3206,4,secondary_proton,1,1,1
3207,0,null,0,0,0
3208,0,null,0,0,0
3209,2263,e-,1,1,1
3210,0,null,0,0,0
3211,0,null,0,0,0
3212,0,null,0,0,0
3213,0,null,0,0,0
3214,0,null,0,0,0
3215,0,null,0,0,0
3216,0,null,0,0,0
3217,0,null,0,0,0
3218,0,null,0,0,0
3219,0,null,0,0,0
3290,0,null,0,0,0
3291,0,null,0,0,0
3292,0,null,0,0,0
3293,0,null,0,0,0
3294,0,null,0,0,0
3295,0,null,0,0,0
3296,0,null,0,0,0
3297,0,null,0,0,0
3298,0,null,0,0,0
3299,1,primary_proton,1,1,1
3146,0,null,0,0,0
3147,0,null,0,0,0
3148,0,null,0,0,0
3149,0,null,0,0,0
3220,0,null,0,0,0
3221,0,null,0,0,0
3222,1,primary_proton,1,1,1
3223,0,null,0,0,0
3224,0,null,0,0,0
3225,0,null,0,0,0
3226,0,null,0,0,0
3227,0,null,0,0,0
3228,0,null,0,0,0
3229,0,null,0,0,0
3230,0,null,0,0,0
3231,0,null,0,0,0
3232,0,null,0,0,0
3233,0,null,0,0,0
3234,0,null,0,0,0
3235,0,null,0,0,0
3236,0,null,0,0,0
3237,0,null,0,0,0
3238,0,null,0,0,0
3239,0,null,0,0,0
3240,0,null,0,0,0
3241,0,null,0,0,0
3242,1,primary_proton,1,1,1
3243,0,null,0,0,0
3244,0,null,0,0,0
3245,0,null,0,0,0
3246,15,secondary_proton,1,1,1
3247,0,null,0,0,0
3248,0,null,0,0,0
3249,0,null,0,0,0
3250,0,null,0,0,0
3251,0,null,0,0,0
3252,0,null,0,0,0
3253,0,null,0,0,0
3254,0,null,0,0,0
3255,0,null,0,0,0
3256,0,null,0,0,0
3257,8,pi-,1,0,0
3258,0,null,0,0,0
3259,0,null,0,0,0
3260,0,null,0,0,0
3261,0,null,0,0,0
3262,0,null,0,0,0
3263,0,null,0,0,0
3264,0,null,0,0,0
3265,0,null,0,0,0
3266,0,null,0,0,0
3267,0,null,0,0,0
3268,0,null,0,0,0
3269,0,null,0,0,0
3270,0,null,0,0,0
3271,0,null,0,0,0
3272,0,null,0,0,0
3273,0,null,0,0,0
3274,0,null,0,0,0
3275,0,null,0,0,0
3276,0,null,0,0,0
3277,1,primary_proton,1,1,1
3278,0,null,0,0,0
3279,0,null,0,0,0
3280,0,null,0,0,0
3281,0,null,0,0,0
3300,0,null,0,0,0
3301,0,null,0,0,0
3302,0,null,0,0,0
3303,0,null,0,0,0
3304,0,null,0,0,0
3305,0,null,0,0,0
3306,2,secondary_proton,1,1,0
3307,1,primary_proton,1,1,1
3308,0,null,0,0,0
3309,1404,e-,1,0,0
3310,0,null,0,0,0
3311,0,null,0,0,0
3312,0,null,0,0,0
3313,0,null,0,0,0
3314,0,null,0,0,0
3315,0,null,0,0,0
3316,0,null,0,0,0
3317,0,null,0,0,0
3318,0,null,0,0,0
3319,0,null,0,0,0
3320,0,null,0,0,0
3321,0,null,0,0,0
3322,8,pi-,1,1,1
3323,0,null,0,0,0
3324,0,null,0,0,0
3325,0,null,0,0,0
3326,0,null,0,0,0
3327,0,null,0,0,0
3328,0,null,0,0,0
3329,0,null,0,0,0
3330,1,primary_proton,1,1,1
3331,0,null,0,0,0
3332,0,null,0,0,0
3333,0,null,0,0,0
3334,0,null,0,0,0
3335,0,null,0,0,0
3336,0,null,0,0,0
3337,0,null,0,0,0
3338,0,null,0,0,0
3339,0,null,0,0,0
3340,0,null,0,0,0
3341,0,null,0,0,0
3342,0,null,0,0,0
3343,0,null,0,0,0
3344,0,null,0,0,0
3345,0,null,0,0,0
3346,0,null,0,0,0
3347,0,null,0,0,0
3348,0,null,0,0,0
3349,0,null,0,0,0
3350,0,null,0,0,0
3351,0,null,0,0,0
3352,0,null,0,0,0
3353,0,null,0,0,0
3354,0,null,0,0,0
3355,0,null,0,0,0
3356,0,null,0,0,0
3357,0,null,0,0,0
3358,0,null,0,0,0
3359,0,null,0,0,0
3360,0,null,0,0,0
3361,0,null,0,0,0
3362,0,null,0,0,0
3363,0,null,0,0,0
3364,0,null,0,0,0
3365,0,null,0,0,0
3366,7,pi-,1,1,1
3367,0,null,0,0,0
3368,0,null,0,0,0
3369,0,null,0,0,0
3370,11,pi+,1,1,1
3282,4,secondary_proton,1,1,1
3283,0,null,0,0,0
3284,0,null,0,0,0
3285,1,primary_proton,1,1,1
3286,0,null,0,0,0
3287,0,null,0,0,0
3288,0,null,0,0,0
3289,0,null,0,0,0
3430,0,null,0,0,0
3431,0,null,0,0,0
3432,0,null,0,0,0
3433,0,null,0,0,0
3434,0,null,0,0,0
3435,0,null,0,0,0
3436,0,null,0,0,0
3437,0,null,0,0,0
3438,0,null,0,0,0
3439,0,null,0,0,0
3440,8,secondary_proton,1,1,1
3441,0,null,0,0,0
3442,0,null,0,0,0
3443,0,null,0,0,0
3444,0,null,0,0,0
3445,0,null,0,0,0
3446,0,null,0,0,0
3447,0,null,0,0,0
3448,0,null,0,0,0
3449,0,null,0,0,0
3450,0,null,0,0,0
3451,0,null,0,0,0
3452,0,null,0,0,0
3453,0,null,0,0,0
3454,0,null,0,0,0
3455,1,primary_proton,1,1,1
3456,0,null,0,0,0
3457,0,null,0,0,0
3458,0,null,0,0,0
3459,0,null,0,0,0
3460,0,null,0,0,0
3461,0,null,0,0,0
3462,1297,e-,1,1,1
3463,0,null,0,0,0
3464,0,null,0,0,0
3465,0,null,0,0,0
3466,0,null,0,0,0
3467,0,null,0,0,0
3468,0,null,0,0,0
3469,0,null,0,0,0
3470,0,null,0,0,0
3471,0,null,0,0,0
3472,0,null,0,0,0
3473,0,null,0,0,0
3474,0,null,0,0,0
3475,0,null,0,0,0
3476,0,null,0,0,0
3477,0,null,0,0,0
3478,0,null,0,0,0
3479,0,null,0,0,0
3480,0,null,0,0,0
3481,0,null,0,0,0
3482,0,null,0,0,0
3483,0,null,0,0,0
3484,12,pi+,1,1,1
3485,0,null,0,0,0
3486,0,null,0,0,0
3487,0,null,0,0,0
3488,0,null,0,0,0
3489,0,null,0,0,0
3490,0,null,0,0,0
3491,0,null,0,0,0
3492,0,null,0,0,0
3371,0,null,0,0,0
3372,0,null,0,0,0
3373,0,null,0,0,0
3374,0,null,0,0,0
3375,0,null,0,0,0
3376,0,null,0,0,0
3377,0,null,0,0,0
3378,0,null,0,0,0
3379,1,primary_proton,1,1,1
3380,0,null,0,0,0
3381,0,null,0,0,0
3382,0,null,0,0,0
3383,0,null,0,0,0
3384,0,null,0,0,0
3385,1,primary_proton,1,1,1
3386,0,null,0,0,0
3387,0,null,0,0,0
3388,0,null,0,0,0
3389,0,null,0,0,0
3390,0,null,0,0,0
3391,0,null,0,0,0
3392,0,null,0,0,0
3393,1,primary_proton,1,1,1
3394,0,null,0,0,0
3395,0,null,0,0,0
3396,0,null,0,0,0
3397,0,null,0,0,0
3398,0,null,0,0,0
3399,0,null,0,0,0
3493,0,null,0,0,0
3494,0,null,0,0,0
3495,0,null,0,0,0
3496,0,null,0,0,0
3497,0,null,0,0,0
3498,0,null,0,0,0
3499,0,null,0,0,0
3500,0,null,0,0,0
3501,0,null,0,0,0
3502,0,null,0,0,0
3503,0,null,0,0,0
3504,0,null,0,0,0
3505,26,pi-,1,1,1
3506,0,null,0,0,0
3507,0,null,0,0,0
3508,0,null,0,0,0
3509,0,null,0,0,0
3510,0,null,0,0,0
3511,0,null,0,0,0
3512,0,null,0,0,0
3513,0,null,0,0,0
3514,0,null,0,0,0
3515,0,null,0,0,0
3516,0,null,0,0,0
3517,0,null,0,0,0
3518,0,null,0,0,0
3519,0,null,0,0,0
3520,0,null,0,0,0
3521,0,null,0,0,0
3522,0,null,0,0,0
3523,0,null,0,0,0
3524,0,null,0,0,0
3525,0,null,0,0,0
3526,0,null,0,0,0
3527,0,null,0,0,0
3528,0,null,0,0,0
3529,0,null,0,0,0
3530,0,null,0,0,0
3531,0,null,0,0,0
3532,0,null,0,0,0
3533,0,null,0,0,0
3534,0,null,0,0,0
3535,0,null,0,0,0
3536,0,null,0,0,0
3537,0,null,0,0,0
3538,0,null,0,0,0
3539,0,null,0,0,0
3540,0,null,0,0,0
3541,0,null,0,0,0
3542,0,null,0,0,0
3543,0,null,0,0,0
3544,0,null,0,0,0
3545,0,null,0,0,0
3546,0,null,0,0,0
3547,0,null,0,0,0
3548,0,null,0,0,0
3549,0,null,0,0,0
3550,0,null,0,0,0
3551,0,null,0,0,0
3552,0,null,0,0,0
3553,0,null,0,0,0
3554,0,null,0,0,0
3555,0,null,0,0,0
3556,0,null,0,0,0
3557,1,primary_proton,1,1,1
3558,0,null,0,0,0
3559,0,null,0,0,0
3560,0,null,0,0,0
3561,0,null,0,0,0
3562,0,null,0,0,0
3563,0,null,0,0,0
3564,5,secondary_proton,1,1,1
3565,0,null,0,0,0
3566,0,null,0,0,0
3567,0,null,0,0,0
3568,0,null,0,0,0
3569,0,null,0,0,0
3570,0,null,0,0,0
3571,0,null,0,0,0
3572,0,null,0,0,0
3573,0,null,0,0,0
3574,0,null,0,0,0
3575,0,null,0,0,0
3576,0,null,0,0,0
3577,0,null,0,0,0
3578,0,null,0,0,0
3579,0,null,0,0,0
3580,0,null,0,0,0
3581,0,null,0,0,0
3582,0,null,0,0,0
3400,0,null,0,0,0
3401,1,primary_proton,1,1,1
3402,0,null,0,0,0
3403,0,null,0,0,0
3404,0,null,0,0,0
3405,0,null,0,0,0
3406,0,null,0,0,0
3407,0,null,0,0,0
3408,0,null,0,0,0
3409,0,null,0,0,0
3410,0,null,0,0,0
3411,0,null,0,0,0
3412,0,null,0,0,0
3413,0,null,0,0,0
3414,0,null,0,0,0
3415,0,null,0,0,0
3416,0,null,0,0,0
3417,0,null,0,0,0
3418,0,null,0,0,0
3419,0,null,0,0,0
3420,7,secondary_proton,1,1,1
3421,0,null,0,0,0
3422,2962,pi+,1,1,1
3423,3,secondary_proton,1,1,0
3424,1,primary_proton,1,1,1
3425,1,primary_proton,1,1,1
3426,0,null,0,0,0
3427,0,null,0,0,0
3428,0,null,0,0,0
3429,0,null,0,0,0
3640,0,null,0,0,0
3641,0,null,0,0,0
3642,0,null,0,0,0
3643,0,null,0,0,0
3644,0,null,0,0,0
3645,0,null,0,0,0
3646,0,null,0,0,0
3647,0,null,0,0,0
3648,0,null,0,0,0
3649,1,primary_proton,1,1,1
3650,0,null,0,0,0
3651,0,null,0,0,0
3652,0,null,0,0,0
3653,0,null,0,0,0
3654,0,null,0,0,0
3655,0,null,0,0,0
3656,0,null,0,0,0
3657,0,null,0,0,0
3658,0,null,0,0,0
3659,0,null,0,0,0
3660,0,null,0,0,0
3661,0,null,0,0,0
3662,0,null,0,0,0
3663,0,null,0,0,0
3664,0,null,0,0,0
3665,0,null,0,0,0
3666,0,null,0,0,0
3667,0,null,0,0,0
3668,0,null,0,0,0
3669,0,null,0,0,0
3670,0,null,0,0,0
3671,0,null,0,0,0
3672,0,null,0,0,0
3673,0,null,0,0,0
3674,1,primary_proton,1,1,1
3675,0,null,0,0,0
3676,0,null,0,0,0
3677,0,null,0,0,0
3678,0,null,0,0,0
3679,0,null,0,0,0
3680,0,null,0,0,0
3682,0,null,0,0,0
3683,0,null,0,0,0
3684,0,null,0,0,0
3685,0,null,0,0,0
3686,1,primary_proton,1,1,1
3687,0,null,0,0,0
3688,0,null,0,0,0
3689,0,null,0,0,0
3690,0,null,0,0,0
3691,0,null,0,0,0
3692,0,null,0,0,0
3693,0,null,0,0,0
3694,0,null,0,0,0
3695,0,null,0,0,0
3696,0,null,0,0,0
3697,0,null,0,0,0
3698,1,primary_proton,1,1,1
3699,0,null,0,0,0
3584,0,null,0,0,0
3585,0,null,0,0,0
3586,0,null,0,0,0
3587,0,null,0,0,0
3588,0,null,0,0,0
3589,0,null,0,0,0
3590,1,primary_proton,1,1,1
3591,0,null,0,0,0
3592,0,null,0,0,0
3593,0,null,0,0,0
3594,0,null,0,0,0
3595,0,null,0,0,0
3596,0,null,0,0,0
3597,0,null,0,0,0
3598,0,null,0,0,0
3599,9,pi-,1,1,1
3600,0,null,0,0,0
3601,0,null,0,0,0
3602,0,null,0,0,0
3603,0,null,0,0,0
3604,0,null,0,0,0
3605,0,null,0,0,0
3606,6,secondary_proton,1,1,1
3607,0,null,0,0,0
3608,0,null,0,0,0
3609,0,null,0,0,0
3610,0,null,0,0,0
3611,0,null,0,0,0
3612,0,null,0,0,0
3613,0,null,0,0,0
3614,0,null,0,0,0
3615,0,null,0,0,0
3616,0,null,0,0,0
3617,0,null,0,0,0
3618,0,null,0,0,0
3619,0,null,0,0,0
3620,0,null,0,0,0
3621,0,null,0,0,0
3622,0,null,0,0,0
3623,0,null,0,0,0
3624,0,null,0,0,0
3625,0,null,0,0,0
3626,0,null,0,0,0
3627,0,null,0,0,0
3628,0,null,0,0,0
3629,0,null,0,0,0
3630,0,null,0,0,0
3631,0,null,0,0,0
3632,0,null,0,0,0
3633,0,null,0,0,0
3634,0,null,0,0,0
3635,0,null,0,0,0
3636,0,null,0,0,0
3637,0,null,0,0,0
3638,0,null,0,0,0
3639,0,null,0,0,0
3780,0,null,0,0,0
3781,0,null,0,0,0
3782,0,null,0,0,0
3783,0,null,0,0,0
3784,0,null,0,0,0
3785,0,null,0,0,0
3786,0,null,0,0,0
3787,0,null,0,0,0
3788,0,null,0,0,0
3789,0,null,0,0,0
3790,0,null,0,0,0
3791,0,null,0,0,0
3792,0,null,0,0,0
3793,0,null,0,0,0
3794,0,null,0,0,0
3795,0,null,0,0,0
3796,0,null,0,0,0
3797,0,null,0,0,0
3798,0,null,0,0,0
3799,0,null,0,0,0
3700,0,null,0,0,0
3701,0,null,0,0,0
3702,0,null,0,0,0
3703,1,primary_proton,1,1,1
3704,0,null,0,0,0
3705,0,null,0,0,0
3706,0,null,0,0,0
3707,0,null,0,0,0
3708,0,null,0,0,0
3709,0,null,0,0,0
3710,1,primary_proton,1,1,1
3711,0,null,0,0,0
3712,0,null,0,0,0
3713,0,null,0,0,0
3714,0,null,0,0,0
3715,0,null,0,0,0
3716,0,null,0,0,0
3717,0,null,0,0,0
3718,0,null,0,0,0
3719,0,null,0,0,0
3720,0,null,0,0,0
3721,0,null,0,0,0
3722,0,null,0,0,0
3723,16,pi+,1,1,1
3724,0,null,0,0,0
3725,0,null,0,0,0
3726,0,null,0,0,0
3727,0,null,0,0,0
3728,0,null,0,0,0
3729,75,secondary_proton,1,1,0
3730,0,null,0,0,0
3731,0,null,0,0,0
3732,0,null,0,0,0
3733,0,null,0,0,0
3734,0,null,0,0,0
3735,0,null,0,0,0
3736,0,null,0,0,0
3737,0,null,0,0,0
3738,0,null,0,0,0
3739,3,secondary_proton,1,1,1
3740,1,primary_proton,1,1,1
3741,0,null,0,0,0
3742,0,null,0,0,0
3743,0,null,0,0,0
3744,0,null,0,0,0
3745,0,null,0,0,0
3746,0,null,0,0,0
3747,0,null,0,0,0
3748,0,null,0,0,0
3749,0,null,0,0,0
3750,0,null,0,0,0
3751,0,null,0,0,0
3752,0,null,0,0,0
3753,0,null,0,0,0
3754,0,null,0,0,0
3755,0,null,0,0,0
3756,0,null,0,0,0
3757,0,null,0,0,0
3758,0,null,0,0,0
3759,0,null,0,0,0
3760,0,null,0,0,0
3761,0,null,0,0,0
3762,0,null,0,0,0
3763,0,null,0,0,0
3764,0,null,0,0,0
3765,0,null,0,0,0
3766,0,null,0,0,0
3767,0,null,0,0,0
3768,0,null,0,0,0
3769,0,null,0,0,0
3770,0,null,0,0,0
3771,0,null,0,0,0
3772,0,null,0,0,0
3773,0,null,0,0,0
3800,0,null,0,0,0
3801,0,null,0,0,0
3802,0,null,0,0,0
3803,0,null,0,0,0
3804,0,null,0,0,0
3805,1,primary_proton,1,1,1
3806,0,null,0,0,0
3807,0,null,0,0,0
3808,0,null,0,0,0
3809,0,null,0,0,0
3810,0,null,0,0,0
3811,0,null,0,0,0
3812,0,null,0,0,0
3813,0,null,0,0,0
3814,0,null,0,0,0
3815,0,null,0,0,0
3816,0,null,0,0,0
3817,0,null,0,0,0
3818,0,null,0,0,0
3819,0,null,0,0,0
3820,0,null,0,0,0
3821,0,null,0,0,0
3822,0,null,0,0,0
3823,0,null,0,0,0
3824,0,null,0,0,0
3825,0,null,0,0,0
3826,2221,e-,1,0,0
3827,0,null,0,0,0
3828,0,null,0,0,0
3829,0,null,0,0,0
3830,0,null,0,0,0
3831,0,null,0,0,0
3832,0,null,0,0,0
3833,0,null,0,0,0
3834,0,null,0,0,0
3835,0,null,0,0,0
3836,0,null,0,0,0
3837,0,null,0,0,0
3838,0,null,0,0,0
3839,0,null,0,0,0
3840,0,null,0,0,0
3841,0,null,0,0,0
3842,0,null,0,0,0
3843,0,null,0,0,0
3844,0,null,0,0,0
3845,0,null,0,0,0
3846,0,null,0,0,0
3847,0,null,0,0,0
3848,0,null,0,0,0
3849,0,null,0,0,0
3850,0,null,0,0,0
3851,0,null,0,0,0
3852,0,null,0,0,0
3853,0,null,0,0,0
3854,0,null,0,0,0
3855,0,null,0,0,0
3856,0,null,0,0,0
3857,0,null,0,0,0
3858,0,null,0,0,0
3859,0,null,0,0,0
3860,0,null,0,0,0
3861,0,null,0,0,0
3862,0,null,0,0,0
3863,0,null,0,0,0
3864,0,null,0,0,0
3865,0,null,0,0,0
3866,0,null,0,0,0
3867,0,null,0,0,0
3868,0,null,0,0,0
3869,0,null,0,0,0
3870,0,null,0,0,0
3871,0,null,0,0,0
3872,0,null,0,0,0
3873,0,null,0,0,0
3874,0,null,0,0,0
3875,27,secondary_proton,1,1,1
3876,1,primary_proton,1,1,1
3877,0,null,0,0,0
3878,0,null,0,0,0
3879,0,null,0,0,0
3880,0,null,0,0,0
3881,0,null,0,0,0
3882,0,null,0,0,0
3883,0,null,0,0,0
3884,0,null,0,0,0
3774,0,null,0,0,0
3775,0,null,0,0,0
3776,0,null,0,0,0
3777,790,pi-,1,0,0
3778,0,null,0,0,0
3779,0,null,0,0,0
3920,0,null,0,0,0
3921,792,pi-,1,1,1
3922,0,null,0,0,0
3923,0,null,0,0,0
3924,0,null,0,0,0
3925,0,null,0,0,0
3926,0,null,0,0,0
3927,0,null,0,0,0
3928,0,null,0,0,0
3929,0,null,0,0,0
3930,0,null,0,0,0
3931,0,null,0,0,0
3932,0,null,0,0,0
3933,0,null,0,0,0
3934,0,null,0,0,0
3935,0,null,0,0,0
3936,0,null,0,0,0
3937,0,null,0,0,0
3938,0,null,0,0,0
3939,0,null,0,0,0
3940,0,null,0,0,0
3941,0,null,0,0,0
3942,0,null,0,0,0
3943,0,null,0,0,0
3944,0,null,0,0,0
3945,0,null,0,0,0
3946,0,null,0,0,0
3947,0,null,0,0,0
3948,0,null,0,0,0
3949,0,null,0,0,0
3950,0,null,0,0,0
3951,0,null,0,0,0
3952,0,null,0,0,0
3953,0,null,0,0,0
3954,0,null,0,0,0
3955,0,null,0,0,0
3956,0,null,0,0,0
3957,0,null,0,0,0
3958,0,null,0,0,0
3959,0,null,0,0,0
3960,0,null,0,0,0
3961,0,null,0,0,0
3962,0,null,0,0,0
3963,0,null,0,0,0
3964,0,null,0,0,0
3965,0,null,0,0,0
3966,0,null,0,0,0
3967,6,secondary_proton,1,1,1
3968,0,null,0,0,0
3969,0,null,0,0,0
3970,0,null,0,0,0
3971,0,null,0,0,0
3972,0,null,0,0,0
3973,0,null,0,0,0
3974,0,null,0,0,0
3975,0,null,0,0,0
3976,0,null,0,0,0
3977,0,null,0,0,0
3978,0,null,0,0,0
3979,9,pi-,1,0,0
3980,0,null,0,0,0
3981,0,null,0,0,0
3982,0,null,0,0,0
3983,0,null,0,0,0
3984,0,null,0,0,0
3985,0,null,0,0,0
3986,0,null,0,0,0
3987,0,null,0,0,0
3988,0,null,0,0,0
3989,0,null,0,0,0
3990,0,null,0,0,0
3991,0,null,0,0,0
3992,15,secondary_proton,1,1,1
3993,0,null,0,0,0
3994,0,null,0,0,0
3995,0,null,0,0,0
3996,0,null,0,0,0
3997,0,null,0,0,0
3998,0,null,0,0,0
3999,0,null,0,0,0
3885,0,null,0,0,0
3886,0,null,0,0,0
3887,0,null,0,0,0
3888,0,null,0,0,0
3889,21,pi+,1,1,0
3890,0,null,0,0,0
3891,0,null,0,0,0
3892,0,null,0,0,0
3893,0,null,0,0,0
3894,0,null,0,0,0
3895,0,null,0,0,0
3896,10,pi+,1,1,1
3897,0,null,0,0,0
3898,0,null,0,0,0
3899,0,null,0,0,0
4000,0,null,0,0,0
4001,0,null,0,0,0
4002,0,null,0,0,0
4003,0,null,0,0,0
4004,0,null,0,0,0
4005,0,null,0,0,0
4006,0,null,0,0,0
4007,0,null,0,0,0
4008,0,null,0,0,0
4009,0,null,0,0,0
4010,1,primary_proton,1,1,1
4011,0,null,0,0,0
4012,0,null,0,0,0
4013,0,null,0,0,0
4014,0,null,0,0,0
4015,0,null,0,0,0
4016,0,null,0,0,0
4017,0,null,0,0,0
4018,0,null,0,0,0
4019,0,null,0,0,0
4020,0,null,0,0,0
4021,11,pi-,1,1,1
4022,0,null,0,0,0
4023,0,null,0,0,0
4024,0,null,0,0,0
4025,0,null,0,0,0
4026,0,null,0,0,0
4027,0,null,0,0,0
4028,0,null,0,0,0
4029,0,null,0,0,0
4030,0,null,0,0,0
4031,0,null,0,0,0
4032,9,pi+,1,0,0
4033,0,null,0,0,0
4034,0,null,0,0,0
4035,0,null,0,0,0
4036,0,null,0,0,0
4037,0,null,0,0,0
4038,0,null,0,0,0
4039,0,null,0,0,0
4040,0,null,0,0,0
4041,0,null,0,0,0
4042,0,null,0,0,0
4043,0,null,0,0,0
4044,0,null,0,0,0
4045,0,null,0,0,0
4046,0,null,0,0,0
4047,0,null,0,0,0
4048,0,null,0,0,0
4049,0,null,0,0,0
4050,0,null,0,0,0
4051,0,null,0,0,0
4052,0,null,0,0,0
4053,0,null,0,0,0
4054,0,null,0,0,0
4055,0,null,0,0,0
4056,0,null,0,0,0
4057,0,null,0,0,0
4058,0,null,0,0,0
4059,0,null,0,0,0
4130,0,null,0,0,0
4131,0,null,0,0,0
4132,0,null,0,0,0
4133,0,null,0,0,0
4134,0,null,0,0,0
4135,0,null,0,0,0
4136,9,secondary_proton,1,0,0
4137,0,null,0,0,0
4138,0,null,0,0,0
4139,0,null,0,0,0
4140,0,null,0,0,0
4141,0,null,0,0,0
4142,0,null,0,0,0
4143,0,null,0,0,0
4144,0,null,0,0,0
4145,0,null,0,0,0
4146,0,null,0,0,0
3900,0,null,0,0,0
3901,0,null,0,0,0
3902,2647,e-,0,0,1
3903,0,null,0,0,0
3904,0,null,0,0,0
3905,0,null,0,0,0
3906,0,null,0,0,0
3907,0,null,0,0,0
3908,0,null,0,0,0
3909,0,null,0,0,0
3910,0,null,0,0,0
3911,0,null,0,0,0
3912,0,null,0,0,0
3913,0,null,0,0,0
3914,0,null,0,0,0
3915,0,null,0,0,0
3916,0,null,0,0,0
3917,0,null,0,0,0
3918,1,primary_proton,1,1,1
3919,0,null,0,0,0
4060,0,null,0,0,0
4061,0,null,0,0,0
4062,0,null,0,0,0
4063,0,null,0,0,0
4064,0,null,0,0,0
4065,0,null,0,0,0
4066,0,null,0,0,0
4067,0,null,0,0,0
4068,0,null,0,0,0
4069,0,null,0,0,0
4070,0,null,0,0,0
4071,0,null,0,0,0
4072,0,null,0,0,0
4073,0,null,0,0,0
4074,0,null,0,0,0
4075,0,null,0,0,0
4076,0,null,0,0,0
4077,0,null,0,0,0
4078,0,null,0,0,0
4079,1,primary_proton,1,1,1
4080,0,null,0,0,0
4081,0,null,0,0,0
4082,0,null,0,0,0
4083,0,null,0,0,0
4084,0,null,0,0,0
4085,0,null,0,0,0
4086,0,null,0,0,0
4087,0,null,0,0,0
4088,0,null,0,0,0
4089,0,null,0,0,0
4090,0,null,0,0,0
4091,0,null,0,0,0
4092,7,pi-,1,1,1
4093,0,null,0,0,0
4094,0,null,0,0,0
4095,0,null,0,0,0
4096,0,null,0,0,0
4097,0,null,0,0,0
4098,0,null,0,0,0
4099,0,null,0,0,0
4100,0,null,0,0,0
4101,0,null,0,0,0
4102,0,null,0,0,0
4103,0,null,0,0,0
4104,0,null,0,0,0
4105,0,null,0,0,0
4106,0,null,0,0,0
4107,0,null,0,0,0
4108,1,primary_proton,1,1,1
4109,0,null,0,0,0
4110,0,null,0,0,0
4111,0,null,0,0,0
4112,0,null,0,0,0
4113,0,null,0,0,0
4114,0,null,0,0,0
4115,0,null,0,0,0
4116,0,null,0,0,0
4117,0,null,0,0,0
4118,0,null,0,0,0
4119,0,null,0,0,0
4120,0,null,0,0,0
4121,0,null,0,0,0
4122,0,null,0,0,0
4123,0,null,0,0,0
4124,1,primary_proton,1,1,1
4125,0,null,0,0,0
4126,0,null,0,0,0
4127,0,null,0,0,0
4128,0,null,0,0,0
4129,0,null,0,0,0
4147,8,pi-,1,1,1
4148,0,null,0,0,0
4149,0,null,0,0,0
4150,0,null,0,0,0
4151,0,null,0,0,0
4152,0,null,0,0,0
4153,0,null,0,0,0
4154,0,null,0,0,0
4155,0,null,0,0,0
4156,0,null,0,0,0
4157,0,null,0,0,0
4158,0,null,0,0,0
4159,0,null,0,0,0
4160,0,null,0,0,0
4161,0,null,0,0,0
4162,0,null,0,0,0
4163,0,null,0,0,0
4164,0,null,0,0,0
4165,0,null,0,0,0
4166,14,pi+,1,1,1
4167,0,null,0,0,0
4168,0,null,0,0,0
4169,0,null,0,0,0
4170,0,null,0,0,0
4171,0,null,0,0,0
4172,0,null,0,0,0
4173,0,null,0,0,0
4174,0,null,0,0,0
4175,0,null,0,0,0
4176,0,null,0,0,0
4177,0,null,0,0,0
4178,0,null,0,0,0
4179,0,null,0,0,0
4180,0,null,0,0,0
4181,0,null,0,0,0
4182,0,null,0,0,0
4183,0,null,0,0,0
4184,0,null,0,0,0
4185,0,null,0,0,0
4186,0,null,0,0,0
4187,0,null,0,0,0
4188,0,null,0,0,0
4189,0,null,0,0,0
4190,0,null,0,0,0
4191,0,null,0,0,0
4192,0,null,0,0,0
4193,0,null,0,0,0
4194,0,null,0,0,0
4195,2792,e-,1,1,1
4196,0,null,0,0,0
4197,0,null,0,0,0
4198,0,null,0,0,0
4199,1,primary_proton,1,1,1
4270,0,null,0,0,0
4271,0,null,0,0,0
4272,0,null,0,0,0
4273,0,null,0,0,0
4274,0,null,0,0,0
4275,0,null,0,0,0
4276,0,null,0,0,0
4277,0,null,0,0,0
4278,0,null,0,0,0
4279,0,null,0,0,0
4280,0,null,0,0,0
4281,0,null,0,0,0
4282,0,null,0,0,0
4283,0,null,0,0,0
4284,0,null,0,0,0
4285,0,null,0,0,0
4286,0,null,0,0,0
4287,0,null,0,0,0
4288,0,null,0,0,0
4289,0,null,0,0,0
4290,0,null,0,0,0
4291,0,null,0,0,0
4292,0,null,0,0,0
4293,0,null,0,0,0
4294,0,null,0,0,0
4295,0,null,0,0,0
4296,0,null,0,0,0
4297,0,null,0,0,0
4298,0,null,0,0,0
4299,0,null,0,0,0
4200,0,null,0,0,0
4201,0,null,0,0,0
4202,0,null,0,0,0
4203,0,null,0,0,0
4204,0,null,0,0,0
4205,0,null,0,0,0
4206,0,null,0,0,0
4207,0,null,0,0,0
4208,0,null,0,0,0
4209,0,null,0,0,0
4210,0,null,0,0,0
4211,0,null,0,0,0
4212,0,null,0,0,0
4213,0,null,0,0,0
4214,0,null,0,0,0
4215,0,null,0,0,0
4216,0,null,0,0,0
4217,0,null,0,0,0
4218,0,null,0,0,0
4219,0,null,0,0,0
4220,0,null,0,0,0
4221,811,pi+,1,1,0
4222,0,null,0,0,0
4223,0,null,0,0,0
4224,1,primary_proton,1,1,1
4225,0,null,0,0,0
4226,0,null,0,0,0
4227,0,null,0,0,0
4228,0,null,0,0,0
4229,0,null,0,0,0
4230,0,null,0,0,0
4231,0,null,0,0,0
4232,0,null,0,0,0
4233,0,null,0,0,0
4234,0,null,0,0,0
4235,0,null,0,0,0
4236,0,null,0,0,0
4237,0,null,0,0,0
4238,0,null,0,0,0
4239,0,null,0,0,0
4240,0,null,0,0,0
4241,0,null,0,0,0
4242,0,null,0,0,0
4243,0,null,0,0,0
4244,0,null,0,0,0
4245,0,null,0,0,0
4246,0,null,0,0,0
4247,0,null,0,0,0
4248,0,null,0,0,0
4249,0,null,0,0,0
4250,0,null,0,0,0
4251,0,null,0,0,0
4252,0,null,0,0,0
4253,0,null,0,0,0
4254,0,null,0,0,0
4255,0,null,0,0,0
4256,0,null,0,0,0
4257,0,null,0,0,0
4258,0,null,0,0,0
4259,12,pi+,1,1,0
4260,0,null,0,0,0
4261,0,null,0,0,0
4262,0,null,0,0,0
4263,0,null,0,0,0
4264,0,null,0,0,0
4265,0,null,0,0,0
4266,0,null,0,0,0
4267,0,null,0,0,0
4268,0,null,0,0,0
4269,0,null,0,0,0
4340,0,null,0,0,0
4341,0,null,0,0,0
4342,0,null,0,0,0
4343,0,null,0,0,0
4344,0,null,0,0,0
4345,0,null,0,0,0
4346,0,null,0,0,0
4347,0,null,0,0,0
4348,0,null,0,0,0
4349,0,null,0,0,0
4350,0,null,0,0,0
4351,0,null,0,0,0
4352,0,null,0,0,0
4353,0,null,0,0,0
4354,1,primary_proton,1,1,1
4355,0,null,0,0,0
4356,0,null,0,0,0
4357,0,null,0,0,0
4358,0,null,0,0,0
4359,0,null,0,0,0
4360,0,null,0,0,0
4361,0,null,0,0,0
4362,0,null,0,0,0
4363,0,null,0,0,0
4364,0,null,0,0,0
4365,0,null,0,0,0
4366,0,null,0,0,0
4367,0,null,0,0,0
4368,0,null,0,0,0
4369,0,null,0,0,0
4370,0,null,0,0,0
4371,1,primary_proton,1,1,1
4372,0,null,0,0,0
4373,0,null,0,0,0
4374,0,null,0,0,0
4375,0,null,0,0,0
4376,0,null,0,0,0
4377,1530,e-,1,1,1
4378,0,null,0,0,0
4379,0,null,0,0,0
4380,0,null,0,0,0
4381,0,null,0,0,0
4382,0,null,0,0,0
4383,0,null,0,0,0
4384,0,null,0,0,0
4385,0,null,0,0,0
4386,0,null,0,0,0
4387,0,null,0,0,0
4388,0,null,0,0,0
4389,0,null,0,0,0
4390,0,null,0,0,0
4391,0,null,0,0,0
4392,0,null,0,0,0
4393,0,null,0,0,0
4394,0,null,0,0,0
4395,0,null,0,0,0
4396,0,null,0,0,0
4397,0,null,0,0,0
4398,0,null,0,0,0
4399,1,primary_proton,1,1,1
4300,0,null,0,0,0
4301,0,null,0,0,0
4302,0,null,0,0,0
4303,0,null,0,0,0
4304,0,null,0,0,0
4305,0,null,0,0,0
4306,0,null,0,0,0
4307,0,null,0,0,0
4308,0,null,0,0,0
4309,0,null,0,0,0
4310,0,null,0,0,0
4311,0,null,0,0,0
4312,0,null,0,0,0
4313,1,primary_proton,1,1,1
4314,0,null,0,0,0
4315,0,null,0,0,0
4316,0,null,0,0,0
4317,0,null,0,0,0
4318,0,null,0,0,0
4319,0,null,0,0,0
4320,0,null,0,0,0
4321,0,null,0,0,0
4322,0,null,0,0,0
4323,0,null,0,0,0
4324,0,null,0,0,0
4325,0,null,0,0,0
4326,0,null,0,0,0
4327,0,null,0,0,0
4328,0,null,0,0,0
4329,0,null,0,0,0
4330,0,null,0,0,0
4331,0,null,0,0,0
4332,1,primary_proton,1,1,1
4333,12,secondary_proton,1,1,1
4334,0,null,0,0,0
4335,0,null,0,0,0
4336,0,null,0,0,0
4337,0,null,0,0,0
4338,0,null,0,0,0
4339,0,null,0,0,0
4410,0,null,0,0,0
4411,0,null,0,0,0
4412,0,null,0,0,0
4413,0,null,0,0,0
4414,0,null,0,0,0
4415,0,null,0,0,0
4416,0,null,0,0,0
4417,0,null,0,0,0
4418,8,secondary_proton,1,1,1
4419,0,null,0,0,0
4420,0,null,0,0,0
4421,0,null,0,0,0
4422,0,null,0,0,0
4423,0,null,0,0,0
4424,1,primary_proton,1,1,1
4425,0,null,0,0,0
4426,0,null,0,0,0
4427,0,null,0,0,0
4428,0,null,0,0,0
4429,0,null,0,0,0
4430,0,null,0,0,0
4431,0,null,0,0,0
4432,0,null,0,0,0
4433,0,null,0,0,0
4434,0,null,0,0,0
4435,0,null,0,0,0
4436,0,null,0,0,0
4437,0,null,0,0,0
4438,0,null,0,0,0
4439,0,null,0,0,0
4440,0,null,0,0,0
4400,0,null,0,0,0
4401,0,null,0,0,0
4402,0,null,0,0,0
4403,0,null,0,0,0
4404,0,null,0,0,0
4405,0,null,0,0,0
4406,0,null,0,0,0
4407,0,null,0,0,0
4408,0,null,0,0,0
4409,0,null,0,0,0
4480,0,null,0,0,0
4481,0,null,0,0,0
4482,0,null,0,0,0
4483,0,null,0,0,0
4484,0,null,0,0,0
4485,0,null,0,0,0
4486,0,null,0,0,0
4487,0,null,0,0,0
4488,0,null,0,0,0
4489,0,null,0,0,0
4490,0,null,0,0,0
4491,0,null,0,0,0
4492,0,null,0,0,0
4493,0,null,0,0,0
4494,0,null,0,0,0
4495,0,null,0,0,0
4496,0,null,0,0,0
4497,0,null,0,0,0
4498,0,null,0,0,0
4499,1,primary_proton,1,1,1
4441,0,null,0,0,0
4442,10,pi+,1,1,1
4443,0,null,0,0,0
4444,0,null,0,0,0
4445,0,null,0,0,0
4446,0,null,0,0,0
4447,0,null,0,0,0
4448,0,null,0,0,0
4449,0,null,0,0,0
4450,0,null,0,0,0
4451,0,null,0,0,0
4452,0,null,0,0,0
4453,0,null,0,0,0
4454,0,null,0,0,0
4455,0,null,0,0,0
4456,0,null,0,0,0
4457,17,secondary_proton,1,1,1
4458,0,null,0,0,0
4459,1,primary_proton,1,1,1
4460,0,null,0,0,0
4461,0,null,0,0,0
4462,0,null,0,0,0
4463,0,null,0,0,0
4464,0,null,0,0,0
4465,0,null,0,0,0
4466,0,null,0,0,0
4467,0,null,0,0,0
4468,0,null,0,0,0
4469,1,primary_proton,1,1,1
4470,0,null,0,0,0
4471,0,null,0,0,0
4472,0,null,0,0,0
4473,0,null,0,0,0
4474,0,null,0,0,0
4475,0,null,0,0,0
4476,0,null,0,0,0
4477,0,null,0,0,0
4478,0,null,0,0,0
4479,0,null,0,0,0
4550,0,null,0,0,0
4551,0,null,0,0,0
4552,0,null,0,0,0
4553,0,null,0,0,0
4554,0,null,0,0,0
4555,3729,e-,1,0,0
4556,0,null,0,0,0
4557,0,null,0,0,0
4558,8,pi+,1,1,1
4559,0,null,0,0,0
4560,0,null,0,0,0
4561,1,primary_proton,1,1,1
4562,0,null,0,0,0
4563,1,primary_proton,1,1,1
4564,0,null,0,0,0
4565,0,null,0,0,0
4566,0,null,0,0,0
4567,0,null,0,0,0
4568,0,null,0,0,0
4569,0,null,0,0,0
4570,0,null,0,0,0
4571,0,null,0,0,0
4572,0,null,0,0,0
4573,0,null,0,0,0
4574,0,null,0,0,0
4575,0,null,0,0,0
4576,0,null,0,0,0
4577,0,null,0,0,0
4578,0,null,0,0,0
4579,0,null,0,0,0
4580,0,null,0,0,0
4581,0,null,0,0,0
4582,0,null,0,0,0
4583,0,null,0,0,0
4500,0,null,0,0,0
4501,0,null,0,0,0
4502,373,e-,1,1,1
4503,0,null,0,0,0
4504,0,null,0,0,0
4505,0,null,0,0,0
4506,0,null,0,0,0
4507,0,null,0,0,0
4508,0,null,0,0,0
4509,0,null,0,0,0
4510,1,primary_proton,1,1,1
4511,0,null,0,0,0
4512,25,secondary_proton,1,1,1
4513,0,null,0,0,0
4514,0,null,0,0,0
4515,0,null,0,0,0
4516,8,pi-,1,1,1
4517,6,secondary_proton,1,1,0
4518,0,null,0,0,0
4519,0,null,0,0,0
4520,0,null,0,0,0
4521,0,null,0,0,0
4522,0,null,0,0,0
4523,1,primary_proton,1,1,1
4524,0,null,0,0,0
4525,0,null,0,0,0
4526,0,null,0,0,0
4527,0,null,0,0,0
4528,0,null,0,0,0
4529,0,null,0,0,0
4530,0,null,0,0,0
4531,0,null,0,0,0
4532,0,null,0,0,0
4533,0,null,0,0,0
4534,0,null,0,0,0
4535,0,null,0,0,0
4536,0,null,0,0,0
4537,0,null,0,0,0
4538,0,null,0,0,0
4539,0,null,0,0,0
4540,0,null,0,0,0
4541,0,null,0,0,0
4542,0,null,0,0,0
4543,0,null,0,0,0
4544,0,null,0,0,0
4545,0,null,0,0,0
4546,0,null,0,0,0
4547,0,null,0,0,0
4548,0,null,0,0,0
4549,0,null,0,0,0
4620,0,null,0,0,0
4621,0,null,0,0,0
4622,0,null,0,0,0
4623,0,null,0,0,0
4624,0,null,0,0,0
4585,0,null,0,0,0
4586,0,null,0,0,0
4587,0,null,0,0,0
4588,0,null,0,0,0
4589,0,null,0,0,0
4590,0,null,0,0,0
4591,0,null,0,0,0
4592,0,null,0,0,0
4593,0,null,0,0,0
4594,0,null,0,0,0
4595,0,null,0,0,0
4596,4,secondary_proton,1,1,1
4597,0,null,0,0,0
4598,0,null,0,0,0
4599,0,null,0,0,0
4600,0,null,0,0,0
4601,0,null,0,0,0
4602,0,null,0,0,0
4603,0,null,0,0,0
4604,1,primary_proton,1,1,1
4605,0,null,0,0,0
4606,0,null,0,0,0
4607,0,null,0,0,0
4608,0,null,0,0,0
4609,0,null,0,0,0
4610,0,null,0,0,0
4611,163,pi-,1,1,1
4612,0,null,0,0,0
4613,0,null,0,0,0
4614,1,primary_proton,1,1,1
4615,0,null,0,0,0
4616,6,secondary_proton,1,1,1
4617,0,null,0,0,0
4618,0,null,0,0,0
4619,0,null,0,0,0
4690,10,kaon+,1,0,0
4691,0,null,0,0,0
4692,0,null,0,0,0
4693,23,pi-,1,1,0
4694,0,null,0,0,0
4695,0,null,0,0,0
4696,0,null,0,0,0
4697,0,null,0,0,0
4698,0,null,0,0,0
4699,0,null,0,0,0
4625,0,null,0,0,0
4626,0,null,0,0,0
4627,0,null,0,0,0
4628,0,null,0,0,0
4629,0,null,0,0,0
4630,0,null,0,0,0
4631,0,null,0,0,0
4632,0,null,0,0,0
4633,140,pi+,1,0,0
4634,0,null,0,0,0
4635,0,null,0,0,0
4636,0,null,0,0,0
4637,0,null,0,0,0
4638,0,null,0,0,0
4639,0,null,0,0,0
4640,0,null,0,0,0
4641,2,secondary_proton,1,1,0
4642,0,null,0,0,0
4643,1,primary_proton,1,1,1
4644,6,pi+,1,1,1
4645,0,null,0,0,0
4646,0,null,0,0,0
4647,0,null,0,0,0
4648,0,null,0,0,0
4649,0,null,0,0,0
4650,0,null,0,0,0
4651,0,null,0,0,0
4652,0,null,0,0,0
4653,0,null,0,0,0
4654,0,null,0,0,0
4655,0,null,0,0,0
4656,0,null,0,0,0
4657,0,null,0,0,0
4658,0,null,0,0,0
4659,0,null,0,0,0
4660,0,null,0,0,0
4661,502,e-,1,1,0
4662,0,null,0,0,0
4663,0,null,0,0,0
4664,0,null,0,0,0
4665,0,null,0,0,0
4666,0,null,0,0,0
4667,0,null,0,0,0
4668,1,primary_proton,1,1,1
4669,0,null,0,0,0
4670,0,null,0,0,0
4671,0,null,0,0,0
4672,0,null,0,0,0
4673,0,null,0,0,0
4674,0,null,0,0,0
4675,0,null,0,0,0
4676,0,null,0,0,0
4677,0,null,0,0,0
4678,0,null,0,0,0
4679,0,null,0,0,0
4680,0,null,0,0,0
4681,2552,e+,1,1,0
4682,0,null,0,0,0
4683,0,null,0,0,0
4684,0,null,0,0,0
4685,0,null,0,0,0
4686,0,null,0,0,0
4687,0,null,0,0,0
4688,0,null,0,0,0
4689,0,null,0,0,0
4760,0,null,0,0,0
4761,1,primary_proton,1,1,1
4762,0,null,0,0,0
4763,0,null,0,0,0
4764,0,null,0,0,0
4765,1,primary_proton,1,1,1
4767,0,null,0,0,0
4768,0,null,0,0,0
4769,1,primary_proton,1,1,1
4770,0,null,0,0,0
4771,0,null,0,0,0
4772,0,null,0,0,0
4773,0,null,0,0,0
4774,0,null,0,0,0
4775,0,null,0,0,0
4776,0,null,0,0,0
4777,0,null,0,0,0
4778,64,pi+,1,1,1
4779,0,null,0,0,0
4780,0,null,0,0,0
4781,0,null,0,0,0
4782,0,null,0,0,0
4783,0,null,0,0,0
4784,0,null,0,0,0
4785,0,null,0,0,0
4786,0,null,0,0,0
4787,0,null,0,0,0
4788,1,primary_proton,1,1,1
4789,0,null,0,0,0
4790,0,null,0,0,0
4791,0,null,0,0,0
4792,0,null,0,0,0
4793,0,null,0,0,0
4794,0,null,0,0,0
4795,0,null,0,0,0
4796,0,null,0,0,0
4797,0,null,0,0,0
4798,0,null,0,0,0
4799,0,null,0,0,0
4700,0,null,0,0,0
4701,0,null,0,0,0
4702,0,null,0,0,0
4703,0,null,0,0,0
4704,0,null,0,0,0
4705,0,null,0,0,0
4706,0,null,0,0,0
4707,0,null,0,0,0
4708,0,null,0,0,0
4709,0,null,0,0,0
4710,0,null,0,0,0
4711,0,null,0,0,0
4712,0,null,0,0,0
4713,0,null,0,0,0
4714,1958,e-,0,0,1
4715,0,null,0,0,0
4716,0,null,0,0,0
4717,0,null,0,0,0
4718,0,null,0,0,0
4719,2038,e-,1,1,0
4720,1,primary_proton,1,1,1
4721,0,null,0,0,0
4722,0,null,0,0,0
4723,0,null,0,0,0
4724,0,null,0,0,0
4725,0,null,0,0,0
4726,2167,e-,0,1,0
4727,0,null,0,0,0
4728,0,null,0,0,0
4729,0,null,0,0,0
4730,0,null,0,0,0
4731,0,null,0,0,0
4732,0,null,0,0,0
4733,0,null,0,0,0
4734,0,null,0,0,0
4735,0,null,0,0,0
4736,0,null,0,0,0
4737,6,secondary_proton,1,1,1
4738,0,null,0,0,0
4739,0,null,0,0,0
4740,0,null,0,0,0
4741,0,null,0,0,0
4742,0,null,0,0,0
4743,0,null,0,0,0
4744,0,null,0,0,0
4745,0,null,0,0,0
4746,0,null,0,0,0
4747,8,pi-,1,1,1
4748,0,null,0,0,0
4749,0,null,0,0,0
4750,0,null,0,0,0
4751,0,null,0,0,0
4752,0,null,0,0,0
4753,0,null,0,0,0
4754,0,null,0,0,0
4755,0,null,0,0,0
4756,0,null,0,0,0
4757,0,null,0,0,0
4758,0,null,0,0,0
4759,0,null,0,0,0
4830,0,null,0,0,0
4831,0,null,0,0,0
4832,0,null,0,0,0
4833,0,null,0,0,0
4834,0,null,0,0,0
4835,0,null,0,0,0
4836,0,null,0,0,0
4837,0,null,0,0,0
4838,0,null,0,0,0
4839,0,null,0,0,0
4840,0,null,0,0,0
4841,0,null,0,0,0
4842,0,null,0,0,0
4800,0,null,0,0,0
4801,0,null,0,0,0
4802,0,null,0,0,0
4803,0,null,0,0,0
4804,0,null,0,0,0
4805,0,null,0,0,0
4806,0,null,0,0,0
4807,0,null,0,0,0
4808,312,secondary_proton,1,1,1
4809,17,pi-,1,1,1
4810,0,null,0,0,0
4811,0,null,0,0,0
4812,0,null,0,0,0
4813,0,null,0,0,0
4814,19,secondary_proton,1,1,1
4815,0,null,0,0,0
4816,0,null,0,0,0
4817,4,secondary_proton,1,1,1
4818,0,null,0,0,0
4819,0,null,0,0,0
4820,0,null,0,0,0
4821,0,null,0,0,0
4822,0,null,0,0,0
4823,0,null,0,0,0
4824,0,null,0,0,0
4825,0,null,0,0,0
4826,0,null,0,0,0
4827,0,null,0,0,0
4828,0,null,0,0,0
4829,0,null,0,0,0
4843,0,null,0,0,0
4844,0,null,0,0,0
4845,0,null,0,0,0
4846,0,null,0,0,0
4847,0,null,0,0,0
4848,0,null,0,0,0
4849,0,null,0,0,0
4850,0,null,0,0,0
4851,0,null,0,0,0
4852,0,null,0,0,0
4853,0,null,0,0,0
4854,0,null,0,0,0
4855,0,null,0,0,0
4856,0,null,0,0,0
4857,0,null,0,0,0
4858,0,null,0,0,0
4859,0,null,0,0,0
4860,0,null,0,0,0
4861,0,null,0,0,0
4862,0,null,0,0,0
4863,0,null,0,0,0
4864,0,null,0,0,0
4865,0,null,0,0,0
4866,0,null,0,0,0
4867,0,null,0,0,0
4868,0,null,0,0,0
4869,0,null,0,0,0
4870,0,null,0,0,0
4871,0,null,0,0,0
4872,0,null,0,0,0
4873,0,null,0,0,0
4874,0,null,0,0,0
4875,0,null,0,0,0
4876,0,null,0,0,0
4877,0,null,0,0,0
4878,0,null,0,0,0
4879,0,null,0,0,0
4880,0,null,0,0,0
4881,0,null,0,0,0
4882,0,null,0,0,0
4883,0,null,0,0,0
4884,0,null,0,0,0
4885,2763,secondary_proton,1,1,1
4886,0,null,0,0,0
4887,0,null,0,0,0
4888,0,null,0,0,0
4889,1,primary_proton,1,1,1
4890,0,null,0,0,0
4891,0,null,0,0,0
4892,0,null,0,0,0
4893,0,null,0,0,0
4894,0,null,0,0,0
4895,0,null,0,0,0
4896,7,pi+,1,1,1
4897,0,null,0,0,0
4898,0,null,0,0,0
4899,0,null,0,0,0
4970,8,secondary_proton,1,1,0
4971,0,null,0,0,0
4972,0,null,0,0,0
4973,0,null,0,0,0
4974,0,null,0,0,0
4975,0,null,0,0,0
4976,0,null,0,0,0
4977,0,null,0,0,0
4978,0,null,0,0,0
4979,0,null,0,0,0
4980,0,null,0,0,0
4981,8,pi+,1,1,1
4982,0,null,0,0,0
4983,0,null,0,0,0
4984,0,null,0,0,0
4985,0,null,0,0,0
4986,0,null,0,0,0
4987,0,null,0,0,0
4900,0,null,0,0,0
4901,0,null,0,0,0
4902,4463,e-,1,1,1
4903,1,primary_proton,1,1,1
4904,0,null,0,0,0
4905,0,null,0,0,0
4906,0,null,0,0,0
4907,0,null,0,0,0
4908,0,null,0,0,0
4909,0,null,0,0,0
4910,0,null,0,0,0
4911,0,null,0,0,0
4912,1,primary_proton,1,1,1
4913,0,null,0,0,0
4914,0,null,0,0,0
4915,0,null,0,0,0
4916,0,null,0,0,0
4917,0,null,0,0,0
4918,0,null,0,0,0
4919,0,null,0,0,0
4920,0,null,0,0,0
4921,0,null,0,0,0
4922,0,null,0,0,0
4923,0,null,0,0,0
4924,0,null,0,0,0
4925,0,null,0,0,0
4926,0,null,0,0,0
4927,0,null,0,0,0
4928,0,null,0,0,0
4929,0,null,0,0,0
4930,0,null,0,0,0
4931,0,null,0,0,0
4932,0,null,0,0,0
4933,0,null,0,0,0
4934,0,null,0,0,0
4935,0,null,0,0,0
4936,0,null,0,0,0
4937,0,null,0,0,0
4938,0,null,0,0,0
4939,0,null,0,0,0
4940,0,null,0,0,0
4941,0,null,0,0,0
4942,0,null,0,0,0
4943,0,null,0,0,0
4944,0,null,0,0,0
4945,0,null,0,0,0
4946,0,null,0,0,0
4947,0,null,0,0,0
4948,0,null,0,0,0
4949,0,null,0,0,0
4950,0,null,0,0,0
4951,0,null,0,0,0
4952,0,null,0,0,0
4953,0,null,0,0,0
4954,0,null,0,0,0
4955,0,null,0,0,0
4956,1,primary_proton,1,1,1
4957,0,null,0,0,0
4958,0,null,0,0,0
4959,0,null,0,0,0
4960,0,null,0,0,0
4961,0,null,0,0,0
4962,0,null,0,0,0
4963,0,null,0,0,0
4964,0,null,0,0,0
4965,0,null,0,0,0
4966,0,null,0,0,0
4967,0,null,0,0,0
4968,0,null,0,0,0
4969,3,secondary_proton,1,1,1
4988,0,null,0,0,0
4989,11,secondary_proton,1,1,1
4990,0,null,0,0,0
4991,0,null,0,0,0
4992,0,null,0,0,0
4993,11,pi-,1,1,1
4994,0,null,0,0,0
4995,1,primary_proton,1,0,0
4996,0,null,0,0,0
4997,1,primary_proton,1,1,1
4998,0,null,0,0,0
4999,0,null,0,0,0
