event,track,particle,d1,d2,d3
1,0,null,0,0,0
2,0,null,0,0,0
3,0,null,0,0,0
4,0,null,0,0,0
5,0,null,0,0,0
6,1,primary_proton,1,1,1
7,0,null,0,0,0
8,0,null,0,0,0
9,0,null,0,0,0
10,0,null,0,0,0
11,0,null,0,0,0
12,0,null,0,0,0
13,0,null,0,0,0
14,0,null,0,0,0
15,0,null,0,0,0
16,0,null,0,0,0
17,0,null,0,0,0
18,0,null,0,0,0
19,0,null,0,0,0
20,0,null,0,0,0
21,0,null,0,0,0
22,0,null,0,0,0
23,0,null,0,0,0
24,0,null,0,0,0
25,0,null,0,0,0
26,0,null,0,0,0
27,0,null,0,0,0
28,0,null,0,0,0
29,0,null,0,0,0
30,1,primary_proton,1,1,1
31,21,kaon+,1,1,1
32,1,primary_proton,1,1,1
33,0,null,0,0,0
34,0,null,0,0,0
35,0,null,0,0,0
36,0,null,0,0,0
37,0,null,0,0,0
38,0,null,0,0,0
39,0,null,0,0,0
40,0,null,0,0,0
41,0,null,0,0,0
42,0,null,0,0,0
43,0,null,0,0,0
44,0,null,0,0,0
45,0,null,0,0,0
46,0,null,0,0,0
47,0,null,0,0,0
48,0,null,0,0,0
49,0,null,0,0,0
50,0,null,0,0,0
51,0,null,0,0,0
52,1,primary_proton,1,1,1
53,0,null,0,0,0
54,0,null,0,0,0
55,7,secondary_proton,1,1,1
56,0,null,0,0,0
57,0,null,0,0,0
58,0,null,0,0,0
59,0,null,0,0,0
60,0,null,0,0,0
61,0,null,0,0,0
62,1,primary_proton,1,1,1
63,0,null,0,0,0
64,1,primary_proton,1,1,1
65,0,null,0,0,0
66,0,null,0,0,0
67,0,null,0,0,0
68,0,null,0,0,0
69,0,null,0,0,0
140,0,null,0,0,0
141,0,null,0,0,0
142,0,null,0,0,0
143,0,null,0,0,0
144,0,null,0,0,0
145,0,null,0,0,0
146,6,pi+,1,1,1
147,0,null,0,0,0
148,0,null,0,0,0
149,5798,e-,1,0,0
150,0,null,0,0,0
151,0,null,0,0,0
152,0,null,0,0,0
153,0,null,0,0,0
154,0,null,0,0,0
155,0,null,0,0,0
156,0,null,0,0,0
157,0,null,0,0,0
158,0,null,0,0,0
159,0,null,0,0,0
160,0,null,0,0,0
161,3058,pi+,1,1,1
162,0,null,0,0,0
163,0,null,0,0,0
164,0,null,0,0,0
165,0,null,0,0,0
166,0,null,0,0,0
167,0,null,0,0,0
168,0,null,0,0,0
169,0,null,0,0,0
170,0,null,0,0,0
171,10,pi+,1,1,1
172,0,null,0,0,0
173,0,null,0,0,0
174,0,null,0,0,0
175,0,null,0,0,0
176,1,primary_proton,1,1,1
177,0,null,0,0,0
178,0,null,0,0,0
179,0,null,0,0,0
180,0,null,0,0,0
181,0,null,0,0,0
182,0,null,0,0,0
183,0,null,0,0,0
184,0,null,0,0,0
185,0,null,0,0,0
186,1,primary_proton,1,1,1
187,0,null,0,0,0
188,0,null,0,0,0
189,0,null,0,0,0
190,0,null,0,0,0
191,0,null,0,0,0
192,0,null,0,0,0
193,0,null,0,0,0
194,0,null,0,0,0
195,0,null,0,0,0
196,0,null,0,0,0
197,0,null,0,0,0
198,0,null,0,0,0
199,0,null,0,0,0
200,0,null,0,0,0
201,0,null,0,0,0
202,0,null,0,0,0
203,0,null,0,0,0
204,0,null,0,0,0
205,0,null,0,0,0
206,0,null,0,0,0
207,0,null,0,0,0
208,0,null,0,0,0
209,0,null,0,0,0
280,0,null,0,0,0
281,0,null,0,0,0
282,0,null,0,0,0
283,0,null,0,0,0
284,0,null,0,0,0
285,0,null,0,0,0
286,0,null,0,0,0
287,0,null,0,0,0
288,0,null,0,0,0
289,0,null,0,0,0
290,0,null,0,0,0
291,0,null,0,0,0
292,0,null,0,0,0
293,0,null,0,0,0
294,0,null,0,0,0
295,0,null,0,0,0
296,0,null,0,0,0
297,0,null,0,0,0
298,0,null,0,0,0
299,0,null,0,0,0
300,0,null,0,0,0
301,26,secondary_proton,1,1,1
302,0,null,0,0,0
303,0,null,0,0,0
304,0,null,0,0,0
305,5,secondary_proton,1,1,0
306,0,null,0,0,0
307,0,null,0,0,0
308,0,null,0,0,0
309,0,null,0,0,0
310,0,null,0,0,0
311,0,null,0,0,0
312,1,primary_proton,1,1,1
313,0,null,0,0,0
314,0,null,0,0,0
315,0,null,0,0,0
316,0,null,0,0,0
317,0,null,0,0,0
318,0,null,0,0,0
319,7,pi+,1,1,1
320,0,null,0,0,0
321,0,null,0,0,0
322,0,null,0,0,0
323,0,null,0,0,0
324,0,null,0,0,0
325,0,null,0,0,0
326,0,null,0,0,0
327,0,null,0,0,0
328,0,null,0,0,0
329,0,null,0,0,0
330,0,null,0,0,0
331,0,null,0,0,0
332,0,null,0,0,0
333,1,primary_proton,1,1,1
334,0,null,0,0,0
335,0,null,0,0,0
336,0,null,0,0,0
337,0,null,0,0,0
338,0,null,0,0,0
339,0,null,0,0,0
340,0,null,0,0,0
341,0,null,0,0,0
342,0,null,0,0,0
343,0,null,0,0,0
344,0,null,0,0,0
345,0,null,0,0,0
346,0,null,0,0,0
347,0,null,0,0,0
348,0,null,0,0,0
349,0,null,0,0,0
420,0,null,0,0,0
421,0,null,0,0,0
422,0,null,0,0,0
423,0,null,0,0,0
424,0,null,0,0,0
425,0,null,0,0,0
426,2,secondary_proton,1,1,0
427,0,null,0,0,0
428,0,null,0,0,0
429,0,null,0,0,0
430,0,null,0,0,0
431,0,null,0,0,0
432,0,null,0,0,0
433,0,null,0,0,0
434,0,null,0,0,0
435,0,null,0,0,0
436,0,null,0,0,0
437,1,primary_proton,1,1,1
438,0,null,0,0,0
439,0,null,0,0,0
440,0,null,0,0,0
441,0,null,0,0,0
442,0,null,0,0,0
443,0,null,0,0,0
444,0,null,0,0,0
445,0,null,0,0,0
447,7,pi-,1,1,1
448,0,null,0,0,0
449,0,null,0,0,0
450,0,null,0,0,0
451,0,null,0,0,0
452,0,null,0,0,0
453,0,null,0,0,0
454,0,null,0,0,0
455,0,null,0,0,0
456,0,null,0,0,0
457,0,null,0,0,0
458,0,null,0,0,0
459,0,null,0,0,0
460,10,pi+,1,1,1
461,0,null,0,0,0
462,0,null,0,0,0
463,0,null,0,0,0
464,0,null,0,0,0
465,0,null,0,0,0
466,0,null,0,0,0
467,0,null,0,0,0
468,0,null,0,0,0
469,0,null,0,0,0
470,0,null,0,0,0
471,0,null,0,0,0
472,0,null,0,0,0
473,1,primary_proton,1,1,1
474,0,null,0,0,0
475,0,null,0,0,0
476,0,null,0,0,0
477,0,null,0,0,0
478,0,null,0,0,0
479,0,null,0,0,0
480,0,null,0,0,0
481,0,null,0,0,0
482,0,null,0,0,0
483,0,null,0,0,0
484,0,null,0,0,0
485,0,null,0,0,0
486,0,null,0,0,0
487,6,secondary_proton,1,1,1
488,0,null,0,0,0
489,0,null,0,0,0
490,0,null,0,0,0
491,0,null,0,0,0
492,0,null,0,0,0
493,0,null,0,0,0
494,0,null,0,0,0
495,0,null,0,0,0
496,0,null,0,0,0
497,0,null,0,0,0
498,0,null,0,0,0
499,0,null,0,0,0
500,0,null,0,0,0
501,0,null,0,0,0
502,0,null,0,0,0
503,0,null,0,0,0
504,0,null,0,0,0
505,0,null,0,0,0
506,0,null,0,0,0
507,0,null,0,0,0
508,0,null,0,0,0
509,0,null,0,0,0
510,0,null,0,0,0
511,0,null,0,0,0
512,0,null,0,0,0
513,0,null,0,0,0
514,0,null,0,0,0
515,0,null,0,0,0
516,0,null,0,0,0
517,0,null,0,0,0
518,0,null,0,0,0
519,0,null,0,0,0
520,0,null,0,0,0
521,1,primary_proton,1,1,1
522,0,null,0,0,0
523,0,null,0,0,0
524,0,null,0,0,0
525,0,null,0,0,0
526,0,null,0,0,0
527,0,null,0,0,0
528,0,null,0,0,0
529,0,null,0,0,0
530,0,null,0,0,0
531,1,primary_proton,1,1,1
532,0,null,0,0,0
533,1,primary_proton,1,1,1
534,0,null,0,0,0
535,0,null,0,0,0
536,3633,e-,1,0,0
537,0,null,0,0,0
538,0,null,0,0,0
539,0,null,0,0,0
540,0,null,0,0,0
541,0,null,0,0,0
542,0,null,0,0,0
543,0,null,0,0,0
544,0,null,0,0,0
545,5,secondary_proton,1,1,1
546,0,null,0,0,0
547,0,null,0,0,0
548,0,null,0,0,0
549,0,null,0,0,0
550,0,null,0,0,0
551,0,null,0,0,0
552,0,null,0,0,0
553,0,null,0,0,0
554,0,null,0,0,0
555,0,null,0,0,0
556,0,null,0,0,0
557,0,null,0,0,0
558,7,pi-,1,1,1
559,0,null,0,0,0
560,0,null,0,0,0
561,0,null,0,0,0
562,0,null,0,0,0
563,0,null,0,0,0
564,0,null,0,0,0
565,0,null,0,0,0
566,0,null,0,0,0
567,0,null,0,0,0
568,0,null,0,0,0
569,0,null,0,0,0
570,1,primary_proton,1,1,1
571,0,null,0,0,0
572,0,null,0,0,0
573,0,null,0,0,0
574,0,null,0,0,0
575,0,null,0,0,0
576,0,null,0,0,0
577,0,null,0,0,0
578,0,null,0,0,0
579,0,null,0,0,0
580,0,null,0,0,0
581,0,null,0,0,0
582,0,null,0,0,0
583,0,null,0,0,0
584,0,null,0,0,0
585,0,null,0,0,0
586,0,null,0,0,0
587,0,null,0,0,0
588,0,null,0,0,0
589,0,null,0,0,0
590,0,null,0,0,0
591,0,null,0,0,0
592,0,null,0,0,0
593,0,null,0,0,0
594,0,null,0,0,0
595,0,null,0,0,0
596,0,null,0,0,0
597,0,null,0,0,0
598,0,null,0,0,0
599,0,null,0,0,0
600,0,null,0,0,0
601,0,null,0,0,0
602,1,primary_proton,1,1,1
603,0,null,0,0,0
604,0,null,0,0,0
605,0,null,0,0,0
606,0,null,0,0,0
607,0,null,0,0,0
608,0,null,0,0,0
609,0,null,0,0,0
610,0,null,0,0,0
611,0,null,0,0,0
612,0,null,0,0,0
613,0,null,0,0,0
614,985,e-,0,1,0
615,0,null,0,0,0
616,0,null,0,0,0
617,0,null,0,0,0
618,0,null,0,0,0
619,0,null,0,0,0
620,919,pi-,1,1,1
621,0,null,0,0,0
622,0,null,0,0,0
623,0,null,0,0,0
624,0,null,0,0,0
625,0,null,0,0,0
626,361,e+,1,0,0
627,0,null,0,0,0
628,0,null,0,0,0
629,0,null,0,0,0
630,1,primary_proton,1,1,1
631,0,null,0,0,0
632,0,null,0,0,0
633,0,null,0,0,0
634,0,null,0,0,0
635,0,null,0,0,0
636,0,null,0,0,0
637,0,null,0,0,0
638,0,null,0,0,0
639,0,null,0,0,0
640,0,null,0,0,0
641,0,null,0,0,0
642,0,null,0,0,0
643,0,null,0,0,0
644,7,pi+,1,1,1
645,0,null,0,0,0
646,0,null,0,0,0
647,0,null,0,0,0
648,0,null,0,0,0
649,0,null,0,0,0
650,0,null,0,0,0
651,0,null,0,0,0
652,0,null,0,0,0
653,0,null,0,0,0
654,0,null,0,0,0
655,0,null,0,0,0
656,0,null,0,0,0
657,1,primary_proton,1,1,1
658,0,null,0,0,0
659,0,null,0,0,0
660,0,null,0,0,0
661,0,null,0,0,0
662,0,null,0,0,0
663,0,null,0,0,0
664,0,null,0,0,0
665,0,null,0,0,0
666,0,null,0,0,0
667,0,null,0,0,0
668,4,pi-,1,1,0
669,0,null,0,0,0
670,0,null,0,0,0
671,0,null,0,0,0
672,0,null,0,0,0
673,0,null,0,0,0
674,0,null,0,0,0
675,0,null,0,0,0
676,0,null,0,0,0
677,0,null,0,0,0
678,0,null,0,0,0
679,0,null,0,0,0
71,5,pi-,1,1,1
72,0,null,0,0,0
73,0,null,0,0,0
74,0,null,0,0,0
75,1,primary_proton,1,1,1
76,0,null,0,0,0
77,0,null,0,0,0
78,0,null,0,0,0
79,0,null,0,0,0
80,0,null,0,0,0
81,10,pi-,1,1,1
82,0,null,0,0,0
83,0,null,0,0,0
84,0,null,0,0,0
85,0,null,0,0,0
86,0,null,0,0,0
87,0,null,0,0,0
88,0,null,0,0,0
89,0,null,0,0,0
90,0,null,0,0,0
91,0,null,0,0,0
92,0,null,0,0,0
93,0,null,0,0,0
94,0,null,0,0,0
95,0,null,0,0,0
96,0,null,0,0,0
97,0,null,0,0,0
98,0,null,0,0,0
99,1,primary_proton,1,1,1
100,1,primary_proton,1,1,1
101,0,null,0,0,0
102,146,secondary_proton,1,1,1
103,0,null,0,0,0
104,0,null,0,0,0
105,0,null,0,0,0
106,0,null,0,0,0
107,0,null,0,0,0
108,0,null,0,0,0
109,0,null,0,0,0
110,593,pi+,1,1,0
111,0,null,0,0,0
112,0,null,0,0,0
113,0,null,0,0,0
114,1,primary_proton,1,1,1
115,0,null,0,0,0
116,0,null,0,0,0
117,0,null,0,0,0
118,4,secondary_proton,1,1,1
119,0,null,0,0,0
120,0,null,0,0,0
121,0,null,0,0,0
122,0,null,0,0,0
123,0,null,0,0,0
124,0,null,0,0,0
125,0,null,0,0,0
126,0,null,0,0,0
127,1,primary_proton,1,1,1
128,0,null,0,0,0
129,8,secondary_proton,1,1,1
130,0,null,0,0,0
131,0,null,0,0,0
132,0,null,0,0,0
133,0,null,0,0,0
134,0,null,0,0,0
135,0,null,0,0,0
136,0,null,0,0,0
137,0,null,0,0,0
138,1,primary_proton,1,1,1
139,0,null,0,0,0
210,0,null,0,0,0
211,0,null,0,0,0
212,0,null,0,0,0
213,0,null,0,0,0
214,0,null,0,0,0
215,0,null,0,0,0
216,0,null,0,0,0
217,0,null,0,0,0
218,0,null,0,0,0
219,0,null,0,0,0
220,0,null,0,0,0
221,0,null,0,0,0
222,0,null,0,0,0
223,0,null,0,0,0
224,0,null,0,0,0
225,0,null,0,0,0
226,0,null,0,0,0
227,0,null,0,0,0
228,0,null,0,0,0
229,0,null,0,0,0
230,0,null,0,0,0
231,0,null,0,0,0
232,138,pi-,1,1,1
233,0,null,0,0,0
234,0,null,0,0,0
235,0,null,0,0,0
236,0,null,0,0,0
237,0,null,0,0,0
238,0,null,0,0,0
239,0,null,0,0,0
240,0,null,0,0,0
241,0,null,0,0,0
242,0,null,0,0,0
243,0,null,0,0,0
244,0,null,0,0,0
245,0,null,0,0,0
246,0,null,0,0,0
247,0,null,0,0,0
248,0,null,0,0,0
249,1,primary_proton,1,1,1
250,0,null,0,0,0
251,0,null,0,0,0
252,0,null,0,0,0
253,0,null,0,0,0
254,0,null,0,0,0
255,0,null,0,0,0
256,0,null,0,0,0
257,0,null,0,0,0
258,0,null,0,0,0
259,0,null,0,0,0
260,0,null,0,0,0
261,0,null,0,0,0
262,0,null,0,0,0
263,0,null,0,0,0
264,0,null,0,0,0
265,0,null,0,0,0
266,8,pi-,1,1,1
267,0,null,0,0,0
268,15,pi-,1,1,1
269,0,null,0,0,0
270,0,null,0,0,0
271,0,null,0,0,0
272,0,null,0,0,0
273,0,null,0,0,0
274,0,null,0,0,0
275,0,null,0,0,0
276,0,null,0,0,0
277,0,null,0,0,0
278,0,null,0,0,0
279,0,null,0,0,0
350,0,null,0,0,0
351,0,null,0,0,0
352,11,pi-,1,1,1
353,0,null,0,0,0
354,0,null,0,0,0
355,0,null,0,0,0
356,0,null,0,0,0
357,0,null,0,0,0
358,0,null,0,0,0
359,0,null,0,0,0
360,12,pi-,1,1,1
361,14,pi+,1,1,1
362,0,null,0,0,0
363,0,null,0,0,0
364,0,null,0,0,0
365,0,null,0,0,0
366,0,null,0,0,0
367,0,null,0,0,0
368,0,null,0,0,0
369,6,secondary_proton,1,1,1
370,0,null,0,0,0
371,0,null,0,0,0
372,0,null,0,0,0
373,0,null,0,0,0
374,0,null,0,0,0
375,0,null,0,0,0
376,0,null,0,0,0
377,0,null,0,0,0
378,0,null,0,0,0
379,0,null,0,0,0
380,0,null,0,0,0
381,0,null,0,0,0
382,0,null,0,0,0
383,0,null,0,0,0
384,0,null,0,0,0
385,0,null,0,0,0
386,0,null,0,0,0
387,0,null,0,0,0
388,0,null,0,0,0
389,0,null,0,0,0
390,0,null,0,0,0
391,0,null,0,0,0
392,0,null,0,0,0
393,0,null,0,0,0
394,0,null,0,0,0
395,0,null,0,0,0
396,0,null,0,0,0
397,0,null,0,0,0
398,0,null,0,0,0
399,9,pi-,1,1,1
400,0,null,0,0,0
401,0,null,0,0,0
402,0,null,0,0,0
403,1,primary_proton,1,1,1
404,0,null,0,0,0
405,0,null,0,0,0
406,0,null,0,0,0
407,0,null,0,0,0
408,0,null,0,0,0
409,0,null,0,0,0
410,0,null,0,0,0
411,0,null,0,0,0
412,0,null,0,0,0
413,0,null,0,0,0
414,0,null,0,0,0
415,0,null,0,0,0
416,0,null,0,0,0
417,0,null,0,0,0
418,0,null,0,0,0
419,0,null,0,0,0
700,0,null,0,0,0
701,0,null,0,0,0
702,0,null,0,0,0
703,0,null,0,0,0
704,0,null,0,0,0
705,0,null,0,0,0
706,0,null,0,0,0
707,0,null,0,0,0
708,0,null,0,0,0
709,0,null,0,0,0
710,0,null,0,0,0
711,0,null,0,0,0
712,0,null,0,0,0
713,0,null,0,0,0
714,0,null,0,0,0
715,0,null,0,0,0
716,0,null,0,0,0
717,0,null,0,0,0
718,0,null,0,0,0
719,1,primary_proton,1,1,1
720,0,null,0,0,0
721,7,pi-,1,1,1
722,0,null,0,0,0
723,0,null,0,0,0
725,0,null,0,0,0
726,1,primary_proton,1,1,1
727,0,null,0,0,0
728,0,null,0,0,0
729,0,null,0,0,0
730,0,null,0,0,0
731,2995,e-,1,0,0
732,0,null,0,0,0
733,0,null,0,0,0
734,0,null,0,0,0
735,0,null,0,0,0
736,0,null,0,0,0
737,0,null,0,0,0
738,0,null,0,0,0
739,0,null,0,0,0
740,0,null,0,0,0
741,0,null,0,0,0
742,0,null,0,0,0
743,0,null,0,0,0
744,0,null,0,0,0
745,0,null,0,0,0
746,0,null,0,0,0
747,0,null,0,0,0
748,0,null,0,0,0
749,0,null,0,0,0
750,0,null,0,0,0
751,0,null,0,0,0
752,0,null,0,0,0
753,0,null,0,0,0
754,0,null,0,0,0
755,0,null,0,0,0
756,11,pi-,1,1,1
757,0,null,0,0,0
758,0,null,0,0,0
759,0,null,0,0,0
760,0,null,0,0,0
761,0,null,0,0,0
762,0,null,0,0,0
763,0,null,0,0,0
764,0,null,0,0,0
765,0,null,0,0,0
766,0,null,0,0,0
767,0,null,0,0,0
768,0,null,0,0,0
769,0,null,0,0,0
770,0,null,0,0,0
771,0,null,0,0,0
772,0,null,0,0,0
773,0,null,0,0,0
774,0,null,0,0,0
775,0,null,0,0,0
776,0,null,0,0,0
777,0,null,0,0,0
778,0,null,0,0,0
779,0,null,0,0,0
780,1,primary_proton,1,1,1
781,0,null,0,0,0
782,0,null,0,0,0
783,0,null,0,0,0
784,0,null,0,0,0
785,0,null,0,0,0
786,0,null,0,0,0
787,0,null,0,0,0
788,0,null,0,0,0
789,0,null,0,0,0
790,0,null,0,0,0
791,0,null,0,0,0
792,0,null,0,0,0
793,0,null,0,0,0
794,0,null,0,0,0
795,0,null,0,0,0
796,0,null,0,0,0
797,0,null,0,0,0
798,1,primary_proton,1,1,1
799,0,null,0,0,0
800,0,null,0,0,0
801,0,null,0,0,0
802,0,null,0,0,0
803,0,null,0,0,0
804,0,null,0,0,0
805,0,null,0,0,0
806,0,null,0,0,0
807,0,null,0,0,0
808,0,null,0,0,0
809,10,pi-,1,1,1
810,9,pi-,1,1,1
811,0,null,0,0,0
812,0,null,0,0,0
813,0,null,0,0,0
814,10,pi-,1,1,1
815,0,null,0,0,0
816,0,null,0,0,0
817,0,null,0,0,0
818,0,null,0,0,0
819,0,null,0,0,0
820,0,null,0,0,0
821,0,null,0,0,0
822,3,secondary_proton,1,1,1
823,0,null,0,0,0
824,0,null,0,0,0
825,0,null,0,0,0
826,0,null,0,0,0
827,0,null,0,0,0
828,0,null,0,0,0
829,0,null,0,0,0
830,6175,secondary_proton,1,0,0
831,0,null,0,0,0
832,0,null,0,0,0
833,0,null,0,0,0
834,0,null,0,0,0
835,13,secondary_proton,1,1,1
836,0,null,0,0,0
837,0,null,0,0,0
838,0,null,0,0,0
839,0,null,0,0,0
980,0,null,0,0,0
981,0,null,0,0,0
982,0,null,0,0,0
983,0,null,0,0,0
984,0,null,0,0,0
985,0,null,0,0,0
986,0,null,0,0,0
987,0,null,0,0,0
988,0,null,0,0,0
989,0,null,0,0,0
990,0,null,0,0,0
991,0,null,0,0,0
992,0,null,0,0,0
993,0,null,0,0,0
994,0,null,0,0,0
995,0,null,0,0,0
996,0,null,0,0,0
997,0,null,0,0,0
998,0,null,0,0,0
999,0,null,0,0,0
1000,0,null,0,0,0
1001,0,null,0,0,0
1002,0,null,0,0,0
1003,1836,e-,1,1,1
1004,0,null,0,0,0
1005,0,null,0,0,0
1006,0,null,0,0,0
1007,0,null,0,0,0
1008,0,null,0,0,0
1009,0,null,0,0,0
1010,0,null,0,0,0
1011,0,null,0,0,0
1012,0,null,0,0,0
1013,0,null,0,0,0
1014,0,null,0,0,0
1015,0,null,0,0,0
1016,0,null,0,0,0
1017,0,null,0,0,0
1018,0,null,0,0,0
1019,0,null,0,0,0
1020,0,null,0,0,0
1021,8,secondary_proton,1,1,1
1022,0,null,0,0,0
1023,0,null,0,0,0
1024,1,primary_proton,1,1,1
1025,0,null,0,0,0
1026,0,null,0,0,0
1027,0,null,0,0,0
1028,0,null,0,0,0
1029,0,null,0,0,0
1030,0,null,0,0,0
1031,0,null,0,0,0
1032,0,null,0,0,0
1033,0,null,0,0,0
1034,0,null,0,0,0
1035,0,null,0,0,0
1036,0,null,0,0,0
1037,1,primary_proton,1,1,1
1038,0,null,0,0,0
1039,0,null,0,0,0
1040,0,null,0,0,0
1041,0,null,0,0,0
1042,0,null,0,0,0
1043,27,pi+,1,0,0
1044,0,null,0,0,0
1045,0,null,0,0,0
1046,0,null,0,0,0
1047,0,null,0,0,0
1048,8,pi-,1,1,1
1049,0,null,0,0,0
1050,0,null,0,0,0
1051,0,null,0,0,0
1052,1,primary_proton,1,1,1
1053,0,null,0,0,0
1054,0,null,0,0,0
1055,0,null,0,0,0
1056,1,primary_proton,1,1,1
1057,0,null,0,0,0
1058,0,null,0,0,0
1059,0,null,0,0,0
1060,0,null,0,0,0
1061,0,null,0,0,0
1062,0,null,0,0,0
1063,0,null,0,0,0
1064,0,null,0,0,0
1065,0,null,0,0,0
1066,0,null,0,0,0
1067,0,null,0,0,0
1068,0,null,0,0,0
1069,0,null,0,0,0
1070,1,primary_proton,1,1,1
1071,0,null,0,0,0
1072,0,null,0,0,0
1073,0,null,0,0,0
1074,574,secondary_proton,1,1,0
1075,418,pi+,1,1,1
1076,0,null,0,0,0
1077,0,null,0,0,0
1078,0,null,0,0,0
1079,0,null,0,0,0
1080,0,null,0,0,0
1081,0,null,0,0,0
1082,0,null,0,0,0
1083,0,null,0,0,0
1084,0,null,0,0,0
1085,0,null,0,0,0
1086,0,null,0,0,0
1087,0,null,0,0,0
1088,0,null,0,0,0
1089,0,null,0,0,0
681,0,null,0,0,0
682,0,null,0,0,0
683,0,null,0,0,0
684,0,null,0,0,0
685,0,null,0,0,0
686,0,null,0,0,0
687,0,null,0,0,0
688,0,null,0,0,0
689,0,null,0,0,0
690,0,null,0,0,0
691,9,secondary_proton,1,1,1
692,0,null,0,0,0
693,0,null,0,0,0
694,1,primary_proton,1,1,1
695,15,pi+,1,1,1
696,0,null,0,0,0
697,0,null,0,0,0
698,0,null,0,0,0
699,0,null,0,0,0
840,0,null,0,0,0
841,0,null,0,0,0
842,0,null,0,0,0
843,0,null,0,0,0
844,0,null,0,0,0
845,0,null,0,0,0
846,0,null,0,0,0
847,0,null,0,0,0
848,0,null,0,0,0
849,0,null,0,0,0
850,0,null,0,0,0
851,0,null,0,0,0
852,0,null,0,0,0
853,1,primary_proton,1,1,1
854,0,null,0,0,0
855,0,null,0,0,0
856,0,null,0,0,0
857,7,secondary_proton,1,1,1
858,0,null,0,0,0
859,0,null,0,0,0
860,0,null,0,0,0
861,0,null,0,0,0
862,0,null,0,0,0
863,0,null,0,0,0
864,0,null,0,0,0
865,0,null,0,0,0
866,0,null,0,0,0
867,0,null,0,0,0
868,0,null,0,0,0
869,0,null,0,0,0
870,0,null,0,0,0
871,0,null,0,0,0
872,0,null,0,0,0
873,0,null,0,0,0
874,0,null,0,0,0
875,0,null,0,0,0
876,0,null,0,0,0
877,0,null,0,0,0
878,0,null,0,0,0
879,0,null,0,0,0
880,0,null,0,0,0
881,0,null,0,0,0
882,0,null,0,0,0
883,0,null,0,0,0
884,0,null,0,0,0
885,0,null,0,0,0
886,0,null,0,0,0
887,0,null,0,0,0
888,0,null,0,0,0
889,0,null,0,0,0
890,0,null,0,0,0
891,0,null,0,0,0
892,1,primary_proton,1,1,1
893,0,null,0,0,0
894,0,null,0,0,0
895,0,null,0,0,0
896,0,null,0,0,0
897,0,null,0,0,0
898,6,secondary_proton,1,1,0
899,0,null,0,0,0
900,0,null,0,0,0
901,0,null,0,0,0
902,0,null,0,0,0
903,0,null,0,0,0
904,0,null,0,0,0
905,0,null,0,0,0
906,0,null,0,0,0
907,0,null,0,0,0
908,0,null,0,0,0
909,0,null,0,0,0
910,0,null,0,0,0
911,0,null,0,0,0
912,0,null,0,0,0
913,5,pi-,1,1,1
914,0,null,0,0,0
915,1,primary_proton,1,1,1
916,0,null,0,0,0
917,0,null,0,0,0
918,0,null,0,0,0
919,0,null,0,0,0
920,0,null,0,0,0
921,0,null,0,0,0
922,0,null,0,0,0
923,0,null,0,0,0
924,0,null,0,0,0
925,0,null,0,0,0
926,0,null,0,0,0
927,0,null,0,0,0
928,0,null,0,0,0
929,0,null,0,0,0
930,0,null,0,0,0
931,0,null,0,0,0
932,0,null,0,0,0
933,0,null,0,0,0
934,0,null,0,0,0
935,0,null,0,0,0
936,0,null,0,0,0
937,0,null,0,0,0
938,0,null,0,0,0
939,0,null,0,0,0
940,0,null,0,0,0
941,4,pi+,1,1,1
942,0,null,0,0,0
943,0,null,0,0,0
944,0,null,0,0,0
945,0,null,0,0,0
946,0,null,0,0,0
947,0,null,0,0,0
948,0,null,0,0,0
949,0,null,0,0,0
950,0,null,0,0,0
951,0,null,0,0,0
952,0,null,0,0,0
953,0,null,0,0,0
954,0,null,0,0,0
955,0,null,0,0,0
956,1,primary_proton,1,1,1
957,0,null,0,0,0
958,13,pi-,1,1,1
959,0,null,0,0,0
960,0,null,0,0,0
961,0,null,0,0,0
962,0,null,0,0,0
963,0,null,0,0,0
964,0,null,0,0,0
965,0,null,0,0,0
966,0,null,0,0,0
967,0,null,0,0,0
968,7,pi+,1,1,0
969,0,null,0,0,0
970,1,primary_proton,1,1,1
971,26,pi-,1,1,1
972,0,null,0,0,0
973,0,null,0,0,0
974,0,null,0,0,0
975,0,null,0,0,0
976,0,null,0,0,0
977,11,pi-,1,1,1
978,0,null,0,0,0
979,0,null,0,0,0
1120,0,null,0,0,0
1121,0,null,0,0,0
1122,0,null,0,0,0
1123,8,secondary_proton,1,1,1
1124,0,null,0,0,0
1125,0,null,0,0,0
1126,2553,secondary_proton,1,0,0
1127,0,null,0,0,0
1128,5,pi+,1,1,1
1129,0,null,0,0,0
1130,0,null,0,0,0
1131,0,null,0,0,0
1132,0,null,0,0,0
1133,0,null,0,0,0
1134,0,null,0,0,0
1135,0,null,0,0,0
1136,0,null,0,0,0
1137,0,null,0,0,0
1138,0,null,0,0,0
1139,0,null,0,0,0
1140,32,pi+,1,1,1
1141,0,null,0,0,0
1142,0,null,0,0,0
1143,0,null,0,0,0
1144,0,null,0,0,0
1145,0,null,0,0,0
1146,0,null,0,0,0
1147,0,null,0,0,0
1148,0,null,0,0,0
1149,0,null,0,0,0
1150,0,null,0,0,0
1151,0,null,0,0,0
1152,0,null,0,0,0
1153,0,null,0,0,0
1154,0,null,0,0,0
1155,6,pi-,1,1,1
1156,0,null,0,0,0
1157,0,null,0,0,0
1158,0,null,0,0,0
1159,0,null,0,0,0
1160,0,null,0,0,0
1161,0,null,0,0,0
1162,1,primary_proton,1,1,1
1163,0,null,0,0,0
1164,0,null,0,0,0
1165,0,null,0,0,0
1166,0,null,0,0,0
1167,0,null,0,0,0
1168,0,null,0,0,0
1169,0,null,0,0,0
1170,0,null,0,0,0
1171,0,null,0,0,0
1172,0,null,0,0,0
1173,0,null,0,0,0
1174,0,null,0,0,0
1175,0,null,0,0,0
1176,0,null,0,0,0
1177,0,null,0,0,0
1178,0,null,0,0,0
1179,0,null,0,0,0
1180,0,null,0,0,0
1181,0,null,0,0,0
1182,0,null,0,0,0
1183,1,primary_proton,1,1,1
1184,7,secondary_proton,1,0,0
1185,0,null,0,0,0
1186,0,null,0,0,0
1187,0,null,0,0,0
1189,0,null,0,0,0
1260,0,null,0,0,0
1261,0,null,0,0,0
1262,0,null,0,0,0
1263,0,null,0,0,0
1264,0,null,0,0,0
1265,0,null,0,0,0
1266,0,null,0,0,0
1267,0,null,0,0,0
1268,0,null,0,0,0
1269,0,null,0,0,0
1270,0,null,0,0,0
1271,0,null,0,0,0
1272,0,null,0,0,0
1273,2157,pi-,1,1,0
1274,0,null,0,0,0
1275,13,pi-,1,1,1
1276,0,null,0,0,0
1277,0,null,0,0,0
1278,0,null,0,0,0
1279,0,null,0,0,0
1280,0,null,0,0,0
1281,0,null,0,0,0
1282,0,null,0,0,0
1283,0,null,0,0,0
1284,0,null,0,0,0
1285,0,null,0,0,0
1286,0,null,0,0,0
1287,0,null,0,0,0
1288,0,null,0,0,0
1289,0,null,0,0,0
1290,0,null,0,0,0
1291,0,null,0,0,0
1292,0,null,0,0,0
1293,0,null,0,0,0
1294,0,null,0,0,0
1295,0,null,0,0,0
1296,0,null,0,0,0
1297,0,null,0,0,0
1298,0,null,0,0,0
1299,0,null,0,0,0
1300,0,null,0,0,0
1301,0,null,0,0,0
1302,0,null,0,0,0
1303,1,primary_proton,1,1,1
1304,0,null,0,0,0
1305,0,null,0,0,0
1306,0,null,0,0,0
1307,0,null,0,0,0
1308,0,null,0,0,0
1309,0,null,0,0,0
1310,1,primary_proton,1,1,1
1311,0,null,0,0,0
1312,0,null,0,0,0
1313,0,null,0,0,0
1314,1,primary_proton,1,1,1
1315,0,null,0,0,0
1316,0,null,0,0,0
1317,0,null,0,0,0
1318,0,null,0,0,0
1319,0,null,0,0,0
1320,0,null,0,0,0
1321,0,null,0,0,0
1322,0,null,0,0,0
1323,0,null,0,0,0
1324,0,null,0,0,0
1325,0,null,0,0,0
1326,0,null,0,0,0
1327,0,null,0,0,0
1328,0,null,0,0,0
1329,0,null,0,0,0
1400,0,null,0,0,0
1401,0,null,0,0,0
1402,0,null,0,0,0
1403,0,null,0,0,0
1404,0,null,0,0,0
1405,0,null,0,0,0
1406,0,null,0,0,0
1407,0,null,0,0,0
1408,0,null,0,0,0
1409,0,null,0,0,0
1410,0,null,0,0,0
1411,0,null,0,0,0
1412,0,null,0,0,0
1413,0,null,0,0,0
1414,0,null,0,0,0
1415,0,null,0,0,0
1416,10,secondary_proton,1,1,0
1417,8,pi-,1,1,1
1418,0,null,0,0,0
1419,0,null,0,0,0
1420,0,null,0,0,0
1421,0,null,0,0,0
1422,0,null,0,0,0
1423,0,null,0,0,0
1424,0,null,0,0,0
1425,1,primary_proton,1,1,1
1426,0,null,0,0,0
1427,0,null,0,0,0
1428,0,null,0,0,0
1429,0,null,0,0,0
1430,0,null,0,0,0
1431,0,null,0,0,0
1432,0,null,0,0,0
1433,0,null,0,0,0
1434,0,null,0,0,0
1435,0,null,0,0,0
1436,0,null,0,0,0
1437,0,null,0,0,0
1438,0,null,0,0,0
1439,0,null,0,0,0
1440,0,null,0,0,0
1441,0,null,0,0,0
1442,0,null,0,0,0
1443,1,primary_proton,1,1,1
1444,0,null,0,0,0
1445,0,null,0,0,0
1446,0,null,0,0,0
1447,0,null,0,0,0
1448,0,null,0,0,0
1449,0,null,0,0,0
1450,0,null,0,0,0
1451,0,null,0,0,0
1452,0,null,0,0,0
1453,0,null,0,0,0
1454,0,null,0,0,0
1455,0,null,0,0,0
1456,0,null,0,0,0
1457,0,null,0,0,0
1458,0,null,0,0,0
1459,0,null,0,0,0
1460,0,null,0,0,0
1461,0,null,0,0,0
1462,0,null,0,0,0
1463,0,null,0,0,0
1464,0,null,0,0,0
1465,0,null,0,0,0
1466,1,primary_proton,1,1,1
1467,0,null,0,0,0
1468,0,null,0,0,0
1469,0,null,0,0,0
1470,0,null,0,0,0
1471,0,null,0,0,0
1472,0,null,0,0,0
1473,0,null,0,0,0
1474,0,null,0,0,0
1475,0,null,0,0,0
1476,0,null,0,0,0
1477,0,null,0,0,0
1478,0,null,0,0,0
1479,0,null,0,0,0
1480,0,null,0,0,0
1481,0,null,0,0,0
1482,0,null,0,0,0
1483,0,null,0,0,0
1484,0,null,0,0,0
1485,0,null,0,0,0
1486,0,null,0,0,0
1487,0,null,0,0,0
1488,0,null,0,0,0
1489,0,null,0,0,0
1490,0,null,0,0,0
1491,0,null,0,0,0
1492,10,secondary_proton,1,1,0
1493,0,null,0,0,0
1494,0,null,0,0,0
1495,0,null,0,0,0
1496,0,null,0,0,0
1497,0,null,0,0,0
1498,0,null,0,0,0
1499,0,null,0,0,0
1500,0,null,0,0,0
1501,0,null,0,0,0
1502,0,null,0,0,0
1503,0,null,0,0,0
1504,0,null,0,0,0
1505,0,null,0,0,0
1506,0,null,0,0,0
1507,0,null,0,0,0
1508,0,null,0,0,0
1509,0,null,0,0,0
1510,0,null,0,0,0
1511,0,null,0,0,0
1512,0,null,0,0,0
1513,0,null,0,0,0
1514,0,null,0,0,0
1515,0,null,0,0,0
1516,0,null,0,0,0
1517,0,null,0,0,0
1518,0,null,0,0,0
1519,0,null,0,0,0
1520,0,null,0,0,0
1521,0,null,0,0,0
1522,0,null,0,0,0
1523,0,null,0,0,0
1524,0,null,0,0,0
1525,0,null,0,0,0
1526,1173,e-,0,1,1
1527,0,null,0,0,0
1528,0,null,0,0,0
1529,29,secondary_proton,1,1,0
1530,0,null,0,0,0
1531,8,pi-,1,1,1
1532,0,null,0,0,0
1533,0,null,0,0,0
1534,0,null,0,0,0
1535,0,null,0,0,0
1536,0,null,0,0,0
1537,0,null,0,0,0
1538,0,null,0,0,0
1539,0,null,0,0,0
1610,0,null,0,0,0
1611,0,null,0,0,0
1612,0,null,0,0,0
1613,0,null,0,0,0
1614,0,null,0,0,0
1615,0,null,0,0,0
1616,0,null,0,0,0
1617,0,null,0,0,0
1618,0,null,0,0,0
1619,0,null,0,0,0
1091,0,null,0,0,0
1092,0,null,0,0,0
1093,365,pi-,1,1,1
1094,0,null,0,0,0
1095,0,null,0,0,0
1096,0,null,0,0,0
1097,0,null,0,0,0
1098,0,null,0,0,0
1099,0,null,0,0,0
1100,0,null,0,0,0
1101,7,pi-,1,1,1
1102,0,null,0,0,0
1103,0,null,0,0,0
1104,0,null,0,0,0
1105,0,null,0,0,0
1106,0,null,0,0,0
1107,0,null,0,0,0
1108,0,null,0,0,0
1109,0,null,0,0,0
1110,0,null,0,0,0
1111,0,null,0,0,0
1112,0,null,0,0,0
1113,0,null,0,0,0
1114,0,null,0,0,0
1115,0,null,0,0,0
1116,0,null,0,0,0
1117,0,null,0,0,0
1118,0,null,0,0,0
1119,0,null,0,0,0
1190,0,null,0,0,0
1191,0,null,0,0,0
1192,1,primary_proton,1,1,1
1193,0,null,0,0,0
1194,0,null,0,0,0
1195,0,null,0,0,0
1196,0,null,0,0,0
1197,0,null,0,0,0
1198,0,null,0,0,0
1199,0,null,0,0,0
1200,0,null,0,0,0
1201,0,null,0,0,0
1202,0,null,0,0,0
1203,0,null,0,0,0
1204,0,null,0,0,0
1205,0,null,0,0,0
1206,0,null,0,0,0
1207,0,null,0,0,0
1208,0,null,0,0,0
1209,0,null,0,0,0
1210,0,null,0,0,0
1211,0,null,0,0,0
1212,7,pi+,1,1,0
1213,11,secondary_proton,1,1,1
1214,0,null,0,0,0
1215,0,null,0,0,0
1216,0,null,0,0,0
1217,0,null,0,0,0
1218,0,null,0,0,0
1219,0,null,0,0,0
1220,0,null,0,0,0
1221,0,null,0,0,0
1222,0,null,0,0,0
1223,0,null,0,0,0
1224,0,null,0,0,0
1225,0,null,0,0,0
1226,0,null,0,0,0
1227,0,null,0,0,0
1228,0,null,0,0,0
1229,0,null,0,0,0
1230,0,null,0,0,0
1231,0,null,0,0,0
1232,0,null,0,0,0
1233,0,null,0,0,0
1234,12,pi-,1,1,1
1235,0,null,0,0,0
1236,0,null,0,0,0
1237,0,null,0,0,0
1238,0,null,0,0,0
1239,0,null,0,0,0
1240,0,null,0,0,0
1241,0,null,0,0,0
1242,0,null,0,0,0
1243,0,null,0,0,0
1244,0,null,0,0,0
1245,0,null,0,0,0
1246,0,null,0,0,0
1247,0,null,0,0,0
1248,0,null,0,0,0
1249,0,null,0,0,0
1250,0,null,0,0,0
1251,0,null,0,0,0
1252,0,null,0,0,0
1253,0,null,0,0,0
1254,4,pi-,1,1,1
1255,0,null,0,0,0
1256,0,null,0,0,0
1257,0,null,0,0,0
1258,16,pi+,1,1,1
1259,0,null,0,0,0
1330,0,null,0,0,0
1331,0,null,0,0,0
1332,0,null,0,0,0
1333,0,null,0,0,0
1334,0,null,0,0,0
1335,0,null,0,0,0
1336,0,null,0,0,0
1337,0,null,0,0,0
1338,0,null,0,0,0
1339,0,null,0,0,0
1340,0,null,0,0,0
1341,0,null,0,0,0
1342,0,null,0,0,0
1343,0,null,0,0,0
1344,0,null,0,0,0
1345,0,null,0,0,0
1346,7,pi-,1,1,1
1347,0,null,0,0,0
1348,0,null,0,0,0
1349,9,pi-,1,1,1
1350,0,null,0,0,0
1351,0,null,0,0,0
1352,0,null,0,0,0
1353,0,null,0,0,0
1354,0,null,0,0,0
1355,0,null,0,0,0
1356,0,null,0,0,0
1357,0,null,0,0,0
1358,9,pi-,1,1,1
1359,0,null,0,0,0
1360,0,null,0,0,0
1361,0,null,0,0,0
1362,0,null,0,0,0
1363,0,null,0,0,0
1364,0,null,0,0,0
1365,0,null,0,0,0
1366,0,null,0,0,0
1367,0,null,0,0,0
1368,0,null,0,0,0
1369,0,null,0,0,0
1370,0,null,0,0,0
1371,0,null,0,0,0
1372,0,null,0,0,0
1373,0,null,0,0,0
1374,0,null,0,0,0
1375,0,null,0,0,0
1376,0,null,0,0,0
1377,0,null,0,0,0
1378,0,null,0,0,0
1379,0,null,0,0,0
1380,0,null,0,0,0
1381,208,pi-,1,1,1
1382,0,null,0,0,0
1383,0,null,0,0,0
1384,0,null,0,0,0
1385,0,null,0,0,0
1386,0,null,0,0,0
1387,0,null,0,0,0
1388,0,null,0,0,0
1389,6,secondary_proton,1,1,1
1390,0,null,0,0,0
1391,0,null,0,0,0
1392,0,null,0,0,0
1393,0,null,0,0,0
1394,0,null,0,0,0
1395,0,null,0,0,0
1396,0,null,0,0,0
1397,0,null,0,0,0
1398,0,null,0,0,0
1399,0,null,0,0,0
1540,0,null,0,0,0
1541,0,null,0,0,0
1542,0,null,0,0,0
1543,1,primary_proton,1,1,1
1544,0,null,0,0,0
1545,0,null,0,0,0
1546,0,null,0,0,0
1547,0,null,0,0,0
1548,0,null,0,0,0
1549,0,null,0,0,0
1550,0,null,0,0,0
1551,0,null,0,0,0
1552,0,null,0,0,0
1553,0,null,0,0,0
1554,0,null,0,0,0
1555,0,null,0,0,0
1556,0,null,0,0,0
1557,0,null,0,0,0
1558,0,null,0,0,0
1559,0,null,0,0,0
1560,0,null,0,0,0
1561,0,null,0,0,0
1562,0,null,0,0,0
1563,0,null,0,0,0
1564,0,null,0,0,0
1565,0,null,0,0,0
1566,0,null,0,0,0
1567,0,null,0,0,0
1568,0,null,0,0,0
1569,0,null,0,0,0
1570,0,null,0,0,0
1571,0,null,0,0,0
1572,1,primary_proton,1,1,1
1573,0,null,0,0,0
1574,0,null,0,0,0
1575,0,null,0,0,0
1576,0,null,0,0,0
1577,0,null,0,0,0
1578,0,null,0,0,0
1579,0,null,0,0,0
1580,0,null,0,0,0
1581,0,null,0,0,0
1582,15,pi+,1,1,1
1583,0,null,0,0,0
1584,0,null,0,0,0
1585,1,primary_proton,1,1,1
1586,16,pi-,1,1,1
1587,0,null,0,0,0
1588,0,null,0,0,0
1589,0,null,0,0,0
1590,0,null,0,0,0
1591,0,null,0,0,0
1592,0,null,0,0,0
1593,0,null,0,0,0
1595,0,null,0,0,0
1596,0,null,0,0,0
1597,0,null,0,0,0
1598,0,null,0,0,0
1599,0,null,0,0,0
1600,0,null,0,0,0
1601,4724,e-,1,1,0
1602,0,null,0,0,0
1603,4,pi-,1,1,1
1604,0,null,0,0,0
1605,0,null,0,0,0
1606,0,null,0,0,0
1607,0,null,0,0,0
1608,0,null,0,0,0
1609,0,null,0,0,0
1680,0,null,0,0,0
1681,0,null,0,0,0
1682,1,primary_proton,1,1,1
1683,1,primary_proton,1,1,1
1684,0,null,0,0,0
1685,0,null,0,0,0
1686,0,null,0,0,0
1687,0,null,0,0,0
1688,0,null,0,0,0
1689,0,null,0,0,0
1690,0,null,0,0,0
1691,0,null,0,0,0
1692,0,null,0,0,0
1693,0,null,0,0,0
1694,0,null,0,0,0
1695,0,null,0,0,0
1696,0,null,0,0,0
1697,0,null,0,0,0
1698,4,secondary_proton,1,0,0
1699,0,null,0,0,0
1700,7,pi+,1,1,1
1701,0,null,0,0,0
1702,0,null,0,0,0
1703,0,null,0,0,0
1704,0,null,0,0,0
1705,0,null,0,0,0
1706,0,null,0,0,0
1707,0,null,0,0,0
1708,0,null,0,0,0
1709,0,null,0,0,0
1710,1524,secondary_proton,1,1,1
1711,0,null,0,0,0
1712,0,null,0,0,0
1713,1,primary_proton,1,1,1
1714,0,null,0,0,0
1715,0,null,0,0,0
1716,0,null,0,0,0
1717,0,null,0,0,0
1718,0,null,0,0,0
1719,0,null,0,0,0
1720,0,null,0,0,0
1721,0,null,0,0,0
1722,0,null,0,0,0
1723,0,null,0,0,0
1724,0,null,0,0,0
1725,0,null,0,0,0
1726,0,null,0,0,0
1727,0,null,0,0,0
1728,0,null,0,0,0
1729,0,null,0,0,0
1730,1,primary_proton,1,1,1
1731,0,null,0,0,0
1732,0,null,0,0,0
1733,0,null,0,0,0
1734,1,primary_proton,1,1,1
1735,1,primary_proton,1,0,0
1736,0,null,0,0,0
1737,0,null,0,0,0
1738,0,null,0,0,0
1739,1,primary_proton,1,1,1
1740,0,null,0,0,0
1741,0,null,0,0,0
1742,0,null,0,0,0
1743,0,null,0,0,0
1744,10,secondary_proton,1,1,1
1745,0,null,0,0,0
1746,0,null,0,0,0
1747,0,null,0,0,0
1748,0,null,0,0,0
1749,0,null,0,0,0
1820,0,null,0,0,0
1821,0,null,0,0,0
1822,0,null,0,0,0
1823,0,null,0,0,0
1824,0,null,0,0,0
1825,0,null,0,0,0
1826,0,null,0,0,0
1827,0,null,0,0,0
1828,0,null,0,0,0
1829,0,null,0,0,0
1830,25,secondary_proton,1,1,1
1831,1,primary_proton,1,1,1
1832,0,null,0,0,0
1833,0,null,0,0,0
1834,0,null,0,0,0
1835,0,null,0,0,0
1836,0,null,0,0,0
1837,0,null,0,0,0
1838,0,null,0,0,0
1839,1,primary_proton,1,1,1
1840,0,null,0,0,0
1841,0,null,0,0,0
1842,0,null,0,0,0
1843,9,pi-,1,1,1
1844,0,null,0,0,0
1845,0,null,0,0,0
1846,0,null,0,0,0
1847,12,pi-,1,1,1
1848,0,null,0,0,0
1849,0,null,0,0,0
1850,0,null,0,0,0
1851,0,null,0,0,0
1852,0,null,0,0,0
1853,0,null,0,0,0
1854,0,null,0,0,0
1855,0,null,0,0,0
1856,0,null,0,0,0
1857,0,null,0,0,0
1858,0,null,0,0,0
1859,1119,e+,1,1,1
1860,0,null,0,0,0
1861,0,null,0,0,0
1862,0,null,0,0,0
1863,0,null,0,0,0
1864,0,null,0,0,0
1865,0,null,0,0,0
1866,0,null,0,0,0
1867,0,null,0,0,0
1868,0,null,0,0,0
1869,0,null,0,0,0
1870,0,null,0,0,0
1871,0,null,0,0,0
1872,0,null,0,0,0
1873,0,null,0,0,0
1874,0,null,0,0,0
1875,0,null,0,0,0
1876,0,null,0,0,0
1877,0,null,0,0,0
1878,0,null,0,0,0
1879,0,null,0,0,0
1880,0,null,0,0,0
1881,0,null,0,0,0
1882,0,null,0,0,0
1883,0,null,0,0,0
1884,0,null,0,0,0
1885,0,null,0,0,0
1886,0,null,0,0,0
1887,0,null,0,0,0
1888,1,primary_proton,1,1,1
1889,0,null,0,0,0
1960,0,null,0,0,0
1961,0,null,0,0,0
1962,0,null,0,0,0
1963,0,null,0,0,0
1964,0,null,0,0,0
1965,0,null,0,0,0
1966,0,null,0,0,0
1967,0,null,0,0,0
1968,4,pi+,1,0,0
1969,0,null,0,0,0
1970,0,null,0,0,0
1971,0,null,0,0,0
1972,0,null,0,0,0
1973,0,null,0,0,0
1974,1,primary_proton,1,1,1
1975,0,null,0,0,0
1976,0,null,0,0,0
1977,0,null,0,0,0
1978,0,null,0,0,0
1979,0,null,0,0,0
1980,0,null,0,0,0
1981,1,primary_proton,1,1,1
1982,0,null,0,0,0
1983,12,secondary_proton,1,1,1
1984,0,null,0,0,0
1985,0,null,0,0,0
1986,0,null,0,0,0
1987,18,secondary_proton,1,1,1
1988,0,null,0,0,0
1989,0,null,0,0,0
1990,0,null,0,0,0
1991,0,null,0,0,0
1992,0,null,0,0,0
1993,0,null,0,0,0
1994,0,null,0,0,0
1995,0,null,0,0,0
1996,0,null,0,0,0
1997,0,null,0,0,0
1998,0,null,0,0,0
1999,11,secondary_proton,1,1,1
2000,0,null,0,0,0
2001,0,null,0,0,0
2002,0,null,0,0,0
2003,1,primary_proton,1,1,1
2004,0,null,0,0,0
2005,0,null,0,0,0
2006,0,null,0,0,0
2007,0,null,0,0,0
2008,0,null,0,0,0
2009,0,null,0,0,0
2010,0,null,0,0,0
2011,0,null,0,0,0
2012,5,pi+,1,1,1
2013,0,null,0,0,0
2014,0,null,0,0,0
2015,0,null,0,0,0
2016,0,null,0,0,0
2017,0,null,0,0,0
2018,0,null,0,0,0
2019,0,null,0,0,0
1621,0,null,0,0,0
1622,0,null,0,0,0
1623,0,null,0,0,0
1624,0,null,0,0,0
1625,0,null,0,0,0
1626,0,null,0,0,0
1627,0,null,0,0,0
1628,0,null,0,0,0
1629,0,null,0,0,0
1630,0,null,0,0,0
1631,0,null,0,0,0
1632,0,null,0,0,0
1633,0,null,0,0,0
1634,4,secondary_proton,1,1,1
1635,0,null,0,0,0
1636,0,null,0,0,0
1637,0,null,0,0,0
1638,0,null,0,0,0
1639,0,null,0,0,0
1640,1,primary_proton,1,1,1
1641,0,null,0,0,0
1642,0,null,0,0,0
1643,0,null,0,0,0
1644,0,null,0,0,0
1645,0,null,0,0,0
1646,0,null,0,0,0
1647,0,null,0,0,0
1648,0,null,0,0,0
1649,0,null,0,0,0
1650,0,null,0,0,0
1651,0,null,0,0,0
1652,0,null,0,0,0
1653,0,null,0,0,0
1654,0,null,0,0,0
1655,0,null,0,0,0
1656,0,null,0,0,0
1657,0,null,0,0,0
1658,0,null,0,0,0
1659,0,null,0,0,0
1660,0,null,0,0,0
1661,0,null,0,0,0
1662,0,null,0,0,0
1663,0,null,0,0,0
1664,0,null,0,0,0
1665,0,null,0,0,0
1666,0,null,0,0,0
1667,0,null,0,0,0
1668,0,null,0,0,0
1669,0,null,0,0,0
1670,6,secondary_proton,1,1,1
1671,1,primary_proton,1,1,1
1672,0,null,0,0,0
1673,3,secondary_proton,1,1,1
1674,0,null,0,0,0
1675,0,null,0,0,0
1676,0,null,0,0,0
1677,0,null,0,0,0
1678,0,null,0,0,0
1679,0,null,0,0,0
1750,0,null,0,0,0
1751,0,null,0,0,0
1752,0,null,0,0,0
1753,12,pi-,1,1,1
1754,0,null,0,0,0
1755,0,null,0,0,0
1756,0,null,0,0,0
1757,0,null,0,0,0
1758,0,null,0,0,0
1759,10,pi+,1,1,1
1760,1,primary_proton,1,1,1
1761,1,primary_proton,1,1,1
1762,1,primary_proton,1,1,1
1763,0,null,0,0,0
1764,0,null,0,0,0
1765,0,null,0,0,0
1766,0,null,0,0,0
1767,0,null,0,0,0
1768,0,null,0,0,0
1769,0,null,0,0,0
1770,0,null,0,0,0
1771,1,primary_proton,1,1,1
1772,0,null,0,0,0
1773,0,null,0,0,0
1774,0,null,0,0,0
1775,0,null,0,0,0
1776,0,null,0,0,0
1777,0,null,0,0,0
1778,0,null,0,0,0
1779,0,null,0,0,0
1780,0,null,0,0,0
1781,0,null,0,0,0
1782,0,null,0,0,0
1783,0,null,0,0,0
1784,0,null,0,0,0
1785,1,primary_proton,1,1,1
1786,0,null,0,0,0
1787,0,null,0,0,0
1788,0,null,0,0,0
1789,0,null,0,0,0
1790,0,null,0,0,0
1791,0,null,0,0,0
1792,0,null,0,0,0
1793,0,null,0,0,0
1794,0,null,0,0,0
1795,0,null,0,0,0
1796,1,primary_proton,1,1,1
1797,0,null,0,0,0
1798,0,null,0,0,0
1799,0,null,0,0,0
1800,0,null,0,0,0
1801,0,null,0,0,0
1802,0,null,0,0,0
1803,0,null,0,0,0
1804,0,null,0,0,0
1805,0,null,0,0,0
1806,0,null,0,0,0
1807,0,null,0,0,0
1808,0,null,0,0,0
1809,0,null,0,0,0
1810,0,null,0,0,0
1811,0,null,0,0,0
1812,0,null,0,0,0
1813,0,null,0,0,0
1814,0,null,0,0,0
1815,0,null,0,0,0
1816,272,pi-,0,0,1
1817,1,primary_proton,1,1,1
1818,0,null,0,0,0
1819,0,null,0,0,0
1890,0,null,0,0,0
1891,0,null,0,0,0
1892,0,null,0,0,0
1893,0,null,0,0,0
1894,0,null,0,0,0
1895,0,null,0,0,0
1896,0,null,0,0,0
1897,2030,e-,1,0,0
1898,0,null,0,0,0
1899,0,null,0,0,0
1900,0,null,0,0,0
1901,8,secondary_proton,1,1,0
1902,0,null,0,0,0
1903,0,null,0,0,0
1904,0,null,0,0,0
1905,0,null,0,0,0
1906,0,null,0,0,0
1907,0,null,0,0,0
1908,0,null,0,0,0
1909,0,null,0,0,0
1910,0,null,0,0,0
1911,0,null,0,0,0
1912,0,null,0,0,0
1913,0,null,0,0,0
1914,0,null,0,0,0
1915,0,null,0,0,0
1916,12,pi+,1,1,1
1917,0,null,0,0,0
1918,0,null,0,0,0
1919,16,pi-,1,1,0
1920,0,null,0,0,0
1921,0,null,0,0,0
1922,0,null,0,0,0
1923,0,null,0,0,0
1924,0,null,0,0,0
1925,11,pi+,1,1,1
1926,1,primary_proton,1,1,1
1927,0,null,0,0,0
1928,0,null,0,0,0
1929,0,null,0,0,0
1930,0,null,0,0,0
1931,0,null,0,0,0
1932,0,null,0,0,0
1933,0,null,0,0,0
1934,0,null,0,0,0
1935,5115,e-,1,0,0
1936,0,null,0,0,0
1937,0,null,0,0,0
1938,0,null,0,0,0
1939,0,null,0,0,0
1940,0,null,0,0,0
1941,0,null,0,0,0
1942,13,pi+,1,1,1
1943,1,primary_proton,1,1,1
1944,0,null,0,0,0
1945,0,null,0,0,0
1946,0,null,0,0,0
1947,0,null,0,0,0
1948,0,null,0,0,0
1949,0,null,0,0,0
1950,0,null,0,0,0
1951,0,null,0,0,0
1952,0,null,0,0,0
1953,0,null,0,0,0
1954,0,null,0,0,0
1955,0,null,0,0,0
1956,0,null,0,0,0
1957,0,null,0,0,0
1958,10,pi+,1,1,1
1959,0,null,0,0,0
2100,0,null,0,0,0
2101,0,null,0,0,0
2102,0,null,0,0,0
2103,0,null,0,0,0
2104,0,null,0,0,0
2105,0,null,0,0,0
2106,0,null,0,0,0
2107,0,null,0,0,0
2108,0,null,0,0,0
2109,0,null,0,0,0
2110,0,null,0,0,0
2111,0,null,0,0,0
2112,0,null,0,0,0
2113,0,null,0,0,0
2114,0,null,0,0,0
2115,0,null,0,0,0
2116,0,null,0,0,0
2117,0,null,0,0,0
2118,0,null,0,0,0
2120,0,null,0,0,0
2121,0,null,0,0,0
2122,0,null,0,0,0
2123,0,null,0,0,0
2124,1,primary_proton,1,1,1
2125,0,null,0,0,0
2126,0,null,0,0,0
2127,0,null,0,0,0
2128,0,null,0,0,0
2129,0,null,0,0,0
2130,0,null,0,0,0
2131,0,null,0,0,0
2132,0,null,0,0,0
2133,0,null,0,0,0
2134,0,null,0,0,0
2135,0,null,0,0,0
2136,0,null,0,0,0
2137,0,null,0,0,0
2138,1,primary_proton,1,1,1
2139,0,null,0,0,0
2140,0,null,0,0,0
2141,0,null,0,0,0
2142,0,null,0,0,0
2143,0,null,0,0,0
2144,0,null,0,0,0
2145,0,null,0,0,0
2146,0,null,0,0,0
2147,0,null,0,0,0
2148,0,null,0,0,0
2149,0,null,0,0,0
2150,0,null,0,0,0
2151,0,null,0,0,0
2152,0,null,0,0,0
2153,0,null,0,0,0
2154,0,null,0,0,0
2155,0,null,0,0,0
2156,0,null,0,0,0
2157,0,null,0,0,0
2158,7,secondary_proton,1,1,1
2159,0,null,0,0,0
2160,0,null,0,0,0
2161,0,null,0,0,0
2162,0,null,0,0,0
2163,0,null,0,0,0
2164,0,null,0,0,0
2165,0,null,0,0,0
2166,0,null,0,0,0
2167,8,secondary_proton,1,1,1
2168,0,null,0,0,0
2169,0,null,0,0,0
2170,0,null,0,0,0
2171,0,null,0,0,0
2172,0,null,0,0,0
2173,0,null,0,0,0
2174,0,null,0,0,0
2175,0,null,0,0,0
2176,0,null,0,0,0
2177,0,null,0,0,0
2178,0,null,0,0,0
2179,0,null,0,0,0
2180,0,null,0,0,0
2181,0,null,0,0,0
2182,0,null,0,0,0
2183,0,null,0,0,0
2184,0,null,0,0,0
2185,0,null,0,0,0
2186,0,null,0,0,0
2187,0,null,0,0,0
2188,0,null,0,0,0
2189,0,null,0,0,0
2190,0,null,0,0,0
2191,0,null,0,0,0
2192,0,null,0,0,0
2193,0,null,0,0,0
2194,0,null,0,0,0
2195,0,null,0,0,0
2196,0,null,0,0,0
2197,0,null,0,0,0
2198,1,primary_proton,1,1,1
2199,0,null,0,0,0
2200,0,null,0,0,0
2201,0,null,0,0,0
2202,0,null,0,0,0
2203,0,null,0,0,0
2204,2,secondary_proton,1,1,1
2205,0,null,0,0,0
2206,0,null,0,0,0
2207,0,null,0,0,0
2208,0,null,0,0,0
2209,0,null,0,0,0
2210,0,null,0,0,0
2211,0,null,0,0,0
2212,0,null,0,0,0
2213,1,primary_proton,1,1,1
2214,0,null,0,0,0
2215,0,null,0,0,0
2216,0,null,0,0,0
2217,0,null,0,0,0
2218,1,primary_proton,1,1,1
2219,0,null,0,0,0
2220,0,null,0,0,0
2221,0,null,0,0,0
2222,0,null,0,0,0
2223,0,null,0,0,0
2224,0,null,0,0,0
2225,0,null,0,0,0
2226,0,null,0,0,0
2227,0,null,0,0,0
2228,0,null,0,0,0
2229,0,null,0,0,0
2230,0,null,0,0,0
2231,16,pi-,1,1,1
2232,0,null,0,0,0
2233,0,null,0,0,0
2234,0,null,0,0,0
2235,0,null,0,0,0
2236,0,null,0,0,0
2237,0,null,0,0,0
2238,0,null,0,0,0
2239,16,pi-,1,1,1
2310,0,null,0,0,0
2311,0,null,0,0,0
2312,0,null,0,0,0
2313,0,null,0,0,0
2314,1,primary_proton,1,1,1
2315,0,null,0,0,0
2316,0,null,0,0,0
2317,0,null,0,0,0
2318,0,null,0,0,0
2319,0,null,0,0,0
2320,0,null,0,0,0
2321,0,null,0,0,0
2322,0,null,0,0,0
2323,0,null,0,0,0
2324,0,null,0,0,0
2325,0,null,0,0,0
2326,0,null,0,0,0
2327,0,null,0,0,0
2328,0,null,0,0,0
2329,0,null,0,0,0
2330,0,null,0,0,0
2331,0,null,0,0,0
2332,0,null,0,0,0
2333,0,null,0,0,0
2334,1,primary_proton,1,1,1
2335,0,null,0,0,0
2336,0,null,0,0,0
2337,0,null,0,0,0
2338,0,null,0,0,0
2339,0,null,0,0,0
2340,0,null,0,0,0
2341,0,null,0,0,0
2342,0,null,0,0,0
2343,0,null,0,0,0
2344,0,null,0,0,0
2345,1,primary_proton,1,1,1
2346,0,null,0,0,0
2347,0,null,0,0,0
2348,0,null,0,0,0
2349,0,null,0,0,0
2350,0,null,0,0,0
2351,0,null,0,0,0
2352,0,null,0,0,0
2353,0,null,0,0,0
2354,0,null,0,0,0
2355,0,null,0,0,0
2356,0,null,0,0,0
2357,1,primary_proton,1,1,1
2358,0,null,0,0,0
2359,0,null,0,0,0
2360,0,null,0,0,0
2361,3,secondary_proton,1,1,1
2362,0,null,0,0,0
2363,0,null,0,0,0
2364,0,null,0,0,0
2365,0,null,0,0,0
2366,0,null,0,0,0
2367,0,null,0,0,0
2368,0,null,0,0,0
2369,0,null,0,0,0
2370,0,null,0,0,0
2371,0,null,0,0,0
2372,0,null,0,0,0
2373,0,null,0,0,0
2374,0,null,0,0,0
2375,0,null,0,0,0
2376,0,null,0,0,0
2377,0,null,0,0,0
2378,0,null,0,0,0
2379,0,null,0,0,0
2380,0,null,0,0,0
2381,18,pi-,1,1,1
2382,0,null,0,0,0
2383,0,null,0,0,0
2384,0,null,0,0,0
2385,12,pi-,1,1,1
2386,0,null,0,0,0
2387,0,null,0,0,0
2388,1,primary_proton,1,1,1
2389,1113,e-,0,0,1
2390,0,null,0,0,0
2391,0,null,0,0,0
2392,5,secondary_proton,1,1,1
2393,0,null,0,0,0
2394,0,null,0,0,0
2395,0,null,0,0,0
2396,34,pi+,1,0,0
2397,0,null,0,0,0
2398,0,null,0,0,0
2399,0,null,0,0,0
2400,0,null,0,0,0
2401,0,null,0,0,0
2402,0,null,0,0,0
2403,0,null,0,0,0
2404,0,null,0,0,0
2405,0,null,0,0,0
2406,0,null,0,0,0
2021,0,null,0,0,0
2022,0,null,0,0,0
2023,0,null,0,0,0
2024,0,null,0,0,0
2025,0,null,0,0,0
2026,0,null,0,0,0
2027,0,null,0,0,0
2028,109,pi-,1,1,1
2029,0,null,0,0,0
2030,0,null,0,0,0
2031,0,null,0,0,0
2032,0,null,0,0,0
2033,0,null,0,0,0
2034,0,null,0,0,0
2035,0,null,0,0,0
2036,0,null,0,0,0
2037,0,null,0,0,0
2038,0,null,0,0,0
2039,0,null,0,0,0
2040,0,null,0,0,0
2041,0,null,0,0,0
2042,0,null,0,0,0
2043,0,null,0,0,0
2044,0,null,0,0,0
2045,0,null,0,0,0
2046,1,primary_proton,1,1,1
2047,0,null,0,0,0
2048,140,pi+,0,0,1
2049,0,null,0,0,0
2050,0,null,0,0,0
2051,11,pi+,1,1,1
2052,0,null,0,0,0
2053,0,null,0,0,0
2054,975,e+,1,1,0
2055,0,null,0,0,0
2056,0,null,0,0,0
2057,8,secondary_proton,1,1,1
2058,0,null,0,0,0
2059,0,null,0,0,0
2060,0,null,0,0,0
2061,0,null,0,0,0
2062,0,null,0,0,0
2063,0,null,0,0,0
2064,2,secondary_proton,1,1,1
2065,0,null,0,0,0
2066,0,null,0,0,0
2067,0,null,0,0,0
2068,0,null,0,0,0
2069,0,null,0,0,0
2070,0,null,0,0,0
2071,1,primary_proton,1,1,1
2072,0,null,0,0,0
2073,0,null,0,0,0
2074,0,null,0,0,0
2075,0,null,0,0,0
2076,0,null,0,0,0
2077,0,null,0,0,0
2078,0,null,0,0,0
2079,11,pi+,1,1,1
2080,0,null,0,0,0
2081,0,null,0,0,0
2082,0,null,0,0,0
2083,0,null,0,0,0
2084,0,null,0,0,0
2085,0,null,0,0,0
2086,0,null,0,0,0
2087,0,null,0,0,0
2088,0,null,0,0,0
2089,0,null,0,0,0
2090,0,null,0,0,0
2091,0,null,0,0,0
2092,0,null,0,0,0
2093,0,null,0,0,0
2094,0,null,0,0,0
2095,0,null,0,0,0
2096,0,null,0,0,0
2097,0,null,0,0,0
2098,0,null,0,0,0
2099,0,null,0,0,0
2240,0,null,0,0,0
2241,0,null,0,0,0
2242,0,null,0,0,0
2243,0,null,0,0,0
2244,2,secondary_proton,1,1,1
2245,0,null,0,0,0
2246,0,null,0,0,0
2247,0,null,0,0,0
2248,0,null,0,0,0
2249,0,null,0,0,0
2250,0,null,0,0,0
2251,0,null,0,0,0
2252,1,primary_proton,1,1,1
2253,6,pi+,1,1,1
2254,0,null,0,0,0
2255,3,secondary_proton,1,1,1
2256,0,null,0,0,0
2257,1,primary_proton,1,1,1
2258,0,null,0,0,0
2259,0,null,0,0,0
2260,0,null,0,0,0
2261,0,null,0,0,0
2262,0,null,0,0,0
2263,0,null,0,0,0
2264,0,null,0,0,0
2265,0,null,0,0,0
2266,0,null,0,0,0
2267,0,null,0,0,0
2268,0,null,0,0,0
2269,0,null,0,0,0
2270,0,null,0,0,0
2271,0,null,0,0,0
2272,0,null,0,0,0
2273,0,null,0,0,0
2274,0,null,0,0,0
2275,0,null,0,0,0
2276,0,null,0,0,0
2277,0,null,0,0,0
2278,0,null,0,0,0
2279,0,null,0,0,0
2280,0,null,0,0,0
2281,0,null,0,0,0
2282,0,null,0,0,0
2283,0,null,0,0,0
2284,0,null,0,0,0
2285,0,null,0,0,0
2286,0,null,0,0,0
2287,0,null,0,0,0
2288,0,null,0,0,0
2289,0,null,0,0,0
2290,0,null,0,0,0
2291,0,null,0,0,0
2292,0,null,0,0,0
2293,0,null,0,0,0
2294,1951,e-,0,1,0
2295,23,pi+,1,1,0
2296,2,secondary_proton,1,0,0
2297,0,null,0,0,0
2298,0,null,0,0,0
2299,0,null,0,0,0
2300,0,null,0,0,0
2301,0,null,0,0,0
2302,0,null,0,0,0
2303,0,null,0,0,0
2304,0,null,0,0,0
2305,0,null,0,0,0
2306,0,null,0,0,0
2307,0,null,0,0,0
2308,0,null,0,0,0
2309,0,null,0,0,0
2450,0,null,0,0,0
2451,0,null,0,0,0
2452,0,null,0,0,0
2453,677,pi+,1,1,0
2454,0,null,0,0,0
2455,0,null,0,0,0
2456,0,null,0,0,0
2457,0,null,0,0,0
2458,853,e-,1,0,0
2459,0,null,0,0,0
2460,0,null,0,0,0
2461,9,pi+,1,1,1
2462,13,pi-,1,1,1
2463,0,null,0,0,0
2464,0,null,0,0,0
2465,0,null,0,0,0
2466,0,null,0,0,0
2467,0,null,0,0,0
2468,0,null,0,0,0
2469,0,null,0,0,0
2470,0,null,0,0,0
2471,2,secondary_proton,1,1,1
2472,0,null,0,0,0
2473,0,null,0,0,0
2474,0,null,0,0,0
2475,0,null,0,0,0
2476,0,null,0,0,0
2477,14,pi+,1,1,1
2478,0,null,0,0,0
2479,0,null,0,0,0
2480,0,null,0,0,0
2481,0,null,0,0,0
2482,0,null,0,0,0
2483,0,null,0,0,0
2484,0,null,0,0,0
2485,0,null,0,0,0
2486,0,null,0,0,0
2487,0,null,0,0,0
2488,0,null,0,0,0
2489,0,null,0,0,0
2490,0,null,0,0,0
2491,0,null,0,0,0
2492,0,null,0,0,0
2493,0,null,0,0,0
2494,0,null,0,0,0
2495,0,null,0,0,0
2496,0,null,0,0,0
2497,0,null,0,0,0
2498,0,null,0,0,0
2499,0,null,0,0,0
2500,0,null,0,0,0
2501,0,null,0,0,0
2502,0,null,0,0,0
2503,32,pi-,1,1,1
2504,0,null,0,0,0
2505,0,null,0,0,0
2506,0,null,0,0,0
2507,0,null,0,0,0
2508,5466,secondary_proton,1,0,0
2509,0,null,0,0,0
2510,0,null,0,0,0
2511,0,null,0,0,0
2512,0,null,0,0,0
2513,0,null,0,0,0
2514,0,null,0,0,0
2515,0,null,0,0,0
2516,0,null,0,0,0
2517,0,null,0,0,0
2518,0,null,0,0,0
2519,0,null,0,0,0
2408,0,null,0,0,0
2409,0,null,0,0,0
2410,0,null,0,0,0
2411,0,null,0,0,0
2412,0,null,0,0,0
2413,0,null,0,0,0
2414,0,null,0,0,0
2415,0,null,0,0,0
2416,0,null,0,0,0
2417,0,null,0,0,0
2418,0,null,0,0,0
2419,0,null,0,0,0
2420,0,null,0,0,0
2421,22,secondary_proton,1,1,1
2422,0,null,0,0,0
2423,0,null,0,0,0
2424,0,null,0,0,0
2425,0,null,0,0,0
2426,0,null,0,0,0
2427,0,null,0,0,0
2428,0,null,0,0,0
2429,0,null,0,0,0
2430,0,null,0,0,0
2431,0,null,0,0,0
2432,0,null,0,0,0
2433,0,null,0,0,0
2434,0,null,0,0,0
2435,0,null,0,0,0
2436,0,null,0,0,0
2437,0,null,0,0,0
2438,0,null,0,0,0
2439,0,null,0,0,0
2440,0,null,0,0,0
2441,0,null,0,0,0
2442,1,primary_proton,1,1,1
2443,1,primary_proton,1,1,1
2444,0,null,0,0,0
2445,0,null,0,0,0
2446,0,null,0,0,0
2447,0,null,0,0,0
2448,0,null,0,0,0
2449,0,null,0,0,0
2520,0,null,0,0,0
2521,0,null,0,0,0
2522,0,null,0,0,0
2523,0,null,0,0,0
2524,0,null,0,0,0
2525,0,null,0,0,0
2526,0,null,0,0,0
2527,0,null,0,0,0
2528,0,null,0,0,0
2529,0,null,0,0,0
2530,0,null,0,0,0
2531,0,null,0,0,0
2532,0,null,0,0,0
2533,0,null,0,0,0
2534,0,null,0,0,0
2535,0,null,0,0,0
2536,0,null,0,0,0
2537,0,null,0,0,0
2538,0,null,0,0,0
2539,0,null,0,0,0
2540,0,null,0,0,0
2541,0,null,0,0,0
2542,0,null,0,0,0
2543,0,null,0,0,0
2544,0,null,0,0,0
2545,1,primary_proton,1,1,1
2546,0,null,0,0,0
2547,0,null,0,0,0
2548,0,null,0,0,0
2549,0,null,0,0,0
2550,0,null,0,0,0
2551,1,primary_proton,1,1,1
2552,0,null,0,0,0
2553,1,primary_proton,1,1,1
2554,0,null,0,0,0
2555,0,null,0,0,0
2556,0,null,0,0,0
2557,0,null,0,0,0
2558,0,null,0,0,0
2559,0,null,0,0,0
2560,0,null,0,0,0
2561,0,null,0,0,0
2562,0,null,0,0,0
2563,0,null,0,0,0
2564,0,null,0,0,0
2565,0,null,0,0,0
2566,0,null,0,0,0
2567,0,null,0,0,0
2568,0,null,0,0,0
2569,0,null,0,0,0
2570,0,null,0,0,0
2571,0,null,0,0,0
2572,0,null,0,0,0
2573,0,null,0,0,0
2574,0,null,0,0,0
2575,0,null,0,0,0
2576,0,null,0,0,0
2577,0,null,0,0,0
2578,0,null,0,0,0
2579,0,null,0,0,0
2580,0,null,0,0,0
2581,0,null,0,0,0
2582,0,null,0,0,0
2583,0,null,0,0,0
2584,0,null,0,0,0
2585,0,null,0,0,0
2586,0,null,0,0,0
2587,0,null,0,0,0
2588,0,null,0,0,0
2589,0,null,0,0,0
2590,0,null,0,0,0
2591,0,null,0,0,0
2592,0,null,0,0,0
2593,0,null,0,0,0
2594,0,null,0,0,0
2595,0,null,0,0,0
2596,0,null,0,0,0
2597,8,pi+,1,1,1
2598,0,null,0,0,0
2599,0,null,0,0,0
2600,0,null,0,0,0
2601,0,null,0,0,0
2602,0,null,0,0,0
2603,0,null,0,0,0
2604,0,null,0,0,0
2605,0,null,0,0,0
2606,0,null,0,0,0
2607,0,null,0,0,0
2608,0,null,0,0,0
2609,0,null,0,0,0
2610,0,null,0,0,0
2611,0,null,0,0,0
2612,0,null,0,0,0
2613,0,null,0,0,0
2614,0,null,0,0,0
2615,0,null,0,0,0
2616,0,null,0,0,0
2617,0,null,0,0,0
2618,0,null,0,0,0
2619,0,null,0,0,0
2620,0,null,0,0,0
2621,15,pi-,1,0,0
2622,0,null,0,0,0
2623,0,null,0,0,0
2624,0,null,0,0,0
2625,0,null,0,0,0
2626,0,null,0,0,0
2627,11,pi-,1,0,0
2628,0,null,0,0,0
2629,0,null,0,0,0
2630,0,null,0,0,0
2631,0,null,0,0,0
2632,0,null,0,0,0
2633,0,null,0,0,0
2634,1,primary_proton,1,1,1
2635,1,primary_proton,1,1,1
2636,0,null,0,0,0
2637,0,null,0,0,0
2638,0,null,0,0,0
2639,0,null,0,0,0
2640,0,null,0,0,0
2641,0,null,0,0,0
2642,2553,e-,1,0,0
2643,0,null,0,0,0
2644,0,null,0,0,0
2645,1,primary_proton,1,1,1
2646,0,null,0,0,0
2647,0,null,0,0,0
2648,0,null,0,0,0
2649,0,null,0,0,0
2650,0,null,0,0,0
2651,0,null,0,0,0
2652,0,null,0,0,0
2653,0,null,0,0,0
2654,7,secondary_proton,1,1,1
2655,0,null,0,0,0
2656,0,null,0,0,0
2657,0,null,0,0,0
2658,0,null,0,0,0
2659,0,null,0,0,0
2730,0,null,0,0,0
2731,0,null,0,0,0
2732,2,secondary_proton,1,1,1
2733,0,null,0,0,0
2734,0,null,0,0,0
2735,0,null,0,0,0
2736,0,null,0,0,0
2737,0,null,0,0,0
2738,0,null,0,0,0
2739,0,null,0,0,0
2740,0,null,0,0,0
2741,0,null,0,0,0
2742,0,null,0,0,0
2743,0,null,0,0,0
2744,0,null,0,0,0
2745,0,null,0,0,0
2746,0,null,0,0,0
2747,0,null,0,0,0
2748,0,null,0,0,0
2749,0,null,0,0,0
2750,0,null,0,0,0
2751,0,null,0,0,0
2752,0,null,0,0,0
2753,0,null,0,0,0
2754,0,null,0,0,0
2755,0,null,0,0,0
2756,0,null,0,0,0
2757,0,null,0,0,0
2758,0,null,0,0,0
2759,0,null,0,0,0
2760,0,null,0,0,0
2761,0,null,0,0,0
2762,0,null,0,0,0
2763,0,null,0,0,0
2764,0,null,0,0,0
2765,0,null,0,0,0
2766,0,null,0,0,0
2767,0,null,0,0,0
2769,0,null,0,0,0
2770,0,null,0,0,0
2771,0,null,0,0,0
2772,0,null,0,0,0
2773,0,null,0,0,0
2774,0,null,0,0,0
2775,0,null,0,0,0
2776,0,null,0,0,0
2777,0,null,0,0,0
2778,0,null,0,0,0
2779,0,null,0,0,0
2780,0,null,0,0,0
2781,0,null,0,0,0
2782,0,null,0,0,0
2783,12,secondary_proton,1,1,1
2784,0,null,0,0,0
2785,0,null,0,0,0
2786,0,null,0,0,0
2787,0,null,0,0,0
2788,3,secondary_proton,1,1,1
2789,0,null,0,0,0
2790,0,null,0,0,0
2791,0,null,0,0,0
2792,0,null,0,0,0
2793,0,null,0,0,0
2794,0,null,0,0,0
2795,6420,e-,0,0,1
2796,0,null,0,0,0
2797,0,null,0,0,0
2798,0,null,0,0,0
2799,0,null,0,0,0
2800,0,null,0,0,0
2801,0,null,0,0,0
2802,0,null,0,0,0
2803,0,null,0,0,0
2804,0,null,0,0,0
2805,1,primary_proton,1,1,1
2806,0,null,0,0,0
2807,0,null,0,0,0
2808,0,null,0,0,0
2809,1,primary_proton,1,1,1
2810,0,null,0,0,0
2811,0,null,0,0,0
2812,3,pi-,1,1,0
2813,0,null,0,0,0
2814,0,null,0,0,0
2815,0,null,0,0,0
2816,10,pi-,1,1,1
2817,0,null,0,0,0
2818,0,null,0,0,0
2819,0,null,0,0,0
2820,0,null,0,0,0
2821,0,null,0,0,0
2822,0,null,0,0,0
2823,0,null,0,0,0
2824,0,null,0,0,0
2825,0,null,0,0,0
2826,0,null,0,0,0
2827,0,null,0,0,0
2828,0,null,0,0,0
2829,0,null,0,0,0
2830,0,null,0,0,0
2831,0,null,0,0,0
2832,0,null,0,0,0
2833,1,primary_proton,1,1,1
2834,0,null,0,0,0
2835,0,null,0,0,0
2836,1,primary_proton,1,1,1
2837,0,null,0,0,0
2838,0,null,0,0,0
2839,0,null,0,0,0
2840,0,null,0,0,0
2841,0,null,0,0,0
2842,0,null,0,0,0
2843,0,null,0,0,0
2844,0,null,0,0,0
2845,1,primary_proton,1,1,1
2846,0,null,0,0,0
2847,0,null,0,0,0
2848,0,null,0,0,0
2849,0,null,0,0,0
2850,0,null,0,0,0
2851,0,null,0,0,0
2852,0,null,0,0,0
2853,0,null,0,0,0
2854,0,null,0,0,0
2855,0,null,0,0,0
2856,0,null,0,0,0
2857,0,null,0,0,0
2858,1,primary_proton,1,1,1
2859,4,secondary_proton,1,1,1
2860,1,primary_proton,1,1,1
2861,0,null,0,0,0
2862,0,null,0,0,0
2863,0,null,0,0,0
2864,0,null,0,0,0
2865,0,null,0,0,0
2866,0,null,0,0,0
2867,0,null,0,0,0
2868,0,null,0,0,0
2869,0,null,0,0,0
2940,0,null,0,0,0
2941,0,null,0,0,0
2942,0,null,0,0,0
2943,0,null,0,0,0
2944,0,null,0,0,0
2945,0,null,0,0,0
2946,0,null,0,0,0
2947,0,null,0,0,0
2948,0,null,0,0,0
2949,9,pi+,1,1,1
2950,0,null,0,0,0
2951,0,null,0,0,0
2952,0,null,0,0,0
2953,0,null,0,0,0
2954,0,null,0,0,0
2955,0,null,0,0,0
2956,0,null,0,0,0
2957,1,primary_proton,1,1,1
2958,0,null,0,0,0
2959,2619,e-,1,0,1
2960,0,null,0,0,0
2961,6,secondary_proton,1,1,1
2962,0,null,0,0,0
2963,0,null,0,0,0
2964,0,null,0,0,0
2965,0,null,0,0,0
2966,0,null,0,0,0
2967,0,null,0,0,0
2968,246,pi-,1,1,1
2969,0,null,0,0,0
2970,0,null,0,0,0
2971,0,null,0,0,0
2972,0,null,0,0,0
2973,0,null,0,0,0
2974,0,null,0,0,0
2975,0,null,0,0,0
2976,0,null,0,0,0
2977,0,null,0,0,0
2978,0,null,0,0,0
2979,0,null,0,0,0
2980,0,null,0,0,0
2981,0,null,0,0,0
2982,0,null,0,0,0
2983,0,null,0,0,0
2984,0,null,0,0,0
2985,0,null,0,0,0
2986,0,null,0,0,0
2987,0,null,0,0,0
2988,0,null,0,0,0
2989,0,null,0,0,0
2990,0,null,0,0,0
2991,0,null,0,0,0
2992,0,null,0,0,0
2993,0,null,0,0,0
2994,0,null,0,0,0
2995,0,null,0,0,0
2996,1,primary_proton,1,1,1
2997,0,null,0,0,0
2998,3381,e-,1,1,1
2999,0,null,0,0,0
3000,0,null,0,0,0
3001,0,null,0,0,0
3002,0,null,0,0,0
3003,0,null,0,0,0
3004,0,null,0,0,0
3005,0,null,0,0,0
3006,0,null,0,0,0
3007,0,null,0,0,0
3008,0,null,0,0,0
3009,0,null,0,0,0
3010,0,null,0,0,0
3011,0,null,0,0,0
3012,0,null,0,0,0
3013,0,null,0,0,0
3014,0,null,0,0,0
3015,0,null,0,0,0
3016,0,null,0,0,0
3017,0,null,0,0,0
3018,0,null,0,0,0
3019,0,null,0,0,0
3020,0,null,0,0,0
3021,0,null,0,0,0
3022,0,null,0,0,0
3023,0,null,0,0,0
3024,0,null,0,0,0
3025,0,null,0,0,0
3026,0,null,0,0,0
3027,0,null,0,0,0
3028,0,null,0,0,0
3029,0,null,0,0,0
3030,0,null,0,0,0
3031,0,null,0,0,0
3032,0,null,0,0,0
3033,18,pi-,1,1,1
3034,0,null,0,0,0
3035,0,null,0,0,0
3036,0,null,0,0,0
3037,0,null,0,0,0
3038,0,null,0,0,0
3039,0,null,0,0,0
3040,0,null,0,0,0
3041,0,null,0,0,0
3042,0,null,0,0,0
3043,0,null,0,0,0
3044,0,null,0,0,0
3045,0,null,0,0,0
3046,0,null,0,0,0
3047,0,null,0,0,0
3048,0,null,0,0,0
3049,0,null,0,0,0
3050,0,null,0,0,0
3051,0,null,0,0,0
3052,0,null,0,0,0
3053,0,null,0,0,0
3054,0,null,0,0,0
3055,0,null,0,0,0
3056,12,pi-,1,1,1
3057,0,null,0,0,0
2661,0,null,0,0,0
2662,0,null,0,0,0
2663,0,null,0,0,0
2664,0,null,0,0,0
2665,0,null,0,0,0
2666,0,null,0,0,0
2667,0,null,0,0,0
2668,0,null,0,0,0
2669,0,null,0,0,0
2670,0,null,0,0,0
2671,0,null,0,0,0
2672,0,null,0,0,0
2673,0,null,0,0,0
2674,0,null,0,0,0
2675,0,null,0,0,0
2676,1,primary_proton,1,1,1
2677,0,null,0,0,0
2678,0,null,0,0,0
2679,0,null,0,0,0
2680,0,null,0,0,0
2681,0,null,0,0,0
2682,0,null,0,0,0
2683,0,null,0,0,0
2684,0,null,0,0,0
2685,0,null,0,0,0
2686,0,null,0,0,0
2687,0,null,0,0,0
2688,0,null,0,0,0
2689,0,null,0,0,0
2690,0,null,0,0,0
2691,0,null,0,0,0
2692,0,null,0,0,0
2693,1334,e-,1,1,1
2694,0,null,0,0,0
2695,2125,pi+,1,1,1
2696,0,null,0,0,0
2697,0,null,0,0,0
2698,0,null,0,0,0
2699,0,null,0,0,0
2700,0,null,0,0,0
2701,0,null,0,0,0
2702,0,null,0,0,0
2703,0,null,0,0,0
2704,0,null,0,0,0
2705,0,null,0,0,0
2706,0,null,0,0,0
2707,0,null,0,0,0
2708,0,null,0,0,0
2709,0,null,0,0,0
2710,0,null,0,0,0
2711,0,null,0,0,0
2712,0,null,0,0,0
2713,19,pi+,1,1,1
2714,0,null,0,0,0
2715,0,null,0,0,0
2716,0,null,0,0,0
2717,0,null,0,0,0
2718,0,null,0,0,0
2719,0,null,0,0,0
2720,0,null,0,0,0
2721,0,null,0,0,0
2722,0,null,0,0,0
2723,5,pi-,1,0,0
2724,0,null,0,0,0
2725,0,null,0,0,0
2726,0,null,0,0,0
2727,0,null,0,0,0
2728,0,null,0,0,0
2729,0,null,0,0,0
2870,0,null,0,0,0
2871,1,primary_proton,1,1,1
2872,203,secondary_proton,1,1,1
2873,0,null,0,0,0
2874,0,null,0,0,0
2875,0,null,0,0,0
2876,0,null,0,0,0
2877,0,null,0,0,0
2878,0,null,0,0,0
2879,0,null,0,0,0
2880,0,null,0,0,0
2881,0,null,0,0,0
2882,0,null,0,0,0
2883,0,null,0,0,0
2884,0,null,0,0,0
2885,0,null,0,0,0
2886,0,null,0,0,0
2887,0,null,0,0,0
2888,0,null,0,0,0
2889,5605,pi+,1,1,0
2890,0,null,0,0,0
2891,0,null,0,0,0
2892,0,null,0,0,0
2893,9,secondary_proton,1,1,1
2894,225,e-,1,1,1
2895,5,secondary_proton,1,1,1
2896,0,null,0,0,0
2897,0,null,0,0,0
2898,1,primary_proton,1,1,1
2899,0,null,0,0,0
2900,0,null,0,0,0
2901,0,null,0,0,0
2902,0,null,0,0,0
2903,0,null,0,0,0
2904,1257,secondary_proton,1,1,1
2905,0,null,0,0,0
2906,0,null,0,0,0
2907,0,null,0,0,0
2908,0,null,0,0,0
2909,0,null,0,0,0
2910,0,null,0,0,0
2911,0,null,0,0,0
2912,0,null,0,0,0
2913,0,null,0,0,0
2914,0,null,0,0,0
2915,0,null,0,0,0
2916,0,null,0,0,0
2917,0,null,0,0,0
2918,0,null,0,0,0
2919,0,null,0,0,0
2920,0,null,0,0,0
2921,0,null,0,0,0
2922,0,null,0,0,0
2923,0,null,0,0,0
2924,5,secondary_proton,1,1,1
2925,0,null,0,0,0
2926,0,null,0,0,0
2927,0,null,0,0,0
2928,0,null,0,0,0
2929,0,null,0,0,0
2930,0,null,0,0,0
2931,0,null,0,0,0
2932,0,null,0,0,0
2933,0,null,0,0,0
2934,0,null,0,0,0
2935,0,null,0,0,0
2936,0,null,0,0,0
2937,0,null,0,0,0
2938,0,null,0,0,0
2939,0,null,0,0,0
3080,0,null,0,0,0
3081,0,null,0,0,0
3082,0,null,0,0,0
3083,0,null,0,0,0
3084,0,null,0,0,0
3085,0,null,0,0,0
3086,0,null,0,0,0
3087,0,null,0,0,0
3088,0,null,0,0,0
3089,0,null,0,0,0
3090,1,primary_proton,1,1,1
3091,3,pi-,1,1,1
3092,18,pi-,1,1,1
3093,0,null,0,0,0
3094,0,null,0,0,0
3095,0,null,0,0,0
3096,0,null,0,0,0
3097,0,null,0,0,0
3098,0,null,0,0,0
3099,0,null,0,0,0
3100,0,null,0,0,0
3101,0,null,0,0,0
3102,0,null,0,0,0
3103,0,null,0,0,0
3104,0,null,0,0,0
3105,0,null,0,0,0
3106,0,null,0,0,0
3107,1,primary_proton,1,1,1
3108,0,null,0,0,0
3109,0,null,0,0,0
3110,0,null,0,0,0
3111,1,primary_proton,1,1,1
3112,0,null,0,0,0
3113,0,null,0,0,0
3114,0,null,0,0,0
3115,0,null,0,0,0
3116,0,null,0,0,0
3117,0,null,0,0,0
3118,0,null,0,0,0
3119,0,null,0,0,0
3120,0,null,0,0,0
3121,0,null,0,0,0
3122,0,null,0,0,0
3123,0,null,0,0,0
3124,0,null,0,0,0
3125,0,null,0,0,0
3126,0,null,0,0,0
3127,0,null,0,0,0
3128,0,null,0,0,0
3129,0,null,0,0,0
3130,0,null,0,0,0
3131,0,null,0,0,0
3132,0,null,0,0,0
3133,696,pi+,1,1,1
3134,0,null,0,0,0
3135,0,null,0,0,0
3136,0,null,0,0,0
3137,0,null,0,0,0
3138,0,null,0,0,0
3139,0,null,0,0,0
3140,0,null,0,0,0
3141,0,null,0,0,0
3142,0,null,0,0,0
3143,0,null,0,0,0
3144,0,null,0,0,0
3145,0,null,0,0,0
3146,0,null,0,0,0
3147,0,null,0,0,0
3148,0,null,0,0,0
3149,0,null,0,0,0
3220,0,null,0,0,0
3221,0,null,0,0,0
3222,0,null,0,0,0
3223,0,null,0,0,0
3224,0,null,0,0,0
3225,0,null,0,0,0
3226,0,null,0,0,0
3227,1,primary_proton,1,1,1
3228,0,null,0,0,0
3229,0,null,0,0,0
3059,0,null,0,0,0
3060,0,null,0,0,0
3061,0,null,0,0,0
3062,0,null,0,0,0
3063,17,pi-,1,1,1
3064,0,null,0,0,0
3065,0,null,0,0,0
3066,0,null,0,0,0
3067,0,null,0,0,0
3068,0,null,0,0,0
3069,0,null,0,0,0
3070,7,pi-,1,1,1
3071,0,null,0,0,0
3072,1216,pi+,1,1,1
3073,0,null,0,0,0
3074,0,null,0,0,0
3075,0,null,0,0,0
3076,0,null,0,0,0
3077,0,null,0,0,0
3078,0,null,0,0,0
3079,0,null,0,0,0
3150,1,primary_proton,1,1,1
3151,0,null,0,0,0
3152,0,null,0,0,0
3153,0,null,0,0,0
3154,0,null,0,0,0
3155,0,null,0,0,0
3156,3548,e-,0,0,1
3157,0,null,0,0,0
3158,18,pi+,1,1,0
3159,0,null,0,0,0
3160,0,null,0,0,0
3161,0,null,0,0,0
3162,0,null,0,0,0
3163,0,null,0,0,0
3164,0,null,0,0,0
3165,0,null,0,0,0
3166,0,null,0,0,0
3167,0,null,0,0,0
3168,0,null,0,0,0
3169,0,null,0,0,0
3170,0,null,0,0,0
3171,0,null,0,0,0
3172,0,null,0,0,0
3173,0,null,0,0,0
3174,0,null,0,0,0
3175,0,null,0,0,0
3176,0,null,0,0,0
3177,0,null,0,0,0
3178,0,null,0,0,0
3179,0,null,0,0,0
3180,0,null,0,0,0
3181,0,null,0,0,0
3182,0,null,0,0,0
3183,0,null,0,0,0
3184,0,null,0,0,0
3185,0,null,0,0,0
3186,0,null,0,0,0
3187,0,null,0,0,0
3188,0,null,0,0,0
3189,0,null,0,0,0
3190,0,null,0,0,0
3191,0,null,0,0,0
3192,0,null,0,0,0
3193,8,secondary_proton,1,1,1
3194,0,null,0,0,0
3195,0,null,0,0,0
3196,0,null,0,0,0
3197,0,null,0,0,0
3198,0,null,0,0,0
3199,0,null,0,0,0
3200,0,null,0,0,0
3201,0,null,0,0,0
3202,0,null,0,0,0
3203,0,null,0,0,0
3204,0,null,0,0,0
3205,0,null,0,0,0
3206,0,null,0,0,0
3207,0,null,0,0,0
3208,0,null,0,0,0
3209,0,null,0,0,0
3210,0,null,0,0,0
3211,0,null,0,0,0
3212,0,null,0,0,0
3213,0,null,0,0,0
3214,0,null,0,0,0
3215,0,null,0,0,0
3216,0,null,0,0,0
3217,0,null,0,0,0
3218,0,null,0,0,0
3219,0,null,0,0,0
3290,9,pi-,1,1,0
3291,0,null,0,0,0
3292,0,null,0,0,0
3293,0,null,0,0,0
3294,0,null,0,0,0
3295,0,null,0,0,0
3296,0,null,0,0,0
3297,0,null,0,0,0
3298,0,null,0,0,0
3299,0,null,0,0,0
3300,0,null,0,0,0
3301,9,pi-,1,1,1
3302,0,null,0,0,0
3303,0,null,0,0,0
3304,0,null,0,0,0
3305,0,null,0,0,0
3306,0,null,0,0,0
3307,0,null,0,0,0
3308,0,null,0,0,0
3309,0,null,0,0,0
3310,0,null,0,0,0
3311,0,null,0,0,0
3312,0,null,0,0,0
3313,0,null,0,0,0
3314,0,null,0,0,0
3315,0,null,0,0,0
3316,0,null,0,0,0
3317,0,null,0,0,0
3318,0,null,0,0,0
3319,0,null,0,0,0
3320,0,null,0,0,0
3321,0,null,0,0,0
3322,0,null,0,0,0
3323,0,null,0,0,0
3324,0,null,0,0,0
3325,1,primary_proton,1,1,1
3326,0,null,0,0,0
3327,0,null,0,0,0
3328,0,null,0,0,0
3329,0,null,0,0,0
3330,0,null,0,0,0
3331,0,null,0,0,0
3332,0,null,0,0,0
3333,0,null,0,0,0
3334,0,null,0,0,0
3335,0,null,0,0,0
3336,0,null,0,0,0
3337,0,null,0,0,0
3338,0,null,0,0,0
3339,0,null,0,0,0
3340,0,null,0,0,0
3341,0,null,0,0,0
3342,0,null,0,0,0
3343,0,null,0,0,0
3344,0,null,0,0,0
3345,0,null,0,0,0
3346,0,null,0,0,0
3347,0,null,0,0,0
3348,0,null,0,0,0
3349,0,null,0,0,0
3350,0,null,0,0,0
3351,0,null,0,0,0
3352,1,primary_proton,1,1,1
3353,0,null,0,0,0
3354,0,null,0,0,0
3355,0,null,0,0,0
3356,0,null,0,0,0
3357,0,null,0,0,0
3358,0,null,0,0,0
3359,0,null,0,0,0
3430,0,null,0,0,0
3431,0,null,0,0,0
3432,6,pi-,1,1,1
3433,1,primary_proton,1,1,1
3434,9,pi-,1,1,1
3435,0,null,0,0,0
3436,0,null,0,0,0
3437,0,null,0,0,0
3438,0,null,0,0,0
3439,0,null,0,0,0
3440,0,null,0,0,0
3441,0,null,0,0,0
3442,0,null,0,0,0
3443,0,null,0,0,0
3444,0,null,0,0,0
3445,0,null,0,0,0
3446,0,null,0,0,0
3447,0,null,0,0,0
3448,38,pi+,1,1,1
3449,0,null,0,0,0
3450,0,null,0,0,0
3451,0,null,0,0,0
3452,0,null,0,0,0
3453,0,null,0,0,0
3454,0,null,0,0,0
3455,0,null,0,0,0
3456,1,primary_proton,1,1,1
3457,0,null,0,0,0
3458,0,null,0,0,0
3459,0,null,0,0,0
3460,0,null,0,0,0
3461,0,null,0,0,0
3462,0,null,0,0,0
3463,0,null,0,0,0
3464,0,null,0,0,0
3465,0,null,0,0,0
3466,0,null,0,0,0
3467,0,null,0,0,0
3468,0,null,0,0,0
3469,0,null,0,0,0
3470,0,null,0,0,0
3471,0,null,0,0,0
3472,0,null,0,0,0
3473,0,null,0,0,0
3474,0,null,0,0,0
3475,0,null,0,0,0
3476,0,null,0,0,0
3477,14,pi+,1,1,1
3478,0,null,0,0,0
3479,0,null,0,0,0
3480,0,null,0,0,0
3481,28,secondary_proton,1,1,1
3482,0,null,0,0,0
3483,0,null,0,0,0
3484,0,null,0,0,0
3485,0,null,0,0,0
3486,0,null,0,0,0
3487,14,pi-,1,1,0
3488,5,secondary_proton,1,1,0
3489,0,null,0,0,0
3490,0,null,0,0,0
3231,2323,pi-,1,1,1
3232,0,null,0,0,0
3233,0,null,0,0,0
3234,0,null,0,0,0
3235,0,null,0,0,0
3236,0,null,0,0,0
3237,0,null,0,0,0
3238,0,null,0,0,0
3239,1,primary_proton,1,1,1
3240,0,null,0,0,0
3241,0,null,0,0,0
3242,0,null,0,0,0
3243,0,null,0,0,0
3244,0,null,0,0,0
3245,0,null,0,0,0
3246,9,pi-,1,1,1
3247,0,null,0,0,0
3248,1,primary_proton,1,1,1
3249,9,secondary_proton,1,1,1
3250,0,null,0,0,0
3251,0,null,0,0,0
3252,0,null,0,0,0
3253,0,null,0,0,0
3254,0,null,0,0,0
3255,0,null,0,0,0
3256,0,null,0,0,0
3257,0,null,0,0,0
3258,0,null,0,0,0
3259,0,null,0,0,0
3260,0,null,0,0,0
3261,0,null,0,0,0
3262,0,null,0,0,0
3263,0,null,0,0,0
3264,0,null,0,0,0
3265,0,null,0,0,0
3266,0,null,0,0,0
3267,0,null,0,0,0
3268,0,null,0,0,0
3269,0,null,0,0,0
3270,0,null,0,0,0
3271,1,primary_proton,1,1,1
3272,0,null,0,0,0
3273,0,null,0,0,0
3274,0,null,0,0,0
3275,0,null,0,0,0
3276,0,null,0,0,0
3277,0,null,0,0,0
3278,0,null,0,0,0
3279,0,null,0,0,0
3280,1,primary_proton,1,1,1
3281,0,null,0,0,0
3282,0,null,0,0,0
3283,0,null,0,0,0
3284,0,null,0,0,0
3285,0,null,0,0,0
3286,0,null,0,0,0
3287,0,null,0,0,0
3288,0,null,0,0,0
3289,0,null,0,0,0
3360,0,null,0,0,0
3361,1,primary_proton,1,1,1
3362,0,null,0,0,0
3363,2,pi+,1,1,1
3364,0,null,0,0,0
3365,0,null,0,0,0
3366,0,null,0,0,0
3367,0,null,0,0,0
3368,0,null,0,0,0
3369,0,null,0,0,0
3370,0,null,0,0,0
3371,7,secondary_proton,1,1,1
3372,0,null,0,0,0
3373,0,null,0,0,0
3374,0,null,0,0,0
3375,0,null,0,0,0
3376,0,null,0,0,0
3377,0,null,0,0,0
3378,0,null,0,0,0
3379,0,null,0,0,0
3380,0,null,0,0,0
3381,0,null,0,0,0
3382,0,null,0,0,0
3383,0,null,0,0,0
3384,0,null,0,0,0
3385,0,null,0,0,0
3386,0,null,0,0,0
3387,0,null,0,0,0
3388,11,secondary_proton,1,0,0
3389,0,null,0,0,0
3390,0,null,0,0,0
3391,0,null,0,0,0
3392,0,null,0,0,0
3393,0,null,0,0,0
3394,0,null,0,0,0
3395,0,null,0,0,0
3396,0,null,0,0,0
3397,0,null,0,0,0
3398,0,null,0,0,0
3399,0,null,0,0,0
3400,3,kaon+,1,0,0
3401,0,null,0,0,0
3402,0,null,0,0,0
3403,0,null,0,0,0
3404,0,null,0,0,0
3405,0,null,0,0,0
3406,0,null,0,0,0
3407,0,null,0,0,0
3408,0,null,0,0,0
3409,0,null,0,0,0
3410,0,null,0,0,0
3411,1,primary_proton,1,1,1
3412,0,null,0,0,0
3413,0,null,0,0,0
3414,1,primary_proton,1,1,1
3415,0,null,0,0,0
3416,0,null,0,0,0
3417,0,null,0,0,0
3418,0,null,0,0,0
3419,0,null,0,0,0
3420,0,null,0,0,0
3421,0,null,0,0,0
3422,0,null,0,0,0
3423,0,null,0,0,0
3424,0,null,0,0,0
3425,0,null,0,0,0
3426,0,null,0,0,0
3427,0,null,0,0,0
3428,16,secondary_proton,1,1,0
3429,0,null,0,0,0
3500,0,null,0,0,0
3501,0,null,0,0,0
3502,0,null,0,0,0
3503,0,null,0,0,0
3504,0,null,0,0,0
3505,0,null,0,0,0
3506,0,null,0,0,0
3507,0,null,0,0,0
3508,0,null,0,0,0
3509,0,null,0,0,0
3510,0,null,0,0,0
3511,0,null,0,0,0
3512,0,null,0,0,0
3513,0,null,0,0,0
3514,0,null,0,0,0
3515,0,null,0,0,0
3516,0,null,0,0,0
3517,0,null,0,0,0
3518,11,secondary_proton,1,1,1
3519,0,null,0,0,0
3520,0,null,0,0,0
3521,0,null,0,0,0
3522,0,null,0,0,0
3523,0,null,0,0,0
3524,0,null,0,0,0
3525,0,null,0,0,0
3526,0,null,0,0,0
3527,0,null,0,0,0
3528,0,null,0,0,0
3529,9,secondary_proton,1,1,1
3530,0,null,0,0,0
3531,0,null,0,0,0
3532,0,null,0,0,0
3533,0,null,0,0,0
3534,0,null,0,0,0
3535,0,null,0,0,0
3536,0,null,0,0,0
3537,0,null,0,0,0
3538,0,null,0,0,0
3539,0,null,0,0,0
3540,0,null,0,0,0
3541,0,null,0,0,0
3542,7,secondary_proton,1,1,0
3543,0,null,0,0,0
3544,0,null,0,0,0
3545,0,null,0,0,0
3546,0,null,0,0,0
3547,0,null,0,0,0
3548,0,null,0,0,0
3549,0,null,0,0,0
3550,0,null,0,0,0
3551,0,null,0,0,0
3552,0,null,0,0,0
3553,0,null,0,0,0
3554,0,null,0,0,0
3555,0,null,0,0,0
3556,0,null,0,0,0
3557,0,null,0,0,0
3558,0,null,0,0,0
3559,0,null,0,0,0
3560,0,null,0,0,0
3561,0,null,0,0,0
3562,0,null,0,0,0
3563,0,null,0,0,0
3564,0,null,0,0,0
3565,0,null,0,0,0
3566,0,null,0,0,0
3567,0,null,0,0,0
3568,0,null,0,0,0
3569,0,null,0,0,0
3570,0,null,0,0,0
3571,0,null,0,0,0
3572,0,null,0,0,0
3573,0,null,0,0,0
3574,0,null,0,0,0
3575,0,null,0,0,0
3576,0,null,0,0,0
3577,0,null,0,0,0
3578,0,null,0,0,0
3579,0,null,0,0,0
3580,0,null,0,0,0
3581,0,null,0,0,0
3582,0,null,0,0,0
3583,0,null,0,0,0
3584,0,null,0,0,0
3585,0,null,0,0,0
3586,0,null,0,0,0
3587,0,null,0,0,0
3588,0,null,0,0,0
3492,0,null,0,0,0
3493,0,null,0,0,0
3494,0,null,0,0,0
3495,0,null,0,0,0
3496,0,null,0,0,0
3497,393,e-,1,1,1
3498,0,null,0,0,0
3499,0,null,0,0,0
3640,0,null,0,0,0
3641,0,null,0,0,0
3642,0,null,0,0,0
3643,0,null,0,0,0
3644,0,null,0,0,0
3645,0,null,0,0,0
3646,0,null,0,0,0
3647,0,null,0,0,0
3648,0,null,0,0,0
3649,0,null,0,0,0
3650,0,null,0,0,0
3651,0,null,0,0,0
3652,0,null,0,0,0
3653,0,null,0,0,0
3654,1,primary_proton,1,1,1
3655,0,null,0,0,0
3656,0,null,0,0,0
3657,0,null,0,0,0
3658,0,null,0,0,0
3659,0,null,0,0,0
3660,0,null,0,0,0
3661,0,null,0,0,0
3662,1,primary_proton,1,1,1
3663,0,null,0,0,0
3664,0,null,0,0,0
3665,0,null,0,0,0
3666,0,null,0,0,0
3667,0,null,0,0,0
3668,0,null,0,0,0
3669,0,null,0,0,0
3670,0,null,0,0,0
3671,0,null,0,0,0
3672,0,null,0,0,0
3673,0,null,0,0,0
3674,0,null,0,0,0
3675,5160,e-,0,0,1
3676,0,null,0,0,0
3677,0,null,0,0,0
3678,0,null,0,0,0
3679,0,null,0,0,0
3680,0,null,0,0,0
3681,0,null,0,0,0
3682,0,null,0,0,0
3683,0,null,0,0,0
3684,0,null,0,0,0
3685,0,null,0,0,0
3686,0,null,0,0,0
3687,0,null,0,0,0
3688,0,null,0,0,0
3689,0,null,0,0,0
3690,0,null,0,0,0
3691,0,null,0,0,0
3692,0,null,0,0,0
3693,5921,e-,1,0,0
3694,0,null,0,0,0
3695,0,null,0,0,0
3696,0,null,0,0,0
3697,0,null,0,0,0
3698,0,null,0,0,0
3699,0,null,0,0,0
3700,0,null,0,0,0
3701,0,null,0,0,0
3702,0,null,0,0,0
3703,0,null,0,0,0
3704,0,null,0,0,0
3705,0,null,0,0,0
3706,0,null,0,0,0
3707,0,null,0,0,0
3708,0,null,0,0,0
3709,0,null,0,0,0
3710,6398,secondary_proton,1,0,0
3711,0,null,0,0,0
3712,0,null,0,0,0
3713,0,null,0,0,0
3714,0,null,0,0,0
3715,0,null,0,0,0
3716,0,null,0,0,0
3717,0,null,0,0,0
3718,0,null,0,0,0
3719,0,null,0,0,0
3720,0,null,0,0,0
3721,0,null,0,0,0
3722,0,null,0,0,0
3723,0,null,0,0,0
3724,0,null,0,0,0
3725,0,null,0,0,0
3726,0,null,0,0,0
3727,0,null,0,0,0
3728,0,null,0,0,0
3729,0,null,0,0,0
3730,18,pi+,1,1,1
3731,0,null,0,0,0
3732,4233,e-,0,0,1
3733,0,null,0,0,0
3734,0,null,0,0,0
3735,0,null,0,0,0
3736,0,null,0,0,0
3737,22,secondary_proton,1,1,1
3738,0,null,0,0,0
3739,0,null,0,0,0
3740,0,null,0,0,0
3741,0,null,0,0,0
3742,0,null,0,0,0
3743,0,null,0,0,0
3744,0,null,0,0,0
3745,0,null,0,0,0
3746,0,null,0,0,0
3747,0,null,0,0,0
3748,0,null,0,0,0
3749,0,null,0,0,0
3750,0,null,0,0,0
3751,0,null,0,0,0
3752,0,null,0,0,0
3753,0,null,0,0,0
3754,0,null,0,0,0
3755,0,null,0,0,0
3756,0,null,0,0,0
3757,0,null,0,0,0
3758,0,null,0,0,0
3759,0,null,0,0,0
3760,17,secondary_proton,1,0,0
3761,0,null,0,0,0
3762,3422,e-,1,0,0
3763,0,null,0,0,0
3764,0,null,0,0,0
3765,0,null,0,0,0
3766,0,null,0,0,0
3767,0,null,0,0,0
3768,0,null,0,0,0
3769,0,null,0,0,0
3770,0,null,0,0,0
3771,2404,e-,1,1,1
3772,0,null,0,0,0
3773,0,null,0,0,0
3774,0,null,0,0,0
3775,0,null,0,0,0
3776,0,null,0,0,0
3777,0,null,0,0,0
3778,0,null,0,0,0
3779,1,primary_proton,1,1,1
3850,0,null,0,0,0
3851,0,null,0,0,0
3852,7412,e-,1,1,1
3853,0,null,0,0,0
3854,0,null,0,0,0
3855,0,null,0,0,0
3856,0,null,0,0,0
3857,5,secondary_proton,1,1,1
3858,0,null,0,0,0
3859,0,null,0,0,0
3860,0,null,0,0,0
3861,0,null,0,0,0
3862,0,null,0,0,0
3863,0,null,0,0,0
3864,0,null,0,0,0
3865,0,null,0,0,0
3866,0,null,0,0,0
3867,0,null,0,0,0
3868,1,primary_proton,1,1,1
3869,0,null,0,0,0
3870,0,null,0,0,0
3871,0,null,0,0,0
3872,0,null,0,0,0
3873,0,null,0,0,0
3874,0,null,0,0,0
3875,0,null,0,0,0
3876,0,null,0,0,0
3877,0,null,0,0,0
3878,0,null,0,0,0
3879,0,null,0,0,0
3880,0,null,0,0,0
3881,0,null,0,0,0
3882,0,null,0,0,0
3883,0,null,0,0,0
3884,0,null,0,0,0
3885,0,null,0,0,0
3886,0,null,0,0,0
3887,0,null,0,0,0
3888,0,null,0,0,0
3889,0,null,0,0,0
3890,0,null,0,0,0
3891,0,null,0,0,0
3892,0,null,0,0,0
3893,0,null,0,0,0
3894,0,null,0,0,0
3895,0,null,0,0,0
3896,0,null,0,0,0
3897,0,null,0,0,0
3898,0,null,0,0,0
3899,0,null,0,0,0
3900,0,null,0,0,0
3901,0,null,0,0,0
3902,0,null,0,0,0
3903,1,primary_proton,1,1,1
3904,0,null,0,0,0
3905,0,null,0,0,0
3906,0,null,0,0,0
3907,0,null,0,0,0
3908,0,null,0,0,0
3909,0,null,0,0,0
3910,0,null,0,0,0
3911,0,null,0,0,0
3912,0,null,0,0,0
3913,0,null,0,0,0
3914,0,null,0,0,0
3915,0,null,0,0,0
3916,0,null,0,0,0
3917,0,null,0,0,0
3918,0,null,0,0,0
3919,0,null,0,0,0
3990,0,null,0,0,0
3991,0,null,0,0,0
3590,0,null,0,0,0
3591,0,null,0,0,0
3592,0,null,0,0,0
3593,0,null,0,0,0
3594,1,primary_proton,1,1,1
3595,0,null,0,0,0
3596,1192,pi-,1,1,1
3597,25,pi-,1,0,0
3598,0,null,0,0,0
3599,0,null,0,0,0
3600,0,null,0,0,0
3601,0,null,0,0,0
3602,0,null,0,0,0
3603,0,null,0,0,0
3604,0,null,0,0,0
3605,0,null,0,0,0
3606,0,null,0,0,0
3607,0,null,0,0,0
3608,0,null,0,0,0
3609,0,null,0,0,0
3610,0,null,0,0,0
3611,0,null,0,0,0
3612,9,pi+,1,1,1
3613,0,null,0,0,0
3614,0,null,0,0,0
3615,0,null,0,0,0
3616,14,secondary_proton,1,1,1
3617,0,null,0,0,0
3618,0,null,0,0,0
3619,0,null,0,0,0
3620,0,null,0,0,0
3621,0,null,0,0,0
3622,0,null,0,0,0
3623,0,null,0,0,0
3624,0,null,0,0,0
3625,0,null,0,0,0
3626,0,null,0,0,0
3627,0,null,0,0,0
3628,0,null,0,0,0
3629,0,null,0,0,0
3630,1,primary_proton,1,1,1
3631,0,null,0,0,0
3632,0,null,0,0,0
3633,0,null,0,0,0
3634,0,null,0,0,0
3635,0,null,0,0,0
3636,0,null,0,0,0
3637,0,null,0,0,0
3638,0,null,0,0,0
3639,0,null,0,0,0
3780,0,null,0,0,0
3781,3,pi+,1,1,1
3782,0,null,0,0,0
3783,0,null,0,0,0
3784,0,null,0,0,0
3785,1,primary_proton,1,1,1
3786,0,null,0,0,0
3787,0,null,0,0,0
3788,8,secondary_proton,1,1,1
3789,0,null,0,0,0
3790,0,null,0,0,0
3791,0,null,0,0,0
3792,0,null,0,0,0
3793,10,pi-,1,0,0
3794,0,null,0,0,0
3795,0,null,0,0,0
3796,0,null,0,0,0
3797,0,null,0,0,0
3798,0,null,0,0,0
3799,0,null,0,0,0
3800,0,null,0,0,0
3801,0,null,0,0,0
3802,0,null,0,0,0
3803,0,null,0,0,0
3804,0,null,0,0,0
3805,0,null,0,0,0
3806,0,null,0,0,0
3807,0,null,0,0,0
3808,0,null,0,0,0
3809,0,null,0,0,0
3810,0,null,0,0,0
3811,0,null,0,0,0
3812,0,null,0,0,0
3813,1,primary_proton,1,1,1
3814,0,null,0,0,0
3815,0,null,0,0,0
3816,0,null,0,0,0
3817,0,null,0,0,0
3818,0,null,0,0,0
3819,0,null,0,0,0
3820,0,null,0,0,0
3821,0,null,0,0,0
3822,0,null,0,0,0
3823,0,null,0,0,0
3824,0,null,0,0,0
3825,0,null,0,0,0
3826,0,null,0,0,0
3827,0,null,0,0,0
3828,0,null,0,0,0
3829,0,null,0,0,0
3830,0,null,0,0,0
3831,0,null,0,0,0
3832,0,null,0,0,0
3833,0,null,0,0,0
3834,9,secondary_proton,1,1,1
3835,0,null,0,0,0
3836,0,null,0,0,0
3837,0,null,0,0,0
3838,0,null,0,0,0
3839,0,null,0,0,0
3840,11,pi+,1,0,0
3841,0,null,0,0,0
3842,0,null,0,0,0
3843,0,null,0,0,0
3844,0,null,0,0,0
3845,0,null,0,0,0
3846,0,null,0,0,0
3847,0,null,0,0,0
3848,0,null,0,0,0
3849,0,null,0,0,0
3920,0,null,0,0,0
3921,0,null,0,0,0
3922,0,null,0,0,0
3923,8,secondary_proton,1,1,1
3924,0,null,0,0,0
3925,0,null,0,0,0
3926,1,primary_proton,1,1,1
3927,0,null,0,0,0
3928,0,null,0,0,0
3929,0,null,0,0,0
3930,0,null,0,0,0
3931,0,null,0,0,0
3932,0,null,0,0,0
3933,0,null,0,0,0
3934,0,null,0,0,0
3935,0,null,0,0,0
3936,0,null,0,0,0
3937,0,null,0,0,0
3938,0,null,0,0,0
3939,0,null,0,0,0
3940,0,null,0,0,0
3941,0,null,0,0,0
3942,0,null,0,0,0
3943,0,null,0,0,0
3944,26,pi+,1,1,1
3945,0,null,0,0,0
3946,0,null,0,0,0
3947,0,null,0,0,0
3948,1,primary_proton,1,1,1
3949,0,null,0,0,0
3950,0,null,0,0,0
3951,0,null,0,0,0
3952,0,null,0,0,0
3953,0,null,0,0,0
3954,0,null,0,0,0
3955,1,primary_proton,1,1,1
3956,0,null,0,0,0
3957,0,null,0,0,0
3958,5068,secondary_proton,1,0,0
3959,0,null,0,0,0
3960,0,null,0,0,0
3961,0,null,0,0,0
3962,0,null,0,0,0
3963,8,secondary_proton,1,1,1
3964,0,null,0,0,0
3965,0,null,0,0,0
3966,0,null,0,0,0
3967,0,null,0,0,0
3968,0,null,0,0,0
3969,0,null,0,0,0
3970,0,null,0,0,0
3971,0,null,0,0,0
3972,0,null,0,0,0
3973,0,null,0,0,0
3974,0,null,0,0,0
3975,0,null,0,0,0
3976,0,null,0,0,0
3977,0,null,0,0,0
3978,0,null,0,0,0
3979,0,null,0,0,0
3980,0,null,0,0,0
3981,0,null,0,0,0
3982,0,null,0,0,0
3983,0,null,0,0,0
3984,0,null,0,0,0
3985,0,null,0,0,0
3986,0,null,0,0,0
3987,0,null,0,0,0
3988,0,null,0,0,0
3989,0,null,0,0,0
4130,0,null,0,0,0
4131,0,null,0,0,0
4132,0,null,0,0,0
4133,0,null,0,0,0
4134,0,null,0,0,0
4135,0,null,0,0,0
4136,0,null,0,0,0
4137,0,null,0,0,0
4138,0,null,0,0,0
4139,0,null,0,0,0
4140,0,null,0,0,0
4141,0,null,0,0,0
4142,0,null,0,0,0
4143,0,null,0,0,0
4144,0,null,0,0,0
4145,0,null,0,0,0
4146,0,null,0,0,0
4147,0,null,0,0,0
4148,0,null,0,0,0
4149,0,null,0,0,0
4150,0,null,0,0,0
4151,0,null,0,0,0
4152,0,null,0,0,0
4153,0,null,0,0,0
4154,0,null,0,0,0
4155,0,null,0,0,0
4156,0,null,0,0,0
4157,0,null,0,0,0
3993,0,null,0,0,0
3994,0,null,0,0,0
3995,0,null,0,0,0
3996,0,null,0,0,0
3997,33,secondary_proton,1,1,1
3998,0,null,0,0,0
3999,0,null,0,0,0
4000,0,null,0,0,0
4001,0,null,0,0,0
4002,0,null,0,0,0
4003,0,null,0,0,0
4004,0,null,0,0,0
4005,0,null,0,0,0
4006,0,null,0,0,0
4007,0,null,0,0,0
4008,0,null,0,0,0
4009,0,null,0,0,0
4010,0,null,0,0,0
4011,0,null,0,0,0
4012,0,null,0,0,0
4013,0,null,0,0,0
4014,0,null,0,0,0
4015,956,e-,1,0,0
4016,0,null,0,0,0
4017,0,null,0,0,0
4018,0,null,0,0,0
4019,1,primary_proton,1,1,0
4020,0,null,0,0,0
4021,0,null,0,0,0
4022,0,null,0,0,0
4023,5,secondary_proton,1,0,0
4024,0,null,0,0,0
4025,0,null,0,0,0
4026,0,null,0,0,0
4027,0,null,0,0,0
4028,7,pi+,1,0,0
4029,0,null,0,0,0
4030,0,null,0,0,0
4031,0,null,0,0,0
4032,0,null,0,0,0
4033,0,null,0,0,0
4034,0,null,0,0,0
4035,0,null,0,0,0
4036,0,null,0,0,0
4037,6,secondary_proton,1,1,1
4038,0,null,0,0,0
4039,0,null,0,0,0
4040,0,null,0,0,0
4041,0,null,0,0,0
4042,0,null,0,0,0
4043,0,null,0,0,0
4044,0,null,0,0,0
4045,0,null,0,0,0
4046,0,null,0,0,0
4047,0,null,0,0,0
4048,0,null,0,0,0
4049,0,null,0,0,0
4050,0,null,0,0,0
4051,0,null,0,0,0
4052,0,null,0,0,0
4053,0,null,0,0,0
4054,17,secondary_proton,1,1,1
4055,0,null,0,0,0
4056,0,null,0,0,0
4057,0,null,0,0,0
4058,0,null,0,0,0
4059,0,null,0,0,0
4060,0,null,0,0,0
4061,0,null,0,0,0
4062,0,null,0,0,0
4063,0,null,0,0,0
4064,0,null,0,0,0
4065,0,null,0,0,0
4066,0,null,0,0,0
4067,0,null,0,0,0
4068,0,null,0,0,0
4069,0,null,0,0,0
4070,0,null,0,0,0
4071,0,null,0,0,0
4072,0,null,0,0,0
4073,0,null,0,0,0
4074,11,secondary_proton,1,1,1
4075,0,null,0,0,0
4076,0,null,0,0,0
4077,0,null,0,0,0
4078,0,null,0,0,0
4079,0,null,0,0,0
4080,0,null,0,0,0
4081,0,null,0,0,0
4082,0,null,0,0,0
4083,0,null,0,0,0
4084,0,null,0,0,0
4085,0,null,0,0,0
4086,0,null,0,0,0
4087,0,null,0,0,0
4088,0,null,0,0,0
4089,0,null,0,0,0
4090,0,null,0,0,0
4091,561,pi+,1,1,0
4092,0,null,0,0,0
4093,0,null,0,0,0
4094,0,null,0,0,0
4095,0,null,0,0,0
4096,0,null,0,0,0
4097,0,null,0,0,0
4098,0,null,0,0,0
4099,0,null,0,0,0
4100,1,primary_proton,1,1,1
4101,17,pi-,1,1,1
4102,0,null,0,0,0
4103,0,null,0,0,0
4104,0,null,0,0,0
4105,0,null,0,0,0
4106,0,null,0,0,0
4107,24,pi-,1,1,1
4108,0,null,0,0,0
4109,0,null,0,0,0
4110,0,null,0,0,0
4111,0,null,0,0,0
4112,0,null,0,0,0
4113,0,null,0,0,0
4114,0,null,0,0,0
4115,0,null,0,0,0
4116,0,null,0,0,0
4117,0,null,0,0,0
4118,0,null,0,0,0
4119,6,secondary_proton,1,1,1
4120,0,null,0,0,0
4121,2661,secondary_proton,1,1,0
4122,0,null,0,0,0
4123,0,null,0,0,0
4124,0,null,0,0,0
4125,0,null,0,0,0
4126,0,null,0,0,0
4127,0,null,0,0,0
4128,0,null,0,0,0
4129,0,null,0,0,0
4340,0,null,0,0,0
4341,0,null,0,0,0
4342,0,null,0,0,0
4343,0,null,0,0,0
4344,0,null,0,0,0
4345,0,null,0,0,0
4346,27,pi+,1,0,0
4347,0,null,0,0,0
4348,0,null,0,0,0
4349,0,null,0,0,0
4350,0,null,0,0,0
4351,0,null,0,0,0
4352,0,null,0,0,0
4353,0,null,0,0,0
4354,0,null,0,0,0
4355,0,null,0,0,0
4356,0,null,0,0,0
4357,0,null,0,0,0
4358,0,null,0,0,0
4359,0,null,0,0,0
4360,0,null,0,0,0
4361,0,null,0,0,0
4362,1,primary_proton,1,1,1
4363,0,null,0,0,0
4364,0,null,0,0,0
4365,0,null,0,0,0
4366,0,null,0,0,0
4367,0,null,0,0,0
4368,15,pi+,1,1,1
4369,7,pi+,1,1,1
4370,0,null,0,0,0
4371,0,null,0,0,0
4372,0,null,0,0,0
4373,0,null,0,0,0
4374,1,primary_proton,1,1,1
4375,0,null,0,0,0
4376,1182,e-,1,1,1
4377,0,null,0,0,0
4378,0,null,0,0,0
4379,0,null,0,0,0
4380,7,secondary_proton,1,1,1
4381,0,null,0,0,0
4382,0,null,0,0,0
4383,0,null,0,0,0
4384,4,pi-,1,0,0
4385,0,null,0,0,0
4386,0,null,0,0,0
4387,0,null,0,0,0
4388,0,null,0,0,0
4389,0,null,0,0,0
4390,0,null,0,0,0
4391,0,null,0,0,0
4392,0,null,0,0,0
4393,0,null,0,0,0
4394,0,null,0,0,0
4395,4,secondary_proton,1,1,1
4396,0,null,0,0,0
4397,0,null,0,0,0
4398,0,null,0,0,0
4399,0,null,0,0,0
4400,0,null,0,0,0
4401,0,null,0,0,0
4402,1,primary_proton,1,1,1
4403,0,null,0,0,0
4404,0,null,0,0,0
4405,0,null,0,0,0
4406,0,null,0,0,0
4407,0,null,0,0,0
4408,0,null,0,0,0
4409,0,null,0,0,0
4480,0,null,0,0,0
4481,0,null,0,0,0
4482,0,null,0,0,0
4483,0,null,0,0,0
4484,0,null,0,0,0
4485,0,null,0,0,0
4486,0,null,0,0,0
4487,0,null,0,0,0
4488,0,null,0,0,0
4489,0,null,0,0,0
4159,0,null,0,0,0
4160,0,null,0,0,0
4161,0,null,0,0,0
4162,0,null,0,0,0
4163,0,null,0,0,0
4164,0,null,0,0,0
4165,0,null,0,0,0
4166,0,null,0,0,0
4167,0,null,0,0,0
4168,0,null,0,0,0
4169,0,null,0,0,0
4170,0,null,0,0,0
4171,0,null,0,0,0
4172,0,null,0,0,0
4173,0,null,0,0,0
4174,0,null,0,0,0
4175,0,null,0,0,0
4176,1,primary_proton,1,1,1
4177,0,null,0,0,0
4178,9,secondary_proton,1,1,1
4179,0,null,0,0,0
4180,0,null,0,0,0
4181,0,null,0,0,0
4182,0,null,0,0,0
4183,0,null,0,0,0
4184,0,null,0,0,0
4185,0,null,0,0,0
4186,0,null,0,0,0
4187,0,null,0,0,0
4188,0,null,0,0,0
4189,0,null,0,0,0
4190,0,null,0,0,0
4191,0,null,0,0,0
4192,0,null,0,0,0
4193,0,null,0,0,0
4194,0,null,0,0,0
4195,0,null,0,0,0
4196,0,null,0,0,0
4197,0,null,0,0,0
4198,0,null,0,0,0
4199,0,null,0,0,0
4200,0,null,0,0,0
4201,0,null,0,0,0
4202,0,null,0,0,0
4203,0,null,0,0,0
4204,0,null,0,0,0
4205,0,null,0,0,0
4206,0,null,0,0,0
4207,0,null,0,0,0
4208,0,null,0,0,0
4209,2802,secondary_proton,1,1,0
4210,0,null,0,0,0
4211,0,null,0,0,0
4212,0,null,0,0,0
4213,0,null,0,0,0
4214,0,null,0,0,0
4215,0,null,0,0,0
4216,0,null,0,0,0
4217,0,null,0,0,0
4218,0,null,0,0,0
4219,0,null,0,0,0
4220,0,null,0,0,0
4221,0,null,0,0,0
4222,0,null,0,0,0
4223,0,null,0,0,0
4224,0,null,0,0,0
4225,0,null,0,0,0
4226,1,primary_proton,1,1,1
4227,0,null,0,0,0
4228,0,null,0,0,0
4229,0,null,0,0,0
4230,0,null,0,0,0
4231,0,null,0,0,0
4232,0,null,0,0,0
4233,0,null,0,0,0
4234,0,null,0,0,0
4235,0,null,0,0,0
4236,1,primary_proton,1,1,1
4237,0,null,0,0,0
4238,0,null,0,0,0
4239,0,null,0,0,0
4240,0,null,0,0,0
4241,0,null,0,0,0
4242,0,null,0,0,0
4243,0,null,0,0,0
4244,8,pi-,1,1,1
4245,0,null,0,0,0
4246,0,null,0,0,0
4247,0,null,0,0,0
4248,0,null,0,0,0
4249,0,null,0,0,0
4250,0,null,0,0,0
4251,0,null,0,0,0
4252,0,null,0,0,0
4253,0,null,0,0,0
4254,0,null,0,0,0
4255,0,null,0,0,0
4256,11,pi-,1,1,1
4257,0,null,0,0,0
4258,0,null,0,0,0
4259,0,null,0,0,0
4260,0,null,0,0,0
4261,0,null,0,0,0
4262,0,null,0,0,0
4263,0,null,0,0,0
4264,0,null,0,0,0
4265,0,null,0,0,0
4266,0,null,0,0,0
4267,0,null,0,0,0
4268,0,null,0,0,0
4269,0,null,0,0,0
4270,0,null,0,0,0
4271,1,primary_proton,1,1,1
4272,0,null,0,0,0
4273,0,null,0,0,0
4274,0,null,0,0,0
4275,8,secondary_proton,1,1,0
4276,0,null,0,0,0
4277,0,null,0,0,0
4278,0,null,0,0,0
4279,0,null,0,0,0
4280,0,null,0,0,0
4281,4122,e-,1,1,1
4282,4,secondary_proton,1,1,1
4283,0,null,0,0,0
4284,0,null,0,0,0
4285,0,null,0,0,0
4286,0,null,0,0,0
4287,0,null,0,0,0
4288,0,null,0,0,0
4289,0,null,0,0,0
4290,0,null,0,0,0
4291,0,null,0,0,0
4292,0,null,0,0,0
4293,0,null,0,0,0
4294,0,null,0,0,0
4295,0,null,0,0,0
4296,0,null,0,0,0
4297,0,null,0,0,0
4298,0,null,0,0,0
4299,0,null,0,0,0
4300,0,null,0,0,0
4301,0,null,0,0,0
4302,0,null,0,0,0
4303,0,null,0,0,0
4304,0,null,0,0,0
4305,0,null,0,0,0
4306,0,null,0,0,0
4307,0,null,0,0,0
4308,0,null,0,0,0
4309,0,null,0,0,0
4310,0,null,0,0,0
4311,0,null,0,0,0
4312,0,null,0,0,0
4313,0,null,0,0,0
4314,2,secondary_proton,1,1,1
4315,0,null,0,0,0
4316,0,null,0,0,0
4317,0,null,0,0,0
4318,0,null,0,0,0
4319,0,null,0,0,0
4320,0,null,0,0,0
4321,0,null,0,0,0
4322,5,secondary_proton,1,1,1
4323,5892,e-,1,1,1
4324,0,null,0,0,0
4325,0,null,0,0,0
4326,0,null,0,0,0
4327,0,null,0,0,0
4328,0,null,0,0,0
4329,1360,e-,1,0,0
4330,0,null,0,0,0
4331,0,null,0,0,0
4332,0,null,0,0,0
4333,0,null,0,0,0
4334,0,null,0,0,0
4335,0,null,0,0,0
4336,0,null,0,0,0
4337,0,null,0,0,0
4338,0,null,0,0,0
4339,0,null,0,0,0
4410,0,null,0,0,0
4411,0,null,0,0,0
4412,0,null,0,0,0
4413,0,null,0,0,0
4414,0,null,0,0,0
4415,0,null,0,0,0
4416,1,primary_proton,1,1,1
4417,0,null,0,0,0
4418,0,null,0,0,0
4419,0,null,0,0,0
4420,0,null,0,0,0
4421,1801,e-,1,1,1
4422,0,null,0,0,0
4423,0,null,0,0,0
4424,0,null,0,0,0
4425,0,null,0,0,0
4426,2,secondary_proton,1,1,0
4427,0,null,0,0,0
4428,0,null,0,0,0
4429,0,null,0,0,0
4430,0,null,0,0,0
4431,0,null,0,0,0
4432,1,primary_proton,1,1,1
4433,0,null,0,0,0
4434,0,null,0,0,0
4435,0,null,0,0,0
4436,0,null,0,0,0
4437,0,null,0,0,0
4438,0,null,0,0,0
4439,0,null,0,0,0
4440,0,null,0,0,0
4441,0,null,0,0,0
4442,11,pi+,1,1,1
4443,0,null,0,0,0
4444,0,null,0,0,0
4445,0,null,0,0,0
4446,0,null,0,0,0
4448,0,null,0,0,0
4449,0,null,0,0,0
4450,0,null,0,0,0
4451,0,null,0,0,0
4452,0,null,0,0,0
4453,0,null,0,0,0
4454,0,null,0,0,0
4455,0,null,0,0,0
4456,0,null,0,0,0
4457,0,null,0,0,0
4458,1,primary_proton,1,1,1
4459,0,null,0,0,0
4460,15,pi-,1,1,1
4461,0,null,0,0,0
4462,0,null,0,0,0
4463,0,null,0,0,0
4464,0,null,0,0,0
4465,0,null,0,0,0
4466,0,null,0,0,0
4467,0,null,0,0,0
4468,0,null,0,0,0
4469,0,null,0,0,0
4470,0,null,0,0,0
4471,0,null,0,0,0
4472,1,primary_proton,1,1,1
4473,1,primary_proton,1,1,1
4474,0,null,0,0,0
4475,0,null,0,0,0
4476,0,null,0,0,0
4477,0,null,0,0,0
4478,0,null,0,0,0
4479,0,null,0,0,0
4620,0,null,0,0,0
4621,0,null,0,0,0
4622,0,null,0,0,0
4623,0,null,0,0,0
4624,0,null,0,0,0
4625,0,null,0,0,0
4626,0,null,0,0,0
4627,0,null,0,0,0
4628,5,secondary_proton,1,1,1
4629,0,null,0,0,0
4630,0,null,0,0,0
4631,0,null,0,0,0
4632,0,null,0,0,0
4633,0,null,0,0,0
4634,0,null,0,0,0
4635,0,null,0,0,0
4636,0,null,0,0,0
4637,0,null,0,0,0
4638,0,null,0,0,0
4639,0,null,0,0,0
4640,0,null,0,0,0
4641,0,null,0,0,0
4642,0,null,0,0,0
4643,0,null,0,0,0
4644,0,null,0,0,0
4645,0,null,0,0,0
4646,0,null,0,0,0
4647,0,null,0,0,0
4648,0,null,0,0,0
4649,0,null,0,0,0
4650,0,null,0,0,0
4651,0,null,0,0,0
4652,0,null,0,0,0
4653,0,null,0,0,0
4654,0,null,0,0,0
4655,0,null,0,0,0
4656,0,null,0,0,0
4657,0,null,0,0,0
4658,0,null,0,0,0
4659,0,null,0,0,0
4660,0,null,0,0,0
4661,0,null,0,0,0
4662,0,null,0,0,0
4663,0,null,0,0,0
4664,0,null,0,0,0
4665,0,null,0,0,0
4666,0,null,0,0,0
4667,0,null,0,0,0
4668,0,null,0,0,0
4669,0,null,0,0,0
4670,0,null,0,0,0
4671,0,null,0,0,0
4672,0,null,0,0,0
4673,0,null,0,0,0
4674,0,null,0,0,0
4675,4,secondary_proton,1,1,1
4676,0,null,0,0,0
4677,0,null,0,0,0
4678,0,null,0,0,0
4679,0,null,0,0,0
4680,0,null,0,0,0
4681,0,null,0,0,0
4682,0,null,0,0,0
4683,0,null,0,0,0
4684,0,null,0,0,0
4685,0,null,0,0,0
4686,0,null,0,0,0
4687,0,null,0,0,0
4688,0,null,0,0,0
4689,0,null,0,0,0
4690,0,null,0,0,0
4691,0,null,0,0,0
4692,0,null,0,0,0
4693,0,null,0,0,0
4694,0,null,0,0,0
4695,0,null,0,0,0
4696,0,null,0,0,0
4697,0,null,0,0,0
4698,0,null,0,0,0
4699,0,null,0,0,0
4700,0,null,0,0,0
4701,0,null,0,0,0
4702,1,primary_proton,1,1,1
4703,0,null,0,0,0
4704,0,null,0,0,0
4705,0,null,0,0,0
4706,0,null,0,0,0
4707,4,pi+,1,0,0
4708,0,null,0,0,0
4709,0,null,0,0,0
4710,0,null,0,0,0
4711,0,null,0,0,0
4712,0,null,0,0,0
4713,0,null,0,0,0
4714,0,null,0,0,0
4715,0,null,0,0,0
4716,0,null,0,0,0
4717,0,null,0,0,0
4718,0,null,0,0,0
4719,0,null,0,0,0
4720,0,null,0,0,0
4721,0,null,0,0,0
4722,0,null,0,0,0
4723,0,null,0,0,0
4724,0,null,0,0,0
4725,0,null,0,0,0
4726,1,primary_proton,1,1,1
4727,0,null,0,0,0
4728,0,null,0,0,0
4729,1,primary_proton,1,1,1
4730,0,null,0,0,0
4731,0,null,0,0,0
4732,0,null,0,0,0
4733,0,null,0,0,0
4734,0,null,0,0,0
4735,0,null,0,0,0
4736,0,null,0,0,0
4737,0,null,0,0,0
4738,0,null,0,0,0
4739,0,null,0,0,0
4740,0,null,0,0,0
4741,0,null,0,0,0
4742,0,null,0,0,0
4743,0,null,0,0,0
4744,0,null,0,0,0
4745,0,null,0,0,0
4746,0,null,0,0,0
4747,13,kaon+,1,1,1
4748,0,null,0,0,0
4749,0,null,0,0,0
4750,0,null,0,0,0
4751,0,null,0,0,0
4752,0,null,0,0,0
4753,0,null,0,0,0
4754,0,null,0,0,0
4755,0,null,0,0,0
4756,0,null,0,0,0
4757,0,null,0,0,0
4758,0,null,0,0,0
4759,0,null,0,0,0
4760,0,null,0,0,0
4761,0,null,0,0,0
4762,0,null,0,0,0
4763,0,null,0,0,0
4764,0,null,0,0,0
4765,0,null,0,0,0
4766,0,null,0,0,0
4767,0,null,0,0,0
4768,0,null,0,0,0
4769,0,null,0,0,0
4770,0,null,0,0,0
4771,0,null,0,0,0
4772,0,null,0,0,0
4773,0,null,0,0,0
4774,0,null,0,0,0
4775,0,null,0,0,0
4776,0,null,0,0,0
4777,0,null,0,0,0
4778,3,secondary_proton,1,1,1
4779,0,null,0,0,0
4780,0,null,0,0,0
4781,0,null,0,0,0
4782,0,null,0,0,0
4783,0,null,0,0,0
4784,0,null,0,0,0
4785,0,null,0,0,0
4786,0,null,0,0,0
4787,0,null,0,0,0
4788,0,null,0,0,0
4789,0,null,0,0,0
4790,0,null,0,0,0
4791,0,null,0,0,0
4792,0,null,0,0,0
4793,0,null,0,0,0
4794,9,secondary_proton,1,1,1
4795,0,null,0,0,0
4796,0,null,0,0,0
4797,15,secondary_proton,1,1,0
4798,0,null,0,0,0
4799,0,null,0,0,0
4800,0,null,0,0,0
4801,0,null,0,0,0
4802,0,null,0,0,0
4803,0,null,0,0,0
4804,0,null,0,0,0
4805,1,primary_proton,1,1,1
4806,0,null,0,0,0
4491,0,null,0,0,0
4492,1,primary_proton,1,1,1
4493,0,null,0,0,0
4494,0,null,0,0,0
4495,0,null,0,0,0
4496,0,null,0,0,0
4497,0,null,0,0,0
4498,0,null,0,0,0
4499,0,null,0,0,0
4500,0,null,0,0,0
4501,0,null,0,0,0
4502,6370,e+,1,0,0
4503,0,null,0,0,0
4504,0,null,0,0,0
4505,0,null,0,0,0
4506,0,null,0,0,0
4507,0,null,0,0,0
4508,0,null,0,0,0
4509,0,null,0,0,0
4510,0,null,0,0,0
4511,1,primary_proton,1,1,1
4512,0,null,0,0,0
4513,0,null,0,0,0
4514,0,null,0,0,0
4515,0,null,0,0,0
4516,0,null,0,0,0
4517,0,null,0,0,0
4518,0,null,0,0,0
4519,0,null,0,0,0
4520,0,null,0,0,0
4521,6,secondary_proton,1,1,0
4522,0,null,0,0,0
4523,0,null,0,0,0
4524,0,null,0,0,0
4525,0,null,0,0,0
4526,0,null,0,0,0
4527,0,null,0,0,0
4528,0,null,0,0,0
4529,0,null,0,0,0
4530,0,null,0,0,0
4531,0,null,0,0,0
4532,0,null,0,0,0
4533,0,null,0,0,0
4534,0,null,0,0,0
4535,0,null,0,0,0
4536,0,null,0,0,0
4537,0,null,0,0,0
4538,2,secondary_proton,1,1,1
4539,0,null,0,0,0
4540,0,null,0,0,0
4541,0,null,0,0,0
4542,0,null,0,0,0
4543,0,null,0,0,0
4544,0,null,0,0,0
4545,0,null,0,0,0
4546,0,null,0,0,0
4547,0,null,0,0,0
4548,0,null,0,0,0
4549,0,null,0,0,0
4550,0,null,0,0,0
4551,0,null,0,0,0
4552,0,null,0,0,0
4553,4590,pi-,1,1,1
4554,8,pi-,1,1,1
4555,0,null,0,0,0
4556,0,null,0,0,0
4557,0,null,0,0,0
4558,0,null,0,0,0
4559,0,null,0,0,0
4560,0,null,0,0,0
4561,0,null,0,0,0
4562,0,null,0,0,0
4563,0,null,0,0,0
4564,0,null,0,0,0
4565,0,null,0,0,0
4566,0,null,0,0,0
4567,1,primary_proton,1,1,1
4568,0,null,0,0,0
4569,0,null,0,0,0
4570,0,null,0,0,0
4571,0,null,0,0,0
4572,11,pi-,1,1,1
4573,0,null,0,0,0
4574,0,null,0,0,0
4575,0,null,0,0,0
4576,0,null,0,0,0
4577,0,null,0,0,0
4578,0,null,0,0,0
4579,0,null,0,0,0
4580,0,null,0,0,0
4581,11,pi-,1,1,1
4582,0,null,0,0,0
4583,1738,e-,0,1,0
4584,0,null,0,0,0
4585,0,null,0,0,0
4586,38,secondary_proton,1,1,1
4587,0,null,0,0,0
4588,0,null,0,0,0
4589,1,primary_proton,1,1,1
4590,0,null,0,0,0
4591,0,null,0,0,0
4592,0,null,0,0,0
4593,0,null,0,0,0
4594,0,null,0,0,0
4595,0,null,0,0,0
4596,0,null,0,0,0
4597,0,null,0,0,0
4598,0,null,0,0,0
4599,0,null,0,0,0
4600,0,null,0,0,0
4601,8,secondary_proton,1,1,1
4602,0,null,0,0,0
4603,0,null,0,0,0
4604,0,null,0,0,0
4605,0,null,0,0,0
4606,0,null,0,0,0
4607,0,null,0,0,0
4608,0,null,0,0,0
4609,0,null,0,0,0
4610,0,null,0,0,0
4611,0,null,0,0,0
4612,0,null,0,0,0
4613,0,null,0,0,0
4614,0,null,0,0,0
4615,0,null,0,0,0
4616,0,null,0,0,0
4617,0,null,0,0,0
4618,0,null,0,0,0
4619,0,null,0,0,0
4830,0,null,0,0,0
4831,0,null,0,0,0
4832,2,secondary_proton,1,1,1
4833,0,null,0,0,0
4834,0,null,0,0,0
4835,0,null,0,0,0
4836,0,null,0,0,0
4837,0,null,0,0,0
4838,0,null,0,0,0
4839,0,null,0,0,0
4840,0,null,0,0,0
4841,0,null,0,0,0
4842,0,null,0,0,0
4843,0,null,0,0,0
4844,0,null,0,0,0
4845,0,null,0,0,0
4846,0,null,0,0,0
4847,0,null,0,0,0
4848,0,null,0,0,0
4849,0,null,0,0,0
4850,0,null,0,0,0
4851,0,null,0,0,0
4852,0,null,0,0,0
4853,0,null,0,0,0
4854,0,null,0,0,0
4855,0,null,0,0,0
4856,0,null,0,0,0
4857,0,null,0,0,0
4858,0,null,0,0,0
4859,0,null,0,0,0
4860,0,null,0,0,0
4861,0,null,0,0,0
4862,0,null,0,0,0
4863,0,null,0,0,0
4864,0,null,0,0,0
4865,0,null,0,0,0
4866,0,null,0,0,0
4867,0,null,0,0,0
4868,0,null,0,0,0
4869,0,null,0,0,0
4870,0,null,0,0,0
4871,0,null,0,0,0
4872,0,null,0,0,0
4873,0,null,0,0,0
4874,0,null,0,0,0
4875,0,null,0,0,0
4876,0,null,0,0,0
4877,0,null,0,0,0
4878,0,null,0,0,0
4879,0,null,0,0,0
4880,0,null,0,0,0
4881,0,null,0,0,0
4882,0,null,0,0,0
4883,0,null,0,0,0
4884,0,null,0,0,0
4885,0,null,0,0,0
4886,0,null,0,0,0
4887,0,null,0,0,0
4888,0,null,0,0,0
4889,0,null,0,0,0
4890,0,null,0,0,0
4891,0,null,0,0,0
4892,0,null,0,0,0
4893,0,null,0,0,0
4894,0,null,0,0,0
4895,0,null,0,0,0
4896,0,null,0,0,0
4897,0,null,0,0,0
4898,0,null,0,0,0
4899,0,null,0,0,0
4900,0,null,0,0,0
4901,0,null,0,0,0
4902,0,null,0,0,0
4903,0,null,0,0,0
4904,0,null,0,0,0
4905,0,null,0,0,0
4906,2771,e-,1,1,1
4907,0,null,0,0,0
4908,0,null,0,0,0
4909,0,null,0,0,0
4910,0,null,0,0,0
4911,0,null,0,0,0
4912,0,null,0,0,0
4913,0,null,0,0,0
4914,0,null,0,0,0
4915,0,null,0,0,0
4916,0,null,0,0,0
4917,5,pi-,1,1,1
4918,0,null,0,0,0
4919,0,null,0,0,0
4920,0,null,0,0,0
4921,0,null,0,0,0
4923,0,null,0,0,0
4924,0,null,0,0,0
4925,778,pi+,1,0,0
4926,0,null,0,0,0
4927,3496,pi-,1,1,0
4928,0,null,0,0,0
4929,0,null,0,0,0
4930,0,null,0,0,0
4931,0,null,0,0,0
4932,0,null,0,0,0
4933,0,null,0,0,0
4934,0,null,0,0,0
4935,0,null,0,0,0
4936,0,null,0,0,0
4937,0,null,0,0,0
4938,0,null,0,0,0
4939,778,pi-,1,1,1
4940,0,null,0,0,0
4941,0,null,0,0,0
4942,0,null,0,0,0
4943,0,null,0,0,0
4944,0,null,0,0,0
4945,0,null,0,0,0
4946,0,null,0,0,0
4947,0,null,0,0,0
4948,0,null,0,0,0
4949,0,null,0,0,0
4950,0,null,0,0,0
4951,0,null,0,0,0
4952,0,null,0,0,0
4953,0,null,0,0,0
4954,0,null,0,0,0
4955,0,null,0,0,0
4956,0,null,0,0,0
4957,0,null,0,0,0
4958,20,pi-,1,1,0
4959,0,null,0,0,0
4960,0,null,0,0,0
4961,0,null,0,0,0
4962,0,null,0,0,0
4963,0,null,0,0,0
4964,0,null,0,0,0
4965,0,null,0,0,0
4966,0,null,0,0,0
4967,0,null,0,0,0
4968,0,null,0,0,0
4969,0,null,0,0,0
4808,0,null,0,0,0
4809,0,null,0,0,0
4810,0,null,0,0,0
4811,0,null,0,0,0
4812,0,null,0,0,0
4813,0,null,0,0,0
4814,0,null,0,0,0
4815,0,null,0,0,0
4816,0,null,0,0,0
4817,0,null,0,0,0
4818,0,null,0,0,0
4819,0,null,0,0,0
4820,0,null,0,0,0
4821,0,null,0,0,0
4822,0,null,0,0,0
4823,0,null,0,0,0
4824,0,null,0,0,0
4825,0,null,0,0,0
4826,0,null,0,0,0
4827,0,null,0,0,0
4828,0,null,0,0,0
4829,0,null,0,0,0
4970,0,null,0,0,0
4971,0,null,0,0,0
4972,0,null,0,0,0
4973,0,null,0,0,0
4974,0,null,0,0,0
4975,0,null,0,0,0
4976,0,null,0,0,0
4977,1,primary_proton,1,1,1
4978,0,null,0,0,0
4979,0,null,0,0,0
4980,0,null,0,0,0
4981,0,null,0,0,0
4982,0,null,0,0,0
4983,0,null,0,0,0
4984,0,null,0,0,0
4985,0,null,0,0,0
4986,0,null,0,0,0
4987,0,null,0,0,0
4988,0,null,0,0,0
4989,0,null,0,0,0
4990,0,null,0,0,0
4991,0,null,0,0,0
4992,0,null,0,0,0
4993,0,null,0,0,0
4994,0,null,0,0,0
4995,0,null,0,0,0
4996,0,null,0,0,0
4997,0,null,0,0,0
4998,0,null,0,0,0
4999,0,null,0,0,0
1,10,secondary_proton,1,1,1
2,0,null,0,0,0
3,0,null,0,0,0
4,0,null,0,0,0
5,0,null,0,0,0
6,0,null,0,0,0
7,0,null,0,0,0
8,0,null,0,0,0
9,0,null,0,0,0
10,0,null,0,0,0
11,0,null,0,0,0
12,0,null,0,0,0
13,0,null,0,0,0
14,14,pi-,1,1,1
15,0,null,0,0,0
16,1,primary_proton,1,1,1
17,0,null,0,0,0
18,8,kaon+,1,1,1
19,0,null,0,0,0
20,0,null,0,0,0
21,0,null,0,0,0
22,0,null,0,0,0
23,0,null,0,0,0
24,0,null,0,0,0
25,0,null,0,0,0
26,0,null,0,0,0
27,0,null,0,0,0
28,0,null,0,0,0
29,0,null,0,0,0
30,0,null,0,0,0
31,0,null,0,0,0
32,0,null,0,0,0
33,0,null,0,0,0
34,0,null,0,0,0
35,0,null,0,0,0
36,0,null,0,0,0
37,0,null,0,0,0
38,0,null,0,0,0
39,0,null,0,0,0
40,0,null,0,0,0
41,0,null,0,0,0
42,0,null,0,0,0
43,0,null,0,0,0
44,0,null,0,0,0
45,0,null,0,0,0
46,0,null,0,0,0
47,0,null,0,0,0
48,0,null,0,0,0
49,0,null,0,0,0
50,0,null,0,0,0
51,0,null,0,0,0
52,0,null,0,0,0
53,0,null,0,0,0
54,0,null,0,0,0
55,0,null,0,0,0
56,0,null,0,0,0
57,0,null,0,0,0
58,0,null,0,0,0
59,0,null,0,0,0
60,1,primary_proton,1,1,1
61,0,null,0,0,0
62,0,null,0,0,0
63,0,null,0,0,0
64,0,null,0,0,0
65,0,null,0,0,0
66,1,primary_proton,1,1,1
67,0,null,0,0,0
68,0,null,0,0,0
69,0,null,0,0,0
140,0,null,0,0,0
141,0,null,0,0,0
142,0,null,0,0,0
143,0,null,0,0,0
144,0,null,0,0,0
145,0,null,0,0,0
146,0,null,0,0,0
147,0,null,0,0,0
148,0,null,0,0,0
149,0,null,0,0,0
150,0,null,0,0,0
151,0,null,0,0,0
152,0,null,0,0,0
153,0,null,0,0,0
154,0,null,0,0,0
155,0,null,0,0,0
156,0,null,0,0,0
157,0,null,0,0,0
158,0,null,0,0,0
159,0,null,0,0,0
160,0,null,0,0,0
161,0,null,0,0,0
162,0,null,0,0,0
163,0,null,0,0,0
164,0,null,0,0,0
165,0,null,0,0,0
166,0,null,0,0,0
167,0,null,0,0,0
168,0,null,0,0,0
169,0,null,0,0,0
170,0,null,0,0,0
171,0,null,0,0,0
172,9,secondary_proton,1,1,1
173,0,null,0,0,0
174,0,null,0,0,0
175,0,null,0,0,0
176,0,null,0,0,0
177,0,null,0,0,0
178,0,null,0,0,0
179,2115,e-,1,1,1
180,0,null,0,0,0
181,0,null,0,0,0
182,0,null,0,0,0
183,0,null,0,0,0
184,0,null,0,0,0
185,0,null,0,0,0
186,0,null,0,0,0
187,0,null,0,0,0
188,1209,e-,1,1,0
189,0,null,0,0,0
190,0,null,0,0,0
191,0,null,0,0,0
192,0,null,0,0,0
193,0,null,0,0,0
194,0,null,0,0,0
195,0,null,0,0,0
196,0,null,0,0,0
197,0,null,0,0,0
198,0,null,0,0,0
199,0,null,0,0,0
200,0,null,0,0,0
201,0,null,0,0,0
202,0,null,0,0,0
203,6,secondary_proton,1,1,1
204,0,null,0,0,0
205,0,null,0,0,0
206,0,null,0,0,0
207,0,null,0,0,0
208,0,null,0,0,0
209,0,null,0,0,0
280,0,null,0,0,0
281,0,null,0,0,0
282,5,secondary_proton,1,1,1
283,0,null,0,0,0
284,0,null,0,0,0
285,0,null,0,0,0
286,0,null,0,0,0
287,0,null,0,0,0
288,0,null,0,0,0
289,0,null,0,0,0
290,0,null,0,0,0
291,0,null,0,0,0
292,0,null,0,0,0
293,1353,secondary_proton,1,1,0
294,0,null,0,0,0
295,0,null,0,0,0
296,0,null,0,0,0
297,0,null,0,0,0
298,0,null,0,0,0
299,7,pi+,1,1,1
300,0,null,0,0,0
301,0,null,0,0,0
302,0,null,0,0,0
303,0,null,0,0,0
304,0,null,0,0,0
305,0,null,0,0,0
306,0,null,0,0,0
307,0,null,0,0,0
308,0,null,0,0,0
309,0,null,0,0,0
310,5,secondary_proton,1,1,1
311,5,secondary_proton,1,1,1
312,0,null,0,0,0
313,0,null,0,0,0
314,0,null,0,0,0
315,0,null,0,0,0
316,0,null,0,0,0
317,0,null,0,0,0
318,0,null,0,0,0
319,0,null,0,0,0
320,0,null,0,0,0
321,0,null,0,0,0
322,0,null,0,0,0
323,0,null,0,0,0
324,0,null,0,0,0
325,0,null,0,0,0
326,0,null,0,0,0
327,0,null,0,0,0
328,0,null,0,0,0
329,0,null,0,0,0
330,0,null,0,0,0
331,1,primary_proton,1,1,1
332,0,null,0,0,0
333,0,null,0,0,0
334,0,null,0,0,0
335,0,null,0,0,0
336,0,null,0,0,0
337,0,null,0,0,0
338,0,null,0,0,0
339,0,null,0,0,0
340,0,null,0,0,0
341,0,null,0,0,0
342,0,null,0,0,0
343,0,null,0,0,0
344,0,null,0,0,0
345,0,null,0,0,0
346,1,primary_proton,1,1,1
347,0,null,0,0,0
348,0,null,0,0,0
349,0,null,0,0,0
420,0,null,0,0,0
421,0,null,0,0,0
422,0,null,0,0,0
423,0,null,0,0,0
424,1,primary_proton,1,1,1
425,0,null,0,0,0
426,0,null,0,0,0
427,0,null,0,0,0
428,0,null,0,0,0
429,0,null,0,0,0
430,0,null,0,0,0
431,0,null,0,0,0
432,0,null,0,0,0
433,0,null,0,0,0
434,0,null,0,0,0
435,0,null,0,0,0
436,1,primary_proton,1,1,1
437,0,null,0,0,0
438,0,null,0,0,0
439,0,null,0,0,0
440,0,null,0,0,0
441,0,null,0,0,0
442,0,null,0,0,0
443,0,null,0,0,0
444,0,null,0,0,0
445,0,null,0,0,0
71,0,null,0,0,0
72,0,null,0,0,0
73,0,null,0,0,0
74,0,null,0,0,0
75,0,null,0,0,0
76,0,null,0,0,0
77,0,null,0,0,0
78,0,null,0,0,0
79,0,null,0,0,0
80,0,null,0,0,0
81,5,secondary_proton,1,1,1
82,0,null,0,0,0
83,0,null,0,0,0
84,24,pi-,1,1,1
85,0,null,0,0,0
86,0,null,0,0,0
87,0,null,0,0,0
88,0,null,0,0,0
89,0,null,0,0,0
90,0,null,0,0,0
91,0,null,0,0,0
92,0,null,0,0,0
93,0,null,0,0,0
94,0,null,0,0,0
95,0,null,0,0,0
96,0,null,0,0,0
97,0,null,0,0,0
98,0,null,0,0,0
99,0,null,0,0,0
100,0,null,0,0,0
101,0,null,0,0,0
102,0,null,0,0,0
103,0,null,0,0,0
104,0,null,0,0,0
105,0,null,0,0,0
106,0,null,0,0,0
107,0,null,0,0,0
108,0,null,0,0,0
109,0,null,0,0,0
110,0,null,0,0,0
111,0,null,0,0,0
112,1,primary_proton,1,1,1
113,0,null,0,0,0
114,8,pi+,1,1,1
115,0,null,0,0,0
116,0,null,0,0,0
117,0,null,0,0,0
118,0,null,0,0,0
119,0,null,0,0,0
120,0,null,0,0,0
121,0,null,0,0,0
122,0,null,0,0,0
123,0,null,0,0,0
124,0,null,0,0,0
125,0,null,0,0,0
126,0,null,0,0,0
127,0,null,0,0,0
128,0,null,0,0,0
129,0,null,0,0,0
130,0,null,0,0,0
131,0,null,0,0,0
132,0,null,0,0,0
133,0,null,0,0,0
134,0,null,0,0,0
135,0,null,0,0,0
136,0,null,0,0,0
137,0,null,0,0,0
138,3435,secondary_proton,1,1,1
139,0,null,0,0,0
210,0,null,0,0,0
211,0,null,0,0,0
212,0,null,0,0,0
213,0,null,0,0,0
214,0,null,0,0,0
215,0,null,0,0,0
216,0,null,0,0,0
217,0,null,0,0,0
218,0,null,0,0,0
219,0,null,0,0,0
220,0,null,0,0,0
221,0,null,0,0,0
222,0,null,0,0,0
223,0,null,0,0,0
224,0,null,0,0,0
225,0,null,0,0,0
226,0,null,0,0,0
227,0,null,0,0,0
228,0,null,0,0,0
229,0,null,0,0,0
230,0,null,0,0,0
231,0,null,0,0,0
232,0,null,0,0,0
233,0,null,0,0,0
234,0,null,0,0,0
235,0,null,0,0,0
236,1,primary_proton,1,1,1
237,0,null,0,0,0
238,0,null,0,0,0
239,1,primary_proton,1,1,1
240,0,null,0,0,0
241,0,null,0,0,0
242,0,null,0,0,0
243,0,null,0,0,0
244,0,null,0,0,0
245,0,null,0,0,0
246,0,null,0,0,0
247,1,primary_proton,1,1,1
248,0,null,0,0,0
249,0,null,0,0,0
250,0,null,0,0,0
251,0,null,0,0,0
252,0,null,0,0,0
253,0,null,0,0,0
254,0,null,0,0,0
255,0,null,0,0,0
256,0,null,0,0,0
257,0,null,0,0,0
258,0,null,0,0,0
259,0,null,0,0,0
260,0,null,0,0,0
261,0,null,0,0,0
262,0,null,0,0,0
263,7,secondary_proton,1,1,1
264,0,null,0,0,0
265,0,null,0,0,0
266,0,null,0,0,0
267,12,pi+,1,1,1
268,0,null,0,0,0
269,0,null,0,0,0
270,0,null,0,0,0
271,0,null,0,0,0
272,0,null,0,0,0
273,0,null,0,0,0
274,0,null,0,0,0
275,0,null,0,0,0
276,0,null,0,0,0
277,0,null,0,0,0
278,0,null,0,0,0
279,1,primary_proton,1,1,1
350,0,null,0,0,0
351,2877,e-,1,0,1
352,0,null,0,0,0
353,7,secondary_proton,1,1,0
354,0,null,0,0,0
355,0,null,0,0,0
356,0,null,0,0,0
357,0,null,0,0,0
358,4,pi+,1,1,1
359,0,null,0,0,0
360,0,null,0,0,0
361,0,null,0,0,0
362,0,null,0,0,0
363,0,null,0,0,0
364,0,null,0,0,0
365,0,null,0,0,0
366,0,null,0,0,0
367,0,null,0,0,0
368,0,null,0,0,0
369,6,pi+,1,1,1
370,0,null,0,0,0
371,0,null,0,0,0
372,0,null,0,0,0
373,0,null,0,0,0
374,0,null,0,0,0
375,0,null,0,0,0
376,0,null,0,0,0
377,0,null,0,0,0
378,0,null,0,0,0
379,0,null,0,0,0
380,0,null,0,0,0
381,0,null,0,0,0
382,0,null,0,0,0
383,0,null,0,0,0
384,0,null,0,0,0
385,0,null,0,0,0
386,0,null,0,0,0
387,0,null,0,0,0
388,0,null,0,0,0
389,0,null,0,0,0
390,0,null,0,0,0
391,0,null,0,0,0
392,0,null,0,0,0
393,0,null,0,0,0
394,0,null,0,0,0
395,0,null,0,0,0
396,0,null,0,0,0
397,0,null,0,0,0
398,0,null,0,0,0
399,0,null,0,0,0
400,0,null,0,0,0
401,0,null,0,0,0
402,0,null,0,0,0
403,0,null,0,0,0
404,1,primary_proton,1,1,1
405,1,primary_proton,1,1,1
406,0,null,0,0,0
407,0,null,0,0,0
408,0,null,0,0,0
409,0,null,0,0,0
410,11,pi-,1,1,1
411,1,primary_proton,1,1,1
412,0,null,0,0,0
413,0,null,0,0,0
414,0,null,0,0,0
415,0,null,0,0,0
416,5,secondary_proton,1,1,1
417,0,null,0,0,0
418,0,null,0,0,0
419,35,pi+,1,1,1
630,0,null,0,0,0
631,0,null,0,0,0
632,0,null,0,0,0
633,0,null,0,0,0
634,0,null,0,0,0
635,0,null,0,0,0
636,0,null,0,0,0
637,4,secondary_proton,1,1,1
638,0,null,0,0,0
639,0,null,0,0,0
640,0,null,0,0,0
641,0,null,0,0,0
642,0,null,0,0,0
643,0,null,0,0,0
644,0,null,0,0,0
645,0,null,0,0,0
646,7,secondary_proton,1,1,1
647,0,null,0,0,0
648,1,primary_proton,1,1,1
649,0,null,0,0,0
650,43,pi+,1,1,1
651,0,null,0,0,0
447,4,pi+,1,1,1
448,0,null,0,0,0
449,0,null,0,0,0
450,0,null,0,0,0
451,0,null,0,0,0
452,0,null,0,0,0
453,0,null,0,0,0
454,0,null,0,0,0
455,0,null,0,0,0
456,0,null,0,0,0
457,0,null,0,0,0
458,0,null,0,0,0
459,0,null,0,0,0
460,0,null,0,0,0
461,0,null,0,0,0
462,0,null,0,0,0
463,0,null,0,0,0
464,0,null,0,0,0
465,0,null,0,0,0
466,0,null,0,0,0
467,0,null,0,0,0
468,0,null,0,0,0
469,0,null,0,0,0
470,0,null,0,0,0
471,0,null,0,0,0
472,0,null,0,0,0
473,0,null,0,0,0
474,0,null,0,0,0
475,0,null,0,0,0
476,0,null,0,0,0
477,5,secondary_proton,1,1,1
478,0,null,0,0,0
479,0,null,0,0,0
480,0,null,0,0,0
481,0,null,0,0,0
482,0,null,0,0,0
483,0,null,0,0,0
484,0,null,0,0,0
485,0,null,0,0,0
486,0,null,0,0,0
487,0,null,0,0,0
488,0,null,0,0,0
489,0,null,0,0,0
490,0,null,0,0,0
491,0,null,0,0,0
492,0,null,0,0,0
493,0,null,0,0,0
494,0,null,0,0,0
495,0,null,0,0,0
496,0,null,0,0,0
497,0,null,0,0,0
498,0,null,0,0,0
499,0,null,0,0,0
500,0,null,0,0,0
501,0,null,0,0,0
502,0,null,0,0,0
503,549,secondary_proton,1,1,1
504,0,null,0,0,0
505,0,null,0,0,0
506,0,null,0,0,0
507,0,null,0,0,0
508,0,null,0,0,0
509,0,null,0,0,0
510,0,null,0,0,0
511,0,null,0,0,0
512,0,null,0,0,0
513,0,null,0,0,0
514,0,null,0,0,0
515,0,null,0,0,0
516,0,null,0,0,0
517,0,null,0,0,0
518,0,null,0,0,0
519,0,null,0,0,0
520,0,null,0,0,0
521,0,null,0,0,0
522,0,null,0,0,0
523,0,null,0,0,0
524,413,pi-,1,1,1
525,0,null,0,0,0
526,0,null,0,0,0
527,0,null,0,0,0
528,0,null,0,0,0
529,0,null,0,0,0
530,0,null,0,0,0
531,0,null,0,0,0
532,0,null,0,0,0
533,0,null,0,0,0
534,0,null,0,0,0
535,0,null,0,0,0
536,0,null,0,0,0
537,0,null,0,0,0
538,0,null,0,0,0
539,0,null,0,0,0
540,5,secondary_proton,1,1,1
541,0,null,0,0,0
542,0,null,0,0,0
543,0,null,0,0,0
544,0,null,0,0,0
545,0,null,0,0,0
546,0,null,0,0,0
547,0,null,0,0,0
548,5,secondary_proton,1,1,1
549,0,null,0,0,0
550,0,null,0,0,0
551,0,null,0,0,0
552,0,null,0,0,0
553,0,null,0,0,0
554,0,null,0,0,0
555,0,null,0,0,0
556,0,null,0,0,0
557,0,null,0,0,0
558,0,null,0,0,0
559,0,null,0,0,0
560,0,null,0,0,0
561,0,null,0,0,0
562,0,null,0,0,0
563,0,null,0,0,0
564,0,null,0,0,0
565,0,null,0,0,0
566,0,null,0,0,0
567,0,null,0,0,0
568,897,e-,1,0,0
569,0,null,0,0,0
570,0,null,0,0,0
571,0,null,0,0,0
572,0,null,0,0,0
573,0,null,0,0,0
574,0,null,0,0,0
575,0,null,0,0,0
576,1,primary_proton,1,1,1
577,0,null,0,0,0
578,0,null,0,0,0
579,0,null,0,0,0
580,0,null,0,0,0
581,206,pi+,1,1,1
582,0,null,0,0,0
583,0,null,0,0,0
584,0,null,0,0,0
585,0,null,0,0,0
586,0,null,0,0,0
587,0,null,0,0,0
588,0,null,0,0,0
589,0,null,0,0,0
590,0,null,0,0,0
591,0,null,0,0,0
592,0,null,0,0,0
593,5,pi+,1,1,0
594,0,null,0,0,0
595,0,null,0,0,0
596,0,null,0,0,0
597,0,null,0,0,0
598,0,null,0,0,0
599,0,null,0,0,0
600,0,null,0,0,0
601,0,null,0,0,0
602,0,null,0,0,0
603,0,null,0,0,0
604,0,null,0,0,0
605,0,null,0,0,0
606,0,null,0,0,0
607,0,null,0,0,0
608,0,null,0,0,0
609,0,null,0,0,0
610,0,null,0,0,0
611,0,null,0,0,0
612,0,null,0,0,0
613,0,null,0,0,0
614,0,null,0,0,0
615,0,null,0,0,0
616,0,null,0,0,0
617,0,null,0,0,0
618,0,null,0,0,0
619,0,null,0,0,0
620,8,pi+,1,1,0
621,0,null,0,0,0
622,0,null,0,0,0
623,0,null,0,0,0
624,0,null,0,0,0
625,0,null,0,0,0
626,0,null,0,0,0
627,0,null,0,0,0
628,0,null,0,0,0
629,0,null,0,0,0
700,0,null,0,0,0
701,0,null,0,0,0
702,0,null,0,0,0
703,0,null,0,0,0
704,0,null,0,0,0
705,0,null,0,0,0
706,0,null,0,0,0
707,0,null,0,0,0
708,0,null,0,0,0
709,0,null,0,0,0
710,0,null,0,0,0
711,0,null,0,0,0
712,0,null,0,0,0
713,0,null,0,0,0
714,0,null,0,0,0
715,0,null,0,0,0
716,0,null,0,0,0
717,0,null,0,0,0
718,0,null,0,0,0
719,0,null,0,0,0
720,0,null,0,0,0
721,0,null,0,0,0
722,0,null,0,0,0
723,0,null,0,0,0
724,0,null,0,0,0
725,0,null,0,0,0
726,0,null,0,0,0
727,0,null,0,0,0
728,0,null,0,0,0
729,0,null,0,0,0
730,0,null,0,0,0
731,0,null,0,0,0
732,8,secondary_proton,1,1,1
733,0,null,0,0,0
734,0,null,0,0,0
735,0,null,0,0,0
736,0,null,0,0,0
737,0,null,0,0,0
738,0,null,0,0,0
739,0,null,0,0,0
740,0,null,0,0,0
741,0,null,0,0,0
742,0,null,0,0,0
743,0,null,0,0,0
744,0,null,0,0,0
745,0,null,0,0,0
746,0,null,0,0,0
747,0,null,0,0,0
748,0,null,0,0,0
749,0,null,0,0,0
750,0,null,0,0,0
751,0,null,0,0,0
653,0,null,0,0,0
654,0,null,0,0,0
655,0,null,0,0,0
656,0,null,0,0,0
657,0,null,0,0,0
658,0,null,0,0,0
659,0,null,0,0,0
660,0,null,0,0,0
661,0,null,0,0,0
662,0,null,0,0,0
663,0,null,0,0,0
664,0,null,0,0,0
665,0,null,0,0,0
666,0,null,0,0,0
667,0,null,0,0,0
668,0,null,0,0,0
669,0,null,0,0,0
670,0,null,0,0,0
671,0,null,0,0,0
672,0,null,0,0,0
673,0,null,0,0,0
674,0,null,0,0,0
675,0,null,0,0,0
676,0,null,0,0,0
677,0,null,0,0,0
678,6,secondary_proton,1,1,1
679,0,null,0,0,0
680,0,null,0,0,0
681,0,null,0,0,0
682,1,primary_proton,1,1,1
683,0,null,0,0,0
684,0,null,0,0,0
685,0,null,0,0,0
686,0,null,0,0,0
687,0,null,0,0,0
688,0,null,0,0,0
689,0,null,0,0,0
690,0,null,0,0,0
691,0,null,0,0,0
692,6,secondary_proton,1,1,1
693,0,null,0,0,0
694,0,null,0,0,0
695,0,null,0,0,0
696,0,null,0,0,0
697,0,null,0,0,0
698,0,null,0,0,0
699,1,primary_proton,1,1,1
840,0,null,0,0,0
841,0,null,0,0,0
842,0,null,0,0,0
843,0,null,0,0,0
844,0,null,0,0,0
845,0,null,0,0,0
846,0,null,0,0,0
847,0,null,0,0,0
848,0,null,0,0,0
849,1,primary_proton,1,1,1
850,0,null,0,0,0
851,0,null,0,0,0
852,0,null,0,0,0
853,0,null,0,0,0
854,9,pi-,1,1,1
855,0,null,0,0,0
856,0,null,0,0,0
857,0,null,0,0,0
858,0,null,0,0,0
859,0,null,0,0,0
860,0,null,0,0,0
861,0,null,0,0,0
862,0,null,0,0,0
863,0,null,0,0,0
864,0,null,0,0,0
865,0,null,0,0,0
866,0,null,0,0,0
867,0,null,0,0,0
868,0,null,0,0,0
869,0,null,0,0,0
870,0,null,0,0,0
871,0,null,0,0,0
872,0,null,0,0,0
873,0,null,0,0,0
874,0,null,0,0,0
875,0,null,0,0,0
876,0,null,0,0,0
877,0,null,0,0,0
878,0,null,0,0,0
879,0,null,0,0,0
880,0,null,0,0,0
881,0,null,0,0,0
882,0,null,0,0,0
883,0,null,0,0,0
884,0,null,0,0,0
885,0,null,0,0,0
886,0,null,0,0,0
887,0,null,0,0,0
888,0,null,0,0,0
889,0,null,0,0,0
890,0,null,0,0,0
891,0,null,0,0,0
892,0,null,0,0,0
893,0,null,0,0,0
894,0,null,0,0,0
895,0,null,0,0,0
896,0,null,0,0,0
897,0,null,0,0,0
898,0,null,0,0,0
899,0,null,0,0,0
900,0,null,0,0,0
901,0,null,0,0,0
902,0,null,0,0,0
903,0,null,0,0,0
904,0,null,0,0,0
905,0,null,0,0,0
906,0,null,0,0,0
907,0,null,0,0,0
908,0,null,0,0,0
909,0,null,0,0,0
910,1,primary_proton,1,1,1
911,0,null,0,0,0
912,0,null,0,0,0
913,0,null,0,0,0
914,0,null,0,0,0
915,0,null,0,0,0
916,0,null,0,0,0
917,0,null,0,0,0
918,0,null,0,0,0
919,0,null,0,0,0
920,0,null,0,0,0
921,0,null,0,0,0
922,0,null,0,0,0
923,0,null,0,0,0
924,0,null,0,0,0
925,0,null,0,0,0
926,0,null,0,0,0
927,0,null,0,0,0
928,0,null,0,0,0
929,0,null,0,0,0
930,0,null,0,0,0
931,0,null,0,0,0
932,0,null,0,0,0
933,0,null,0,0,0
934,1,primary_proton,1,1,1
935,0,null,0,0,0
936,0,null,0,0,0
937,41,pi+,1,1,1
938,0,null,0,0,0
939,0,null,0,0,0
940,0,null,0,0,0
941,0,null,0,0,0
942,4041,e-,1,0,0
943,0,null,0,0,0
944,0,null,0,0,0
945,19,pi+,1,1,1
946,0,null,0,0,0
947,0,null,0,0,0
948,0,null,0,0,0
949,0,null,0,0,0
950,0,null,0,0,0
951,0,null,0,0,0
952,0,null,0,0,0
953,0,null,0,0,0
954,0,null,0,0,0
955,0,null,0,0,0
956,0,null,0,0,0
957,0,null,0,0,0
958,0,null,0,0,0
959,0,null,0,0,0
960,0,null,0,0,0
961,10,pi+,1,1,1
962,0,null,0,0,0
963,0,null,0,0,0
964,0,null,0,0,0
965,0,null,0,0,0
966,0,null,0,0,0
967,0,null,0,0,0
968,0,null,0,0,0
969,0,null,0,0,0
970,0,null,0,0,0
971,0,null,0,0,0
972,0,null,0,0,0
973,0,null,0,0,0
974,0,null,0,0,0
975,0,null,0,0,0
976,0,null,0,0,0
977,0,null,0,0,0
978,0,null,0,0,0
979,0,null,0,0,0
980,0,null,0,0,0
981,14,pi+,1,1,1
982,0,null,0,0,0
983,0,null,0,0,0
984,0,null,0,0,0
985,0,null,0,0,0
986,0,null,0,0,0
987,0,null,0,0,0
988,0,null,0,0,0
989,0,null,0,0,0
990,0,null,0,0,0
991,0,null,0,0,0
992,0,null,0,0,0
993,0,null,0,0,0
994,0,null,0,0,0
995,0,null,0,0,0
996,0,null,0,0,0
997,0,null,0,0,0
998,0,null,0,0,0
999,0,null,0,0,0
1000,0,null,0,0,0
1001,1,primary_proton,1,1,1
1002,0,null,0,0,0
1003,0,null,0,0,0
1004,0,null,0,0,0
1005,0,null,0,0,0
1006,1,primary_proton,1,1,1
1007,0,null,0,0,0
1008,0,null,0,0,0
1009,0,null,0,0,0
1010,0,null,0,0,0
1011,0,null,0,0,0
1012,0,null,0,0,0
1013,0,null,0,0,0
1014,0,null,0,0,0
1015,8,secondary_proton,1,1,1
1016,0,null,0,0,0
1017,0,null,0,0,0
1018,17,secondary_proton,1,1,1
1019,0,null,0,0,0
1020,0,null,0,0,0
1021,0,null,0,0,0
1022,0,null,0,0,0
1023,0,null,0,0,0
753,0,null,0,0,0
754,0,null,0,0,0
755,0,null,0,0,0
756,0,null,0,0,0
757,0,null,0,0,0
758,0,null,0,0,0
759,0,null,0,0,0
760,0,null,0,0,0
761,0,null,0,0,0
762,1721,secondary_proton,1,1,1
763,0,null,0,0,0
764,0,null,0,0,0
765,0,null,0,0,0
766,0,null,0,0,0
767,0,null,0,0,0
768,0,null,0,0,0
769,0,null,0,0,0
770,0,null,0,0,0
771,0,null,0,0,0
772,0,null,0,0,0
773,0,null,0,0,0
774,1,primary_proton,1,1,1
775,0,null,0,0,0
776,0,null,0,0,0
777,0,null,0,0,0
778,0,null,0,0,0
779,8,secondary_proton,1,1,1
780,0,null,0,0,0
781,0,null,0,0,0
782,0,null,0,0,0
783,0,null,0,0,0
784,0,null,0,0,0
785,0,null,0,0,0
786,0,null,0,0,0
787,0,null,0,0,0
788,0,null,0,0,0
789,0,null,0,0,0
790,1,primary_proton,1,1,1
791,0,null,0,0,0
792,0,null,0,0,0
793,0,null,0,0,0
794,0,null,0,0,0
795,0,null,0,0,0
796,0,null,0,0,0
797,0,null,0,0,0
798,0,null,0,0,0
799,0,null,0,0,0
800,0,null,0,0,0
801,2391,secondary_proton,1,1,0
802,0,null,0,0,0
803,0,null,0,0,0
804,0,null,0,0,0
805,0,null,0,0,0
806,0,null,0,0,0
807,0,null,0,0,0
808,0,null,0,0,0
809,0,null,0,0,0
810,0,null,0,0,0
811,0,null,0,0,0
812,0,null,0,0,0
813,0,null,0,0,0
814,0,null,0,0,0
815,0,null,0,0,0
816,0,null,0,0,0
817,0,null,0,0,0
818,0,null,0,0,0
819,8,pi+,1,1,0
820,0,null,0,0,0
821,0,null,0,0,0
822,0,null,0,0,0
823,0,null,0,0,0
824,0,null,0,0,0
825,0,null,0,0,0
826,0,null,0,0,0
827,277,pi+,1,1,1
828,0,null,0,0,0
829,0,null,0,0,0
830,0,null,0,0,0
831,0,null,0,0,0
832,0,null,0,0,0
833,0,null,0,0,0
834,0,null,0,0,0
835,0,null,0,0,0
836,0,null,0,0,0
837,0,null,0,0,0
838,0,null,0,0,0
839,0,null,0,0,0
1050,0,null,0,0,0
1051,0,null,0,0,0
1052,0,null,0,0,0
1053,0,null,0,0,0
1054,0,null,0,0,0
1055,0,null,0,0,0
1056,0,null,0,0,0
1057,0,null,0,0,0
1058,0,null,0,0,0
1059,981,secondary_proton,1,1,1
1060,0,null,0,0,0
1061,3378,pi+,1,1,1
1062,0,null,0,0,0
1063,0,null,0,0,0
1064,0,null,0,0,0
1065,0,null,0,0,0
1066,0,null,0,0,0
1067,0,null,0,0,0
1068,0,null,0,0,0
1069,0,null,0,0,0
1070,0,null,0,0,0
1071,0,null,0,0,0
1072,0,null,0,0,0
1073,0,null,0,0,0
1074,0,null,0,0,0
1075,0,null,0,0,0
1076,0,null,0,0,0
1077,0,null,0,0,0
1078,0,null,0,0,0
1079,0,null,0,0,0
1080,0,null,0,0,0
1081,0,null,0,0,0
1082,0,null,0,0,0
1083,0,null,0,0,0
1084,0,null,0,0,0
1085,0,null,0,0,0
1086,0,null,0,0,0
1087,0,null,0,0,0
1088,0,null,0,0,0
1089,0,null,0,0,0
1090,0,null,0,0,0
1091,0,null,0,0,0
1092,0,null,0,0,0
1093,0,null,0,0,0
1094,0,null,0,0,0
1095,0,null,0,0,0
1096,0,null,0,0,0
1097,0,null,0,0,0
1098,0,null,0,0,0
1099,0,null,0,0,0
1100,0,null,0,0,0
1101,0,null,0,0,0
1102,0,null,0,0,0
1103,0,null,0,0,0
1104,0,null,0,0,0
1105,0,null,0,0,0
1106,0,null,0,0,0
1107,0,null,0,0,0
1108,0,null,0,0,0
1109,0,null,0,0,0
1110,0,null,0,0,0
1111,1,primary_proton,1,1,1
1112,0,null,0,0,0
1113,0,null,0,0,0
1114,0,null,0,0,0
1115,0,null,0,0,0
1116,0,null,0,0,0
1117,0,null,0,0,0
1118,0,null,0,0,0
1119,0,null,0,0,0
1120,0,null,0,0,0
1121,0,null,0,0,0
1122,0,null,0,0,0
1123,0,null,0,0,0
1124,26,secondary_proton,1,1,1
1125,0,null,0,0,0
1126,0,null,0,0,0
1127,0,null,0,0,0
1128,1,primary_proton,1,1,1
1129,0,null,0,0,0
1130,0,null,0,0,0
1131,0,null,0,0,0
1132,0,null,0,0,0
1133,0,null,0,0,0
1134,0,null,0,0,0
1135,0,null,0,0,0
1136,0,null,0,0,0
1137,0,null,0,0,0
1138,0,null,0,0,0
1139,1,primary_proton,1,1,1
1140,0,null,0,0,0
1141,0,null,0,0,0
1142,0,null,0,0,0
1143,0,null,0,0,0
1144,0,null,0,0,0
1145,0,null,0,0,0
1146,0,null,0,0,0
1147,0,null,0,0,0
1148,705,secondary_proton,1,1,1
1149,0,null,0,0,0
1150,0,null,0,0,0
1151,0,null,0,0,0
1152,0,null,0,0,0
1153,1,primary_proton,1,1,1
1154,0,null,0,0,0
1155,1,primary_proton,1,1,1
1156,0,null,0,0,0
1157,0,null,0,0,0
1158,0,null,0,0,0
1159,0,null,0,0,0
1160,0,null,0,0,0
1161,0,null,0,0,0
1162,0,null,0,0,0
1163,0,null,0,0,0
1164,0,null,0,0,0
1165,0,null,0,0,0
1166,0,null,0,0,0
1167,0,null,0,0,0
1168,0,null,0,0,0
1169,0,null,0,0,0
1170,10,pi+,1,1,1
1171,0,null,0,0,0
1172,10,pi+,1,1,1
1173,0,null,0,0,0
1174,0,null,0,0,0
1175,0,null,0,0,0
1176,0,null,0,0,0
1177,0,null,0,0,0
1178,1,primary_proton,1,1,1
1179,4,pi+,1,1,1
1180,0,null,0,0,0
1181,0,null,0,0,0
1182,0,null,0,0,0
1183,0,null,0,0,0
1184,0,null,0,0,0
1185,0,null,0,0,0
1025,0,null,0,0,0
1026,1,primary_proton,1,1,1
1027,0,null,0,0,0
1028,0,null,0,0,0
1029,191,secondary_proton,1,1,1
1030,0,null,0,0,0
1031,0,null,0,0,0
1032,0,null,0,0,0
1033,0,null,0,0,0
1034,0,null,0,0,0
1035,0,null,0,0,0
1036,0,null,0,0,0
1037,0,null,0,0,0
1038,0,null,0,0,0
1039,0,null,0,0,0
1040,0,null,0,0,0
1041,0,null,0,0,0
1042,0,null,0,0,0
1043,0,null,0,0,0
1044,0,null,0,0,0
1045,0,null,0,0,0
1046,0,null,0,0,0
1047,0,null,0,0,0
1048,0,null,0,0,0
1049,0,null,0,0,0
1190,0,null,0,0,0
1191,0,null,0,0,0
1192,0,null,0,0,0
1193,20,secondary_proton,1,1,0
1194,0,null,0,0,0
1195,0,null,0,0,0
1196,0,null,0,0,0
1197,0,null,0,0,0
1198,0,null,0,0,0
1199,0,null,0,0,0
1200,0,null,0,0,0
1201,0,null,0,0,0
1202,0,null,0,0,0
1203,0,null,0,0,0
1204,0,null,0,0,0
1205,0,null,0,0,0
1206,0,null,0,0,0
1207,0,null,0,0,0
1208,0,null,0,0,0
1209,0,null,0,0,0
1210,0,null,0,0,0
1211,0,null,0,0,0
1212,0,null,0,0,0
1213,0,null,0,0,0
1214,0,null,0,0,0
1215,27,secondary_proton,1,1,1
1216,0,null,0,0,0
1217,1456,secondary_proton,1,1,1
1218,0,null,0,0,0
1219,0,null,0,0,0
1220,0,null,0,0,0
1221,0,null,0,0,0
1222,0,null,0,0,0
1223,0,null,0,0,0
1224,0,null,0,0,0
1225,0,null,0,0,0
1226,1399,e-,1,1,0
1227,0,null,0,0,0
1228,0,null,0,0,0
1229,0,null,0,0,0
1230,0,null,0,0,0
1231,0,null,0,0,0
1232,0,null,0,0,0
1233,0,null,0,0,0
1234,0,null,0,0,0
1235,110,pi-,1,1,1
1236,0,null,0,0,0
1237,0,null,0,0,0
1238,0,null,0,0,0
1239,0,null,0,0,0
1240,28,secondary_proton,1,1,0
1241,0,null,0,0,0
1242,0,null,0,0,0
1243,0,null,0,0,0
1244,0,null,0,0,0
1245,0,null,0,0,0
1246,0,null,0,0,0
1247,0,null,0,0,0
1248,0,null,0,0,0
1249,0,null,0,0,0
1250,0,null,0,0,0
1251,0,null,0,0,0
1252,0,null,0,0,0
1253,0,null,0,0,0
1254,0,null,0,0,0
1255,0,null,0,0,0
1256,0,null,0,0,0
1257,0,null,0,0,0
1258,0,null,0,0,0
1259,0,null,0,0,0
1330,0,null,0,0,0
1331,0,null,0,0,0
1332,0,null,0,0,0
1333,0,null,0,0,0
1334,0,null,0,0,0
1335,0,null,0,0,0
1336,0,null,0,0,0
1337,0,null,0,0,0
1338,0,null,0,0,0
1339,0,null,0,0,0
1340,0,null,0,0,0
1341,0,null,0,0,0
1342,0,null,0,0,0
1343,0,null,0,0,0
1344,0,null,0,0,0
1345,0,null,0,0,0
1346,0,null,0,0,0
1347,0,null,0,0,0
1348,0,null,0,0,0
1349,0,null,0,0,0
1350,0,null,0,0,0
1351,0,null,0,0,0
1352,0,null,0,0,0
1353,0,null,0,0,0
1354,0,null,0,0,0
1355,0,null,0,0,0
1356,0,null,0,0,0
1357,0,null,0,0,0
1358,0,null,0,0,0
1359,0,null,0,0,0
1360,0,null,0,0,0
1361,0,null,0,0,0
1362,0,null,0,0,0
1363,0,null,0,0,0
1364,5,secondary_proton,1,1,1
1365,0,null,0,0,0
1366,0,null,0,0,0
1367,0,null,0,0,0
1368,0,null,0,0,0
1369,0,null,0,0,0
1370,0,null,0,0,0
1371,0,null,0,0,0
1372,0,null,0,0,0
1373,0,null,0,0,0
1374,0,null,0,0,0
1375,0,null,0,0,0
1376,0,null,0,0,0
1377,0,null,0,0,0
1378,0,null,0,0,0
1379,0,null,0,0,0
1380,0,null,0,0,0
1381,0,null,0,0,0
1382,0,null,0,0,0
1383,0,null,0,0,0
1384,0,null,0,0,0
1385,1,primary_proton,1,1,1
1386,0,null,0,0,0
1387,29,secondary_proton,1,1,1
1388,0,null,0,0,0
1389,0,null,0,0,0
1390,0,null,0,0,0
1391,0,null,0,0,0
1392,0,null,0,0,0
1393,0,null,0,0,0
1394,0,null,0,0,0
1395,0,null,0,0,0
1396,0,null,0,0,0
1397,0,null,0,0,0
1398,0,null,0,0,0
1399,0,null,0,0,0
1400,0,null,0,0,0
1401,0,null,0,0,0
1402,0,null,0,0,0
1403,0,null,0,0,0
1404,0,null,0,0,0
1405,0,null,0,0,0
1406,0,null,0,0,0
1407,0,null,0,0,0
1408,0,null,0,0,0
1409,0,null,0,0,0
1410,0,null,0,0,0
1411,0,null,0,0,0
1412,0,null,0,0,0
1413,0,null,0,0,0
1414,0,null,0,0,0
1415,0,null,0,0,0
1416,321,pi-,1,1,1
1417,0,null,0,0,0
1418,0,null,0,0,0
1419,0,null,0,0,0
1420,0,null,0,0,0
1421,0,null,0,0,0
1422,1,primary_proton,1,1,1
1423,0,null,0,0,0
1424,0,null,0,0,0
1425,1,primary_proton,1,1,1
1426,0,null,0,0,0
1427,7,pi+,1,1,1
1428,0,null,0,0,0
1429,0,null,0,0,0
1430,0,null,0,0,0
1431,0,null,0,0,0
1432,0,null,0,0,0
1433,0,null,0,0,0
1434,0,null,0,0,0
1435,0,null,0,0,0
1436,0,null,0,0,0
1437,1,primary_proton,1,1,1
1438,0,null,0,0,0
1439,0,null,0,0,0
1440,0,null,0,0,0
1441,0,null,0,0,0
1442,0,null,0,0,0
1443,0,null,0,0,0
1444,0,null,0,0,0
1445,0,null,0,0,0
1446,0,null,0,0,0
1447,0,null,0,0,0
1448,0,null,0,0,0
1449,0,null,0,0,0
1450,0,null,0,0,0
1451,0,null,0,0,0
1452,0,null,0,0,0
1453,0,null,0,0,0
1187,0,null,0,0,0
1188,0,null,0,0,0
1189,0,null,0,0,0
1260,0,null,0,0,0
1261,0,null,0,0,0
1262,0,null,0,0,0
1263,0,null,0,0,0
1264,0,null,0,0,0
1265,0,null,0,0,0
1266,0,null,0,0,0
1267,0,null,0,0,0
1268,0,null,0,0,0
1269,0,null,0,0,0
1270,0,null,0,0,0
1271,0,null,0,0,0
1272,0,null,0,0,0
1273,0,null,0,0,0
1274,1,primary_proton,1,1,1
1275,0,null,0,0,0
1276,0,null,0,0,0
1277,0,null,0,0,0
1278,1,primary_proton,1,1,1
1279,0,null,0,0,0
1280,0,null,0,0,0
1281,0,null,0,0,0
1282,0,null,0,0,0
1283,35,pi+,1,1,1
1284,0,null,0,0,0
1285,0,null,0,0,0
1286,0,null,0,0,0
1287,0,null,0,0,0
1288,0,null,0,0,0
1289,0,null,0,0,0
1290,1,primary_proton,1,1,1
1291,0,null,0,0,0
1292,0,null,0,0,0
1293,0,null,0,0,0
1294,0,null,0,0,0
1295,0,null,0,0,0
1296,0,null,0,0,0
1297,1305,e-,1,0,0
1298,0,null,0,0,0
1299,0,null,0,0,0
1300,1,primary_proton,1,1,1
1301,0,null,0,0,0
1302,0,null,0,0,0
1303,0,null,0,0,0
1304,0,null,0,0,0
1305,0,null,0,0,0
1306,0,null,0,0,0
1307,0,null,0,0,0
1308,0,null,0,0,0
1309,0,null,0,0,0
1310,0,null,0,0,0
1311,24,secondary_proton,1,1,1
1312,0,null,0,0,0
1313,0,null,0,0,0
1314,0,null,0,0,0
1315,0,null,0,0,0
1316,0,null,0,0,0
1317,10,pi-,1,1,1
1318,0,null,0,0,0
1319,5,pi-,1,1,1
1320,5,secondary_proton,1,1,1
1321,0,null,0,0,0
1322,0,null,0,0,0
1323,0,null,0,0,0
1324,0,null,0,0,0
1325,0,null,0,0,0
1326,0,null,0,0,0
1327,0,null,0,0,0
1328,0,null,0,0,0
1329,0,null,0,0,0
1470,0,null,0,0,0
1471,0,null,0,0,0
1472,0,null,0,0,0
1473,0,null,0,0,0
1474,0,null,0,0,0
1475,14,pi-,1,1,1
1476,0,null,0,0,0
1477,0,null,0,0,0
1478,0,null,0,0,0
1479,0,null,0,0,0
1480,0,null,0,0,0
1481,0,null,0,0,0
1482,0,null,0,0,0
1483,0,null,0,0,0
1484,0,null,0,0,0
1485,0,null,0,0,0
1486,0,null,0,0,0
1487,0,null,0,0,0
1488,0,null,0,0,0
1489,0,null,0,0,0
1490,0,null,0,0,0
1491,0,null,0,0,0
1492,0,null,0,0,0
1493,0,null,0,0,0
1494,1,primary_proton,1,1,1
1495,0,null,0,0,0
1496,0,null,0,0,0
1497,0,null,0,0,0
1498,0,null,0,0,0
1499,0,null,0,0,0
1500,1,primary_proton,1,1,1
1501,0,null,0,0,0
1502,0,null,0,0,0
1503,0,null,0,0,0
1504,0,null,0,0,0
1505,0,null,0,0,0
1506,0,null,0,0,0
1507,0,null,0,0,0
1508,0,null,0,0,0
1509,0,null,0,0,0
1510,0,null,0,0,0
1511,0,null,0,0,0
1512,0,null,0,0,0
1513,0,null,0,0,0
1514,0,null,0,0,0
1515,0,null,0,0,0
1516,0,null,0,0,0
1517,0,null,0,0,0
1518,0,null,0,0,0
1519,0,null,0,0,0
1520,0,null,0,0,0
1521,1,primary_proton,1,1,1
1522,0,null,0,0,0
1523,0,null,0,0,0
1524,0,null,0,0,0
1525,0,null,0,0,0
1526,0,null,0,0,0
1527,0,null,0,0,0
1528,0,null,0,0,0
1529,0,null,0,0,0
1530,0,null,0,0,0
1531,0,null,0,0,0
1532,0,null,0,0,0
1533,7,pi+,1,1,1
1534,0,null,0,0,0
1535,0,null,0,0,0
1536,0,null,0,0,0
1537,0,null,0,0,0
1538,0,null,0,0,0
1539,0,null,0,0,0
1540,0,null,0,0,0
1541,0,null,0,0,0
1542,0,null,0,0,0
1543,0,null,0,0,0
1544,0,null,0,0,0
1545,0,null,0,0,0
1546,0,null,0,0,0
1547,0,null,0,0,0
1548,0,null,0,0,0
1549,0,null,0,0,0
1550,0,null,0,0,0
1551,0,null,0,0,0
1552,1,primary_proton,1,1,1
1553,0,null,0,0,0
1554,0,null,0,0,0
1555,11,pi+,1,0,0
1556,0,null,0,0,0
1557,0,null,0,0,0
1558,0,null,0,0,0
1559,0,null,0,0,0
1560,0,null,0,0,0
1561,0,null,0,0,0
1562,0,null,0,0,0
1563,0,null,0,0,0
1564,8,pi-,1,1,1
1565,0,null,0,0,0
1566,0,null,0,0,0
1567,0,null,0,0,0
1568,0,null,0,0,0
1569,0,null,0,0,0
1570,0,null,0,0,0
1571,0,null,0,0,0
1572,0,null,0,0,0
1573,0,null,0,0,0
1574,0,null,0,0,0
1575,0,null,0,0,0
1576,0,null,0,0,0
1577,0,null,0,0,0
1578,0,null,0,0,0
1579,0,null,0,0,0
1580,0,null,0,0,0
1581,0,null,0,0,0
1582,0,null,0,0,0
1583,0,null,0,0,0
1584,0,null,0,0,0
1585,0,null,0,0,0
1586,0,null,0,0,0
1587,0,null,0,0,0
1588,0,null,0,0,0
1589,0,null,0,0,0
1590,0,null,0,0,0
1591,0,null,0,0,0
1592,0,null,0,0,0
1593,0,null,0,0,0
1594,0,null,0,0,0
1595,0,null,0,0,0
1596,0,null,0,0,0
1597,0,null,0,0,0
1598,0,null,0,0,0
1599,0,null,0,0,0
1600,0,null,0,0,0
1601,423,pi+,1,1,1
1602,0,null,0,0,0
1603,0,null,0,0,0
1604,0,null,0,0,0
1605,0,null,0,0,0
1606,0,null,0,0,0
1607,0,null,0,0,0
1608,0,null,0,0,0
1609,0,null,0,0,0
1680,0,null,0,0,0
1681,0,null,0,0,0
1682,0,null,0,0,0
1683,0,null,0,0,0
1684,9,pi-,1,1,1
1685,1977,secondary_proton,1,1,1
1686,0,null,0,0,0
1455,0,null,0,0,0
1456,13,pi+,1,1,1
1457,0,null,0,0,0
1458,1,primary_proton,1,1,1
1459,0,null,0,0,0
1460,0,null,0,0,0
1461,0,null,0,0,0
1462,45,pi-,1,1,0
1463,0,null,0,0,0
1464,0,null,0,0,0
1465,0,null,0,0,0
1466,0,null,0,0,0
1467,0,null,0,0,0
1468,0,null,0,0,0
1469,0,null,0,0,0
1610,0,null,0,0,0
1611,0,null,0,0,0
1612,0,null,0,0,0
1613,0,null,0,0,0
1614,0,null,0,0,0
1615,0,null,0,0,0
1616,0,null,0,0,0
1617,0,null,0,0,0
1618,0,null,0,0,0
1619,0,null,0,0,0
1620,0,null,0,0,0
1621,0,null,0,0,0
1622,0,null,0,0,0
1623,0,null,0,0,0
1624,0,null,0,0,0
1625,0,null,0,0,0
1626,17,secondary_proton,1,1,1
1627,0,null,0,0,0
1628,0,null,0,0,0
1629,0,null,0,0,0
1630,0,null,0,0,0
1631,0,null,0,0,0
1632,0,null,0,0,0
1633,0,null,0,0,0
1634,0,null,0,0,0
1635,0,null,0,0,0
1636,0,null,0,0,0
1637,0,null,0,0,0
1638,4,secondary_proton,1,1,1
1639,0,null,0,0,0
1640,0,null,0,0,0
1641,0,null,0,0,0
1642,0,null,0,0,0
1643,0,null,0,0,0
1644,0,null,0,0,0
1645,0,null,0,0,0
1646,0,null,0,0,0
1647,0,null,0,0,0
1648,0,null,0,0,0
1649,0,null,0,0,0
1650,0,null,0,0,0
1651,0,null,0,0,0
1652,0,null,0,0,0
1653,0,null,0,0,0
1654,0,null,0,0,0
1655,0,null,0,0,0
1656,0,null,0,0,0
1657,0,null,0,0,0
1658,0,null,0,0,0
1659,1,primary_proton,1,1,1
1660,0,null,0,0,0
1661,0,null,0,0,0
1662,0,null,0,0,0
1663,0,null,0,0,0
1664,0,null,0,0,0
1665,0,null,0,0,0
1666,0,null,0,0,0
1667,0,null,0,0,0
1668,0,null,0,0,0
1669,0,null,0,0,0
1670,1,primary_proton,1,1,0
1671,0,null,0,0,0
1672,0,null,0,0,0
1673,0,null,0,0,0
1674,0,null,0,0,0
1675,0,null,0,0,0
1676,0,null,0,0,0
1677,0,null,0,0,0
1678,0,null,0,0,0
1679,0,null,0,0,0
1750,0,null,0,0,0
1751,0,null,0,0,0
1752,0,null,0,0,0
1753,0,null,0,0,0
1754,0,null,0,0,0
1755,0,null,0,0,0
1756,0,null,0,0,0
1757,0,null,0,0,0
1758,0,null,0,0,0
1759,0,null,0,0,0
1760,0,null,0,0,0
1761,0,null,0,0,0
1762,0,null,0,0,0
1763,0,null,0,0,0
1764,0,null,0,0,0
1765,0,null,0,0,0
1766,0,null,0,0,0
1767,0,null,0,0,0
1768,0,null,0,0,0
1769,0,null,0,0,0
1770,0,null,0,0,0
1771,0,null,0,0,0
1772,0,null,0,0,0
1773,0,null,0,0,0
1774,0,null,0,0,0
1775,0,null,0,0,0
1776,0,null,0,0,0
1777,0,null,0,0,0
1778,0,null,0,0,0
1779,0,null,0,0,0
1780,0,null,0,0,0
1781,0,null,0,0,0
1782,0,null,0,0,0
1783,0,null,0,0,0
1784,0,null,0,0,0
1785,0,null,0,0,0
1786,0,null,0,0,0
1787,0,null,0,0,0
1788,0,null,0,0,0
1789,0,null,0,0,0
1790,0,null,0,0,0
1791,0,null,0,0,0
1792,0,null,0,0,0
1793,0,null,0,0,0
1794,0,null,0,0,0
1795,0,null,0,0,0
1796,0,null,0,0,0
1797,0,null,0,0,0
1798,0,null,0,0,0
1799,0,null,0,0,0
1800,0,null,0,0,0
1801,0,null,0,0,0
1802,0,null,0,0,0
1803,0,null,0,0,0
1804,0,null,0,0,0
1805,0,null,0,0,0
1806,0,null,0,0,0
1807,0,null,0,0,0
1808,0,null,0,0,0
1809,0,null,0,0,0
1810,0,null,0,0,0
1811,0,null,0,0,0
1812,0,null,0,0,0
1813,0,null,0,0,0
1814,0,null,0,0,0
1815,0,null,0,0,0
1816,0,null,0,0,0
1817,0,null,0,0,0
1818,0,null,0,0,0
1819,0,null,0,0,0
1820,0,null,0,0,0
1821,0,null,0,0,0
1822,0,null,0,0,0
1823,0,null,0,0,0
1824,0,null,0,0,0
1825,0,null,0,0,0
1826,0,null,0,0,0
1827,0,null,0,0,0
1828,0,null,0,0,0
1829,0,null,0,0,0
1830,0,null,0,0,0
1831,0,null,0,0,0
1832,0,null,0,0,0
1833,0,null,0,0,0
1834,0,null,0,0,0
1835,0,null,0,0,0
1836,0,null,0,0,0
1837,0,null,0,0,0
1838,0,null,0,0,0
1839,0,null,0,0,0
1840,0,null,0,0,0
1841,0,null,0,0,0
1842,0,null,0,0,0
1843,1,primary_proton,1,1,1
1844,0,null,0,0,0
1845,0,null,0,0,0
1846,0,null,0,0,0
1847,0,null,0,0,0
1848,0,null,0,0,0
1849,0,null,0,0,0
1850,0,null,0,0,0
1851,189,pi+,1,1,1
1852,0,null,0,0,0
1853,9,pi-,1,1,1
1854,0,null,0,0,0
1855,0,null,0,0,0
1856,0,null,0,0,0
1857,0,null,0,0,0
1858,0,null,0,0,0
1859,0,null,0,0,0
1860,0,null,0,0,0
1861,0,null,0,0,0
1862,0,null,0,0,0
1863,0,null,0,0,0
1864,0,null,0,0,0
1865,0,null,0,0,0
1866,0,null,0,0,0
1867,0,null,0,0,0
1868,0,null,0,0,0
1869,0,null,0,0,0
1870,0,null,0,0,0
1871,0,null,0,0,0
1872,0,null,0,0,0
1873,0,null,0,0,0
1874,0,null,0,0,0
1875,0,null,0,0,0
1876,0,null,0,0,0
1877,1,primary_proton,1,1,1
1878,0,null,0,0,0
1879,0,null,0,0,0
1880,8,pi+,1,1,1
1881,0,null,0,0,0
1882,0,null,0,0,0
1883,186,pi-,1,0,0
1884,0,null,0,0,0
1885,0,null,0,0,0
1886,0,null,0,0,0
1888,0,null,0,0,0
1889,0,null,0,0,0
1890,8,pi-,1,1,1
1891,0,null,0,0,0
1892,0,null,0,0,0
1893,0,null,0,0,0
1894,0,null,0,0,0
1895,0,null,0,0,0
1896,0,null,0,0,0
1897,0,null,0,0,0
1898,0,null,0,0,0
1899,0,null,0,0,0
1900,0,null,0,0,0
1901,0,null,0,0,0
1902,0,null,0,0,0
1903,0,null,0,0,0
1904,0,null,0,0,0
1905,0,null,0,0,0
1906,0,null,0,0,0
1907,0,null,0,0,0
1908,0,null,0,0,0
1909,0,null,0,0,0
1910,0,null,0,0,0
1911,0,null,0,0,0
1912,0,null,0,0,0
1913,0,null,0,0,0
1914,0,null,0,0,0
1915,0,null,0,0,0
1916,0,null,0,0,0
1917,0,null,0,0,0
1918,0,null,0,0,0
1919,0,null,0,0,0
1920,0,null,0,0,0
1921,0,null,0,0,0
1922,0,null,0,0,0
1923,0,null,0,0,0
1924,0,null,0,0,0
1925,0,null,0,0,0
1926,1,primary_proton,1,1,1
1927,0,null,0,0,0
1928,1,primary_proton,1,1,1
1929,0,null,0,0,0
1930,0,null,0,0,0
1931,0,null,0,0,0
1932,0,null,0,0,0
1933,0,null,0,0,0
1934,0,null,0,0,0
1935,6,pi+,1,1,1
1936,0,null,0,0,0
1937,0,null,0,0,0
1938,0,null,0,0,0
1939,0,null,0,0,0
1940,0,null,0,0,0
1941,0,null,0,0,0
1942,0,null,0,0,0
1943,0,null,0,0,0
1944,0,null,0,0,0
1945,0,null,0,0,0
1946,0,null,0,0,0
1947,0,null,0,0,0
1948,0,null,0,0,0
1949,0,null,0,0,0
1950,0,null,0,0,0
1951,0,null,0,0,0
1952,0,null,0,0,0
1953,2,secondary_proton,1,1,1
1954,0,null,0,0,0
1955,0,null,0,0,0
1956,1,primary_proton,1,1,1
1957,0,null,0,0,0
1958,0,null,0,0,0
1959,0,null,0,0,0
2030,0,null,0,0,0
2031,0,null,0,0,0
2032,0,null,0,0,0
2033,0,null,0,0,0
2034,0,null,0,0,0
2035,0,null,0,0,0
2036,0,null,0,0,0
2037,0,null,0,0,0
2038,0,null,0,0,0
2039,0,null,0,0,0
2040,0,null,0,0,0
2041,0,null,0,0,0
2042,0,null,0,0,0
2043,0,null,0,0,0
2044,0,null,0,0,0
2045,0,null,0,0,0
2046,0,null,0,0,0
2047,0,null,0,0,0
2048,0,null,0,0,0
2049,0,null,0,0,0
2050,0,null,0,0,0
2051,0,null,0,0,0
2052,0,null,0,0,0
2053,0,null,0,0,0
2054,0,null,0,0,0
2055,0,null,0,0,0
2056,0,null,0,0,0
2057,0,null,0,0,0
2058,0,null,0,0,0
2059,1,primary_proton,1,1,1
2060,0,null,0,0,0
2061,0,null,0,0,0
2062,25,pi-,1,1,1
2063,0,null,0,0,0
2064,0,null,0,0,0
2065,0,null,0,0,0
2066,0,null,0,0,0
2067,0,null,0,0,0
2068,0,null,0,0,0
2069,0,null,0,0,0
2070,0,null,0,0,0
2071,0,null,0,0,0
2072,1,primary_proton,1,1,1
2073,7434,e-,1,0,0
2074,0,null,0,0,0
2075,0,null,0,0,0
2076,0,null,0,0,0
2077,0,null,0,0,0
2078,0,null,0,0,0
2079,0,null,0,0,0
2080,0,null,0,0,0
2081,0,null,0,0,0
2082,1,primary_proton,1,1,1
2083,4,secondary_proton,1,1,1
2084,0,null,0,0,0
2085,0,null,0,0,0
2086,4,pi+,1,0,0
2087,0,null,0,0,0
2088,0,null,0,0,0
2089,1,primary_proton,1,1,1
2090,5,secondary_proton,1,1,1
2091,0,null,0,0,0
2092,0,null,0,0,0
2093,0,null,0,0,0
2094,0,null,0,0,0
2095,0,null,0,0,0
2096,0,null,0,0,0
2097,0,null,0,0,0
2098,0,null,0,0,0
2099,0,null,0,0,0
2170,0,null,0,0,0
2171,1,primary_proton,1,1,1
2172,0,null,0,0,0
2173,0,null,0,0,0
2174,0,null,0,0,0
2175,0,null,0,0,0
2176,0,null,0,0,0
2177,0,null,0,0,0
2178,0,null,0,0,0
2179,0,null,0,0,0
2180,17,secondary_proton,1,1,1
2181,0,null,0,0,0
2182,0,null,0,0,0
2183,1,primary_proton,1,1,1
2184,0,null,0,0,0
2185,0,null,0,0,0
2186,0,null,0,0,0
2187,0,null,0,0,0
2188,0,null,0,0,0
2189,0,null,0,0,0
2190,0,null,0,0,0
2191,0,null,0,0,0
2192,0,null,0,0,0
2193,0,null,0,0,0
2194,0,null,0,0,0
2195,0,null,0,0,0
2196,0,null,0,0,0
2197,0,null,0,0,0
2198,0,null,0,0,0
2199,0,null,0,0,0
2200,0,null,0,0,0
2201,0,null,0,0,0
2202,0,null,0,0,0
2203,0,null,0,0,0
2204,0,null,0,0,0
2205,0,null,0,0,0
2206,0,null,0,0,0
2207,0,null,0,0,0
2208,0,null,0,0,0
2209,0,null,0,0,0
2210,1464,e-,1,1,0
2211,0,null,0,0,0
2212,1,primary_proton,1,1,1
2213,0,null,0,0,0
2214,0,null,0,0,0
2215,0,null,0,0,0
2216,0,null,0,0,0
2217,0,null,0,0,0
2218,0,null,0,0,0
2219,0,null,0,0,0
2220,0,null,0,0,0
2221,0,null,0,0,0
2222,0,null,0,0,0
2223,0,null,0,0,0
2224,0,null,0,0,0
2225,0,null,0,0,0
2226,0,null,0,0,0
2227,0,null,0,0,0
2228,0,null,0,0,0
2229,0,null,0,0,0
2230,0,null,0,0,0
2231,0,null,0,0,0
2232,0,null,0,0,0
2233,0,null,0,0,0
2234,0,null,0,0,0
2235,0,null,0,0,0
2236,0,null,0,0,0
2237,0,null,0,0,0
2238,0,null,0,0,0
2239,0,null,0,0,0
2240,0,null,0,0,0
2241,0,null,0,0,0
2242,1,primary_proton,1,1,1
2243,0,null,0,0,0
2244,0,null,0,0,0
2245,0,null,0,0,0
1688,0,null,0,0,0
1689,0,null,0,0,0
1690,0,null,0,0,0
1691,0,null,0,0,0
1692,0,null,0,0,0
1693,0,null,0,0,0
1694,0,null,0,0,0
1695,0,null,0,0,0
1696,0,null,0,0,0
1697,0,null,0,0,0
1698,0,null,0,0,0
1699,0,null,0,0,0
1700,0,null,0,0,0
1701,0,null,0,0,0
1702,1,primary_proton,1,1,1
1703,0,null,0,0,0
1704,0,null,0,0,0
1705,0,null,0,0,0
1706,0,null,0,0,0
1707,0,null,0,0,0
1708,0,null,0,0,0
1709,0,null,0,0,0
1710,0,null,0,0,0
1711,0,null,0,0,0
1712,0,null,0,0,0
1713,0,null,0,0,0
1714,7,secondary_proton,1,1,1
1715,0,null,0,0,0
1716,1,primary_proton,1,1,1
1717,0,null,0,0,0
1718,0,null,0,0,0
1719,0,null,0,0,0
1720,0,null,0,0,0
1721,0,null,0,0,0
1722,0,null,0,0,0
1723,0,null,0,0,0
1724,0,null,0,0,0
1725,0,null,0,0,0
1726,0,null,0,0,0
1727,0,null,0,0,0
1728,0,null,0,0,0
1729,0,null,0,0,0
1730,0,null,0,0,0
1731,0,null,0,0,0
1732,0,null,0,0,0
1733,0,null,0,0,0
1734,0,null,0,0,0
1735,0,null,0,0,0
1736,0,null,0,0,0
1737,0,null,0,0,0
1738,0,null,0,0,0
1739,0,null,0,0,0
1740,0,null,0,0,0
1741,0,null,0,0,0
1742,0,null,0,0,0
1743,0,null,0,0,0
1744,0,null,0,0,0
1745,0,null,0,0,0
1746,1,primary_proton,1,1,1
1747,0,null,0,0,0
1748,0,null,0,0,0
1749,1,primary_proton,1,1,1
1960,8,pi-,1,1,1
1961,0,null,0,0,0
1962,0,null,0,0,0
1963,0,null,0,0,0
1964,0,null,0,0,0
1965,0,null,0,0,0
1966,0,null,0,0,0
1967,0,null,0,0,0
1968,0,null,0,0,0
1969,1,primary_proton,1,1,1
1970,0,null,0,0,0
1971,0,null,0,0,0
1972,0,null,0,0,0
1973,0,null,0,0,0
1974,0,null,0,0,0
1975,0,null,0,0,0
1976,0,null,0,0,0
1977,0,null,0,0,0
1978,0,null,0,0,0
1979,8,pi+,1,1,1
1980,0,null,0,0,0
1981,0,null,0,0,0
1982,0,null,0,0,0
1983,0,null,0,0,0
1984,0,null,0,0,0
1985,0,null,0,0,0
1986,0,null,0,0,0
1987,0,null,0,0,0
1988,0,null,0,0,0
1989,0,null,0,0,0
1990,0,null,0,0,0
1991,0,null,0,0,0
1992,0,null,0,0,0
1993,0,null,0,0,0
1994,0,null,0,0,0
1995,0,null,0,0,0
1996,0,null,0,0,0
1997,0,null,0,0,0
1998,0,null,0,0,0
1999,0,null,0,0,0
2000,0,null,0,0,0
2001,0,null,0,0,0
2002,0,null,0,0,0
2003,0,null,0,0,0
2004,0,null,0,0,0
2005,0,null,0,0,0
2006,0,null,0,0,0
2007,0,null,0,0,0
2008,0,null,0,0,0
2009,0,null,0,0,0
2010,0,null,0,0,0
2011,0,null,0,0,0
2012,0,null,0,0,0
2013,16,secondary_proton,1,0,0
2014,0,null,0,0,0
2015,0,null,0,0,0
2016,1,primary_proton,1,1,1
2017,0,null,0,0,0
2018,0,null,0,0,0
2019,0,null,0,0,0
2020,0,null,0,0,0
2021,0,null,0,0,0
2022,0,null,0,0,0
2023,0,null,0,0,0
2024,0,null,0,0,0
2025,0,null,0,0,0
2026,0,null,0,0,0
2027,0,null,0,0,0
2028,0,null,0,0,0
2029,2922,e-,1,1,0
2100,0,null,0,0,0
2101,0,null,0,0,0
2102,0,null,0,0,0
2103,0,null,0,0,0
2104,0,null,0,0,0
2105,0,null,0,0,0
2106,0,null,0,0,0
2107,0,null,0,0,0
2108,0,null,0,0,0
2109,1,primary_proton,1,1,1
2110,0,null,0,0,0
2111,0,null,0,0,0
2112,0,null,0,0,0
2113,0,null,0,0,0
2114,0,null,0,0,0
2115,0,null,0,0,0
2116,0,null,0,0,0
2117,1,primary_proton,1,1,1
2118,0,null,0,0,0
2119,0,null,0,0,0
2120,0,null,0,0,0
2121,0,null,0,0,0
2122,0,null,0,0,0
2123,0,null,0,0,0
2124,0,null,0,0,0
2125,0,null,0,0,0
2126,0,null,0,0,0
2127,0,null,0,0,0
2128,0,null,0,0,0
2129,5,pi-,1,1,1
2130,0,null,0,0,0
2131,1,primary_proton,1,1,1
2132,0,null,0,0,0
2133,1,primary_proton,1,1,1
2134,0,null,0,0,0
2135,0,null,0,0,0
2136,0,null,0,0,0
2137,0,null,0,0,0
2138,0,null,0,0,0
2139,0,null,0,0,0
2140,0,null,0,0,0
2141,0,null,0,0,0
2142,0,null,0,0,0
2143,0,null,0,0,0
2144,0,null,0,0,0
2145,4,pi-,1,1,1
2146,0,null,0,0,0
2147,0,null,0,0,0
2148,0,null,0,0,0
2149,0,null,0,0,0
2150,0,null,0,0,0
2151,0,null,0,0,0
2152,1,primary_proton,1,1,1
2153,0,null,0,0,0
2154,3,secondary_proton,1,0,0
2155,0,null,0,0,0
2156,0,null,0,0,0
2157,0,null,0,0,0
2158,0,null,0,0,0
2159,0,null,0,0,0
2160,0,null,0,0,0
2161,0,null,0,0,0
2162,0,null,0,0,0
2163,0,null,0,0,0
2164,0,null,0,0,0
2165,1,primary_proton,1,1,1
2166,11,secondary_proton,1,1,1
2167,0,null,0,0,0
2168,0,null,0,0,0
2169,0,null,0,0,0
2310,0,null,0,0,0
2311,0,null,0,0,0
2312,0,null,0,0,0
2313,1,primary_proton,1,1,1
2314,0,null,0,0,0
2315,0,null,0,0,0
2316,0,null,0,0,0
2317,36,pi+,1,0,0
2318,0,null,0,0,0
2319,0,null,0,0,0
2320,0,null,0,0,0
2321,0,null,0,0,0
2322,1,primary_proton,1,1,1
2323,0,null,0,0,0
2247,0,null,0,0,0
2248,0,null,0,0,0
2249,7,secondary_proton,1,1,1
2250,0,null,0,0,0
2251,0,null,0,0,0
2252,0,null,0,0,0
2253,0,null,0,0,0
2254,0,null,0,0,0
2255,0,null,0,0,0
2256,0,null,0,0,0
2257,0,null,0,0,0
2258,0,null,0,0,0
2259,0,null,0,0,0
2260,0,null,0,0,0
2261,0,null,0,0,0
2262,0,null,0,0,0
2263,0,null,0,0,0
2264,0,null,0,0,0
2265,0,null,0,0,0
2266,0,null,0,0,0
2267,0,null,0,0,0
2268,0,null,0,0,0
2269,0,null,0,0,0
2270,0,null,0,0,0
2271,0,null,0,0,0
2272,1,primary_proton,1,1,1
2273,0,null,0,0,0
2274,0,null,0,0,0
2275,0,null,0,0,0
2276,0,null,0,0,0
2277,0,null,0,0,0
2278,0,null,0,0,0
2279,0,null,0,0,0
2280,1218,e-,0,1,1
2281,0,null,0,0,0
2282,0,null,0,0,0
2283,0,null,0,0,0
2284,0,null,0,0,0
2285,0,null,0,0,0
2286,0,null,0,0,0
2287,0,null,0,0,0
2288,0,null,0,0,0
2289,0,null,0,0,0
2290,0,null,0,0,0
2291,0,null,0,0,0
2292,0,null,0,0,0
2293,0,null,0,0,0
2294,2740,e-,1,0,0
2295,0,null,0,0,0
2296,0,null,0,0,0
2297,0,null,0,0,0
2298,0,null,0,0,0
2299,0,null,0,0,0
2300,1327,pi-,1,0,0
2301,0,null,0,0,0
2302,0,null,0,0,0
2303,0,null,0,0,0
2304,0,null,0,0,0
2305,0,null,0,0,0
2306,0,null,0,0,0
2307,1,primary_proton,1,1,1
2308,0,null,0,0,0
2309,0,null,0,0,0
2380,0,null,0,0,0
2381,0,null,0,0,0
2382,0,null,0,0,0
2383,0,null,0,0,0
2384,0,null,0,0,0
2385,13,pi-,1,1,1
2386,0,null,0,0,0
2387,0,null,0,0,0
2388,0,null,0,0,0
2389,0,null,0,0,0
2390,0,null,0,0,0
2391,0,null,0,0,0
2392,0,null,0,0,0
2393,0,null,0,0,0
2394,0,null,0,0,0
2395,0,null,0,0,0
2396,0,null,0,0,0
2397,0,null,0,0,0
2398,0,null,0,0,0
2399,0,null,0,0,0
2400,0,null,0,0,0
2401,0,null,0,0,0
2402,0,null,0,0,0
2403,0,null,0,0,0
2404,0,null,0,0,0
2405,0,null,0,0,0
2406,0,null,0,0,0
2407,0,null,0,0,0
2408,0,null,0,0,0
2409,0,null,0,0,0
2410,0,null,0,0,0
2411,0,null,0,0,0
2412,0,null,0,0,0
2413,0,null,0,0,0
2414,0,null,0,0,0
2415,0,null,0,0,0
2416,0,null,0,0,0
2417,0,null,0,0,0
2418,0,null,0,0,0
2419,0,null,0,0,0
2420,0,null,0,0,0
2421,0,null,0,0,0
2422,1,primary_proton,1,1,1
2423,0,null,0,0,0
2424,683,secondary_proton,1,1,0
2425,0,null,0,0,0
2426,0,null,0,0,0
2427,0,null,0,0,0
2428,1180,e+,1,0,0
2429,0,null,0,0,0
2430,0,null,0,0,0
2431,0,null,0,0,0
2432,0,null,0,0,0
2433,0,null,0,0,0
2434,1,primary_proton,1,1,1
2435,0,null,0,0,0
2436,1,primary_proton,1,1,1
2437,0,null,0,0,0
2438,0,null,0,0,0
2439,0,null,0,0,0
2440,0,null,0,0,0
2441,0,null,0,0,0
2442,0,null,0,0,0
2443,0,null,0,0,0
2444,0,null,0,0,0
2445,0,null,0,0,0
2446,0,null,0,0,0
2447,0,null,0,0,0
2448,0,null,0,0,0
2449,0,null,0,0,0
2520,0,null,0,0,0
2521,0,null,0,0,0
2522,0,null,0,0,0
2523,0,null,0,0,0
2524,0,null,0,0,0
2525,0,null,0,0,0
2526,0,null,0,0,0
2527,0,null,0,0,0
2528,0,null,0,0,0
2529,0,null,0,0,0
2530,0,null,0,0,0
2531,0,null,0,0,0
2532,0,null,0,0,0
2533,0,null,0,0,0
2534,0,null,0,0,0
2535,0,null,0,0,0
2536,4,secondary_proton,1,1,1
2537,0,null,0,0,0
2538,0,null,0,0,0
2539,0,null,0,0,0
2540,0,null,0,0,0
2541,0,null,0,0,0
2542,0,null,0,0,0
2543,0,null,0,0,0
2544,0,null,0,0,0
2545,0,null,0,0,0
2546,0,null,0,0,0
2547,1,primary_proton,1,1,1
2548,0,null,0,0,0
2549,0,null,0,0,0
2550,16,secondary_proton,1,1,1
2551,0,null,0,0,0
2552,0,null,0,0,0
2553,0,null,0,0,0
2554,0,null,0,0,0
2555,0,null,0,0,0
2556,4,secondary_proton,1,1,1
2557,1,primary_proton,1,1,1
2558,0,null,0,0,0
2559,0,null,0,0,0
2560,0,null,0,0,0
2561,0,null,0,0,0
2562,0,null,0,0,0
2563,12,secondary_proton,1,1,1
2564,0,null,0,0,0
2565,0,null,0,0,0
2566,0,null,0,0,0
2567,0,null,0,0,0
2568,0,null,0,0,0
2569,0,null,0,0,0
2570,0,null,0,0,0
2571,12,pi+,1,1,1
2572,0,null,0,0,0
2573,0,null,0,0,0
2574,0,null,0,0,0
2575,0,null,0,0,0
2576,0,null,0,0,0
2577,0,null,0,0,0
2578,0,null,0,0,0
2579,1,primary_proton,1,1,1
2580,5,pi-,1,1,1
2581,0,null,0,0,0
2582,4305,secondary_proton,1,0,0
2583,0,null,0,0,0
2584,0,null,0,0,0
2585,0,null,0,0,0
2586,0,null,0,0,0
2587,0,null,0,0,0
2588,0,null,0,0,0
2589,0,null,0,0,0
2660,0,null,0,0,0
2661,0,null,0,0,0
2662,0,null,0,0,0
2663,0,null,0,0,0
2664,0,null,0,0,0
2665,1,primary_proton,1,1,1
2666,0,null,0,0,0
2667,0,null,0,0,0
2668,0,null,0,0,0
2669,0,null,0,0,0
2670,0,null,0,0,0
2671,0,null,0,0,0
2672,0,null,0,0,0
2325,0,null,0,0,0
2326,0,null,0,0,0
2327,0,null,0,0,0
2328,0,null,0,0,0
2329,0,null,0,0,0
2330,0,null,0,0,0
2331,0,null,0,0,0
2332,0,null,0,0,0
2333,0,null,0,0,0
2334,0,null,0,0,0
2335,0,null,0,0,0
2336,0,null,0,0,0
2337,0,null,0,0,0
2338,0,null,0,0,0
2339,0,null,0,0,0
2340,0,null,0,0,0
2341,0,null,0,0,0
2342,0,null,0,0,0
2343,0,null,0,0,0
2344,0,null,0,0,0
2345,1,primary_proton,1,1,1
2346,0,null,0,0,0
2347,0,null,0,0,0
2348,0,null,0,0,0
2349,0,null,0,0,0
2350,0,null,0,0,0
2351,0,null,0,0,0
2352,0,null,0,0,0
2353,0,null,0,0,0
2354,0,null,0,0,0
2355,0,null,0,0,0
2356,0,null,0,0,0
2357,0,null,0,0,0
2358,0,null,0,0,0
2359,1,primary_proton,1,1,0
2360,0,null,0,0,0
2361,0,null,0,0,0
2362,0,null,0,0,0
2363,0,null,0,0,0
2364,0,null,0,0,0
2365,0,null,0,0,0
2366,0,null,0,0,0
2367,0,null,0,0,0
2368,0,null,0,0,0
2369,0,null,0,0,0
2370,5,secondary_proton,1,1,0
2371,0,null,0,0,0
2372,0,null,0,0,0
2373,0,null,0,0,0
2374,0,null,0,0,0
2375,0,null,0,0,0
2376,0,null,0,0,0
2377,0,null,0,0,0
2378,0,null,0,0,0
2379,0,null,0,0,0
2450,0,null,0,0,0
2451,0,null,0,0,0
2452,0,null,0,0,0
2453,0,null,0,0,0
2454,0,null,0,0,0
2455,0,null,0,0,0
2456,0,null,0,0,0
2457,0,null,0,0,0
2458,0,null,0,0,0
2459,0,null,0,0,0
2460,0,null,0,0,0
2461,0,null,0,0,0
2462,0,null,0,0,0
2463,0,null,0,0,0
2464,0,null,0,0,0
2465,0,null,0,0,0
2466,468,pi+,1,0,0
2467,0,null,0,0,0
2468,0,null,0,0,0
2469,0,null,0,0,0
2470,0,null,0,0,0
2471,0,null,0,0,0
2472,0,null,0,0,0
2473,0,null,0,0,0
2474,0,null,0,0,0
2475,0,null,0,0,0
2476,0,null,0,0,0
2477,0,null,0,0,0
2478,0,null,0,0,0
2479,0,null,0,0,0
2480,0,null,0,0,0
2481,0,null,0,0,0
2482,0,null,0,0,0
2483,0,null,0,0,0
2484,0,null,0,0,0
2485,0,null,0,0,0
2486,0,null,0,0,0
2487,0,null,0,0,0
2488,0,null,0,0,0
2489,0,null,0,0,0
2490,0,null,0,0,0
2491,0,null,0,0,0
2492,0,null,0,0,0
2493,0,null,0,0,0
2494,0,null,0,0,0
2495,0,null,0,0,0
2496,1,primary_proton,1,1,1
2497,0,null,0,0,0
2498,0,null,0,0,0
2499,1,primary_proton,1,1,1
2500,0,null,0,0,0
2501,0,null,0,0,0
2502,0,null,0,0,0
2503,0,null,0,0,0
2504,0,null,0,0,0
2505,0,null,0,0,0
2506,0,null,0,0,0
2507,0,null,0,0,0
2508,0,null,0,0,0
2509,10,pi+,1,1,1
2510,0,null,0,0,0
2511,0,null,0,0,0
2512,0,null,0,0,0
2513,0,null,0,0,0
2514,0,null,0,0,0
2515,0,null,0,0,0
2516,0,null,0,0,0
2517,0,null,0,0,0
2518,0,null,0,0,0
2519,0,null,0,0,0
2590,0,null,0,0,0
2591,0,null,0,0,0
2592,0,null,0,0,0
2593,0,null,0,0,0
2594,0,null,0,0,0
2595,1266,pi+,1,1,1
2596,0,null,0,0,0
2597,0,null,0,0,0
2598,21,pi+,1,1,1
2599,0,null,0,0,0
2600,0,null,0,0,0
2601,0,null,0,0,0
2602,0,null,0,0,0
2603,0,null,0,0,0
2604,0,null,0,0,0
2605,0,null,0,0,0
2606,0,null,0,0,0
2607,0,null,0,0,0
2608,0,null,0,0,0
2609,0,null,0,0,0
2610,0,null,0,0,0
2611,0,null,0,0,0
2612,0,null,0,0,0
2613,0,null,0,0,0
2614,0,null,0,0,0
2615,0,null,0,0,0
2616,0,null,0,0,0
2617,0,null,0,0,0
2618,0,null,0,0,0
2619,0,null,0,0,0
2620,0,null,0,0,0
2621,0,null,0,0,0
2622,0,null,0,0,0
2623,0,null,0,0,0
2624,0,null,0,0,0
2625,1,primary_proton,1,1,1
2626,0,null,0,0,0
2627,0,null,0,0,0
2628,0,null,0,0,0
2629,11,secondary_proton,1,1,1
2630,0,null,0,0,0
2631,0,null,0,0,0
2632,0,null,0,0,0
2633,0,null,0,0,0
2634,0,null,0,0,0
2635,0,null,0,0,0
2636,0,null,0,0,0
2637,0,null,0,0,0
2638,0,null,0,0,0
2639,1,primary_proton,1,1,1
2640,0,null,0,0,0
2641,0,null,0,0,0
2642,0,null,0,0,0
2643,0,null,0,0,0
2644,0,null,0,0,0
2645,0,null,0,0,0
2646,0,null,0,0,0
2647,0,null,0,0,0
2648,0,null,0,0,0
2649,0,null,0,0,0
2650,0,null,0,0,0
2651,420,pi-,1,1,1
2652,0,null,0,0,0
2653,0,null,0,0,0
2654,0,null,0,0,0
2655,15,pi-,1,1,1
2656,0,null,0,0,0
2657,7,pi-,1,1,1
2658,0,null,0,0,0
2659,0,null,0,0,0
2800,0,null,0,0,0
2801,0,null,0,0,0
2802,1,primary_proton,1,1,1
2803,0,null,0,0,0
2804,0,null,0,0,0
2805,0,null,0,0,0
2806,0,null,0,0,0
2807,0,null,0,0,0
2808,0,null,0,0,0
2809,0,null,0,0,0
2810,0,null,0,0,0
2811,0,null,0,0,0
2812,0,null,0,0,0
2813,0,null,0,0,0
2814,0,null,0,0,0
2815,0,null,0,0,0
2816,0,null,0,0,0
2817,0,null,0,0,0
2818,0,null,0,0,0
2819,0,null,0,0,0
2820,0,null,0,0,0
2821,0,null,0,0,0
2822,0,null,0,0,0
2823,0,null,0,0,0
2824,0,null,0,0,0
2825,0,null,0,0,0
2674,0,null,0,0,0
2675,0,null,0,0,0
2676,0,null,0,0,0
2677,0,null,0,0,0
2678,0,null,0,0,0
2679,0,null,0,0,0
2680,0,null,0,0,0
2681,0,null,0,0,0
2682,0,null,0,0,0
2683,0,null,0,0,0
2684,15,pi+,1,1,1
2685,0,null,0,0,0
2686,0,null,0,0,0
2687,0,null,0,0,0
2688,0,null,0,0,0
2689,0,null,0,0,0
2690,0,null,0,0,0
2691,0,null,0,0,0
2692,0,null,0,0,0
2693,0,null,0,0,0
2694,0,null,0,0,0
2695,0,null,0,0,0
2696,0,null,0,0,0
2697,0,null,0,0,0
2698,0,null,0,0,0
2699,0,null,0,0,0
2700,0,null,0,0,0
2701,0,null,0,0,0
2702,0,null,0,0,0
2703,0,null,0,0,0
2704,0,null,0,0,0
2705,8,secondary_proton,1,1,1
2706,1,primary_proton,1,1,1
2707,0,null,0,0,0
2708,0,null,0,0,0
2709,0,null,0,0,0
2710,0,null,0,0,0
2711,0,null,0,0,0
2712,0,null,0,0,0
2713,0,null,0,0,0
2714,0,null,0,0,0
2715,0,null,0,0,0
2716,0,null,0,0,0
2717,0,null,0,0,0
2718,0,null,0,0,0
2719,0,null,0,0,0
2720,0,null,0,0,0
2721,0,null,0,0,0
2722,0,null,0,0,0
2723,0,null,0,0,0
2724,0,null,0,0,0
2725,0,null,0,0,0
2726,0,null,0,0,0
2727,0,null,0,0,0
2728,1,primary_proton,1,1,1
2729,0,null,0,0,0
2730,0,null,0,0,0
2731,0,null,0,0,0
2732,0,null,0,0,0
2733,0,null,0,0,0
2734,0,null,0,0,0
2735,0,null,0,0,0
2736,0,null,0,0,0
2737,0,null,0,0,0
2738,0,null,0,0,0
2739,0,null,0,0,0
2740,0,null,0,0,0
2741,0,null,0,0,0
2742,0,null,0,0,0
2743,0,null,0,0,0
2744,0,null,0,0,0
2745,0,null,0,0,0
2746,0,null,0,0,0
2747,0,null,0,0,0
2748,0,null,0,0,0
2749,0,null,0,0,0
2750,0,null,0,0,0
2751,0,null,0,0,0
2752,0,null,0,0,0
2753,0,null,0,0,0
2754,0,null,0,0,0
2755,0,null,0,0,0
2756,0,null,0,0,0
2757,0,null,0,0,0
2758,0,null,0,0,0
2759,0,null,0,0,0
2760,0,null,0,0,0
2761,0,null,0,0,0
2762,0,null,0,0,0
2763,0,null,0,0,0
2764,0,null,0,0,0
2765,0,null,0,0,0
2766,0,null,0,0,0
2767,0,null,0,0,0
2768,0,null,0,0,0
2769,0,null,0,0,0
2770,0,null,0,0,0
2771,0,null,0,0,0
2772,0,null,0,0,0
2773,0,null,0,0,0
2774,0,null,0,0,0
2775,0,null,0,0,0
2776,0,null,0,0,0
2777,0,null,0,0,0
2778,0,null,0,0,0
2779,0,null,0,0,0
2780,0,null,0,0,0
2781,0,null,0,0,0
2782,0,null,0,0,0
2783,0,null,0,0,0
2784,0,null,0,0,0
2785,0,null,0,0,0
2786,0,null,0,0,0
2787,0,null,0,0,0
2788,0,null,0,0,0
2789,0,null,0,0,0
2790,0,null,0,0,0
2791,2,secondary_proton,1,1,1
2792,17,pi-,1,1,1
2793,0,null,0,0,0
2794,0,null,0,0,0
2795,0,null,0,0,0
2796,0,null,0,0,0
2797,0,null,0,0,0
2798,0,null,0,0,0
2799,0,null,0,0,0
2940,0,null,0,0,0
2941,0,null,0,0,0
2942,0,null,0,0,0
2943,0,null,0,0,0
2944,0,null,0,0,0
2945,0,null,0,0,0
2946,0,null,0,0,0
2947,0,null,0,0,0
2948,0,null,0,0,0
2949,0,null,0,0,0
2950,0,null,0,0,0
2951,0,null,0,0,0
2952,0,null,0,0,0
2953,1,primary_proton,1,1,1
2954,1,primary_proton,1,1,1
2955,0,null,0,0,0
2956,0,null,0,0,0
2957,0,null,0,0,0
2958,0,null,0,0,0
2959,0,null,0,0,0
2960,0,null,0,0,0
2961,0,null,0,0,0
2962,0,null,0,0,0
2963,4,secondary_proton,1,1,1
2964,0,null,0,0,0
2965,0,null,0,0,0
2966,1,primary_proton,1,1,1
2967,0,null,0,0,0
2968,0,null,0,0,0
2969,0,null,0,0,0
2970,0,null,0,0,0
2971,0,null,0,0,0
2972,0,null,0,0,0
2973,0,null,0,0,0
2974,0,null,0,0,0
2975,0,null,0,0,0
2976,0,null,0,0,0
2977,0,null,0,0,0
2978,6,secondary_proton,1,1,1
2979,0,null,0,0,0
2980,0,null,0,0,0
2981,0,null,0,0,0
2982,0,null,0,0,0
2983,0,null,0,0,0
2984,0,null,0,0,0
2985,0,null,0,0,0
2986,0,null,0,0,0
2987,0,null,0,0,0
2988,0,null,0,0,0
2989,0,null,0,0,0
2990,0,null,0,0,0
2991,0,null,0,0,0
2992,0,null,0,0,0
2993,0,null,0,0,0
2994,0,null,0,0,0
2995,0,null,0,0,0
2996,0,null,0,0,0
2997,1,primary_proton,1,1,1
2998,0,null,0,0,0
2999,0,null,0,0,0
3000,0,null,0,0,0
3001,0,null,0,0,0
3002,0,null,0,0,0
3003,0,null,0,0,0
3004,1,primary_proton,1,1,1
3005,0,null,0,0,0
3006,0,null,0,0,0
3007,0,null,0,0,0
3008,0,null,0,0,0
3009,0,null,0,0,0
3010,0,null,0,0,0
3011,0,null,0,0,0
3012,0,null,0,0,0
3013,0,null,0,0,0
3014,0,null,0,0,0
3015,0,null,0,0,0
3016,0,null,0,0,0
3017,0,null,0,0,0
3018,0,null,0,0,0
3019,0,null,0,0,0
3020,0,null,0,0,0
3021,0,null,0,0,0
3022,0,null,0,0,0
3023,0,null,0,0,0
3024,0,null,0,0,0
3025,0,null,0,0,0
3026,0,null,0,0,0
3027,0,null,0,0,0
3028,0,null,0,0,0
3029,0,null,0,0,0
3030,0,null,0,0,0
3031,13,pi+,1,1,1
3032,0,null,0,0,0
3033,5,pi+,1,1,0
2827,0,null,0,0,0
2828,0,null,0,0,0
2829,0,null,0,0,0
2830,0,null,0,0,0
2831,0,null,0,0,0
2832,0,null,0,0,0
2833,0,null,0,0,0
2834,0,null,0,0,0
2835,0,null,0,0,0
2836,0,null,0,0,0
2837,0,null,0,0,0
2838,0,null,0,0,0
2839,0,null,0,0,0
2840,0,null,0,0,0
2841,0,null,0,0,0
2842,0,null,0,0,0
2843,0,null,0,0,0
2844,0,null,0,0,0
2845,0,null,0,0,0
2846,0,null,0,0,0
2847,0,null,0,0,0
2848,0,null,0,0,0
2849,0,null,0,0,0
2850,0,null,0,0,0
2851,0,null,0,0,0
2852,0,null,0,0,0
2853,0,null,0,0,0
2854,1,primary_proton,1,1,1
2855,0,null,0,0,0
2856,0,null,0,0,0
2857,0,null,0,0,0
2858,0,null,0,0,0
2859,0,null,0,0,0
2860,0,null,0,0,0
2861,0,null,0,0,0
2862,0,null,0,0,0
2863,0,null,0,0,0
2864,0,null,0,0,0
2865,1,primary_proton,1,1,1
2866,0,null,0,0,0
2867,0,null,0,0,0
2868,0,null,0,0,0
2869,0,null,0,0,0
2870,0,null,0,0,0
2871,0,null,0,0,0
2872,0,null,0,0,0
2873,0,null,0,0,0
2874,0,null,0,0,0
2875,0,null,0,0,0
2876,0,null,0,0,0
2877,0,null,0,0,0
2878,0,null,0,0,0
2879,0,null,0,0,0
2880,0,null,0,0,0
2881,0,null,0,0,0
2882,1,primary_proton,1,1,1
2883,0,null,0,0,0
2884,0,null,0,0,0
2885,0,null,0,0,0
2886,0,null,0,0,0
2887,0,null,0,0,0
2888,0,null,0,0,0
2889,0,null,0,0,0
2890,0,null,0,0,0
2891,0,null,0,0,0
2892,0,null,0,0,0
2893,0,null,0,0,0
2894,0,null,0,0,0
2895,0,null,0,0,0
2896,0,null,0,0,0
2897,0,null,0,0,0
2898,0,null,0,0,0
2899,0,null,0,0,0
2900,0,null,0,0,0
2901,0,null,0,0,0
2902,0,null,0,0,0
2903,0,null,0,0,0
2904,0,null,0,0,0
2905,1,primary_proton,1,1,1
2906,0,null,0,0,0
2907,0,null,0,0,0
2908,0,null,0,0,0
2909,1,primary_proton,1,1,1
2910,0,null,0,0,0
2911,0,null,0,0,0
2912,2839,e-,1,1,0
2913,0,null,0,0,0
2914,0,null,0,0,0
2915,0,null,0,0,0
2916,0,null,0,0,0
2917,0,null,0,0,0
2918,0,null,0,0,0
2919,0,null,0,0,0
2920,0,null,0,0,0
2921,0,null,0,0,0
2922,0,null,0,0,0
2923,6,secondary_proton,1,1,1
2924,0,null,0,0,0
2925,8,secondary_proton,1,1,0
2926,436,pi-,1,0,0
2927,4,secondary_proton,1,1,1
2928,0,null,0,0,0
2929,0,null,0,0,0
2930,0,null,0,0,0
2931,0,null,0,0,0
2932,0,null,0,0,0
2933,0,null,0,0,0
2934,0,null,0,0,0
2935,0,null,0,0,0
2936,0,null,0,0,0
2937,0,null,0,0,0
2938,0,null,0,0,0
2939,0,null,0,0,0
3080,0,null,0,0,0
3081,0,null,0,0,0
3082,0,null,0,0,0
3083,0,null,0,0,0
3084,0,null,0,0,0
3085,0,null,0,0,0
3086,0,null,0,0,0
3087,0,null,0,0,0
3088,0,null,0,0,0
3089,0,null,0,0,0
3090,0,null,0,0,0
3091,0,null,0,0,0
3092,0,null,0,0,0
3093,0,null,0,0,0
3094,0,null,0,0,0
3095,0,null,0,0,0
3096,0,null,0,0,0
3097,0,null,0,0,0
3098,0,null,0,0,0
3099,0,null,0,0,0
3100,0,null,0,0,0
3101,0,null,0,0,0
3102,0,null,0,0,0
3103,0,null,0,0,0
3104,0,null,0,0,0
3105,0,null,0,0,0
3106,0,null,0,0,0
3107,0,null,0,0,0
3108,0,null,0,0,0
3109,245,secondary_proton,1,1,0
3110,0,null,0,0,0
3111,0,null,0,0,0
3112,0,null,0,0,0
3113,0,null,0,0,0
3114,0,null,0,0,0
3115,0,null,0,0,0
3116,0,null,0,0,0
3117,0,null,0,0,0
3118,0,null,0,0,0
3119,0,null,0,0,0
3120,0,null,0,0,0
3121,0,null,0,0,0
3122,1,primary_proton,1,1,1
3123,0,null,0,0,0
3124,0,null,0,0,0
3125,0,null,0,0,0
3126,0,null,0,0,0
3127,0,null,0,0,0
3128,1,primary_proton,1,1,1
3129,0,null,0,0,0
3130,0,null,0,0,0
3131,0,null,0,0,0
3132,0,null,0,0,0
3133,0,null,0,0,0
3134,0,null,0,0,0
3135,0,null,0,0,0
3136,0,null,0,0,0
3137,0,null,0,0,0
3138,0,null,0,0,0
3139,0,null,0,0,0
3140,0,null,0,0,0
3141,10,pi+,1,1,0
3142,0,null,0,0,0
3143,0,null,0,0,0
3144,0,null,0,0,0
3145,0,null,0,0,0
3146,0,null,0,0,0
3147,0,null,0,0,0
3148,13,pi+,1,1,1
3149,7,secondary_proton,1,0,0
3150,0,null,0,0,0
3151,0,null,0,0,0
3152,0,null,0,0,0
3153,0,null,0,0,0
3154,0,null,0,0,0
3155,0,null,0,0,0
3156,0,null,0,0,0
3157,0,null,0,0,0
3158,18,pi+,1,1,1
3159,0,null,0,0,0
3160,1,primary_proton,1,1,1
3161,0,null,0,0,0
3162,0,null,0,0,0
3163,10,secondary_proton,1,1,0
3164,0,null,0,0,0
3165,0,null,0,0,0
3166,0,null,0,0,0
3167,0,null,0,0,0
3168,0,null,0,0,0
3169,0,null,0,0,0
3170,0,null,0,0,0
3171,0,null,0,0,0
3172,0,null,0,0,0
3173,3,secondary_proton,1,1,1
3174,0,null,0,0,0
3175,0,null,0,0,0
3176,0,null,0,0,0
3177,0,null,0,0,0
3178,0,null,0,0,0
3179,0,null,0,0,0
3180,0,null,0,0,0
3181,0,null,0,0,0
3182,0,null,0,0,0
3183,0,null,0,0,0
3185,0,null,0,0,0
3186,5,pi+,1,1,0
3187,0,null,0,0,0
3188,0,null,0,0,0
3189,0,null,0,0,0
3190,0,null,0,0,0
3191,0,null,0,0,0
3192,0,null,0,0,0
3193,0,null,0,0,0
3194,0,null,0,0,0
3195,0,null,0,0,0
3196,0,null,0,0,0
3197,0,null,0,0,0
3198,0,null,0,0,0
3199,0,null,0,0,0
3200,0,null,0,0,0
3201,0,null,0,0,0
3202,0,null,0,0,0
3203,0,null,0,0,0
3204,0,null,0,0,0
3205,0,null,0,0,0
3206,0,null,0,0,0
3207,0,null,0,0,0
3208,0,null,0,0,0
3209,0,null,0,0,0
3210,0,null,0,0,0
3211,0,null,0,0,0
3212,0,null,0,0,0
3213,0,null,0,0,0
3214,0,null,0,0,0
3215,0,null,0,0,0
3216,0,null,0,0,0
3217,0,null,0,0,0
3218,0,null,0,0,0
3219,0,null,0,0,0
3220,0,null,0,0,0
3221,0,null,0,0,0
3222,0,null,0,0,0
3223,0,null,0,0,0
3224,0,null,0,0,0
3225,0,null,0,0,0
3226,0,null,0,0,0
3227,0,null,0,0,0
3228,0,null,0,0,0
3229,0,null,0,0,0
3230,0,null,0,0,0
3231,0,null,0,0,0
3232,0,null,0,0,0
3233,0,null,0,0,0
3234,0,null,0,0,0
3235,0,null,0,0,0
3236,0,null,0,0,0
3237,0,null,0,0,0
3238,0,null,0,0,0
3239,0,null,0,0,0
3240,0,null,0,0,0
3241,0,null,0,0,0
3242,0,null,0,0,0
3243,13,secondary_proton,1,1,1
3244,0,null,0,0,0
3245,0,null,0,0,0
3246,9,pi-,1,1,1
3247,0,null,0,0,0
3248,0,null,0,0,0
3249,0,null,0,0,0
3250,0,null,0,0,0
3251,0,null,0,0,0
3252,0,null,0,0,0
3253,0,null,0,0,0
3254,0,null,0,0,0
3255,0,null,0,0,0
3256,0,null,0,0,0
3257,0,null,0,0,0
3258,0,null,0,0,0
3259,0,null,0,0,0
3260,0,null,0,0,0
3261,0,null,0,0,0
3262,0,null,0,0,0
3263,0,null,0,0,0
3264,0,null,0,0,0
3265,0,null,0,0,0
3266,0,null,0,0,0
3267,0,null,0,0,0
3268,0,null,0,0,0
3269,0,null,0,0,0
3270,0,null,0,0,0
3271,0,null,0,0,0
3272,0,null,0,0,0
3273,0,null,0,0,0
3274,0,null,0,0,0
3275,0,null,0,0,0
3276,0,null,0,0,0
3277,0,null,0,0,0
3278,0,null,0,0,0
3279,13,secondary_proton,1,0,0
3280,0,null,0,0,0
3281,0,null,0,0,0
3282,0,null,0,0,0
3283,0,null,0,0,0
3284,0,null,0,0,0
3285,0,null,0,0,0
3286,0,null,0,0,0
3287,6,secondary_proton,1,1,1
3288,1,primary_proton,1,1,1
3289,0,null,0,0,0
3360,0,null,0,0,0
3361,0,null,0,0,0
3362,0,null,0,0,0
3363,1,primary_proton,1,1,1
3364,0,null,0,0,0
3365,0,null,0,0,0
3366,0,null,0,0,0
3367,0,null,0,0,0
3368,0,null,0,0,0
3369,0,null,0,0,0
3370,0,null,0,0,0
3371,0,null,0,0,0
3372,0,null,0,0,0
3373,0,null,0,0,0
3374,0,null,0,0,0
3375,0,null,0,0,0
3376,0,null,0,0,0
3377,0,null,0,0,0
3378,0,null,0,0,0
3379,1,primary_proton,1,1,1
3380,0,null,0,0,0
3381,0,null,0,0,0
3382,0,null,0,0,0
3383,0,null,0,0,0
3384,0,null,0,0,0
3385,0,null,0,0,0
3386,0,null,0,0,0
3387,0,null,0,0,0
3388,2,secondary_proton,1,1,0
3389,0,null,0,0,0
3390,0,null,0,0,0
3391,0,null,0,0,0
3392,0,null,0,0,0
3393,0,null,0,0,0
3394,0,null,0,0,0
3395,0,null,0,0,0
3396,0,null,0,0,0
3397,0,null,0,0,0
3398,0,null,0,0,0
3399,0,null,0,0,0
3400,0,null,0,0,0
3401,0,null,0,0,0
3402,0,null,0,0,0
3403,0,null,0,0,0
3404,1,primary_proton,1,1,1
3405,0,null,0,0,0
3406,0,null,0,0,0
3407,0,null,0,0,0
3408,0,null,0,0,0
3409,0,null,0,0,0
3410,0,null,0,0,0
3411,0,null,0,0,0
3412,0,null,0,0,0
3413,0,null,0,0,0
3414,0,null,0,0,0
3415,0,null,0,0,0
3416,0,null,0,0,0
3417,0,null,0,0,0
3418,0,null,0,0,0
3419,0,null,0,0,0
3420,0,null,0,0,0
3421,0,null,0,0,0
3422,0,null,0,0,0
3423,0,null,0,0,0
3424,0,null,0,0,0
3425,0,null,0,0,0
3426,0,null,0,0,0
3427,0,null,0,0,0
3428,0,null,0,0,0
3429,0,null,0,0,0
3430,0,null,0,0,0
3431,0,null,0,0,0
3432,0,null,0,0,0
3433,0,null,0,0,0
3434,0,null,0,0,0
3435,0,null,0,0,0
3436,0,null,0,0,0
3437,0,null,0,0,0
3438,0,null,0,0,0
3439,0,null,0,0,0
3440,0,null,0,0,0
3441,1,primary_proton,1,1,1
3442,0,null,0,0,0
3443,0,null,0,0,0
3444,0,null,0,0,0
3445,0,null,0,0,0
3446,0,null,0,0,0
3447,0,null,0,0,0
3448,0,null,0,0,0
3449,0,null,0,0,0
3450,0,null,0,0,0
3451,0,null,0,0,0
3452,0,null,0,0,0
3453,0,null,0,0,0
3454,0,null,0,0,0
3455,9,pi-,1,1,1
3456,0,null,0,0,0
3457,0,null,0,0,0
3458,0,null,0,0,0
3459,0,null,0,0,0
3460,0,null,0,0,0
3461,0,null,0,0,0
3462,1324,pi+,1,0,0
3463,0,null,0,0,0
3464,1,primary_proton,1,1,1
3465,0,null,0,0,0
3466,0,null,0,0,0
3467,0,null,0,0,0
3468,0,null,0,0,0
3469,0,null,0,0,0
3470,0,null,0,0,0
3471,0,null,0,0,0
3472,0,null,0,0,0
3473,0,null,0,0,0
3474,0,null,0,0,0
3035,0,null,0,0,0
3036,0,null,0,0,0
3037,0,null,0,0,0
3038,0,null,0,0,0
3039,0,null,0,0,0
3040,0,null,0,0,0
3041,0,null,0,0,0
3042,10,pi-,1,0,0
3043,0,null,0,0,0
3044,0,null,0,0,0
3045,0,null,0,0,0
3046,0,null,0,0,0
3047,0,null,0,0,0
3048,0,null,0,0,0
3049,0,null,0,0,0
3050,0,null,0,0,0
3051,0,null,0,0,0
3052,0,null,0,0,0
3053,0,null,0,0,0
3054,0,null,0,0,0
3055,0,null,0,0,0
3056,0,null,0,0,0
3057,2,secondary_proton,1,1,1
3058,0,null,0,0,0
3059,0,null,0,0,0
3060,0,null,0,0,0
3061,1,primary_proton,1,1,1
3062,7,pi-,1,1,1
3063,15,pi-,1,1,1
3064,0,null,0,0,0
3065,0,null,0,0,0
3066,0,null,0,0,0
3067,0,null,0,0,0
3068,0,null,0,0,0
3069,0,null,0,0,0
3070,0,null,0,0,0
3071,0,null,0,0,0
3072,0,null,0,0,0
3073,0,null,0,0,0
3074,0,null,0,0,0
3075,0,null,0,0,0
3076,0,null,0,0,0
3077,0,null,0,0,0
3078,0,null,0,0,0
3079,0,null,0,0,0
3290,0,null,0,0,0
3291,0,null,0,0,0
3292,0,null,0,0,0
3293,12,pi+,1,1,1
3294,0,null,0,0,0
3295,0,null,0,0,0
3296,0,null,0,0,0
3297,0,null,0,0,0
3298,2050,e-,1,1,1
3299,0,null,0,0,0
3300,0,null,0,0,0
3301,0,null,0,0,0
3302,0,null,0,0,0
3303,0,null,0,0,0
3304,1,primary_proton,1,1,1
3305,0,null,0,0,0
3306,0,null,0,0,0
3307,0,null,0,0,0
3308,0,null,0,0,0
3309,0,null,0,0,0
3310,0,null,0,0,0
3311,7603,deuteron,1,0,0
3312,0,null,0,0,0
3313,0,null,0,0,0
3314,1,primary_proton,1,1,1
3315,0,null,0,0,0
3316,0,null,0,0,0
3317,0,null,0,0,0
3318,0,null,0,0,0
3319,1,primary_proton,1,0,0
3320,0,null,0,0,0
3321,0,null,0,0,0
3322,0,null,0,0,0
3323,0,null,0,0,0
3324,0,null,0,0,0
3325,0,null,0,0,0
3326,0,null,0,0,0
3327,5,secondary_proton,1,1,1
3328,0,null,0,0,0
3329,0,null,0,0,0
3330,0,null,0,0,0
3331,0,null,0,0,0
3332,0,null,0,0,0
3333,0,null,0,0,0
3334,0,null,0,0,0
3335,0,null,0,0,0
3336,0,null,0,0,0
3337,0,null,0,0,0
3338,9,pi+,1,0,0
3339,0,null,0,0,0
3340,0,null,0,0,0
3341,0,null,0,0,0
3342,0,null,0,0,0
3343,0,null,0,0,0
3344,0,null,0,0,0
3345,0,null,0,0,0
3346,0,null,0,0,0
3347,0,null,0,0,0
3348,0,null,0,0,0
3349,2,secondary_proton,1,1,1
3350,0,null,0,0,0
3351,0,null,0,0,0
3352,0,null,0,0,0
3353,0,null,0,0,0
3354,0,null,0,0,0
3355,0,null,0,0,0
3356,0,null,0,0,0
3357,0,null,0,0,0
3358,0,null,0,0,0
3359,0,null,0,0,0
3500,0,null,0,0,0
3501,0,null,0,0,0
3502,0,null,0,0,0
3503,1,primary_proton,1,1,1
3504,0,null,0,0,0
3505,0,null,0,0,0
3506,0,null,0,0,0
3507,0,null,0,0,0
3508,0,null,0,0,0
3509,0,null,0,0,0
3510,13,pi-,1,1,1
3511,0,null,0,0,0
3512,0,null,0,0,0
3513,0,null,0,0,0
3514,0,null,0,0,0
3515,5937,secondary_proton,1,0,0
3516,0,null,0,0,0
3517,1,primary_proton,1,1,1
3518,0,null,0,0,0
3519,0,null,0,0,0
3520,8,secondary_proton,1,1,1
3521,0,null,0,0,0
3522,0,null,0,0,0
3523,0,null,0,0,0
3524,1,primary_proton,1,1,1
3525,0,null,0,0,0
3526,0,null,0,0,0
3527,27,pi-,1,1,1
3528,0,null,0,0,0
3529,0,null,0,0,0
3530,0,null,0,0,0
3531,0,null,0,0,0
3532,0,null,0,0,0
3533,0,null,0,0,0
3534,0,null,0,0,0
3535,0,null,0,0,0
3536,0,null,0,0,0
3537,0,null,0,0,0
3538,0,null,0,0,0
3539,0,null,0,0,0
3540,0,null,0,0,0
3541,0,null,0,0,0
3542,0,null,0,0,0
3543,14,pi-,1,1,1
3544,0,null,0,0,0
3545,0,null,0,0,0
3546,0,null,0,0,0
3547,0,null,0,0,0
3548,1,primary_proton,1,1,1
3549,10,pi-,1,1,1
3550,0,null,0,0,0
3551,0,null,0,0,0
3552,0,null,0,0,0
3553,0,null,0,0,0
3554,0,null,0,0,0
3555,0,null,0,0,0
3556,0,null,0,0,0
3557,0,null,0,0,0
3558,0,null,0,0,0
3559,0,null,0,0,0
3560,0,null,0,0,0
3561,0,null,0,0,0
3562,0,null,0,0,0
3563,0,null,0,0,0
3564,0,null,0,0,0
3565,0,null,0,0,0
3566,0,null,0,0,0
3567,0,null,0,0,0
3568,0,null,0,0,0
3569,0,null,0,0,0
3640,0,null,0,0,0
3641,0,null,0,0,0
3642,0,null,0,0,0
3643,0,null,0,0,0
3644,0,null,0,0,0
3645,0,null,0,0,0
3646,0,null,0,0,0
3647,6,pi+,1,0,0
3648,0,null,0,0,0
3649,0,null,0,0,0
3650,1,primary_proton,1,1,1
3651,0,null,0,0,0
3652,1,primary_proton,1,1,1
3653,0,null,0,0,0
3654,0,null,0,0,0
3655,0,null,0,0,0
3656,0,null,0,0,0
3657,0,null,0,0,0
3658,0,null,0,0,0
3659,0,null,0,0,0
3660,0,null,0,0,0
3661,0,null,0,0,0
3662,0,null,0,0,0
3663,0,null,0,0,0
3664,0,null,0,0,0
3665,0,null,0,0,0
3666,0,null,0,0,0
3667,0,null,0,0,0
3668,0,null,0,0,0
3669,0,null,0,0,0
3670,0,null,0,0,0
3671,0,null,0,0,0
3476,0,null,0,0,0
3477,0,null,0,0,0
3478,0,null,0,0,0
3479,0,null,0,0,0
3480,0,null,0,0,0
3481,0,null,0,0,0
3482,0,null,0,0,0
3483,0,null,0,0,0
3484,0,null,0,0,0
3485,0,null,0,0,0
3486,0,null,0,0,0
3487,0,null,0,0,0
3488,0,null,0,0,0
3489,0,null,0,0,0
3490,0,null,0,0,0
3491,0,null,0,0,0
3492,0,null,0,0,0
3493,0,null,0,0,0
3494,0,null,0,0,0
3495,6,pi+,1,1,1
3496,0,null,0,0,0
3497,0,null,0,0,0
3498,0,null,0,0,0
3499,0,null,0,0,0
3570,0,null,0,0,0
3571,0,null,0,0,0
3572,0,null,0,0,0
3573,0,null,0,0,0
3574,0,null,0,0,0
3575,0,null,0,0,0
3576,0,null,0,0,0
3577,0,null,0,0,0
3578,0,null,0,0,0
3579,0,null,0,0,0
3580,0,null,0,0,0
3581,0,null,0,0,0
3582,0,null,0,0,0
3583,0,null,0,0,0
3584,0,null,0,0,0
3585,0,null,0,0,0
3586,0,null,0,0,0
3587,0,null,0,0,0
3588,0,null,0,0,0
3589,1,primary_proton,1,1,1
3590,0,null,0,0,0
3591,0,null,0,0,0
3592,0,null,0,0,0
3593,0,null,0,0,0
3594,0,null,0,0,0
3595,0,null,0,0,0
3596,52,pi+,1,1,1
3597,0,null,0,0,0
3598,0,null,0,0,0
3599,0,null,0,0,0
3600,0,null,0,0,0
3601,0,null,0,0,0
3602,0,null,0,0,0
3603,4247,e-,1,0,0
3604,0,null,0,0,0
3605,0,null,0,0,0
3606,0,null,0,0,0
3607,7,secondary_proton,1,1,1
3608,0,null,0,0,0
3609,0,null,0,0,0
3610,0,null,0,0,0
3611,0,null,0,0,0
3612,0,null,0,0,0
3613,0,null,0,0,0
3614,0,null,0,0,0
3615,2,secondary_proton,1,1,1
3616,0,null,0,0,0
3617,0,null,0,0,0
3618,0,null,0,0,0
3619,0,null,0,0,0
3620,1,primary_proton,1,1,1
3621,0,null,0,0,0
3622,0,null,0,0,0
3623,0,null,0,0,0
3624,0,null,0,0,0
3625,0,null,0,0,0
3626,0,null,0,0,0
3627,0,null,0,0,0
3628,0,null,0,0,0
3629,0,null,0,0,0
3630,0,null,0,0,0
3631,0,null,0,0,0
3632,0,null,0,0,0
3633,0,null,0,0,0
3634,0,null,0,0,0
3635,0,null,0,0,0
3636,0,null,0,0,0
3637,0,null,0,0,0
3638,0,null,0,0,0
3639,0,null,0,0,0
3710,0,null,0,0,0
3711,0,null,0,0,0
3712,0,null,0,0,0
3713,0,null,0,0,0
3714,0,null,0,0,0
3715,0,null,0,0,0
3716,0,null,0,0,0
3717,0,null,0,0,0
3718,0,null,0,0,0
3719,0,null,0,0,0
3720,0,null,0,0,0
3721,0,null,0,0,0
3722,0,null,0,0,0
3723,0,null,0,0,0
3724,0,null,0,0,0
3725,0,null,0,0,0
3726,0,null,0,0,0
3727,0,null,0,0,0
3728,0,null,0,0,0
3729,0,null,0,0,0
3730,0,null,0,0,0
3731,0,null,0,0,0
3732,0,null,0,0,0
3733,0,null,0,0,0
3734,0,null,0,0,0
3735,0,null,0,0,0
3736,0,null,0,0,0
3737,9,secondary_proton,1,1,1
3738,0,null,0,0,0
3739,0,null,0,0,0
3740,0,null,0,0,0
3741,0,null,0,0,0
3742,1,primary_proton,1,1,1
3743,0,null,0,0,0
3744,0,null,0,0,0
3745,0,null,0,0,0
3746,20,pi+,1,1,1
3747,0,null,0,0,0
3748,0,null,0,0,0
3749,0,null,0,0,0
3750,0,null,0,0,0
3751,13,pi-,1,1,1
3752,0,null,0,0,0
3753,0,null,0,0,0
3754,0,null,0,0,0
3755,0,null,0,0,0
3756,0,null,0,0,0
3757,0,null,0,0,0
3758,0,null,0,0,0
3759,0,null,0,0,0
3760,0,null,0,0,0
3761,0,null,0,0,0
3762,0,null,0,0,0
3763,0,null,0,0,0
3764,0,null,0,0,0
3765,0,null,0,0,0
3766,0,null,0,0,0
3767,0,null,0,0,0
3768,0,null,0,0,0
3769,0,null,0,0,0
3770,0,null,0,0,0
3771,0,null,0,0,0
3772,0,null,0,0,0
3773,0,null,0,0,0
3774,0,null,0,0,0
3775,0,null,0,0,0
3776,0,null,0,0,0
3777,0,null,0,0,0
3778,0,null,0,0,0
3779,0,null,0,0,0
3780,0,null,0,0,0
3781,0,null,0,0,0
3782,8,secondary_proton,1,1,1
3783,0,null,0,0,0
3784,10,pi-,1,1,1
3785,0,null,0,0,0
3786,0,null,0,0,0
3787,0,null,0,0,0
3788,0,null,0,0,0
3789,0,null,0,0,0
3790,0,null,0,0,0
3791,0,null,0,0,0
3792,0,null,0,0,0
3793,0,null,0,0,0
3794,0,null,0,0,0
3795,0,null,0,0,0
3796,0,null,0,0,0
3797,0,null,0,0,0
3798,0,null,0,0,0
3799,0,null,0,0,0
3800,0,null,0,0,0
3801,0,null,0,0,0
3802,0,null,0,0,0
3803,0,null,0,0,0
3804,0,null,0,0,0
3805,0,null,0,0,0
3806,0,null,0,0,0
3807,0,null,0,0,0
3808,9,pi+,1,1,1
3809,0,null,0,0,0
3810,0,null,0,0,0
3811,0,null,0,0,0
3812,0,null,0,0,0
3813,0,null,0,0,0
3814,0,null,0,0,0
3815,0,null,0,0,0
3816,0,null,0,0,0
3817,0,null,0,0,0
3818,0,null,0,0,0
3819,0,null,0,0,0
3820,0,null,0,0,0
3821,0,null,0,0,0
3822,0,null,0,0,0
3823,0,null,0,0,0
3824,0,null,0,0,0
3825,0,null,0,0,0
3826,0,null,0,0,0
3827,0,null,0,0,0
3828,0,null,0,0,0
3829,0,null,0,0,0
3830,0,null,0,0,0
3831,0,null,0,0,0
3832,0,null,0,0,0
3833,0,null,0,0,0
3834,0,null,0,0,0
3835,0,null,0,0,0
3836,0,null,0,0,0
3837,0,null,0,0,0
3838,0,null,0,0,0
3673,0,null,0,0,0
3674,0,null,0,0,0
3675,3359,pi+,1,1,1
3676,0,null,0,0,0
3677,0,null,0,0,0
3678,0,null,0,0,0
3679,0,null,0,0,0
3680,0,null,0,0,0
3681,0,null,0,0,0
3682,0,null,0,0,0
3683,0,null,0,0,0
3684,0,null,0,0,0
3685,0,null,0,0,0
3686,0,null,0,0,0
3687,0,null,0,0,0
3688,1633,secondary_proton,1,1,0
3689,0,null,0,0,0
3690,0,null,0,0,0
3691,0,null,0,0,0
3692,0,null,0,0,0
3693,0,null,0,0,0
3694,0,null,0,0,0
3695,0,null,0,0,0
3696,0,null,0,0,0
3697,0,null,0,0,0
3698,21,pi+,1,1,1
3699,0,null,0,0,0
3700,0,null,0,0,0
3701,11,pi+,1,1,1
3702,0,null,0,0,0
3703,14,pi-,1,1,1
3704,0,null,0,0,0
3705,0,null,0,0,0
3706,0,null,0,0,0
3707,1,primary_proton,1,1,1
3708,0,null,0,0,0
3709,9,pi-,1,1,1
3850,0,null,0,0,0
3851,0,null,0,0,0
3852,0,null,0,0,0
3853,0,null,0,0,0
3854,0,null,0,0,0
3855,0,null,0,0,0
3856,0,null,0,0,0
3857,10,secondary_proton,1,1,1
3858,0,null,0,0,0
3859,12,pi+,1,1,1
3860,0,null,0,0,0
3861,0,null,0,0,0
3862,0,null,0,0,0
3863,0,null,0,0,0
3864,0,null,0,0,0
3865,0,null,0,0,0
3866,396,pi-,1,1,0
3867,0,null,0,0,0
3868,0,null,0,0,0
3869,0,null,0,0,0
3870,0,null,0,0,0
3871,0,null,0,0,0
3872,0,null,0,0,0
3873,0,null,0,0,0
3874,0,null,0,0,0
3875,0,null,0,0,0
3876,0,null,0,0,0
3877,0,null,0,0,0
3878,0,null,0,0,0
3879,55,pi+,1,1,0
3880,0,null,0,0,0
3881,0,null,0,0,0
3882,0,null,0,0,0
3883,0,null,0,0,0
3884,0,null,0,0,0
3885,0,null,0,0,0
3886,0,null,0,0,0
3887,0,null,0,0,0
3888,0,null,0,0,0
3889,0,null,0,0,0
3890,0,null,0,0,0
3891,0,null,0,0,0
3892,0,null,0,0,0
3893,0,null,0,0,0
3894,1,primary_proton,1,1,1
3895,0,null,0,0,0
3896,0,null,0,0,0
3897,0,null,0,0,0
3898,0,null,0,0,0
3899,0,null,0,0,0
3900,0,null,0,0,0
3901,0,null,0,0,0
3902,0,null,0,0,0
3903,0,null,0,0,0
3904,0,null,0,0,0
3905,0,null,0,0,0
3906,0,null,0,0,0
3907,0,null,0,0,0
3908,0,null,0,0,0
3909,0,null,0,0,0
3910,0,null,0,0,0
3911,0,null,0,0,0
3912,0,null,0,0,0
3913,0,null,0,0,0
3914,0,null,0,0,0
3915,0,null,0,0,0
3916,0,null,0,0,0
3917,0,null,0,0,0
3918,0,null,0,0,0
3919,0,null,0,0,0
3990,0,null,0,0,0
3991,0,null,0,0,0
3992,0,null,0,0,0
3993,0,null,0,0,0
3994,0,null,0,0,0
3995,0,null,0,0,0
3996,0,null,0,0,0
3997,0,null,0,0,0
3998,0,null,0,0,0
3999,0,null,0,0,0
4000,0,null,0,0,0
4001,0,null,0,0,0
4002,0,null,0,0,0
4003,0,null,0,0,0
4004,0,null,0,0,0
4005,0,null,0,0,0
4006,0,null,0,0,0
4007,0,null,0,0,0
4008,0,null,0,0,0
4009,1,primary_proton,1,1,1
4010,0,null,0,0,0
4011,0,null,0,0,0
4012,0,null,0,0,0
4013,0,null,0,0,0
4014,0,null,0,0,0
4015,0,null,0,0,0
4016,0,null,0,0,0
4017,0,null,0,0,0
4018,0,null,0,0,0
4019,0,null,0,0,0
4020,0,null,0,0,0
4021,1,primary_proton,1,1,1
4022,0,null,0,0,0
4023,0,null,0,0,0
4024,0,null,0,0,0
4025,0,null,0,0,0
4026,0,null,0,0,0
4027,0,null,0,0,0
4028,0,null,0,0,0
4029,0,null,0,0,0
4030,0,null,0,0,0
4031,0,null,0,0,0
4032,0,null,0,0,0
4033,0,null,0,0,0
4034,0,null,0,0,0
4035,0,null,0,0,0
4036,0,null,0,0,0
4037,0,null,0,0,0
4038,0,null,0,0,0
4039,0,null,0,0,0
4040,0,null,0,0,0
4041,0,null,0,0,0
4042,0,null,0,0,0
4043,0,null,0,0,0
4044,0,null,0,0,0
4045,0,null,0,0,0
4046,1,primary_proton,1,1,1
4047,0,null,0,0,0
4048,0,null,0,0,0
4049,0,null,0,0,0
4050,0,null,0,0,0
4051,0,null,0,0,0
4052,0,null,0,0,0
4053,0,null,0,0,0
4054,0,null,0,0,0
4055,0,null,0,0,0
4056,10,pi-,1,1,1
4057,0,null,0,0,0
4058,0,null,0,0,0
4059,0,null,0,0,0
4130,0,null,0,0,0
4131,0,null,0,0,0
4132,0,null,0,0,0
4133,0,null,0,0,0
4134,0,null,0,0,0
4135,0,null,0,0,0
4136,0,null,0,0,0
4137,0,null,0,0,0
4138,0,null,0,0,0
4139,0,null,0,0,0
4140,0,null,0,0,0
4141,0,null,0,0,0
4142,0,null,0,0,0
4143,0,null,0,0,0
4144,0,null,0,0,0
4145,0,null,0,0,0
4146,0,null,0,0,0
4147,0,null,0,0,0
4148,0,null,0,0,0
4149,0,null,0,0,0
4150,0,null,0,0,0
4151,0,null,0,0,0
4152,0,null,0,0,0
4153,0,null,0,0,0
4154,0,null,0,0,0
4155,0,null,0,0,0
4156,0,null,0,0,0
4157,0,null,0,0,0
4158,0,null,0,0,0
4159,0,null,0,0,0
4160,4,secondary_proton,1,1,1
4161,0,null,0,0,0
4162,0,null,0,0,0
4163,0,null,0,0,0
4164,0,null,0,0,0
4165,0,null,0,0,0
4166,0,null,0,0,0
4167,0,null,0,0,0
4168,0,null,0,0,0
4169,0,null,0,0,0
4170,2803,pi-,1,0,0
4171,0,null,0,0,0
4172,0,null,0,0,0
4173,0,null,0,0,0
3840,0,null,0,0,0
3841,0,null,0,0,0
3842,0,null,0,0,0
3843,0,null,0,0,0
3844,0,null,0,0,0
3845,155,secondary_proton,1,1,1
3846,0,null,0,0,0
3847,0,null,0,0,0
3848,0,null,0,0,0
3849,0,null,0,0,0
3920,0,null,0,0,0
3921,0,null,0,0,0
3922,0,null,0,0,0
3923,0,null,0,0,0
3924,0,null,0,0,0
3925,7,pi-,1,0,0
3926,0,null,0,0,0
3927,0,null,0,0,0
3928,0,null,0,0,0
3929,0,null,0,0,0
3930,0,null,0,0,0
3931,0,null,0,0,0
3932,0,null,0,0,0
3933,0,null,0,0,0
3934,0,null,0,0,0
3935,0,null,0,0,0
3936,0,null,0,0,0
3937,0,null,0,0,0
3938,0,null,0,0,0
3939,0,null,0,0,0
3940,0,null,0,0,0
3941,0,null,0,0,0
3942,0,null,0,0,0
3943,0,null,0,0,0
3944,0,null,0,0,0
3945,0,null,0,0,0
3946,0,null,0,0,0
3947,0,null,0,0,0
3948,3048,e-,1,1,1
3949,0,null,0,0,0
3950,0,null,0,0,0
3951,0,null,0,0,0
3952,0,null,0,0,0
3953,8,secondary_proton,1,0,0
3954,0,null,0,0,0
3955,0,null,0,0,0
3956,0,null,0,0,0
3957,0,null,0,0,0
3958,17,pi-,1,0,0
3959,0,null,0,0,0
3960,0,null,0,0,0
3961,0,null,0,0,0
3962,1,primary_proton,1,1,1
3963,0,null,0,0,0
3964,0,null,0,0,0
3965,0,null,0,0,0
3966,0,null,0,0,0
3967,0,null,0,0,0
3968,0,null,0,0,0
3969,0,null,0,0,0
3970,0,null,0,0,0
3971,0,null,0,0,0
3972,0,null,0,0,0
3973,0,null,0,0,0
3974,0,null,0,0,0
3975,0,null,0,0,0
3976,1,primary_proton,1,1,1
3977,0,null,0,0,0
3978,0,null,0,0,0
3979,0,null,0,0,0
3980,547,e-,1,1,0
3981,0,null,0,0,0
3982,0,null,0,0,0
3983,0,null,0,0,0
3984,0,null,0,0,0
3985,0,null,0,0,0
3986,0,null,0,0,0
3987,0,null,0,0,0
3988,0,null,0,0,0
3989,0,null,0,0,0
4060,0,null,0,0,0
4061,0,null,0,0,0
4062,0,null,0,0,0
4063,0,null,0,0,0
4064,0,null,0,0,0
4065,0,null,0,0,0
4066,8,pi-,1,0,0
4067,0,null,0,0,0
4068,0,null,0,0,0
4069,0,null,0,0,0
4070,0,null,0,0,0
4071,0,null,0,0,0
4072,0,null,0,0,0
4073,0,null,0,0,0
4074,0,null,0,0,0
4075,0,null,0,0,0
4076,0,null,0,0,0
4077,0,null,0,0,0
4078,0,null,0,0,0
4079,0,null,0,0,0
4080,0,null,0,0,0
4081,0,null,0,0,0
4082,7,pi+,1,0,0
4083,0,null,0,0,0
4084,0,null,0,0,0
4085,0,null,0,0,0
4086,0,null,0,0,0
4087,0,null,0,0,0
4088,0,null,0,0,0
4089,0,null,0,0,0
4090,0,null,0,0,0
4091,0,null,0,0,0
4092,0,null,0,0,0
4093,2,secondary_proton,1,1,1
4094,0,null,0,0,0
4095,0,null,0,0,0
4096,0,null,0,0,0
4097,0,null,0,0,0
4098,0,null,0,0,0
4099,0,null,0,0,0
4100,0,null,0,0,0
4101,0,null,0,0,0
4102,0,null,0,0,0
4103,0,null,0,0,0
4104,0,null,0,0,0
4105,0,null,0,0,0
4106,1,primary_proton,1,1,1
4107,0,null,0,0,0
4108,0,null,0,0,0
4109,0,null,0,0,0
4110,0,null,0,0,0
4111,0,null,0,0,0
4112,9,pi-,1,1,1
4113,0,null,0,0,0
4114,0,null,0,0,0
4115,0,null,0,0,0
4116,0,null,0,0,0
4117,0,null,0,0,0
4118,0,null,0,0,0
4119,0,null,0,0,0
4120,0,null,0,0,0
4121,0,null,0,0,0
4122,0,null,0,0,0
4123,0,null,0,0,0
4124,0,null,0,0,0
4125,0,null,0,0,0
4126,0,null,0,0,0
4127,0,null,0,0,0
4128,0,null,0,0,0
4129,0,null,0,0,0
4200,0,null,0,0,0
4201,0,null,0,0,0
4202,0,null,0,0,0
4203,0,null,0,0,0
4204,0,null,0,0,0
4205,0,null,0,0,0
4206,0,null,0,0,0
4207,0,null,0,0,0
4208,0,null,0,0,0
4209,0,null,0,0,0
4210,0,null,0,0,0
4211,16,pi+,1,0,0
4212,0,null,0,0,0
4213,0,null,0,0,0
4214,0,null,0,0,0
4215,0,null,0,0,0
4216,0,null,0,0,0
4217,0,null,0,0,0
4218,0,null,0,0,0
4219,0,null,0,0,0
4220,0,null,0,0,0
4221,1,primary_proton,1,1,1
4222,0,null,0,0,0
4223,0,null,0,0,0
4224,0,null,0,0,0
4225,0,null,0,0,0
4226,0,null,0,0,0
4227,0,null,0,0,0
4228,0,null,0,0,0
4229,0,null,0,0,0
4230,0,null,0,0,0
4231,0,null,0,0,0
4232,0,null,0,0,0
4233,0,null,0,0,0
4234,0,null,0,0,0
4235,0,null,0,0,0
4236,0,null,0,0,0
4237,0,null,0,0,0
4238,0,null,0,0,0
4239,0,null,0,0,0
4240,0,null,0,0,0
4241,0,null,0,0,0
4242,1751,e-,1,1,0
4243,0,null,0,0,0
4244,0,null,0,0,0
4245,0,null,0,0,0
4246,0,null,0,0,0
4247,0,null,0,0,0
4248,0,null,0,0,0
4249,0,null,0,0,0
4250,0,null,0,0,0
4251,0,null,0,0,0
4252,0,null,0,0,0
4253,0,null,0,0,0
4254,0,null,0,0,0
4255,0,null,0,0,0
4256,0,null,0,0,0
4257,0,null,0,0,0
4258,0,null,0,0,0
4259,0,null,0,0,0
4260,0,null,0,0,0
4261,1,primary_proton,1,1,1
4262,0,null,0,0,0
4263,0,null,0,0,0
4264,0,null,0,0,0
4265,0,null,0,0,0
4266,0,null,0,0,0
4267,0,null,0,0,0
4268,0,null,0,0,0
4269,0,null,0,0,0
4340,0,null,0,0,0
4175,0,null,0,0,0
4176,0,null,0,0,0
4177,0,null,0,0,0
4178,0,null,0,0,0
4179,0,null,0,0,0
4180,0,null,0,0,0
4181,0,null,0,0,0
4182,0,null,0,0,0
4183,0,null,0,0,0
4184,0,null,0,0,0
4185,0,null,0,0,0
4186,0,null,0,0,0
4187,0,null,0,0,0
4188,0,null,0,0,0
4189,0,null,0,0,0
4190,0,null,0,0,0
4191,10,pi+,1,0,1
4192,0,null,0,0,0
4193,0,null,0,0,0
4194,0,null,0,0,0
4195,0,null,0,0,0
4196,0,null,0,0,0
4197,0,null,0,0,0
4198,0,null,0,0,0
4199,0,null,0,0,0
4270,0,null,0,0,0
4271,0,null,0,0,0
4272,0,null,0,0,0
4273,0,null,0,0,0
4274,0,null,0,0,0
4275,0,null,0,0,0
4276,0,null,0,0,0
4277,1,primary_proton,1,1,1
4278,0,null,0,0,0
4279,15,secondary_proton,1,1,1
4280,0,null,0,0,0
4281,0,null,0,0,0
4282,0,null,0,0,0
4283,0,null,0,0,0
4284,0,null,0,0,0
4285,0,null,0,0,0
4286,0,null,0,0,0
4287,0,null,0,0,0
4288,0,null,0,0,0
4289,0,null,0,0,0
4290,0,null,0,0,0
4291,0,null,0,0,0
4292,0,null,0,0,0
4293,0,null,0,0,0
4294,0,null,0,0,0
4295,0,null,0,0,0
4296,0,null,0,0,0
4297,0,null,0,0,0
4298,0,null,0,0,0
4299,0,null,0,0,0
4300,0,null,0,0,0
4301,0,null,0,0,0
4302,0,null,0,0,0
4303,0,null,0,0,0
4304,0,null,0,0,0
4305,0,null,0,0,0
4306,0,null,0,0,0
4307,0,null,0,0,0
4308,0,null,0,0,0
4309,0,null,0,0,0
4310,0,null,0,0,0
4311,0,null,0,0,0
4312,1,primary_proton,1,1,1
4313,0,null,0,0,0
4314,0,null,0,0,0
4315,0,null,0,0,0
4316,0,null,0,0,0
4317,0,null,0,0,0
4318,0,null,0,0,0
4319,0,null,0,0,0
4320,0,null,0,0,0
4321,0,null,0,0,0
4322,0,null,0,0,0
4323,0,null,0,0,0
4324,0,null,0,0,0
4325,0,null,0,0,0
4326,0,null,0,0,0
4327,0,null,0,0,0
4328,1,primary_proton,1,1,1
4329,0,null,0,0,0
4330,0,null,0,0,0
4331,0,null,0,0,0
4332,0,null,0,0,0
4333,0,null,0,0,0
4334,0,null,0,0,0
4335,0,null,0,0,0
4336,0,null,0,0,0
4337,0,null,0,0,0
4338,0,null,0,0,0
4339,0,null,0,0,0
4410,0,null,0,0,0
4411,0,null,0,0,0
4412,0,null,0,0,0
4413,0,null,0,0,0
4414,0,null,0,0,0
4415,0,null,0,0,0
4416,0,null,0,0,0
4417,0,null,0,0,0
4418,0,null,0,0,0
4419,0,null,0,0,0
4420,0,null,0,0,0
4421,0,null,0,0,0
4422,5,secondary_proton,1,1,1
4423,0,null,0,0,0
4424,0,null,0,0,0
4425,0,null,0,0,0
4426,0,null,0,0,0
4427,0,null,0,0,0
4428,0,null,0,0,0
4429,0,null,0,0,0
4430,0,null,0,0,0
4431,0,null,0,0,0
4432,0,null,0,0,0
4433,0,null,0,0,0
4434,0,null,0,0,0
4435,0,null,0,0,0
4436,0,null,0,0,0
4437,0,null,0,0,0
4438,0,null,0,0,0
4439,5,secondary_proton,1,1,1
4440,0,null,0,0,0
4441,0,null,0,0,0
4442,0,null,0,0,0
4443,0,null,0,0,0
4444,0,null,0,0,0
4445,0,null,0,0,0
4446,0,null,0,0,0
4447,0,null,0,0,0
4448,0,null,0,0,0
4449,1,primary_proton,1,1,1
4450,0,null,0,0,0
4451,0,null,0,0,0
4452,0,null,0,0,0
4453,0,null,0,0,0
4454,0,null,0,0,0
4455,0,null,0,0,0
4456,0,null,0,0,0
4457,0,null,0,0,0
4458,0,null,0,0,0
4459,0,null,0,0,0
4460,0,null,0,0,0
4461,0,null,0,0,0
4462,0,null,0,0,0
4463,0,null,0,0,0
4464,0,null,0,0,0
4465,1,primary_proton,1,1,1
4466,0,null,0,0,0
4467,0,null,0,0,0
4468,0,null,0,0,0
4469,5101,secondary_proton,1,1,1
4470,0,null,0,0,0
4471,0,null,0,0,0
4472,4876,pi-,1,1,1
4473,0,null,0,0,0
4474,0,null,0,0,0
4475,0,null,0,0,0
4476,0,null,0,0,0
4477,0,null,0,0,0
4478,0,null,0,0,0
4479,0,null,0,0,0
4550,11,pi-,1,1,0
4551,0,null,0,0,0
4552,0,null,0,0,0
4553,0,null,0,0,0
4554,0,null,0,0,0
4555,0,null,0,0,0
4556,0,null,0,0,0
4557,0,null,0,0,0
4558,0,null,0,0,0
4559,0,null,0,0,0
4560,6,pi-,1,1,1
4561,18,pi-,1,0,0
4562,0,null,0,0,0
4563,1,primary_proton,1,1,1
4564,0,null,0,0,0
4565,0,null,0,0,0
4566,0,null,0,0,0
4567,0,null,0,0,0
4568,0,null,0,0,0
4569,476,secondary_proton,1,1,1
4570,0,null,0,0,0
4571,0,null,0,0,0
4572,0,null,0,0,0
4573,0,null,0,0,0
4574,0,null,0,0,0
4575,0,null,0,0,0
4576,0,null,0,0,0
4577,0,null,0,0,0
4578,0,null,0,0,0
4579,0,null,0,0,0
4580,0,null,0,0,0
4581,0,null,0,0,0
4582,1,primary_proton,1,1,1
4583,0,null,0,0,0
4584,11,pi+,1,1,1
4585,0,null,0,0,0
4586,0,null,0,0,0
4587,0,null,0,0,0
4588,1,primary_proton,1,1,1
4589,0,null,0,0,0
4590,0,null,0,0,0
4591,0,null,0,0,0
4592,0,null,0,0,0
4593,0,null,0,0,0
4594,0,null,0,0,0
4595,0,null,0,0,0
4596,0,null,0,0,0
4597,0,null,0,0,0
4598,0,null,0,0,0
4599,0,null,0,0,0
4600,0,null,0,0,0
4601,0,null,0,0,0
4602,0,null,0,0,0
4603,0,null,0,0,0
4605,0,null,0,0,0
4606,1,primary_proton,1,1,1
4607,0,null,0,0,0
4608,0,null,0,0,0
4609,0,null,0,0,0
4610,0,null,0,0,0
4611,0,null,0,0,0
4612,0,null,0,0,0
4613,0,null,0,0,0
4614,0,null,0,0,0
4615,0,null,0,0,0
4616,0,null,0,0,0
4617,0,null,0,0,0
4618,0,null,0,0,0
4619,0,null,0,0,0
4620,0,null,0,0,0
4621,0,null,0,0,0
4622,0,null,0,0,0
4623,0,null,0,0,0
4624,0,null,0,0,0
4625,0,null,0,0,0
4626,0,null,0,0,0
4627,0,null,0,0,0
4628,0,null,0,0,0
4629,0,null,0,0,0
4630,0,null,0,0,0
4631,1,primary_proton,1,1,1
4632,0,null,0,0,0
4633,0,null,0,0,0
4634,0,null,0,0,0
4635,0,null,0,0,0
4636,0,null,0,0,0
4637,0,null,0,0,0
4638,0,null,0,0,0
4639,0,null,0,0,0
4640,0,null,0,0,0
4641,0,null,0,0,0
4642,0,null,0,0,0
4643,0,null,0,0,0
4644,0,null,0,0,0
4645,0,null,0,0,0
4646,0,null,0,0,0
4647,0,null,0,0,0
4648,11,pi-,1,1,1
4649,0,null,0,0,0
4650,0,null,0,0,0
4651,0,null,0,0,0
4652,0,null,0,0,0
4653,0,null,0,0,0
4654,0,null,0,0,0
4655,0,null,0,0,0
4656,0,null,0,0,0
4657,0,null,0,0,0
4658,0,null,0,0,0
4659,0,null,0,0,0
4660,0,null,0,0,0
4661,0,null,0,0,0
4662,0,null,0,0,0
4663,0,null,0,0,0
4664,0,null,0,0,0
4665,0,null,0,0,0
4666,0,null,0,0,0
4667,0,null,0,0,0
4668,1,primary_proton,1,1,1
4669,0,null,0,0,0
4670,0,null,0,0,0
4671,0,null,0,0,0
4672,1,primary_proton,1,1,1
4673,0,null,0,0,0
4674,0,null,0,0,0
4675,0,null,0,0,0
4676,0,null,0,0,0
4677,0,null,0,0,0
4678,0,null,0,0,0
4679,0,null,0,0,0
4680,0,null,0,0,0
4681,0,null,0,0,0
4682,0,null,0,0,0
4683,0,null,0,0,0
4684,11,secondary_proton,1,1,1
4685,0,null,0,0,0
4686,0,null,0,0,0
4687,0,null,0,0,0
4688,0,null,0,0,0
4689,0,null,0,0,0
4760,0,null,0,0,0
4761,0,null,0,0,0
4762,0,null,0,0,0
4763,0,null,0,0,0
4764,0,null,0,0,0
4765,0,null,0,0,0
4766,0,null,0,0,0
4767,0,null,0,0,0
4768,0,null,0,0,0
4769,0,null,0,0,0
4770,0,null,0,0,0
4771,10,secondary_proton,1,0,0
4772,0,null,0,0,0
4773,0,null,0,0,0
4774,0,null,0,0,0
4775,0,null,0,0,0
4776,0,null,0,0,0
4777,0,null,0,0,0
4778,0,null,0,0,0
4779,0,null,0,0,0
4780,0,null,0,0,0
4781,0,null,0,0,0
4782,9,pi-,1,1,0
4783,0,null,0,0,0
4784,0,null,0,0,0
4785,0,null,0,0,0
4786,0,null,0,0,0
4787,0,null,0,0,0
4788,0,null,0,0,0
4789,0,null,0,0,0
4790,0,null,0,0,0
4791,0,null,0,0,0
4792,0,null,0,0,0
4793,0,null,0,0,0
4794,2412,pi+,1,1,1
4795,0,null,0,0,0
4796,0,null,0,0,0
4797,1,primary_proton,1,1,1
4798,0,null,0,0,0
4799,0,null,0,0,0
4800,0,null,0,0,0
4801,0,null,0,0,0
4802,0,null,0,0,0
4803,771,e-,1,1,1
4804,0,null,0,0,0
4805,0,null,0,0,0
4806,0,null,0,0,0
4807,0,null,0,0,0
4808,17,pi-,1,1,0
4809,0,null,0,0,0
4810,0,null,0,0,0
4811,0,null,0,0,0
4812,0,null,0,0,0
4813,0,null,0,0,0
4814,0,null,0,0,0
4815,0,null,0,0,0
4816,0,null,0,0,0
4817,0,null,0,0,0
4818,0,null,0,0,0
4819,0,null,0,0,0
4820,0,null,0,0,0
4821,0,null,0,0,0
4822,0,null,0,0,0
4823,0,null,0,0,0
4824,0,null,0,0,0
4825,0,null,0,0,0
4826,0,null,0,0,0
4827,0,null,0,0,0
4828,0,null,0,0,0
4829,0,null,0,0,0
4830,0,null,0,0,0
4831,0,null,0,0,0
4832,0,null,0,0,0
4833,0,null,0,0,0
4834,0,null,0,0,0
4835,0,null,0,0,0
4836,0,null,0,0,0
4837,0,null,0,0,0
4838,0,null,0,0,0
4839,0,null,0,0,0
4840,0,null,0,0,0
4841,0,null,0,0,0
4842,0,null,0,0,0
4843,0,null,0,0,0
4844,0,null,0,0,0
4845,0,null,0,0,0
4846,0,null,0,0,0
4847,0,null,0,0,0
4848,0,null,0,0,0
4849,0,null,0,0,0
4850,0,null,0,0,0
4851,0,null,0,0,0
4852,0,null,0,0,0
4853,0,null,0,0,0
4854,0,null,0,0,0
4855,0,null,0,0,0
4856,0,null,0,0,0
4857,0,null,0,0,0
4858,0,null,0,0,0
4859,0,null,0,0,0
4860,0,null,0,0,0
4861,0,null,0,0,0
4862,0,null,0,0,0
4863,0,null,0,0,0
4864,0,null,0,0,0
4865,0,null,0,0,0
4866,0,null,0,0,0
4867,0,null,0,0,0
4868,0,null,0,0,0
4869,0,null,0,0,0
4870,0,null,0,0,0
4871,0,null,0,0,0
4872,0,null,0,0,0
4873,0,null,0,0,0
4874,3,secondary_proton,1,1,1
4875,0,null,0,0,0
4876,0,null,0,0,0
4877,0,null,0,0,0
4878,0,null,0,0,0
4879,0,null,0,0,0
4880,0,null,0,0,0
4881,0,null,0,0,0
4882,0,null,0,0,0
4883,0,null,0,0,0
4884,17,pi-,1,1,1
4885,0,null,0,0,0
4886,0,null,0,0,0
4887,0,null,0,0,0
4888,0,null,0,0,0
4889,0,null,0,0,0
4890,0,null,0,0,0
4891,0,null,0,0,0
4892,0,null,0,0,0
4893,0,null,0,0,0
4894,0,null,0,0,0
4895,0,null,0,0,0
4342,0,null,0,0,0
4343,0,null,0,0,0
4344,7,pi+,1,0,0
4345,0,null,0,0,0
4346,0,null,0,0,0
4347,1,primary_proton,1,1,1
4348,0,null,0,0,0
4349,0,null,0,0,0
4350,0,null,0,0,0
4351,0,null,0,0,0
4352,0,null,0,0,0
4353,0,null,0,0,0
4354,0,null,0,0,0
4355,0,null,0,0,0
4356,0,null,0,0,0
4357,0,null,0,0,0
4358,0,null,0,0,0
4359,0,null,0,0,0
4360,1,primary_proton,1,1,1
4361,0,null,0,0,0
4362,0,null,0,0,0
4363,0,null,0,0,0
4364,0,null,0,0,0
4365,0,null,0,0,0
4366,0,null,0,0,0
4367,0,null,0,0,0
4368,0,null,0,0,0
4369,0,null,0,0,0
4370,0,null,0,0,0
4371,1,primary_proton,1,1,1
4372,21,pi-,1,1,0
4373,0,null,0,0,0
4374,0,null,0,0,0
4375,0,null,0,0,0
4376,0,null,0,0,0
4377,0,null,0,0,0
4378,0,null,0,0,0
4379,0,null,0,0,0
4380,0,null,0,0,0
4381,0,null,0,0,0
4382,0,null,0,0,0
4383,0,null,0,0,0
4384,0,null,0,0,0
4385,0,null,0,0,0
4386,0,null,0,0,0
4387,0,null,0,0,0
4388,0,null,0,0,0
4389,1,primary_proton,1,0,0
4390,0,null,0,0,0
4391,0,null,0,0,0
4392,0,null,0,0,0
4393,3,secondary_proton,1,1,1
4394,0,null,0,0,0
4395,0,null,0,0,0
4396,0,null,0,0,0
4397,0,null,0,0,0
4398,0,null,0,0,0
4399,0,null,0,0,0
4400,0,null,0,0,0
4401,191,secondary_proton,1,1,1
4402,0,null,0,0,0
4403,0,null,0,0,0
4404,0,null,0,0,0
4405,0,null,0,0,0
4406,0,null,0,0,0
4407,0,null,0,0,0
4408,0,null,0,0,0
4409,0,null,0,0,0
4480,0,null,0,0,0
4481,0,null,0,0,0
4482,0,null,0,0,0
4483,0,null,0,0,0
4484,0,null,0,0,0
4485,0,null,0,0,0
4486,0,null,0,0,0
4487,0,null,0,0,0
4488,0,null,0,0,0
4489,0,null,0,0,0
4490,0,null,0,0,0
4491,0,null,0,0,0
4492,0,null,0,0,0
4493,0,null,0,0,0
4494,0,null,0,0,0
4495,0,null,0,0,0
4496,0,null,0,0,0
4497,0,null,0,0,0
4498,0,null,0,0,0
4499,0,null,0,0,0
4500,0,null,0,0,0
4501,0,null,0,0,0
4502,12,pi+,1,1,1
4503,0,null,0,0,0
4504,0,null,0,0,0
4505,1,primary_proton,1,1,1
4506,0,null,0,0,0
4507,0,null,0,0,0
4508,0,null,0,0,0
4509,0,null,0,0,0
4510,1,primary_proton,1,1,1
4511,0,null,0,0,0
4512,0,null,0,0,0
4513,0,null,0,0,0
4514,0,null,0,0,0
4515,0,null,0,0,0
4516,0,null,0,0,0
4517,0,null,0,0,0
4518,0,null,0,0,0
4519,0,null,0,0,0
4520,0,null,0,0,0
4521,5,secondary_proton,1,1,1
4522,0,null,0,0,0
4523,0,null,0,0,0
4524,0,null,0,0,0
4525,0,null,0,0,0
4526,0,null,0,0,0
4527,4,secondary_proton,1,1,1
4528,0,null,0,0,0
4529,0,null,0,0,0
4530,0,null,0,0,0
4531,0,null,0,0,0
4532,0,null,0,0,0
4533,0,null,0,0,0
4534,0,null,0,0,0
4535,0,null,0,0,0
4536,0,null,0,0,0
4537,0,null,0,0,0
4538,2,secondary_proton,1,1,1
4539,0,null,0,0,0
4540,0,null,0,0,0
4541,0,null,0,0,0
4542,0,null,0,0,0
4543,0,null,0,0,0
4544,0,null,0,0,0
4545,0,null,0,0,0
4546,0,null,0,0,0
4547,0,null,0,0,0
4548,0,null,0,0,0
4549,0,null,0,0,0
4690,0,null,0,0,0
4691,0,null,0,0,0
4692,0,null,0,0,0
4693,0,null,0,0,0
4694,0,null,0,0,0
4695,0,null,0,0,0
4696,0,null,0,0,0
4697,0,null,0,0,0
4698,0,null,0,0,0
4699,0,null,0,0,0
4700,0,null,0,0,0
4701,10,pi-,1,1,1
4702,0,null,0,0,0
4703,0,null,0,0,0
4704,0,null,0,0,0
4705,192,sigma-,1,1,1
4706,0,null,0,0,0
4707,0,null,0,0,0
4708,0,null,0,0,0
4709,0,null,0,0,0
4710,0,null,0,0,0
4711,0,null,0,0,0
4712,0,null,0,0,0
4713,0,null,0,0,0
4714,9,pi-,1,1,1
4715,0,null,0,0,0
4716,0,null,0,0,0
4717,8,pi+,1,1,1
4718,6,secondary_proton,1,1,0
4719,0,null,0,0,0
4720,0,null,0,0,0
4721,0,null,0,0,0
4722,1,primary_proton,1,1,1
4723,0,null,0,0,0
4724,0,null,0,0,0
4725,0,null,0,0,0
4726,0,null,0,0,0
4727,0,null,0,0,0
4728,0,null,0,0,0
4729,0,null,0,0,0
4730,1,primary_proton,1,1,1
4731,0,null,0,0,0
4732,0,null,0,0,0
4733,0,null,0,0,0
4734,0,null,0,0,0
4735,0,null,0,0,0
4736,1,primary_proton,1,1,1
4737,0,null,0,0,0
4738,0,null,0,0,0
4739,0,null,0,0,0
4740,0,null,0,0,0
4741,0,null,0,0,0
4742,5,pi+,1,1,1
4743,0,null,0,0,0
4744,0,null,0,0,0
4745,0,null,0,0,0
4746,15,pi+,1,1,1
4747,0,null,0,0,0
4748,0,null,0,0,0
4749,0,null,0,0,0
4750,0,null,0,0,0
4751,0,null,0,0,0
4752,0,null,0,0,0
4753,0,null,0,0,0
4754,0,null,0,0,0
4755,0,null,0,0,0
4756,145,e-,1,1,0
4757,0,null,0,0,0
4758,651,pi+,1,1,1
4759,0,null,0,0,0
4900,0,null,0,0,0
4901,0,null,0,0,0
4902,0,null,0,0,0
4903,0,null,0,0,0
4904,0,null,0,0,0
4905,0,null,0,0,0
4906,0,null,0,0,0
4907,0,null,0,0,0
4908,0,null,0,0,0
4909,0,null,0,0,0
4897,0,null,0,0,0
4898,0,null,0,0,0
4899,0,null,0,0,0
4970,0,null,0,0,0
4971,0,null,0,0,0
4972,0,null,0,0,0
4973,1,primary_proton,1,1,1
4974,0,null,0,0,0
4975,0,null,0,0,0
4976,0,null,0,0,0
4977,0,null,0,0,0
4978,0,null,0,0,0
4979,0,null,0,0,0
4980,0,null,0,0,0
4981,29,pi-,1,0,0
4982,0,null,0,0,0
4983,0,null,0,0,0
4984,0,null,0,0,0
4985,0,null,0,0,0
4986,0,null,0,0,0
4987,0,null,0,0,0
4988,0,null,0,0,0
4989,0,null,0,0,0
4990,0,null,0,0,0
4991,0,null,0,0,0
4992,0,null,0,0,0
4993,0,null,0,0,0
4994,0,null,0,0,0
4995,0,null,0,0,0
4996,0,null,0,0,0
4997,0,null,0,0,0
4998,0,null,0,0,0
4999,0,null,0,0,0
910,8,secondary_proton,1,1,1
4911,0,null,0,0,0
4912,0,null,0,0,0
4913,0,null,0,0,0
4914,0,null,0,0,0
4915,0,null,0,0,0
4916,0,null,0,0,0
4917,0,null,0,0,0
4918,0,null,0,0,0
4919,0,null,0,0,0
4920,0,null,0,0,0
4921,0,null,0,0,0
4922,0,null,0,0,0
4923,0,null,0,0,0
4924,0,null,0,0,0
4925,0,null,0,0,0
4926,0,null,0,0,0
4927,0,null,0,0,0
4928,0,null,0,0,0
4929,0,null,0,0,0
4930,0,null,0,0,0
4931,0,null,0,0,0
4932,0,null,0,0,0
4933,0,null,0,0,0
4934,0,null,0,0,0
4935,0,null,0,0,0
4936,0,null,0,0,0
4937,0,null,0,0,0
4938,0,null,0,0,0
4939,0,null,0,0,0
4940,0,null,0,0,0
4941,0,null,0,0,0
4942,0,null,0,0,0
4943,0,null,0,0,0
4944,0,null,0,0,0
4945,0,null,0,0,0
4946,0,null,0,0,0
4947,0,null,0,0,0
4948,1089,e-,1,1,0
4949,0,null,0,0,0
4950,0,null,0,0,0
4951,0,null,0,0,0
4952,0,null,0,0,0
4953,0,null,0,0,0
4954,0,null,0,0,0
4955,0,null,0,0,0
4956,0,null,0,0,0
4957,0,null,0,0,0
4958,0,null,0,0,0
4959,0,null,0,0,0
4960,0,null,0,0,0
4961,0,null,0,0,0
4962,0,null,0,0,0
4963,0,null,0,0,0
4964,0,null,0,0,0
4965,0,null,0,0,0
4966,0,null,0,0,0
4967,0,null,0,0,0
4968,0,null,0,0,0
4969,0,null,0,0,0
1,0,null,0,0,0
2,0,null,0,0,0
3,0,null,0,0,0
4,1,primary_proton,1,1,1
5,0,null,0,0,0
6,0,null,0,0,0
7,0,null,0,0,0
8,0,null,0,0,0
9,0,null,0,0,0
10,0,null,0,0,0
11,0,null,0,0,0
12,0,null,0,0,0
13,0,null,0,0,0
14,8234,e-,1,0,0
15,0,null,0,0,0
16,0,null,0,0,0
17,0,null,0,0,0
18,0,null,0,0,0
19,0,null,0,0,0
20,0,null,0,0,0
21,0,null,0,0,0
22,4609,secondary_proton,1,0,0
23,0,null,0,0,0
24,0,null,0,0,0
25,0,null,0,0,0
26,0,null,0,0,0
27,0,null,0,0,0
28,0,null,0,0,0
29,0,null,0,0,0
30,0,null,0,0,0
31,0,null,0,0,0
32,0,null,0,0,0
33,0,null,0,0,0
34,0,null,0,0,0
35,0,null,0,0,0
36,0,null,0,0,0
37,0,null,0,0,0
38,0,null,0,0,0
39,0,null,0,0,0
40,0,null,0,0,0
41,0,null,0,0,0
42,0,null,0,0,0
43,0,null,0,0,0
44,0,null,0,0,0
45,0,null,0,0,0
46,0,null,0,0,0
47,0,null,0,0,0
48,0,null,0,0,0
49,0,null,0,0,0
50,0,null,0,0,0
51,0,null,0,0,0
52,11,pi+,1,1,1
53,0,null,0,0,0
54,0,null,0,0,0
55,0,null,0,0,0
56,0,null,0,0,0
57,0,null,0,0,0
58,0,null,0,0,0
59,0,null,0,0,0
60,0,null,0,0,0
61,0,null,0,0,0
62,0,null,0,0,0
63,0,null,0,0,0
64,0,null,0,0,0
65,1,primary_proton,1,1,1
66,0,null,0,0,0
67,1,primary_proton,1,1,1
68,0,null,0,0,0
69,0,null,0,0,0
140,0,null,0,0,0
141,0,null,0,0,0
142,0,null,0,0,0
143,1,primary_proton,1,1,1
144,0,null,0,0,0
145,0,null,0,0,0
146,0,null,0,0,0
147,0,null,0,0,0
148,0,null,0,0,0
149,0,null,0,0,0
150,0,null,0,0,0
151,0,null,0,0,0
152,0,null,0,0,0
153,0,null,0,0,0
154,2960,e-,1,0,0
155,0,null,0,0,0
156,0,null,0,0,0
157,0,null,0,0,0
158,0,null,0,0,0
159,0,null,0,0,0
160,0,null,0,0,0
161,0,null,0,0,0
162,0,null,0,0,0
163,0,null,0,0,0
164,0,null,0,0,0
165,0,null,0,0,0
166,0,null,0,0,0
167,0,null,0,0,0
168,0,null,0,0,0
169,0,null,0,0,0
170,0,null,0,0,0
171,0,null,0,0,0
172,0,null,0,0,0
173,0,null,0,0,0
174,0,null,0,0,0
175,0,null,0,0,0
176,0,null,0,0,0
177,0,null,0,0,0
178,0,null,0,0,0
179,0,null,0,0,0
180,0,null,0,0,0
181,0,null,0,0,0
182,0,null,0,0,0
183,1,primary_proton,1,1,1
184,13,secondary_proton,1,1,1
185,0,null,0,0,0
186,0,null,0,0,0
187,0,null,0,0,0
188,0,null,0,0,0
189,0,null,0,0,0
190,0,null,0,0,0
191,0,null,0,0,0
192,0,null,0,0,0
193,0,null,0,0,0
194,0,null,0,0,0
195,0,null,0,0,0
196,0,null,0,0,0
197,0,null,0,0,0
198,0,null,0,0,0
199,0,null,0,0,0
200,0,null,0,0,0
201,0,null,0,0,0
202,0,null,0,0,0
203,0,null,0,0,0
204,0,null,0,0,0
205,0,null,0,0,0
206,0,null,0,0,0
207,0,null,0,0,0
208,14,pi+,1,1,0
209,0,null,0,0,0
280,0,null,0,0,0
281,0,null,0,0,0
282,0,null,0,0,0
283,0,null,0,0,0
284,0,null,0,0,0
285,0,null,0,0,0
286,0,null,0,0,0
287,0,null,0,0,0
288,0,null,0,0,0
289,0,null,0,0,0
290,0,null,0,0,0
291,0,null,0,0,0
292,0,null,0,0,0
293,0,null,0,0,0
294,1,primary_proton,1,1,1
295,0,null,0,0,0
296,0,null,0,0,0
297,0,null,0,0,0
298,0,null,0,0,0
299,0,null,0,0,0
300,0,null,0,0,0
301,1,primary_proton,1,1,1
302,0,null,0,0,0
303,0,null,0,0,0
304,0,null,0,0,0
305,0,null,0,0,0
306,0,null,0,0,0
307,0,null,0,0,0
308,0,null,0,0,0
309,0,null,0,0,0
310,6,secondary_proton,1,1,1
311,1,primary_proton,1,1,1
312,0,null,0,0,0
313,0,null,0,0,0
314,0,null,0,0,0
315,0,null,0,0,0
316,0,null,0,0,0
317,0,null,0,0,0
318,0,null,0,0,0
319,0,null,0,0,0
320,0,null,0,0,0
321,2,secondary_proton,1,1,0
322,0,null,0,0,0
323,0,null,0,0,0
324,0,null,0,0,0
325,0,null,0,0,0
326,0,null,0,0,0
327,0,null,0,0,0
328,0,null,0,0,0
329,0,null,0,0,0
330,0,null,0,0,0
331,0,null,0,0,0
332,0,null,0,0,0
333,0,null,0,0,0
334,0,null,0,0,0
335,0,null,0,0,0
336,0,null,0,0,0
337,0,null,0,0,0
338,0,null,0,0,0
339,0,null,0,0,0
340,0,null,0,0,0
341,0,null,0,0,0
342,0,null,0,0,0
343,0,null,0,0,0
344,0,null,0,0,0
345,0,null,0,0,0
346,0,null,0,0,0
347,0,null,0,0,0
348,0,null,0,0,0
349,0,null,0,0,0
350,0,null,0,0,0
351,0,null,0,0,0
352,0,null,0,0,0
353,0,null,0,0,0
354,1,primary_proton,1,1,1
355,0,null,0,0,0
356,0,null,0,0,0
357,0,null,0,0,0
358,0,null,0,0,0
359,0,null,0,0,0
360,0,null,0,0,0
361,0,null,0,0,0
362,0,null,0,0,0
363,0,null,0,0,0
364,0,null,0,0,0
365,0,null,0,0,0
366,0,null,0,0,0
367,0,null,0,0,0
368,0,null,0,0,0
369,0,null,0,0,0
370,0,null,0,0,0
371,0,null,0,0,0
372,0,null,0,0,0
373,0,null,0,0,0
374,10,secondary_proton,1,1,1
375,0,null,0,0,0
71,0,null,0,0,0
72,0,null,0,0,0
73,0,null,0,0,0
74,0,null,0,0,0
75,0,null,0,0,0
76,0,null,0,0,0
77,0,null,0,0,0
78,0,null,0,0,0
79,0,null,0,0,0
80,0,null,0,0,0
81,0,null,0,0,0
82,0,null,0,0,0
83,0,null,0,0,0
84,0,null,0,0,0
85,0,null,0,0,0
86,6,secondary_proton,1,1,1
87,0,null,0,0,0
88,0,null,0,0,0
89,0,null,0,0,0
90,0,null,0,0,0
91,0,null,0,0,0
92,0,null,0,0,0
93,0,null,0,0,0
94,7,pi+,1,1,1
95,0,null,0,0,0
96,0,null,0,0,0
97,0,null,0,0,0
98,0,null,0,0,0
99,0,null,0,0,0
100,0,null,0,0,0
101,0,null,0,0,0
102,0,null,0,0,0
103,0,null,0,0,0
104,0,null,0,0,0
105,0,null,0,0,0
106,0,null,0,0,0
107,1,primary_proton,1,1,1
108,1,primary_proton,1,1,1
109,0,null,0,0,0
110,0,null,0,0,0
111,0,null,0,0,0
112,0,null,0,0,0
113,0,null,0,0,0
114,0,null,0,0,0
115,0,null,0,0,0
116,0,null,0,0,0
117,0,null,0,0,0
118,0,null,0,0,0
119,0,null,0,0,0
120,1,primary_proton,1,1,1
121,0,null,0,0,0
122,0,null,0,0,0
123,0,null,0,0,0
124,0,null,0,0,0
125,0,null,0,0,0
126,0,null,0,0,0
127,0,null,0,0,0
128,0,null,0,0,0
129,0,null,0,0,0
130,0,null,0,0,0
131,0,null,0,0,0
132,0,null,0,0,0
133,0,null,0,0,0
134,0,null,0,0,0
135,0,null,0,0,0
136,0,null,0,0,0
137,0,null,0,0,0
138,0,null,0,0,0
139,0,null,0,0,0
210,0,null,0,0,0
211,0,null,0,0,0
212,0,null,0,0,0
213,0,null,0,0,0
214,0,null,0,0,0
215,0,null,0,0,0
216,0,null,0,0,0
217,6,pi-,1,1,1
218,0,null,0,0,0
219,0,null,0,0,0
220,0,null,0,0,0
221,0,null,0,0,0
222,0,null,0,0,0
223,0,null,0,0,0
224,0,null,0,0,0
225,0,null,0,0,0
226,0,null,0,0,0
227,0,null,0,0,0
228,0,null,0,0,0
229,0,null,0,0,0
230,0,null,0,0,0
231,0,null,0,0,0
232,1,primary_proton,1,1,1
233,0,null,0,0,0
234,0,null,0,0,0
235,0,null,0,0,0
236,0,null,0,0,0
237,0,null,0,0,0
238,0,null,0,0,0
239,0,null,0,0,0
240,0,null,0,0,0
241,0,null,0,0,0
242,0,null,0,0,0
243,0,null,0,0,0
244,0,null,0,0,0
245,0,null,0,0,0
246,0,null,0,0,0
247,0,null,0,0,0
248,0,null,0,0,0
249,0,null,0,0,0
250,0,null,0,0,0
251,0,null,0,0,0
252,0,null,0,0,0
253,0,null,0,0,0
254,0,null,0,0,0
255,0,null,0,0,0
256,0,null,0,0,0
257,0,null,0,0,0
258,1,primary_proton,1,1,1
259,1,primary_proton,1,1,1
260,0,null,0,0,0
261,0,null,0,0,0
262,0,null,0,0,0
263,4152,pi+,1,1,1
264,10,pi+,1,1,1
265,0,null,0,0,0
266,0,null,0,0,0
267,0,null,0,0,0
268,0,null,0,0,0
269,1,primary_proton,1,1,1
270,0,null,0,0,0
271,0,null,0,0,0
272,0,null,0,0,0
273,0,null,0,0,0
274,0,null,0,0,0
275,0,null,0,0,0
276,0,null,0,0,0
277,2484,pi-,1,1,1
278,0,null,0,0,0
279,0,null,0,0,0
420,0,null,0,0,0
421,1,primary_proton,1,1,1
422,0,null,0,0,0
423,0,null,0,0,0
424,0,null,0,0,0
425,0,null,0,0,0
426,0,null,0,0,0
427,0,null,0,0,0
428,0,null,0,0,0
429,11,pi+,1,1,1
430,0,null,0,0,0
431,0,null,0,0,0
432,0,null,0,0,0
433,0,null,0,0,0
434,0,null,0,0,0
435,0,null,0,0,0
436,0,null,0,0,0
437,12,pi+,1,1,0
438,0,null,0,0,0
439,0,null,0,0,0
440,0,null,0,0,0
441,1,primary_proton,1,1,1
442,0,null,0,0,0
443,0,null,0,0,0
444,1,primary_proton,1,1,1
445,0,null,0,0,0
446,0,null,0,0,0
447,0,null,0,0,0
448,0,null,0,0,0
449,0,null,0,0,0
450,5,pi+,1,1,1
451,0,null,0,0,0
452,0,null,0,0,0
453,0,null,0,0,0
454,0,null,0,0,0
455,5,pi-,1,1,1
456,0,null,0,0,0
457,0,null,0,0,0
458,0,null,0,0,0
459,0,null,0,0,0
460,0,null,0,0,0
461,0,null,0,0,0
462,0,null,0,0,0
463,0,null,0,0,0
464,0,null,0,0,0
465,1222,e-,1,1,1
466,0,null,0,0,0
467,0,null,0,0,0
468,0,null,0,0,0
469,0,null,0,0,0
470,0,null,0,0,0
471,0,null,0,0,0
472,0,null,0,0,0
473,0,null,0,0,0
474,0,null,0,0,0
475,0,null,0,0,0
476,0,null,0,0,0
477,0,null,0,0,0
478,0,null,0,0,0
479,0,null,0,0,0
480,1,primary_proton,1,1,1
481,1,primary_proton,1,1,1
482,0,null,0,0,0
483,0,null,0,0,0
484,0,null,0,0,0
485,0,null,0,0,0
486,0,null,0,0,0
487,0,null,0,0,0
488,0,null,0,0,0
489,0,null,0,0,0
560,0,null,0,0,0
561,0,null,0,0,0
562,0,null,0,0,0
563,0,null,0,0,0
564,0,null,0,0,0
565,0,null,0,0,0
566,0,null,0,0,0
567,0,null,0,0,0
568,0,null,0,0,0
569,0,null,0,0,0
570,16,secondary_proton,1,0,1
571,3,secondary_proton,1,1,1
572,0,null,0,0,0
573,0,null,0,0,0
574,0,null,0,0,0
575,0,null,0,0,0
576,0,null,0,0,0
577,0,null,0,0,0
578,6,secondary_proton,1,1,1
579,0,null,0,0,0
580,0,null,0,0,0
581,0,null,0,0,0
377,0,null,0,0,0
378,0,null,0,0,0
379,0,null,0,0,0
380,0,null,0,0,0
381,0,null,0,0,0
382,0,null,0,0,0
383,1,primary_proton,1,1,1
384,10,pi+,1,1,1
385,0,null,0,0,0
386,0,null,0,0,0
387,0,null,0,0,0
388,0,null,0,0,0
389,0,null,0,0,0
390,0,null,0,0,0
391,0,null,0,0,0
392,0,null,0,0,0
393,0,null,0,0,0
394,0,null,0,0,0
395,0,null,0,0,0
396,0,null,0,0,0
397,0,null,0,0,0
398,11,pi-,1,1,1
399,0,null,0,0,0
400,0,null,0,0,0
401,0,null,0,0,0
402,0,null,0,0,0
403,0,null,0,0,0
404,0,null,0,0,0
405,0,null,0,0,0
406,0,null,0,0,0
407,0,null,0,0,0
408,0,null,0,0,0
409,0,null,0,0,0
410,0,null,0,0,0
411,0,null,0,0,0
412,0,null,0,0,0
413,0,null,0,0,0
414,0,null,0,0,0
415,0,null,0,0,0
416,10,pi-,1,1,1
417,0,null,0,0,0
418,0,null,0,0,0
419,0,null,0,0,0
490,0,null,0,0,0
491,0,null,0,0,0
492,0,null,0,0,0
493,1,primary_proton,1,1,1
494,0,null,0,0,0
495,0,null,0,0,0
496,202,pi-,1,1,1
497,0,null,0,0,0
498,1,primary_proton,1,1,1
499,0,null,0,0,0
500,0,null,0,0,0
501,0,null,0,0,0
502,0,null,0,0,0
503,0,null,0,0,0
504,1,primary_proton,1,1,1
505,0,null,0,0,0
506,0,null,0,0,0
507,0,null,0,0,0
508,1,primary_proton,1,1,1
509,0,null,0,0,0
510,0,null,0,0,0
511,0,null,0,0,0
512,0,null,0,0,0
513,13,kaon-,1,1,1
514,0,null,0,0,0
515,0,null,0,0,0
516,0,null,0,0,0
517,0,null,0,0,0
518,0,null,0,0,0
519,0,null,0,0,0
520,2,secondary_proton,1,1,0
521,0,null,0,0,0
522,0,null,0,0,0
523,0,null,0,0,0
524,1,primary_proton,1,1,1
525,0,null,0,0,0
526,0,null,0,0,0
527,0,null,0,0,0
528,0,null,0,0,0
529,0,null,0,0,0
530,0,null,0,0,0
531,0,null,0,0,0
532,0,null,0,0,0
533,0,null,0,0,0
534,0,null,0,0,0
535,0,null,0,0,0
536,0,null,0,0,0
537,1,primary_proton,1,1,1
538,0,null,0,0,0
539,0,null,0,0,0
540,0,null,0,0,0
541,0,null,0,0,0
542,0,null,0,0,0
543,0,null,0,0,0
544,0,null,0,0,0
545,0,null,0,0,0
546,0,null,0,0,0
547,0,null,0,0,0
548,0,null,0,0,0
549,0,null,0,0,0
550,0,null,0,0,0
551,22,secondary_proton,1,1,1
552,0,null,0,0,0
553,0,null,0,0,0
554,0,null,0,0,0
555,0,null,0,0,0
556,0,null,0,0,0
557,0,null,0,0,0
558,0,null,0,0,0
559,0,null,0,0,0
630,0,null,0,0,0
631,0,null,0,0,0
632,0,null,0,0,0
633,0,null,0,0,0
634,0,null,0,0,0
635,1,primary_proton,1,1,1
636,0,null,0,0,0
637,0,null,0,0,0
638,0,null,0,0,0
639,0,null,0,0,0
640,0,null,0,0,0
641,0,null,0,0,0
642,0,null,0,0,0
643,0,null,0,0,0
644,0,null,0,0,0
645,0,null,0,0,0
646,0,null,0,0,0
647,1,primary_proton,1,1,1
648,0,null,0,0,0
649,0,null,0,0,0
650,0,null,0,0,0
651,0,null,0,0,0
652,0,null,0,0,0
653,0,null,0,0,0
654,0,null,0,0,0
655,1,primary_proton,1,1,1
656,0,null,0,0,0
657,0,null,0,0,0
658,0,null,0,0,0
659,0,null,0,0,0
660,0,null,0,0,0
661,0,null,0,0,0
662,0,null,0,0,0
663,0,null,0,0,0
664,0,null,0,0,0
665,0,null,0,0,0
666,0,null,0,0,0
667,0,null,0,0,0
668,0,null,0,0,0
669,0,null,0,0,0
670,0,null,0,0,0
671,0,null,0,0,0
672,1,primary_proton,1,1,1
673,0,null,0,0,0
674,0,null,0,0,0
675,0,null,0,0,0
676,0,null,0,0,0
677,0,null,0,0,0
678,0,null,0,0,0
679,0,null,0,0,0
680,0,null,0,0,0
681,0,null,0,0,0
682,0,null,0,0,0
683,0,null,0,0,0
684,8,pi+,1,0,1
685,0,null,0,0,0
686,0,null,0,0,0
687,0,null,0,0,0
688,1,primary_proton,1,1,1
689,0,null,0,0,0
690,0,null,0,0,0
691,0,null,0,0,0
692,0,null,0,0,0
693,0,null,0,0,0
694,0,null,0,0,0
695,0,null,0,0,0
696,14,pi+,1,1,1
697,0,null,0,0,0
698,0,null,0,0,0
699,0,null,0,0,0
700,0,null,0,0,0
701,0,null,0,0,0
702,0,null,0,0,0
703,0,null,0,0,0
704,0,null,0,0,0
705,0,null,0,0,0
706,0,null,0,0,0
707,0,null,0,0,0
708,0,null,0,0,0
709,0,null,0,0,0
710,0,null,0,0,0
711,0,null,0,0,0
712,0,null,0,0,0
713,0,null,0,0,0
714,1,primary_proton,1,1,1
715,0,null,0,0,0
716,0,null,0,0,0
717,0,null,0,0,0
718,0,null,0,0,0
719,0,null,0,0,0
720,0,null,0,0,0
721,0,null,0,0,0
722,0,null,0,0,0
723,0,null,0,0,0
724,1,primary_proton,1,1,1
725,0,null,0,0,0
726,1,primary_proton,1,1,1
727,0,null,0,0,0
728,0,null,0,0,0
729,0,null,0,0,0
730,5,secondary_proton,1,1,0
731,17,secondary_proton,1,1,0
732,0,null,0,0,0
733,0,null,0,0,0
734,0,null,0,0,0
735,0,null,0,0,0
736,0,null,0,0,0
737,1,primary_proton,1,1,1
738,0,null,0,0,0
739,1,primary_proton,1,1,1
740,0,null,0,0,0
741,0,null,0,0,0
742,0,null,0,0,0
743,0,null,0,0,0
745,0,null,0,0,0
746,0,null,0,0,0
747,0,null,0,0,0
748,0,null,0,0,0
749,0,null,0,0,0
750,0,null,0,0,0
751,0,null,0,0,0
752,1,primary_proton,1,1,1
753,0,null,0,0,0
754,0,null,0,0,0
755,0,null,0,0,0
756,0,null,0,0,0
757,0,null,0,0,0
758,0,null,0,0,0
759,0,null,0,0,0
760,0,null,0,0,0
761,0,null,0,0,0
762,0,null,0,0,0
763,0,null,0,0,0
764,0,null,0,0,0
765,0,null,0,0,0
766,0,null,0,0,0
767,0,null,0,0,0
768,0,null,0,0,0
769,12,pi-,1,1,1
840,0,null,0,0,0
841,0,null,0,0,0
842,0,null,0,0,0
843,0,null,0,0,0
844,0,null,0,0,0
845,0,null,0,0,0
846,0,null,0,0,0
847,0,null,0,0,0
848,0,null,0,0,0
849,0,null,0,0,0
850,0,null,0,0,0
851,0,null,0,0,0
852,0,null,0,0,0
853,0,null,0,0,0
854,0,null,0,0,0
855,0,null,0,0,0
856,0,null,0,0,0
857,0,null,0,0,0
858,0,null,0,0,0
859,87,pi-,1,1,1
860,0,null,0,0,0
861,0,null,0,0,0
862,0,null,0,0,0
863,0,null,0,0,0
864,0,null,0,0,0
865,0,null,0,0,0
866,0,null,0,0,0
867,0,null,0,0,0
868,0,null,0,0,0
869,0,null,0,0,0
870,0,null,0,0,0
871,0,null,0,0,0
872,0,null,0,0,0
873,0,null,0,0,0
874,0,null,0,0,0
875,0,null,0,0,0
876,0,null,0,0,0
877,0,null,0,0,0
878,0,null,0,0,0
879,0,null,0,0,0
880,0,null,0,0,0
881,0,null,0,0,0
882,0,null,0,0,0
883,0,null,0,0,0
884,0,null,0,0,0
885,0,null,0,0,0
886,0,null,0,0,0
887,0,null,0,0,0
888,0,null,0,0,0
889,0,null,0,0,0
890,0,null,0,0,0
891,0,null,0,0,0
892,0,null,0,0,0
893,0,null,0,0,0
894,0,null,0,0,0
895,0,null,0,0,0
896,9,secondary_proton,1,1,1
897,0,null,0,0,0
898,10,kaon-,1,1,1
899,0,null,0,0,0
900,0,null,0,0,0
901,0,null,0,0,0
902,0,null,0,0,0
903,0,null,0,0,0
904,0,null,0,0,0
905,7,pi-,1,0,0
906,0,null,0,0,0
907,1,primary_proton,1,1,1
908,0,null,0,0,0
909,0,null,0,0,0
910,0,null,0,0,0
911,0,null,0,0,0
912,0,null,0,0,0
913,0,null,0,0,0
914,0,null,0,0,0
915,0,null,0,0,0
916,0,null,0,0,0
917,0,null,0,0,0
918,0,null,0,0,0
919,0,null,0,0,0
920,0,null,0,0,0
921,0,null,0,0,0
922,0,null,0,0,0
923,0,null,0,0,0
924,0,null,0,0,0
925,0,null,0,0,0
926,0,null,0,0,0
927,0,null,0,0,0
928,0,null,0,0,0
929,0,null,0,0,0
930,0,null,0,0,0
931,3000,e-,0,1,0
932,0,null,0,0,0
933,0,null,0,0,0
934,0,null,0,0,0
935,0,null,0,0,0
936,0,null,0,0,0
937,0,null,0,0,0
938,0,null,0,0,0
939,0,null,0,0,0
940,0,null,0,0,0
941,0,null,0,0,0
942,0,null,0,0,0
943,0,null,0,0,0
944,0,null,0,0,0
945,0,null,0,0,0
946,0,null,0,0,0
947,0,null,0,0,0
948,0,null,0,0,0
949,0,null,0,0,0
950,0,null,0,0,0
951,0,null,0,0,0
952,0,null,0,0,0
953,0,null,0,0,0
954,0,null,0,0,0
955,0,null,0,0,0
956,17,secondary_proton,1,1,1
957,0,null,0,0,0
958,0,null,0,0,0
959,0,null,0,0,0
960,1,primary_proton,1,1,1
961,0,null,0,0,0
962,0,null,0,0,0
963,0,null,0,0,0
964,3656,e+,1,0,0
965,246,secondary_proton,1,1,0
966,0,null,0,0,0
967,0,null,0,0,0
968,0,null,0,0,0
969,0,null,0,0,0
970,0,null,0,0,0
971,0,null,0,0,0
972,0,null,0,0,0
973,0,null,0,0,0
974,0,null,0,0,0
975,0,null,0,0,0
976,0,null,0,0,0
977,0,null,0,0,0
978,0,null,0,0,0
979,0,null,0,0,0
1050,0,null,0,0,0
1051,0,null,0,0,0
1052,0,null,0,0,0
1053,0,null,0,0,0
1054,0,null,0,0,0
1055,8,secondary_proton,1,1,1
1056,0,null,0,0,0
1057,0,null,0,0,0
1058,0,null,0,0,0
1059,0,null,0,0,0
1060,0,null,0,0,0
1061,0,null,0,0,0
1062,0,null,0,0,0
1063,0,null,0,0,0
1064,0,null,0,0,0
1065,0,null,0,0,0
1066,8,secondary_proton,1,1,1
1067,0,null,0,0,0
1068,0,null,0,0,0
1069,0,null,0,0,0
1070,0,null,0,0,0
1071,0,null,0,0,0
1072,0,null,0,0,0
1073,0,null,0,0,0
1074,0,null,0,0,0
1075,0,null,0,0,0
1076,0,null,0,0,0
1077,0,null,0,0,0
1078,0,null,0,0,0
1079,0,null,0,0,0
1080,0,null,0,0,0
1081,0,null,0,0,0
1082,0,null,0,0,0
1083,0,null,0,0,0
1084,0,null,0,0,0
1085,0,null,0,0,0
1086,0,null,0,0,0
1087,0,null,0,0,0
1088,0,null,0,0,0
1089,0,null,0,0,0
1090,0,null,0,0,0
1091,0,null,0,0,0
1092,0,null,0,0,0
1093,0,null,0,0,0
1094,0,null,0,0,0
1095,0,null,0,0,0
1096,0,null,0,0,0
1097,0,null,0,0,0
1098,0,null,0,0,0
1099,0,null,0,0,0
1100,20,pi-,1,1,1
1101,0,null,0,0,0
1102,0,null,0,0,0
1103,0,null,0,0,0
1104,1,primary_proton,1,1,1
1105,0,null,0,0,0
1106,0,null,0,0,0
1107,1,primary_proton,1,1,1
1108,0,null,0,0,0
1109,0,null,0,0,0
1110,0,null,0,0,0
1111,0,null,0,0,0
1112,0,null,0,0,0
1113,0,null,0,0,0
583,0,null,0,0,0
584,0,null,0,0,0
585,0,null,0,0,0
586,0,null,0,0,0
587,28,pi-,1,1,0
588,0,null,0,0,0
589,0,null,0,0,0
590,0,null,0,0,0
591,0,null,0,0,0
592,0,null,0,0,0
593,6076,e-,1,1,1
594,0,null,0,0,0
595,0,null,0,0,0
596,0,null,0,0,0
597,0,null,0,0,0
598,0,null,0,0,0
599,0,null,0,0,0
600,0,null,0,0,0
601,0,null,0,0,0
602,0,null,0,0,0
603,0,null,0,0,0
604,0,null,0,0,0
605,0,null,0,0,0
606,0,null,0,0,0
607,0,null,0,0,0
608,0,null,0,0,0
609,0,null,0,0,0
610,0,null,0,0,0
611,0,null,0,0,0
612,0,null,0,0,0
613,0,null,0,0,0
614,0,null,0,0,0
615,0,null,0,0,0
616,0,null,0,0,0
617,0,null,0,0,0
618,0,null,0,0,0
619,0,null,0,0,0
620,0,null,0,0,0
621,0,null,0,0,0
622,7,pi-,1,1,1
623,0,null,0,0,0
624,0,null,0,0,0
625,0,null,0,0,0
626,0,null,0,0,0
627,0,null,0,0,0
628,0,null,0,0,0
629,0,null,0,0,0
770,0,null,0,0,0
771,0,null,0,0,0
772,0,null,0,0,0
773,0,null,0,0,0
774,0,null,0,0,0
775,0,null,0,0,0
776,0,null,0,0,0
777,0,null,0,0,0
778,0,null,0,0,0
779,0,null,0,0,0
780,0,null,0,0,0
781,0,null,0,0,0
782,0,null,0,0,0
783,0,null,0,0,0
784,0,null,0,0,0
785,0,null,0,0,0
786,0,null,0,0,0
787,0,null,0,0,0
788,0,null,0,0,0
789,0,null,0,0,0
790,0,null,0,0,0
791,0,null,0,0,0
792,0,null,0,0,0
793,0,null,0,0,0
794,0,null,0,0,0
795,0,null,0,0,0
796,0,null,0,0,0
797,0,null,0,0,0
798,0,null,0,0,0
799,0,null,0,0,0
800,0,null,0,0,0
801,1,primary_proton,1,1,1
802,0,null,0,0,0
803,143,pi+,1,1,1
804,0,null,0,0,0
805,464,secondary_proton,1,1,1
806,0,null,0,0,0
807,0,null,0,0,0
808,0,null,0,0,0
809,0,null,0,0,0
810,0,null,0,0,0
811,0,null,0,0,0
812,10,pi+,1,1,1
813,0,null,0,0,0
814,7,pi-,1,1,1
815,0,null,0,0,0
816,0,null,0,0,0
817,0,null,0,0,0
818,0,null,0,0,0
819,0,null,0,0,0
820,9,pi+,1,1,1
821,0,null,0,0,0
822,0,null,0,0,0
823,0,null,0,0,0
824,0,null,0,0,0
825,0,null,0,0,0
826,0,null,0,0,0
827,0,null,0,0,0
828,0,null,0,0,0
829,0,null,0,0,0
830,0,null,0,0,0
831,0,null,0,0,0
832,0,null,0,0,0
833,0,null,0,0,0
834,0,null,0,0,0
835,0,null,0,0,0
836,0,null,0,0,0
837,0,null,0,0,0
838,0,null,0,0,0
839,0,null,0,0,0
980,0,null,0,0,0
981,0,null,0,0,0
982,0,null,0,0,0
983,0,null,0,0,0
984,0,null,0,0,0
985,0,null,0,0,0
986,0,null,0,0,0
987,0,null,0,0,0
988,0,null,0,0,0
989,1333,e-,1,1,0
990,0,null,0,0,0
991,0,null,0,0,0
992,0,null,0,0,0
993,10,pi-,1,1,1
994,0,null,0,0,0
995,0,null,0,0,0
996,0,null,0,0,0
997,0,null,0,0,0
998,0,null,0,0,0
999,0,null,0,0,0
1000,0,null,0,0,0
1001,0,null,0,0,0
1002,0,null,0,0,0
1003,1,primary_proton,1,1,1
1004,0,null,0,0,0
1005,0,null,0,0,0
1006,0,null,0,0,0
1007,0,null,0,0,0
1008,0,null,0,0,0
1009,0,null,0,0,0
1010,0,null,0,0,0
1011,0,null,0,0,0
1012,0,null,0,0,0
1013,0,null,0,0,0
1014,4,secondary_proton,1,1,1
1015,0,null,0,0,0
1016,0,null,0,0,0
1017,0,null,0,0,0
1018,0,null,0,0,0
1019,0,null,0,0,0
1020,0,null,0,0,0
1021,0,null,0,0,0
1022,0,null,0,0,0
1023,5458,e-,1,0,0
1024,0,null,0,0,0
1025,0,null,0,0,0
1026,0,null,0,0,0
1027,0,null,0,0,0
1028,1,primary_proton,1,1,1
1029,0,null,0,0,0
1030,0,null,0,0,0
1031,0,null,0,0,0
1032,0,null,0,0,0
1033,0,null,0,0,0
1034,0,null,0,0,0
1035,1,primary_proton,1,1,1
1036,4851,pi-,1,1,0
1037,0,null,0,0,0
1038,0,null,0,0,0
1039,0,null,0,0,0
1040,0,null,0,0,0
1041,0,null,0,0,0
1042,0,null,0,0,0
1043,0,null,0,0,0
1044,0,null,0,0,0
1045,0,null,0,0,0
1046,0,null,0,0,0
1047,0,null,0,0,0
1048,0,null,0,0,0
1049,0,null,0,0,0
1190,0,null,0,0,0
1191,0,null,0,0,0
1192,0,null,0,0,0
1193,0,null,0,0,0
1194,0,null,0,0,0
1195,0,null,0,0,0
1196,0,null,0,0,0
1197,0,null,0,0,0
1198,0,null,0,0,0
1199,0,null,0,0,0
1200,0,null,0,0,0
1201,0,null,0,0,0
1202,0,null,0,0,0
1203,3699,secondary_proton,1,1,1
1204,0,null,0,0,0
1205,0,null,0,0,0
1206,0,null,0,0,0
1207,0,null,0,0,0
1208,0,null,0,0,0
1209,0,null,0,0,0
1210,0,null,0,0,0
1211,0,null,0,0,0
1212,0,null,0,0,0
1213,0,null,0,0,0
1214,0,null,0,0,0
1215,0,null,0,0,0
1216,0,null,0,0,0
1217,1,primary_proton,1,1,1
1218,0,null,0,0,0
1219,0,null,0,0,0
1220,0,null,0,0,0
1221,0,null,0,0,0
1222,0,null,0,0,0
1223,0,null,0,0,0
1224,0,null,0,0,0
1225,0,null,0,0,0
1226,0,null,0,0,0
1227,0,null,0,0,0
1228,0,null,0,0,0
1229,681,secondary_proton,1,0,0
1230,0,null,0,0,0
1115,0,null,0,0,0
1116,1,primary_proton,1,1,1
1117,0,null,0,0,0
1118,0,null,0,0,0
1119,0,null,0,0,0
1120,0,null,0,0,0
1121,0,null,0,0,0
1122,0,null,0,0,0
1123,0,null,0,0,0
1124,0,null,0,0,0
1125,0,null,0,0,0
1126,0,null,0,0,0
1127,0,null,0,0,0
1128,0,null,0,0,0
1129,0,null,0,0,0
1130,0,null,0,0,0
1131,0,null,0,0,0
1132,0,null,0,0,0
1133,0,null,0,0,0
1134,0,null,0,0,0
1135,1,primary_proton,1,1,1
1136,0,null,0,0,0
1137,0,null,0,0,0
1138,0,null,0,0,0
1139,0,null,0,0,0
1140,0,null,0,0,0
1141,0,null,0,0,0
1142,0,null,0,0,0
1143,0,null,0,0,0
1144,0,null,0,0,0
1145,0,null,0,0,0
1146,0,null,0,0,0
1147,0,null,0,0,0
1148,0,null,0,0,0
1149,0,null,0,0,0
1150,0,null,0,0,0
1151,0,null,0,0,0
1152,0,null,0,0,0
1153,0,null,0,0,0
1154,0,null,0,0,0
1155,0,null,0,0,0
1156,0,null,0,0,0
1157,0,null,0,0,0
1158,0,null,0,0,0
1159,1,primary_proton,1,1,1
1160,0,null,0,0,0
1161,0,null,0,0,0
1162,0,null,0,0,0
1163,0,null,0,0,0
1164,0,null,0,0,0
1165,0,null,0,0,0
1166,0,null,0,0,0
1167,0,null,0,0,0
1168,8,secondary_proton,1,1,1
1169,0,null,0,0,0
1170,0,null,0,0,0
1171,0,null,0,0,0
1172,0,null,0,0,0
1173,0,null,0,0,0
1174,0,null,0,0,0
1175,0,null,0,0,0
1176,0,null,0,0,0
1177,0,null,0,0,0
1178,0,null,0,0,0
1179,0,null,0,0,0
1180,0,null,0,0,0
1181,0,null,0,0,0
1182,0,null,0,0,0
1183,0,null,0,0,0
1184,0,null,0,0,0
1185,0,null,0,0,0
1186,0,null,0,0,0
1187,0,null,0,0,0
1188,0,null,0,0,0
1189,2592,e-,1,0,0
1260,0,null,0,0,0
1261,0,null,0,0,0
1262,1279,e-,1,0,0
1263,0,null,0,0,0
1264,0,null,0,0,0
1265,0,null,0,0,0
1266,0,null,0,0,0
1267,0,null,0,0,0
1268,0,null,0,0,0
1269,1,primary_proton,1,1,1
1270,0,null,0,0,0
1271,0,null,0,0,0
1272,0,null,0,0,0
1273,0,null,0,0,0
1274,0,null,0,0,0
1275,9,secondary_proton,1,0,0
1276,166,pi+,1,0,0
1277,0,null,0,0,0
1278,0,null,0,0,0
1279,0,null,0,0,0
1280,0,null,0,0,0
1281,0,null,0,0,0
1282,0,null,0,0,0
1283,0,null,0,0,0
1284,0,null,0,0,0
1285,0,null,0,0,0
1286,1,primary_proton,1,1,1
1287,0,null,0,0,0
1288,0,null,0,0,0
1289,0,null,0,0,0
1290,0,null,0,0,0
1291,0,null,0,0,0
1292,0,null,0,0,0
1293,0,null,0,0,0
1294,0,null,0,0,0
1295,0,null,0,0,0
1296,0,null,0,0,0
1297,0,null,0,0,0
1298,20,pi+,1,1,1
1299,0,null,0,0,0
1300,0,null,0,0,0
1301,1,primary_proton,1,1,1
1302,0,null,0,0,0
1303,0,null,0,0,0
1304,0,null,0,0,0
1305,0,null,0,0,0
1306,0,null,0,0,0
1307,0,null,0,0,0
1308,0,null,0,0,0
1309,0,null,0,0,0
1310,0,null,0,0,0
1311,0,null,0,0,0
1312,0,null,0,0,0
1313,0,null,0,0,0
1314,0,null,0,0,0
1315,0,null,0,0,0
1316,0,null,0,0,0
1317,0,null,0,0,0
1318,0,null,0,0,0
1319,0,null,0,0,0
1320,10,secondary_proton,1,1,0
1321,0,null,0,0,0
1322,0,null,0,0,0
1323,0,null,0,0,0
1324,0,null,0,0,0
1325,0,null,0,0,0
1326,1303,pi-,1,1,1
1327,0,null,0,0,0
1328,0,null,0,0,0
1329,0,null,0,0,0
1400,0,null,0,0,0
1401,0,null,0,0,0
1402,0,null,0,0,0
1403,0,null,0,0,0
1404,0,null,0,0,0
1405,0,null,0,0,0
1406,0,null,0,0,0
1407,0,null,0,0,0
1408,0,null,0,0,0
1409,8,kaon+,1,1,1
1410,0,null,0,0,0
1411,0,null,0,0,0
1412,0,null,0,0,0
1413,0,null,0,0,0
1414,0,null,0,0,0
1415,0,null,0,0,0
1416,0,null,0,0,0
1417,8,pi+,1,1,1
1418,0,null,0,0,0
1419,0,null,0,0,0
1420,0,null,0,0,0
1421,0,null,0,0,0
1422,0,null,0,0,0
1423,414,secondary_proton,1,1,1
1424,0,null,0,0,0
1425,0,null,0,0,0
1426,0,null,0,0,0
1427,0,null,0,0,0
1428,0,null,0,0,0
1429,0,null,0,0,0
1430,0,null,0,0,0
1431,0,null,0,0,0
1432,0,null,0,0,0
1433,0,null,0,0,0
1434,0,null,0,0,0
1435,0,null,0,0,0
1436,0,null,0,0,0
1437,1,primary_proton,1,1,1
1438,0,null,0,0,0
1439,0,null,0,0,0
1440,0,null,0,0,0
1441,0,null,0,0,0
1442,0,null,0,0,0
1443,2,secondary_proton,1,1,1
1444,0,null,0,0,0
1445,0,null,0,0,0
1446,0,null,0,0,0
1447,0,null,0,0,0
1448,0,null,0,0,0
1449,0,null,0,0,0
1450,0,null,0,0,0
1451,0,null,0,0,0
1452,0,null,0,0,0
1453,0,null,0,0,0
1454,0,null,0,0,0
1455,0,null,0,0,0
1456,0,null,0,0,0
1457,0,null,0,0,0
1458,0,null,0,0,0
1459,0,null,0,0,0
1460,1,primary_proton,1,1,1
1461,0,null,0,0,0
1462,0,null,0,0,0
1463,0,null,0,0,0
1464,8,pi-,1,1,1
1465,0,null,0,0,0
1466,0,null,0,0,0
1467,0,null,0,0,0
1468,0,null,0,0,0
1469,0,null,0,0,0
1540,0,null,0,0,0
1541,4,secondary_proton,1,1,1
1542,0,null,0,0,0
1232,0,null,0,0,0
1233,0,null,0,0,0
1234,0,null,0,0,0
1235,0,null,0,0,0
1236,0,null,0,0,0
1237,0,null,0,0,0
1238,4,pi-,1,1,1
1239,0,null,0,0,0
1240,0,null,0,0,0
1241,0,null,0,0,0
1242,0,null,0,0,0
1243,0,null,0,0,0
1244,0,null,0,0,0
1245,0,null,0,0,0
1246,0,null,0,0,0
1247,0,null,0,0,0
1248,0,null,0,0,0
1249,0,null,0,0,0
1250,0,null,0,0,0
1251,0,null,0,0,0
1252,0,null,0,0,0
1253,0,null,0,0,0
1254,0,null,0,0,0
1255,0,null,0,0,0
1256,0,null,0,0,0
1257,0,null,0,0,0
1258,0,null,0,0,0
1259,0,null,0,0,0
1330,0,null,0,0,0
1331,0,null,0,0,0
1332,0,null,0,0,0
1333,0,null,0,0,0
1334,0,null,0,0,0
1335,27,pi+,1,1,1
1336,0,null,0,0,0
1337,0,null,0,0,0
1338,0,null,0,0,0
1339,0,null,0,0,0
1340,0,null,0,0,0
1341,0,null,0,0,0
1342,0,null,0,0,0
1343,0,null,0,0,0
1344,0,null,0,0,0
1345,0,null,0,0,0
1346,0,null,0,0,0
1347,0,null,0,0,0
1348,0,null,0,0,0
1349,0,null,0,0,0
1350,0,null,0,0,0
1351,0,null,0,0,0
1352,0,null,0,0,0
1353,0,null,0,0,0
1354,0,null,0,0,0
1355,437,e-,1,1,1
1356,0,null,0,0,0
1357,0,null,0,0,0
1358,0,null,0,0,0
1359,0,null,0,0,0
1360,0,null,0,0,0
1361,12,pi-,1,1,1
1362,0,null,0,0,0
1363,0,null,0,0,0
1364,0,null,0,0,0
1365,0,null,0,0,0
1366,0,null,0,0,0
1367,0,null,0,0,0
1368,0,null,0,0,0
1369,0,null,0,0,0
1370,0,null,0,0,0
1371,0,null,0,0,0
1372,0,null,0,0,0
1373,0,null,0,0,0
1374,2,secondary_proton,1,0,0
1375,11,secondary_proton,1,1,0
1376,0,null,0,0,0
1377,0,null,0,0,0
1378,0,null,0,0,0
1379,1,primary_proton,1,1,1
1380,0,null,0,0,0
1381,5,pi+,1,1,1
1382,0,null,0,0,0
1383,0,null,0,0,0
1384,0,null,0,0,0
1385,0,null,0,0,0
1386,0,null,0,0,0
1387,0,null,0,0,0
1388,0,null,0,0,0
1389,0,null,0,0,0
1390,0,null,0,0,0
1391,0,null,0,0,0
1392,0,null,0,0,0
1393,0,null,0,0,0
1394,0,null,0,0,0
1395,0,null,0,0,0
1396,0,null,0,0,0
1397,0,null,0,0,0
1398,0,null,0,0,0
1399,0,null,0,0,0
1470,0,null,0,0,0
1471,0,null,0,0,0
1472,0,null,0,0,0
1473,0,null,0,0,0
1474,0,null,0,0,0
1475,0,null,0,0,0
1476,1,primary_proton,1,1,1
1477,0,null,0,0,0
1478,0,null,0,0,0
1479,1,primary_proton,1,1,1
1480,0,null,0,0,0
1481,19,pi+,1,1,1
1482,0,null,0,0,0
1483,0,null,0,0,0
1484,0,null,0,0,0
1485,0,null,0,0,0
1486,0,null,0,0,0
1487,0,null,0,0,0
1488,0,null,0,0,0
1489,0,null,0,0,0
1490,1745,secondary_proton,1,1,0
1491,0,null,0,0,0
1492,0,null,0,0,0
1493,0,null,0,0,0
1494,0,null,0,0,0
1495,0,null,0,0,0
1496,0,null,0,0,0
1497,0,null,0,0,0
1498,0,null,0,0,0
1499,0,null,0,0,0
1500,0,null,0,0,0
1501,0,null,0,0,0
1502,0,null,0,0,0
1503,0,null,0,0,0
1504,0,null,0,0,0
1505,0,null,0,0,0
1506,0,null,0,0,0
1507,0,null,0,0,0
1508,0,null,0,0,0
1509,0,null,0,0,0
1510,0,null,0,0,0
1511,0,null,0,0,0
1512,0,null,0,0,0
1513,4,secondary_proton,1,1,1
1514,0,null,0,0,0
1515,0,null,0,0,0
1516,0,null,0,0,0
1517,0,null,0,0,0
1518,0,null,0,0,0
1519,0,null,0,0,0
1520,0,null,0,0,0
1521,0,null,0,0,0
1522,0,null,0,0,0
1523,0,null,0,0,0
1524,2,pi-,1,0,0
1525,0,null,0,0,0
1526,0,null,0,0,0
1527,0,null,0,0,0
1528,0,null,0,0,0
1529,0,null,0,0,0
1530,0,null,0,0,0
1531,0,null,0,0,0
1532,1,primary_proton,1,1,1
1533,0,null,0,0,0
1534,0,null,0,0,0
1535,0,null,0,0,0
1536,1,primary_proton,1,1,1
1537,0,null,0,0,0
1538,0,null,0,0,0
1539,1,primary_proton,1,1,1
1610,0,null,0,0,0
1611,0,null,0,0,0
1612,0,null,0,0,0
1613,0,null,0,0,0
1614,1,primary_proton,1,1,1
1615,0,null,0,0,0
1616,0,null,0,0,0
1617,0,null,0,0,0
1618,0,null,0,0,0
1619,0,null,0,0,0
1620,0,null,0,0,0
1621,0,null,0,0,0
1622,0,null,0,0,0
1623,0,null,0,0,0
1624,0,null,0,0,0
1625,0,null,0,0,0
1626,0,null,0,0,0
1627,0,null,0,0,0
1628,0,null,0,0,0
1629,0,null,0,0,0
1630,0,null,0,0,0
1631,0,null,0,0,0
1632,2,secondary_proton,1,1,1
1633,0,null,0,0,0
1634,0,null,0,0,0
1635,0,null,0,0,0
1636,0,null,0,0,0
1637,0,null,0,0,0
1638,0,null,0,0,0
1639,0,null,0,0,0
1640,1801,e+,1,1,1
1641,0,null,0,0,0
1642,0,null,0,0,0
1643,0,null,0,0,0
1644,0,null,0,0,0
1645,0,null,0,0,0
1646,0,null,0,0,0
1647,0,null,0,0,0
1648,0,null,0,0,0
1649,0,null,0,0,0
1650,0,null,0,0,0
1651,0,null,0,0,0
1652,0,null,0,0,0
1653,0,null,0,0,0
1654,0,null,0,0,0
1655,0,null,0,0,0
1656,1,primary_proton,1,1,1
1657,0,null,0,0,0
1658,0,null,0,0,0
1659,0,null,0,0,0
1544,0,null,0,0,0
1545,0,null,0,0,0
1546,0,null,0,0,0
1547,0,null,0,0,0
1548,2,secondary_proton,1,1,1
1549,0,null,0,0,0
1550,0,null,0,0,0
1551,0,null,0,0,0
1552,0,null,0,0,0
1553,0,null,0,0,0
1554,0,null,0,0,0
1555,0,null,0,0,0
1556,0,null,0,0,0
1557,0,null,0,0,0
1558,0,null,0,0,0
1559,0,null,0,0,0
1560,0,null,0,0,0
1561,0,null,0,0,0
1562,0,null,0,0,0
1563,0,null,0,0,0
1564,0,null,0,0,0
1565,0,null,0,0,0
1566,0,null,0,0,0
1567,0,null,0,0,0
1568,0,null,0,0,0
1569,9,pi-,1,1,1
1570,7,pi-,1,1,1
1571,0,null,0,0,0
1572,0,null,0,0,0
1573,0,null,0,0,0
1574,0,null,0,0,0
1575,0,null,0,0,0
1576,0,null,0,0,0
1577,16,secondary_proton,1,1,1
1578,0,null,0,0,0
1579,0,null,0,0,0
1580,0,null,0,0,0
1581,0,null,0,0,0
1582,0,null,0,0,0
1583,0,null,0,0,0
1584,0,null,0,0,0
1585,0,null,0,0,0
1586,0,null,0,0,0
1587,0,null,0,0,0
1588,0,null,0,0,0
1589,0,null,0,0,0
1590,17,pi+,1,1,1
1591,0,null,0,0,0
1592,0,null,0,0,0
1593,0,null,0,0,0
1594,0,null,0,0,0
1595,0,null,0,0,0
1596,0,null,0,0,0
1597,0,null,0,0,0
1598,0,null,0,0,0
1599,0,null,0,0,0
1600,0,null,0,0,0
1601,0,null,0,0,0
1602,0,null,0,0,0
1603,0,null,0,0,0
1604,0,null,0,0,0
1605,0,null,0,0,0
1606,0,null,0,0,0
1607,0,null,0,0,0
1608,0,null,0,0,0
1609,0,null,0,0,0
1680,0,null,0,0,0
1681,1,primary_proton,1,1,1
1682,0,null,0,0,0
1683,0,null,0,0,0
1684,0,null,0,0,0
1685,0,null,0,0,0
1686,0,null,0,0,0
1687,0,null,0,0,0
1688,0,null,0,0,0
1689,0,null,0,0,0
1690,0,null,0,0,0
1691,0,null,0,0,0
1692,0,null,0,0,0
1693,0,null,0,0,0
1694,0,null,0,0,0
1695,1,primary_proton,1,1,1
1696,0,null,0,0,0
1697,0,null,0,0,0
1698,0,null,0,0,0
1699,0,null,0,0,0
1700,276,pi+,1,1,0
1701,1,primary_proton,1,1,0
1702,0,null,0,0,0
1703,0,null,0,0,0
1704,0,null,0,0,0
1705,0,null,0,0,0
1706,0,null,0,0,0
1707,0,null,0,0,0
1708,0,null,0,0,0
1709,0,null,0,0,0
1710,0,null,0,0,0
1711,9,pi+,1,0,0
1712,0,null,0,0,0
1713,0,null,0,0,0
1714,0,null,0,0,0
1715,0,null,0,0,0
1716,0,null,0,0,0
1717,0,null,0,0,0
1718,0,null,0,0,0
1719,0,null,0,0,0
1720,0,null,0,0,0
1721,0,null,0,0,0
1722,0,null,0,0,0
1723,0,null,0,0,0
1724,0,null,0,0,0
1725,0,null,0,0,0
1726,0,null,0,0,0
1727,0,null,0,0,0
1728,0,null,0,0,0
1729,6,secondary_proton,1,1,1
1730,0,null,0,0,0
1731,1,primary_proton,1,1,1
1732,8,secondary_proton,1,1,1
1733,0,null,0,0,0
1734,0,null,0,0,0
1735,0,null,0,0,0
1736,0,null,0,0,0
1737,0,null,0,0,0
1738,0,null,0,0,0
1739,10,pi-,1,1,1
1740,10,pi-,1,1,1
1741,0,null,0,0,0
1742,0,null,0,0,0
1743,0,null,0,0,0
1744,0,null,0,0,0
1745,0,null,0,0,0
1746,0,null,0,0,0
1747,0,null,0,0,0
1748,0,null,0,0,0
1749,0,null,0,0,0
1750,0,null,0,0,0
1751,0,null,0,0,0
1752,11,secondary_proton,1,1,1
1753,0,null,0,0,0
1754,0,null,0,0,0
1755,0,null,0,0,0
1756,0,null,0,0,0
1757,0,null,0,0,0
1758,14,pi+,1,1,1
1759,0,null,0,0,0
1760,0,null,0,0,0
1761,0,null,0,0,0
1762,0,null,0,0,0
1763,0,null,0,0,0
1764,0,null,0,0,0
1765,0,null,0,0,0
1766,0,null,0,0,0
1767,0,null,0,0,0
1768,0,null,0,0,0
1769,8,pi-,1,1,1
1770,0,null,0,0,0
1771,0,null,0,0,0
1772,0,null,0,0,0
1773,0,null,0,0,0
1774,0,null,0,0,0
1775,0,null,0,0,0
1776,0,null,0,0,0
1777,0,null,0,0,0
1778,0,null,0,0,0
1779,0,null,0,0,0
1780,0,null,0,0,0
1781,0,null,0,0,0
1782,0,null,0,0,0
1783,0,null,0,0,0
1784,1,primary_proton,1,1,1
1785,0,null,0,0,0
1786,0,null,0,0,0
1787,0,null,0,0,0
1788,0,null,0,0,0
1789,0,null,0,0,0
1790,0,null,0,0,0
1791,0,null,0,0,0
1792,491,secondary_proton,1,1,1
1793,0,null,0,0,0
1794,0,null,0,0,0
1795,0,null,0,0,0
1796,0,null,0,0,0
1797,0,null,0,0,0
1798,0,null,0,0,0
1799,0,null,0,0,0
1800,0,null,0,0,0
1801,0,null,0,0,0
1802,0,null,0,0,0
1803,0,null,0,0,0
1804,0,null,0,0,0
1805,0,null,0,0,0
1806,0,null,0,0,0
1807,0,null,0,0,0
1808,0,null,0,0,0
1809,0,null,0,0,0
1810,0,null,0,0,0
1811,0,null,0,0,0
1812,0,null,0,0,0
1813,0,null,0,0,0
1814,0,null,0,0,0
1815,0,null,0,0,0
1816,0,null,0,0,0
1817,0,null,0,0,0
1818,0,null,0,0,0
1819,0,null,0,0,0
1960,0,null,0,0,0
1961,0,null,0,0,0
1962,0,null,0,0,0
1963,0,null,0,0,0
1964,0,null,0,0,0
1965,0,null,0,0,0
1966,0,null,0,0,0
1967,0,null,0,0,0
1968,0,null,0,0,0
1969,0,null,0,0,0
1970,0,null,0,0,0
1971,0,null,0,0,0
1972,0,null,0,0,0
1661,0,null,0,0,0
1662,0,null,0,0,0
1663,0,null,0,0,0
1664,0,null,0,0,0
1665,503,secondary_proton,1,1,1
1666,0,null,0,0,0
1667,0,null,0,0,0
1668,0,null,0,0,0
1669,0,null,0,0,0
1670,0,null,0,0,0
1671,0,null,0,0,0
1672,0,null,0,0,0
1673,0,null,0,0,0
1674,1,primary_proton,1,1,1
1675,1,primary_proton,1,1,1
1676,0,null,0,0,0
1677,0,null,0,0,0
1678,0,null,0,0,0
1679,0,null,0,0,0
1820,0,null,0,0,0
1821,0,null,0,0,0
1822,0,null,0,0,0
1823,0,null,0,0,0
1824,0,null,0,0,0
1825,0,null,0,0,0
1826,0,null,0,0,0
1827,0,null,0,0,0
1828,1,primary_proton,1,1,1
1829,0,null,0,0,0
1830,0,null,0,0,0
1831,0,null,0,0,0
1832,0,null,0,0,0
1833,0,null,0,0,0
1834,0,null,0,0,0
1835,0,null,0,0,0
1836,12,secondary_proton,1,1,1
1837,0,null,0,0,0
1838,0,null,0,0,0
1839,0,null,0,0,0
1840,0,null,0,0,0
1841,0,null,0,0,0
1842,0,null,0,0,0
1843,0,null,0,0,0
1844,0,null,0,0,0
1845,0,null,0,0,0
1846,0,null,0,0,0
1847,0,null,0,0,0
1848,14,pi-,1,1,0
1849,0,null,0,0,0
1850,0,null,0,0,0
1851,0,null,0,0,0
1852,0,null,0,0,0
1853,0,null,0,0,0
1854,0,null,0,0,0
1855,0,null,0,0,0
1856,0,null,0,0,0
1857,0,null,0,0,0
1858,0,null,0,0,0
1859,0,null,0,0,0
1860,0,null,0,0,0
1861,0,null,0,0,0
1862,0,null,0,0,0
1863,0,null,0,0,0
1864,0,null,0,0,0
1865,0,null,0,0,0
1866,0,null,0,0,0
1867,0,null,0,0,0
1868,0,null,0,0,0
1869,0,null,0,0,0
1870,0,null,0,0,0
1871,0,null,0,0,0
1872,0,null,0,0,0
1873,0,null,0,0,0
1874,0,null,0,0,0
1875,0,null,0,0,0
1876,0,null,0,0,0
1877,0,null,0,0,0
1878,0,null,0,0,0
1879,0,null,0,0,0
1880,13,pi+,1,1,1
1881,0,null,0,0,0
1882,0,null,0,0,0
1883,0,null,0,0,0
1884,0,null,0,0,0
1885,0,null,0,0,0
1886,0,null,0,0,0
1887,0,null,0,0,0
1888,0,null,0,0,0
1889,0,null,0,0,0
1890,0,null,0,0,0
1891,0,null,0,0,0
1892,0,null,0,0,0
1893,0,null,0,0,0
1894,0,null,0,0,0
1895,0,null,0,0,0
1896,0,null,0,0,0
1897,0,null,0,0,0
1898,0,null,0,0,0
1899,0,null,0,0,0
1900,0,null,0,0,0
1901,0,null,0,0,0
1902,0,null,0,0,0
1903,0,null,0,0,0
1904,0,null,0,0,0
1905,0,null,0,0,0
1906,0,null,0,0,0
1907,0,null,0,0,0
1908,0,null,0,0,0
1909,0,null,0,0,0
1910,0,null,0,0,0
1911,0,null,0,0,0
1912,0,null,0,0,0
1913,0,null,0,0,0
1914,1,primary_proton,1,1,1
1915,0,null,0,0,0
1916,0,null,0,0,0
1917,0,null,0,0,0
1918,0,null,0,0,0
1919,0,null,0,0,0
1920,0,null,0,0,0
1921,0,null,0,0,0
1922,0,null,0,0,0
1923,1,primary_proton,1,1,1
1924,0,null,0,0,0
1925,0,null,0,0,0
1926,0,null,0,0,0
1927,0,null,0,0,0
1928,0,null,0,0,0
1929,0,null,0,0,0
1930,0,null,0,0,0
1931,0,null,0,0,0
1932,0,null,0,0,0
1933,0,null,0,0,0
1934,0,null,0,0,0
1935,0,null,0,0,0
1936,0,null,0,0,0
1937,0,null,0,0,0
1938,0,null,0,0,0
1939,0,null,0,0,0
1940,0,null,0,0,0
1941,0,null,0,0,0
1942,3,pi-,1,1,1
1943,0,null,0,0,0
1944,0,null,0,0,0
1945,0,null,0,0,0
1946,1,primary_proton,1,1,1
1947,0,null,0,0,0
1948,0,null,0,0,0
1949,0,null,0,0,0
1950,0,null,0,0,0
1951,0,null,0,0,0
1952,0,null,0,0,0
1953,0,null,0,0,0
1954,0,null,0,0,0
1955,0,null,0,0,0
1956,0,null,0,0,0
1957,0,null,0,0,0
1958,1,primary_proton,1,1,1
1959,0,null,0,0,0
2030,0,null,0,0,0
2031,0,null,0,0,0
2032,0,null,0,0,0
2033,0,null,0,0,0
2034,0,null,0,0,0
2035,0,null,0,0,0
2036,0,null,0,0,0
2037,14,pi-,1,1,1
2038,0,null,0,0,0
2039,0,null,0,0,0
2040,0,null,0,0,0
2041,0,null,0,0,0
2042,0,null,0,0,0
2043,0,null,0,0,0
2044,0,null,0,0,0
2045,0,null,0,0,0
2046,0,null,0,0,0
2047,0,null,0,0,0
2048,0,null,0,0,0
2049,0,null,0,0,0
2050,0,null,0,0,0
2051,0,null,0,0,0
2052,0,null,0,0,0
2053,0,null,0,0,0
2054,0,null,0,0,0
2055,0,null,0,0,0
2056,6,pi+,1,1,1
2057,0,null,0,0,0
2058,0,null,0,0,0
2059,0,null,0,0,0
2060,0,null,0,0,0
2061,0,null,0,0,0
2062,0,null,0,0,0
2063,0,null,0,0,0
2064,0,null,0,0,0
2065,0,null,0,0,0
2066,0,null,0,0,0
2067,0,null,0,0,0
2068,1,primary_proton,1,1,1
2069,0,null,0,0,0
2070,4,secondary_proton,1,1,1
2071,0,null,0,0,0
2072,0,null,0,0,0
2073,0,null,0,0,0
2074,0,null,0,0,0
2075,0,null,0,0,0
2076,5,pi+,1,1,1
2077,0,null,0,0,0
2078,0,null,0,0,0
2079,0,null,0,0,0
2080,0,null,0,0,0
2081,0,null,0,0,0
2082,0,null,0,0,0
2083,0,null,0,0,0
2084,0,null,0,0,0
2085,0,null,0,0,0
2086,0,null,0,0,0
2087,0,null,0,0,0
2088,0,null,0,0,0
2089,0,null,0,0,0
2090,0,null,0,0,0
1974,0,null,0,0,0
1975,0,null,0,0,0
1976,83,pi-,1,1,0
1977,0,null,0,0,0
1978,0,null,0,0,0
1979,0,null,0,0,0
1980,0,null,0,0,0
1981,0,null,0,0,0
1982,0,null,0,0,0
1983,0,null,0,0,0
1984,0,null,0,0,0
1985,0,null,0,0,0
1986,0,null,0,0,0
1987,0,null,0,0,0
1988,10,pi-,1,0,0
1989,0,null,0,0,0
1990,0,null,0,0,0
1991,0,null,0,0,0
1992,0,null,0,0,0
1993,0,null,0,0,0
1994,0,null,0,0,0
1995,0,null,0,0,0
1996,0,null,0,0,0
1997,0,null,0,0,0
1998,0,null,0,0,0
1999,0,null,0,0,0
2000,0,null,0,0,0
2001,0,null,0,0,0
2002,2700,pi-,1,1,1
2003,0,null,0,0,0
2004,0,null,0,0,0
2005,0,null,0,0,0
2006,0,null,0,0,0
2007,0,null,0,0,0
2008,0,null,0,0,0
2009,0,null,0,0,0
2010,0,null,0,0,0
2011,0,null,0,0,0
2012,0,null,0,0,0
2013,0,null,0,0,0
2014,0,null,0,0,0
2015,0,null,0,0,0
2016,0,null,0,0,0
2017,0,null,0,0,0
2018,0,null,0,0,0
2019,0,null,0,0,0
2020,0,null,0,0,0
2021,0,null,0,0,0
2022,0,null,0,0,0
2023,0,null,0,0,0
2024,0,null,0,0,0
2025,0,null,0,0,0
2026,0,null,0,0,0
2027,0,null,0,0,0
2028,0,null,0,0,0
2029,0,null,0,0,0
2100,0,null,0,0,0
2101,0,null,0,0,0
2102,0,null,0,0,0
2103,0,null,0,0,0
2104,0,null,0,0,0
2105,0,null,0,0,0
2106,0,null,0,0,0
2107,0,null,0,0,0
2108,5287,e-,1,0,0
2109,0,null,0,0,0
2110,0,null,0,0,0
2111,0,null,0,0,0
2112,0,null,0,0,0
2113,0,null,0,0,0
2114,0,null,0,0,0
2115,0,null,0,0,0
2116,0,null,0,0,0
2117,0,null,0,0,0
2118,3,secondary_proton,1,1,1
2119,0,null,0,0,0
2120,0,null,0,0,0
2121,0,null,0,0,0
2122,0,null,0,0,0
2123,0,null,0,0,0
2124,0,null,0,0,0
2125,0,null,0,0,0
2126,0,null,0,0,0
2127,0,null,0,0,0
2128,0,null,0,0,0
2129,0,null,0,0,0
2130,0,null,0,0,0
2131,0,null,0,0,0
2132,0,null,0,0,0
2133,1,primary_proton,1,1,1
2134,0,null,0,0,0
2135,1,primary_proton,1,1,1
2136,0,null,0,0,0
2137,0,null,0,0,0
2138,0,null,0,0,0
2139,0,null,0,0,0
2140,0,null,0,0,0
2141,0,null,0,0,0
2142,0,null,0,0,0
2143,0,null,0,0,0
2144,0,null,0,0,0
2145,0,null,0,0,0
2146,0,null,0,0,0
2147,0,null,0,0,0
2148,0,null,0,0,0
2149,0,null,0,0,0
2150,0,null,0,0,0
2151,0,null,0,0,0
2152,0,null,0,0,0
2153,1,primary_proton,1,1,1
2154,0,null,0,0,0
2155,0,null,0,0,0
2156,0,null,0,0,0
2157,0,null,0,0,0
2158,0,null,0,0,0
2159,0,null,0,0,0
2160,0,null,0,0,0
2161,0,null,0,0,0
2162,0,null,0,0,0
2163,0,null,0,0,0
2164,0,null,0,0,0
2165,0,null,0,0,0
2166,0,null,0,0,0
2167,0,null,0,0,0
2168,0,null,0,0,0
2169,0,null,0,0,0
2170,0,null,0,0,0
2171,0,null,0,0,0
2172,0,null,0,0,0
2173,0,null,0,0,0
2174,0,null,0,0,0
2175,0,null,0,0,0
2176,0,null,0,0,0
2177,0,null,0,0,0
2178,0,null,0,0,0
2179,0,null,0,0,0
2180,0,null,0,0,0
2181,0,null,0,0,0
2182,10,pi+,1,1,0
2183,0,null,0,0,0
2184,7,pi-,1,1,1
2185,0,null,0,0,0
2186,0,null,0,0,0
2187,0,null,0,0,0
2188,144,secondary_proton,1,1,0
2189,0,null,0,0,0
2190,5,pi+,1,1,1
2191,0,null,0,0,0
2192,3722,e-,1,1,0
2193,0,null,0,0,0
2194,0,null,0,0,0
2195,1466,e-,1,1,1
2196,0,null,0,0,0
2197,0,null,0,0,0
2198,0,null,0,0,0
2199,1,primary_proton,1,1,1
2200,0,null,0,0,0
2201,0,null,0,0,0
2202,0,null,0,0,0
2203,6,secondary_proton,1,1,1
2204,0,null,0,0,0
2205,0,null,0,0,0
2206,0,null,0,0,0
2207,0,null,0,0,0
2208,0,null,0,0,0
2209,0,null,0,0,0
2210,0,null,0,0,0
2211,1,primary_proton,1,1,1
2212,0,null,0,0,0
2213,0,null,0,0,0
2214,0,null,0,0,0
2215,0,null,0,0,0
2216,0,null,0,0,0
2217,0,null,0,0,0
2218,0,null,0,0,0
2219,0,null,0,0,0
2220,0,null,0,0,0
2221,0,null,0,0,0
2222,0,null,0,0,0
2223,0,null,0,0,0
2224,0,null,0,0,0
2225,0,null,0,0,0
2226,0,null,0,0,0
2227,0,null,0,0,0
2228,0,null,0,0,0
2229,0,null,0,0,0
2230,0,null,0,0,0
2231,0,null,0,0,0
2232,0,null,0,0,0
2233,0,null,0,0,0
2234,0,null,0,0,0
2235,0,null,0,0,0
2236,0,null,0,0,0
2237,0,null,0,0,0
2238,0,null,0,0,0
2239,0,null,0,0,0
2380,0,null,0,0,0
2381,0,null,0,0,0
2382,0,null,0,0,0
2383,0,null,0,0,0
2384,0,null,0,0,0
2385,0,null,0,0,0
2386,0,null,0,0,0
2387,0,null,0,0,0
2388,0,null,0,0,0
2389,0,null,0,0,0
2390,0,null,0,0,0
2391,0,null,0,0,0
2392,0,null,0,0,0
2393,0,null,0,0,0
2394,0,null,0,0,0
2395,0,null,0,0,0
2396,5,pi+,1,1,1
2397,0,null,0,0,0
2398,0,null,0,0,0
2399,0,null,0,0,0
2400,0,null,0,0,0
2401,0,null,0,0,0
2402,0,null,0,0,0
2403,0,null,0,0,0
2404,0,null,0,0,0
2405,0,null,0,0,0
2092,0,null,0,0,0
2093,0,null,0,0,0
2094,0,null,0,0,0
2095,0,null,0,0,0
2096,0,null,0,0,0
2097,0,null,0,0,0
2098,0,null,0,0,0
2099,0,null,0,0,0
2240,0,null,0,0,0
2241,0,null,0,0,0
2242,0,null,0,0,0
2243,0,null,0,0,0
2244,3,secondary_proton,1,1,1
2245,0,null,0,0,0
2246,0,null,0,0,0
2247,0,null,0,0,0
2248,0,null,0,0,0
2249,0,null,0,0,0
2250,1,primary_proton,1,1,1
2251,0,null,0,0,0
2252,0,null,0,0,0
2253,0,null,0,0,0
2254,0,null,0,0,0
2255,0,null,0,0,0
2256,0,null,0,0,0
2257,0,null,0,0,0
2258,0,null,0,0,0
2259,0,null,0,0,0
2260,0,null,0,0,0
2261,0,null,0,0,0
2262,0,null,0,0,0
2263,0,null,0,0,0
2264,0,null,0,0,0
2265,0,null,0,0,0
2266,0,null,0,0,0
2267,0,null,0,0,0
2268,0,null,0,0,0
2269,0,null,0,0,0
2270,0,null,0,0,0
2271,0,null,0,0,0
2272,0,null,0,0,0
2273,0,null,0,0,0
2274,0,null,0,0,0
2275,0,null,0,0,0
2276,0,null,0,0,0
2277,0,null,0,0,0
2278,0,null,0,0,0
2279,1,primary_proton,1,1,1
2280,0,null,0,0,0
2281,1,primary_proton,1,1,1
2282,0,null,0,0,0
2283,0,null,0,0,0
2284,0,null,0,0,0
2285,0,null,0,0,0
2286,0,null,0,0,0
2287,0,null,0,0,0
2288,0,null,0,0,0
2289,0,null,0,0,0
2290,0,null,0,0,0
2291,0,null,0,0,0
2292,0,null,0,0,0
2293,0,null,0,0,0
2294,0,null,0,0,0
2295,0,null,0,0,0
2296,0,null,0,0,0
2297,0,null,0,0,0
2298,0,null,0,0,0
2299,0,null,0,0,0
2300,0,null,0,0,0
2301,0,null,0,0,0
2302,0,null,0,0,0
2303,0,null,0,0,0
2304,0,null,0,0,0
2305,0,null,0,0,0
2306,0,null,0,0,0
2307,0,null,0,0,0
2308,0,null,0,0,0
2309,10,pi-,1,1,1
2310,0,null,0,0,0
2311,0,null,0,0,0
2312,0,null,0,0,0
2313,0,null,0,0,0
2314,0,null,0,0,0
2315,0,null,0,0,0
2316,0,null,0,0,0
2317,1,primary_proton,1,1,1
2318,0,null,0,0,0
2319,1,primary_proton,1,1,1
2320,0,null,0,0,0
2321,0,null,0,0,0
2322,0,null,0,0,0
2323,0,null,0,0,0
2324,0,null,0,0,0
2325,0,null,0,0,0
2326,0,null,0,0,0
2327,0,null,0,0,0
2328,0,null,0,0,0
2329,0,null,0,0,0
2330,0,null,0,0,0
2331,0,null,0,0,0
2332,0,null,0,0,0
2333,0,null,0,0,0
2334,0,null,0,0,0
2335,0,null,0,0,0
2336,0,null,0,0,0
2337,0,null,0,0,0
2338,23,secondary_proton,1,1,1
2339,0,null,0,0,0
2340,0,null,0,0,0
2341,0,null,0,0,0
2342,0,null,0,0,0
2343,0,null,0,0,0
2344,7,pi+,1,1,1
2345,0,null,0,0,0
2346,0,null,0,0,0
2347,0,null,0,0,0
2348,0,null,0,0,0
2349,0,null,0,0,0
2350,0,null,0,0,0
2351,0,null,0,0,0
2352,0,null,0,0,0
2353,0,null,0,0,0
2354,0,null,0,0,0
2355,0,null,0,0,0
2356,0,null,0,0,0
2357,0,null,0,0,0
2358,0,null,0,0,0
2359,0,null,0,0,0
2360,0,null,0,0,0
2361,0,null,0,0,0
2362,0,null,0,0,0
2363,0,null,0,0,0
2364,11,pi-,1,0,0
2365,0,null,0,0,0
2366,0,null,0,0,0
2367,0,null,0,0,0
2368,0,null,0,0,0
2369,0,null,0,0,0
2370,0,null,0,0,0
2371,0,null,0,0,0
2372,0,null,0,0,0
2373,0,null,0,0,0
2374,0,null,0,0,0
2375,1,primary_proton,1,1,1
2376,0,null,0,0,0
2377,0,null,0,0,0
2378,0,null,0,0,0
2379,0,null,0,0,0
2450,0,null,0,0,0
2451,0,null,0,0,0
2452,0,null,0,0,0
2453,0,null,0,0,0
2454,0,null,0,0,0
2455,0,null,0,0,0
2456,0,null,0,0,0
2457,0,null,0,0,0
2458,0,null,0,0,0
2459,0,null,0,0,0
2460,0,null,0,0,0
2461,0,null,0,0,0
2462,0,null,0,0,0
2463,0,null,0,0,0
2464,0,null,0,0,0
2465,0,null,0,0,0
2466,0,null,0,0,0
2467,0,null,0,0,0
2468,0,null,0,0,0
2469,0,null,0,0,0
2470,0,null,0,0,0
2471,0,null,0,0,0
2472,0,null,0,0,0
2473,0,null,0,0,0
2474,8,secondary_proton,1,0,0
2475,0,null,0,0,0
2476,0,null,0,0,0
2477,0,null,0,0,0
2478,0,null,0,0,0
2479,0,null,0,0,0
2480,0,null,0,0,0
2481,10,pi+,1,1,1
2482,5,secondary_proton,1,1,1
2483,0,null,0,0,0
2484,0,null,0,0,0
2485,0,null,0,0,0
2486,0,null,0,0,0
2487,0,null,0,0,0
2488,0,null,0,0,0
2489,0,null,0,0,0
2490,0,null,0,0,0
2491,0,null,0,0,0
2492,0,null,0,0,0
2493,0,null,0,0,0
2494,0,null,0,0,0
2495,0,null,0,0,0
2496,0,null,0,0,0
2497,0,null,0,0,0
2498,0,null,0,0,0
2499,0,null,0,0,0
2500,0,null,0,0,0
2501,0,null,0,0,0
2502,1,primary_proton,1,1,1
2503,0,null,0,0,0
2504,0,null,0,0,0
2505,0,null,0,0,0
2506,0,null,0,0,0
2507,0,null,0,0,0
2508,0,null,0,0,0
2509,0,null,0,0,0
2510,0,null,0,0,0
2511,0,null,0,0,0
2512,0,null,0,0,0
2513,0,null,0,0,0
2514,0,null,0,0,0
2515,160,pi-,1,0,0
2516,0,null,0,0,0
2517,1,primary_proton,1,1,1
2518,0,null,0,0,0
2519,0,null,0,0,0
2590,0,null,0,0,0
2591,0,null,0,0,0
2407,0,null,0,0,0
2408,0,null,0,0,0
2409,0,null,0,0,0
2410,0,null,0,0,0
2411,0,null,0,0,0
2412,0,null,0,0,0
2413,0,null,0,0,0
2414,0,null,0,0,0
2415,0,null,0,0,0
2416,0,null,0,0,0
2417,0,null,0,0,0
2418,0,null,0,0,0
2419,0,null,0,0,0
2420,0,null,0,0,0
2421,0,null,0,0,0
2422,1,primary_proton,1,1,1
2423,0,null,0,0,0
2424,1,primary_proton,1,1,1
2425,0,null,0,0,0
2426,0,null,0,0,0
2427,13,secondary_proton,1,1,1
2428,0,null,0,0,0
2429,0,null,0,0,0
2430,1,primary_proton,1,1,1
2431,0,null,0,0,0
2432,0,null,0,0,0
2433,0,null,0,0,0
2434,0,null,0,0,0
2435,9,pi-,1,1,1
2436,0,null,0,0,0
2437,0,null,0,0,0
2438,0,null,0,0,0
2439,0,null,0,0,0
2440,0,null,0,0,0
2441,0,null,0,0,0
2442,0,null,0,0,0
2443,0,null,0,0,0
2444,0,null,0,0,0
2445,0,null,0,0,0
2446,0,null,0,0,0
2447,0,null,0,0,0
2448,0,null,0,0,0
2449,0,null,0,0,0
2520,0,null,0,0,0
2521,0,null,0,0,0
2522,0,null,0,0,0
2523,0,null,0,0,0
2524,0,null,0,0,0
2525,0,null,0,0,0
2526,0,null,0,0,0
2527,0,null,0,0,0
2528,0,null,0,0,0
2529,0,null,0,0,0
2530,0,null,0,0,0
2531,0,null,0,0,0
2532,0,null,0,0,0
2533,0,null,0,0,0
2534,0,null,0,0,0
2535,0,null,0,0,0
2536,0,null,0,0,0
2537,0,null,0,0,0
2538,0,null,0,0,0
2539,0,null,0,0,0
2540,0,null,0,0,0
2541,9918,e-,0,1,0
2542,0,null,0,0,0
2543,0,null,0,0,0
2544,0,null,0,0,0
2545,0,null,0,0,0
2546,1,primary_proton,1,1,1
2547,0,null,0,0,0
2548,0,null,0,0,0
2549,0,null,0,0,0
2550,0,null,0,0,0
2551,0,null,0,0,0
2552,0,null,0,0,0
2553,0,null,0,0,0
2554,0,null,0,0,0
2555,0,null,0,0,0
2556,0,null,0,0,0
2557,0,null,0,0,0
2558,0,null,0,0,0
2559,0,null,0,0,0
2560,0,null,0,0,0
2561,0,null,0,0,0
2562,0,null,0,0,0
2563,0,null,0,0,0
2564,0,null,0,0,0
2565,0,null,0,0,0
2566,10,secondary_proton,1,1,1
2567,0,null,0,0,0
2568,0,null,0,0,0
2569,0,null,0,0,0
2570,0,null,0,0,0
2571,10,secondary_proton,1,1,1
2572,0,null,0,0,0
2573,0,null,0,0,0
2574,0,null,0,0,0
2575,0,null,0,0,0
2576,0,null,0,0,0
2577,0,null,0,0,0
2578,0,null,0,0,0
2579,0,null,0,0,0
2580,0,null,0,0,0
2581,0,null,0,0,0
2582,0,null,0,0,0
2583,0,null,0,0,0
2584,0,null,0,0,0
2585,0,null,0,0,0
2586,0,null,0,0,0
2587,0,null,0,0,0
2588,0,null,0,0,0
2589,0,null,0,0,0
2660,0,null,0,0,0
2661,0,null,0,0,0
2662,0,null,0,0,0
2663,0,null,0,0,0
2664,0,null,0,0,0
2665,0,null,0,0,0
2666,0,null,0,0,0
2667,0,null,0,0,0
2668,0,null,0,0,0
2669,0,null,0,0,0
2670,0,null,0,0,0
2671,0,null,0,0,0
2672,0,null,0,0,0
2673,0,null,0,0,0
2674,0,null,0,0,0
2675,0,null,0,0,0
2676,1,primary_proton,1,1,1
2677,0,null,0,0,0
2678,0,null,0,0,0
2679,0,null,0,0,0
2680,0,null,0,0,0
2681,0,null,0,0,0
2682,0,null,0,0,0
2683,0,null,0,0,0
2684,1,primary_proton,1,1,1
2685,0,null,0,0,0
2686,0,null,0,0,0
2687,0,null,0,0,0
2688,0,null,0,0,0
2689,0,null,0,0,0
2690,0,null,0,0,0
2691,1872,secondary_proton,1,0,0
2692,0,null,0,0,0
2693,0,null,0,0,0
2694,1,primary_proton,1,1,1
2695,0,null,0,0,0
2696,0,null,0,0,0
2697,0,null,0,0,0
2698,0,null,0,0,0
2699,1,primary_proton,1,1,1
2700,0,null,0,0,0
2701,1,primary_proton,1,1,1
2702,0,null,0,0,0
2703,0,null,0,0,0
2704,0,null,0,0,0
2705,0,null,0,0,0
2706,0,null,0,0,0
2707,0,null,0,0,0
2708,0,null,0,0,0
2709,0,null,0,0,0
2710,0,null,0,0,0
2711,0,null,0,0,0
2712,1,primary_proton,1,1,1
2713,0,null,0,0,0
2714,0,null,0,0,0
2715,0,null,0,0,0
2716,593,e-,1,1,1
2717,13,pi-,1,1,1
2718,0,null,0,0,0
2719,3,secondary_proton,1,0,0
2720,10,secondary_proton,1,1,1
2721,0,null,0,0,0
2722,0,null,0,0,0
2723,0,null,0,0,0
2724,0,null,0,0,0
2725,0,null,0,0,0
2726,0,null,0,0,0
2727,1878,secondary_proton,1,1,0
2728,14,pi-,1,0,0
2729,0,null,0,0,0
2800,0,null,0,0,0
2801,0,null,0,0,0
2802,0,null,0,0,0
2803,0,null,0,0,0
2804,0,null,0,0,0
2805,0,null,0,0,0
2806,0,null,0,0,0
2807,0,null,0,0,0
2808,0,null,0,0,0
2809,0,null,0,0,0
2810,1,primary_proton,1,1,1
2811,0,null,0,0,0
2812,0,null,0,0,0
2813,1,primary_proton,1,1,1
2814,0,null,0,0,0
2815,0,null,0,0,0
2816,0,null,0,0,0
2817,0,null,0,0,0
2818,0,null,0,0,0
2819,0,null,0,0,0
2820,0,null,0,0,0
2821,0,null,0,0,0
2822,0,null,0,0,0
2823,0,null,0,0,0
2824,0,null,0,0,0
2825,0,null,0,0,0
2826,0,null,0,0,0
2827,0,null,0,0,0
2828,0,null,0,0,0
2829,0,null,0,0,0
2830,1,primary_proton,1,1,1
2832,0,null,0,0,0
2833,0,null,0,0,0
2834,0,null,0,0,0
2835,0,null,0,0,0
2836,0,null,0,0,0
2837,0,null,0,0,0
2838,223,e-,1,1,1
2839,0,null,0,0,0
2840,0,null,0,0,0
2841,0,null,0,0,0
2842,0,null,0,0,0
2843,0,null,0,0,0
2844,0,null,0,0,0
2845,0,null,0,0,0
2846,0,null,0,0,0
2847,0,null,0,0,0
2848,0,null,0,0,0
2849,0,null,0,0,0
2850,0,null,0,0,0
2851,0,null,0,0,0
2852,0,null,0,0,0
2853,0,null,0,0,0
2854,0,null,0,0,0
2855,0,null,0,0,0
2856,0,null,0,0,0
2857,0,null,0,0,0
2858,0,null,0,0,0
2859,0,null,0,0,0
2860,5409,e-,1,0,0
2861,0,null,0,0,0
2862,0,null,0,0,0
2863,1,primary_proton,1,1,1
2864,0,null,0,0,0
2865,0,null,0,0,0
2866,0,null,0,0,0
2867,4,secondary_proton,1,1,1
2868,0,null,0,0,0
2869,0,null,0,0,0
2870,0,null,0,0,0
2871,0,null,0,0,0
2872,0,null,0,0,0
2873,0,null,0,0,0
2874,0,null,0,0,0
2875,0,null,0,0,0
2876,0,null,0,0,0
2877,0,null,0,0,0
2878,0,null,0,0,0
2879,0,null,0,0,0
2880,0,null,0,0,0
2881,12,secondary_proton,1,1,1
2882,1,primary_proton,1,1,1
2883,0,null,0,0,0
2884,0,null,0,0,0
2885,1,primary_proton,1,1,1
2886,0,null,0,0,0
2887,0,null,0,0,0
2888,0,null,0,0,0
2889,0,null,0,0,0
2890,0,null,0,0,0
2891,0,null,0,0,0
2892,0,null,0,0,0
2893,0,null,0,0,0
2894,0,null,0,0,0
2895,0,null,0,0,0
2896,0,null,0,0,0
2897,0,null,0,0,0
2898,0,null,0,0,0
2899,0,null,0,0,0
2900,0,null,0,0,0
2901,0,null,0,0,0
2902,0,null,0,0,0
2903,0,null,0,0,0
2904,0,null,0,0,0
2905,0,null,0,0,0
2906,0,null,0,0,0
2907,0,null,0,0,0
2908,0,null,0,0,0
2909,0,null,0,0,0
2910,0,null,0,0,0
2911,0,null,0,0,0
2912,0,null,0,0,0
2913,0,null,0,0,0
2914,0,null,0,0,0
2915,1,primary_proton,1,1,1
2916,0,null,0,0,0
2917,0,null,0,0,0
2918,0,null,0,0,0
2919,0,null,0,0,0
2920,0,null,0,0,0
2921,0,null,0,0,0
2922,0,null,0,0,0
2923,0,null,0,0,0
2924,0,null,0,0,0
2925,0,null,0,0,0
2926,0,null,0,0,0
2927,0,null,0,0,0
2928,0,null,0,0,0
2929,0,null,0,0,0
2930,0,null,0,0,0
2931,0,null,0,0,0
2932,0,null,0,0,0
2933,0,null,0,0,0
2934,0,null,0,0,0
2935,0,null,0,0,0
2936,0,null,0,0,0
2937,0,null,0,0,0
2938,0,null,0,0,0
2939,0,null,0,0,0
2940,0,null,0,0,0
2941,0,null,0,0,0
2942,0,null,0,0,0
2943,0,null,0,0,0
2944,0,null,0,0,0
2945,0,null,0,0,0
2946,0,null,0,0,0
2947,0,null,0,0,0
2948,0,null,0,0,0
2949,0,null,0,0,0
2950,0,null,0,0,0
2951,0,null,0,0,0
2952,7195,e-,0,0,1
2953,0,null,0,0,0
2954,0,null,0,0,0
2955,0,null,0,0,0
2956,0,null,0,0,0
2957,0,null,0,0,0
2958,0,null,0,0,0
2959,0,null,0,0,0
2960,1,primary_proton,1,1,1
2961,0,null,0,0,0
2962,0,null,0,0,0
2963,0,null,0,0,0
2964,0,null,0,0,0
2965,0,null,0,0,0
2966,1,primary_proton,1,1,1
2967,0,null,0,0,0
2968,0,null,0,0,0
2969,0,null,0,0,0
2970,0,null,0,0,0
2971,0,null,0,0,0
2972,0,null,0,0,0
2973,0,null,0,0,0
2974,0,null,0,0,0
2975,0,null,0,0,0
2976,0,null,0,0,0
2977,0,null,0,0,0
2978,0,null,0,0,0
2979,0,null,0,0,0
2980,0,null,0,0,0
2981,0,null,0,0,0
2982,0,null,0,0,0
2983,0,null,0,0,0
2984,0,null,0,0,0
2985,0,null,0,0,0
2986,0,null,0,0,0
2987,0,null,0,0,0
2988,0,null,0,0,0
2989,0,null,0,0,0
2990,0,null,0,0,0
2991,0,null,0,0,0
2992,0,null,0,0,0
2993,0,null,0,0,0
2994,0,null,0,0,0
2995,0,null,0,0,0
2996,1,primary_proton,1,1,1
2997,1,primary_proton,1,1,1
2998,0,null,0,0,0
2999,0,null,0,0,0
3000,0,null,0,0,0
3001,0,null,0,0,0
3002,0,null,0,0,0
3003,0,null,0,0,0
3004,0,null,0,0,0
3005,0,null,0,0,0
3006,0,null,0,0,0
3007,0,null,0,0,0
3008,0,null,0,0,0
3009,0,null,0,0,0
3080,0,null,0,0,0
3081,0,null,0,0,0
3082,0,null,0,0,0
3083,0,null,0,0,0
3084,0,null,0,0,0
3085,0,null,0,0,0
3086,1,primary_proton,1,1,1
3087,0,null,0,0,0
3088,0,null,0,0,0
3089,0,null,0,0,0
3090,0,null,0,0,0
3091,0,null,0,0,0
3092,0,null,0,0,0
3093,0,null,0,0,0
3094,0,null,0,0,0
3095,0,null,0,0,0
3096,0,null,0,0,0
3097,7,secondary_proton,1,1,1
3098,0,null,0,0,0
3099,0,null,0,0,0
3100,8,pi+,1,1,1
3101,0,null,0,0,0
3102,0,null,0,0,0
3103,0,null,0,0,0
3104,0,null,0,0,0
3105,1,primary_proton,1,1,1
3106,0,null,0,0,0
3107,0,null,0,0,0
3108,0,null,0,0,0
3109,0,null,0,0,0
3110,0,null,0,0,0
3111,0,null,0,0,0
3112,0,null,0,0,0
3113,0,null,0,0,0
3114,0,null,0,0,0
3115,0,null,0,0,0
3116,0,null,0,0,0
3117,0,null,0,0,0
3118,0,null,0,0,0
3119,5,pi+,1,1,1
3120,0,null,0,0,0
2593,0,null,0,0,0
2594,0,null,0,0,0
2595,0,null,0,0,0
2596,0,null,0,0,0
2597,0,null,0,0,0
2598,0,null,0,0,0
2599,0,null,0,0,0
2600,0,null,0,0,0
2601,0,null,0,0,0
2602,0,null,0,0,0
2603,0,null,0,0,0
2604,0,null,0,0,0
2605,0,null,0,0,0
2606,0,null,0,0,0
2607,0,null,0,0,0
2608,0,null,0,0,0
2609,6,pi-,1,0,0
2610,1,primary_proton,1,1,1
2611,0,null,0,0,0
2612,0,null,0,0,0
2613,0,null,0,0,0
2614,0,null,0,0,0
2615,0,null,0,0,0
2616,0,null,0,0,0
2617,0,null,0,0,0
2618,1,primary_proton,1,1,1
2619,1,primary_proton,1,1,1
2620,0,null,0,0,0
2621,0,null,0,0,0
2622,0,null,0,0,0
2623,0,null,0,0,0
2624,0,null,0,0,0
2625,1,primary_proton,1,1,1
2626,0,null,0,0,0
2627,0,null,0,0,0
2628,0,null,0,0,0
2629,0,null,0,0,0
2630,8,secondary_proton,1,1,1
2631,0,null,0,0,0
2632,0,null,0,0,0
2633,0,null,0,0,0
2634,1,primary_proton,1,1,1
2635,0,null,0,0,0
2636,0,null,0,0,0
2637,0,null,0,0,0
2638,0,null,0,0,0
2639,0,null,0,0,0
2640,1159,e-,0,0,1
2641,0,null,0,0,0
2642,0,null,0,0,0
2643,0,null,0,0,0
2644,0,null,0,0,0
2645,0,null,0,0,0
2646,3,pi-,1,0,0
2647,0,null,0,0,0
2648,0,null,0,0,0
2649,0,null,0,0,0
2650,0,null,0,0,0
2651,0,null,0,0,0
2652,0,null,0,0,0
2653,0,null,0,0,0
2654,0,null,0,0,0
2655,0,null,0,0,0
2656,2049,pi+,1,1,1
2657,0,null,0,0,0
2658,0,null,0,0,0
2659,0,null,0,0,0
2730,5116,pi+,1,1,0
2731,0,null,0,0,0
2732,0,null,0,0,0
2733,0,null,0,0,0
2734,0,null,0,0,0
2735,0,null,0,0,0
2736,6,secondary_proton,1,1,1
2737,0,null,0,0,0
2738,0,null,0,0,0
2739,0,null,0,0,0
2740,0,null,0,0,0
2741,9,pi+,1,1,1
2742,0,null,0,0,0
2743,0,null,0,0,0
2744,1,primary_proton,1,1,1
2745,0,null,0,0,0
2746,0,null,0,0,0
2747,0,null,0,0,0
2748,0,null,0,0,0
2749,0,null,0,0,0
2750,1,primary_proton,1,1,1
2751,0,null,0,0,0
2752,0,null,0,0,0
2753,0,null,0,0,0
2754,0,null,0,0,0
2755,0,null,0,0,0
2756,0,null,0,0,0
2757,0,null,0,0,0
2758,0,null,0,0,0
2759,0,null,0,0,0
2760,10,secondary_proton,1,1,1
2761,0,null,0,0,0
2762,0,null,0,0,0
2763,0,null,0,0,0
2764,0,null,0,0,0
2765,0,null,0,0,0
2766,0,null,0,0,0
2767,0,null,0,0,0
2768,0,null,0,0,0
2769,1,primary_proton,1,1,1
2770,0,null,0,0,0
2771,0,null,0,0,0
2772,0,null,0,0,0
2773,0,null,0,0,0
2774,0,null,0,0,0
2775,0,null,0,0,0
2776,0,null,0,0,0
2777,0,null,0,0,0
2778,0,null,0,0,0
2779,0,null,0,0,0
2780,0,null,0,0,0
2781,0,null,0,0,0
2782,0,null,0,0,0
2783,1,primary_proton,1,1,1
2784,0,null,0,0,0
2785,0,null,0,0,0
2786,0,null,0,0,0
2787,0,null,0,0,0
2788,0,null,0,0,0
2789,0,null,0,0,0
2790,0,null,0,0,0
2791,0,null,0,0,0
2792,0,null,0,0,0
2793,0,null,0,0,0
2794,0,null,0,0,0
2795,1,primary_proton,1,1,1
2796,1,primary_proton,1,1,1
2797,0,null,0,0,0
2798,0,null,0,0,0
2799,0,null,0,0,0
3010,0,null,0,0,0
3011,0,null,0,0,0
3012,0,null,0,0,0
3013,0,null,0,0,0
3014,0,null,0,0,0
3015,0,null,0,0,0
3016,0,null,0,0,0
3017,0,null,0,0,0
3018,0,null,0,0,0
3019,0,null,0,0,0
3020,0,null,0,0,0
3021,0,null,0,0,0
3022,0,null,0,0,0
3023,0,null,0,0,0
3024,0,null,0,0,0
3025,0,null,0,0,0
3026,28,kaon-,1,1,0
3027,0,null,0,0,0
3028,0,null,0,0,0
3029,0,null,0,0,0
3030,0,null,0,0,0
3031,0,null,0,0,0
3032,0,null,0,0,0
3033,0,null,0,0,0
3034,8,secondary_proton,1,1,1
3035,0,null,0,0,0
3036,0,null,0,0,0
3037,0,null,0,0,0
3038,0,null,0,0,0
3039,0,null,0,0,0
3040,0,null,0,0,0
3041,0,null,0,0,0
3042,0,null,0,0,0
3043,0,null,0,0,0
3044,0,null,0,0,0
3045,0,null,0,0,0
3046,0,null,0,0,0
3047,0,null,0,0,0
3048,0,null,0,0,0
3049,0,null,0,0,0
3050,0,null,0,0,0
3051,0,null,0,0,0
3052,1,primary_proton,1,1,1
3053,1782,e-,1,1,0
3054,0,null,0,0,0
3055,0,null,0,0,0
3056,0,null,0,0,0
3057,0,null,0,0,0
3058,0,null,0,0,0
3059,0,null,0,0,0
3060,0,null,0,0,0
3061,5,pi+,1,0,0
3062,0,null,0,0,0
3063,0,null,0,0,0
3064,0,null,0,0,0
3065,0,null,0,0,0
3066,0,null,0,0,0
3067,0,null,0,0,0
3068,0,null,0,0,0
3069,0,null,0,0,0
3070,4,secondary_proton,1,1,1
3071,1,primary_proton,1,1,1
3072,0,null,0,0,0
3073,0,null,0,0,0
3074,0,null,0,0,0
3075,0,null,0,0,0
3076,0,null,0,0,0
3077,0,null,0,0,0
3078,0,null,0,0,0
3079,0,null,0,0,0
3150,0,null,0,0,0
3151,0,null,0,0,0
3152,1,primary_proton,1,1,1
3153,8,pi+,1,1,1
3154,0,null,0,0,0
3155,0,null,0,0,0
3156,3,pi-,1,1,1
3157,0,null,0,0,0
3122,0,null,0,0,0
3123,0,null,0,0,0
3124,0,null,0,0,0
3125,1,primary_proton,1,1,1
3126,0,null,0,0,0
3127,0,null,0,0,0
3128,0,null,0,0,0
3129,0,null,0,0,0
3130,0,null,0,0,0
3131,0,null,0,0,0
3132,874,e-,0,1,0
3133,0,null,0,0,0
3134,0,null,0,0,0
3135,0,null,0,0,0
3136,0,null,0,0,0
3137,0,null,0,0,0
3138,0,null,0,0,0
3139,0,null,0,0,0
3140,0,null,0,0,0
3141,0,null,0,0,0
3142,0,null,0,0,0
3143,0,null,0,0,0
3144,0,null,0,0,0
3145,0,null,0,0,0
3146,0,null,0,0,0
3147,0,null,0,0,0
3148,0,null,0,0,0
3149,0,null,0,0,0
3220,0,null,0,0,0
3221,0,null,0,0,0
3222,0,null,0,0,0
3223,0,null,0,0,0
3224,0,null,0,0,0
3225,0,null,0,0,0
3226,0,null,0,0,0
3227,0,null,0,0,0
3228,0,null,0,0,0
3229,0,null,0,0,0
3230,0,null,0,0,0
3231,0,null,0,0,0
3232,0,null,0,0,0
3233,0,null,0,0,0
3234,838,pi+,1,1,1
3235,0,null,0,0,0
3236,0,null,0,0,0
3237,0,null,0,0,0
3238,0,null,0,0,0
3239,0,null,0,0,0
3240,0,null,0,0,0
3241,0,null,0,0,0
3242,0,null,0,0,0
3243,0,null,0,0,0
3244,0,null,0,0,0
3245,0,null,0,0,0
3246,5,secondary_proton,1,1,1
3247,0,null,0,0,0
3248,12,pi+,1,1,0
3249,504,e-,1,0,0
3250,0,null,0,0,0
3251,0,null,0,0,0
3252,0,null,0,0,0
3253,0,null,0,0,0
3254,0,null,0,0,0
3255,0,null,0,0,0
3256,0,null,0,0,0
3257,0,null,0,0,0
3258,0,null,0,0,0
3259,0,null,0,0,0
3260,0,null,0,0,0
3261,0,null,0,0,0
3262,0,null,0,0,0
3263,0,null,0,0,0
3264,0,null,0,0,0
3265,0,null,0,0,0
3266,0,null,0,0,0
3267,0,null,0,0,0
3268,0,null,0,0,0
3269,0,null,0,0,0
3270,0,null,0,0,0
3271,0,null,0,0,0
3272,0,null,0,0,0
3273,0,null,0,0,0
3274,0,null,0,0,0
3275,0,null,0,0,0
3276,0,null,0,0,0
3277,0,null,0,0,0
3278,0,null,0,0,0
3279,0,null,0,0,0
3280,10550,e-,1,0,0
3281,0,null,0,0,0
3282,0,null,0,0,0
3283,0,null,0,0,0
3284,0,null,0,0,0
3285,0,null,0,0,0
3286,0,null,0,0,0
3287,0,null,0,0,0
3288,0,null,0,0,0
3289,0,null,0,0,0
3360,25,pi-,1,1,1
3361,0,null,0,0,0
3362,0,null,0,0,0
3363,0,null,0,0,0
3364,0,null,0,0,0
3365,0,null,0,0,0
3366,0,null,0,0,0
3367,0,null,0,0,0
3368,0,null,0,0,0
3369,15,pi-,1,1,0
3370,0,null,0,0,0
3371,0,null,0,0,0
3372,0,null,0,0,0
3373,0,null,0,0,0
3374,0,null,0,0,0
3375,0,null,0,0,0
3376,0,null,0,0,0
3377,0,null,0,0,0
3378,30,pi+,1,1,1
3379,0,null,0,0,0
3380,0,null,0,0,0
3381,0,null,0,0,0
3382,0,null,0,0,0
3383,0,null,0,0,0
3384,0,null,0,0,0
3385,0,null,0,0,0
3386,0,null,0,0,0
3387,1,primary_proton,1,1,1
3388,0,null,0,0,0
3389,0,null,0,0,0
3390,0,null,0,0,0
3391,0,null,0,0,0
3392,0,null,0,0,0
3393,0,null,0,0,0
3394,0,null,0,0,0
3395,1,primary_proton,1,0,0
3396,0,null,0,0,0
3397,0,null,0,0,0
3398,0,null,0,0,0
3399,0,null,0,0,0
3400,0,null,0,0,0
3401,0,null,0,0,0
3402,0,null,0,0,0
3403,1,primary_proton,1,1,1
3404,0,null,0,0,0
3405,0,null,0,0,0
3406,0,null,0,0,0
3407,0,null,0,0,0
3408,0,null,0,0,0
3409,0,null,0,0,0
3410,0,null,0,0,0
3411,0,null,0,0,0
3412,0,null,0,0,0
3413,0,null,0,0,0
3414,0,null,0,0,0
3415,0,null,0,0,0
3416,0,null,0,0,0
3417,0,null,0,0,0
3418,0,null,0,0,0
3419,1,primary_proton,1,1,1
3420,1,primary_proton,1,1,1
3421,0,null,0,0,0
3422,0,null,0,0,0
3423,0,null,0,0,0
3424,0,null,0,0,0
3425,2,secondary_proton,1,1,1
3426,0,null,0,0,0
3427,0,null,0,0,0
3428,0,null,0,0,0
3429,0,null,0,0,0
3430,5,pi-,1,1,0
3431,0,null,0,0,0
3432,0,null,0,0,0
3433,0,null,0,0,0
3434,0,null,0,0,0
3435,0,null,0,0,0
3436,0,null,0,0,0
3437,0,null,0,0,0
3438,0,null,0,0,0
3439,0,null,0,0,0
3440,0,null,0,0,0
3441,0,null,0,0,0
3442,0,null,0,0,0
3443,0,null,0,0,0
3444,0,null,0,0,0
3445,0,null,0,0,0
3446,0,null,0,0,0
3447,0,null,0,0,0
3448,0,null,0,0,0
3449,0,null,0,0,0
3450,0,null,0,0,0
3451,0,null,0,0,0
3452,0,null,0,0,0
3453,0,null,0,0,0
3454,0,null,0,0,0
3455,0,null,0,0,0
3456,0,null,0,0,0
3457,0,null,0,0,0
3458,0,null,0,0,0
3459,0,null,0,0,0
3460,0,null,0,0,0
3461,0,null,0,0,0
3462,0,null,0,0,0
3463,0,null,0,0,0
3464,0,null,0,0,0
3465,0,null,0,0,0
3466,0,null,0,0,0
3467,0,null,0,0,0
3468,0,null,0,0,0
3469,0,null,0,0,0
3470,0,null,0,0,0
3471,1,primary_proton,1,1,1
3472,0,null,0,0,0
3473,13,pi-,1,1,1
3474,0,null,0,0,0
3475,0,null,0,0,0
3476,0,null,0,0,0
3477,0,null,0,0,0
3478,0,null,0,0,0
3479,0,null,0,0,0
3480,0,null,0,0,0
3481,0,null,0,0,0
3482,0,null,0,0,0
3159,0,null,0,0,0
3160,0,null,0,0,0
3161,0,null,0,0,0
3162,0,null,0,0,0
3163,0,null,0,0,0
3164,0,null,0,0,0
3165,0,null,0,0,0
3166,0,null,0,0,0
3167,0,null,0,0,0
3168,0,null,0,0,0
3169,0,null,0,0,0
3170,0,null,0,0,0
3171,0,null,0,0,0
3172,0,null,0,0,0
3173,0,null,0,0,0
3174,13,pi+,1,1,1
3175,0,null,0,0,0
3176,0,null,0,0,0
3177,0,null,0,0,0
3178,0,null,0,0,0
3179,0,null,0,0,0
3180,0,null,0,0,0
3181,0,null,0,0,0
3182,1,primary_proton,1,1,1
3183,0,null,0,0,0
3184,0,null,0,0,0
3185,4326,e-,0,1,1
3186,0,null,0,0,0
3187,0,null,0,0,0
3188,0,null,0,0,0
3189,0,null,0,0,0
3190,0,null,0,0,0
3191,0,null,0,0,0
3192,0,null,0,0,0
3193,0,null,0,0,0
3194,0,null,0,0,0
3195,1,primary_proton,1,1,1
3196,0,null,0,0,0
3197,0,null,0,0,0
3198,0,null,0,0,0
3199,0,null,0,0,0
3200,0,null,0,0,0
3201,0,null,0,0,0
3202,0,null,0,0,0
3203,0,null,0,0,0
3204,0,null,0,0,0
3205,0,null,0,0,0
3206,0,null,0,0,0
3207,0,null,0,0,0
3208,0,null,0,0,0
3209,0,null,0,0,0
3210,0,null,0,0,0
3211,0,null,0,0,0
3212,0,null,0,0,0
3213,0,null,0,0,0
3214,0,null,0,0,0
3215,0,null,0,0,0
3216,0,null,0,0,0
3217,0,null,0,0,0
3218,0,null,0,0,0
3219,0,null,0,0,0
3290,0,null,0,0,0
3291,0,null,0,0,0
3292,0,null,0,0,0
3293,0,null,0,0,0
3294,0,null,0,0,0
3295,0,null,0,0,0
3296,0,null,0,0,0
3297,0,null,0,0,0
3298,0,null,0,0,0
3299,0,null,0,0,0
3300,0,null,0,0,0
3301,0,null,0,0,0
3302,0,null,0,0,0
3303,0,null,0,0,0
3304,0,null,0,0,0
3305,0,null,0,0,0
3306,0,null,0,0,0
3307,0,null,0,0,0
3308,0,null,0,0,0
3309,0,null,0,0,0
3310,0,null,0,0,0
3311,0,null,0,0,0
3312,0,null,0,0,0
3313,0,null,0,0,0
3314,0,null,0,0,0
3315,0,null,0,0,0
3316,0,null,0,0,0
3317,0,null,0,0,0
3318,0,null,0,0,0
3319,0,null,0,0,0
3320,0,null,0,0,0
3321,0,null,0,0,0
3322,0,null,0,0,0
3323,0,null,0,0,0
3324,0,null,0,0,0
3325,0,null,0,0,0
3326,24,pi-,1,0,0
3327,0,null,0,0,0
3328,0,null,0,0,0
3329,0,null,0,0,0
3330,3,pi-,1,1,1
3331,0,null,0,0,0
3332,0,null,0,0,0
3333,0,null,0,0,0
3334,0,null,0,0,0
3335,0,null,0,0,0
3336,0,null,0,0,0
3337,0,null,0,0,0
3338,0,null,0,0,0
3339,0,null,0,0,0
3340,0,null,0,0,0
3341,0,null,0,0,0
3342,0,null,0,0,0
3343,522,e-,1,1,1
3344,0,null,0,0,0
3345,0,null,0,0,0
3346,1,primary_proton,1,1,1
3347,0,null,0,0,0
3348,0,null,0,0,0
3349,0,null,0,0,0
3350,0,null,0,0,0
3351,0,null,0,0,0
3352,0,null,0,0,0
3353,0,null,0,0,0
3354,0,null,0,0,0
3355,0,null,0,0,0
3356,0,null,0,0,0
3357,0,null,0,0,0
3358,0,null,0,0,0
3359,6,secondary_proton,1,1,1
3500,1,primary_proton,1,1,1
3501,1,primary_proton,1,1,1
3502,0,null,0,0,0
3503,0,null,0,0,0
3504,0,null,0,0,0
3505,0,null,0,0,0
3506,6,pi-,1,1,1
3507,0,null,0,0,0
3508,0,null,0,0,0
3509,0,null,0,0,0
3510,0,null,0,0,0
3511,0,null,0,0,0
3512,0,null,0,0,0
3513,11,pi-,1,1,1
3514,0,null,0,0,0
3515,0,null,0,0,0
3516,0,null,0,0,0
3517,0,null,0,0,0
3518,0,null,0,0,0
3519,0,null,0,0,0
3520,0,null,0,0,0
3521,10,pi-,1,1,1
3522,0,null,0,0,0
3523,0,null,0,0,0
3524,0,null,0,0,0
3525,1,primary_proton,1,1,1
3526,0,null,0,0,0
3527,0,null,0,0,0
3528,0,null,0,0,0
3529,0,null,0,0,0
3530,0,null,0,0,0
3531,0,null,0,0,0
3532,0,null,0,0,0
3533,0,null,0,0,0
3534,0,null,0,0,0
3535,0,null,0,0,0
3536,1,primary_proton,1,1,1
3537,0,null,0,0,0
3538,0,null,0,0,0
3539,0,null,0,0,0
3540,0,null,0,0,0
3541,0,null,0,0,0
3542,0,null,0,0,0
3543,0,null,0,0,0
3544,0,null,0,0,0
3545,0,null,0,0,0
3546,1,primary_proton,1,1,1
3547,0,null,0,0,0
3548,0,null,0,0,0
3549,0,null,0,0,0
3550,0,null,0,0,0
3551,1,primary_proton,1,1,1
3552,85,pi+,1,1,1
3553,0,null,0,0,0
3554,0,null,0,0,0
3555,0,null,0,0,0
3556,0,null,0,0,0
3557,0,null,0,0,0
3558,0,null,0,0,0
3559,0,null,0,0,0
3560,0,null,0,0,0
3561,0,null,0,0,0
3562,0,null,0,0,0
3563,0,null,0,0,0
3564,0,null,0,0,0
3565,0,null,0,0,0
3566,0,null,0,0,0
3567,0,null,0,0,0
3568,0,null,0,0,0
3569,0,null,0,0,0
3710,0,null,0,0,0
3711,0,null,0,0,0
3712,0,null,0,0,0
3713,0,null,0,0,0
3714,0,null,0,0,0
3715,0,null,0,0,0
3716,0,null,0,0,0
3717,0,null,0,0,0
3718,0,null,0,0,0
3719,0,null,0,0,0
3720,0,null,0,0,0
3721,0,null,0,0,0
3722,0,null,0,0,0
3723,0,null,0,0,0
3724,0,null,0,0,0
3725,0,null,0,0,0
3726,0,null,0,0,0
3727,0,null,0,0,0
3728,0,null,0,0,0
3729,0,null,0,0,0
3484,0,null,0,0,0
3485,0,null,0,0,0
3486,0,null,0,0,0
3487,0,null,0,0,0
3488,0,null,0,0,0
3489,0,null,0,0,0
3490,0,null,0,0,0
3491,0,null,0,0,0
3492,8,secondary_proton,1,1,1
3493,0,null,0,0,0
3494,0,null,0,0,0
3495,0,null,0,0,0
3496,1,primary_proton,1,1,1
3497,0,null,0,0,0
3498,0,null,0,0,0
3499,0,null,0,0,0
3570,0,null,0,0,0
3571,0,null,0,0,0
3572,0,null,0,0,0
3573,0,null,0,0,0
3574,2,secondary_proton,1,1,1
3575,2,secondary_proton,1,1,1
3576,0,null,0,0,0
3577,0,null,0,0,0
3578,0,null,0,0,0
3579,0,null,0,0,0
3580,8,pi+,1,1,1
3581,0,null,0,0,0
3582,0,null,0,0,0
3583,0,null,0,0,0
3584,0,null,0,0,0
3585,0,null,0,0,0
3586,0,null,0,0,0
3587,0,null,0,0,0
3588,0,null,0,0,0
3589,0,null,0,0,0
3590,0,null,0,0,0
3591,0,null,0,0,0
3592,0,null,0,0,0
3593,0,null,0,0,0
3594,0,null,0,0,0
3595,0,null,0,0,0
3596,0,null,0,0,0
3597,0,null,0,0,0
3598,0,null,0,0,0
3599,1,primary_proton,1,1,1
3600,0,null,0,0,0
3601,0,null,0,0,0
3602,0,null,0,0,0
3603,0,null,0,0,0
3604,2,secondary_proton,1,1,1
3605,0,null,0,0,0
3606,0,null,0,0,0
3607,0,null,0,0,0
3608,0,null,0,0,0
3609,0,null,0,0,0
3610,0,null,0,0,0
3611,0,null,0,0,0
3612,0,null,0,0,0
3613,0,null,0,0,0
3614,0,null,0,0,0
3615,0,null,0,0,0
3616,0,null,0,0,0
3617,0,null,0,0,0
3618,0,null,0,0,0
3619,0,null,0,0,0
3620,0,null,0,0,0
3621,0,null,0,0,0
3622,0,null,0,0,0
3623,1,primary_proton,1,1,1
3624,0,null,0,0,0
3625,0,null,0,0,0
3626,0,null,0,0,0
3627,0,null,0,0,0
3628,0,null,0,0,0
3629,0,null,0,0,0
3630,0,null,0,0,0
3631,17,secondary_proton,1,1,1
3632,0,null,0,0,0
3633,0,null,0,0,0
3634,0,null,0,0,0
3635,0,null,0,0,0
3636,0,null,0,0,0
3637,0,null,0,0,0
3638,0,null,0,0,0
3639,0,null,0,0,0
3640,0,null,0,0,0
3641,0,null,0,0,0
3642,0,null,0,0,0
3643,0,null,0,0,0
3644,0,null,0,0,0
3645,0,null,0,0,0
3646,0,null,0,0,0
3647,0,null,0,0,0
3648,0,null,0,0,0
3649,0,null,0,0,0
3650,0,null,0,0,0
3651,0,null,0,0,0
3652,0,null,0,0,0
3653,0,null,0,0,0
3654,0,null,0,0,0
3655,0,null,0,0,0
3656,2,secondary_proton,1,1,1
3657,0,null,0,0,0
3658,0,null,0,0,0
3659,0,null,0,0,0
3660,0,null,0,0,0
3661,11,secondary_proton,1,1,1
3662,0,null,0,0,0
3663,0,null,0,0,0
3664,0,null,0,0,0
3665,0,null,0,0,0
3666,0,null,0,0,0
3667,0,null,0,0,0
3668,0,null,0,0,0
3669,0,null,0,0,0
3670,0,null,0,0,0
3671,0,null,0,0,0
3672,396,pi-,1,1,1
3673,0,null,0,0,0
3674,0,null,0,0,0
3675,0,null,0,0,0
3676,0,null,0,0,0
3677,0,null,0,0,0
3678,0,null,0,0,0
3679,0,null,0,0,0
3680,0,null,0,0,0
3681,0,null,0,0,0
3682,0,null,0,0,0
3683,0,null,0,0,0
3684,0,null,0,0,0
3685,0,null,0,0,0
3686,0,null,0,0,0
3687,0,null,0,0,0
3688,0,null,0,0,0
3689,9,secondary_proton,1,1,1
3690,0,null,0,0,0
3691,0,null,0,0,0
3692,0,null,0,0,0
3693,0,null,0,0,0
3694,0,null,0,0,0
3695,0,null,0,0,0
3696,0,null,0,0,0
3697,0,null,0,0,0
3698,0,null,0,0,0
3699,0,null,0,0,0
3700,0,null,0,0,0
3701,0,null,0,0,0
3702,0,null,0,0,0
3703,2453,e-,1,0,0
3704,0,null,0,0,0
3705,0,null,0,0,0
3706,0,null,0,0,0
3707,0,null,0,0,0
3708,0,null,0,0,0
3709,0,null,0,0,0
3920,0,null,0,0,0
3921,12,pi-,1,1,1
3922,0,null,0,0,0
3923,0,null,0,0,0
3924,0,null,0,0,0
3925,11,pi-,1,1,1
3926,0,null,0,0,0
3927,0,null,0,0,0
3928,0,null,0,0,0
3929,0,null,0,0,0
3930,0,null,0,0,0
3931,0,null,0,0,0
3932,0,null,0,0,0
3933,0,null,0,0,0
3934,0,null,0,0,0
3935,0,null,0,0,0
3936,0,null,0,0,0
3937,0,null,0,0,0
3938,0,null,0,0,0
3939,0,null,0,0,0
3940,0,null,0,0,0
3941,0,null,0,0,0
3942,6,pi-,1,1,0
3943,0,null,0,0,0
3944,0,null,0,0,0
3945,0,null,0,0,0
3946,0,null,0,0,0
3947,0,null,0,0,0
3948,0,null,0,0,0
3949,0,null,0,0,0
3950,0,null,0,0,0
3951,0,null,0,0,0
3952,0,null,0,0,0
3953,0,null,0,0,0
3954,0,null,0,0,0
3955,0,null,0,0,0
3956,0,null,0,0,0
3957,0,null,0,0,0
3958,0,null,0,0,0
3959,0,null,0,0,0
3960,0,null,0,0,0
3961,0,null,0,0,0
3962,1,primary_proton,1,1,1
3963,0,null,0,0,0
3964,0,null,0,0,0
3965,0,null,0,0,0
3966,9,secondary_proton,1,1,1
3967,0,null,0,0,0
3968,0,null,0,0,0
3969,0,null,0,0,0
3970,0,null,0,0,0
3971,0,null,0,0,0
3972,0,null,0,0,0
3973,0,null,0,0,0
3974,0,null,0,0,0
3975,0,null,0,0,0
3976,0,null,0,0,0
3977,0,null,0,0,0
3978,0,null,0,0,0
3979,0,null,0,0,0
3980,0,null,0,0,0
3981,0,null,0,0,0
3731,0,null,0,0,0
3732,0,null,0,0,0
3733,0,null,0,0,0
3734,0,null,0,0,0
3735,0,null,0,0,0
3736,0,null,0,0,0
3737,0,null,0,0,0
3738,0,null,0,0,0
3739,0,null,0,0,0
3740,0,null,0,0,0
3741,0,null,0,0,0
3742,0,null,0,0,0
3743,0,null,0,0,0
3744,0,null,0,0,0
3745,0,null,0,0,0
3746,0,null,0,0,0
3747,3,pi+,1,0,0
3748,0,null,0,0,0
3749,0,null,0,0,0
3750,1,primary_proton,1,1,1
3751,0,null,0,0,0
3752,0,null,0,0,0
3753,0,null,0,0,0
3754,0,null,0,0,0
3755,0,null,0,0,0
3756,0,null,0,0,0
3757,0,null,0,0,0
3758,0,null,0,0,0
3759,0,null,0,0,0
3760,0,null,0,0,0
3761,0,null,0,0,0
3762,0,null,0,0,0
3763,0,null,0,0,0
3764,0,null,0,0,0
3765,0,null,0,0,0
3766,0,null,0,0,0
3767,0,null,0,0,0
3768,0,null,0,0,0
3769,0,null,0,0,0
3770,1,primary_proton,1,1,1
3771,0,null,0,0,0
3772,0,null,0,0,0
3773,0,null,0,0,0
3774,1,primary_proton,1,1,1
3775,7,pi-,1,1,1
3776,0,null,0,0,0
3777,0,null,0,0,0
3778,0,null,0,0,0
3779,0,null,0,0,0
3780,0,null,0,0,0
3781,0,null,0,0,0
3782,0,null,0,0,0
3783,0,null,0,0,0
3784,0,null,0,0,0
3785,0,null,0,0,0
3786,0,null,0,0,0
3787,0,null,0,0,0
3788,0,null,0,0,0
3789,0,null,0,0,0
3790,0,null,0,0,0
3791,0,null,0,0,0
3792,0,null,0,0,0
3793,0,null,0,0,0
3794,0,null,0,0,0
3795,0,null,0,0,0
3796,0,null,0,0,0
3797,0,null,0,0,0
3798,0,null,0,0,0
3799,0,null,0,0,0
3800,0,null,0,0,0
3801,0,null,0,0,0
3802,0,null,0,0,0
3803,0,null,0,0,0
3804,0,null,0,0,0
3805,0,null,0,0,0
3806,0,null,0,0,0
3807,0,null,0,0,0
3808,0,null,0,0,0
3809,0,null,0,0,0
3810,0,null,0,0,0
3811,12,pi-,1,1,0
3812,0,null,0,0,0
3813,7,pi+,1,1,1
3814,0,null,0,0,0
3815,0,null,0,0,0
3816,0,null,0,0,0
3817,0,null,0,0,0
3818,0,null,0,0,0
3819,0,null,0,0,0
3820,0,null,0,0,0
3821,0,null,0,0,0
3822,0,null,0,0,0
3823,1,primary_proton,1,1,1
3824,0,null,0,0,0
3825,16,pi+,1,0,0
3826,0,null,0,0,0
3827,0,null,0,0,0
3828,0,null,0,0,0
3829,0,null,0,0,0
3830,0,null,0,0,0
3831,0,null,0,0,0
3832,0,null,0,0,0
3833,0,null,0,0,0
3834,0,null,0,0,0
3835,0,null,0,0,0
3836,0,null,0,0,0
3837,2,secondary_proton,1,1,1
3838,0,null,0,0,0
3839,0,null,0,0,0
3840,0,null,0,0,0
3841,29,pi+,1,1,1
3842,0,null,0,0,0
3843,0,null,0,0,0
3844,0,null,0,0,0
3845,22,secondary_proton,1,1,1
3846,120,pi-,1,0,0
3847,0,null,0,0,0
3848,1,primary_proton,1,1,1
3849,1,primary_proton,1,1,1
3850,0,null,0,0,0
3851,0,null,0,0,0
3852,0,null,0,0,0
3853,0,null,0,0,0
3854,0,null,0,0,0
3855,0,null,0,0,0
3856,0,null,0,0,0
3857,0,null,0,0,0
3858,0,null,0,0,0
3859,0,null,0,0,0
3860,0,null,0,0,0
3861,0,null,0,0,0
3862,0,null,0,0,0
3863,0,null,0,0,0
3864,0,null,0,0,0
3865,0,null,0,0,0
3866,0,null,0,0,0
3867,0,null,0,0,0
3868,0,null,0,0,0
3869,0,null,0,0,0
3870,0,null,0,0,0
3871,0,null,0,0,0
3872,0,null,0,0,0
3873,0,null,0,0,0
3874,0,null,0,0,0
3875,0,null,0,0,0
3876,0,null,0,0,0
3877,0,null,0,0,0
3878,0,null,0,0,0
3879,6,secondary_proton,1,1,1
3880,0,null,0,0,0
3881,0,null,0,0,0
3882,0,null,0,0,0
3883,0,null,0,0,0
3884,0,null,0,0,0
3885,0,null,0,0,0
3886,0,null,0,0,0
3887,0,null,0,0,0
3888,0,null,0,0,0
3889,0,null,0,0,0
3890,0,null,0,0,0
3891,0,null,0,0,0
3892,0,null,0,0,0
3893,0,null,0,0,0
3894,0,null,0,0,0
3895,0,null,0,0,0
3896,0,null,0,0,0
3897,13,pi+,1,1,1
3898,0,null,0,0,0
3899,6,pi-,1,1,0
3900,0,null,0,0,0
3901,0,null,0,0,0
3902,6029,secondary_proton,1,1,1
3903,0,null,0,0,0
3904,0,null,0,0,0
3905,9,secondary_proton,1,1,1
3906,0,null,0,0,0
3907,0,null,0,0,0
3908,0,null,0,0,0
3909,0,null,0,0,0
3910,0,null,0,0,0
3911,0,null,0,0,0
3912,0,null,0,0,0
3913,0,null,0,0,0
3914,10,pi-,1,1,1
3915,0,null,0,0,0
3916,0,null,0,0,0
3917,0,null,0,0,0
3918,0,null,0,0,0
3919,0,null,0,0,0
3990,0,null,0,0,0
3991,7,pi+,1,1,1
3992,0,null,0,0,0
3993,0,null,0,0,0
3994,0,null,0,0,0
3995,0,null,0,0,0
3996,0,null,0,0,0
3997,0,null,0,0,0
3998,0,null,0,0,0
3999,0,null,0,0,0
4000,0,null,0,0,0
4001,0,null,0,0,0
4002,0,null,0,0,0
4003,0,null,0,0,0
4004,0,null,0,0,0
4005,0,null,0,0,0
4006,1,primary_proton,1,1,1
4007,0,null,0,0,0
4008,0,null,0,0,0
4009,0,null,0,0,0
4010,0,null,0,0,0
4011,7,secondary_proton,1,1,1
4012,0,null,0,0,0
4013,0,null,0,0,0
4014,0,null,0,0,0
4015,0,null,0,0,0
4016,0,null,0,0,0
4017,0,null,0,0,0
4018,0,null,0,0,0
4020,0,null,0,0,0
4021,0,null,0,0,0
4022,0,null,0,0,0
4023,0,null,0,0,0
4024,0,null,0,0,0
4025,0,null,0,0,0
4026,0,null,0,0,0
4027,1,primary_proton,1,1,1
4028,0,null,0,0,0
4029,0,null,0,0,0
4030,0,null,0,0,0
4031,0,null,0,0,0
4032,0,null,0,0,0
4033,0,null,0,0,0
4034,0,null,0,0,0
4035,0,null,0,0,0
4036,0,null,0,0,0
4037,0,null,0,0,0
4038,0,null,0,0,0
4039,0,null,0,0,0
4040,0,null,0,0,0
4041,0,null,0,0,0
4042,0,null,0,0,0
4043,0,null,0,0,0
4044,0,null,0,0,0
4045,0,null,0,0,0
4046,0,null,0,0,0
4047,0,null,0,0,0
4048,0,null,0,0,0
4049,0,null,0,0,0
4050,0,null,0,0,0
4051,0,null,0,0,0
4052,0,null,0,0,0
4053,0,null,0,0,0
4054,0,null,0,0,0
4055,0,null,0,0,0
4056,0,null,0,0,0
4057,0,null,0,0,0
4058,0,null,0,0,0
4059,0,null,0,0,0
4060,0,null,0,0,0
4061,7,secondary_proton,1,1,1
4062,0,null,0,0,0
4063,1,primary_proton,1,1,1
4064,0,null,0,0,0
4065,0,null,0,0,0
4066,0,null,0,0,0
4067,0,null,0,0,0
4068,0,null,0,0,0
4069,0,null,0,0,0
4070,0,null,0,0,0
4071,0,null,0,0,0
4072,0,null,0,0,0
4073,0,null,0,0,0
4074,0,null,0,0,0
4075,0,null,0,0,0
4076,0,null,0,0,0
4077,1,primary_proton,1,1,1
4078,0,null,0,0,0
4079,0,null,0,0,0
4080,0,null,0,0,0
4081,0,null,0,0,0
4082,0,null,0,0,0
4083,0,null,0,0,0
4084,0,null,0,0,0
4085,0,null,0,0,0
4086,0,null,0,0,0
4087,0,null,0,0,0
4088,0,null,0,0,0
4089,0,null,0,0,0
4090,0,null,0,0,0
4091,0,null,0,0,0
4092,0,null,0,0,0
4093,0,null,0,0,0
4094,0,null,0,0,0
4095,0,null,0,0,0
4096,0,null,0,0,0
4097,0,null,0,0,0
4098,0,null,0,0,0
4099,0,null,0,0,0
4100,0,null,0,0,0
4101,0,null,0,0,0
4102,0,null,0,0,0
4103,0,null,0,0,0
4104,0,null,0,0,0
4105,0,null,0,0,0
4106,0,null,0,0,0
4107,0,null,0,0,0
4108,0,null,0,0,0
4109,0,null,0,0,0
4110,0,null,0,0,0
4111,0,null,0,0,0
4112,0,null,0,0,0
4113,0,null,0,0,0
4114,0,null,0,0,0
4115,0,null,0,0,0
4116,0,null,0,0,0
4117,0,null,0,0,0
4118,0,null,0,0,0
4119,0,null,0,0,0
4120,0,null,0,0,0
4121,0,null,0,0,0
4122,0,null,0,0,0
4123,0,null,0,0,0
4124,0,null,0,0,0
4125,0,null,0,0,0
4126,0,null,0,0,0
4127,0,null,0,0,0
4128,8,secondary_proton,1,1,1
4129,0,null,0,0,0
4200,0,null,0,0,0
4201,0,null,0,0,0
4202,0,null,0,0,0
4203,0,null,0,0,0
4204,0,null,0,0,0
4205,0,null,0,0,0
4206,178,secondary_proton,1,1,0
4207,0,null,0,0,0
4208,0,null,0,0,0
4209,0,null,0,0,0
4210,0,null,0,0,0
4211,0,null,0,0,0
4212,0,null,0,0,0
4213,0,null,0,0,0
4214,1,primary_proton,1,1,1
4215,0,null,0,0,0
4216,0,null,0,0,0
4217,0,null,0,0,0
4218,0,null,0,0,0
4219,0,null,0,0,0
4220,1,primary_proton,1,1,1
4221,0,null,0,0,0
4222,0,null,0,0,0
4223,0,null,0,0,0
4224,0,null,0,0,0
4225,0,null,0,0,0
4226,0,null,0,0,0
4227,0,null,0,0,0
4228,0,null,0,0,0
4229,0,null,0,0,0
4230,0,null,0,0,0
4231,0,null,0,0,0
4232,0,null,0,0,0
4233,0,null,0,0,0
4234,0,null,0,0,0
4235,0,null,0,0,0
4236,0,null,0,0,0
4237,0,null,0,0,0
4238,0,null,0,0,0
4239,0,null,0,0,0
4240,0,null,0,0,0
4241,0,null,0,0,0
4242,0,null,0,0,0
4243,0,null,0,0,0
4244,0,null,0,0,0
4245,0,null,0,0,0
4246,0,null,0,0,0
4247,0,null,0,0,0
4248,0,null,0,0,0
4249,0,null,0,0,0
4250,16,pi-,1,1,0
4251,0,null,0,0,0
4252,0,null,0,0,0
4253,0,null,0,0,0
4254,0,null,0,0,0
4255,0,null,0,0,0
4256,0,null,0,0,0
4257,0,null,0,0,0
4258,0,null,0,0,0
4259,0,null,0,0,0
4260,0,null,0,0,0
4261,0,null,0,0,0
4262,0,null,0,0,0
4263,0,null,0,0,0
4264,0,null,0,0,0
4265,0,null,0,0,0
4266,0,null,0,0,0
4267,0,null,0,0,0
4268,0,null,0,0,0
4269,0,null,0,0,0
4270,0,null,0,0,0
4271,0,null,0,0,0
4272,0,null,0,0,0
4273,3,secondary_proton,1,1,1
4274,0,null,0,0,0
4275,0,null,0,0,0
4276,0,null,0,0,0
4277,0,null,0,0,0
4278,0,null,0,0,0
4279,0,null,0,0,0
4280,0,null,0,0,0
4281,0,null,0,0,0
4282,0,null,0,0,0
4283,0,null,0,0,0
4284,0,null,0,0,0
4285,0,null,0,0,0
4286,13,pi-,1,1,1
4287,0,null,0,0,0
4288,0,null,0,0,0
4289,0,null,0,0,0
4290,0,null,0,0,0
4291,0,null,0,0,0
4292,1,primary_proton,1,1,1
4293,0,null,0,0,0
4294,0,null,0,0,0
4295,0,null,0,0,0
4296,0,null,0,0,0
4297,0,null,0,0,0
4298,0,null,0,0,0
4299,0,null,0,0,0
4300,8,pi+,1,0,0
4301,0,null,0,0,0
4302,0,null,0,0,0
4303,0,null,0,0,0
4304,0,null,0,0,0
4305,1,primary_proton,1,1,1
4306,0,null,0,0,0
4307,3,secondary_proton,1,1,1
4308,0,null,0,0,0
4309,0,null,0,0,0
3983,0,null,0,0,0
3984,0,null,0,0,0
3985,0,null,0,0,0
3986,0,null,0,0,0
3987,0,null,0,0,0
3988,0,null,0,0,0
3989,3388,e-,1,1,1
4130,0,null,0,0,0
4131,0,null,0,0,0
4132,6,pi-,1,1,1
4133,0,null,0,0,0
4134,13,pi+,1,1,1
4135,0,null,0,0,0
4136,23,pi+,1,1,1
4137,0,null,0,0,0
4138,0,null,0,0,0
4139,4,pi-,1,1,1
4140,0,null,0,0,0
4141,0,null,0,0,0
4142,0,null,0,0,0
4143,0,null,0,0,0
4144,0,null,0,0,0
4145,0,null,0,0,0
4146,0,null,0,0,0
4147,1,primary_proton,1,1,1
4148,0,null,0,0,0
4149,0,null,0,0,0
4150,0,null,0,0,0
4151,0,null,0,0,0
4152,0,null,0,0,0
4153,0,null,0,0,0
4154,1,primary_proton,1,1,1
4155,0,null,0,0,0
4156,7,pi-,1,1,1
4157,0,null,0,0,0
4158,0,null,0,0,0
4159,0,null,0,0,0
4160,1,primary_proton,1,1,1
4161,5,secondary_proton,1,1,0
4162,0,null,0,0,0
4163,0,null,0,0,0
4164,0,null,0,0,0
4165,0,null,0,0,0
4166,1,primary_proton,1,1,1
4167,0,null,0,0,0
4168,0,null,0,0,0
4169,0,null,0,0,0
4170,0,null,0,0,0
4171,0,null,0,0,0
4172,0,null,0,0,0
4173,0,null,0,0,0
4174,0,null,0,0,0
4175,0,null,0,0,0
4176,0,null,0,0,0
4177,0,null,0,0,0
4178,0,null,0,0,0
4179,0,null,0,0,0
4180,0,null,0,0,0
4181,0,null,0,0,0
4182,0,null,0,0,0
4183,0,null,0,0,0
4184,0,null,0,0,0
4185,0,null,0,0,0
4186,0,null,0,0,0
4187,7,pi+,1,1,0
4188,0,null,0,0,0
4189,0,null,0,0,0
4190,0,null,0,0,0
4191,0,null,0,0,0
4192,0,null,0,0,0
4193,0,null,0,0,0
4194,0,null,0,0,0
4195,0,null,0,0,0
4196,0,null,0,0,0
4197,0,null,0,0,0
4198,0,null,0,0,0
4199,0,null,0,0,0
4340,0,null,0,0,0
4341,0,null,0,0,0
4342,0,null,0,0,0
4343,0,null,0,0,0
4344,0,null,0,0,0
4345,0,null,0,0,0
4346,0,null,0,0,0
4347,0,null,0,0,0
4348,0,null,0,0,0
4349,0,null,0,0,0
4350,0,null,0,0,0
4351,0,null,0,0,0
4352,0,null,0,0,0
4353,0,null,0,0,0
4354,0,null,0,0,0
4355,0,null,0,0,0
4356,0,null,0,0,0
4357,0,null,0,0,0
4358,0,null,0,0,0
4359,0,null,0,0,0
4360,0,null,0,0,0
4361,0,null,0,0,0
4362,0,null,0,0,0
4363,0,null,0,0,0
4364,0,null,0,0,0
4365,0,null,0,0,0
4366,0,null,0,0,0
4367,0,null,0,0,0
4368,0,null,0,0,0
4369,0,null,0,0,0
4370,0,null,0,0,0
4371,0,null,0,0,0
4372,0,null,0,0,0
4373,0,null,0,0,0
4374,0,null,0,0,0
4375,0,null,0,0,0
4376,21,secondary_proton,1,1,1
4377,0,null,0,0,0
4378,0,null,0,0,0
4379,0,null,0,0,0
4380,0,null,0,0,0
4381,1,primary_proton,1,1,1
4382,0,null,0,0,0
4383,0,null,0,0,0
4384,0,null,0,0,0
4385,0,null,0,0,0
4386,0,null,0,0,0
4387,0,null,0,0,0
4388,0,null,0,0,0
4389,0,null,0,0,0
4390,0,null,0,0,0
4391,0,null,0,0,0
4392,0,null,0,0,0
4393,0,null,0,0,0
4394,0,null,0,0,0
4395,0,null,0,0,0
4396,0,null,0,0,0
4397,0,null,0,0,0
4398,0,null,0,0,0
4399,0,null,0,0,0
4400,0,null,0,0,0
4401,0,null,0,0,0
4402,0,null,0,0,0
4403,0,null,0,0,0
4404,0,null,0,0,0
4405,0,null,0,0,0
4406,1,primary_proton,1,1,1
4407,0,null,0,0,0
4408,0,null,0,0,0
4409,0,null,0,0,0
4410,0,null,0,0,0
4411,0,null,0,0,0
4412,0,null,0,0,0
4413,0,null,0,0,0
4414,0,null,0,0,0
4415,1,primary_proton,1,1,1
4416,8,secondary_proton,1,1,1
4417,0,null,0,0,0
4418,10,pi+,1,0,0
4419,0,null,0,0,0
4420,0,null,0,0,0
4421,0,null,0,0,0
4422,0,null,0,0,0
4423,0,null,0,0,0
4424,0,null,0,0,0
4425,0,null,0,0,0
4426,1,primary_proton,1,1,1
4427,0,null,0,0,0
4428,0,null,0,0,0
4429,0,null,0,0,0
4430,0,null,0,0,0
4431,0,null,0,0,0
4432,0,null,0,0,0
4433,0,null,0,0,0
4434,0,null,0,0,0
4435,0,null,0,0,0
4436,0,null,0,0,0
4437,0,null,0,0,0
4438,0,null,0,0,0
4439,0,null,0,0,0
4440,0,null,0,0,0
4441,1,primary_proton,1,1,1
4442,0,null,0,0,0
4443,0,null,0,0,0
4444,0,null,0,0,0
4445,0,null,0,0,0
4446,0,null,0,0,0
4447,0,null,0,0,0
4448,0,null,0,0,0
4449,0,null,0,0,0
4450,345,e-,1,0,0
4451,0,null,0,0,0
4452,0,null,0,0,0
4453,8,pi-,1,1,1
4454,0,null,0,0,0
4455,22,pi+,1,1,1
4456,0,null,0,0,0
4457,1,primary_proton,1,1,1
4458,2,secondary_proton,1,1,0
4459,0,null,0,0,0
4460,0,null,0,0,0
4461,0,null,0,0,0
4462,0,null,0,0,0
4463,0,null,0,0,0
4464,0,null,0,0,0
4465,0,null,0,0,0
4466,0,null,0,0,0
4467,0,null,0,0,0
4468,0,null,0,0,0
4469,8,pi-,1,1,1
4470,0,null,0,0,0
4471,0,null,0,0,0
4472,0,null,0,0,0
4473,0,null,0,0,0
4474,0,null,0,0,0
4475,0,null,0,0,0
4476,0,null,0,0,0
4477,0,null,0,0,0
4478,0,null,0,0,0
4479,0,null,0,0,0
4550,0,null,0,0,0
4311,0,null,0,0,0
4312,0,null,0,0,0
4313,0,null,0,0,0
4314,1,primary_proton,1,1,1
4315,0,null,0,0,0
4316,0,null,0,0,0
4317,3313,e-,0,1,0
4318,0,null,0,0,0
4319,0,null,0,0,0
4320,0,null,0,0,0
4321,0,null,0,0,0
4322,0,null,0,0,0
4323,0,null,0,0,0
4324,32,pi-,1,1,1
4325,0,null,0,0,0
4326,0,null,0,0,0
4327,1,primary_proton,1,1,1
4328,0,null,0,0,0
4329,0,null,0,0,0
4330,0,null,0,0,0
4331,0,null,0,0,0
4332,0,null,0,0,0
4333,0,null,0,0,0
4334,0,null,0,0,0
4335,0,null,0,0,0
4336,0,null,0,0,0
4337,0,null,0,0,0
4338,0,null,0,0,0
4339,0,null,0,0,0
4480,0,null,0,0,0
4481,0,null,0,0,0
4482,0,null,0,0,0
4483,1914,e-,1,1,1
4484,0,null,0,0,0
4485,0,null,0,0,0
4486,426,e-,1,1,1
4487,0,null,0,0,0
4488,0,null,0,0,0
4489,0,null,0,0,0
4490,0,null,0,0,0
4491,0,null,0,0,0
4492,0,null,0,0,0
4493,0,null,0,0,0
4494,0,null,0,0,0
4495,0,null,0,0,0
4496,0,null,0,0,0
4497,0,null,0,0,0
4498,0,null,0,0,0
4499,0,null,0,0,0
4500,0,null,0,0,0
4501,0,null,0,0,0
4502,0,null,0,0,0
4503,0,null,0,0,0
4504,0,null,0,0,0
4505,0,null,0,0,0
4506,0,null,0,0,0
4507,0,null,0,0,0
4508,0,null,0,0,0
4509,0,null,0,0,0
4510,0,null,0,0,0
4511,0,null,0,0,0
4512,0,null,0,0,0
4513,0,null,0,0,0
4514,0,null,0,0,0
4515,0,null,0,0,0
4516,0,null,0,0,0
4517,0,null,0,0,0
4518,0,null,0,0,0
4519,0,null,0,0,0
4520,10,pi+,1,1,1
4521,0,null,0,0,0
4522,0,null,0,0,0
4523,0,null,0,0,0
4524,0,null,0,0,0
4525,0,null,0,0,0
4526,0,null,0,0,0
4527,0,null,0,0,0
4528,0,null,0,0,0
4529,0,null,0,0,0
4530,0,null,0,0,0
4531,0,null,0,0,0
4532,0,null,0,0,0
4533,13,secondary_proton,1,1,1
4534,0,null,0,0,0
4535,4551,e-,1,1,1
4536,0,null,0,0,0
4537,0,null,0,0,0
4538,0,null,0,0,0
4539,0,null,0,0,0
4540,0,null,0,0,0
4541,0,null,0,0,0
4542,0,null,0,0,0
4543,0,null,0,0,0
4544,0,null,0,0,0
4545,0,null,0,0,0
4546,0,null,0,0,0
4547,0,null,0,0,0
4548,0,null,0,0,0
4549,0,null,0,0,0
4620,0,null,0,0,0
4621,0,null,0,0,0
4622,0,null,0,0,0
4623,0,null,0,0,0
4624,0,null,0,0,0
4625,0,null,0,0,0
4626,0,null,0,0,0
4627,0,null,0,0,0
4628,0,null,0,0,0
4629,0,null,0,0,0
4630,0,null,0,0,0
4631,0,null,0,0,0
4632,0,null,0,0,0
4633,0,null,0,0,0
4634,0,null,0,0,0
4635,0,null,0,0,0
4636,0,null,0,0,0
4637,0,null,0,0,0
4638,0,null,0,0,0
4639,0,null,0,0,0
4640,0,null,0,0,0
4641,0,null,0,0,0
4642,1,primary_proton,1,1,1
4643,0,null,0,0,0
4644,0,null,0,0,0
4645,1,primary_proton,1,1,1
4646,0,null,0,0,0
4647,0,null,0,0,0
4648,0,null,0,0,0
4649,0,null,0,0,0
4650,0,null,0,0,0
4651,0,null,0,0,0
4652,0,null,0,0,0
4653,0,null,0,0,0
4654,0,null,0,0,0
4655,0,null,0,0,0
4656,0,null,0,0,0
4657,0,null,0,0,0
4658,0,null,0,0,0
4659,0,null,0,0,0
4660,0,null,0,0,0
4661,0,null,0,0,0
4662,0,null,0,0,0
4663,12,pi-,1,1,0
4664,0,null,0,0,0
4665,0,null,0,0,0
4666,0,null,0,0,0
4667,0,null,0,0,0
4668,0,null,0,0,0
4669,0,null,0,0,0
4670,0,null,0,0,0
4671,0,null,0,0,0
4672,0,null,0,0,0
4673,0,null,0,0,0
4674,0,null,0,0,0
4675,0,null,0,0,0
4676,0,null,0,0,0
4677,0,null,0,0,0
4678,0,null,0,0,0
4679,0,null,0,0,0
4680,0,null,0,0,0
4681,0,null,0,0,0
4682,0,null,0,0,0
4683,0,null,0,0,0
4684,0,null,0,0,0
4685,0,null,0,0,0
4686,0,null,0,0,0
4687,0,null,0,0,0
4688,0,null,0,0,0
4689,12,secondary_proton,1,1,1
4760,0,null,0,0,0
4761,0,null,0,0,0
4762,0,null,0,0,0
4763,0,null,0,0,0
4764,0,null,0,0,0
4765,0,null,0,0,0
4766,0,null,0,0,0
4767,1,primary_proton,1,1,1
4768,0,null,0,0,0
4769,0,null,0,0,0
4770,0,null,0,0,0
4771,1,primary_proton,1,1,1
4772,0,null,0,0,0
4773,0,null,0,0,0
4774,0,null,0,0,0
4775,0,null,0,0,0
4776,0,null,0,0,0
4777,0,null,0,0,0
4778,0,null,0,0,0
4779,0,null,0,0,0
4780,0,null,0,0,0
4781,0,null,0,0,0
4782,0,null,0,0,0
4783,0,null,0,0,0
4784,1,primary_proton,1,1,1
4785,0,null,0,0,0
4786,0,null,0,0,0
4787,0,null,0,0,0
4788,0,null,0,0,0
4789,0,null,0,0,0
4790,0,null,0,0,0
4791,0,null,0,0,0
4792,0,null,0,0,0
4793,0,null,0,0,0
4794,0,null,0,0,0
4795,0,null,0,0,0
4796,0,null,0,0,0
4797,0,null,0,0,0
4798,0,null,0,0,0
4799,1,primary_proton,1,1,1
4800,0,null,0,0,0
4801,0,null,0,0,0
4802,0,null,0,0,0
4803,0,null,0,0,0
4804,1,primary_proton,1,1,1
4805,0,null,0,0,0
4806,0,null,0,0,0
4807,0,null,0,0,0
4808,0,null,0,0,0
4809,0,null,0,0,0
4810,0,null,0,0,0
4552,0,null,0,0,0
4553,0,null,0,0,0
4554,0,null,0,0,0
4555,0,null,0,0,0
4556,0,null,0,0,0
4557,0,null,0,0,0
4558,0,null,0,0,0
4559,0,null,0,0,0
4560,0,null,0,0,0
4561,0,null,0,0,0
4562,0,null,0,0,0
4563,0,null,0,0,0
4564,0,null,0,0,0
4565,0,null,0,0,0
4566,0,null,0,0,0
4567,0,null,0,0,0
4568,0,null,0,0,0
4569,0,null,0,0,0
4570,0,null,0,0,0
4571,0,null,0,0,0
4572,0,null,0,0,0
4573,0,null,0,0,0
4574,0,null,0,0,0
4575,0,null,0,0,0
4576,0,null,0,0,0
4577,0,null,0,0,0
4578,0,null,0,0,0
4579,0,null,0,0,0
4580,0,null,0,0,0
4581,0,null,0,0,0
4582,0,null,0,0,0
4583,0,null,0,0,0
4584,0,null,0,0,0
4585,0,null,0,0,0
4586,0,null,0,0,0
4587,0,null,0,0,0
4588,0,null,0,0,0
4589,0,null,0,0,0
4590,0,null,0,0,0
4591,0,null,0,0,0
4592,0,null,0,0,0
4593,0,null,0,0,0
4594,0,null,0,0,0
4595,1965,e-,1,1,1
4596,0,null,0,0,0
4597,0,null,0,0,0
4598,0,null,0,0,0
4599,0,null,0,0,0
4600,0,null,0,0,0
4601,5,secondary_proton,1,1,1
4602,0,null,0,0,0
4603,0,null,0,0,0
4604,0,null,0,0,0
4605,0,null,0,0,0
4606,0,null,0,0,0
4607,0,null,0,0,0
4608,0,null,0,0,0
4609,0,null,0,0,0
4610,0,null,0,0,0
4611,0,null,0,0,0
4612,0,null,0,0,0
4613,0,null,0,0,0
4614,0,null,0,0,0
4615,0,null,0,0,0
4616,0,null,0,0,0
4617,0,null,0,0,0
4618,0,null,0,0,0
4619,0,null,0,0,0
4690,0,null,0,0,0
4691,0,null,0,0,0
4692,0,null,0,0,0
4693,0,null,0,0,0
4694,0,null,0,0,0
4695,0,null,0,0,0
4696,0,null,0,0,0
4697,0,null,0,0,0
4698,0,null,0,0,0
4699,0,null,0,0,0
4700,0,null,0,0,0
4701,0,null,0,0,0
4702,4,pi+,1,1,1
4703,4,secondary_proton,1,1,1
4704,0,null,0,0,0
4705,0,null,0,0,0
4706,0,null,0,0,0
4707,0,null,0,0,0
4708,0,null,0,0,0
4709,0,null,0,0,0
4710,0,null,0,0,0
4711,0,null,0,0,0
4712,0,null,0,0,0
4713,0,null,0,0,0
4714,0,null,0,0,0
4715,0,null,0,0,0
4716,0,null,0,0,0
4717,0,null,0,0,0
4718,0,null,0,0,0
4719,0,null,0,0,0
4720,0,null,0,0,0
4721,0,null,0,0,0
4722,0,null,0,0,0
4723,0,null,0,0,0
4724,0,null,0,0,0
4725,0,null,0,0,0
4726,0,null,0,0,0
4727,0,null,0,0,0
4728,0,null,0,0,0
4729,0,null,0,0,0
4730,0,null,0,0,0
4731,0,null,0,0,0
4732,0,null,0,0,0
4733,6,secondary_proton,1,1,1
4734,0,null,0,0,0
4735,0,null,0,0,0
4736,0,null,0,0,0
4737,0,null,0,0,0
4738,0,null,0,0,0
4739,6,pi+,1,1,1
4740,14,pi-,1,1,1
4741,0,null,0,0,0
4742,0,null,0,0,0
4743,0,null,0,0,0
4744,0,null,0,0,0
4745,0,null,0,0,0
4746,0,null,0,0,0
4747,0,null,0,0,0
4748,0,null,0,0,0
4749,0,null,0,0,0
4750,0,null,0,0,0
4751,0,null,0,0,0
4752,1,primary_proton,1,1,1
4753,0,null,0,0,0
4754,0,null,0,0,0
4755,0,null,0,0,0
4756,10,pi-,1,1,1
4757,0,null,0,0,0
4758,0,null,0,0,0
4759,1,primary_proton,1,1,1
4970,0,null,0,0,0
4971,0,null,0,0,0
4972,0,null,0,0,0
4973,0,null,0,0,0
4974,0,null,0,0,0
4975,5,sigma+,1,1,0
4976,0,null,0,0,0
4977,0,null,0,0,0
4978,0,null,0,0,0
4979,0,null,0,0,0
4980,0,null,0,0,0
4981,0,null,0,0,0
4982,0,null,0,0,0
4983,0,null,0,0,0
4984,0,null,0,0,0
4985,0,null,0,0,0
4986,1,primary_proton,1,1,1
4987,1,primary_proton,1,1,1
4988,0,null,0,0,0
4989,9,secondary_proton,1,1,1
4990,0,null,0,0,0
4991,0,null,0,0,0
4992,0,null,0,0,0
4993,0,null,0,0,0
4994,0,null,0,0,0
4995,0,null,0,0,0
4996,0,null,0,0,0
4997,0,null,0,0,0
4998,0,null,0,0,0
4999,0,null,0,0,0
4811,0,null,0,0,0
4812,0,null,0,0,0
4813,0,null,0,0,0
4814,0,null,0,0,0
4815,29,pi+,1,1,0
4816,0,null,0,0,0
4817,0,null,0,0,0
4818,0,null,0,0,0
4819,0,null,0,0,0
4820,0,null,0,0,0
4821,0,null,0,0,0
4822,0,null,0,0,0
4823,0,null,0,0,0
4824,0,null,0,0,0
4825,0,null,0,0,0
4826,0,null,0,0,0
4827,0,null,0,0,0
4828,0,null,0,0,0
4829,0,null,0,0,0
4830,0,null,0,0,0
4831,0,null,0,0,0
4832,0,null,0,0,0
4833,0,null,0,0,0
4834,0,null,0,0,0
4835,0,null,0,0,0
4836,0,null,0,0,0
4837,0,null,0,0,0
4838,0,null,0,0,0
4839,0,null,0,0,0
4840,0,null,0,0,0
4841,0,null,0,0,0
4842,0,null,0,0,0
4843,0,null,0,0,0
4844,0,null,0,0,0
4845,0,null,0,0,0
4846,0,null,0,0,0
4847,0,null,0,0,0
4848,0,null,0,0,0
4849,0,null,0,0,0
4850,0,null,0,0,0
4851,0,null,0,0,0
4852,0,null,0,0,0
4853,0,null,0,0,0
4854,0,null,0,0,0
4855,2,secondary_proton,1,1,1
4856,0,null,0,0,0
4857,0,null,0,0,0
4858,0,null,0,0,0
4859,0,null,0,0,0
4860,0,null,0,0,0
4861,0,null,0,0,0
4862,0,null,0,0,0
4863,0,null,0,0,0
4864,0,null,0,0,0
4865,0,null,0,0,0
4866,0,null,0,0,0
4867,0,null,0,0,0
4868,0,null,0,0,0
4869,0,null,0,0,0
4870,0,null,0,0,0
4871,0,null,0,0,0
4872,0,null,0,0,0
4873,0,null,0,0,0
4874,0,null,0,0,0
4875,0,null,0,0,0
4876,0,null,0,0,0
4877,0,null,0,0,0
4878,13,pi-,1,1,1
4879,0,null,0,0,0
4880,0,null,0,0,0
4881,1,primary_proton,1,0,0
4882,0,null,0,0,0
4883,0,null,0,0,0
4884,0,null,0,0,0
4885,0,null,0,0,0
4886,402,e-,1,1,0
4887,0,null,0,0,0
4888,0,null,0,0,0
4889,0,null,0,0,0
4890,0,null,0,0,0
4891,0,null,0,0,0
4892,0,null,0,0,0
4893,0,null,0,0,0
4894,0,null,0,0,0
4895,0,null,0,0,0
4896,0,null,0,0,0
4897,0,null,0,0,0
4898,0,null,0,0,0
4899,0,null,0,0,0
4900,0,null,0,0,0
4901,0,null,0,0,0
4902,0,null,0,0,0
4903,1,primary_proton,1,1,1
4904,0,null,0,0,0
4905,0,null,0,0,0
4906,0,null,0,0,0
4907,0,null,0,0,0
4908,0,null,0,0,0
4909,0,null,0,0,0
4910,0,null,0,0,0
4911,0,null,0,0,0
4912,0,null,0,0,0
4913,0,null,0,0,0
4914,3,pi+,1,0,0
4915,0,null,0,0,0
4916,1,primary_proton,1,1,1
4917,0,null,0,0,0
4918,0,null,0,0,0
4919,0,null,0,0,0
4920,0,null,0,0,0
4921,0,null,0,0,0
4922,0,null,0,0,0
4923,0,null,0,0,0
4924,0,null,0,0,0
4925,0,null,0,0,0
4926,0,null,0,0,0
4927,0,null,0,0,0
4928,611,e-,1,1,1
4929,0,null,0,0,0
4930,0,null,0,0,0
4931,0,null,0,0,0
4932,0,null,0,0,0
4933,0,null,0,0,0
4934,0,null,0,0,0
4935,0,null,0,0,0
4936,0,null,0,0,0
4937,0,null,0,0,0
4938,0,null,0,0,0
4939,0,null,0,0,0
4940,0,null,0,0,0
4941,0,null,0,0,0
4942,0,null,0,0,0
4943,0,null,0,0,0
4944,0,null,0,0,0
4945,0,null,0,0,0
4946,0,null,0,0,0
4947,0,null,0,0,0
4948,0,null,0,0,0
4949,0,null,0,0,0
4950,0,null,0,0,0
4951,0,null,0,0,0
4952,0,null,0,0,0
4953,0,null,0,0,0
4954,0,null,0,0,0
4955,0,null,0,0,0
4956,0,null,0,0,0
4957,1,primary_proton,1,1,1
4958,0,null,0,0,0
4959,0,null,0,0,0
4960,0,null,0,0,0
4961,0,null,0,0,0
4962,1,primary_proton,1,1,1
4963,0,null,0,0,0
4964,0,null,0,0,0
4965,0,null,0,0,0
4966,0,null,0,0,0
4967,0,null,0,0,0
4968,1,primary_proton,1,1,1
4969,0,null,0,0,0
71,0,null,0,0,0
72,0,null,0,0,0
73,0,null,0,0,0
74,1,primary_proton,1,1,1
75,0,null,0,0,0
76,0,null,0,0,0
77,0,null,0,0,0
78,0,null,0,0,0
79,0,null,0,0,0
80,0,null,0,0,0
81,0,null,0,0,0
82,0,null,0,0,0
83,0,null,0,0,0
84,5260,e-,1,1,0
85,0,null,0,0,0
86,0,null,0,0,0
87,0,null,0,0,0
88,1,primary_proton,1,1,1
89,0,null,0,0,0
90,0,null,0,0,0
91,0,null,0,0,0
92,0,null,0,0,0
93,0,null,0,0,0
94,0,null,0,0,0
95,0,null,0,0,0
96,0,null,0,0,0
97,0,null,0,0,0
98,0,null,0,0,0
99,0,null,0,0,0
100,0,null,0,0,0
101,0,null,0,0,0
102,0,null,0,0,0
103,0,null,0,0,0
104,0,null,0,0,0
105,0,null,0,0,0
106,0,null,0,0,0
107,0,null,0,0,0
108,335,pi-,1,1,0
109,0,null,0,0,0
110,0,null,0,0,0
111,0,null,0,0,0
112,8,pi+,1,1,1
113,0,null,0,0,0
114,0,null,0,0,0
115,0,null,0,0,0
116,0,null,0,0,0
117,0,null,0,0,0
118,0,null,0,0,0
119,0,null,0,0,0
120,0,null,0,0,0
121,0,null,0,0,0
122,0,null,0,0,0
123,0,null,0,0,0
124,0,null,0,0,0
125,0,null,0,0,0
126,0,null,0,0,0
127,1,primary_proton,1,1,1
128,0,null,0,0,0
129,0,null,0,0,0
130,0,null,0,0,0
131,0,null,0,0,0
132,0,null,0,0,0
133,8,pi-,1,1,1
134,0,null,0,0,0
135,0,null,0,0,0
136,0,null,0,0,0
137,0,null,0,0,0
138,0,null,0,0,0
139,0,null,0,0,0
210,0,null,0,0,0
211,0,null,0,0,0
212,0,null,0,0,0
213,0,null,0,0,0
214,0,null,0,0,0
215,6,secondary_proton,1,1,1
216,0,null,0,0,0
217,13,pi-,1,1,1
218,0,null,0,0,0
219,0,null,0,0,0
220,0,null,0,0,0
221,0,null,0,0,0
222,0,null,0,0,0
223,0,null,0,0,0
224,0,null,0,0,0
225,1,primary_proton,1,1,1
226,0,null,0,0,0
227,0,null,0,0,0
228,0,null,0,0,0
229,0,null,0,0,0
230,0,null,0,0,0
231,0,null,0,0,0
232,0,null,0,0,0
233,0,null,0,0,0
234,0,null,0,0,0
235,0,null,0,0,0
236,0,null,0,0,0
237,0,null,0,0,0
238,0,null,0,0,0
239,0,null,0,0,0
240,0,null,0,0,0
241,0,null,0,0,0
242,0,null,0,0,0
243,0,null,0,0,0
244,0,null,0,0,0
245,0,null,0,0,0
246,0,null,0,0,0
247,0,null,0,0,0
248,0,null,0,0,0
249,9,pi+,1,1,0
250,1,primary_proton,1,1,1
251,0,null,0,0,0
252,7,pi+,1,1,0
253,0,null,0,0,0
254,0,null,0,0,0
255,0,null,0,0,0
256,0,null,0,0,0
257,0,null,0,0,0
258,0,null,0,0,0
259,0,null,0,0,0
260,0,null,0,0,0
261,0,null,0,0,0
262,0,null,0,0,0
263,0,null,0,0,0
264,0,null,0,0,0
265,0,null,0,0,0
266,0,null,0,0,0
267,0,null,0,0,0
268,0,null,0,0,0
269,0,null,0,0,0
270,0,null,0,0,0
271,0,null,0,0,0
272,0,null,0,0,0
273,0,null,0,0,0
274,0,null,0,0,0
275,0,null,0,0,0
276,0,null,0,0,0
277,0,null,0,0,0
278,0,null,0,0,0
279,0,null,0,0,0
280,0,null,0,0,0
281,0,null,0,0,0
282,0,null,0,0,0
283,0,null,0,0,0
284,0,null,0,0,0
285,0,null,0,0,0
286,0,null,0,0,0
287,0,null,0,0,0
288,1,primary_proton,1,1,1
289,0,null,0,0,0
290,0,null,0,0,0
291,0,null,0,0,0
292,0,null,0,0,0
293,0,null,0,0,0
294,0,null,0,0,0
295,0,null,0,0,0
296,0,null,0,0,0
297,0,null,0,0,0
298,0,null,0,0,0
299,0,null,0,0,0
300,0,null,0,0,0
301,0,null,0,0,0
302,0,null,0,0,0
303,1,primary_proton,1,1,1
304,0,null,0,0,0
305,13,pi-,1,1,1
306,0,null,0,0,0
307,0,null,0,0,0
308,0,null,0,0,0
309,0,null,0,0,0
310,0,null,0,0,0
311,0,null,0,0,0
312,0,null,0,0,0
313,0,null,0,0,0
314,0,null,0,0,0
315,1,primary_proton,1,1,1
316,0,null,0,0,0
317,0,null,0,0,0
318,0,null,0,0,0
319,0,null,0,0,0
320,0,null,0,0,0
321,0,null,0,0,0
322,1,primary_proton,1,1,1
323,0,null,0,0,0
324,0,null,0,0,0
325,0,null,0,0,0
326,22,pi+,1,1,1
327,0,null,0,0,0
328,0,null,0,0,0
329,0,null,0,0,0
330,0,null,0,0,0
331,0,null,0,0,0
332,0,null,0,0,0
333,1345,e-,1,1,0
334,0,null,0,0,0
335,0,null,0,0,0
336,0,null,0,0,0
337,0,null,0,0,0
338,0,null,0,0,0
339,0,null,0,0,0
340,0,null,0,0,0
341,0,null,0,0,0
342,0,null,0,0,0
343,0,null,0,0,0
344,0,null,0,0,0
345,0,null,0,0,0
346,1,primary_proton,1,1,1
347,0,null,0,0,0
348,0,null,0,0,0
349,0,null,0,0,0
420,0,null,0,0,0
421,0,null,0,0,0
422,0,null,0,0,0
423,0,null,0,0,0
424,0,null,0,0,0
425,0,null,0,0,0
426,0,null,0,0,0
427,0,null,0,0,0
428,0,null,0,0,0
429,0,null,0,0,0
430,0,null,0,0,0
431,0,null,0,0,0
432,0,null,0,0,0
433,0,null,0,0,0
434,0,null,0,0,0
435,0,null,0,0,0
436,0,null,0,0,0
437,1254,secondary_proton,1,1,1
438,0,null,0,0,0
439,0,null,0,0,0
440,0,null,0,0,0
441,0,null,0,0,0
442,0,null,0,0,0
443,0,null,0,0,0
444,0,null,0,0,0
1,0,null,0,0,0
2,0,null,0,0,0
3,0,null,0,0,0
4,0,null,0,0,0
5,0,null,0,0,0
6,0,null,0,0,0
7,0,null,0,0,0
8,0,null,0,0,0
9,0,null,0,0,0
10,0,null,0,0,0
11,0,null,0,0,0
12,0,null,0,0,0
13,15,secondary_proton,1,0,0
14,0,null,0,0,0
15,0,null,0,0,0
16,0,null,0,0,0
17,0,null,0,0,0
18,0,null,0,0,0
19,0,null,0,0,0
20,0,null,0,0,0
21,0,null,0,0,0
22,0,null,0,0,0
23,0,null,0,0,0
24,0,null,0,0,0
25,0,null,0,0,0
26,0,null,0,0,0
27,0,null,0,0,0
28,0,null,0,0,0
29,0,null,0,0,0
30,0,null,0,0,0
31,0,null,0,0,0
32,0,null,0,0,0
33,0,null,0,0,0
34,0,null,0,0,0
35,0,null,0,0,0
36,0,null,0,0,0
37,0,null,0,0,0
38,0,null,0,0,0
39,0,null,0,0,0
40,0,null,0,0,0
41,0,null,0,0,0
42,0,null,0,0,0
43,0,null,0,0,0
44,0,null,0,0,0
45,0,null,0,0,0
46,0,null,0,0,0
47,0,null,0,0,0
48,0,null,0,0,0
49,0,null,0,0,0
50,0,null,0,0,0
51,0,null,0,0,0
52,10,secondary_proton,1,1,1
53,0,null,0,0,0
54,0,null,0,0,0
55,0,null,0,0,0
56,0,null,0,0,0
57,0,null,0,0,0
58,1,primary_proton,1,1,1
59,0,null,0,0,0
60,0,null,0,0,0
61,0,null,0,0,0
62,0,null,0,0,0
63,0,null,0,0,0
64,0,null,0,0,0
65,0,null,0,0,0
66,0,null,0,0,0
67,0,null,0,0,0
68,0,null,0,0,0
69,0,null,0,0,0
140,0,null,0,0,0
141,8,secondary_proton,1,1,1
142,0,null,0,0,0
143,0,null,0,0,0
144,0,null,0,0,0
145,0,null,0,0,0
146,4,pi+,1,1,1
147,0,null,0,0,0
148,0,null,0,0,0
149,15,pi+,1,1,1
150,0,null,0,0,0
151,0,null,0,0,0
152,0,null,0,0,0
153,0,null,0,0,0
154,0,null,0,0,0
155,0,null,0,0,0
156,0,null,0,0,0
157,0,null,0,0,0
158,0,null,0,0,0
159,1,primary_proton,1,1,1
160,6,pi+,1,1,1
161,0,null,0,0,0
162,0,null,0,0,0
163,1,primary_proton,1,1,1
164,0,null,0,0,0
165,0,null,0,0,0
166,0,null,0,0,0
167,0,null,0,0,0
168,0,null,0,0,0
169,0,null,0,0,0
170,0,null,0,0,0
171,0,null,0,0,0
172,0,null,0,0,0
173,0,null,0,0,0
174,0,null,0,0,0
175,0,null,0,0,0
176,0,null,0,0,0
177,0,null,0,0,0
178,0,null,0,0,0
179,0,null,0,0,0
180,0,null,0,0,0
181,0,null,0,0,0
182,1,primary_proton,1,1,1
183,0,null,0,0,0
184,0,null,0,0,0
185,0,null,0,0,0
186,0,null,0,0,0
187,0,null,0,0,0
188,0,null,0,0,0
189,0,null,0,0,0
190,0,null,0,0,0
191,0,null,0,0,0
192,0,null,0,0,0
193,0,null,0,0,0
194,0,null,0,0,0
195,0,null,0,0,0
196,0,null,0,0,0
197,1,primary_proton,1,1,1
198,0,null,0,0,0
199,0,null,0,0,0
200,0,null,0,0,0
201,0,null,0,0,0
202,0,null,0,0,0
203,0,null,0,0,0
204,0,null,0,0,0
205,0,null,0,0,0
206,0,null,0,0,0
207,9,secondary_proton,1,1,1
208,0,null,0,0,0
209,0,null,0,0,0
350,0,null,0,0,0
351,0,null,0,0,0
352,0,null,0,0,0
353,5,secondary_proton,1,1,1
354,14,pi-,1,1,1
355,0,null,0,0,0
356,0,null,0,0,0
357,0,null,0,0,0
358,0,null,0,0,0
359,0,null,0,0,0
360,0,null,0,0,0
361,0,null,0,0,0
362,0,null,0,0,0
363,0,null,0,0,0
364,0,null,0,0,0
365,0,null,0,0,0
366,0,null,0,0,0
367,15,pi-,1,1,1
368,0,null,0,0,0
369,0,null,0,0,0
370,0,null,0,0,0
371,0,null,0,0,0
372,0,null,0,0,0
373,0,null,0,0,0
374,0,null,0,0,0
375,0,null,0,0,0
376,0,null,0,0,0
377,2,secondary_proton,1,1,1
378,1,primary_proton,1,1,1
379,0,null,0,0,0
380,0,null,0,0,0
381,0,null,0,0,0
382,0,null,0,0,0
383,0,null,0,0,0
384,0,null,0,0,0
385,0,null,0,0,0
386,0,null,0,0,0
387,0,null,0,0,0
388,1,primary_proton,1,1,1
389,0,null,0,0,0
390,0,null,0,0,0
391,0,null,0,0,0
392,0,null,0,0,0
393,0,null,0,0,0
394,0,null,0,0,0
395,0,null,0,0,0
396,0,null,0,0,0
397,0,null,0,0,0
398,0,null,0,0,0
399,1,primary_proton,1,1,1
400,0,null,0,0,0
401,0,null,0,0,0
402,0,null,0,0,0
403,0,null,0,0,0
404,0,null,0,0,0
405,0,null,0,0,0
406,0,null,0,0,0
407,0,null,0,0,0
408,0,null,0,0,0
409,1,primary_proton,1,1,1
410,0,null,0,0,0
411,0,null,0,0,0
412,0,null,0,0,0
413,0,null,0,0,0
414,0,null,0,0,0
415,0,null,0,0,0
416,0,null,0,0,0
417,0,null,0,0,0
418,0,null,0,0,0
419,0,null,0,0,0
490,0,null,0,0,0
491,0,null,0,0,0
492,0,null,0,0,0
493,0,null,0,0,0
494,0,null,0,0,0
495,0,null,0,0,0
496,0,null,0,0,0
497,0,null,0,0,0
498,0,null,0,0,0
499,0,null,0,0,0
500,0,null,0,0,0
501,0,null,0,0,0
502,0,null,0,0,0
503,0,null,0,0,0
504,0,null,0,0,0
505,0,null,0,0,0
506,0,null,0,0,0
507,0,null,0,0,0
508,0,null,0,0,0
509,0,null,0,0,0
510,0,null,0,0,0
511,1,primary_proton,1,1,1
512,0,null,0,0,0
513,13,secondary_proton,1,1,1
446,0,null,0,0,0
447,0,null,0,0,0
448,0,null,0,0,0
449,0,null,0,0,0
450,0,null,0,0,0
451,0,null,0,0,0
452,0,null,0,0,0
453,0,null,0,0,0
454,0,null,0,0,0
455,0,null,0,0,0
456,0,null,0,0,0
457,0,null,0,0,0
458,0,null,0,0,0
459,0,null,0,0,0
460,0,null,0,0,0
461,0,null,0,0,0
462,0,null,0,0,0
463,0,null,0,0,0
464,0,null,0,0,0
465,0,null,0,0,0
466,0,null,0,0,0
467,0,null,0,0,0
468,0,null,0,0,0
469,0,null,0,0,0
470,0,null,0,0,0
471,0,null,0,0,0
472,0,null,0,0,0
473,0,null,0,0,0
474,0,null,0,0,0
475,0,null,0,0,0
476,0,null,0,0,0
477,0,null,0,0,0
478,0,null,0,0,0
479,0,null,0,0,0
480,0,null,0,0,0
481,0,null,0,0,0
482,0,null,0,0,0
483,0,null,0,0,0
484,0,null,0,0,0
485,7717,e-,1,1,1
486,0,null,0,0,0
487,0,null,0,0,0
488,0,null,0,0,0
489,0,null,0,0,0
560,0,null,0,0,0
561,0,null,0,0,0
562,0,null,0,0,0
563,0,null,0,0,0
564,0,null,0,0,0
565,0,null,0,0,0
566,0,null,0,0,0
567,1,primary_proton,1,1,1
568,0,null,0,0,0
569,0,null,0,0,0
570,0,null,0,0,0
571,0,null,0,0,0
572,1,primary_proton,1,1,1
573,0,null,0,0,0
574,0,null,0,0,0
575,0,null,0,0,0
576,0,null,0,0,0
577,0,null,0,0,0
578,0,null,0,0,0
579,0,null,0,0,0
580,0,null,0,0,0
581,0,null,0,0,0
582,1,primary_proton,1,1,1
583,0,null,0,0,0
584,0,null,0,0,0
585,0,null,0,0,0
586,0,null,0,0,0
587,0,null,0,0,0
588,0,null,0,0,0
589,1,primary_proton,1,1,1
590,0,null,0,0,0
591,0,null,0,0,0
592,0,null,0,0,0
593,0,null,0,0,0
594,0,null,0,0,0
595,0,null,0,0,0
596,0,null,0,0,0
597,0,null,0,0,0
598,0,null,0,0,0
599,1,primary_proton,1,1,1
600,0,null,0,0,0
601,0,null,0,0,0
602,0,null,0,0,0
603,1,primary_proton,1,1,1
604,0,null,0,0,0
605,0,null,0,0,0
606,0,null,0,0,0
607,0,null,0,0,0
608,0,null,0,0,0
609,0,null,0,0,0
610,0,null,0,0,0
611,0,null,0,0,0
612,0,null,0,0,0
613,0,null,0,0,0
614,0,null,0,0,0
615,0,null,0,0,0
616,0,null,0,0,0
617,0,null,0,0,0
618,0,null,0,0,0
619,0,null,0,0,0
620,7,pi+,1,1,1
621,0,null,0,0,0
622,0,null,0,0,0
623,0,null,0,0,0
624,10,pi+,1,1,1
625,0,null,0,0,0
626,0,null,0,0,0
627,0,null,0,0,0
628,0,null,0,0,0
629,0,null,0,0,0
630,0,null,0,0,0
631,0,null,0,0,0
632,0,null,0,0,0
633,0,null,0,0,0
634,0,null,0,0,0
635,0,null,0,0,0
636,0,null,0,0,0
637,0,null,0,0,0
638,0,null,0,0,0
639,0,null,0,0,0
640,0,null,0,0,0
641,0,null,0,0,0
642,0,null,0,0,0
643,0,null,0,0,0
644,0,null,0,0,0
645,0,null,0,0,0
646,0,null,0,0,0
647,0,null,0,0,0
648,0,null,0,0,0
649,0,null,0,0,0
650,0,null,0,0,0
651,0,null,0,0,0
652,0,null,0,0,0
653,0,null,0,0,0
654,0,null,0,0,0
655,0,null,0,0,0
656,0,null,0,0,0
657,0,null,0,0,0
658,0,null,0,0,0
659,0,null,0,0,0
660,0,null,0,0,0
661,5,secondary_proton,1,1,1
662,0,null,0,0,0
663,0,null,0,0,0
664,0,null,0,0,0
665,10,pi-,1,1,1
666,0,null,0,0,0
667,0,null,0,0,0
668,0,null,0,0,0
669,0,null,0,0,0
670,0,null,0,0,0
671,0,null,0,0,0
672,0,null,0,0,0
673,0,null,0,0,0
674,0,null,0,0,0
675,0,null,0,0,0
676,0,null,0,0,0
677,0,null,0,0,0
678,0,null,0,0,0
679,0,null,0,0,0
680,0,null,0,0,0
681,0,null,0,0,0
682,1,primary_proton,1,1,1
683,0,null,0,0,0
684,0,null,0,0,0
685,1,primary_proton,1,1,1
686,0,null,0,0,0
687,0,null,0,0,0
688,0,null,0,0,0
689,0,null,0,0,0
690,0,null,0,0,0
691,0,null,0,0,0
692,0,null,0,0,0
693,0,null,0,0,0
694,0,null,0,0,0
695,0,null,0,0,0
696,0,null,0,0,0
697,0,null,0,0,0
698,0,null,0,0,0
699,0,null,0,0,0
770,0,null,0,0,0
771,0,null,0,0,0
772,0,null,0,0,0
773,0,null,0,0,0
774,0,null,0,0,0
775,0,null,0,0,0
776,0,null,0,0,0
777,0,null,0,0,0
778,0,null,0,0,0
779,0,null,0,0,0
780,0,null,0,0,0
781,14,secondary_proton,1,1,1
782,0,null,0,0,0
783,0,null,0,0,0
784,0,null,0,0,0
785,0,null,0,0,0
786,0,null,0,0,0
787,0,null,0,0,0
788,0,null,0,0,0
789,0,null,0,0,0
790,0,null,0,0,0
791,0,null,0,0,0
792,0,null,0,0,0
793,0,null,0,0,0
794,0,null,0,0,0
795,0,null,0,0,0
796,0,null,0,0,0
797,0,null,0,0,0
798,0,null,0,0,0
799,0,null,0,0,0
800,13,pi+,1,1,1
801,0,null,0,0,0
802,0,null,0,0,0
803,5884,pi+,1,0,0
804,0,null,0,0,0
805,0,null,0,0,0
806,0,null,0,0,0
807,0,null,0,0,0
808,0,null,0,0,0
809,0,null,0,0,0
810,12,pi-,1,1,1
811,0,null,0,0,0
812,0,null,0,0,0
813,0,null,0,0,0
814,0,null,0,0,0
815,0,null,0,0,0
816,0,null,0,0,0
817,10,pi+,1,1,1
818,0,null,0,0,0
515,5,pi+,1,1,1
516,0,null,0,0,0
517,0,null,0,0,0
518,0,null,0,0,0
519,0,null,0,0,0
520,0,null,0,0,0
521,0,null,0,0,0
522,0,null,0,0,0
523,0,null,0,0,0
524,0,null,0,0,0
525,0,null,0,0,0
526,9,secondary_proton,1,1,1
527,0,null,0,0,0
528,0,null,0,0,0
529,0,null,0,0,0
530,0,null,0,0,0
531,0,null,0,0,0
532,0,null,0,0,0
533,0,null,0,0,0
534,0,null,0,0,0
535,0,null,0,0,0
536,0,null,0,0,0
537,0,null,0,0,0
538,0,null,0,0,0
539,0,null,0,0,0
540,0,null,0,0,0
541,0,null,0,0,0
542,0,null,0,0,0
543,3,secondary_proton,1,1,0
544,0,null,0,0,0
545,0,null,0,0,0
546,0,null,0,0,0
547,0,null,0,0,0
548,0,null,0,0,0
549,0,null,0,0,0
550,0,null,0,0,0
551,0,null,0,0,0
552,0,null,0,0,0
553,0,null,0,0,0
554,0,null,0,0,0
555,0,null,0,0,0
556,14,pi+,1,0,0
557,0,null,0,0,0
558,0,null,0,0,0
559,0,null,0,0,0
700,0,null,0,0,0
701,0,null,0,0,0
702,0,null,0,0,0
703,0,null,0,0,0
704,0,null,0,0,0
705,0,null,0,0,0
706,0,null,0,0,0
707,0,null,0,0,0
708,0,null,0,0,0
709,0,null,0,0,0
710,0,null,0,0,0
711,0,null,0,0,0
712,0,null,0,0,0
713,0,null,0,0,0
714,0,null,0,0,0
715,0,null,0,0,0
716,0,null,0,0,0
717,0,null,0,0,0
718,0,null,0,0,0
719,0,null,0,0,0
720,0,null,0,0,0
721,0,null,0,0,0
722,0,null,0,0,0
723,0,null,0,0,0
724,0,null,0,0,0
725,0,null,0,0,0
726,0,null,0,0,0
727,0,null,0,0,0
728,0,null,0,0,0
729,0,null,0,0,0
730,0,null,0,0,0
731,0,null,0,0,0
732,0,null,0,0,0
733,0,null,0,0,0
734,0,null,0,0,0
735,0,null,0,0,0
736,0,null,0,0,0
737,0,null,0,0,0
738,0,null,0,0,0
739,0,null,0,0,0
740,0,null,0,0,0
741,0,null,0,0,0
742,0,null,0,0,0
743,0,null,0,0,0
744,0,null,0,0,0
745,0,null,0,0,0
746,0,null,0,0,0
747,3,secondary_proton,1,1,1
748,19,pi+,1,1,1
749,0,null,0,0,0
750,0,null,0,0,0
751,1,primary_proton,1,1,1
752,0,null,0,0,0
753,0,null,0,0,0
754,0,null,0,0,0
755,0,null,0,0,0
756,0,null,0,0,0
757,0,null,0,0,0
758,0,null,0,0,0
759,0,null,0,0,0
760,0,null,0,0,0
761,0,null,0,0,0
762,5,pi+,1,1,1
763,0,null,0,0,0
764,0,null,0,0,0
765,0,null,0,0,0
766,0,null,0,0,0
767,0,null,0,0,0
768,0,null,0,0,0
769,0,null,0,0,0
840,0,null,0,0,0
841,0,null,0,0,0
842,0,null,0,0,0
843,0,null,0,0,0
844,0,null,0,0,0
845,0,null,0,0,0
846,1,primary_proton,1,1,1
847,0,null,0,0,0
848,0,null,0,0,0
849,0,null,0,0,0
850,0,null,0,0,0
851,0,null,0,0,0
852,0,null,0,0,0
853,0,null,0,0,0
854,0,null,0,0,0
855,0,null,0,0,0
856,0,null,0,0,0
857,0,null,0,0,0
858,0,null,0,0,0
859,0,null,0,0,0
860,0,null,0,0,0
861,0,null,0,0,0
862,0,null,0,0,0
863,0,null,0,0,0
864,0,null,0,0,0
865,0,null,0,0,0
866,0,null,0,0,0
867,0,null,0,0,0
868,0,null,0,0,0
869,0,null,0,0,0
870,0,null,0,0,0
871,0,null,0,0,0
872,0,null,0,0,0
873,0,null,0,0,0
874,0,null,0,0,0
875,0,null,0,0,0
876,0,null,0,0,0
877,1,primary_proton,1,1,1
878,0,null,0,0,0
879,0,null,0,0,0
880,0,null,0,0,0
881,0,null,0,0,0
882,0,null,0,0,0
883,0,null,0,0,0
884,1,primary_proton,1,1,1
885,0,null,0,0,0
886,1,primary_proton,1,1,1
887,0,null,0,0,0
888,0,null,0,0,0
889,0,null,0,0,0
890,0,null,0,0,0
891,0,null,0,0,0
892,0,null,0,0,0
893,0,null,0,0,0
894,0,null,0,0,0
895,0,null,0,0,0
896,0,null,0,0,0
897,0,null,0,0,0
898,0,null,0,0,0
899,0,null,0,0,0
900,0,null,0,0,0
901,0,null,0,0,0
902,0,null,0,0,0
903,0,null,0,0,0
904,0,null,0,0,0
905,0,null,0,0,0
906,0,null,0,0,0
907,0,null,0,0,0
908,0,null,0,0,0
909,0,null,0,0,0
910,0,null,0,0,0
911,0,null,0,0,0
912,0,null,0,0,0
913,0,null,0,0,0
914,0,null,0,0,0
915,0,null,0,0,0
916,0,null,0,0,0
917,0,null,0,0,0
918,0,null,0,0,0
919,0,null,0,0,0
920,0,null,0,0,0
921,0,null,0,0,0
922,0,null,0,0,0
923,0,null,0,0,0
924,0,null,0,0,0
925,0,null,0,0,0
926,0,null,0,0,0
927,0,null,0,0,0
928,0,null,0,0,0
929,0,null,0,0,0
930,0,null,0,0,0
931,0,null,0,0,0
932,0,null,0,0,0
933,0,null,0,0,0
934,11,secondary_proton,1,1,1
935,0,null,0,0,0
936,0,null,0,0,0
937,0,null,0,0,0
938,0,null,0,0,0
939,0,null,0,0,0
940,0,null,0,0,0
941,0,null,0,0,0
942,0,null,0,0,0
943,0,null,0,0,0
944,0,null,0,0,0
945,0,null,0,0,0
946,0,null,0,0,0
947,0,null,0,0,0
948,0,null,0,0,0
949,0,null,0,0,0
950,0,null,0,0,0
951,0,null,0,0,0
952,0,null,0,0,0
953,0,null,0,0,0
954,0,null,0,0,0
955,0,null,0,0,0
956,0,null,0,0,0
957,11,pi+,1,1,1
958,0,null,0,0,0
960,0,null,0,0,0
961,0,null,0,0,0
962,0,null,0,0,0
963,0,null,0,0,0
964,0,null,0,0,0
965,0,null,0,0,0
966,0,null,0,0,0
967,0,null,0,0,0
968,0,null,0,0,0
969,0,null,0,0,0
970,0,null,0,0,0
971,0,null,0,0,0
972,0,null,0,0,0
973,0,null,0,0,0
974,0,null,0,0,0
975,0,null,0,0,0
976,3,secondary_proton,1,1,1
977,0,null,0,0,0
978,0,null,0,0,0
979,0,null,0,0,0
1050,0,null,0,0,0
1051,0,null,0,0,0
1052,1,primary_proton,1,1,1
1053,0,null,0,0,0
1054,0,null,0,0,0
1055,0,null,0,0,0
1056,0,null,0,0,0
1057,0,null,0,0,0
1058,0,null,0,0,0
1059,0,null,0,0,0
1060,0,null,0,0,0
1061,0,null,0,0,0
1062,0,null,0,0,0
1063,0,null,0,0,0
1064,0,null,0,0,0
1065,0,null,0,0,0
1066,0,null,0,0,0
1067,0,null,0,0,0
1068,0,null,0,0,0
1069,8,pi+,1,0,1
1070,0,null,0,0,0
1071,0,null,0,0,0
1072,0,null,0,0,0
1073,0,null,0,0,0
1074,0,null,0,0,0
1075,0,null,0,0,0
1076,0,null,0,0,0
1077,0,null,0,0,0
1078,0,null,0,0,0
1079,0,null,0,0,0
1080,0,null,0,0,0
1081,0,null,0,0,0
1082,0,null,0,0,0
1083,0,null,0,0,0
1084,0,null,0,0,0
1085,0,null,0,0,0
1086,0,null,0,0,0
1087,0,null,0,0,0
1088,0,null,0,0,0
1089,0,null,0,0,0
1090,0,null,0,0,0
1091,0,null,0,0,0
1092,0,null,0,0,0
1093,1,primary_proton,1,1,1
1094,0,null,0,0,0
1095,0,null,0,0,0
1096,0,null,0,0,0
1097,0,null,0,0,0
1098,0,null,0,0,0
1099,0,null,0,0,0
1100,0,null,0,0,0
1101,0,null,0,0,0
1102,0,null,0,0,0
1103,0,null,0,0,0
1104,0,null,0,0,0
1105,0,null,0,0,0
1106,0,null,0,0,0
1107,0,null,0,0,0
1108,0,null,0,0,0
1109,0,null,0,0,0
1110,0,null,0,0,0
1111,1,primary_proton,1,1,1
1112,0,null,0,0,0
1113,0,null,0,0,0
1114,0,null,0,0,0
1115,0,null,0,0,0
1116,0,null,0,0,0
1117,0,null,0,0,0
1118,0,null,0,0,0
1119,0,null,0,0,0
1120,0,null,0,0,0
1121,0,null,0,0,0
1122,0,null,0,0,0
1123,0,null,0,0,0
1124,0,null,0,0,0
1125,0,null,0,0,0
1126,0,null,0,0,0
1127,0,null,0,0,0
1128,0,null,0,0,0
1129,0,null,0,0,0
1130,0,null,0,0,0
1131,0,null,0,0,0
1132,0,null,0,0,0
1133,0,null,0,0,0
1134,0,null,0,0,0
1135,0,null,0,0,0
1136,0,null,0,0,0
1137,0,null,0,0,0
1138,0,null,0,0,0
1139,0,null,0,0,0
1140,0,null,0,0,0
1141,0,null,0,0,0
1142,0,null,0,0,0
1143,0,null,0,0,0
1144,1,primary_proton,1,1,1
1145,0,null,0,0,0
1146,0,null,0,0,0
1147,0,null,0,0,0
1148,0,null,0,0,0
1149,0,null,0,0,0
1150,1,primary_proton,1,1,1
1151,0,null,0,0,0
1152,0,null,0,0,0
1153,0,null,0,0,0
1154,0,null,0,0,0
1155,0,null,0,0,0
1156,0,null,0,0,0
1157,0,null,0,0,0
1158,0,null,0,0,0
1159,0,null,0,0,0
1160,0,null,0,0,0
1161,0,null,0,0,0
1162,0,null,0,0,0
1163,0,null,0,0,0
1164,0,null,0,0,0
1165,0,null,0,0,0
1166,10,pi+,1,1,1
1167,0,null,0,0,0
1168,0,null,0,0,0
1169,0,null,0,0,0
1170,0,null,0,0,0
1171,0,null,0,0,0
1172,0,null,0,0,0
1173,0,null,0,0,0
1174,0,null,0,0,0
1175,0,null,0,0,0
1176,0,null,0,0,0
1177,0,null,0,0,0
1178,0,null,0,0,0
1179,0,null,0,0,0
1180,0,null,0,0,0
1181,0,null,0,0,0
1182,0,null,0,0,0
1183,0,null,0,0,0
1184,0,null,0,0,0
1185,0,null,0,0,0
1186,0,null,0,0,0
1187,0,null,0,0,0
1188,0,null,0,0,0
1189,0,null,0,0,0
1190,0,null,0,0,0
1191,0,null,0,0,0
1192,0,null,0,0,0
1193,0,null,0,0,0
1194,0,null,0,0,0
1195,0,null,0,0,0
1196,1,primary_proton,1,1,1
1197,0,null,0,0,0
1198,0,null,0,0,0
1199,0,null,0,0,0
1200,0,null,0,0,0
1201,0,null,0,0,0
1202,0,null,0,0,0
1203,0,null,0,0,0
1204,0,null,0,0,0
1205,0,null,0,0,0
1206,0,null,0,0,0
1207,0,null,0,0,0
1208,0,null,0,0,0
1209,10,pi+,1,1,1
1210,0,null,0,0,0
1211,0,null,0,0,0
1212,12,secondary_proton,1,1,1
1213,0,null,0,0,0
1214,0,null,0,0,0
1215,0,null,0,0,0
1216,0,null,0,0,0
1217,0,null,0,0,0
1218,0,null,0,0,0
1219,0,null,0,0,0
1220,0,null,0,0,0
1221,0,null,0,0,0
1222,0,null,0,0,0
1223,0,null,0,0,0
1224,0,null,0,0,0
1225,0,null,0,0,0
1226,0,null,0,0,0
1227,0,null,0,0,0
1228,0,null,0,0,0
1229,0,null,0,0,0
1230,0,null,0,0,0
1231,0,null,0,0,0
1232,0,null,0,0,0
1233,0,null,0,0,0
1234,0,null,0,0,0
1235,0,null,0,0,0
1236,0,null,0,0,0
1237,0,null,0,0,0
1238,0,null,0,0,0
1239,0,null,0,0,0
1240,0,null,0,0,0
1241,0,null,0,0,0
1242,0,null,0,0,0
1243,0,null,0,0,0
1244,0,null,0,0,0
1245,0,null,0,0,0
1246,0,null,0,0,0
1247,0,null,0,0,0
1248,0,null,0,0,0
1249,0,null,0,0,0
1250,0,null,0,0,0
1251,0,null,0,0,0
1252,0,null,0,0,0
1254,0,null,0,0,0
1255,0,null,0,0,0
1256,0,null,0,0,0
1257,0,null,0,0,0
1258,13,pi+,1,0,0
1259,0,null,0,0,0
1260,0,null,0,0,0
1261,0,null,0,0,0
1262,0,null,0,0,0
1263,0,null,0,0,0
1264,0,null,0,0,0
1265,0,null,0,0,0
1266,0,null,0,0,0
1267,0,null,0,0,0
1268,0,null,0,0,0
1269,0,null,0,0,0
1270,0,null,0,0,0
1271,0,null,0,0,0
1272,0,null,0,0,0
1273,0,null,0,0,0
1274,0,null,0,0,0
1275,0,null,0,0,0
1276,0,null,0,0,0
1277,0,null,0,0,0
1278,0,null,0,0,0
1279,0,null,0,0,0
1280,0,null,0,0,0
1281,0,null,0,0,0
1282,0,null,0,0,0
1283,0,null,0,0,0
1284,0,null,0,0,0
1285,0,null,0,0,0
1286,0,null,0,0,0
1287,0,null,0,0,0
1288,0,null,0,0,0
1289,0,null,0,0,0
1290,0,null,0,0,0
1291,0,null,0,0,0
1292,0,null,0,0,0
1293,0,null,0,0,0
1294,0,null,0,0,0
1295,0,null,0,0,0
1296,0,null,0,0,0
1297,0,null,0,0,0
1298,0,null,0,0,0
1299,0,null,0,0,0
1300,0,null,0,0,0
1301,0,null,0,0,0
1302,0,null,0,0,0
1303,0,null,0,0,0
1304,0,null,0,0,0
1305,0,null,0,0,0
1306,0,null,0,0,0
1307,0,null,0,0,0
1308,0,null,0,0,0
1309,0,null,0,0,0
1310,0,null,0,0,0
1311,0,null,0,0,0
1312,0,null,0,0,0
1313,0,null,0,0,0
1314,0,null,0,0,0
1315,0,null,0,0,0
1316,0,null,0,0,0
1317,0,null,0,0,0
1318,0,null,0,0,0
1319,0,null,0,0,0
1320,0,null,0,0,0
1321,0,null,0,0,0
1322,0,null,0,0,0
1323,0,null,0,0,0
1324,0,null,0,0,0
1325,0,null,0,0,0
1326,0,null,0,0,0
1327,0,null,0,0,0
1328,0,null,0,0,0
1329,0,null,0,0,0
1330,0,null,0,0,0
1331,0,null,0,0,0
1332,0,null,0,0,0
1333,0,null,0,0,0
1334,0,null,0,0,0
1335,0,null,0,0,0
1336,0,null,0,0,0
1337,0,null,0,0,0
1338,0,null,0,0,0
1339,0,null,0,0,0
1340,0,null,0,0,0
1341,0,null,0,0,0
1342,1,primary_proton,1,1,1
1343,0,null,0,0,0
1344,0,null,0,0,0
1345,0,null,0,0,0
1346,0,null,0,0,0
1347,0,null,0,0,0
1348,0,null,0,0,0
1349,0,null,0,0,0
1350,0,null,0,0,0
1351,0,null,0,0,0
1352,0,null,0,0,0
1353,0,null,0,0,0
1354,0,null,0,0,0
1355,0,null,0,0,0
1356,0,null,0,0,0
1357,0,null,0,0,0
1358,1,primary_proton,1,1,1
1359,0,null,0,0,0
1360,0,null,0,0,0
1361,0,null,0,0,0
1362,0,null,0,0,0
1363,1,primary_proton,1,1,1
1364,716,e-,1,1,1
1365,0,null,0,0,0
1366,0,null,0,0,0
1367,0,null,0,0,0
1368,0,null,0,0,0
1369,0,null,0,0,0
1370,0,null,0,0,0
1371,0,null,0,0,0
1372,0,null,0,0,0
1373,0,null,0,0,0
1374,0,null,0,0,0
1375,0,null,0,0,0
1376,0,null,0,0,0
1377,0,null,0,0,0
1378,0,null,0,0,0
1379,0,null,0,0,0
1380,0,null,0,0,0
1381,0,null,0,0,0
1382,0,null,0,0,0
1383,0,null,0,0,0
1384,0,null,0,0,0
1385,0,null,0,0,0
1386,0,null,0,0,0
1387,0,null,0,0,0
1388,0,null,0,0,0
1389,0,null,0,0,0
1390,0,null,0,0,0
1391,0,null,0,0,0
1392,0,null,0,0,0
1393,0,null,0,0,0
1394,0,null,0,0,0
1395,0,null,0,0,0
1396,0,null,0,0,0
1397,0,null,0,0,0
1398,0,null,0,0,0
1399,0,null,0,0,0
1470,0,null,0,0,0
1471,0,null,0,0,0
1472,2,secondary_proton,1,1,0
1473,0,null,0,0,0
1474,0,null,0,0,0
1475,1,primary_proton,1,1,1
1476,0,null,0,0,0
1477,0,null,0,0,0
1478,0,null,0,0,0
1479,0,null,0,0,0
1480,0,null,0,0,0
1481,0,null,0,0,0
1482,0,null,0,0,0
1483,1,primary_proton,1,1,1
1484,0,null,0,0,0
1485,0,null,0,0,0
1486,0,null,0,0,0
1487,0,null,0,0,0
1488,0,null,0,0,0
1489,0,null,0,0,0
1490,0,null,0,0,0
1491,0,null,0,0,0
1492,0,null,0,0,0
1493,26,pi+,1,1,1
1494,0,null,0,0,0
1495,0,null,0,0,0
1496,0,null,0,0,0
1497,0,null,0,0,0
1498,0,null,0,0,0
1499,0,null,0,0,0
1500,587,pi+,1,1,1
1501,0,null,0,0,0
1502,0,null,0,0,0
1503,0,null,0,0,0
1504,0,null,0,0,0
1505,0,null,0,0,0
1506,0,null,0,0,0
1507,0,null,0,0,0
1508,0,null,0,0,0
1509,0,null,0,0,0
1510,0,null,0,0,0
1511,0,null,0,0,0
1512,0,null,0,0,0
1513,0,null,0,0,0
1514,0,null,0,0,0
1515,0,null,0,0,0
1516,0,null,0,0,0
1517,0,null,0,0,0
1518,0,null,0,0,0
1519,0,null,0,0,0
1520,0,null,0,0,0
1521,0,null,0,0,0
1522,0,null,0,0,0
1523,0,null,0,0,0
1524,0,null,0,0,0
1525,0,null,0,0,0
1526,0,null,0,0,0
1527,0,null,0,0,0
1528,0,null,0,0,0
1529,0,null,0,0,0
1530,0,null,0,0,0
1531,0,null,0,0,0
1532,1,primary_proton,1,1,1
1533,0,null,0,0,0
1534,0,null,0,0,0
1535,0,null,0,0,0
1536,0,null,0,0,0
1537,0,null,0,0,0
1538,0,null,0,0,0
1539,0,null,0,0,0
1610,0,null,0,0,0
1611,0,null,0,0,0
1612,0,null,0,0,0
1613,6,kaon+,1,1,1
1614,0,null,0,0,0
1615,0,null,0,0,0
1616,0,null,0,0,0
820,0,null,0,0,0
821,0,null,0,0,0
822,0,null,0,0,0
823,0,null,0,0,0
824,0,null,0,0,0
825,9,pi+,1,1,1
826,0,null,0,0,0
827,0,null,0,0,0
828,0,null,0,0,0
829,0,null,0,0,0
830,0,null,0,0,0
831,0,null,0,0,0
832,0,null,0,0,0
833,0,null,0,0,0
834,0,null,0,0,0
835,0,null,0,0,0
836,0,null,0,0,0
837,0,null,0,0,0
838,0,null,0,0,0
839,0,null,0,0,0
980,0,null,0,0,0
981,0,null,0,0,0
982,0,null,0,0,0
983,0,null,0,0,0
984,0,null,0,0,0
985,1,primary_proton,1,1,1
986,0,null,0,0,0
987,0,null,0,0,0
988,0,null,0,0,0
989,0,null,0,0,0
990,0,null,0,0,0
991,0,null,0,0,0
992,0,null,0,0,0
993,0,null,0,0,0
994,0,null,0,0,0
995,0,null,0,0,0
996,0,null,0,0,0
997,0,null,0,0,0
998,0,null,0,0,0
999,0,null,0,0,0
1000,0,null,0,0,0
1001,0,null,0,0,0
1002,1,primary_proton,1,1,1
1003,4,secondary_proton,1,1,1
1004,0,null,0,0,0
1005,0,null,0,0,0
1006,0,null,0,0,0
1007,413,e-,1,1,1
1008,0,null,0,0,0
1009,0,null,0,0,0
1010,0,null,0,0,0
1011,0,null,0,0,0
1012,0,null,0,0,0
1013,0,null,0,0,0
1014,0,null,0,0,0
1015,0,null,0,0,0
1016,0,null,0,0,0
1017,0,null,0,0,0
1018,0,null,0,0,0
1019,1,primary_proton,1,1,1
1020,0,null,0,0,0
1021,0,null,0,0,0
1022,0,null,0,0,0
1023,1,primary_proton,1,1,1
1024,0,null,0,0,0
1025,0,null,0,0,0
1026,0,null,0,0,0
1027,0,null,0,0,0
1028,0,null,0,0,0
1029,0,null,0,0,0
1030,0,null,0,0,0
1031,0,null,0,0,0
1032,0,null,0,0,0
1033,1,primary_proton,1,1,1
1034,0,null,0,0,0
1035,0,null,0,0,0
1036,0,null,0,0,0
1037,0,null,0,0,0
1038,9,secondary_proton,1,0,0
1039,0,null,0,0,0
1040,7,secondary_proton,1,1,1
1041,0,null,0,0,0
1042,0,null,0,0,0
1043,0,null,0,0,0
1044,0,null,0,0,0
1045,0,null,0,0,0
1046,0,null,0,0,0
1047,10,secondary_proton,1,1,0
1048,0,null,0,0,0
1049,0,null,0,0,0
1400,0,null,0,0,0
1401,0,null,0,0,0
1402,0,null,0,0,0
1403,1,primary_proton,1,1,1
1404,0,null,0,0,0
1405,0,null,0,0,0
1406,0,null,0,0,0
1407,0,null,0,0,0
1408,0,null,0,0,0
1409,0,null,0,0,0
1410,7,pi+,1,1,1
1411,0,null,0,0,0
1412,0,null,0,0,0
1413,0,null,0,0,0
1414,0,null,0,0,0
1415,0,null,0,0,0
1416,0,null,0,0,0
1417,0,null,0,0,0
1418,0,null,0,0,0
1419,0,null,0,0,0
1420,0,null,0,0,0
1421,0,null,0,0,0
1422,0,null,0,0,0
1423,0,null,0,0,0
1424,0,null,0,0,0
1425,0,null,0,0,0
1426,0,null,0,0,0
1427,5,pi+,1,1,1
1428,0,null,0,0,0
1429,0,null,0,0,0
1430,0,null,0,0,0
1431,0,null,0,0,0
1432,0,null,0,0,0
1433,0,null,0,0,0
1434,0,null,0,0,0
1435,0,null,0,0,0
1436,0,null,0,0,0
1437,0,null,0,0,0
1438,0,null,0,0,0
1439,0,null,0,0,0
1440,0,null,0,0,0
1441,0,null,0,0,0
1442,0,null,0,0,0
1443,0,null,0,0,0
1444,0,null,0,0,0
1445,0,null,0,0,0
1446,0,null,0,0,0
1447,0,null,0,0,0
1448,0,null,0,0,0
1449,0,null,0,0,0
1450,0,null,0,0,0
1451,0,null,0,0,0
1452,0,null,0,0,0
1453,0,null,0,0,0
1454,0,null,0,0,0
1455,0,null,0,0,0
1456,0,null,0,0,0
1457,0,null,0,0,0
1458,0,null,0,0,0
1459,3,pi-,1,1,1
1460,0,null,0,0,0
1461,0,null,0,0,0
1462,0,null,0,0,0
1463,1,primary_proton,1,1,1
1464,0,null,0,0,0
1465,432,pi+,1,1,0
1466,0,null,0,0,0
1467,0,null,0,0,0
1468,0,null,0,0,0
1469,0,null,0,0,0
1540,0,null,0,0,0
1541,0,null,0,0,0
1542,0,null,0,0,0
1543,0,null,0,0,0
1544,0,null,0,0,0
1545,0,null,0,0,0
1546,0,null,0,0,0
1547,0,null,0,0,0
1548,0,null,0,0,0
1549,0,null,0,0,0
1550,0,null,0,0,0
1551,0,null,0,0,0
1552,0,null,0,0,0
1553,0,null,0,0,0
1554,0,null,0,0,0
1555,0,null,0,0,0
1556,0,null,0,0,0
1557,0,null,0,0,0
1558,0,null,0,0,0
1559,0,null,0,0,0
1560,0,null,0,0,0
1561,0,null,0,0,0
1562,0,null,0,0,0
1563,0,null,0,0,0
1564,0,null,0,0,0
1565,0,null,0,0,0
1566,0,null,0,0,0
1567,0,null,0,0,0
1568,13,pi-,1,1,1
1569,0,null,0,0,0
1570,0,null,0,0,0
1571,0,null,0,0,0
1572,1,primary_proton,1,1,1
1573,1,primary_proton,1,1,1
1574,5,pi+,1,1,1
1575,0,null,0,0,0
1576,0,null,0,0,0
1577,0,null,0,0,0
1578,0,null,0,0,0
1579,0,null,0,0,0
1580,0,null,0,0,0
1581,0,null,0,0,0
1582,0,null,0,0,0
1583,0,null,0,0,0
1584,1,primary_proton,1,1,1
1585,0,null,0,0,0
1586,0,null,0,0,0
1587,0,null,0,0,0
1588,0,null,0,0,0
1589,0,null,0,0,0
1590,0,null,0,0,0
1591,4,secondary_proton,1,0,0
1592,0,null,0,0,0
1593,0,null,0,0,0
1594,0,null,0,0,0
1595,0,null,0,0,0
1596,0,null,0,0,0
1597,1,primary_proton,1,1,1
1598,0,null,0,0,0
1618,0,null,0,0,0
1619,0,null,0,0,0
1620,0,null,0,0,0
1621,0,null,0,0,0
1622,0,null,0,0,0
1623,0,null,0,0,0
1624,0,null,0,0,0
1625,0,null,0,0,0
1626,0,null,0,0,0
1627,0,null,0,0,0
1628,0,null,0,0,0
1629,0,null,0,0,0
1630,0,null,0,0,0
1631,0,null,0,0,0
1632,0,null,0,0,0
1633,5,pi+,1,1,1
1634,6,secondary_proton,1,1,1
1635,0,null,0,0,0
1636,0,null,0,0,0
1637,0,null,0,0,0
1638,0,null,0,0,0
1639,0,null,0,0,0
1640,0,null,0,0,0
1641,0,null,0,0,0
1642,0,null,0,0,0
1643,0,null,0,0,0
1644,0,null,0,0,0
1645,0,null,0,0,0
1646,0,null,0,0,0
1647,1,primary_proton,1,1,1
1648,0,null,0,0,0
1649,0,null,0,0,0
1650,0,null,0,0,0
1651,0,null,0,0,0
1652,0,null,0,0,0
1653,1,primary_proton,1,1,1
1654,0,null,0,0,0
1655,0,null,0,0,0
1656,0,null,0,0,0
1657,0,null,0,0,0
1658,0,null,0,0,0
1659,0,null,0,0,0
1660,0,null,0,0,0
1661,0,null,0,0,0
1662,0,null,0,0,0
1663,0,null,0,0,0
1664,0,null,0,0,0
1665,0,null,0,0,0
1666,0,null,0,0,0
1667,0,null,0,0,0
1668,0,null,0,0,0
1669,0,null,0,0,0
1670,0,null,0,0,0
1671,0,null,0,0,0
1672,0,null,0,0,0
1673,1,primary_proton,1,1,1
1674,0,null,0,0,0
1675,0,null,0,0,0
1676,0,null,0,0,0
1677,0,null,0,0,0
1678,0,null,0,0,0
1679,0,null,0,0,0
1750,0,null,0,0,0
1751,0,null,0,0,0
1752,0,null,0,0,0
1753,0,null,0,0,0
1754,0,null,0,0,0
1755,0,null,0,0,0
1756,0,null,0,0,0
1757,0,null,0,0,0
1758,11,secondary_proton,1,0,0
1759,0,null,0,0,0
1760,0,null,0,0,0
1761,0,null,0,0,0
1762,0,null,0,0,0
1763,0,null,0,0,0
1764,0,null,0,0,0
1765,0,null,0,0,0
1766,0,null,0,0,0
1767,0,null,0,0,0
1768,1,primary_proton,1,1,1
1769,0,null,0,0,0
1770,0,null,0,0,0
1771,0,null,0,0,0
1772,557,pi+,1,1,1
1773,0,null,0,0,0
1774,0,null,0,0,0
1775,0,null,0,0,0
1776,0,null,0,0,0
1777,0,null,0,0,0
1778,0,null,0,0,0
1779,0,null,0,0,0
1780,0,null,0,0,0
1781,0,null,0,0,0
1782,0,null,0,0,0
1783,0,null,0,0,0
1784,0,null,0,0,0
1785,0,null,0,0,0
1786,0,null,0,0,0
1787,0,null,0,0,0
1788,0,null,0,0,0
1789,10,secondary_proton,1,1,1
1790,0,null,0,0,0
1791,0,null,0,0,0
1792,0,null,0,0,0
1793,0,null,0,0,0
1794,0,null,0,0,0
1795,0,null,0,0,0
1796,0,null,0,0,0
1797,0,null,0,0,0
1798,0,null,0,0,0
1799,0,null,0,0,0
1800,0,null,0,0,0
1801,0,null,0,0,0
1802,0,null,0,0,0
1803,0,null,0,0,0
1804,0,null,0,0,0
1805,0,null,0,0,0
1806,0,null,0,0,0
1807,0,null,0,0,0
1808,0,null,0,0,0
1809,0,null,0,0,0
1810,0,null,0,0,0
1811,0,null,0,0,0
1812,0,null,0,0,0
1813,0,null,0,0,0
1814,0,null,0,0,0
1815,0,null,0,0,0
1816,0,null,0,0,0
1817,0,null,0,0,0
1818,0,null,0,0,0
1819,0,null,0,0,0
1820,0,null,0,0,0
1821,0,null,0,0,0
1822,0,null,0,0,0
1823,0,null,0,0,0
1824,0,null,0,0,0
1825,0,null,0,0,0
1826,0,null,0,0,0
1827,0,null,0,0,0
1828,0,null,0,0,0
1829,0,null,0,0,0
1830,0,null,0,0,0
1831,0,null,0,0,0
1832,0,null,0,0,0
1833,0,null,0,0,0
1834,0,null,0,0,0
1835,0,null,0,0,0
1836,0,null,0,0,0
1837,0,null,0,0,0
1838,0,null,0,0,0
1839,0,null,0,0,0
1840,0,null,0,0,0
1841,0,null,0,0,0
1842,0,null,0,0,0
1843,0,null,0,0,0
1844,0,null,0,0,0
1845,0,null,0,0,0
1846,0,null,0,0,0
1847,0,null,0,0,0
1848,0,null,0,0,0
1849,0,null,0,0,0
1850,0,null,0,0,0
1851,0,null,0,0,0
1852,0,null,0,0,0
1853,17,pi-,1,1,1
1854,0,null,0,0,0
1855,0,null,0,0,0
1856,0,null,0,0,0
1857,0,null,0,0,0
1858,4142,secondary_proton,1,1,1
1859,0,null,0,0,0
1860,0,null,0,0,0
1861,0,null,0,0,0
1862,0,null,0,0,0
1863,0,null,0,0,0
1864,0,null,0,0,0
1865,0,null,0,0,0
1866,0,null,0,0,0
1867,0,null,0,0,0
1868,0,null,0,0,0
1869,0,null,0,0,0
1870,0,null,0,0,0
1871,0,null,0,0,0
1872,0,null,0,0,0
1873,0,null,0,0,0
1874,0,null,0,0,0
1875,0,null,0,0,0
1876,0,null,0,0,0
1877,0,null,0,0,0
1878,0,null,0,0,0
1879,0,null,0,0,0
1880,0,null,0,0,0
1881,0,null,0,0,0
1882,9,secondary_proton,1,1,1
1883,0,null,0,0,0
1884,0,null,0,0,0
1885,0,null,0,0,0
1886,0,null,0,0,0
1887,0,null,0,0,0
1888,0,null,0,0,0
1889,0,null,0,0,0
1890,0,null,0,0,0
1891,0,null,0,0,0
1892,0,null,0,0,0
1893,0,null,0,0,0
1894,0,null,0,0,0
1895,0,null,0,0,0
1896,0,null,0,0,0
1897,0,null,0,0,0
1898,0,null,0,0,0
1899,0,null,0,0,0
1900,0,null,0,0,0
1901,0,null,0,0,0
1902,0,null,0,0,0
1903,0,null,0,0,0
1904,0,null,0,0,0
1905,0,null,0,0,0
1906,0,null,0,0,0
1907,0,null,0,0,0
1909,0,null,0,0,0
1910,0,null,0,0,0
1911,0,null,0,0,0
1912,0,null,0,0,0
1913,0,null,0,0,0
1914,0,null,0,0,0
1915,0,null,0,0,0
1916,0,null,0,0,0
1917,0,null,0,0,0
1918,0,null,0,0,0
1919,0,null,0,0,0
1920,0,null,0,0,0
1921,0,null,0,0,0
1922,0,null,0,0,0
1923,0,null,0,0,0
1924,0,null,0,0,0
1925,0,null,0,0,0
1926,0,null,0,0,0
1927,0,null,0,0,0
1928,0,null,0,0,0
1929,0,null,0,0,0
1930,0,null,0,0,0
1931,0,null,0,0,0
1932,0,null,0,0,0
1933,0,null,0,0,0
1934,0,null,0,0,0
1935,0,null,0,0,0
1936,0,null,0,0,0
1937,0,null,0,0,0
1938,0,null,0,0,0
1939,0,null,0,0,0
1940,0,null,0,0,0
1941,0,null,0,0,0
1942,0,null,0,0,0
1943,0,null,0,0,0
1944,0,null,0,0,0
1945,0,null,0,0,0
1946,0,null,0,0,0
1947,0,null,0,0,0
1948,0,null,0,0,0
1949,0,null,0,0,0
1950,0,null,0,0,0
1951,0,null,0,0,0
1952,0,null,0,0,0
1953,0,null,0,0,0
1954,0,null,0,0,0
1955,0,null,0,0,0
1956,0,null,0,0,0
1957,0,null,0,0,0
1958,0,null,0,0,0
1959,0,null,0,0,0
1960,0,null,0,0,0
1961,0,null,0,0,0
1962,1,primary_proton,1,1,1
1963,0,null,0,0,0
1964,0,null,0,0,0
1965,0,null,0,0,0
1966,0,null,0,0,0
1967,0,null,0,0,0
1968,0,null,0,0,0
1969,0,null,0,0,0
1970,1,primary_proton,1,1,1
1971,0,null,0,0,0
1972,0,null,0,0,0
1973,1,primary_proton,1,1,1
1974,0,null,0,0,0
1975,15,secondary_proton,1,0,0
1976,0,null,0,0,0
1977,0,null,0,0,0
1978,0,null,0,0,0
1979,0,null,0,0,0
1980,0,null,0,0,0
1981,0,null,0,0,0
1982,0,null,0,0,0
1983,0,null,0,0,0
1984,0,null,0,0,0
1985,1,primary_proton,1,1,1
1986,0,null,0,0,0
1987,0,null,0,0,0
1988,0,null,0,0,0
1989,0,null,0,0,0
1990,0,null,0,0,0
1991,0,null,0,0,0
1992,0,null,0,0,0
1993,0,null,0,0,0
1994,0,null,0,0,0
1995,0,null,0,0,0
1996,0,null,0,0,0
1997,0,null,0,0,0
1998,7,pi-,1,1,1
1999,0,null,0,0,0
2000,0,null,0,0,0
2001,0,null,0,0,0
2002,0,null,0,0,0
2003,0,null,0,0,0
2004,0,null,0,0,0
2005,0,null,0,0,0
2006,0,null,0,0,0
2007,0,null,0,0,0
2008,0,null,0,0,0
2009,0,null,0,0,0
2010,0,null,0,0,0
2011,1,primary_proton,1,1,1
2012,0,null,0,0,0
2013,0,null,0,0,0
2014,0,null,0,0,0
2015,0,null,0,0,0
2016,0,null,0,0,0
2017,4,secondary_proton,1,1,1
2018,0,null,0,0,0
2019,0,null,0,0,0
2020,0,null,0,0,0
2021,0,null,0,0,0
2022,0,null,0,0,0
2023,0,null,0,0,0
2024,0,null,0,0,0
2025,0,null,0,0,0
2026,0,null,0,0,0
2027,0,null,0,0,0
2028,4,secondary_proton,1,1,1
2029,0,null,0,0,0
2170,0,null,0,0,0
2171,0,null,0,0,0
2172,0,null,0,0,0
2173,0,null,0,0,0
2174,0,null,0,0,0
2175,0,null,0,0,0
2176,0,null,0,0,0
2177,0,null,0,0,0
2178,0,null,0,0,0
2179,0,null,0,0,0
2180,0,null,0,0,0
2181,0,null,0,0,0
2182,0,null,0,0,0
2183,0,null,0,0,0
2184,0,null,0,0,0
2185,0,null,0,0,0
2186,0,null,0,0,0
2187,0,null,0,0,0
2188,0,null,0,0,0
2189,0,null,0,0,0
2190,1,primary_proton,1,1,1
2191,0,null,0,0,0
2192,0,null,0,0,0
2193,0,null,0,0,0
2194,0,null,0,0,0
2195,0,null,0,0,0
2196,0,null,0,0,0
2197,0,null,0,0,0
2198,0,null,0,0,0
2199,0,null,0,0,0
2200,0,null,0,0,0
2201,0,null,0,0,0
2202,0,null,0,0,0
2203,0,null,0,0,0
2204,0,null,0,0,0
2205,0,null,0,0,0
2206,0,null,0,0,0
2207,0,null,0,0,0
2208,0,null,0,0,0
2209,0,null,0,0,0
2210,0,null,0,0,0
2211,0,null,0,0,0
2212,0,null,0,0,0
2213,0,null,0,0,0
2214,0,null,0,0,0
2215,0,null,0,0,0
2216,0,null,0,0,0
2217,0,null,0,0,0
2218,0,null,0,0,0
2219,0,null,0,0,0
2220,0,null,0,0,0
2221,0,null,0,0,0
2222,0,null,0,0,0
2223,5,secondary_proton,1,1,1
2224,0,null,0,0,0
2225,0,null,0,0,0
2226,0,null,0,0,0
2227,0,null,0,0,0
2228,0,null,0,0,0
2229,0,null,0,0,0
2230,0,null,0,0,0
2231,0,null,0,0,0
2232,0,null,0,0,0
2233,0,null,0,0,0
2234,0,null,0,0,0
2235,0,null,0,0,0
2236,0,null,0,0,0
2237,0,null,0,0,0
2238,0,null,0,0,0
2239,0,null,0,0,0
2240,0,null,0,0,0
2241,0,null,0,0,0
2242,0,null,0,0,0
2243,0,null,0,0,0
2244,0,null,0,0,0
2245,0,null,0,0,0
2246,0,null,0,0,0
2247,0,null,0,0,0
2248,0,null,0,0,0
2249,0,null,0,0,0
2250,0,null,0,0,0
2251,0,null,0,0,0
2252,0,null,0,0,0
2253,0,null,0,0,0
2254,1,primary_proton,1,1,1
2255,0,null,0,0,0
2256,0,null,0,0,0
2257,0,null,0,0,0
2258,0,null,0,0,0
2259,0,null,0,0,0
2260,0,null,0,0,0
2261,14,secondary_proton,1,1,1
2262,0,null,0,0,0
2263,0,null,0,0,0
2264,1,primary_proton,1,1,1
2265,0,null,0,0,0
2266,0,null,0,0,0
2267,0,null,0,0,0
1600,0,null,0,0,0
1601,3,secondary_proton,1,1,1
1602,0,null,0,0,0
1603,159,secondary_proton,1,1,1
1604,0,null,0,0,0
1605,0,null,0,0,0
1606,0,null,0,0,0
1607,0,null,0,0,0
1608,0,null,0,0,0
1609,16,kaon-,1,1,1
1680,0,null,0,0,0
1681,0,null,0,0,0
1682,0,null,0,0,0
1683,0,null,0,0,0
1684,0,null,0,0,0
1685,0,null,0,0,0
1686,0,null,0,0,0
1687,0,null,0,0,0
1688,0,null,0,0,0
1689,7,pi-,1,1,1
1690,0,null,0,0,0
1691,0,null,0,0,0
1692,0,null,0,0,0
1693,0,null,0,0,0
1694,0,null,0,0,0
1695,0,null,0,0,0
1696,0,null,0,0,0
1697,0,null,0,0,0
1698,0,null,0,0,0
1699,0,null,0,0,0
1700,0,null,0,0,0
1701,0,null,0,0,0
1702,0,null,0,0,0
1703,0,null,0,0,0
1704,0,null,0,0,0
1705,0,null,0,0,0
1706,0,null,0,0,0
1707,0,null,0,0,0
1708,0,null,0,0,0
1709,0,null,0,0,0
1710,0,null,0,0,0
1711,0,null,0,0,0
1712,0,null,0,0,0
1713,0,null,0,0,0
1714,0,null,0,0,0
1715,0,null,0,0,0
1716,0,null,0,0,0
1717,0,null,0,0,0
1718,0,null,0,0,0
1719,0,null,0,0,0
1720,0,null,0,0,0
1721,0,null,0,0,0
1722,0,null,0,0,0
1723,0,null,0,0,0
1724,0,null,0,0,0
1725,11,pi+,1,1,1
1726,0,null,0,0,0
1727,0,null,0,0,0
1728,0,null,0,0,0
1729,0,null,0,0,0
1730,0,null,0,0,0
1731,0,null,0,0,0
1732,0,null,0,0,0
1733,0,null,0,0,0
1734,21,pi-,1,0,0
1735,1,primary_proton,1,1,1
1736,4,pi+,1,1,1
1737,0,null,0,0,0
1738,0,null,0,0,0
1739,0,null,0,0,0
1740,7,secondary_proton,1,1,1
1741,0,null,0,0,0
1742,0,null,0,0,0
1743,0,null,0,0,0
1744,0,null,0,0,0
1745,0,null,0,0,0
1746,0,null,0,0,0
1747,4,secondary_proton,1,1,1
1748,0,null,0,0,0
1749,0,null,0,0,0
2030,0,null,0,0,0
2031,0,null,0,0,0
2032,0,null,0,0,0
2033,0,null,0,0,0
2034,0,null,0,0,0
2035,0,null,0,0,0
2036,0,null,0,0,0
2037,0,null,0,0,0
2038,0,null,0,0,0
2039,0,null,0,0,0
2040,0,null,0,0,0
2041,0,null,0,0,0
2042,0,null,0,0,0
2043,0,null,0,0,0
2044,0,null,0,0,0
2045,0,null,0,0,0
2046,0,null,0,0,0
2047,0,null,0,0,0
2048,0,null,0,0,0
2049,0,null,0,0,0
2050,0,null,0,0,0
2051,0,null,0,0,0
2052,0,null,0,0,0
2053,0,null,0,0,0
2054,0,null,0,0,0
2055,0,null,0,0,0
2056,0,null,0,0,0
2057,0,null,0,0,0
2058,0,null,0,0,0
2059,0,null,0,0,0
2060,0,null,0,0,0
2061,1,primary_proton,1,1,1
2062,0,null,0,0,0
2063,0,null,0,0,0
2064,0,null,0,0,0
2065,0,null,0,0,0
2066,0,null,0,0,0
2067,0,null,0,0,0
2068,0,null,0,0,0
2069,0,null,0,0,0
2070,0,null,0,0,0
2071,0,null,0,0,0
2072,0,null,0,0,0
2073,0,null,0,0,0
2074,0,null,0,0,0
2075,0,null,0,0,0
2076,0,null,0,0,0
2077,0,null,0,0,0
2078,0,null,0,0,0
2079,0,null,0,0,0
2080,0,null,0,0,0
2081,0,null,0,0,0
2082,0,null,0,0,0
2083,0,null,0,0,0
2084,0,null,0,0,0
2085,0,null,0,0,0
2086,0,null,0,0,0
2087,0,null,0,0,0
2088,0,null,0,0,0
2089,0,null,0,0,0
2090,0,null,0,0,0
2091,0,null,0,0,0
2092,0,null,0,0,0
2093,0,null,0,0,0
2094,0,null,0,0,0
2095,0,null,0,0,0
2096,0,null,0,0,0
2097,0,null,0,0,0
2098,0,null,0,0,0
2099,0,null,0,0,0
2100,0,null,0,0,0
2101,0,null,0,0,0
2102,0,null,0,0,0
2103,0,null,0,0,0
2104,0,null,0,0,0
2105,0,null,0,0,0
2106,0,null,0,0,0
2107,0,null,0,0,0
2108,0,null,0,0,0
2109,17,pi+,1,1,1
2110,0,null,0,0,0
2111,0,null,0,0,0
2112,1136,pi+,1,0,0
2113,0,null,0,0,0
2114,0,null,0,0,0
2115,816,secondary_proton,1,1,1
2116,0,null,0,0,0
2117,0,null,0,0,0
2118,0,null,0,0,0
2119,926,e-,1,1,1
2120,0,null,0,0,0
2121,27,pi-,1,1,1
2122,0,null,0,0,0
2123,0,null,0,0,0
2124,0,null,0,0,0
2125,0,null,0,0,0
2126,0,null,0,0,0
2127,0,null,0,0,0
2128,0,null,0,0,0
2129,0,null,0,0,0
2130,0,null,0,0,0
2131,0,null,0,0,0
2132,0,null,0,0,0
2133,18,secondary_proton,1,1,1
2134,0,null,0,0,0
2135,0,null,0,0,0
2136,0,null,0,0,0
2137,0,null,0,0,0
2138,3,pi+,1,1,1
2139,0,null,0,0,0
2140,0,null,0,0,0
2141,0,null,0,0,0
2142,0,null,0,0,0
2143,0,null,0,0,0
2144,0,null,0,0,0
2145,0,null,0,0,0
2146,0,null,0,0,0
2147,0,null,0,0,0
2148,0,null,0,0,0
2149,0,null,0,0,0
2150,20,pi+,1,1,0
2151,0,null,0,0,0
2152,0,null,0,0,0
2153,0,null,0,0,0
2154,0,null,0,0,0
2155,0,null,0,0,0
2156,0,null,0,0,0
2157,0,null,0,0,0
2158,1,primary_proton,1,1,1
2159,0,null,0,0,0
2160,0,null,0,0,0
2161,0,null,0,0,0
2162,0,null,0,0,0
2163,0,null,0,0,0
2164,0,null,0,0,0
2165,0,null,0,0,0
2166,0,null,0,0,0
2167,0,null,0,0,0
2168,0,null,0,0,0
2169,5,secondary_proton,1,1,1
2269,0,null,0,0,0
2270,0,null,0,0,0
2271,0,null,0,0,0
2272,0,null,0,0,0
2273,0,null,0,0,0
2274,0,null,0,0,0
2275,0,null,0,0,0
2276,0,null,0,0,0
2277,0,null,0,0,0
2278,1,primary_proton,1,1,1
2279,0,null,0,0,0
2280,0,null,0,0,0
2281,0,null,0,0,0
2282,0,null,0,0,0
2283,0,null,0,0,0
2284,0,null,0,0,0
2285,0,null,0,0,0
2286,1,primary_proton,1,1,1
2287,0,null,0,0,0
2288,0,null,0,0,0
2289,0,null,0,0,0
2290,0,null,0,0,0
2291,0,null,0,0,0
2292,0,null,0,0,0
2293,0,null,0,0,0
2294,0,null,0,0,0
2295,0,null,0,0,0
2296,0,null,0,0,0
2297,0,null,0,0,0
2298,0,null,0,0,0
2299,0,null,0,0,0
2300,0,null,0,0,0
2301,0,null,0,0,0
2302,0,null,0,0,0
2303,0,null,0,0,0
2304,0,null,0,0,0
2305,0,null,0,0,0
2306,0,null,0,0,0
2307,0,null,0,0,0
2308,0,null,0,0,0
2309,0,null,0,0,0
2310,0,null,0,0,0
2311,0,null,0,0,0
2312,0,null,0,0,0
2313,1,primary_proton,1,0,0
2314,0,null,0,0,0
2315,0,null,0,0,0
2316,0,null,0,0,0
2317,0,null,0,0,0
2318,0,null,0,0,0
2319,0,null,0,0,0
2320,0,null,0,0,0
2321,0,null,0,0,0
2322,0,null,0,0,0
2323,0,null,0,0,0
2324,0,null,0,0,0
2325,0,null,0,0,0
2326,0,null,0,0,0
2327,0,null,0,0,0
2328,0,null,0,0,0
2329,0,null,0,0,0
2330,0,null,0,0,0
2331,0,null,0,0,0
2332,0,null,0,0,0
2333,0,null,0,0,0
2334,0,null,0,0,0
2335,0,null,0,0,0
2336,0,null,0,0,0
2337,0,null,0,0,0
2338,0,null,0,0,0
2339,0,null,0,0,0
2340,12,pi-,1,1,1
2341,0,null,0,0,0
2342,0,null,0,0,0
2343,0,null,0,0,0
2344,0,null,0,0,0
2345,1,primary_proton,1,1,1
2346,0,null,0,0,0
2347,0,null,0,0,0
2348,0,null,0,0,0
2349,0,null,0,0,0
2350,0,null,0,0,0
2351,0,null,0,0,0
2352,0,null,0,0,0
2353,0,null,0,0,0
2354,0,null,0,0,0
2355,0,null,0,0,0
2356,1,primary_proton,1,1,1
2357,0,null,0,0,0
2358,0,null,0,0,0
2359,0,null,0,0,0
2360,0,null,0,0,0
2361,0,null,0,0,0
2362,0,null,0,0,0
2363,0,null,0,0,0
2364,0,null,0,0,0
2365,1,primary_proton,1,1,1
2366,0,null,0,0,0
2367,0,null,0,0,0
2368,0,null,0,0,0
2369,0,null,0,0,0
2370,0,null,0,0,0
2371,0,null,0,0,0
2372,0,null,0,0,0
2373,0,null,0,0,0
2374,0,null,0,0,0
2375,0,null,0,0,0
2376,0,null,0,0,0
2377,0,null,0,0,0
2378,0,null,0,0,0
2379,0,null,0,0,0
2450,0,null,0,0,0
2451,0,null,0,0,0
2452,0,null,0,0,0
2453,0,null,0,0,0
2454,0,null,0,0,0
2455,0,null,0,0,0
2456,0,null,0,0,0
2457,1,primary_proton,1,1,1
2458,0,null,0,0,0
2459,0,null,0,0,0
2460,0,null,0,0,0
2461,0,null,0,0,0
2462,0,null,0,0,0
2463,0,null,0,0,0
2464,0,null,0,0,0
2465,1,primary_proton,1,1,1
2466,0,null,0,0,0
2467,0,null,0,0,0
2468,0,null,0,0,0
2469,0,null,0,0,0
2470,0,null,0,0,0
2471,0,null,0,0,0
2472,0,null,0,0,0
2473,0,null,0,0,0
2474,1,primary_proton,1,1,1
2475,0,null,0,0,0
2476,0,null,0,0,0
2477,0,null,0,0,0
2478,0,null,0,0,0
2479,0,null,0,0,0
2480,0,null,0,0,0
2481,0,null,0,0,0
2482,0,null,0,0,0
2483,0,null,0,0,0
2484,0,null,0,0,0
2485,0,null,0,0,0
2486,0,null,0,0,0
2487,0,null,0,0,0
2488,0,null,0,0,0
2489,0,null,0,0,0
2490,0,null,0,0,0
2491,0,null,0,0,0
2492,0,null,0,0,0
2493,0,null,0,0,0
2494,0,null,0,0,0
2495,0,null,0,0,0
2496,0,null,0,0,0
2497,0,null,0,0,0
2498,0,null,0,0,0
2499,0,null,0,0,0
2500,0,null,0,0,0
2501,0,null,0,0,0
2502,0,null,0,0,0
2503,0,null,0,0,0
2504,0,null,0,0,0
2505,0,null,0,0,0
2506,0,null,0,0,0
2507,0,null,0,0,0
2508,0,null,0,0,0
2509,7,secondary_proton,1,1,0
2510,0,null,0,0,0
2511,0,null,0,0,0
2512,0,null,0,0,0
2513,0,null,0,0,0
2514,0,null,0,0,0
2515,0,null,0,0,0
2516,0,null,0,0,0
2517,0,null,0,0,0
2518,0,null,0,0,0
2519,0,null,0,0,0
2520,0,null,0,0,0
2521,0,null,0,0,0
2522,0,null,0,0,0
2523,0,null,0,0,0
2524,0,null,0,0,0
2525,0,null,0,0,0
2526,0,null,0,0,0
2527,0,null,0,0,0
2528,0,null,0,0,0
2529,0,null,0,0,0
2530,0,null,0,0,0
2531,0,null,0,0,0
2532,0,null,0,0,0
2533,0,null,0,0,0
2534,0,null,0,0,0
2535,0,null,0,0,0
2536,0,null,0,0,0
2537,0,null,0,0,0
2538,0,null,0,0,0
2539,0,null,0,0,0
2540,0,null,0,0,0
2541,0,null,0,0,0
2542,0,null,0,0,0
2543,0,null,0,0,0
2544,0,null,0,0,0
2545,0,null,0,0,0
2546,0,null,0,0,0
2547,0,null,0,0,0
2548,0,null,0,0,0
2549,0,null,0,0,0
2550,0,null,0,0,0
2551,0,null,0,0,0
2552,0,null,0,0,0
2553,0,null,0,0,0
2554,0,null,0,0,0
2555,0,null,0,0,0
2556,0,null,0,0,0
2557,0,null,0,0,0
2558,0,null,0,0,0
2559,0,null,0,0,0
2381,0,null,0,0,0
2382,0,null,0,0,0
2383,0,null,0,0,0
2384,16,pi+,1,1,0
2385,0,null,0,0,0
2386,0,null,0,0,0
2387,0,null,0,0,0
2388,0,null,0,0,0
2389,0,null,0,0,0
2390,0,null,0,0,0
2391,0,null,0,0,0
2392,0,null,0,0,0
2393,0,null,0,0,0
2394,0,null,0,0,0
2395,0,null,0,0,0
2396,0,null,0,0,0
2397,0,null,0,0,0
2398,0,null,0,0,0
2399,0,null,0,0,0
2400,10,secondary_proton,1,1,1
2401,0,null,0,0,0
2402,0,null,0,0,0
2403,0,null,0,0,0
2404,0,null,0,0,0
2405,0,null,0,0,0
2406,0,null,0,0,0
2407,0,null,0,0,0
2408,0,null,0,0,0
2409,0,null,0,0,0
2410,0,null,0,0,0
2411,0,null,0,0,0
2412,0,null,0,0,0
2413,0,null,0,0,0
2414,10,pi+,1,1,1
2415,0,null,0,0,0
2416,0,null,0,0,0
2417,0,null,0,0,0
2418,0,null,0,0,0
2419,0,null,0,0,0
2420,0,null,0,0,0
2421,0,null,0,0,0
2422,0,null,0,0,0
2423,0,null,0,0,0
2424,0,null,0,0,0
2425,0,null,0,0,0
2426,0,null,0,0,0
2427,0,null,0,0,0
2428,0,null,0,0,0
2429,0,null,0,0,0
2430,0,null,0,0,0
2431,0,null,0,0,0
2432,1,primary_proton,1,1,1
2433,3,pi+,1,0,0
2434,0,null,0,0,0
2435,0,null,0,0,0
2436,0,null,0,0,0
2437,0,null,0,0,0
2438,0,null,0,0,0
2439,0,null,0,0,0
2440,0,null,0,0,0
2441,0,null,0,0,0
2442,0,null,0,0,0
2443,0,null,0,0,0
2444,0,null,0,0,0
2445,0,null,0,0,0
2446,0,null,0,0,0
2447,0,null,0,0,0
2448,0,null,0,0,0
2449,0,null,0,0,0
2590,0,null,0,0,0
2591,0,null,0,0,0
2592,0,null,0,0,0
2593,0,null,0,0,0
2594,0,null,0,0,0
2595,0,null,0,0,0
2596,0,null,0,0,0
2597,0,null,0,0,0
2598,14,pi+,1,1,1
2599,0,null,0,0,0
2600,0,null,0,0,0
2601,0,null,0,0,0
2602,0,null,0,0,0
2603,0,null,0,0,0
2604,1,primary_proton,1,1,1
2605,0,null,0,0,0
2606,0,null,0,0,0
2607,0,null,0,0,0
2608,9,pi-,1,1,1
2609,0,null,0,0,0
2610,0,null,0,0,0
2611,15,pi-,1,0,1
2612,0,null,0,0,0
2613,1390,pi-,1,0,0
2614,0,null,0,0,0
2615,0,null,0,0,0
2616,0,null,0,0,0
2617,0,null,0,0,0
2618,0,null,0,0,0
2619,0,null,0,0,0
2620,0,null,0,0,0
2621,0,null,0,0,0
2622,0,null,0,0,0
2623,0,null,0,0,0
2624,0,null,0,0,0
2625,0,null,0,0,0
2626,0,null,0,0,0
2627,0,null,0,0,0
2628,0,null,0,0,0
2629,0,null,0,0,0
2630,0,null,0,0,0
2631,0,null,0,0,0
2632,0,null,0,0,0
2633,0,null,0,0,0
2634,0,null,0,0,0
2635,0,null,0,0,0
2636,0,null,0,0,0
2637,0,null,0,0,0
2638,0,null,0,0,0
2639,0,null,0,0,0
2640,0,null,0,0,0
2641,0,null,0,0,0
2642,0,null,0,0,0
2643,45,pi+,1,1,1
2644,0,null,0,0,0
2645,0,null,0,0,0
2646,0,null,0,0,0
2647,0,null,0,0,0
2648,0,null,0,0,0
2649,0,null,0,0,0
2650,0,null,0,0,0
2651,0,null,0,0,0
2652,0,null,0,0,0
2653,0,null,0,0,0
2654,0,null,0,0,0
2655,0,null,0,0,0
2656,0,null,0,0,0
2657,0,null,0,0,0
2658,0,null,0,0,0
2659,0,null,0,0,0
2730,0,null,0,0,0
2731,0,null,0,0,0
2732,0,null,0,0,0
2733,0,null,0,0,0
2734,0,null,0,0,0
2735,0,null,0,0,0
2736,0,null,0,0,0
2737,0,null,0,0,0
2738,0,null,0,0,0
2739,0,null,0,0,0
2740,0,null,0,0,0
2741,0,null,0,0,0
2742,0,null,0,0,0
2743,0,null,0,0,0
2744,0,null,0,0,0
2745,0,null,0,0,0
2746,0,null,0,0,0
2747,193,pi+,1,1,1
2748,0,null,0,0,0
2749,1,primary_proton,1,1,1
2750,1264,secondary_proton,1,1,0
2751,0,null,0,0,0
2752,0,null,0,0,0
2753,198,pi-,1,1,1
2754,0,null,0,0,0
2755,0,null,0,0,0
2756,0,null,0,0,0
2757,0,null,0,0,0
2758,0,null,0,0,0
2759,0,null,0,0,0
2760,0,null,0,0,0
2761,0,null,0,0,0
2762,0,null,0,0,0
2763,0,null,0,0,0
2764,0,null,0,0,0
2765,0,null,0,0,0
2766,0,null,0,0,0
2767,11,secondary_proton,1,1,1
2768,0,null,0,0,0
2769,0,null,0,0,0
2770,0,null,0,0,0
2771,0,null,0,0,0
2772,0,null,0,0,0
2773,0,null,0,0,0
2774,0,null,0,0,0
2775,0,null,0,0,0
2776,0,null,0,0,0
2777,0,null,0,0,0
2778,0,null,0,0,0
2779,0,null,0,0,0
2780,0,null,0,0,0
2781,0,null,0,0,0
2782,0,null,0,0,0
2783,0,null,0,0,0
2784,0,null,0,0,0
2785,0,null,0,0,0
2786,0,null,0,0,0
2787,0,null,0,0,0
2788,0,null,0,0,0
2789,0,null,0,0,0
2790,1288,e-,1,0,0
2791,0,null,0,0,0
2792,0,null,0,0,0
2793,0,null,0,0,0
2794,1435,pi+,1,1,1
2795,0,null,0,0,0
2796,0,null,0,0,0
2797,0,null,0,0,0
2798,0,null,0,0,0
2799,0,null,0,0,0
2800,0,null,0,0,0
2801,0,null,0,0,0
2802,0,null,0,0,0
2803,0,null,0,0,0
2804,0,null,0,0,0
2805,0,null,0,0,0
2806,0,null,0,0,0
2807,0,null,0,0,0
2808,0,null,0,0,0
2809,0,null,0,0,0
2810,0,null,0,0,0
2811,0,null,0,0,0
2812,5,secondary_proton,1,1,1
2561,0,null,0,0,0
2562,0,null,0,0,0
2563,0,null,0,0,0
2564,0,null,0,0,0
2565,28,pi-,1,1,0
2566,0,null,0,0,0
2567,1,primary_proton,1,1,1
2568,0,null,0,0,0
2569,11,kaon+,1,1,1
2570,11,secondary_proton,1,1,1
2571,0,null,0,0,0
2572,0,null,0,0,0
2573,0,null,0,0,0
2574,0,null,0,0,0
2575,0,null,0,0,0
2576,0,null,0,0,0
2577,0,null,0,0,0
2578,0,null,0,0,0
2579,378,e-,1,1,0
2580,0,null,0,0,0
2581,0,null,0,0,0
2582,0,null,0,0,0
2583,0,null,0,0,0
2584,0,null,0,0,0
2585,1,primary_proton,1,1,1
2586,0,null,0,0,0
2587,0,null,0,0,0
2588,0,null,0,0,0
2589,0,null,0,0,0
2660,0,null,0,0,0
2661,0,null,0,0,0
2662,0,null,0,0,0
2663,0,null,0,0,0
2664,0,null,0,0,0
2665,1,primary_proton,1,1,1
2666,0,null,0,0,0
2667,0,null,0,0,0
2668,0,null,0,0,0
2669,0,null,0,0,0
2670,0,null,0,0,0
2671,0,null,0,0,0
2672,0,null,0,0,0
2673,0,null,0,0,0
2674,0,null,0,0,0
2675,0,null,0,0,0
2676,0,null,0,0,0
2677,0,null,0,0,0
2678,0,null,0,0,0
2679,0,null,0,0,0
2680,0,null,0,0,0
2681,0,null,0,0,0
2682,0,null,0,0,0
2683,0,null,0,0,0
2684,0,null,0,0,0
2685,0,null,0,0,0
2686,0,null,0,0,0
2687,0,null,0,0,0
2688,13,secondary_proton,1,1,1
2689,11,pi+,1,1,1
2690,0,null,0,0,0
2691,0,null,0,0,0
2692,0,null,0,0,0
2693,0,null,0,0,0
2694,0,null,0,0,0
2695,0,null,0,0,0
2696,0,null,0,0,0
2697,0,null,0,0,0
2698,0,null,0,0,0
2699,6902,secondary_proton,1,1,0
2700,0,null,0,0,0
2701,1,primary_proton,1,1,1
2702,10,pi-,1,1,1
2703,0,null,0,0,0
2704,0,null,0,0,0
2705,0,null,0,0,0
2706,0,null,0,0,0
2707,0,null,0,0,0
2708,0,null,0,0,0
2709,0,null,0,0,0
2710,0,null,0,0,0
2711,7,secondary_proton,1,1,1
2712,0,null,0,0,0
2713,0,null,0,0,0
2714,0,null,0,0,0
2715,2597,pi-,1,1,1
2716,0,null,0,0,0
2717,0,null,0,0,0
2718,1,primary_proton,1,1,1
2719,0,null,0,0,0
2720,0,null,0,0,0
2721,0,null,0,0,0
2722,0,null,0,0,0
2723,0,null,0,0,0
2724,0,null,0,0,0
2725,0,null,0,0,0
2726,0,null,0,0,0
2727,1,primary_proton,1,1,1
2728,1149,e+,1,1,1
2729,0,null,0,0,0
2870,0,null,0,0,0
2871,0,null,0,0,0
2872,0,null,0,0,0
2873,0,null,0,0,0
2874,0,null,0,0,0
2875,0,null,0,0,0
2876,0,null,0,0,0
2877,0,null,0,0,0
2878,0,null,0,0,0
2879,0,null,0,0,0
2880,0,null,0,0,0
2881,0,null,0,0,0
2882,0,null,0,0,0
2883,0,null,0,0,0
2884,0,null,0,0,0
2885,0,null,0,0,0
2886,0,null,0,0,0
2887,0,null,0,0,0
2888,0,null,0,0,0
2889,0,null,0,0,0
2890,0,null,0,0,0
2891,0,null,0,0,0
2892,0,null,0,0,0
2893,0,null,0,0,0
2894,0,null,0,0,0
2895,0,null,0,0,0
2896,0,null,0,0,0
2897,0,null,0,0,0
2898,0,null,0,0,0
2899,1,primary_proton,1,1,1
2900,0,null,0,0,0
2901,0,null,0,0,0
2902,0,null,0,0,0
2903,0,null,0,0,0
2904,0,null,0,0,0
2905,5,secondary_proton,1,1,0
2906,0,null,0,0,0
2907,0,null,0,0,0
2908,0,null,0,0,0
2909,0,null,0,0,0
2910,18,pi+,1,0,0
2911,0,null,0,0,0
2912,0,null,0,0,0
2913,0,null,0,0,0
2914,0,null,0,0,0
2915,0,null,0,0,0
2916,0,null,0,0,0
2917,0,null,0,0,0
2918,0,null,0,0,0
2919,0,null,0,0,0
2920,0,null,0,0,0
2921,0,null,0,0,0
2922,1,primary_proton,1,1,1
2923,0,null,0,0,0
2924,0,null,0,0,0
2925,0,null,0,0,0
2926,0,null,0,0,0
2927,0,null,0,0,0
2928,0,null,0,0,0
2929,0,null,0,0,0
2930,0,null,0,0,0
2931,0,null,0,0,0
2932,0,null,0,0,0
2933,0,null,0,0,0
2934,0,null,0,0,0
2935,0,null,0,0,0
2936,0,null,0,0,0
2937,0,null,0,0,0
2938,0,null,0,0,0
2939,0,null,0,0,0
3010,0,null,0,0,0
3011,0,null,0,0,0
3012,0,null,0,0,0
3013,0,null,0,0,0
3014,0,null,0,0,0
3015,0,null,0,0,0
3016,0,null,0,0,0
3017,0,null,0,0,0
3018,1,primary_proton,1,1,1
3019,0,null,0,0,0
3020,1,primary_proton,1,1,1
3021,0,null,0,0,0
3022,0,null,0,0,0
3023,0,null,0,0,0
3024,0,null,0,0,0
3025,0,null,0,0,0
3026,0,null,0,0,0
3027,0,null,0,0,0
3028,2932,e-,1,0,0
3029,0,null,0,0,0
3030,0,null,0,0,0
3031,1,primary_proton,1,1,1
3032,0,null,0,0,0
3033,0,null,0,0,0
3034,0,null,0,0,0
3035,0,null,0,0,0
3036,0,null,0,0,0
3037,0,null,0,0,0
3038,0,null,0,0,0
3039,13,pi+,1,1,1
3040,0,null,0,0,0
3041,0,null,0,0,0
3042,0,null,0,0,0
3043,0,null,0,0,0
3044,0,null,0,0,0
3045,0,null,0,0,0
3046,0,null,0,0,0
3047,0,null,0,0,0
3048,0,null,0,0,0
3049,0,null,0,0,0
3050,0,null,0,0,0
3051,0,null,0,0,0
3052,0,null,0,0,0
3053,0,null,0,0,0
3054,0,null,0,0,0
3055,0,null,0,0,0
3056,0,null,0,0,0
2814,0,null,0,0,0
2815,0,null,0,0,0
2816,0,null,0,0,0
2817,0,null,0,0,0
2818,0,null,0,0,0
2819,2997,e-,1,1,0
2820,0,null,0,0,0
2821,1,primary_proton,1,1,1
2822,0,null,0,0,0
2823,0,null,0,0,0
2824,1,primary_proton,1,1,1
2825,0,null,0,0,0
2826,0,null,0,0,0
2827,0,null,0,0,0
2828,0,null,0,0,0
2829,0,null,0,0,0
2830,0,null,0,0,0
2831,0,null,0,0,0
2832,0,null,0,0,0
2833,0,null,0,0,0
2834,0,null,0,0,0
2835,13,pi+,1,1,0
2836,0,null,0,0,0
2837,0,null,0,0,0
2838,0,null,0,0,0
2839,0,null,0,0,0
2840,0,null,0,0,0
2841,0,null,0,0,0
2842,0,null,0,0,0
2843,0,null,0,0,0
2844,0,null,0,0,0
2845,0,null,0,0,0
2846,0,null,0,0,0
2847,0,null,0,0,0
2848,0,null,0,0,0
2849,0,null,0,0,0
2850,0,null,0,0,0
2851,0,null,0,0,0
2852,0,null,0,0,0
2853,0,null,0,0,0
2854,0,null,0,0,0
2855,0,null,0,0,0
2856,1,primary_proton,1,1,1
2857,0,null,0,0,0
2858,0,null,0,0,0
2859,0,null,0,0,0
2860,0,null,0,0,0
2861,0,null,0,0,0
2862,0,null,0,0,0
2863,0,null,0,0,0
2864,0,null,0,0,0
2865,0,null,0,0,0
2866,0,null,0,0,0
2867,0,null,0,0,0
2868,10,secondary_proton,1,1,1
2869,0,null,0,0,0
2940,0,null,0,0,0
2941,0,null,0,0,0
2942,0,null,0,0,0
2943,0,null,0,0,0
2944,0,null,0,0,0
2945,0,null,0,0,0
2946,0,null,0,0,0
2947,0,null,0,0,0
2948,0,null,0,0,0
2949,0,null,0,0,0
2950,0,null,0,0,0
2951,0,null,0,0,0
2952,0,null,0,0,0
2953,6,secondary_proton,1,1,1
2954,0,null,0,0,0
2955,0,null,0,0,0
2956,0,null,0,0,0
2957,0,null,0,0,0
2958,0,null,0,0,0
2959,0,null,0,0,0
2960,0,null,0,0,0
2961,0,null,0,0,0
2962,0,null,0,0,0
2963,0,null,0,0,0
2964,0,null,0,0,0
2965,0,null,0,0,0
2966,0,null,0,0,0
2967,0,null,0,0,0
2968,0,null,0,0,0
2969,0,null,0,0,0
2970,0,null,0,0,0
2971,0,null,0,0,0
2972,0,null,0,0,0
2973,0,null,0,0,0
2974,0,null,0,0,0
2975,0,null,0,0,0
2976,0,null,0,0,0
2977,0,null,0,0,0
2978,0,null,0,0,0
2979,0,null,0,0,0
2980,0,null,0,0,0
2981,0,null,0,0,0
2982,0,null,0,0,0
2983,0,null,0,0,0
2984,0,null,0,0,0
2985,9,secondary_proton,1,1,1
2986,0,null,0,0,0
2987,0,null,0,0,0
2988,0,null,0,0,0
2989,0,null,0,0,0
2990,0,null,0,0,0
2991,0,null,0,0,0
2992,0,null,0,0,0
2993,0,null,0,0,0
2994,0,null,0,0,0
2995,0,null,0,0,0
2996,0,null,0,0,0
2997,0,null,0,0,0
2998,0,null,0,0,0
2999,0,null,0,0,0
3000,0,null,0,0,0
3001,0,null,0,0,0
3002,0,null,0,0,0
3003,7,pi-,1,1,1
3004,0,null,0,0,0
3005,0,null,0,0,0
3006,0,null,0,0,0
3007,0,null,0,0,0
3008,0,null,0,0,0
3009,0,null,0,0,0
3080,0,null,0,0,0
3081,0,null,0,0,0
3082,0,null,0,0,0
3083,0,null,0,0,0
3084,0,null,0,0,0
3085,0,null,0,0,0
3086,0,null,0,0,0
3087,0,null,0,0,0
3088,0,null,0,0,0
3089,14,pi-,1,1,1
3090,0,null,0,0,0
3091,0,null,0,0,0
3092,0,null,0,0,0
3093,0,null,0,0,0
3094,0,null,0,0,0
3095,0,null,0,0,0
3096,0,null,0,0,0
3097,283,e-,0,1,0
3098,0,null,0,0,0
3099,0,null,0,0,0
3100,0,null,0,0,0
3101,0,null,0,0,0
3102,0,null,0,0,0
3103,0,null,0,0,0
3104,0,null,0,0,0
3105,0,null,0,0,0
3106,0,null,0,0,0
3107,10,pi+,1,1,1
3108,0,null,0,0,0
3109,0,null,0,0,0
3110,0,null,0,0,0
3111,0,null,0,0,0
3112,0,null,0,0,0
3113,0,null,0,0,0
3114,0,null,0,0,0
3115,0,null,0,0,0
3116,0,null,0,0,0
3117,0,null,0,0,0
3118,0,null,0,0,0
3119,0,null,0,0,0
3120,0,null,0,0,0
3121,0,null,0,0,0
3122,0,null,0,0,0
3123,0,null,0,0,0
3124,0,null,0,0,0
3125,0,null,0,0,0
3126,0,null,0,0,0
3127,0,null,0,0,0
3128,0,null,0,0,0
3129,152,pi-,1,1,1
3130,0,null,0,0,0
3131,0,null,0,0,0
3132,0,null,0,0,0
3133,0,null,0,0,0
3134,0,null,0,0,0
3135,0,null,0,0,0
3136,0,null,0,0,0
3137,0,null,0,0,0
3138,0,null,0,0,0
3139,0,null,0,0,0
3140,0,null,0,0,0
3141,0,null,0,0,0
3142,0,null,0,0,0
3143,0,null,0,0,0
3144,0,null,0,0,0
3145,0,null,0,0,0
3146,31,secondary_proton,1,1,1
3147,0,null,0,0,0
3148,8,secondary_proton,1,1,1
3149,0,null,0,0,0
3220,0,null,0,0,0
3221,0,null,0,0,0
3222,0,null,0,0,0
3223,0,null,0,0,0
3224,0,null,0,0,0
3225,0,null,0,0,0
3226,29,pi-,1,1,0
3227,0,null,0,0,0
3228,0,null,0,0,0
3229,0,null,0,0,0
3230,0,null,0,0,0
3231,0,null,0,0,0
3232,0,null,0,0,0
3233,0,null,0,0,0
3234,0,null,0,0,0
3235,0,null,0,0,0
3236,0,null,0,0,0
3237,0,null,0,0,0
3238,0,null,0,0,0
3239,1,primary_proton,1,1,1
3240,0,null,0,0,0
3241,0,null,0,0,0
3242,7,secondary_proton,1,1,1
3243,0,null,0,0,0
3245,0,null,0,0,0
3246,0,null,0,0,0
3247,0,null,0,0,0
3248,0,null,0,0,0
3249,0,null,0,0,0
3250,0,null,0,0,0
3251,0,null,0,0,0
3252,0,null,0,0,0
3253,0,null,0,0,0
3254,0,null,0,0,0
3255,0,null,0,0,0
3256,0,null,0,0,0
3257,0,null,0,0,0
3258,0,null,0,0,0
3259,0,null,0,0,0
3260,0,null,0,0,0
3261,0,null,0,0,0
3262,1,primary_proton,1,1,1
3263,0,null,0,0,0
3264,0,null,0,0,0
3265,0,null,0,0,0
3266,0,null,0,0,0
3267,0,null,0,0,0
3268,0,null,0,0,0
3269,0,null,0,0,0
3270,0,null,0,0,0
3271,0,null,0,0,0
3272,0,null,0,0,0
3273,0,null,0,0,0
3274,1,primary_proton,1,1,1
3275,0,null,0,0,0
3276,0,null,0,0,0
3277,0,null,0,0,0
3278,0,null,0,0,0
3279,10,pi+,1,1,1
3280,0,null,0,0,0
3281,0,null,0,0,0
3282,0,null,0,0,0
3283,0,null,0,0,0
3284,0,null,0,0,0
3285,0,null,0,0,0
3286,0,null,0,0,0
3287,0,null,0,0,0
3288,0,null,0,0,0
3289,0,null,0,0,0
3360,0,null,0,0,0
3361,0,null,0,0,0
3362,0,null,0,0,0
3363,0,null,0,0,0
3364,0,null,0,0,0
3365,0,null,0,0,0
3366,0,null,0,0,0
3367,0,null,0,0,0
3368,0,null,0,0,0
3369,0,null,0,0,0
3370,9,secondary_proton,1,1,1
3371,0,null,0,0,0
3372,0,null,0,0,0
3373,1,primary_proton,1,1,1
3374,0,null,0,0,0
3375,0,null,0,0,0
3376,1,primary_proton,1,1,1
3377,0,null,0,0,0
3378,0,null,0,0,0
3379,0,null,0,0,0
3380,0,null,0,0,0
3381,0,null,0,0,0
3382,0,null,0,0,0
3383,0,null,0,0,0
3384,0,null,0,0,0
3385,0,null,0,0,0
3386,0,null,0,0,0
3387,0,null,0,0,0
3388,10,secondary_proton,1,1,1
3389,0,null,0,0,0
3390,1,primary_proton,1,1,1
3391,0,null,0,0,0
3392,0,null,0,0,0
3393,0,null,0,0,0
3394,0,null,0,0,0
3395,0,null,0,0,0
3396,0,null,0,0,0
3397,0,null,0,0,0
3398,1,primary_proton,1,1,1
3399,0,null,0,0,0
3400,0,null,0,0,0
3401,0,null,0,0,0
3402,0,null,0,0,0
3403,0,null,0,0,0
3404,0,null,0,0,0
3405,0,null,0,0,0
3406,0,null,0,0,0
3407,0,null,0,0,0
3408,0,null,0,0,0
3409,0,null,0,0,0
3410,0,null,0,0,0
3411,0,null,0,0,0
3412,0,null,0,0,0
3413,1286,e-,1,0,1
3414,0,null,0,0,0
3415,0,null,0,0,0
3416,0,null,0,0,0
3417,0,null,0,0,0
3418,0,null,0,0,0
3419,0,null,0,0,0
3420,0,null,0,0,0
3421,0,null,0,0,0
3422,0,null,0,0,0
3423,0,null,0,0,0
3424,0,null,0,0,0
3425,0,null,0,0,0
3426,0,null,0,0,0
3427,0,null,0,0,0
3428,0,null,0,0,0
3429,0,null,0,0,0
3430,0,null,0,0,0
3431,13,pi-,1,1,0
3432,0,null,0,0,0
3433,0,null,0,0,0
3434,0,null,0,0,0
3435,0,null,0,0,0
3436,0,null,0,0,0
3437,0,null,0,0,0
3438,0,null,0,0,0
3439,0,null,0,0,0
3440,0,null,0,0,0
3441,0,null,0,0,0
3442,0,null,0,0,0
3443,0,null,0,0,0
3444,0,null,0,0,0
3445,0,null,0,0,0
3446,0,null,0,0,0
3447,1,primary_proton,1,1,1
3448,0,null,0,0,0
3449,0,null,0,0,0
3450,0,null,0,0,0
3451,0,null,0,0,0
3452,0,null,0,0,0
3453,0,null,0,0,0
3454,0,null,0,0,0
3455,0,null,0,0,0
3456,0,null,0,0,0
3457,0,null,0,0,0
3458,0,null,0,0,0
3459,0,null,0,0,0
3460,0,null,0,0,0
3461,1,primary_proton,1,1,1
3462,0,null,0,0,0
3463,0,null,0,0,0
3464,0,null,0,0,0
3465,0,null,0,0,0
3466,0,null,0,0,0
3467,0,null,0,0,0
3468,0,null,0,0,0
3469,0,null,0,0,0
3470,0,null,0,0,0
3471,0,null,0,0,0
3472,0,null,0,0,0
3473,0,null,0,0,0
3474,0,null,0,0,0
3475,0,null,0,0,0
3476,0,null,0,0,0
3477,0,null,0,0,0
3478,0,null,0,0,0
3479,0,null,0,0,0
3480,0,null,0,0,0
3481,0,null,0,0,0
3482,0,null,0,0,0
3483,0,null,0,0,0
3484,0,null,0,0,0
3485,0,null,0,0,0
3486,0,null,0,0,0
3487,0,null,0,0,0
3488,0,null,0,0,0
3489,0,null,0,0,0
3490,0,null,0,0,0
3491,0,null,0,0,0
3492,0,null,0,0,0
3493,0,null,0,0,0
3494,0,null,0,0,0
3495,0,null,0,0,0
3496,0,null,0,0,0
3497,0,null,0,0,0
3498,0,null,0,0,0
3499,0,null,0,0,0
3500,0,null,0,0,0
3501,0,null,0,0,0
3502,0,null,0,0,0
3503,0,null,0,0,0
3504,0,null,0,0,0
3505,0,null,0,0,0
3506,0,null,0,0,0
3507,0,null,0,0,0
3508,3564,pi-,1,1,1
3509,0,null,0,0,0
3510,0,null,0,0,0
3511,7,pi+,1,1,1
3512,0,null,0,0,0
3513,0,null,0,0,0
3514,0,null,0,0,0
3515,0,null,0,0,0
3516,0,null,0,0,0
3517,0,null,0,0,0
3518,0,null,0,0,0
3519,0,null,0,0,0
3520,0,null,0,0,0
3521,0,null,0,0,0
3522,0,null,0,0,0
3523,0,null,0,0,0
3524,0,null,0,0,0
3525,0,null,0,0,0
3526,0,null,0,0,0
3527,0,null,0,0,0
3528,7,pi+,1,1,0
3529,0,null,0,0,0
3530,0,null,0,0,0
3531,2125,e-,1,0,0
3532,0,null,0,0,0
3533,0,null,0,0,0
3534,0,null,0,0,0
3058,0,null,0,0,0
3059,0,null,0,0,0
3060,0,null,0,0,0
3061,0,null,0,0,0
3062,0,null,0,0,0
3063,0,null,0,0,0
3064,0,null,0,0,0
3065,0,null,0,0,0
3066,0,null,0,0,0
3067,0,null,0,0,0
3068,0,null,0,0,0
3069,8,secondary_proton,1,1,1
3070,6,secondary_proton,1,1,1
3071,0,null,0,0,0
3072,0,null,0,0,0
3073,765,e-,1,0,0
3074,0,null,0,0,0
3075,0,null,0,0,0
3076,0,null,0,0,0
3077,0,null,0,0,0
3078,0,null,0,0,0
3079,6,secondary_proton,1,1,1
3150,0,null,0,0,0
3151,0,null,0,0,0
3152,1770,secondary_proton,1,1,1
3153,0,null,0,0,0
3154,0,null,0,0,0
3155,0,null,0,0,0
3156,0,null,0,0,0
3157,0,null,0,0,0
3158,0,null,0,0,0
3159,0,null,0,0,0
3160,0,null,0,0,0
3161,0,null,0,0,0
3162,0,null,0,0,0
3163,0,null,0,0,0
3164,0,null,0,0,0
3165,0,null,0,0,0
3166,0,null,0,0,0
3167,0,null,0,0,0
3168,0,null,0,0,0
3169,0,null,0,0,0
3170,0,null,0,0,0
3171,0,null,0,0,0
3172,0,null,0,0,0
3173,0,null,0,0,0
3174,0,null,0,0,0
3175,0,null,0,0,0
3176,0,null,0,0,0
3177,0,null,0,0,0
3178,0,null,0,0,0
3179,0,null,0,0,0
3180,0,null,0,0,0
3181,0,null,0,0,0
3182,0,null,0,0,0
3183,0,null,0,0,0
3184,8435,e-,1,0,1
3185,1,primary_proton,1,1,1
3186,0,null,0,0,0
3187,0,null,0,0,0
3188,0,null,0,0,0
3189,0,null,0,0,0
3190,0,null,0,0,0
3191,0,null,0,0,0
3192,0,null,0,0,0
3193,0,null,0,0,0
3194,0,null,0,0,0
3195,0,null,0,0,0
3196,0,null,0,0,0
3197,0,null,0,0,0
3198,0,null,0,0,0
3199,0,null,0,0,0
3200,0,null,0,0,0
3201,0,null,0,0,0
3202,0,null,0,0,0
3203,0,null,0,0,0
3204,0,null,0,0,0
3205,0,null,0,0,0
3206,0,null,0,0,0
3207,0,null,0,0,0
3208,0,null,0,0,0
3209,0,null,0,0,0
3210,0,null,0,0,0
3211,0,null,0,0,0
3212,0,null,0,0,0
3213,0,null,0,0,0
3214,0,null,0,0,0
3215,2,secondary_proton,1,1,1
3216,0,null,0,0,0
3217,1642,pi-,1,0,0
3218,0,null,0,0,0
3219,0,null,0,0,0
3290,0,null,0,0,0
3291,0,null,0,0,0
3292,0,null,0,0,0
3293,15,pi+,1,1,0
3294,9,pi+,1,1,1
3295,0,null,0,0,0
3296,1572,e-,1,0,0
3297,0,null,0,0,0
3298,0,null,0,0,0
3299,13,pi-,1,1,1
3300,0,null,0,0,0
3301,0,null,0,0,0
3302,0,null,0,0,0
3303,0,null,0,0,0
3304,0,null,0,0,0
3305,0,null,0,0,0
3306,0,null,0,0,0
3307,0,null,0,0,0
3308,0,null,0,0,0
3309,0,null,0,0,0
3310,0,null,0,0,0
3311,0,null,0,0,0
3312,0,null,0,0,0
3313,0,null,0,0,0
3314,0,null,0,0,0
3315,0,null,0,0,0
3316,0,null,0,0,0
3317,0,null,0,0,0
3318,0,null,0,0,0
3319,0,null,0,0,0
3320,0,null,0,0,0
3321,0,null,0,0,0
3322,10,secondary_proton,1,1,1
3323,0,null,0,0,0
3324,0,null,0,0,0
3325,0,null,0,0,0
3326,0,null,0,0,0
3327,0,null,0,0,0
3328,0,null,0,0,0
3329,0,null,0,0,0
3330,0,null,0,0,0
3331,0,null,0,0,0
3332,0,null,0,0,0
3333,0,null,0,0,0
3334,0,null,0,0,0
3335,0,null,0,0,0
3336,0,null,0,0,0
3337,1,primary_proton,1,1,1
3338,0,null,0,0,0
3339,0,null,0,0,0
3340,0,null,0,0,0
3341,0,null,0,0,0
3342,0,null,0,0,0
3343,0,null,0,0,0
3344,0,null,0,0,0
3345,0,null,0,0,0
3346,7,secondary_proton,1,1,1
3347,0,null,0,0,0
3348,0,null,0,0,0
3349,0,null,0,0,0
3350,0,null,0,0,0
3351,0,null,0,0,0
3352,0,null,0,0,0
3353,0,null,0,0,0
3354,0,null,0,0,0
3355,0,null,0,0,0
3356,1,primary_proton,1,1,1
3357,0,null,0,0,0
3358,0,null,0,0,0
3359,0,null,0,0,0
3570,0,null,0,0,0
3571,0,null,0,0,0
3572,0,null,0,0,0
3573,0,null,0,0,0
3574,0,null,0,0,0
3575,0,null,0,0,0
3576,0,null,0,0,0
3577,0,null,0,0,0
3578,0,null,0,0,0
3579,0,null,0,0,0
3580,0,null,0,0,0
3581,0,null,0,0,0
3582,0,null,0,0,0
3583,0,null,0,0,0
3584,0,null,0,0,0
3585,0,null,0,0,0
3586,0,null,0,0,0
3587,0,null,0,0,0
3588,0,null,0,0,0
3589,0,null,0,0,0
3590,0,null,0,0,0
3591,0,null,0,0,0
3592,0,null,0,0,0
3593,0,null,0,0,0
3594,0,null,0,0,0
3595,0,null,0,0,0
3596,0,null,0,0,0
3597,9,secondary_proton,1,1,1
3598,0,null,0,0,0
3599,0,null,0,0,0
3600,4964,e-,1,0,0
3601,0,null,0,0,0
3602,0,null,0,0,0
3603,0,null,0,0,0
3604,0,null,0,0,0
3605,0,null,0,0,0
3606,0,null,0,0,0
3607,0,null,0,0,0
3608,0,null,0,0,0
3609,0,null,0,0,0
3610,0,null,0,0,0
3611,0,null,0,0,0
3612,0,null,0,0,0
3613,0,null,0,0,0
3614,0,null,0,0,0
3615,0,null,0,0,0
3616,0,null,0,0,0
3617,0,null,0,0,0
3618,0,null,0,0,0
3619,0,null,0,0,0
3620,0,null,0,0,0
3621,0,null,0,0,0
3622,0,null,0,0,0
3623,0,null,0,0,0
3624,0,null,0,0,0
3625,0,null,0,0,0
3626,0,null,0,0,0
3536,0,null,0,0,0
3537,2488,e-,1,0,0
3538,0,null,0,0,0
3539,0,null,0,0,0
3540,0,null,0,0,0
3541,0,null,0,0,0
3542,0,null,0,0,0
3543,0,null,0,0,0
3544,0,null,0,0,0
3545,0,null,0,0,0
3546,0,null,0,0,0
3547,0,null,0,0,0
3548,0,null,0,0,0
3549,0,null,0,0,0
3550,0,null,0,0,0
3551,0,null,0,0,0
3552,0,null,0,0,0
3553,0,null,0,0,0
3554,0,null,0,0,0
3555,0,null,0,0,0
3556,0,null,0,0,0
3557,0,null,0,0,0
3558,0,null,0,0,0
3559,0,null,0,0,0
3560,0,null,0,0,0
3561,0,null,0,0,0
3562,0,null,0,0,0
3563,0,null,0,0,0
3564,0,null,0,0,0
3565,10,pi-,1,1,1
3566,0,null,0,0,0
3567,0,null,0,0,0
3568,0,null,0,0,0
3569,0,null,0,0,0
3640,1,primary_proton,1,1,1
3641,0,null,0,0,0
3642,0,null,0,0,0
3643,3196,e-,0,1,0
3644,0,null,0,0,0
3645,0,null,0,0,0
3646,0,null,0,0,0
3647,0,null,0,0,0
3648,0,null,0,0,0
3649,15,pi-,1,1,1
3650,0,null,0,0,0
3651,1,primary_proton,1,1,1
3652,0,null,0,0,0
3653,0,null,0,0,0
3654,0,null,0,0,0
3655,511,pi-,1,1,0
3656,0,null,0,0,0
3657,0,null,0,0,0
3658,0,null,0,0,0
3659,0,null,0,0,0
3660,0,null,0,0,0
3661,0,null,0,0,0
3662,0,null,0,0,0
3663,0,null,0,0,0
3664,0,null,0,0,0
3665,0,null,0,0,0
3666,0,null,0,0,0
3667,0,null,0,0,0
3668,0,null,0,0,0
3669,0,null,0,0,0
3670,0,null,0,0,0
3671,0,null,0,0,0
3672,0,null,0,0,0
3673,0,null,0,0,0
3674,9,pi-,1,1,1
3675,0,null,0,0,0
3676,0,null,0,0,0
3677,0,null,0,0,0
3678,0,null,0,0,0
3679,0,null,0,0,0
3680,0,null,0,0,0
3681,0,null,0,0,0
3682,0,null,0,0,0
3683,0,null,0,0,0
3684,0,null,0,0,0
3685,0,null,0,0,0
3686,0,null,0,0,0
3687,0,null,0,0,0
3688,0,null,0,0,0
3689,0,null,0,0,0
3690,0,null,0,0,0
3691,0,null,0,0,0
3692,0,null,0,0,0
3693,0,null,0,0,0
3694,0,null,0,0,0
3695,0,null,0,0,0
3696,0,null,0,0,0
3697,0,null,0,0,0
3698,0,null,0,0,0
3699,0,null,0,0,0
3700,0,null,0,0,0
3701,0,null,0,0,0
3702,0,null,0,0,0
3703,0,null,0,0,0
3704,0,null,0,0,0
3705,0,null,0,0,0
3706,0,null,0,0,0
3707,0,null,0,0,0
3708,0,null,0,0,0
3709,7,pi+,1,1,1
3850,0,null,0,0,0
3851,0,null,0,0,0
3852,0,null,0,0,0
3853,0,null,0,0,0
3854,0,null,0,0,0
3855,0,null,0,0,0
3856,0,null,0,0,0
3857,0,null,0,0,0
3858,0,null,0,0,0
3859,0,null,0,0,0
3860,0,null,0,0,0
3861,0,null,0,0,0
3862,0,null,0,0,0
3863,0,null,0,0,0
3864,0,null,0,0,0
3865,0,null,0,0,0
3866,0,null,0,0,0
3867,0,null,0,0,0
3868,0,null,0,0,0
3869,0,null,0,0,0
3870,0,null,0,0,0
3871,0,null,0,0,0
3872,0,null,0,0,0
3873,0,null,0,0,0
3874,0,null,0,0,0
3875,0,null,0,0,0
3876,2788,pi-,1,1,1
3877,0,null,0,0,0
3878,0,null,0,0,0
3879,0,null,0,0,0
3880,0,null,0,0,0
3881,0,null,0,0,0
3882,0,null,0,0,0
3883,0,null,0,0,0
3884,0,null,0,0,0
3885,0,null,0,0,0
3886,0,null,0,0,0
3887,0,null,0,0,0
3888,2,secondary_proton,1,1,0
3889,0,null,0,0,0
3890,0,null,0,0,0
3891,0,null,0,0,0
3892,0,null,0,0,0
3893,0,null,0,0,0
3894,1,primary_proton,1,1,1
3895,0,null,0,0,0
3896,0,null,0,0,0
3897,0,null,0,0,0
3898,0,null,0,0,0
3899,0,null,0,0,0
3900,0,null,0,0,0
3901,0,null,0,0,0
3902,0,null,0,0,0
3903,0,null,0,0,0
3904,12,secondary_proton,1,1,1
3905,8372,e-,0,1,0
3906,0,null,0,0,0
3907,0,null,0,0,0
3908,0,null,0,0,0
3909,0,null,0,0,0
3910,0,null,0,0,0
3911,0,null,0,0,0
3912,0,null,0,0,0
3913,0,null,0,0,0
3914,0,null,0,0,0
3915,0,null,0,0,0
3916,0,null,0,0,0
3917,0,null,0,0,0
3918,0,null,0,0,0
3919,0,null,0,0,0
3920,0,null,0,0,0
3921,0,null,0,0,0
3922,0,null,0,0,0
3923,0,null,0,0,0
3924,1,primary_proton,1,1,1
3925,0,null,0,0,0
3926,0,null,0,0,0
3927,0,null,0,0,0
3928,0,null,0,0,0
3929,533,secondary_proton,1,1,1
3930,0,null,0,0,0
3931,0,null,0,0,0
3932,0,null,0,0,0
3933,0,null,0,0,0
3934,0,null,0,0,0
3935,0,null,0,0,0
3936,0,null,0,0,0
3937,0,null,0,0,0
3938,0,null,0,0,0
3939,0,null,0,0,0
3940,1,primary_proton,1,1,1
3941,0,null,0,0,0
3942,8,secondary_proton,1,1,1
3943,0,null,0,0,0
3944,0,null,0,0,0
3945,0,null,0,0,0
3946,0,null,0,0,0
3947,0,null,0,0,0
3948,0,null,0,0,0
3949,0,null,0,0,0
3950,0,null,0,0,0
3951,1,primary_proton,1,1,1
3952,0,null,0,0,0
3953,0,null,0,0,0
3954,0,null,0,0,0
3955,0,null,0,0,0
3956,0,null,0,0,0
3957,0,null,0,0,0
3958,0,null,0,0,0
3959,3,secondary_proton,1,1,1
3960,0,null,0,0,0
3961,24,pi+,1,1,0
3962,0,null,0,0,0
3963,0,null,0,0,0
3964,0,null,0,0,0
3965,0,null,0,0,0
3628,0,null,0,0,0
3629,0,null,0,0,0
3630,0,null,0,0,0
3631,0,null,0,0,0
3632,0,null,0,0,0
3633,0,null,0,0,0
3634,0,null,0,0,0
3635,0,null,0,0,0
3636,0,null,0,0,0
3637,0,null,0,0,0
3638,0,null,0,0,0
3639,0,null,0,0,0
3710,0,null,0,0,0
3711,0,null,0,0,0
3712,0,null,0,0,0
3713,0,null,0,0,0
3714,0,null,0,0,0
3715,0,null,0,0,0
3716,0,null,0,0,0
3717,0,null,0,0,0
3718,0,null,0,0,0
3719,0,null,0,0,0
3720,0,null,0,0,0
3721,0,null,0,0,0
3722,0,null,0,0,0
3723,0,null,0,0,0
3724,0,null,0,0,0
3725,0,null,0,0,0
3726,0,null,0,0,0
3727,1544,e+,1,1,0
3728,0,null,0,0,0
3729,0,null,0,0,0
3730,0,null,0,0,0
3731,0,null,0,0,0
3732,5,secondary_proton,1,1,1
3733,0,null,0,0,0
3734,0,null,0,0,0
3735,0,null,0,0,0
3736,0,null,0,0,0
3737,0,null,0,0,0
3738,0,null,0,0,0
3739,0,null,0,0,0
3740,0,null,0,0,0
3741,0,null,0,0,0
3742,0,null,0,0,0
3743,0,null,0,0,0
3744,1,primary_proton,1,1,1
3745,0,null,0,0,0
3746,0,null,0,0,0
3747,0,null,0,0,0
3748,0,null,0,0,0
3749,0,null,0,0,0
3750,0,null,0,0,0
3751,0,null,0,0,0
3752,0,null,0,0,0
3753,0,null,0,0,0
3754,0,null,0,0,0
3755,0,null,0,0,0
3756,0,null,0,0,0
3757,0,null,0,0,0
3758,0,null,0,0,0
3759,0,null,0,0,0
3760,0,null,0,0,0
3761,0,null,0,0,0
3762,0,null,0,0,0
3763,0,null,0,0,0
3764,0,null,0,0,0
3765,0,null,0,0,0
3766,0,null,0,0,0
3767,0,null,0,0,0
3768,0,null,0,0,0
3769,0,null,0,0,0
3770,0,null,0,0,0
3771,0,null,0,0,0
3772,0,null,0,0,0
3773,0,null,0,0,0
3774,0,null,0,0,0
3775,0,null,0,0,0
3776,0,null,0,0,0
3777,0,null,0,0,0
3778,0,null,0,0,0
3779,0,null,0,0,0
3780,0,null,0,0,0
3781,0,null,0,0,0
3782,0,null,0,0,0
3783,0,null,0,0,0
3784,9,pi-,1,1,1
3785,0,null,0,0,0
3786,0,null,0,0,0
3787,0,null,0,0,0
3788,0,null,0,0,0
3789,0,null,0,0,0
3790,0,null,0,0,0
3791,0,null,0,0,0
3792,0,null,0,0,0
3793,0,null,0,0,0
3794,0,null,0,0,0
3795,0,null,0,0,0
3796,0,null,0,0,0
3797,0,null,0,0,0
3798,1,primary_proton,1,1,1
3799,0,null,0,0,0
3800,0,null,0,0,0
3801,0,null,0,0,0
3802,0,null,0,0,0
3803,0,null,0,0,0
3804,0,null,0,0,0
3805,0,null,0,0,0
3806,0,null,0,0,0
3807,0,null,0,0,0
3808,0,null,0,0,0
3809,0,null,0,0,0
3810,13,pi+,1,1,1
3811,0,null,0,0,0
3812,0,null,0,0,0
3813,0,null,0,0,0
3814,0,null,0,0,0
3815,0,null,0,0,0
3816,0,null,0,0,0
3817,0,null,0,0,0
3818,0,null,0,0,0
3819,0,null,0,0,0
3820,0,null,0,0,0
3821,0,null,0,0,0
3822,0,null,0,0,0
3823,3900,pi+,1,1,1
3824,0,null,0,0,0
3825,0,null,0,0,0
3826,0,null,0,0,0
3827,0,null,0,0,0
3828,0,null,0,0,0
3829,0,null,0,0,0
3830,0,null,0,0,0
3831,0,null,0,0,0
3832,0,null,0,0,0
3833,0,null,0,0,0
3834,0,null,0,0,0
3835,0,null,0,0,0
3836,0,null,0,0,0
3837,0,null,0,0,0
3838,1,primary_proton,1,1,1
3839,0,null,0,0,0
3840,0,null,0,0,0
3841,0,null,0,0,0
3842,0,null,0,0,0
3843,15,pi-,1,1,1
3844,0,null,0,0,0
3845,0,null,0,0,0
3846,0,null,0,0,0
3847,0,null,0,0,0
3848,0,null,0,0,0
3849,0,null,0,0,0
3990,0,null,0,0,0
3991,0,null,0,0,0
3992,0,null,0,0,0
3993,1,primary_proton,1,1,1
3994,0,null,0,0,0
3995,0,null,0,0,0
3996,0,null,0,0,0
3997,0,null,0,0,0
3998,0,null,0,0,0
3999,0,null,0,0,0
4000,0,null,0,0,0
4001,1,primary_proton,1,1,1
4002,0,null,0,0,0
4003,0,null,0,0,0
4004,0,null,0,0,0
4005,0,null,0,0,0
4006,0,null,0,0,0
4007,15,pi+,1,1,1
4008,0,null,0,0,0
4009,0,null,0,0,0
4010,0,null,0,0,0
4011,0,null,0,0,0
4012,0,null,0,0,0
4013,0,null,0,0,0
4014,0,null,0,0,0
4015,1,primary_proton,1,1,1
4016,0,null,0,0,0
4017,0,null,0,0,0
4018,0,null,0,0,0
4019,0,null,0,0,0
4020,0,null,0,0,0
4021,1,primary_proton,1,1,1
4022,0,null,0,0,0
4023,0,null,0,0,0
4024,0,null,0,0,0
4025,0,null,0,0,0
4026,0,null,0,0,0
4027,0,null,0,0,0
4028,0,null,0,0,0
4029,0,null,0,0,0
4030,0,null,0,0,0
4031,0,null,0,0,0
4032,0,null,0,0,0
4033,0,null,0,0,0
4034,0,null,0,0,0
4035,0,null,0,0,0
4036,0,null,0,0,0
4037,0,null,0,0,0
4038,0,null,0,0,0
4039,1,primary_proton,1,1,1
4040,0,null,0,0,0
4041,0,null,0,0,0
4042,0,null,0,0,0
4043,0,null,0,0,0
4044,0,null,0,0,0
4045,0,null,0,0,0
4046,0,null,0,0,0
4047,0,null,0,0,0
4048,0,null,0,0,0
4049,0,null,0,0,0
4050,0,null,0,0,0
4051,0,null,0,0,0
4052,0,null,0,0,0
4053,0,null,0,0,0
4054,0,null,0,0,0
4055,0,null,0,0,0
4056,0,null,0,0,0
4057,0,null,0,0,0
4058,0,null,0,0,0
4060,0,null,0,0,0
4061,0,null,0,0,0
4062,0,null,0,0,0
4063,26,pi+,1,0,0
4064,0,null,0,0,0
4065,0,null,0,0,0
4066,0,null,0,0,0
4067,0,null,0,0,0
4068,0,null,0,0,0
4069,0,null,0,0,0
4070,0,null,0,0,0
4071,0,null,0,0,0
4072,0,null,0,0,0
4073,0,null,0,0,0
4074,0,null,0,0,0
4075,0,null,0,0,0
4076,1,primary_proton,1,1,1
4077,0,null,0,0,0
4078,0,null,0,0,0
4079,0,null,0,0,0
4080,0,null,0,0,0
4081,0,null,0,0,0
4082,0,null,0,0,0
4083,0,null,0,0,0
4084,0,null,0,0,0
4085,0,null,0,0,0
4086,0,null,0,0,0
4087,0,null,0,0,0
4088,0,null,0,0,0
4089,1,primary_proton,1,1,1
4090,0,null,0,0,0
4091,0,null,0,0,0
4092,0,null,0,0,0
4093,0,null,0,0,0
4094,0,null,0,0,0
4095,0,null,0,0,0
4096,0,null,0,0,0
4097,0,null,0,0,0
4098,0,null,0,0,0
4099,0,null,0,0,0
4100,0,null,0,0,0
4101,0,null,0,0,0
4102,0,null,0,0,0
4103,0,null,0,0,0
4104,0,null,0,0,0
4105,0,null,0,0,0
4106,0,null,0,0,0
4107,1,primary_proton,1,1,1
4108,0,null,0,0,0
4109,0,null,0,0,0
4110,0,null,0,0,0
4111,0,null,0,0,0
4112,0,null,0,0,0
4113,0,null,0,0,0
4114,0,null,0,0,0
4115,0,null,0,0,0
4116,0,null,0,0,0
4117,0,null,0,0,0
4118,0,null,0,0,0
4119,0,null,0,0,0
4120,0,null,0,0,0
4121,0,null,0,0,0
4122,0,null,0,0,0
4123,0,null,0,0,0
4124,0,null,0,0,0
4125,0,null,0,0,0
4126,0,null,0,0,0
4127,0,null,0,0,0
4128,0,null,0,0,0
4129,0,null,0,0,0
4130,0,null,0,0,0
4131,12,secondary_proton,1,1,1
4132,0,null,0,0,0
4133,0,null,0,0,0
4134,0,null,0,0,0
4135,0,null,0,0,0
4136,0,null,0,0,0
4137,1,primary_proton,1,1,1
4138,0,null,0,0,0
4139,0,null,0,0,0
4140,0,null,0,0,0
4141,0,null,0,0,0
4142,0,null,0,0,0
4143,0,null,0,0,0
4144,0,null,0,0,0
4145,0,null,0,0,0
4146,0,null,0,0,0
4147,0,null,0,0,0
4148,0,null,0,0,0
4149,0,null,0,0,0
4150,0,null,0,0,0
4151,0,null,0,0,0
4152,0,null,0,0,0
4153,6,pi+,1,0,0
4154,0,null,0,0,0
4155,0,null,0,0,0
4156,0,null,0,0,0
4157,0,null,0,0,0
4158,0,null,0,0,0
4159,0,null,0,0,0
4160,0,null,0,0,0
4161,0,null,0,0,0
4162,0,null,0,0,0
4163,0,null,0,0,0
4164,0,null,0,0,0
4165,0,null,0,0,0
4166,0,null,0,0,0
4167,0,null,0,0,0
4168,0,null,0,0,0
4169,0,null,0,0,0
4170,0,null,0,0,0
4171,0,null,0,0,0
4172,0,null,0,0,0
4173,0,null,0,0,0
4174,0,null,0,0,0
4175,0,null,0,0,0
4176,0,null,0,0,0
4177,0,null,0,0,0
4178,0,null,0,0,0
4179,0,null,0,0,0
4180,0,null,0,0,0
4181,0,null,0,0,0
4182,0,null,0,0,0
4183,0,null,0,0,0
4184,0,null,0,0,0
4185,0,null,0,0,0
4186,0,null,0,0,0
4187,0,null,0,0,0
4188,0,null,0,0,0
4189,2926,e-,1,1,1
4190,0,null,0,0,0
4191,0,null,0,0,0
4192,0,null,0,0,0
4193,0,null,0,0,0
4194,0,null,0,0,0
4195,0,null,0,0,0
4196,0,null,0,0,0
4197,0,null,0,0,0
4198,0,null,0,0,0
4199,0,null,0,0,0
4270,0,null,0,0,0
4271,0,null,0,0,0
4272,0,null,0,0,0
4273,0,null,0,0,0
4274,12,pi+,1,1,1
4275,0,null,0,0,0
4276,0,null,0,0,0
4277,0,null,0,0,0
4278,0,null,0,0,0
4279,0,null,0,0,0
4280,0,null,0,0,0
4281,0,null,0,0,0
4282,0,null,0,0,0
4283,0,null,0,0,0
4284,0,null,0,0,0
4285,0,null,0,0,0
4286,0,null,0,0,0
4287,0,null,0,0,0
4288,0,null,0,0,0
4289,0,null,0,0,0
4290,2368,secondary_proton,1,0,0
4291,0,null,0,0,0
4292,0,null,0,0,0
4293,0,null,0,0,0
4294,0,null,0,0,0
4295,0,null,0,0,0
4296,0,null,0,0,0
4297,0,null,0,0,0
4298,0,null,0,0,0
4299,0,null,0,0,0
4300,0,null,0,0,0
4301,0,null,0,0,0
4302,0,null,0,0,0
4303,0,null,0,0,0
4304,0,null,0,0,0
4305,0,null,0,0,0
4306,1,primary_proton,1,1,1
4307,0,null,0,0,0
4308,0,null,0,0,0
4309,0,null,0,0,0
4310,0,null,0,0,0
4311,0,null,0,0,0
4312,0,null,0,0,0
4313,0,null,0,0,0
4314,0,null,0,0,0
4315,0,null,0,0,0
4316,0,null,0,0,0
4317,0,null,0,0,0
4318,0,null,0,0,0
4319,0,null,0,0,0
4320,0,null,0,0,0
4321,0,null,0,0,0
4322,0,null,0,0,0
4323,0,null,0,0,0
4324,0,null,0,0,0
4325,0,null,0,0,0
4326,0,null,0,0,0
4327,0,null,0,0,0
4328,0,null,0,0,0
4329,0,null,0,0,0
4330,0,null,0,0,0
4331,0,null,0,0,0
4332,0,null,0,0,0
4333,0,null,0,0,0
4334,3,secondary_proton,1,1,1
4335,0,null,0,0,0
4336,0,null,0,0,0
4337,0,null,0,0,0
4338,0,null,0,0,0
4339,0,null,0,0,0
4410,0,null,0,0,0
4411,0,null,0,0,0
4412,0,null,0,0,0
4413,0,null,0,0,0
4414,0,null,0,0,0
4415,0,null,0,0,0
4416,0,null,0,0,0
4417,0,null,0,0,0
4418,0,null,0,0,0
4419,0,null,0,0,0
4420,0,null,0,0,0
4421,0,null,0,0,0
3967,0,null,0,0,0
3968,0,null,0,0,0
3969,0,null,0,0,0
3970,0,null,0,0,0
3971,0,null,0,0,0
3972,0,null,0,0,0
3973,1,primary_proton,1,1,1
3974,0,null,0,0,0
3975,0,null,0,0,0
3976,0,null,0,0,0
3977,0,null,0,0,0
3978,0,null,0,0,0
3979,0,null,0,0,0
3980,21,secondary_proton,1,1,1
3981,1,primary_proton,1,1,1
3982,343,secondary_proton,1,0,0
3983,0,null,0,0,0
3984,0,null,0,0,0
3985,0,null,0,0,0
3986,0,null,0,0,0
3987,0,null,0,0,0
3988,0,null,0,0,0
3989,0,null,0,0,0
4200,0,null,0,0,0
4201,0,null,0,0,0
4202,0,null,0,0,0
4203,0,null,0,0,0
4204,0,null,0,0,0
4205,0,null,0,0,0
4206,13,pi-,1,1,1
4207,0,null,0,0,0
4208,0,null,0,0,0
4209,0,null,0,0,0
4210,0,null,0,0,0
4211,0,null,0,0,0
4212,0,null,0,0,0
4213,0,null,0,0,0
4214,0,null,0,0,0
4215,3853,pi-,1,1,0
4216,1,primary_proton,1,1,1
4217,0,null,0,0,0
4218,0,null,0,0,0
4219,0,null,0,0,0
4220,0,null,0,0,0
4221,0,null,0,0,0
4222,0,null,0,0,0
4223,0,null,0,0,0
4224,0,null,0,0,0
4225,0,null,0,0,0
4226,0,null,0,0,0
4227,0,null,0,0,0
4228,0,null,0,0,0
4229,0,null,0,0,0
4230,0,null,0,0,0
4231,0,null,0,0,0
4232,0,null,0,0,0
4233,0,null,0,0,0
4234,0,null,0,0,0
4235,0,null,0,0,0
4236,0,null,0,0,0
4237,1,primary_proton,1,1,1
4238,0,null,0,0,0
4239,0,null,0,0,0
4240,0,null,0,0,0
4241,0,null,0,0,0
4242,0,null,0,0,0
4243,0,null,0,0,0
4244,0,null,0,0,0
4245,0,null,0,0,0
4246,0,null,0,0,0
4247,0,null,0,0,0
4248,0,null,0,0,0
4249,0,null,0,0,0
4250,0,null,0,0,0
4251,0,null,0,0,0
4252,0,null,0,0,0
4253,0,null,0,0,0
4254,0,null,0,0,0
4255,0,null,0,0,0
4256,0,null,0,0,0
4257,1,primary_proton,1,1,1
4258,0,null,0,0,0
4259,0,null,0,0,0
4260,0,null,0,0,0
4261,0,null,0,0,0
4262,0,null,0,0,0
4263,0,null,0,0,0
4264,0,null,0,0,0
4265,0,null,0,0,0
4266,0,null,0,0,0
4267,1,primary_proton,1,1,1
4268,0,null,0,0,0
4269,0,null,0,0,0
4340,0,null,0,0,0
4341,0,null,0,0,0
4342,0,null,0,0,0
4343,0,null,0,0,0
4344,0,null,0,0,0
4345,0,null,0,0,0
4346,0,null,0,0,0
4347,0,null,0,0,0
4348,0,null,0,0,0
4349,0,null,0,0,0
4350,0,null,0,0,0
4351,0,null,0,0,0
4352,0,null,0,0,0
4353,0,null,0,0,0
4354,5827,pi+,1,1,1
4355,0,null,0,0,0
4356,0,null,0,0,0
4357,0,null,0,0,0
4358,0,null,0,0,0
4359,0,null,0,0,0
4360,0,null,0,0,0
4361,0,null,0,0,0
4362,0,null,0,0,0
4363,0,null,0,0,0
4364,0,null,0,0,0
4365,0,null,0,0,0
4366,0,null,0,0,0
4367,0,null,0,0,0
4368,0,null,0,0,0
4369,0,null,0,0,0
4370,0,null,0,0,0
4371,0,null,0,0,0
4372,0,null,0,0,0
4373,0,null,0,0,0
4374,0,null,0,0,0
4375,0,null,0,0,0
4376,1,primary_proton,1,1,1
4377,0,null,0,0,0
4378,0,null,0,0,0
4379,0,null,0,0,0
4380,0,null,0,0,0
4381,0,null,0,0,0
4382,0,null,0,0,0
4383,0,null,0,0,0
4384,0,null,0,0,0
4385,0,null,0,0,0
4386,0,null,0,0,0
4387,0,null,0,0,0
4388,0,null,0,0,0
4389,0,null,0,0,0
4390,0,null,0,0,0
4391,0,null,0,0,0
4392,1592,pi+,1,1,1
4393,0,null,0,0,0
4394,0,null,0,0,0
4395,0,null,0,0,0
4396,0,null,0,0,0
4397,0,null,0,0,0
4398,0,null,0,0,0
4399,0,null,0,0,0
4400,0,null,0,0,0
4401,0,null,0,0,0
4402,0,null,0,0,0
4403,0,null,0,0,0
4404,0,null,0,0,0
4405,0,null,0,0,0
4406,0,null,0,0,0
4407,5,secondary_proton,1,1,1
4408,0,null,0,0,0
4409,0,null,0,0,0
4480,0,null,0,0,0
4481,0,null,0,0,0
4482,0,null,0,0,0
4483,0,null,0,0,0
4484,4,secondary_proton,1,1,1
4485,0,null,0,0,0
4486,0,null,0,0,0
4487,0,null,0,0,0
4488,0,null,0,0,0
4489,0,null,0,0,0
4490,0,null,0,0,0
4491,0,null,0,0,0
4492,0,null,0,0,0
4493,0,null,0,0,0
4494,0,null,0,0,0
4495,0,null,0,0,0
4496,0,null,0,0,0
4497,0,null,0,0,0
4498,0,null,0,0,0
4499,0,null,0,0,0
4500,0,null,0,0,0
4501,0,null,0,0,0
4502,7,pi-,1,1,1
4503,0,null,0,0,0
4504,1,primary_proton,1,1,1
4505,0,null,0,0,0
4506,0,null,0,0,0
4507,0,null,0,0,0
4508,0,null,0,0,0
4509,0,null,0,0,0
4510,0,null,0,0,0
4511,0,null,0,0,0
4512,0,null,0,0,0
4513,0,null,0,0,0
4514,0,null,0,0,0
4515,0,null,0,0,0
4516,31,secondary_proton,1,1,1
4517,0,null,0,0,0
4518,3,pi-,1,1,1
4519,0,null,0,0,0
4520,0,null,0,0,0
4521,0,null,0,0,0
4522,0,null,0,0,0
4523,0,null,0,0,0
4524,0,null,0,0,0
4525,0,null,0,0,0
4526,0,null,0,0,0
4527,0,null,0,0,0
4528,0,null,0,0,0
4529,0,null,0,0,0
4530,0,null,0,0,0
4531,0,null,0,0,0
4532,0,null,0,0,0
4533,0,null,0,0,0
4534,0,null,0,0,0
4423,0,null,0,0,0
4424,0,null,0,0,0
4425,0,null,0,0,0
4426,0,null,0,0,0
4427,0,null,0,0,0
4428,0,null,0,0,0
4429,0,null,0,0,0
4430,0,null,0,0,0
4431,0,null,0,0,0
4432,0,null,0,0,0
4433,0,null,0,0,0
4434,0,null,0,0,0
4435,0,null,0,0,0
4436,0,null,0,0,0
4437,0,null,0,0,0
4438,0,null,0,0,0
4439,1,primary_proton,1,1,1
4440,0,null,0,0,0
4441,0,null,0,0,0
4442,0,null,0,0,0
4443,0,null,0,0,0
4444,0,null,0,0,0
4445,0,null,0,0,0
4446,0,null,0,0,0
4447,0,null,0,0,0
4448,0,null,0,0,0
4449,0,null,0,0,0
4450,0,null,0,0,0
4451,0,null,0,0,0
4452,0,null,0,0,0
4453,0,null,0,0,0
4454,0,null,0,0,0
4455,0,null,0,0,0
4456,0,null,0,0,0
4457,0,null,0,0,0
4458,0,null,0,0,0
4459,0,null,0,0,0
4460,0,null,0,0,0
4461,0,null,0,0,0
4462,0,null,0,0,0
4463,0,null,0,0,0
4464,0,null,0,0,0
4465,0,null,0,0,0
4466,0,null,0,0,0
4467,0,null,0,0,0
4468,8,pi-,1,1,1
4469,0,null,0,0,0
4470,0,null,0,0,0
4471,0,null,0,0,0
4472,0,null,0,0,0
4473,0,null,0,0,0
4474,0,null,0,0,0
4475,0,null,0,0,0
4476,0,null,0,0,0
4477,0,null,0,0,0
4478,0,null,0,0,0
4479,0,null,0,0,0
4550,0,null,0,0,0
4551,1,primary_proton,1,1,1
4552,0,null,0,0,0
4553,0,null,0,0,0
4554,0,null,0,0,0
4555,0,null,0,0,0
4556,0,null,0,0,0
4557,0,null,0,0,0
4558,0,null,0,0,0
4559,0,null,0,0,0
4560,0,null,0,0,0
4561,0,null,0,0,0
4562,0,null,0,0,0
4563,0,null,0,0,0
4564,0,null,0,0,0
4565,0,null,0,0,0
4566,1,primary_proton,1,1,1
4567,0,null,0,0,0
4568,0,null,0,0,0
4569,0,null,0,0,0
4570,0,null,0,0,0
4571,0,null,0,0,0
4572,0,null,0,0,0
4573,0,null,0,0,0
4574,0,null,0,0,0
4575,0,null,0,0,0
4576,8,pi-,1,1,1
4577,0,null,0,0,0
4578,0,null,0,0,0
4579,0,null,0,0,0
4580,0,null,0,0,0
4581,0,null,0,0,0
4582,0,null,0,0,0
4583,5,secondary_proton,1,1,0
4584,0,null,0,0,0
4585,0,null,0,0,0
4586,0,null,0,0,0
4587,0,null,0,0,0
4588,0,null,0,0,0
4589,0,null,0,0,0
4590,0,null,0,0,0
4591,0,null,0,0,0
4592,0,null,0,0,0
4593,0,null,0,0,0
4594,0,null,0,0,0
4595,29,pi+,1,1,1
4596,0,null,0,0,0
4597,0,null,0,0,0
4598,0,null,0,0,0
4599,0,null,0,0,0
4600,0,null,0,0,0
4601,0,null,0,0,0
4602,0,null,0,0,0
4603,0,null,0,0,0
4604,0,null,0,0,0
4605,0,null,0,0,0
4606,0,null,0,0,0
4607,0,null,0,0,0
4608,0,null,0,0,0
4609,0,null,0,0,0
4610,0,null,0,0,0
4611,0,null,0,0,0
4612,0,null,0,0,0
4613,0,null,0,0,0
4614,0,null,0,0,0
4615,0,null,0,0,0
4616,0,null,0,0,0
4617,0,null,0,0,0
4618,1,primary_proton,1,1,1
4619,0,null,0,0,0
4620,0,null,0,0,0
4621,17,pi-,1,1,1
4622,0,null,0,0,0
4623,0,null,0,0,0
4624,0,null,0,0,0
4625,0,null,0,0,0
4626,0,null,0,0,0
4627,0,null,0,0,0
4628,0,null,0,0,0
4629,0,null,0,0,0
4630,1454,e+,1,1,0
4631,0,null,0,0,0
4632,0,null,0,0,0
4633,0,null,0,0,0
4634,0,null,0,0,0
4635,0,null,0,0,0
4636,45,secondary_proton,1,1,1
4637,0,null,0,0,0
4638,0,null,0,0,0
4639,0,null,0,0,0
4640,0,null,0,0,0
4641,0,null,0,0,0
4642,0,null,0,0,0
4643,0,null,0,0,0
4644,0,null,0,0,0
4645,0,null,0,0,0
4646,0,null,0,0,0
4647,0,null,0,0,0
4648,0,null,0,0,0
4649,0,null,0,0,0
4650,0,null,0,0,0
4651,0,null,0,0,0
4652,0,null,0,0,0
4653,0,null,0,0,0
4654,0,null,0,0,0
4655,0,null,0,0,0
4656,0,null,0,0,0
4657,0,null,0,0,0
4658,0,null,0,0,0
4659,0,null,0,0,0
4660,0,null,0,0,0
4661,8,pi+,1,1,1
4662,0,null,0,0,0
4663,6268,e+,1,1,1
4664,0,null,0,0,0
4665,0,null,0,0,0
4666,0,null,0,0,0
4667,0,null,0,0,0
4668,0,null,0,0,0
4669,0,null,0,0,0
4670,0,null,0,0,0
4671,0,null,0,0,0
4672,0,null,0,0,0
4673,0,null,0,0,0
4674,0,null,0,0,0
4675,0,null,0,0,0
4676,0,null,0,0,0
4677,0,null,0,0,0
4678,0,null,0,0,0
4679,0,null,0,0,0
4680,0,null,0,0,0
4681,0,null,0,0,0
4682,0,null,0,0,0
4683,0,null,0,0,0
4684,0,null,0,0,0
4685,0,null,0,0,0
4686,0,null,0,0,0
4687,0,null,0,0,0
4688,0,null,0,0,0
4689,0,null,0,0,0
4760,0,null,0,0,0
4761,0,null,0,0,0
4762,0,null,0,0,0
4763,0,null,0,0,0
4764,0,null,0,0,0
4765,0,null,0,0,0
4766,0,null,0,0,0
4767,0,null,0,0,0
4768,0,null,0,0,0
4769,0,null,0,0,0
4770,0,null,0,0,0
4771,0,null,0,0,0
4772,0,null,0,0,0
4773,0,null,0,0,0
4774,0,null,0,0,0
4775,0,null,0,0,0
4776,0,null,0,0,0
4777,0,null,0,0,0
4778,0,null,0,0,0
4779,1,primary_proton,1,1,1
4780,0,null,0,0,0
4781,0,null,0,0,0
4782,0,null,0,0,0
4783,0,null,0,0,0
4784,0,null,0,0,0
4536,0,null,0,0,0
4537,0,null,0,0,0
4538,0,null,0,0,0
4539,1,primary_proton,1,1,1
4540,0,null,0,0,0
4541,0,null,0,0,0
4542,1,primary_proton,1,1,1
4543,0,null,0,0,0
4544,1,primary_proton,1,1,1
4545,0,null,0,0,0
4546,0,null,0,0,0
4547,0,null,0,0,0
4548,0,null,0,0,0
4549,0,null,0,0,0
4690,0,null,0,0,0
4691,7,pi-,1,1,0
4692,0,null,0,0,0
4693,0,null,0,0,0
4694,0,null,0,0,0
4695,0,null,0,0,0
4696,0,null,0,0,0
4697,0,null,0,0,0
4698,3,secondary_proton,1,1,1
4699,9,pi-,1,1,1
4700,0,null,0,0,0
4701,0,null,0,0,0
4702,0,null,0,0,0
4703,0,null,0,0,0
4704,0,null,0,0,0
4705,0,null,0,0,0
4706,0,null,0,0,0
4707,0,null,0,0,0
4708,0,null,0,0,0
4709,5,secondary_proton,1,1,1
4710,0,null,0,0,0
4711,0,null,0,0,0
4712,0,null,0,0,0
4713,0,null,0,0,0
4714,0,null,0,0,0
4715,0,null,0,0,0
4716,0,null,0,0,0
4717,0,null,0,0,0
4718,1,primary_proton,1,1,1
4719,0,null,0,0,0
4720,0,null,0,0,0
4721,0,null,0,0,0
4722,1,primary_proton,1,1,1
4723,0,null,0,0,0
4724,0,null,0,0,0
4725,0,null,0,0,0
4726,0,null,0,0,0
4727,0,null,0,0,0
4728,0,null,0,0,0
4729,3,pi+,1,1,1
4730,0,null,0,0,0
4731,0,null,0,0,0
4732,0,null,0,0,0
4733,0,null,0,0,0
4734,0,null,0,0,0
4735,0,null,0,0,0
4736,0,null,0,0,0
4737,0,null,0,0,0
4738,0,null,0,0,0
4739,0,null,0,0,0
4740,0,null,0,0,0
4741,0,null,0,0,0
4742,0,null,0,0,0
4743,0,null,0,0,0
4744,0,null,0,0,0
4745,0,null,0,0,0
4746,0,null,0,0,0
4747,1,primary_proton,1,1,1
4748,0,null,0,0,0
4749,0,null,0,0,0
4750,0,null,0,0,0
4751,0,null,0,0,0
4752,0,null,0,0,0
4753,0,null,0,0,0
4754,0,null,0,0,0
4755,0,null,0,0,0
4756,0,null,0,0,0
4757,0,null,0,0,0
4758,0,null,0,0,0
4759,0,null,0,0,0
4830,0,null,0,0,0
4831,1,primary_proton,1,1,1
4832,0,null,0,0,0
4833,0,null,0,0,0
4834,0,null,0,0,0
4835,0,null,0,0,0
4836,0,null,0,0,0
4837,0,null,0,0,0
4838,0,null,0,0,0
4839,0,null,0,0,0
4840,0,null,0,0,0
4841,0,null,0,0,0
4842,0,null,0,0,0
4843,0,null,0,0,0
4844,0,null,0,0,0
4845,0,null,0,0,0
4846,0,null,0,0,0
4847,0,null,0,0,0
4848,0,null,0,0,0
4849,0,null,0,0,0
4850,0,null,0,0,0
4851,0,null,0,0,0
4852,0,null,0,0,0
4853,0,null,0,0,0
4854,0,null,0,0,0
4855,0,null,0,0,0
4856,10,secondary_proton,1,1,1
4857,0,null,0,0,0
4858,0,null,0,0,0
4859,0,null,0,0,0
4860,0,null,0,0,0
4861,0,null,0,0,0
4862,0,null,0,0,0
4863,7,sigma-,1,1,1
4864,0,null,0,0,0
4865,0,null,0,0,0
4866,0,null,0,0,0
4867,5,secondary_proton,1,1,1
4868,0,null,0,0,0
4869,0,null,0,0,0
4870,0,null,0,0,0
4871,0,null,0,0,0
4872,0,null,0,0,0
4873,0,null,0,0,0
4874,0,null,0,0,0
4875,0,null,0,0,0
4876,0,null,0,0,0
4877,0,null,0,0,0
4878,0,null,0,0,0
4879,0,null,0,0,0
4880,14,pi+,1,1,1
4881,0,null,0,0,0
4882,0,null,0,0,0
4883,1056,pi+,1,1,1
4884,0,null,0,0,0
4885,1,primary_proton,1,1,1
4886,0,null,0,0,0
4887,0,null,0,0,0
4888,0,null,0,0,0
4889,0,null,0,0,0
4890,7,pi-,1,1,1
4891,0,null,0,0,0
4892,0,null,0,0,0
4893,0,null,0,0,0
4894,0,null,0,0,0
4895,0,null,0,0,0
4896,0,null,0,0,0
4897,0,null,0,0,0
4898,0,null,0,0,0
4899,0,null,0,0,0
4970,0,null,0,0,0
4971,14,pi-,1,1,1
4972,0,null,0,0,0
4973,0,null,0,0,0
4974,0,null,0,0,0
4975,0,null,0,0,0
4976,0,null,0,0,0
4977,0,null,0,0,0
4978,0,null,0,0,0
4979,0,null,0,0,0
4980,1,primary_proton,1,1,1
4981,0,null,0,0,0
4982,0,null,0,0,0
4983,0,null,0,0,0
4984,0,null,0,0,0
4985,0,null,0,0,0
4986,0,null,0,0,0
4987,0,null,0,0,0
4988,1,primary_proton,1,1,1
4989,0,null,0,0,0
4990,0,null,0,0,0
4991,0,null,0,0,0
4992,0,null,0,0,0
4993,0,null,0,0,0
4994,0,null,0,0,0
4995,0,null,0,0,0
4996,14,pi+,1,1,1
4997,0,null,0,0,0
4998,0,null,0,0,0
4999,0,null,0,0,0
4786,0,null,0,0,0
4787,0,null,0,0,0
4788,0,null,0,0,0
4789,0,null,0,0,0
4790,0,null,0,0,0
4791,0,null,0,0,0
4792,0,null,0,0,0
4793,0,null,0,0,0
4794,0,null,0,0,0
4795,0,null,0,0,0
4796,0,null,0,0,0
4797,0,null,0,0,0
4798,0,null,0,0,0
4799,0,null,0,0,0
4800,0,null,0,0,0
4801,0,null,0,0,0
4802,0,null,0,0,0
4803,0,null,0,0,0
4804,0,null,0,0,0
4805,0,null,0,0,0
4806,5,secondary_proton,1,1,0
4807,0,null,0,0,0
4808,0,null,0,0,0
4809,0,null,0,0,0
4810,0,null,0,0,0
4811,2,secondary_proton,1,1,1
4812,1,primary_proton,1,0,0
4813,0,null,0,0,0
4814,0,null,0,0,0
4815,0,null,0,0,0
4816,0,null,0,0,0
4817,0,null,0,0,0
4818,0,null,0,0,0
4819,0,null,0,0,0
4820,10,pi-,1,1,0
4821,0,null,0,0,0
4822,0,null,0,0,0
4823,0,null,0,0,0
4824,0,null,0,0,0
4825,0,null,0,0,0
4826,0,null,0,0,0
4827,0,null,0,0,0
4828,0,null,0,0,0
4829,0,null,0,0,0
4900,6,pi-,1,1,1
4901,0,null,0,0,0
4902,0,null,0,0,0
4903,0,null,0,0,0
4904,0,null,0,0,0
4905,0,null,0,0,0
4906,0,null,0,0,0
4907,0,null,0,0,0
4908,0,null,0,0,0
4909,0,null,0,0,0
4910,0,null,0,0,0
4911,0,null,0,0,0
4912,0,null,0,0,0
4913,0,null,0,0,0
4914,0,null,0,0,0
4915,0,null,0,0,0
4916,0,null,0,0,0
4917,0,null,0,0,0
4918,0,null,0,0,0
4919,0,null,0,0,0
4920,0,null,0,0,0
4921,0,null,0,0,0
4922,0,null,0,0,0
4923,0,null,0,0,0
4924,0,null,0,0,0
4925,0,null,0,0,0
4926,0,null,0,0,0
4927,0,null,0,0,0
4928,0,null,0,0,0
4929,0,null,0,0,0
4930,0,null,0,0,0
4931,0,null,0,0,0
4932,0,null,0,0,0
4933,0,null,0,0,0
4934,0,null,0,0,0
4935,0,null,0,0,0
4936,0,null,0,0,0
4937,0,null,0,0,0
4938,0,null,0,0,0
4939,0,null,0,0,0
4940,0,null,0,0,0
4941,0,null,0,0,0
4942,0,null,0,0,0
4943,0,null,0,0,0
4944,0,null,0,0,0
4945,0,null,0,0,0
4946,0,null,0,0,0
4947,0,null,0,0,0
4948,0,null,0,0,0
4949,0,null,0,0,0
4950,0,null,0,0,0
4951,0,null,0,0,0
4952,0,null,0,0,0
4953,0,null,0,0,0
4954,0,null,0,0,0
4955,0,null,0,0,0
4956,0,null,0,0,0
4957,0,null,0,0,0
4958,0,null,0,0,0
4959,0,null,0,0,0
4960,0,null,0,0,0
4961,0,null,0,0,0
4962,0,null,0,0,0
4963,0,null,0,0,0
4964,0,null,0,0,0
4965,0,null,0,0,0
4966,9,pi-,1,1,1
4967,0,null,0,0,0
4968,0,null,0,0,0
4969,0,null,0,0,0
71,0,null,0,0,0
72,0,null,0,0,0
73,0,null,0,0,0
74,8,pi+,1,1,1
75,0,null,0,0,0
76,0,null,0,0,0
77,0,null,0,0,0
78,6,secondary_proton,1,1,1
79,0,null,0,0,0
80,0,null,0,0,0
81,0,null,0,0,0
82,0,null,0,0,0
83,0,null,0,0,0
84,0,null,0,0,0
85,0,null,0,0,0
86,0,null,0,0,0
87,0,null,0,0,0
88,0,null,0,0,0
89,1,primary_proton,1,1,1
90,0,null,0,0,0
91,0,null,0,0,0
92,0,null,0,0,0
93,0,null,0,0,0
94,0,null,0,0,0
95,0,null,0,0,0
96,0,null,0,0,0
97,0,null,0,0,0
98,0,null,0,0,0
99,0,null,0,0,0
100,0,null,0,0,0
101,0,null,0,0,0
102,0,null,0,0,0
103,0,null,0,0,0
104,8,pi+,1,1,1
105,0,null,0,0,0
106,9,secondary_proton,1,1,1
107,0,null,0,0,0
108,0,null,0,0,0
109,0,null,0,0,0
110,0,null,0,0,0
111,0,null,0,0,0
112,1,primary_proton,1,1,1
113,0,null,0,0,0
114,0,null,0,0,0
115,0,null,0,0,0
116,0,null,0,0,0
117,0,null,0,0,0
118,0,null,0,0,0
119,0,null,0,0,0
120,0,null,0,0,0
121,0,null,0,0,0
122,0,null,0,0,0
123,15,pi-,1,1,1
124,0,null,0,0,0
125,0,null,0,0,0
126,0,null,0,0,0
127,0,null,0,0,0
128,0,null,0,0,0
129,0,null,0,0,0
130,0,null,0,0,0
131,0,null,0,0,0
132,0,null,0,0,0
133,0,null,0,0,0
134,0,null,0,0,0
135,0,null,0,0,0
136,1,primary_proton,1,1,1
137,0,null,0,0,0
138,0,null,0,0,0
139,0,null,0,0,0
140,0,null,0,0,0
141,0,null,0,0,0
142,0,null,0,0,0
143,0,null,0,0,0
144,0,null,0,0,0
145,1,primary_proton,1,1,1
146,0,null,0,0,0
147,0,null,0,0,0
148,0,null,0,0,0
149,0,null,0,0,0
150,0,null,0,0,0
151,0,null,0,0,0
152,0,null,0,0,0
153,0,null,0,0,0
154,10,pi+,1,1,1
155,0,null,0,0,0
156,0,null,0,0,0
157,0,null,0,0,0
158,0,null,0,0,0
159,0,null,0,0,0
160,1,primary_proton,1,1,1
161,0,null,0,0,0
162,0,null,0,0,0
163,0,null,0,0,0
164,0,null,0,0,0
165,0,null,0,0,0
166,0,null,0,0,0
167,0,null,0,0,0
168,0,null,0,0,0
169,0,null,0,0,0
170,7,secondary_proton,1,0,0
171,0,null,0,0,0
172,0,null,0,0,0
173,0,null,0,0,0
174,0,null,0,0,0
175,0,null,0,0,0
176,0,null,0,0,0
177,0,null,0,0,0
178,0,null,0,0,0
179,0,null,0,0,0
180,0,null,0,0,0
181,0,null,0,0,0
182,8,pi-,1,0,0
183,0,null,0,0,0
184,0,null,0,0,0
185,0,null,0,0,0
186,0,null,0,0,0
187,0,null,0,0,0
188,0,null,0,0,0
189,0,null,0,0,0
190,0,null,0,0,0
191,0,null,0,0,0
192,0,null,0,0,0
193,0,null,0,0,0
194,0,null,0,0,0
195,0,null,0,0,0
196,0,null,0,0,0
197,0,null,0,0,0
198,0,null,0,0,0
199,0,null,0,0,0
200,0,null,0,0,0
201,0,null,0,0,0
202,0,null,0,0,0
203,0,null,0,0,0
204,10,pi+,1,1,1
205,0,null,0,0,0
206,0,null,0,0,0
207,0,null,0,0,0
208,0,null,0,0,0
209,0,null,0,0,0
280,0,null,0,0,0
281,0,null,0,0,0
282,0,null,0,0,0
283,1,primary_proton,1,1,1
284,0,null,0,0,0
285,0,null,0,0,0
286,0,null,0,0,0
287,0,null,0,0,0
288,0,null,0,0,0
289,0,null,0,0,0
290,0,null,0,0,0
291,0,null,0,0,0
292,0,null,0,0,0
293,0,null,0,0,0
294,0,null,0,0,0
295,1,primary_proton,1,1,1
296,0,null,0,0,0
297,0,null,0,0,0
298,0,null,0,0,0
299,0,null,0,0,0
300,0,null,0,0,0
301,19,pi-,1,1,1
302,0,null,0,0,0
303,0,null,0,0,0
304,0,null,0,0,0
305,0,null,0,0,0
306,0,null,0,0,0
307,0,null,0,0,0
308,0,null,0,0,0
309,0,null,0,0,0
310,0,null,0,0,0
311,0,null,0,0,0
312,1,primary_proton,1,1,1
313,0,null,0,0,0
314,0,null,0,0,0
315,0,null,0,0,0
316,0,null,0,0,0
317,0,null,0,0,0
318,0,null,0,0,0
319,0,null,0,0,0
320,0,null,0,0,0
321,0,null,0,0,0
322,0,null,0,0,0
323,0,null,0,0,0
324,0,null,0,0,0
325,0,null,0,0,0
326,0,null,0,0,0
327,0,null,0,0,0
328,0,null,0,0,0
329,0,null,0,0,0
330,0,null,0,0,0
331,8,secondary_proton,1,1,1
332,0,null,0,0,0
333,0,null,0,0,0
334,0,null,0,0,0
335,0,null,0,0,0
336,0,null,0,0,0
337,0,null,0,0,0
338,0,null,0,0,0
339,0,null,0,0,0
340,0,null,0,0,0
341,0,null,0,0,0
342,0,null,0,0,0
343,0,null,0,0,0
344,1,primary_proton,1,1,1
345,0,null,0,0,0
346,0,null,0,0,0
347,0,null,0,0,0
348,0,null,0,0,0
349,0,null,0,0,0
350,0,null,0,0,0
351,0,null,0,0,0
352,1,primary_proton,1,1,1
353,0,null,0,0,0
354,12,secondary_proton,1,1,1
355,0,null,0,0,0
356,0,null,0,0,0
357,0,null,0,0,0
358,0,null,0,0,0
359,0,null,0,0,0
360,0,null,0,0,0
361,0,null,0,0,0
362,0,null,0,0,0
363,0,null,0,0,0
364,0,null,0,0,0
365,0,null,0,0,0
366,0,null,0,0,0
367,0,null,0,0,0
368,0,null,0,0,0
369,0,null,0,0,0
370,0,null,0,0,0
371,0,null,0,0,0
372,0,null,0,0,0
1,0,null,0,0,0
2,0,null,0,0,0
3,0,null,0,0,0
4,0,null,0,0,0
5,0,null,0,0,0
6,0,null,0,0,0
7,0,null,0,0,0
8,0,null,0,0,0
9,0,null,0,0,0
10,0,null,0,0,0
11,0,null,0,0,0
12,0,null,0,0,0
13,11,pi+,1,1,1
14,0,null,0,0,0
15,0,null,0,0,0
16,0,null,0,0,0
17,0,null,0,0,0
18,0,null,0,0,0
19,0,null,0,0,0
20,0,null,0,0,0
21,0,null,0,0,0
22,0,null,0,0,0
23,28,pi-,1,1,1
24,0,null,0,0,0
25,24,secondary_proton,1,1,1
26,0,null,0,0,0
27,0,null,0,0,0
28,0,null,0,0,0
29,0,null,0,0,0
30,0,null,0,0,0
31,0,null,0,0,0
32,0,null,0,0,0
33,1,primary_proton,1,1,1
34,0,null,0,0,0
35,0,null,0,0,0
36,0,null,0,0,0
37,0,null,0,0,0
38,0,null,0,0,0
39,0,null,0,0,0
40,0,null,0,0,0
41,0,null,0,0,0
42,0,null,0,0,0
43,0,null,0,0,0
44,0,null,0,0,0
45,0,null,0,0,0
46,0,null,0,0,0
47,0,null,0,0,0
48,0,null,0,0,0
49,0,null,0,0,0
50,0,null,0,0,0
51,0,null,0,0,0
52,0,null,0,0,0
53,0,null,0,0,0
54,0,null,0,0,0
55,9,pi+,1,1,0
56,0,null,0,0,0
57,0,null,0,0,0
58,0,null,0,0,0
59,0,null,0,0,0
60,0,null,0,0,0
61,0,null,0,0,0
62,0,null,0,0,0
63,0,null,0,0,0
64,0,null,0,0,0
65,4,secondary_proton,1,1,1
66,0,null,0,0,0
67,14,pi-,1,1,1
68,0,null,0,0,0
69,0,null,0,0,0
210,0,null,0,0,0
211,0,null,0,0,0
212,0,null,0,0,0
213,0,null,0,0,0
214,175,e-,1,1,1
215,0,null,0,0,0
216,0,null,0,0,0
217,0,null,0,0,0
218,0,null,0,0,0
219,0,null,0,0,0
220,0,null,0,0,0
221,0,null,0,0,0
222,0,null,0,0,0
223,0,null,0,0,0
224,0,null,0,0,0
225,0,null,0,0,0
226,0,null,0,0,0
227,0,null,0,0,0
228,0,null,0,0,0
229,0,null,0,0,0
230,0,null,0,0,0
231,0,null,0,0,0
232,0,null,0,0,0
233,0,null,0,0,0
234,0,null,0,0,0
235,0,null,0,0,0
236,0,null,0,0,0
237,0,null,0,0,0
238,0,null,0,0,0
239,0,null,0,0,0
240,1,primary_proton,1,1,1
241,0,null,0,0,0
242,0,null,0,0,0
243,0,null,0,0,0
244,0,null,0,0,0
245,0,null,0,0,0
246,0,null,0,0,0
247,0,null,0,0,0
248,0,null,0,0,0
249,15,pi+,1,1,0
250,0,null,0,0,0
251,0,null,0,0,0
252,0,null,0,0,0
253,0,null,0,0,0
254,0,null,0,0,0
255,0,null,0,0,0
256,0,null,0,0,0
257,0,null,0,0,0
258,0,null,0,0,0
259,0,null,0,0,0
260,0,null,0,0,0
261,0,null,0,0,0
262,0,null,0,0,0
263,0,null,0,0,0
264,0,null,0,0,0
265,0,null,0,0,0
266,0,null,0,0,0
267,0,null,0,0,0
268,0,null,0,0,0
269,0,null,0,0,0
270,0,null,0,0,0
271,0,null,0,0,0
272,0,null,0,0,0
273,0,null,0,0,0
274,0,null,0,0,0
275,0,null,0,0,0
276,0,null,0,0,0
277,0,null,0,0,0
278,590,secondary_proton,1,1,1
279,0,null,0,0,0
420,0,null,0,0,0
421,0,null,0,0,0
422,0,null,0,0,0
423,0,null,0,0,0
424,8,pi+,1,1,1
425,0,null,0,0,0
426,0,null,0,0,0
427,1,primary_proton,1,1,1
428,0,null,0,0,0
429,0,null,0,0,0
430,0,null,0,0,0
431,0,null,0,0,0
432,0,null,0,0,0
433,0,null,0,0,0
434,1,primary_proton,1,1,1
435,0,null,0,0,0
436,0,null,0,0,0
437,0,null,0,0,0
438,0,null,0,0,0
439,0,null,0,0,0
440,0,null,0,0,0
441,0,null,0,0,0
442,0,null,0,0,0
443,0,null,0,0,0
444,0,null,0,0,0
445,0,null,0,0,0
446,0,null,0,0,0
447,0,null,0,0,0
448,0,null,0,0,0
449,0,null,0,0,0
450,0,null,0,0,0
451,0,null,0,0,0
452,0,null,0,0,0
453,0,null,0,0,0
454,1,primary_proton,1,1,1
455,0,null,0,0,0
456,0,null,0,0,0
457,0,null,0,0,0
458,0,null,0,0,0
459,0,null,0,0,0
460,0,null,0,0,0
461,0,null,0,0,0
462,1,primary_proton,1,1,1
463,0,null,0,0,0
464,0,null,0,0,0
465,0,null,0,0,0
466,0,null,0,0,0
467,0,null,0,0,0
468,0,null,0,0,0
469,0,null,0,0,0
470,0,null,0,0,0
471,0,null,0,0,0
472,0,null,0,0,0
473,0,null,0,0,0
474,0,null,0,0,0
475,0,null,0,0,0
476,1,primary_proton,1,1,1
477,0,null,0,0,0
478,0,null,0,0,0
479,0,null,0,0,0
480,0,null,0,0,0
481,0,null,0,0,0
482,0,null,0,0,0
483,0,null,0,0,0
484,0,null,0,0,0
485,0,null,0,0,0
486,0,null,0,0,0
487,0,null,0,0,0
488,0,null,0,0,0
489,0,null,0,0,0
490,0,null,0,0,0
491,0,null,0,0,0
492,0,null,0,0,0
493,0,null,0,0,0
494,25,secondary_proton,1,1,1
495,0,null,0,0,0
496,0,null,0,0,0
497,0,null,0,0,0
498,22,pi-,1,1,0
499,0,null,0,0,0
500,0,null,0,0,0
501,0,null,0,0,0
502,0,null,0,0,0
503,0,null,0,0,0
504,0,null,0,0,0
505,0,null,0,0,0
506,0,null,0,0,0
507,0,null,0,0,0
508,0,null,0,0,0
509,0,null,0,0,0
510,0,null,0,0,0
511,0,null,0,0,0
512,0,null,0,0,0
513,0,null,0,0,0
514,0,null,0,0,0
515,0,null,0,0,0
516,0,null,0,0,0
517,0,null,0,0,0
374,0,null,0,0,0
375,0,null,0,0,0
376,0,null,0,0,0
377,0,null,0,0,0
378,0,null,0,0,0
379,0,null,0,0,0
380,8,pi+,1,1,1
381,0,null,0,0,0
382,0,null,0,0,0
383,0,null,0,0,0
384,0,null,0,0,0
385,0,null,0,0,0
386,0,null,0,0,0
387,0,null,0,0,0
388,0,null,0,0,0
389,0,null,0,0,0
390,0,null,0,0,0
391,0,null,0,0,0
392,2644,pi-,1,1,1
393,15,pi+,1,1,1
394,0,null,0,0,0
395,0,null,0,0,0
396,0,null,0,0,0
397,0,null,0,0,0
398,12,pi+,1,1,1
399,17,pi+,1,0,0
400,0,null,0,0,0
401,0,null,0,0,0
402,0,null,0,0,0
403,0,null,0,0,0
404,0,null,0,0,0
405,0,null,0,0,0
406,0,null,0,0,0
407,0,null,0,0,0
408,0,null,0,0,0
409,0,null,0,0,0
410,6,pi-,1,1,1
411,0,null,0,0,0
412,0,null,0,0,0
413,0,null,0,0,0
414,0,null,0,0,0
415,0,null,0,0,0
416,0,null,0,0,0
417,0,null,0,0,0
418,0,null,0,0,0
419,0,null,0,0,0
560,0,null,0,0,0
561,0,null,0,0,0
562,0,null,0,0,0
563,0,null,0,0,0
564,0,null,0,0,0
565,0,null,0,0,0
566,0,null,0,0,0
567,0,null,0,0,0
568,0,null,0,0,0
569,0,null,0,0,0
570,0,null,0,0,0
571,0,null,0,0,0
572,1,primary_proton,1,1,1
573,0,null,0,0,0
574,1,primary_proton,1,1,1
575,0,null,0,0,0
576,0,null,0,0,0
577,0,null,0,0,0
578,0,null,0,0,0
579,1,primary_proton,1,1,1
580,8,secondary_proton,1,1,1
581,0,null,0,0,0
582,16,pi+,1,1,1
583,0,null,0,0,0
584,0,null,0,0,0
585,0,null,0,0,0
586,0,null,0,0,0
587,0,null,0,0,0
588,0,null,0,0,0
589,0,null,0,0,0
590,0,null,0,0,0
591,0,null,0,0,0
592,0,null,0,0,0
593,0,null,0,0,0
594,0,null,0,0,0
595,16,pi-,1,1,1
596,0,null,0,0,0
597,0,null,0,0,0
598,0,null,0,0,0
599,0,null,0,0,0
600,0,null,0,0,0
601,0,null,0,0,0
602,0,null,0,0,0
603,0,null,0,0,0
604,0,null,0,0,0
605,0,null,0,0,0
606,0,null,0,0,0
607,0,null,0,0,0
608,0,null,0,0,0
609,0,null,0,0,0
610,0,null,0,0,0
611,0,null,0,0,0
612,0,null,0,0,0
613,0,null,0,0,0
614,0,null,0,0,0
615,0,null,0,0,0
616,0,null,0,0,0
617,696,pi-,1,1,1
618,0,null,0,0,0
619,0,null,0,0,0
620,0,null,0,0,0
621,0,null,0,0,0
622,0,null,0,0,0
623,0,null,0,0,0
624,0,null,0,0,0
625,0,null,0,0,0
626,0,null,0,0,0
627,0,null,0,0,0
628,0,null,0,0,0
629,95,pi+,1,0,0
700,0,null,0,0,0
701,0,null,0,0,0
702,4,secondary_proton,1,1,1
703,0,null,0,0,0
704,0,null,0,0,0
705,0,null,0,0,0
706,0,null,0,0,0
707,0,null,0,0,0
708,0,null,0,0,0
709,0,null,0,0,0
710,0,null,0,0,0
711,0,null,0,0,0
712,0,null,0,0,0
713,0,null,0,0,0
714,0,null,0,0,0
715,0,null,0,0,0
716,0,null,0,0,0
717,0,null,0,0,0
718,0,null,0,0,0
719,0,null,0,0,0
720,0,null,0,0,0
721,0,null,0,0,0
722,19,pi-,1,1,1
723,0,null,0,0,0
724,0,null,0,0,0
725,0,null,0,0,0
726,0,null,0,0,0
727,0,null,0,0,0
728,0,null,0,0,0
729,0,null,0,0,0
730,0,null,0,0,0
731,0,null,0,0,0
732,0,null,0,0,0
733,0,null,0,0,0
734,0,null,0,0,0
735,0,null,0,0,0
736,0,null,0,0,0
737,0,null,0,0,0
738,0,null,0,0,0
739,0,null,0,0,0
740,0,null,0,0,0
741,0,null,0,0,0
742,0,null,0,0,0
743,0,null,0,0,0
744,0,null,0,0,0
745,0,null,0,0,0
746,0,null,0,0,0
747,0,null,0,0,0
748,0,null,0,0,0
749,0,null,0,0,0
750,0,null,0,0,0
751,0,null,0,0,0
752,0,null,0,0,0
753,0,null,0,0,0
754,0,null,0,0,0
755,0,null,0,0,0
756,0,null,0,0,0
757,0,null,0,0,0
758,0,null,0,0,0
759,0,null,0,0,0
760,8,pi+,1,0,0
761,0,null,0,0,0
762,0,null,0,0,0
763,0,null,0,0,0
764,0,null,0,0,0
765,0,null,0,0,0
766,0,null,0,0,0
767,0,null,0,0,0
768,0,null,0,0,0
769,0,null,0,0,0
840,0,null,0,0,0
841,0,null,0,0,0
842,0,null,0,0,0
843,0,null,0,0,0
844,0,null,0,0,0
845,0,null,0,0,0
846,0,null,0,0,0
847,0,null,0,0,0
848,0,null,0,0,0
849,0,null,0,0,0
850,1,primary_proton,1,1,1
851,0,null,0,0,0
852,0,null,0,0,0
853,0,null,0,0,0
854,0,null,0,0,0
855,0,null,0,0,0
856,0,null,0,0,0
857,0,null,0,0,0
858,171,pi-,1,1,1
859,0,null,0,0,0
860,11,pi+,1,1,0
861,0,null,0,0,0
862,0,null,0,0,0
863,0,null,0,0,0
864,0,null,0,0,0
865,0,null,0,0,0
866,0,null,0,0,0
867,0,null,0,0,0
868,0,null,0,0,0
869,9,pi-,1,1,1
870,0,null,0,0,0
871,0,null,0,0,0
872,5,secondary_proton,1,1,1
873,0,null,0,0,0
874,0,null,0,0,0
875,0,null,0,0,0
876,0,null,0,0,0
877,0,null,0,0,0
878,0,null,0,0,0
879,0,null,0,0,0
880,0,null,0,0,0
881,0,null,0,0,0
882,0,null,0,0,0
883,0,null,0,0,0
884,0,null,0,0,0
885,0,null,0,0,0
886,0,null,0,0,0
887,0,null,0,0,0
888,0,null,0,0,0
519,0,null,0,0,0
520,0,null,0,0,0
521,3549,pi+,1,1,0
522,0,null,0,0,0
523,3,secondary_proton,1,1,1
524,0,null,0,0,0
525,0,null,0,0,0
526,0,null,0,0,0
527,0,null,0,0,0
528,0,null,0,0,0
529,0,null,0,0,0
530,5892,e-,1,1,0
531,0,null,0,0,0
532,0,null,0,0,0
533,0,null,0,0,0
534,0,null,0,0,0
535,0,null,0,0,0
536,0,null,0,0,0
537,0,null,0,0,0
538,0,null,0,0,0
539,0,null,0,0,0
540,0,null,0,0,0
541,0,null,0,0,0
542,0,null,0,0,0
543,0,null,0,0,0
544,0,null,0,0,0
545,0,null,0,0,0
546,0,null,0,0,0
547,0,null,0,0,0
548,0,null,0,0,0
549,0,null,0,0,0
550,0,null,0,0,0
551,0,null,0,0,0
552,0,null,0,0,0
553,8,pi-,1,1,1
554,0,null,0,0,0
555,0,null,0,0,0
556,0,null,0,0,0
557,0,null,0,0,0
558,3067,secondary_proton,1,0,0
559,0,null,0,0,0
630,0,null,0,0,0
631,1,primary_proton,1,1,1
632,0,null,0,0,0
633,0,null,0,0,0
634,0,null,0,0,0
635,0,null,0,0,0
636,0,null,0,0,0
637,0,null,0,0,0
638,0,null,0,0,0
639,0,null,0,0,0
640,0,null,0,0,0
641,0,null,0,0,0
642,6,secondary_proton,1,1,0
643,0,null,0,0,0
644,0,null,0,0,0
645,0,null,0,0,0
646,0,null,0,0,0
647,0,null,0,0,0
648,0,null,0,0,0
649,0,null,0,0,0
650,0,null,0,0,0
651,0,null,0,0,0
652,0,null,0,0,0
653,0,null,0,0,0
654,0,null,0,0,0
655,0,null,0,0,0
656,0,null,0,0,0
657,0,null,0,0,0
658,0,null,0,0,0
659,0,null,0,0,0
660,0,null,0,0,0
661,0,null,0,0,0
662,0,null,0,0,0
663,0,null,0,0,0
664,0,null,0,0,0
665,0,null,0,0,0
666,0,null,0,0,0
667,0,null,0,0,0
668,0,null,0,0,0
669,0,null,0,0,0
670,0,null,0,0,0
671,0,null,0,0,0
672,0,null,0,0,0
673,0,null,0,0,0
674,0,null,0,0,0
675,0,null,0,0,0
676,0,null,0,0,0
677,0,null,0,0,0
678,0,null,0,0,0
679,0,null,0,0,0
680,0,null,0,0,0
681,0,null,0,0,0
682,0,null,0,0,0
683,0,null,0,0,0
684,4,secondary_proton,1,1,1
685,0,null,0,0,0
686,12,pi-,1,1,1
687,0,null,0,0,0
688,0,null,0,0,0
689,0,null,0,0,0
690,0,null,0,0,0
691,0,null,0,0,0
692,0,null,0,0,0
693,0,null,0,0,0
694,0,null,0,0,0
695,0,null,0,0,0
696,0,null,0,0,0
697,0,null,0,0,0
698,0,null,0,0,0
699,0,null,0,0,0
770,0,null,0,0,0
771,0,null,0,0,0
772,0,null,0,0,0
773,0,null,0,0,0
774,0,null,0,0,0
775,0,null,0,0,0
776,0,null,0,0,0
777,0,null,0,0,0
778,0,null,0,0,0
779,0,null,0,0,0
780,0,null,0,0,0
781,10,pi-,1,1,1
782,0,null,0,0,0
783,0,null,0,0,0
784,0,null,0,0,0
785,0,null,0,0,0
786,16,secondary_proton,1,1,1
787,0,null,0,0,0
788,1,primary_proton,1,1,1
789,0,null,0,0,0
790,0,null,0,0,0
791,0,null,0,0,0
792,1,primary_proton,1,1,1
793,0,null,0,0,0
794,0,null,0,0,0
795,0,null,0,0,0
796,0,null,0,0,0
797,0,null,0,0,0
798,0,null,0,0,0
799,0,null,0,0,0
800,1,primary_proton,1,1,1
801,0,null,0,0,0
802,0,null,0,0,0
803,0,null,0,0,0
804,0,null,0,0,0
805,1,primary_proton,1,1,1
806,0,null,0,0,0
807,0,null,0,0,0
808,0,null,0,0,0
809,16,pi+,1,1,1
810,0,null,0,0,0
811,0,null,0,0,0
812,0,null,0,0,0
813,0,null,0,0,0
814,0,null,0,0,0
815,0,null,0,0,0
816,0,null,0,0,0
817,0,null,0,0,0
818,0,null,0,0,0
819,20,pi-,1,1,1
820,0,null,0,0,0
821,0,null,0,0,0
822,0,null,0,0,0
823,0,null,0,0,0
824,0,null,0,0,0
825,0,null,0,0,0
826,0,null,0,0,0
827,0,null,0,0,0
828,0,null,0,0,0
829,0,null,0,0,0
830,0,null,0,0,0
831,0,null,0,0,0
832,0,null,0,0,0
833,0,null,0,0,0
834,0,null,0,0,0
835,0,null,0,0,0
836,15,pi-,1,1,1
837,0,null,0,0,0
838,0,null,0,0,0
839,0,null,0,0,0
980,0,null,0,0,0
981,10,pi-,1,1,1
982,0,null,0,0,0
983,0,null,0,0,0
984,0,null,0,0,0
985,1,primary_proton,1,1,1
986,0,null,0,0,0
987,0,null,0,0,0
988,0,null,0,0,0
989,0,null,0,0,0
990,0,null,0,0,0
991,0,null,0,0,0
992,0,null,0,0,0
993,0,null,0,0,0
994,0,null,0,0,0
995,0,null,0,0,0
996,115,pi+,1,1,1
997,0,null,0,0,0
998,0,null,0,0,0
999,0,null,0,0,0
1000,0,null,0,0,0
1001,0,null,0,0,0
1002,0,null,0,0,0
1003,0,null,0,0,0
1004,0,null,0,0,0
1005,0,null,0,0,0
1006,0,null,0,0,0
1007,0,null,0,0,0
1008,0,null,0,0,0
1009,0,null,0,0,0
1010,0,null,0,0,0
1011,0,null,0,0,0
1012,0,null,0,0,0
1013,0,null,0,0,0
1014,0,null,0,0,0
1015,0,null,0,0,0
1016,0,null,0,0,0
1017,664,e+,1,1,1
1018,0,null,0,0,0
1019,0,null,0,0,0
1020,0,null,0,0,0
1021,1,primary_proton,1,1,1
1022,0,null,0,0,0
1023,0,null,0,0,0
1024,0,null,0,0,0
1025,0,null,0,0,0
1026,0,null,0,0,0
1027,0,null,0,0,0
1028,0,null,0,0,0
890,0,null,0,0,0
891,0,null,0,0,0
892,0,null,0,0,0
893,0,null,0,0,0
894,0,null,0,0,0
895,0,null,0,0,0
896,0,null,0,0,0
897,0,null,0,0,0
898,0,null,0,0,0
899,0,null,0,0,0
900,0,null,0,0,0
901,0,null,0,0,0
902,0,null,0,0,0
903,0,null,0,0,0
904,0,null,0,0,0
905,0,null,0,0,0
906,0,null,0,0,0
907,0,null,0,0,0
908,0,null,0,0,0
909,0,null,0,0,0
910,0,null,0,0,0
911,0,null,0,0,0
912,0,null,0,0,0
913,0,null,0,0,0
914,0,null,0,0,0
915,0,null,0,0,0
916,0,null,0,0,0
917,0,null,0,0,0
918,0,null,0,0,0
919,0,null,0,0,0
920,0,null,0,0,0
921,0,null,0,0,0
922,0,null,0,0,0
923,0,null,0,0,0
924,2625,e-,1,0,1
925,0,null,0,0,0
926,0,null,0,0,0
927,0,null,0,0,0
928,0,null,0,0,0
929,0,null,0,0,0
930,0,null,0,0,0
931,0,null,0,0,0
932,0,null,0,0,0
933,0,null,0,0,0
934,5,secondary_proton,1,1,1
935,0,null,0,0,0
936,0,null,0,0,0
937,0,null,0,0,0
938,0,null,0,0,0
939,0,null,0,0,0
940,0,null,0,0,0
941,0,null,0,0,0
942,0,null,0,0,0
943,0,null,0,0,0
944,0,null,0,0,0
945,0,null,0,0,0
946,0,null,0,0,0
947,0,null,0,0,0
948,0,null,0,0,0
949,0,null,0,0,0
950,0,null,0,0,0
951,0,null,0,0,0
952,0,null,0,0,0
953,0,null,0,0,0
954,0,null,0,0,0
955,0,null,0,0,0
956,0,null,0,0,0
957,0,null,0,0,0
958,0,null,0,0,0
959,0,null,0,0,0
960,0,null,0,0,0
961,0,null,0,0,0
962,0,null,0,0,0
963,0,null,0,0,0
964,0,null,0,0,0
965,0,null,0,0,0
966,0,null,0,0,0
967,0,null,0,0,0
968,1,primary_proton,1,1,1
969,0,null,0,0,0
970,0,null,0,0,0
971,8,secondary_proton,1,1,1
972,0,null,0,0,0
973,0,null,0,0,0
974,0,null,0,0,0
975,0,null,0,0,0
976,0,null,0,0,0
977,0,null,0,0,0
978,0,null,0,0,0
979,0,null,0,0,0
1050,0,null,0,0,0
1051,0,null,0,0,0
1052,0,null,0,0,0
1053,0,null,0,0,0
1054,1,primary_proton,1,1,1
1055,0,null,0,0,0
1056,0,null,0,0,0
1057,0,null,0,0,0
1058,0,null,0,0,0
1059,0,null,0,0,0
1060,0,null,0,0,0
1061,0,null,0,0,0
1062,0,null,0,0,0
1063,0,null,0,0,0
1064,1,primary_proton,1,1,1
1065,0,null,0,0,0
1066,0,null,0,0,0
1067,0,null,0,0,0
1068,0,null,0,0,0
1069,0,null,0,0,0
1070,0,null,0,0,0
1071,0,null,0,0,0
1072,0,null,0,0,0
1073,0,null,0,0,0
1074,0,null,0,0,0
1075,0,null,0,0,0
1076,0,null,0,0,0
1077,2,secondary_proton,1,1,1
1078,0,null,0,0,0
1079,0,null,0,0,0
1080,0,null,0,0,0
1081,0,null,0,0,0
1082,0,null,0,0,0
1083,0,null,0,0,0
1084,0,null,0,0,0
1085,179,pi+,1,1,1
1086,0,null,0,0,0
1087,0,null,0,0,0
1088,0,null,0,0,0
1089,0,null,0,0,0
1090,0,null,0,0,0
1091,0,null,0,0,0
1092,0,null,0,0,0
1093,0,null,0,0,0
1094,0,null,0,0,0
1095,0,null,0,0,0
1096,0,null,0,0,0
1097,0,null,0,0,0
1098,0,null,0,0,0
1099,0,null,0,0,0
1100,0,null,0,0,0
1101,0,null,0,0,0
1102,0,null,0,0,0
1103,0,null,0,0,0
1104,0,null,0,0,0
1105,0,null,0,0,0
1106,0,null,0,0,0
1107,0,null,0,0,0
1108,0,null,0,0,0
1109,0,null,0,0,0
1110,0,null,0,0,0
1111,0,null,0,0,0
1112,0,null,0,0,0
1113,0,null,0,0,0
1114,0,null,0,0,0
1115,0,null,0,0,0
1116,0,null,0,0,0
1117,1,primary_proton,1,1,1
1118,27,secondary_proton,1,1,1
1119,0,null,0,0,0
1120,0,null,0,0,0
1121,0,null,0,0,0
1122,0,null,0,0,0
1123,0,null,0,0,0
1124,0,null,0,0,0
1125,0,null,0,0,0
1126,0,null,0,0,0
1127,0,null,0,0,0
1128,0,null,0,0,0
1129,0,null,0,0,0
1130,0,null,0,0,0
1131,0,null,0,0,0
1132,0,null,0,0,0
1133,0,null,0,0,0
1134,0,null,0,0,0
1135,0,null,0,0,0
1136,0,null,0,0,0
1137,0,null,0,0,0
1138,0,null,0,0,0
1139,0,null,0,0,0
1140,0,null,0,0,0
1141,7,pi+,1,1,1
1142,0,null,0,0,0
1143,0,null,0,0,0
1144,0,null,0,0,0
1145,0,null,0,0,0
1146,0,null,0,0,0
1147,0,null,0,0,0
1148,0,null,0,0,0
1149,0,null,0,0,0
1150,0,null,0,0,0
1151,0,null,0,0,0
1152,0,null,0,0,0
1153,0,null,0,0,0
1154,0,null,0,0,0
1155,1,primary_proton,1,1,1
1156,0,null,0,0,0
1157,0,null,0,0,0
1158,0,null,0,0,0
1159,0,null,0,0,0
1160,0,null,0,0,0
1161,6,secondary_proton,1,0,0
1162,0,null,0,0,0
1163,0,null,0,0,0
1164,0,null,0,0,0
1165,542,pi-,1,1,1
1166,0,null,0,0,0
1167,0,null,0,0,0
1168,0,null,0,0,0
1169,0,null,0,0,0
1170,0,null,0,0,0
1171,0,null,0,0,0
1172,0,null,0,0,0
1173,13,pi-,1,0,0
1174,0,null,0,0,0
1175,1,primary_proton,1,1,1
1176,0,null,0,0,0
1177,0,null,0,0,0
1178,0,null,0,0,0
1179,0,null,0,0,0
1180,0,null,0,0,0
1181,0,null,0,0,0
1182,0,null,0,0,0
1183,0,null,0,0,0
1184,0,null,0,0,0
1030,1412,e-,0,1,0
1031,0,null,0,0,0
1032,0,null,0,0,0
1033,0,null,0,0,0
1034,0,null,0,0,0
1035,0,null,0,0,0
1036,0,null,0,0,0
1037,0,null,0,0,0
1038,0,null,0,0,0
1039,0,null,0,0,0
1040,0,null,0,0,0
1041,0,null,0,0,0
1042,0,null,0,0,0
1043,0,null,0,0,0
1044,0,null,0,0,0
1045,0,null,0,0,0
1046,0,null,0,0,0
1047,0,null,0,0,0
1048,0,null,0,0,0
1049,0,null,0,0,0
1190,0,null,0,0,0
1191,0,null,0,0,0
1192,0,null,0,0,0
1193,0,null,0,0,0
1194,0,null,0,0,0
1195,0,null,0,0,0
1196,0,null,0,0,0
1197,0,null,0,0,0
1198,0,null,0,0,0
1199,0,null,0,0,0
1200,0,null,0,0,0
1201,0,null,0,0,0
1202,0,null,0,0,0
1203,0,null,0,0,0
1204,0,null,0,0,0
1205,0,null,0,0,0
1206,4,pi+,1,1,1
1207,0,null,0,0,0
1208,0,null,0,0,0
1209,0,null,0,0,0
1210,0,null,0,0,0
1211,0,null,0,0,0
1212,0,null,0,0,0
1213,0,null,0,0,0
1214,0,null,0,0,0
1215,0,null,0,0,0
1216,0,null,0,0,0
1217,1,primary_proton,1,1,1
1218,0,null,0,0,0
1219,0,null,0,0,0
1220,0,null,0,0,0
1221,0,null,0,0,0
1222,9,secondary_proton,1,1,1
1223,0,null,0,0,0
1224,0,null,0,0,0
1225,0,null,0,0,0
1226,0,null,0,0,0
1227,0,null,0,0,0
1228,0,null,0,0,0
1229,0,null,0,0,0
1230,0,null,0,0,0
1231,0,null,0,0,0
1232,0,null,0,0,0
1233,0,null,0,0,0
1234,0,null,0,0,0
1235,0,null,0,0,0
1236,2702,e-,1,1,1
1237,0,null,0,0,0
1238,0,null,0,0,0
1239,0,null,0,0,0
1240,0,null,0,0,0
1241,0,null,0,0,0
1242,0,null,0,0,0
1243,0,null,0,0,0
1244,0,null,0,0,0
1245,0,null,0,0,0
1246,0,null,0,0,0
1247,0,null,0,0,0
1248,0,null,0,0,0
1249,0,null,0,0,0
1250,0,null,0,0,0
1251,0,null,0,0,0
1252,0,null,0,0,0
1253,0,null,0,0,0
1254,0,null,0,0,0
1255,0,null,0,0,0
1256,0,null,0,0,0
1257,0,null,0,0,0
1258,0,null,0,0,0
1259,0,null,0,0,0
1260,0,null,0,0,0
1261,0,null,0,0,0
1262,0,null,0,0,0
1263,0,null,0,0,0
1264,0,null,0,0,0
1265,0,null,0,0,0
1266,0,null,0,0,0
1267,0,null,0,0,0
1268,0,null,0,0,0
1269,0,null,0,0,0
1270,0,null,0,0,0
1271,0,null,0,0,0
1272,0,null,0,0,0
1273,1,primary_proton,1,1,1
1274,0,null,0,0,0
1275,0,null,0,0,0
1276,0,null,0,0,0
1277,0,null,0,0,0
1278,5,pi+,1,1,1
1279,0,null,0,0,0
1280,0,null,0,0,0
1281,0,null,0,0,0
1282,0,null,0,0,0
1283,0,null,0,0,0
1284,0,null,0,0,0
1285,1,primary_proton,1,1,1
1286,0,null,0,0,0
1287,0,null,0,0,0
1288,0,null,0,0,0
1289,0,null,0,0,0
1290,0,null,0,0,0
1291,1,primary_proton,1,1,1
1292,0,null,0,0,0
1293,0,null,0,0,0
1294,0,null,0,0,0
1295,0,null,0,0,0
1296,0,null,0,0,0
1297,6,secondary_proton,1,1,0
1298,0,null,0,0,0
1299,0,null,0,0,0
1300,0,null,0,0,0
1301,0,null,0,0,0
1302,0,null,0,0,0
1303,0,null,0,0,0
1304,0,null,0,0,0
1305,5102,e-,1,0,0
1306,0,null,0,0,0
1307,0,null,0,0,0
1308,0,null,0,0,0
1309,0,null,0,0,0
1310,0,null,0,0,0
1311,0,null,0,0,0
1312,0,null,0,0,0
1313,0,null,0,0,0
1314,0,null,0,0,0
1315,0,null,0,0,0
1316,0,null,0,0,0
1317,0,null,0,0,0
1318,0,null,0,0,0
1319,0,null,0,0,0
1320,0,null,0,0,0
1321,0,null,0,0,0
1322,0,null,0,0,0
1323,0,null,0,0,0
1324,0,null,0,0,0
1325,0,null,0,0,0
1326,0,null,0,0,0
1327,0,null,0,0,0
1328,0,null,0,0,0
1329,0,null,0,0,0
1400,0,null,0,0,0
1401,0,null,0,0,0
1402,0,null,0,0,0
1403,0,null,0,0,0
1404,0,null,0,0,0
1405,0,null,0,0,0
1406,0,null,0,0,0
1407,0,null,0,0,0
1408,0,null,0,0,0
1409,0,null,0,0,0
1410,0,null,0,0,0
1411,0,null,0,0,0
1412,0,null,0,0,0
1413,0,null,0,0,0
1414,0,null,0,0,0
1415,0,null,0,0,0
1416,0,null,0,0,0
1417,0,null,0,0,0
1418,0,null,0,0,0
1419,0,null,0,0,0
1420,0,null,0,0,0
1421,0,null,0,0,0
1422,0,null,0,0,0
1423,0,null,0,0,0
1424,0,null,0,0,0
1425,0,null,0,0,0
1426,0,null,0,0,0
1427,0,null,0,0,0
1428,0,null,0,0,0
1429,0,null,0,0,0
1430,0,null,0,0,0
1431,0,null,0,0,0
1432,0,null,0,0,0
1433,0,null,0,0,0
1434,0,null,0,0,0
1435,0,null,0,0,0
1436,0,null,0,0,0
1437,0,null,0,0,0
1438,0,null,0,0,0
1439,0,null,0,0,0
1440,0,null,0,0,0
1441,1225,pi+,1,1,1
1442,0,null,0,0,0
1443,0,null,0,0,0
1444,0,null,0,0,0
1445,0,null,0,0,0
1446,0,null,0,0,0
1447,0,null,0,0,0
1448,0,null,0,0,0
1449,0,null,0,0,0
1450,0,null,0,0,0
1451,0,null,0,0,0
1452,1,primary_proton,1,1,1
1453,0,null,0,0,0
1454,0,null,0,0,0
1455,0,null,0,0,0
1456,1,primary_proton,1,1,1
1457,0,null,0,0,0
1458,626,secondary_proton,1,1,1
1459,0,null,0,0,0
1460,0,null,0,0,0
1186,6,pi-,1,1,1
1187,0,null,0,0,0
1188,0,null,0,0,0
1189,0,null,0,0,0
1330,0,null,0,0,0
1331,0,null,0,0,0
1332,0,null,0,0,0
1333,0,null,0,0,0
1334,0,null,0,0,0
1335,0,null,0,0,0
1336,0,null,0,0,0
1337,0,null,0,0,0
1338,0,null,0,0,0
1339,0,null,0,0,0
1340,0,null,0,0,0
1341,0,null,0,0,0
1342,0,null,0,0,0
1343,1,primary_proton,1,1,1
1344,0,null,0,0,0
1345,0,null,0,0,0
1346,0,null,0,0,0
1347,0,null,0,0,0
1348,0,null,0,0,0
1349,0,null,0,0,0
1350,0,null,0,0,0
1351,0,null,0,0,0
1352,0,null,0,0,0
1353,20,pi-,1,1,0
1354,0,null,0,0,0
1355,0,null,0,0,0
1356,0,null,0,0,0
1357,0,null,0,0,0
1358,0,null,0,0,0
1359,0,null,0,0,0
1360,0,null,0,0,0
1361,0,null,0,0,0
1362,0,null,0,0,0
1363,0,null,0,0,0
1364,0,null,0,0,0
1365,0,null,0,0,0
1366,0,null,0,0,0
1367,0,null,0,0,0
1368,0,null,0,0,0
1369,0,null,0,0,0
1370,1,primary_proton,1,1,1
1371,0,null,0,0,0
1372,0,null,0,0,0
1373,0,null,0,0,0
1374,0,null,0,0,0
1375,0,null,0,0,0
1376,0,null,0,0,0
1377,0,null,0,0,0
1378,1,primary_proton,1,1,1
1379,0,null,0,0,0
1380,0,null,0,0,0
1381,0,null,0,0,0
1382,0,null,0,0,0
1383,0,null,0,0,0
1384,0,null,0,0,0
1385,0,null,0,0,0
1386,0,null,0,0,0
1387,0,null,0,0,0
1388,0,null,0,0,0
1389,0,null,0,0,0
1390,0,null,0,0,0
1391,0,null,0,0,0
1392,0,null,0,0,0
1393,0,null,0,0,0
1394,0,null,0,0,0
1395,11,secondary_proton,1,1,1
1396,0,null,0,0,0
1397,13,secondary_proton,1,1,1
1398,0,null,0,0,0
1399,0,null,0,0,0
1470,0,null,0,0,0
1471,0,null,0,0,0
1472,0,null,0,0,0
1473,0,null,0,0,0
1474,0,null,0,0,0
1475,0,null,0,0,0
1476,0,null,0,0,0
1477,0,null,0,0,0
1478,0,null,0,0,0
1479,0,null,0,0,0
1480,0,null,0,0,0
1481,0,null,0,0,0
1482,1,primary_proton,1,1,0
1483,0,null,0,0,0
1484,0,null,0,0,0
1485,0,null,0,0,0
1486,0,null,0,0,0
1487,0,null,0,0,0
1488,0,null,0,0,0
1489,0,null,0,0,0
1490,0,null,0,0,0
1491,0,null,0,0,0
1492,0,null,0,0,0
1493,0,null,0,0,0
1494,0,null,0,0,0
1495,0,null,0,0,0
1496,0,null,0,0,0
1497,0,null,0,0,0
1498,0,null,0,0,0
1499,0,null,0,0,0
1500,0,null,0,0,0
1501,0,null,0,0,0
1502,0,null,0,0,0
1503,0,null,0,0,0
1504,0,null,0,0,0
1505,0,null,0,0,0
1506,0,null,0,0,0
1507,0,null,0,0,0
1508,0,null,0,0,0
1509,0,null,0,0,0
1510,0,null,0,0,0
1511,0,null,0,0,0
1512,0,null,0,0,0
1513,0,null,0,0,0
1514,0,null,0,0,0
1515,0,null,0,0,0
1516,0,null,0,0,0
1517,0,null,0,0,0
1518,14,secondary_proton,1,1,1
1519,0,null,0,0,0
1520,0,null,0,0,0
1521,0,null,0,0,0
1522,2993,secondary_proton,1,1,1
1523,0,null,0,0,0
1524,0,null,0,0,0
1525,0,null,0,0,0
1526,0,null,0,0,0
1527,0,null,0,0,0
1528,0,null,0,0,0
1529,0,null,0,0,0
1530,1,primary_proton,1,1,1
1531,0,null,0,0,0
1532,0,null,0,0,0
1533,0,null,0,0,0
1534,0,null,0,0,0
1535,0,null,0,0,0
1536,0,null,0,0,0
1537,5,pi-,1,1,1
1538,0,null,0,0,0
1539,0,null,0,0,0
1540,0,null,0,0,0
1541,16,pi+,1,1,1
1542,0,null,0,0,0
1543,0,null,0,0,0
1544,0,null,0,0,0
1545,0,null,0,0,0
1546,0,null,0,0,0
1547,0,null,0,0,0
1548,29,pi-,1,0,0
1549,0,null,0,0,0
1550,0,null,0,0,0
1551,0,null,0,0,0
1552,0,null,0,0,0
1553,0,null,0,0,0
1554,0,null,0,0,0
1555,0,null,0,0,0
1556,0,null,0,0,0
1557,0,null,0,0,0
1558,0,null,0,0,0
1559,0,null,0,0,0
1560,0,null,0,0,0
1561,0,null,0,0,0
1562,0,null,0,0,0
1563,0,null,0,0,0
1564,0,null,0,0,0
1565,0,null,0,0,0
1566,0,null,0,0,0
1567,0,null,0,0,0
1568,0,null,0,0,0
1569,0,null,0,0,0
1570,0,null,0,0,0
1571,0,null,0,0,0
1572,0,null,0,0,0
1573,1,primary_proton,1,1,1
1574,0,null,0,0,0
1575,1,primary_proton,1,1,1
1576,0,null,0,0,0
1577,0,null,0,0,0
1578,0,null,0,0,0
1579,0,null,0,0,0
1580,0,null,0,0,0
1581,0,null,0,0,0
1582,0,null,0,0,0
1583,0,null,0,0,0
1584,0,null,0,0,0
1585,0,null,0,0,0
1586,0,null,0,0,0
1587,1,primary_proton,1,1,1
1588,0,null,0,0,0
1589,0,null,0,0,0
1590,0,null,0,0,0
1591,0,null,0,0,0
1592,0,null,0,0,0
1593,0,null,0,0,0
1594,0,null,0,0,0
1595,0,null,0,0,0
1596,0,null,0,0,0
1597,0,null,0,0,0
1598,0,null,0,0,0
1599,0,null,0,0,0
1600,0,null,0,0,0
1601,0,null,0,0,0
1602,0,null,0,0,0
1603,0,null,0,0,0
1604,0,null,0,0,0
1605,0,null,0,0,0
1606,0,null,0,0,0
1607,0,null,0,0,0
1608,0,null,0,0,0
1609,0,null,0,0,0
1610,0,null,0,0,0
1611,7,pi-,1,1,1
1612,0,null,0,0,0
1613,0,null,0,0,0
1614,0,null,0,0,0
1616,0,null,0,0,0
1617,0,null,0,0,0
1618,0,null,0,0,0
1619,0,null,0,0,0
1620,0,null,0,0,0
1621,0,null,0,0,0
1622,0,null,0,0,0
1623,0,null,0,0,0
1624,2422,pi-,1,1,0
1625,0,null,0,0,0
1626,0,null,0,0,0
1627,0,null,0,0,0
1628,0,null,0,0,0
1629,0,null,0,0,0
1630,0,null,0,0,0
1631,0,null,0,0,0
1632,1,primary_proton,1,1,1
1633,0,null,0,0,0
1634,0,null,0,0,0
1635,0,null,0,0,0
1636,0,null,0,0,0
1637,0,null,0,0,0
1638,0,null,0,0,0
1639,0,null,0,0,0
1640,0,null,0,0,0
1641,0,null,0,0,0
1642,0,null,0,0,0
1643,0,null,0,0,0
1644,0,null,0,0,0
1645,0,null,0,0,0
1646,0,null,0,0,0
1647,0,null,0,0,0
1648,0,null,0,0,0
1649,0,null,0,0,0
1650,0,null,0,0,0
1651,0,null,0,0,0
1652,0,null,0,0,0
1653,0,null,0,0,0
1654,0,null,0,0,0
1655,0,null,0,0,0
1656,0,null,0,0,0
1657,0,null,0,0,0
1658,0,null,0,0,0
1659,0,null,0,0,0
1660,0,null,0,0,0
1661,0,null,0,0,0
1662,0,null,0,0,0
1663,0,null,0,0,0
1664,0,null,0,0,0
1665,0,null,0,0,0
1666,0,null,0,0,0
1667,0,null,0,0,0
1668,0,null,0,0,0
1669,0,null,0,0,0
1670,0,null,0,0,0
1671,0,null,0,0,0
1672,0,null,0,0,0
1673,0,null,0,0,0
1674,0,null,0,0,0
1675,0,null,0,0,0
1676,0,null,0,0,0
1677,0,null,0,0,0
1678,0,null,0,0,0
1679,0,null,0,0,0
1750,0,null,0,0,0
1751,0,null,0,0,0
1752,0,null,0,0,0
1753,0,null,0,0,0
1754,0,null,0,0,0
1755,0,null,0,0,0
1756,0,null,0,0,0
1757,0,null,0,0,0
1758,0,null,0,0,0
1759,1474,e-,0,1,0
1760,0,null,0,0,0
1761,0,null,0,0,0
1762,0,null,0,0,0
1763,0,null,0,0,0
1764,0,null,0,0,0
1765,0,null,0,0,0
1766,0,null,0,0,0
1767,0,null,0,0,0
1768,0,null,0,0,0
1769,0,null,0,0,0
1770,0,null,0,0,0
1771,0,null,0,0,0
1772,0,null,0,0,0
1773,0,null,0,0,0
1774,0,null,0,0,0
1775,0,null,0,0,0
1776,0,null,0,0,0
1777,0,null,0,0,0
1778,0,null,0,0,0
1779,0,null,0,0,0
1780,0,null,0,0,0
1781,0,null,0,0,0
1782,0,null,0,0,0
1783,0,null,0,0,0
1784,0,null,0,0,0
1785,0,null,0,0,0
1786,0,null,0,0,0
1787,0,null,0,0,0
1788,0,null,0,0,0
1789,0,null,0,0,0
1790,0,null,0,0,0
1791,0,null,0,0,0
1792,0,null,0,0,0
1793,0,null,0,0,0
1794,0,null,0,0,0
1795,0,null,0,0,0
1796,0,null,0,0,0
1797,0,null,0,0,0
1798,0,null,0,0,0
1799,0,null,0,0,0
1800,0,null,0,0,0
1801,0,null,0,0,0
1802,0,null,0,0,0
1803,1,primary_proton,1,1,1
1804,0,null,0,0,0
1805,0,null,0,0,0
1806,0,null,0,0,0
1807,0,null,0,0,0
1808,0,null,0,0,0
1809,0,null,0,0,0
1810,0,null,0,0,0
1811,0,null,0,0,0
1812,0,null,0,0,0
1813,0,null,0,0,0
1814,0,null,0,0,0
1815,0,null,0,0,0
1816,0,null,0,0,0
1817,0,null,0,0,0
1818,0,null,0,0,0
1819,0,null,0,0,0
1820,0,null,0,0,0
1821,0,null,0,0,0
1822,0,null,0,0,0
1823,0,null,0,0,0
1824,0,null,0,0,0
1825,0,null,0,0,0
1826,0,null,0,0,0
1827,0,null,0,0,0
1828,0,null,0,0,0
1829,0,null,0,0,0
1830,16,pi-,1,1,0
1831,0,null,0,0,0
1832,0,null,0,0,0
1833,0,null,0,0,0
1834,0,null,0,0,0
1835,0,null,0,0,0
1836,0,null,0,0,0
1837,0,null,0,0,0
1838,0,null,0,0,0
1839,0,null,0,0,0
1840,0,null,0,0,0
1841,0,null,0,0,0
1842,0,null,0,0,0
1843,0,null,0,0,0
1844,1376,secondary_proton,1,0,0
1845,0,null,0,0,0
1846,0,null,0,0,0
1847,0,null,0,0,0
1848,0,null,0,0,0
1849,0,null,0,0,0
1850,0,null,0,0,0
1851,0,null,0,0,0
1852,0,null,0,0,0
1853,1,primary_proton,1,1,1
1854,0,null,0,0,0
1855,0,null,0,0,0
1856,0,null,0,0,0
1857,0,null,0,0,0
1858,0,null,0,0,0
1859,0,null,0,0,0
1860,0,null,0,0,0
1861,0,null,0,0,0
1862,0,null,0,0,0
1863,0,null,0,0,0
1864,0,null,0,0,0
1865,1,primary_proton,1,1,1
1866,0,null,0,0,0
1867,0,null,0,0,0
1868,0,null,0,0,0
1869,1,primary_proton,1,1,1
1870,0,null,0,0,0
1871,0,null,0,0,0
1872,0,null,0,0,0
1873,0,null,0,0,0
1874,0,null,0,0,0
1875,1,primary_proton,1,1,1
1876,0,null,0,0,0
1877,1,primary_proton,1,1,1
1878,0,null,0,0,0
1879,0,null,0,0,0
1880,0,null,0,0,0
1881,0,null,0,0,0
1882,1,primary_proton,1,1,1
1883,0,null,0,0,0
1884,0,null,0,0,0
1885,0,null,0,0,0
1886,0,null,0,0,0
1887,0,null,0,0,0
1888,0,null,0,0,0
1889,0,null,0,0,0
1960,0,null,0,0,0
1961,0,null,0,0,0
1962,0,null,0,0,0
1963,0,null,0,0,0
1964,0,null,0,0,0
1965,0,null,0,0,0
1966,0,null,0,0,0
1967,0,null,0,0,0
1968,0,null,0,0,0
1969,0,null,0,0,0
1970,14,pi+,1,1,1
1971,0,null,0,0,0
1972,0,null,0,0,0
1973,0,null,0,0,0
1974,0,null,0,0,0
1975,0,null,0,0,0
1976,0,null,0,0,0
1462,0,null,0,0,0
1463,0,null,0,0,0
1464,0,null,0,0,0
1465,0,null,0,0,0
1466,10,secondary_proton,1,1,1
1467,0,null,0,0,0
1468,0,null,0,0,0
1469,2059,e-,1,0,0
1680,0,null,0,0,0
1681,0,null,0,0,0
1682,0,null,0,0,0
1683,0,null,0,0,0
1684,0,null,0,0,0
1685,0,null,0,0,0
1686,0,null,0,0,0
1687,0,null,0,0,0
1688,0,null,0,0,0
1689,0,null,0,0,0
1690,0,null,0,0,0
1691,0,null,0,0,0
1692,0,null,0,0,0
1693,0,null,0,0,0
1694,0,null,0,0,0
1695,0,null,0,0,0
1696,0,null,0,0,0
1697,0,null,0,0,0
1698,0,null,0,0,0
1699,0,null,0,0,0
1700,0,null,0,0,0
1701,0,null,0,0,0
1702,0,null,0,0,0
1703,0,null,0,0,0
1704,0,null,0,0,0
1705,0,null,0,0,0
1706,0,null,0,0,0
1707,0,null,0,0,0
1708,0,null,0,0,0
1709,0,null,0,0,0
1710,0,null,0,0,0
1711,0,null,0,0,0
1712,0,null,0,0,0
1713,0,null,0,0,0
1714,0,null,0,0,0
1715,0,null,0,0,0
1716,0,null,0,0,0
1717,0,null,0,0,0
1718,0,null,0,0,0
1719,0,null,0,0,0
1720,17,secondary_proton,1,0,0
1721,0,null,0,0,0
1722,0,null,0,0,0
1723,0,null,0,0,0
1724,0,null,0,0,0
1725,0,null,0,0,0
1726,0,null,0,0,0
1727,1,primary_proton,1,1,1
1728,0,null,0,0,0
1729,0,null,0,0,0
1730,0,null,0,0,0
1731,0,null,0,0,0
1732,0,null,0,0,0
1733,0,null,0,0,0
1734,0,null,0,0,0
1735,0,null,0,0,0
1736,0,null,0,0,0
1737,0,null,0,0,0
1738,0,null,0,0,0
1739,0,null,0,0,0
1740,0,null,0,0,0
1741,0,null,0,0,0
1742,0,null,0,0,0
1743,0,null,0,0,0
1744,0,null,0,0,0
1745,0,null,0,0,0
1746,0,null,0,0,0
1747,0,null,0,0,0
1748,1,primary_proton,1,1,1
1749,0,null,0,0,0
1890,0,null,0,0,0
1891,0,null,0,0,0
1892,0,null,0,0,0
1893,0,null,0,0,0
1894,251,e-,1,1,1
1895,1,primary_proton,1,1,1
1896,0,null,0,0,0
1897,0,null,0,0,0
1898,0,null,0,0,0
1899,0,null,0,0,0
1900,0,null,0,0,0
1901,1,primary_proton,1,1,1
1902,0,null,0,0,0
1903,0,null,0,0,0
1904,0,null,0,0,0
1905,0,null,0,0,0
1906,0,null,0,0,0
1907,1,primary_proton,1,1,1
1908,0,null,0,0,0
1909,0,null,0,0,0
1910,0,null,0,0,0
1911,8,pi-,1,1,1
1912,5047,e-,1,0,0
1913,0,null,0,0,0
1914,0,null,0,0,0
1915,0,null,0,0,0
1916,0,null,0,0,0
1917,0,null,0,0,0
1918,0,null,0,0,0
1919,0,null,0,0,0
1920,0,null,0,0,0
1921,0,null,0,0,0
1922,0,null,0,0,0
1923,0,null,0,0,0
1924,0,null,0,0,0
1925,0,null,0,0,0
1926,0,null,0,0,0
1927,0,null,0,0,0
1928,0,null,0,0,0
1929,0,null,0,0,0
1930,0,null,0,0,0
1931,0,null,0,0,0
1932,0,null,0,0,0
1933,0,null,0,0,0
1934,0,null,0,0,0
1935,0,null,0,0,0
1936,0,null,0,0,0
1937,191,pi-,1,1,1
1938,0,null,0,0,0
1939,0,null,0,0,0
1940,0,null,0,0,0
1941,0,null,0,0,0
1942,0,null,0,0,0
1943,0,null,0,0,0
1944,0,null,0,0,0
1945,0,null,0,0,0
1946,0,null,0,0,0
1947,0,null,0,0,0
1948,0,null,0,0,0
1949,0,null,0,0,0
1950,0,null,0,0,0
1951,0,null,0,0,0
1952,0,null,0,0,0
1953,0,null,0,0,0
1954,0,null,0,0,0
1955,0,null,0,0,0
1956,0,null,0,0,0
1957,0,null,0,0,0
1958,0,null,0,0,0
1959,1,primary_proton,1,1,1
2030,0,null,0,0,0
2031,0,null,0,0,0
2032,0,null,0,0,0
2033,0,null,0,0,0
2034,0,null,0,0,0
2035,0,null,0,0,0
2036,0,null,0,0,0
2037,0,null,0,0,0
2038,0,null,0,0,0
2039,0,null,0,0,0
2040,0,null,0,0,0
2041,0,null,0,0,0
2042,0,null,0,0,0
2043,0,null,0,0,0
2044,0,null,0,0,0
2045,0,null,0,0,0
2046,0,null,0,0,0
2047,0,null,0,0,0
2048,0,null,0,0,0
2049,0,null,0,0,0
2050,0,null,0,0,0
2051,0,null,0,0,0
2052,0,null,0,0,0
2053,0,null,0,0,0
2054,0,null,0,0,0
2055,0,null,0,0,0
2056,0,null,0,0,0
2057,0,null,0,0,0
2058,0,null,0,0,0
2059,0,null,0,0,0
2060,1,primary_proton,1,1,1
2061,7,secondary_proton,1,1,1
2062,0,null,0,0,0
2063,0,null,0,0,0
2064,0,null,0,0,0
2065,0,null,0,0,0
2066,0,null,0,0,0
2067,0,null,0,0,0
2068,0,null,0,0,0
2069,5,secondary_proton,1,1,1
2070,0,null,0,0,0
2071,0,null,0,0,0
2072,0,null,0,0,0
2073,0,null,0,0,0
2074,0,null,0,0,0
2075,0,null,0,0,0
2076,0,null,0,0,0
2077,0,null,0,0,0
2078,5604,e+,1,0,0
2079,3881,secondary_proton,1,1,1
2080,0,null,0,0,0
2081,0,null,0,0,0
2082,0,null,0,0,0
2083,0,null,0,0,0
2084,0,null,0,0,0
2085,0,null,0,0,0
2086,0,null,0,0,0
2087,0,null,0,0,0
2088,0,null,0,0,0
2089,0,null,0,0,0
2090,0,null,0,0,0
2091,0,null,0,0,0
2092,0,null,0,0,0
2093,0,null,0,0,0
2094,0,null,0,0,0
2095,0,null,0,0,0
2096,0,null,0,0,0
2097,0,null,0,0,0
2098,0,null,0,0,0
2099,0,null,0,0,0
2170,0,null,0,0,0
2172,0,null,0,0,0
2173,0,null,0,0,0
2174,0,null,0,0,0
2175,0,null,0,0,0
2176,0,null,0,0,0
2177,0,null,0,0,0
2178,0,null,0,0,0
2179,0,null,0,0,0
2180,0,null,0,0,0
2181,1,primary_proton,1,1,1
2182,0,null,0,0,0
2183,0,null,0,0,0
2184,0,null,0,0,0
2185,0,null,0,0,0
2186,0,null,0,0,0
2187,0,null,0,0,0
2188,0,null,0,0,0
2189,0,null,0,0,0
2190,0,null,0,0,0
2191,0,null,0,0,0
2192,0,null,0,0,0
2193,0,null,0,0,0
2194,1,primary_proton,1,1,1
2195,0,null,0,0,0
2196,0,null,0,0,0
2197,0,null,0,0,0
2198,0,null,0,0,0
2199,1,primary_proton,1,1,1
2200,0,null,0,0,0
2201,0,null,0,0,0
2202,3567,e-,0,1,0
2203,0,null,0,0,0
2204,0,null,0,0,0
2205,0,null,0,0,0
2206,0,null,0,0,0
2207,0,null,0,0,0
2208,0,null,0,0,0
2209,0,null,0,0,0
2210,0,null,0,0,0
2211,0,null,0,0,0
2212,2261,e-,1,1,1
2213,0,null,0,0,0
2214,0,null,0,0,0
2215,0,null,0,0,0
2216,0,null,0,0,0
2217,0,null,0,0,0
2218,0,null,0,0,0
2219,0,null,0,0,0
2220,0,null,0,0,0
2221,1889,secondary_proton,1,0,0
2222,0,null,0,0,0
2223,0,null,0,0,0
2224,0,null,0,0,0
2225,0,null,0,0,0
2226,0,null,0,0,0
2227,0,null,0,0,0
2228,0,null,0,0,0
2229,0,null,0,0,0
2230,0,null,0,0,0
2231,0,null,0,0,0
2232,0,null,0,0,0
2233,0,null,0,0,0
2234,0,null,0,0,0
2235,0,null,0,0,0
2236,0,null,0,0,0
2237,0,null,0,0,0
2238,0,null,0,0,0
2239,0,null,0,0,0
2240,0,null,0,0,0
2241,0,null,0,0,0
2242,0,null,0,0,0
2243,0,null,0,0,0
2244,0,null,0,0,0
2245,0,null,0,0,0
2246,0,null,0,0,0
2247,0,null,0,0,0
2248,0,null,0,0,0
2249,5,pi-,1,1,1
2250,0,null,0,0,0
2251,0,null,0,0,0
2252,0,null,0,0,0
2253,0,null,0,0,0
2254,0,null,0,0,0
2255,0,null,0,0,0
2256,0,null,0,0,0
2257,0,null,0,0,0
2258,0,null,0,0,0
2259,0,null,0,0,0
2260,0,null,0,0,0
2261,0,null,0,0,0
2262,0,null,0,0,0
2263,0,null,0,0,0
2264,0,null,0,0,0
2265,0,null,0,0,0
2266,0,null,0,0,0
2267,0,null,0,0,0
2268,0,null,0,0,0
2269,1,primary_proton,1,1,1
2270,7,kaon+,1,0,0
2271,0,null,0,0,0
2272,0,null,0,0,0
2273,0,null,0,0,0
2274,0,null,0,0,0
2275,0,null,0,0,0
2276,0,null,0,0,0
2277,0,null,0,0,0
2278,0,null,0,0,0
2279,0,null,0,0,0
2280,0,null,0,0,0
2281,0,null,0,0,0
2282,0,null,0,0,0
2283,0,null,0,0,0
2284,0,null,0,0,0
2285,0,null,0,0,0
2286,0,null,0,0,0
2287,0,null,0,0,0
2288,1,primary_proton,1,1,1
2289,0,null,0,0,0
2290,0,null,0,0,0
2291,0,null,0,0,0
2292,0,null,0,0,0
2293,0,null,0,0,0
2294,1,primary_proton,1,1,1
2295,0,null,0,0,0
2296,0,null,0,0,0
2297,0,null,0,0,0
2298,0,null,0,0,0
2299,0,null,0,0,0
2300,0,null,0,0,0
2301,0,null,0,0,0
2302,0,null,0,0,0
2303,0,null,0,0,0
2304,0,null,0,0,0
2305,0,null,0,0,0
2306,0,null,0,0,0
2307,0,null,0,0,0
2308,0,null,0,0,0
2309,0,null,0,0,0
2310,0,null,0,0,0
2311,0,null,0,0,0
2312,0,null,0,0,0
2313,16,pi-,1,1,1
2314,0,null,0,0,0
2315,0,null,0,0,0
2316,0,null,0,0,0
2317,0,null,0,0,0
2318,0,null,0,0,0
2319,0,null,0,0,0
2320,0,null,0,0,0
2321,0,null,0,0,0
2322,0,null,0,0,0
2323,0,null,0,0,0
2324,0,null,0,0,0
2325,0,null,0,0,0
2326,0,null,0,0,0
2327,0,null,0,0,0
2328,0,null,0,0,0
2329,0,null,0,0,0
2330,0,null,0,0,0
2331,0,null,0,0,0
2332,0,null,0,0,0
2333,0,null,0,0,0
2334,0,null,0,0,0
2335,0,null,0,0,0
2336,135,pi-,1,1,1
2337,0,null,0,0,0
2338,0,null,0,0,0
2339,0,null,0,0,0
2340,0,null,0,0,0
2341,0,null,0,0,0
2342,0,null,0,0,0
2343,0,null,0,0,0
2344,0,null,0,0,0
2345,0,null,0,0,0
2346,0,null,0,0,0
2347,0,null,0,0,0
2348,0,null,0,0,0
2349,0,null,0,0,0
2350,0,null,0,0,0
2351,0,null,0,0,0
2352,0,null,0,0,0
2353,0,null,0,0,0
2354,0,null,0,0,0
2355,0,null,0,0,0
2356,0,null,0,0,0
2357,0,null,0,0,0
2358,0,null,0,0,0
2359,0,null,0,0,0
2360,0,null,0,0,0
2361,0,null,0,0,0
2362,0,null,0,0,0
2363,0,null,0,0,0
2364,0,null,0,0,0
2365,0,null,0,0,0
2366,0,null,0,0,0
2367,0,null,0,0,0
2368,0,null,0,0,0
2369,0,null,0,0,0
2370,0,null,0,0,0
2371,8,secondary_proton,1,1,1
2372,0,null,0,0,0
2373,0,null,0,0,0
2374,3,secondary_proton,1,1,1
2375,0,null,0,0,0
2376,0,null,0,0,0
2377,0,null,0,0,0
2378,0,null,0,0,0
2379,0,null,0,0,0
2450,0,null,0,0,0
2451,0,null,0,0,0
2452,0,null,0,0,0
2453,0,null,0,0,0
2454,0,null,0,0,0
2455,0,null,0,0,0
2456,0,null,0,0,0
2457,14,kaon-,1,0,0
2458,0,null,0,0,0
2459,0,null,0,0,0
2460,0,null,0,0,0
2461,0,null,0,0,0
2462,0,null,0,0,0
1978,0,null,0,0,0
1979,0,null,0,0,0
1980,0,null,0,0,0
1981,0,null,0,0,0
1982,4,pi-,1,1,1
1983,0,null,0,0,0
1984,0,null,0,0,0
1985,0,null,0,0,0
1986,59,pi+,1,1,1
1987,0,null,0,0,0
1988,0,null,0,0,0
1989,0,null,0,0,0
1990,0,null,0,0,0
1991,0,null,0,0,0
1992,0,null,0,0,0
1993,0,null,0,0,0
1994,0,null,0,0,0
1995,0,null,0,0,0
1996,0,null,0,0,0
1997,0,null,0,0,0
1998,0,null,0,0,0
1999,0,null,0,0,0
2000,1,primary_proton,1,1,1
2001,0,null,0,0,0
2002,0,null,0,0,0
2003,0,null,0,0,0
2004,0,null,0,0,0
2005,0,null,0,0,0
2006,0,null,0,0,0
2007,0,null,0,0,0
2008,0,null,0,0,0
2009,0,null,0,0,0
2010,0,null,0,0,0
2011,0,null,0,0,0
2012,0,null,0,0,0
2013,0,null,0,0,0
2014,0,null,0,0,0
2015,0,null,0,0,0
2016,13,secondary_proton,1,1,0
2017,254,secondary_proton,1,1,1
2018,0,null,0,0,0
2019,0,null,0,0,0
2020,0,null,0,0,0
2021,0,null,0,0,0
2022,0,null,0,0,0
2023,0,null,0,0,0
2024,10,pi+,1,1,1
2025,0,null,0,0,0
2026,0,null,0,0,0
2027,0,null,0,0,0
2028,0,null,0,0,0
2029,0,null,0,0,0
2100,8,pi-,1,1,0
2101,0,null,0,0,0
2102,0,null,0,0,0
2103,0,null,0,0,0
2104,0,null,0,0,0
2105,0,null,0,0,0
2106,0,null,0,0,0
2107,0,null,0,0,0
2108,0,null,0,0,0
2109,152,secondary_proton,1,1,1
2110,0,null,0,0,0
2111,1,primary_proton,1,1,1
2112,0,null,0,0,0
2113,0,null,0,0,0
2114,0,null,0,0,0
2115,0,null,0,0,0
2116,1,primary_proton,1,1,1
2117,0,null,0,0,0
2118,1,primary_proton,1,1,1
2119,0,null,0,0,0
2120,0,null,0,0,0
2121,0,null,0,0,0
2122,0,null,0,0,0
2123,0,null,0,0,0
2124,0,null,0,0,0
2125,0,null,0,0,0
2126,0,null,0,0,0
2127,0,null,0,0,0
2128,0,null,0,0,0
2129,0,null,0,0,0
2130,0,null,0,0,0
2131,0,null,0,0,0
2132,0,null,0,0,0
2133,1,primary_proton,1,1,1
2134,0,null,0,0,0
2135,0,null,0,0,0
2136,0,null,0,0,0
2137,0,null,0,0,0
2138,0,null,0,0,0
2139,107,pi+,1,1,1
2140,0,null,0,0,0
2141,0,null,0,0,0
2142,0,null,0,0,0
2143,0,null,0,0,0
2144,0,null,0,0,0
2145,12,pi-,1,0,0
2146,0,null,0,0,0
2147,0,null,0,0,0
2148,0,null,0,0,0
2149,0,null,0,0,0
2150,0,null,0,0,0
2151,7,secondary_proton,1,1,1
2152,0,null,0,0,0
2153,0,null,0,0,0
2154,0,null,0,0,0
2155,0,null,0,0,0
2156,0,null,0,0,0
2157,0,null,0,0,0
2158,0,null,0,0,0
2159,10,pi-,1,1,1
2160,0,null,0,0,0
2161,0,null,0,0,0
2162,0,null,0,0,0
2163,0,null,0,0,0
2164,0,null,0,0,0
2165,0,null,0,0,0
2166,0,null,0,0,0
2167,0,null,0,0,0
2168,1,primary_proton,1,1,1
2169,0,null,0,0,0
2380,0,null,0,0,0
2381,0,null,0,0,0
2382,0,null,0,0,0
2383,88,pi+,1,1,1
2384,0,null,0,0,0
2385,0,null,0,0,0
2386,0,null,0,0,0
2387,0,null,0,0,0
2388,0,null,0,0,0
2389,0,null,0,0,0
2390,0,null,0,0,0
2391,0,null,0,0,0
2392,0,null,0,0,0
2393,0,null,0,0,0
2394,0,null,0,0,0
2395,0,null,0,0,0
2396,0,null,0,0,0
2397,0,null,0,0,0
2398,0,null,0,0,0
2399,0,null,0,0,0
2400,0,null,0,0,0
2401,0,null,0,0,0
2402,0,null,0,0,0
2403,0,null,0,0,0
2404,0,null,0,0,0
2405,0,null,0,0,0
2406,0,null,0,0,0
2407,0,null,0,0,0
2408,0,null,0,0,0
2409,21,pi-,1,0,0
2410,0,null,0,0,0
2411,0,null,0,0,0
2412,0,null,0,0,0
2413,0,null,0,0,0
2414,0,null,0,0,0
2415,0,null,0,0,0
2416,0,null,0,0,0
2417,0,null,0,0,0
2418,1,primary_proton,1,1,1
2419,0,null,0,0,0
2420,0,null,0,0,0
2421,0,null,0,0,0
2422,0,null,0,0,0
2423,0,null,0,0,0
2424,0,null,0,0,0
2425,0,null,0,0,0
2426,0,null,0,0,0
2427,0,null,0,0,0
2428,0,null,0,0,0
2429,0,null,0,0,0
2430,592,e-,1,1,1
2431,0,null,0,0,0
2432,0,null,0,0,0
2433,0,null,0,0,0
2434,0,null,0,0,0
2435,0,null,0,0,0
2436,0,null,0,0,0
2437,0,null,0,0,0
2438,0,null,0,0,0
2439,0,null,0,0,0
2440,0,null,0,0,0
2441,0,null,0,0,0
2442,0,null,0,0,0
2443,0,null,0,0,0
2444,0,null,0,0,0
2445,0,null,0,0,0
2446,0,null,0,0,0
2447,8,secondary_proton,1,1,1
2448,0,null,0,0,0
2449,0,null,0,0,0
2520,10,secondary_proton,1,1,1
2521,0,null,0,0,0
2522,0,null,0,0,0
2523,0,null,0,0,0
2524,0,null,0,0,0
2525,0,null,0,0,0
2526,0,null,0,0,0
2527,0,null,0,0,0
2528,0,null,0,0,0
2529,0,null,0,0,0
2530,0,null,0,0,0
2531,0,null,0,0,0
2532,0,null,0,0,0
2533,0,null,0,0,0
2534,0,null,0,0,0
2535,0,null,0,0,0
2536,0,null,0,0,0
2537,0,null,0,0,0
2538,0,null,0,0,0
2539,0,null,0,0,0
2540,0,null,0,0,0
2541,13,secondary_proton,1,1,1
2542,0,null,0,0,0
2543,0,null,0,0,0
2544,0,null,0,0,0
2545,16,pi-,1,1,1
2464,0,null,0,0,0
2465,0,null,0,0,0
2466,0,null,0,0,0
2467,0,null,0,0,0
2468,0,null,0,0,0
2469,0,null,0,0,0
2470,0,null,0,0,0
2471,0,null,0,0,0
2472,0,null,0,0,0
2473,8,pi+,1,0,0
2474,0,null,0,0,0
2475,0,null,0,0,0
2476,0,null,0,0,0
2477,0,null,0,0,0
2478,0,null,0,0,0
2479,0,null,0,0,0
2480,0,null,0,0,0
2481,0,null,0,0,0
2482,0,null,0,0,0
2483,0,null,0,0,0
2484,0,null,0,0,0
2485,0,null,0,0,0
2486,0,null,0,0,0
2487,0,null,0,0,0
2488,0,null,0,0,0
2489,0,null,0,0,0
2490,0,null,0,0,0
2491,0,null,0,0,0
2492,0,null,0,0,0
2493,0,null,0,0,0
2494,0,null,0,0,0
2495,0,null,0,0,0
2496,0,null,0,0,0
2497,0,null,0,0,0
2498,0,null,0,0,0
2499,0,null,0,0,0
2500,0,null,0,0,0
2501,0,null,0,0,0
2502,0,null,0,0,0
2503,0,null,0,0,0
2504,0,null,0,0,0
2505,0,null,0,0,0
2506,0,null,0,0,0
2507,9,pi+,1,0,0
2508,0,null,0,0,0
2509,0,null,0,0,0
2510,0,null,0,0,0
2511,0,null,0,0,0
2512,0,null,0,0,0
2513,0,null,0,0,0
2514,0,null,0,0,0
2515,0,null,0,0,0
2516,0,null,0,0,0
2517,0,null,0,0,0
2518,0,null,0,0,0
2519,0,null,0,0,0
2590,1,primary_proton,1,1,1
2591,0,null,0,0,0
2592,0,null,0,0,0
2593,0,null,0,0,0
2594,0,null,0,0,0
2595,0,null,0,0,0
2596,0,null,0,0,0
2597,1,primary_proton,1,1,1
2598,0,null,0,0,0
2599,0,null,0,0,0
2600,0,null,0,0,0
2601,0,null,0,0,0
2602,0,null,0,0,0
2603,0,null,0,0,0
2604,0,null,0,0,0
2605,0,null,0,0,0
2606,0,null,0,0,0
2607,0,null,0,0,0
2608,0,null,0,0,0
2609,0,null,0,0,0
2610,0,null,0,0,0
2611,0,null,0,0,0
2612,20,pi-,1,0,0
2613,0,null,0,0,0
2614,0,null,0,0,0
2615,0,null,0,0,0
2616,0,null,0,0,0
2617,0,null,0,0,0
2618,0,null,0,0,0
2619,0,null,0,0,0
2620,0,null,0,0,0
2621,0,null,0,0,0
2622,0,null,0,0,0
2623,0,null,0,0,0
2624,0,null,0,0,0
2625,0,null,0,0,0
2626,0,null,0,0,0
2627,0,null,0,0,0
2628,0,null,0,0,0
2629,0,null,0,0,0
2630,0,null,0,0,0
2631,0,null,0,0,0
2632,0,null,0,0,0
2633,0,null,0,0,0
2634,0,null,0,0,0
2635,0,null,0,0,0
2636,0,null,0,0,0
2637,0,null,0,0,0
2638,0,null,0,0,0
2639,0,null,0,0,0
2640,0,null,0,0,0
2641,127,pi+,1,1,1
2642,0,null,0,0,0
2643,0,null,0,0,0
2644,0,null,0,0,0
2645,10,pi-,1,1,1
2646,0,null,0,0,0
2647,0,null,0,0,0
2648,0,null,0,0,0
2649,0,null,0,0,0
2650,0,null,0,0,0
2651,0,null,0,0,0
2652,0,null,0,0,0
2653,3,secondary_proton,1,0,0
2654,0,null,0,0,0
2655,0,null,0,0,0
2656,0,null,0,0,0
2657,0,null,0,0,0
2658,0,null,0,0,0
2659,0,null,0,0,0
2660,0,null,0,0,0
2661,0,null,0,0,0
2662,0,null,0,0,0
2663,0,null,0,0,0
2664,0,null,0,0,0
2665,0,null,0,0,0
2666,0,null,0,0,0
2667,0,null,0,0,0
2668,0,null,0,0,0
2669,0,null,0,0,0
2670,0,null,0,0,0
2671,1067,pi-,1,1,1
2672,0,null,0,0,0
2673,0,null,0,0,0
2674,0,null,0,0,0
2675,0,null,0,0,0
2676,0,null,0,0,0
2677,0,null,0,0,0
2678,0,null,0,0,0
2679,0,null,0,0,0
2680,0,null,0,0,0
2681,0,null,0,0,0
2682,0,null,0,0,0
2683,0,null,0,0,0
2684,1286,e-,1,0,0
2685,0,null,0,0,0
2686,0,null,0,0,0
2687,0,null,0,0,0
2688,0,null,0,0,0
2689,0,null,0,0,0
2690,0,null,0,0,0
2691,0,null,0,0,0
2692,0,null,0,0,0
2693,0,null,0,0,0
2694,0,null,0,0,0
2695,0,null,0,0,0
2696,0,null,0,0,0
2697,0,null,0,0,0
2698,0,null,0,0,0
2699,0,null,0,0,0
2700,0,null,0,0,0
2701,1,primary_proton,1,1,1
2702,0,null,0,0,0
2703,0,null,0,0,0
2704,0,null,0,0,0
2705,0,null,0,0,0
2706,0,null,0,0,0
2707,9,secondary_proton,1,1,1
2708,0,null,0,0,0
2709,0,null,0,0,0
2710,0,null,0,0,0
2711,0,null,0,0,0
2712,0,null,0,0,0
2713,0,null,0,0,0
2714,0,null,0,0,0
2715,0,null,0,0,0
2716,0,null,0,0,0
2717,0,null,0,0,0
2718,0,null,0,0,0
2719,0,null,0,0,0
2720,0,null,0,0,0
2721,0,null,0,0,0
2722,0,null,0,0,0
2723,0,null,0,0,0
2724,0,null,0,0,0
2725,0,null,0,0,0
2726,0,null,0,0,0
2727,0,null,0,0,0
2728,0,null,0,0,0
2729,0,null,0,0,0
2870,0,null,0,0,0
2871,0,null,0,0,0
2872,0,null,0,0,0
2873,0,null,0,0,0
2874,0,null,0,0,0
2875,0,null,0,0,0
2876,168,secondary_proton,1,1,1
2877,0,null,0,0,0
2878,0,null,0,0,0
2879,1,primary_proton,1,1,1
2880,23,pi+,1,1,1
2881,0,null,0,0,0
2882,0,null,0,0,0
2883,0,null,0,0,0
2884,0,null,0,0,0
2885,0,null,0,0,0
2886,0,null,0,0,0
2887,0,null,0,0,0
2888,0,null,0,0,0
2889,0,null,0,0,0
2890,0,null,0,0,0
2891,0,null,0,0,0
2892,0,null,0,0,0
2893,4826,e-,1,0,0
2894,0,null,0,0,0
2895,0,null,0,0,0
2547,0,null,0,0,0
2548,7,pi-,1,0,0
2549,0,null,0,0,0
2550,0,null,0,0,0
2551,0,null,0,0,0
2552,0,null,0,0,0
2553,0,null,0,0,0
2554,0,null,0,0,0
2555,0,null,0,0,0
2556,0,null,0,0,0
2557,0,null,0,0,0
2558,0,null,0,0,0
2559,0,null,0,0,0
2560,0,null,0,0,0
2561,0,null,0,0,0
2562,0,null,0,0,0
2563,0,null,0,0,0
2564,0,null,0,0,0
2565,0,null,0,0,0
2566,0,null,0,0,0
2567,0,null,0,0,0
2568,0,null,0,0,0
2569,0,null,0,0,0
2570,0,null,0,0,0
2571,0,null,0,0,0
2572,0,null,0,0,0
2573,0,null,0,0,0
2574,0,null,0,0,0
2575,0,null,0,0,0
2576,0,null,0,0,0
2577,0,null,0,0,0
2578,13,pi+,1,1,1
2579,0,null,0,0,0
2580,0,null,0,0,0
2581,19,pi+,1,1,0
2582,0,null,0,0,0
2583,1,primary_proton,1,1,1
2584,0,null,0,0,0
2585,0,null,0,0,0
2586,0,null,0,0,0
2587,0,null,0,0,0
2588,0,null,0,0,0
2589,0,null,0,0,0
2730,0,null,0,0,0
2731,0,null,0,0,0
2732,0,null,0,0,0
2733,0,null,0,0,0
2734,0,null,0,0,0
2735,0,null,0,0,0
2736,0,null,0,0,0
2737,0,null,0,0,0
2738,0,null,0,0,0
2739,0,null,0,0,0
2740,0,null,0,0,0
2741,0,null,0,0,0
2742,0,null,0,0,0
2743,0,null,0,0,0
2744,0,null,0,0,0
2745,0,null,0,0,0
2746,0,null,0,0,0
2747,0,null,0,0,0
2748,0,null,0,0,0
2749,0,null,0,0,0
2750,0,null,0,0,0
2751,0,null,0,0,0
2752,0,null,0,0,0
2753,0,null,0,0,0
2754,0,null,0,0,0
2755,0,null,0,0,0
2756,0,null,0,0,0
2757,0,null,0,0,0
2758,0,null,0,0,0
2759,0,null,0,0,0
2760,0,null,0,0,0
2761,0,null,0,0,0
2762,0,null,0,0,0
2763,0,null,0,0,0
2764,0,null,0,0,0
2765,0,null,0,0,0
2766,0,null,0,0,0
2767,0,null,0,0,0
2768,0,null,0,0,0
2769,0,null,0,0,0
2770,0,null,0,0,0
2771,0,null,0,0,0
2772,0,null,0,0,0
2773,0,null,0,0,0
2774,0,null,0,0,0
2775,0,null,0,0,0
2776,0,null,0,0,0
2777,0,null,0,0,0
2778,0,null,0,0,0
2779,0,null,0,0,0
2780,0,null,0,0,0
2781,0,null,0,0,0
2782,0,null,0,0,0
2783,0,null,0,0,0
2784,0,null,0,0,0
2785,0,null,0,0,0
2786,0,null,0,0,0
2787,0,null,0,0,0
2788,0,null,0,0,0
2789,0,null,0,0,0
2790,0,null,0,0,0
2791,0,null,0,0,0
2792,0,null,0,0,0
2793,0,null,0,0,0
2794,0,null,0,0,0
2795,0,null,0,0,0
2796,0,null,0,0,0
2797,0,null,0,0,0
2798,0,null,0,0,0
2799,1,primary_proton,1,1,1
2800,0,null,0,0,0
2801,0,null,0,0,0
2802,0,null,0,0,0
2803,0,null,0,0,0
2804,25,pi+,1,0,0
2805,0,null,0,0,0
2806,0,null,0,0,0
2807,0,null,0,0,0
2808,0,null,0,0,0
2809,0,null,0,0,0
2810,0,null,0,0,0
2811,0,null,0,0,0
2812,0,null,0,0,0
2813,0,null,0,0,0
2814,0,null,0,0,0
2815,0,null,0,0,0
2816,0,null,0,0,0
2817,0,null,0,0,0
2818,1509,e-,1,0,0
2819,0,null,0,0,0
2820,0,null,0,0,0
2821,0,null,0,0,0
2822,0,null,0,0,0
2823,0,null,0,0,0
2824,11,pi+,1,1,1
2825,0,null,0,0,0
2826,0,null,0,0,0
2827,0,null,0,0,0
2828,0,null,0,0,0
2829,0,null,0,0,0
2830,0,null,0,0,0
2831,0,null,0,0,0
2832,0,null,0,0,0
2833,0,null,0,0,0
2834,0,null,0,0,0
2835,0,null,0,0,0
2836,0,null,0,0,0
2837,0,null,0,0,0
2838,0,null,0,0,0
2839,0,null,0,0,0
2840,0,null,0,0,0
2841,0,null,0,0,0
2842,0,null,0,0,0
2843,0,null,0,0,0
2844,0,null,0,0,0
2845,6,pi-,1,1,0
2846,0,null,0,0,0
2847,0,null,0,0,0
2848,0,null,0,0,0
2849,0,null,0,0,0
2850,0,null,0,0,0
2851,0,null,0,0,0
2852,404,pi-,1,1,1
2853,0,null,0,0,0
2854,0,null,0,0,0
2855,0,null,0,0,0
2856,0,null,0,0,0
2857,0,null,0,0,0
2858,0,null,0,0,0
2859,0,null,0,0,0
2860,0,null,0,0,0
2861,0,null,0,0,0
2862,0,null,0,0,0
2863,0,null,0,0,0
2864,0,null,0,0,0
2865,1,primary_proton,1,1,1
2866,0,null,0,0,0
2867,0,null,0,0,0
2868,0,null,0,0,0
2869,0,null,0,0,0
2940,0,null,0,0,0
2941,0,null,0,0,0
2942,0,null,0,0,0
2943,10,secondary_proton,1,1,1
2944,0,null,0,0,0
2945,0,null,0,0,0
2946,0,null,0,0,0
2947,0,null,0,0,0
2948,0,null,0,0,0
2949,0,null,0,0,0
2950,0,null,0,0,0
2951,0,null,0,0,0
2952,0,null,0,0,0
2953,0,null,0,0,0
2954,0,null,0,0,0
2955,0,null,0,0,0
2956,0,null,0,0,0
2957,0,null,0,0,0
2958,4,pi+,1,0,0
2959,0,null,0,0,0
2960,0,null,0,0,0
2961,0,null,0,0,0
2962,0,null,0,0,0
2963,0,null,0,0,0
2964,516,secondary_proton,1,1,0
2965,0,null,0,0,0
2966,0,null,0,0,0
2967,0,null,0,0,0
2968,0,null,0,0,0
2969,0,null,0,0,0
2970,0,null,0,0,0
2971,0,null,0,0,0
2972,0,null,0,0,0
2973,0,null,0,0,0
2974,0,null,0,0,0
2975,0,null,0,0,0
2976,1,primary_proton,1,1,1
2977,0,null,0,0,0
2978,0,null,0,0,0
2979,0,null,0,0,0
2981,0,null,0,0,0
2982,0,null,0,0,0
2983,0,null,0,0,0
2984,0,null,0,0,0
2985,0,null,0,0,0
2986,0,null,0,0,0
2987,0,null,0,0,0
2988,0,null,0,0,0
2989,0,null,0,0,0
2990,0,null,0,0,0
2991,0,null,0,0,0
2992,0,null,0,0,0
2993,0,null,0,0,0
2994,0,null,0,0,0
2995,0,null,0,0,0
2996,0,null,0,0,0
2997,0,null,0,0,0
2998,0,null,0,0,0
2999,0,null,0,0,0
3000,0,null,0,0,0
3001,0,null,0,0,0
3002,0,null,0,0,0
3003,0,null,0,0,0
3004,0,null,0,0,0
3005,0,null,0,0,0
3006,0,null,0,0,0
3007,0,null,0,0,0
3008,0,null,0,0,0
3009,0,null,0,0,0
3010,0,null,0,0,0
3011,0,null,0,0,0
3012,0,null,0,0,0
3013,0,null,0,0,0
3014,0,null,0,0,0
3015,0,null,0,0,0
3016,0,null,0,0,0
3017,0,null,0,0,0
3018,0,null,0,0,0
3019,0,null,0,0,0
3020,0,null,0,0,0
3021,0,null,0,0,0
3022,0,null,0,0,0
3023,0,null,0,0,0
3024,0,null,0,0,0
3025,0,null,0,0,0
3026,0,null,0,0,0
3027,0,null,0,0,0
3028,0,null,0,0,0
3029,0,null,0,0,0
3030,0,null,0,0,0
3031,0,null,0,0,0
3032,0,null,0,0,0
3033,0,null,0,0,0
3034,0,null,0,0,0
3035,0,null,0,0,0
3036,0,null,0,0,0
3037,0,null,0,0,0
3038,0,null,0,0,0
3039,0,null,0,0,0
3040,0,null,0,0,0
3041,0,null,0,0,0
3042,0,null,0,0,0
3043,0,null,0,0,0
3044,0,null,0,0,0
3045,0,null,0,0,0
3046,0,null,0,0,0
3047,0,null,0,0,0
3048,0,null,0,0,0
3049,0,null,0,0,0
3050,0,null,0,0,0
3051,0,null,0,0,0
3052,0,null,0,0,0
3053,0,null,0,0,0
3054,0,null,0,0,0
3055,0,null,0,0,0
3056,0,null,0,0,0
3057,0,null,0,0,0
3058,0,null,0,0,0
3059,0,null,0,0,0
3060,0,null,0,0,0
3061,0,null,0,0,0
3062,0,null,0,0,0
3063,12,pi-,1,1,1
3064,0,null,0,0,0
3065,0,null,0,0,0
3066,0,null,0,0,0
3067,0,null,0,0,0
3068,0,null,0,0,0
3069,0,null,0,0,0
3070,0,null,0,0,0
3071,0,null,0,0,0
3072,0,null,0,0,0
3073,0,null,0,0,0
3074,0,null,0,0,0
3075,0,null,0,0,0
3076,0,null,0,0,0
3077,0,null,0,0,0
3078,0,null,0,0,0
3079,0,null,0,0,0
3080,0,null,0,0,0
3081,0,null,0,0,0
3082,0,null,0,0,0
3083,0,null,0,0,0
3084,1,primary_proton,1,1,1
3085,0,null,0,0,0
3086,0,null,0,0,0
3087,0,null,0,0,0
3088,0,null,0,0,0
3089,0,null,0,0,0
3090,0,null,0,0,0
3091,0,null,0,0,0
3092,0,null,0,0,0
3093,0,null,0,0,0
3094,0,null,0,0,0
3095,0,null,0,0,0
3096,0,null,0,0,0
3097,0,null,0,0,0
3098,0,null,0,0,0
3099,1,primary_proton,1,1,1
3100,0,null,0,0,0
3101,0,null,0,0,0
3102,4,secondary_proton,1,1,1
3103,0,null,0,0,0
3104,0,null,0,0,0
3105,0,null,0,0,0
3106,0,null,0,0,0
3107,0,null,0,0,0
3108,0,null,0,0,0
3109,0,null,0,0,0
3110,0,null,0,0,0
3111,0,null,0,0,0
3112,0,null,0,0,0
3113,0,null,0,0,0
3114,0,null,0,0,0
3115,1,primary_proton,1,1,1
3116,0,null,0,0,0
3117,0,null,0,0,0
3118,0,null,0,0,0
3119,0,null,0,0,0
3120,0,null,0,0,0
3121,0,null,0,0,0
3122,0,null,0,0,0
3123,0,null,0,0,0
3124,0,null,0,0,0
3125,0,null,0,0,0
3126,0,null,0,0,0
3127,0,null,0,0,0
3128,0,null,0,0,0
3129,0,null,0,0,0
3130,0,null,0,0,0
3131,0,null,0,0,0
3132,2,secondary_proton,1,1,1
3133,0,null,0,0,0
3134,0,null,0,0,0
3135,0,null,0,0,0
3136,0,null,0,0,0
3137,0,null,0,0,0
3138,0,null,0,0,0
3139,0,null,0,0,0
3140,0,null,0,0,0
3141,0,null,0,0,0
3142,0,null,0,0,0
3143,0,null,0,0,0
3144,0,null,0,0,0
3145,0,null,0,0,0
3146,0,null,0,0,0
3147,0,null,0,0,0
3148,0,null,0,0,0
3149,0,null,0,0,0
3220,7,secondary_proton,1,1,1
3221,0,null,0,0,0
3222,1,primary_proton,1,1,1
3223,0,null,0,0,0
3224,0,null,0,0,0
3225,0,null,0,0,0
3226,16,pi+,1,1,1
3227,0,null,0,0,0
3228,0,null,0,0,0
3229,0,null,0,0,0
3230,0,null,0,0,0
3231,0,null,0,0,0
3232,0,null,0,0,0
3233,0,null,0,0,0
3234,0,null,0,0,0
3235,0,null,0,0,0
3236,0,null,0,0,0
3237,0,null,0,0,0
3238,0,null,0,0,0
3239,1,primary_proton,1,1,1
3240,0,null,0,0,0
3241,0,null,0,0,0
3242,0,null,0,0,0
3243,0,null,0,0,0
3244,14,secondary_proton,1,1,0
3245,0,null,0,0,0
3246,0,null,0,0,0
3247,0,null,0,0,0
3248,0,null,0,0,0
3249,0,null,0,0,0
3250,0,null,0,0,0
3251,1,primary_proton,1,1,1
3252,0,null,0,0,0
3253,0,null,0,0,0
3254,0,null,0,0,0
3255,0,null,0,0,0
3256,0,null,0,0,0
3257,0,null,0,0,0
3258,0,null,0,0,0
3259,1,primary_proton,1,1,1
3260,0,null,0,0,0
3261,0,null,0,0,0
3262,0,null,0,0,0
3263,0,null,0,0,0
3264,0,null,0,0,0
3265,0,null,0,0,0
3266,0,null,0,0,0
3267,1,primary_proton,1,1,1
3268,0,null,0,0,0
3269,0,null,0,0,0
2897,0,null,0,0,0
2898,5,pi-,1,1,1
2899,0,null,0,0,0
2900,0,null,0,0,0
2901,0,null,0,0,0
2902,0,null,0,0,0
2903,0,null,0,0,0
2904,0,null,0,0,0
2905,0,null,0,0,0
2906,0,null,0,0,0
2907,0,null,0,0,0
2908,0,null,0,0,0
2909,0,null,0,0,0
2910,0,null,0,0,0
2911,0,null,0,0,0
2912,0,null,0,0,0
2913,0,null,0,0,0
2914,8,secondary_proton,1,1,1
2915,0,null,0,0,0
2916,0,null,0,0,0
2917,0,null,0,0,0
2918,0,null,0,0,0
2919,15,pi+,1,1,1
2920,0,null,0,0,0
2921,0,null,0,0,0
2922,0,null,0,0,0
2923,0,null,0,0,0
2924,0,null,0,0,0
2925,0,null,0,0,0
2926,0,null,0,0,0
2927,0,null,0,0,0
2928,0,null,0,0,0
2929,1,primary_proton,1,1,1
2930,0,null,0,0,0
2931,0,null,0,0,0
2932,0,null,0,0,0
2933,0,null,0,0,0
2934,0,null,0,0,0
2935,0,null,0,0,0
2936,0,null,0,0,0
2937,0,null,0,0,0
2938,0,null,0,0,0
2939,0,null,0,0,0
3150,0,null,0,0,0
3151,0,null,0,0,0
3152,0,null,0,0,0
3153,1,primary_proton,1,1,1
3154,0,null,0,0,0
3155,0,null,0,0,0
3156,0,null,0,0,0
3157,0,null,0,0,0
3158,0,null,0,0,0
3159,0,null,0,0,0
3160,0,null,0,0,0
3161,1045,e-,1,0,1
3162,2,secondary_proton,1,1,1
3163,0,null,0,0,0
3164,0,null,0,0,0
3165,0,null,0,0,0
3166,0,null,0,0,0
3167,6,secondary_proton,1,0,0
3168,0,null,0,0,0
3169,0,null,0,0,0
3170,0,null,0,0,0
3171,0,null,0,0,0
3172,0,null,0,0,0
3173,0,null,0,0,0
3174,5008,e+,1,1,0
3175,1,primary_proton,1,1,1
3176,0,null,0,0,0
3177,0,null,0,0,0
3178,0,null,0,0,0
3179,0,null,0,0,0
3180,0,null,0,0,0
3181,0,null,0,0,0
3182,0,null,0,0,0
3183,0,null,0,0,0
3184,1,primary_proton,1,1,0
3185,0,null,0,0,0
3186,0,null,0,0,0
3187,0,null,0,0,0
3188,0,null,0,0,0
3189,0,null,0,0,0
3190,0,null,0,0,0
3191,0,null,0,0,0
3192,0,null,0,0,0
3193,0,null,0,0,0
3194,0,null,0,0,0
3195,0,null,0,0,0
3196,11,pi+,1,1,1
3197,0,null,0,0,0
3198,0,null,0,0,0
3199,1,primary_proton,1,1,1
3200,0,null,0,0,0
3201,0,null,0,0,0
3202,0,null,0,0,0
3203,0,null,0,0,0
3204,0,null,0,0,0
3205,0,null,0,0,0
3206,0,null,0,0,0
3207,0,null,0,0,0
3208,0,null,0,0,0
3209,1,primary_proton,1,1,1
3210,1,primary_proton,1,1,1
3211,0,null,0,0,0
3212,0,null,0,0,0
3213,0,null,0,0,0
3214,4,secondary_proton,1,1,1
3215,0,null,0,0,0
3216,0,null,0,0,0
3217,15,pi-,1,1,1
3218,0,null,0,0,0
3219,0,null,0,0,0
3360,1416,e-,1,1,1
3361,0,null,0,0,0
3362,0,null,0,0,0
3363,0,null,0,0,0
3364,0,null,0,0,0
3365,0,null,0,0,0
3366,0,null,0,0,0
3367,0,null,0,0,0
3368,0,null,0,0,0
3369,9,pi+,1,1,1
3370,0,null,0,0,0
3371,0,null,0,0,0
3372,0,null,0,0,0
3373,0,null,0,0,0
3374,0,null,0,0,0
3375,0,null,0,0,0
3376,0,null,0,0,0
3377,0,null,0,0,0
3378,0,null,0,0,0
3379,0,null,0,0,0
3380,0,null,0,0,0
3381,0,null,0,0,0
3382,0,null,0,0,0
3383,0,null,0,0,0
3384,0,null,0,0,0
3385,0,null,0,0,0
3386,0,null,0,0,0
3387,0,null,0,0,0
3388,0,null,0,0,0
3389,2465,e-,1,0,0
3390,4078,pi+,1,1,1
3391,0,null,0,0,0
3392,0,null,0,0,0
3393,0,null,0,0,0
3394,0,null,0,0,0
3395,0,null,0,0,0
3396,0,null,0,0,0
3397,0,null,0,0,0
3398,0,null,0,0,0
3399,0,null,0,0,0
3400,0,null,0,0,0
3401,0,null,0,0,0
3402,0,null,0,0,0
3403,0,null,0,0,0
3404,0,null,0,0,0
3405,0,null,0,0,0
3406,0,null,0,0,0
3407,2120,e-,1,0,0
3408,0,null,0,0,0
3409,0,null,0,0,0
3410,0,null,0,0,0
3411,0,null,0,0,0
3412,0,null,0,0,0
3413,0,null,0,0,0
3414,0,null,0,0,0
3415,0,null,0,0,0
3416,18,pi+,1,1,1
3417,0,null,0,0,0
3418,0,null,0,0,0
3419,0,null,0,0,0
3420,0,null,0,0,0
3421,0,null,0,0,0
3422,0,null,0,0,0
3423,0,null,0,0,0
3424,0,null,0,0,0
3425,0,null,0,0,0
3426,0,null,0,0,0
3427,0,null,0,0,0
3428,0,null,0,0,0
3429,0,null,0,0,0
3500,0,null,0,0,0
3501,0,null,0,0,0
3502,0,null,0,0,0
3503,1,primary_proton,1,1,1
3504,0,null,0,0,0
3505,0,null,0,0,0
3506,0,null,0,0,0
3507,0,null,0,0,0
3508,0,null,0,0,0
3509,0,null,0,0,0
3510,0,null,0,0,0
3511,0,null,0,0,0
3512,0,null,0,0,0
3513,0,null,0,0,0
3514,7,pi-,1,1,1
3515,0,null,0,0,0
3516,0,null,0,0,0
3517,0,null,0,0,0
3518,0,null,0,0,0
3519,0,null,0,0,0
3520,0,null,0,0,0
3521,0,null,0,0,0
3522,0,null,0,0,0
3523,0,null,0,0,0
3524,0,null,0,0,0
3525,0,null,0,0,0
3526,0,null,0,0,0
3527,0,null,0,0,0
3528,1,primary_proton,1,1,1
3529,0,null,0,0,0
3530,0,null,0,0,0
3531,0,null,0,0,0
3532,0,null,0,0,0
3533,0,null,0,0,0
3534,0,null,0,0,0
3271,0,null,0,0,0
3272,0,null,0,0,0
3273,0,null,0,0,0
3274,0,null,0,0,0
3275,0,null,0,0,0
3276,0,null,0,0,0
3277,0,null,0,0,0
3278,0,null,0,0,0
3279,0,null,0,0,0
3280,0,null,0,0,0
3281,0,null,0,0,0
3282,0,null,0,0,0
3283,0,null,0,0,0
3284,0,null,0,0,0
3285,0,null,0,0,0
3286,0,null,0,0,0
3287,0,null,0,0,0
3288,0,null,0,0,0
3289,565,e-,1,1,0
3290,0,null,0,0,0
3291,0,null,0,0,0
3292,0,null,0,0,0
3293,0,null,0,0,0
3294,0,null,0,0,0
3295,0,null,0,0,0
3296,0,null,0,0,0
3297,0,null,0,0,0
3298,0,null,0,0,0
3299,0,null,0,0,0
3300,0,null,0,0,0
3301,0,null,0,0,0
3302,2910,e-,1,1,1
3303,0,null,0,0,0
3304,0,null,0,0,0
3305,0,null,0,0,0
3306,0,null,0,0,0
3307,0,null,0,0,0
3308,0,null,0,0,0
3309,1,primary_proton,1,1,1
3310,0,null,0,0,0
3311,0,null,0,0,0
3312,0,null,0,0,0
3313,1,primary_proton,1,1,1
3314,0,null,0,0,0
3315,0,null,0,0,0
3316,0,null,0,0,0
3317,0,null,0,0,0
3318,0,null,0,0,0
3319,0,null,0,0,0
3320,0,null,0,0,0
3321,0,null,0,0,0
3322,0,null,0,0,0
3323,0,null,0,0,0
3324,0,null,0,0,0
3325,0,null,0,0,0
3326,0,null,0,0,0
3327,0,null,0,0,0
3328,0,null,0,0,0
3329,0,null,0,0,0
3330,0,null,0,0,0
3331,0,null,0,0,0
3332,0,null,0,0,0
3333,0,null,0,0,0
3334,0,null,0,0,0
3335,0,null,0,0,0
3336,0,null,0,0,0
3337,0,null,0,0,0
3338,0,null,0,0,0
3339,0,null,0,0,0
3340,0,null,0,0,0
3341,0,null,0,0,0
3342,0,null,0,0,0
3343,0,null,0,0,0
3344,0,null,0,0,0
3345,0,null,0,0,0
3346,0,null,0,0,0
3347,0,null,0,0,0
3348,0,null,0,0,0
3349,0,null,0,0,0
3350,0,null,0,0,0
3351,123,secondary_proton,1,1,1
3352,0,null,0,0,0
3353,0,null,0,0,0
3354,1,primary_proton,1,1,1
3355,0,null,0,0,0
3356,0,null,0,0,0
3357,0,null,0,0,0
3358,0,null,0,0,0
3359,0,null,0,0,0
3430,0,null,0,0,0
3431,0,null,0,0,0
3432,0,null,0,0,0
3433,0,null,0,0,0
3434,0,null,0,0,0
3435,0,null,0,0,0
3436,0,null,0,0,0
3437,0,null,0,0,0
3438,0,null,0,0,0
3439,0,null,0,0,0
3440,0,null,0,0,0
3441,0,null,0,0,0
3442,5,pi-,1,1,1
3443,0,null,0,0,0
3444,0,null,0,0,0
3445,0,null,0,0,0
3446,0,null,0,0,0
3447,0,null,0,0,0
3448,0,null,0,0,0
3449,0,null,0,0,0
3450,0,null,0,0,0
3451,0,null,0,0,0
3452,0,null,0,0,0
3453,0,null,0,0,0
3454,0,null,0,0,0
3455,0,null,0,0,0
3456,0,null,0,0,0
3457,0,null,0,0,0
3458,0,null,0,0,0
3459,0,null,0,0,0
3460,0,null,0,0,0
3461,0,null,0,0,0
3462,0,null,0,0,0
3463,0,null,0,0,0
3464,0,null,0,0,0
3465,0,null,0,0,0
3466,0,null,0,0,0
3467,0,null,0,0,0
3468,0,null,0,0,0
3469,0,null,0,0,0
3470,11,pi-,1,1,1
3471,0,null,0,0,0
3472,0,null,0,0,0
3473,7,pi+,1,1,1
3474,0,null,0,0,0
3475,0,null,0,0,0
3476,13,pi+,1,1,1
3477,1,primary_proton,1,1,1
3478,0,null,0,0,0
3479,0,null,0,0,0
3480,0,null,0,0,0
3481,0,null,0,0,0
3482,0,null,0,0,0
3483,0,null,0,0,0
3484,0,null,0,0,0
3485,22,secondary_proton,1,1,1
3486,0,null,0,0,0
3487,0,null,0,0,0
3488,0,null,0,0,0
3489,1,primary_proton,1,1,1
3490,1,primary_proton,1,1,1
3491,0,null,0,0,0
3492,0,null,0,0,0
3493,0,null,0,0,0
3494,0,null,0,0,0
3495,0,null,0,0,0
3496,0,null,0,0,0
3497,0,null,0,0,0
3498,0,null,0,0,0
3499,0,null,0,0,0
3640,0,null,0,0,0
3641,0,null,0,0,0
3642,0,null,0,0,0
3643,0,null,0,0,0
3644,0,null,0,0,0
3645,0,null,0,0,0
3646,0,null,0,0,0
3647,0,null,0,0,0
3648,0,null,0,0,0
3649,0,null,0,0,0
3650,0,null,0,0,0
3651,0,null,0,0,0
3652,0,null,0,0,0
3653,0,null,0,0,0
3654,0,null,0,0,0
3655,0,null,0,0,0
3656,0,null,0,0,0
3657,0,null,0,0,0
3658,0,null,0,0,0
3659,1,primary_proton,1,1,1
3660,0,null,0,0,0
3661,0,null,0,0,0
3662,0,null,0,0,0
3663,5,secondary_proton,1,1,1
3664,0,null,0,0,0
3665,0,null,0,0,0
3666,0,null,0,0,0
3667,0,null,0,0,0
3668,0,null,0,0,0
3669,0,null,0,0,0
3670,0,null,0,0,0
3671,0,null,0,0,0
3672,0,null,0,0,0
3673,0,null,0,0,0
3674,0,null,0,0,0
3675,7,secondary_proton,1,0,0
3676,0,null,0,0,0
3677,0,null,0,0,0
3678,0,null,0,0,0
3679,0,null,0,0,0
3680,0,null,0,0,0
3681,0,null,0,0,0
3682,0,null,0,0,0
3683,0,null,0,0,0
3684,0,null,0,0,0
3685,33,secondary_proton,1,1,0
3686,0,null,0,0,0
3687,0,null,0,0,0
3688,0,null,0,0,0
3689,1,primary_proton,1,1,1
3690,0,null,0,0,0
3691,0,null,0,0,0
3692,0,null,0,0,0
3693,0,null,0,0,0
3694,0,null,0,0,0
3695,0,null,0,0,0
3696,0,null,0,0,0
3697,0,null,0,0,0
3698,15,pi+,1,1,0
3699,0,null,0,0,0
3536,1,primary_proton,1,1,1
3537,0,null,0,0,0
3538,0,null,0,0,0
3539,0,null,0,0,0
3540,0,null,0,0,0
3541,0,null,0,0,0
3542,0,null,0,0,0
3543,1,primary_proton,1,1,1
3544,0,null,0,0,0
3545,0,null,0,0,0
3546,0,null,0,0,0
3547,0,null,0,0,0
3548,0,null,0,0,0
3549,0,null,0,0,0
3550,0,null,0,0,0
3551,0,null,0,0,0
3552,0,null,0,0,0
3553,0,null,0,0,0
3554,0,null,0,0,0
3555,0,null,0,0,0
3556,0,null,0,0,0
3557,0,null,0,0,0
3558,0,null,0,0,0
3559,0,null,0,0,0
3560,0,null,0,0,0
3561,0,null,0,0,0
3562,0,null,0,0,0
3563,0,null,0,0,0
3564,0,null,0,0,0
3565,0,null,0,0,0
3566,0,null,0,0,0
3567,0,null,0,0,0
3568,0,null,0,0,0
3569,0,null,0,0,0
3570,2,secondary_proton,1,1,0
3571,0,null,0,0,0
3572,0,null,0,0,0
3573,0,null,0,0,0
3574,0,null,0,0,0
3575,0,null,0,0,0
3576,0,null,0,0,0
3577,0,null,0,0,0
3578,3,secondary_proton,1,1,1
3579,0,null,0,0,0
3580,0,null,0,0,0
3581,0,null,0,0,0
3582,0,null,0,0,0
3583,96,secondary_proton,1,1,1
3584,0,null,0,0,0
3585,0,null,0,0,0
3586,0,null,0,0,0
3587,0,null,0,0,0
3588,0,null,0,0,0
3589,0,null,0,0,0
3590,0,null,0,0,0
3591,0,null,0,0,0
3592,1,primary_proton,1,1,1
3593,10,pi-,1,0,0
3594,1,primary_proton,1,1,1
3595,0,null,0,0,0
3596,0,null,0,0,0
3597,0,null,0,0,0
3598,0,null,0,0,0
3599,0,null,0,0,0
3600,0,null,0,0,0
3601,0,null,0,0,0
3602,0,null,0,0,0
3603,0,null,0,0,0
3604,0,null,0,0,0
3605,0,null,0,0,0
3606,0,null,0,0,0
3607,0,null,0,0,0
3608,0,null,0,0,0
3609,0,null,0,0,0
3610,0,null,0,0,0
3611,0,null,0,0,0
3612,0,null,0,0,0
3613,0,null,0,0,0
3614,0,null,0,0,0
3615,0,null,0,0,0
3616,0,null,0,0,0
3617,0,null,0,0,0
3618,0,null,0,0,0
3619,0,null,0,0,0
3620,0,null,0,0,0
3621,0,null,0,0,0
3622,0,null,0,0,0
3623,0,null,0,0,0
3624,0,null,0,0,0
3625,0,null,0,0,0
3626,1,primary_proton,1,1,1
3627,0,null,0,0,0
3628,0,null,0,0,0
3629,0,null,0,0,0
3630,0,null,0,0,0
3631,0,null,0,0,0
3632,0,null,0,0,0
3633,0,null,0,0,0
3634,0,null,0,0,0
3635,0,null,0,0,0
3636,0,null,0,0,0
3637,0,null,0,0,0
3638,0,null,0,0,0
3639,0,null,0,0,0
3710,0,null,0,0,0
3711,0,null,0,0,0
3712,0,null,0,0,0
3713,0,null,0,0,0
3714,0,null,0,0,0
3715,0,null,0,0,0
3716,28,pi-,1,1,1
3717,0,null,0,0,0
3718,0,null,0,0,0
3719,0,null,0,0,0
3720,0,null,0,0,0
3721,0,null,0,0,0
3722,6321,e-,1,0,0
3723,0,null,0,0,0
3724,0,null,0,0,0
3725,1,primary_proton,1,1,1
3726,10,pi-,1,1,1
3727,0,null,0,0,0
3728,0,null,0,0,0
3729,0,null,0,0,0
3730,1,primary_proton,1,1,1
3731,0,null,0,0,0
3732,0,null,0,0,0
3733,0,null,0,0,0
3734,0,null,0,0,0
3735,0,null,0,0,0
3736,0,null,0,0,0
3737,0,null,0,0,0
3738,0,null,0,0,0
3739,0,null,0,0,0
3740,0,null,0,0,0
3741,0,null,0,0,0
3742,0,null,0,0,0
3743,0,null,0,0,0
3744,41,secondary_proton,1,1,1
3745,0,null,0,0,0
3746,6,secondary_proton,1,1,1
3747,0,null,0,0,0
3748,0,null,0,0,0
3749,0,null,0,0,0
3750,0,null,0,0,0
3751,0,null,0,0,0
3752,0,null,0,0,0
3753,0,null,0,0,0
3754,0,null,0,0,0
3755,0,null,0,0,0
3756,0,null,0,0,0
3757,0,null,0,0,0
3758,0,null,0,0,0
3759,0,null,0,0,0
3760,0,null,0,0,0
3761,0,null,0,0,0
3762,0,null,0,0,0
3763,0,null,0,0,0
3764,0,null,0,0,0
3765,0,null,0,0,0
3766,0,null,0,0,0
3767,0,null,0,0,0
3768,0,null,0,0,0
3769,0,null,0,0,0
3770,0,null,0,0,0
3771,0,null,0,0,0
3772,0,null,0,0,0
3773,0,null,0,0,0
3774,3,secondary_proton,1,1,1
3775,0,null,0,0,0
3776,0,null,0,0,0
3777,0,null,0,0,0
3778,0,null,0,0,0
3779,2,secondary_proton,1,1,1
3850,0,null,0,0,0
3851,0,null,0,0,0
3852,0,null,0,0,0
3853,0,null,0,0,0
3854,0,null,0,0,0
3855,0,null,0,0,0
3856,0,null,0,0,0
3857,0,null,0,0,0
3858,0,null,0,0,0
3859,0,null,0,0,0
3860,3,secondary_proton,1,1,1
3861,0,null,0,0,0
3862,0,null,0,0,0
3863,0,null,0,0,0
3864,0,null,0,0,0
3865,0,null,0,0,0
3866,0,null,0,0,0
3867,0,null,0,0,0
3868,0,null,0,0,0
3869,0,null,0,0,0
3870,0,null,0,0,0
3871,0,null,0,0,0
3872,0,null,0,0,0
3873,0,null,0,0,0
3874,0,null,0,0,0
3875,0,null,0,0,0
3876,0,null,0,0,0
3877,0,null,0,0,0
3878,0,null,0,0,0
3879,0,null,0,0,0
3880,0,null,0,0,0
3881,0,null,0,0,0
3882,0,null,0,0,0
3883,0,null,0,0,0
3884,0,null,0,0,0
3885,0,null,0,0,0
3886,0,null,0,0,0
3887,0,null,0,0,0
3888,0,null,0,0,0
3889,0,null,0,0,0
3890,4,pi-,1,1,1
3891,0,null,0,0,0
3892,0,null,0,0,0
3701,0,null,0,0,0
3702,0,null,0,0,0
3703,0,null,0,0,0
3704,0,null,0,0,0
3705,0,null,0,0,0
3706,0,null,0,0,0
3707,0,null,0,0,0
3708,0,null,0,0,0
3709,0,null,0,0,0
3780,0,null,0,0,0
3781,0,null,0,0,0
3782,0,null,0,0,0
3783,0,null,0,0,0
3784,0,null,0,0,0
3785,12,pi-,1,1,1
3786,0,null,0,0,0
3787,0,null,0,0,0
3788,0,null,0,0,0
3789,0,null,0,0,0
3790,0,null,0,0,0
3791,0,null,0,0,0
3792,0,null,0,0,0
3793,0,null,0,0,0
3794,0,null,0,0,0
3795,0,null,0,0,0
3796,0,null,0,0,0
3797,0,null,0,0,0
3798,0,null,0,0,0
3799,0,null,0,0,0
3800,3,secondary_proton,1,1,1
3801,0,null,0,0,0
3802,0,null,0,0,0
3803,0,null,0,0,0
3804,0,null,0,0,0
3805,0,null,0,0,0
3806,0,null,0,0,0
3807,0,null,0,0,0
3808,0,null,0,0,0
3809,0,null,0,0,0
3810,0,null,0,0,0
3811,0,null,0,0,0
3812,0,null,0,0,0
3813,0,null,0,0,0
3814,0,null,0,0,0
3815,0,null,0,0,0
3816,0,null,0,0,0
3817,0,null,0,0,0
3818,0,null,0,0,0
3819,0,null,0,0,0
3820,0,null,0,0,0
3821,0,null,0,0,0
3822,0,null,0,0,0
3823,0,null,0,0,0
3824,0,null,0,0,0
3825,0,null,0,0,0
3826,0,null,0,0,0
3827,0,null,0,0,0
3828,0,null,0,0,0
3829,0,null,0,0,0
3830,0,null,0,0,0
3831,3,secondary_proton,1,1,1
3832,0,null,0,0,0
3833,0,null,0,0,0
3834,0,null,0,0,0
3835,0,null,0,0,0
3836,0,null,0,0,0
3837,0,null,0,0,0
3838,0,null,0,0,0
3839,0,null,0,0,0
3840,0,null,0,0,0
3841,0,null,0,0,0
3842,0,null,0,0,0
3843,0,null,0,0,0
3844,3,secondary_proton,1,1,1
3845,0,null,0,0,0
3846,0,null,0,0,0
3847,0,null,0,0,0
3848,0,null,0,0,0
3849,0,null,0,0,0
3920,0,null,0,0,0
3921,0,null,0,0,0
3922,0,null,0,0,0
3923,0,null,0,0,0
3924,0,null,0,0,0
3925,0,null,0,0,0
3926,1,primary_proton,1,1,1
3927,0,null,0,0,0
3928,0,null,0,0,0
3929,0,null,0,0,0
3930,0,null,0,0,0
3931,0,null,0,0,0
3932,0,null,0,0,0
3933,1,primary_proton,1,1,1
3934,6,pi-,1,1,0
3935,0,null,0,0,0
3936,0,null,0,0,0
3937,0,null,0,0,0
3938,0,null,0,0,0
3939,0,null,0,0,0
3940,0,null,0,0,0
3941,0,null,0,0,0
3942,0,null,0,0,0
3943,0,null,0,0,0
3944,0,null,0,0,0
3945,1,primary_proton,1,1,1
3946,0,null,0,0,0
3947,0,null,0,0,0
3948,0,null,0,0,0
3949,0,null,0,0,0
3950,0,null,0,0,0
3951,0,null,0,0,0
3952,0,null,0,0,0
3953,0,null,0,0,0
3954,0,null,0,0,0
3955,107,secondary_proton,1,1,1
3956,0,null,0,0,0
3957,0,null,0,0,0
3958,0,null,0,0,0
3959,0,null,0,0,0
3960,0,null,0,0,0
3961,0,null,0,0,0
3962,0,null,0,0,0
3963,0,null,0,0,0
3964,0,null,0,0,0
3965,0,null,0,0,0
3966,0,null,0,0,0
3967,0,null,0,0,0
3968,0,null,0,0,0
3969,0,null,0,0,0
3970,0,null,0,0,0
3971,0,null,0,0,0
3972,1,primary_proton,1,1,1
3973,0,null,0,0,0
3974,0,null,0,0,0
3975,0,null,0,0,0
3976,0,null,0,0,0
3977,0,null,0,0,0
3978,9,secondary_proton,1,1,1
3979,0,null,0,0,0
3980,0,null,0,0,0
3981,0,null,0,0,0
3982,0,null,0,0,0
3983,0,null,0,0,0
3984,0,null,0,0,0
3985,0,null,0,0,0
3986,0,null,0,0,0
3987,10,pi+,1,0,0
3988,0,null,0,0,0
3989,0,null,0,0,0
4060,0,null,0,0,0
4061,0,null,0,0,0
4062,0,null,0,0,0
4063,0,null,0,0,0
4064,0,null,0,0,0
4065,0,null,0,0,0
4066,0,null,0,0,0
4067,0,null,0,0,0
4068,0,null,0,0,0
4069,0,null,0,0,0
4070,0,null,0,0,0
4071,8,pi+,1,1,1
4072,0,null,0,0,0
4073,0,null,0,0,0
4074,0,null,0,0,0
4075,0,null,0,0,0
4076,0,null,0,0,0
4077,0,null,0,0,0
4078,0,null,0,0,0
4079,0,null,0,0,0
4080,0,null,0,0,0
4081,0,null,0,0,0
4082,0,null,0,0,0
4083,1,primary_proton,1,1,1
4084,0,null,0,0,0
4085,0,null,0,0,0
4086,0,null,0,0,0
4087,0,null,0,0,0
4088,0,null,0,0,0
4089,0,null,0,0,0
4090,0,null,0,0,0
4091,0,null,0,0,0
4092,0,null,0,0,0
4093,0,null,0,0,0
4094,0,null,0,0,0
4095,0,null,0,0,0
4096,0,null,0,0,0
4097,0,null,0,0,0
4098,0,null,0,0,0
4099,0,null,0,0,0
4100,0,null,0,0,0
4101,0,null,0,0,0
4102,0,null,0,0,0
4103,1,primary_proton,1,1,1
4104,0,null,0,0,0
4105,0,null,0,0,0
4106,0,null,0,0,0
4107,0,null,0,0,0
4108,0,null,0,0,0
4109,0,null,0,0,0
4110,0,null,0,0,0
4111,1,primary_proton,1,1,1
4112,0,null,0,0,0
4113,0,null,0,0,0
4114,0,null,0,0,0
4115,0,null,0,0,0
4116,0,null,0,0,0
4117,0,null,0,0,0
4118,0,null,0,0,0
4119,0,null,0,0,0
4120,0,null,0,0,0
4121,0,null,0,0,0
4122,0,null,0,0,0
4123,0,null,0,0,0
4124,0,null,0,0,0
4125,0,null,0,0,0
4126,0,null,0,0,0
4127,0,null,0,0,0
4128,1,primary_proton,1,1,1
3894,0,null,0,0,0
3895,0,null,0,0,0
3896,0,null,0,0,0
3897,0,null,0,0,0
3898,0,null,0,0,0
3899,0,null,0,0,0
3900,0,null,0,0,0
3901,1,primary_proton,1,1,1
3902,0,null,0,0,0
3903,0,null,0,0,0
3904,0,null,0,0,0
3905,0,null,0,0,0
3906,0,null,0,0,0
3907,0,null,0,0,0
3908,0,null,0,0,0
3909,0,null,0,0,0
3910,0,null,0,0,0
3911,0,null,0,0,0
3912,0,null,0,0,0
3913,0,null,0,0,0
3914,0,null,0,0,0
3915,0,null,0,0,0
3916,0,null,0,0,0
3917,0,null,0,0,0
3918,0,null,0,0,0
3919,1,primary_proton,1,1,1
3990,0,null,0,0,0
3991,0,null,0,0,0
3992,0,null,0,0,0
3993,0,null,0,0,0
3994,0,null,0,0,0
3995,0,null,0,0,0
3996,0,null,0,0,0
3997,0,null,0,0,0
3998,0,null,0,0,0
3999,0,null,0,0,0
4000,0,null,0,0,0
4001,0,null,0,0,0
4002,0,null,0,0,0
4003,0,null,0,0,0
4004,969,pi+,1,1,1
4005,0,null,0,0,0
4006,0,null,0,0,0
4007,0,null,0,0,0
4008,0,null,0,0,0
4009,0,null,0,0,0
4010,0,null,0,0,0
4011,0,null,0,0,0
4012,0,null,0,0,0
4013,0,null,0,0,0
4014,0,null,0,0,0
4015,0,null,0,0,0
4016,0,null,0,0,0
4017,0,null,0,0,0
4018,0,null,0,0,0
4019,0,null,0,0,0
4020,10,pi-,1,1,1
4021,0,null,0,0,0
4022,0,null,0,0,0
4023,0,null,0,0,0
4024,0,null,0,0,0
4025,0,null,0,0,0
4026,0,null,0,0,0
4027,0,null,0,0,0
4028,0,null,0,0,0
4029,0,null,0,0,0
4030,0,null,0,0,0
4031,0,null,0,0,0
4032,0,null,0,0,0
4033,0,null,0,0,0
4034,0,null,0,0,0
4035,0,null,0,0,0
4036,0,null,0,0,0
4037,0,null,0,0,0
4038,0,null,0,0,0
4039,0,null,0,0,0
4040,0,null,0,0,0
4041,0,null,0,0,0
4042,1,primary_proton,1,1,1
4043,0,null,0,0,0
4044,0,null,0,0,0
4045,0,null,0,0,0
4046,0,null,0,0,0
4047,0,null,0,0,0
4048,0,null,0,0,0
4049,0,null,0,0,0
4050,0,null,0,0,0
4051,0,null,0,0,0
4052,0,null,0,0,0
4053,0,null,0,0,0
4054,0,null,0,0,0
4055,4,secondary_proton,1,1,1
4056,0,null,0,0,0
4057,0,null,0,0,0
4058,0,null,0,0,0
4059,0,null,0,0,0
4130,0,null,0,0,0
4131,0,null,0,0,0
4132,0,null,0,0,0
4133,0,null,0,0,0
4134,0,null,0,0,0
4135,0,null,0,0,0
4136,0,null,0,0,0
4137,0,null,0,0,0
4138,0,null,0,0,0
4139,0,null,0,0,0
4140,0,null,0,0,0
4141,0,null,0,0,0
4142,0,null,0,0,0
4143,0,null,0,0,0
4144,0,null,0,0,0
4145,0,null,0,0,0
4146,0,null,0,0,0
4147,0,null,0,0,0
4148,1,primary_proton,1,1,1
4149,0,null,0,0,0
4150,0,null,0,0,0
4151,0,null,0,0,0
4152,1,primary_proton,1,1,1
4153,0,null,0,0,0
4154,0,null,0,0,0
4155,0,null,0,0,0
4156,10,pi+,1,1,1
4157,0,null,0,0,0
4158,0,null,0,0,0
4159,1,primary_proton,1,1,1
4160,8,pi+,1,1,1
4161,0,null,0,0,0
4162,0,null,0,0,0
4163,0,null,0,0,0
4164,0,null,0,0,0
4165,0,null,0,0,0
4166,0,null,0,0,0
4167,0,null,0,0,0
4168,0,null,0,0,0
4169,0,null,0,0,0
4170,0,null,0,0,0
4171,0,null,0,0,0
4172,0,null,0,0,0
4173,0,null,0,0,0
4174,0,null,0,0,0
4175,0,null,0,0,0
4176,0,null,0,0,0
4177,0,null,0,0,0
4178,0,null,0,0,0
4179,0,null,0,0,0
4180,0,null,0,0,0
4181,0,null,0,0,0
4182,0,null,0,0,0
4183,0,null,0,0,0
4184,1414,e-,0,1,1
4185,1,primary_proton,1,1,1
4186,0,null,0,0,0
4187,0,null,0,0,0
4188,0,null,0,0,0
4189,0,null,0,0,0
4190,0,null,0,0,0
4191,0,null,0,0,0
4192,0,null,0,0,0
4193,0,null,0,0,0
4194,0,null,0,0,0
4195,0,null,0,0,0
4196,0,null,0,0,0
4197,0,null,0,0,0
4198,0,null,0,0,0
4199,0,null,0,0,0
4270,0,null,0,0,0
4271,0,null,0,0,0
4272,0,null,0,0,0
4273,0,null,0,0,0
4274,0,null,0,0,0
4275,0,null,0,0,0
4276,0,null,0,0,0
4277,0,null,0,0,0
4278,0,null,0,0,0
4279,0,null,0,0,0
4280,0,null,0,0,0
4281,0,null,0,0,0
4282,0,null,0,0,0
4283,0,null,0,0,0
4284,0,null,0,0,0
4285,0,null,0,0,0
4286,0,null,0,0,0
4287,0,null,0,0,0
4288,0,null,0,0,0
4289,0,null,0,0,0
4290,0,null,0,0,0
4291,0,null,0,0,0
4292,0,null,0,0,0
4293,0,null,0,0,0
4294,0,null,0,0,0
4295,0,null,0,0,0
4296,0,null,0,0,0
4297,0,null,0,0,0
4298,0,null,0,0,0
4299,0,null,0,0,0
4300,0,null,0,0,0
4301,0,null,0,0,0
4302,0,null,0,0,0
4303,0,null,0,0,0
4304,0,null,0,0,0
4305,0,null,0,0,0
4306,0,null,0,0,0
4307,0,null,0,0,0
4308,0,null,0,0,0
4309,0,null,0,0,0
4310,0,null,0,0,0
4311,0,null,0,0,0
4312,0,null,0,0,0
4313,0,null,0,0,0
4314,0,null,0,0,0
4315,0,null,0,0,0
4316,0,null,0,0,0
4317,0,null,0,0,0
4318,0,null,0,0,0
4319,0,null,0,0,0
4320,4,secondary_proton,1,1,1
4321,0,null,0,0,0
4322,0,null,0,0,0
4323,0,null,0,0,0
4324,0,null,0,0,0
4325,0,null,0,0,0
4200,0,null,0,0,0
4201,0,null,0,0,0
4202,0,null,0,0,0
4203,0,null,0,0,0
4204,0,null,0,0,0
4205,0,null,0,0,0
4206,0,null,0,0,0
4207,0,null,0,0,0
4208,0,null,0,0,0
4209,0,null,0,0,0
4210,0,null,0,0,0
4211,0,null,0,0,0
4212,0,null,0,0,0
4213,0,null,0,0,0
4214,0,null,0,0,0
4215,0,null,0,0,0
4216,0,null,0,0,0
4217,0,null,0,0,0
4218,0,null,0,0,0
4219,1,primary_proton,1,1,1
4220,1,primary_proton,1,1,1
4221,0,null,0,0,0
4222,0,null,0,0,0
4223,0,null,0,0,0
4224,0,null,0,0,0
4225,0,null,0,0,0
4226,0,null,0,0,0
4227,0,null,0,0,0
4228,0,null,0,0,0
4229,0,null,0,0,0
4230,0,null,0,0,0
4231,0,null,0,0,0
4232,0,null,0,0,0
4233,0,null,0,0,0
4234,0,null,0,0,0
4235,0,null,0,0,0
4236,0,null,0,0,0
4237,0,null,0,0,0
4238,0,null,0,0,0
4239,0,null,0,0,0
4240,0,null,0,0,0
4241,180,pi+,1,1,1
4242,0,null,0,0,0
4243,0,null,0,0,0
4244,1,primary_proton,1,1,1
4245,0,null,0,0,0
4246,0,null,0,0,0
4247,0,null,0,0,0
4248,0,null,0,0,0
4249,0,null,0,0,0
4250,0,null,0,0,0
4251,0,null,0,0,0
4252,0,null,0,0,0
4253,0,null,0,0,0
4254,0,null,0,0,0
4255,0,null,0,0,0
4256,0,null,0,0,0
4257,0,null,0,0,0
4258,0,null,0,0,0
4259,0,null,0,0,0
4260,18,pi-,1,1,1
4261,0,null,0,0,0
4262,0,null,0,0,0
4263,0,null,0,0,0
4264,0,null,0,0,0
4265,0,null,0,0,0
4266,0,null,0,0,0
4267,0,null,0,0,0
4268,0,null,0,0,0
4269,0,null,0,0,0
4340,0,null,0,0,0
4341,0,null,0,0,0
4342,0,null,0,0,0
4343,0,null,0,0,0
4344,0,null,0,0,0
4345,0,null,0,0,0
4346,0,null,0,0,0
4347,0,null,0,0,0
4348,0,null,0,0,0
4349,0,null,0,0,0
4350,0,null,0,0,0
4351,0,null,0,0,0
4352,0,null,0,0,0
4353,0,null,0,0,0
4354,0,null,0,0,0
4355,0,null,0,0,0
4356,0,null,0,0,0
4357,0,null,0,0,0
4358,1,primary_proton,1,1,1
4359,0,null,0,0,0
4360,0,null,0,0,0
4361,0,null,0,0,0
4362,0,null,0,0,0
4363,0,null,0,0,0
4364,0,null,0,0,0
4365,0,null,0,0,0
4366,0,null,0,0,0
4367,0,null,0,0,0
4368,0,null,0,0,0
4369,0,null,0,0,0
4370,0,null,0,0,0
4371,0,null,0,0,0
4372,0,null,0,0,0
4373,0,null,0,0,0
4374,0,null,0,0,0
4375,0,null,0,0,0
4376,0,null,0,0,0
4377,0,null,0,0,0
4378,0,null,0,0,0
4379,0,null,0,0,0
4380,0,null,0,0,0
4381,0,null,0,0,0
4382,0,null,0,0,0
4383,0,null,0,0,0
4384,0,null,0,0,0
4385,0,null,0,0,0
4386,0,null,0,0,0
4387,0,null,0,0,0
4388,0,null,0,0,0
4389,0,null,0,0,0
4390,0,null,0,0,0
4391,0,null,0,0,0
4392,0,null,0,0,0
4393,2,secondary_proton,1,1,1
4394,0,null,0,0,0
4395,0,null,0,0,0
4396,0,null,0,0,0
4397,0,null,0,0,0
4398,0,null,0,0,0
4399,0,null,0,0,0
4400,0,null,0,0,0
4401,0,null,0,0,0
4402,0,null,0,0,0
4403,0,null,0,0,0
4404,0,null,0,0,0
4405,0,null,0,0,0
4406,0,null,0,0,0
4407,0,null,0,0,0
4408,0,null,0,0,0
4409,1,primary_proton,1,1,1
4480,0,null,0,0,0
4481,0,null,0,0,0
4482,0,null,0,0,0
4483,73,kaon+,1,1,1
4484,0,null,0,0,0
4485,0,null,0,0,0
4486,0,null,0,0,0
4487,0,null,0,0,0
4488,0,null,0,0,0
4489,0,null,0,0,0
4490,0,null,0,0,0
4491,0,null,0,0,0
4492,0,null,0,0,0
4493,0,null,0,0,0
4494,0,null,0,0,0
4495,0,null,0,0,0
4496,0,null,0,0,0
4497,0,null,0,0,0
4498,0,null,0,0,0
4499,7,secondary_proton,1,1,1
4500,0,null,0,0,0
4501,0,null,0,0,0
4502,0,null,0,0,0
4503,0,null,0,0,0
4504,0,null,0,0,0
4505,0,null,0,0,0
4506,0,null,0,0,0
4507,5,pi-,1,1,1
4508,0,null,0,0,0
4509,0,null,0,0,0
4510,1,primary_proton,1,1,1
4511,0,null,0,0,0
4512,0,null,0,0,0
4513,0,null,0,0,0
4514,0,null,0,0,0
4515,0,null,0,0,0
4516,1,primary_proton,1,1,1
4517,0,null,0,0,0
4518,0,null,0,0,0
4519,0,null,0,0,0
4520,0,null,0,0,0
4521,0,null,0,0,0
4522,0,null,0,0,0
4523,0,null,0,0,0
4524,0,null,0,0,0
4525,0,null,0,0,0
4526,0,null,0,0,0
4527,0,null,0,0,0
4528,0,null,0,0,0
4529,0,null,0,0,0
4530,0,null,0,0,0
4531,0,null,0,0,0
4532,0,null,0,0,0
4533,0,null,0,0,0
4534,0,null,0,0,0
4535,0,null,0,0,0
4536,0,null,0,0,0
4537,0,null,0,0,0
4538,0,null,0,0,0
4539,0,null,0,0,0
4540,0,null,0,0,0
4541,0,null,0,0,0
4542,0,null,0,0,0
4543,9,pi+,1,1,1
4544,0,null,0,0,0
4545,0,null,0,0,0
4546,0,null,0,0,0
4547,0,null,0,0,0
4548,0,null,0,0,0
4549,0,null,0,0,0
4550,0,null,0,0,0
4551,0,null,0,0,0
4552,0,null,0,0,0
4553,7387,pi+,1,1,0
4554,0,null,0,0,0
4555,0,null,0,0,0
4556,0,null,0,0,0
4557,0,null,0,0,0
4558,0,null,0,0,0
4559,0,null,0,0,0
4560,0,null,0,0,0
4327,0,null,0,0,0
4328,1,primary_proton,1,1,1
4329,0,null,0,0,0
4330,0,null,0,0,0
4331,0,null,0,0,0
4332,0,null,0,0,0
4333,0,null,0,0,0
4334,0,null,0,0,0
4335,0,null,0,0,0
4336,0,null,0,0,0
4337,0,null,0,0,0
4338,0,null,0,0,0
4339,0,null,0,0,0
4410,0,null,0,0,0
4411,0,null,0,0,0
4412,0,null,0,0,0
4413,13,pi+,1,1,1
4414,0,null,0,0,0
4415,0,null,0,0,0
4416,0,null,0,0,0
4417,0,null,0,0,0
4418,0,null,0,0,0
4419,0,null,0,0,0
4420,68,pi+,1,1,1
4421,0,null,0,0,0
4422,0,null,0,0,0
4423,1,primary_proton,1,1,1
4424,0,null,0,0,0
4425,0,null,0,0,0
4426,0,null,0,0,0
4427,0,null,0,0,0
4428,1,primary_proton,1,1,1
4429,0,null,0,0,0
4430,0,null,0,0,0
4431,0,null,0,0,0
4432,0,null,0,0,0
4433,1,primary_proton,1,1,1
4434,0,null,0,0,0
4435,0,null,0,0,0
4436,0,null,0,0,0
4437,0,null,0,0,0
4438,0,null,0,0,0
4439,0,null,0,0,0
4440,0,null,0,0,0
4441,0,null,0,0,0
4442,0,null,0,0,0
4443,1,primary_proton,1,1,1
4444,0,null,0,0,0
4445,0,null,0,0,0
4446,0,null,0,0,0
4447,0,null,0,0,0
4448,0,null,0,0,0
4449,6,secondary_proton,1,1,1
4450,26,pi+,1,1,1
4451,0,null,0,0,0
4452,0,null,0,0,0
4453,0,null,0,0,0
4454,0,null,0,0,0
4455,0,null,0,0,0
4456,0,null,0,0,0
4457,0,null,0,0,0
4458,0,null,0,0,0
4459,0,null,0,0,0
4460,0,null,0,0,0
4461,0,null,0,0,0
4462,0,null,0,0,0
4463,0,null,0,0,0
4464,0,null,0,0,0
4465,0,null,0,0,0
4466,0,null,0,0,0
4467,0,null,0,0,0
4468,0,null,0,0,0
4469,0,null,0,0,0
4470,0,null,0,0,0
4471,0,null,0,0,0
4472,0,null,0,0,0
4473,0,null,0,0,0
4474,0,null,0,0,0
4475,14,pi-,1,1,1
4476,0,null,0,0,0
4477,0,null,0,0,0
4478,0,null,0,0,0
4479,0,null,0,0,0
4620,0,null,0,0,0
4621,0,null,0,0,0
4622,0,null,0,0,0
4623,0,null,0,0,0
4624,0,null,0,0,0
4625,0,null,0,0,0
4626,0,null,0,0,0
4627,0,null,0,0,0
4628,0,null,0,0,0
4629,0,null,0,0,0
4630,0,null,0,0,0
4631,0,null,0,0,0
4632,0,null,0,0,0
4633,0,null,0,0,0
4634,13,pi+,1,1,1
4635,0,null,0,0,0
4636,0,null,0,0,0
4637,0,null,0,0,0
4638,0,null,0,0,0
4639,0,null,0,0,0
4640,0,null,0,0,0
4641,0,null,0,0,0
4642,0,null,0,0,0
4643,0,null,0,0,0
4644,9,pi+,1,1,1
4645,0,null,0,0,0
4646,0,null,0,0,0
4647,0,null,0,0,0
4648,0,null,0,0,0
4649,0,null,0,0,0
4650,0,null,0,0,0
4651,0,null,0,0,0
4652,0,null,0,0,0
4653,0,null,0,0,0
4654,0,null,0,0,0
4655,0,null,0,0,0
4656,0,null,0,0,0
4657,0,null,0,0,0
4658,0,null,0,0,0
4659,0,null,0,0,0
4660,7466,e-,1,0,0
4661,0,null,0,0,0
4662,0,null,0,0,0
4663,0,null,0,0,0
4664,0,null,0,0,0
4665,25,pi-,1,0,0
4666,0,null,0,0,0
4667,0,null,0,0,0
4668,0,null,0,0,0
4669,0,null,0,0,0
4670,0,null,0,0,0
4671,0,null,0,0,0
4672,0,null,0,0,0
4673,0,null,0,0,0
4674,0,null,0,0,0
4675,10,pi-,1,0,0
4676,0,null,0,0,0
4677,0,null,0,0,0
4678,0,null,0,0,0
4679,0,null,0,0,0
4680,0,null,0,0,0
4681,0,null,0,0,0
4682,3788,pi-,1,0,0
4683,0,null,0,0,0
4684,0,null,0,0,0
4685,0,null,0,0,0
4686,0,null,0,0,0
4687,0,null,0,0,0
4688,0,null,0,0,0
4689,0,null,0,0,0
4690,0,null,0,0,0
4691,0,null,0,0,0
4692,0,null,0,0,0
4693,0,null,0,0,0
4694,0,null,0,0,0
4695,0,null,0,0,0
4696,0,null,0,0,0
4697,0,null,0,0,0
4698,8,pi+,1,1,1
4699,0,null,0,0,0
4700,0,null,0,0,0
4701,0,null,0,0,0
4702,1,primary_proton,1,1,1
4703,0,null,0,0,0
4704,0,null,0,0,0
4705,0,null,0,0,0
4706,0,null,0,0,0
4707,0,null,0,0,0
4708,1,primary_proton,1,1,1
4709,0,null,0,0,0
4710,0,null,0,0,0
4711,0,null,0,0,0
4712,0,null,0,0,0
4713,0,null,0,0,0
4714,0,null,0,0,0
4715,0,null,0,0,0
4716,0,null,0,0,0
4717,0,null,0,0,0
4718,0,null,0,0,0
4719,0,null,0,0,0
4720,0,null,0,0,0
4721,0,null,0,0,0
4722,0,null,0,0,0
4723,0,null,0,0,0
4724,0,null,0,0,0
4725,0,null,0,0,0
4726,0,null,0,0,0
4727,0,null,0,0,0
4728,1201,e-,1,1,1
4729,0,null,0,0,0
4730,0,null,0,0,0
4731,0,null,0,0,0
4732,0,null,0,0,0
4733,0,null,0,0,0
4734,0,null,0,0,0
4735,0,null,0,0,0
4736,0,null,0,0,0
4737,0,null,0,0,0
4738,11,pi+,1,1,1
4739,0,null,0,0,0
4740,0,null,0,0,0
4741,0,null,0,0,0
4742,0,null,0,0,0
4743,0,null,0,0,0
4744,0,null,0,0,0
4745,0,null,0,0,0
4746,0,null,0,0,0
4747,0,null,0,0,0
4748,0,null,0,0,0
4749,0,null,0,0,0
4750,0,null,0,0,0
4751,0,null,0,0,0
4752,0,null,0,0,0
4753,0,null,0,0,0
4754,0,null,0,0,0
4755,0,null,0,0,0
4756,0,null,0,0,0
4757,0,null,0,0,0
4562,0,null,0,0,0
4563,0,null,0,0,0
4564,0,null,0,0,0
4565,0,null,0,0,0
4566,0,null,0,0,0
4567,0,null,0,0,0
4568,0,null,0,0,0
4569,0,null,0,0,0
4570,0,null,0,0,0
4571,0,null,0,0,0
4572,0,null,0,0,0
4573,0,null,0,0,0
4574,0,null,0,0,0
4575,0,null,0,0,0
4576,0,null,0,0,0
4577,0,null,0,0,0
4578,0,null,0,0,0
4579,3,pi+,1,1,1
4580,0,null,0,0,0
4581,0,null,0,0,0
4582,10,pi-,1,1,0
4583,0,null,0,0,0
4584,0,null,0,0,0
4585,0,null,0,0,0
4586,0,null,0,0,0
4587,0,null,0,0,0
4588,0,null,0,0,0
4589,0,null,0,0,0
4590,0,null,0,0,0
4591,0,null,0,0,0
4592,0,null,0,0,0
4593,0,null,0,0,0
4594,0,null,0,0,0
4595,0,null,0,0,0
4596,0,null,0,0,0
4597,0,null,0,0,0
4598,0,null,0,0,0
4599,0,null,0,0,0
4600,0,null,0,0,0
4601,0,null,0,0,0
4602,0,null,0,0,0
4603,108,pi-,1,1,1
4604,15,pi-,1,1,1
4605,0,null,0,0,0
4606,0,null,0,0,0
4607,0,null,0,0,0
4608,0,null,0,0,0
4609,446,e-,1,1,1
4610,0,null,0,0,0
4611,0,null,0,0,0
4612,1,primary_proton,1,1,1
4613,4,secondary_proton,1,1,1
4614,0,null,0,0,0
4615,0,null,0,0,0
4616,0,null,0,0,0
4617,0,null,0,0,0
4618,0,null,0,0,0
4619,0,null,0,0,0
4760,0,null,0,0,0
4761,0,null,0,0,0
4762,0,null,0,0,0
4763,0,null,0,0,0
4764,0,null,0,0,0
4765,0,null,0,0,0
4766,0,null,0,0,0
4767,0,null,0,0,0
4768,0,null,0,0,0
4769,0,null,0,0,0
4770,0,null,0,0,0
4771,0,null,0,0,0
4772,0,null,0,0,0
4773,0,null,0,0,0
4774,0,null,0,0,0
4775,6,secondary_proton,1,1,1
4776,0,null,0,0,0
4777,0,null,0,0,0
4778,0,null,0,0,0
4779,0,null,0,0,0
4780,0,null,0,0,0
4781,0,null,0,0,0
4782,0,null,0,0,0
4783,0,null,0,0,0
4784,0,null,0,0,0
4785,0,null,0,0,0
4786,0,null,0,0,0
4787,0,null,0,0,0
4788,0,null,0,0,0
4789,0,null,0,0,0
4790,0,null,0,0,0
4791,0,null,0,0,0
4792,0,null,0,0,0
4793,0,null,0,0,0
4794,0,null,0,0,0
4795,0,null,0,0,0
4796,0,null,0,0,0
4797,0,null,0,0,0
4798,0,null,0,0,0
4799,0,null,0,0,0
4800,0,null,0,0,0
4801,0,null,0,0,0
4802,16,pi-,1,1,1
4803,0,null,0,0,0
4804,0,null,0,0,0
4805,0,null,0,0,0
4806,0,null,0,0,0
4807,0,null,0,0,0
4808,0,null,0,0,0
4809,0,null,0,0,0
4810,1480,e-,1,0,0
4811,0,null,0,0,0
4812,0,null,0,0,0
4813,11,secondary_proton,1,1,1
4814,0,null,0,0,0
4815,0,null,0,0,0
4816,0,null,0,0,0
4817,0,null,0,0,0
4818,0,null,0,0,0
4819,0,null,0,0,0
4820,0,null,0,0,0
4821,0,null,0,0,0
4822,0,null,0,0,0
4823,0,null,0,0,0
4824,0,null,0,0,0
4825,1,primary_proton,1,1,1
4826,0,null,0,0,0
4827,12,pi+,1,1,1
4828,0,null,0,0,0
4829,0,null,0,0,0
4900,0,null,0,0,0
4901,0,null,0,0,0
4902,0,null,0,0,0
4903,0,null,0,0,0
4904,0,null,0,0,0
4905,0,null,0,0,0
4906,0,null,0,0,0
4907,0,null,0,0,0
4908,0,null,0,0,0
4909,0,null,0,0,0
4910,0,null,0,0,0
4911,1,primary_proton,1,1,1
4912,0,null,0,0,0
4913,0,null,0,0,0
4914,0,null,0,0,0
4915,0,null,0,0,0
4916,0,null,0,0,0
4917,0,null,0,0,0
4918,0,null,0,0,0
4919,0,null,0,0,0
4920,0,null,0,0,0
4921,0,null,0,0,0
4922,0,null,0,0,0
4923,0,null,0,0,0
4924,0,null,0,0,0
4925,0,null,0,0,0
4926,0,null,0,0,0
4927,0,null,0,0,0
4928,0,null,0,0,0
4929,0,null,0,0,0
4930,0,null,0,0,0
4931,0,null,0,0,0
4932,0,null,0,0,0
4933,0,null,0,0,0
4934,0,null,0,0,0
4935,7,kaon+,1,1,1
4936,0,null,0,0,0
4937,0,null,0,0,0
4938,0,null,0,0,0
4939,0,null,0,0,0
4940,0,null,0,0,0
4941,0,null,0,0,0
4942,0,null,0,0,0
4943,0,null,0,0,0
4944,0,null,0,0,0
4945,0,null,0,0,0
4946,0,null,0,0,0
4947,0,null,0,0,0
4948,0,null,0,0,0
4949,0,null,0,0,0
4950,25,secondary_proton,1,0,0
4951,0,null,0,0,0
4952,0,null,0,0,0
4953,0,null,0,0,0
4954,0,null,0,0,0
4955,0,null,0,0,0
4956,0,null,0,0,0
4957,1,primary_proton,1,1,1
4958,0,null,0,0,0
4959,0,null,0,0,0
4960,0,null,0,0,0
4961,0,null,0,0,0
4962,0,null,0,0,0
4963,0,null,0,0,0
4964,0,null,0,0,0
4965,0,null,0,0,0
4966,0,null,0,0,0
4967,0,null,0,0,0
4968,0,null,0,0,0
4969,0,null,0,0,0
4970,0,null,0,0,0
4971,0,null,0,0,0
4972,0,null,0,0,0
4973,0,null,0,0,0
4974,0,null,0,0,0
4975,0,null,0,0,0
4976,0,null,0,0,0
4977,0,null,0,0,0
4978,1,primary_proton,1,1,1
4979,0,null,0,0,0
4980,0,null,0,0,0
4981,0,null,0,0,0
4982,0,null,0,0,0
4983,0,null,0,0,0
4984,0,null,0,0,0
4985,0,null,0,0,0
4986,0,null,0,0,0
4987,0,null,0,0,0
4988,0,null,0,0,0
4989,0,null,0,0,0
4990,0,null,0,0,0
4991,0,null,0,0,0
4992,0,null,0,0,0
4759,0,null,0,0,0
4830,0,null,0,0,0
4831,0,null,0,0,0
4832,0,null,0,0,0
4833,0,null,0,0,0
4834,0,null,0,0,0
4835,0,null,0,0,0
4836,0,null,0,0,0
4837,0,null,0,0,0
4838,0,null,0,0,0
4839,0,null,0,0,0
4840,0,null,0,0,0
4841,0,null,0,0,0
4842,0,null,0,0,0
4843,0,null,0,0,0
4844,0,null,0,0,0
4845,6,secondary_proton,1,1,1
4846,0,null,0,0,0
4847,10,pi-,1,1,1
4848,0,null,0,0,0
4849,0,null,0,0,0
4850,0,null,0,0,0
4851,0,null,0,0,0
4852,0,null,0,0,0
4853,2,secondary_proton,1,0,0
4854,0,null,0,0,0
4855,0,null,0,0,0
4856,0,null,0,0,0
4857,1,primary_proton,1,1,1
4858,0,null,0,0,0
4859,0,null,0,0,0
4860,0,null,0,0,0
4861,0,null,0,0,0
4862,0,null,0,0,0
4863,0,null,0,0,0
4864,0,null,0,0,0
4865,0,null,0,0,0
4866,20,pi+,1,1,1
4867,0,null,0,0,0
4868,0,null,0,0,0
4869,16,pi+,1,1,1
4870,0,null,0,0,0
4871,0,null,0,0,0
4872,0,null,0,0,0
4873,11,pi+,1,0,0
4874,0,null,0,0,0
4875,0,null,0,0,0
4876,0,null,0,0,0
4877,0,null,0,0,0
4878,0,null,0,0,0
4879,0,null,0,0,0
4880,0,null,0,0,0
4881,0,null,0,0,0
4882,0,null,0,0,0
4883,0,null,0,0,0
4884,0,null,0,0,0
4885,0,null,0,0,0
4886,0,null,0,0,0
4887,0,null,0,0,0
4888,0,null,0,0,0
4889,0,null,0,0,0
4890,0,null,0,0,0
4891,1,primary_proton,1,1,1
4892,0,null,0,0,0
4893,0,null,0,0,0
4894,0,null,0,0,0
4895,0,null,0,0,0
4896,0,null,0,0,0
4897,11,pi-,1,1,1
4898,0,null,0,0,0
4899,1,primary_proton,1,1,1
4994,0,null,0,0,0
4995,0,null,0,0,0
4996,0,null,0,0,0
4997,0,null,0,0,0
4998,0,null,0,0,0
4999,0,null,0,0,0
1,0,null,0,0,0
2,0,null,0,0,0
3,0,null,0,0,0
4,0,null,0,0,0
5,0,null,0,0,0
6,0,null,0,0,0
7,0,null,0,0,0
8,0,null,0,0,0
9,0,null,0,0,0
10,0,null,0,0,0
11,0,null,0,0,0
12,2,secondary_proton,1,1,1
13,0,null,0,0,0
14,0,null,0,0,0
15,0,null,0,0,0
16,0,null,0,0,0
17,0,null,0,0,0
18,0,null,0,0,0
19,0,null,0,0,0
20,0,null,0,0,0
21,0,null,0,0,0
22,7,secondary_proton,1,1,1
23,0,null,0,0,0
24,0,null,0,0,0
25,0,null,0,0,0
26,0,null,0,0,0
27,0,null,0,0,0
28,1,primary_proton,1,1,1
29,0,null,0,0,0
30,0,null,0,0,0
31,1809,pi-,1,1,0
32,1,primary_proton,1,1,1
33,0,null,0,0,0
34,0,null,0,0,0
35,0,null,0,0,0
36,0,null,0,0,0
37,86,pi+,1,1,1
38,0,null,0,0,0
39,0,null,0,0,0
40,0,null,0,0,0
41,0,null,0,0,0
42,0,null,0,0,0
43,0,null,0,0,0
44,0,null,0,0,0
45,330,e-,1,0,1
46,0,null,0,0,0
47,0,null,0,0,0
48,0,null,0,0,0
49,0,null,0,0,0
50,0,null,0,0,0
51,0,null,0,0,0
52,0,null,0,0,0
53,0,null,0,0,0
54,0,null,0,0,0
55,0,null,0,0,0
56,0,null,0,0,0
57,0,null,0,0,0
58,0,null,0,0,0
59,0,null,0,0,0
60,0,null,0,0,0
61,0,null,0,0,0
62,0,null,0,0,0
63,0,null,0,0,0
64,0,null,0,0,0
65,0,null,0,0,0
66,0,null,0,0,0
67,0,null,0,0,0
68,8,pi-,1,1,0
69,0,null,0,0,0
210,0,null,0,0,0
211,0,null,0,0,0
212,0,null,0,0,0
213,0,null,0,0,0
214,0,null,0,0,0
215,0,null,0,0,0
216,0,null,0,0,0
217,0,null,0,0,0
218,0,null,0,0,0
219,0,null,0,0,0
220,0,null,0,0,0
221,0,null,0,0,0
222,0,null,0,0,0
223,0,null,0,0,0
224,0,null,0,0,0
225,0,null,0,0,0
226,0,null,0,0,0
227,0,null,0,0,0
228,0,null,0,0,0
229,1,primary_proton,1,1,1
230,0,null,0,0,0
231,0,null,0,0,0
232,0,null,0,0,0
233,0,null,0,0,0
234,0,null,0,0,0
235,0,null,0,0,0
236,0,null,0,0,0
237,0,null,0,0,0
238,1,primary_proton,1,1,1
239,0,null,0,0,0
240,0,null,0,0,0
241,0,null,0,0,0
242,0,null,0,0,0
243,0,null,0,0,0
244,0,null,0,0,0
245,0,null,0,0,0
246,7,secondary_proton,1,1,1
247,0,null,0,0,0
248,0,null,0,0,0
249,0,null,0,0,0
250,0,null,0,0,0
251,0,null,0,0,0
252,0,null,0,0,0
253,0,null,0,0,0
254,0,null,0,0,0
255,0,null,0,0,0
256,0,null,0,0,0
257,0,null,0,0,0
258,0,null,0,0,0
259,0,null,0,0,0
260,0,null,0,0,0
261,20,pi-,1,1,1
262,0,null,0,0,0
263,0,null,0,0,0
264,0,null,0,0,0
265,0,null,0,0,0
266,0,null,0,0,0
267,0,null,0,0,0
268,0,null,0,0,0
269,0,null,0,0,0
270,0,null,0,0,0
271,0,null,0,0,0
272,0,null,0,0,0
273,12,pi+,1,1,1
274,0,null,0,0,0
275,0,null,0,0,0
276,0,null,0,0,0
277,0,null,0,0,0
278,7,pi+,1,1,1
279,0,null,0,0,0
350,0,null,0,0,0
351,0,null,0,0,0
352,0,null,0,0,0
353,0,null,0,0,0
354,1,primary_proton,1,1,1
355,0,null,0,0,0
356,0,null,0,0,0
357,0,null,0,0,0
358,0,null,0,0,0
359,0,null,0,0,0
360,0,null,0,0,0
361,5,pi+,1,1,0
362,0,null,0,0,0
363,0,null,0,0,0
364,0,null,0,0,0
365,0,null,0,0,0
366,0,null,0,0,0
367,0,null,0,0,0
368,0,null,0,0,0
369,0,null,0,0,0
370,0,null,0,0,0
371,0,null,0,0,0
372,0,null,0,0,0
373,0,null,0,0,0
374,0,null,0,0,0
375,0,null,0,0,0
376,0,null,0,0,0
377,0,null,0,0,0
378,0,null,0,0,0
379,0,null,0,0,0
380,0,null,0,0,0
381,0,null,0,0,0
382,0,null,0,0,0
383,0,null,0,0,0
384,0,null,0,0,0
385,0,null,0,0,0
386,0,null,0,0,0
387,0,null,0,0,0
388,0,null,0,0,0
389,0,null,0,0,0
390,0,null,0,0,0
391,0,null,0,0,0
392,0,null,0,0,0
393,0,null,0,0,0
394,1,primary_proton,1,1,1
395,0,null,0,0,0
396,0,null,0,0,0
397,0,null,0,0,0
398,0,null,0,0,0
399,0,null,0,0,0
400,0,null,0,0,0
401,0,null,0,0,0
402,0,null,0,0,0
403,0,null,0,0,0
404,0,null,0,0,0
405,0,null,0,0,0
406,0,null,0,0,0
407,0,null,0,0,0
408,0,null,0,0,0
409,0,null,0,0,0
410,18,pi-,1,1,1
411,0,null,0,0,0
412,0,null,0,0,0
413,0,null,0,0,0
414,0,null,0,0,0
415,0,null,0,0,0
416,0,null,0,0,0
417,0,null,0,0,0
418,0,null,0,0,0
419,0,null,0,0,0
490,0,null,0,0,0
491,0,null,0,0,0
492,0,null,0,0,0
493,0,null,0,0,0
494,0,null,0,0,0
495,12,pi+,1,1,1
496,0,null,0,0,0
497,0,null,0,0,0
498,0,null,0,0,0
499,0,null,0,0,0
500,0,null,0,0,0
501,0,null,0,0,0
502,0,null,0,0,0
503,0,null,0,0,0
504,0,null,0,0,0
505,0,null,0,0,0
506,0,null,0,0,0
507,0,null,0,0,0
508,0,null,0,0,0
509,0,null,0,0,0
510,0,null,0,0,0
511,0,null,0,0,0
512,0,null,0,0,0
513,0,null,0,0,0
514,0,null,0,0,0
515,0,null,0,0,0
516,0,null,0,0,0
517,0,null,0,0,0
518,0,null,0,0,0
519,0,null,0,0,0
71,0,null,0,0,0
72,0,null,0,0,0
73,0,null,0,0,0
74,0,null,0,0,0
75,0,null,0,0,0
76,0,null,0,0,0
77,0,null,0,0,0
78,0,null,0,0,0
79,0,null,0,0,0
80,0,null,0,0,0
81,0,null,0,0,0
82,0,null,0,0,0
83,0,null,0,0,0
84,0,null,0,0,0
85,0,null,0,0,0
86,0,null,0,0,0
87,0,null,0,0,0
88,0,null,0,0,0
89,0,null,0,0,0
90,0,null,0,0,0
91,0,null,0,0,0
92,0,null,0,0,0
93,0,null,0,0,0
94,0,null,0,0,0
95,1,primary_proton,1,1,1
96,0,null,0,0,0
97,0,null,0,0,0
98,0,null,0,0,0
99,0,null,0,0,0
100,0,null,0,0,0
101,0,null,0,0,0
102,0,null,0,0,0
103,0,null,0,0,0
104,0,null,0,0,0
105,0,null,0,0,0
106,0,null,0,0,0
107,0,null,0,0,0
108,0,null,0,0,0
109,0,null,0,0,0
110,0,null,0,0,0
111,0,null,0,0,0
112,0,null,0,0,0
113,0,null,0,0,0
114,0,null,0,0,0
115,0,null,0,0,0
116,0,null,0,0,0
117,0,null,0,0,0
118,0,null,0,0,0
119,0,null,0,0,0
120,0,null,0,0,0
121,0,null,0,0,0
122,0,null,0,0,0
123,0,null,0,0,0
124,0,null,0,0,0
125,0,null,0,0,0
126,0,null,0,0,0
127,0,null,0,0,0
128,0,null,0,0,0
129,6,secondary_proton,1,1,1
130,0,null,0,0,0
131,0,null,0,0,0
132,0,null,0,0,0
133,0,null,0,0,0
134,0,null,0,0,0
135,0,null,0,0,0
136,0,null,0,0,0
137,0,null,0,0,0
138,0,null,0,0,0
139,0,null,0,0,0
140,1,primary_proton,1,1,1
141,0,null,0,0,0
142,0,null,0,0,0
143,0,null,0,0,0
144,0,null,0,0,0
145,0,null,0,0,0
146,0,null,0,0,0
147,0,null,0,0,0
148,0,null,0,0,0
149,0,null,0,0,0
150,0,null,0,0,0
151,0,null,0,0,0
152,0,null,0,0,0
153,0,null,0,0,0
154,0,null,0,0,0
155,0,null,0,0,0
156,0,null,0,0,0
157,0,null,0,0,0
158,0,null,0,0,0
159,0,null,0,0,0
160,0,null,0,0,0
161,0,null,0,0,0
162,0,null,0,0,0
163,0,null,0,0,0
164,0,null,0,0,0
165,0,null,0,0,0
166,0,null,0,0,0
167,0,null,0,0,0
168,0,null,0,0,0
169,0,null,0,0,0
170,1,primary_proton,1,1,1
171,0,null,0,0,0
172,0,null,0,0,0
173,0,null,0,0,0
174,0,null,0,0,0
175,0,null,0,0,0
176,0,null,0,0,0
177,0,null,0,0,0
178,0,null,0,0,0
179,0,null,0,0,0
180,0,null,0,0,0
181,0,null,0,0,0
182,0,null,0,0,0
183,0,null,0,0,0
184,0,null,0,0,0
185,14,secondary_proton,1,1,1
186,0,null,0,0,0
187,0,null,0,0,0
188,0,null,0,0,0
189,0,null,0,0,0
190,0,null,0,0,0
191,0,null,0,0,0
192,0,null,0,0,0
193,0,null,0,0,0
194,0,null,0,0,0
195,0,null,0,0,0
196,0,null,0,0,0
197,18,pi+,1,1,1
198,0,null,0,0,0
199,0,null,0,0,0
200,0,null,0,0,0
201,0,null,0,0,0
202,0,null,0,0,0
203,0,null,0,0,0
204,0,null,0,0,0
205,0,null,0,0,0
206,0,null,0,0,0
207,0,null,0,0,0
208,8,pi+,1,1,0
209,0,null,0,0,0
280,0,null,0,0,0
281,0,null,0,0,0
282,0,null,0,0,0
283,0,null,0,0,0
284,0,null,0,0,0
285,0,null,0,0,0
286,653,kaon+,1,1,1
287,5542,e-,1,1,1
288,6,secondary_proton,1,1,1
289,0,null,0,0,0
290,0,null,0,0,0
291,0,null,0,0,0
292,0,null,0,0,0
293,0,null,0,0,0
294,0,null,0,0,0
295,0,null,0,0,0
296,0,null,0,0,0
297,0,null,0,0,0
298,0,null,0,0,0
299,0,null,0,0,0
300,0,null,0,0,0
301,1,primary_proton,1,1,1
302,0,null,0,0,0
303,0,null,0,0,0
304,0,null,0,0,0
305,0,null,0,0,0
306,0,null,0,0,0
307,0,null,0,0,0
308,0,null,0,0,0
309,0,null,0,0,0
310,0,null,0,0,0
311,0,null,0,0,0
312,0,null,0,0,0
313,0,null,0,0,0
314,3,secondary_proton,1,1,1
315,0,null,0,0,0
316,0,null,0,0,0
317,0,null,0,0,0
318,0,null,0,0,0
319,0,null,0,0,0
320,0,null,0,0,0
321,0,null,0,0,0
322,0,null,0,0,0
323,0,null,0,0,0
324,0,null,0,0,0
325,1,primary_proton,1,1,1
326,0,null,0,0,0
327,0,null,0,0,0
328,0,null,0,0,0
329,0,null,0,0,0
330,0,null,0,0,0
331,0,null,0,0,0
332,0,null,0,0,0
333,0,null,0,0,0
334,0,null,0,0,0
335,0,null,0,0,0
336,0,null,0,0,0
337,0,null,0,0,0
338,0,null,0,0,0
339,0,null,0,0,0
340,0,null,0,0,0
341,0,null,0,0,0
342,0,null,0,0,0
343,0,null,0,0,0
344,1,primary_proton,1,1,1
345,0,null,0,0,0
346,0,null,0,0,0
347,0,null,0,0,0
348,0,null,0,0,0
349,1,primary_proton,1,1,1
420,0,null,0,0,0
421,0,null,0,0,0
422,0,null,0,0,0
423,0,null,0,0,0
424,0,null,0,0,0
425,0,null,0,0,0
426,0,null,0,0,0
427,0,null,0,0,0
428,0,null,0,0,0
429,0,null,0,0,0
430,0,null,0,0,0
431,0,null,0,0,0
432,0,null,0,0,0
433,0,null,0,0,0
434,13,kaon+,1,1,1
435,0,null,0,0,0
436,0,null,0,0,0
437,0,null,0,0,0
438,0,null,0,0,0
439,0,null,0,0,0
440,0,null,0,0,0
441,0,null,0,0,0
442,27,pi+,1,1,1
443,0,null,0,0,0
444,0,null,0,0,0
521,0,null,0,0,0
522,0,null,0,0,0
523,0,null,0,0,0
524,0,null,0,0,0
525,0,null,0,0,0
526,0,null,0,0,0
527,0,null,0,0,0
528,0,null,0,0,0
529,0,null,0,0,0
530,0,null,0,0,0
531,0,null,0,0,0
532,0,null,0,0,0
533,0,null,0,0,0
534,0,null,0,0,0
535,0,null,0,0,0
536,0,null,0,0,0
537,0,null,0,0,0
538,0,null,0,0,0
539,0,null,0,0,0
540,0,null,0,0,0
541,0,null,0,0,0
542,0,null,0,0,0
543,0,null,0,0,0
544,0,null,0,0,0
545,0,null,0,0,0
546,0,null,0,0,0
547,0,null,0,0,0
548,0,null,0,0,0
549,0,null,0,0,0
550,0,null,0,0,0
551,0,null,0,0,0
552,0,null,0,0,0
553,9,pi-,1,1,1
554,0,null,0,0,0
555,0,null,0,0,0
556,0,null,0,0,0
557,1,primary_proton,1,1,1
558,0,null,0,0,0
559,0,null,0,0,0
560,0,null,0,0,0
561,0,null,0,0,0
562,0,null,0,0,0
563,0,null,0,0,0
564,0,null,0,0,0
565,0,null,0,0,0
566,0,null,0,0,0
567,1,primary_proton,1,1,1
568,0,null,0,0,0
569,0,null,0,0,0
570,0,null,0,0,0
571,0,null,0,0,0
572,0,null,0,0,0
573,0,null,0,0,0
574,0,null,0,0,0
575,0,null,0,0,0
576,0,null,0,0,0
577,0,null,0,0,0
578,0,null,0,0,0
579,0,null,0,0,0
580,0,null,0,0,0
581,0,null,0,0,0
582,0,null,0,0,0
583,0,null,0,0,0
584,0,null,0,0,0
585,0,null,0,0,0
586,0,null,0,0,0
587,0,null,0,0,0
588,0,null,0,0,0
589,0,null,0,0,0
590,0,null,0,0,0
591,0,null,0,0,0
592,0,null,0,0,0
593,6,secondary_proton,1,1,1
594,0,null,0,0,0
595,12,secondary_proton,1,1,1
596,0,null,0,0,0
597,0,null,0,0,0
598,0,null,0,0,0
599,0,null,0,0,0
600,0,null,0,0,0
601,0,null,0,0,0
602,0,null,0,0,0
603,0,null,0,0,0
604,13,secondary_proton,1,1,1
605,0,null,0,0,0
606,0,null,0,0,0
607,0,null,0,0,0
608,0,null,0,0,0
609,0,null,0,0,0
610,0,null,0,0,0
611,0,null,0,0,0
612,0,null,0,0,0
613,0,null,0,0,0
614,0,null,0,0,0
615,0,null,0,0,0
616,0,null,0,0,0
617,0,null,0,0,0
618,0,null,0,0,0
619,1,primary_proton,1,1,1
620,8,secondary_proton,1,1,1
621,0,null,0,0,0
622,0,null,0,0,0
623,0,null,0,0,0
624,0,null,0,0,0
625,0,null,0,0,0
626,1,primary_proton,1,1,1
627,0,null,0,0,0
628,0,null,0,0,0
629,0,null,0,0,0
630,0,null,0,0,0
631,0,null,0,0,0
632,0,null,0,0,0
633,0,null,0,0,0
634,0,null,0,0,0
635,0,null,0,0,0
636,0,null,0,0,0
637,0,null,0,0,0
638,0,null,0,0,0
639,0,null,0,0,0
640,0,null,0,0,0
641,0,null,0,0,0
642,0,null,0,0,0
643,0,null,0,0,0
644,0,null,0,0,0
645,0,null,0,0,0
646,0,null,0,0,0
647,0,null,0,0,0
648,0,null,0,0,0
649,0,null,0,0,0
650,0,null,0,0,0
651,1,primary_proton,1,1,1
652,0,null,0,0,0
653,0,null,0,0,0
654,0,null,0,0,0
655,0,null,0,0,0
656,1,primary_proton,1,1,1
657,1,primary_proton,1,1,1
658,0,null,0,0,0
659,0,null,0,0,0
660,0,null,0,0,0
661,0,null,0,0,0
662,0,null,0,0,0
663,0,null,0,0,0
664,0,null,0,0,0
665,0,null,0,0,0
666,0,null,0,0,0
667,0,null,0,0,0
668,0,null,0,0,0
669,16,pi-,1,0,0
670,0,null,0,0,0
671,0,null,0,0,0
672,0,null,0,0,0
673,0,null,0,0,0
674,0,null,0,0,0
675,0,null,0,0,0
676,0,null,0,0,0
677,0,null,0,0,0
678,0,null,0,0,0
679,0,null,0,0,0
680,0,null,0,0,0
681,0,null,0,0,0
682,0,null,0,0,0
683,0,null,0,0,0
684,0,null,0,0,0
685,0,null,0,0,0
686,0,null,0,0,0
687,0,null,0,0,0
688,0,null,0,0,0
689,2,secondary_proton,1,1,1
690,0,null,0,0,0
691,0,null,0,0,0
692,0,null,0,0,0
693,0,null,0,0,0
694,0,null,0,0,0
695,0,null,0,0,0
696,9,pi-,1,1,1
697,0,null,0,0,0
698,0,null,0,0,0
699,0,null,0,0,0
840,13,secondary_proton,1,1,1
841,0,null,0,0,0
842,0,null,0,0,0
843,0,null,0,0,0
844,0,null,0,0,0
845,0,null,0,0,0
846,0,null,0,0,0
847,1,primary_proton,1,1,1
848,0,null,0,0,0
849,0,null,0,0,0
850,0,null,0,0,0
851,0,null,0,0,0
852,0,null,0,0,0
853,0,null,0,0,0
854,1,primary_proton,1,1,1
855,0,null,0,0,0
856,0,null,0,0,0
857,0,null,0,0,0
858,0,null,0,0,0
859,0,null,0,0,0
860,0,null,0,0,0
861,0,null,0,0,0
862,0,null,0,0,0
863,10,secondary_proton,1,1,1
864,0,null,0,0,0
865,0,null,0,0,0
866,0,null,0,0,0
867,0,null,0,0,0
868,0,null,0,0,0
869,0,null,0,0,0
870,0,null,0,0,0
871,0,null,0,0,0
872,0,null,0,0,0
873,1,primary_proton,1,1,1
874,0,null,0,0,0
875,0,null,0,0,0
876,0,null,0,0,0
877,0,null,0,0,0
878,3438,e-,0,1,0
879,0,null,0,0,0
880,0,null,0,0,0
881,0,null,0,0,0
882,0,null,0,0,0
883,0,null,0,0,0
884,0,null,0,0,0
885,0,null,0,0,0
886,0,null,0,0,0
887,0,null,0,0,0
888,11204,e-,0,1,0
446,0,null,0,0,0
447,0,null,0,0,0
448,0,null,0,0,0
449,0,null,0,0,0
450,0,null,0,0,0
451,0,null,0,0,0
452,0,null,0,0,0
453,8,pi-,1,1,1
454,0,null,0,0,0
455,0,null,0,0,0
456,0,null,0,0,0
457,0,null,0,0,0
458,8,pi-,1,1,1
459,0,null,0,0,0
460,15,kaon-,1,1,1
461,0,null,0,0,0
462,857,e+,1,1,1
463,0,null,0,0,0
464,0,null,0,0,0
465,5693,e-,1,1,0
466,0,null,0,0,0
467,0,null,0,0,0
468,0,null,0,0,0
469,0,null,0,0,0
470,0,null,0,0,0
471,0,null,0,0,0
472,0,null,0,0,0
473,0,null,0,0,0
474,0,null,0,0,0
475,0,null,0,0,0
476,1,primary_proton,1,1,1
477,0,null,0,0,0
478,0,null,0,0,0
479,0,null,0,0,0
480,0,null,0,0,0
481,0,null,0,0,0
482,0,null,0,0,0
483,0,null,0,0,0
484,0,null,0,0,0
485,0,null,0,0,0
486,0,null,0,0,0
487,0,null,0,0,0
488,0,null,0,0,0
489,0,null,0,0,0
700,0,null,0,0,0
701,0,null,0,0,0
702,0,null,0,0,0
703,0,null,0,0,0
704,0,null,0,0,0
705,0,null,0,0,0
706,0,null,0,0,0
707,0,null,0,0,0
708,0,null,0,0,0
709,0,null,0,0,0
710,0,null,0,0,0
711,0,null,0,0,0
712,0,null,0,0,0
713,0,null,0,0,0
714,0,null,0,0,0
715,0,null,0,0,0
716,0,null,0,0,0
717,0,null,0,0,0
718,1,primary_proton,1,1,1
719,0,null,0,0,0
720,1,primary_proton,1,1,1
721,0,null,0,0,0
722,0,null,0,0,0
723,0,null,0,0,0
724,0,null,0,0,0
725,0,null,0,0,0
726,0,null,0,0,0
727,0,null,0,0,0
728,0,null,0,0,0
729,0,null,0,0,0
730,0,null,0,0,0
731,0,null,0,0,0
732,1,primary_proton,1,1,1
733,0,null,0,0,0
734,0,null,0,0,0
735,0,null,0,0,0
736,1,primary_proton,1,1,1
737,0,null,0,0,0
738,0,null,0,0,0
739,0,null,0,0,0
740,1,primary_proton,1,1,1
741,0,null,0,0,0
742,0,null,0,0,0
743,0,null,0,0,0
744,0,null,0,0,0
745,0,null,0,0,0
746,0,null,0,0,0
747,0,null,0,0,0
748,10,secondary_proton,1,1,1
749,11,pi-,1,1,1
750,0,null,0,0,0
751,0,null,0,0,0
752,0,null,0,0,0
753,0,null,0,0,0
754,0,null,0,0,0
755,0,null,0,0,0
756,0,null,0,0,0
757,1,primary_proton,1,1,1
758,0,null,0,0,0
759,0,null,0,0,0
760,0,null,0,0,0
761,0,null,0,0,0
762,0,null,0,0,0
763,0,null,0,0,0
764,0,null,0,0,0
765,0,null,0,0,0
766,0,null,0,0,0
767,0,null,0,0,0
768,0,null,0,0,0
769,0,null,0,0,0
770,0,null,0,0,0
771,0,null,0,0,0
772,0,null,0,0,0
773,0,null,0,0,0
774,0,null,0,0,0
775,0,null,0,0,0
776,0,null,0,0,0
777,328,secondary_proton,1,1,1
778,0,null,0,0,0
779,0,null,0,0,0
780,0,null,0,0,0
781,0,null,0,0,0
782,0,null,0,0,0
783,0,null,0,0,0
784,0,null,0,0,0
785,0,null,0,0,0
786,0,null,0,0,0
787,1,primary_proton,1,1,1
788,0,null,0,0,0
789,0,null,0,0,0
790,0,null,0,0,0
791,0,null,0,0,0
792,0,null,0,0,0
793,0,null,0,0,0
794,0,null,0,0,0
795,1,primary_proton,1,1,1
796,0,null,0,0,0
797,0,null,0,0,0
798,0,null,0,0,0
799,0,null,0,0,0
800,0,null,0,0,0
801,0,null,0,0,0
802,0,null,0,0,0
803,0,null,0,0,0
804,0,null,0,0,0
805,0,null,0,0,0
806,0,null,0,0,0
807,0,null,0,0,0
808,0,null,0,0,0
809,0,null,0,0,0
810,0,null,0,0,0
811,0,null,0,0,0
812,0,null,0,0,0
813,0,null,0,0,0
814,9,pi+,1,1,1
815,0,null,0,0,0
816,0,null,0,0,0
817,0,null,0,0,0
818,0,null,0,0,0
819,0,null,0,0,0
820,0,null,0,0,0
821,0,null,0,0,0
822,0,null,0,0,0
823,0,null,0,0,0
824,0,null,0,0,0
825,0,null,0,0,0
826,0,null,0,0,0
827,0,null,0,0,0
828,0,null,0,0,0
829,0,null,0,0,0
830,0,null,0,0,0
831,0,null,0,0,0
832,0,null,0,0,0
833,0,null,0,0,0
834,0,null,0,0,0
835,0,null,0,0,0
836,1375,e-,1,1,1
837,0,null,0,0,0
838,0,null,0,0,0
839,0,null,0,0,0
910,0,null,0,0,0
911,0,null,0,0,0
912,0,null,0,0,0
913,0,null,0,0,0
914,0,null,0,0,0
915,109,secondary_proton,1,1,1
916,0,null,0,0,0
917,0,null,0,0,0
918,0,null,0,0,0
919,0,null,0,0,0
920,0,null,0,0,0
921,0,null,0,0,0
922,0,null,0,0,0
923,0,null,0,0,0
924,0,null,0,0,0
925,0,null,0,0,0
926,0,null,0,0,0
927,0,null,0,0,0
928,0,null,0,0,0
929,0,null,0,0,0
930,0,null,0,0,0
931,0,null,0,0,0
932,0,null,0,0,0
933,1,primary_proton,1,1,1
934,344,pi-,1,0,0
935,0,null,0,0,0
936,0,null,0,0,0
937,0,null,0,0,0
938,0,null,0,0,0
939,0,null,0,0,0
940,0,null,0,0,0
941,0,null,0,0,0
942,0,null,0,0,0
943,0,null,0,0,0
944,0,null,0,0,0
945,0,null,0,0,0
946,0,null,0,0,0
947,0,null,0,0,0
948,0,null,0,0,0
949,0,null,0,0,0
950,0,null,0,0,0
951,1,primary_proton,1,1,1
952,1527,e-,1,0,0
953,0,null,0,0,0
954,0,null,0,0,0
955,0,null,0,0,0
956,0,null,0,0,0
890,0,null,0,0,0
891,0,null,0,0,0
892,0,null,0,0,0
893,0,null,0,0,0
894,0,null,0,0,0
895,0,null,0,0,0
896,0,null,0,0,0
897,0,null,0,0,0
898,0,null,0,0,0
899,0,null,0,0,0
900,0,null,0,0,0
901,14,secondary_proton,1,1,0
902,0,null,0,0,0
903,0,null,0,0,0
904,0,null,0,0,0
905,0,null,0,0,0
906,0,null,0,0,0
907,0,null,0,0,0
908,0,null,0,0,0
909,0,null,0,0,0
980,0,null,0,0,0
981,0,null,0,0,0
982,1,primary_proton,1,1,1
983,0,null,0,0,0
984,0,null,0,0,0
985,0,null,0,0,0
986,0,null,0,0,0
987,7,secondary_proton,1,1,1
988,0,null,0,0,0
989,0,null,0,0,0
990,0,null,0,0,0
991,0,null,0,0,0
992,0,null,0,0,0
993,0,null,0,0,0
994,0,null,0,0,0
995,0,null,0,0,0
996,0,null,0,0,0
997,0,null,0,0,0
998,0,null,0,0,0
999,0,null,0,0,0
1000,0,null,0,0,0
1001,0,null,0,0,0
1002,0,null,0,0,0
1003,0,null,0,0,0
1004,0,null,0,0,0
1005,0,null,0,0,0
1006,0,null,0,0,0
1007,0,null,0,0,0
1008,0,null,0,0,0
1009,0,null,0,0,0
1010,0,null,0,0,0
1011,0,null,0,0,0
1012,0,null,0,0,0
1013,0,null,0,0,0
1014,0,null,0,0,0
1015,0,null,0,0,0
1016,0,null,0,0,0
1017,1,primary_proton,1,1,1
1018,0,null,0,0,0
1019,0,null,0,0,0
1020,0,null,0,0,0
1021,0,null,0,0,0
1022,0,null,0,0,0
1023,0,null,0,0,0
1024,0,null,0,0,0
1025,0,null,0,0,0
1026,9,kaon+,1,1,1
1027,0,null,0,0,0
1028,0,null,0,0,0
1029,0,null,0,0,0
1030,2111,e-,1,0,0
1031,0,null,0,0,0
1032,0,null,0,0,0
1033,0,null,0,0,0
1034,0,null,0,0,0
1035,0,null,0,0,0
1036,0,null,0,0,0
1037,0,null,0,0,0
1038,0,null,0,0,0
1039,0,null,0,0,0
1040,0,null,0,0,0
1041,0,null,0,0,0
1042,1,primary_proton,1,1,1
1043,0,null,0,0,0
1044,0,null,0,0,0
1045,0,null,0,0,0
1046,0,null,0,0,0
1047,0,null,0,0,0
1048,0,null,0,0,0
1049,1,primary_proton,1,1,1
1190,0,null,0,0,0
1191,0,null,0,0,0
1192,0,null,0,0,0
1193,0,null,0,0,0
1194,0,null,0,0,0
1195,0,null,0,0,0
1196,0,null,0,0,0
1197,0,null,0,0,0
1198,0,null,0,0,0
1199,0,null,0,0,0
1200,0,null,0,0,0
1201,10,pi-,1,1,1
1202,0,null,0,0,0
1203,0,null,0,0,0
1204,0,null,0,0,0
1205,0,null,0,0,0
1206,0,null,0,0,0
1207,0,null,0,0,0
1208,0,null,0,0,0
1209,13,pi-,1,1,0
1210,0,null,0,0,0
1211,0,null,0,0,0
1212,0,null,0,0,0
1213,0,null,0,0,0
1214,0,null,0,0,0
1215,0,null,0,0,0
1216,0,null,0,0,0
1217,0,null,0,0,0
1218,0,null,0,0,0
1219,0,null,0,0,0
1220,3,secondary_proton,1,1,1
1221,0,null,0,0,0
1222,0,null,0,0,0
1223,3,secondary_proton,1,1,1
1224,0,null,0,0,0
1225,0,null,0,0,0
1226,0,null,0,0,0
1227,0,null,0,0,0
1228,0,null,0,0,0
1229,0,null,0,0,0
1230,0,null,0,0,0
1231,0,null,0,0,0
1232,0,null,0,0,0
1233,0,null,0,0,0
1234,0,null,0,0,0
1235,0,null,0,0,0
1236,0,null,0,0,0
1237,0,null,0,0,0
1238,0,null,0,0,0
1239,0,null,0,0,0
1240,800,pi+,1,1,1
1241,0,null,0,0,0
1242,0,null,0,0,0
1243,0,null,0,0,0
1244,0,null,0,0,0
1245,0,null,0,0,0
1246,0,null,0,0,0
1247,0,null,0,0,0
1248,0,null,0,0,0
1249,0,null,0,0,0
1250,0,null,0,0,0
1251,0,null,0,0,0
1252,0,null,0,0,0
1253,0,null,0,0,0
1254,0,null,0,0,0
1255,0,null,0,0,0
1256,0,null,0,0,0
1257,0,null,0,0,0
1258,0,null,0,0,0
1259,0,null,0,0,0
1260,0,null,0,0,0
1261,0,null,0,0,0
1262,0,null,0,0,0
1263,0,null,0,0,0
1264,0,null,0,0,0
1265,0,null,0,0,0
1266,0,null,0,0,0
1267,0,null,0,0,0
1268,0,null,0,0,0
1269,0,null,0,0,0
1270,0,null,0,0,0
1271,0,null,0,0,0
1272,0,null,0,0,0
1273,0,null,0,0,0
1274,0,null,0,0,0
1275,0,null,0,0,0
1276,0,null,0,0,0
1277,0,null,0,0,0
1278,0,null,0,0,0
1279,0,null,0,0,0
1280,0,null,0,0,0
1281,0,null,0,0,0
1282,0,null,0,0,0
1283,0,null,0,0,0
1284,1,primary_proton,1,1,1
1285,0,null,0,0,0
1286,0,null,0,0,0
1287,0,null,0,0,0
1288,1,primary_proton,1,1,1
1289,0,null,0,0,0
1290,0,null,0,0,0
1291,0,null,0,0,0
1292,1,primary_proton,1,1,1
1293,0,null,0,0,0
1294,1,primary_proton,1,1,1
1295,4,pi-,1,1,1
1296,0,null,0,0,0
1297,0,null,0,0,0
1298,0,null,0,0,0
1299,0,null,0,0,0
1300,0,null,0,0,0
1301,0,null,0,0,0
1302,0,null,0,0,0
1303,0,null,0,0,0
1304,0,null,0,0,0
1305,0,null,0,0,0
1306,0,null,0,0,0
1307,0,null,0,0,0
1308,0,null,0,0,0
1309,0,null,0,0,0
1310,0,null,0,0,0
1311,0,null,0,0,0
1312,0,null,0,0,0
1313,0,null,0,0,0
1314,0,null,0,0,0
1315,0,null,0,0,0
1316,0,null,0,0,0
1317,0,null,0,0,0
1318,0,null,0,0,0
1319,0,null,0,0,0
1320,0,null,0,0,0
1321,0,null,0,0,0
958,0,null,0,0,0
959,0,null,0,0,0
960,7,secondary_proton,1,1,0
961,0,null,0,0,0
962,0,null,0,0,0
963,0,null,0,0,0
964,0,null,0,0,0
965,0,null,0,0,0
966,0,null,0,0,0
967,0,null,0,0,0
968,0,null,0,0,0
969,0,null,0,0,0
970,0,null,0,0,0
971,16,pi+,1,1,1
972,0,null,0,0,0
973,0,null,0,0,0
974,0,null,0,0,0
975,0,null,0,0,0
976,0,null,0,0,0
977,0,null,0,0,0
978,0,null,0,0,0
979,0,null,0,0,0
1050,0,null,0,0,0
1051,0,null,0,0,0
1052,0,null,0,0,0
1053,4,secondary_proton,1,1,1
1054,0,null,0,0,0
1055,0,null,0,0,0
1056,0,null,0,0,0
1057,0,null,0,0,0
1058,0,null,0,0,0
1059,0,null,0,0,0
1060,0,null,0,0,0
1061,0,null,0,0,0
1062,0,null,0,0,0
1063,0,null,0,0,0
1064,0,null,0,0,0
1065,0,null,0,0,0
1066,0,null,0,0,0
1067,0,null,0,0,0
1068,0,null,0,0,0
1069,0,null,0,0,0
1070,0,null,0,0,0
1071,0,null,0,0,0
1072,0,null,0,0,0
1073,0,null,0,0,0
1074,0,null,0,0,0
1075,0,null,0,0,0
1076,0,null,0,0,0
1077,0,null,0,0,0
1078,0,null,0,0,0
1079,13,pi+,1,1,1
1080,0,null,0,0,0
1081,0,null,0,0,0
1082,0,null,0,0,0
1083,0,null,0,0,0
1084,0,null,0,0,0
1085,0,null,0,0,0
1086,0,null,0,0,0
1087,0,null,0,0,0
1088,0,null,0,0,0
1089,0,null,0,0,0
1090,0,null,0,0,0
1091,0,null,0,0,0
1092,0,null,0,0,0
1093,8,secondary_proton,1,1,0
1094,0,null,0,0,0
1095,0,null,0,0,0
1096,0,null,0,0,0
1097,1,primary_proton,1,1,1
1098,0,null,0,0,0
1099,0,null,0,0,0
1100,0,null,0,0,0
1101,0,null,0,0,0
1102,0,null,0,0,0
1103,0,null,0,0,0
1104,0,null,0,0,0
1105,0,null,0,0,0
1106,1,primary_proton,1,1,1
1107,0,null,0,0,0
1108,0,null,0,0,0
1109,0,null,0,0,0
1110,0,null,0,0,0
1111,0,null,0,0,0
1112,0,null,0,0,0
1113,0,null,0,0,0
1114,0,null,0,0,0
1115,0,null,0,0,0
1116,0,null,0,0,0
1117,0,null,0,0,0
1118,9,pi+,1,0,0
1119,0,null,0,0,0
1120,0,null,0,0,0
1121,0,null,0,0,0
1122,0,null,0,0,0
1123,0,null,0,0,0
1124,0,null,0,0,0
1125,0,null,0,0,0
1126,0,null,0,0,0
1127,0,null,0,0,0
1128,1,primary_proton,1,1,1
1129,0,null,0,0,0
1130,0,null,0,0,0
1131,0,null,0,0,0
1132,0,null,0,0,0
1133,0,null,0,0,0
1134,0,null,0,0,0
1135,0,null,0,0,0
1136,0,null,0,0,0
1137,0,null,0,0,0
1138,0,null,0,0,0
1139,0,null,0,0,0
1140,0,null,0,0,0
1141,0,null,0,0,0
1142,0,null,0,0,0
1143,0,null,0,0,0
1144,0,null,0,0,0
1145,0,null,0,0,0
1146,0,null,0,0,0
1147,0,null,0,0,0
1148,0,null,0,0,0
1149,1009,e-,1,1,1
1150,1,primary_proton,1,1,1
1151,0,null,0,0,0
1152,1,primary_proton,1,1,1
1153,0,null,0,0,0
1154,0,null,0,0,0
1155,0,null,0,0,0
1156,0,null,0,0,0
1157,0,null,0,0,0
1158,0,null,0,0,0
1159,0,null,0,0,0
1160,0,null,0,0,0
1161,0,null,0,0,0
1162,0,null,0,0,0
1163,0,null,0,0,0
1164,2448,e-,1,1,0
1165,0,null,0,0,0
1166,0,null,0,0,0
1167,0,null,0,0,0
1168,0,null,0,0,0
1169,0,null,0,0,0
1170,0,null,0,0,0
1171,9089,e-,1,0,0
1172,0,null,0,0,0
1173,0,null,0,0,0
1174,0,null,0,0,0
1175,2561,pi+,1,0,0
1176,0,null,0,0,0
1177,0,null,0,0,0
1178,0,null,0,0,0
1179,0,null,0,0,0
1180,0,null,0,0,0
1181,0,null,0,0,0
1182,0,null,0,0,0
1183,0,null,0,0,0
1184,1,primary_proton,1,1,1
1185,0,null,0,0,0
1186,0,null,0,0,0
1187,9,secondary_proton,1,1,1
1188,0,null,0,0,0
1189,0,null,0,0,0
1330,0,null,0,0,0
1331,0,null,0,0,0
1332,0,null,0,0,0
1333,0,null,0,0,0
1334,1,primary_proton,1,1,1
1335,0,null,0,0,0
1336,0,null,0,0,0
1337,0,null,0,0,0
1338,0,null,0,0,0
1339,0,null,0,0,0
1340,1,primary_proton,1,1,1
1341,0,null,0,0,0
1342,0,null,0,0,0
1343,0,null,0,0,0
1344,0,null,0,0,0
1345,0,null,0,0,0
1346,5,secondary_proton,1,1,1
1347,0,null,0,0,0
1348,0,null,0,0,0
1349,0,null,0,0,0
1350,1507,e-,1,1,1
1351,0,null,0,0,0
1352,0,null,0,0,0
1353,0,null,0,0,0
1354,0,null,0,0,0
1355,4,kaon+,1,0,0
1356,0,null,0,0,0
1357,0,null,0,0,0
1358,0,null,0,0,0
1359,0,null,0,0,0
1360,0,null,0,0,0
1361,0,null,0,0,0
1362,0,null,0,0,0
1363,0,null,0,0,0
1364,0,null,0,0,0
1365,0,null,0,0,0
1366,0,null,0,0,0
1367,0,null,0,0,0
1368,2,secondary_proton,1,1,1
1369,0,null,0,0,0
1370,0,null,0,0,0
1371,0,null,0,0,0
1372,0,null,0,0,0
1373,1,primary_proton,1,1,1
1374,0,null,0,0,0
1375,0,null,0,0,0
1376,0,null,0,0,0
1377,0,null,0,0,0
1378,0,null,0,0,0
1379,0,null,0,0,0
1380,0,null,0,0,0
1381,0,null,0,0,0
1382,0,null,0,0,0
1383,0,null,0,0,0
1384,1,primary_proton,1,1,1
1386,0,null,0,0,0
1387,0,null,0,0,0
1388,0,null,0,0,0
1389,0,null,0,0,0
1390,0,null,0,0,0
1391,0,null,0,0,0
1392,0,null,0,0,0
1393,0,null,0,0,0
1394,0,null,0,0,0
1395,0,null,0,0,0
1396,0,null,0,0,0
1397,0,null,0,0,0
1398,0,null,0,0,0
1399,0,null,0,0,0
1470,0,null,0,0,0
1471,1,primary_proton,1,1,1
1472,0,null,0,0,0
1473,0,null,0,0,0
1474,0,null,0,0,0
1475,0,null,0,0,0
1476,0,null,0,0,0
1477,0,null,0,0,0
1478,0,null,0,0,0
1479,0,null,0,0,0
1480,0,null,0,0,0
1481,0,null,0,0,0
1482,0,null,0,0,0
1483,0,null,0,0,0
1484,0,null,0,0,0
1485,0,null,0,0,0
1486,0,null,0,0,0
1487,0,null,0,0,0
1488,0,null,0,0,0
1489,0,null,0,0,0
1490,0,null,0,0,0
1491,0,null,0,0,0
1492,0,null,0,0,0
1493,0,null,0,0,0
1494,0,null,0,0,0
1495,0,null,0,0,0
1496,0,null,0,0,0
1497,4,secondary_proton,1,1,1
1498,0,null,0,0,0
1499,0,null,0,0,0
1500,0,null,0,0,0
1501,0,null,0,0,0
1502,0,null,0,0,0
1503,0,null,0,0,0
1504,0,null,0,0,0
1505,12,pi+,1,0,0
1506,0,null,0,0,0
1507,0,null,0,0,0
1508,0,null,0,0,0
1509,0,null,0,0,0
1510,0,null,0,0,0
1511,0,null,0,0,0
1512,0,null,0,0,0
1513,10,pi-,1,1,1
1514,0,null,0,0,0
1515,0,null,0,0,0
1516,0,null,0,0,0
1517,0,null,0,0,0
1518,0,null,0,0,0
1519,0,null,0,0,0
1520,0,null,0,0,0
1521,0,null,0,0,0
1522,0,null,0,0,0
1523,0,null,0,0,0
1524,0,null,0,0,0
1525,0,null,0,0,0
1526,0,null,0,0,0
1527,0,null,0,0,0
1528,0,null,0,0,0
1529,0,null,0,0,0
1530,0,null,0,0,0
1531,0,null,0,0,0
1532,0,null,0,0,0
1533,0,null,0,0,0
1534,0,null,0,0,0
1535,0,null,0,0,0
1536,0,null,0,0,0
1537,0,null,0,0,0
1538,0,null,0,0,0
1539,0,null,0,0,0
1610,0,null,0,0,0
1611,0,null,0,0,0
1612,0,null,0,0,0
1613,0,null,0,0,0
1614,0,null,0,0,0
1615,0,null,0,0,0
1616,0,null,0,0,0
1617,0,null,0,0,0
1618,0,null,0,0,0
1619,2,secondary_proton,1,1,0
1620,0,null,0,0,0
1621,0,null,0,0,0
1622,1,primary_proton,1,1,1
1623,0,null,0,0,0
1624,0,null,0,0,0
1625,0,null,0,0,0
1626,0,null,0,0,0
1627,0,null,0,0,0
1628,0,null,0,0,0
1629,0,null,0,0,0
1630,0,null,0,0,0
1631,0,null,0,0,0
1632,0,null,0,0,0
1633,0,null,0,0,0
1634,0,null,0,0,0
1635,0,null,0,0,0
1636,0,null,0,0,0
1637,0,null,0,0,0
1638,0,null,0,0,0
1639,0,null,0,0,0
1640,0,null,0,0,0
1641,13,pi+,1,1,1
1642,0,null,0,0,0
1643,3,pi-,1,0,0
1644,0,null,0,0,0
1645,0,null,0,0,0
1646,0,null,0,0,0
1647,0,null,0,0,0
1648,0,null,0,0,0
1649,0,null,0,0,0
1650,0,null,0,0,0
1651,0,null,0,0,0
1652,0,null,0,0,0
1653,0,null,0,0,0
1654,0,null,0,0,0
1655,0,null,0,0,0
1656,0,null,0,0,0
1657,0,null,0,0,0
1658,0,null,0,0,0
1659,0,null,0,0,0
1660,0,null,0,0,0
1661,0,null,0,0,0
1662,0,null,0,0,0
1663,0,null,0,0,0
1664,1,primary_proton,1,1,1
1665,0,null,0,0,0
1666,4,secondary_proton,1,1,1
1667,0,null,0,0,0
1668,0,null,0,0,0
1669,0,null,0,0,0
1670,0,null,0,0,0
1671,0,null,0,0,0
1672,0,null,0,0,0
1673,0,null,0,0,0
1674,9,pi-,1,1,1
1675,0,null,0,0,0
1676,0,null,0,0,0
1677,0,null,0,0,0
1678,0,null,0,0,0
1679,0,null,0,0,0
1680,0,null,0,0,0
1681,8205,e-,1,1,1
1682,0,null,0,0,0
1683,0,null,0,0,0
1684,0,null,0,0,0
1685,0,null,0,0,0
1686,1,primary_proton,1,1,1
1687,0,null,0,0,0
1688,0,null,0,0,0
1689,0,null,0,0,0
1690,0,null,0,0,0
1691,0,null,0,0,0
1692,0,null,0,0,0
1693,0,null,0,0,0
1694,0,null,0,0,0
1695,0,null,0,0,0
1696,0,null,0,0,0
1697,0,null,0,0,0
1698,0,null,0,0,0
1699,0,null,0,0,0
1700,0,null,0,0,0
1701,1,primary_proton,1,1,1
1702,0,null,0,0,0
1703,0,null,0,0,0
1704,0,null,0,0,0
1705,0,null,0,0,0
1706,0,null,0,0,0
1707,0,null,0,0,0
1708,0,null,0,0,0
1709,0,null,0,0,0
1710,0,null,0,0,0
1711,0,null,0,0,0
1712,0,null,0,0,0
1713,0,null,0,0,0
1714,0,null,0,0,0
1715,9,pi+,1,1,1
1716,0,null,0,0,0
1717,0,null,0,0,0
1718,0,null,0,0,0
1719,0,null,0,0,0
1720,0,null,0,0,0
1721,0,null,0,0,0
1722,0,null,0,0,0
1723,0,null,0,0,0
1724,0,null,0,0,0
1725,0,null,0,0,0
1726,0,null,0,0,0
1727,11,pi-,1,1,0
1728,0,null,0,0,0
1729,0,null,0,0,0
1730,0,null,0,0,0
1731,0,null,0,0,0
1732,0,null,0,0,0
1733,0,null,0,0,0
1734,0,null,0,0,0
1735,0,null,0,0,0
1736,0,null,0,0,0
1737,0,null,0,0,0
1738,0,null,0,0,0
1739,0,null,0,0,0
1740,0,null,0,0,0
1741,0,null,0,0,0
1742,0,null,0,0,0
1743,0,null,0,0,0
1744,0,null,0,0,0
1745,0,null,0,0,0
1746,0,null,0,0,0
1747,10,pi-,1,1,1
1323,0,null,0,0,0
1324,0,null,0,0,0
1325,0,null,0,0,0
1326,0,null,0,0,0
1327,0,null,0,0,0
1328,0,null,0,0,0
1329,0,null,0,0,0
1400,0,null,0,0,0
1401,0,null,0,0,0
1402,0,null,0,0,0
1403,0,null,0,0,0
1404,4,secondary_proton,1,1,1
1405,0,null,0,0,0
1406,0,null,0,0,0
1407,0,null,0,0,0
1408,0,null,0,0,0
1409,0,null,0,0,0
1410,0,null,0,0,0
1411,0,null,0,0,0
1412,0,null,0,0,0
1413,0,null,0,0,0
1414,0,null,0,0,0
1415,0,null,0,0,0
1416,0,null,0,0,0
1417,12,pi+,1,1,1
1418,0,null,0,0,0
1419,0,null,0,0,0
1420,0,null,0,0,0
1421,0,null,0,0,0
1422,0,null,0,0,0
1423,4,secondary_proton,1,1,1
1424,0,null,0,0,0
1425,0,null,0,0,0
1426,0,null,0,0,0
1427,0,null,0,0,0
1428,0,null,0,0,0
1429,0,null,0,0,0
1430,0,null,0,0,0
1431,0,null,0,0,0
1432,1,primary_proton,1,1,1
1433,0,null,0,0,0
1434,0,null,0,0,0
1435,0,null,0,0,0
1436,0,null,0,0,0
1437,0,null,0,0,0
1438,0,null,0,0,0
1439,0,null,0,0,0
1440,0,null,0,0,0
1441,0,null,0,0,0
1442,0,null,0,0,0
1443,0,null,0,0,0
1444,0,null,0,0,0
1445,0,null,0,0,0
1446,0,null,0,0,0
1447,0,null,0,0,0
1448,0,null,0,0,0
1449,0,null,0,0,0
1450,0,null,0,0,0
1451,0,null,0,0,0
1452,1,primary_proton,1,1,1
1453,19,secondary_proton,1,1,1
1454,0,null,0,0,0
1455,0,null,0,0,0
1456,0,null,0,0,0
1457,0,null,0,0,0
1458,0,null,0,0,0
1459,0,null,0,0,0
1460,0,null,0,0,0
1461,0,null,0,0,0
1462,0,null,0,0,0
1463,0,null,0,0,0
1464,6,pi-,1,1,1
1465,0,null,0,0,0
1466,0,null,0,0,0
1467,5260,secondary_proton,1,1,1
1468,0,null,0,0,0
1469,0,null,0,0,0
1540,0,null,0,0,0
1541,0,null,0,0,0
1542,0,null,0,0,0
1543,0,null,0,0,0
1544,11,secondary_proton,1,1,1
1545,0,null,0,0,0
1546,0,null,0,0,0
1547,0,null,0,0,0
1548,0,null,0,0,0
1549,0,null,0,0,0
1550,0,null,0,0,0
1551,0,null,0,0,0
1552,0,null,0,0,0
1553,0,null,0,0,0
1554,0,null,0,0,0
1555,0,null,0,0,0
1556,0,null,0,0,0
1557,0,null,0,0,0
1558,1,primary_proton,1,1,1
1559,0,null,0,0,0
1560,5,pi+,1,1,1
1561,0,null,0,0,0
1562,0,null,0,0,0
1563,0,null,0,0,0
1564,0,null,0,0,0
1565,0,null,0,0,0
1566,0,null,0,0,0
1567,0,null,0,0,0
1568,0,null,0,0,0
1569,0,null,0,0,0
1570,0,null,0,0,0
1571,16,pi-,1,1,1
1572,0,null,0,0,0
1573,0,null,0,0,0
1574,0,null,0,0,0
1575,0,null,0,0,0
1576,0,null,0,0,0
1577,0,null,0,0,0
1578,0,null,0,0,0
1579,0,null,0,0,0
1580,0,null,0,0,0
1581,0,null,0,0,0
1582,0,null,0,0,0
1583,0,null,0,0,0
1584,0,null,0,0,0
1585,0,null,0,0,0
1586,0,null,0,0,0
1587,0,null,0,0,0
1588,0,null,0,0,0
1589,0,null,0,0,0
1590,0,null,0,0,0
1591,1,primary_proton,1,1,1
1592,0,null,0,0,0
1593,8,secondary_proton,1,1,1
1594,0,null,0,0,0
1595,0,null,0,0,0
1596,0,null,0,0,0
1597,0,null,0,0,0
1598,0,null,0,0,0
1599,0,null,0,0,0
1600,0,null,0,0,0
1601,0,null,0,0,0
1602,0,null,0,0,0
1603,0,null,0,0,0
1604,0,null,0,0,0
1605,0,null,0,0,0
1606,0,null,0,0,0
1607,0,null,0,0,0
1608,0,null,0,0,0
1609,3972,secondary_proton,1,1,1
1750,0,null,0,0,0
1751,0,null,0,0,0
1752,0,null,0,0,0
1753,0,null,0,0,0
1754,0,null,0,0,0
1755,0,null,0,0,0
1756,0,null,0,0,0
1757,0,null,0,0,0
1758,1,primary_proton,1,1,1
1759,0,null,0,0,0
1760,0,null,0,0,0
1761,0,null,0,0,0
1762,0,null,0,0,0
1763,0,null,0,0,0
1764,0,null,0,0,0
1765,0,null,0,0,0
1766,0,null,0,0,0
1767,0,null,0,0,0
1768,0,null,0,0,0
1769,0,null,0,0,0
1770,0,null,0,0,0
1771,0,null,0,0,0
1772,0,null,0,0,0
1773,0,null,0,0,0
1774,0,null,0,0,0
1775,0,null,0,0,0
1776,0,null,0,0,0
1777,0,null,0,0,0
1778,0,null,0,0,0
1779,0,null,0,0,0
1780,0,null,0,0,0
1781,0,null,0,0,0
1782,0,null,0,0,0
1783,0,null,0,0,0
1784,0,null,0,0,0
1785,0,null,0,0,0
1786,0,null,0,0,0
1787,0,null,0,0,0
1788,0,null,0,0,0
1789,0,null,0,0,0
1790,0,null,0,0,0
1791,960,e-,1,0,0
1792,0,null,0,0,0
1793,2137,secondary_proton,1,1,1
1794,0,null,0,0,0
1795,4,pi-,1,1,1
1796,0,null,0,0,0
1797,0,null,0,0,0
1798,0,null,0,0,0
1799,1,primary_proton,1,1,1
1800,0,null,0,0,0
1801,0,null,0,0,0
1802,0,null,0,0,0
1803,0,null,0,0,0
1804,0,null,0,0,0
1805,0,null,0,0,0
1806,0,null,0,0,0
1807,0,null,0,0,0
1808,0,null,0,0,0
1809,0,null,0,0,0
1810,5094,secondary_proton,1,0,0
1811,0,null,0,0,0
1812,0,null,0,0,0
1813,0,null,0,0,0
1814,0,null,0,0,0
1815,0,null,0,0,0
1816,0,null,0,0,0
1817,17,pi-,1,1,1
1818,0,null,0,0,0
1749,0,null,0,0,0
1820,0,null,0,0,0
1821,0,null,0,0,0
1822,0,null,0,0,0
1823,0,null,0,0,0
1824,0,null,0,0,0
1825,0,null,0,0,0
1826,0,null,0,0,0
1827,0,null,0,0,0
1828,0,null,0,0,0
1829,0,null,0,0,0
1830,0,null,0,0,0
1831,0,null,0,0,0
1832,0,null,0,0,0
1833,1,primary_proton,1,1,1
1834,0,null,0,0,0
1835,0,null,0,0,0
1836,0,null,0,0,0
1837,0,null,0,0,0
1838,0,null,0,0,0
1839,0,null,0,0,0
1840,0,null,0,0,0
1841,0,null,0,0,0
1842,0,null,0,0,0
1843,0,null,0,0,0
1844,0,null,0,0,0
1845,0,null,0,0,0
1846,0,null,0,0,0
1847,0,null,0,0,0
1848,0,null,0,0,0
1849,0,null,0,0,0
1850,7,pi+,1,1,1
1851,0,null,0,0,0
1852,0,null,0,0,0
1853,70,pi-,1,1,1
1854,0,null,0,0,0
1855,0,null,0,0,0
1856,0,null,0,0,0
1857,0,null,0,0,0
1858,2261,e-,1,0,1
1859,0,null,0,0,0
1860,0,null,0,0,0
1861,0,null,0,0,0
1862,0,null,0,0,0
1863,0,null,0,0,0
1864,0,null,0,0,0
1865,1,primary_proton,1,1,1
1866,0,null,0,0,0
1867,0,null,0,0,0
1868,0,null,0,0,0
1869,0,null,0,0,0
1870,0,null,0,0,0
1871,0,null,0,0,0
1872,0,null,0,0,0
1873,0,null,0,0,0
1874,0,null,0,0,0
1875,0,null,0,0,0
1876,0,null,0,0,0
1877,0,null,0,0,0
1878,1,primary_proton,1,1,1
1879,0,null,0,0,0
1880,0,null,0,0,0
1881,0,null,0,0,0
1882,0,null,0,0,0
1883,0,null,0,0,0
1884,0,null,0,0,0
1885,0,null,0,0,0
1886,0,null,0,0,0
1887,0,null,0,0,0
1888,0,null,0,0,0
1889,0,null,0,0,0
1960,0,null,0,0,0
1961,0,null,0,0,0
1962,0,null,0,0,0
1963,0,null,0,0,0
1964,0,null,0,0,0
1965,1,primary_proton,1,1,1
1966,0,null,0,0,0
1967,0,null,0,0,0
1968,0,null,0,0,0
1969,0,null,0,0,0
1970,0,null,0,0,0
1971,0,null,0,0,0
1972,0,null,0,0,0
1973,0,null,0,0,0
1974,0,null,0,0,0
1975,0,null,0,0,0
1976,0,null,0,0,0
1977,0,null,0,0,0
1978,0,null,0,0,0
1979,0,null,0,0,0
1980,0,null,0,0,0
1981,0,null,0,0,0
1982,0,null,0,0,0
1983,0,null,0,0,0
1984,0,null,0,0,0
1985,1,primary_proton,1,0,0
1986,0,null,0,0,0
1987,0,null,0,0,0
1988,0,null,0,0,0
1989,0,null,0,0,0
1990,0,null,0,0,0
1991,0,null,0,0,0
1992,0,null,0,0,0
1993,0,null,0,0,0
1994,0,null,0,0,0
1995,0,null,0,0,0
1996,0,null,0,0,0
1997,0,null,0,0,0
1998,0,null,0,0,0
1999,0,null,0,0,0
2000,0,null,0,0,0
2001,0,null,0,0,0
2002,0,null,0,0,0
2003,0,null,0,0,0
2004,0,null,0,0,0
2005,0,null,0,0,0
2006,0,null,0,0,0
2007,0,null,0,0,0
2008,0,null,0,0,0
2009,0,null,0,0,0
2010,0,null,0,0,0
2011,0,null,0,0,0
2012,0,null,0,0,0
2013,0,null,0,0,0
2014,0,null,0,0,0
2015,0,null,0,0,0
2016,0,null,0,0,0
2017,0,null,0,0,0
2018,0,null,0,0,0
2019,10,pi-,1,1,1
2020,0,null,0,0,0
2021,0,null,0,0,0
2022,0,null,0,0,0
2023,0,null,0,0,0
2024,0,null,0,0,0
2025,0,null,0,0,0
2026,0,null,0,0,0
2027,0,null,0,0,0
2028,0,null,0,0,0
2029,0,null,0,0,0
2100,0,null,0,0,0
2101,0,null,0,0,0
2102,0,null,0,0,0
2103,0,null,0,0,0
2104,0,null,0,0,0
2105,0,null,0,0,0
2106,1,primary_proton,1,1,1
2107,0,null,0,0,0
2108,0,null,0,0,0
2109,7011,pi+,1,0,0
2110,0,null,0,0,0
2111,0,null,0,0,0
2112,0,null,0,0,0
2113,0,null,0,0,0
2114,0,null,0,0,0
2115,0,null,0,0,0
2116,0,null,0,0,0
2117,0,null,0,0,0
2118,0,null,0,0,0
2119,9,pi+,1,1,1
2120,0,null,0,0,0
2121,0,null,0,0,0
2122,0,null,0,0,0
2123,0,null,0,0,0
2124,0,null,0,0,0
2125,0,null,0,0,0
2126,0,null,0,0,0
2127,0,null,0,0,0
2128,0,null,0,0,0
2129,0,null,0,0,0
2130,0,null,0,0,0
2131,0,null,0,0,0
2132,0,null,0,0,0
2133,0,null,0,0,0
2134,0,null,0,0,0
2135,9,pi+,1,0,0
2136,0,null,0,0,0
2137,0,null,0,0,0
2138,0,null,0,0,0
2139,0,null,0,0,0
2140,0,null,0,0,0
2141,0,null,0,0,0
2142,0,null,0,0,0
2143,0,null,0,0,0
2144,0,null,0,0,0
2145,0,null,0,0,0
2146,0,null,0,0,0
2147,0,null,0,0,0
2148,0,null,0,0,0
2149,0,null,0,0,0
2150,0,null,0,0,0
2151,0,null,0,0,0
2152,0,null,0,0,0
2153,0,null,0,0,0
2154,0,null,0,0,0
2155,0,null,0,0,0
2156,0,null,0,0,0
2157,0,null,0,0,0
2158,0,null,0,0,0
2159,0,null,0,0,0
2160,0,null,0,0,0
2161,0,null,0,0,0
2162,0,null,0,0,0
2163,0,null,0,0,0
2164,0,null,0,0,0
2165,0,null,0,0,0
2166,0,null,0,0,0
2167,0,null,0,0,0
2168,0,null,0,0,0
2169,0,null,0,0,0
2170,0,null,0,0,0
2171,0,null,0,0,0
2172,0,null,0,0,0
2173,0,null,0,0,0
2174,0,null,0,0,0
2175,0,null,0,0,0
2176,0,null,0,0,0
2177,0,null,0,0,0
2178,0,null,0,0,0
2179,0,null,0,0,0
2180,0,null,0,0,0
2181,0,null,0,0,0
1890,0,null,0,0,0
1891,0,null,0,0,0
1892,1,primary_proton,1,1,1
1893,0,null,0,0,0
1894,14,sigma-,1,1,1
1895,0,null,0,0,0
1896,0,null,0,0,0
1897,0,null,0,0,0
1898,0,null,0,0,0
1899,0,null,0,0,0
1900,0,null,0,0,0
1901,0,null,0,0,0
1902,0,null,0,0,0
1903,0,null,0,0,0
1904,0,null,0,0,0
1905,0,null,0,0,0
1906,7,secondary_proton,1,1,1
1907,0,null,0,0,0
1908,0,null,0,0,0
1909,0,null,0,0,0
1910,9,pi-,1,0,0
1911,0,null,0,0,0
1912,0,null,0,0,0
1913,0,null,0,0,0
1914,0,null,0,0,0
1915,0,null,0,0,0
1916,0,null,0,0,0
1917,1,primary_proton,1,1,1
1918,0,null,0,0,0
1919,0,null,0,0,0
1920,0,null,0,0,0
1921,0,null,0,0,0
1922,0,null,0,0,0
1923,0,null,0,0,0
1924,0,null,0,0,0
1925,0,null,0,0,0
1926,0,null,0,0,0
1927,0,null,0,0,0
1928,0,null,0,0,0
1929,0,null,0,0,0
1930,0,null,0,0,0
1931,0,null,0,0,0
1932,0,null,0,0,0
1933,0,null,0,0,0
1934,0,null,0,0,0
1935,0,null,0,0,0
1936,14,pi+,1,1,0
1937,0,null,0,0,0
1938,0,null,0,0,0
1939,0,null,0,0,0
1940,0,null,0,0,0
1941,0,null,0,0,0
1942,0,null,0,0,0
1943,0,null,0,0,0
1944,0,null,0,0,0
1945,0,null,0,0,0
1946,0,null,0,0,0
1947,0,null,0,0,0
1948,4,secondary_proton,1,1,1
1949,0,null,0,0,0
1950,0,null,0,0,0
1951,0,null,0,0,0
1952,0,null,0,0,0
1953,0,null,0,0,0
1954,0,null,0,0,0
1955,1,primary_proton,1,1,1
1956,0,null,0,0,0
1957,0,null,0,0,0
1958,0,null,0,0,0
1959,0,null,0,0,0
2030,8,pi-,1,1,1
2031,0,null,0,0,0
2032,0,null,0,0,0
2033,0,null,0,0,0
2034,0,null,0,0,0
2035,0,null,0,0,0
2036,0,null,0,0,0
2037,0,null,0,0,0
2038,0,null,0,0,0
2039,0,null,0,0,0
2040,0,null,0,0,0
2041,0,null,0,0,0
2042,0,null,0,0,0
2043,0,null,0,0,0
2044,1,primary_proton,1,1,1
2045,0,null,0,0,0
2046,0,null,0,0,0
2047,0,null,0,0,0
2048,1,primary_proton,1,1,1
2049,0,null,0,0,0
2050,0,null,0,0,0
2051,0,null,0,0,0
2052,0,null,0,0,0
2053,0,null,0,0,0
2054,0,null,0,0,0
2055,0,null,0,0,0
2056,0,null,0,0,0
2057,0,null,0,0,0
2058,0,null,0,0,0
2059,0,null,0,0,0
2060,0,null,0,0,0
2061,0,null,0,0,0
2062,0,null,0,0,0
2063,0,null,0,0,0
2064,0,null,0,0,0
2065,0,null,0,0,0
2066,0,null,0,0,0
2067,0,null,0,0,0
2068,3,pi-,1,1,1
2069,0,null,0,0,0
2070,0,null,0,0,0
2071,16,pi+,1,1,1
2072,0,null,0,0,0
2073,0,null,0,0,0
2074,12,pi-,1,1,1
2075,0,null,0,0,0
2076,0,null,0,0,0
2077,12,pi+,1,1,1
2078,0,null,0,0,0
2079,0,null,0,0,0
2080,0,null,0,0,0
2081,0,null,0,0,0
2082,0,null,0,0,0
2083,0,null,0,0,0
2084,0,null,0,0,0
2085,7634,secondary_proton,1,1,0
2086,0,null,0,0,0
2087,0,null,0,0,0
2088,0,null,0,0,0
2089,0,null,0,0,0
2090,0,null,0,0,0
2091,0,null,0,0,0
2092,0,null,0,0,0
2093,0,null,0,0,0
2094,1,primary_proton,1,1,1
2095,0,null,0,0,0
2096,0,null,0,0,0
2097,0,null,0,0,0
2098,0,null,0,0,0
2099,5,secondary_proton,1,1,1
2310,0,null,0,0,0
2311,0,null,0,0,0
2312,0,null,0,0,0
2313,0,null,0,0,0
2314,0,null,0,0,0
2315,0,null,0,0,0
2316,0,null,0,0,0
2317,0,null,0,0,0
2318,0,null,0,0,0
2319,0,null,0,0,0
2320,9,pi+,1,1,1
2321,0,null,0,0,0
2322,0,null,0,0,0
2323,0,null,0,0,0
2324,0,null,0,0,0
2325,0,null,0,0,0
2326,0,null,0,0,0
2327,0,null,0,0,0
2328,0,null,0,0,0
2329,0,null,0,0,0
2330,0,null,0,0,0
2331,0,null,0,0,0
2332,0,null,0,0,0
2333,1,primary_proton,1,1,1
2334,0,null,0,0,0
2335,0,null,0,0,0
2336,0,null,0,0,0
2337,956,secondary_proton,1,0,1
2338,0,null,0,0,0
2339,0,null,0,0,0
2340,0,null,0,0,0
2341,0,null,0,0,0
2342,0,null,0,0,0
2343,0,null,0,0,0
2344,0,null,0,0,0
2345,0,null,0,0,0
2346,0,null,0,0,0
2347,0,null,0,0,0
2348,0,null,0,0,0
2349,0,null,0,0,0
2350,0,null,0,0,0
2351,0,null,0,0,0
2352,0,null,0,0,0
2353,0,null,0,0,0
2354,6,secondary_proton,1,1,1
2355,0,null,0,0,0
2356,0,null,0,0,0
2357,0,null,0,0,0
2358,0,null,0,0,0
2359,0,null,0,0,0
2360,0,null,0,0,0
2361,0,null,0,0,0
2362,0,null,0,0,0
2363,0,null,0,0,0
2364,0,null,0,0,0
2365,0,null,0,0,0
2366,0,null,0,0,0
2367,0,null,0,0,0
2368,0,null,0,0,0
2369,0,null,0,0,0
2370,0,null,0,0,0
2371,0,null,0,0,0
2372,0,null,0,0,0
2373,0,null,0,0,0
2374,0,null,0,0,0
2375,0,null,0,0,0
2376,0,null,0,0,0
2377,0,null,0,0,0
2378,0,null,0,0,0
2379,2,secondary_proton,1,1,1
2450,0,null,0,0,0
2451,0,null,0,0,0
2452,0,null,0,0,0
2453,0,null,0,0,0
2454,14,secondary_proton,1,1,1
2455,0,null,0,0,0
2456,13,pi+,1,1,1
2183,0,null,0,0,0
2184,0,null,0,0,0
2185,0,null,0,0,0
2186,0,null,0,0,0
2187,1,primary_proton,1,1,1
2188,0,null,0,0,0
2189,0,null,0,0,0
2190,0,null,0,0,0
2191,0,null,0,0,0
2192,0,null,0,0,0
2193,0,null,0,0,0
2194,0,null,0,0,0
2195,0,null,0,0,0
2196,0,null,0,0,0
2197,0,null,0,0,0
2198,0,null,0,0,0
2199,0,null,0,0,0
2200,0,null,0,0,0
2201,0,null,0,0,0
2202,0,null,0,0,0
2203,0,null,0,0,0
2204,0,null,0,0,0
2205,0,null,0,0,0
2206,0,null,0,0,0
2207,1,primary_proton,1,1,1
2208,0,null,0,0,0
2209,0,null,0,0,0
2210,0,null,0,0,0
2211,0,null,0,0,0
2212,0,null,0,0,0
2213,0,null,0,0,0
2214,0,null,0,0,0
2215,0,null,0,0,0
2216,0,null,0,0,0
2217,0,null,0,0,0
2218,0,null,0,0,0
2219,0,null,0,0,0
2220,0,null,0,0,0
2221,0,null,0,0,0
2222,0,null,0,0,0
2223,0,null,0,0,0
2224,0,null,0,0,0
2225,0,null,0,0,0
2226,0,null,0,0,0
2227,0,null,0,0,0
2228,0,null,0,0,0
2229,0,null,0,0,0
2230,0,null,0,0,0
2231,0,null,0,0,0
2232,0,null,0,0,0
2233,0,null,0,0,0
2234,0,null,0,0,0
2235,0,null,0,0,0
2236,0,null,0,0,0
2237,0,null,0,0,0
2238,0,null,0,0,0
2239,0,null,0,0,0
2240,0,null,0,0,0
2241,2627,secondary_proton,1,0,0
2242,961,e-,1,1,1
2243,0,null,0,0,0
2244,0,null,0,0,0
2245,0,null,0,0,0
2246,0,null,0,0,0
2247,0,null,0,0,0
2248,0,null,0,0,0
2249,0,null,0,0,0
2250,0,null,0,0,0
2251,1,primary_proton,1,1,1
2252,0,null,0,0,0
2253,0,null,0,0,0
2254,0,null,0,0,0
2255,0,null,0,0,0
2256,1,primary_proton,1,1,1
2257,1,primary_proton,1,1,1
2258,0,null,0,0,0
2259,0,null,0,0,0
2260,0,null,0,0,0
2261,0,null,0,0,0
2262,1,primary_proton,1,1,1
2263,0,null,0,0,0
2264,0,null,0,0,0
2265,0,null,0,0,0
2266,0,null,0,0,0
2267,0,null,0,0,0
2268,0,null,0,0,0
2269,0,null,0,0,0
2270,0,null,0,0,0
2271,0,null,0,0,0
2272,0,null,0,0,0
2273,0,null,0,0,0
2274,0,null,0,0,0
2275,0,null,0,0,0
2276,0,null,0,0,0
2277,0,null,0,0,0
2278,0,null,0,0,0
2279,0,null,0,0,0
2280,0,null,0,0,0
2281,0,null,0,0,0
2282,0,null,0,0,0
2283,0,null,0,0,0
2284,0,null,0,0,0
2285,0,null,0,0,0
2286,0,null,0,0,0
2287,0,null,0,0,0
2288,0,null,0,0,0
2289,0,null,0,0,0
2290,0,null,0,0,0
2291,0,null,0,0,0
2292,0,null,0,0,0
2293,0,null,0,0,0
2294,0,null,0,0,0
2295,0,null,0,0,0
2296,0,null,0,0,0
2297,1,primary_proton,1,1,1
2298,1,primary_proton,1,1,1
2299,0,null,0,0,0
2300,0,null,0,0,0
2301,0,null,0,0,0
2302,0,null,0,0,0
2303,0,null,0,0,0
2304,0,null,0,0,0
2305,0,null,0,0,0
2306,0,null,0,0,0
2307,0,null,0,0,0
2308,0,null,0,0,0
2309,0,null,0,0,0
2380,0,null,0,0,0
2381,0,null,0,0,0
2382,0,null,0,0,0
2383,0,null,0,0,0
2384,0,null,0,0,0
2385,0,null,0,0,0
2386,0,null,0,0,0
2387,0,null,0,0,0
2388,0,null,0,0,0
2389,0,null,0,0,0
2390,0,null,0,0,0
2391,0,null,0,0,0
2392,0,null,0,0,0
2393,0,null,0,0,0
2394,0,null,0,0,0
2395,18,pi+,1,1,1
2396,0,null,0,0,0
2397,0,null,0,0,0
2398,0,null,0,0,0
2399,5,pi+,1,1,0
2400,0,null,0,0,0
2401,0,null,0,0,0
2402,0,null,0,0,0
2403,0,null,0,0,0
2404,0,null,0,0,0
2405,0,null,0,0,0
2406,0,null,0,0,0
2407,0,null,0,0,0
2408,0,null,0,0,0
2409,0,null,0,0,0
2410,0,null,0,0,0
2411,0,null,0,0,0
2412,0,null,0,0,0
2413,0,null,0,0,0
2414,0,null,0,0,0
2415,0,null,0,0,0
2416,0,null,0,0,0
2417,0,null,0,0,0
2418,0,null,0,0,0
2419,0,null,0,0,0
2420,0,null,0,0,0
2421,0,null,0,0,0
2422,0,null,0,0,0
2423,0,null,0,0,0
2424,2,secondary_proton,1,1,1
2425,0,null,0,0,0
2426,0,null,0,0,0
2427,0,null,0,0,0
2428,0,null,0,0,0
2429,0,null,0,0,0
2430,0,null,0,0,0
2431,0,null,0,0,0
2432,0,null,0,0,0
2433,0,null,0,0,0
2434,0,null,0,0,0
2435,0,null,0,0,0
2436,11,pi-,1,1,1
2437,0,null,0,0,0
2438,0,null,0,0,0
2439,0,null,0,0,0
2440,0,null,0,0,0
2441,0,null,0,0,0
2442,0,null,0,0,0
2443,0,null,0,0,0
2444,0,null,0,0,0
2445,0,null,0,0,0
2446,0,null,0,0,0
2447,0,null,0,0,0
2448,0,null,0,0,0
2449,1,primary_proton,1,1,1
2520,0,null,0,0,0
2521,0,null,0,0,0
2522,0,null,0,0,0
2523,0,null,0,0,0
2524,0,null,0,0,0
2525,0,null,0,0,0
2526,0,null,0,0,0
2527,0,null,0,0,0
2528,0,null,0,0,0
2529,0,null,0,0,0
2530,0,null,0,0,0
2531,0,null,0,0,0
2532,0,null,0,0,0
2533,0,null,0,0,0
2534,0,null,0,0,0
2535,10,secondary_proton,1,1,1
2536,0,null,0,0,0
2537,0,null,0,0,0
2538,0,null,0,0,0
2539,0,null,0,0,0
2540,0,null,0,0,0
2541,0,null,0,0,0
2542,0,null,0,0,0
2458,0,null,0,0,0
2459,5,secondary_proton,1,1,1
2460,0,null,0,0,0
2461,0,null,0,0,0
2462,12,pi-,1,1,1
2463,0,null,0,0,0
2464,0,null,0,0,0
2465,0,null,0,0,0
2466,0,null,0,0,0
2467,0,null,0,0,0
2468,0,null,0,0,0
2469,0,null,0,0,0
2470,0,null,0,0,0
2471,0,null,0,0,0
2472,0,null,0,0,0
2473,0,null,0,0,0
2474,0,null,0,0,0
2475,0,null,0,0,0
2476,0,null,0,0,0
2477,0,null,0,0,0
2478,0,null,0,0,0
2479,0,null,0,0,0
2480,0,null,0,0,0
2481,0,null,0,0,0
2482,0,null,0,0,0
2483,0,null,0,0,0
2484,0,null,0,0,0
2485,0,null,0,0,0
2486,0,null,0,0,0
2487,0,null,0,0,0
2488,0,null,0,0,0
2489,0,null,0,0,0
2490,1,primary_proton,1,1,1
2491,0,null,0,0,0
2492,0,null,0,0,0
2493,0,null,0,0,0
2494,0,null,0,0,0
2495,0,null,0,0,0
2496,0,null,0,0,0
2497,0,null,0,0,0
2498,0,null,0,0,0
2499,0,null,0,0,0
2500,0,null,0,0,0
2501,0,null,0,0,0
2502,0,null,0,0,0
2503,0,null,0,0,0
2504,0,null,0,0,0
2505,0,null,0,0,0
2506,0,null,0,0,0
2507,0,null,0,0,0
2508,0,null,0,0,0
2509,0,null,0,0,0
2510,0,null,0,0,0
2511,0,null,0,0,0
2512,0,null,0,0,0
2513,0,null,0,0,0
2514,0,null,0,0,0
2515,0,null,0,0,0
2516,0,null,0,0,0
2517,1,primary_proton,1,1,1
2518,0,null,0,0,0
2519,0,null,0,0,0
2590,0,null,0,0,0
2591,0,null,0,0,0
2592,0,null,0,0,0
2593,0,null,0,0,0
2594,0,null,0,0,0
2595,0,null,0,0,0
2596,0,null,0,0,0
2597,1,primary_proton,1,1,1
2598,0,null,0,0,0
2599,0,null,0,0,0
2600,0,null,0,0,0
2601,0,null,0,0,0
2602,0,null,0,0,0
2603,0,null,0,0,0
2604,0,null,0,0,0
2605,0,null,0,0,0
2606,0,null,0,0,0
2607,0,null,0,0,0
2608,8,pi-,1,1,1
2609,0,null,0,0,0
2610,0,null,0,0,0
2611,0,null,0,0,0
2612,0,null,0,0,0
2613,0,null,0,0,0
2614,0,null,0,0,0
2615,0,null,0,0,0
2616,0,null,0,0,0
2617,0,null,0,0,0
2618,0,null,0,0,0
2619,0,null,0,0,0
2620,0,null,0,0,0
2621,0,null,0,0,0
2622,0,null,0,0,0
2623,0,null,0,0,0
2624,0,null,0,0,0
2625,0,null,0,0,0
2626,0,null,0,0,0
2627,0,null,0,0,0
2628,1,primary_proton,1,1,1
2629,0,null,0,0,0
2630,0,null,0,0,0
2631,0,null,0,0,0
2632,0,null,0,0,0
2633,0,null,0,0,0
2634,0,null,0,0,0
2635,0,null,0,0,0
2636,0,null,0,0,0
2637,0,null,0,0,0
2638,0,null,0,0,0
2639,0,null,0,0,0
2640,0,null,0,0,0
2641,0,null,0,0,0
2642,0,null,0,0,0
2643,1,primary_proton,1,1,1
2644,0,null,0,0,0
2645,0,null,0,0,0
2646,1,primary_proton,1,1,1
2647,0,null,0,0,0
2648,0,null,0,0,0
2649,0,null,0,0,0
2650,0,null,0,0,0
2651,0,null,0,0,0
2652,0,null,0,0,0
2653,0,null,0,0,0
2654,0,null,0,0,0
2655,0,null,0,0,0
2656,0,null,0,0,0
2657,0,null,0,0,0
2658,0,null,0,0,0
2659,0,null,0,0,0
2730,0,null,0,0,0
2731,0,null,0,0,0
2732,0,null,0,0,0
2733,0,null,0,0,0
2734,0,null,0,0,0
2735,0,null,0,0,0
2736,0,null,0,0,0
2737,0,null,0,0,0
2738,0,null,0,0,0
2739,0,null,0,0,0
2740,0,null,0,0,0
2741,0,null,0,0,0
2742,0,null,0,0,0
2743,0,null,0,0,0
2744,0,null,0,0,0
2745,0,null,0,0,0
2746,0,null,0,0,0
2747,0,null,0,0,0
2748,0,null,0,0,0
2749,0,null,0,0,0
2750,0,null,0,0,0
2751,0,null,0,0,0
2752,0,null,0,0,0
2753,0,null,0,0,0
2754,0,null,0,0,0
2755,0,null,0,0,0
2756,0,null,0,0,0
2757,0,null,0,0,0
2758,0,null,0,0,0
2759,0,null,0,0,0
2760,0,null,0,0,0
2761,0,null,0,0,0
2762,0,null,0,0,0
2763,0,null,0,0,0
2764,0,null,0,0,0
2765,0,null,0,0,0
2766,0,null,0,0,0
2767,0,null,0,0,0
2768,0,null,0,0,0
2769,0,null,0,0,0
2770,0,null,0,0,0
2771,0,null,0,0,0
2772,0,null,0,0,0
2773,0,null,0,0,0
2774,0,null,0,0,0
2775,0,null,0,0,0
2776,0,null,0,0,0
2777,0,null,0,0,0
2778,0,null,0,0,0
2779,0,null,0,0,0
2780,0,null,0,0,0
2781,0,null,0,0,0
2782,0,null,0,0,0
2783,0,null,0,0,0
2784,11,pi-,1,1,1
2785,0,null,0,0,0
2786,0,null,0,0,0
2787,0,null,0,0,0
2788,0,null,0,0,0
2789,0,null,0,0,0
2790,0,null,0,0,0
2791,0,null,0,0,0
2792,0,null,0,0,0
2793,0,null,0,0,0
2794,0,null,0,0,0
2795,799,secondary_proton,1,1,1
2796,0,null,0,0,0
2797,0,null,0,0,0
2798,0,null,0,0,0
2799,0,null,0,0,0
2870,0,null,0,0,0
2871,0,null,0,0,0
2872,0,null,0,0,0
2873,0,null,0,0,0
2874,0,null,0,0,0
2875,0,null,0,0,0
2876,0,null,0,0,0
2877,0,null,0,0,0
2878,0,null,0,0,0
2879,0,null,0,0,0
2880,0,null,0,0,0
2881,0,null,0,0,0
2882,0,null,0,0,0
2883,0,null,0,0,0
2884,0,null,0,0,0
2885,0,null,0,0,0
2886,10,pi-,1,0,0
2887,0,null,0,0,0
2888,0,null,0,0,0
2544,0,null,0,0,0
2545,1,primary_proton,1,1,1
2546,0,null,0,0,0
2547,0,null,0,0,0
2548,0,null,0,0,0
2549,0,null,0,0,0
2550,0,null,0,0,0
2551,0,null,0,0,0
2552,0,null,0,0,0
2553,0,null,0,0,0
2554,0,null,0,0,0
2555,0,null,0,0,0
2556,0,null,0,0,0
2557,0,null,0,0,0
2558,1,primary_proton,1,1,1
2559,0,null,0,0,0
2560,0,null,0,0,0
2561,0,null,0,0,0
2562,0,null,0,0,0
2563,0,null,0,0,0
2564,0,null,0,0,0
2565,0,null,0,0,0
2566,0,null,0,0,0
2567,0,null,0,0,0
2568,0,null,0,0,0
2569,0,null,0,0,0
2570,0,null,0,0,0
2571,0,null,0,0,0
2572,0,null,0,0,0
2573,0,null,0,0,0
2574,18,secondary_proton,1,1,1
2575,0,null,0,0,0
2576,0,null,0,0,0
2577,0,null,0,0,0
2578,0,null,0,0,0
2579,0,null,0,0,0
2580,0,null,0,0,0
2581,0,null,0,0,0
2582,0,null,0,0,0
2583,1,primary_proton,1,1,1
2584,0,null,0,0,0
2585,0,null,0,0,0
2586,0,null,0,0,0
2587,0,null,0,0,0
2588,0,null,0,0,0
2589,0,null,0,0,0
2660,0,null,0,0,0
2661,0,null,0,0,0
2662,0,null,0,0,0
2663,0,null,0,0,0
2664,0,null,0,0,0
2665,0,null,0,0,0
2666,0,null,0,0,0
2667,11,pi-,1,1,0
2668,0,null,0,0,0
2669,0,null,0,0,0
2670,0,null,0,0,0
2671,0,null,0,0,0
2672,0,null,0,0,0
2673,0,null,0,0,0
2674,0,null,0,0,0
2675,0,null,0,0,0
2676,0,null,0,0,0
2677,1,primary_proton,1,1,1
2678,0,null,0,0,0
2679,0,null,0,0,0
2680,0,null,0,0,0
2681,0,null,0,0,0
2682,0,null,0,0,0
2683,0,null,0,0,0
2684,0,null,0,0,0
2685,0,null,0,0,0
2686,0,null,0,0,0
2687,1,primary_proton,1,1,1
2688,0,null,0,0,0
2689,0,null,0,0,0
2690,0,null,0,0,0
2691,0,null,0,0,0
2692,0,null,0,0,0
2693,0,null,0,0,0
2694,0,null,0,0,0
2695,0,null,0,0,0
2696,0,null,0,0,0
2697,6,pi-,1,1,0
2698,0,null,0,0,0
2699,0,null,0,0,0
2700,0,null,0,0,0
2701,14,pi-,1,1,1
2702,0,null,0,0,0
2703,0,null,0,0,0
2704,0,null,0,0,0
2705,0,null,0,0,0
2706,0,null,0,0,0
2707,0,null,0,0,0
2708,0,null,0,0,0
2709,0,null,0,0,0
2710,0,null,0,0,0
2711,0,null,0,0,0
2712,0,null,0,0,0
2713,0,null,0,0,0
2714,0,null,0,0,0
2715,0,null,0,0,0
2716,0,null,0,0,0
2717,0,null,0,0,0
2718,0,null,0,0,0
2719,0,null,0,0,0
2720,0,null,0,0,0
2721,0,null,0,0,0
2722,0,null,0,0,0
2723,0,null,0,0,0
2724,0,null,0,0,0
2725,0,null,0,0,0
2726,0,null,0,0,0
2727,0,null,0,0,0
2728,0,null,0,0,0
2729,0,null,0,0,0
2800,0,null,0,0,0
2801,0,null,0,0,0
2802,0,null,0,0,0
2803,0,null,0,0,0
2804,0,null,0,0,0
2805,0,null,0,0,0
2806,0,null,0,0,0
2807,0,null,0,0,0
2808,1,primary_proton,1,1,1
2809,0,null,0,0,0
2810,0,null,0,0,0
2811,1,primary_proton,1,1,1
2812,0,null,0,0,0
2813,0,null,0,0,0
2814,1,primary_proton,1,1,1
2815,0,null,0,0,0
2816,0,null,0,0,0
2817,0,null,0,0,0
2818,0,null,0,0,0
2819,0,null,0,0,0
2820,0,null,0,0,0
2821,0,null,0,0,0
2822,0,null,0,0,0
2823,0,null,0,0,0
2824,0,null,0,0,0
2825,0,null,0,0,0
2826,0,null,0,0,0
2827,0,null,0,0,0
2828,6,pi-,1,1,1
2829,0,null,0,0,0
2830,0,null,0,0,0
2831,0,null,0,0,0
2832,0,null,0,0,0
2833,0,null,0,0,0
2834,0,null,0,0,0
2835,0,null,0,0,0
2836,0,null,0,0,0
2837,0,null,0,0,0
2838,4,secondary_proton,1,1,1
2839,0,null,0,0,0
2840,0,null,0,0,0
2841,0,null,0,0,0
2842,0,null,0,0,0
2843,0,null,0,0,0
2844,1,primary_proton,1,1,1
2845,0,null,0,0,0
2846,0,null,0,0,0
2847,0,null,0,0,0
2848,0,null,0,0,0
2849,1417,e-,1,1,1
2850,0,null,0,0,0
2851,0,null,0,0,0
2852,0,null,0,0,0
2853,0,null,0,0,0
2854,0,null,0,0,0
2855,0,null,0,0,0
2856,0,null,0,0,0
2857,0,null,0,0,0
2858,0,null,0,0,0
2859,0,null,0,0,0
2860,0,null,0,0,0
2861,0,null,0,0,0
2862,4,pi+,1,1,1
2863,0,null,0,0,0
2864,25,pi-,1,1,1
2865,0,null,0,0,0
2866,1026,secondary_proton,1,0,0
2867,0,null,0,0,0
2868,0,null,0,0,0
2869,0,null,0,0,0
3010,0,null,0,0,0
3011,0,null,0,0,0
3012,0,null,0,0,0
3013,0,null,0,0,0
3014,1,primary_proton,1,1,1
3015,0,null,0,0,0
3016,0,null,0,0,0
3017,0,null,0,0,0
3018,0,null,0,0,0
3019,0,null,0,0,0
3020,0,null,0,0,0
3021,0,null,0,0,0
3022,0,null,0,0,0
3023,0,null,0,0,0
3024,0,null,0,0,0
3025,0,null,0,0,0
3026,0,null,0,0,0
3027,0,null,0,0,0
3028,0,null,0,0,0
3029,0,null,0,0,0
3030,0,null,0,0,0
3031,0,null,0,0,0
3032,0,null,0,0,0
3033,0,null,0,0,0
3034,0,null,0,0,0
3035,0,null,0,0,0
3036,0,null,0,0,0
3037,0,null,0,0,0
3038,0,null,0,0,0
3039,0,null,0,0,0
3040,0,null,0,0,0
3041,0,null,0,0,0
3042,0,null,0,0,0
2890,0,null,0,0,0
2891,0,null,0,0,0
2892,0,null,0,0,0
2893,0,null,0,0,0
2894,0,null,0,0,0
2895,0,null,0,0,0
2896,0,null,0,0,0
2897,0,null,0,0,0
2898,0,null,0,0,0
2899,0,null,0,0,0
2900,0,null,0,0,0
2901,0,null,0,0,0
2902,0,null,0,0,0
2903,0,null,0,0,0
2904,0,null,0,0,0
2905,0,null,0,0,0
2906,0,null,0,0,0
2907,0,null,0,0,0
2908,0,null,0,0,0
2909,0,null,0,0,0
2910,1,primary_proton,1,1,1
2911,0,null,0,0,0
2912,0,null,0,0,0
2913,0,null,0,0,0
2914,0,null,0,0,0
2915,13,secondary_proton,1,1,1
2916,0,null,0,0,0
2917,2,secondary_proton,1,1,1
2918,1,primary_proton,1,1,1
2919,0,null,0,0,0
2920,0,null,0,0,0
2921,0,null,0,0,0
2922,0,null,0,0,0
2923,0,null,0,0,0
2924,0,null,0,0,0
2925,0,null,0,0,0
2926,0,null,0,0,0
2927,0,null,0,0,0
2928,0,null,0,0,0
2929,0,null,0,0,0
2930,0,null,0,0,0
2931,0,null,0,0,0
2932,0,null,0,0,0
2933,0,null,0,0,0
2934,0,null,0,0,0
2935,0,null,0,0,0
2936,0,null,0,0,0
2937,0,null,0,0,0
2938,0,null,0,0,0
2939,1,primary_proton,1,1,1
2940,0,null,0,0,0
2941,0,null,0,0,0
2942,0,null,0,0,0
2943,0,null,0,0,0
2944,0,null,0,0,0
2945,0,null,0,0,0
2946,0,null,0,0,0
2947,0,null,0,0,0
2948,0,null,0,0,0
2949,0,null,0,0,0
2950,0,null,0,0,0
2951,0,null,0,0,0
2952,0,null,0,0,0
2953,0,null,0,0,0
2954,0,null,0,0,0
2955,0,null,0,0,0
2956,0,null,0,0,0
2957,1,primary_proton,1,1,1
2958,0,null,0,0,0
2959,0,null,0,0,0
2960,0,null,0,0,0
2961,0,null,0,0,0
2962,0,null,0,0,0
2963,0,null,0,0,0
2964,0,null,0,0,0
2965,0,null,0,0,0
2966,0,null,0,0,0
2967,0,null,0,0,0
2968,0,null,0,0,0
2969,0,null,0,0,0
2970,0,null,0,0,0
2971,0,null,0,0,0
2972,0,null,0,0,0
2973,0,null,0,0,0
2974,0,null,0,0,0
2975,0,null,0,0,0
2976,0,null,0,0,0
2977,0,null,0,0,0
2978,0,null,0,0,0
2979,0,null,0,0,0
2980,0,null,0,0,0
2981,0,null,0,0,0
2982,0,null,0,0,0
2983,0,null,0,0,0
2984,0,null,0,0,0
2985,0,null,0,0,0
2986,0,null,0,0,0
2987,0,null,0,0,0
2988,9,pi-,1,1,1
2989,0,null,0,0,0
2990,0,null,0,0,0
2991,0,null,0,0,0
2992,0,null,0,0,0
2993,0,null,0,0,0
2994,0,null,0,0,0
2995,0,null,0,0,0
2996,0,null,0,0,0
2997,0,null,0,0,0
2998,0,null,0,0,0
2999,0,null,0,0,0
3000,0,null,0,0,0
3001,1,primary_proton,1,1,1
3002,0,null,0,0,0
3003,0,null,0,0,0
3004,0,null,0,0,0
3005,0,null,0,0,0
3006,0,null,0,0,0
3007,0,null,0,0,0
3008,0,null,0,0,0
3009,0,null,0,0,0
3150,0,null,0,0,0
3151,0,null,0,0,0
3152,0,null,0,0,0
3153,0,null,0,0,0
3154,0,null,0,0,0
3155,0,null,0,0,0
3156,0,null,0,0,0
3157,0,null,0,0,0
3158,0,null,0,0,0
3159,0,null,0,0,0
3160,0,null,0,0,0
3161,0,null,0,0,0
3162,0,null,0,0,0
3163,0,null,0,0,0
3164,0,null,0,0,0
3165,0,null,0,0,0
3166,0,null,0,0,0
3167,0,null,0,0,0
3168,0,null,0,0,0
3169,0,null,0,0,0
3170,0,null,0,0,0
3171,4,secondary_proton,1,1,0
3172,0,null,0,0,0
3173,0,null,0,0,0
3174,0,null,0,0,0
3175,0,null,0,0,0
3176,0,null,0,0,0
3177,0,null,0,0,0
3178,0,null,0,0,0
3179,0,null,0,0,0
3180,0,null,0,0,0
3181,0,null,0,0,0
3182,0,null,0,0,0
3183,0,null,0,0,0
3184,0,null,0,0,0
3185,1,primary_proton,1,1,1
3186,0,null,0,0,0
3187,0,null,0,0,0
3188,0,null,0,0,0
3189,0,null,0,0,0
3190,0,null,0,0,0
3191,0,null,0,0,0
3192,0,null,0,0,0
3193,0,null,0,0,0
3194,0,null,0,0,0
3195,0,null,0,0,0
3196,1,primary_proton,1,1,1
3197,0,null,0,0,0
3198,0,null,0,0,0
3199,0,null,0,0,0
3200,0,null,0,0,0
3201,0,null,0,0,0
3202,0,null,0,0,0
3203,0,null,0,0,0
3204,0,null,0,0,0
3205,0,null,0,0,0
3206,0,null,0,0,0
3207,0,null,0,0,0
3208,0,null,0,0,0
3209,0,null,0,0,0
3210,0,null,0,0,0
3211,10,pi-,1,1,0
3212,0,null,0,0,0
3213,0,null,0,0,0
3214,0,null,0,0,0
3215,0,null,0,0,0
3216,0,null,0,0,0
3217,0,null,0,0,0
3218,0,null,0,0,0
3219,0,null,0,0,0
3220,0,null,0,0,0
3221,0,null,0,0,0
3222,0,null,0,0,0
3223,0,null,0,0,0
3224,0,null,0,0,0
3225,0,null,0,0,0
3226,0,null,0,0,0
3227,0,null,0,0,0
3228,0,null,0,0,0
3229,0,null,0,0,0
3230,0,null,0,0,0
3231,0,null,0,0,0
3232,0,null,0,0,0
3233,0,null,0,0,0
3234,0,null,0,0,0
3235,0,null,0,0,0
3236,0,null,0,0,0
3237,0,null,0,0,0
3238,0,null,0,0,0
3239,0,null,0,0,0
3240,0,null,0,0,0
3241,0,null,0,0,0
3242,0,null,0,0,0
3243,0,null,0,0,0
3244,0,null,0,0,0
3245,0,null,0,0,0
3246,6437,e-,1,1,1
3247,0,null,0,0,0
3248,0,null,0,0,0
3249,0,null,0,0,0
3250,0,null,0,0,0
3044,0,null,0,0,0
3045,0,null,0,0,0
3046,0,null,0,0,0
3047,0,null,0,0,0
3048,0,null,0,0,0
3049,0,null,0,0,0
3050,0,null,0,0,0
3051,0,null,0,0,0
3052,0,null,0,0,0
3053,0,null,0,0,0
3054,0,null,0,0,0
3055,2,secondary_proton,1,0,0
3056,0,null,0,0,0
3057,0,null,0,0,0
3058,0,null,0,0,0
3059,0,null,0,0,0
3060,0,null,0,0,0
3061,0,null,0,0,0
3062,0,null,0,0,0
3063,0,null,0,0,0
3064,0,null,0,0,0
3065,1,primary_proton,1,1,1
3066,0,null,0,0,0
3067,0,null,0,0,0
3068,0,null,0,0,0
3069,0,null,0,0,0
3070,0,null,0,0,0
3071,0,null,0,0,0
3072,0,null,0,0,0
3073,0,null,0,0,0
3074,0,null,0,0,0
3075,0,null,0,0,0
3076,0,null,0,0,0
3077,0,null,0,0,0
3078,0,null,0,0,0
3079,0,null,0,0,0
3080,0,null,0,0,0
3081,0,null,0,0,0
3082,0,null,0,0,0
3083,0,null,0,0,0
3084,0,null,0,0,0
3085,0,null,0,0,0
3086,0,null,0,0,0
3087,0,null,0,0,0
3088,18,pi-,1,1,1
3089,0,null,0,0,0
3090,0,null,0,0,0
3091,0,null,0,0,0
3092,0,null,0,0,0
3093,0,null,0,0,0
3094,0,null,0,0,0
3095,1,primary_proton,1,1,1
3096,0,null,0,0,0
3097,13,pi+,1,1,1
3098,0,null,0,0,0
3099,9,pi+,1,1,1
3100,1,primary_proton,1,1,1
3101,0,null,0,0,0
3102,0,null,0,0,0
3103,0,null,0,0,0
3104,0,null,0,0,0
3105,0,null,0,0,0
3106,0,null,0,0,0
3107,0,null,0,0,0
3108,0,null,0,0,0
3109,0,null,0,0,0
3110,0,null,0,0,0
3111,0,null,0,0,0
3112,0,null,0,0,0
3113,5,pi-,1,1,1
3114,0,null,0,0,0
3115,0,null,0,0,0
3116,0,null,0,0,0
3117,0,null,0,0,0
3118,0,null,0,0,0
3119,0,null,0,0,0
3120,0,null,0,0,0
3121,0,null,0,0,0
3122,14,secondary_proton,1,0,0
3123,0,null,0,0,0
3124,7,secondary_proton,1,1,1
3125,6767,e-,1,1,1
3126,0,null,0,0,0
3127,0,null,0,0,0
3128,0,null,0,0,0
3129,0,null,0,0,0
3130,0,null,0,0,0
3131,0,null,0,0,0
3132,0,null,0,0,0
3133,0,null,0,0,0
3134,0,null,0,0,0
3135,0,null,0,0,0
3136,0,null,0,0,0
3137,0,null,0,0,0
3138,0,null,0,0,0
3139,0,null,0,0,0
3140,0,null,0,0,0
3141,0,null,0,0,0
3142,0,null,0,0,0
3143,0,null,0,0,0
3144,0,null,0,0,0
3145,0,null,0,0,0
3146,0,null,0,0,0
3147,0,null,0,0,0
3148,0,null,0,0,0
3149,0,null,0,0,0
3360,0,null,0,0,0
3361,0,null,0,0,0
3362,0,null,0,0,0
3363,0,null,0,0,0
3364,0,null,0,0,0
3365,0,null,0,0,0
3366,1905,e-,0,0,1
3367,0,null,0,0,0
3368,0,null,0,0,0
3369,0,null,0,0,0
3370,2483,e-,1,1,1
3371,0,null,0,0,0
3372,0,null,0,0,0
3373,0,null,0,0,0
3374,0,null,0,0,0
3375,0,null,0,0,0
3376,0,null,0,0,0
3377,0,null,0,0,0
3378,0,null,0,0,0
3379,0,null,0,0,0
3380,0,null,0,0,0
3381,0,null,0,0,0
3382,0,null,0,0,0
3383,0,null,0,0,0
3384,0,null,0,0,0
3385,0,null,0,0,0
3386,0,null,0,0,0
3387,0,null,0,0,0
3388,0,null,0,0,0
3389,0,null,0,0,0
3390,0,null,0,0,0
3391,0,null,0,0,0
3392,0,null,0,0,0
3393,0,null,0,0,0
3394,0,null,0,0,0
3395,0,null,0,0,0
3396,280,pi-,1,0,0
3397,0,null,0,0,0
3398,0,null,0,0,0
3399,0,null,0,0,0
3400,0,null,0,0,0
3401,0,null,0,0,0
3402,0,null,0,0,0
3403,0,null,0,0,0
3404,0,null,0,0,0
3405,0,null,0,0,0
3406,0,null,0,0,0
3407,0,null,0,0,0
3408,0,null,0,0,0
3409,5,secondary_proton,1,1,0
3410,1,primary_proton,1,1,1
3411,0,null,0,0,0
3412,0,null,0,0,0
3413,0,null,0,0,0
3414,0,null,0,0,0
3415,0,null,0,0,0
3416,1073,e-,1,1,1
3417,0,null,0,0,0
3418,0,null,0,0,0
3419,0,null,0,0,0
3420,2643,e-,1,1,1
3421,0,null,0,0,0
3422,0,null,0,0,0
3423,0,null,0,0,0
3424,0,null,0,0,0
3425,0,null,0,0,0
3426,1,primary_proton,1,1,1
3427,0,null,0,0,0
3428,0,null,0,0,0
3429,0,null,0,0,0
3430,0,null,0,0,0
3431,0,null,0,0,0
3432,0,null,0,0,0
3433,0,null,0,0,0
3434,0,null,0,0,0
3435,0,null,0,0,0
3436,0,null,0,0,0
3437,6,secondary_proton,1,1,1
3438,0,null,0,0,0
3439,0,null,0,0,0
3440,0,null,0,0,0
3441,0,null,0,0,0
3442,0,null,0,0,0
3443,0,null,0,0,0
3444,1,primary_proton,1,1,1
3445,0,null,0,0,0
3446,2,secondary_proton,1,1,1
3447,9,pi+,1,1,1
3448,0,null,0,0,0
3449,0,null,0,0,0
3450,0,null,0,0,0
3451,0,null,0,0,0
3452,0,null,0,0,0
3453,0,null,0,0,0
3454,0,null,0,0,0
3455,0,null,0,0,0
3456,0,null,0,0,0
3457,0,null,0,0,0
3458,0,null,0,0,0
3459,0,null,0,0,0
3460,0,null,0,0,0
3461,0,null,0,0,0
3462,0,null,0,0,0
3463,0,null,0,0,0
3464,0,null,0,0,0
3465,0,null,0,0,0
3466,14,pi-,1,1,0
3467,0,null,0,0,0
3468,0,null,0,0,0
3469,0,null,0,0,0
3470,0,null,0,0,0
3471,0,null,0,0,0
3472,0,null,0,0,0
3252,0,null,0,0,0
3253,0,null,0,0,0
3254,0,null,0,0,0
3255,0,null,0,0,0
3256,0,null,0,0,0
3257,0,null,0,0,0
3258,0,null,0,0,0
3259,0,null,0,0,0
3260,0,null,0,0,0
3261,0,null,0,0,0
3262,0,null,0,0,0
3263,707,secondary_proton,1,1,1
3264,0,null,0,0,0
3265,0,null,0,0,0
3266,0,null,0,0,0
3267,0,null,0,0,0
3268,0,null,0,0,0
3269,0,null,0,0,0
3270,0,null,0,0,0
3271,0,null,0,0,0
3272,0,null,0,0,0
3273,1,primary_proton,1,1,1
3274,0,null,0,0,0
3275,0,null,0,0,0
3276,0,null,0,0,0
3277,0,null,0,0,0
3278,0,null,0,0,0
3279,0,null,0,0,0
3280,0,null,0,0,0
3281,0,null,0,0,0
3282,0,null,0,0,0
3283,0,null,0,0,0
3284,0,null,0,0,0
3285,0,null,0,0,0
3286,0,null,0,0,0
3287,0,null,0,0,0
3288,0,null,0,0,0
3289,0,null,0,0,0
3290,214,secondary_proton,1,1,0
3291,0,null,0,0,0
3292,0,null,0,0,0
3293,0,null,0,0,0
3294,0,null,0,0,0
3295,0,null,0,0,0
3296,0,null,0,0,0
3297,0,null,0,0,0
3298,0,null,0,0,0
3299,0,null,0,0,0
3300,0,null,0,0,0
3301,0,null,0,0,0
3302,0,null,0,0,0
3303,0,null,0,0,0
3304,895,pi-,1,1,1
3305,0,null,0,0,0
3306,0,null,0,0,0
3307,0,null,0,0,0
3308,12,pi+,1,1,1
3309,0,null,0,0,0
3310,0,null,0,0,0
3311,0,null,0,0,0
3312,0,null,0,0,0
3313,11,pi+,1,1,1
3314,0,null,0,0,0
3315,0,null,0,0,0
3316,0,null,0,0,0
3317,0,null,0,0,0
3318,0,null,0,0,0
3319,0,null,0,0,0
3320,0,null,0,0,0
3321,0,null,0,0,0
3322,0,null,0,0,0
3323,0,null,0,0,0
3324,0,null,0,0,0
3325,0,null,0,0,0
3326,0,null,0,0,0
3327,8,pi-,1,1,1
3328,0,null,0,0,0
3329,0,null,0,0,0
3330,0,null,0,0,0
3331,0,null,0,0,0
3332,0,null,0,0,0
3333,0,null,0,0,0
3334,0,null,0,0,0
3335,0,null,0,0,0
3336,9,secondary_proton,1,1,1
3337,0,null,0,0,0
3338,2,secondary_proton,1,1,1
3339,0,null,0,0,0
3340,0,null,0,0,0
3341,0,null,0,0,0
3342,0,null,0,0,0
3343,10,secondary_proton,1,1,1
3344,0,null,0,0,0
3345,0,null,0,0,0
3346,0,null,0,0,0
3347,0,null,0,0,0
3348,0,null,0,0,0
3349,0,null,0,0,0
3350,0,null,0,0,0
3351,0,null,0,0,0
3352,0,null,0,0,0
3353,6995,secondary_proton,1,1,1
3354,13,secondary_proton,1,1,1
3355,0,null,0,0,0
3356,0,null,0,0,0
3357,0,null,0,0,0
3358,0,null,0,0,0
3359,0,null,0,0,0
3570,0,null,0,0,0
3571,0,null,0,0,0
3572,0,null,0,0,0
3573,0,null,0,0,0
3574,0,null,0,0,0
3575,9,pi+,1,1,0
3576,0,null,0,0,0
3577,0,null,0,0,0
3578,1,primary_proton,1,1,1
3579,0,null,0,0,0
3580,0,null,0,0,0
3581,0,null,0,0,0
3582,0,null,0,0,0
3583,0,null,0,0,0
3584,0,null,0,0,0
3585,0,null,0,0,0
3586,0,null,0,0,0
3587,0,null,0,0,0
3588,0,null,0,0,0
3589,0,null,0,0,0
3590,7,secondary_proton,1,1,1
3591,0,null,0,0,0
3592,0,null,0,0,0
3593,0,null,0,0,0
3594,0,null,0,0,0
3595,0,null,0,0,0
3596,0,null,0,0,0
3597,0,null,0,0,0
3598,0,null,0,0,0
3599,0,null,0,0,0
3600,3,pi-,1,1,1
3601,0,null,0,0,0
3602,0,null,0,0,0
3603,0,null,0,0,0
3604,0,null,0,0,0
3605,0,null,0,0,0
3606,0,null,0,0,0
3607,0,null,0,0,0
3608,1,primary_proton,1,1,1
3609,0,null,0,0,0
3610,0,null,0,0,0
3611,0,null,0,0,0
3612,0,null,0,0,0
3613,0,null,0,0,0
3614,0,null,0,0,0
3615,0,null,0,0,0
3616,0,null,0,0,0
3617,0,null,0,0,0
3618,0,null,0,0,0
3619,0,null,0,0,0
3620,0,null,0,0,0
3621,0,null,0,0,0
3622,0,null,0,0,0
3623,0,null,0,0,0
3624,0,null,0,0,0
3625,0,null,0,0,0
3626,0,null,0,0,0
3627,0,null,0,0,0
3628,0,null,0,0,0
3629,0,null,0,0,0
3630,0,null,0,0,0
3631,0,null,0,0,0
3632,0,null,0,0,0
3633,4,pi+,1,1,1
3634,0,null,0,0,0
3635,0,null,0,0,0
3636,0,null,0,0,0
3637,0,null,0,0,0
3638,0,null,0,0,0
3639,6,secondary_proton,1,1,1
3710,0,null,0,0,0
3711,0,null,0,0,0
3712,0,null,0,0,0
3713,0,null,0,0,0
3714,0,null,0,0,0
3715,0,null,0,0,0
3716,0,null,0,0,0
3717,0,null,0,0,0
3718,2072,secondary_proton,1,0,0
3719,0,null,0,0,0
3720,0,null,0,0,0
3721,0,null,0,0,0
3722,0,null,0,0,0
3723,0,null,0,0,0
3724,0,null,0,0,0
3725,0,null,0,0,0
3726,0,null,0,0,0
3727,0,null,0,0,0
3728,0,null,0,0,0
3729,0,null,0,0,0
3730,0,null,0,0,0
3731,0,null,0,0,0
3732,0,null,0,0,0
3733,0,null,0,0,0
3734,0,null,0,0,0
3735,0,null,0,0,0
3736,0,null,0,0,0
3737,0,null,0,0,0
3738,0,null,0,0,0
3739,0,null,0,0,0
3740,0,null,0,0,0
3741,0,null,0,0,0
3742,0,null,0,0,0
3743,0,null,0,0,0
3744,1,primary_proton,1,1,1
3745,0,null,0,0,0
3746,0,null,0,0,0
3747,0,null,0,0,0
3748,0,null,0,0,0
3474,0,null,0,0,0
3475,0,null,0,0,0
3476,0,null,0,0,0
3477,0,null,0,0,0
3478,0,null,0,0,0
3479,0,null,0,0,0
3480,0,null,0,0,0
3481,0,null,0,0,0
3482,0,null,0,0,0
3483,0,null,0,0,0
3484,0,null,0,0,0
3485,1,primary_proton,1,1,1
3486,0,null,0,0,0
3487,0,null,0,0,0
3488,0,null,0,0,0
3489,0,null,0,0,0
3490,1,primary_proton,1,1,0
3491,0,null,0,0,0
3492,0,null,0,0,0
3493,1,primary_proton,1,1,1
3494,0,null,0,0,0
3495,0,null,0,0,0
3496,0,null,0,0,0
3497,0,null,0,0,0
3498,0,null,0,0,0
3499,0,null,0,0,0
3500,0,null,0,0,0
3501,0,null,0,0,0
3502,0,null,0,0,0
3503,0,null,0,0,0
3504,9,kaon+,1,1,0
3505,0,null,0,0,0
3506,0,null,0,0,0
3507,0,null,0,0,0
3508,0,null,0,0,0
3509,1,primary_proton,1,0,0
3510,0,null,0,0,0
3511,0,null,0,0,0
3512,15,pi-,1,1,1
3513,0,null,0,0,0
3514,0,null,0,0,0
3515,0,null,0,0,0
3516,0,null,0,0,0
3517,0,null,0,0,0
3518,0,null,0,0,0
3519,0,null,0,0,0
3520,0,null,0,0,0
3521,0,null,0,0,0
3522,0,null,0,0,0
3523,0,null,0,0,0
3524,6,secondary_proton,1,1,1
3525,0,null,0,0,0
3526,0,null,0,0,0
3527,0,null,0,0,0
3528,0,null,0,0,0
3529,0,null,0,0,0
3530,0,null,0,0,0
3531,0,null,0,0,0
3532,0,null,0,0,0
3533,0,null,0,0,0
3534,0,null,0,0,0
3535,0,null,0,0,0
3536,0,null,0,0,0
3537,0,null,0,0,0
3538,0,null,0,0,0
3539,0,null,0,0,0
3540,0,null,0,0,0
3541,0,null,0,0,0
3542,0,null,0,0,0
3543,0,null,0,0,0
3544,0,null,0,0,0
3545,0,null,0,0,0
3546,0,null,0,0,0
3547,0,null,0,0,0
3548,0,null,0,0,0
3549,2766,pi+,1,1,1
3550,0,null,0,0,0
3551,0,null,0,0,0
3552,0,null,0,0,0
3553,0,null,0,0,0
3554,0,null,0,0,0
3555,10,pi-,1,1,1
3556,0,null,0,0,0
3557,0,null,0,0,0
3558,0,null,0,0,0
3559,0,null,0,0,0
3560,0,null,0,0,0
3561,0,null,0,0,0
3562,0,null,0,0,0
3563,0,null,0,0,0
3564,0,null,0,0,0
3565,0,null,0,0,0
3566,0,null,0,0,0
3567,1,primary_proton,1,1,1
3568,0,null,0,0,0
3569,0,null,0,0,0
3640,0,null,0,0,0
3641,0,null,0,0,0
3642,0,null,0,0,0
3643,0,null,0,0,0
3644,0,null,0,0,0
3645,0,null,0,0,0
3646,0,null,0,0,0
3647,0,null,0,0,0
3648,0,null,0,0,0
3649,0,null,0,0,0
3650,0,null,0,0,0
3651,0,null,0,0,0
3652,0,null,0,0,0
3653,0,null,0,0,0
3654,0,null,0,0,0
3655,0,null,0,0,0
3656,1,primary_proton,1,1,1
3657,0,null,0,0,0
3658,0,null,0,0,0
3659,0,null,0,0,0
3660,0,null,0,0,0
3661,0,null,0,0,0
3662,0,null,0,0,0
3663,2330,pi-,1,1,1
3664,0,null,0,0,0
3665,0,null,0,0,0
3666,0,null,0,0,0
3667,0,null,0,0,0
3668,0,null,0,0,0
3669,0,null,0,0,0
3670,0,null,0,0,0
3671,0,null,0,0,0
3672,0,null,0,0,0
3673,0,null,0,0,0
3674,9,pi-,1,1,0
3675,0,null,0,0,0
3676,0,null,0,0,0
3677,0,null,0,0,0
3678,0,null,0,0,0
3679,13,pi-,1,1,1
3680,0,null,0,0,0
3681,0,null,0,0,0
3682,12,secondary_proton,1,1,1
3683,0,null,0,0,0
3684,0,null,0,0,0
3685,0,null,0,0,0
3686,0,null,0,0,0
3687,0,null,0,0,0
3688,0,null,0,0,0
3689,0,null,0,0,0
3690,0,null,0,0,0
3691,0,null,0,0,0
3692,0,null,0,0,0
3693,0,null,0,0,0
3694,0,null,0,0,0
3695,0,null,0,0,0
3696,0,null,0,0,0
3697,0,null,0,0,0
3698,0,null,0,0,0
3699,0,null,0,0,0
3700,0,null,0,0,0
3701,0,null,0,0,0
3702,0,null,0,0,0
3703,0,null,0,0,0
3704,0,null,0,0,0
3705,0,null,0,0,0
3706,0,null,0,0,0
3707,0,null,0,0,0
3708,0,null,0,0,0
3709,0,null,0,0,0
3780,0,null,0,0,0
3781,0,null,0,0,0
3782,0,null,0,0,0
3783,0,null,0,0,0
3784,0,null,0,0,0
3785,0,null,0,0,0
3786,0,null,0,0,0
3787,1,primary_proton,1,1,1
3788,0,null,0,0,0
3789,0,null,0,0,0
3790,0,null,0,0,0
3791,0,null,0,0,0
3792,0,null,0,0,0
3793,0,null,0,0,0
3794,34,pi-,1,1,1
3795,13,pi+,1,1,1
3796,0,null,0,0,0
3797,0,null,0,0,0
3798,0,null,0,0,0
3799,0,null,0,0,0
3800,0,null,0,0,0
3801,0,null,0,0,0
3802,0,null,0,0,0
3803,0,null,0,0,0
3804,0,null,0,0,0
3805,0,null,0,0,0
3806,0,null,0,0,0
3807,0,null,0,0,0
3808,0,null,0,0,0
3809,0,null,0,0,0
3810,0,null,0,0,0
3811,0,null,0,0,0
3812,0,null,0,0,0
3813,0,null,0,0,0
3814,0,null,0,0,0
3815,0,null,0,0,0
3816,0,null,0,0,0
3817,0,null,0,0,0
3818,0,null,0,0,0
3819,0,null,0,0,0
3820,0,null,0,0,0
3821,0,null,0,0,0
3822,0,null,0,0,0
3823,0,null,0,0,0
3824,1,primary_proton,1,1,1
3825,0,null,0,0,0
3826,0,null,0,0,0
3827,0,null,0,0,0
3828,0,null,0,0,0
3829,0,null,0,0,0
3830,0,null,0,0,0
3831,0,null,0,0,0
3832,0,null,0,0,0
3833,0,null,0,0,0
3750,0,null,0,0,0
3751,0,null,0,0,0
3752,0,null,0,0,0
3753,0,null,0,0,0
3754,0,null,0,0,0
3755,0,null,0,0,0
3756,0,null,0,0,0
3757,0,null,0,0,0
3758,0,null,0,0,0
3759,17,pi+,1,1,0
3760,0,null,0,0,0
3761,0,null,0,0,0
3762,0,null,0,0,0
3763,0,null,0,0,0
3764,0,null,0,0,0
3765,0,null,0,0,0
3766,0,null,0,0,0
3767,0,null,0,0,0
3768,0,null,0,0,0
3769,0,null,0,0,0
3770,0,null,0,0,0
3771,0,null,0,0,0
3772,0,null,0,0,0
3773,0,null,0,0,0
3774,0,null,0,0,0
3775,0,null,0,0,0
3776,0,null,0,0,0
3777,0,null,0,0,0
3778,0,null,0,0,0
3779,0,null,0,0,0
3850,0,null,0,0,0
3851,0,null,0,0,0
3852,0,null,0,0,0
3853,0,null,0,0,0
3854,0,null,0,0,0
3855,0,null,0,0,0
3856,0,null,0,0,0
3857,0,null,0,0,0
3858,0,null,0,0,0
3859,4140,e-,1,0,0
3860,0,null,0,0,0
3861,0,null,0,0,0
3862,0,null,0,0,0
3863,0,null,0,0,0
3864,0,null,0,0,0
3865,0,null,0,0,0
3866,0,null,0,0,0
3867,0,null,0,0,0
3868,0,null,0,0,0
3869,0,null,0,0,0
3870,0,null,0,0,0
3871,0,null,0,0,0
3872,0,null,0,0,0
3873,0,null,0,0,0
3874,0,null,0,0,0
3875,0,null,0,0,0
3876,1,primary_proton,1,1,1
3877,0,null,0,0,0
3878,0,null,0,0,0
3879,0,null,0,0,0
3880,0,null,0,0,0
3881,0,null,0,0,0
3882,0,null,0,0,0
3883,0,null,0,0,0
3884,0,null,0,0,0
3885,0,null,0,0,0
3886,0,null,0,0,0
3887,0,null,0,0,0
3888,0,null,0,0,0
3889,0,null,0,0,0
3890,0,null,0,0,0
3891,0,null,0,0,0
3892,0,null,0,0,0
3893,0,null,0,0,0
3894,9,pi-,1,0,0
3895,0,null,0,0,0
3896,0,null,0,0,0
3897,0,null,0,0,0
3898,0,null,0,0,0
3899,0,null,0,0,0
3900,0,null,0,0,0
3901,0,null,0,0,0
3902,0,null,0,0,0
3903,0,null,0,0,0
3904,0,null,0,0,0
3905,0,null,0,0,0
3906,1,primary_proton,1,1,1
3907,1,primary_proton,1,1,1
3908,0,null,0,0,0
3909,0,null,0,0,0
3910,0,null,0,0,0
3911,0,null,0,0,0
3912,0,null,0,0,0
3913,0,null,0,0,0
3914,0,null,0,0,0
3915,0,null,0,0,0
3916,0,null,0,0,0
3917,0,null,0,0,0
3918,0,null,0,0,0
3919,0,null,0,0,0
3990,0,null,0,0,0
3991,0,null,0,0,0
3992,0,null,0,0,0
3993,0,null,0,0,0
3994,0,null,0,0,0
3995,0,null,0,0,0
3996,0,null,0,0,0
3997,0,null,0,0,0
3998,0,null,0,0,0
3999,0,null,0,0,0
4000,0,null,0,0,0
4001,0,null,0,0,0
4002,0,null,0,0,0
4003,178,pi-,1,1,1
4004,0,null,0,0,0
4005,0,null,0,0,0
4006,0,null,0,0,0
4007,0,null,0,0,0
4008,0,null,0,0,0
4009,0,null,0,0,0
4010,0,null,0,0,0
4011,0,null,0,0,0
4012,0,null,0,0,0
4013,0,null,0,0,0
4014,1,primary_proton,1,1,1
4015,0,null,0,0,0
4016,0,null,0,0,0
4017,0,null,0,0,0
4018,0,null,0,0,0
4019,0,null,0,0,0
4020,0,null,0,0,0
4021,0,null,0,0,0
4022,0,null,0,0,0
4023,0,null,0,0,0
4024,0,null,0,0,0
4025,0,null,0,0,0
4026,0,null,0,0,0
4027,5,secondary_proton,1,1,1
4028,0,null,0,0,0
4029,0,null,0,0,0
4030,0,null,0,0,0
4031,0,null,0,0,0
4032,0,null,0,0,0
4033,0,null,0,0,0
4034,0,null,0,0,0
4035,0,null,0,0,0
4036,0,null,0,0,0
4037,0,null,0,0,0
4038,0,null,0,0,0
4039,0,null,0,0,0
4040,0,null,0,0,0
4041,0,null,0,0,0
4042,0,null,0,0,0
4043,0,null,0,0,0
4044,0,null,0,0,0
4045,0,null,0,0,0
4046,0,null,0,0,0
4047,0,null,0,0,0
4048,0,null,0,0,0
4049,0,null,0,0,0
4050,0,null,0,0,0
4051,0,null,0,0,0
4052,0,null,0,0,0
4053,0,null,0,0,0
4054,0,null,0,0,0
4055,0,null,0,0,0
4056,0,null,0,0,0
4057,0,null,0,0,0
4058,0,null,0,0,0
4059,0,null,0,0,0
4060,0,null,0,0,0
4061,0,null,0,0,0
4062,0,null,0,0,0
4063,0,null,0,0,0
4064,0,null,0,0,0
4065,0,null,0,0,0
4066,0,null,0,0,0
4067,0,null,0,0,0
4068,0,null,0,0,0
4069,0,null,0,0,0
4070,0,null,0,0,0
4071,0,null,0,0,0
4072,0,null,0,0,0
4073,0,null,0,0,0
4074,0,null,0,0,0
4075,0,null,0,0,0
4076,7,pi+,1,1,1
4077,0,null,0,0,0
4078,0,null,0,0,0
4079,0,null,0,0,0
4080,0,null,0,0,0
4081,0,null,0,0,0
4082,0,null,0,0,0
4083,0,null,0,0,0
4084,0,null,0,0,0
4085,0,null,0,0,0
4086,0,null,0,0,0
4087,0,null,0,0,0
4088,0,null,0,0,0
4089,0,null,0,0,0
4090,0,null,0,0,0
4091,0,null,0,0,0
4092,693,e-,1,0,0
4093,0,null,0,0,0
4094,0,null,0,0,0
4095,0,null,0,0,0
4096,0,null,0,0,0
4097,0,null,0,0,0
4098,0,null,0,0,0
4099,75,secondary_proton,1,1,1
4100,0,null,0,0,0
4101,0,null,0,0,0
4102,0,null,0,0,0
4103,0,null,0,0,0
4104,0,null,0,0,0
4105,0,null,0,0,0
4106,0,null,0,0,0
4107,0,null,0,0,0
4108,0,null,0,0,0
4109,0,null,0,0,0
4110,0,null,0,0,0
4111,0,null,0,0,0
4112,0,null,0,0,0
3835,11,secondary_proton,1,1,1
3836,0,null,0,0,0
3837,0,null,0,0,0
3838,0,null,0,0,0
3839,9,secondary_proton,1,1,1
3840,0,null,0,0,0
3841,0,null,0,0,0
3842,0,null,0,0,0
3843,0,null,0,0,0
3844,0,null,0,0,0
3845,0,null,0,0,0
3846,0,null,0,0,0
3847,0,null,0,0,0
3848,0,null,0,0,0
3849,0,null,0,0,0
3920,0,null,0,0,0
3921,0,null,0,0,0
3922,0,null,0,0,0
3923,0,null,0,0,0
3924,0,null,0,0,0
3925,1,primary_proton,1,1,1
3926,0,null,0,0,0
3927,0,null,0,0,0
3928,1,primary_proton,1,1,1
3929,0,null,0,0,0
3930,16,pi-,1,1,1
3931,0,null,0,0,0
3932,8,pi-,1,1,1
3933,0,null,0,0,0
3934,0,null,0,0,0
3935,64,pi+,0,0,1
3936,0,null,0,0,0
3937,0,null,0,0,0
3938,0,null,0,0,0
3939,0,null,0,0,0
3940,0,null,0,0,0
3941,0,null,0,0,0
3942,0,null,0,0,0
3943,0,null,0,0,0
3944,0,null,0,0,0
3945,0,null,0,0,0
3946,0,null,0,0,0
3947,0,null,0,0,0
3948,0,null,0,0,0
3949,1,primary_proton,1,1,1
3950,0,null,0,0,0
3951,0,null,0,0,0
3952,0,null,0,0,0
3953,0,null,0,0,0
3954,0,null,0,0,0
3955,0,null,0,0,0
3956,1,primary_proton,1,1,1
3957,0,null,0,0,0
3958,0,null,0,0,0
3959,2924,e-,1,1,0
3960,7,pi+,1,1,1
3961,7,pi-,1,1,1
3962,0,null,0,0,0
3963,0,null,0,0,0
3964,9,pi-,1,1,1
3965,0,null,0,0,0
3966,0,null,0,0,0
3967,0,null,0,0,0
3968,0,null,0,0,0
3969,0,null,0,0,0
3970,0,null,0,0,0
3971,0,null,0,0,0
3972,0,null,0,0,0
3973,6,pi+,1,1,1
3974,0,null,0,0,0
3975,0,null,0,0,0
3976,0,null,0,0,0
3977,0,null,0,0,0
3978,0,null,0,0,0
3979,0,null,0,0,0
3980,0,null,0,0,0
3981,0,null,0,0,0
3982,0,null,0,0,0
3983,0,null,0,0,0
3984,0,null,0,0,0
3985,0,null,0,0,0
3986,0,null,0,0,0
3987,0,null,0,0,0
3988,0,null,0,0,0
3989,0,null,0,0,0
4130,0,null,0,0,0
4131,0,null,0,0,0
4132,0,null,0,0,0
4133,0,null,0,0,0
4134,0,null,0,0,0
4135,0,null,0,0,0
4136,472,pi-,1,1,1
4137,0,null,0,0,0
4138,0,null,0,0,0
4139,0,null,0,0,0
4140,0,null,0,0,0
4141,0,null,0,0,0
4142,0,null,0,0,0
4143,0,null,0,0,0
4144,0,null,0,0,0
4145,0,null,0,0,0
4146,0,null,0,0,0
4147,0,null,0,0,0
4148,0,null,0,0,0
4149,0,null,0,0,0
4150,0,null,0,0,0
4151,0,null,0,0,0
4152,0,null,0,0,0
4153,0,null,0,0,0
4154,0,null,0,0,0
4155,0,null,0,0,0
4156,0,null,0,0,0
4157,0,null,0,0,0
4158,9441,pi-,1,1,0
4159,0,null,0,0,0
4160,0,null,0,0,0
4161,0,null,0,0,0
4162,0,null,0,0,0
4163,0,null,0,0,0
4164,0,null,0,0,0
4165,0,null,0,0,0
4166,0,null,0,0,0
4167,0,null,0,0,0
4168,0,null,0,0,0
4169,0,null,0,0,0
4170,0,null,0,0,0
4171,32,secondary_proton,1,1,1
4172,1,primary_proton,1,1,1
4173,0,null,0,0,0
4174,0,null,0,0,0
4175,0,null,0,0,0
4176,0,null,0,0,0
4177,0,null,0,0,0
4178,0,null,0,0,0
4179,11,secondary_proton,1,1,1
4180,0,null,0,0,0
4181,0,null,0,0,0
4182,1,primary_proton,1,1,1
4183,0,null,0,0,0
4184,0,null,0,0,0
4185,0,null,0,0,0
4186,0,null,0,0,0
4187,0,null,0,0,0
4188,0,null,0,0,0
4189,0,null,0,0,0
4190,0,null,0,0,0
4191,0,null,0,0,0
4192,0,null,0,0,0
4193,0,null,0,0,0
4194,0,null,0,0,0
4195,0,null,0,0,0
4196,0,null,0,0,0
4197,0,null,0,0,0
4198,0,null,0,0,0
4199,0,null,0,0,0
4340,0,null,0,0,0
4341,0,null,0,0,0
4342,0,null,0,0,0
4343,0,null,0,0,0
4344,0,null,0,0,0
4345,0,null,0,0,0
4346,0,null,0,0,0
4347,8,secondary_proton,1,1,1
4348,0,null,0,0,0
4349,0,null,0,0,0
4350,0,null,0,0,0
4351,0,null,0,0,0
4352,0,null,0,0,0
4353,9,secondary_proton,1,1,1
4354,0,null,0,0,0
4355,0,null,0,0,0
4356,0,null,0,0,0
4357,0,null,0,0,0
4358,0,null,0,0,0
4359,0,null,0,0,0
4360,0,null,0,0,0
4361,0,null,0,0,0
4362,0,null,0,0,0
4363,0,null,0,0,0
4364,0,null,0,0,0
4365,0,null,0,0,0
4366,0,null,0,0,0
4367,0,null,0,0,0
4368,25,pi+,1,1,1
4369,1,primary_proton,1,1,1
4370,0,null,0,0,0
4371,1,primary_proton,1,1,1
4372,0,null,0,0,0
4373,0,null,0,0,0
4374,0,null,0,0,0
4375,0,null,0,0,0
4376,0,null,0,0,0
4377,0,null,0,0,0
4378,6,pi+,1,0,0
4379,0,null,0,0,0
4380,0,null,0,0,0
4381,0,null,0,0,0
4382,0,null,0,0,0
4383,0,null,0,0,0
4384,0,null,0,0,0
4385,0,null,0,0,0
4386,0,null,0,0,0
4387,0,null,0,0,0
4388,0,null,0,0,0
4389,0,null,0,0,0
4390,9,pi+,1,0,0
4391,0,null,0,0,0
4392,0,null,0,0,0
4393,0,null,0,0,0
4394,4,pi-,1,1,1
4395,0,null,0,0,0
4396,0,null,0,0,0
4397,0,null,0,0,0
4398,0,null,0,0,0
4399,0,null,0,0,0
4400,1,primary_proton,1,1,0
4401,0,null,0,0,0
4402,0,null,0,0,0
4114,0,null,0,0,0
4115,0,null,0,0,0
4116,0,null,0,0,0
4117,0,null,0,0,0
4118,0,null,0,0,0
4119,0,null,0,0,0
4120,0,null,0,0,0
4121,0,null,0,0,0
4122,0,null,0,0,0
4123,0,null,0,0,0
4124,0,null,0,0,0
4125,0,null,0,0,0
4126,0,null,0,0,0
4127,0,null,0,0,0
4128,0,null,0,0,0
4129,0,null,0,0,0
4200,0,null,0,0,0
4201,204,secondary_proton,1,0,0
4202,0,null,0,0,0
4203,0,null,0,0,0
4204,0,null,0,0,0
4205,0,null,0,0,0
4206,0,null,0,0,0
4207,0,null,0,0,0
4208,0,null,0,0,0
4209,19,pi-,1,1,1
4210,0,null,0,0,0
4211,0,null,0,0,0
4212,0,null,0,0,0
4213,0,null,0,0,0
4214,0,null,0,0,0
4215,0,null,0,0,0
4216,0,null,0,0,0
4217,0,null,0,0,0
4218,0,null,0,0,0
4219,0,null,0,0,0
4220,0,null,0,0,0
4221,0,null,0,0,0
4222,0,null,0,0,0
4223,0,null,0,0,0
4224,0,null,0,0,0
4225,0,null,0,0,0
4226,0,null,0,0,0
4227,0,null,0,0,0
4228,880,pi-,1,0,0
4229,0,null,0,0,0
4230,0,null,0,0,0
4231,0,null,0,0,0
4232,0,null,0,0,0
4233,0,null,0,0,0
4234,0,null,0,0,0
4235,0,null,0,0,0
4236,0,null,0,0,0
4237,0,null,0,0,0
4238,0,null,0,0,0
4239,0,null,0,0,0
4240,9,secondary_proton,1,1,0
4241,0,null,0,0,0
4242,0,null,0,0,0
4243,0,null,0,0,0
4244,0,null,0,0,0
4245,0,null,0,0,0
4246,0,null,0,0,0
4247,0,null,0,0,0
4248,0,null,0,0,0
4249,0,null,0,0,0
4250,0,null,0,0,0
4251,0,null,0,0,0
4252,0,null,0,0,0
4253,0,null,0,0,0
4254,1,primary_proton,1,1,1
4255,0,null,0,0,0
4256,0,null,0,0,0
4257,0,null,0,0,0
4258,0,null,0,0,0
4259,0,null,0,0,0
4260,0,null,0,0,0
4261,0,null,0,0,0
4262,0,null,0,0,0
4263,0,null,0,0,0
4264,0,null,0,0,0
4265,0,null,0,0,0
4266,0,null,0,0,0
4267,0,null,0,0,0
4268,0,null,0,0,0
4269,0,null,0,0,0
4270,0,null,0,0,0
4271,0,null,0,0,0
4272,0,null,0,0,0
4273,0,null,0,0,0
4274,0,null,0,0,0
4275,0,null,0,0,0
4276,0,null,0,0,0
4277,0,null,0,0,0
4278,0,null,0,0,0
4279,0,null,0,0,0
4280,0,null,0,0,0
4281,0,null,0,0,0
4282,0,null,0,0,0
4283,0,null,0,0,0
4284,0,null,0,0,0
4285,0,null,0,0,0
4286,0,null,0,0,0
4287,0,null,0,0,0
4288,0,null,0,0,0
4289,0,null,0,0,0
4290,0,null,0,0,0
4291,0,null,0,0,0
4292,0,null,0,0,0
4293,0,null,0,0,0
4294,0,null,0,0,0
4295,0,null,0,0,0
4296,3,secondary_proton,1,1,1
4297,14,pi+,1,1,0
4298,6,secondary_proton,1,1,1
4299,0,null,0,0,0
4300,10,secondary_proton,1,1,1
4301,0,null,0,0,0
4302,0,null,0,0,0
4303,0,null,0,0,0
4304,403,pi-,1,0,0
4305,0,null,0,0,0
4306,0,null,0,0,0
4307,0,null,0,0,0
4308,1,primary_proton,1,1,1
4309,0,null,0,0,0
4310,0,null,0,0,0
4311,12,pi+,1,1,0
4312,0,null,0,0,0
4313,0,null,0,0,0
4314,0,null,0,0,0
4315,0,null,0,0,0
4316,0,null,0,0,0
4317,0,null,0,0,0
4318,0,null,0,0,0
4319,0,null,0,0,0
4320,0,null,0,0,0
4321,0,null,0,0,0
4322,0,null,0,0,0
4323,0,null,0,0,0
4324,0,null,0,0,0
4325,0,null,0,0,0
4326,0,null,0,0,0
4327,0,null,0,0,0
4328,0,null,0,0,0
4329,0,null,0,0,0
4330,0,null,0,0,0
4331,0,null,0,0,0
4332,0,null,0,0,0
4333,0,null,0,0,0
4334,0,null,0,0,0
4335,0,null,0,0,0
4336,0,null,0,0,0
4337,0,null,0,0,0
4338,0,null,0,0,0
4339,0,null,0,0,0
4410,10,pi+,1,1,1
4411,0,null,0,0,0
4412,0,null,0,0,0
4413,0,null,0,0,0
4414,0,null,0,0,0
4415,0,null,0,0,0
4416,0,null,0,0,0
4417,0,null,0,0,0
4418,0,null,0,0,0
4419,0,null,0,0,0
4420,0,null,0,0,0
4421,0,null,0,0,0
4422,0,null,0,0,0
4423,0,null,0,0,0
4424,0,null,0,0,0
4425,0,null,0,0,0
4426,0,null,0,0,0
4427,0,null,0,0,0
4428,0,null,0,0,0
4429,0,null,0,0,0
4430,0,null,0,0,0
4431,0,null,0,0,0
4432,0,null,0,0,0
4433,3,secondary_proton,1,1,1
4434,0,null,0,0,0
4435,11,secondary_proton,1,1,1
4436,0,null,0,0,0
4437,0,null,0,0,0
4438,0,null,0,0,0
4439,0,null,0,0,0
4440,0,null,0,0,0
4441,0,null,0,0,0
4442,0,null,0,0,0
4443,0,null,0,0,0
4444,0,null,0,0,0
4445,0,null,0,0,0
4446,0,null,0,0,0
4447,0,null,0,0,0
4448,0,null,0,0,0
4449,0,null,0,0,0
4450,0,null,0,0,0
4451,0,null,0,0,0
4452,0,null,0,0,0
4453,0,null,0,0,0
4454,0,null,0,0,0
4455,0,null,0,0,0
4456,0,null,0,0,0
4457,0,null,0,0,0
4458,0,null,0,0,0
4459,0,null,0,0,0
4460,0,null,0,0,0
4461,0,null,0,0,0
4462,0,null,0,0,0
4463,0,null,0,0,0
4464,0,null,0,0,0
4465,0,null,0,0,0
4466,0,null,0,0,0
4467,0,null,0,0,0
4468,0,null,0,0,0
4469,0,null,0,0,0
4470,0,null,0,0,0
4471,0,null,0,0,0
4472,0,null,0,0,0
4473,0,null,0,0,0
4404,0,null,0,0,0
4405,0,null,0,0,0
4406,0,null,0,0,0
4407,0,null,0,0,0
4408,0,null,0,0,0
4409,0,null,0,0,0
4480,0,null,0,0,0
4481,0,null,0,0,0
4482,931,pi-,1,0,0
4483,0,null,0,0,0
4484,0,null,0,0,0
4485,0,null,0,0,0
4486,1,primary_proton,1,1,1
4487,0,null,0,0,0
4488,0,null,0,0,0
4489,0,null,0,0,0
4490,0,null,0,0,0
4491,0,null,0,0,0
4492,0,null,0,0,0
4493,0,null,0,0,0
4494,0,null,0,0,0
4495,0,null,0,0,0
4496,0,null,0,0,0
4497,0,null,0,0,0
4498,0,null,0,0,0
4499,0,null,0,0,0
4500,0,null,0,0,0
4501,0,null,0,0,0
4502,0,null,0,0,0
4503,0,null,0,0,0
4504,0,null,0,0,0
4505,0,null,0,0,0
4506,0,null,0,0,0
4507,0,null,0,0,0
4508,0,null,0,0,0
4509,0,null,0,0,0
4510,0,null,0,0,0
4511,0,null,0,0,0
4512,0,null,0,0,0
4513,0,null,0,0,0
4514,0,null,0,0,0
4515,0,null,0,0,0
4516,0,null,0,0,0
4517,0,null,0,0,0
4518,0,null,0,0,0
4519,0,null,0,0,0
4520,0,null,0,0,0
4521,0,null,0,0,0
4522,0,null,0,0,0
4523,0,null,0,0,0
4524,0,null,0,0,0
4525,0,null,0,0,0
4526,0,null,0,0,0
4527,0,null,0,0,0
4528,0,null,0,0,0
4529,0,null,0,0,0
4530,0,null,0,0,0
4531,0,null,0,0,0
4532,0,null,0,0,0
4533,0,null,0,0,0
4534,0,null,0,0,0
4535,0,null,0,0,0
4536,0,null,0,0,0
4537,0,null,0,0,0
4538,0,null,0,0,0
4539,0,null,0,0,0
4540,0,null,0,0,0
4541,0,null,0,0,0
4542,0,null,0,0,0
4543,0,null,0,0,0
4544,0,null,0,0,0
4545,0,null,0,0,0
4546,0,null,0,0,0
4547,0,null,0,0,0
4548,0,null,0,0,0
4549,0,null,0,0,0
4620,0,null,0,0,0
4621,0,null,0,0,0
4622,0,null,0,0,0
4623,0,null,0,0,0
4624,0,null,0,0,0
4625,0,null,0,0,0
4626,0,null,0,0,0
4627,0,null,0,0,0
4628,0,null,0,0,0
4629,0,null,0,0,0
4630,0,null,0,0,0
4631,0,null,0,0,0
4632,0,null,0,0,0
4633,0,null,0,0,0
4634,0,null,0,0,0
4635,0,null,0,0,0
4636,0,null,0,0,0
4637,0,null,0,0,0
4638,0,null,0,0,0
4639,2580,e-,1,0,1
4640,0,null,0,0,0
4641,1,primary_proton,1,1,1
4642,0,null,0,0,0
4643,0,null,0,0,0
4644,0,null,0,0,0
4645,0,null,0,0,0
4646,0,null,0,0,0
4647,0,null,0,0,0
4648,0,null,0,0,0
4649,0,null,0,0,0
4650,9,secondary_proton,1,1,1
4651,0,null,0,0,0
4652,0,null,0,0,0
4653,0,null,0,0,0
4654,4,pi-,1,1,0
4655,0,null,0,0,0
4656,0,null,0,0,0
4657,0,null,0,0,0
4658,0,null,0,0,0
4659,0,null,0,0,0
4660,1,primary_proton,1,1,1
4661,0,null,0,0,0
4662,0,null,0,0,0
4663,0,null,0,0,0
4664,0,null,0,0,0
4665,1,primary_proton,1,1,1
4666,0,null,0,0,0
4667,0,null,0,0,0
4668,0,null,0,0,0
4669,0,null,0,0,0
4670,0,null,0,0,0
4671,0,null,0,0,0
4672,0,null,0,0,0
4673,0,null,0,0,0
4674,0,null,0,0,0
4675,0,null,0,0,0
4676,0,null,0,0,0
4677,0,null,0,0,0
4678,0,null,0,0,0
4679,0,null,0,0,0
4680,0,null,0,0,0
4681,0,null,0,0,0
4682,0,null,0,0,0
4683,0,null,0,0,0
4684,0,null,0,0,0
4685,0,null,0,0,0
4686,0,null,0,0,0
4687,0,null,0,0,0
4688,0,null,0,0,0
4689,0,null,0,0,0
4760,0,null,0,0,0
4761,0,null,0,0,0
4762,0,null,0,0,0
4763,0,null,0,0,0
4764,0,null,0,0,0
4765,0,null,0,0,0
4766,0,null,0,0,0
4767,0,null,0,0,0
4768,0,null,0,0,0
4769,0,null,0,0,0
4770,0,null,0,0,0
4771,0,null,0,0,0
4772,0,null,0,0,0
4773,0,null,0,0,0
4774,0,null,0,0,0
4775,0,null,0,0,0
4776,0,null,0,0,0
4777,0,null,0,0,0
4778,0,null,0,0,0
4779,0,null,0,0,0
4780,5766,e-,1,0,1
4781,1,primary_proton,1,1,1
4782,0,null,0,0,0
4783,0,null,0,0,0
4784,0,null,0,0,0
4785,0,null,0,0,0
4786,0,null,0,0,0
4787,1,primary_proton,1,1,1
4788,0,null,0,0,0
4789,0,null,0,0,0
4790,0,null,0,0,0
4791,0,null,0,0,0
4792,0,null,0,0,0
4793,0,null,0,0,0
4794,0,null,0,0,0
4795,0,null,0,0,0
4796,0,null,0,0,0
4797,5,secondary_proton,1,1,1
4798,0,null,0,0,0
4799,0,null,0,0,0
4800,0,null,0,0,0
4801,0,null,0,0,0
4802,0,null,0,0,0
4803,1,primary_proton,1,1,1
4804,0,null,0,0,0
4805,0,null,0,0,0
4806,0,null,0,0,0
4807,0,null,0,0,0
4808,0,null,0,0,0
4809,0,null,0,0,0
4810,0,null,0,0,0
4811,0,null,0,0,0
4812,0,null,0,0,0
4813,0,null,0,0,0
4814,0,null,0,0,0
4815,0,null,0,0,0
4816,0,null,0,0,0
4817,0,null,0,0,0
4818,0,null,0,0,0
4819,0,null,0,0,0
4820,0,null,0,0,0
4821,0,null,0,0,0
4822,0,null,0,0,0
4823,0,null,0,0,0
4824,7,secondary_proton,1,1,1
4825,0,null,0,0,0
4826,0,null,0,0,0
4827,0,null,0,0,0
4828,0,null,0,0,0
4829,1,primary_proton,1,1,1
4900,0,null,0,0,0
4901,13,secondary_proton,1,1,1
4902,0,null,0,0,0
4475,0,null,0,0,0
4476,0,null,0,0,0
4477,0,null,0,0,0
4478,0,null,0,0,0
4479,0,null,0,0,0
4550,0,null,0,0,0
4551,0,null,0,0,0
4552,0,null,0,0,0
4553,1,primary_proton,1,1,1
4554,0,null,0,0,0
4555,0,null,0,0,0
4556,0,null,0,0,0
4557,0,null,0,0,0
4558,0,null,0,0,0
4559,1,primary_proton,1,1,1
4560,0,null,0,0,0
4561,0,null,0,0,0
4562,0,null,0,0,0
4563,0,null,0,0,0
4564,0,null,0,0,0
4565,0,null,0,0,0
4566,0,null,0,0,0
4567,0,null,0,0,0
4568,0,null,0,0,0
4569,0,null,0,0,0
4570,0,null,0,0,0
4571,0,null,0,0,0
4572,0,null,0,0,0
4573,1,primary_proton,1,1,1
4574,64,secondary_proton,1,1,1
4575,0,null,0,0,0
4576,0,null,0,0,0
4577,0,null,0,0,0
4578,0,null,0,0,0
4579,0,null,0,0,0
4580,0,null,0,0,0
4581,0,null,0,0,0
4582,0,null,0,0,0
4583,0,null,0,0,0
4584,0,null,0,0,0
4585,0,null,0,0,0
4586,0,null,0,0,0
4587,0,null,0,0,0
4588,0,null,0,0,0
4589,0,null,0,0,0
4590,0,null,0,0,0
4591,0,null,0,0,0
4592,0,null,0,0,0
4593,0,null,0,0,0
4594,1,primary_proton,1,1,1
4595,0,null,0,0,0
4596,0,null,0,0,0
4597,0,null,0,0,0
4598,0,null,0,0,0
4599,0,null,0,0,0
4600,0,null,0,0,0
4601,0,null,0,0,0
4602,8,pi+,1,0,0
4603,0,null,0,0,0
4604,0,null,0,0,0
4605,0,null,0,0,0
4606,4405,pi-,1,1,1
4607,0,null,0,0,0
4608,0,null,0,0,0
4609,0,null,0,0,0
4610,0,null,0,0,0
4611,0,null,0,0,0
4612,0,null,0,0,0
4613,0,null,0,0,0
4614,0,null,0,0,0
4615,0,null,0,0,0
4616,0,null,0,0,0
4617,0,null,0,0,0
4618,0,null,0,0,0
4619,0,null,0,0,0
4690,0,null,0,0,0
4691,0,null,0,0,0
4692,0,null,0,0,0
4693,0,null,0,0,0
4694,0,null,0,0,0
4695,0,null,0,0,0
4696,0,null,0,0,0
4697,0,null,0,0,0
4698,0,null,0,0,0
4699,8,pi+,1,1,0
4700,0,null,0,0,0
4701,0,null,0,0,0
4702,0,null,0,0,0
4703,0,null,0,0,0
4704,0,null,0,0,0
4705,0,null,0,0,0
4706,0,null,0,0,0
4707,0,null,0,0,0
4708,0,null,0,0,0
4709,0,null,0,0,0
4710,0,null,0,0,0
4711,0,null,0,0,0
4712,0,null,0,0,0
4713,0,null,0,0,0
4714,0,null,0,0,0
4715,0,null,0,0,0
4716,0,null,0,0,0
4717,0,null,0,0,0
4718,0,null,0,0,0
4719,0,null,0,0,0
4720,0,null,0,0,0
4721,0,null,0,0,0
4722,0,null,0,0,0
4723,0,null,0,0,0
4724,0,null,0,0,0
4725,0,null,0,0,0
4726,0,null,0,0,0
4727,0,null,0,0,0
4728,0,null,0,0,0
4729,0,null,0,0,0
4730,0,null,0,0,0
4731,0,null,0,0,0
4732,0,null,0,0,0
4733,0,null,0,0,0
4734,0,null,0,0,0
4735,0,null,0,0,0
4736,0,null,0,0,0
4737,0,null,0,0,0
4738,0,null,0,0,0
4739,0,null,0,0,0
4740,0,null,0,0,0
4741,0,null,0,0,0
4742,0,null,0,0,0
4743,3,secondary_proton,1,1,1
4744,0,null,0,0,0
4745,0,null,0,0,0
4746,0,null,0,0,0
4747,0,null,0,0,0
4748,0,null,0,0,0
4749,0,null,0,0,0
4750,0,null,0,0,0
4751,0,null,0,0,0
4752,0,null,0,0,0
4753,0,null,0,0,0
4754,0,null,0,0,0
4755,0,null,0,0,0
4756,0,null,0,0,0
4757,0,null,0,0,0
4758,0,null,0,0,0
4759,0,null,0,0,0
4830,0,null,0,0,0
4831,0,null,0,0,0
4832,0,null,0,0,0
4833,0,null,0,0,0
4834,0,null,0,0,0
4835,0,null,0,0,0
4836,0,null,0,0,0
4837,10,pi+,1,1,1
4838,0,null,0,0,0
4839,0,null,0,0,0
4840,0,null,0,0,0
4841,0,null,0,0,0
4842,0,null,0,0,0
4843,0,null,0,0,0
4844,0,null,0,0,0
4845,0,null,0,0,0
4846,2,secondary_proton,1,1,1
4847,0,null,0,0,0
4848,0,null,0,0,0
4849,0,null,0,0,0
4850,0,null,0,0,0
4851,0,null,0,0,0
4852,1,primary_proton,1,1,1
4853,0,null,0,0,0
4854,0,null,0,0,0
4855,0,null,0,0,0
4856,0,null,0,0,0
4857,0,null,0,0,0
4858,0,null,0,0,0
4859,0,null,0,0,0
4860,0,null,0,0,0
4861,0,null,0,0,0
4862,0,null,0,0,0
4863,0,null,0,0,0
4864,0,null,0,0,0
4865,0,null,0,0,0
4866,0,null,0,0,0
4867,0,null,0,0,0
4868,0,null,0,0,0
4869,25,pi-,1,1,1
4870,5,secondary_proton,1,1,1
4871,0,null,0,0,0
4872,0,null,0,0,0
4873,14,pi-,1,1,0
4874,0,null,0,0,0
4875,0,null,0,0,0
4876,0,null,0,0,0
4877,0,null,0,0,0
4878,0,null,0,0,0
4879,0,null,0,0,0
4880,0,null,0,0,0
4881,0,null,0,0,0
4882,0,null,0,0,0
4883,0,null,0,0,0
4884,1,primary_proton,1,1,1
4885,0,null,0,0,0
4886,0,null,0,0,0
4887,0,null,0,0,0
4888,0,null,0,0,0
4889,0,null,0,0,0
4890,0,null,0,0,0
4891,0,null,0,0,0
4892,0,null,0,0,0
4893,0,null,0,0,0
4894,0,null,0,0,0
4895,0,null,0,0,0
4896,0,null,0,0,0
4897,0,null,0,0,0
4898,0,null,0,0,0
4899,0,null,0,0,0
4970,0,null,0,0,0
4971,0,null,0,0,0
4972,0,null,0,0,0
4973,0,null,0,0,0
4974,0,null,0,0,0
4975,0,null,0,0,0
4904,0,null,0,0,0
4905,1,primary_proton,1,1,1
4906,0,null,0,0,0
4907,0,null,0,0,0
4908,0,null,0,0,0
4909,0,null,0,0,0
4910,0,null,0,0,0
4911,0,null,0,0,0
4912,0,null,0,0,0
4913,0,null,0,0,0
4914,0,null,0,0,0
4915,0,null,0,0,0
4916,0,null,0,0,0
4917,0,null,0,0,0
4918,0,null,0,0,0
4919,11,secondary_proton,1,1,1
4920,0,null,0,0,0
4921,0,null,0,0,0
4922,0,null,0,0,0
4923,0,null,0,0,0
4924,0,null,0,0,0
4925,0,null,0,0,0
4926,0,null,0,0,0
4927,0,null,0,0,0
4928,0,null,0,0,0
4929,0,null,0,0,0
4930,0,null,0,0,0
4931,0,null,0,0,0
4932,0,null,0,0,0
4933,0,null,0,0,0
4934,0,null,0,0,0
4935,0,null,0,0,0
4936,0,null,0,0,0
4937,0,null,0,0,0
4938,0,null,0,0,0
4939,1,primary_proton,1,1,1
4940,0,null,0,0,0
4941,0,null,0,0,0
4942,0,null,0,0,0
4943,1,primary_proton,1,1,1
4944,0,null,0,0,0
4945,0,null,0,0,0
4946,0,null,0,0,0
4947,0,null,0,0,0
4948,0,null,0,0,0
4949,0,null,0,0,0
4950,0,null,0,0,0
4951,0,null,0,0,0
4952,0,null,0,0,0
4953,0,null,0,0,0
4954,0,null,0,0,0
4955,0,null,0,0,0
4956,0,null,0,0,0
4957,0,null,0,0,0
4958,0,null,0,0,0
4959,0,null,0,0,0
4960,0,null,0,0,0
4961,0,null,0,0,0
4962,6,secondary_proton,1,1,1
4963,0,null,0,0,0
4964,0,null,0,0,0
4965,0,null,0,0,0
4966,0,null,0,0,0
4967,0,null,0,0,0
4968,0,null,0,0,0
4969,0,null,0,0,0
4977,0,null,0,0,0
4978,0,null,0,0,0
4979,0,null,0,0,0
4980,0,null,0,0,0
4981,0,null,0,0,0
4982,0,null,0,0,0
4983,0,null,0,0,0
4984,0,null,0,0,0
4985,0,null,0,0,0
4986,0,null,0,0,0
4987,0,null,0,0,0
4988,0,null,0,0,0
4989,0,null,0,0,0
4990,0,null,0,0,0
4991,0,null,0,0,0
4992,0,null,0,0,0
4993,0,null,0,0,0
4994,553,e+,1,1,0
4995,1,primary_proton,1,1,1
4996,0,null,0,0,0
4997,0,null,0,0,0
4998,0,null,0,0,0
4999,0,null,0,0,0
71,0,null,0,0,0
72,0,null,0,0,0
73,0,null,0,0,0
74,0,null,0,0,0
75,0,null,0,0,0
76,0,null,0,0,0
77,0,null,0,0,0
78,0,null,0,0,0
79,0,null,0,0,0
80,0,null,0,0,0
81,0,null,0,0,0
82,0,null,0,0,0
83,0,null,0,0,0
84,3577,e-,1,1,1
85,0,null,0,0,0
86,0,null,0,0,0
87,0,null,0,0,0
88,0,null,0,0,0
89,0,null,0,0,0
90,0,null,0,0,0
91,13,pi+,1,1,1
92,0,null,0,0,0
93,0,null,0,0,0
94,0,null,0,0,0
95,0,null,0,0,0
96,0,null,0,0,0
97,0,null,0,0,0
98,0,null,0,0,0
99,0,null,0,0,0
100,0,null,0,0,0
101,0,null,0,0,0
102,0,null,0,0,0
103,0,null,0,0,0
104,0,null,0,0,0
105,0,null,0,0,0
106,1,primary_proton,1,1,1
107,0,null,0,0,0
108,0,null,0,0,0
109,0,null,0,0,0
110,0,null,0,0,0
111,0,null,0,0,0
112,1,primary_proton,1,1,1
113,0,null,0,0,0
114,0,null,0,0,0
115,0,null,0,0,0
116,0,null,0,0,0
117,0,null,0,0,0
118,0,null,0,0,0
119,0,null,0,0,0
120,0,null,0,0,0
121,0,null,0,0,0
122,0,null,0,0,0
123,0,null,0,0,0
124,0,null,0,0,0
125,0,null,0,0,0
126,0,null,0,0,0
127,0,null,0,0,0
128,0,null,0,0,0
129,0,null,0,0,0
130,0,null,0,0,0
131,0,null,0,0,0
132,0,null,0,0,0
133,0,null,0,0,0
134,0,null,0,0,0
135,1,primary_proton,1,1,1
136,0,null,0,0,0
137,0,null,0,0,0
138,0,null,0,0,0
139,0,null,0,0,0
140,0,null,0,0,0
141,0,null,0,0,0
142,0,null,0,0,0
143,0,null,0,0,0
144,0,null,0,0,0
145,0,null,0,0,0
146,1,primary_proton,1,1,1
147,0,null,0,0,0
148,0,null,0,0,0
149,0,null,0,0,0
150,0,null,0,0,0
151,0,null,0,0,0
152,0,null,0,0,0
153,765,pi-,1,1,1
154,0,null,0,0,0
155,0,null,0,0,0
156,0,null,0,0,0
157,0,null,0,0,0
158,0,null,0,0,0
159,0,null,0,0,0
160,0,null,0,0,0
161,0,null,0,0,0
162,0,null,0,0,0
163,0,null,0,0,0
164,0,null,0,0,0
165,0,null,0,0,0
166,0,null,0,0,0
167,0,null,0,0,0
168,0,null,0,0,0
169,0,null,0,0,0
170,13,pi-,1,1,1
171,0,null,0,0,0
172,0,null,0,0,0
173,0,null,0,0,0
174,0,null,0,0,0
175,0,null,0,0,0
176,1,primary_proton,1,1,1
177,21,secondary_proton,1,1,0
178,0,null,0,0,0
179,2686,e-,1,0,1
180,0,null,0,0,0
181,0,null,0,0,0
182,0,null,0,0,0
183,0,null,0,0,0
184,0,null,0,0,0
185,429,e+,1,1,1
186,0,null,0,0,0
187,0,null,0,0,0
188,0,null,0,0,0
189,0,null,0,0,0
190,0,null,0,0,0
191,0,null,0,0,0
192,0,null,0,0,0
193,0,null,0,0,0
194,0,null,0,0,0
195,0,null,0,0,0
196,0,null,0,0,0
197,0,null,0,0,0
198,0,null,0,0,0
199,0,null,0,0,0
200,0,null,0,0,0
201,0,null,0,0,0
202,0,null,0,0,0
203,0,null,0,0,0
204,0,null,0,0,0
205,0,null,0,0,0
206,0,null,0,0,0
207,0,null,0,0,0
208,0,null,0,0,0
209,0,null,0,0,0
280,0,null,0,0,0
281,0,null,0,0,0
282,0,null,0,0,0
283,0,null,0,0,0
284,0,null,0,0,0
285,0,null,0,0,0
286,0,null,0,0,0
287,0,null,0,0,0
288,0,null,0,0,0
289,0,null,0,0,0
290,0,null,0,0,0
291,0,null,0,0,0
292,1,primary_proton,1,1,1
293,0,null,0,0,0
294,0,null,0,0,0
295,0,null,0,0,0
296,0,null,0,0,0
297,0,null,0,0,0
298,0,null,0,0,0
299,19,pi+,1,1,1
300,1,primary_proton,1,0,0
301,0,null,0,0,0
302,0,null,0,0,0
303,0,null,0,0,0
304,0,null,0,0,0
305,0,null,0,0,0
306,0,null,0,0,0
307,0,null,0,0,0
308,0,null,0,0,0
309,0,null,0,0,0
310,0,null,0,0,0
311,0,null,0,0,0
312,0,null,0,0,0
313,0,null,0,0,0
314,0,null,0,0,0
315,0,null,0,0,0
316,0,null,0,0,0
317,0,null,0,0,0
318,0,null,0,0,0
319,0,null,0,0,0
320,0,null,0,0,0
321,0,null,0,0,0
322,0,null,0,0,0
323,0,null,0,0,0
324,0,null,0,0,0
325,0,null,0,0,0
326,0,null,0,0,0
327,1,primary_proton,1,1,1
328,0,null,0,0,0
329,0,null,0,0,0
330,0,null,0,0,0
331,0,null,0,0,0
332,0,null,0,0,0
333,0,null,0,0,0
334,0,null,0,0,0
335,0,null,0,0,0
336,0,null,0,0,0
337,0,null,0,0,0
338,0,null,0,0,0
339,0,null,0,0,0
340,0,null,0,0,0
341,0,null,0,0,0
342,0,null,0,0,0
343,0,null,0,0,0
344,0,null,0,0,0
345,0,null,0,0,0
346,0,null,0,0,0
347,0,null,0,0,0
348,0,null,0,0,0
349,0,null,0,0,0
420,0,null,0,0,0
421,0,null,0,0,0
422,0,null,0,0,0
423,0,null,0,0,0
424,0,null,0,0,0
425,0,null,0,0,0
426,1,primary_proton,1,1,1
427,0,null,0,0,0
428,0,null,0,0,0
429,0,null,0,0,0
430,0,null,0,0,0
431,0,null,0,0,0
432,0,null,0,0,0
433,0,null,0,0,0
434,0,null,0,0,0
435,0,null,0,0,0
436,0,null,0,0,0
437,0,null,0,0,0
438,0,null,0,0,0
439,0,null,0,0,0
440,1,primary_proton,1,1,1
441,0,null,0,0,0
442,0,null,0,0,0
443,0,null,0,0,0
444,0,null,0,0,0
1,0,null,0,0,0
2,24,pi+,1,1,1
3,0,null,0,0,0
4,0,null,0,0,0
5,0,null,0,0,0
6,0,null,0,0,0
7,0,null,0,0,0
8,0,null,0,0,0
9,0,null,0,0,0
10,6838,secondary_proton,0,0,1
11,0,null,0,0,0
12,6,secondary_proton,1,1,1
13,0,null,0,0,0
14,0,null,0,0,0
15,1,primary_proton,1,1,1
16,0,null,0,0,0
17,0,null,0,0,0
18,0,null,0,0,0
19,0,null,0,0,0
20,0,null,0,0,0
21,0,null,0,0,0
22,0,null,0,0,0
23,8,pi-,1,1,0
24,0,null,0,0,0
25,0,null,0,0,0
26,0,null,0,0,0
27,0,null,0,0,0
28,0,null,0,0,0
29,0,null,0,0,0
30,0,null,0,0,0
31,0,null,0,0,0
32,0,null,0,0,0
33,0,null,0,0,0
34,6,secondary_proton,1,1,1
35,1,primary_proton,1,1,1
36,0,null,0,0,0
37,1,primary_proton,1,1,1
38,0,null,0,0,0
39,0,null,0,0,0
40,0,null,0,0,0
41,0,null,0,0,0
42,0,null,0,0,0
43,0,null,0,0,0
44,0,null,0,0,0
45,0,null,0,0,0
46,0,null,0,0,0
47,0,null,0,0,0
48,0,null,0,0,0
49,0,null,0,0,0
50,2327,e-,1,1,1
51,0,null,0,0,0
52,0,null,0,0,0
53,0,null,0,0,0
54,0,null,0,0,0
55,0,null,0,0,0
56,0,null,0,0,0
57,0,null,0,0,0
58,0,null,0,0,0
59,0,null,0,0,0
60,0,null,0,0,0
61,0,null,0,0,0
62,0,null,0,0,0
63,0,null,0,0,0
64,0,null,0,0,0
65,0,null,0,0,0
66,0,null,0,0,0
67,0,null,0,0,0
68,0,null,0,0,0
69,0,null,0,0,0
210,0,null,0,0,0
211,0,null,0,0,0
212,0,null,0,0,0
213,0,null,0,0,0
214,0,null,0,0,0
215,0,null,0,0,0
216,0,null,0,0,0
217,0,null,0,0,0
218,0,null,0,0,0
219,0,null,0,0,0
220,0,null,0,0,0
221,0,null,0,0,0
222,0,null,0,0,0
223,0,null,0,0,0
224,0,null,0,0,0
225,0,null,0,0,0
226,0,null,0,0,0
227,0,null,0,0,0
228,0,null,0,0,0
229,0,null,0,0,0
230,0,null,0,0,0
231,6,secondary_proton,1,1,1
232,0,null,0,0,0
233,0,null,0,0,0
234,0,null,0,0,0
235,0,null,0,0,0
236,1,primary_proton,1,1,1
237,0,null,0,0,0
238,0,null,0,0,0
239,0,null,0,0,0
240,0,null,0,0,0
241,0,null,0,0,0
242,0,null,0,0,0
243,0,null,0,0,0
244,0,null,0,0,0
245,0,null,0,0,0
246,0,null,0,0,0
247,0,null,0,0,0
248,1,primary_proton,1,1,1
249,0,null,0,0,0
250,0,null,0,0,0
251,0,null,0,0,0
252,0,null,0,0,0
253,0,null,0,0,0
254,0,null,0,0,0
255,0,null,0,0,0
256,0,null,0,0,0
257,0,null,0,0,0
258,0,null,0,0,0
259,0,null,0,0,0
260,0,null,0,0,0
261,0,null,0,0,0
262,0,null,0,0,0
263,0,null,0,0,0
264,0,null,0,0,0
265,0,null,0,0,0
266,0,null,0,0,0
267,0,null,0,0,0
268,0,null,0,0,0
269,0,null,0,0,0
270,0,null,0,0,0
271,0,null,0,0,0
272,0,null,0,0,0
273,0,null,0,0,0
274,0,null,0,0,0
275,0,null,0,0,0
276,0,null,0,0,0
277,0,null,0,0,0
278,0,null,0,0,0
279,0,null,0,0,0
350,0,null,0,0,0
351,0,null,0,0,0
352,0,null,0,0,0
353,0,null,0,0,0
354,0,null,0,0,0
355,0,null,0,0,0
356,0,null,0,0,0
357,0,null,0,0,0
358,0,null,0,0,0
359,0,null,0,0,0
360,0,null,0,0,0
361,0,null,0,0,0
362,0,null,0,0,0
363,0,null,0,0,0
364,0,null,0,0,0
365,0,null,0,0,0
366,0,null,0,0,0
367,6,pi+,1,1,1
368,0,null,0,0,0
369,0,null,0,0,0
370,0,null,0,0,0
371,0,null,0,0,0
372,0,null,0,0,0
373,1,primary_proton,1,1,1
374,3086,e-,1,1,0
375,0,null,0,0,0
376,0,null,0,0,0
377,0,null,0,0,0
378,0,null,0,0,0
379,0,null,0,0,0
380,0,null,0,0,0
381,0,null,0,0,0
382,0,null,0,0,0
383,0,null,0,0,0
384,0,null,0,0,0
385,0,null,0,0,0
386,0,null,0,0,0
387,0,null,0,0,0
388,0,null,0,0,0
389,0,null,0,0,0
390,0,null,0,0,0
391,0,null,0,0,0
392,1,primary_proton,1,1,1
393,0,null,0,0,0
394,0,null,0,0,0
395,0,null,0,0,0
396,0,null,0,0,0
397,0,null,0,0,0
398,0,null,0,0,0
399,0,null,0,0,0
400,0,null,0,0,0
401,0,null,0,0,0
402,0,null,0,0,0
403,0,null,0,0,0
404,0,null,0,0,0
405,1,primary_proton,1,1,1
406,0,null,0,0,0
407,0,null,0,0,0
408,0,null,0,0,0
409,0,null,0,0,0
410,0,null,0,0,0
411,0,null,0,0,0
412,0,null,0,0,0
413,0,null,0,0,0
414,0,null,0,0,0
415,0,null,0,0,0
416,0,null,0,0,0
417,0,null,0,0,0
418,0,null,0,0,0
419,0,null,0,0,0
490,0,null,0,0,0
491,0,null,0,0,0
492,1,primary_proton,1,1,1
493,0,null,0,0,0
494,0,null,0,0,0
495,0,null,0,0,0
496,7,pi+,1,1,1
497,0,null,0,0,0
498,0,null,0,0,0
499,0,null,0,0,0
500,0,null,0,0,0
501,0,null,0,0,0
502,0,null,0,0,0
503,0,null,0,0,0
504,0,null,0,0,0
505,0,null,0,0,0
506,0,null,0,0,0
507,0,null,0,0,0
508,0,null,0,0,0
509,1,primary_proton,1,1,1
510,0,null,0,0,0
511,0,null,0,0,0
512,0,null,0,0,0
513,0,null,0,0,0
514,0,null,0,0,0
515,0,null,0,0,0
517,0,null,0,0,0
518,0,null,0,0,0
519,0,null,0,0,0
520,793,e-,1,1,0
521,0,null,0,0,0
522,0,null,0,0,0
523,0,null,0,0,0
524,0,null,0,0,0
525,0,null,0,0,0
526,0,null,0,0,0
527,0,null,0,0,0
528,0,null,0,0,0
529,0,null,0,0,0
530,0,null,0,0,0
531,0,null,0,0,0
532,1,primary_proton,1,1,1
533,0,null,0,0,0
534,0,null,0,0,0
535,4,secondary_proton,1,1,1
536,0,null,0,0,0
537,0,null,0,0,0
538,0,null,0,0,0
539,0,null,0,0,0
540,0,null,0,0,0
541,0,null,0,0,0
542,0,null,0,0,0
543,0,null,0,0,0
544,0,null,0,0,0
545,1,primary_proton,1,1,1
546,0,null,0,0,0
547,0,null,0,0,0
548,0,null,0,0,0
549,0,null,0,0,0
550,0,null,0,0,0
551,0,null,0,0,0
552,0,null,0,0,0
553,0,null,0,0,0
554,0,null,0,0,0
555,0,null,0,0,0
556,0,null,0,0,0
557,0,null,0,0,0
558,0,null,0,0,0
559,0,null,0,0,0
560,0,null,0,0,0
561,0,null,0,0,0
562,0,null,0,0,0
563,0,null,0,0,0
564,0,null,0,0,0
565,0,null,0,0,0
566,0,null,0,0,0
567,0,null,0,0,0
568,0,null,0,0,0
569,0,null,0,0,0
570,0,null,0,0,0
571,0,null,0,0,0
572,0,null,0,0,0
573,0,null,0,0,0
574,0,null,0,0,0
575,0,null,0,0,0
576,0,null,0,0,0
577,0,null,0,0,0
578,0,null,0,0,0
579,0,null,0,0,0
580,0,null,0,0,0
581,0,null,0,0,0
582,0,null,0,0,0
583,0,null,0,0,0
584,0,null,0,0,0
585,0,null,0,0,0
586,0,null,0,0,0
587,0,null,0,0,0
588,24,pi+,1,1,1
589,0,null,0,0,0
590,0,null,0,0,0
591,0,null,0,0,0
592,0,null,0,0,0
593,0,null,0,0,0
594,0,null,0,0,0
595,0,null,0,0,0
596,0,null,0,0,0
597,0,null,0,0,0
598,0,null,0,0,0
599,0,null,0,0,0
600,0,null,0,0,0
601,0,null,0,0,0
602,0,null,0,0,0
603,0,null,0,0,0
604,0,null,0,0,0
605,0,null,0,0,0
606,0,null,0,0,0
607,0,null,0,0,0
608,0,null,0,0,0
609,0,null,0,0,0
610,0,null,0,0,0
611,0,null,0,0,0
612,0,null,0,0,0
613,0,null,0,0,0
614,0,null,0,0,0
615,0,null,0,0,0
616,0,null,0,0,0
617,5,secondary_proton,1,1,1
618,0,null,0,0,0
619,0,null,0,0,0
620,0,null,0,0,0
621,0,null,0,0,0
622,0,null,0,0,0
623,0,null,0,0,0
624,0,null,0,0,0
625,0,null,0,0,0
626,0,null,0,0,0
627,0,null,0,0,0
628,0,null,0,0,0
629,0,null,0,0,0
700,0,null,0,0,0
701,0,null,0,0,0
702,0,null,0,0,0
703,0,null,0,0,0
704,0,null,0,0,0
705,0,null,0,0,0
706,0,null,0,0,0
707,0,null,0,0,0
708,0,null,0,0,0
709,0,null,0,0,0
710,0,null,0,0,0
711,0,null,0,0,0
712,0,null,0,0,0
713,13,secondary_proton,1,1,1
714,0,null,0,0,0
715,0,null,0,0,0
716,870,pi-,1,0,0
717,0,null,0,0,0
718,0,null,0,0,0
719,0,null,0,0,0
720,0,null,0,0,0
721,0,null,0,0,0
722,0,null,0,0,0
723,0,null,0,0,0
724,0,null,0,0,0
725,0,null,0,0,0
726,0,null,0,0,0
727,0,null,0,0,0
728,0,null,0,0,0
729,0,null,0,0,0
730,4415,secondary_proton,1,1,1
731,0,null,0,0,0
732,1,primary_proton,1,1,1
733,6,pi-,1,1,1
734,1,primary_proton,1,1,1
735,0,null,0,0,0
736,0,null,0,0,0
737,0,null,0,0,0
738,0,null,0,0,0
739,0,null,0,0,0
740,0,null,0,0,0
741,0,null,0,0,0
742,1,primary_proton,1,1,1
743,0,null,0,0,0
744,0,null,0,0,0
745,0,null,0,0,0
746,0,null,0,0,0
747,0,null,0,0,0
748,0,null,0,0,0
749,0,null,0,0,0
750,0,null,0,0,0
751,8,pi-,1,1,1
752,0,null,0,0,0
753,0,null,0,0,0
754,0,null,0,0,0
755,0,null,0,0,0
756,0,null,0,0,0
757,0,null,0,0,0
758,0,null,0,0,0
759,0,null,0,0,0
760,0,null,0,0,0
761,0,null,0,0,0
762,0,null,0,0,0
763,0,null,0,0,0
764,0,null,0,0,0
765,0,null,0,0,0
766,0,null,0,0,0
767,0,null,0,0,0
768,0,null,0,0,0
769,0,null,0,0,0
770,0,null,0,0,0
771,0,null,0,0,0
772,0,null,0,0,0
773,0,null,0,0,0
774,0,null,0,0,0
775,0,null,0,0,0
776,0,null,0,0,0
777,0,null,0,0,0
778,0,null,0,0,0
779,0,null,0,0,0
780,0,null,0,0,0
781,0,null,0,0,0
782,0,null,0,0,0
783,0,null,0,0,0
784,0,null,0,0,0
785,0,null,0,0,0
786,0,null,0,0,0
787,130,secondary_proton,1,1,1
788,0,null,0,0,0
789,0,null,0,0,0
790,0,null,0,0,0
791,0,null,0,0,0
792,0,null,0,0,0
793,0,null,0,0,0
794,0,null,0,0,0
795,0,null,0,0,0
796,0,null,0,0,0
797,0,null,0,0,0
798,0,null,0,0,0
799,10,pi+,1,1,1
800,0,null,0,0,0
801,0,null,0,0,0
802,0,null,0,0,0
803,0,null,0,0,0
804,0,null,0,0,0
805,0,null,0,0,0
806,0,null,0,0,0
807,0,null,0,0,0
808,0,null,0,0,0
809,0,null,0,0,0
810,0,null,0,0,0
811,0,null,0,0,0
812,1,primary_proton,1,1,1
813,0,null,0,0,0
814,0,null,0,0,0
815,0,null,0,0,0
816,0,null,0,0,0
817,0,null,0,0,0
818,0,null,0,0,0
819,8,pi+,1,0,0
446,0,null,0,0,0
447,0,null,0,0,0
448,0,null,0,0,0
449,0,null,0,0,0
450,0,null,0,0,0
451,0,null,0,0,0
452,1,primary_proton,1,1,1
453,0,null,0,0,0
454,0,null,0,0,0
455,0,null,0,0,0
456,0,null,0,0,0
457,0,null,0,0,0
458,0,null,0,0,0
459,0,null,0,0,0
460,14,pi+,1,1,1
461,0,null,0,0,0
462,0,null,0,0,0
463,0,null,0,0,0
464,0,null,0,0,0
465,0,null,0,0,0
466,0,null,0,0,0
467,0,null,0,0,0
468,5,pi-,1,1,1
469,0,null,0,0,0
470,0,null,0,0,0
471,858,secondary_proton,1,1,1
472,0,null,0,0,0
473,0,null,0,0,0
474,0,null,0,0,0
475,0,null,0,0,0
476,0,null,0,0,0
477,0,null,0,0,0
478,0,null,0,0,0
479,0,null,0,0,0
480,0,null,0,0,0
481,1,primary_proton,1,1,1
482,0,null,0,0,0
483,7,secondary_proton,1,1,1
484,0,null,0,0,0
485,0,null,0,0,0
486,0,null,0,0,0
487,0,null,0,0,0
488,0,null,0,0,0
489,0,null,0,0,0
630,0,null,0,0,0
631,0,null,0,0,0
632,0,null,0,0,0
633,0,null,0,0,0
634,0,null,0,0,0
635,0,null,0,0,0
636,0,null,0,0,0
637,0,null,0,0,0
638,0,null,0,0,0
639,0,null,0,0,0
640,0,null,0,0,0
641,0,null,0,0,0
642,0,null,0,0,0
643,8,pi+,1,1,1
644,0,null,0,0,0
645,0,null,0,0,0
646,0,null,0,0,0
647,2,secondary_proton,1,1,1
648,0,null,0,0,0
649,0,null,0,0,0
650,0,null,0,0,0
651,0,null,0,0,0
652,0,null,0,0,0
653,0,null,0,0,0
654,0,null,0,0,0
655,0,null,0,0,0
656,0,null,0,0,0
657,0,null,0,0,0
658,0,null,0,0,0
659,1,primary_proton,1,1,1
660,0,null,0,0,0
661,0,null,0,0,0
662,0,null,0,0,0
663,0,null,0,0,0
664,0,null,0,0,0
665,0,null,0,0,0
666,0,null,0,0,0
667,0,null,0,0,0
668,0,null,0,0,0
669,0,null,0,0,0
670,0,null,0,0,0
671,0,null,0,0,0
672,0,null,0,0,0
673,0,null,0,0,0
674,0,null,0,0,0
675,0,null,0,0,0
676,0,null,0,0,0
677,0,null,0,0,0
678,0,null,0,0,0
679,0,null,0,0,0
680,0,null,0,0,0
681,0,null,0,0,0
682,0,null,0,0,0
683,0,null,0,0,0
684,0,null,0,0,0
685,0,null,0,0,0
686,1886,secondary_proton,1,1,1
687,0,null,0,0,0
688,0,null,0,0,0
689,0,null,0,0,0
690,0,null,0,0,0
691,0,null,0,0,0
692,0,null,0,0,0
693,0,null,0,0,0
694,0,null,0,0,0
695,0,null,0,0,0
696,0,null,0,0,0
697,1,primary_proton,1,1,1
698,0,null,0,0,0
699,0,null,0,0,0
840,0,null,0,0,0
841,0,null,0,0,0
842,0,null,0,0,0
843,0,null,0,0,0
844,0,null,0,0,0
845,0,null,0,0,0
846,0,null,0,0,0
847,0,null,0,0,0
848,0,null,0,0,0
849,0,null,0,0,0
850,0,null,0,0,0
851,0,null,0,0,0
852,0,null,0,0,0
853,0,null,0,0,0
854,5,secondary_proton,1,1,1
855,0,null,0,0,0
856,0,null,0,0,0
857,0,null,0,0,0
858,0,null,0,0,0
859,4593,secondary_proton,1,0,0
860,0,null,0,0,0
861,0,null,0,0,0
862,0,null,0,0,0
863,0,null,0,0,0
864,0,null,0,0,0
865,0,null,0,0,0
866,0,null,0,0,0
867,0,null,0,0,0
868,0,null,0,0,0
869,1,primary_proton,1,1,1
870,0,null,0,0,0
871,0,null,0,0,0
872,0,null,0,0,0
873,0,null,0,0,0
874,0,null,0,0,0
875,0,null,0,0,0
876,0,null,0,0,0
877,0,null,0,0,0
878,1,primary_proton,1,1,1
879,3,secondary_proton,1,1,1
880,0,null,0,0,0
881,0,null,0,0,0
882,0,null,0,0,0
883,0,null,0,0,0
884,0,null,0,0,0
885,2375,pi+,1,1,1
886,1,primary_proton,1,1,1
887,1,primary_proton,1,1,1
888,0,null,0,0,0
889,0,null,0,0,0
890,0,null,0,0,0
891,0,null,0,0,0
892,1,primary_proton,1,1,1
893,0,null,0,0,0
894,0,null,0,0,0
895,0,null,0,0,0
896,0,null,0,0,0
897,0,null,0,0,0
898,0,null,0,0,0
899,0,null,0,0,0
900,0,null,0,0,0
901,0,null,0,0,0
902,0,null,0,0,0
903,4,pi-,1,1,1
904,0,null,0,0,0
905,0,null,0,0,0
906,0,null,0,0,0
907,0,null,0,0,0
908,0,null,0,0,0
909,0,null,0,0,0
980,0,null,0,0,0
981,0,null,0,0,0
982,0,null,0,0,0
983,0,null,0,0,0
984,0,null,0,0,0
985,0,null,0,0,0
986,0,null,0,0,0
987,0,null,0,0,0
988,0,null,0,0,0
989,0,null,0,0,0
990,0,null,0,0,0
991,0,null,0,0,0
992,0,null,0,0,0
993,0,null,0,0,0
994,0,null,0,0,0
995,0,null,0,0,0
996,0,null,0,0,0
997,0,null,0,0,0
998,0,null,0,0,0
999,0,null,0,0,0
1000,0,null,0,0,0
1001,0,null,0,0,0
1002,0,null,0,0,0
1003,0,null,0,0,0
1004,22,secondary_proton,1,1,1
1005,0,null,0,0,0
1006,0,null,0,0,0
1007,0,null,0,0,0
1008,0,null,0,0,0
1009,0,null,0,0,0
1010,0,null,0,0,0
1011,0,null,0,0,0
1012,0,null,0,0,0
1013,0,null,0,0,0
1014,0,null,0,0,0
1015,7,secondary_proton,1,1,1
1016,0,null,0,0,0
1017,0,null,0,0,0
1018,0,null,0,0,0
1019,0,null,0,0,0
1020,0,null,0,0,0
1021,1,primary_proton,1,1,1
821,0,null,0,0,0
822,0,null,0,0,0
823,0,null,0,0,0
824,0,null,0,0,0
825,0,null,0,0,0
826,0,null,0,0,0
827,82,secondary_proton,1,1,0
828,0,null,0,0,0
829,0,null,0,0,0
830,0,null,0,0,0
831,0,null,0,0,0
832,0,null,0,0,0
833,10,pi+,1,1,1
834,0,null,0,0,0
835,0,null,0,0,0
836,0,null,0,0,0
837,0,null,0,0,0
838,0,null,0,0,0
839,0,null,0,0,0
910,0,null,0,0,0
911,0,null,0,0,0
912,0,null,0,0,0
913,0,null,0,0,0
914,0,null,0,0,0
915,7,pi-,1,1,1
916,0,null,0,0,0
917,0,null,0,0,0
918,12,pi+,1,1,1
919,0,null,0,0,0
920,0,null,0,0,0
921,0,null,0,0,0
922,0,null,0,0,0
923,0,null,0,0,0
924,0,null,0,0,0
925,0,null,0,0,0
926,0,null,0,0,0
927,0,null,0,0,0
928,29,pi+,1,0,0
929,0,null,0,0,0
930,0,null,0,0,0
931,0,null,0,0,0
932,0,null,0,0,0
933,0,null,0,0,0
934,0,null,0,0,0
935,0,null,0,0,0
936,0,null,0,0,0
937,0,null,0,0,0
938,0,null,0,0,0
939,0,null,0,0,0
940,0,null,0,0,0
941,0,null,0,0,0
942,0,null,0,0,0
943,0,null,0,0,0
944,0,null,0,0,0
945,0,null,0,0,0
946,0,null,0,0,0
947,0,null,0,0,0
948,0,null,0,0,0
949,0,null,0,0,0
950,0,null,0,0,0
951,0,null,0,0,0
952,0,null,0,0,0
953,0,null,0,0,0
954,0,null,0,0,0
955,0,null,0,0,0
956,0,null,0,0,0
957,0,null,0,0,0
958,0,null,0,0,0
959,0,null,0,0,0
960,0,null,0,0,0
961,0,null,0,0,0
962,0,null,0,0,0
963,0,null,0,0,0
964,0,null,0,0,0
965,0,null,0,0,0
966,0,null,0,0,0
967,0,null,0,0,0
968,0,null,0,0,0
969,0,null,0,0,0
970,0,null,0,0,0
971,0,null,0,0,0
972,0,null,0,0,0
973,0,null,0,0,0
974,0,null,0,0,0
975,0,null,0,0,0
976,0,null,0,0,0
977,0,null,0,0,0
978,0,null,0,0,0
979,0,null,0,0,0
1050,5,pi-,1,1,1
1051,0,null,0,0,0
1052,0,null,0,0,0
1053,0,null,0,0,0
1054,0,null,0,0,0
1055,0,null,0,0,0
1056,0,null,0,0,0
1057,0,null,0,0,0
1058,0,null,0,0,0
1059,1,primary_proton,1,1,0
1060,0,null,0,0,0
1061,0,null,0,0,0
1062,0,null,0,0,0
1063,0,null,0,0,0
1064,0,null,0,0,0
1065,0,null,0,0,0
1066,0,null,0,0,0
1067,0,null,0,0,0
1068,0,null,0,0,0
1069,0,null,0,0,0
1070,0,null,0,0,0
1071,0,null,0,0,0
1072,0,null,0,0,0
1073,0,null,0,0,0
1074,0,null,0,0,0
1075,0,null,0,0,0
1076,0,null,0,0,0
1077,0,null,0,0,0
1078,0,null,0,0,0
1079,0,null,0,0,0
1080,0,null,0,0,0
1081,0,null,0,0,0
1082,0,null,0,0,0
1083,0,null,0,0,0
1084,0,null,0,0,0
1085,0,null,0,0,0
1086,0,null,0,0,0
1087,0,null,0,0,0
1088,0,null,0,0,0
1089,0,null,0,0,0
1090,0,null,0,0,0
1091,0,null,0,0,0
1092,0,null,0,0,0
1093,0,null,0,0,0
1094,0,null,0,0,0
1095,0,null,0,0,0
1096,0,null,0,0,0
1097,0,null,0,0,0
1098,5700,e-,1,1,1
1099,0,null,0,0,0
1100,0,null,0,0,0
1101,0,null,0,0,0
1102,0,null,0,0,0
1103,0,null,0,0,0
1104,0,null,0,0,0
1105,0,null,0,0,0
1106,0,null,0,0,0
1107,6,pi-,1,1,1
1108,0,null,0,0,0
1109,0,null,0,0,0
1110,0,null,0,0,0
1111,0,null,0,0,0
1112,0,null,0,0,0
1113,0,null,0,0,0
1114,0,null,0,0,0
1115,10,pi+,1,1,0
1116,0,null,0,0,0
1117,0,null,0,0,0
1118,0,null,0,0,0
1119,0,null,0,0,0
1190,0,null,0,0,0
1191,0,null,0,0,0
1192,0,null,0,0,0
1193,0,null,0,0,0
1194,0,null,0,0,0
1195,0,null,0,0,0
1196,0,null,0,0,0
1197,0,null,0,0,0
1198,0,null,0,0,0
1199,0,null,0,0,0
1200,0,null,0,0,0
1201,0,null,0,0,0
1202,0,null,0,0,0
1203,0,null,0,0,0
1204,0,null,0,0,0
1205,0,null,0,0,0
1206,0,null,0,0,0
1207,0,null,0,0,0
1208,0,null,0,0,0
1209,0,null,0,0,0
1210,0,null,0,0,0
1211,0,null,0,0,0
1212,0,null,0,0,0
1213,0,null,0,0,0
1214,0,null,0,0,0
1215,0,null,0,0,0
1216,0,null,0,0,0
1217,0,null,0,0,0
1218,0,null,0,0,0
1219,0,null,0,0,0
1220,0,null,0,0,0
1221,0,null,0,0,0
1222,0,null,0,0,0
1223,0,null,0,0,0
1224,0,null,0,0,0
1225,0,null,0,0,0
1226,0,null,0,0,0
1227,0,null,0,0,0
1228,0,null,0,0,0
1229,0,null,0,0,0
1230,0,null,0,0,0
1231,0,null,0,0,0
1232,0,null,0,0,0
1233,0,null,0,0,0
1234,0,null,0,0,0
1235,1,primary_proton,1,1,1
1236,0,null,0,0,0
1237,0,null,0,0,0
1238,0,null,0,0,0
1239,0,null,0,0,0
1240,0,null,0,0,0
1241,0,null,0,0,0
1242,0,null,0,0,0
1243,0,null,0,0,0
1244,0,null,0,0,0
1245,0,null,0,0,0
1246,0,null,0,0,0
1247,0,null,0,0,0
1248,14,pi+,1,1,1
1249,0,null,0,0,0
1250,0,null,0,0,0
1251,0,null,0,0,0
1252,0,null,0,0,0
1253,0,null,0,0,0
1254,0,null,0,0,0
1255,0,null,0,0,0
1256,0,null,0,0,0
1257,0,null,0,0,0
1258,0,null,0,0,0
1259,0,null,0,0,0
1330,0,null,0,0,0
1023,0,null,0,0,0
1024,1,primary_proton,1,1,1
1025,1,primary_proton,1,1,1
1026,0,null,0,0,0
1027,0,null,0,0,0
1028,0,null,0,0,0
1029,0,null,0,0,0
1030,1,primary_proton,1,1,1
1031,0,null,0,0,0
1032,0,null,0,0,0
1033,0,null,0,0,0
1034,13,kaon+,1,1,1
1035,0,null,0,0,0
1036,0,null,0,0,0
1037,0,null,0,0,0
1038,0,null,0,0,0
1039,0,null,0,0,0
1040,0,null,0,0,0
1041,0,null,0,0,0
1042,0,null,0,0,0
1043,0,null,0,0,0
1044,0,null,0,0,0
1045,0,null,0,0,0
1046,0,null,0,0,0
1047,0,null,0,0,0
1048,0,null,0,0,0
1049,0,null,0,0,0
1120,0,null,0,0,0
1121,0,null,0,0,0
1122,0,null,0,0,0
1123,0,null,0,0,0
1124,0,null,0,0,0
1125,0,null,0,0,0
1126,0,null,0,0,0
1127,0,null,0,0,0
1128,0,null,0,0,0
1129,0,null,0,0,0
1130,0,null,0,0,0
1131,0,null,0,0,0
1132,0,null,0,0,0
1133,0,null,0,0,0
1134,0,null,0,0,0
1135,0,null,0,0,0
1136,0,null,0,0,0
1137,0,null,0,0,0
1138,0,null,0,0,0
1139,0,null,0,0,0
1140,0,null,0,0,0
1141,0,null,0,0,0
1142,0,null,0,0,0
1143,0,null,0,0,0
1144,0,null,0,0,0
1145,0,null,0,0,0
1146,0,null,0,0,0
1147,0,null,0,0,0
1148,0,null,0,0,0
1149,0,null,0,0,0
1150,0,null,0,0,0
1151,2387,secondary_proton,1,1,0
1152,0,null,0,0,0
1153,0,null,0,0,0
1154,0,null,0,0,0
1155,0,null,0,0,0
1156,0,null,0,0,0
1157,0,null,0,0,0
1158,0,null,0,0,0
1159,0,null,0,0,0
1160,0,null,0,0,0
1161,0,null,0,0,0
1162,0,null,0,0,0
1163,0,null,0,0,0
1164,0,null,0,0,0
1165,0,null,0,0,0
1166,0,null,0,0,0
1167,0,null,0,0,0
1168,0,null,0,0,0
1169,0,null,0,0,0
1170,0,null,0,0,0
1171,0,null,0,0,0
1172,0,null,0,0,0
1173,0,null,0,0,0
1174,0,null,0,0,0
1175,0,null,0,0,0
1176,0,null,0,0,0
1177,0,null,0,0,0
1178,0,null,0,0,0
1179,0,null,0,0,0
1180,0,null,0,0,0
1181,10,pi+,1,1,1
1182,0,null,0,0,0
1183,0,null,0,0,0
1184,0,null,0,0,0
1185,0,null,0,0,0
1186,0,null,0,0,0
1187,0,null,0,0,0
1188,0,null,0,0,0
1189,0,null,0,0,0
1260,0,null,0,0,0
1261,0,null,0,0,0
1262,0,null,0,0,0
1263,0,null,0,0,0
1264,0,null,0,0,0
1265,0,null,0,0,0
1266,0,null,0,0,0
1267,0,null,0,0,0
1268,0,null,0,0,0
1269,0,null,0,0,0
1270,0,null,0,0,0
1271,0,null,0,0,0
1272,0,null,0,0,0
1273,0,null,0,0,0
1274,0,null,0,0,0
1275,0,null,0,0,0
1276,0,null,0,0,0
1277,0,null,0,0,0
1278,0,null,0,0,0
1279,0,null,0,0,0
1280,0,null,0,0,0
1281,1,primary_proton,1,1,1
1282,0,null,0,0,0
1283,0,null,0,0,0
1284,0,null,0,0,0
1285,0,null,0,0,0
1286,0,null,0,0,0
1287,4,pi+,1,1,1
1288,0,null,0,0,0
1289,0,null,0,0,0
1290,0,null,0,0,0
1291,0,null,0,0,0
1292,0,null,0,0,0
1293,0,null,0,0,0
1294,0,null,0,0,0
1295,0,null,0,0,0
1296,17,pi-,1,1,0
1297,0,null,0,0,0
1298,0,null,0,0,0
1299,1,primary_proton,1,1,1
1300,4,pi+,1,1,1
1301,0,null,0,0,0
1302,0,null,0,0,0
1303,0,null,0,0,0
1304,0,null,0,0,0
1305,0,null,0,0,0
1306,0,null,0,0,0
1307,0,null,0,0,0
1308,0,null,0,0,0
1309,0,null,0,0,0
1310,0,null,0,0,0
1311,0,null,0,0,0
1312,0,null,0,0,0
1313,4,secondary_proton,1,1,1
1314,0,null,0,0,0
1315,0,null,0,0,0
1316,0,null,0,0,0
1317,0,null,0,0,0
1318,0,null,0,0,0
1319,0,null,0,0,0
1320,0,null,0,0,0
1321,561,e-,1,1,1
1322,0,null,0,0,0
1323,0,null,0,0,0
1324,0,null,0,0,0
1325,0,null,0,0,0
1326,0,null,0,0,0
1327,0,null,0,0,0
1328,0,null,0,0,0
1329,0,null,0,0,0
1400,0,null,0,0,0
1401,0,null,0,0,0
1402,0,null,0,0,0
1403,0,null,0,0,0
1404,0,null,0,0,0
1405,0,null,0,0,0
1406,0,null,0,0,0
1407,0,null,0,0,0
1408,0,null,0,0,0
1409,0,null,0,0,0
1410,0,null,0,0,0
1411,0,null,0,0,0
1412,0,null,0,0,0
1413,0,null,0,0,0
1414,0,null,0,0,0
1415,0,null,0,0,0
1416,0,null,0,0,0
1417,177,secondary_proton,1,1,1
1418,0,null,0,0,0
1419,0,null,0,0,0
1420,0,null,0,0,0
1421,0,null,0,0,0
1422,0,null,0,0,0
1423,0,null,0,0,0
1424,0,null,0,0,0
1425,0,null,0,0,0
1426,27,pi-,1,0,0
1427,0,null,0,0,0
1428,0,null,0,0,0
1429,0,null,0,0,0
1430,0,null,0,0,0
1431,0,null,0,0,0
1432,0,null,0,0,0
1433,0,null,0,0,0
1434,0,null,0,0,0
1435,0,null,0,0,0
1436,0,null,0,0,0
1437,210,pi-,1,1,1
1438,0,null,0,0,0
1439,0,null,0,0,0
1440,0,null,0,0,0
1441,0,null,0,0,0
1442,0,null,0,0,0
1443,0,null,0,0,0
1444,0,null,0,0,0
1445,0,null,0,0,0
1446,0,null,0,0,0
1447,0,null,0,0,0
1448,0,null,0,0,0
1449,0,null,0,0,0
1450,0,null,0,0,0
1451,0,null,0,0,0
1452,0,null,0,0,0
1453,0,null,0,0,0
1454,0,null,0,0,0
1332,0,null,0,0,0
1333,0,null,0,0,0
1334,0,null,0,0,0
1335,0,null,0,0,0
1336,0,null,0,0,0
1337,0,null,0,0,0
1338,0,null,0,0,0
1339,1,primary_proton,1,1,1
1340,0,null,0,0,0
1341,0,null,0,0,0
1342,1,primary_proton,1,1,1
1343,0,null,0,0,0
1344,0,null,0,0,0
1345,0,null,0,0,0
1346,0,null,0,0,0
1347,0,null,0,0,0
1348,0,null,0,0,0
1349,0,null,0,0,0
1350,0,null,0,0,0
1351,0,null,0,0,0
1352,0,null,0,0,0
1353,0,null,0,0,0
1354,0,null,0,0,0
1355,0,null,0,0,0
1356,0,null,0,0,0
1357,0,null,0,0,0
1358,0,null,0,0,0
1359,0,null,0,0,0
1360,0,null,0,0,0
1361,0,null,0,0,0
1362,0,null,0,0,0
1363,0,null,0,0,0
1364,0,null,0,0,0
1365,1,primary_proton,1,1,1
1366,0,null,0,0,0
1367,0,null,0,0,0
1368,0,null,0,0,0
1369,0,null,0,0,0
1370,0,null,0,0,0
1371,0,null,0,0,0
1372,0,null,0,0,0
1373,4,pi-,1,1,1
1374,0,null,0,0,0
1375,0,null,0,0,0
1376,0,null,0,0,0
1377,0,null,0,0,0
1378,10,secondary_proton,1,1,1
1379,0,null,0,0,0
1380,0,null,0,0,0
1381,0,null,0,0,0
1382,0,null,0,0,0
1383,0,null,0,0,0
1384,0,null,0,0,0
1385,0,null,0,0,0
1386,0,null,0,0,0
1387,0,null,0,0,0
1388,0,null,0,0,0
1389,0,null,0,0,0
1390,0,null,0,0,0
1391,0,null,0,0,0
1392,0,null,0,0,0
1393,0,null,0,0,0
1394,0,null,0,0,0
1395,0,null,0,0,0
1396,0,null,0,0,0
1397,0,null,0,0,0
1398,0,null,0,0,0
1399,0,null,0,0,0
1470,1,primary_proton,1,1,1
1471,0,null,0,0,0
1472,0,null,0,0,0
1473,0,null,0,0,0
1474,0,null,0,0,0
1475,0,null,0,0,0
1476,0,null,0,0,0
1477,4,secondary_proton,1,1,1
1478,0,null,0,0,0
1479,0,null,0,0,0
1480,0,null,0,0,0
1481,0,null,0,0,0
1482,0,null,0,0,0
1483,0,null,0,0,0
1484,0,null,0,0,0
1485,0,null,0,0,0
1486,0,null,0,0,0
1487,0,null,0,0,0
1488,0,null,0,0,0
1489,0,null,0,0,0
1490,0,null,0,0,0
1491,13,pi+,1,1,0
1492,0,null,0,0,0
1493,0,null,0,0,0
1494,0,null,0,0,0
1495,0,null,0,0,0
1496,0,null,0,0,0
1497,0,null,0,0,0
1498,0,null,0,0,0
1499,0,null,0,0,0
1500,0,null,0,0,0
1501,0,null,0,0,0
1502,1,primary_proton,1,1,1
1503,0,null,0,0,0
1504,0,null,0,0,0
1505,0,null,0,0,0
1506,0,null,0,0,0
1507,0,null,0,0,0
1508,0,null,0,0,0
1509,0,null,0,0,0
1510,0,null,0,0,0
1511,0,null,0,0,0
1512,0,null,0,0,0
1513,0,null,0,0,0
1514,0,null,0,0,0
1515,0,null,0,0,0
1516,0,null,0,0,0
1517,0,null,0,0,0
1518,1,primary_proton,1,1,1
1519,0,null,0,0,0
1520,0,null,0,0,0
1521,0,null,0,0,0
1522,0,null,0,0,0
1523,0,null,0,0,0
1524,0,null,0,0,0
1525,0,null,0,0,0
1526,0,null,0,0,0
1527,0,null,0,0,0
1528,0,null,0,0,0
1529,0,null,0,0,0
1530,0,null,0,0,0
1531,1,primary_proton,1,1,1
1532,0,null,0,0,0
1533,0,null,0,0,0
1534,0,null,0,0,0
1535,0,null,0,0,0
1536,0,null,0,0,0
1537,0,null,0,0,0
1538,0,null,0,0,0
1539,0,null,0,0,0
1540,1,primary_proton,1,1,1
1541,0,null,0,0,0
1542,0,null,0,0,0
1543,0,null,0,0,0
1544,0,null,0,0,0
1545,0,null,0,0,0
1546,0,null,0,0,0
1547,0,null,0,0,0
1548,168,e-,0,1,0
1549,0,null,0,0,0
1550,0,null,0,0,0
1551,0,null,0,0,0
1552,0,null,0,0,0
1553,0,null,0,0,0
1554,0,null,0,0,0
1555,0,null,0,0,0
1556,0,null,0,0,0
1557,0,null,0,0,0
1558,0,null,0,0,0
1559,0,null,0,0,0
1560,0,null,0,0,0
1561,0,null,0,0,0
1562,0,null,0,0,0
1563,0,null,0,0,0
1564,0,null,0,0,0
1565,0,null,0,0,0
1566,0,null,0,0,0
1567,0,null,0,0,0
1568,0,null,0,0,0
1569,0,null,0,0,0
1570,0,null,0,0,0
1571,0,null,0,0,0
1572,0,null,0,0,0
1573,0,null,0,0,0
1574,0,null,0,0,0
1575,0,null,0,0,0
1576,1,primary_proton,1,1,1
1577,0,null,0,0,0
1578,0,null,0,0,0
1579,0,null,0,0,0
1580,0,null,0,0,0
1581,0,null,0,0,0
1582,0,null,0,0,0
1583,0,null,0,0,0
1584,0,null,0,0,0
1585,0,null,0,0,0
1586,0,null,0,0,0
1587,0,null,0,0,0
1588,0,null,0,0,0
1589,0,null,0,0,0
1590,0,null,0,0,0
1591,0,null,0,0,0
1592,0,null,0,0,0
1593,0,null,0,0,0
1594,0,null,0,0,0
1595,0,null,0,0,0
1596,0,null,0,0,0
1597,0,null,0,0,0
1598,1,primary_proton,1,1,1
1599,0,null,0,0,0
1600,0,null,0,0,0
1601,0,null,0,0,0
1602,0,null,0,0,0
1603,0,null,0,0,0
1604,0,null,0,0,0
1605,0,null,0,0,0
1606,0,null,0,0,0
1607,0,null,0,0,0
1608,0,null,0,0,0
1609,1,primary_proton,1,1,1
1680,0,null,0,0,0
1681,0,null,0,0,0
1682,0,null,0,0,0
1683,0,null,0,0,0
1684,0,null,0,0,0
1685,0,null,0,0,0
1686,0,null,0,0,0
1687,0,null,0,0,0
1688,1,primary_proton,1,1,1
1689,0,null,0,0,0
1691,1,primary_proton,1,1,1
1692,0,null,0,0,0
1693,0,null,0,0,0
1694,0,null,0,0,0
1695,0,null,0,0,0
1696,0,null,0,0,0
1697,0,null,0,0,0
1698,0,null,0,0,0
1699,0,null,0,0,0
1700,1,primary_proton,1,1,1
1701,0,null,0,0,0
1702,0,null,0,0,0
1703,0,null,0,0,0
1704,10,pi-,1,1,1
1705,0,null,0,0,0
1706,0,null,0,0,0
1707,0,null,0,0,0
1708,0,null,0,0,0
1709,0,null,0,0,0
1710,0,null,0,0,0
1711,0,null,0,0,0
1712,0,null,0,0,0
1713,0,null,0,0,0
1714,0,null,0,0,0
1715,29,pi+,1,1,1
1716,0,null,0,0,0
1717,0,null,0,0,0
1718,0,null,0,0,0
1719,0,null,0,0,0
1720,0,null,0,0,0
1721,0,null,0,0,0
1722,0,null,0,0,0
1723,0,null,0,0,0
1724,0,null,0,0,0
1725,0,null,0,0,0
1726,0,null,0,0,0
1727,0,null,0,0,0
1728,0,null,0,0,0
1729,0,null,0,0,0
1730,0,null,0,0,0
1731,0,null,0,0,0
1732,0,null,0,0,0
1733,0,null,0,0,0
1734,0,null,0,0,0
1735,0,null,0,0,0
1736,0,null,0,0,0
1737,0,null,0,0,0
1738,0,null,0,0,0
1739,0,null,0,0,0
1740,0,null,0,0,0
1741,0,null,0,0,0
1742,0,null,0,0,0
1743,0,null,0,0,0
1744,6,secondary_proton,1,0,0
1745,0,null,0,0,0
1746,0,null,0,0,0
1747,0,null,0,0,0
1748,0,null,0,0,0
1749,0,null,0,0,0
1820,0,null,0,0,0
1821,0,null,0,0,0
1822,0,null,0,0,0
1823,0,null,0,0,0
1824,0,null,0,0,0
1825,1,primary_proton,1,1,1
1826,0,null,0,0,0
1827,0,null,0,0,0
1828,0,null,0,0,0
1829,0,null,0,0,0
1830,0,null,0,0,0
1831,0,null,0,0,0
1832,0,null,0,0,0
1833,0,null,0,0,0
1834,0,null,0,0,0
1835,0,null,0,0,0
1836,0,null,0,0,0
1837,1,primary_proton,1,1,1
1838,0,null,0,0,0
1839,0,null,0,0,0
1840,0,null,0,0,0
1841,0,null,0,0,0
1842,0,null,0,0,0
1843,0,null,0,0,0
1844,0,null,0,0,0
1845,0,null,0,0,0
1846,0,null,0,0,0
1847,0,null,0,0,0
1848,0,null,0,0,0
1849,0,null,0,0,0
1850,0,null,0,0,0
1851,0,null,0,0,0
1852,0,null,0,0,0
1853,0,null,0,0,0
1854,0,null,0,0,0
1855,0,null,0,0,0
1856,0,null,0,0,0
1857,0,null,0,0,0
1858,0,null,0,0,0
1859,0,null,0,0,0
1860,0,null,0,0,0
1861,0,null,0,0,0
1862,14,secondary_proton,1,1,0
1863,0,null,0,0,0
1864,0,null,0,0,0
1865,0,null,0,0,0
1866,0,null,0,0,0
1867,0,null,0,0,0
1868,0,null,0,0,0
1869,0,null,0,0,0
1870,0,null,0,0,0
1871,0,null,0,0,0
1872,0,null,0,0,0
1873,0,null,0,0,0
1874,0,null,0,0,0
1875,0,null,0,0,0
1876,0,null,0,0,0
1877,0,null,0,0,0
1878,0,null,0,0,0
1879,0,null,0,0,0
1880,0,null,0,0,0
1881,6,secondary_proton,1,1,1
1882,0,null,0,0,0
1883,0,null,0,0,0
1884,0,null,0,0,0
1885,6,secondary_proton,1,1,0
1886,0,null,0,0,0
1887,0,null,0,0,0
1888,0,null,0,0,0
1889,0,null,0,0,0
1890,0,null,0,0,0
1891,0,null,0,0,0
1892,0,null,0,0,0
1893,0,null,0,0,0
1894,0,null,0,0,0
1895,0,null,0,0,0
1896,0,null,0,0,0
1897,0,null,0,0,0
1898,0,null,0,0,0
1899,0,null,0,0,0
1900,0,null,0,0,0
1901,0,null,0,0,0
1902,0,null,0,0,0
1903,0,null,0,0,0
1904,0,null,0,0,0
1905,0,null,0,0,0
1906,16,pi-,1,1,1
1907,0,null,0,0,0
1908,0,null,0,0,0
1909,0,null,0,0,0
1910,0,null,0,0,0
1911,0,null,0,0,0
1912,0,null,0,0,0
1913,0,null,0,0,0
1914,0,null,0,0,0
1915,0,null,0,0,0
1916,0,null,0,0,0
1917,0,null,0,0,0
1918,0,null,0,0,0
1919,0,null,0,0,0
1920,0,null,0,0,0
1921,0,null,0,0,0
1922,0,null,0,0,0
1923,0,null,0,0,0
1924,0,null,0,0,0
1925,0,null,0,0,0
1926,0,null,0,0,0
1927,0,null,0,0,0
1928,0,null,0,0,0
1929,0,null,0,0,0
1930,0,null,0,0,0
1931,0,null,0,0,0
1932,1,primary_proton,1,1,1
1933,0,null,0,0,0
1934,0,null,0,0,0
1935,0,null,0,0,0
1936,0,null,0,0,0
1937,0,null,0,0,0
1938,0,null,0,0,0
1939,6,pi-,1,1,1
1940,2082,e-,1,1,1
1941,0,null,0,0,0
1942,0,null,0,0,0
1943,0,null,0,0,0
1944,0,null,0,0,0
1945,0,null,0,0,0
1946,0,null,0,0,0
1947,0,null,0,0,0
1948,0,null,0,0,0
1949,0,null,0,0,0
1950,0,null,0,0,0
1951,0,null,0,0,0
1952,0,null,0,0,0
1953,0,null,0,0,0
1954,0,null,0,0,0
1955,0,null,0,0,0
1956,0,null,0,0,0
1957,0,null,0,0,0
1958,0,null,0,0,0
1959,0,null,0,0,0
2030,0,null,0,0,0
2031,0,null,0,0,0
2032,0,null,0,0,0
2033,0,null,0,0,0
2034,0,null,0,0,0
2035,0,null,0,0,0
2036,0,null,0,0,0
2037,0,null,0,0,0
2038,753,e-,1,1,1
2039,0,null,0,0,0
2040,0,null,0,0,0
2041,0,null,0,0,0
2042,0,null,0,0,0
2043,0,null,0,0,0
2044,0,null,0,0,0
2045,0,null,0,0,0
2046,0,null,0,0,0
2047,0,null,0,0,0
2048,0,null,0,0,0
2049,0,null,0,0,0
2050,0,null,0,0,0
2051,0,null,0,0,0
1456,0,null,0,0,0
1457,0,null,0,0,0
1458,0,null,0,0,0
1459,1,primary_proton,1,1,1
1460,1,primary_proton,1,1,1
1461,0,null,0,0,0
1462,0,null,0,0,0
1463,0,null,0,0,0
1464,0,null,0,0,0
1465,0,null,0,0,0
1466,0,null,0,0,0
1467,0,null,0,0,0
1468,0,null,0,0,0
1469,0,null,0,0,0
1610,0,null,0,0,0
1611,0,null,0,0,0
1612,0,null,0,0,0
1613,0,null,0,0,0
1614,0,null,0,0,0
1615,0,null,0,0,0
1616,0,null,0,0,0
1617,0,null,0,0,0
1618,0,null,0,0,0
1619,0,null,0,0,0
1620,0,null,0,0,0
1621,0,null,0,0,0
1622,7463,pi-,1,1,0
1623,0,null,0,0,0
1624,0,null,0,0,0
1625,0,null,0,0,0
1626,0,null,0,0,0
1627,0,null,0,0,0
1628,0,null,0,0,0
1629,0,null,0,0,0
1630,1,primary_proton,1,1,1
1631,0,null,0,0,0
1632,0,null,0,0,0
1633,0,null,0,0,0
1634,0,null,0,0,0
1635,0,null,0,0,0
1636,0,null,0,0,0
1637,0,null,0,0,0
1638,0,null,0,0,0
1639,0,null,0,0,0
1640,0,null,0,0,0
1641,0,null,0,0,0
1642,0,null,0,0,0
1643,0,null,0,0,0
1644,0,null,0,0,0
1645,714,e-,1,1,1
1646,0,null,0,0,0
1647,0,null,0,0,0
1648,0,null,0,0,0
1649,0,null,0,0,0
1650,0,null,0,0,0
1651,0,null,0,0,0
1652,0,null,0,0,0
1653,0,null,0,0,0
1654,0,null,0,0,0
1655,1,primary_proton,1,1,1
1656,0,null,0,0,0
1657,0,null,0,0,0
1658,0,null,0,0,0
1659,0,null,0,0,0
1660,0,null,0,0,0
1661,0,null,0,0,0
1662,0,null,0,0,0
1663,0,null,0,0,0
1664,0,null,0,0,0
1665,0,null,0,0,0
1666,0,null,0,0,0
1667,0,null,0,0,0
1668,0,null,0,0,0
1669,0,null,0,0,0
1670,0,null,0,0,0
1671,8,pi+,1,1,1
1672,0,null,0,0,0
1673,0,null,0,0,0
1674,0,null,0,0,0
1675,0,null,0,0,0
1676,0,null,0,0,0
1677,0,null,0,0,0
1678,0,null,0,0,0
1679,0,null,0,0,0
1750,0,null,0,0,0
1751,0,null,0,0,0
1752,0,null,0,0,0
1753,0,null,0,0,0
1754,0,null,0,0,0
1755,0,null,0,0,0
1756,0,null,0,0,0
1757,0,null,0,0,0
1758,0,null,0,0,0
1759,0,null,0,0,0
1760,0,null,0,0,0
1761,607,pi+,1,1,1
1762,0,null,0,0,0
1763,0,null,0,0,0
1764,0,null,0,0,0
1765,0,null,0,0,0
1766,1,primary_proton,1,1,1
1767,0,null,0,0,0
1768,0,null,0,0,0
1769,0,null,0,0,0
1770,0,null,0,0,0
1771,11,pi+,1,1,1
1772,0,null,0,0,0
1773,10,secondary_proton,1,1,1
1774,0,null,0,0,0
1775,0,null,0,0,0
1776,0,null,0,0,0
1777,0,null,0,0,0
1778,0,null,0,0,0
1779,0,null,0,0,0
1780,0,null,0,0,0
1781,0,null,0,0,0
1782,0,null,0,0,0
1783,0,null,0,0,0
1784,0,null,0,0,0
1785,0,null,0,0,0
1786,0,null,0,0,0
1787,0,null,0,0,0
1788,0,null,0,0,0
1789,0,null,0,0,0
1790,0,null,0,0,0
1791,0,null,0,0,0
1792,0,null,0,0,0
1793,0,null,0,0,0
1794,0,null,0,0,0
1795,0,null,0,0,0
1796,0,null,0,0,0
1797,0,null,0,0,0
1798,0,null,0,0,0
1799,0,null,0,0,0
1800,0,null,0,0,0
1801,0,null,0,0,0
1802,0,null,0,0,0
1803,0,null,0,0,0
1804,1,primary_proton,1,1,1
1805,0,null,0,0,0
1806,0,null,0,0,0
1807,0,null,0,0,0
1808,0,null,0,0,0
1809,0,null,0,0,0
1810,0,null,0,0,0
1811,0,null,0,0,0
1812,0,null,0,0,0
1813,0,null,0,0,0
1814,0,null,0,0,0
1815,0,null,0,0,0
1816,0,null,0,0,0
1817,0,null,0,0,0
1818,0,null,0,0,0
1819,0,null,0,0,0
1960,0,null,0,0,0
1961,0,null,0,0,0
1962,0,null,0,0,0
1963,0,null,0,0,0
1964,0,null,0,0,0
1965,4,secondary_proton,1,1,1
1966,0,null,0,0,0
1967,1,primary_proton,1,1,1
1968,0,null,0,0,0
1969,0,null,0,0,0
1970,1,primary_proton,1,1,1
1971,1,primary_proton,1,1,1
1972,0,null,0,0,0
1973,0,null,0,0,0
1974,0,null,0,0,0
1975,0,null,0,0,0
1976,1080,e-,0,1,0
1977,0,null,0,0,0
1978,0,null,0,0,0
1979,0,null,0,0,0
1980,0,null,0,0,0
1981,0,null,0,0,0
1982,0,null,0,0,0
1983,0,null,0,0,0
1984,1,primary_proton,1,1,1
1985,0,null,0,0,0
1986,8,kaon-,1,1,1
1987,0,null,0,0,0
1988,0,null,0,0,0
1989,0,null,0,0,0
1990,0,null,0,0,0
1991,0,null,0,0,0
1992,0,null,0,0,0
1993,10,pi+,1,1,1
1994,0,null,0,0,0
1995,0,null,0,0,0
1996,0,null,0,0,0
1997,1,primary_proton,1,1,1
1998,0,null,0,0,0
1999,0,null,0,0,0
2000,0,null,0,0,0
2001,0,null,0,0,0
2002,0,null,0,0,0
2003,0,null,0,0,0
2004,0,null,0,0,0
2005,0,null,0,0,0
2006,0,null,0,0,0
2007,0,null,0,0,0
2008,0,null,0,0,0
2009,0,null,0,0,0
2010,6117,e-,1,0,0
2011,0,null,0,0,0
2012,0,null,0,0,0
2013,0,null,0,0,0
2014,0,null,0,0,0
2015,0,null,0,0,0
2016,0,null,0,0,0
2017,0,null,0,0,0
2018,0,null,0,0,0
2019,0,null,0,0,0
2020,0,null,0,0,0
2021,0,null,0,0,0
2022,0,null,0,0,0
2023,0,null,0,0,0
2025,1,primary_proton,1,1,1
2026,0,null,0,0,0
2027,0,null,0,0,0
2028,0,null,0,0,0
2029,0,null,0,0,0
2100,0,null,0,0,0
2101,0,null,0,0,0
2102,0,null,0,0,0
2103,0,null,0,0,0
2104,0,null,0,0,0
2105,0,null,0,0,0
2106,0,null,0,0,0
2107,270,secondary_proton,1,1,1
2108,0,null,0,0,0
2109,0,null,0,0,0
2110,0,null,0,0,0
2111,0,null,0,0,0
2112,1840,e-,1,0,0
2113,0,null,0,0,0
2114,0,null,0,0,0
2115,0,null,0,0,0
2116,1,primary_proton,1,1,1
2117,0,null,0,0,0
2118,0,null,0,0,0
2119,0,null,0,0,0
2120,11,pi+,1,1,1
2121,0,null,0,0,0
2122,0,null,0,0,0
2123,0,null,0,0,0
2124,0,null,0,0,0
2125,30,pi-,1,1,1
2126,0,null,0,0,0
2127,0,null,0,0,0
2128,0,null,0,0,0
2129,0,null,0,0,0
2130,0,null,0,0,0
2131,0,null,0,0,0
2132,0,null,0,0,0
2133,0,null,0,0,0
2134,0,null,0,0,0
2135,7,secondary_proton,1,1,1
2136,0,null,0,0,0
2137,0,null,0,0,0
2138,0,null,0,0,0
2139,0,null,0,0,0
2140,0,null,0,0,0
2141,0,null,0,0,0
2142,0,null,0,0,0
2143,1,primary_proton,1,1,1
2144,0,null,0,0,0
2145,0,null,0,0,0
2146,0,null,0,0,0
2147,0,null,0,0,0
2148,0,null,0,0,0
2149,0,null,0,0,0
2150,0,null,0,0,0
2151,0,null,0,0,0
2152,0,null,0,0,0
2153,0,null,0,0,0
2154,0,null,0,0,0
2155,0,null,0,0,0
2156,0,null,0,0,0
2157,0,null,0,0,0
2158,0,null,0,0,0
2159,0,null,0,0,0
2160,0,null,0,0,0
2161,0,null,0,0,0
2162,0,null,0,0,0
2163,0,null,0,0,0
2164,0,null,0,0,0
2165,0,null,0,0,0
2166,0,null,0,0,0
2167,0,null,0,0,0
2168,11,pi-,1,1,1
2169,0,null,0,0,0
2310,1,primary_proton,1,1,1
2311,0,null,0,0,0
2312,0,null,0,0,0
2313,0,null,0,0,0
2314,0,null,0,0,0
2315,0,null,0,0,0
2316,0,null,0,0,0
2317,0,null,0,0,0
2318,0,null,0,0,0
2319,0,null,0,0,0
2320,0,null,0,0,0
2321,0,null,0,0,0
2322,0,null,0,0,0
2323,0,null,0,0,0
2324,0,null,0,0,0
2325,0,null,0,0,0
2326,0,null,0,0,0
2327,0,null,0,0,0
2328,1,primary_proton,1,1,1
2329,0,null,0,0,0
2330,0,null,0,0,0
2331,0,null,0,0,0
2332,0,null,0,0,0
2333,0,null,0,0,0
2334,0,null,0,0,0
2335,0,null,0,0,0
2336,0,null,0,0,0
2337,0,null,0,0,0
2338,0,null,0,0,0
2339,0,null,0,0,0
2340,0,null,0,0,0
2341,0,null,0,0,0
2342,0,null,0,0,0
2343,0,null,0,0,0
2344,0,null,0,0,0
2345,0,null,0,0,0
2346,0,null,0,0,0
2347,0,null,0,0,0
2348,0,null,0,0,0
2349,0,null,0,0,0
2350,0,null,0,0,0
2351,0,null,0,0,0
2352,0,null,0,0,0
2353,0,null,0,0,0
2354,0,null,0,0,0
2355,0,null,0,0,0
2356,0,null,0,0,0
2357,0,null,0,0,0
2358,0,null,0,0,0
2359,0,null,0,0,0
2360,0,null,0,0,0
2361,0,null,0,0,0
2362,0,null,0,0,0
2363,0,null,0,0,0
2364,0,null,0,0,0
2365,0,null,0,0,0
2366,0,null,0,0,0
2367,0,null,0,0,0
2368,0,null,0,0,0
2369,0,null,0,0,0
2370,1,primary_proton,1,1,1
2371,0,null,0,0,0
2372,0,null,0,0,0
2373,0,null,0,0,0
2374,0,null,0,0,0
2375,0,null,0,0,0
2376,0,null,0,0,0
2377,0,null,0,0,0
2378,0,null,0,0,0
2379,0,null,0,0,0
2380,0,null,0,0,0
2381,0,null,0,0,0
2382,0,null,0,0,0
2383,0,null,0,0,0
2384,0,null,0,0,0
2385,0,null,0,0,0
2386,0,null,0,0,0
2387,0,null,0,0,0
2388,0,null,0,0,0
2389,17,pi+,1,1,1
2390,0,null,0,0,0
2391,0,null,0,0,0
2392,0,null,0,0,0
2393,0,null,0,0,0
2394,0,null,0,0,0
2395,0,null,0,0,0
2396,0,null,0,0,0
2397,0,null,0,0,0
2398,0,null,0,0,0
2399,0,null,0,0,0
2400,0,null,0,0,0
2401,0,null,0,0,0
2402,0,null,0,0,0
2403,0,null,0,0,0
2404,0,null,0,0,0
2405,0,null,0,0,0
2406,0,null,0,0,0
2407,0,null,0,0,0
2408,0,null,0,0,0
2409,0,null,0,0,0
2410,0,null,0,0,0
2411,0,null,0,0,0
2412,0,null,0,0,0
2413,0,null,0,0,0
2414,6,pi-,1,1,1
2415,0,null,0,0,0
2416,0,null,0,0,0
2417,0,null,0,0,0
2418,0,null,0,0,0
2419,0,null,0,0,0
2420,0,null,0,0,0
2421,0,null,0,0,0
2422,0,null,0,0,0
2423,0,null,0,0,0
2424,0,null,0,0,0
2425,0,null,0,0,0
2426,0,null,0,0,0
2427,0,null,0,0,0
2428,0,null,0,0,0
2429,0,null,0,0,0
2430,0,null,0,0,0
2431,0,null,0,0,0
2432,0,null,0,0,0
2433,0,null,0,0,0
2434,0,null,0,0,0
2435,0,null,0,0,0
2436,0,null,0,0,0
2437,0,null,0,0,0
2438,0,null,0,0,0
2439,0,null,0,0,0
2440,0,null,0,0,0
2441,0,null,0,0,0
2442,0,null,0,0,0
2443,0,null,0,0,0
2444,0,null,0,0,0
2445,0,null,0,0,0
2446,0,null,0,0,0
2447,0,null,0,0,0
2448,0,null,0,0,0
2449,0,null,0,0,0
2520,0,null,0,0,0
2521,0,null,0,0,0
2522,0,null,0,0,0
2523,0,null,0,0,0
2524,0,null,0,0,0
2525,0,null,0,0,0
2526,0,null,0,0,0
2527,0,nuG4WT1 > ,0,0,0
2053,0,null,0,0,0
2054,0,null,0,0,0
2055,0,null,0,0,0
2056,0,null,0,0,0
2057,0,null,0,0,0
2058,0,null,0,0,0
2059,0,null,0,0,0
2060,0,null,0,0,0
2061,1,primary_proton,1,1,1
2062,0,null,0,0,0
2063,0,null,0,0,0
2064,0,null,0,0,0
2065,10,secondary_proton,1,1,1
2066,0,null,0,0,0
2067,0,null,0,0,0
2068,0,null,0,0,0
2069,0,null,0,0,0
2070,0,null,0,0,0
2071,0,null,0,0,0
2072,0,null,0,0,0
2073,0,null,0,0,0
2074,0,null,0,0,0
2075,0,null,0,0,0
2076,0,null,0,0,0
2077,1,primary_proton,1,1,1
2078,0,null,0,0,0
2079,0,null,0,0,0
2080,0,null,0,0,0
2081,0,null,0,0,0
2082,0,null,0,0,0
2083,0,null,0,0,0
2084,0,null,0,0,0
2085,0,null,0,0,0
2086,23,pi+,1,1,1
2087,0,null,0,0,0
2088,0,null,0,0,0
2089,0,null,0,0,0
2090,0,null,0,0,0
2091,0,null,0,0,0
2092,0,null,0,0,0
2093,0,null,0,0,0
2094,0,null,0,0,0
2095,0,null,0,0,0
2096,0,null,0,0,0
2097,0,null,0,0,0
2098,0,null,0,0,0
2099,0,null,0,0,0
2170,0,null,0,0,0
2171,0,null,0,0,0
2172,0,null,0,0,0
2173,0,null,0,0,0
2174,0,null,0,0,0
2175,0,null,0,0,0
2176,0,null,0,0,0
2177,0,null,0,0,0
2178,0,null,0,0,0
2179,0,null,0,0,0
2180,0,null,0,0,0
2181,0,null,0,0,0
2182,0,null,0,0,0
2183,0,null,0,0,0
2184,0,null,0,0,0
2185,0,null,0,0,0
2186,0,null,0,0,0
2187,0,null,0,0,0
2188,0,null,0,0,0
2189,0,null,0,0,0
2190,1,primary_proton,1,1,1
2191,0,null,0,0,0
2192,0,null,0,0,0
2193,0,null,0,0,0
2194,0,null,0,0,0
2195,0,null,0,0,0
2196,0,null,0,0,0
2197,0,null,0,0,0
2198,0,null,0,0,0
2199,0,null,0,0,0
2200,0,null,0,0,0
2201,0,null,0,0,0
2202,0,null,0,0,0
2203,1,primary_proton,1,1,1
2204,0,null,0,0,0
2205,0,null,0,0,0
2206,0,null,0,0,0
2207,0,null,0,0,0
2208,0,null,0,0,0
2209,1,primary_proton,1,1,1
2210,0,null,0,0,0
2211,0,null,0,0,0
2212,0,null,0,0,0
2213,0,null,0,0,0
2214,0,null,0,0,0
2215,0,null,0,0,0
2216,1,primary_proton,1,1,1
2217,0,null,0,0,0
2218,0,null,0,0,0
2219,0,null,0,0,0
2220,0,null,0,0,0
2221,0,null,0,0,0
2222,0,null,0,0,0
2223,0,null,0,0,0
2224,0,null,0,0,0
2225,0,null,0,0,0
2226,0,null,0,0,0
2227,0,null,0,0,0
2228,0,null,0,0,0
2229,0,null,0,0,0
2230,0,null,0,0,0
2231,0,null,0,0,0
2232,12,pi-,1,1,1
2233,0,null,0,0,0
2234,0,null,0,0,0
2235,0,null,0,0,0
2236,0,null,0,0,0
2237,0,null,0,0,0
2238,6,pi+,1,1,1
2239,0,null,0,0,0
2240,0,null,0,0,0
2241,0,null,0,0,0
2242,3448,pi+,1,0,0
2243,1564,e-,1,0,0
2244,0,null,0,0,0
2245,0,null,0,0,0
2246,0,null,0,0,0
2247,0,null,0,0,0
2248,0,null,0,0,0
2249,0,null,0,0,0
2250,0,null,0,0,0
2251,0,null,0,0,0
2252,0,null,0,0,0
2253,0,null,0,0,0
2254,0,null,0,0,0
2255,0,null,0,0,0
2256,0,null,0,0,0
2257,0,null,0,0,0
2258,1,primary_proton,1,1,1
2259,0,null,0,0,0
2260,0,null,0,0,0
2261,0,null,0,0,0
2262,0,null,0,0,0
2263,16,pi+,1,1,0
2264,0,null,0,0,0
2265,0,null,0,0,0
2266,1,primary_proton,1,1,1
2267,0,null,0,0,0
2268,0,null,0,0,0
2269,0,null,0,0,0
2270,0,null,0,0,0
2271,0,null,0,0,0
2272,0,null,0,0,0
2273,0,null,0,0,0
2274,0,null,0,0,0
2275,0,null,0,0,0
2276,0,null,0,0,0
2277,0,null,0,0,0
2278,3,secondary_proton,1,1,1
2279,0,null,0,0,0
2280,0,null,0,0,0
2281,0,null,0,0,0
2282,0,null,0,0,0
2283,0,null,0,0,0
2284,0,null,0,0,0
2285,0,null,0,0,0
2286,0,null,0,0,0
2287,0,null,0,0,0
2288,1382,e-,1,0,0
2289,1,primary_proton,1,1,1
2290,0,null,0,0,0
2291,0,null,0,0,0
2292,0,null,0,0,0
2293,0,null,0,0,0
2294,1,primary_proton,1,1,1
2295,0,null,0,0,0
2296,0,null,0,0,0
2297,0,null,0,0,0
2298,0,null,0,0,0
2299,0,null,0,0,0
2300,0,null,0,0,0
2301,0,null,0,0,0
2302,0,null,0,0,0
2303,0,null,0,0,0
2304,0,null,0,0,0
2305,0,null,0,0,0
2306,0,null,0,0,0
2307,0,null,0,0,0
2308,0,null,0,0,0
2309,1,primary_proton,1,1,1
2450,0,null,0,0,0
2451,0,null,0,0,0
2452,0,null,0,0,0
2453,0,null,0,0,0
2454,1,primary_proton,1,1,1
2455,0,null,0,0,0
2456,0,null,0,0,0
2457,0,null,0,0,0
2458,0,null,0,0,0
2459,0,null,0,0,0
2460,0,null,0,0,0
2461,0,null,0,0,0
2462,0,null,0,0,0
2463,1,primary_proton,1,1,1
2464,0,null,0,0,0
2465,0,null,0,0,0
2466,0,null,0,0,0
2467,0,null,0,0,0
2468,0,null,0,0,0
2469,0,null,0,0,0
2470,0,null,0,0,0
2471,0,null,0,0,0
2472,0,null,0,0,0
2473,0,null,0,0,0
2474,0,null,0,0,0
2475,0,null,0,0,0
2476,0,null,0,0,0
2477,0,null,0,0,0
2478,0,null,0,0,0
2479,0,null,0,0,0
2480,0,null,0,0,0
2482,0,null,0,0,0
2483,0,null,0,0,0
2484,3,pi+,1,1,1
2485,10,pi+,1,1,1
2486,0,null,0,0,0
2487,0,null,0,0,0
2488,0,null,0,0,0
2489,0,null,0,0,0
2490,0,null,0,0,0
2491,0,null,0,0,0
2492,0,null,0,0,0
2493,0,null,0,0,0
2494,0,null,0,0,0
2495,0,null,0,0,0
2496,0,null,0,0,0
2497,0,null,0,0,0
2498,0,null,0,0,0
2499,0,null,0,0,0
2500,0,null,0,0,0
2501,0,null,0,0,0
2502,0,null,0,0,0
2503,0,null,0,0,0
2504,0,null,0,0,0
2505,0,null,0,0,0
2506,0,null,0,0,0
2507,0,null,0,0,0
2508,0,null,0,0,0
2509,0,null,0,0,0
2510,0,null,0,0,0
2511,0,null,0,0,0
2512,0,null,0,0,0
2513,0,null,0,0,0
2514,0,null,0,0,0
2515,0,null,0,0,0
2516,0,null,0,0,0
2517,0,null,0,0,0
2518,0,null,0,0,0
2519,0,null,0,0,0
2590,0,null,0,0,0
2591,8,pi+,1,1,0
2592,0,null,0,0,0
2593,0,null,0,0,0
2594,0,null,0,0,0
2595,0,null,0,0,0
2596,0,null,0,0,0
2597,0,null,0,0,0
2598,0,null,0,0,0
2599,0,null,0,0,0
2600,0,null,0,0,0
2601,0,null,0,0,0
2602,0,null,0,0,0
2603,1,primary_proton,1,1,1
2604,0,null,0,0,0
2605,0,null,0,0,0
2606,0,null,0,0,0
2607,0,null,0,0,0
2608,0,null,0,0,0
2609,0,null,0,0,0
2610,0,null,0,0,0
2611,0,null,0,0,0
2612,0,null,0,0,0
2613,0,null,0,0,0
2614,0,null,0,0,0
2615,0,null,0,0,0
2616,0,null,0,0,0
2617,0,null,0,0,0
2618,0,null,0,0,0
2619,0,null,0,0,0
2620,1,primary_proton,1,1,1
2621,0,null,0,0,0
2622,0,null,0,0,0
2623,0,null,0,0,0
2624,0,null,0,0,0
2625,0,null,0,0,0
2626,0,null,0,0,0
2627,0,null,0,0,0
2628,0,null,0,0,0
2629,0,null,0,0,0
2630,0,null,0,0,0
2631,0,null,0,0,0
2632,0,null,0,0,0
2633,0,null,0,0,0
2634,0,null,0,0,0
2635,0,null,0,0,0
2636,0,null,0,0,0
2637,0,null,0,0,0
2638,0,null,0,0,0
2639,0,null,0,0,0
2640,0,null,0,0,0
2641,0,null,0,0,0
2642,0,null,0,0,0
2643,0,null,0,0,0
2644,0,null,0,0,0
2645,0,null,0,0,0
2646,0,null,0,0,0
2647,0,null,0,0,0
2648,0,null,0,0,0
2649,0,null,0,0,0
2650,0,null,0,0,0
2651,0,null,0,0,0
2652,0,null,0,0,0
2653,0,null,0,0,0
2654,0,null,0,0,0
2655,0,null,0,0,0
2656,0,null,0,0,0
2657,1,primary_proton,1,1,1
2658,0,null,0,0,0
2659,0,null,0,0,0
2660,0,null,0,0,0
2661,0,null,0,0,0
2662,1,primary_proton,1,1,1
2663,0,null,0,0,0
2664,0,null,0,0,0
2665,0,null,0,0,0
2666,0,null,0,0,0
2667,0,null,0,0,0
2668,1281,e-,0,1,0
2669,0,null,0,0,0
2670,0,null,0,0,0
2671,0,null,0,0,0
2672,0,null,0,0,0
2673,0,null,0,0,0
2674,0,null,0,0,0
2675,0,null,0,0,0
2676,0,null,0,0,0
2677,0,null,0,0,0
2678,5792,secondary_proton,1,1,0
2679,0,null,0,0,0
2680,0,null,0,0,0
2681,1,primary_proton,1,1,1
2682,0,null,0,0,0
2683,0,null,0,0,0
2684,0,null,0,0,0
2685,0,null,0,0,0
2686,0,null,0,0,0
2687,0,null,0,0,0
2688,0,null,0,0,0
2689,0,null,0,0,0
2690,0,null,0,0,0
2691,0,null,0,0,0
2692,0,null,0,0,0
2693,0,null,0,0,0
2694,0,null,0,0,0
2695,0,null,0,0,0
2696,0,null,0,0,0
2697,1,primary_proton,1,1,1
2698,5,pi-,1,1,0
2699,0,null,0,0,0
2700,0,null,0,0,0
2701,0,null,0,0,0
2702,1,primary_proton,1,1,1
2703,0,null,0,0,0
2704,0,null,0,0,0
2705,0,null,0,0,0
2706,0,null,0,0,0
2707,0,null,0,0,0
2708,0,null,0,0,0
2709,0,null,0,0,0
2710,0,null,0,0,0
2711,0,null,0,0,0
2712,0,null,0,0,0
2713,0,null,0,0,0
2714,0,null,0,0,0
2715,1,primary_proton,1,1,1
2716,0,null,0,0,0
2717,0,null,0,0,0
2718,0,null,0,0,0
2719,0,null,0,0,0
2720,0,null,0,0,0
2721,0,null,0,0,0
2722,0,null,0,0,0
2723,0,null,0,0,0
2724,0,null,0,0,0
2725,0,null,0,0,0
2726,1,primary_proton,1,1,1
2727,0,null,0,0,0
2728,0,null,0,0,0
2729,0,null,0,0,0
2800,0,null,0,0,0
2801,0,null,0,0,0
2802,0,null,0,0,0
2803,0,null,0,0,0
2804,0,null,0,0,0
2805,0,null,0,0,0
2806,0,null,0,0,0
2807,0,null,0,0,0
2808,0,null,0,0,0
2809,0,null,0,0,0
2810,0,null,0,0,0
2811,0,null,0,0,0
2812,1,primary_proton,1,1,1
2813,0,null,0,0,0
2814,0,null,0,0,0
2815,0,null,0,0,0
2816,1833,e-,1,0,1
2817,0,null,0,0,0
2818,96,pi+,1,1,1
2819,0,null,0,0,0
2820,8,pi-,1,1,1
2821,0,null,0,0,0
2822,0,null,0,0,0
2823,0,null,0,0,0
2824,0,null,0,0,0
2825,5,kaon+,1,1,1
2826,0,null,0,0,0
2827,0,null,0,0,0
2828,0,null,0,0,0
2829,0,null,0,0,0
2830,1,primary_proton,1,1,1
2831,0,null,0,0,0
2832,0,null,0,0,0
2833,8,pi+,1,1,1
2834,0,null,0,0,0
2835,0,null,0,0,0
2836,0,null,0,0,0
2837,0,null,0,0,0
2838,0,null,0,0,0
2839,0,null,0,0,0
2840,0,null,0,0,0
2528,1,primary_proton,1,1,1
2529,0,null,0,0,0
2530,0,null,0,0,0
2531,0,null,0,0,0
2532,0,null,0,0,0
2533,0,null,0,0,0
2534,0,null,0,0,0
2535,0,null,0,0,0
2536,0,null,0,0,0
2537,0,null,0,0,0
2538,0,null,0,0,0
2539,0,null,0,0,0
2540,0,null,0,0,0
2541,0,null,0,0,0
2542,0,null,0,0,0
2543,0,null,0,0,0
2544,0,null,0,0,0
2545,1,primary_proton,1,1,1
2546,0,null,0,0,0
2547,0,null,0,0,0
2548,0,null,0,0,0
2549,0,null,0,0,0
2550,0,null,0,0,0
2551,0,null,0,0,0
2552,0,null,0,0,0
2553,0,null,0,0,0
2554,0,null,0,0,0
2555,0,null,0,0,0
2556,0,null,0,0,0
2557,0,null,0,0,0
2558,0,null,0,0,0
2559,1,primary_proton,1,1,1
2560,0,null,0,0,0
2561,0,null,0,0,0
2562,5,secondary_proton,1,1,1
2563,0,null,0,0,0
2564,0,null,0,0,0
2565,0,null,0,0,0
2566,0,null,0,0,0
2567,0,null,0,0,0
2568,0,null,0,0,0
2569,0,null,0,0,0
2570,0,null,0,0,0
2571,0,null,0,0,0
2572,0,null,0,0,0
2573,0,null,0,0,0
2574,14,secondary_proton,1,1,0
2575,0,null,0,0,0
2576,0,null,0,0,0
2577,0,null,0,0,0
2578,0,null,0,0,0
2579,3966,e-,1,1,1
2580,0,null,0,0,0
2581,0,null,0,0,0
2582,0,null,0,0,0
2583,1,primary_proton,1,1,1
2584,0,null,0,0,0
2585,0,null,0,0,0
2586,0,null,0,0,0
2587,0,null,0,0,0
2588,0,null,0,0,0
2589,0,null,0,0,0
2730,0,null,0,0,0
2731,0,null,0,0,0
2732,0,null,0,0,0
2733,0,null,0,0,0
2734,0,null,0,0,0
2735,0,null,0,0,0
2736,0,null,0,0,0
2737,0,null,0,0,0
2738,0,null,0,0,0
2739,0,null,0,0,0
2740,0,null,0,0,0
2741,0,null,0,0,0
2742,0,null,0,0,0
2743,0,null,0,0,0
2744,0,null,0,0,0
2745,207,pi+,1,1,1
2746,0,null,0,0,0
2747,0,null,0,0,0
2748,0,null,0,0,0
2749,0,null,0,0,0
2750,0,null,0,0,0
2751,0,null,0,0,0
2752,0,null,0,0,0
2753,0,null,0,0,0
2754,0,null,0,0,0
2755,0,null,0,0,0
2756,0,null,0,0,0
2757,0,null,0,0,0
2758,5,secondary_proton,1,1,1
2759,270,e-,1,1,0
2760,0,null,0,0,0
2761,0,null,0,0,0
2762,0,null,0,0,0
2763,0,null,0,0,0
2764,0,null,0,0,0
2765,0,null,0,0,0
2766,0,null,0,0,0
2767,0,null,0,0,0
2768,0,null,0,0,0
2769,0,null,0,0,0
2770,0,null,0,0,0
2771,0,null,0,0,0
2772,0,null,0,0,0
2773,0,null,0,0,0
2774,0,null,0,0,0
2775,0,null,0,0,0
2776,0,null,0,0,0
2777,0,null,0,0,0
2778,0,null,0,0,0
2779,0,null,0,0,0
2780,0,null,0,0,0
2781,0,null,0,0,0
2782,0,null,0,0,0
2783,0,null,0,0,0
2784,0,null,0,0,0
2785,1,primary_proton,1,1,1
2786,0,null,0,0,0
2787,0,null,0,0,0
2788,0,null,0,0,0
2789,0,null,0,0,0
2790,1,primary_proton,1,1,1
2791,0,null,0,0,0
2792,0,null,0,0,0
2793,0,null,0,0,0
2794,0,null,0,0,0
2795,0,null,0,0,0
2796,0,null,0,0,0
2797,10,secondary_proton,1,1,1
2798,0,null,0,0,0
2799,0,null,0,0,0
2870,0,null,0,0,0
2871,0,null,0,0,0
2872,1,primary_proton,1,1,1
2873,1,primary_proton,1,1,1
2874,0,null,0,0,0
2875,0,null,0,0,0
2876,0,null,0,0,0
2877,0,null,0,0,0
2878,0,null,0,0,0
2879,0,null,0,0,0
2880,0,null,0,0,0
2881,0,null,0,0,0
2882,0,null,0,0,0
2883,0,null,0,0,0
2884,0,null,0,0,0
2885,0,null,0,0,0
2886,0,null,0,0,0
2887,0,null,0,0,0
2888,0,null,0,0,0
2889,0,null,0,0,0
2890,0,null,0,0,0
2891,0,null,0,0,0
2892,0,null,0,0,0
2893,0,null,0,0,0
2894,0,null,0,0,0
2895,0,null,0,0,0
2896,0,null,0,0,0
2897,0,null,0,0,0
2898,0,null,0,0,0
2899,0,null,0,0,0
2900,0,null,0,0,0
2901,0,null,0,0,0
2902,0,null,0,0,0
2903,0,null,0,0,0
2904,0,null,0,0,0
2905,0,null,0,0,0
2906,0,null,0,0,0
2907,0,null,0,0,0
2908,0,null,0,0,0
2909,0,null,0,0,0
2910,0,null,0,0,0
2911,0,null,0,0,0
2912,0,null,0,0,0
2913,0,null,0,0,0
2914,0,null,0,0,0
2915,0,null,0,0,0
2916,0,null,0,0,0
2917,0,null,0,0,0
2918,0,null,0,0,0
2919,0,null,0,0,0
2920,0,null,0,0,0
2921,0,null,0,0,0
2922,0,null,0,0,0
2923,0,null,0,0,0
2924,0,null,0,0,0
2925,0,null,0,0,0
2926,0,null,0,0,0
2927,1,primary_proton,1,1,1
2928,15,pi-,1,1,1
2929,0,null,0,0,0
2930,0,null,0,0,0
2931,0,null,0,0,0
2932,0,null,0,0,0
2933,0,null,0,0,0
2934,1,primary_proton,1,1,1
2935,0,null,0,0,0
2936,0,null,0,0,0
2937,1,primary_proton,1,1,1
2938,0,null,0,0,0
2939,0,null,0,0,0
3010,0,null,0,0,0
3011,0,null,0,0,0
3012,0,null,0,0,0
3013,0,null,0,0,0
3014,0,null,0,0,0
3015,20,pi-,1,0,0
3016,0,null,0,0,0
3017,0,null,0,0,0
3018,0,null,0,0,0
3019,0,null,0,0,0
3020,0,null,0,0,0
3021,1,primary_proton,1,1,1
3022,0,null,0,0,0
3023,1,primary_proton,1,1,1
2842,0,null,0,0,0
2843,0,null,0,0,0
2844,10,pi-,1,1,0
2845,0,null,0,0,0
2846,0,null,0,0,0
2847,0,null,0,0,0
2848,0,null,0,0,0
2849,0,null,0,0,0
2850,0,null,0,0,0
2851,0,null,0,0,0
2852,0,null,0,0,0
2853,0,null,0,0,0
2854,1,primary_proton,1,1,1
2855,0,null,0,0,0
2856,0,null,0,0,0
2857,0,null,0,0,0
2858,0,null,0,0,0
2859,0,null,0,0,0
2860,0,null,0,0,0
2861,0,null,0,0,0
2862,0,null,0,0,0
2863,0,null,0,0,0
2864,104,pi+,1,1,1
2865,0,null,0,0,0
2866,0,null,0,0,0
2867,0,null,0,0,0
2868,0,null,0,0,0
2869,0,null,0,0,0
2940,0,null,0,0,0
2941,0,null,0,0,0
2942,0,null,0,0,0
2943,0,null,0,0,0
2944,0,null,0,0,0
2945,6,secondary_proton,1,1,1
2946,0,null,0,0,0
2947,0,null,0,0,0
2948,0,null,0,0,0
2949,0,null,0,0,0
2950,0,null,0,0,0
2951,11,pi-,1,1,1
2952,0,null,0,0,0
2953,943,e-,1,1,1
2954,0,null,0,0,0
2955,0,null,0,0,0
2956,0,null,0,0,0
2957,0,null,0,0,0
2958,0,null,0,0,0
2959,0,null,0,0,0
2960,0,null,0,0,0
2961,0,null,0,0,0
2962,0,null,0,0,0
2963,0,null,0,0,0
2964,0,null,0,0,0
2965,0,null,0,0,0
2966,0,null,0,0,0
2967,0,null,0,0,0
2968,0,null,0,0,0
2969,0,null,0,0,0
2970,0,null,0,0,0
2971,0,null,0,0,0
2972,0,null,0,0,0
2973,0,null,0,0,0
2974,1,primary_proton,1,1,1
2975,0,null,0,0,0
2976,0,null,0,0,0
2977,0,null,0,0,0
2978,0,null,0,0,0
2979,11,pi+,1,1,1
2980,0,null,0,0,0
2981,0,null,0,0,0
2982,0,null,0,0,0
2983,0,null,0,0,0
2984,0,null,0,0,0
2985,0,null,0,0,0
2986,0,null,0,0,0
2987,0,null,0,0,0
2988,0,null,0,0,0
2989,0,null,0,0,0
2990,0,null,0,0,0
2991,0,null,0,0,0
2992,0,null,0,0,0
2993,0,null,0,0,0
2994,0,null,0,0,0
2995,0,null,0,0,0
2996,0,null,0,0,0
2997,0,null,0,0,0
2998,3,secondary_proton,1,1,1
2999,0,null,0,0,0
3000,0,null,0,0,0
3001,0,null,0,0,0
3002,0,null,0,0,0
3003,0,null,0,0,0
3004,0,null,0,0,0
3005,1,primary_proton,1,1,1
3006,0,null,0,0,0
3007,7,pi+,1,1,1
3008,0,null,0,0,0
3009,0,null,0,0,0
3150,0,null,0,0,0
3151,0,null,0,0,0
3152,0,null,0,0,0
3153,0,null,0,0,0
3154,1,primary_proton,1,1,1
3155,0,null,0,0,0
3156,8,secondary_proton,1,1,1
3157,0,null,0,0,0
3158,0,null,0,0,0
3159,0,null,0,0,0
3160,0,null,0,0,0
3161,1,primary_proton,1,1,1
3162,0,null,0,0,0
3163,0,null,0,0,0
3164,0,null,0,0,0
3165,0,null,0,0,0
3166,5,pi-,1,0,0
3167,0,null,0,0,0
3168,0,null,0,0,0
3169,0,null,0,0,0
3170,0,null,0,0,0
3171,0,null,0,0,0
3172,0,null,0,0,0
3173,0,null,0,0,0
3174,0,null,0,0,0
3175,0,null,0,0,0
3176,14,pi-,1,1,1
3177,0,null,0,0,0
3178,6,pi-,1,1,1
3179,0,null,0,0,0
3180,0,null,0,0,0
3181,0,null,0,0,0
3182,0,null,0,0,0
3183,0,null,0,0,0
3184,0,null,0,0,0
3185,0,null,0,0,0
3186,0,null,0,0,0
3187,0,null,0,0,0
3188,0,null,0,0,0
3189,0,null,0,0,0
3190,0,null,0,0,0
3191,0,null,0,0,0
3192,0,null,0,0,0
3193,0,null,0,0,0
3194,0,null,0,0,0
3195,0,null,0,0,0
3196,0,null,0,0,0
3197,0,null,0,0,0
3198,0,null,0,0,0
3199,0,null,0,0,0
3200,0,null,0,0,0
3201,0,null,0,0,0
3202,0,null,0,0,0
3203,0,null,0,0,0
3204,0,null,0,0,0
3205,0,null,0,0,0
3206,0,null,0,0,0
3207,0,null,0,0,0
3208,0,null,0,0,0
3209,0,null,0,0,0
3210,0,null,0,0,0
3211,0,null,0,0,0
3212,0,null,0,0,0
3213,0,null,0,0,0
3214,0,null,0,0,0
3215,0,null,0,0,0
3216,0,null,0,0,0
3217,11,pi+,1,1,1
3218,0,null,0,0,0
3219,0,null,0,0,0
3290,17,pi+,1,1,0
3291,0,null,0,0,0
3292,0,null,0,0,0
3293,0,null,0,0,0
3294,0,null,0,0,0
3295,0,null,0,0,0
3296,8,pi+,1,1,1
3297,0,null,0,0,0
3298,0,null,0,0,0
3299,0,null,0,0,0
3300,0,null,0,0,0
3301,1,primary_proton,1,1,1
3302,0,null,0,0,0
3303,0,null,0,0,0
3304,0,null,0,0,0
3305,0,null,0,0,0
3306,0,null,0,0,0
3307,0,null,0,0,0
3308,0,null,0,0,0
3309,0,null,0,0,0
3310,0,null,0,0,0
3311,0,null,0,0,0
3312,0,null,0,0,0
3313,0,null,0,0,0
3314,0,null,0,0,0
3315,0,null,0,0,0
3316,0,null,0,0,0
3317,0,null,0,0,0
3318,0,null,0,0,0
3319,0,null,0,0,0
3320,0,null,0,0,0
3321,0,null,0,0,0
3322,0,null,0,0,0
3323,0,null,0,0,0
3324,969,e-,1,1,1
3325,0,null,0,0,0
3326,1,primary_proton,1,1,1
3327,0,null,0,0,0
3328,0,null,0,0,0
3329,0,null,0,0,0
3330,0,null,0,0,0
3331,0,null,0,0,0
3332,0,null,0,0,0
3333,13,pi-,1,1,0
3334,0,null,0,0,0
3335,0,null,0,0,0
3336,13,pi+,1,1,1
3337,0,null,0,0,0
3338,1,primary_proton,1,1,1
3339,0,null,0,0,0
3340,0,null,0,0,0
3341,0,null,0,0,0
3025,0,null,0,0,0
3026,0,null,0,0,0
3027,0,null,0,0,0
3028,0,null,0,0,0
3029,0,null,0,0,0
3030,1,primary_proton,1,1,1
3031,1,primary_proton,1,1,1
3032,0,null,0,0,0
3033,0,null,0,0,0
3034,0,null,0,0,0
3035,0,null,0,0,0
3036,5,secondary_proton,1,1,1
3037,0,null,0,0,0
3038,0,null,0,0,0
3039,0,null,0,0,0
3040,0,null,0,0,0
3041,0,null,0,0,0
3042,0,null,0,0,0
3043,0,null,0,0,0
3044,0,null,0,0,0
3045,0,null,0,0,0
3046,0,null,0,0,0
3047,7,pi-,1,1,1
3048,0,null,0,0,0
3049,0,null,0,0,0
3050,0,null,0,0,0
3051,0,null,0,0,0
3052,0,null,0,0,0
3053,1,primary_proton,1,1,1
3054,0,null,0,0,0
3055,0,null,0,0,0
3056,0,null,0,0,0
3057,1,primary_proton,1,1,1
3058,0,null,0,0,0
3059,0,null,0,0,0
3060,0,null,0,0,0
3061,0,null,0,0,0
3062,0,null,0,0,0
3063,0,null,0,0,0
3064,0,null,0,0,0
3065,0,null,0,0,0
3066,0,null,0,0,0
3067,0,null,0,0,0
3068,0,null,0,0,0
3069,0,null,0,0,0
3070,0,null,0,0,0
3071,0,null,0,0,0
3072,0,null,0,0,0
3073,0,null,0,0,0
3074,0,null,0,0,0
3075,0,null,0,0,0
3076,0,null,0,0,0
3077,0,null,0,0,0
3078,0,null,0,0,0
3079,0,null,0,0,0
3080,0,null,0,0,0
3081,0,null,0,0,0
3082,0,null,0,0,0
3083,0,null,0,0,0
3084,0,null,0,0,0
3085,0,null,0,0,0
3086,0,null,0,0,0
3087,0,null,0,0,0
3088,0,null,0,0,0
3089,0,null,0,0,0
3090,0,null,0,0,0
3091,1,primary_proton,1,1,1
3092,0,null,0,0,0
3093,0,null,0,0,0
3094,0,null,0,0,0
3095,0,null,0,0,0
3096,0,null,0,0,0
3097,0,null,0,0,0
3098,0,null,0,0,0
3099,0,null,0,0,0
3100,0,null,0,0,0
3101,0,null,0,0,0
3102,0,null,0,0,0
3103,0,null,0,0,0
3104,0,null,0,0,0
3105,0,null,0,0,0
3106,0,null,0,0,0
3107,0,null,0,0,0
3108,0,null,0,0,0
3109,0,null,0,0,0
3110,0,null,0,0,0
3111,0,null,0,0,0
3112,0,null,0,0,0
3113,0,null,0,0,0
3114,0,null,0,0,0
3115,0,null,0,0,0
3116,0,null,0,0,0
3117,0,null,0,0,0
3118,0,null,0,0,0
3119,0,null,0,0,0
3120,9,secondary_proton,1,1,1
3121,7,secondary_proton,1,1,1
3122,0,null,0,0,0
3123,0,null,0,0,0
3124,0,null,0,0,0
3125,0,null,0,0,0
3126,0,null,0,0,0
3127,0,null,0,0,0
3128,14,pi+,1,1,1
3129,0,null,0,0,0
3130,0,null,0,0,0
3131,0,null,0,0,0
3132,0,null,0,0,0
3133,0,null,0,0,0
3134,0,null,0,0,0
3135,0,null,0,0,0
3136,0,null,0,0,0
3137,0,null,0,0,0
3138,0,null,0,0,0
3139,0,null,0,0,0
3140,0,null,0,0,0
3141,1,primary_proton,1,1,1
3142,0,null,0,0,0
3143,0,null,0,0,0
3144,0,null,0,0,0
3145,0,null,0,0,0
3146,0,null,0,0,0
3147,0,null,0,0,0
3148,1,primary_proton,1,1,1
3149,0,null,0,0,0
3220,10,secondary_proton,1,1,1
3221,2834,e-,1,1,0
3222,0,null,0,0,0
3223,0,null,0,0,0
3224,0,null,0,0,0
3225,0,null,0,0,0
3226,0,null,0,0,0
3227,147,secondary_proton,1,1,1
3228,0,null,0,0,0
3229,0,null,0,0,0
3230,0,null,0,0,0
3231,0,null,0,0,0
3232,20,secondary_proton,1,1,1
3233,0,null,0,0,0
3234,0,null,0,0,0
3235,0,null,0,0,0
3236,0,null,0,0,0
3237,0,null,0,0,0
3238,1,primary_proton,1,1,1
3239,0,null,0,0,0
3240,0,null,0,0,0
3241,0,null,0,0,0
3242,0,null,0,0,0
3243,0,null,0,0,0
3244,0,null,0,0,0
3245,0,null,0,0,0
3246,0,null,0,0,0
3247,0,null,0,0,0
3248,0,null,0,0,0
3249,0,null,0,0,0
3250,0,null,0,0,0
3251,0,null,0,0,0
3252,0,null,0,0,0
3253,0,null,0,0,0
3254,5,pi-,1,1,1
3255,0,null,0,0,0
3256,0,null,0,0,0
3257,8,pi+,1,0,0
3258,0,null,0,0,0
3259,0,null,0,0,0
3260,0,null,0,0,0
3261,0,null,0,0,0
3262,0,null,0,0,0
3263,0,null,0,0,0
3264,0,null,0,0,0
3265,0,null,0,0,0
3266,0,null,0,0,0
3267,0,null,0,0,0
3268,0,null,0,0,0
3269,0,null,0,0,0
3270,0,null,0,0,0
3271,21,pi+,1,0,0
3272,0,null,0,0,0
3273,0,null,0,0,0
3274,0,null,0,0,0
3275,0,null,0,0,0
3276,0,null,0,0,0
3277,0,null,0,0,0
3278,0,null,0,0,0
3279,0,null,0,0,0
3280,0,null,0,0,0
3281,0,null,0,0,0
3282,0,null,0,0,0
3283,0,null,0,0,0
3284,0,null,0,0,0
3285,0,null,0,0,0
3286,0,null,0,0,0
3287,0,null,0,0,0
3288,0,null,0,0,0
3289,0,null,0,0,0
3430,0,null,0,0,0
3431,0,null,0,0,0
3432,5,pi-,1,1,1
3433,0,null,0,0,0
3434,0,null,0,0,0
3435,0,null,0,0,0
3436,0,null,0,0,0
3437,0,null,0,0,0
3438,0,null,0,0,0
3439,0,null,0,0,0
3440,0,null,0,0,0
3441,0,null,0,0,0
3442,0,null,0,0,0
3443,0,null,0,0,0
3444,0,null,0,0,0
3445,0,null,0,0,0
3446,1,primary_proton,1,1,1
3447,0,null,0,0,0
3448,0,null,0,0,0
3449,0,null,0,0,0
3450,0,null,0,0,0
3451,0,null,0,0,0
3452,0,null,0,0,0
3343,0,null,0,0,0
3344,0,null,0,0,0
3345,0,null,0,0,0
3346,0,null,0,0,0
3347,0,null,0,0,0
3348,0,null,0,0,0
3349,0,null,0,0,0
3350,0,null,0,0,0
3351,0,null,0,0,0
3352,0,null,0,0,0
3353,0,null,0,0,0
3354,0,null,0,0,0
3355,0,null,0,0,0
3356,0,null,0,0,0
3357,0,null,0,0,0
3358,0,null,0,0,0
3359,0,null,0,0,0
3360,0,null,0,0,0
3361,0,null,0,0,0
3362,384,e-,1,1,1
3363,0,null,0,0,0
3364,0,null,0,0,0
3365,0,null,0,0,0
3366,0,null,0,0,0
3367,0,null,0,0,0
3368,0,null,0,0,0
3369,271,secondary_proton,1,1,1
3370,0,null,0,0,0
3371,0,null,0,0,0
3372,0,null,0,0,0
3373,0,null,0,0,0
3374,0,null,0,0,0
3375,0,null,0,0,0
3376,0,null,0,0,0
3377,0,null,0,0,0
3378,0,null,0,0,0
3379,0,null,0,0,0
3380,0,null,0,0,0
3381,13,pi+,1,1,1
3382,0,null,0,0,0
3383,0,null,0,0,0
3384,0,null,0,0,0
3385,0,null,0,0,0
3386,0,null,0,0,0
3387,0,null,0,0,0
3388,0,null,0,0,0
3389,1,primary_proton,1,1,1
3390,0,null,0,0,0
3391,0,null,0,0,0
3392,0,null,0,0,0
3393,0,null,0,0,0
3394,0,null,0,0,0
3395,0,null,0,0,0
3396,0,null,0,0,0
3397,0,null,0,0,0
3398,0,null,0,0,0
3399,0,null,0,0,0
3400,0,null,0,0,0
3401,0,null,0,0,0
3402,0,null,0,0,0
3403,0,null,0,0,0
3404,0,null,0,0,0
3405,0,null,0,0,0
3406,0,null,0,0,0
3407,0,null,0,0,0
3408,0,null,0,0,0
3409,0,null,0,0,0
3410,0,null,0,0,0
3411,0,null,0,0,0
3412,0,null,0,0,0
3413,0,null,0,0,0
3414,0,null,0,0,0
3415,0,null,0,0,0
3416,0,null,0,0,0
3417,0,null,0,0,0
3418,0,null,0,0,0
3419,0,null,0,0,0
3420,0,null,0,0,0
3421,0,null,0,0,0
3422,0,null,0,0,0
3423,0,null,0,0,0
3424,0,null,0,0,0
3425,0,null,0,0,0
3426,0,null,0,0,0
3427,0,null,0,0,0
3428,0,null,0,0,0
3429,0,null,0,0,0
3500,0,null,0,0,0
3501,0,null,0,0,0
3502,0,null,0,0,0
3503,0,null,0,0,0
3504,0,null,0,0,0
3505,0,null,0,0,0
3506,1,primary_proton,1,1,1
3507,0,null,0,0,0
3508,0,null,0,0,0
3509,0,null,0,0,0
3510,0,null,0,0,0
3511,0,null,0,0,0
3512,0,null,0,0,0
3513,0,null,0,0,0
3514,0,null,0,0,0
3515,0,null,0,0,0
3516,0,null,0,0,0
3517,0,null,0,0,0
3518,0,null,0,0,0
3519,0,null,0,0,0
3520,0,null,0,0,0
3521,0,null,0,0,0
3522,0,null,0,0,0
3523,0,null,0,0,0
3524,0,null,0,0,0
3525,14,pi+,1,1,1
3526,0,null,0,0,0
3527,0,null,0,0,0
3528,0,null,0,0,0
3529,0,null,0,0,0
3530,0,null,0,0,0
3531,0,null,0,0,0
3532,0,null,0,0,0
3533,0,null,0,0,0
3534,0,null,0,0,0
3535,0,null,0,0,0
3536,0,null,0,0,0
3537,12,kaon+,1,0,0
3538,1,primary_proton,1,1,1
3539,0,null,0,0,0
3540,13,secondary_proton,1,1,1
3541,0,null,0,0,0
3542,11,pi+,1,1,1
3543,0,null,0,0,0
3544,0,null,0,0,0
3545,0,null,0,0,0
3546,0,null,0,0,0
3547,8,secondary_proton,1,1,1
3548,1520,secondary_proton,1,0,0
3549,0,null,0,0,0
3550,0,null,0,0,0
3551,0,null,0,0,0
3552,0,null,0,0,0
3553,0,null,0,0,0
3554,0,null,0,0,0
3555,0,null,0,0,0
3556,0,null,0,0,0
3557,0,null,0,0,0
3558,0,null,0,0,0
3559,0,null,0,0,0
3560,0,null,0,0,0
3561,0,null,0,0,0
3562,0,null,0,0,0
3563,0,null,0,0,0
3564,0,null,0,0,0
3565,0,null,0,0,0
3566,0,null,0,0,0
3567,0,null,0,0,0
3568,0,null,0,0,0
3569,0,null,0,0,0
3640,0,null,0,0,0
3641,0,null,0,0,0
3642,0,null,0,0,0
3643,0,null,0,0,0
3644,0,null,0,0,0
3645,0,null,0,0,0
3646,0,null,0,0,0
3647,0,null,0,0,0
3648,0,null,0,0,0
3649,0,null,0,0,0
3650,0,null,0,0,0
3651,0,null,0,0,0
3652,0,null,0,0,0
3653,0,null,0,0,0
3654,0,null,0,0,0
3655,0,null,0,0,0
3656,0,null,0,0,0
3657,0,null,0,0,0
3658,0,null,0,0,0
3659,0,null,0,0,0
3660,0,null,0,0,0
3661,0,null,0,0,0
3662,0,null,0,0,0
3663,0,null,0,0,0
3664,0,null,0,0,0
3665,0,null,0,0,0
3666,0,null,0,0,0
3667,0,null,0,0,0
3668,0,null,0,0,0
3669,0,null,0,0,0
3670,0,null,0,0,0
3671,0,null,0,0,0
3672,0,null,0,0,0
3673,0,null,0,0,0
3674,0,null,0,0,0
3675,0,null,0,0,0
3676,0,null,0,0,0
3677,0,null,0,0,0
3678,0,null,0,0,0
3679,0,null,0,0,0
3680,0,null,0,0,0
3681,7,secondary_proton,1,1,1
3682,0,null,0,0,0
3683,0,null,0,0,0
3684,0,null,0,0,0
3685,0,null,0,0,0
3686,0,null,0,0,0
3687,0,null,0,0,0
3688,0,null,0,0,0
3689,0,null,0,0,0
3690,0,null,0,0,0
3691,0,null,0,0,0
3692,0,null,0,0,0
3693,0,null,0,0,0
3694,0,null,0,0,0
3695,0,null,0,0,0
3696,0,null,0,0,0
3697,0,null,0,0,0
3698,0,null,0,0,0
3699,0,null,0,0,0
3700,0,null,0,0,0
3701,8,pi+,1,1,0
3702,0,null,0,0,0
3703,0,null,0,0,0
3454,0,null,0,0,0
3455,0,null,0,0,0
3456,3308,e-,1,1,0
3457,0,null,0,0,0
3458,0,null,0,0,0
3459,0,null,0,0,0
3460,0,null,0,0,0
3461,0,null,0,0,0
3462,0,null,0,0,0
3463,0,null,0,0,0
3464,0,null,0,0,0
3465,0,null,0,0,0
3466,0,null,0,0,0
3467,0,null,0,0,0
3468,0,null,0,0,0
3469,0,null,0,0,0
3470,0,null,0,0,0
3471,0,null,0,0,0
3472,0,null,0,0,0
3473,0,null,0,0,0
3474,20,secondary_proton,1,1,1
3475,0,null,0,0,0
3476,0,null,0,0,0
3477,0,null,0,0,0
3478,0,null,0,0,0
3479,0,null,0,0,0
3480,0,null,0,0,0
3481,0,null,0,0,0
3482,0,null,0,0,0
3483,0,null,0,0,0
3484,0,null,0,0,0
3485,0,null,0,0,0
3486,0,null,0,0,0
3487,0,null,0,0,0
3488,0,null,0,0,0
3489,0,null,0,0,0
3490,0,null,0,0,0
3491,0,null,0,0,0
3492,0,null,0,0,0
3493,0,null,0,0,0
3494,0,null,0,0,0
3495,0,null,0,0,0
3496,0,null,0,0,0
3497,0,null,0,0,0
3498,9,pi+,1,1,1
3499,10,pi+,1,1,1
3570,0,null,0,0,0
3571,0,null,0,0,0
3572,0,null,0,0,0
3573,0,null,0,0,0
3574,0,null,0,0,0
3575,10,pi-,1,1,1
3576,0,null,0,0,0
3577,0,null,0,0,0
3578,0,null,0,0,0
3579,0,null,0,0,0
3580,0,null,0,0,0
3581,0,null,0,0,0
3582,0,null,0,0,0
3583,0,null,0,0,0
3584,0,null,0,0,0
3585,1,primary_proton,1,1,1
3586,0,null,0,0,0
3587,0,null,0,0,0
3588,0,null,0,0,0
3589,0,null,0,0,0
3590,0,null,0,0,0
3591,0,null,0,0,0
3592,0,null,0,0,0
3593,0,null,0,0,0
3594,0,null,0,0,0
3595,0,null,0,0,0
3596,0,null,0,0,0
3597,0,null,0,0,0
3598,9,pi+,1,1,1
3599,0,null,0,0,0
3600,0,null,0,0,0
3601,0,null,0,0,0
3602,0,null,0,0,0
3603,0,null,0,0,0
3604,0,null,0,0,0
3605,0,null,0,0,0
3606,0,null,0,0,0
3607,0,null,0,0,0
3608,0,null,0,0,0
3609,0,null,0,0,0
3610,1,primary_proton,1,1,1
3611,0,null,0,0,0
3612,0,null,0,0,0
3613,0,null,0,0,0
3614,0,null,0,0,0
3615,0,null,0,0,0
3616,0,null,0,0,0
3617,0,null,0,0,0
3618,0,null,0,0,0
3619,0,null,0,0,0
3620,0,null,0,0,0
3621,0,null,0,0,0
3622,1,primary_proton,1,1,1
3623,0,null,0,0,0
3624,0,null,0,0,0
3625,0,null,0,0,0
3626,0,null,0,0,0
3627,0,null,0,0,0
3628,3013,pi-,1,1,1
3629,0,null,0,0,0
3630,0,null,0,0,0
3631,0,null,0,0,0
3632,0,null,0,0,0
3633,0,null,0,0,0
3634,0,null,0,0,0
3635,1,primary_proton,1,1,1
3636,4,secondary_proton,1,1,1
3637,0,null,0,0,0
3638,0,null,0,0,0
3639,0,null,0,0,0
3780,0,null,0,0,0
3781,0,null,0,0,0
3782,0,null,0,0,0
3783,0,null,0,0,0
3784,0,null,0,0,0
3785,0,null,0,0,0
3786,11,pi-,1,1,1
3787,0,null,0,0,0
3788,14,pi+,1,1,1
3789,0,null,0,0,0
3790,0,null,0,0,0
3791,0,null,0,0,0
3792,0,null,0,0,0
3793,0,null,0,0,0
3794,0,null,0,0,0
3795,0,null,0,0,0
3796,0,null,0,0,0
3797,0,null,0,0,0
3798,0,null,0,0,0
3799,0,null,0,0,0
3800,0,null,0,0,0
3801,0,null,0,0,0
3802,0,null,0,0,0
3803,0,null,0,0,0
3804,0,null,0,0,0
3805,0,null,0,0,0
3806,0,null,0,0,0
3807,0,null,0,0,0
3808,0,null,0,0,0
3809,0,null,0,0,0
3810,0,null,0,0,0
3811,0,null,0,0,0
3812,0,null,0,0,0
3813,0,null,0,0,0
3814,0,null,0,0,0
3815,0,null,0,0,0
3816,0,null,0,0,0
3817,0,null,0,0,0
3818,0,null,0,0,0
3819,0,null,0,0,0
3820,0,null,0,0,0
3821,27,pi-,1,1,1
3822,0,null,0,0,0
3823,0,null,0,0,0
3824,38,pi+,1,1,0
3825,0,null,0,0,0
3826,0,null,0,0,0
3827,0,null,0,0,0
3828,0,null,0,0,0
3829,0,null,0,0,0
3830,0,null,0,0,0
3831,0,null,0,0,0
3832,0,null,0,0,0
3833,0,null,0,0,0
3834,0,null,0,0,0
3835,6,secondary_proton,1,1,1
3836,0,null,0,0,0
3837,0,null,0,0,0
3838,0,null,0,0,0
3839,0,null,0,0,0
3840,0,null,0,0,0
3841,0,null,0,0,0
3842,0,null,0,0,0
3843,4405,secondary_proton,1,1,1
3844,0,null,0,0,0
3845,0,null,0,0,0
3846,0,null,0,0,0
3847,0,null,0,0,0
3848,0,null,0,0,0
3849,0,null,0,0,0
3990,0,null,0,0,0
3991,0,null,0,0,0
3992,0,null,0,0,0
3993,0,null,0,0,0
3994,0,null,0,0,0
3995,0,null,0,0,0
3996,0,null,0,0,0
3997,0,null,0,0,0
3998,0,null,0,0,0
3999,0,null,0,0,0
4000,0,null,0,0,0
4001,0,null,0,0,0
4002,0,null,0,0,0
4003,0,null,0,0,0
4004,0,null,0,0,0
4005,0,null,0,0,0
4006,0,null,0,0,0
4007,0,null,0,0,0
4008,0,null,0,0,0
4009,0,null,0,0,0
4010,0,null,0,0,0
4011,0,null,0,0,0
4012,0,null,0,0,0
4013,0,null,0,0,0
4014,0,null,0,0,0
4015,0,null,0,0,0
4016,0,null,0,0,0
4017,0,null,0,0,0
4018,0,null,0,0,0
4019,0,null,0,0,0
4020,0,null,0,0,0
4021,0,null,0,0,0
4022,0,null,0,0,0
4023,0,null,0,0,0
4024,0,null,0,0,0
3705,0,null,0,0,0
3706,0,null,0,0,0
3707,0,null,0,0,0
3708,0,null,0,0,0
3709,0,null,0,0,0
3710,0,null,0,0,0
3711,0,null,0,0,0
3712,0,null,0,0,0
3713,0,null,0,0,0
3714,0,null,0,0,0
3715,0,null,0,0,0
3716,0,null,0,0,0
3717,6,secondary_proton,1,1,1
3718,0,null,0,0,0
3719,1,primary_proton,1,1,1
3720,0,null,0,0,0
3721,0,null,0,0,0
3722,0,null,0,0,0
3723,0,null,0,0,0
3724,0,null,0,0,0
3725,0,null,0,0,0
3726,0,null,0,0,0
3727,0,null,0,0,0
3728,0,null,0,0,0
3729,0,null,0,0,0
3730,0,null,0,0,0
3731,0,null,0,0,0
3732,0,null,0,0,0
3733,0,null,0,0,0
3734,0,null,0,0,0
3735,0,null,0,0,0
3736,0,null,0,0,0
3737,0,null,0,0,0
3738,0,null,0,0,0
3739,0,null,0,0,0
3740,0,null,0,0,0
3741,0,null,0,0,0
3742,0,null,0,0,0
3743,0,null,0,0,0
3744,0,null,0,0,0
3745,0,null,0,0,0
3746,0,null,0,0,0
3747,0,null,0,0,0
3748,0,null,0,0,0
3749,0,null,0,0,0
3750,0,null,0,0,0
3751,0,null,0,0,0
3752,0,null,0,0,0
3753,0,null,0,0,0
3754,0,null,0,0,0
3755,0,null,0,0,0
3756,0,null,0,0,0
3757,3,pi+,1,1,1
3758,0,null,0,0,0
3759,0,null,0,0,0
3760,0,null,0,0,0
3761,0,null,0,0,0
3762,0,null,0,0,0
3763,0,null,0,0,0
3764,0,null,0,0,0
3765,0,null,0,0,0
3766,0,null,0,0,0
3767,315,e+,1,1,0
3768,0,null,0,0,0
3769,0,null,0,0,0
3770,0,null,0,0,0
3771,0,null,0,0,0
3772,0,null,0,0,0
3773,0,null,0,0,0
3774,0,null,0,0,0
3775,0,null,0,0,0
3776,0,null,0,0,0
3777,0,null,0,0,0
3778,0,null,0,0,0
3779,5,secondary_proton,1,1,1
3850,0,null,0,0,0
3851,0,null,0,0,0
3852,0,null,0,0,0
3853,0,null,0,0,0
3854,0,null,0,0,0
3855,0,null,0,0,0
3856,0,null,0,0,0
3857,0,null,0,0,0
3858,0,null,0,0,0
3859,0,null,0,0,0
3860,0,null,0,0,0
3861,0,null,0,0,0
3862,0,null,0,0,0
3863,0,null,0,0,0
3864,1085,e-,1,1,1
3865,0,null,0,0,0
3866,0,null,0,0,0
3867,0,null,0,0,0
3868,0,null,0,0,0
3869,0,null,0,0,0
3870,0,null,0,0,0
3871,0,null,0,0,0
3872,0,null,0,0,0
3873,0,null,0,0,0
3874,0,null,0,0,0
3875,0,null,0,0,0
3876,0,null,0,0,0
3877,0,null,0,0,0
3878,0,null,0,0,0
3879,0,null,0,0,0
3880,0,null,0,0,0
3881,0,null,0,0,0
3882,0,null,0,0,0
3883,0,null,0,0,0
3884,0,null,0,0,0
3885,0,null,0,0,0
3886,0,null,0,0,0
3887,0,null,0,0,0
3888,0,null,0,0,0
3889,0,null,0,0,0
3890,0,null,0,0,0
3891,0,null,0,0,0
3892,0,null,0,0,0
3893,0,null,0,0,0
3894,0,null,0,0,0
3895,0,null,0,0,0
3896,0,null,0,0,0
3897,15,pi-,1,1,0
3898,0,null,0,0,0
3899,0,null,0,0,0
3900,0,null,0,0,0
3901,0,null,0,0,0
3902,0,null,0,0,0
3903,0,null,0,0,0
3904,0,null,0,0,0
3905,0,null,0,0,0
3906,0,null,0,0,0
3907,0,null,0,0,0
3908,0,null,0,0,0
3909,0,null,0,0,0
3910,6,secondary_proton,1,1,1
3911,0,null,0,0,0
3912,0,null,0,0,0
3913,0,null,0,0,0
3914,0,null,0,0,0
3915,0,null,0,0,0
3916,0,null,0,0,0
3917,0,null,0,0,0
3918,0,null,0,0,0
3919,0,null,0,0,0
3920,0,null,0,0,0
3921,0,null,0,0,0
3922,0,null,0,0,0
3923,0,null,0,0,0
3924,0,null,0,0,0
3925,0,null,0,0,0
3926,2,secondary_proton,1,1,1
3927,0,null,0,0,0
3928,0,null,0,0,0
3929,0,null,0,0,0
3930,0,null,0,0,0
3931,0,null,0,0,0
3932,0,null,0,0,0
3933,0,null,0,0,0
3934,0,null,0,0,0
3935,0,null,0,0,0
3936,28,secondary_proton,1,0,0
3937,0,null,0,0,0
3938,0,null,0,0,0
3939,0,null,0,0,0
3940,0,null,0,0,0
3941,0,null,0,0,0
3942,0,null,0,0,0
3943,0,null,0,0,0
3944,0,null,0,0,0
3945,0,null,0,0,0
3946,0,null,0,0,0
3947,0,null,0,0,0
3948,0,null,0,0,0
3949,0,null,0,0,0
3950,0,null,0,0,0
3951,0,null,0,0,0
3952,157,secondary_proton,1,1,1
3953,0,null,0,0,0
3954,0,null,0,0,0
3955,0,null,0,0,0
3956,0,null,0,0,0
3957,0,null,0,0,0
3958,0,null,0,0,0
3959,0,null,0,0,0
3960,0,null,0,0,0
3961,0,null,0,0,0
3962,0,null,0,0,0
3963,0,null,0,0,0
3964,0,null,0,0,0
3965,0,null,0,0,0
3966,0,null,0,0,0
3967,0,null,0,0,0
3968,4713,e-,1,1,1
3969,0,null,0,0,0
3970,0,null,0,0,0
3971,0,null,0,0,0
3972,9,pi+,1,1,0
3973,0,null,0,0,0
3974,1,primary_proton,1,1,1
3975,0,null,0,0,0
3976,12,pi+,1,1,1
3977,0,null,0,0,0
3978,0,null,0,0,0
3979,0,null,0,0,0
3980,0,null,0,0,0
3981,0,null,0,0,0
3982,0,null,0,0,0
3983,0,null,0,0,0
3984,0,null,0,0,0
3985,0,null,0,0,0
3986,0,null,0,0,0
3987,0,null,0,0,0
3988,0,null,0,0,0
3989,0,null,0,0,0
4130,0,null,0,0,0
4131,0,null,0,0,0
4132,1,primary_proton,1,1,1
4133,0,null,0,0,0
4134,9,pi-,1,1,1
4135,0,null,0,0,0
4026,0,null,0,0,0
4027,0,null,0,0,0
4028,0,null,0,0,0
4029,0,null,0,0,0
4030,0,null,0,0,0
4031,0,null,0,0,0
4032,0,null,0,0,0
4033,0,null,0,0,0
4034,0,null,0,0,0
4035,0,null,0,0,0
4036,0,null,0,0,0
4037,0,null,0,0,0
4038,0,null,0,0,0
4039,0,null,0,0,0
4040,0,null,0,0,0
4041,0,null,0,0,0
4042,0,null,0,0,0
4043,0,null,0,0,0
4044,0,null,0,0,0
4045,0,null,0,0,0
4046,0,null,0,0,0
4047,0,null,0,0,0
4048,0,null,0,0,0
4049,6,pi-,1,1,1
4050,0,null,0,0,0
4051,0,null,0,0,0
4052,0,null,0,0,0
4053,0,null,0,0,0
4054,0,null,0,0,0
4055,0,null,0,0,0
4056,0,null,0,0,0
4057,0,null,0,0,0
4058,0,null,0,0,0
4059,0,null,0,0,0
4060,0,null,0,0,0
4061,0,null,0,0,0
4062,0,null,0,0,0
4063,0,null,0,0,0
4064,0,null,0,0,0
4065,0,null,0,0,0
4066,0,null,0,0,0
4067,0,null,0,0,0
4068,0,null,0,0,0
4069,0,null,0,0,0
4070,1,primary_proton,1,1,1
4071,0,null,0,0,0
4072,0,null,0,0,0
4073,0,null,0,0,0
4074,0,null,0,0,0
4075,0,null,0,0,0
4076,0,null,0,0,0
4077,0,null,0,0,0
4078,0,null,0,0,0
4079,0,null,0,0,0
4080,0,null,0,0,0
4081,32,pi-,1,1,0
4082,0,null,0,0,0
4083,0,null,0,0,0
4084,10,pi-,1,1,1
4085,0,null,0,0,0
4086,0,null,0,0,0
4087,0,null,0,0,0
4088,0,null,0,0,0
4089,0,null,0,0,0
4090,0,null,0,0,0
4091,0,null,0,0,0
4092,0,null,0,0,0
4093,0,null,0,0,0
4094,0,null,0,0,0
4095,0,null,0,0,0
4096,24,secondary_proton,1,1,1
4097,0,null,0,0,0
4098,0,null,0,0,0
4099,0,null,0,0,0
4100,2632,pi-,0,0,1
4101,0,null,0,0,0
4102,1,primary_proton,1,1,1
4103,0,null,0,0,0
4104,0,null,0,0,0
4105,0,null,0,0,0
4106,0,null,0,0,0
4107,0,null,0,0,0
4108,0,null,0,0,0
4109,0,null,0,0,0
4110,0,null,0,0,0
4111,0,null,0,0,0
4112,0,null,0,0,0
4113,0,null,0,0,0
4114,0,null,0,0,0
4115,0,null,0,0,0
4116,0,null,0,0,0
4117,1,primary_proton,1,1,1
4118,0,null,0,0,0
4119,0,null,0,0,0
4120,0,null,0,0,0
4121,0,null,0,0,0
4122,0,null,0,0,0
4123,0,null,0,0,0
4124,0,null,0,0,0
4125,0,null,0,0,0
4126,0,null,0,0,0
4127,0,null,0,0,0
4128,0,null,0,0,0
4129,0,null,0,0,0
4200,0,null,0,0,0
4201,0,null,0,0,0
4202,0,null,0,0,0
4203,0,null,0,0,0
4204,0,null,0,0,0
4205,0,null,0,0,0
4206,0,null,0,0,0
4207,0,null,0,0,0
4208,0,null,0,0,0
4209,1,primary_proton,1,1,1
4210,0,null,0,0,0
4211,0,null,0,0,0
4212,0,null,0,0,0
4213,0,null,0,0,0
4214,0,null,0,0,0
4215,11,pi+,1,1,1
4216,0,null,0,0,0
4217,0,null,0,0,0
4218,0,null,0,0,0
4219,0,null,0,0,0
4220,0,null,0,0,0
4221,0,null,0,0,0
4222,0,null,0,0,0
4223,0,null,0,0,0
4224,0,null,0,0,0
4225,0,null,0,0,0
4226,0,null,0,0,0
4227,5,pi+,1,0,0
4228,0,null,0,0,0
4229,0,null,0,0,0
4230,0,null,0,0,0
4231,0,null,0,0,0
4232,0,null,0,0,0
4233,0,null,0,0,0
4234,0,null,0,0,0
4235,1,primary_proton,1,1,1
4236,0,null,0,0,0
4237,0,null,0,0,0
4238,0,null,0,0,0
4239,0,null,0,0,0
4240,1,primary_proton,1,1,1
4241,0,null,0,0,0
4242,0,null,0,0,0
4243,0,null,0,0,0
4244,0,null,0,0,0
4245,0,null,0,0,0
4246,1,primary_proton,1,1,1
4247,0,null,0,0,0
4248,0,null,0,0,0
4249,0,null,0,0,0
4250,0,null,0,0,0
4251,0,null,0,0,0
4252,0,null,0,0,0
4253,0,null,0,0,0
4254,0,null,0,0,0
4255,0,null,0,0,0
4256,0,null,0,0,0
4257,0,null,0,0,0
4258,0,null,0,0,0
4259,0,null,0,0,0
4260,0,null,0,0,0
4261,0,null,0,0,0
4262,0,null,0,0,0
4263,0,null,0,0,0
4264,0,null,0,0,0
4265,0,null,0,0,0
4266,0,null,0,0,0
4267,0,null,0,0,0
4268,0,null,0,0,0
4269,14,secondary_proton,1,1,1
4340,0,null,0,0,0
4341,0,null,0,0,0
4342,0,null,0,0,0
4343,0,null,0,0,0
4344,0,null,0,0,0
4345,0,null,0,0,0
4346,125,secondary_proton,1,1,1
4347,0,null,0,0,0
4348,0,null,0,0,0
4349,0,null,0,0,0
4350,0,null,0,0,0
4351,200,pi+,1,1,1
4352,0,null,0,0,0
4353,0,null,0,0,0
4354,0,null,0,0,0
4355,0,null,0,0,0
4356,0,null,0,0,0
4357,0,null,0,0,0
4358,0,null,0,0,0
4359,0,null,0,0,0
4360,0,null,0,0,0
4361,0,null,0,0,0
4362,0,null,0,0,0
4363,0,null,0,0,0
4364,0,null,0,0,0
4365,0,null,0,0,0
4366,0,null,0,0,0
4367,0,null,0,0,0
4368,0,null,0,0,0
4369,1,primary_proton,1,1,1
4370,0,null,0,0,0
4371,0,null,0,0,0
4372,0,null,0,0,0
4373,0,null,0,0,0
4374,0,null,0,0,0
4375,0,null,0,0,0
4376,0,null,0,0,0
4377,0,null,0,0,0
4378,0,null,0,0,0
4379,0,null,0,0,0
4380,0,null,0,0,0
4381,0,null,0,0,0
4382,0,null,0,0,0
4383,0,null,0,0,0
4384,0,null,0,0,0
4385,0,null,0,0,0
4137,0,null,0,0,0
4138,0,null,0,0,0
4139,0,null,0,0,0
4140,0,null,0,0,0
4141,0,null,0,0,0
4142,0,null,0,0,0
4143,0,null,0,0,0
4144,0,null,0,0,0
4145,0,null,0,0,0
4146,0,null,0,0,0
4147,0,null,0,0,0
4148,10,secondary_proton,1,1,1
4149,0,null,0,0,0
4150,0,null,0,0,0
4151,0,null,0,0,0
4152,0,null,0,0,0
4153,0,null,0,0,0
4154,0,null,0,0,0
4155,0,null,0,0,0
4156,0,null,0,0,0
4157,0,null,0,0,0
4158,0,null,0,0,0
4159,0,null,0,0,0
4160,0,null,0,0,0
4161,0,null,0,0,0
4162,0,null,0,0,0
4163,0,null,0,0,0
4164,0,null,0,0,0
4165,0,null,0,0,0
4166,0,null,0,0,0
4167,0,null,0,0,0
4168,0,null,0,0,0
4169,0,null,0,0,0
4170,0,null,0,0,0
4171,0,null,0,0,0
4172,0,null,0,0,0
4173,0,null,0,0,0
4174,0,null,0,0,0
4175,11,pi-,1,1,1
4176,0,null,0,0,0
4177,0,null,0,0,0
4178,0,null,0,0,0
4179,0,null,0,0,0
4180,0,null,0,0,0
4181,1,primary_proton,1,1,1
4182,0,null,0,0,0
4183,0,null,0,0,0
4184,0,null,0,0,0
4185,1,primary_proton,1,1,1
4186,0,null,0,0,0
4187,0,null,0,0,0
4188,0,null,0,0,0
4189,0,null,0,0,0
4190,0,null,0,0,0
4191,0,null,0,0,0
4192,0,null,0,0,0
4193,0,null,0,0,0
4194,0,null,0,0,0
4195,0,null,0,0,0
4196,0,null,0,0,0
4197,0,null,0,0,0
4198,0,null,0,0,0
4199,0,null,0,0,0
4270,0,null,0,0,0
4271,0,null,0,0,0
4272,1,primary_proton,1,1,1
4273,0,null,0,0,0
4274,0,null,0,0,0
4275,0,null,0,0,0
4276,0,null,0,0,0
4277,0,null,0,0,0
4278,0,null,0,0,0
4279,0,null,0,0,0
4280,0,null,0,0,0
4281,0,null,0,0,0
4282,0,null,0,0,0
4283,0,null,0,0,0
4284,0,null,0,0,0
4285,0,null,0,0,0
4286,0,null,0,0,0
4287,0,null,0,0,0
4288,0,null,0,0,0
4289,0,null,0,0,0
4290,0,null,0,0,0
4291,0,null,0,0,0
4292,0,null,0,0,0
4293,0,null,0,0,0
4294,0,null,0,0,0
4295,0,null,0,0,0
4296,0,null,0,0,0
4297,0,null,0,0,0
4298,0,null,0,0,0
4299,8,pi-,1,1,1
4300,0,null,0,0,0
4301,0,null,0,0,0
4302,0,null,0,0,0
4303,0,null,0,0,0
4304,0,null,0,0,0
4305,0,null,0,0,0
4306,0,null,0,0,0
4307,0,null,0,0,0
4308,0,null,0,0,0
4309,0,null,0,0,0
4310,0,null,0,0,0
4311,0,null,0,0,0
4312,0,null,0,0,0
4313,0,null,0,0,0
4314,0,null,0,0,0
4315,0,null,0,0,0
4316,0,null,0,0,0
4317,0,null,0,0,0
4318,0,null,0,0,0
4319,0,null,0,0,0
4320,0,null,0,0,0
4321,0,null,0,0,0
4322,0,null,0,0,0
4323,0,null,0,0,0
4324,16,pi-,1,1,1
4325,0,null,0,0,0
4326,0,null,0,0,0
4327,76,pi-,1,1,1
4328,0,null,0,0,0
4329,0,null,0,0,0
4330,0,null,0,0,0
4331,0,null,0,0,0
4332,0,null,0,0,0
4333,0,null,0,0,0
4334,0,null,0,0,0
4335,0,null,0,0,0
4336,0,null,0,0,0
4337,0,null,0,0,0
4338,0,null,0,0,0
4339,0,null,0,0,0
4410,0,null,0,0,0
4411,0,null,0,0,0
4412,0,null,0,0,0
4413,0,null,0,0,0
4414,0,null,0,0,0
4415,0,null,0,0,0
4416,0,null,0,0,0
4417,0,null,0,0,0
4418,0,null,0,0,0
4419,0,null,0,0,0
4420,0,null,0,0,0
4421,0,null,0,0,0
4422,0,null,0,0,0
4423,0,null,0,0,0
4424,0,null,0,0,0
4425,0,null,0,0,0
4426,0,null,0,0,0
4427,0,null,0,0,0
4428,10,secondary_proton,1,1,1
4429,0,null,0,0,0
4430,0,null,0,0,0
4431,0,null,0,0,0
4432,0,null,0,0,0
4433,0,null,0,0,0
4434,0,null,0,0,0
4435,0,null,0,0,0
4436,0,null,0,0,0
4437,5,secondary_proton,1,1,1
4438,0,null,0,0,0
4439,0,null,0,0,0
4440,0,null,0,0,0
4441,0,null,0,0,0
4442,0,null,0,0,0
4443,0,null,0,0,0
4444,1642,e-,0,1,0
4445,0,null,0,0,0
4446,0,null,0,0,0
4447,0,null,0,0,0
4448,0,null,0,0,0
4449,0,null,0,0,0
4450,0,null,0,0,0
4451,0,null,0,0,0
4452,0,null,0,0,0
4453,0,null,0,0,0
4454,0,null,0,0,0
4455,0,null,0,0,0
4456,0,null,0,0,0
4457,0,null,0,0,0
4458,0,null,0,0,0
4459,0,null,0,0,0
4460,0,null,0,0,0
4461,0,null,0,0,0
4462,0,null,0,0,0
4463,21,pi+,1,1,1
4464,0,null,0,0,0
4465,0,null,0,0,0
4466,0,null,0,0,0
4467,0,null,0,0,0
4468,1,primary_proton,1,1,1
4469,0,null,0,0,0
4470,0,null,0,0,0
4471,0,null,0,0,0
4472,0,null,0,0,0
4473,1,primary_proton,1,1,1
4474,0,null,0,0,0
4475,0,null,0,0,0
4476,0,null,0,0,0
4477,0,null,0,0,0
4478,0,null,0,0,0
4479,0,null,0,0,0
4550,0,null,0,0,0
4551,0,null,0,0,0
4552,0,null,0,0,0
4553,0,null,0,0,0
4554,0,null,0,0,0
4555,0,null,0,0,0
4556,0,null,0,0,0
4557,0,null,0,0,0
4558,0,null,0,0,0
4559,0,null,0,0,0
4560,0,null,0,0,0
4561,0,null,0,0,0
4562,0,null,0,0,0
4563,0,null,0,0,0
4564,1037,pi-,1,1,0
4565,0,null,0,0,0
4566,0,null,0,0,0
4567,0,null,0,0,0
4568,0,null,0,0,0
4387,0,null,0,0,0
4388,0,null,0,0,0
4389,0,null,0,0,0
4390,0,null,0,0,0
4391,0,null,0,0,0
4392,0,null,0,0,0
4393,0,null,0,0,0
4394,0,null,0,0,0
4395,0,null,0,0,0
4396,0,null,0,0,0
4397,0,null,0,0,0
4398,0,null,0,0,0
4399,0,null,0,0,0
4400,0,null,0,0,0
4401,1,primary_proton,1,1,1
4402,0,null,0,0,0
4403,0,null,0,0,0
4404,8,pi-,1,1,1
4405,0,null,0,0,0
4406,14,pi-,1,1,1
4407,0,null,0,0,0
4408,0,null,0,0,0
4409,0,null,0,0,0
4480,0,null,0,0,0
4481,102,pi-,1,1,0
4482,0,null,0,0,0
4483,0,null,0,0,0
4484,0,null,0,0,0
4485,0,null,0,0,0
4486,0,null,0,0,0
4487,0,null,0,0,0
4488,0,null,0,0,0
4489,0,null,0,0,0
4490,0,null,0,0,0
4491,0,null,0,0,0
4492,14,pi+,1,1,1
4493,0,null,0,0,0
4494,0,null,0,0,0
4495,0,null,0,0,0
4496,0,null,0,0,0
4497,0,null,0,0,0
4498,0,null,0,0,0
4499,0,null,0,0,0
4500,0,null,0,0,0
4501,0,null,0,0,0
4502,0,null,0,0,0
4503,0,null,0,0,0
4504,0,null,0,0,0
4505,315,e+,1,1,1
4506,0,null,0,0,0
4507,0,null,0,0,0
4508,0,null,0,0,0
4509,0,null,0,0,0
4510,0,null,0,0,0
4511,0,null,0,0,0
4512,0,null,0,0,0
4513,0,null,0,0,0
4514,0,null,0,0,0
4515,0,null,0,0,0
4516,0,null,0,0,0
4517,0,null,0,0,0
4518,0,null,0,0,0
4519,0,null,0,0,0
4520,0,null,0,0,0
4521,0,null,0,0,0
4522,0,null,0,0,0
4523,0,null,0,0,0
4524,0,null,0,0,0
4525,0,null,0,0,0
4526,0,null,0,0,0
4527,0,null,0,0,0
4528,0,null,0,0,0
4529,0,null,0,0,0
4530,0,null,0,0,0
4531,0,null,0,0,0
4532,0,null,0,0,0
4533,0,null,0,0,0
4534,0,null,0,0,0
4535,0,null,0,0,0
4536,0,null,0,0,0
4537,0,null,0,0,0
4538,0,null,0,0,0
4539,0,null,0,0,0
4540,0,null,0,0,0
4541,1,primary_proton,1,1,1
4542,0,null,0,0,0
4543,0,null,0,0,0
4544,0,null,0,0,0
4545,0,null,0,0,0
4546,0,null,0,0,0
4547,0,null,0,0,0
4548,0,null,0,0,0
4549,0,null,0,0,0
4620,0,null,0,0,0
4621,0,null,0,0,0
4622,0,null,0,0,0
4623,0,null,0,0,0
4624,0,null,0,0,0
4625,0,null,0,0,0
4626,0,null,0,0,0
4627,0,null,0,0,0
4628,1983,secondary_proton,1,1,1
4629,0,null,0,0,0
4630,0,null,0,0,0
4631,0,null,0,0,0
4632,0,null,0,0,0
4633,0,null,0,0,0
4634,0,null,0,0,0
4635,0,null,0,0,0
4636,0,null,0,0,0
4637,0,null,0,0,0
4638,0,null,0,0,0
4639,0,null,0,0,0
4640,0,null,0,0,0
4641,0,null,0,0,0
4642,1,primary_proton,1,1,1
4643,3,secondary_proton,1,1,1
4644,1,primary_proton,1,1,1
4645,0,null,0,0,0
4646,0,null,0,0,0
4647,0,null,0,0,0
4648,0,null,0,0,0
4649,0,null,0,0,0
4650,0,null,0,0,0
4651,0,null,0,0,0
4652,0,null,0,0,0
4653,0,null,0,0,0
4654,0,null,0,0,0
4655,0,null,0,0,0
4656,0,null,0,0,0
4657,0,null,0,0,0
4658,0,null,0,0,0
4659,0,null,0,0,0
4660,0,null,0,0,0
4661,0,null,0,0,0
4662,0,null,0,0,0
4663,0,null,0,0,0
4664,0,null,0,0,0
4665,0,null,0,0,0
4666,0,null,0,0,0
4667,0,null,0,0,0
4668,0,null,0,0,0
4669,0,null,0,0,0
4670,1,primary_proton,1,1,1
4671,0,null,0,0,0
4672,0,null,0,0,0
4673,0,null,0,0,0
4674,0,null,0,0,0
4675,0,null,0,0,0
4676,0,null,0,0,0
4677,0,null,0,0,0
4678,0,null,0,0,0
4679,0,null,0,0,0
4680,0,null,0,0,0
4681,0,null,0,0,0
4682,0,null,0,0,0
4683,0,null,0,0,0
4684,0,null,0,0,0
4685,0,null,0,0,0
4686,0,null,0,0,0
4687,0,null,0,0,0
4688,0,null,0,0,0
4689,0,null,0,0,0
4760,0,null,0,0,0
4761,0,null,0,0,0
4762,0,null,0,0,0
4763,0,null,0,0,0
4764,0,null,0,0,0
4765,0,null,0,0,0
4766,0,null,0,0,0
4767,0,null,0,0,0
4768,0,null,0,0,0
4769,0,null,0,0,0
4770,1,primary_proton,1,1,1
4771,0,null,0,0,0
4772,0,null,0,0,0
4773,0,null,0,0,0
4774,0,null,0,0,0
4775,0,null,0,0,0
4776,0,null,0,0,0
4777,0,null,0,0,0
4778,0,null,0,0,0
4779,0,null,0,0,0
4780,0,null,0,0,0
4781,0,null,0,0,0
4782,0,null,0,0,0
4783,0,null,0,0,0
4784,0,null,0,0,0
4785,0,null,0,0,0
4786,0,null,0,0,0
4787,0,null,0,0,0
4788,0,null,0,0,0
4789,0,null,0,0,0
4790,0,null,0,0,0
4791,0,null,0,0,0
4792,0,null,0,0,0
4793,1832,e-,0,1,0
4794,0,null,0,0,0
4795,0,null,0,0,0
4796,0,null,0,0,0
4797,0,null,0,0,0
4798,0,null,0,0,0
4799,1,primary_proton,1,1,1
4800,0,null,0,0,0
4801,0,null,0,0,0
4802,0,null,0,0,0
4803,0,null,0,0,0
4804,0,null,0,0,0
4805,29,kaon+,1,1,1
4806,0,null,0,0,0
4807,849,e-,1,1,1
4808,0,null,0,0,0
4809,0,null,0,0,0
4810,0,null,0,0,0
4811,0,null,0,0,0
4812,0,null,0,0,0
4813,0,null,0,0,0
4814,0,null,0,0,0
4815,0,null,0,0,0
4816,0,null,0,0,0
4817,0,null,0,0,0
4570,0,null,0,0,0
4571,1,primary_proton,1,1,1
4572,0,null,0,0,0
4573,0,null,0,0,0
4574,0,null,0,0,0
4575,0,null,0,0,0
4576,0,null,0,0,0
4577,0,null,0,0,0
4578,0,null,0,0,0
4579,1,primary_proton,1,1,1
4580,0,null,0,0,0
4581,0,null,0,0,0
4582,0,null,0,0,0
4583,0,null,0,0,0
4584,0,null,0,0,0
4585,0,null,0,0,0
4586,0,null,0,0,0
4587,0,null,0,0,0
4588,0,null,0,0,0
4589,0,null,0,0,0
4590,0,null,0,0,0
4591,0,null,0,0,0
4592,0,null,0,0,0
4593,0,null,0,0,0
4594,0,null,0,0,0
4595,0,null,0,0,0
4596,0,null,0,0,0
4597,0,null,0,0,0
4598,0,null,0,0,0
4599,0,null,0,0,0
4600,0,null,0,0,0
4601,1,primary_proton,1,1,1
4602,0,null,0,0,0
4603,0,null,0,0,0
4604,0,null,0,0,0
4605,0,null,0,0,0
4606,0,null,0,0,0
4607,0,null,0,0,0
4608,0,null,0,0,0
4609,0,null,0,0,0
4610,0,null,0,0,0
4611,0,null,0,0,0
4612,0,null,0,0,0
4613,0,null,0,0,0
4614,0,null,0,0,0
4615,0,null,0,0,0
4616,0,null,0,0,0
4617,0,null,0,0,0
4618,0,null,0,0,0
4619,0,null,0,0,0
4690,0,null,0,0,0
4691,0,null,0,0,0
4692,0,null,0,0,0
4693,0,null,0,0,0
4694,0,null,0,0,0
4695,0,null,0,0,0
4696,0,null,0,0,0
4697,0,null,0,0,0
4698,0,null,0,0,0
4699,0,null,0,0,0
4700,0,null,0,0,0
4701,0,null,0,0,0
4702,9,pi-,1,1,1
4703,6,pi-,1,1,1
4704,0,null,0,0,0
4705,10,secondary_proton,1,1,1
4706,0,null,0,0,0
4707,0,null,0,0,0
4708,0,null,0,0,0
4709,0,null,0,0,0
4710,0,null,0,0,0
4711,0,null,0,0,0
4712,0,null,0,0,0
4713,0,null,0,0,0
4714,0,null,0,0,0
4715,0,null,0,0,0
4716,0,null,0,0,0
4717,0,null,0,0,0
4718,0,null,0,0,0
4719,0,null,0,0,0
4720,0,null,0,0,0
4721,0,null,0,0,0
4722,0,null,0,0,0
4723,0,null,0,0,0
4724,0,null,0,0,0
4725,0,null,0,0,0
4726,0,null,0,0,0
4727,0,null,0,0,0
4728,0,null,0,0,0
4729,0,null,0,0,0
4730,0,null,0,0,0
4731,20,secondary_proton,1,1,1
4732,0,null,0,0,0
4733,1,primary_proton,1,1,1
4734,0,null,0,0,0
4735,0,null,0,0,0
4736,0,null,0,0,0
4737,0,null,0,0,0
4738,0,null,0,0,0
4739,0,null,0,0,0
4740,0,null,0,0,0
4741,0,null,0,0,0
4742,0,null,0,0,0
4743,0,null,0,0,0
4744,1692,e-,1,1,1
4745,1,primary_proton,1,1,1
4746,0,null,0,0,0
4747,0,null,0,0,0
4748,0,null,0,0,0
4749,0,null,0,0,0
4750,0,null,0,0,0
4751,0,null,0,0,0
4752,0,null,0,0,0
4753,0,null,0,0,0
4754,0,null,0,0,0
4755,0,null,0,0,0
4756,1,primary_proton,1,1,1
4757,0,null,0,0,0
4758,0,null,0,0,0
4759,5122,secondary_proton,1,0,0
4900,0,null,0,0,0
4901,0,null,0,0,0
4902,0,null,0,0,0
4903,11,pi-,1,1,1
4904,0,null,0,0,0
4905,0,null,0,0,0
4906,0,null,0,0,0
4907,0,null,0,0,0
4908,0,null,0,0,0
4909,0,null,0,0,0
4910,6,secondary_proton,1,1,1
4911,0,null,0,0,0
4912,0,null,0,0,0
4913,0,null,0,0,0
4914,0,null,0,0,0
4915,0,null,0,0,0
4916,0,null,0,0,0
4917,0,null,0,0,0
4918,0,null,0,0,0
4919,0,null,0,0,0
4920,0,null,0,0,0
4921,0,null,0,0,0
4922,0,null,0,0,0
4923,0,null,0,0,0
4924,0,null,0,0,0
4925,0,null,0,0,0
4926,0,null,0,0,0
4927,0,null,0,0,0
4928,0,null,0,0,0
4929,0,null,0,0,0
4930,0,null,0,0,0
4931,0,null,0,0,0
4932,0,null,0,0,0
4933,0,null,0,0,0
4934,0,null,0,0,0
4935,0,null,0,0,0
4936,0,null,0,0,0
4937,0,null,0,0,0
4938,0,null,0,0,0
4939,0,null,0,0,0
4940,0,null,0,0,0
4941,0,null,0,0,0
4942,0,null,0,0,0
4943,0,null,0,0,0
4944,0,null,0,0,0
4945,0,null,0,0,0
4946,0,null,0,0,0
4947,0,null,0,0,0
4948,0,null,0,0,0
4949,0,null,0,0,0
4950,0,null,0,0,0
4951,0,null,0,0,0
4952,0,null,0,0,0
4953,0,null,0,0,0
4954,0,null,0,0,0
4955,0,null,0,0,0
4956,0,null,0,0,0
4957,300,pi+,1,1,1
4958,0,null,0,0,0
4959,0,null,0,0,0
4960,0,null,0,0,0
4961,0,null,0,0,0
4962,0,null,0,0,0
4963,1,primary_proton,1,1,1
4964,0,null,0,0,0
4965,0,null,0,0,0
4966,0,null,0,0,0
4967,1,primary_proton,1,1,1
4968,0,null,0,0,0
4969,0,null,0,0,0
4970,0,null,0,0,0
4971,0,null,0,0,0
4972,0,null,0,0,0
4973,0,null,0,0,0
4974,0,null,0,0,0
4975,0,null,0,0,0
4976,0,null,0,0,0
4977,0,null,0,0,0
4978,16,pi-,1,1,1
4979,1,primary_proton,1,1,1
4980,0,null,0,0,0
4981,0,null,0,0,0
4982,0,null,0,0,0
4983,0,null,0,0,0
4984,0,null,0,0,0
4985,0,null,0,0,0
4986,0,null,0,0,0
4987,0,null,0,0,0
4988,0,null,0,0,0
4989,0,null,0,0,0
4990,0,null,0,0,0
4991,6,secondary_proton,1,1,0
4992,0,null,0,0,0
4993,0,null,0,0,0
4994,0,null,0,0,0
4995,0,null,0,0,0
4996,0,null,0,0,0
4998,0,null,0,0,0
4999,2087,e-,1,1,1
4819,0,null,0,0,0
4820,0,null,0,0,0
4821,0,null,0,0,0
4822,7,pi+,1,0,0
4823,0,null,0,0,0
4824,0,null,0,0,0
4825,0,null,0,0,0
4826,0,null,0,0,0
4827,0,null,0,0,0
4828,0,null,0,0,0
4829,0,null,0,0,0
4830,0,null,0,0,0
4831,0,null,0,0,0
4832,0,null,0,0,0
4833,0,null,0,0,0
4834,0,null,0,0,0
4835,0,null,0,0,0
4836,0,null,0,0,0
4837,0,null,0,0,0
4838,0,null,0,0,0
4839,0,null,0,0,0
4840,0,null,0,0,0
4841,0,null,0,0,0
4842,0,null,0,0,0
4843,0,null,0,0,0
4844,0,null,0,0,0
4845,0,null,0,0,0
4846,1,primary_proton,1,1,1
4847,0,null,0,0,0
4848,0,null,0,0,0
4849,0,null,0,0,0
4850,0,null,0,0,0
4851,0,null,0,0,0
4852,1,primary_proton,1,1,1
4853,0,null,0,0,0
4854,0,null,0,0,0
4855,0,null,0,0,0
4856,0,null,0,0,0
4857,0,null,0,0,0
4858,4,secondary_proton,1,1,0
4859,0,null,0,0,0
4860,0,null,0,0,0
4861,0,null,0,0,0
4862,0,null,0,0,0
4863,0,null,0,0,0
4864,0,null,0,0,0
4865,0,null,0,0,0
4866,0,null,0,0,0
4867,0,null,0,0,0
4868,6,pi+,1,1,1
4869,0,null,0,0,0
4870,0,null,0,0,0
4871,6,secondary_proton,1,1,1
4872,0,null,0,0,0
4873,1,primary_proton,1,1,0
4874,0,null,0,0,0
4875,0,null,0,0,0
4876,0,null,0,0,0
4877,0,null,0,0,0
4878,6381,e+,1,1,1
4879,340,pi-,1,1,1
4880,0,null,0,0,0
4881,0,null,0,0,0
4882,0,null,0,0,0
4883,0,null,0,0,0
4884,0,null,0,0,0
4885,0,null,0,0,0
4886,0,null,0,0,0
4887,0,null,0,0,0
4888,0,null,0,0,0
4889,0,null,0,0,0
4890,0,null,0,0,0
4891,0,null,0,0,0
4892,5,secondary_proton,1,1,1
4893,0,null,0,0,0
4894,0,null,0,0,0
4895,14,pi+,1,1,1
4896,0,null,0,0,0
4897,0,null,0,0,0
4898,0,null,0,0,0
4899,0,null,0,0,0
71,0,null,0,0,0
72,0,null,0,0,0
73,0,null,0,0,0
74,0,null,0,0,0
75,0,null,0,0,0
76,0,null,0,0,0
77,0,null,0,0,0
78,0,null,0,0,0
79,0,null,0,0,0
80,5,secondary_proton,1,1,1
81,0,null,0,0,0
82,0,null,0,0,0
83,0,null,0,0,0
84,1,primary_proton,1,1,1
85,0,null,0,0,0
86,0,null,0,0,0
87,0,null,0,0,0
88,0,null,0,0,0
89,0,null,0,0,0
90,0,null,0,0,0
91,0,null,0,0,0
92,0,null,0,0,0
93,0,null,0,0,0
94,0,null,0,0,0
95,0,null,0,0,0
96,6,pi-,1,1,1
97,0,null,0,0,0
98,0,null,0,0,0
99,0,null,0,0,0
100,0,null,0,0,0
101,0,null,0,0,0
102,0,null,0,0,0
103,0,null,0,0,0
104,0,null,0,0,0
105,0,null,0,0,0
106,0,null,0,0,0
107,0,null,0,0,0
108,0,null,0,0,0
109,0,null,0,0,0
110,0,null,0,0,0
111,0,null,0,0,0
112,0,null,0,0,0
113,0,null,0,0,0
114,0,null,0,0,0
115,0,null,0,0,0
116,1,primary_proton,1,1,1
117,0,null,0,0,0
118,0,null,0,0,0
119,0,null,0,0,0
120,0,null,0,0,0
121,0,null,0,0,0
122,0,null,0,0,0
123,0,null,0,0,0
124,0,null,0,0,0
125,0,null,0,0,0
126,0,null,0,0,0
127,1,primary_proton,1,1,1
128,0,null,0,0,0
129,0,null,0,0,0
130,0,null,0,0,0
131,0,null,0,0,0
132,0,null,0,0,0
133,0,null,0,0,0
134,0,null,0,0,0
135,0,null,0,0,0
136,0,null,0,0,0
137,2706,e-,1,1,1
138,0,null,0,0,0
139,0,null,0,0,0
140,0,null,0,0,0
141,0,null,0,0,0
142,0,null,0,0,0
143,0,null,0,0,0
144,0,null,0,0,0
145,0,null,0,0,0
146,0,null,0,0,0
147,0,null,0,0,0
148,0,null,0,0,0
149,0,null,0,0,0
150,0,null,0,0,0
151,0,null,0,0,0
152,0,null,0,0,0
153,0,null,0,0,0
154,0,null,0,0,0
155,0,null,0,0,0
156,0,null,0,0,0
157,0,null,0,0,0
158,0,null,0,0,0
159,0,null,0,0,0
160,0,null,0,0,0
161,0,null,0,0,0
162,0,null,0,0,0
163,0,null,0,0,0
164,0,null,0,0,0
165,0,null,0,0,0
166,7,secondary_proton,1,1,1
167,0,null,0,0,0
168,0,null,0,0,0
169,0,null,0,0,0
170,0,null,0,0,0
171,0,null,0,0,0
172,0,null,0,0,0
173,0,null,0,0,0
174,0,null,0,0,0
175,0,null,0,0,0
176,0,null,0,0,0
177,0,null,0,0,0
178,1,primary_proton,1,1,1
179,0,null,0,0,0
180,0,null,0,0,0
181,0,null,0,0,0
182,0,null,0,0,0
183,0,null,0,0,0
184,0,null,0,0,0
185,0,null,0,0,0
186,0,null,0,0,0
187,0,null,0,0,0
188,0,null,0,0,0
189,0,null,0,0,0
190,0,null,0,0,0
191,0,null,0,0,0
192,0,null,0,0,0
193,0,null,0,0,0
194,0,null,0,0,0
195,0,null,0,0,0
196,0,null,0,0,0
197,0,null,0,0,0
198,0,null,0,0,0
199,0,null,0,0,0
200,0,null,0,0,0
201,0,null,0,0,0
202,0,null,0,0,0
203,0,null,0,0,0
204,0,null,0,0,0
205,0,null,0,0,0
206,0,null,0,0,0
207,0,null,0,0,0
208,0,null,0,0,0
209,0,null,0,0,0
210,0,null,0,0,0
211,0,null,0,0,0
212,0,null,0,0,0
213,0,null,0,0,0
214,0,null,0,0,0
215,0,null,0,0,0
216,0,null,0,0,0
217,0,null,0,0,0
218,7,pi+,1,0,0
219,0,null,0,0,0
220,0,null,0,0,0
221,0,null,0,0,0
222,0,null,0,0,0
223,0,null,0,0,0
224,0,null,0,0,0
225,0,null,0,0,0
226,0,null,0,0,0
227,0,null,0,0,0
228,0,null,0,0,0
229,0,null,0,0,0
230,0,null,0,0,0
231,0,null,0,0,0
232,0,null,0,0,0
233,0,null,0,0,0
234,0,null,0,0,0
235,9,pi+,1,1,1
236,0,null,0,0,0
237,0,null,0,0,0
238,0,null,0,0,0
239,1,primary_proton,1,1,1
240,0,null,0,0,0
241,0,null,0,0,0
242,0,null,0,0,0
243,0,null,0,0,0
244,0,null,0,0,0
245,0,null,0,0,0
246,0,null,0,0,0
247,0,null,0,0,0
248,0,null,0,0,0
249,0,null,0,0,0
250,0,null,0,0,0
251,0,null,0,0,0
252,0,null,0,0,0
253,0,null,0,0,0
254,0,null,0,0,0
255,0,null,0,0,0
256,0,null,0,0,0
257,0,null,0,0,0
258,0,null,0,0,0
259,0,null,0,0,0
260,11,pi-,1,1,0
261,0,null,0,0,0
262,4,secondary_proton,1,1,1
263,0,null,0,0,0
264,1,primary_proton,1,1,1
265,0,null,0,0,0
266,0,null,0,0,0
267,0,null,0,0,0
268,0,null,0,0,0
269,0,null,0,0,0
270,0,null,0,0,0
271,0,null,0,0,0
272,0,null,0,0,0
273,0,null,0,0,0
274,1,primary_proton,1,1,1
275,0,null,0,0,0
276,0,null,0,0,0
277,0,null,0,0,0
278,0,null,0,0,0
279,0,null,0,0,0
350,0,null,0,0,0
351,0,null,0,0,0
352,17,pi-,1,1,1
353,0,null,0,0,0
354,0,null,0,0,0
355,0,null,0,0,0
356,0,null,0,0,0
357,0,null,0,0,0
358,0,null,0,0,0
359,0,null,0,0,0
360,0,null,0,0,0
361,0,null,0,0,0
362,0,null,0,0,0
363,0,null,0,0,0
364,0,null,0,0,0
365,0,null,0,0,0
366,0,null,0,0,0
367,0,null,0,0,0
368,0,null,0,0,0
369,0,null,0,0,0
370,0,null,0,0,0
371,0,null,0,0,0
372,0,null,0,0,0
373,5,secondary_proton,1,1,1
374,0,null,0,0,0
1,0,null,0,0,0
2,0,null,0,0,0
3,4,pi-,1,0,0
4,0,null,0,0,0
5,0,null,0,0,0
6,0,null,0,0,0
7,0,null,0,0,0
8,0,null,0,0,0
9,9,secondary_proton,1,0,0
10,0,null,0,0,0
11,0,null,0,0,0
12,0,null,0,0,0
13,0,null,0,0,0
14,0,null,0,0,0
15,0,null,0,0,0
16,0,null,0,0,0
17,0,null,0,0,0
18,1,primary_proton,1,1,1
19,0,null,0,0,0
20,0,null,0,0,0
21,0,null,0,0,0
22,0,null,0,0,0
23,0,null,0,0,0
24,0,null,0,0,0
25,0,null,0,0,0
26,0,null,0,0,0
27,0,null,0,0,0
28,0,null,0,0,0
29,0,null,0,0,0
30,1708,e-,1,0,0
31,0,null,0,0,0
32,0,null,0,0,0
33,0,null,0,0,0
34,3,secondary_proton,1,1,1
35,0,null,0,0,0
36,0,null,0,0,0
37,0,null,0,0,0
38,0,null,0,0,0
39,0,null,0,0,0
40,0,null,0,0,0
41,0,null,0,0,0
42,0,null,0,0,0
43,0,null,0,0,0
44,0,null,0,0,0
45,0,null,0,0,0
46,0,null,0,0,0
47,0,null,0,0,0
48,0,null,0,0,0
49,0,null,0,0,0
50,0,null,0,0,0
51,0,null,0,0,0
52,0,null,0,0,0
53,0,null,0,0,0
54,0,null,0,0,0
55,0,null,0,0,0
56,0,null,0,0,0
57,0,null,0,0,0
58,0,null,0,0,0
59,0,null,0,0,0
60,0,null,0,0,0
61,0,null,0,0,0
62,0,null,0,0,0
63,0,null,0,0,0
64,0,null,0,0,0
65,1,primary_proton,1,1,1
66,746,e+,1,1,1
67,0,null,0,0,0
68,7,secondary_proton,1,1,1
69,0,null,0,0,0
280,0,null,0,0,0
281,0,null,0,0,0
282,0,null,0,0,0
283,0,null,0,0,0
284,0,null,0,0,0
285,0,null,0,0,0
286,0,null,0,0,0
287,0,null,0,0,0
288,0,null,0,0,0
289,0,null,0,0,0
290,9,secondary_proton,1,1,1
291,0,null,0,0,0
292,26,pi-,1,0,0
293,0,null,0,0,0
294,1,primary_proton,1,1,1
295,0,null,0,0,0
296,0,null,0,0,0
297,9,pi+,1,1,1
298,0,null,0,0,0
299,1,primary_proton,1,1,1
300,0,null,0,0,0
301,0,null,0,0,0
302,0,null,0,0,0
303,0,null,0,0,0
304,0,null,0,0,0
305,0,null,0,0,0
306,0,null,0,0,0
307,0,null,0,0,0
308,4,secondary_proton,1,1,1
309,0,null,0,0,0
310,0,null,0,0,0
311,0,null,0,0,0
312,0,null,0,0,0
313,0,null,0,0,0
314,0,null,0,0,0
315,0,null,0,0,0
316,0,null,0,0,0
317,0,null,0,0,0
318,0,null,0,0,0
319,1,primary_proton,1,1,1
320,0,null,0,0,0
321,0,null,0,0,0
322,0,null,0,0,0
323,0,null,0,0,0
324,6,secondary_proton,1,1,1
325,0,null,0,0,0
326,0,null,0,0,0
327,0,null,0,0,0
328,0,null,0,0,0
329,0,null,0,0,0
330,0,null,0,0,0
331,0,null,0,0,0
332,0,null,0,0,0
333,0,null,0,0,0
334,0,null,0,0,0
335,3,pi+,1,0,0
336,0,null,0,0,0
337,0,null,0,0,0
338,0,null,0,0,0
339,0,null,0,0,0
340,0,null,0,0,0
341,0,null,0,0,0
342,0,null,0,0,0
343,5,pi+,1,1,1
344,0,null,0,0,0
345,0,null,0,0,0
346,0,null,0,0,0
347,0,null,0,0,0
348,0,null,0,0,0
349,0,null,0,0,0
420,0,null,0,0,0
421,0,null,0,0,0
422,0,null,0,0,0
423,0,null,0,0,0
424,0,null,0,0,0
425,18,pi-,1,1,1
426,0,null,0,0,0
427,0,null,0,0,0
428,0,null,0,0,0
429,0,null,0,0,0
430,0,null,0,0,0
431,1,primary_proton,1,1,1
432,0,null,0,0,0
433,0,null,0,0,0
434,0,null,0,0,0
435,0,null,0,0,0
436,0,null,0,0,0
437,0,null,0,0,0
438,0,null,0,0,0
439,1,primary_proton,1,1,1
440,0,null,0,0,0
441,0,null,0,0,0
442,5,secondary_proton,1,1,0
443,0,null,0,0,0
444,0,null,0,0,0
445,0,null,0,0,0
446,0,null,0,0,0
447,0,null,0,0,0
448,0,null,0,0,0
449,0,null,0,0,0
450,0,null,0,0,0
451,0,null,0,0,0
452,0,null,0,0,0
453,0,null,0,0,0
454,0,null,0,0,0
455,0,null,0,0,0
456,0,null,0,0,0
457,0,null,0,0,0
458,0,null,0,0,0
459,0,null,0,0,0
460,1,primary_proton,1,1,1
461,0,null,0,0,0
462,0,null,0,0,0
463,0,null,0,0,0
464,0,null,0,0,0
465,0,null,0,0,0
466,0,null,0,0,0
467,2144,secondary_proton,1,1,1
468,0,null,0,0,0
469,0,null,0,0,0
470,0,null,0,0,0
471,0,null,0,0,0
472,0,null,0,0,0
473,7147,e-,0,0,1
474,0,null,0,0,0
475,0,null,0,0,0
476,1110,e-,1,1,0
477,0,null,0,0,0
478,0,null,0,0,0
479,0,null,0,0,0
480,0,null,0,0,0
481,1,primary_proton,1,1,1
482,0,null,0,0,0
483,0,null,0,0,0
484,0,null,0,0,0
485,0,null,0,0,0
486,0,null,0,0,0
487,0,null,0,0,0
488,0,null,0,0,0
489,0,null,0,0,0
560,0,null,0,0,0
561,0,null,0,0,0
562,0,null,0,0,0
563,0,null,0,0,0
564,0,null,0,0,0
565,0,null,0,0,0
566,0,null,0,0,0
567,0,null,0,0,0
568,0,null,0,0,0
569,0,null,0,0,0
570,0,null,0,0,0
571,0,null,0,0,0
572,0,null,0,0,0
573,0,null,0,0,0
574,0,null,0,0,0
575,6,secondary_proton,1,1,1
576,0,null,0,0,0
577,0,null,0,0,0
578,1,primary_proton,1,1,1
579,0,null,0,0,0
580,0,null,0,0,0
581,0,null,0,0,0
582,0,null,0,0,0
376,0,null,0,0,0
377,0,null,0,0,0
378,0,null,0,0,0
379,0,null,0,0,0
380,0,null,0,0,0
381,0,null,0,0,0
382,0,null,0,0,0
383,0,null,0,0,0
384,0,null,0,0,0
385,0,null,0,0,0
386,0,null,0,0,0
387,0,null,0,0,0
388,0,null,0,0,0
389,0,null,0,0,0
390,1,primary_proton,1,1,1
391,0,null,0,0,0
392,0,null,0,0,0
393,0,null,0,0,0
394,0,null,0,0,0
395,0,null,0,0,0
396,0,null,0,0,0
397,0,null,0,0,0
398,0,null,0,0,0
399,0,null,0,0,0
400,1,primary_proton,1,1,1
401,0,null,0,0,0
402,0,null,0,0,0
403,0,null,0,0,0
404,0,null,0,0,0
405,0,null,0,0,0
406,0,null,0,0,0
407,0,null,0,0,0
408,0,null,0,0,0
409,0,null,0,0,0
410,12,secondary_proton,1,1,1
411,0,null,0,0,0
412,0,null,0,0,0
413,0,null,0,0,0
414,0,null,0,0,0
415,31,pi+,1,1,0
416,0,null,0,0,0
417,0,null,0,0,0
418,0,null,0,0,0
419,0,null,0,0,0
490,0,null,0,0,0
491,0,null,0,0,0
492,0,null,0,0,0
493,1,primary_proton,1,1,1
494,0,null,0,0,0
495,0,null,0,0,0
496,0,null,0,0,0
497,0,null,0,0,0
498,0,null,0,0,0
499,0,null,0,0,0
500,0,null,0,0,0
501,0,null,0,0,0
502,0,null,0,0,0
503,0,null,0,0,0
504,0,null,0,0,0
505,0,null,0,0,0
506,0,null,0,0,0
507,0,null,0,0,0
508,0,null,0,0,0
509,0,null,0,0,0
510,0,null,0,0,0
511,0,null,0,0,0
512,1,primary_proton,1,1,1
513,0,null,0,0,0
514,0,null,0,0,0
515,6560,e-,1,0,0
516,1,primary_proton,1,1,1
517,0,null,0,0,0
518,0,null,0,0,0
519,1,primary_proton,1,1,1
520,0,null,0,0,0
521,0,null,0,0,0
522,0,null,0,0,0
523,0,null,0,0,0
524,0,null,0,0,0
525,0,null,0,0,0
526,1,primary_proton,1,1,1
527,0,null,0,0,0
528,0,null,0,0,0
529,0,null,0,0,0
530,0,null,0,0,0
531,1,primary_proton,1,1,1
532,0,null,0,0,0
533,0,null,0,0,0
534,0,null,0,0,0
535,0,null,0,0,0
536,0,null,0,0,0
537,1,primary_proton,1,1,1
538,0,null,0,0,0
539,0,null,0,0,0
540,0,null,0,0,0
541,0,null,0,0,0
542,0,null,0,0,0
543,0,null,0,0,0
544,0,null,0,0,0
545,0,null,0,0,0
546,13,secondary_proton,1,1,1
547,0,null,0,0,0
548,0,null,0,0,0
549,0,null,0,0,0
550,0,null,0,0,0
551,0,null,0,0,0
552,0,null,0,0,0
553,0,null,0,0,0
554,8,pi+,1,1,1
555,0,null,0,0,0
556,0,null,0,0,0
557,0,null,0,0,0
558,0,null,0,0,0
559,0,null,0,0,0
630,0,null,0,0,0
631,0,null,0,0,0
632,0,null,0,0,0
633,0,null,0,0,0
634,0,null,0,0,0
635,0,null,0,0,0
636,0,null,0,0,0
637,0,null,0,0,0
638,0,null,0,0,0
639,0,null,0,0,0
640,12,secondary_proton,1,1,1
641,359,secondary_proton,1,1,1
642,5225,pi-,1,0,0
643,0,null,0,0,0
644,0,null,0,0,0
645,0,null,0,0,0
646,0,null,0,0,0
647,0,null,0,0,0
648,0,null,0,0,0
649,0,null,0,0,0
650,0,null,0,0,0
651,1,primary_proton,1,1,1
652,0,null,0,0,0
653,0,null,0,0,0
654,0,null,0,0,0
655,11,pi+,1,1,1
656,16,pi+,1,1,1
657,0,null,0,0,0
658,0,null,0,0,0
659,0,null,0,0,0
660,0,null,0,0,0
661,0,null,0,0,0
662,0,null,0,0,0
663,17,secondary_proton,1,1,1
664,0,null,0,0,0
665,0,null,0,0,0
666,0,null,0,0,0
667,0,null,0,0,0
668,0,null,0,0,0
669,0,null,0,0,0
670,0,null,0,0,0
671,0,null,0,0,0
672,0,null,0,0,0
673,0,null,0,0,0
674,0,null,0,0,0
675,0,null,0,0,0
676,0,null,0,0,0
677,0,null,0,0,0
678,10,pi+,1,1,1
679,0,null,0,0,0
680,0,null,0,0,0
681,0,null,0,0,0
682,0,null,0,0,0
683,0,null,0,0,0
684,0,null,0,0,0
685,0,null,0,0,0
686,0,null,0,0,0
687,0,null,0,0,0
688,0,null,0,0,0
689,0,null,0,0,0
690,0,null,0,0,0
691,0,null,0,0,0
692,0,null,0,0,0
693,0,null,0,0,0
694,0,null,0,0,0
695,0,null,0,0,0
696,0,null,0,0,0
697,0,null,0,0,0
698,0,null,0,0,0
699,0,null,0,0,0
770,0,null,0,0,0
771,0,null,0,0,0
772,0,null,0,0,0
773,0,null,0,0,0
774,0,null,0,0,0
775,0,null,0,0,0
776,175,e-,1,1,1
777,0,null,0,0,0
778,0,null,0,0,0
779,0,null,0,0,0
780,0,null,0,0,0
781,0,null,0,0,0
782,0,null,0,0,0
783,0,null,0,0,0
784,0,null,0,0,0
785,0,null,0,0,0
786,0,null,0,0,0
787,0,null,0,0,0
788,0,null,0,0,0
789,0,null,0,0,0
790,0,null,0,0,0
791,0,null,0,0,0
792,0,null,0,0,0
793,0,null,0,0,0
794,0,null,0,0,0
795,0,null,0,0,0
796,0,null,0,0,0
797,0,null,0,0,0
798,4673,e-,0,1,0
799,0,null,0,0,0
800,0,null,0,0,0
801,0,null,0,0,0
802,0,null,0,0,0
803,0,null,0,0,0
804,0,null,0,0,0
805,0,null,0,0,0
806,0,null,0,0,0
807,0,null,0,0,0
808,0,null,0,0,0
809,0,null,0,0,0
810,0,null,0,0,0
811,0,null,0,0,0
812,0,null,0,0,0
813,0,null,0,0,0
814,0,null,0,0,0
584,0,null,0,0,0
585,0,null,0,0,0
586,63,kaon+,1,0,0
587,0,null,0,0,0
588,0,null,0,0,0
589,0,null,0,0,0
590,0,null,0,0,0
591,0,null,0,0,0
592,0,null,0,0,0
593,0,null,0,0,0
594,729,e-,1,1,1
595,0,null,0,0,0
596,0,null,0,0,0
597,0,null,0,0,0
598,0,null,0,0,0
599,0,null,0,0,0
600,0,null,0,0,0
601,0,null,0,0,0
602,0,null,0,0,0
603,0,null,0,0,0
604,0,null,0,0,0
605,0,null,0,0,0
606,0,null,0,0,0
607,0,null,0,0,0
608,0,null,0,0,0
609,0,null,0,0,0
610,0,null,0,0,0
611,0,null,0,0,0
612,6,secondary_proton,1,1,1
613,0,null,0,0,0
614,0,null,0,0,0
615,15,pi+,1,1,1
616,0,null,0,0,0
617,0,null,0,0,0
618,0,null,0,0,0
619,0,null,0,0,0
620,0,null,0,0,0
621,0,null,0,0,0
622,0,null,0,0,0
623,14,pi-,1,1,1
624,0,null,0,0,0
625,0,null,0,0,0
626,0,null,0,0,0
627,0,null,0,0,0
628,0,null,0,0,0
629,0,null,0,0,0
700,0,null,0,0,0
701,0,null,0,0,0
702,12,secondary_proton,1,1,1
703,0,null,0,0,0
704,0,null,0,0,0
705,0,null,0,0,0
706,0,null,0,0,0
707,0,null,0,0,0
708,0,null,0,0,0
709,0,null,0,0,0
710,0,null,0,0,0
711,0,null,0,0,0
712,0,null,0,0,0
713,0,null,0,0,0
714,0,null,0,0,0
715,0,null,0,0,0
716,0,null,0,0,0
717,0,null,0,0,0
718,0,null,0,0,0
719,0,null,0,0,0
720,0,null,0,0,0
721,0,null,0,0,0
722,0,null,0,0,0
723,0,null,0,0,0
724,0,null,0,0,0
725,0,null,0,0,0
726,0,null,0,0,0
727,0,null,0,0,0
728,0,null,0,0,0
729,0,null,0,0,0
730,0,null,0,0,0
731,0,null,0,0,0
732,0,null,0,0,0
733,0,null,0,0,0
734,0,null,0,0,0
735,0,null,0,0,0
736,0,null,0,0,0
737,0,null,0,0,0
738,0,null,0,0,0
739,0,null,0,0,0
740,0,null,0,0,0
741,0,null,0,0,0
742,0,null,0,0,0
743,0,null,0,0,0
744,65,pi+,1,1,0
745,0,null,0,0,0
746,0,null,0,0,0
747,0,null,0,0,0
748,0,null,0,0,0
749,0,null,0,0,0
750,0,null,0,0,0
751,0,null,0,0,0
752,0,null,0,0,0
753,0,null,0,0,0
754,0,null,0,0,0
755,0,null,0,0,0
756,0,null,0,0,0
757,6,secondary_proton,1,1,1
758,0,null,0,0,0
759,0,null,0,0,0
760,0,null,0,0,0
761,0,null,0,0,0
762,0,null,0,0,0
763,0,null,0,0,0
764,0,null,0,0,0
765,0,null,0,0,0
766,0,null,0,0,0
767,0,null,0,0,0
768,0,null,0,0,0
769,0,null,0,0,0
840,0,null,0,0,0
841,0,null,0,0,0
842,0,null,0,0,0
843,0,null,0,0,0
844,0,null,0,0,0
845,0,null,0,0,0
846,0,null,0,0,0
847,0,null,0,0,0
848,0,null,0,0,0
849,0,null,0,0,0
850,9,secondary_proton,1,0,0
851,0,null,0,0,0
852,0,null,0,0,0
853,0,null,0,0,0
854,0,null,0,0,0
855,0,null,0,0,0
856,0,null,0,0,0
857,0,null,0,0,0
858,0,null,0,0,0
859,0,null,0,0,0
860,0,null,0,0,0
861,0,null,0,0,0
862,0,null,0,0,0
863,634,mu+,1,0,0
864,0,null,0,0,0
865,0,null,0,0,0
866,0,null,0,0,0
867,0,null,0,0,0
868,0,null,0,0,0
869,0,null,0,0,0
870,0,null,0,0,0
871,0,null,0,0,0
872,0,null,0,0,0
873,0,null,0,0,0
874,0,null,0,0,0
875,0,null,0,0,0
876,0,null,0,0,0
877,0,null,0,0,0
878,32,pi-,1,1,1
879,0,null,0,0,0
880,0,null,0,0,0
881,0,null,0,0,0
882,0,null,0,0,0
883,0,null,0,0,0
884,0,null,0,0,0
885,0,null,0,0,0
886,0,null,0,0,0
887,0,null,0,0,0
888,0,null,0,0,0
889,0,null,0,0,0
890,0,null,0,0,0
891,0,null,0,0,0
892,0,null,0,0,0
893,0,null,0,0,0
894,0,null,0,0,0
895,0,null,0,0,0
896,0,null,0,0,0
897,0,null,0,0,0
898,0,null,0,0,0
899,0,null,0,0,0
900,0,null,0,0,0
901,0,null,0,0,0
902,0,null,0,0,0
903,0,null,0,0,0
904,0,null,0,0,0
905,0,null,0,0,0
906,0,null,0,0,0
907,0,null,0,0,0
908,0,null,0,0,0
909,0,null,0,0,0
910,0,null,0,0,0
911,0,null,0,0,0
912,1,primary_proton,1,1,1
913,0,null,0,0,0
914,0,null,0,0,0
915,19,pi-,1,1,0
916,0,null,0,0,0
917,0,null,0,0,0
918,10,pi-,1,1,1
919,0,null,0,0,0
920,0,null,0,0,0
921,0,null,0,0,0
922,0,null,0,0,0
923,0,null,0,0,0
924,0,null,0,0,0
925,0,null,0,0,0
926,0,null,0,0,0
927,1,primary_proton,1,1,1
928,13,pi-,1,1,1
929,0,null,0,0,0
930,0,null,0,0,0
931,0,null,0,0,0
932,0,null,0,0,0
933,0,null,0,0,0
934,0,null,0,0,0
935,0,null,0,0,0
936,0,null,0,0,0
937,0,null,0,0,0
938,0,null,0,0,0
939,29,secondary_proton,1,0,0
940,0,null,0,0,0
941,0,null,0,0,0
942,0,null,0,0,0
943,0,null,0,0,0
944,0,null,0,0,0
945,0,null,0,0,0
946,0,null,0,0,0
947,0,null,0,0,0
948,0,null,0,0,0
949,0,null,0,0,0
950,0,null,0,0,0
951,0,null,0,0,0
952,0,null,0,0,0
953,17,pi-,1,1,1
954,0,null,0,0,0
955,0,null,0,0,0
956,0,null,0,0,0
957,0,null,0,0,0
958,0,null,0,0,0
816,20,secondary_proton,1,1,1
817,0,null,0,0,0
818,0,null,0,0,0
819,1,primary_proton,1,1,1
820,0,null,0,0,0
821,4,secondary_proton,1,1,1
822,0,null,0,0,0
823,0,null,0,0,0
824,0,null,0,0,0
825,18,secondary_proton,1,1,1
826,0,null,0,0,0
827,0,null,0,0,0
828,0,null,0,0,0
829,0,null,0,0,0
830,0,null,0,0,0
831,0,null,0,0,0
832,0,null,0,0,0
833,0,null,0,0,0
834,0,null,0,0,0
835,0,null,0,0,0
836,0,null,0,0,0
837,1,primary_proton,1,1,1
838,9,pi+,1,1,1
839,0,null,0,0,0
980,0,null,0,0,0
981,0,null,0,0,0
982,0,null,0,0,0
983,0,null,0,0,0
984,0,null,0,0,0
985,0,null,0,0,0
986,0,null,0,0,0
987,3,secondary_proton,1,1,1
988,0,null,0,0,0
989,0,null,0,0,0
990,0,null,0,0,0
991,0,null,0,0,0
992,0,null,0,0,0
993,0,null,0,0,0
994,0,null,0,0,0
995,0,null,0,0,0
996,0,null,0,0,0
997,0,null,0,0,0
998,0,null,0,0,0
999,0,null,0,0,0
1000,0,null,0,0,0
1001,0,null,0,0,0
1002,0,null,0,0,0
1003,0,null,0,0,0
1004,0,null,0,0,0
1005,3,pi+,1,1,1
1006,0,null,0,0,0
1007,0,null,0,0,0
1008,0,null,0,0,0
1009,0,null,0,0,0
1010,0,null,0,0,0
1011,0,null,0,0,0
1012,0,null,0,0,0
1013,13,pi-,1,1,1
1014,0,null,0,0,0
1015,0,null,0,0,0
1016,0,null,0,0,0
1017,0,null,0,0,0
1018,0,null,0,0,0
1019,0,null,0,0,0
1020,0,null,0,0,0
1021,0,null,0,0,0
1022,0,null,0,0,0
1023,0,null,0,0,0
1024,0,null,0,0,0
1025,0,null,0,0,0
1026,0,null,0,0,0
1027,0,null,0,0,0
1028,0,null,0,0,0
1029,0,null,0,0,0
1030,0,null,0,0,0
1031,0,null,0,0,0
1032,0,null,0,0,0
1033,0,null,0,0,0
1034,0,null,0,0,0
1035,0,null,0,0,0
1036,0,null,0,0,0
1037,0,null,0,0,0
1038,0,null,0,0,0
1039,0,null,0,0,0
1040,0,null,0,0,0
1041,9,pi+,1,1,0
1042,0,null,0,0,0
1043,0,null,0,0,0
1044,0,null,0,0,0
1045,0,null,0,0,0
1046,0,null,0,0,0
1047,0,null,0,0,0
1048,0,null,0,0,0
1049,0,null,0,0,0
1050,0,null,0,0,0
1051,0,null,0,0,0
1052,0,null,0,0,0
1053,0,null,0,0,0
1054,0,null,0,0,0
1055,0,null,0,0,0
1056,0,null,0,0,0
1057,137,pi-,1,1,1
1058,0,null,0,0,0
1059,0,null,0,0,0
1060,0,null,0,0,0
1061,0,null,0,0,0
1062,0,null,0,0,0
1063,0,null,0,0,0
1064,0,null,0,0,0
1065,0,null,0,0,0
1066,0,null,0,0,0
1067,0,null,0,0,0
1068,0,null,0,0,0
1069,0,null,0,0,0
1070,0,null,0,0,0
1071,0,null,0,0,0
1072,0,null,0,0,0
1073,0,null,0,0,0
1074,0,null,0,0,0
1075,0,null,0,0,0
1076,0,null,0,0,0
1077,0,null,0,0,0
1078,0,null,0,0,0
1079,6,secondary_proton,1,1,1
1080,0,null,0,0,0
1081,0,null,0,0,0
1082,0,null,0,0,0
1083,0,null,0,0,0
1084,0,null,0,0,0
1085,0,null,0,0,0
1086,0,null,0,0,0
1087,0,null,0,0,0
1088,0,null,0,0,0
1089,0,null,0,0,0
1090,0,null,0,0,0
1091,0,null,0,0,0
1092,0,null,0,0,0
1093,0,null,0,0,0
1094,3,secondary_proton,1,1,1
1095,27,pi+,1,1,1
1096,0,null,0,0,0
1097,0,null,0,0,0
1098,0,null,0,0,0
1099,2834,secondary_proton,1,1,1
1100,0,null,0,0,0
1101,0,null,0,0,0
1102,0,null,0,0,0
1103,0,null,0,0,0
1104,0,null,0,0,0
1105,0,null,0,0,0
1106,0,null,0,0,0
1107,0,null,0,0,0
1108,0,null,0,0,0
1109,0,null,0,0,0
1110,0,null,0,0,0
1111,0,null,0,0,0
1112,6,secondary_proton,1,1,0
1113,0,null,0,0,0
1114,0,null,0,0,0
1115,0,null,0,0,0
1116,0,null,0,0,0
1117,0,null,0,0,0
1118,0,null,0,0,0
1119,7,secondary_proton,1,1,1
1260,0,null,0,0,0
1261,0,null,0,0,0
1262,0,null,0,0,0
1263,0,null,0,0,0
1264,0,null,0,0,0
1265,0,null,0,0,0
1266,0,null,0,0,0
1267,0,null,0,0,0
1268,0,null,0,0,0
1269,0,null,0,0,0
1270,0,null,0,0,0
1271,0,null,0,0,0
1272,0,null,0,0,0
1273,0,null,0,0,0
1274,0,null,0,0,0
1275,0,null,0,0,0
1276,0,null,0,0,0
1277,0,null,0,0,0
1278,1,primary_proton,1,1,1
1279,0,null,0,0,0
1280,0,null,0,0,0
1281,0,null,0,0,0
1282,0,null,0,0,0
1283,0,null,0,0,0
1284,0,null,0,0,0
1285,0,null,0,0,0
1286,1,primary_proton,1,1,1
1287,0,null,0,0,0
1288,0,null,0,0,0
1289,0,null,0,0,0
1290,0,null,0,0,0
1291,37,pi-,1,1,1
1292,137,secondary_proton,1,1,1
1293,0,null,0,0,0
1294,0,null,0,0,0
1295,0,null,0,0,0
1296,0,null,0,0,0
1297,0,null,0,0,0
1298,0,null,0,0,0
1299,0,null,0,0,0
1300,0,null,0,0,0
1301,0,null,0,0,0
1302,0,null,0,0,0
1303,0,null,0,0,0
1304,0,null,0,0,0
1305,52,secondary_proton,1,0,0
1306,0,null,0,0,0
1307,0,null,0,0,0
1308,0,null,0,0,0
1309,0,null,0,0,0
1310,0,null,0,0,0
1311,0,null,0,0,0
1312,0,null,0,0,0
1313,0,null,0,0,0
1314,0,null,0,0,0
960,0,null,0,0,0
961,0,null,0,0,0
962,0,null,0,0,0
963,0,null,0,0,0
964,0,null,0,0,0
965,0,null,0,0,0
966,0,null,0,0,0
967,0,null,0,0,0
968,0,null,0,0,0
969,1,primary_proton,1,1,1
970,0,null,0,0,0
971,6,secondary_proton,1,1,1
972,0,null,0,0,0
973,427,e-,1,1,1
974,0,null,0,0,0
975,0,null,0,0,0
976,12,secondary_proton,1,1,1
977,7,pi+,1,1,1
978,0,null,0,0,0
979,0,null,0,0,0
1120,0,null,0,0,0
1121,16,pi+,1,1,1
1122,0,null,0,0,0
1123,0,null,0,0,0
1124,0,null,0,0,0
1125,0,null,0,0,0
1126,0,null,0,0,0
1127,0,null,0,0,0
1128,0,null,0,0,0
1129,0,null,0,0,0
1130,0,null,0,0,0
1131,0,null,0,0,0
1132,0,null,0,0,0
1133,0,null,0,0,0
1134,0,null,0,0,0
1135,0,null,0,0,0
1136,0,null,0,0,0
1137,0,null,0,0,0
1138,0,null,0,0,0
1139,0,null,0,0,0
1140,0,null,0,0,0
1141,0,null,0,0,0
1142,0,null,0,0,0
1143,18,pi+,1,0,0
1144,0,null,0,0,0
1145,0,null,0,0,0
1146,0,null,0,0,0
1147,0,null,0,0,0
1148,0,null,0,0,0
1149,0,null,0,0,0
1150,0,null,0,0,0
1151,0,null,0,0,0
1152,0,null,0,0,0
1153,0,null,0,0,0
1154,0,null,0,0,0
1155,0,null,0,0,0
1156,0,null,0,0,0
1157,0,null,0,0,0
1158,0,null,0,0,0
1159,0,null,0,0,0
1160,0,null,0,0,0
1161,0,null,0,0,0
1162,0,null,0,0,0
1163,0,null,0,0,0
1164,0,null,0,0,0
1165,0,null,0,0,0
1166,0,null,0,0,0
1167,0,null,0,0,0
1168,0,null,0,0,0
1169,0,null,0,0,0
1170,0,null,0,0,0
1171,0,null,0,0,0
1172,0,null,0,0,0
1173,0,null,0,0,0
1174,0,null,0,0,0
1175,0,null,0,0,0
1176,6,secondary_proton,1,1,1
1177,0,null,0,0,0
1178,0,null,0,0,0
1179,0,null,0,0,0
1180,13,pi+,1,1,1
1181,0,null,0,0,0
1182,0,null,0,0,0
1183,0,null,0,0,0
1184,0,null,0,0,0
1185,0,null,0,0,0
1186,0,null,0,0,0
1187,0,null,0,0,0
1188,0,null,0,0,0
1189,0,null,0,0,0
1190,0,null,0,0,0
1191,0,null,0,0,0
1192,1,primary_proton,1,1,1
1193,0,null,0,0,0
1194,5,secondary_proton,1,1,1
1195,24,pi-,1,1,1
1196,0,null,0,0,0
1197,1,primary_proton,1,1,1
1198,0,null,0,0,0
1199,0,null,0,0,0
1200,0,null,0,0,0
1201,0,null,0,0,0
1202,0,null,0,0,0
1203,0,null,0,0,0
1204,0,null,0,0,0
1205,0,null,0,0,0
1206,0,null,0,0,0
1207,0,null,0,0,0
1208,0,null,0,0,0
1209,0,null,0,0,0
1210,0,null,0,0,0
1211,0,null,0,0,0
1212,0,null,0,0,0
1213,0,null,0,0,0
1214,0,null,0,0,0
1215,0,null,0,0,0
1216,0,null,0,0,0
1217,0,null,0,0,0
1218,0,null,0,0,0
1219,0,null,0,0,0
1220,0,null,0,0,0
1221,0,null,0,0,0
1222,12,secondary_proton,1,1,1
1223,0,null,0,0,0
1224,0,null,0,0,0
1225,0,null,0,0,0
1226,0,null,0,0,0
1227,0,null,0,0,0
1228,0,null,0,0,0
1229,0,null,0,0,0
1230,0,null,0,0,0
1231,0,null,0,0,0
1232,0,null,0,0,0
1233,0,null,0,0,0
1234,0,null,0,0,0
1235,0,null,0,0,0
1236,0,null,0,0,0
1237,0,null,0,0,0
1238,0,null,0,0,0
1239,0,null,0,0,0
1240,0,null,0,0,0
1241,0,null,0,0,0
1242,0,null,0,0,0
1243,0,null,0,0,0
1244,0,null,0,0,0
1245,0,null,0,0,0
1246,0,null,0,0,0
1247,0,null,0,0,0
1248,0,null,0,0,0
1249,0,null,0,0,0
1250,0,null,0,0,0
1251,4,pi-,1,1,1
1252,0,null,0,0,0
1253,0,null,0,0,0
1254,0,null,0,0,0
1255,0,null,0,0,0
1256,0,null,0,0,0
1257,0,null,0,0,0
1258,0,null,0,0,0
1259,13,pi-,1,1,0
1400,0,null,0,0,0
1401,0,null,0,0,0
1402,0,null,0,0,0
1403,0,null,0,0,0
1404,0,null,0,0,0
1405,0,null,0,0,0
1406,15,pi+,1,1,1
1407,0,null,0,0,0
1408,0,null,0,0,0
1409,0,null,0,0,0
1410,0,null,0,0,0
1411,0,null,0,0,0
1412,0,null,0,0,0
1413,0,null,0,0,0
1414,0,null,0,0,0
1415,1,primary_proton,1,1,1
1416,0,null,0,0,0
1417,0,null,0,0,0
1418,0,null,0,0,0
1419,0,null,0,0,0
1420,0,null,0,0,0
1421,0,null,0,0,0
1422,0,null,0,0,0
1423,0,null,0,0,0
1424,1,primary_proton,1,1,1
1425,0,null,0,0,0
1426,0,null,0,0,0
1427,0,null,0,0,0
1428,0,null,0,0,0
1429,0,null,0,0,0
1430,0,null,0,0,0
1431,0,null,0,0,0
1432,0,null,0,0,0
1433,0,null,0,0,0
1434,0,null,0,0,0
1435,0,null,0,0,0
1436,0,null,0,0,0
1437,0,null,0,0,0
1438,0,null,0,0,0
1439,0,null,0,0,0
1440,0,null,0,0,0
1441,0,null,0,0,0
1442,0,null,0,0,0
1443,0,null,0,0,0
1444,0,null,0,0,0
1445,0,null,0,0,0
1446,0,null,0,0,0
1447,0,null,0,0,0
1448,0,null,0,0,0
1449,1,primary_proton,1,1,1
1450,1,primary_proton,1,1,1
1451,0,null,0,0,0
1452,0,null,0,0,0
1453,0,null,0,0,0
1454,0,null,0,0,0
1455,0,null,0,0,0
1456,0,null,0,0,0
1457,0,null,0,0,0
1458,0,null,0,0,0
1459,0,null,0,0,0
1316,0,null,0,0,0
1317,13,secondary_proton,1,1,1
1318,0,null,0,0,0
1319,1,primary_proton,1,1,1
1320,0,null,0,0,0
1321,0,null,0,0,0
1322,0,null,0,0,0
1323,0,null,0,0,0
1324,0,null,0,0,0
1325,0,null,0,0,0
1326,0,null,0,0,0
1327,0,null,0,0,0
1328,0,null,0,0,0
1329,0,null,0,0,0
1330,0,null,0,0,0
1331,0,null,0,0,0
1332,0,null,0,0,0
1333,0,null,0,0,0
1334,0,null,0,0,0
1335,0,null,0,0,0
1336,0,null,0,0,0
1337,0,null,0,0,0
1338,0,null,0,0,0
1339,0,null,0,0,0
1340,0,null,0,0,0
1341,0,null,0,0,0
1342,1,primary_proton,1,1,1
1343,0,null,0,0,0
1344,0,null,0,0,0
1345,0,null,0,0,0
1346,0,null,0,0,0
1347,0,null,0,0,0
1348,0,null,0,0,0
1349,0,null,0,0,0
1350,0,null,0,0,0
1351,0,null,0,0,0
1352,0,null,0,0,0
1353,0,null,0,0,0
1354,7,secondary_proton,1,1,1
1355,0,null,0,0,0
1356,0,null,0,0,0
1357,0,null,0,0,0
1358,0,null,0,0,0
1359,0,null,0,0,0
1360,1,primary_proton,1,1,1
1361,0,null,0,0,0
1362,0,null,0,0,0
1363,0,null,0,0,0
1364,0,null,0,0,0
1365,0,null,0,0,0
1366,0,null,0,0,0
1367,0,null,0,0,0
1368,0,null,0,0,0
1369,0,null,0,0,0
1370,0,null,0,0,0
1371,0,null,0,0,0
1372,6,pi+,1,1,1
1373,0,null,0,0,0
1374,0,null,0,0,0
1375,0,null,0,0,0
1376,0,null,0,0,0
1377,0,null,0,0,0
1378,0,null,0,0,0
1379,0,null,0,0,0
1380,0,null,0,0,0
1381,0,null,0,0,0
1382,0,null,0,0,0
1383,0,null,0,0,0
1384,0,null,0,0,0
1385,1,primary_proton,1,1,1
1386,0,null,0,0,0
1387,0,null,0,0,0
1388,0,null,0,0,0
1389,0,null,0,0,0
1390,0,null,0,0,0
1391,0,null,0,0,0
1392,0,null,0,0,0
1393,0,null,0,0,0
1394,0,null,0,0,0
1395,0,null,0,0,0
1396,0,null,0,0,0
1397,0,null,0,0,0
1398,0,null,0,0,0
1399,0,null,0,0,0
1540,0,null,0,0,0
1541,0,null,0,0,0
1542,0,null,0,0,0
1543,0,null,0,0,0
1544,0,null,0,0,0
1545,13,pi+,1,1,1
1546,0,null,0,0,0
1547,0,null,0,0,0
1548,0,null,0,0,0
1549,0,null,0,0,0
1550,414,e-,1,1,0
1551,0,null,0,0,0
1552,0,null,0,0,0
1553,0,null,0,0,0
1554,0,null,0,0,0
1555,0,null,0,0,0
1556,0,null,0,0,0
1557,0,null,0,0,0
1558,0,null,0,0,0
1559,0,null,0,0,0
1560,0,null,0,0,0
1561,0,null,0,0,0
1562,0,null,0,0,0
1563,0,null,0,0,0
1564,0,null,0,0,0
1565,0,null,0,0,0
1566,0,null,0,0,0
1567,0,null,0,0,0
1568,0,null,0,0,0
1569,0,null,0,0,0
1570,0,null,0,0,0
1571,0,null,0,0,0
1572,0,null,0,0,0
1573,0,null,0,0,0
1574,0,null,0,0,0
1575,0,null,0,0,0
1576,0,null,0,0,0
1577,0,null,0,0,0
1578,0,null,0,0,0
1579,0,null,0,0,0
1580,0,null,0,0,0
1581,0,null,0,0,0
1582,0,null,0,0,0
1583,5,secondary_proton,1,1,1
1584,0,null,0,0,0
1585,0,null,0,0,0
1586,0,null,0,0,0
1587,0,null,0,0,0
1588,0,null,0,0,0
1589,0,null,0,0,0
1590,3,secondary_proton,1,1,1
1591,139,pi-,1,1,1
1592,0,null,0,0,0
1593,301,e-,1,1,1
1594,1,primary_proton,1,1,1
1595,0,null,0,0,0
1596,0,null,0,0,0
1597,0,null,0,0,0
1598,0,null,0,0,0
1599,0,null,0,0,0
1600,0,null,0,0,0
1601,0,null,0,0,0
1602,0,null,0,0,0
1603,0,null,0,0,0
1604,0,null,0,0,0
1605,0,null,0,0,0
1606,0,null,0,0,0
1607,0,null,0,0,0
1608,119,e-,1,1,1
1609,0,null,0,0,0
1680,0,null,0,0,0
1681,0,null,0,0,0
1682,0,null,0,0,0
1683,0,null,0,0,0
1684,0,null,0,0,0
1685,0,null,0,0,0
1686,0,null,0,0,0
1687,0,null,0,0,0
1688,0,null,0,0,0
1689,0,null,0,0,0
1690,0,null,0,0,0
1691,0,null,0,0,0
1692,0,null,0,0,0
1693,0,null,0,0,0
1694,0,null,0,0,0
1695,0,null,0,0,0
1696,0,null,0,0,0
1697,0,null,0,0,0
1698,0,null,0,0,0
1699,0,null,0,0,0
1700,0,null,0,0,0
1701,0,null,0,0,0
1702,0,null,0,0,0
1703,0,null,0,0,0
1704,0,null,0,0,0
1705,0,null,0,0,0
1706,14,secondary_proton,1,1,1
1707,0,null,0,0,0
1708,0,null,0,0,0
1709,0,null,0,0,0
1710,0,null,0,0,0
1711,0,null,0,0,0
1712,0,null,0,0,0
1713,0,null,0,0,0
1714,0,null,0,0,0
1715,0,null,0,0,0
1716,0,null,0,0,0
1717,0,null,0,0,0
1718,0,null,0,0,0
1719,0,null,0,0,0
1720,0,null,0,0,0
1721,0,null,0,0,0
1722,0,null,0,0,0
1723,0,null,0,0,0
1724,0,null,0,0,0
1725,0,null,0,0,0
1726,0,null,0,0,0
1727,0,null,0,0,0
1728,0,null,0,0,0
1729,0,null,0,0,0
1730,0,null,0,0,0
1731,0,null,0,0,0
1732,0,null,0,0,0
1733,0,null,0,0,0
1734,0,null,0,0,0
1735,2747,pi+,1,1,0
1736,0,null,0,0,0
1737,0,null,0,0,0
1738,0,null,0,0,0
1739,0,null,0,0,0
1740,0,null,0,0,0
1741,0,null,0,0,0
1742,0,null,0,0,0
1743,0,null,0,0,0
1744,0,null,0,0,0
1745,0,null,0,0,0
1461,1,primary_proton,1,1,1
1462,2109,e-,1,1,1
1463,0,null,0,0,0
1464,0,null,0,0,0
1465,0,null,0,0,0
1466,0,null,0,0,0
1467,0,null,0,0,0
1468,0,null,0,0,0
1469,0,null,0,0,0
1470,0,null,0,0,0
1471,0,null,0,0,0
1472,0,null,0,0,0
1473,0,null,0,0,0
1474,0,null,0,0,0
1475,0,null,0,0,0
1476,0,null,0,0,0
1477,0,null,0,0,0
1478,0,null,0,0,0
1479,0,null,0,0,0
1480,1,primary_proton,1,1,1
1481,0,null,0,0,0
1482,0,null,0,0,0
1483,1,primary_proton,1,0,0
1484,0,null,0,0,0
1485,0,null,0,0,0
1486,0,null,0,0,0
1487,0,null,0,0,0
1488,0,null,0,0,0
1489,0,null,0,0,0
1490,0,null,0,0,0
1491,0,null,0,0,0
1492,0,null,0,0,0
1493,0,null,0,0,0
1494,0,null,0,0,0
1495,0,null,0,0,0
1496,0,null,0,0,0
1497,0,null,0,0,0
1498,0,null,0,0,0
1499,0,null,0,0,0
1500,0,null,0,0,0
1501,0,null,0,0,0
1502,0,null,0,0,0
1503,0,null,0,0,0
1504,0,null,0,0,0
1505,0,null,0,0,0
1506,0,null,0,0,0
1507,0,null,0,0,0
1508,0,null,0,0,0
1509,0,null,0,0,0
1510,0,null,0,0,0
1511,0,null,0,0,0
1512,0,null,0,0,0
1513,0,null,0,0,0
1514,0,null,0,0,0
1515,0,null,0,0,0
1516,0,null,0,0,0
1517,0,null,0,0,0
1518,0,null,0,0,0
1519,0,null,0,0,0
1520,0,null,0,0,0
1521,0,null,0,0,0
1522,0,null,0,0,0
1523,1471,e-,1,1,1
1524,0,null,0,0,0
1525,0,null,0,0,0
1526,0,null,0,0,0
1527,0,null,0,0,0
1528,0,null,0,0,0
1529,0,null,0,0,0
1530,0,null,0,0,0
1531,0,null,0,0,0
1532,0,null,0,0,0
1533,0,null,0,0,0
1534,0,null,0,0,0
1535,0,null,0,0,0
1536,1,primary_proton,1,1,1
1537,0,null,0,0,0
1538,0,null,0,0,0
1539,0,null,0,0,0
1610,0,null,0,0,0
1611,0,null,0,0,0
1612,0,null,0,0,0
1613,0,null,0,0,0
1614,0,null,0,0,0
1615,3,pi-,1,1,1
1616,0,null,0,0,0
1617,0,null,0,0,0
1618,0,null,0,0,0
1619,0,null,0,0,0
1620,0,null,0,0,0
1621,0,null,0,0,0
1622,0,null,0,0,0
1623,0,null,0,0,0
1624,0,null,0,0,0
1625,0,null,0,0,0
1626,0,null,0,0,0
1627,0,null,0,0,0
1628,0,null,0,0,0
1629,0,null,0,0,0
1630,0,null,0,0,0
1631,0,null,0,0,0
1632,0,null,0,0,0
1633,0,null,0,0,0
1634,0,null,0,0,0
1635,0,null,0,0,0
1636,0,null,0,0,0
1637,0,null,0,0,0
1638,0,null,0,0,0
1639,0,null,0,0,0
1640,0,null,0,0,0
1641,0,null,0,0,0
1642,5868,secondary_proton,1,0,0
1643,0,null,0,0,0
1644,0,null,0,0,0
1645,0,null,0,0,0
1646,0,null,0,0,0
1647,0,null,0,0,0
1648,0,null,0,0,0
1649,0,null,0,0,0
1650,0,null,0,0,0
1651,0,null,0,0,0
1652,0,null,0,0,0
1653,0,null,0,0,0
1654,0,null,0,0,0
1655,0,null,0,0,0
1656,0,null,0,0,0
1657,0,null,0,0,0
1658,0,null,0,0,0
1659,0,null,0,0,0
1660,0,null,0,0,0
1661,0,null,0,0,0
1662,0,null,0,0,0
1663,0,null,0,0,0
1664,0,null,0,0,0
1665,0,null,0,0,0
1666,3900,e-,1,1,1
1667,2538,e-,1,0,0
1668,0,null,0,0,0
1669,0,null,0,0,0
1670,0,null,0,0,0
1671,0,null,0,0,0
1672,434,pi-,1,1,0
1673,0,null,0,0,0
1674,0,null,0,0,0
1675,0,null,0,0,0
1676,0,null,0,0,0
1677,0,null,0,0,0
1678,0,null,0,0,0
1679,0,null,0,0,0
1750,0,null,0,0,0
1751,0,null,0,0,0
1752,0,null,0,0,0
1753,0,null,0,0,0
1754,0,null,0,0,0
1755,1,primary_proton,1,1,1
1756,0,null,0,0,0
1757,0,null,0,0,0
1758,0,null,0,0,0
1759,0,null,0,0,0
1760,0,null,0,0,0
1761,0,null,0,0,0
1762,0,null,0,0,0
1763,0,null,0,0,0
1764,0,null,0,0,0
1765,0,null,0,0,0
1766,5,pi-,1,1,0
1767,0,null,0,0,0
1768,0,null,0,0,0
1769,0,null,0,0,0
1770,0,null,0,0,0
1771,0,null,0,0,0
1772,0,null,0,0,0
1773,0,null,0,0,0
1774,0,null,0,0,0
1775,0,null,0,0,0
1776,0,null,0,0,0
1777,0,null,0,0,0
1778,0,null,0,0,0
1779,0,null,0,0,0
1780,0,null,0,0,0
1781,0,null,0,0,0
1782,0,null,0,0,0
1783,0,null,0,0,0
1784,0,null,0,0,0
1785,0,null,0,0,0
1786,0,null,0,0,0
1787,0,null,0,0,0
1788,0,null,0,0,0
1789,0,null,0,0,0
1790,11,pi+,1,1,1
1791,0,null,0,0,0
1792,0,null,0,0,0
1793,1,primary_proton,1,1,1
1794,0,null,0,0,0
1795,0,null,0,0,0
1796,0,null,0,0,0
1797,0,null,0,0,0
1798,0,null,0,0,0
1799,0,null,0,0,0
1800,0,null,0,0,0
1801,0,null,0,0,0
1802,0,null,0,0,0
1803,0,null,0,0,0
1804,0,null,0,0,0
1805,0,null,0,0,0
1806,0,null,0,0,0
1807,0,null,0,0,0
1808,0,null,0,0,0
1809,0,null,0,0,0
1810,0,null,0,0,0
1811,0,null,0,0,0
1812,0,null,0,0,0
1813,0,null,0,0,0
1814,277,pi-,1,1,0
1815,0,null,0,0,0
1816,0,null,0,0,0
1817,0,null,0,0,0
1818,0,null,0,0,0
1819,0,null,0,0,0
1960,0,null,0,0,0
1961,0,null,0,0,0
1962,0,null,0,0,0
1747,0,null,0,0,0
1748,0,null,0,0,0
1749,0,null,0,0,0
1820,0,null,0,0,0
1821,0,null,0,0,0
1822,0,null,0,0,0
1823,0,null,0,0,0
1824,0,null,0,0,0
1825,0,null,0,0,0
1826,0,null,0,0,0
1827,0,null,0,0,0
1828,0,null,0,0,0
1829,0,null,0,0,0
1830,0,null,0,0,0
1831,0,null,0,0,0
1832,0,null,0,0,0
1833,22,secondary_proton,1,0,0
1834,0,null,0,0,0
1835,0,null,0,0,0
1836,0,null,0,0,0
1837,0,null,0,0,0
1838,0,null,0,0,0
1839,1,primary_proton,1,1,1
1840,0,null,0,0,0
1841,0,null,0,0,0
1842,0,null,0,0,0
1843,0,null,0,0,0
1844,0,null,0,0,0
1845,0,null,0,0,0
1846,0,null,0,0,0
1847,0,null,0,0,0
1848,1,primary_proton,1,1,1
1849,0,null,0,0,0
1850,0,null,0,0,0
1851,0,null,0,0,0
1852,0,null,0,0,0
1853,0,null,0,0,0
1854,0,null,0,0,0
1855,0,null,0,0,0
1856,0,null,0,0,0
1857,0,null,0,0,0
1858,0,null,0,0,0
1859,0,null,0,0,0
1860,0,null,0,0,0
1861,0,null,0,0,0
1862,0,null,0,0,0
1863,0,null,0,0,0
1864,0,null,0,0,0
1865,0,null,0,0,0
1866,0,null,0,0,0
1867,0,null,0,0,0
1868,0,null,0,0,0
1869,0,null,0,0,0
1870,0,null,0,0,0
1871,0,null,0,0,0
1872,0,null,0,0,0
1873,0,null,0,0,0
1874,1,primary_proton,1,1,1
1875,0,null,0,0,0
1876,0,null,0,0,0
1877,0,null,0,0,0
1878,0,null,0,0,0
1879,0,null,0,0,0
1880,0,null,0,0,0
1881,0,null,0,0,0
1882,0,null,0,0,0
1883,0,null,0,0,0
1884,0,null,0,0,0
1885,0,null,0,0,0
1886,0,null,0,0,0
1887,0,null,0,0,0
1888,0,null,0,0,0
1889,0,null,0,0,0
1890,0,null,0,0,0
1891,0,null,0,0,0
1892,1,primary_proton,1,1,1
1893,0,null,0,0,0
1894,0,null,0,0,0
1895,0,null,0,0,0
1896,0,null,0,0,0
1897,0,null,0,0,0
1898,0,null,0,0,0
1899,0,null,0,0,0
1900,0,null,0,0,0
1901,0,null,0,0,0
1902,0,null,0,0,0
1903,0,null,0,0,0
1904,0,null,0,0,0
1905,0,null,0,0,0
1906,0,null,0,0,0
1907,0,null,0,0,0
1908,0,null,0,0,0
1909,0,null,0,0,0
1910,0,null,0,0,0
1911,0,null,0,0,0
1912,0,null,0,0,0
1913,0,null,0,0,0
1914,0,null,0,0,0
1915,0,null,0,0,0
1916,0,null,0,0,0
1917,620,e-,1,1,0
1918,0,null,0,0,0
1919,0,null,0,0,0
1920,0,null,0,0,0
1921,30,pi-,1,1,1
1922,1,primary_proton,1,1,1
1923,0,null,0,0,0
1924,0,null,0,0,0
1925,0,null,0,0,0
1926,0,null,0,0,0
1927,0,null,0,0,0
1928,0,null,0,0,0
1929,0,null,0,0,0
1930,0,null,0,0,0
1931,0,null,0,0,0
1932,0,null,0,0,0
1933,0,null,0,0,0
1934,0,null,0,0,0
1935,0,null,0,0,0
1936,0,null,0,0,0
1937,0,null,0,0,0
1938,0,null,0,0,0
1939,0,null,0,0,0
1940,0,null,0,0,0
1941,0,null,0,0,0
1942,0,null,0,0,0
1943,0,null,0,0,0
1944,0,null,0,0,0
1945,0,null,0,0,0
1946,0,null,0,0,0
1947,1,primary_proton,1,1,1
1948,0,null,0,0,0
1949,0,null,0,0,0
1950,0,null,0,0,0
1951,0,null,0,0,0
1952,0,null,0,0,0
1953,0,null,0,0,0
1954,0,null,0,0,0
1955,0,null,0,0,0
1956,0,null,0,0,0
1957,0,null,0,0,0
1958,0,null,0,0,0
1959,0,null,0,0,0
2030,0,null,0,0,0
2031,0,null,0,0,0
2032,0,null,0,0,0
2033,0,null,0,0,0
2034,0,null,0,0,0
2035,1,primary_proton,1,1,1
2036,0,null,0,0,0
2037,0,null,0,0,0
2038,0,null,0,0,0
2039,0,null,0,0,0
2040,0,null,0,0,0
2041,0,null,0,0,0
2042,0,null,0,0,0
2043,0,null,0,0,0
2044,0,null,0,0,0
2045,0,null,0,0,0
2046,0,null,0,0,0
2047,0,null,0,0,0
2048,0,null,0,0,0
2049,0,null,0,0,0
2050,0,null,0,0,0
2051,0,null,0,0,0
2052,1,primary_proton,1,1,1
2053,0,null,0,0,0
2054,0,null,0,0,0
2055,1,primary_proton,1,1,0
2056,0,null,0,0,0
2057,0,null,0,0,0
2058,0,null,0,0,0
2059,0,null,0,0,0
2060,0,null,0,0,0
2061,0,null,0,0,0
2062,0,null,0,0,0
2063,0,null,0,0,0
2064,0,null,0,0,0
2065,0,null,0,0,0
2066,269,pi-,1,1,1
2067,0,null,0,0,0
2068,0,null,0,0,0
2069,0,null,0,0,0
2070,1,primary_proton,1,1,1
2071,0,null,0,0,0
2072,0,null,0,0,0
2073,0,null,0,0,0
2074,0,null,0,0,0
2075,0,null,0,0,0
2076,0,null,0,0,0
2077,0,null,0,0,0
2078,0,null,0,0,0
2079,0,null,0,0,0
2080,0,null,0,0,0
2081,0,null,0,0,0
2082,0,null,0,0,0
2083,0,null,0,0,0
2084,0,null,0,0,0
2085,0,null,0,0,0
2086,0,null,0,0,0
2087,0,null,0,0,0
2088,1,primary_proton,1,1,1
2089,7,secondary_proton,1,1,1
2090,2,secondary_proton,1,1,1
2091,0,null,0,0,0
2092,0,null,0,0,0
2093,0,null,0,0,0
2094,0,null,0,0,0
2095,0,null,0,0,0
2096,0,null,0,0,0
2097,0,null,0,0,0
2098,0,null,0,0,0
2099,0,null,0,0,0
2310,0,null,0,0,0
2311,0,null,0,0,0
2312,0,null,0,0,0
2313,0,null,0,0,0
2314,0,null,0,0,0
2315,0,null,0,0,0
1964,0,null,0,0,0
1965,0,null,0,0,0
1966,0,null,0,0,0
1967,1,primary_proton,1,1,0
1968,0,null,0,0,0
1969,0,null,0,0,0
1970,0,null,0,0,0
1971,1,primary_proton,1,1,1
1972,0,null,0,0,0
1973,0,null,0,0,0
1974,0,null,0,0,0
1975,0,null,0,0,0
1976,0,null,0,0,0
1977,0,null,0,0,0
1978,0,null,0,0,0
1979,0,null,0,0,0
1980,0,null,0,0,0
1981,0,null,0,0,0
1982,0,null,0,0,0
1983,0,null,0,0,0
1984,0,null,0,0,0
1985,0,null,0,0,0
1986,0,null,0,0,0
1987,0,null,0,0,0
1988,0,null,0,0,0
1989,0,null,0,0,0
1990,6,kaon+,1,1,1
1991,0,null,0,0,0
1992,0,null,0,0,0
1993,0,null,0,0,0
1994,0,null,0,0,0
1995,0,null,0,0,0
1996,1,primary_proton,1,1,1
1997,0,null,0,0,0
1998,0,null,0,0,0
1999,0,null,0,0,0
2000,0,null,0,0,0
2001,0,null,0,0,0
2002,0,null,0,0,0
2003,0,null,0,0,0
2004,1,primary_proton,1,1,1
2005,0,null,0,0,0
2006,0,null,0,0,0
2007,0,null,0,0,0
2008,0,null,0,0,0
2009,0,null,0,0,0
2010,0,null,0,0,0
2011,0,null,0,0,0
2012,0,null,0,0,0
2013,0,null,0,0,0
2014,1,primary_proton,1,1,1
2015,0,null,0,0,0
2016,11,secondary_proton,1,1,1
2017,0,null,0,0,0
2018,0,null,0,0,0
2019,0,null,0,0,0
2020,0,null,0,0,0
2021,0,null,0,0,0
2022,0,null,0,0,0
2023,0,null,0,0,0
2024,0,null,0,0,0
2025,0,null,0,0,0
2026,0,null,0,0,0
2027,0,null,0,0,0
2028,0,null,0,0,0
2029,0,null,0,0,0
2100,0,null,0,0,0
2101,0,null,0,0,0
2102,0,null,0,0,0
2103,0,null,0,0,0
2104,0,null,0,0,0
2105,0,null,0,0,0
2106,0,null,0,0,0
2107,0,null,0,0,0
2108,0,null,0,0,0
2109,0,null,0,0,0
2110,0,null,0,0,0
2111,0,null,0,0,0
2112,0,null,0,0,0
2113,0,null,0,0,0
2114,0,null,0,0,0
2115,1,primary_proton,1,1,1
2116,0,null,0,0,0
2117,506,pi+,1,1,1
2118,0,null,0,0,0
2119,0,null,0,0,0
2120,0,null,0,0,0
2121,0,null,0,0,0
2122,0,null,0,0,0
2123,0,null,0,0,0
2124,0,null,0,0,0
2125,0,null,0,0,0
2126,0,null,0,0,0
2127,0,null,0,0,0
2128,0,null,0,0,0
2129,0,null,0,0,0
2130,0,null,0,0,0
2131,0,null,0,0,0
2132,0,null,0,0,0
2133,0,null,0,0,0
2134,0,null,0,0,0
2135,0,null,0,0,0
2136,0,null,0,0,0
2137,0,null,0,0,0
2138,0,null,0,0,0
2139,0,null,0,0,0
2140,0,null,0,0,0
2141,0,null,0,0,0
2142,0,null,0,0,0
2143,0,null,0,0,0
2144,0,null,0,0,0
2145,0,null,0,0,0
2146,0,null,0,0,0
2147,0,null,0,0,0
2148,0,null,0,0,0
2149,0,null,0,0,0
2150,0,null,0,0,0
2151,6,pi+,1,1,1
2152,0,null,0,0,0
2153,0,null,0,0,0
2154,0,null,0,0,0
2155,0,null,0,0,0
2156,0,null,0,0,0
2157,0,null,0,0,0
2158,0,null,0,0,0
2159,0,null,0,0,0
2160,0,null,0,0,0
2161,0,null,0,0,0
2162,0,null,0,0,0
2163,0,null,0,0,0
2164,0,null,0,0,0
2165,0,null,0,0,0
2166,0,null,0,0,0
2167,0,null,0,0,0
2168,0,null,0,0,0
2169,0,null,0,0,0
2170,0,null,0,0,0
2171,2810,secondary_proton,1,1,1
2172,0,null,0,0,0
2173,0,null,0,0,0
2174,0,null,0,0,0
2175,0,null,0,0,0
2176,0,null,0,0,0
2177,0,null,0,0,0
2178,1,primary_proton,1,1,1
2179,0,null,0,0,0
2180,0,null,0,0,0
2181,0,null,0,0,0
2182,0,null,0,0,0
2183,0,null,0,0,0
2184,0,null,0,0,0
2185,0,null,0,0,0
2186,0,null,0,0,0
2187,0,null,0,0,0
2188,0,null,0,0,0
2189,0,null,0,0,0
2190,0,null,0,0,0
2191,2614,secondary_proton,1,1,0
2192,0,null,0,0,0
2193,0,null,0,0,0
2194,0,null,0,0,0
2195,0,null,0,0,0
2196,0,null,0,0,0
2197,0,null,0,0,0
2198,0,null,0,0,0
2199,0,null,0,0,0
2200,1,primary_proton,1,1,1
2201,0,null,0,0,0
2202,0,null,0,0,0
2203,0,null,0,0,0
2204,0,null,0,0,0
2205,0,null,0,0,0
2206,0,null,0,0,0
2207,0,null,0,0,0
2208,0,null,0,0,0
2209,0,null,0,0,0
2210,0,null,0,0,0
2211,0,null,0,0,0
2212,1,primary_proton,1,1,1
2213,0,null,0,0,0
2214,0,null,0,0,0
2215,0,null,0,0,0
2216,0,null,0,0,0
2217,0,null,0,0,0
2218,0,null,0,0,0
2219,12,secondary_proton,1,0,0
2220,0,null,0,0,0
2221,0,null,0,0,0
2222,0,null,0,0,0
2223,0,null,0,0,0
2224,0,null,0,0,0
2225,0,null,0,0,0
2226,0,null,0,0,0
2227,0,null,0,0,0
2228,0,null,0,0,0
2229,0,null,0,0,0
2230,369,pi-,1,1,0
2231,0,null,0,0,0
2232,0,null,0,0,0
2233,7,pi-,1,1,1
2234,0,null,0,0,0
2235,0,null,0,0,0
2236,0,null,0,0,0
2237,0,null,0,0,0
2238,0,null,0,0,0
2239,0,null,0,0,0
2240,0,null,0,0,0
2241,1,primary_proton,1,1,1
2242,0,null,0,0,0
2243,0,null,0,0,0
2244,0,null,0,0,0
2245,0,null,0,0,0
2246,0,null,0,0,0
2247,0,null,0,0,0
2248,8,pi-,1,1,1
2249,0,null,0,0,0
2250,1,primary_proton,1,1,1
2317,34,pi-,1,0,0
2318,0,null,0,0,0
2319,0,null,0,0,0
2320,0,null,0,0,0
2321,0,null,0,0,0
2322,0,null,0,0,0
2323,0,null,0,0,0
2324,0,null,0,0,0
2325,3838,e-,0,1,1
2326,0,null,0,0,0
2327,0,null,0,0,0
2328,0,null,0,0,0
2329,0,null,0,0,0
2330,0,null,0,0,0
2331,0,null,0,0,0
2332,0,null,0,0,0
2333,0,null,0,0,0
2334,0,null,0,0,0
2335,0,null,0,0,0
2336,0,null,0,0,0
2337,0,null,0,0,0
2338,2806,pi+,1,0,0
2339,0,null,0,0,0
2340,0,null,0,0,0
2341,0,null,0,0,0
2342,0,null,0,0,0
2343,0,null,0,0,0
2344,1,primary_proton,1,1,1
2345,0,null,0,0,0
2346,0,null,0,0,0
2347,0,null,0,0,0
2348,0,null,0,0,0
2349,0,null,0,0,0
2350,0,null,0,0,0
2351,0,null,0,0,0
2352,0,null,0,0,0
2353,0,null,0,0,0
2354,0,null,0,0,0
2355,0,null,0,0,0
2356,0,null,0,0,0
2357,0,null,0,0,0
2358,0,null,0,0,0
2359,0,null,0,0,0
2360,0,null,0,0,0
2361,0,null,0,0,0
2362,0,null,0,0,0
2363,0,null,0,0,0
2364,0,null,0,0,0
2365,0,null,0,0,0
2366,0,null,0,0,0
2367,1,primary_proton,1,1,1
2368,0,null,0,0,0
2369,0,null,0,0,0
2370,0,null,0,0,0
2371,0,null,0,0,0
2372,0,null,0,0,0
2373,0,null,0,0,0
2374,0,null,0,0,0
2375,0,null,0,0,0
2376,4,pi-,1,1,1
2377,0,null,0,0,0
2378,10,secondary_proton,1,1,1
2379,0,null,0,0,0
2450,0,null,0,0,0
2451,0,null,0,0,0
2452,0,null,0,0,0
2453,0,null,0,0,0
2454,0,null,0,0,0
2455,0,null,0,0,0
2456,11,pi+,1,1,1
2457,0,null,0,0,0
2458,0,null,0,0,0
2459,0,null,0,0,0
2460,0,null,0,0,0
2461,0,null,0,0,0
2462,0,null,0,0,0
2463,0,null,0,0,0
2464,0,null,0,0,0
2465,0,null,0,0,0
2466,0,null,0,0,0
2467,0,null,0,0,0
2468,0,null,0,0,0
2469,6,kaon+,1,1,1
2470,2751,secondary_proton,1,1,0
2471,1,primary_proton,1,1,1
2472,0,null,0,0,0
2473,0,null,0,0,0
2474,0,null,0,0,0
2475,0,null,0,0,0
2476,990,e-,1,1,1
2477,0,null,0,0,0
2478,0,null,0,0,0
2479,0,null,0,0,0
2480,0,null,0,0,0
2481,0,null,0,0,0
2482,0,null,0,0,0
2483,0,null,0,0,0
2484,0,null,0,0,0
2485,0,null,0,0,0
2486,0,null,0,0,0
2487,0,null,0,0,0
2488,0,null,0,0,0
2489,0,null,0,0,0
2490,0,null,0,0,0
2491,0,null,0,0,0
2492,1,primary_proton,1,1,1
2493,0,null,0,0,0
2494,0,null,0,0,0
2495,0,null,0,0,0
2496,0,null,0,0,0
2497,0,null,0,0,0
2498,0,null,0,0,0
2499,0,null,0,0,0
2500,0,null,0,0,0
2501,0,null,0,0,0
2502,0,null,0,0,0
2503,0,null,0,0,0
2504,0,null,0,0,0
2505,0,null,0,0,0
2506,0,null,0,0,0
2507,0,null,0,0,0
2508,13,pi+,1,1,1
2509,0,null,0,0,0
2510,0,null,0,0,0
2511,0,null,0,0,0
2512,0,null,0,0,0
2513,0,null,0,0,0
2514,0,null,0,0,0
2515,0,null,0,0,0
2516,0,null,0,0,0
2517,0,null,0,0,0
2518,0,null,0,0,0
2519,0,null,0,0,0
2590,0,null,0,0,0
2591,0,null,0,0,0
2592,0,null,0,0,0
2593,0,null,0,0,0
2594,0,null,0,0,0
2595,0,null,0,0,0
2596,1,primary_proton,1,1,1
2597,0,null,0,0,0
2598,0,null,0,0,0
2599,0,null,0,0,0
2600,0,null,0,0,0
2601,0,null,0,0,0
2602,0,null,0,0,0
2603,0,null,0,0,0
2604,0,null,0,0,0
2605,0,null,0,0,0
2606,0,null,0,0,0
2607,0,null,0,0,0
2608,0,null,0,0,0
2609,0,null,0,0,0
2610,0,null,0,0,0
2611,0,null,0,0,0
2612,0,null,0,0,0
2613,0,null,0,0,0
2614,0,null,0,0,0
2615,0,null,0,0,0
2616,0,null,0,0,0
2617,0,null,0,0,0
2618,0,null,0,0,0
2619,0,null,0,0,0
2620,0,null,0,0,0
2621,0,null,0,0,0
2622,0,null,0,0,0
2623,0,null,0,0,0
2624,0,null,0,0,0
2625,0,null,0,0,0
2626,0,null,0,0,0
2627,0,null,0,0,0
2628,0,null,0,0,0
2629,0,null,0,0,0
2630,0,null,0,0,0
2631,0,null,0,0,0
2632,0,null,0,0,0
2633,0,null,0,0,0
2634,0,null,0,0,0
2635,0,null,0,0,0
2636,0,null,0,0,0
2637,0,null,0,0,0
2638,0,null,0,0,0
2639,0,null,0,0,0
2640,0,null,0,0,0
2641,0,null,0,0,0
2642,0,null,0,0,0
2643,0,null,0,0,0
2644,0,null,0,0,0
2645,0,null,0,0,0
2646,0,null,0,0,0
2647,0,null,0,0,0
2648,0,null,0,0,0
2649,0,null,0,0,0
2650,1,primary_proton,1,1,1
2651,0,null,0,0,0
2652,0,null,0,0,0
2653,0,null,0,0,0
2654,0,null,0,0,0
2655,0,null,0,0,0
2656,0,null,0,0,0
2657,0,null,0,0,0
2658,0,null,0,0,0
2659,0,null,0,0,0
2660,0,null,0,0,0
2661,0,null,0,0,0
2662,0,null,0,0,0
2663,0,null,0,0,0
2664,0,null,0,0,0
2665,0,null,0,0,0
2666,0,null,0,0,0
2667,0,null,0,0,0
2668,0,null,0,0,0
2669,1,primary_proton,1,1,1
2670,0,null,0,0,0
2671,0,null,0,0,0
2672,0,null,0,0,0
2673,0,null,0,0,0
2674,0,null,0,0,0
2675,0,null,0,0,0
2676,1,primary_proton,1,1,1
2252,0,null,0,0,0
2253,0,null,0,0,0
2254,0,null,0,0,0
2255,0,null,0,0,0
2256,0,null,0,0,0
2257,0,null,0,0,0
2258,0,null,0,0,0
2259,0,null,0,0,0
2260,0,null,0,0,0
2261,0,null,0,0,0
2262,0,null,0,0,0
2263,0,null,0,0,0
2264,0,null,0,0,0
2265,0,null,0,0,0
2266,0,null,0,0,0
2267,0,null,0,0,0
2268,0,null,0,0,0
2269,0,null,0,0,0
2270,0,null,0,0,0
2271,0,null,0,0,0
2272,0,null,0,0,0
2273,0,null,0,0,0
2274,0,null,0,0,0
2275,0,null,0,0,0
2276,0,null,0,0,0
2277,0,null,0,0,0
2278,0,null,0,0,0
2279,0,null,0,0,0
2280,0,null,0,0,0
2281,0,null,0,0,0
2282,0,null,0,0,0
2283,1,primary_proton,1,1,1
2284,0,null,0,0,0
2285,0,null,0,0,0
2286,0,null,0,0,0
2287,0,null,0,0,0
2288,0,null,0,0,0
2289,0,null,0,0,0
2290,0,null,0,0,0
2291,0,null,0,0,0
2292,0,null,0,0,0
2293,0,null,0,0,0
2294,0,null,0,0,0
2295,0,null,0,0,0
2296,0,null,0,0,0
2297,0,null,0,0,0
2298,0,null,0,0,0
2299,0,null,0,0,0
2300,0,null,0,0,0
2301,0,null,0,0,0
2302,1,primary_proton,1,1,1
2303,0,null,0,0,0
2304,0,null,0,0,0
2305,0,null,0,0,0
2306,1,primary_proton,1,1,1
2307,1,primary_proton,1,1,1
2308,0,null,0,0,0
2309,0,null,0,0,0
2380,0,null,0,0,0
2381,0,null,0,0,0
2382,0,null,0,0,0
2383,0,null,0,0,0
2384,0,null,0,0,0
2385,0,null,0,0,0
2386,11,pi+,1,1,0
2387,0,null,0,0,0
2388,0,null,0,0,0
2389,0,null,0,0,0
2390,0,null,0,0,0
2391,162,secondary_proton,1,1,1
2392,26,pi+,1,1,1
2393,0,null,0,0,0
2394,0,null,0,0,0
2395,0,null,0,0,0
2396,0,null,0,0,0
2397,0,null,0,0,0
2398,0,null,0,0,0
2399,0,null,0,0,0
2400,0,null,0,0,0
2401,0,null,0,0,0
2402,0,null,0,0,0
2403,0,null,0,0,0
2404,0,null,0,0,0
2405,0,null,0,0,0
2406,0,null,0,0,0
2407,8,pi-,1,1,1
2408,0,null,0,0,0
2409,0,null,0,0,0
2410,0,null,0,0,0
2411,0,null,0,0,0
2412,0,null,0,0,0
2413,0,null,0,0,0
2414,0,null,0,0,0
2415,0,null,0,0,0
2416,0,null,0,0,0
2417,0,null,0,0,0
2418,0,null,0,0,0
2419,0,null,0,0,0
2420,0,null,0,0,0
2421,0,null,0,0,0
2422,0,null,0,0,0
2423,0,null,0,0,0
2424,10,pi+,1,1,1
2425,0,null,0,0,0
2426,0,null,0,0,0
2427,0,null,0,0,0
2428,0,null,0,0,0
2429,0,null,0,0,0
2430,0,null,0,0,0
2431,0,null,0,0,0
2432,0,null,0,0,0
2433,0,null,0,0,0
2434,0,null,0,0,0
2435,0,null,0,0,0
2436,0,null,0,0,0
2437,0,null,0,0,0
2438,0,null,0,0,0
2439,0,null,0,0,0
2440,0,null,0,0,0
2441,0,null,0,0,0
2442,0,null,0,0,0
2443,0,null,0,0,0
2444,0,null,0,0,0
2445,0,null,0,0,0
2446,0,null,0,0,0
2447,0,null,0,0,0
2448,0,null,0,0,0
2449,0,null,0,0,0
2520,0,null,0,0,0
2521,0,null,0,0,0
2522,29,secondary_proton,1,0,0
2523,0,null,0,0,0
2524,0,null,0,0,0
2525,0,null,0,0,0
2526,0,null,0,0,0
2527,0,null,0,0,0
2528,0,null,0,0,0
2529,11,pi+,1,1,1
2530,0,null,0,0,0
2531,0,null,0,0,0
2532,0,null,0,0,0
2533,0,null,0,0,0
2534,0,null,0,0,0
2535,0,null,0,0,0
2536,0,null,0,0,0
2537,0,null,0,0,0
2538,0,null,0,0,0
2539,0,null,0,0,0
2540,0,null,0,0,0
2541,7932,secondary_proton,1,1,1
2542,0,null,0,0,0
2543,0,null,0,0,0
2544,1,primary_proton,1,1,1
2545,0,null,0,0,0
2546,0,null,0,0,0
2547,31,secondary_proton,1,1,1
2548,0,null,0,0,0
2549,0,null,0,0,0
2550,616,secondary_proton,1,1,0
2551,0,null,0,0,0
2552,13,pi+,1,0,0
2553,0,null,0,0,0
2554,0,null,0,0,0
2555,0,null,0,0,0
2556,0,null,0,0,0
2557,0,null,0,0,0
2558,0,null,0,0,0
2559,0,null,0,0,0
2560,0,null,0,0,0
2561,0,null,0,0,0
2562,0,null,0,0,0
2563,0,null,0,0,0
2564,0,null,0,0,0
2565,9,pi+,1,1,1
2566,0,null,0,0,0
2567,0,null,0,0,0
2568,0,null,0,0,0
2569,0,null,0,0,0
2570,0,null,0,0,0
2571,0,null,0,0,0
2572,0,null,0,0,0
2573,0,null,0,0,0
2574,0,null,0,0,0
2575,0,null,0,0,0
2576,0,null,0,0,0
2577,0,null,0,0,0
2578,0,null,0,0,0
2579,0,null,0,0,0
2580,0,null,0,0,0
2581,0,null,0,0,0
2582,0,null,0,0,0
2583,0,null,0,0,0
2584,0,null,0,0,0
2585,0,null,0,0,0
2586,0,null,0,0,0
2587,13,pi-,1,1,1
2588,0,null,0,0,0
2589,0,null,0,0,0
2730,0,null,0,0,0
2731,0,null,0,0,0
2732,0,null,0,0,0
2733,0,null,0,0,0
2734,0,null,0,0,0
2735,0,null,0,0,0
2736,0,null,0,0,0
2737,0,null,0,0,0
2738,1,primary_proton,1,1,1
2739,0,null,0,0,0
2740,0,null,0,0,0
2741,0,null,0,0,0
2742,6,pi+,1,0,0
2743,0,null,0,0,0
2744,0,null,0,0,0
2745,0,null,0,0,0
2746,0,null,0,0,0
2747,0,null,0,0,0
2748,0,null,0,0,0
2749,0,null,0,0,0
2750,0,null,0,0,0
2751,0,null,0,0,0
2678,0,null,0,0,0
2679,0,null,0,0,0
2680,0,null,0,0,0
2681,0,null,0,0,0
2682,0,null,0,0,0
2683,0,null,0,0,0
2684,0,null,0,0,0
2685,0,null,0,0,0
2686,0,null,0,0,0
2687,1,primary_proton,1,1,1
2688,0,null,0,0,0
2689,10,pi+,1,1,1
2690,0,null,0,0,0
2691,0,null,0,0,0
2692,0,null,0,0,0
2693,0,null,0,0,0
2694,0,null,0,0,0
2695,0,null,0,0,0
2696,0,null,0,0,0
2697,0,null,0,0,0
2698,0,null,0,0,0
2699,0,null,0,0,0
2700,0,null,0,0,0
2701,0,null,0,0,0
2702,42,pi-,1,1,1
2703,0,null,0,0,0
2704,0,null,0,0,0
2705,0,null,0,0,0
2706,0,null,0,0,0
2707,0,null,0,0,0
2708,2,secondary_proton,1,0,0
2709,0,null,0,0,0
2710,0,null,0,0,0
2711,0,null,0,0,0
2712,0,null,0,0,0
2713,0,null,0,0,0
2714,0,null,0,0,0
2715,0,null,0,0,0
2716,0,null,0,0,0
2717,0,null,0,0,0
2718,0,null,0,0,0
2719,0,null,0,0,0
2720,0,null,0,0,0
2721,0,null,0,0,0
2722,0,null,0,0,0
2723,0,null,0,0,0
2724,0,null,0,0,0
2725,0,null,0,0,0
2726,0,null,0,0,0
2727,0,null,0,0,0
2728,0,null,0,0,0
2729,0,null,0,0,0
2800,0,null,0,0,0
2801,0,null,0,0,0
2802,0,null,0,0,0
2803,0,null,0,0,0
2804,0,null,0,0,0
2805,0,null,0,0,0
2806,0,null,0,0,0
2807,5,pi-,1,1,1
2808,0,null,0,0,0
2809,0,null,0,0,0
2810,0,null,0,0,0
2811,0,null,0,0,0
2812,0,null,0,0,0
2813,0,null,0,0,0
2814,0,null,0,0,0
2815,0,null,0,0,0
2816,0,null,0,0,0
2817,0,null,0,0,0
2818,0,null,0,0,0
2819,0,null,0,0,0
2820,0,null,0,0,0
2821,0,null,0,0,0
2822,0,null,0,0,0
2823,0,null,0,0,0
2824,0,null,0,0,0
2825,0,null,0,0,0
2826,0,null,0,0,0
2827,0,null,0,0,0
2828,0,null,0,0,0
2829,0,null,0,0,0
2830,0,null,0,0,0
2831,0,null,0,0,0
2832,0,null,0,0,0
2833,0,null,0,0,0
2834,5,secondary_proton,1,1,1
2835,0,null,0,0,0
2836,0,null,0,0,0
2837,0,null,0,0,0
2838,0,null,0,0,0
2839,0,null,0,0,0
2840,0,null,0,0,0
2841,0,null,0,0,0
2842,0,null,0,0,0
2843,0,null,0,0,0
2844,0,null,0,0,0
2845,0,null,0,0,0
2846,0,null,0,0,0
2847,0,null,0,0,0
2848,0,null,0,0,0
2849,0,null,0,0,0
2850,0,null,0,0,0
2851,0,null,0,0,0
2852,0,null,0,0,0
2853,0,null,0,0,0
2854,1,primary_proton,1,1,1
2855,0,null,0,0,0
2856,0,null,0,0,0
2857,0,null,0,0,0
2858,0,null,0,0,0
2859,0,null,0,0,0
2860,0,null,0,0,0
2861,0,null,0,0,0
2862,0,null,0,0,0
2863,0,null,0,0,0
2864,0,null,0,0,0
2865,11,pi+,1,1,1
2866,0,null,0,0,0
2867,0,null,0,0,0
2868,0,null,0,0,0
2869,0,null,0,0,0
3010,0,null,0,0,0
3011,0,null,0,0,0
3012,0,null,0,0,0
3013,0,null,0,0,0
3014,0,null,0,0,0
3015,0,null,0,0,0
3016,0,null,0,0,0
3017,0,null,0,0,0
3018,0,null,0,0,0
3019,0,null,0,0,0
3020,0,null,0,0,0
3021,0,null,0,0,0
3022,0,null,0,0,0
3023,0,null,0,0,0
3024,0,null,0,0,0
3025,0,null,0,0,0
3026,0,null,0,0,0
3027,0,null,0,0,0
3028,0,null,0,0,0
3029,0,null,0,0,0
3030,0,null,0,0,0
3031,0,null,0,0,0
3032,0,null,0,0,0
3033,0,null,0,0,0
3034,0,null,0,0,0
3035,0,null,0,0,0
3036,0,null,0,0,0
3037,0,null,0,0,0
3038,0,null,0,0,0
3039,0,null,0,0,0
3040,0,null,0,0,0
3041,0,null,0,0,0
3042,0,null,0,0,0
3043,0,null,0,0,0
3044,0,null,0,0,0
3045,0,null,0,0,0
3046,0,null,0,0,0
3047,0,null,0,0,0
3048,0,null,0,0,0
3049,0,null,0,0,0
3050,0,null,0,0,0
3051,0,null,0,0,0
3052,0,null,0,0,0
3053,0,null,0,0,0
3054,6,pi+,1,0,0
3055,0,null,0,0,0
3056,0,null,0,0,0
3057,0,null,0,0,0
3058,0,null,0,0,0
3059,0,null,0,0,0
3060,0,null,0,0,0
3061,0,null,0,0,0
3062,0,null,0,0,0
3063,0,null,0,0,0
3064,0,null,0,0,0
3065,0,null,0,0,0
3066,0,null,0,0,0
3067,0,null,0,0,0
3068,0,null,0,0,0
3069,0,null,0,0,0
3070,0,null,0,0,0
3071,0,null,0,0,0
3072,2771,e-,1,1,0
3073,0,null,0,0,0
3074,0,null,0,0,0
3075,0,null,0,0,0
3076,0,null,0,0,0
3077,7,pi+,1,1,1
3078,0,null,0,0,0
3079,0,null,0,0,0
3150,0,null,0,0,0
3151,0,null,0,0,0
3152,0,null,0,0,0
3153,0,null,0,0,0
3154,0,null,0,0,0
3155,0,null,0,0,0
3156,0,null,0,0,0
3157,0,null,0,0,0
3158,0,null,0,0,0
3159,0,null,0,0,0
3160,0,null,0,0,0
3161,0,null,0,0,0
3162,0,null,0,0,0
3163,0,null,0,0,0
3164,0,null,0,0,0
3165,0,null,0,0,0
3166,0,null,0,0,0
3167,5064,secondary_proton,1,1,1
3168,0,null,0,0,0
3169,0,null,0,0,0
3170,0,null,0,0,0
3171,0,null,0,0,0
3172,0,null,0,0,0
3173,0,null,0,0,0
3174,0,null,0,0,0
3175,0,null,0,0,0
3176,0,null,0,0,0
3177,0,null,0,0,0
3178,0,null,0,0,0
3179,0,null,0,0,0
3180,0,null,0,0,0
2753,7,pi-,1,0,0
2754,0,null,0,0,0
2755,0,null,0,0,0
2756,0,null,0,0,0
2757,0,null,0,0,0
2758,0,null,0,0,0
2759,0,null,0,0,0
2760,0,null,0,0,0
2761,0,null,0,0,0
2762,0,null,0,0,0
2763,0,null,0,0,0
2764,0,null,0,0,0
2765,0,null,0,0,0
2766,0,null,0,0,0
2767,0,null,0,0,0
2768,0,null,0,0,0
2769,0,null,0,0,0
2770,0,null,0,0,0
2771,0,null,0,0,0
2772,0,null,0,0,0
2773,0,null,0,0,0
2774,0,null,0,0,0
2775,0,null,0,0,0
2776,0,null,0,0,0
2777,0,null,0,0,0
2778,0,null,0,0,0
2779,0,null,0,0,0
2780,0,null,0,0,0
2781,0,null,0,0,0
2782,0,null,0,0,0
2783,0,null,0,0,0
2784,0,null,0,0,0
2785,0,null,0,0,0
2786,0,null,0,0,0
2787,0,null,0,0,0
2788,0,null,0,0,0
2789,0,null,0,0,0
2790,0,null,0,0,0
2791,2054,e-,1,1,1
2792,0,null,0,0,0
2793,0,null,0,0,0
2794,0,null,0,0,0
2795,0,null,0,0,0
2796,0,null,0,0,0
2797,1,primary_proton,1,1,1
2798,0,null,0,0,0
2799,0,null,0,0,0
2870,0,null,0,0,0
2871,0,null,0,0,0
2872,0,null,0,0,0
2873,0,null,0,0,0
2874,0,null,0,0,0
2875,0,null,0,0,0
2876,1900,e-,1,0,0
2877,0,null,0,0,0
2878,0,null,0,0,0
2879,0,null,0,0,0
2880,0,null,0,0,0
2881,0,null,0,0,0
2882,0,null,0,0,0
2883,0,null,0,0,0
2884,0,null,0,0,0
2885,0,null,0,0,0
2886,0,null,0,0,0
2887,0,null,0,0,0
2888,0,null,0,0,0
2889,0,null,0,0,0
2890,0,null,0,0,0
2891,0,null,0,0,0
2892,0,null,0,0,0
2893,0,null,0,0,0
2894,0,null,0,0,0
2895,10,secondary_proton,1,1,1
2896,0,null,0,0,0
2897,0,null,0,0,0
2898,0,null,0,0,0
2899,0,null,0,0,0
2900,0,null,0,0,0
2901,0,null,0,0,0
2902,0,null,0,0,0
2903,0,null,0,0,0
2904,0,null,0,0,0
2905,0,null,0,0,0
2906,0,null,0,0,0
2907,1,primary_proton,1,1,1
2908,0,null,0,0,0
2909,0,null,0,0,0
2910,0,null,0,0,0
2911,0,null,0,0,0
2912,0,null,0,0,0
2913,1795,e-,0,0,1
2914,0,null,0,0,0
2915,0,null,0,0,0
2916,0,null,0,0,0
2917,0,null,0,0,0
2918,0,null,0,0,0
2919,0,null,0,0,0
2920,0,null,0,0,0
2921,0,null,0,0,0
2922,0,null,0,0,0
2923,0,null,0,0,0
2924,0,null,0,0,0
2925,0,null,0,0,0
2926,1,primary_proton,1,1,1
2927,0,null,0,0,0
2928,0,null,0,0,0
2929,0,null,0,0,0
2930,2,pi-,1,1,1
2931,0,null,0,0,0
2932,0,null,0,0,0
2933,0,null,0,0,0
2934,0,null,0,0,0
2935,0,null,0,0,0
2936,0,null,0,0,0
2937,0,null,0,0,0
2938,0,null,0,0,0
2939,0,null,0,0,0
2940,0,null,0,0,0
2941,0,null,0,0,0
2942,0,null,0,0,0
2943,0,null,0,0,0
2944,0,null,0,0,0
2945,0,null,0,0,0
2946,0,null,0,0,0
2947,1,primary_proton,1,1,1
2948,0,null,0,0,0
2949,0,null,0,0,0
2950,0,null,0,0,0
2951,0,null,0,0,0
2952,1,primary_proton,1,1,1
2953,0,null,0,0,0
2954,0,null,0,0,0
2955,0,null,0,0,0
2956,0,null,0,0,0
2957,0,null,0,0,0
2958,0,null,0,0,0
2959,0,null,0,0,0
2960,0,null,0,0,0
2961,0,null,0,0,0
2962,0,null,0,0,0
2963,1,primary_proton,1,1,1
2964,0,null,0,0,0
2965,0,null,0,0,0
2966,0,null,0,0,0
2967,0,null,0,0,0
2968,0,null,0,0,0
2969,0,null,0,0,0
2970,0,null,0,0,0
2971,0,null,0,0,0
2972,0,null,0,0,0
2973,0,null,0,0,0
2974,0,null,0,0,0
2975,0,null,0,0,0
2976,0,null,0,0,0
2977,0,null,0,0,0
2978,0,null,0,0,0
2979,0,null,0,0,0
2980,0,null,0,0,0
2981,0,null,0,0,0
2982,0,null,0,0,0
2983,0,null,0,0,0
2984,0,null,0,0,0
2985,0,null,0,0,0
2986,1,primary_proton,1,1,1
2987,0,null,0,0,0
2988,1,primary_proton,1,1,1
2989,0,null,0,0,0
2990,0,null,0,0,0
2991,0,null,0,0,0
2992,0,null,0,0,0
2993,0,null,0,0,0
2994,18,pi+,1,1,1
2995,0,null,0,0,0
2996,0,null,0,0,0
2997,0,null,0,0,0
2998,0,null,0,0,0
2999,0,null,0,0,0
3000,0,null,0,0,0
3001,0,null,0,0,0
3002,0,null,0,0,0
3003,0,null,0,0,0
3004,0,null,0,0,0
3005,0,null,0,0,0
3006,0,null,0,0,0
3007,0,null,0,0,0
3008,0,null,0,0,0
3009,0,null,0,0,0
3080,5,secondary_proton,1,1,1
3081,0,null,0,0,0
3082,0,null,0,0,0
3083,0,null,0,0,0
3084,0,null,0,0,0
3085,0,null,0,0,0
3086,0,null,0,0,0
3087,0,null,0,0,0
3088,0,null,0,0,0
3089,0,null,0,0,0
3090,0,null,0,0,0
3091,0,null,0,0,0
3092,0,null,0,0,0
3093,0,null,0,0,0
3094,0,null,0,0,0
3095,0,null,0,0,0
3096,0,null,0,0,0
3097,0,null,0,0,0
3098,0,null,0,0,0
3099,0,null,0,0,0
3100,0,null,0,0,0
3101,0,null,0,0,0
3102,0,null,0,0,0
3103,0,null,0,0,0
3104,1,primary_proton,1,1,1
3105,0,null,0,0,0
3106,13,kaon+,1,1,1
3107,7,secondary_proton,1,1,1
3108,0,null,0,0,0
3109,0,null,0,0,0
3110,0,null,0,0,0
3111,0,null,0,0,0
3182,0,null,0,0,0
3183,0,null,0,0,0
3184,0,null,0,0,0
3185,0,null,0,0,0
3186,0,null,0,0,0
3187,0,null,0,0,0
3188,0,null,0,0,0
3189,0,null,0,0,0
3190,0,null,0,0,0
3191,0,null,0,0,0
3192,0,null,0,0,0
3193,0,null,0,0,0
3194,0,null,0,0,0
3195,0,null,0,0,0
3196,0,null,0,0,0
3197,0,null,0,0,0
3198,0,null,0,0,0
3199,3097,kaon+,1,0,0
3200,0,null,0,0,0
3201,0,null,0,0,0
3202,0,null,0,0,0
3203,0,null,0,0,0
3204,0,null,0,0,0
3205,0,null,0,0,0
3206,0,null,0,0,0
3207,0,null,0,0,0
3208,0,null,0,0,0
3209,0,null,0,0,0
3210,0,null,0,0,0
3211,0,null,0,0,0
3212,0,null,0,0,0
3213,0,null,0,0,0
3214,0,null,0,0,0
3215,1,primary_proton,1,1,1
3216,0,null,0,0,0
3217,0,null,0,0,0
3218,0,null,0,0,0
3219,0,null,0,0,0
3220,0,null,0,0,0
3221,0,null,0,0,0
3222,0,null,0,0,0
3223,0,null,0,0,0
3224,0,null,0,0,0
3225,0,null,0,0,0
3226,0,null,0,0,0
3227,0,null,0,0,0
3228,0,null,0,0,0
3229,0,null,0,0,0
3230,0,null,0,0,0
3231,0,null,0,0,0
3232,0,null,0,0,0
3233,0,null,0,0,0
3234,0,null,0,0,0
3235,0,null,0,0,0
3236,0,null,0,0,0
3237,0,null,0,0,0
3238,0,null,0,0,0
3239,0,null,0,0,0
3240,0,null,0,0,0
3241,0,null,0,0,0
3242,0,null,0,0,0
3243,27,pi-,1,1,1
3244,0,null,0,0,0
3245,0,null,0,0,0
3246,0,null,0,0,0
3247,0,null,0,0,0
3248,0,null,0,0,0
3249,0,null,0,0,0
3250,0,null,0,0,0
3251,0,null,0,0,0
3252,0,null,0,0,0
3253,0,null,0,0,0
3254,0,null,0,0,0
3255,0,null,0,0,0
3256,0,null,0,0,0
3257,0,null,0,0,0
3258,0,null,0,0,0
3259,0,null,0,0,0
3260,0,null,0,0,0
3261,0,null,0,0,0
3262,0,null,0,0,0
3263,0,null,0,0,0
3264,0,null,0,0,0
3265,0,null,0,0,0
3266,7,secondary_proton,1,1,1
3267,11,pi+,1,0,0
3268,0,null,0,0,0
3269,0,null,0,0,0
3270,0,null,0,0,0
3271,0,null,0,0,0
3272,0,null,0,0,0
3273,1,primary_proton,1,1,1
3274,0,null,0,0,0
3275,0,null,0,0,0
3276,0,null,0,0,0
3277,0,null,0,0,0
3278,0,null,0,0,0
3279,0,null,0,0,0
3280,0,null,0,0,0
3281,0,null,0,0,0
3282,0,null,0,0,0
3283,1,primary_proton,1,1,1
3284,0,null,0,0,0
3285,1,primary_proton,1,1,1
3286,0,null,0,0,0
3287,0,null,0,0,0
3288,0,null,0,0,0
3289,0,null,0,0,0
3360,0,null,0,0,0
3361,0,null,0,0,0
3362,0,null,0,0,0
3363,0,null,0,0,0
3364,0,null,0,0,0
3365,0,null,0,0,0
3366,0,null,0,0,0
3367,0,null,0,0,0
3368,0,null,0,0,0
3369,0,null,0,0,0
3370,0,null,0,0,0
3371,0,null,0,0,0
3372,0,null,0,0,0
3373,0,null,0,0,0
3374,0,null,0,0,0
3375,0,null,0,0,0
3376,0,null,0,0,0
3377,0,null,0,0,0
3378,0,null,0,0,0
3379,0,null,0,0,0
3380,0,null,0,0,0
3381,0,null,0,0,0
3382,0,null,0,0,0
3383,18,pi+,1,1,1
3384,0,null,0,0,0
3385,0,null,0,0,0
3386,0,null,0,0,0
3387,0,null,0,0,0
3388,0,null,0,0,0
3389,0,null,0,0,0
3390,0,null,0,0,0
3391,0,null,0,0,0
3392,0,null,0,0,0
3393,0,null,0,0,0
3394,0,null,0,0,0
3395,0,null,0,0,0
3396,0,null,0,0,0
3397,0,null,0,0,0
3398,0,null,0,0,0
3399,0,null,0,0,0
3400,0,null,0,0,0
3401,0,null,0,0,0
3402,0,null,0,0,0
3403,0,null,0,0,0
3404,0,null,0,0,0
3405,13,pi-,1,1,1
3406,1,primary_proton,1,1,1
3407,0,null,0,0,0
3408,0,null,0,0,0
3409,0,null,0,0,0
3410,0,null,0,0,0
3411,0,null,0,0,0
3412,0,null,0,0,0
3413,0,null,0,0,0
3414,0,null,0,0,0
3415,0,null,0,0,0
3416,0,null,0,0,0
3417,0,null,0,0,0
3418,0,null,0,0,0
3419,0,null,0,0,0
3420,0,null,0,0,0
3421,0,null,0,0,0
3422,0,null,0,0,0
3423,0,null,0,0,0
3424,0,null,0,0,0
3425,0,null,0,0,0
3426,3,secondary_proton,1,1,0
3427,0,null,0,0,0
3428,0,null,0,0,0
3429,0,null,0,0,0
3430,0,null,0,0,0
3431,0,null,0,0,0
3432,0,null,0,0,0
3433,0,null,0,0,0
3434,0,null,0,0,0
3435,0,null,0,0,0
3436,0,null,0,0,0
3437,0,null,0,0,0
3438,0,null,0,0,0
3439,0,null,0,0,0
3440,0,null,0,0,0
3441,0,null,0,0,0
3442,0,null,0,0,0
3443,0,null,0,0,0
3444,0,null,0,0,0
3445,4044,pi+,1,1,0
3446,0,null,0,0,0
3447,0,null,0,0,0
3448,0,null,0,0,0
3449,0,null,0,0,0
3450,0,null,0,0,0
3451,0,null,0,0,0
3452,0,null,0,0,0
3453,0,null,0,0,0
3454,0,null,0,0,0
3455,0,null,0,0,0
3456,0,null,0,0,0
3457,0,null,0,0,0
3458,0,null,0,0,0
3459,0,null,0,0,0
3460,0,null,0,0,0
3461,0,null,0,0,0
3462,1,primary_proton,1,1,1
3463,18,pi-,1,1,1
3464,0,null,0,0,0
3465,0,null,0,0,0
3466,0,null,0,0,0
3467,0,null,0,0,0
3468,0,null,0,0,0
3469,0,null,0,0,0
3470,0,null,0,0,0
3471,1,primary_proton,1,1,1
3472,0,null,0,0,0
3474,0,null,0,0,0
3475,7,pi-,1,0,0
3476,0,null,0,0,0
3477,0,null,0,0,0
3478,0,null,0,0,0
3479,0,null,0,0,0
3480,0,null,0,0,0
3481,0,null,0,0,0
3482,0,null,0,0,0
3483,0,null,0,0,0
3484,0,null,0,0,0
3485,0,null,0,0,0
3486,0,null,0,0,0
3487,1,primary_proton,1,1,1
3488,0,null,0,0,0
3489,0,null,0,0,0
3490,520,pi-,1,0,0
3491,0,null,0,0,0
3492,0,null,0,0,0
3493,0,null,0,0,0
3494,137,pi-,1,1,1
3495,0,null,0,0,0
3496,0,null,0,0,0
3497,0,null,0,0,0
3498,0,null,0,0,0
3499,0,null,0,0,0
3570,0,null,0,0,0
3571,0,null,0,0,0
3572,0,null,0,0,0
3573,0,null,0,0,0
3574,0,null,0,0,0
3575,0,null,0,0,0
3576,0,null,0,0,0
3577,0,null,0,0,0
3578,0,null,0,0,0
3579,0,null,0,0,0
3580,0,null,0,0,0
3581,0,null,0,0,0
3582,0,null,0,0,0
3583,0,null,0,0,0
3584,0,null,0,0,0
3585,0,null,0,0,0
3586,0,null,0,0,0
3587,0,null,0,0,0
3588,0,null,0,0,0
3589,0,null,0,0,0
3590,0,null,0,0,0
3591,0,null,0,0,0
3592,0,null,0,0,0
3593,1260,pi-,1,0,0
3594,0,null,0,0,0
3595,0,null,0,0,0
3596,0,null,0,0,0
3597,0,null,0,0,0
3598,0,null,0,0,0
3599,0,null,0,0,0
3600,0,null,0,0,0
3601,0,null,0,0,0
3602,0,null,0,0,0
3603,0,null,0,0,0
3604,0,null,0,0,0
3605,0,null,0,0,0
3606,0,null,0,0,0
3607,0,null,0,0,0
3608,0,null,0,0,0
3609,1,primary_proton,1,1,1
3610,1,primary_proton,1,1,1
3611,0,null,0,0,0
3612,0,null,0,0,0
3613,0,null,0,0,0
3614,0,null,0,0,0
3615,0,null,0,0,0
3616,0,null,0,0,0
3617,0,null,0,0,0
3618,12,secondary_proton,1,1,1
3619,0,null,0,0,0
3620,0,null,0,0,0
3621,0,null,0,0,0
3622,0,null,0,0,0
3623,0,null,0,0,0
3624,0,null,0,0,0
3625,0,null,0,0,0
3626,0,null,0,0,0
3627,0,null,0,0,0
3628,0,null,0,0,0
3629,0,null,0,0,0
3630,0,null,0,0,0
3631,0,null,0,0,0
3632,0,null,0,0,0
3633,0,null,0,0,0
3634,0,null,0,0,0
3635,0,null,0,0,0
3636,0,null,0,0,0
3637,0,null,0,0,0
3638,0,null,0,0,0
3639,0,null,0,0,0
3640,0,null,0,0,0
3641,0,null,0,0,0
3642,0,null,0,0,0
3643,0,null,0,0,0
3644,0,null,0,0,0
3645,0,null,0,0,0
3646,0,null,0,0,0
3647,0,null,0,0,0
3648,0,null,0,0,0
3649,0,null,0,0,0
3650,0,null,0,0,0
3651,0,null,0,0,0
3652,0,null,0,0,0
3653,0,null,0,0,0
3654,0,null,0,0,0
3655,0,null,0,0,0
3656,0,null,0,0,0
3657,0,null,0,0,0
3658,0,null,0,0,0
3659,0,null,0,0,0
3660,0,null,0,0,0
3661,0,null,0,0,0
3662,0,null,0,0,0
3663,0,null,0,0,0
3664,0,null,0,0,0
3665,0,null,0,0,0
3666,1,primary_proton,1,1,1
3667,0,null,0,0,0
3668,0,null,0,0,0
3669,0,null,0,0,0
3670,0,null,0,0,0
3671,0,null,0,0,0
3672,0,null,0,0,0
3673,0,null,0,0,0
3674,0,null,0,0,0
3675,0,null,0,0,0
3676,0,null,0,0,0
3677,0,null,0,0,0
3678,1,primary_proton,1,1,1
3679,0,null,0,0,0
3680,1,primary_proton,1,1,1
3681,0,null,0,0,0
3682,0,null,0,0,0
3683,0,null,0,0,0
3684,0,null,0,0,0
3685,0,null,0,0,0
3686,0,null,0,0,0
3687,0,null,0,0,0
3688,0,null,0,0,0
3689,0,null,0,0,0
3690,0,null,0,0,0
3691,0,null,0,0,0
3692,0,null,0,0,0
3693,0,null,0,0,0
3694,0,null,0,0,0
3695,0,null,0,0,0
3696,0,null,0,0,0
3697,0,null,0,0,0
3698,0,null,0,0,0
3699,0,null,0,0,0
3700,0,null,0,0,0
3701,0,null,0,0,0
3702,0,null,0,0,0
3703,0,null,0,0,0
3704,0,null,0,0,0
3705,0,null,0,0,0
3706,0,null,0,0,0
3707,0,null,0,0,0
3708,1,primary_proton,1,1,1
3709,0,null,0,0,0
3710,0,null,0,0,0
3711,0,null,0,0,0
3712,0,null,0,0,0
3713,0,null,0,0,0
3714,0,null,0,0,0
3715,2,secondary_proton,1,1,1
3716,0,null,0,0,0
3717,0,null,0,0,0
3718,0,null,0,0,0
3719,0,null,0,0,0
3720,0,null,0,0,0
3721,0,null,0,0,0
3722,0,null,0,0,0
3723,0,null,0,0,0
3724,1,primary_proton,1,1,1
3725,24,pi-,1,1,1
3726,0,null,0,0,0
3727,0,null,0,0,0
3728,0,null,0,0,0
3729,0,null,0,0,0
3730,0,null,0,0,0
3731,0,null,0,0,0
3732,0,null,0,0,0
3733,0,null,0,0,0
3734,0,null,0,0,0
3735,0,null,0,0,0
3736,0,null,0,0,0
3737,0,null,0,0,0
3738,0,null,0,0,0
3739,0,null,0,0,0
3740,0,null,0,0,0
3741,0,null,0,0,0
3742,0,null,0,0,0
3743,0,null,0,0,0
3744,0,null,0,0,0
3745,0,null,0,0,0
3746,0,null,0,0,0
3747,0,null,0,0,0
3748,0,null,0,0,0
3749,0,null,0,0,0
3750,0,null,0,0,0
3751,0,null,0,0,0
3752,0,null,0,0,0
3753,0,null,0,0,0
3754,0,null,0,0,0
3755,0,null,0,0,0
3756,1,primary_proton,1,1,1
3757,0,null,0,0,0
3758,0,null,0,0,0
3759,0,null,0,0,0
3760,0,null,0,0,0
3761,0,null,0,0,0
3762,0,null,0,0,0
3763,0,null,0,0,0
3113,0,null,0,0,0
3114,0,null,0,0,0
3115,0,null,0,0,0
3116,2,secondary_proton,1,1,1
3117,0,null,0,0,0
3118,0,null,0,0,0
3119,0,null,0,0,0
3120,0,null,0,0,0
3121,0,null,0,0,0
3122,0,null,0,0,0
3123,0,null,0,0,0
3124,0,null,0,0,0
3125,0,null,0,0,0
3126,0,null,0,0,0
3127,0,null,0,0,0
3128,0,null,0,0,0
3129,11,secondary_proton,1,1,1
3130,0,null,0,0,0
3131,0,null,0,0,0
3132,0,null,0,0,0
3133,0,null,0,0,0
3134,0,null,0,0,0
3135,0,null,0,0,0
3136,0,null,0,0,0
3137,0,null,0,0,0
3138,0,null,0,0,0
3139,0,null,0,0,0
3140,0,null,0,0,0
3141,0,null,0,0,0
3142,128,pi+,1,1,1
3143,0,null,0,0,0
3144,0,null,0,0,0
3145,0,null,0,0,0
3146,0,null,0,0,0
3147,0,null,0,0,0
3148,0,null,0,0,0
3149,5,secondary_proton,1,1,1
3290,0,null,0,0,0
3291,0,null,0,0,0
3292,0,null,0,0,0
3293,0,null,0,0,0
3294,0,null,0,0,0
3295,0,null,0,0,0
3296,0,null,0,0,0
3297,0,null,0,0,0
3298,0,null,0,0,0
3299,0,null,0,0,0
3300,0,null,0,0,0
3301,0,null,0,0,0
3302,0,null,0,0,0
3303,0,null,0,0,0
3304,0,null,0,0,0
3305,0,null,0,0,0
3306,0,null,0,0,0
3307,0,null,0,0,0
3308,0,null,0,0,0
3309,1,primary_proton,1,1,1
3310,4,secondary_proton,1,1,1
3311,0,null,0,0,0
3312,782,e-,1,1,1
3313,0,null,0,0,0
3314,0,null,0,0,0
3315,0,null,0,0,0
3316,0,null,0,0,0
3317,0,null,0,0,0
3318,0,null,0,0,0
3319,0,null,0,0,0
3320,0,null,0,0,0
3321,0,null,0,0,0
3322,0,null,0,0,0
3323,0,null,0,0,0
3324,6,secondary_proton,1,1,1
3325,1,primary_proton,1,1,1
3326,1,primary_proton,1,1,1
3327,0,null,0,0,0
3328,0,null,0,0,0
3329,0,null,0,0,0
3330,0,null,0,0,0
3331,0,null,0,0,0
3332,0,null,0,0,0
3333,0,null,0,0,0
3334,0,null,0,0,0
3335,0,null,0,0,0
3336,0,null,0,0,0
3337,0,null,0,0,0
3338,12,pi-,1,1,1
3339,0,null,0,0,0
3340,0,null,0,0,0
3341,4,secondary_proton,1,1,1
3342,0,null,0,0,0
3343,0,null,0,0,0
3344,0,null,0,0,0
3345,10,pi+,1,1,1
3346,0,null,0,0,0
3347,0,null,0,0,0
3348,0,null,0,0,0
3349,1,primary_proton,1,1,1
3350,0,null,0,0,0
3351,0,null,0,0,0
3352,0,null,0,0,0
3353,1,primary_proton,1,1,1
3354,0,null,0,0,0
3355,0,null,0,0,0
3356,0,null,0,0,0
3357,0,null,0,0,0
3358,0,null,0,0,0
3359,0,null,0,0,0
3500,0,null,0,0,0
3501,0,null,0,0,0
3502,21,pi+,1,0,0
3503,0,null,0,0,0
3504,0,null,0,0,0
3505,0,null,0,0,0
3506,0,null,0,0,0
3507,0,null,0,0,0
3508,0,null,0,0,0
3509,0,null,0,0,0
3510,0,null,0,0,0
3511,0,null,0,0,0
3512,0,null,0,0,0
3513,0,null,0,0,0
3514,9,secondary_proton,1,1,1
3515,0,null,0,0,0
3516,0,null,0,0,0
3517,0,null,0,0,0
3518,0,null,0,0,0
3519,0,null,0,0,0
3520,0,null,0,0,0
3521,0,null,0,0,0
3522,0,null,0,0,0
3523,0,null,0,0,0
3524,0,null,0,0,0
3525,0,null,0,0,0
3526,0,null,0,0,0
3527,0,null,0,0,0
3528,0,null,0,0,0
3529,0,null,0,0,0
3530,0,null,0,0,0
3531,0,null,0,0,0
3532,1,primary_proton,1,1,1
3533,0,null,0,0,0
3534,0,null,0,0,0
3535,0,null,0,0,0
3536,0,null,0,0,0
3537,0,null,0,0,0
3538,0,null,0,0,0
3539,0,null,0,0,0
3540,0,null,0,0,0
3541,0,null,0,0,0
3542,0,null,0,0,0
3543,0,null,0,0,0
3544,0,null,0,0,0
3545,0,null,0,0,0
3546,0,null,0,0,0
3547,0,null,0,0,0
3548,0,null,0,0,0
3549,0,null,0,0,0
3550,1,primary_proton,1,1,1
3551,0,null,0,0,0
3552,0,null,0,0,0
3553,0,null,0,0,0
3554,0,null,0,0,0
3555,0,null,0,0,0
3556,0,null,0,0,0
3557,0,null,0,0,0
3558,0,null,0,0,0
3559,0,null,0,0,0
3560,0,null,0,0,0
3561,0,null,0,0,0
3562,0,null,0,0,0
3563,0,null,0,0,0
3564,0,null,0,0,0
3565,0,null,0,0,0
3566,0,null,0,0,0
3567,1478,deuteron,1,1,0
3568,0,null,0,0,0
3569,0,null,0,0,0
3780,0,null,0,0,0
3781,0,null,0,0,0
3782,0,null,0,0,0
3783,0,null,0,0,0
3784,0,null,0,0,0
3785,0,null,0,0,0
3786,2,secondary_proton,1,1,1
3787,0,null,0,0,0
3788,11,pi-,1,1,1
3789,10,pi+,1,1,1
3790,0,null,0,0,0
3791,0,null,0,0,0
3792,0,null,0,0,0
3793,1,primary_proton,1,1,1
3794,7,pi+,1,1,1
3795,0,null,0,0,0
3796,9,pi-,1,1,1
3797,0,null,0,0,0
3798,0,null,0,0,0
3799,0,null,0,0,0
3800,0,null,0,0,0
3801,6,pi+,1,1,1
3802,0,null,0,0,0
3803,0,null,0,0,0
3804,0,null,0,0,0
3805,0,null,0,0,0
3806,6,secondary_proton,1,1,1
3807,0,null,0,0,0
3808,0,null,0,0,0
3809,0,null,0,0,0
3810,0,null,0,0,0
3811,0,null,0,0,0
3812,0,null,0,0,0
3813,0,null,0,0,0
3814,0,null,0,0,0
3815,0,null,0,0,0
3816,0,null,0,0,0
3817,0,null,0,0,0
3818,0,null,0,0,0
3765,0,null,0,0,0
3766,0,null,0,0,0
3767,0,null,0,0,0
3768,0,null,0,0,0
3769,0,null,0,0,0
3770,0,null,0,0,0
3771,0,null,0,0,0
3772,0,null,0,0,0
3773,0,null,0,0,0
3774,0,null,0,0,0
3775,3,secondary_proton,1,1,1
3776,0,null,0,0,0
3777,0,null,0,0,0
3778,1,primary_proton,1,1,1
3779,0,null,0,0,0
3850,0,null,0,0,0
3851,0,null,0,0,0
3852,0,null,0,0,0
3853,0,null,0,0,0
3854,0,null,0,0,0
3855,0,null,0,0,0
3856,0,null,0,0,0
3857,0,null,0,0,0
3858,0,null,0,0,0
3859,0,null,0,0,0
3860,0,null,0,0,0
3861,0,null,0,0,0
3862,0,null,0,0,0
3863,0,null,0,0,0
3864,0,null,0,0,0
3865,0,null,0,0,0
3866,0,null,0,0,0
3867,0,null,0,0,0
3868,0,null,0,0,0
3869,0,null,0,0,0
3870,0,null,0,0,0
3871,0,null,0,0,0
3872,0,null,0,0,0
3873,0,null,0,0,0
3874,0,null,0,0,0
3875,0,null,0,0,0
3876,0,null,0,0,0
3877,6,secondary_proton,1,1,1
3878,0,null,0,0,0
3879,0,null,0,0,0
3880,0,null,0,0,0
3881,0,null,0,0,0
3882,0,null,0,0,0
3883,23,pi-,1,0,0
3884,0,null,0,0,0
3885,0,null,0,0,0
3886,0,null,0,0,0
3887,0,null,0,0,0
3888,0,null,0,0,0
3889,0,null,0,0,0
3890,0,null,0,0,0
3891,0,null,0,0,0
3892,0,null,0,0,0
3893,0,null,0,0,0
3894,0,null,0,0,0
3895,0,null,0,0,0
3896,0,null,0,0,0
3897,0,null,0,0,0
3898,0,null,0,0,0
3899,0,null,0,0,0
3900,0,null,0,0,0
3901,0,null,0,0,0
3902,0,null,0,0,0
3903,0,null,0,0,0
3904,0,null,0,0,0
3905,0,null,0,0,0
3906,0,null,0,0,0
3907,0,null,0,0,0
3908,0,null,0,0,0
3909,11,pi+,1,1,1
3910,13,pi-,1,1,1
3911,0,null,0,0,0
3912,0,null,0,0,0
3913,0,null,0,0,0
3914,0,null,0,0,0
3915,0,null,0,0,0
3916,0,null,0,0,0
3917,0,null,0,0,0
3918,0,null,0,0,0
3919,0,null,0,0,0
3990,0,null,0,0,0
3991,0,null,0,0,0
3992,0,null,0,0,0
3993,1,primary_proton,1,1,1
3994,0,null,0,0,0
3995,0,null,0,0,0
3996,1,primary_proton,1,1,1
3997,0,null,0,0,0
3998,0,null,0,0,0
3999,0,null,0,0,0
4000,0,null,0,0,0
4001,0,null,0,0,0
4002,0,null,0,0,0
4003,0,null,0,0,0
4004,0,null,0,0,0
4005,0,null,0,0,0
4006,0,null,0,0,0
4007,0,null,0,0,0
4008,0,null,0,0,0
4009,0,null,0,0,0
4010,0,null,0,0,0
4011,0,null,0,0,0
4012,0,null,0,0,0
4013,0,null,0,0,0
4014,0,null,0,0,0
4015,0,null,0,0,0
4016,0,null,0,0,0
4017,0,null,0,0,0
4018,0,null,0,0,0
4019,0,null,0,0,0
4020,0,null,0,0,0
4021,0,null,0,0,0
4022,0,null,0,0,0
4023,0,null,0,0,0
4024,0,null,0,0,0
4025,0,null,0,0,0
4026,0,null,0,0,0
4027,0,null,0,0,0
4028,0,null,0,0,0
4029,0,null,0,0,0
4030,0,null,0,0,0
4031,0,null,0,0,0
4032,0,null,0,0,0
4033,0,null,0,0,0
4034,0,null,0,0,0
4035,0,null,0,0,0
4036,0,null,0,0,0
4037,0,null,0,0,0
4038,0,null,0,0,0
4039,0,null,0,0,0
4040,0,null,0,0,0
4041,0,null,0,0,0
4042,0,null,0,0,0
4043,0,null,0,0,0
4044,0,null,0,0,0
4045,0,null,0,0,0
4046,0,null,0,0,0
4047,0,null,0,0,0
4048,0,null,0,0,0
4049,0,null,0,0,0
4050,0,null,0,0,0
4051,0,null,0,0,0
4052,0,null,0,0,0
4053,0,null,0,0,0
4054,0,null,0,0,0
4055,0,null,0,0,0
4056,0,null,0,0,0
4057,0,null,0,0,0
4058,0,null,0,0,0
4059,0,null,0,0,0
4060,0,null,0,0,0
4061,0,null,0,0,0
4062,406,secondary_proton,1,1,1
4063,0,null,0,0,0
4064,0,null,0,0,0
4065,0,null,0,0,0
4066,0,null,0,0,0
4067,0,null,0,0,0
4068,1,primary_proton,1,1,1
4069,0,null,0,0,0
4070,0,null,0,0,0
4071,0,null,0,0,0
4072,0,null,0,0,0
4073,0,null,0,0,0
4074,0,null,0,0,0
4075,0,null,0,0,0
4076,0,null,0,0,0
4077,0,null,0,0,0
4078,0,null,0,0,0
4079,0,null,0,0,0
4080,0,null,0,0,0
4081,0,null,0,0,0
4082,0,null,0,0,0
4083,0,null,0,0,0
4084,8,pi+,1,1,1
4085,0,null,0,0,0
4086,0,null,0,0,0
4087,0,null,0,0,0
4088,0,null,0,0,0
4089,0,null,0,0,0
4090,0,null,0,0,0
4091,0,null,0,0,0
4092,0,null,0,0,0
4093,0,null,0,0,0
4094,0,null,0,0,0
4095,0,null,0,0,0
4096,0,null,0,0,0
4097,0,null,0,0,0
4098,0,null,0,0,0
4099,0,null,0,0,0
4100,1,primary_proton,1,1,1
4101,0,null,0,0,0
4102,0,null,0,0,0
4103,0,null,0,0,0
4104,1,primary_proton,1,1,1
4105,0,null,0,0,0
4106,0,null,0,0,0
4107,0,null,0,0,0
4108,0,null,0,0,0
4109,0,null,0,0,0
4110,0,null,0,0,0
4111,0,null,0,0,0
4112,0,null,0,0,0
4113,0,null,0,0,0
4114,1,primary_proton,1,1,1
4115,0,null,0,0,0
4116,0,null,0,0,0
4117,10,pi+,1,1,0
4118,0,null,0,0,0
4119,0,null,0,0,0
4120,0,null,0,0,0
4121,0,null,0,0,0
4122,0,null,0,0,0
4123,1,primary_proton,1,1,1
4124,0,null,0,0,0
3820,0,null,0,0,0
3821,0,null,0,0,0
3822,0,null,0,0,0
3823,0,null,0,0,0
3824,0,null,0,0,0
3825,0,null,0,0,0
3826,0,null,0,0,0
3827,0,null,0,0,0
3828,0,null,0,0,0
3829,0,null,0,0,0
3830,0,null,0,0,0
3831,0,null,0,0,0
3832,0,null,0,0,0
3833,1,primary_proton,1,1,1
3834,0,null,0,0,0
3835,0,null,0,0,0
3836,0,null,0,0,0
3837,0,null,0,0,0
3838,0,null,0,0,0
3839,0,null,0,0,0
3840,0,null,0,0,0
3841,0,null,0,0,0
3842,4,secondary_proton,1,0,0
3843,0,null,0,0,0
3844,0,null,0,0,0
3845,0,null,0,0,0
3846,0,null,0,0,0
3847,0,null,0,0,0
3848,0,null,0,0,0
3849,0,null,0,0,0
3920,7,pi-,1,1,0
3921,0,null,0,0,0
3922,0,null,0,0,0
3923,0,null,0,0,0
3924,0,null,0,0,0
3925,0,null,0,0,0
3926,0,null,0,0,0
3927,0,null,0,0,0
3928,0,null,0,0,0
3929,258,pi+,1,1,1
3930,0,null,0,0,0
3931,0,null,0,0,0
3932,0,null,0,0,0
3933,0,null,0,0,0
3934,0,null,0,0,0
3935,0,null,0,0,0
3936,0,null,0,0,0
3937,0,null,0,0,0
3938,0,null,0,0,0
3939,0,null,0,0,0
3940,0,null,0,0,0
3941,0,null,0,0,0
3942,0,null,0,0,0
3943,0,null,0,0,0
3944,0,null,0,0,0
3945,0,null,0,0,0
3946,0,null,0,0,0
3947,0,null,0,0,0
3948,0,null,0,0,0
3949,1,primary_proton,1,1,1
3950,0,null,0,0,0
3951,0,null,0,0,0
3952,0,null,0,0,0
3953,0,null,0,0,0
3954,1033,pi+,1,1,1
3955,0,null,0,0,0
3956,0,null,0,0,0
3957,0,null,0,0,0
3958,0,null,0,0,0
3959,1,primary_proton,1,1,1
3960,0,null,0,0,0
3961,0,null,0,0,0
3962,0,null,0,0,0
3963,0,null,0,0,0
3964,0,null,0,0,0
3965,4,pi-,1,1,1
3966,3,secondary_proton,1,1,1
3967,0,null,0,0,0
3968,8,pi-,1,0,0
3969,0,null,0,0,0
3970,0,null,0,0,0
3971,0,null,0,0,0
3972,0,null,0,0,0
3973,0,null,0,0,0
3974,0,null,0,0,0
3975,0,null,0,0,0
3976,0,null,0,0,0
3977,0,null,0,0,0
3978,0,null,0,0,0
3979,0,null,0,0,0
3980,0,null,0,0,0
3981,0,null,0,0,0
3982,5,secondary_proton,1,1,1
3983,0,null,0,0,0
3984,0,null,0,0,0
3985,0,null,0,0,0
3986,0,null,0,0,0
3987,0,null,0,0,0
3988,0,null,0,0,0
3989,0,null,0,0,0
4130,0,null,0,0,0
4131,0,null,0,0,0
4132,0,null,0,0,0
4133,0,null,0,0,0
4134,0,null,0,0,0
4135,0,null,0,0,0
4136,0,null,0,0,0
4137,0,null,0,0,0
4138,0,null,0,0,0
4139,0,null,0,0,0
4140,0,null,0,0,0
4141,1,primary_proton,1,1,1
4142,0,null,0,0,0
4143,0,null,0,0,0
4144,0,null,0,0,0
4145,0,null,0,0,0
4146,0,null,0,0,0
4147,0,null,0,0,0
4148,0,null,0,0,0
4149,0,null,0,0,0
4150,0,null,0,0,0
4151,0,null,0,0,0
4152,0,null,0,0,0
4153,1,primary_proton,1,1,1
4154,0,null,0,0,0
4155,1,primary_proton,1,1,1
4156,0,null,0,0,0
4157,0,null,0,0,0
4158,0,null,0,0,0
4159,0,null,0,0,0
4160,0,null,0,0,0
4161,0,null,0,0,0
4162,0,null,0,0,0
4163,9,pi-,1,1,1
4164,0,null,0,0,0
4165,0,null,0,0,0
4166,0,null,0,0,0
4167,0,null,0,0,0
4168,0,null,0,0,0
4169,0,null,0,0,0
4170,0,null,0,0,0
4171,0,null,0,0,0
4172,459,e-,1,0,0
4173,0,null,0,0,0
4174,0,null,0,0,0
4175,0,null,0,0,0
4176,11,pi+,1,1,1
4177,0,null,0,0,0
4178,0,null,0,0,0
4179,0,null,0,0,0
4180,0,null,0,0,0
4181,0,null,0,0,0
4182,0,null,0,0,0
4183,0,null,0,0,0
4184,0,null,0,0,0
4185,0,null,0,0,0
4186,0,null,0,0,0
4187,0,null,0,0,0
4188,0,null,0,0,0
4189,0,null,0,0,0
4190,0,null,0,0,0
4191,0,null,0,0,0
4192,1,primary_proton,1,1,1
4193,0,null,0,0,0
4194,0,null,0,0,0
4195,0,null,0,0,0
4196,0,null,0,0,0
4197,0,null,0,0,0
4198,0,null,0,0,0
4199,0,null,0,0,0
4270,0,null,0,0,0
4271,0,null,0,0,0
4272,0,null,0,0,0
4273,0,null,0,0,0
4274,0,null,0,0,0
4275,0,null,0,0,0
4276,0,null,0,0,0
4277,0,null,0,0,0
4278,0,null,0,0,0
4279,0,null,0,0,0
4280,0,null,0,0,0
4281,0,null,0,0,0
4282,0,null,0,0,0
4283,0,null,0,0,0
4284,0,null,0,0,0
4285,0,null,0,0,0
4286,0,null,0,0,0
4287,0,null,0,0,0
4288,10,pi+,1,1,1
4289,0,null,0,0,0
4290,0,null,0,0,0
4291,0,null,0,0,0
4292,0,null,0,0,0
4293,0,null,0,0,0
4294,0,null,0,0,0
4295,0,null,0,0,0
4296,0,null,0,0,0
4297,1,primary_proton,1,1,1
4298,0,null,0,0,0
4299,0,null,0,0,0
4300,0,null,0,0,0
4301,0,null,0,0,0
4302,0,null,0,0,0
4303,1,primary_proton,1,1,1
4304,1,primary_proton,1,1,1
4305,0,null,0,0,0
4306,11,secondary_proton,1,1,0
4307,0,null,0,0,0
4308,0,null,0,0,0
4309,0,null,0,0,0
4310,0,null,0,0,0
4311,0,null,0,0,0
4312,0,null,0,0,0
4313,0,null,0,0,0
4314,0,null,0,0,0
4315,0,null,0,0,0
4316,0,null,0,0,0
4317,0,null,0,0,0
4319,0,null,0,0,0
4320,0,null,0,0,0
4321,0,null,0,0,0
4322,0,null,0,0,0
4323,0,null,0,0,0
4324,1,primary_proton,1,1,1
4325,0,null,0,0,0
4326,0,null,0,0,0
4327,0,null,0,0,0
4328,0,null,0,0,0
4329,0,null,0,0,0
4330,0,null,0,0,0
4331,0,null,0,0,0
4332,1,primary_proton,1,1,1
4333,0,null,0,0,0
4334,0,null,0,0,0
4335,0,null,0,0,0
4336,0,null,0,0,0
4337,0,null,0,0,0
4338,0,null,0,0,0
4339,0,null,0,0,0
4410,0,null,0,0,0
4411,0,null,0,0,0
4412,0,null,0,0,0
4413,0,null,0,0,0
4414,0,null,0,0,0
4415,0,null,0,0,0
4416,0,null,0,0,0
4417,0,null,0,0,0
4418,1,primary_proton,1,1,1
4419,0,null,0,0,0
4420,0,null,0,0,0
4421,0,null,0,0,0
4422,0,null,0,0,0
4423,0,null,0,0,0
4424,0,null,0,0,0
4425,0,null,0,0,0
4426,0,null,0,0,0
4427,0,null,0,0,0
4428,0,null,0,0,0
4429,1,primary_proton,1,1,1
4430,0,null,0,0,0
4431,0,null,0,0,0
4432,0,null,0,0,0
4433,0,null,0,0,0
4434,0,null,0,0,0
4435,0,null,0,0,0
4436,0,null,0,0,0
4437,0,null,0,0,0
4438,0,null,0,0,0
4439,0,null,0,0,0
4440,0,null,0,0,0
4441,0,null,0,0,0
4442,0,null,0,0,0
4443,0,null,0,0,0
4444,0,null,0,0,0
4445,0,null,0,0,0
4446,0,null,0,0,0
4447,10,pi+,1,1,1
4448,0,null,0,0,0
4449,0,null,0,0,0
4450,0,null,0,0,0
4451,0,null,0,0,0
4452,0,null,0,0,0
4453,0,null,0,0,0
4454,0,null,0,0,0
4455,0,null,0,0,0
4456,0,null,0,0,0
4457,0,null,0,0,0
4458,43,pi+,1,1,1
4459,0,null,0,0,0
4460,0,null,0,0,0
4461,0,null,0,0,0
4462,0,null,0,0,0
4463,0,null,0,0,0
4464,0,null,0,0,0
4465,0,null,0,0,0
4466,0,null,0,0,0
4467,0,null,0,0,0
4468,0,null,0,0,0
4469,0,null,0,0,0
4470,0,null,0,0,0
4471,0,null,0,0,0
4472,0,null,0,0,0
4473,0,null,0,0,0
4474,0,null,0,0,0
4475,0,null,0,0,0
4476,0,null,0,0,0
4477,0,null,0,0,0
4478,0,null,0,0,0
4479,0,null,0,0,0
4480,0,null,0,0,0
4481,0,null,0,0,0
4482,0,null,0,0,0
4483,0,null,0,0,0
4484,0,null,0,0,0
4485,0,null,0,0,0
4486,0,null,0,0,0
4487,0,null,0,0,0
4488,0,null,0,0,0
4489,0,null,0,0,0
4490,0,null,0,0,0
4491,0,null,0,0,0
4492,0,null,0,0,0
4493,0,null,0,0,0
4494,0,null,0,0,0
4495,0,null,0,0,0
4496,0,null,0,0,0
4497,0,null,0,0,0
4498,0,null,0,0,0
4499,0,null,0,0,0
4500,0,null,0,0,0
4501,0,null,0,0,0
4502,0,null,0,0,0
4503,0,null,0,0,0
4504,0,null,0,0,0
4505,0,null,0,0,0
4506,0,null,0,0,0
4507,0,null,0,0,0
4508,0,null,0,0,0
4509,1,primary_proton,1,1,1
4510,0,null,0,0,0
4511,0,null,0,0,0
4512,0,null,0,0,0
4513,10,pi-,1,1,1
4514,0,null,0,0,0
4515,0,null,0,0,0
4516,0,null,0,0,0
4517,0,null,0,0,0
4518,0,null,0,0,0
4519,0,null,0,0,0
4520,0,null,0,0,0
4521,0,null,0,0,0
4522,0,null,0,0,0
4523,0,null,0,0,0
4524,0,null,0,0,0
4525,0,null,0,0,0
4526,0,null,0,0,0
4527,1,primary_proton,1,1,1
4528,0,null,0,0,0
4529,0,null,0,0,0
4530,0,null,0,0,0
4531,0,null,0,0,0
4532,0,null,0,0,0
4533,0,null,0,0,0
4534,0,null,0,0,0
4535,0,null,0,0,0
4536,0,null,0,0,0
4537,0,null,0,0,0
4538,0,null,0,0,0
4539,8,pi-,1,1,1
4540,0,null,0,0,0
4541,0,null,0,0,0
4542,1,primary_proton,1,1,1
4543,0,null,0,0,0
4544,0,null,0,0,0
4545,0,null,0,0,0
4546,0,null,0,0,0
4547,7,pi+,1,1,1
4548,0,null,0,0,0
4549,0,null,0,0,0
4620,0,null,0,0,0
4621,0,null,0,0,0
4622,1,primary_proton,1,1,1
4623,0,null,0,0,0
4624,0,null,0,0,0
4625,0,null,0,0,0
4626,0,null,0,0,0
4627,0,null,0,0,0
4628,0,null,0,0,0
4629,236,e-,1,1,1
4630,0,null,0,0,0
4631,0,null,0,0,0
4632,0,null,0,0,0
4633,0,null,0,0,0
4634,0,null,0,0,0
4635,0,null,0,0,0
4636,0,null,0,0,0
4637,0,null,0,0,0
4638,0,null,0,0,0
4639,0,null,0,0,0
4640,0,null,0,0,0
4641,0,null,0,0,0
4642,0,null,0,0,0
4643,0,null,0,0,0
4644,0,null,0,0,0
4645,0,null,0,0,0
4646,0,null,0,0,0
4647,0,null,0,0,0
4648,0,null,0,0,0
4649,0,null,0,0,0
4650,0,null,0,0,0
4651,0,null,0,0,0
4652,0,null,0,0,0
4653,0,null,0,0,0
4654,0,null,0,0,0
4655,0,null,0,0,0
4656,0,null,0,0,0
4657,0,null,0,0,0
4658,0,null,0,0,0
4659,0,null,0,0,0
4660,0,null,0,0,0
4661,0,null,0,0,0
4662,0,null,0,0,0
4663,0,null,0,0,0
4664,0,null,0,0,0
4665,0,null,0,0,0
4666,0,null,0,0,0
4667,0,null,0,0,0
4668,0,null,0,0,0
4669,0,null,0,0,0
4670,1,primary_proton,1,1,1
4671,0,null,0,0,0
4672,0,null,0,0,0
4673,0,null,0,0,0
4674,2350,secondary_proton,1,0,0
4675,0,null,0,0,0
4676,0,null,0,0,0
4677,0,null,0,0,0
4678,0,null,0,0,0
4679,0,null,0,0,0
4126,0,null,0,0,0
4127,0,null,0,0,0
4128,6,secondary_proton,1,1,1
4129,0,null,0,0,0
4200,0,null,0,0,0
4201,0,null,0,0,0
4202,0,null,0,0,0
4203,0,null,0,0,0
4204,0,null,0,0,0
4205,0,null,0,0,0
4206,0,null,0,0,0
4207,0,null,0,0,0
4208,0,null,0,0,0
4209,0,null,0,0,0
4210,0,null,0,0,0
4211,0,null,0,0,0
4212,0,null,0,0,0
4213,0,null,0,0,0
4214,0,null,0,0,0
4215,0,null,0,0,0
4216,0,null,0,0,0
4217,0,null,0,0,0
4218,28,secondary_proton,1,1,1
4219,0,null,0,0,0
4220,0,null,0,0,0
4221,0,null,0,0,0
4222,0,null,0,0,0
4223,0,null,0,0,0
4224,0,null,0,0,0
4225,0,null,0,0,0
4226,0,null,0,0,0
4227,11,pi+,1,0,0
4228,0,null,0,0,0
4229,0,null,0,0,0
4230,0,null,0,0,0
4231,0,null,0,0,0
4232,0,null,0,0,0
4233,10,pi+,1,1,1
4234,0,null,0,0,0
4235,0,null,0,0,0
4236,0,null,0,0,0
4237,0,null,0,0,0
4238,0,null,0,0,0
4239,0,null,0,0,0
4240,0,null,0,0,0
4241,0,null,0,0,0
4242,0,null,0,0,0
4243,0,null,0,0,0
4244,1,primary_proton,1,1,1
4245,0,null,0,0,0
4246,0,null,0,0,0
4247,0,null,0,0,0
4248,0,null,0,0,0
4249,6,secondary_proton,1,0,0
4250,0,null,0,0,0
4251,0,null,0,0,0
4252,0,null,0,0,0
4253,0,null,0,0,0
4254,0,null,0,0,0
4255,0,null,0,0,0
4256,10,pi+,1,1,1
4257,0,null,0,0,0
4258,0,null,0,0,0
4259,0,null,0,0,0
4260,0,null,0,0,0
4261,0,null,0,0,0
4262,0,null,0,0,0
4263,0,null,0,0,0
4264,0,null,0,0,0
4265,0,null,0,0,0
4266,0,null,0,0,0
4267,32,pi+,1,0,0
4268,0,null,0,0,0
4269,0,null,0,0,0
4340,0,null,0,0,0
4341,0,null,0,0,0
4342,0,null,0,0,0
4343,0,null,0,0,0
4344,0,null,0,0,0
4345,0,null,0,0,0
4346,0,null,0,0,0
4347,0,null,0,0,0
4348,1,primary_proton,1,1,1
4349,4,pi+,1,1,0
4350,0,null,0,0,0
4351,0,null,0,0,0
4352,8,secondary_proton,1,1,1
4353,0,null,0,0,0
4354,0,null,0,0,0
4355,0,null,0,0,0
4356,18,pi+,1,1,1
4357,0,null,0,0,0
4358,0,null,0,0,0
4359,0,null,0,0,0
4360,0,null,0,0,0
4361,0,null,0,0,0
4362,0,null,0,0,0
4363,0,null,0,0,0
4364,0,null,0,0,0
4365,0,null,0,0,0
4366,0,null,0,0,0
4367,0,null,0,0,0
4368,0,null,0,0,0
4369,0,null,0,0,0
4370,0,null,0,0,0
4371,1,primary_proton,1,1,1
4372,0,null,0,0,0
4373,0,null,0,0,0
4374,0,null,0,0,0
4375,1138,e-,1,1,1
4376,0,null,0,0,0
4377,0,null,0,0,0
4378,0,null,0,0,0
4379,0,null,0,0,0
4380,0,null,0,0,0
4381,0,null,0,0,0
4382,0,null,0,0,0
4383,0,null,0,0,0
4384,0,null,0,0,0
4385,0,null,0,0,0
4386,0,null,0,0,0
4387,0,null,0,0,0
4388,0,null,0,0,0
4389,0,null,0,0,0
4390,0,null,0,0,0
4391,0,null,0,0,0
4392,0,null,0,0,0
4393,0,null,0,0,0
4394,0,null,0,0,0
4395,0,null,0,0,0
4396,0,null,0,0,0
4397,0,null,0,0,0
4398,26,pi+,1,1,1
4399,0,null,0,0,0
4400,0,null,0,0,0
4401,0,null,0,0,0
4402,0,null,0,0,0
4403,0,null,0,0,0
4404,0,null,0,0,0
4405,0,null,0,0,0
4406,0,null,0,0,0
4407,0,null,0,0,0
4408,0,null,0,0,0
4409,0,null,0,0,0
4550,0,null,0,0,0
4551,0,null,0,0,0
4552,7,secondary_proton,1,1,0
4553,0,null,0,0,0
4554,0,null,0,0,0
4555,0,null,0,0,0
4556,0,null,0,0,0
4557,0,null,0,0,0
4558,0,null,0,0,0
4559,0,null,0,0,0
4560,0,null,0,0,0
4561,0,null,0,0,0
4562,0,null,0,0,0
4563,0,null,0,0,0
4564,0,null,0,0,0
4565,0,null,0,0,0
4566,0,null,0,0,0
4567,0,null,0,0,0
4568,0,null,0,0,0
4569,0,null,0,0,0
4570,0,null,0,0,0
4571,0,null,0,0,0
4572,0,null,0,0,0
4573,0,null,0,0,0
4574,0,null,0,0,0
4575,0,null,0,0,0
4576,0,null,0,0,0
4577,0,null,0,0,0
4578,0,null,0,0,0
4579,0,null,0,0,0
4580,29,pi+,1,1,1
4581,0,null,0,0,0
4582,0,null,0,0,0
4583,0,null,0,0,0
4584,0,null,0,0,0
4585,0,null,0,0,0
4586,0,null,0,0,0
4587,9,kaon+,1,1,1
4588,0,null,0,0,0
4589,0,null,0,0,0
4590,0,null,0,0,0
4591,0,null,0,0,0
4592,0,null,0,0,0
4593,0,null,0,0,0
4594,1,primary_proton,1,1,1
4595,11,pi-,1,0,0
4596,0,null,0,0,0
4597,0,null,0,0,0
4598,0,null,0,0,0
4599,0,null,0,0,0
4600,0,null,0,0,0
4601,0,null,0,0,0
4602,0,null,0,0,0
4603,0,null,0,0,0
4604,0,null,0,0,0
4605,0,null,0,0,0
4606,0,null,0,0,0
4607,0,null,0,0,0
4608,0,null,0,0,0
4609,0,null,0,0,0
4610,0,null,0,0,0
4611,0,null,0,0,0
4612,0,null,0,0,0
4613,0,null,0,0,0
4614,0,null,0,0,0
4615,0,null,0,0,0
4616,0,null,0,0,0
4617,0,null,0,0,0
4618,0,null,0,0,0
4619,0,null,0,0,0
4690,0,null,0,0,0
4691,0,null,0,0,0
4692,0,null,0,0,0
4693,0,null,0,0,0
4694,0,null,0,0,0
4695,0,null,0,0,0
4696,0,null,0,0,0
4681,0,null,0,0,0
4682,0,null,0,0,0
4683,0,null,0,0,0
4684,0,null,0,0,0
4685,0,null,0,0,0
4686,0,null,0,0,0
4687,0,null,0,0,0
4688,0,null,0,0,0
4689,0,null,0,0,0
4760,0,null,0,0,0
4761,0,null,0,0,0
4762,0,null,0,0,0
4763,0,null,0,0,0
4764,1,primary_proton,1,1,1
4765,0,null,0,0,0
4766,0,null,0,0,0
4767,0,null,0,0,0
4768,0,null,0,0,0
4769,0,null,0,0,0
4770,0,null,0,0,0
4771,0,null,0,0,0
4772,0,null,0,0,0
4773,0,null,0,0,0
4774,0,null,0,0,0
4775,0,null,0,0,0
4776,0,null,0,0,0
4777,0,null,0,0,0
4778,0,null,0,0,0
4779,0,null,0,0,0
4780,6,secondary_proton,1,1,1
4781,0,null,0,0,0
4782,0,null,0,0,0
4783,0,null,0,0,0
4784,0,null,0,0,0
4785,0,null,0,0,0
4786,0,null,0,0,0
4787,0,null,0,0,0
4788,0,null,0,0,0
4789,0,null,0,0,0
4790,0,null,0,0,0
4791,0,null,0,0,0
4792,0,null,0,0,0
4793,0,null,0,0,0
4794,0,null,0,0,0
4795,0,null,0,0,0
4796,0,null,0,0,0
4797,0,null,0,0,0
4798,0,null,0,0,0
4799,0,null,0,0,0
4800,0,null,0,0,0
4801,0,null,0,0,0
4802,0,null,0,0,0
4803,6,secondary_proton,1,1,1
4804,0,null,0,0,0
4805,0,null,0,0,0
4806,0,null,0,0,0
4807,0,null,0,0,0
4808,0,null,0,0,0
4809,0,null,0,0,0
4810,2109,pi+,1,1,1
4811,0,null,0,0,0
4812,0,null,0,0,0
4813,0,null,0,0,0
4814,0,null,0,0,0
4815,0,null,0,0,0
4816,0,null,0,0,0
4817,0,null,0,0,0
4818,0,null,0,0,0
4819,5387,e+,1,0,1
4820,0,null,0,0,0
4821,0,null,0,0,0
4822,0,null,0,0,0
4823,0,null,0,0,0
4824,0,null,0,0,0
4825,0,null,0,0,0
4826,0,null,0,0,0
4827,0,null,0,0,0
4828,0,null,0,0,0
4829,0,null,0,0,0
4900,0,null,0,0,0
4901,1,primary_proton,1,1,1
4902,0,null,0,0,0
4903,0,null,0,0,0
4904,0,null,0,0,0
4905,0,null,0,0,0
4906,0,null,0,0,0
4907,0,null,0,0,0
4908,0,null,0,0,0
4909,0,null,0,0,0
4910,0,null,0,0,0
4911,0,null,0,0,0
4912,0,null,0,0,0
4913,0,null,0,0,0
4914,0,null,0,0,0
4915,0,null,0,0,0
4916,0,null,0,0,0
4917,0,null,0,0,0
4918,0,null,0,0,0
4919,0,null,0,0,0
4920,12,pi-,1,1,1
4921,0,null,0,0,0
4922,0,null,0,0,0
4923,0,null,0,0,0
4924,0,null,0,0,0
4925,0,null,0,0,0
4926,0,null,0,0,0
4927,0,null,0,0,0
4928,0,null,0,0,0
4929,0,null,0,0,0
4930,0,null,0,0,0
4931,0,null,0,0,0
4932,1,primary_proton,1,1,1
4933,0,null,0,0,0
4934,0,null,0,0,0
4935,162,pi+,1,1,1
4936,0,null,0,0,0
4937,0,null,0,0,0
4938,0,null,0,0,0
4939,11,secondary_proton,1,1,1
4940,0,null,0,0,0
4941,1,primary_proton,1,1,1
4942,0,null,0,0,0
4943,0,null,0,0,0
4944,0,null,0,0,0
4945,0,null,0,0,0
4946,0,null,0,0,0
4947,0,null,0,0,0
4948,0,null,0,0,0
4949,0,null,0,0,0
4950,0,null,0,0,0
4951,0,null,0,0,0
4952,0,null,0,0,0
4953,0,null,0,0,0
4954,0,null,0,0,0
4955,0,null,0,0,0
4956,0,null,0,0,0
4957,0,null,0,0,0
4958,0,null,0,0,0
4959,0,null,0,0,0
4960,0,null,0,0,0
4961,0,null,0,0,0
4962,0,null,0,0,0
4963,0,null,0,0,0
4964,0,null,0,0,0
4965,0,null,0,0,0
4966,0,null,0,0,0
4967,0,null,0,0,0
4968,0,null,0,0,0
4969,0,null,0,0,0
4698,0,null,0,0,0
4699,0,null,0,0,0
4700,7,pi+,1,1,1
4701,0,null,0,0,0
4702,0,null,0,0,0
4703,0,null,0,0,0
4704,0,null,0,0,0
4705,0,null,0,0,0
4706,0,null,0,0,0
4707,0,null,0,0,0
4708,1,primary_proton,1,1,1
4709,0,null,0,0,0
4710,0,null,0,0,0
4711,1,primary_proton,1,1,1
4712,0,null,0,0,0
4713,0,null,0,0,0
4714,0,null,0,0,0
4715,0,null,0,0,0
4716,0,null,0,0,0
4717,0,null,0,0,0
4718,0,null,0,0,0
4719,0,null,0,0,0
4720,0,null,0,0,0
4721,0,null,0,0,0
4722,0,null,0,0,0
4723,0,null,0,0,0
4724,0,null,0,0,0
4725,0,null,0,0,0
4726,0,null,0,0,0
4727,0,null,0,0,0
4728,0,null,0,0,0
4729,1,primary_proton,1,1,1
4730,0,null,0,0,0
4731,0,null,0,0,0
4732,0,null,0,0,0
4733,0,null,0,0,0
4734,0,null,0,0,0
4735,1,primary_proton,1,1,1
4736,0,null,0,0,0
4737,0,null,0,0,0
4738,0,null,0,0,0
4739,0,null,0,0,0
4740,0,null,0,0,0
4741,0,null,0,0,0
4742,0,null,0,0,0
4743,0,null,0,0,0
4744,0,null,0,0,0
4745,0,null,0,0,0
4746,0,null,0,0,0
4747,0,null,0,0,0
4748,0,null,0,0,0
4749,0,null,0,0,0
4750,0,null,0,0,0
4751,0,null,0,0,0
4752,0,null,0,0,0
4753,0,null,0,0,0
4754,0,null,0,0,0
4755,0,null,0,0,0
4756,0,null,0,0,0
4757,0,null,0,0,0
4758,0,null,0,0,0
4759,0,null,0,0,0
4830,0,null,0,0,0
4831,11,pi+,1,1,0
4832,0,null,0,0,0
4833,0,null,0,0,0
4834,0,null,0,0,0
4835,0,null,0,0,0
4836,0,null,0,0,0
4837,0,null,0,0,0
4838,0,null,0,0,0
4839,0,null,0,0,0
4840,0,null,0,0,0
4841,0,null,0,0,0
4842,10,pi+,1,1,1
4843,0,null,0,0,0
4844,7,secondary_proton,1,1,1
4845,0,null,0,0,0
4846,3,secondary_proton,1,1,1
4847,0,null,0,0,0
4848,0,null,0,0,0
4849,0,null,0,0,0
4850,0,null,0,0,0
4851,0,null,0,0,0
4852,0,null,0,0,0
4853,0,null,0,0,0
4854,3,secondary_proton,1,0,0
4855,0,null,0,0,0
4856,0,null,0,0,0
4857,0,null,0,0,0
4858,0,null,0,0,0
4859,0,null,0,0,0
4860,0,null,0,0,0
4861,0,null,0,0,0
4862,0,null,0,0,0
4863,0,null,0,0,0
4864,0,null,0,0,0
4865,0,null,0,0,0
4866,0,null,0,0,0
4867,0,null,0,0,0
4868,0,null,0,0,0
4869,1,primary_proton,1,1,1
4870,0,null,0,0,0
4871,0,null,0,0,0
4872,0,null,0,0,0
4873,0,null,0,0,0
4874,0,null,0,0,0
4875,0,null,0,0,0
4876,0,null,0,0,0
4877,0,null,0,0,0
4878,0,null,0,0,0
4879,1,primary_proton,1,1,1
4880,0,null,0,0,0
4881,0,null,0,0,0
4882,0,null,0,0,0
4883,0,null,0,0,0
4884,0,null,0,0,0
4885,14,secondary_proton,1,1,1
4886,0,null,0,0,0
4887,0,null,0,0,0
4888,0,null,0,0,0
4889,0,null,0,0,0
4890,0,null,0,0,0
4891,0,null,0,0,0
4892,0,null,0,0,0
4893,0,null,0,0,0
4894,0,null,0,0,0
4895,30,pi-,1,1,1
4896,0,null,0,0,0
4897,0,null,0,0,0
4898,0,null,0,0,0
4899,1001,pi-,1,1,1
4970,0,null,0,0,0
4971,0,null,0,0,0
4972,0,null,0,0,0
4973,0,null,0,0,0
4974,0,null,0,0,0
4975,0,null,0,0,0
4976,0,null,0,0,0
4977,0,null,0,0,0
4978,0,null,0,0,0
4979,0,null,0,0,0
4980,0,null,0,0,0
4981,0,null,0,0,0
4982,4795,e-,1,0,0
4983,0,null,0,0,0
4984,0,null,0,0,0
4985,0,null,0,0,0
4986,0,null,0,0,0
4987,0,null,0,0,0
4988,0,null,0,0,0
4989,0,null,0,0,0
4990,0,null,0,0,0
4991,0,null,0,0,0
4992,0,null,0,0,0
4993,0,null,0,0,0
4994,0,null,0,0,0
4995,0,null,0,0,0
4996,0,null,0,0,0
4997,0,null,0,0,0
4998,0,null,0,0,0
4999,0,null,0,0,0
141,0,null,0,0,0
142,0,null,0,0,0
143,0,null,0,0,0
144,0,null,0,0,0
145,0,null,0,0,0
146,0,null,0,0,0
147,1752,e-,1,1,1
148,0,null,0,0,0
149,0,null,0,0,0
150,0,null,0,0,0
151,0,null,0,0,0
152,0,null,0,0,0
153,0,null,0,0,0
154,0,null,0,0,0
155,0,null,0,0,0
156,0,null,0,0,0
157,0,null,0,0,0
158,0,null,0,0,0
159,0,null,0,0,0
160,0,null,0,0,0
161,0,null,0,0,0
162,0,null,0,0,0
163,0,null,0,0,0
164,0,null,0,0,0
165,0,null,0,0,0
166,0,null,0,0,0
167,0,null,0,0,0
168,0,null,0,0,0
169,0,null,0,0,0
170,1,primary_proton,1,1,1
171,0,null,0,0,0
172,0,null,0,0,0
173,0,null,0,0,0
174,0,null,0,0,0
175,0,null,0,0,0
176,0,null,0,0,0
177,0,null,0,0,0
178,0,null,0,0,0
179,0,null,0,0,0
180,0,null,0,0,0
181,0,null,0,0,0
182,0,null,0,0,0
183,0,null,0,0,0
184,0,null,0,0,0
185,0,null,0,0,0
186,0,null,0,0,0
187,0,null,0,0,0
188,0,null,0,0,0
189,0,null,0,0,0
190,0,null,0,0,0
191,1,primary_proton,1,1,1
192,0,null,0,0,0
193,0,null,0,0,0
194,0,null,0,0,0
195,0,null,0,0,0
196,5,kaon+,1,0,0
197,0,null,0,0,0
198,0,null,0,0,0
199,0,null,0,0,0
200,0,null,0,0,0
201,0,null,0,0,0
202,10,pi-,1,1,1
203,0,null,0,0,0
204,0,null,0,0,0
205,0,null,0,0,0
206,0,null,0,0,0
207,0,null,0,0,0
208,0,null,0,0,0
209,0,null,0,0,0
210,0,null,0,0,0
211,0,null,0,0,0
212,0,null,0,0,0
213,0,null,0,0,0
214,0,null,0,0,0
215,0,null,0,0,0
216,0,null,0,0,0
217,0,null,0,0,0
218,0,null,0,0,0
219,0,null,0,0,0
220,0,null,0,0,0
221,0,null,0,0,0
222,0,null,0,0,0
223,0,null,0,0,0
224,3,secondary_proton,1,1,0
225,0,null,0,0,0
226,0,null,0,0,0
227,0,null,0,0,0
228,1,primary_proton,1,1,1
229,1,primary_proton,1,1,1
230,0,null,0,0,0
231,0,null,0,0,0
232,0,null,0,0,0
233,0,null,0,0,0
234,0,null,0,0,0
235,0,null,0,0,0
236,0,null,0,0,0
237,0,null,0,0,0
238,0,null,0,0,0
239,0,null,0,0,0
240,0,null,0,0,0
241,0,null,0,0,0
242,0,null,0,0,0
243,0,null,0,0,0
244,0,null,0,0,0
245,0,null,0,0,0
246,0,null,0,0,0
247,1,primary_proton,1,1,1
248,0,null,0,0,0
249,0,null,0,0,0
250,0,null,0,0,0
251,0,null,0,0,0
252,0,null,0,0,0
253,0,null,0,0,0
254,0,null,0,0,0
255,0,null,0,0,0
256,0,null,0,0,0
257,0,null,0,0,0
258,0,null,0,0,0
259,0,null,0,0,0
260,0,null,0,0,0
261,0,null,0,0,0
262,0,null,0,0,0
263,0,null,0,0,0
264,0,null,0,0,0
265,0,null,0,0,0
266,0,null,0,0,0
267,0,null,0,0,0
268,1225,e-,1,0,0
269,0,null,0,0,0
270,0,null,0,0,0
271,0,null,0,0,0
272,0,null,0,0,0
273,0,null,0,0,0
274,1,primary_proton,1,1,1
275,1,primary_proton,1,1,1
276,0,null,0,0,0
277,0,null,0,0,0
278,0,null,0,0,0
279,0,null,0,0,0
350,0,null,0,0,0
351,6,pi+,1,1,1
352,0,null,0,0,0
353,18,secondary_proton,1,1,0
354,0,null,0,0,0
355,0,null,0,0,0
356,0,null,0,0,0
357,0,null,0,0,0
358,0,null,0,0,0
359,0,null,0,0,0
360,0,null,0,0,0
361,0,null,0,0,0
362,0,null,0,0,0
363,0,null,0,0,0
364,0,null,0,0,0
365,1,primary_proton,1,1,1
366,0,null,0,0,0
367,0,null,0,0,0
368,0,null,0,0,0
369,0,null,0,0,0
370,0,null,0,0,0
371,0,null,0,0,0
372,0,null,0,0,0
373,0,null,0,0,0
374,0,null,0,0,0
375,15,pi+,1,1,1
376,0,null,0,0,0
377,0,null,0,0,0
378,0,null,0,0,0
379,0,null,0,0,0
380,0,null,0,0,0
381,0,null,0,0,0
382,0,null,0,0,0
383,0,null,0,0,0
384,0,null,0,0,0
385,0,null,0,0,0
386,0,null,0,0,0
387,0,null,0,0,0
388,0,null,0,0,0
389,0,null,0,0,0
390,0,null,0,0,0
391,0,null,0,0,0
392,0,null,0,0,0
393,0,null,0,0,0
394,0,null,0,0,0
395,0,null,0,0,0
396,0,null,0,0,0
397,0,null,0,0,0
398,0,null,0,0,0
399,0,null,0,0,0
400,0,null,0,0,0
401,0,null,0,0,0
402,0,null,0,0,0
403,0,null,0,0,0
404,1,primary_proton,1,1,1
405,0,null,0,0,0
406,22,secondary_proton,1,1,1
407,0,null,0,0,0
408,0,null,0,0,0
409,0,null,0,0,0
410,0,null,0,0,0
411,0,null,0,0,0
412,0,null,0,0,0
413,4988,secondary_proton,1,0,0
414,0,null,0,0,0
415,0,null,0,0,0
416,0,null,0,0,0
417,0,null,0,0,0
418,627,e-,1,1,0
419,0,null,0,0,0
490,0,null,0,0,0
491,0,null,0,0,0
492,0,null,0,0,0
493,0,null,0,0,0
494,0,null,0,0,0
495,0,null,0,0,0
496,0,null,0,0,0
497,0,null,0,0,0
498,0,null,0,0,0
499,0,null,0,0,0
500,7,secondary_proton,1,1,1
501,0,null,0,0,0
502,1,primary_proton,1,1,1
503,0,null,0,0,0
504,0,null,0,0,0
505,0,null,0,0,0
506,0,null,0,0,0
507,0,null,0,0,0
508,0,null,0,0,0
509,0,null,0,0,0
510,0,null,0,0,0
1,0,null,0,0,0
2,0,null,0,0,0
3,0,null,0,0,0
4,0,null,0,0,0
5,0,null,0,0,0
6,0,null,0,0,0
7,0,null,0,0,0
8,0,null,0,0,0
9,9,pi-,1,1,0
10,0,null,0,0,0
11,0,null,0,0,0
12,0,null,0,0,0
13,0,null,0,0,0
14,0,null,0,0,0
15,0,null,0,0,0
16,0,null,0,0,0
17,0,null,0,0,0
18,0,null,0,0,0
19,0,null,0,0,0
20,0,null,0,0,0
21,0,null,0,0,0
22,0,null,0,0,0
23,0,null,0,0,0
24,0,null,0,0,0
25,0,null,0,0,0
26,0,null,0,0,0
27,0,null,0,0,0
28,1,primary_proton,1,1,1
29,0,null,0,0,0
30,0,null,0,0,0
31,0,null,0,0,0
32,0,null,0,0,0
33,0,null,0,0,0
34,0,null,0,0,0
35,0,null,0,0,0
36,0,null,0,0,0
37,0,null,0,0,0
38,0,null,0,0,0
39,0,null,0,0,0
40,1,primary_proton,1,1,1
41,0,null,0,0,0
42,0,null,0,0,0
43,0,null,0,0,0
44,0,null,0,0,0
45,0,null,0,0,0
46,0,null,0,0,0
47,0,null,0,0,0
48,0,null,0,0,0
49,0,null,0,0,0
50,0,null,0,0,0
51,0,null,0,0,0
52,0,null,0,0,0
53,0,null,0,0,0
54,0,null,0,0,0
55,0,null,0,0,0
56,0,null,0,0,0
57,0,null,0,0,0
58,0,null,0,0,0
59,0,null,0,0,0
60,0,null,0,0,0
61,0,null,0,0,0
62,0,null,0,0,0
63,0,null,0,0,0
64,0,null,0,0,0
65,0,null,0,0,0
66,0,null,0,0,0
67,0,null,0,0,0
68,0,null,0,0,0
69,0,null,0,0,0
70,0,null,0,0,0
71,0,null,0,0,0
72,0,null,0,0,0
73,0,null,0,0,0
74,0,null,0,0,0
75,0,null,0,0,0
76,5579,e-,0,0,1
77,0,null,0,0,0
78,0,null,0,0,0
79,0,null,0,0,0
80,0,null,0,0,0
81,0,null,0,0,0
82,0,null,0,0,0
83,0,null,0,0,0
84,0,null,0,0,0
85,6,pi+,1,1,1
86,0,null,0,0,0
87,0,null,0,0,0
88,0,null,0,0,0
89,0,null,0,0,0
90,0,null,0,0,0
91,2,secondary_proton,1,1,1
92,0,null,0,0,0
93,0,null,0,0,0
94,0,null,0,0,0
95,0,null,0,0,0
96,5,secondary_proton,1,1,1
97,0,null,0,0,0
98,0,null,0,0,0
99,0,null,0,0,0
100,0,null,0,0,0
101,0,null,0,0,0
102,0,null,0,0,0
103,0,null,0,0,0
104,0,null,0,0,0
105,0,null,0,0,0
106,0,null,0,0,0
107,0,null,0,0,0
108,0,null,0,0,0
109,0,null,0,0,0
110,0,null,0,0,0
111,0,null,0,0,0
112,0,null,0,0,0
113,0,null,0,0,0
114,0,null,0,0,0
115,0,null,0,0,0
116,0,null,0,0,0
117,0,null,0,0,0
118,0,null,0,0,0
119,0,null,0,0,0
120,0,null,0,0,0
121,0,null,0,0,0
122,0,null,0,0,0
123,0,null,0,0,0
124,0,null,0,0,0
125,0,null,0,0,0
126,0,null,0,0,0
127,0,null,0,0,0
128,0,null,0,0,0
129,0,null,0,0,0
130,0,null,0,0,0
131,0,null,0,0,0
132,0,null,0,0,0
133,0,null,0,0,0
134,0,null,0,0,0
135,1,primary_proton,1,1,1
136,1,primary_proton,1,1,1
137,0,null,0,0,0
138,0,null,0,0,0
139,0,null,0,0,0
280,0,null,0,0,0
281,1669,e-,1,1,0
282,0,null,0,0,0
283,0,null,0,0,0
284,1,primary_proton,1,1,1
285,0,null,0,0,0
286,0,null,0,0,0
287,0,null,0,0,0
288,0,null,0,0,0
289,0,null,0,0,0
290,18,pi-,1,0,0
291,0,null,0,0,0
292,9,pi-,1,1,1
293,0,null,0,0,0
294,0,null,0,0,0
295,0,null,0,0,0
296,0,null,0,0,0
297,0,null,0,0,0
298,0,null,0,0,0
299,0,null,0,0,0
300,0,null,0,0,0
301,0,null,0,0,0
302,0,null,0,0,0
303,0,null,0,0,0
304,0,null,0,0,0
305,9,secondary_proton,1,1,1
306,0,null,0,0,0
307,0,null,0,0,0
308,0,null,0,0,0
309,0,null,0,0,0
310,0,null,0,0,0
311,0,null,0,0,0
312,0,null,0,0,0
313,0,null,0,0,0
314,0,null,0,0,0
315,0,null,0,0,0
316,1,primary_proton,1,1,1
317,0,null,0,0,0
318,0,null,0,0,0
319,75,secondary_proton,1,1,1
320,0,null,0,0,0
321,0,null,0,0,0
322,0,null,0,0,0
323,2893,e-,1,1,1
324,0,null,0,0,0
325,0,null,0,0,0
326,0,null,0,0,0
327,0,null,0,0,0
328,0,null,0,0,0
329,0,null,0,0,0
330,0,null,0,0,0
331,0,null,0,0,0
332,0,null,0,0,0
333,0,null,0,0,0
334,0,null,0,0,0
335,0,null,0,0,0
336,0,null,0,0,0
337,0,null,0,0,0
338,0,null,0,0,0
339,0,null,0,0,0
340,0,null,0,0,0
341,0,null,0,0,0
342,4,secondary_proton,1,1,1
343,0,null,0,0,0
344,0,null,0,0,0
345,0,null,0,0,0
346,0,null,0,0,0
347,0,null,0,0,0
348,0,null,0,0,0
349,0,null,0,0,0
420,0,null,0,0,0
421,0,null,0,0,0
422,0,null,0,0,0
423,0,null,0,0,0
424,0,null,0,0,0
425,0,null,0,0,0
426,0,null,0,0,0
427,14,secondary_proton,1,1,0
428,0,null,0,0,0
429,0,null,0,0,0
430,0,null,0,0,0
431,0,null,0,0,0
432,0,null,0,0,0
433,0,null,0,0,0
434,0,null,0,0,0
435,0,null,0,0,0
436,0,null,0,0,0
437,3,pi+,1,0,0
438,0,null,0,0,0
439,0,null,0,0,0
440,8,secondary_proton,1,1,1
441,0,null,0,0,0
442,0,null,0,0,0
443,0,null,0,0,0
444,0,null,0,0,0
445,0,null,0,0,0
446,0,null,0,0,0
447,0,null,0,0,0
512,0,null,0,0,0
513,0,null,0,0,0
514,1,primary_proton,1,1,1
515,1,primary_proton,1,1,1
516,1,primary_proton,1,1,1
517,0,null,0,0,0
518,0,null,0,0,0
519,0,null,0,0,0
520,0,null,0,0,0
521,0,null,0,0,0
522,0,null,0,0,0
523,0,null,0,0,0
524,6,secondary_proton,1,1,1
525,0,null,0,0,0
526,0,null,0,0,0
527,0,null,0,0,0
528,8,pi+,1,1,1
529,0,null,0,0,0
530,0,null,0,0,0
531,0,null,0,0,0
532,0,null,0,0,0
533,0,null,0,0,0
534,0,null,0,0,0
535,0,null,0,0,0
536,0,null,0,0,0
537,0,null,0,0,0
538,0,null,0,0,0
539,0,null,0,0,0
540,0,null,0,0,0
541,0,null,0,0,0
542,0,null,0,0,0
543,0,null,0,0,0
544,6,secondary_proton,1,1,1
545,1264,pi+,1,0,0
546,0,null,0,0,0
547,0,null,0,0,0
548,9,kaon-,1,1,1
549,0,null,0,0,0
550,0,null,0,0,0
551,0,null,0,0,0
552,0,null,0,0,0
553,0,null,0,0,0
554,0,null,0,0,0
555,0,null,0,0,0
556,0,null,0,0,0
557,0,null,0,0,0
558,0,null,0,0,0
559,0,null,0,0,0
630,0,null,0,0,0
631,0,null,0,0,0
632,0,null,0,0,0
633,0,null,0,0,0
634,0,null,0,0,0
635,0,null,0,0,0
636,0,null,0,0,0
637,1,primary_proton,1,1,1
638,0,null,0,0,0
639,0,null,0,0,0
640,0,null,0,0,0
641,0,null,0,0,0
642,0,null,0,0,0
643,0,null,0,0,0
644,0,null,0,0,0
645,0,null,0,0,0
646,0,null,0,0,0
647,0,null,0,0,0
648,0,null,0,0,0
649,0,null,0,0,0
650,13,pi-,1,0,0
651,1,primary_proton,1,1,1
652,0,null,0,0,0
653,0,null,0,0,0
654,0,null,0,0,0
655,0,null,0,0,0
656,0,null,0,0,0
657,0,null,0,0,0
658,0,null,0,0,0
659,0,null,0,0,0
660,0,null,0,0,0
661,0,null,0,0,0
662,0,null,0,0,0
663,0,null,0,0,0
664,0,null,0,0,0
665,0,null,0,0,0
666,0,null,0,0,0
667,0,null,0,0,0
668,0,null,0,0,0
669,0,null,0,0,0
670,0,null,0,0,0
671,1,primary_proton,1,1,1
672,9,pi+,1,1,1
673,0,null,0,0,0
674,0,null,0,0,0
675,0,null,0,0,0
676,0,null,0,0,0
677,0,null,0,0,0
678,0,null,0,0,0
679,0,null,0,0,0
680,0,null,0,0,0
681,0,null,0,0,0
682,0,null,0,0,0
683,0,null,0,0,0
684,0,null,0,0,0
685,0,null,0,0,0
686,0,null,0,0,0
687,0,null,0,0,0
688,0,null,0,0,0
689,0,null,0,0,0
690,0,null,0,0,0
691,0,null,0,0,0
692,0,null,0,0,0
693,0,null,0,0,0
694,0,null,0,0,0
695,0,null,0,0,0
696,7,secondary_proton,1,1,1
697,0,null,0,0,0
698,0,null,0,0,0
699,0,null,0,0,0
840,0,null,0,0,0
841,0,null,0,0,0
842,0,null,0,0,0
843,0,null,0,0,0
844,0,null,0,0,0
845,0,null,0,0,0
846,0,null,0,0,0
847,0,null,0,0,0
848,0,null,0,0,0
849,251,pi-,1,1,1
850,0,null,0,0,0
851,0,null,0,0,0
852,0,null,0,0,0
853,0,null,0,0,0
854,0,null,0,0,0
855,0,null,0,0,0
856,0,null,0,0,0
857,0,null,0,0,0
858,0,null,0,0,0
859,0,null,0,0,0
860,0,null,0,0,0
861,0,null,0,0,0
862,0,null,0,0,0
863,0,null,0,0,0
864,0,null,0,0,0
865,1,primary_proton,1,1,1
866,0,null,0,0,0
867,0,null,0,0,0
868,0,null,0,0,0
869,0,null,0,0,0
870,0,null,0,0,0
871,0,null,0,0,0
872,0,null,0,0,0
873,8,pi+,1,1,1
874,0,null,0,0,0
875,0,null,0,0,0
876,0,null,0,0,0
877,0,null,0,0,0
878,0,null,0,0,0
879,0,null,0,0,0
880,0,null,0,0,0
881,0,null,0,0,0
882,0,null,0,0,0
883,0,null,0,0,0
884,0,null,0,0,0
885,0,null,0,0,0
886,0,null,0,0,0
887,0,null,0,0,0
888,0,null,0,0,0
889,0,null,0,0,0
890,0,null,0,0,0
891,0,null,0,0,0
892,0,null,0,0,0
893,0,null,0,0,0
894,8,pi-,1,1,1
895,0,null,0,0,0
896,0,null,0,0,0
897,0,null,0,0,0
898,0,null,0,0,0
899,0,null,0,0,0
900,0,null,0,0,0
901,0,null,0,0,0
902,0,null,0,0,0
903,0,null,0,0,0
904,0,null,0,0,0
905,0,null,0,0,0
906,0,null,0,0,0
907,0,null,0,0,0
908,0,null,0,0,0
909,0,null,0,0,0
910,0,null,0,0,0
911,0,null,0,0,0
912,0,null,0,0,0
913,0,null,0,0,0
914,0,null,0,0,0
915,0,null,0,0,0
916,0,null,0,0,0
917,0,null,0,0,0
918,0,null,0,0,0
919,0,null,0,0,0
920,0,null,0,0,0
921,0,null,0,0,0
922,0,null,0,0,0
923,0,null,0,0,0
924,0,null,0,0,0
925,0,null,0,0,0
926,0,null,0,0,0
927,0,null,0,0,0
928,0,null,0,0,0
929,0,null,0,0,0
930,0,null,0,0,0
931,0,null,0,0,0
932,0,null,0,0,0
933,0,null,0,0,0
934,1,primary_proton,1,1,1
935,0,null,0,0,0
936,0,null,0,0,0
937,0,null,0,0,0
938,0,null,0,0,0
939,0,null,0,0,0
940,0,null,0,0,0
941,0,null,0,0,0
942,0,null,0,0,0
943,0,null,0,0,0
944,0,null,0,0,0
945,0,null,0,0,0
946,0,null,0,0,0
947,0,null,0,0,0
948,0,null,0,0,0
949,0,null,0,0,0
950,0,null,0,0,0
951,0,null,0,0,0
952,0,null,0,0,0
953,0,null,0,0,0
954,0,null,0,0,0
449,0,null,0,0,0
450,0,null,0,0,0
451,0,null,0,0,0
452,0,null,0,0,0
453,0,null,0,0,0
454,0,null,0,0,0
455,0,null,0,0,0
456,0,null,0,0,0
457,0,null,0,0,0
458,0,null,0,0,0
459,0,null,0,0,0
460,0,null,0,0,0
461,0,null,0,0,0
462,0,null,0,0,0
463,0,null,0,0,0
464,0,null,0,0,0
465,12,pi-,1,1,1
466,0,null,0,0,0
467,0,null,0,0,0
468,0,null,0,0,0
469,0,null,0,0,0
470,0,null,0,0,0
471,0,null,0,0,0
472,0,null,0,0,0
473,0,null,0,0,0
474,0,null,0,0,0
475,1230,pi+,1,1,1
476,0,null,0,0,0
477,0,null,0,0,0
478,0,null,0,0,0
479,0,null,0,0,0
480,1,primary_proton,1,1,1
481,0,null,0,0,0
482,0,null,0,0,0
483,0,null,0,0,0
484,0,null,0,0,0
485,0,null,0,0,0
486,0,null,0,0,0
487,0,null,0,0,0
488,0,null,0,0,0
489,0,null,0,0,0
560,0,null,0,0,0
561,0,null,0,0,0
562,0,null,0,0,0
563,0,null,0,0,0
564,0,null,0,0,0
565,0,null,0,0,0
566,0,null,0,0,0
567,0,null,0,0,0
568,0,null,0,0,0
569,0,null,0,0,0
570,1,primary_proton,1,1,1
571,0,null,0,0,0
572,0,null,0,0,0
573,0,null,0,0,0
574,0,null,0,0,0
575,0,null,0,0,0
576,0,null,0,0,0
577,0,null,0,0,0
578,0,null,0,0,0
579,0,null,0,0,0
580,0,null,0,0,0
581,0,null,0,0,0
582,0,null,0,0,0
583,0,null,0,0,0
584,0,null,0,0,0
585,0,null,0,0,0
586,190,pi-,1,0,0
587,0,null,0,0,0
588,0,null,0,0,0
589,0,null,0,0,0
590,1,primary_proton,1,1,1
591,0,null,0,0,0
592,0,null,0,0,0
593,0,null,0,0,0
594,0,null,0,0,0
595,0,null,0,0,0
596,0,null,0,0,0
597,0,null,0,0,0
598,0,null,0,0,0
599,8,pi-,1,1,1
600,0,null,0,0,0
601,0,null,0,0,0
602,0,null,0,0,0
603,0,null,0,0,0
604,0,null,0,0,0
605,0,null,0,0,0
606,0,null,0,0,0
607,0,null,0,0,0
608,0,null,0,0,0
609,0,null,0,0,0
610,0,null,0,0,0
611,0,null,0,0,0
612,0,null,0,0,0
613,0,null,0,0,0
614,1,primary_proton,1,1,1
615,0,null,0,0,0
616,0,null,0,0,0
617,0,null,0,0,0
618,0,null,0,0,0
619,0,null,0,0,0
620,0,null,0,0,0
621,0,null,0,0,0
622,0,null,0,0,0
623,0,null,0,0,0
624,0,null,0,0,0
625,0,null,0,0,0
626,0,null,0,0,0
627,0,null,0,0,0
628,0,null,0,0,0
629,0,null,0,0,0
700,0,null,0,0,0
701,0,null,0,0,0
702,0,null,0,0,0
703,0,null,0,0,0
704,0,null,0,0,0
705,0,null,0,0,0
706,0,null,0,0,0
707,0,null,0,0,0
708,0,null,0,0,0
709,0,null,0,0,0
710,0,null,0,0,0
711,0,null,0,0,0
712,0,null,0,0,0
713,0,null,0,0,0
714,0,null,0,0,0
715,0,null,0,0,0
716,0,null,0,0,0
717,0,null,0,0,0
718,0,null,0,0,0
719,14,secondary_proton,1,1,1
720,0,null,0,0,0
721,0,null,0,0,0
722,0,null,0,0,0
723,0,null,0,0,0
724,0,null,0,0,0
725,0,null,0,0,0
726,0,null,0,0,0
727,0,null,0,0,0
728,0,null,0,0,0
729,0,null,0,0,0
730,1,primary_proton,1,1,1
731,0,null,0,0,0
732,0,null,0,0,0
733,0,null,0,0,0
734,0,null,0,0,0
735,1,primary_proton,1,1,1
736,0,null,0,0,0
737,0,null,0,0,0
738,0,null,0,0,0
739,0,null,0,0,0
740,0,null,0,0,0
741,0,null,0,0,0
742,0,null,0,0,0
743,0,null,0,0,0
744,0,null,0,0,0
745,0,null,0,0,0
746,0,null,0,0,0
747,0,null,0,0,0
748,0,null,0,0,0
749,0,null,0,0,0
750,0,null,0,0,0
751,0,null,0,0,0
752,0,null,0,0,0
753,0,null,0,0,0
754,0,null,0,0,0
755,0,null,0,0,0
756,0,null,0,0,0
757,0,null,0,0,0
758,0,null,0,0,0
759,0,null,0,0,0
760,0,null,0,0,0
761,0,null,0,0,0
762,0,null,0,0,0
763,0,null,0,0,0
764,0,null,0,0,0
765,0,null,0,0,0
766,0,null,0,0,0
767,0,null,0,0,0
768,0,null,0,0,0
769,0,null,0,0,0
770,0,null,0,0,0
771,0,null,0,0,0
772,0,null,0,0,0
773,0,null,0,0,0
774,0,null,0,0,0
775,0,null,0,0,0
776,0,null,0,0,0
777,0,null,0,0,0
778,0,null,0,0,0
779,0,null,0,0,0
780,0,null,0,0,0
781,0,null,0,0,0
782,0,null,0,0,0
783,0,null,0,0,0
784,0,null,0,0,0
785,0,null,0,0,0
786,0,null,0,0,0
787,0,null,0,0,0
788,0,null,0,0,0
789,7,pi-,1,1,1
790,0,null,0,0,0
791,0,null,0,0,0
792,15,secondary_proton,1,1,1
793,0,null,0,0,0
794,0,null,0,0,0
795,0,null,0,0,0
796,0,null,0,0,0
797,0,null,0,0,0
798,5655,pi-,1,0,0
799,1,primary_proton,1,1,1
800,0,null,0,0,0
801,0,null,0,0,0
802,0,null,0,0,0
803,0,null,0,0,0
804,13,pi+,1,1,1
805,0,null,0,0,0
806,0,null,0,0,0
807,0,null,0,0,0
808,0,null,0,0,0
809,0,null,0,0,0
810,0,null,0,0,0
811,0,null,0,0,0
812,0,null,0,0,0
813,11,pi+,1,1,1
814,0,null,0,0,0
815,0,null,0,0,0
816,0,null,0,0,0
817,14,pi-,1,1,1
818,0,null,0,0,0
819,0,null,0,0,0
820,0,null,0,0,0
821,1,primary_proton,1,1,1
822,0,null,0,0,0
956,0,null,0,0,0
957,0,null,0,0,0
958,0,null,0,0,0
959,0,null,0,0,0
960,0,null,0,0,0
961,0,null,0,0,0
962,0,null,0,0,0
963,0,null,0,0,0
964,0,null,0,0,0
965,0,null,0,0,0
966,0,null,0,0,0
967,0,null,0,0,0
968,0,null,0,0,0
969,0,null,0,0,0
970,0,null,0,0,0
971,0,null,0,0,0
972,0,null,0,0,0
973,0,null,0,0,0
974,211,pi+,1,1,1
975,0,null,0,0,0
976,0,null,0,0,0
977,0,null,0,0,0
978,0,null,0,0,0
979,0,null,0,0,0
980,0,null,0,0,0
981,0,null,0,0,0
982,0,null,0,0,0
983,0,null,0,0,0
984,0,null,0,0,0
985,0,null,0,0,0
986,0,null,0,0,0
987,0,null,0,0,0
988,0,null,0,0,0
989,1,primary_proton,1,1,1
990,0,null,0,0,0
991,0,null,0,0,0
992,0,null,0,0,0
993,0,null,0,0,0
994,0,null,0,0,0
995,0,null,0,0,0
996,0,null,0,0,0
997,0,null,0,0,0
998,0,null,0,0,0
999,0,null,0,0,0
1000,0,null,0,0,0
1001,0,null,0,0,0
1002,0,null,0,0,0
1003,0,null,0,0,0
1004,0,null,0,0,0
1005,0,null,0,0,0
1006,0,null,0,0,0
1007,0,null,0,0,0
1008,12,pi-,1,1,1
1009,0,null,0,0,0
1010,0,null,0,0,0
1011,0,null,0,0,0
1012,0,null,0,0,0
1013,0,null,0,0,0
1014,0,null,0,0,0
1015,0,null,0,0,0
1016,0,null,0,0,0
1017,0,null,0,0,0
1018,0,null,0,0,0
1019,0,null,0,0,0
1020,0,null,0,0,0
1021,0,null,0,0,0
1022,0,null,0,0,0
1023,0,null,0,0,0
1024,0,null,0,0,0
1025,1,primary_proton,1,1,1
1026,0,null,0,0,0
1027,0,null,0,0,0
1028,0,null,0,0,0
1029,0,null,0,0,0
1030,0,null,0,0,0
1031,1,primary_proton,1,1,1
1032,0,null,0,0,0
1033,0,null,0,0,0
1034,0,null,0,0,0
1035,0,null,0,0,0
1036,0,null,0,0,0
1037,0,null,0,0,0
1038,0,null,0,0,0
1039,0,null,0,0,0
1040,0,null,0,0,0
1041,0,null,0,0,0
1042,0,null,0,0,0
1043,1,primary_proton,1,1,1
1044,0,null,0,0,0
1045,0,null,0,0,0
1046,0,null,0,0,0
1047,0,null,0,0,0
1048,0,null,0,0,0
1049,0,null,0,0,0
1120,0,null,0,0,0
1121,202,secondary_proton,1,1,1
1122,0,null,0,0,0
1123,0,null,0,0,0
1124,0,null,0,0,0
1125,0,null,0,0,0
1126,0,null,0,0,0
1127,0,null,0,0,0
1128,0,null,0,0,0
1129,0,null,0,0,0
1130,0,null,0,0,0
1131,0,null,0,0,0
1132,0,null,0,0,0
1133,0,null,0,0,0
1134,0,null,0,0,0
1135,5825,e-,1,1,1
1136,0,null,0,0,0
1137,0,null,0,0,0
1138,0,null,0,0,0
1139,0,null,0,0,0
1140,0,null,0,0,0
1141,0,null,0,0,0
1142,0,null,0,0,0
1143,0,null,0,0,0
1144,0,null,0,0,0
1145,0,null,0,0,0
1146,0,null,0,0,0
1147,0,null,0,0,0
1148,0,null,0,0,0
1149,0,null,0,0,0
1150,0,null,0,0,0
1151,0,null,0,0,0
1152,0,null,0,0,0
1153,0,null,0,0,0
1154,0,null,0,0,0
1155,0,null,0,0,0
1156,0,null,0,0,0
1157,0,null,0,0,0
1158,0,null,0,0,0
1159,0,null,0,0,0
1160,0,null,0,0,0
1161,0,null,0,0,0
1162,0,null,0,0,0
1163,0,null,0,0,0
1164,0,null,0,0,0
1165,0,null,0,0,0
1166,1,primary_proton,1,1,1
1167,0,null,0,0,0
1168,0,null,0,0,0
1169,1,primary_proton,1,1,1
1170,0,null,0,0,0
1171,0,null,0,0,0
1172,0,null,0,0,0
1173,0,null,0,0,0
1174,0,null,0,0,0
1175,0,null,0,0,0
1176,1,primary_proton,1,1,1
1177,0,null,0,0,0
1178,0,null,0,0,0
1179,0,null,0,0,0
1180,0,null,0,0,0
1181,0,null,0,0,0
1182,0,null,0,0,0
1183,0,null,0,0,0
1184,0,null,0,0,0
1185,0,null,0,0,0
1186,0,null,0,0,0
1187,0,null,0,0,0
1188,0,null,0,0,0
1189,0,null,0,0,0
1260,0,null,0,0,0
1261,0,null,0,0,0
1262,0,null,0,0,0
1263,0,null,0,0,0
1264,0,null,0,0,0
1265,0,null,0,0,0
1266,0,null,0,0,0
1267,1,primary_proton,1,1,1
1268,0,null,0,0,0
1269,0,null,0,0,0
1270,0,null,0,0,0
1271,0,null,0,0,0
1272,0,null,0,0,0
1273,0,null,0,0,0
1274,0,null,0,0,0
1275,0,null,0,0,0
1276,0,null,0,0,0
1277,0,null,0,0,0
1278,0,null,0,0,0
1279,0,null,0,0,0
1280,0,null,0,0,0
1281,1,primary_proton,1,1,1
1282,0,null,0,0,0
1283,1,primary_proton,1,1,1
1284,0,null,0,0,0
1285,0,null,0,0,0
1286,0,null,0,0,0
1287,0,null,0,0,0
1288,0,null,0,0,0
1289,0,null,0,0,0
1290,0,null,0,0,0
1291,0,null,0,0,0
1292,0,null,0,0,0
1293,0,null,0,0,0
1294,0,null,0,0,0
1295,0,null,0,0,0
1296,0,null,0,0,0
1297,0,null,0,0,0
1298,0,null,0,0,0
1299,0,null,0,0,0
1300,0,null,0,0,0
1301,0,null,0,0,0
1302,0,null,0,0,0
1303,0,null,0,0,0
1304,0,null,0,0,0
1305,0,null,0,0,0
1306,0,null,0,0,0
1307,0,null,0,0,0
1308,0,null,0,0,0
1309,0,null,0,0,0
1310,0,null,0,0,0
1311,0,null,0,0,0
1312,0,null,0,0,0
1313,0,null,0,0,0
1314,0,null,0,0,0
1315,0,null,0,0,0
1316,0,null,0,0,0
1317,0,null,0,0,0
824,0,null,0,0,0
825,0,null,0,0,0
826,0,null,0,0,0
827,0,null,0,0,0
828,0,null,0,0,0
829,0,null,0,0,0
830,10,pi+,1,1,1
831,0,null,0,0,0
832,0,null,0,0,0
833,1,primary_proton,1,1,1
834,0,null,0,0,0
835,0,null,0,0,0
836,0,null,0,0,0
837,0,null,0,0,0
838,0,null,0,0,0
839,0,null,0,0,0
1050,0,null,0,0,0
1051,0,null,0,0,0
1052,0,null,0,0,0
1053,0,null,0,0,0
1054,0,null,0,0,0
1055,0,null,0,0,0
1056,0,null,0,0,0
1057,0,null,0,0,0
1058,0,null,0,0,0
1059,0,null,0,0,0
1060,0,null,0,0,0
1061,0,null,0,0,0
1062,0,null,0,0,0
1063,6,pi-,1,1,1
1064,0,null,0,0,0
1065,1,primary_proton,1,1,1
1066,0,null,0,0,0
1067,0,null,0,0,0
1068,0,null,0,0,0
1069,0,null,0,0,0
1070,0,null,0,0,0
1071,0,null,0,0,0
1072,0,null,0,0,0
1073,0,null,0,0,0
1074,5,secondary_proton,1,1,1
1075,0,null,0,0,0
1076,0,null,0,0,0
1077,0,null,0,0,0
1078,0,null,0,0,0
1079,0,null,0,0,0
1080,0,null,0,0,0
1081,0,null,0,0,0
1082,0,null,0,0,0
1083,0,null,0,0,0
1084,0,null,0,0,0
1085,0,null,0,0,0
1086,0,null,0,0,0
1087,1,primary_proton,1,1,1
1088,0,null,0,0,0
1089,0,null,0,0,0
1090,0,null,0,0,0
1091,0,null,0,0,0
1092,1,primary_proton,1,1,1
1093,0,null,0,0,0
1094,14,pi-,1,1,1
1095,0,null,0,0,0
1096,0,null,0,0,0
1097,0,null,0,0,0
1098,0,null,0,0,0
1099,0,null,0,0,0
1100,0,null,0,0,0
1101,0,null,0,0,0
1102,0,null,0,0,0
1103,0,null,0,0,0
1104,0,null,0,0,0
1105,0,null,0,0,0
1106,0,null,0,0,0
1107,0,null,0,0,0
1108,0,null,0,0,0
1109,0,null,0,0,0
1110,0,null,0,0,0
1111,0,null,0,0,0
1112,0,null,0,0,0
1113,0,null,0,0,0
1114,0,null,0,0,0
1115,0,null,0,0,0
1116,0,null,0,0,0
1117,0,null,0,0,0
1118,0,null,0,0,0
1119,0,null,0,0,0
1190,0,null,0,0,0
1191,0,null,0,0,0
1192,0,null,0,0,0
1193,0,null,0,0,0
1194,0,null,0,0,0
1195,0,null,0,0,0
1196,0,null,0,0,0
1197,0,null,0,0,0
1198,0,null,0,0,0
1199,0,null,0,0,0
1200,0,null,0,0,0
1201,0,null,0,0,0
1202,0,null,0,0,0
1203,0,null,0,0,0
1204,0,null,0,0,0
1205,0,null,0,0,0
1206,0,null,0,0,0
1207,0,null,0,0,0
1208,0,null,0,0,0
1209,0,null,0,0,0
1210,0,null,0,0,0
1211,0,null,0,0,0
1212,0,null,0,0,0
1213,0,null,0,0,0
1214,0,null,0,0,0
1215,0,null,0,0,0
1216,0,null,0,0,0
1217,0,null,0,0,0
1218,0,null,0,0,0
1219,0,null,0,0,0
1220,437,e-,1,1,0
1221,0,null,0,0,0
1222,0,null,0,0,0
1223,0,null,0,0,0
1224,0,null,0,0,0
1225,0,null,0,0,0
1226,0,null,0,0,0
1227,0,null,0,0,0
1228,10,pi+,1,1,1
1229,0,null,0,0,0
1230,4,pi+,1,1,1
1231,0,null,0,0,0
1232,4,secondary_proton,1,1,1
1233,0,null,0,0,0
1234,0,null,0,0,0
1235,0,null,0,0,0
1236,0,null,0,0,0
1237,0,null,0,0,0
1238,0,null,0,0,0
1239,0,null,0,0,0
1240,0,null,0,0,0
1241,1,primary_proton,1,1,1
1242,0,null,0,0,0
1243,0,null,0,0,0
1244,0,null,0,0,0
1245,0,null,0,0,0
1246,0,null,0,0,0
1247,0,null,0,0,0
1248,6,secondary_proton,1,1,1
1249,1458,pi-,1,0,0
1250,0,null,0,0,0
1251,0,null,0,0,0
1252,0,null,0,0,0
1253,0,null,0,0,0
1254,0,null,0,0,0
1255,0,null,0,0,0
1256,16,kaon+,1,1,1
1257,0,null,0,0,0
1258,0,null,0,0,0
1259,0,null,0,0,0
1470,0,null,0,0,0
1471,0,null,0,0,0
1472,9,kaon+,1,1,1
1473,0,null,0,0,0
1474,0,null,0,0,0
1475,0,null,0,0,0
1476,2536,secondary_proton,1,1,1
1477,0,null,0,0,0
1478,0,null,0,0,0
1479,0,null,0,0,0
1480,1,primary_proton,1,1,1
1481,0,null,0,0,0
1482,0,null,0,0,0
1483,1,primary_proton,1,1,1
1484,0,null,0,0,0
1485,0,null,0,0,0
1486,0,null,0,0,0
1487,0,null,0,0,0
1488,0,null,0,0,0
1489,0,null,0,0,0
1490,0,null,0,0,0
1491,0,null,0,0,0
1492,0,null,0,0,0
1493,0,null,0,0,0
1494,0,null,0,0,0
1495,0,null,0,0,0
1496,0,null,0,0,0
1497,11,pi+,1,1,0
1498,0,null,0,0,0
1499,0,null,0,0,0
1500,0,null,0,0,0
1501,0,null,0,0,0
1502,0,null,0,0,0
1503,0,null,0,0,0
1504,0,null,0,0,0
1505,0,null,0,0,0
1506,0,null,0,0,0
1507,0,null,0,0,0
1508,0,null,0,0,0
1509,0,null,0,0,0
1510,0,null,0,0,0
1511,0,null,0,0,0
1512,0,null,0,0,0
1513,0,null,0,0,0
1514,0,null,0,0,0
1515,0,null,0,0,0
1516,1,primary_proton,1,1,1
1517,0,null,0,0,0
1518,0,null,0,0,0
1519,0,null,0,0,0
1520,0,null,0,0,0
1521,0,null,0,0,0
1522,0,null,0,0,0
1523,0,null,0,0,0
1524,0,null,0,0,0
1525,1548,pi-,1,0,0
1526,0,null,0,0,0
1527,0,null,0,0,0
1528,0,null,0,0,0
1529,0,null,0,0,0
1530,1,primary_proton,1,1,1
1531,0,null,0,0,0
1532,0,null,0,0,0
1319,0,null,0,0,0
1320,0,null,0,0,0
1321,0,null,0,0,0
1322,0,null,0,0,0
1323,7,secondary_proton,1,1,1
1324,0,null,0,0,0
1325,0,null,0,0,0
1326,0,null,0,0,0
1327,0,null,0,0,0
1328,1,primary_proton,1,1,1
1329,0,null,0,0,0
1330,0,null,0,0,0
1331,0,null,0,0,0
1332,0,null,0,0,0
1333,0,null,0,0,0
1334,0,null,0,0,0
1335,0,null,0,0,0
1336,1,primary_proton,1,1,1
1337,1,primary_proton,1,1,1
1338,0,null,0,0,0
1339,2093,e-,0,0,1
1340,0,null,0,0,0
1341,0,null,0,0,0
1342,0,null,0,0,0
1343,1,primary_proton,1,1,1
1344,0,null,0,0,0
1345,0,null,0,0,0
1346,0,null,0,0,0
1347,0,null,0,0,0
1348,0,null,0,0,0
1349,0,null,0,0,0
1350,1,primary_proton,1,1,1
1351,0,null,0,0,0
1352,0,null,0,0,0
1353,0,null,0,0,0
1354,0,null,0,0,0
1355,0,null,0,0,0
1356,0,null,0,0,0
1357,0,null,0,0,0
1358,0,null,0,0,0
1359,0,null,0,0,0
1360,1,primary_proton,1,1,1
1361,0,null,0,0,0
1362,0,null,0,0,0
1363,0,null,0,0,0
1364,0,null,0,0,0
1365,0,null,0,0,0
1366,0,null,0,0,0
1367,0,null,0,0,0
1368,0,null,0,0,0
1369,0,null,0,0,0
1370,1,primary_proton,1,1,1
1371,0,null,0,0,0
1372,0,null,0,0,0
1373,0,null,0,0,0
1374,0,null,0,0,0
1375,0,null,0,0,0
1376,0,null,0,0,0
1377,0,null,0,0,0
1378,3,secondary_proton,1,1,1
1379,0,null,0,0,0
1380,0,null,0,0,0
1381,0,null,0,0,0
1382,0,null,0,0,0
1383,0,null,0,0,0
1384,0,null,0,0,0
1385,0,null,0,0,0
1386,0,null,0,0,0
1387,0,null,0,0,0
1388,12,secondary_proton,1,1,1
1389,0,null,0,0,0
1390,0,null,0,0,0
1391,0,null,0,0,0
1392,0,null,0,0,0
1393,0,null,0,0,0
1394,0,null,0,0,0
1395,0,null,0,0,0
1396,0,null,0,0,0
1397,0,null,0,0,0
1398,0,null,0,0,0
1399,0,null,0,0,0
1400,0,null,0,0,0
1401,0,null,0,0,0
1402,0,null,0,0,0
1403,0,null,0,0,0
1404,0,null,0,0,0
1405,0,null,0,0,0
1406,0,null,0,0,0
1407,0,null,0,0,0
1408,0,null,0,0,0
1409,0,null,0,0,0
1410,0,null,0,0,0
1411,0,null,0,0,0
1412,0,null,0,0,0
1413,0,null,0,0,0
1414,0,null,0,0,0
1415,9,secondary_proton,1,1,1
1416,0,null,0,0,0
1417,0,null,0,0,0
1418,0,null,0,0,0
1419,0,null,0,0,0
1420,0,null,0,0,0
1421,0,null,0,0,0
1422,0,null,0,0,0
1423,0,null,0,0,0
1424,0,null,0,0,0
1425,0,null,0,0,0
1426,0,null,0,0,0
1427,0,null,0,0,0
1428,0,null,0,0,0
1429,0,null,0,0,0
1430,0,null,0,0,0
1431,0,null,0,0,0
1432,0,null,0,0,0
1433,0,null,0,0,0
1434,0,null,0,0,0
1435,0,null,0,0,0
1436,0,null,0,0,0
1437,0,null,0,0,0
1438,0,null,0,0,0
1439,0,null,0,0,0
1440,0,null,0,0,0
1441,0,null,0,0,0
1442,0,null,0,0,0
1443,0,null,0,0,0
1444,0,null,0,0,0
1445,0,null,0,0,0
1446,0,null,0,0,0
1447,0,null,0,0,0
1448,0,null,0,0,0
1449,0,null,0,0,0
1450,0,null,0,0,0
1451,0,null,0,0,0
1452,0,null,0,0,0
1453,0,null,0,0,0
1454,0,null,0,0,0
1455,0,null,0,0,0
1456,0,null,0,0,0
1457,0,null,0,0,0
1458,0,null,0,0,0
1459,0,null,0,0,0
1460,0,null,0,0,0
1461,0,null,0,0,0
1462,0,null,0,0,0
1463,0,null,0,0,0
1464,1,primary_proton,1,1,1
1465,0,null,0,0,0
1466,0,null,0,0,0
1467,0,null,0,0,0
1468,1,primary_proton,1,1,1
1469,0,null,0,0,0
1540,0,null,0,0,0
1541,1,primary_proton,1,1,1
1542,0,null,0,0,0
1543,0,null,0,0,0
1544,0,null,0,0,0
1545,0,null,0,0,0
1546,0,null,0,0,0
1547,0,null,0,0,0
1548,0,null,0,0,0
1549,0,null,0,0,0
1550,0,null,0,0,0
1551,0,null,0,0,0
1552,0,null,0,0,0
1553,0,null,0,0,0
1554,0,null,0,0,0
1555,0,null,0,0,0
1556,0,null,0,0,0
1557,1,primary_proton,1,1,1
1558,0,null,0,0,0
1559,0,null,0,0,0
1560,0,null,0,0,0
1561,0,null,0,0,0
1562,0,null,0,0,0
1563,0,null,0,0,0
1564,0,null,0,0,0
1565,0,null,0,0,0
1566,0,null,0,0,0
1567,0,null,0,0,0
1568,0,null,0,0,0
1569,0,null,0,0,0
1570,0,null,0,0,0
1571,0,null,0,0,0
1572,0,null,0,0,0
1573,0,null,0,0,0
1574,0,null,0,0,0
1575,0,null,0,0,0
1576,0,null,0,0,0
1577,0,null,0,0,0
1578,0,null,0,0,0
1579,0,null,0,0,0
1580,0,null,0,0,0
1581,0,null,0,0,0
1582,0,null,0,0,0
1583,0,null,0,0,0
1584,19,pi+,1,1,1
1585,0,null,0,0,0
1586,0,null,0,0,0
1587,0,null,0,0,0
1588,0,null,0,0,0
1589,0,null,0,0,0
1590,0,null,0,0,0
1591,0,null,0,0,0
1592,0,null,0,0,0
1593,0,null,0,0,0
1594,0,null,0,0,0
1595,0,null,0,0,0
1596,0,null,0,0,0
1597,550,e-,1,1,0
1598,0,null,0,0,0
1599,0,null,0,0,0
1600,0,null,0,0,0
1601,0,null,0,0,0
1602,0,null,0,0,0
1603,527,e-,1,1,1
1604,0,null,0,0,0
1605,23,pi-,1,1,1
1606,0,null,0,0,0
1534,0,null,0,0,0
1535,0,null,0,0,0
1536,0,null,0,0,0
1537,0,null,0,0,0
1538,0,null,0,0,0
1539,0,null,0,0,0
1610,0,null,0,0,0
1611,0,null,0,0,0
1612,0,null,0,0,0
1613,0,null,0,0,0
1614,0,null,0,0,0
1615,0,null,0,0,0
1616,0,null,0,0,0
1617,0,null,0,0,0
1618,0,null,0,0,0
1619,0,null,0,0,0
1620,8,pi+,1,1,1
1621,0,null,0,0,0
1622,9,pi-,1,1,1
1623,0,null,0,0,0
1624,0,null,0,0,0
1625,0,null,0,0,0
1626,0,null,0,0,0
1627,0,null,0,0,0
1628,0,null,0,0,0
1629,0,null,0,0,0
1630,0,null,0,0,0
1631,0,null,0,0,0
1632,0,null,0,0,0
1633,28,pi+,1,0,1
1634,0,null,0,0,0
1635,0,null,0,0,0
1636,0,null,0,0,0
1637,0,null,0,0,0
1638,0,null,0,0,0
1639,0,null,0,0,0
1640,0,null,0,0,0
1641,0,null,0,0,0
1642,0,null,0,0,0
1643,0,null,0,0,0
1644,9,secondary_proton,1,1,1
1645,0,null,0,0,0
1646,0,null,0,0,0
1647,0,null,0,0,0
1648,0,null,0,0,0
1649,0,null,0,0,0
1650,0,null,0,0,0
1651,0,null,0,0,0
1652,0,null,0,0,0
1653,0,null,0,0,0
1654,0,null,0,0,0
1655,0,null,0,0,0
1656,0,null,0,0,0
1657,0,null,0,0,0
1658,0,null,0,0,0
1659,0,null,0,0,0
1660,0,null,0,0,0
1661,0,null,0,0,0
1662,0,null,0,0,0
1663,0,null,0,0,0
1664,0,null,0,0,0
1665,0,null,0,0,0
1666,0,null,0,0,0
1667,0,null,0,0,0
1668,0,null,0,0,0
1669,0,null,0,0,0
1670,0,null,0,0,0
1671,0,null,0,0,0
1672,0,null,0,0,0
1673,0,null,0,0,0
1674,784,pi+,1,1,0
1675,0,null,0,0,0
1676,0,null,0,0,0
1677,0,null,0,0,0
1678,0,null,0,0,0
1679,0,null,0,0,0
1680,0,null,0,0,0
1681,0,null,0,0,0
1682,12,secondary_proton,1,1,0
1683,0,null,0,0,0
1684,0,null,0,0,0
1685,0,null,0,0,0
1686,0,null,0,0,0
1687,0,null,0,0,0
1688,0,null,0,0,0
1689,0,null,0,0,0
1690,0,null,0,0,0
1691,0,null,0,0,0
1692,0,null,0,0,0
1693,0,null,0,0,0
1694,0,null,0,0,0
1695,0,null,0,0,0
1696,0,null,0,0,0
1697,0,null,0,0,0
1698,11,pi+,1,1,1
1699,0,null,0,0,0
1700,0,null,0,0,0
1701,0,null,0,0,0
1702,0,null,0,0,0
1703,0,null,0,0,0
1704,0,null,0,0,0
1705,0,null,0,0,0
1706,0,null,0,0,0
1707,0,null,0,0,0
1708,0,null,0,0,0
1709,0,null,0,0,0
1710,0,null,0,0,0
1711,0,null,0,0,0
1712,0,null,0,0,0
1713,0,null,0,0,0
1714,0,null,0,0,0
1715,21,pi+,1,1,1
1716,0,null,0,0,0
1717,0,null,0,0,0
1718,0,null,0,0,0
1719,0,null,0,0,0
1720,0,null,0,0,0
1721,0,null,0,0,0
1722,0,null,0,0,0
1723,0,null,0,0,0
1724,0,null,0,0,0
1725,0,null,0,0,0
1726,0,null,0,0,0
1727,0,null,0,0,0
1728,0,null,0,0,0
1729,0,null,0,0,0
1730,0,null,0,0,0
1731,0,null,0,0,0
1732,0,null,0,0,0
1733,0,null,0,0,0
1734,0,null,0,0,0
1735,0,null,0,0,0
1736,0,null,0,0,0
1737,0,null,0,0,0
1738,0,null,0,0,0
1739,0,null,0,0,0
1740,0,null,0,0,0
1741,0,null,0,0,0
1742,0,null,0,0,0
1743,0,null,0,0,0
1744,0,null,0,0,0
1745,0,null,0,0,0
1746,0,null,0,0,0
1747,0,null,0,0,0
1748,0,null,0,0,0
1749,0,null,0,0,0
1820,0,null,0,0,0
1821,0,null,0,0,0
1822,0,null,0,0,0
1823,0,null,0,0,0
1824,0,null,0,0,0
1825,0,null,0,0,0
1826,0,null,0,0,0
1827,0,null,0,0,0
1828,0,null,0,0,0
1829,0,null,0,0,0
1830,0,null,0,0,0
1831,0,null,0,0,0
1832,0,null,0,0,0
1833,0,null,0,0,0
1834,0,null,0,0,0
1835,0,null,0,0,0
1836,0,null,0,0,0
1837,0,null,0,0,0
1838,0,null,0,0,0
1839,0,null,0,0,0
1840,5,secondary_proton,1,1,1
1841,0,null,0,0,0
1842,0,null,0,0,0
1843,0,null,0,0,0
1844,0,null,0,0,0
1845,0,null,0,0,0
1846,0,null,0,0,0
1847,0,null,0,0,0
1848,0,null,0,0,0
1849,4042,e-,1,1,1
1850,0,null,0,0,0
1851,0,null,0,0,0
1852,0,null,0,0,0
1853,0,null,0,0,0
1854,0,null,0,0,0
1855,0,null,0,0,0
1856,0,null,0,0,0
1857,0,null,0,0,0
1858,0,null,0,0,0
1859,0,null,0,0,0
1860,0,null,0,0,0
1861,0,null,0,0,0
1862,0,null,0,0,0
1863,0,null,0,0,0
1864,0,null,0,0,0
1865,0,null,0,0,0
1866,0,null,0,0,0
1867,0,null,0,0,0
1868,0,null,0,0,0
1869,0,null,0,0,0
1870,0,null,0,0,0
1871,0,null,0,0,0
1872,0,null,0,0,0
1873,0,null,0,0,0
1874,9064,secondary_proton,1,0,0
1875,0,null,0,0,0
1876,0,null,0,0,0
1877,0,null,0,0,0
1878,0,null,0,0,0
1879,0,null,0,0,0
1880,0,null,0,0,0
1881,0,null,0,0,0
1882,0,null,0,0,0
1883,0,null,0,0,0
1884,0,null,0,0,0
1885,0,null,0,0,0
1886,0,null,0,0,0
1887,0,null,0,0,0
1888,2,secondary_proton,1,1,1
1889,0,null,0,0,0
1890,0,null,0,0,0
1891,0,null,0,0,0
1892,0,null,0,0,0
1893,0,null,0,0,0
1894,0,null,0,0,0
1895,0,null,0,0,0
1896,0,null,0,0,0
1608,10,secondary_proton,1,1,1
1609,0,null,0,0,0
1750,0,null,0,0,0
1751,0,null,0,0,0
1752,0,null,0,0,0
1753,0,null,0,0,0
1754,0,null,0,0,0
1755,0,null,0,0,0
1756,0,null,0,0,0
1757,0,null,0,0,0
1758,0,null,0,0,0
1759,0,null,0,0,0
1760,0,null,0,0,0
1761,0,null,0,0,0
1762,0,null,0,0,0
1763,0,null,0,0,0
1764,0,null,0,0,0
1765,0,null,0,0,0
1766,0,null,0,0,0
1767,0,null,0,0,0
1768,0,null,0,0,0
1769,0,null,0,0,0
1770,0,null,0,0,0
1771,0,null,0,0,0
1772,0,null,0,0,0
1773,1,primary_proton,1,1,1
1774,0,null,0,0,0
1775,0,null,0,0,0
1776,0,null,0,0,0
1777,0,null,0,0,0
1778,7,pi+,1,0,0
1779,0,null,0,0,0
1780,0,null,0,0,0
1781,0,null,0,0,0
1782,0,null,0,0,0
1783,0,null,0,0,0
1784,0,null,0,0,0
1785,0,null,0,0,0
1786,0,null,0,0,0
1787,0,null,0,0,0
1788,10,secondary_proton,1,1,1
1789,0,null,0,0,0
1790,0,null,0,0,0
1791,0,null,0,0,0
1792,0,null,0,0,0
1793,0,null,0,0,0
1794,0,null,0,0,0
1795,0,null,0,0,0
1796,0,null,0,0,0
1797,0,null,0,0,0
1798,0,null,0,0,0
1799,0,null,0,0,0
1800,0,null,0,0,0
1801,0,null,0,0,0
1802,0,null,0,0,0
1803,707,e-,1,1,1
1804,0,null,0,0,0
1805,0,null,0,0,0
1806,0,null,0,0,0
1807,0,null,0,0,0
1808,0,null,0,0,0
1809,0,null,0,0,0
1810,0,null,0,0,0
1811,1,primary_proton,1,1,1
1812,0,null,0,0,0
1813,0,null,0,0,0
1814,1,primary_proton,1,1,1
1815,0,null,0,0,0
1816,472,e-,0,0,1
1817,0,null,0,0,0
1818,0,null,0,0,0
1819,0,null,0,0,0
1960,0,null,0,0,0
1961,0,null,0,0,0
1962,0,null,0,0,0
1963,0,null,0,0,0
1964,0,null,0,0,0
1965,1,primary_proton,1,1,1
1966,1,primary_proton,1,1,1
1967,0,null,0,0,0
1968,0,null,0,0,0
1969,0,null,0,0,0
1970,0,null,0,0,0
1971,0,null,0,0,0
1972,0,null,0,0,0
1973,0,null,0,0,0
1974,0,null,0,0,0
1975,0,null,0,0,0
1976,0,null,0,0,0
1977,0,null,0,0,0
1978,0,null,0,0,0
1979,0,null,0,0,0
1980,0,null,0,0,0
1981,0,null,0,0,0
1982,0,null,0,0,0
1983,0,null,0,0,0
1984,0,null,0,0,0
1985,0,null,0,0,0
1986,0,null,0,0,0
1987,0,null,0,0,0
1988,10,pi+,1,1,1
1989,1,primary_proton,1,1,1
1990,0,null,0,0,0
1991,0,null,0,0,0
1992,0,null,0,0,0
1993,0,null,0,0,0
1994,0,null,0,0,0
1995,0,null,0,0,0
1996,0,null,0,0,0
1997,0,null,0,0,0
1998,0,null,0,0,0
1999,0,null,0,0,0
2000,0,null,0,0,0
2001,0,null,0,0,0
2002,0,null,0,0,0
2003,0,null,0,0,0
2004,669,e-,1,1,1
2005,0,null,0,0,0
2006,0,null,0,0,0
2007,0,null,0,0,0
2008,1,primary_proton,1,1,1
2009,1,primary_proton,1,1,1
2010,0,null,0,0,0
2011,0,null,0,0,0
2012,0,null,0,0,0
2013,0,null,0,0,0
2014,0,null,0,0,0
2015,0,null,0,0,0
2016,0,null,0,0,0
2017,0,null,0,0,0
2018,0,null,0,0,0
2019,0,null,0,0,0
2020,0,null,0,0,0
2021,0,null,0,0,0
2022,0,null,0,0,0
2023,0,null,0,0,0
2024,0,null,0,0,0
2025,0,null,0,0,0
2026,0,null,0,0,0
2027,0,null,0,0,0
2028,0,null,0,0,0
2029,0,null,0,0,0
2100,0,null,0,0,0
2101,0,null,0,0,0
2102,1,primary_proton,1,1,1
2103,0,null,0,0,0
2104,0,null,0,0,0
2105,0,null,0,0,0
2106,0,null,0,0,0
2107,0,null,0,0,0
2108,5501,secondary_proton,1,1,0
2109,0,null,0,0,0
2110,0,null,0,0,0
2111,0,null,0,0,0
2112,0,null,0,0,0
2113,0,null,0,0,0
2114,0,null,0,0,0
2115,0,null,0,0,0
2116,0,null,0,0,0
2117,0,null,0,0,0
2118,0,null,0,0,0
2119,0,null,0,0,0
2120,0,null,0,0,0
2121,0,null,0,0,0
2122,0,null,0,0,0
2123,0,null,0,0,0
2124,0,null,0,0,0
2125,0,null,0,0,0
2126,0,null,0,0,0
2127,0,null,0,0,0
2128,0,null,0,0,0
2129,0,null,0,0,0
2130,0,null,0,0,0
2131,0,null,0,0,0
2132,0,null,0,0,0
2133,0,null,0,0,0
2134,0,null,0,0,0
2135,0,null,0,0,0
2136,0,null,0,0,0
2137,0,null,0,0,0
2138,0,null,0,0,0
2139,0,null,0,0,0
2140,0,null,0,0,0
2141,0,null,0,0,0
2142,0,null,0,0,0
2143,0,null,0,0,0
2144,0,null,0,0,0
2145,0,null,0,0,0
2146,0,null,0,0,0
2147,0,null,0,0,0
2148,0,null,0,0,0
2149,0,null,0,0,0
2150,1,primary_proton,1,1,1
2151,0,null,0,0,0
2152,0,null,0,0,0
2153,0,null,0,0,0
2154,0,null,0,0,0
2155,0,null,0,0,0
2156,0,null,0,0,0
2157,7,secondary_proton,1,1,1
2158,0,null,0,0,0
2159,0,null,0,0,0
2160,0,null,0,0,0
2161,0,null,0,0,0
2162,0,null,0,0,0
2163,0,null,0,0,0
2164,0,null,0,0,0
2165,19,pi+,1,1,1
2166,0,null,0,0,0
2167,0,null,0,0,0
2168,0,null,0,0,0
2169,0,null,0,0,0
2240,0,null,0,0,0
2241,0,null,0,0,0
2242,0,null,0,0,0
2243,0,null,0,0,0
2244,0,null,0,0,0
2245,0,null,0,0,0
1898,0,null,0,0,0
1899,103,pi-,1,1,1
1900,0,null,0,0,0
1901,6,pi+,1,1,1
1902,0,null,0,0,0
1903,0,null,0,0,0
1904,0,null,0,0,0
1905,0,null,0,0,0
1906,0,null,0,0,0
1907,0,null,0,0,0
1908,0,null,0,0,0
1909,0,null,0,0,0
1910,0,null,0,0,0
1911,0,null,0,0,0
1912,0,null,0,0,0
1913,0,null,0,0,0
1914,0,null,0,0,0
1915,0,null,0,0,0
1916,0,null,0,0,0
1917,0,null,0,0,0
1918,0,null,0,0,0
1919,0,null,0,0,0
1920,0,null,0,0,0
1921,0,null,0,0,0
1922,0,null,0,0,0
1923,0,null,0,0,0
1924,0,null,0,0,0
1925,0,null,0,0,0
1926,0,null,0,0,0
1927,0,null,0,0,0
1928,0,null,0,0,0
1929,0,null,0,0,0
1930,0,null,0,0,0
1931,0,null,0,0,0
1932,0,null,0,0,0
1933,0,null,0,0,0
1934,0,null,0,0,0
1935,0,null,0,0,0
1936,0,null,0,0,0
1937,3,secondary_proton,1,1,1
1938,0,null,0,0,0
1939,0,null,0,0,0
1940,0,null,0,0,0
1941,0,null,0,0,0
1942,0,null,0,0,0
1943,25,pi+,1,1,1
1944,0,null,0,0,0
1945,0,null,0,0,0
1946,0,null,0,0,0
1947,0,null,0,0,0
1948,0,null,0,0,0
1949,0,null,0,0,0
1950,0,null,0,0,0
1951,0,null,0,0,0
1952,0,null,0,0,0
1953,0,null,0,0,0
1954,0,null,0,0,0
1955,0,null,0,0,0
1956,0,null,0,0,0
1957,0,null,0,0,0
1958,0,null,0,0,0
1959,0,null,0,0,0
2030,0,null,0,0,0
2031,0,null,0,0,0
2032,0,null,0,0,0
2033,0,null,0,0,0
2034,0,null,0,0,0
2035,0,null,0,0,0
2036,0,null,0,0,0
2037,0,null,0,0,0
2038,0,null,0,0,0
2039,0,null,0,0,0
2040,0,null,0,0,0
2041,13,pi+,1,1,1
2042,0,null,0,0,0
2043,0,null,0,0,0
2044,0,null,0,0,0
2045,8,secondary_proton,1,1,0
2046,0,null,0,0,0
2047,0,null,0,0,0
2048,0,null,0,0,0
2049,0,null,0,0,0
2050,11,pi+,1,1,1
2051,0,null,0,0,0
2052,0,null,0,0,0
2053,0,null,0,0,0
2054,0,null,0,0,0
2055,0,null,0,0,0
2056,0,null,0,0,0
2057,0,null,0,0,0
2058,7,secondary_proton,1,1,1
2059,0,null,0,0,0
2060,0,null,0,0,0
2061,0,null,0,0,0
2062,0,null,0,0,0
2063,0,null,0,0,0
2064,0,null,0,0,0
2065,0,null,0,0,0
2066,0,null,0,0,0
2067,0,null,0,0,0
2068,0,null,0,0,0
2069,0,null,0,0,0
2070,0,null,0,0,0
2071,0,null,0,0,0
2072,0,null,0,0,0
2073,1,primary_proton,1,1,1
2074,0,null,0,0,0
2075,34,pi-,1,1,1
2076,0,null,0,0,0
2077,0,null,0,0,0
2078,0,null,0,0,0
2079,0,null,0,0,0
2080,0,null,0,0,0
2081,0,null,0,0,0
2082,0,null,0,0,0
2083,0,null,0,0,0
2084,0,null,0,0,0
2085,0,null,0,0,0
2086,0,null,0,0,0
2087,0,null,0,0,0
2088,0,null,0,0,0
2089,0,null,0,0,0
2090,0,null,0,0,0
2091,0,null,0,0,0
2092,0,null,0,0,0
2093,0,null,0,0,0
2094,0,null,0,0,0
2095,0,null,0,0,0
2096,0,null,0,0,0
2097,11,pi+,1,1,1
2098,0,null,0,0,0
2099,0,null,0,0,0
2170,0,null,0,0,0
2171,0,null,0,0,0
2172,1,primary_proton,1,1,1
2173,1,primary_proton,1,1,1
2174,0,null,0,0,0
2175,0,null,0,0,0
2176,0,null,0,0,0
2177,0,null,0,0,0
2178,0,null,0,0,0
2179,0,null,0,0,0
2180,0,null,0,0,0
2181,0,null,0,0,0
2182,0,null,0,0,0
2183,0,null,0,0,0
2184,0,null,0,0,0
2185,0,null,0,0,0
2186,0,null,0,0,0
2187,0,null,0,0,0
2188,0,null,0,0,0
2189,0,null,0,0,0
2190,0,null,0,0,0
2191,0,null,0,0,0
2192,0,null,0,0,0
2193,0,null,0,0,0
2194,0,null,0,0,0
2195,0,null,0,0,0
2196,0,null,0,0,0
2197,0,null,0,0,0
2198,0,null,0,0,0
2199,0,null,0,0,0
2200,0,null,0,0,0
2201,13,pi-,1,1,1
2202,0,null,0,0,0
2203,0,null,0,0,0
2204,0,null,0,0,0
2205,0,null,0,0,0
2206,0,null,0,0,0
2207,0,null,0,0,0
2208,1,primary_proton,1,1,1
2209,0,null,0,0,0
2210,0,null,0,0,0
2211,0,null,0,0,0
2212,0,null,0,0,0
2213,0,null,0,0,0
2214,0,null,0,0,0
2215,0,null,0,0,0
2216,0,null,0,0,0
2217,0,null,0,0,0
2218,0,null,0,0,0
2219,0,null,0,0,0
2220,0,null,0,0,0
2221,0,null,0,0,0
2222,0,null,0,0,0
2223,0,null,0,0,0
2224,0,null,0,0,0
2225,0,null,0,0,0
2226,0,null,0,0,0
2227,0,null,0,0,0
2228,0,null,0,0,0
2229,0,null,0,0,0
2230,1,primary_proton,1,1,1
2231,0,null,0,0,0
2232,0,null,0,0,0
2233,0,null,0,0,0
2234,0,null,0,0,0
2235,0,null,0,0,0
2236,0,null,0,0,0
2237,0,null,0,0,0
2238,0,null,0,0,0
2239,0,null,0,0,0
2310,0,null,0,0,0
2311,1697,secondary_proton,1,1,0
2312,0,null,0,0,0
2313,0,null,0,0,0
2314,0,null,0,0,0
2315,0,null,0,0,0
2316,0,null,0,0,0
2317,0,null,0,0,0
2318,0,null,0,0,0
2319,0,null,0,0,0
2320,0,null,0,0,0
2321,0,null,0,0,0
2322,0,null,0,0,0
2323,0,null,0,0,0
2324,0,null,0,0,0
2325,0,null,0,0,0
2326,0,null,0,0,0
2327,0,null,0,0,0
2328,13,pi+,1,1,0
2247,0,null,0,0,0
2248,0,null,0,0,0
2249,0,null,0,0,0
2250,0,null,0,0,0
2251,8,pi+,1,1,1
2252,0,null,0,0,0
2253,0,null,0,0,0
2254,0,null,0,0,0
2255,0,null,0,0,0
2256,0,null,0,0,0
2257,17,kaon+,1,1,0
2258,0,null,0,0,0
2259,1,primary_proton,1,1,1
2260,0,null,0,0,0
2261,0,null,0,0,0
2262,0,null,0,0,0
2263,0,null,0,0,0
2264,0,null,0,0,0
2265,0,null,0,0,0
2266,0,null,0,0,0
2267,0,null,0,0,0
2268,0,null,0,0,0
2269,0,null,0,0,0
2270,1698,pi+,1,1,1
2271,0,null,0,0,0
2272,1,primary_proton,1,1,1
2273,0,null,0,0,0
2274,0,null,0,0,0
2275,0,null,0,0,0
2276,0,null,0,0,0
2277,0,null,0,0,0
2278,0,null,0,0,0
2279,9,pi-,1,1,1
2280,0,null,0,0,0
2281,0,null,0,0,0
2282,0,null,0,0,0
2283,0,null,0,0,0
2284,0,null,0,0,0
2285,0,null,0,0,0
2286,0,null,0,0,0
2287,0,null,0,0,0
2288,0,null,0,0,0
2289,0,null,0,0,0
2290,0,null,0,0,0
2291,0,null,0,0,0
2292,0,null,0,0,0
2293,0,null,0,0,0
2294,0,null,0,0,0
2295,0,null,0,0,0
2296,0,null,0,0,0
2297,0,null,0,0,0
2298,0,null,0,0,0
2299,0,null,0,0,0
2300,0,null,0,0,0
2301,0,null,0,0,0
2302,0,null,0,0,0
2303,0,null,0,0,0
2304,0,null,0,0,0
2305,0,null,0,0,0
2306,0,null,0,0,0
2307,0,null,0,0,0
2308,0,null,0,0,0
2309,0,null,0,0,0
2380,0,null,0,0,0
2381,0,null,0,0,0
2382,0,null,0,0,0
2383,0,null,0,0,0
2384,0,null,0,0,0
2385,0,null,0,0,0
2386,0,null,0,0,0
2387,0,null,0,0,0
2388,0,null,0,0,0
2389,0,null,0,0,0
2390,1,primary_proton,1,1,1
2391,0,null,0,0,0
2392,0,null,0,0,0
2393,0,null,0,0,0
2394,0,null,0,0,0
2395,0,null,0,0,0
2396,0,null,0,0,0
2397,0,null,0,0,0
2398,0,null,0,0,0
2399,0,null,0,0,0
2400,0,null,0,0,0
2401,0,null,0,0,0
2402,0,null,0,0,0
2403,0,null,0,0,0
2404,0,null,0,0,0
2405,0,null,0,0,0
2406,1,primary_proton,1,1,1
2407,1,primary_proton,1,1,1
2408,0,null,0,0,0
2409,0,null,0,0,0
2410,0,null,0,0,0
2411,0,null,0,0,0
2412,0,null,0,0,0
2413,0,null,0,0,0
2414,0,null,0,0,0
2415,0,null,0,0,0
2416,0,null,0,0,0
2417,0,null,0,0,0
2418,7,pi+,1,1,1
2419,0,null,0,0,0
2420,0,null,0,0,0
2421,0,null,0,0,0
2422,0,null,0,0,0
2423,1,primary_proton,1,1,1
2424,0,null,0,0,0
2425,0,null,0,0,0
2426,0,null,0,0,0
2427,0,null,0,0,0
2428,0,null,0,0,0
2429,0,null,0,0,0
2430,0,null,0,0,0
2431,0,null,0,0,0
2432,0,null,0,0,0
2433,6,secondary_proton,1,1,1
2434,0,null,0,0,0
2435,0,null,0,0,0
2436,0,null,0,0,0
2437,0,null,0,0,0
2438,0,null,0,0,0
2439,0,null,0,0,0
2440,0,null,0,0,0
2441,0,null,0,0,0
2442,0,null,0,0,0
2443,0,null,0,0,0
2444,0,null,0,0,0
2445,0,null,0,0,0
2446,0,null,0,0,0
2447,0,null,0,0,0
2448,0,null,0,0,0
2449,0,null,0,0,0
2590,0,null,0,0,0
2591,0,null,0,0,0
2592,0,null,0,0,0
2593,0,null,0,0,0
2594,0,null,0,0,0
2595,0,null,0,0,0
2596,1,primary_proton,1,1,1
2597,0,null,0,0,0
2598,0,null,0,0,0
2599,0,null,0,0,0
2600,0,null,0,0,0
2601,0,null,0,0,0
2602,0,null,0,0,0
2603,0,null,0,0,0
2604,0,null,0,0,0
2605,0,null,0,0,0
2606,0,null,0,0,0
2607,0,null,0,0,0
2608,192,pi+,1,1,1
2609,0,null,0,0,0
2610,0,null,0,0,0
2611,0,null,0,0,0
2612,0,null,0,0,0
2613,0,null,0,0,0
2614,0,null,0,0,0
2615,0,null,0,0,0
2616,0,null,0,0,0
2617,0,null,0,0,0
2618,0,null,0,0,0
2619,0,null,0,0,0
2620,0,null,0,0,0
2621,0,null,0,0,0
2622,0,null,0,0,0
2623,0,null,0,0,0
2624,0,null,0,0,0
2625,0,null,0,0,0
2626,0,null,0,0,0
2627,0,null,0,0,0
2628,0,null,0,0,0
2629,0,null,0,0,0
2630,0,null,0,0,0
2631,0,null,0,0,0
2632,0,null,0,0,0
2633,0,null,0,0,0
2634,1,primary_proton,1,1,1
2635,0,null,0,0,0
2636,5,pi-,1,1,1
2637,0,null,0,0,0
2638,0,null,0,0,0
2639,0,null,0,0,0
2640,0,null,0,0,0
2641,0,null,0,0,0
2642,0,null,0,0,0
2643,0,null,0,0,0
2644,0,null,0,0,0
2645,0,null,0,0,0
2646,0,null,0,0,0
2647,0,null,0,0,0
2648,0,null,0,0,0
2649,0,null,0,0,0
2650,0,null,0,0,0
2651,0,null,0,0,0
2652,0,null,0,0,0
2653,0,null,0,0,0
2654,0,null,0,0,0
2655,0,null,0,0,0
2656,0,null,0,0,0
2657,0,null,0,0,0
2658,0,null,0,0,0
2659,0,null,0,0,0
2660,0,null,0,0,0
2661,0,null,0,0,0
2662,0,null,0,0,0
2663,12,pi-,1,1,0
2664,0,null,0,0,0
2665,0,null,0,0,0
2666,0,null,0,0,0
2667,0,null,0,0,0
2668,0,null,0,0,0
2669,0,null,0,0,0
2670,0,null,0,0,0
2671,0,null,0,0,0
2672,0,null,0,0,0
2673,0,null,0,0,0
2674,0,null,0,0,0
2675,0,null,0,0,0
2676,0,null,0,0,0
2677,0,null,0,0,0
2330,0,null,0,0,0
2331,0,null,0,0,0
2332,0,null,0,0,0
2333,0,null,0,0,0
2334,0,null,0,0,0
2335,0,null,0,0,0
2336,0,null,0,0,0
2337,0,null,0,0,0
2338,0,null,0,0,0
2339,2,pi+,1,1,0
2340,0,null,0,0,0
2341,0,null,0,0,0
2342,0,null,0,0,0
2343,0,null,0,0,0
2344,0,null,0,0,0
2345,0,null,0,0,0
2346,0,null,0,0,0
2347,0,null,0,0,0
2348,0,null,0,0,0
2349,0,null,0,0,0
2350,0,null,0,0,0
2351,0,null,0,0,0
2352,0,null,0,0,0
2353,0,null,0,0,0
2354,0,null,0,0,0
2355,0,null,0,0,0
2356,0,null,0,0,0
2357,0,null,0,0,0
2358,0,null,0,0,0
2359,0,null,0,0,0
2360,0,null,0,0,0
2361,0,null,0,0,0
2362,0,null,0,0,0
2363,0,null,0,0,0
2364,0,null,0,0,0
2365,0,null,0,0,0
2366,0,null,0,0,0
2367,0,null,0,0,0
2368,15,secondary_proton,1,1,1
2369,0,null,0,0,0
2370,1,primary_proton,1,1,1
2371,0,null,0,0,0
2372,0,null,0,0,0
2373,2,secondary_proton,1,1,1
2374,1,primary_proton,1,1,1
2375,0,null,0,0,0
2376,0,null,0,0,0
2377,0,null,0,0,0
2378,0,null,0,0,0
2379,0,null,0,0,0
2450,0,null,0,0,0
2451,0,null,0,0,0
2452,0,null,0,0,0
2453,0,null,0,0,0
2454,0,null,0,0,0
2455,1,primary_proton,1,1,1
2456,0,null,0,0,0
2457,0,null,0,0,0
2458,0,null,0,0,0
2459,0,null,0,0,0
2460,0,null,0,0,0
2461,0,null,0,0,0
2462,0,null,0,0,0
2463,0,null,0,0,0
2464,0,null,0,0,0
2465,0,null,0,0,0
2466,0,null,0,0,0
2467,0,null,0,0,0
2468,0,null,0,0,0
2469,0,null,0,0,0
2470,0,null,0,0,0
2471,0,null,0,0,0
2472,0,null,0,0,0
2473,0,null,0,0,0
2474,0,null,0,0,0
2475,0,null,0,0,0
2476,0,null,0,0,0
2477,0,null,0,0,0
2478,0,null,0,0,0
2479,0,null,0,0,0
2480,0,null,0,0,0
2481,0,null,0,0,0
2482,0,null,0,0,0
2483,0,null,0,0,0
2484,0,null,0,0,0
2485,0,null,0,0,0
2486,0,null,0,0,0
2487,3,secondary_proton,1,1,1
2488,0,null,0,0,0
2489,0,null,0,0,0
2490,0,null,0,0,0
2491,0,null,0,0,0
2492,0,null,0,0,0
2493,0,null,0,0,0
2494,0,null,0,0,0
2495,0,null,0,0,0
2496,0,null,0,0,0
2497,0,null,0,0,0
2498,1156,pi+,1,1,1
2499,0,null,0,0,0
2500,0,null,0,0,0
2501,0,null,0,0,0
2502,0,null,0,0,0
2503,0,null,0,0,0
2504,0,null,0,0,0
2505,0,null,0,0,0
2506,0,null,0,0,0
2507,0,null,0,0,0
2508,0,null,0,0,0
2509,0,null,0,0,0
2510,0,null,0,0,0
2511,0,null,0,0,0
2512,0,null,0,0,0
2513,0,null,0,0,0
2514,0,null,0,0,0
2515,0,null,0,0,0
2516,0,null,0,0,0
2517,0,null,0,0,0
2518,0,null,0,0,0
2519,0,null,0,0,0
2520,0,null,0,0,0
2521,0,null,0,0,0
2522,13,pi-,1,1,1
2523,0,null,0,0,0
2524,0,null,0,0,0
2525,8,secondary_proton,1,1,1
2526,0,null,0,0,0
2527,0,null,0,0,0
2528,12,pi+,1,1,1
2529,0,null,0,0,0
2530,2832,e-,1,1,0
2531,0,null,0,0,0
2532,0,null,0,0,0
2533,0,null,0,0,0
2534,0,null,0,0,0
2535,0,null,0,0,0
2536,0,null,0,0,0
2537,0,null,0,0,0
2538,0,null,0,0,0
2539,0,null,0,0,0
2540,0,null,0,0,0
2541,0,null,0,0,0
2542,0,null,0,0,0
2543,0,null,0,0,0
2544,0,null,0,0,0
2545,0,null,0,0,0
2546,0,null,0,0,0
2547,0,null,0,0,0
2548,0,null,0,0,0
2549,0,null,0,0,0
2550,0,null,0,0,0
2551,0,null,0,0,0
2552,0,null,0,0,0
2553,12,pi+,1,1,1
2554,0,null,0,0,0
2555,0,null,0,0,0
2556,0,null,0,0,0
2557,0,null,0,0,0
2558,0,null,0,0,0
2559,0,null,0,0,0
2560,0,null,0,0,0
2561,0,null,0,0,0
2562,0,null,0,0,0
2563,0,null,0,0,0
2564,0,null,0,0,0
2565,0,null,0,0,0
2566,0,null,0,0,0
2567,0,null,0,0,0
2568,0,null,0,0,0
2569,0,null,0,0,0
2570,0,null,0,0,0
2571,0,null,0,0,0
2572,0,null,0,0,0
2573,0,null,0,0,0
2574,1,primary_proton,1,1,1
2575,0,null,0,0,0
2576,0,null,0,0,0
2577,0,null,0,0,0
2578,1,primary_proton,1,1,1
2579,0,null,0,0,0
2580,0,null,0,0,0
2581,0,null,0,0,0
2582,7,secondary_proton,1,1,0
2583,0,null,0,0,0
2584,0,null,0,0,0
2585,0,null,0,0,0
2586,0,null,0,0,0
2587,0,null,0,0,0
2588,0,null,0,0,0
2589,0,null,0,0,0
2730,0,null,0,0,0
2731,0,null,0,0,0
2732,0,null,0,0,0
2733,0,null,0,0,0
2734,0,null,0,0,0
2735,0,null,0,0,0
2736,0,null,0,0,0
2737,0,null,0,0,0
2738,0,null,0,0,0
2739,0,null,0,0,0
2740,0,null,0,0,0
2741,0,null,0,0,0
2742,0,null,0,0,0
2743,0,null,0,0,0
2744,0,null,0,0,0
2745,0,null,0,0,0
2746,0,null,0,0,0
2747,0,null,0,0,0
2748,0,null,0,0,0
2749,0,null,0,0,0
2750,0,null,0,0,0
2751,0,null,0,0,0
2752,0,null,0,0,0
2753,0,null,0,0,0
2754,0,null,0,0,0
2755,0,null,0,0,0
2756,0,null,0,0,0
2757,0,null,0,0,0
2758,0,null,0,0,0
2759,416,pi+,1,1,1
2761,0,null,0,0,0
2762,0,null,0,0,0
2763,0,null,0,0,0
2764,0,null,0,0,0
2765,0,null,0,0,0
2766,0,null,0,0,0
2767,0,null,0,0,0
2768,0,null,0,0,0
2769,0,null,0,0,0
2770,1,primary_proton,1,1,1
2771,0,null,0,0,0
2772,0,null,0,0,0
2773,0,null,0,0,0
2774,0,null,0,0,0
2775,0,null,0,0,0
2776,0,null,0,0,0
2777,0,null,0,0,0
2778,0,null,0,0,0
2779,0,null,0,0,0
2780,0,null,0,0,0
2781,0,null,0,0,0
2782,0,null,0,0,0
2783,0,null,0,0,0
2784,0,null,0,0,0
2785,0,null,0,0,0
2786,0,null,0,0,0
2787,10,pi+,1,1,1
2788,0,null,0,0,0
2789,0,null,0,0,0
2790,0,null,0,0,0
2791,0,null,0,0,0
2792,0,null,0,0,0
2793,0,null,0,0,0
2794,0,null,0,0,0
2795,0,null,0,0,0
2796,0,null,0,0,0
2797,0,null,0,0,0
2798,0,null,0,0,0
2799,0,null,0,0,0
2800,0,null,0,0,0
2801,0,null,0,0,0
2802,0,null,0,0,0
2803,0,null,0,0,0
2804,0,null,0,0,0
2805,0,null,0,0,0
2806,0,null,0,0,0
2807,0,null,0,0,0
2808,0,null,0,0,0
2809,0,null,0,0,0
2810,0,null,0,0,0
2811,0,null,0,0,0
2812,1,primary_proton,1,1,1
2813,0,null,0,0,0
2814,0,null,0,0,0
2815,0,null,0,0,0
2816,0,null,0,0,0
2817,8,secondary_proton,1,1,1
2818,0,null,0,0,0
2819,0,null,0,0,0
2820,0,null,0,0,0
2821,0,null,0,0,0
2822,0,null,0,0,0
2823,0,null,0,0,0
2824,0,null,0,0,0
2825,0,null,0,0,0
2826,0,null,0,0,0
2827,0,null,0,0,0
2828,0,null,0,0,0
2829,4,secondary_proton,1,1,1
2830,0,null,0,0,0
2831,0,null,0,0,0
2832,0,null,0,0,0
2833,0,null,0,0,0
2834,0,null,0,0,0
2835,0,null,0,0,0
2836,0,null,0,0,0
2837,0,null,0,0,0
2838,0,null,0,0,0
2839,0,null,0,0,0
2840,0,null,0,0,0
2841,0,null,0,0,0
2842,1,primary_proton,1,1,1
2843,0,null,0,0,0
2844,0,null,0,0,0
2845,0,null,0,0,0
2846,0,null,0,0,0
2847,1,primary_proton,1,1,1
2848,0,null,0,0,0
2849,1,primary_proton,1,1,1
2850,0,null,0,0,0
2851,0,null,0,0,0
2852,0,null,0,0,0
2853,0,null,0,0,0
2854,0,null,0,0,0
2855,0,null,0,0,0
2856,1,primary_proton,1,1,1
2857,0,null,0,0,0
2858,0,null,0,0,0
2859,0,null,0,0,0
2860,0,null,0,0,0
2861,0,null,0,0,0
2862,0,null,0,0,0
2863,0,null,0,0,0
2864,0,null,0,0,0
2865,0,null,0,0,0
2866,0,null,0,0,0
2867,0,null,0,0,0
2868,0,null,0,0,0
2869,0,null,0,0,0
2940,0,null,0,0,0
2941,0,null,0,0,0
2942,0,null,0,0,0
2943,0,null,0,0,0
2944,0,null,0,0,0
2945,0,null,0,0,0
2946,0,null,0,0,0
2947,0,null,0,0,0
2948,0,null,0,0,0
2949,0,null,0,0,0
2950,0,null,0,0,0
2951,0,null,0,0,0
2952,0,null,0,0,0
2953,0,null,0,0,0
2954,0,null,0,0,0
2955,1,primary_proton,1,1,1
2956,0,null,0,0,0
2957,0,null,0,0,0
2958,0,null,0,0,0
2959,0,null,0,0,0
2960,0,null,0,0,0
2961,0,null,0,0,0
2962,0,null,0,0,0
2963,0,null,0,0,0
2964,0,null,0,0,0
2965,0,null,0,0,0
2966,0,null,0,0,0
2967,0,null,0,0,0
2968,0,null,0,0,0
2969,0,null,0,0,0
2970,0,null,0,0,0
2971,0,null,0,0,0
2972,0,null,0,0,0
2973,0,null,0,0,0
2974,0,null,0,0,0
2975,0,null,0,0,0
2976,0,null,0,0,0
2977,0,null,0,0,0
2978,0,null,0,0,0
2979,0,null,0,0,0
2980,2,secondary_proton,1,1,1
2981,0,null,0,0,0
2982,0,null,0,0,0
2983,1,primary_proton,1,1,1
2984,0,null,0,0,0
2985,1,primary_proton,1,1,1
2986,0,null,0,0,0
2987,0,null,0,0,0
2988,0,null,0,0,0
2989,0,null,0,0,0
2990,0,null,0,0,0
2991,0,null,0,0,0
2992,0,null,0,0,0
2993,0,null,0,0,0
2994,0,null,0,0,0
2995,0,null,0,0,0
2996,6,pi-,1,1,1
2997,0,null,0,0,0
2998,0,null,0,0,0
2999,0,null,0,0,0
3000,0,null,0,0,0
3001,0,null,0,0,0
3002,0,null,0,0,0
3003,0,null,0,0,0
3004,0,null,0,0,0
3005,0,null,0,0,0
3006,0,null,0,0,0
3007,0,null,0,0,0
3008,0,null,0,0,0
3009,0,null,0,0,0
3010,0,null,0,0,0
3011,0,null,0,0,0
3012,0,null,0,0,0
3013,0,null,0,0,0
3014,0,null,0,0,0
3015,0,null,0,0,0
3016,0,null,0,0,0
3017,0,null,0,0,0
3018,0,null,0,0,0
3019,1,primary_proton,1,1,1
3020,0,null,0,0,0
3021,0,null,0,0,0
3022,0,null,0,0,0
3023,0,null,0,0,0
3024,0,null,0,0,0
3025,0,null,0,0,0
3026,0,null,0,0,0
3027,0,null,0,0,0
3028,0,null,0,0,0
3029,2269,e-,1,1,1
3030,0,null,0,0,0
3031,0,null,0,0,0
3032,0,null,0,0,0
3033,0,null,0,0,0
3034,0,null,0,0,0
3035,0,null,0,0,0
3036,0,null,0,0,0
3037,0,null,0,0,0
3038,0,null,0,0,0
3039,1,primary_proton,1,1,1
3040,0,null,0,0,0
3041,0,null,0,0,0
3042,0,null,0,0,0
3043,0,null,0,0,0
3044,0,null,0,0,0
3045,0,null,0,0,0
3046,0,null,0,0,0
3047,0,null,0,0,0
3048,0,null,0,0,0
3049,0,null,0,0,0
2679,0,null,0,0,0
2680,0,null,0,0,0
2681,0,null,0,0,0
2682,8,pi+,1,1,1
2683,0,null,0,0,0
2684,0,null,0,0,0
2685,0,null,0,0,0
2686,7,pi+,1,1,1
2687,0,null,0,0,0
2688,0,null,0,0,0
2689,0,null,0,0,0
2690,0,null,0,0,0
2691,0,null,0,0,0
2692,0,null,0,0,0
2693,0,null,0,0,0
2694,0,null,0,0,0
2695,0,null,0,0,0
2696,0,null,0,0,0
2697,0,null,0,0,0
2698,0,null,0,0,0
2699,0,null,0,0,0
2700,0,null,0,0,0
2701,0,null,0,0,0
2702,0,null,0,0,0
2703,0,null,0,0,0
2704,1,primary_proton,1,1,0
2705,0,null,0,0,0
2706,0,null,0,0,0
2707,0,null,0,0,0
2708,0,null,0,0,0
2709,0,null,0,0,0
2710,0,null,0,0,0
2711,0,null,0,0,0
2712,0,null,0,0,0
2713,0,null,0,0,0
2714,0,null,0,0,0
2715,23,pi+,1,1,1
2716,0,null,0,0,0
2717,0,null,0,0,0
2718,0,null,0,0,0
2719,0,null,0,0,0
2720,0,null,0,0,0
2721,0,null,0,0,0
2722,0,null,0,0,0
2723,0,null,0,0,0
2724,0,null,0,0,0
2725,0,null,0,0,0
2726,0,null,0,0,0
2727,0,null,0,0,0
2728,0,null,0,0,0
2729,0,null,0,0,0
2870,0,null,0,0,0
2871,0,null,0,0,0
2872,0,null,0,0,0
2873,0,null,0,0,0
2874,0,null,0,0,0
2875,0,null,0,0,0
2876,0,null,0,0,0
2877,0,null,0,0,0
2878,0,null,0,0,0
2879,0,null,0,0,0
2880,0,null,0,0,0
2881,0,null,0,0,0
2882,0,null,0,0,0
2883,0,null,0,0,0
2884,0,null,0,0,0
2885,0,null,0,0,0
2886,0,null,0,0,0
2887,0,null,0,0,0
2888,0,null,0,0,0
2889,0,null,0,0,0
2890,0,null,0,0,0
2891,0,null,0,0,0
2892,0,null,0,0,0
2893,0,null,0,0,0
2894,11,pi+,1,1,1
2895,0,null,0,0,0
2896,0,null,0,0,0
2897,105,secondary_proton,1,1,1
2898,0,null,0,0,0
2899,0,null,0,0,0
2900,0,null,0,0,0
2901,0,null,0,0,0
2902,0,null,0,0,0
2903,0,null,0,0,0
2904,0,null,0,0,0
2905,0,null,0,0,0
2906,0,null,0,0,0
2907,0,null,0,0,0
2908,1,primary_proton,1,1,1
2909,0,null,0,0,0
2910,0,null,0,0,0
2911,0,null,0,0,0
2912,0,null,0,0,0
2913,0,null,0,0,0
2914,0,null,0,0,0
2915,0,null,0,0,0
2916,0,null,0,0,0
2917,0,null,0,0,0
2918,0,null,0,0,0
2919,0,null,0,0,0
2920,0,null,0,0,0
2921,0,null,0,0,0
2922,0,null,0,0,0
2923,0,null,0,0,0
2924,0,null,0,0,0
2925,0,null,0,0,0
2926,0,null,0,0,0
2927,0,null,0,0,0
2928,0,null,0,0,0
2929,0,null,0,0,0
2930,0,null,0,0,0
2931,0,null,0,0,0
2932,0,null,0,0,0
2933,11,pi+,1,1,1
2934,0,null,0,0,0
2935,0,null,0,0,0
2936,0,null,0,0,0
2937,0,null,0,0,0
2938,0,null,0,0,0
2939,0,null,0,0,0
3080,0,null,0,0,0
3081,0,null,0,0,0
3082,0,null,0,0,0
3083,0,null,0,0,0
3084,1,primary_proton,1,0,0
3085,1,primary_proton,1,1,1
3086,0,null,0,0,0
3087,0,null,0,0,0
3088,0,null,0,0,0
3089,0,null,0,0,0
3090,0,null,0,0,0
3091,0,null,0,0,0
3092,0,null,0,0,0
3093,0,null,0,0,0
3094,0,null,0,0,0
3095,0,null,0,0,0
3096,0,null,0,0,0
3097,0,null,0,0,0
3098,0,null,0,0,0
3099,0,null,0,0,0
3100,0,null,0,0,0
3101,0,null,0,0,0
3102,0,null,0,0,0
3103,0,null,0,0,0
3104,9,pi+,1,1,1
3105,0,null,0,0,0
3106,0,null,0,0,0
3107,0,null,0,0,0
3108,0,null,0,0,0
3109,0,null,0,0,0
3110,0,null,0,0,0
3111,0,null,0,0,0
3112,0,null,0,0,0
3113,0,null,0,0,0
3114,0,null,0,0,0
3115,0,null,0,0,0
3116,0,null,0,0,0
3117,0,null,0,0,0
3118,0,null,0,0,0
3119,0,null,0,0,0
3120,0,null,0,0,0
3121,0,null,0,0,0
3122,0,null,0,0,0
3123,0,null,0,0,0
3124,0,null,0,0,0
3125,0,null,0,0,0
3126,0,null,0,0,0
3127,0,null,0,0,0
3128,0,null,0,0,0
3129,34,pi+,1,1,1
3130,0,null,0,0,0
3131,0,null,0,0,0
3132,0,null,0,0,0
3133,0,null,0,0,0
3134,0,null,0,0,0
3135,0,null,0,0,0
3136,0,null,0,0,0
3137,0,null,0,0,0
3138,0,null,0,0,0
3139,0,null,0,0,0
3140,0,null,0,0,0
3141,1,primary_proton,1,1,1
3142,0,null,0,0,0
3143,0,null,0,0,0
3144,0,null,0,0,0
3145,0,null,0,0,0
3146,0,null,0,0,0
3147,0,null,0,0,0
3148,0,null,0,0,0
3149,0,null,0,0,0
3150,0,null,0,0,0
3151,0,null,0,0,0
3152,0,null,0,0,0
3153,0,null,0,0,0
3154,0,null,0,0,0
3155,0,null,0,0,0
3156,0,null,0,0,0
3157,0,null,0,0,0
3158,0,null,0,0,0
3159,0,null,0,0,0
3160,0,null,0,0,0
3161,0,null,0,0,0
3162,0,null,0,0,0
3163,0,null,0,0,0
3164,1,primary_proton,1,1,1
3165,0,null,0,0,0
3166,0,null,0,0,0
3167,0,null,0,0,0
3168,0,null,0,0,0
3169,0,null,0,0,0
3170,12,secondary_proton,1,1,1
3171,1,primary_proton,1,1,1
3172,0,null,0,0,0
3173,0,null,0,0,0
3174,0,null,0,0,0
3175,0,null,0,0,0
3176,0,null,0,0,0
3177,0,null,0,0,0
3178,0,null,0,0,0
3179,0,null,0,0,0
3051,0,null,0,0,0
3052,0,null,0,0,0
3053,0,null,0,0,0
3054,0,null,0,0,0
3055,0,null,0,0,0
3056,0,null,0,0,0
3057,0,null,0,0,0
3058,0,null,0,0,0
3059,0,null,0,0,0
3060,0,null,0,0,0
3061,8,pi+,1,1,0
3062,1,primary_proton,1,1,1
3063,0,null,0,0,0
3064,0,null,0,0,0
3065,1,primary_proton,1,1,1
3066,0,null,0,0,0
3067,0,null,0,0,0
3068,0,null,0,0,0
3069,0,null,0,0,0
3070,0,null,0,0,0
3071,0,null,0,0,0
3072,0,null,0,0,0
3073,0,null,0,0,0
3074,0,null,0,0,0
3075,0,null,0,0,0
3076,18,pi+,1,1,1
3077,0,null,0,0,0
3078,0,null,0,0,0
3079,0,null,0,0,0
3220,0,null,0,0,0
3221,0,null,0,0,0
3222,0,null,0,0,0
3223,0,null,0,0,0
3224,0,null,0,0,0
3225,0,null,0,0,0
3226,0,null,0,0,0
3227,12,secondary_proton,1,1,1
3228,0,null,0,0,0
3229,1,primary_proton,1,1,1
3230,0,null,0,0,0
3231,0,null,0,0,0
3232,0,null,0,0,0
3233,0,null,0,0,0
3234,0,null,0,0,0
3235,0,null,0,0,0
3236,0,null,0,0,0
3237,0,null,0,0,0
3238,0,null,0,0,0
3239,0,null,0,0,0
3240,161,secondary_proton,1,1,1
3241,0,null,0,0,0
3242,0,null,0,0,0
3243,0,null,0,0,0
3244,0,null,0,0,0
3245,8,secondary_proton,1,1,1
3246,0,null,0,0,0
3247,20,pi-,1,1,1
3248,0,null,0,0,0
3249,0,null,0,0,0
3250,0,null,0,0,0
3251,0,null,0,0,0
3252,0,null,0,0,0
3253,0,null,0,0,0
3254,0,null,0,0,0
3255,0,null,0,0,0
3256,0,null,0,0,0
3257,0,null,0,0,0
3258,0,null,0,0,0
3259,0,null,0,0,0
3260,0,null,0,0,0
3261,0,null,0,0,0
3262,0,null,0,0,0
3263,0,null,0,0,0
3264,0,null,0,0,0
3265,0,null,0,0,0
3266,0,null,0,0,0
3267,0,null,0,0,0
3268,1,primary_proton,1,1,1
3269,0,null,0,0,0
3270,0,null,0,0,0
3271,11,pi+,1,1,1
3272,0,null,0,0,0
3273,0,null,0,0,0
3274,0,null,0,0,0
3275,8,pi+,1,1,0
3276,0,null,0,0,0
3277,0,null,0,0,0
3278,0,null,0,0,0
3279,0,null,0,0,0
3280,0,null,0,0,0
3281,0,null,0,0,0
3282,0,null,0,0,0
3283,0,null,0,0,0
3284,0,null,0,0,0
3285,0,null,0,0,0
3286,0,null,0,0,0
3287,0,null,0,0,0
3288,0,null,0,0,0
3289,0,null,0,0,0
3360,0,null,0,0,0
3361,0,null,0,0,0
3362,0,null,0,0,0
3363,0,null,0,0,0
3364,0,null,0,0,0
3365,0,null,0,0,0
3366,0,null,0,0,0
3367,0,null,0,0,0
3368,0,null,0,0,0
3369,0,null,0,0,0
3370,7,secondary_proton,1,1,1
3371,0,null,0,0,0
3372,0,null,0,0,0
3373,0,null,0,0,0
3374,0,null,0,0,0
3375,0,null,0,0,0
3376,0,null,0,0,0
3377,0,null,0,0,0
3378,0,null,0,0,0
3379,0,null,0,0,0
3380,0,null,0,0,0
3381,0,null,0,0,0
3382,0,null,0,0,0
3383,5,secondary_proton,1,1,1
3384,0,null,0,0,0
3385,0,null,0,0,0
3386,0,null,0,0,0
3387,0,null,0,0,0
3388,0,null,0,0,0
3389,0,null,0,0,0
3390,0,null,0,0,0
3391,0,null,0,0,0
3392,0,null,0,0,0
3393,0,null,0,0,0
3394,0,null,0,0,0
3395,0,null,0,0,0
3396,0,null,0,0,0
3397,0,null,0,0,0
3398,0,null,0,0,0
3399,0,null,0,0,0
3400,0,null,0,0,0
3401,0,null,0,0,0
3402,0,null,0,0,0
3403,0,null,0,0,0
3404,0,null,0,0,0
3405,0,null,0,0,0
3406,0,null,0,0,0
3407,0,null,0,0,0
3408,1,primary_proton,1,1,1
3409,0,null,0,0,0
3410,0,null,0,0,0
3411,177,pi-,1,1,1
3412,0,null,0,0,0
3413,0,null,0,0,0
3414,0,null,0,0,0
3415,0,null,0,0,0
3416,0,null,0,0,0
3417,0,null,0,0,0
3418,0,null,0,0,0
3419,0,null,0,0,0
3420,0,null,0,0,0
3421,0,null,0,0,0
3422,0,null,0,0,0
3423,0,null,0,0,0
3424,0,null,0,0,0
3425,0,null,0,0,0
3426,0,null,0,0,0
3427,11,pi-,1,0,0
3428,0,null,0,0,0
3429,0,null,0,0,0
3430,0,null,0,0,0
3431,0,null,0,0,0
3432,0,null,0,0,0
3433,0,null,0,0,0
3434,0,null,0,0,0
3435,0,null,0,0,0
3436,1,primary_proton,1,1,1
3437,0,null,0,0,0
3438,0,null,0,0,0
3439,0,null,0,0,0
3440,1,primary_proton,1,1,1
3441,0,null,0,0,0
3442,0,null,0,0,0
3443,0,null,0,0,0
3444,1,primary_proton,1,1,1
3445,0,null,0,0,0
3446,17,pi+,1,1,0
3447,0,null,0,0,0
3448,0,null,0,0,0
3449,8,secondary_proton,1,1,1
3450,0,null,0,0,0
3451,0,null,0,0,0
3452,0,null,0,0,0
3453,0,null,0,0,0
3454,0,null,0,0,0
3455,0,null,0,0,0
3456,0,null,0,0,0
3457,0,null,0,0,0
3458,0,null,0,0,0
3459,8,pi+,1,1,1
3460,0,null,0,0,0
3461,0,null,0,0,0
3462,0,null,0,0,0
3463,1,primary_proton,1,1,1
3464,0,null,0,0,0
3465,0,null,0,0,0
3466,0,null,0,0,0
3467,0,null,0,0,0
3468,0,null,0,0,0
3469,0,null,0,0,0
3470,0,null,0,0,0
3471,0,null,0,0,0
3472,0,null,0,0,0
3473,0,null,0,0,0
3474,0,null,0,0,0
3475,0,null,0,0,0
3476,0,null,0,0,0
3477,0,null,0,0,0
3181,8,pi+,1,1,1
3182,0,null,0,0,0
3183,0,null,0,0,0
3184,0,null,0,0,0
3185,0,null,0,0,0
3186,0,null,0,0,0
3187,0,null,0,0,0
3188,0,null,0,0,0
3189,0,null,0,0,0
3190,0,null,0,0,0
3191,0,null,0,0,0
3192,0,null,0,0,0
3193,0,null,0,0,0
3194,0,null,0,0,0
3195,0,null,0,0,0
3196,0,null,0,0,0
3197,0,null,0,0,0
3198,1,primary_proton,1,1,1
3199,0,null,0,0,0
3200,0,null,0,0,0
3201,0,null,0,0,0
3202,0,null,0,0,0
3203,0,null,0,0,0
3204,0,null,0,0,0
3205,0,null,0,0,0
3206,0,null,0,0,0
3207,0,null,0,0,0
3208,0,null,0,0,0
3209,0,null,0,0,0
3210,0,null,0,0,0
3211,0,null,0,0,0
3212,0,null,0,0,0
3213,0,null,0,0,0
3214,0,null,0,0,0
3215,0,null,0,0,0
3216,0,null,0,0,0
3217,0,null,0,0,0
3218,0,null,0,0,0
3219,23,kaon+,1,0,0
3290,0,null,0,0,0
3291,0,null,0,0,0
3292,0,null,0,0,0
3293,0,null,0,0,0
3294,0,null,0,0,0
3295,0,null,0,0,0
3296,0,null,0,0,0
3297,0,null,0,0,0
3298,0,null,0,0,0
3299,0,null,0,0,0
3300,0,null,0,0,0
3301,0,null,0,0,0
3302,0,null,0,0,0
3303,0,null,0,0,0
3304,7,secondary_proton,1,1,1
3305,0,null,0,0,0
3306,0,null,0,0,0
3307,0,null,0,0,0
3308,0,null,0,0,0
3309,0,null,0,0,0
3310,0,null,0,0,0
3311,0,null,0,0,0
3312,0,null,0,0,0
3313,0,null,0,0,0
3314,0,null,0,0,0
3315,0,null,0,0,0
3316,0,null,0,0,0
3317,0,null,0,0,0
3318,0,null,0,0,0
3319,0,null,0,0,0
3320,0,null,0,0,0
3321,0,null,0,0,0
3322,0,null,0,0,0
3323,0,null,0,0,0
3324,0,null,0,0,0
3325,0,null,0,0,0
3326,0,null,0,0,0
3327,0,null,0,0,0
3328,0,null,0,0,0
3329,0,null,0,0,0
3330,8,secondary_proton,1,0,0
3331,0,null,0,0,0
3332,0,null,0,0,0
3333,0,null,0,0,0
3334,0,null,0,0,0
3335,0,null,0,0,0
3336,0,null,0,0,0
3337,16,pi-,1,1,1
3338,0,null,0,0,0
3339,0,null,0,0,0
3340,0,null,0,0,0
3341,0,null,0,0,0
3342,0,null,0,0,0
3343,0,null,0,0,0
3344,0,null,0,0,0
3345,0,null,0,0,0
3346,8,pi+,1,1,1
3347,0,null,0,0,0
3348,0,null,0,0,0
3349,0,null,0,0,0
3350,0,null,0,0,0
3351,0,null,0,0,0
3352,0,null,0,0,0
3353,0,null,0,0,0
3354,0,null,0,0,0
3355,0,null,0,0,0
3356,0,null,0,0,0
3357,0,null,0,0,0
3358,0,null,0,0,0
3359,9,pi-,1,1,1
3570,0,null,0,0,0
3571,0,null,0,0,0
3572,0,null,0,0,0
3573,0,null,0,0,0
3574,0,null,0,0,0
3575,1,primary_proton,1,1,1
3576,0,null,0,0,0
3577,0,null,0,0,0
3578,0,null,0,0,0
3579,0,null,0,0,0
3580,0,null,0,0,0
3581,0,null,0,0,0
3582,0,null,0,0,0
3583,0,null,0,0,0
3584,0,null,0,0,0
3585,0,null,0,0,0
3586,0,null,0,0,0
3587,0,null,0,0,0
3588,0,null,0,0,0
3589,0,null,0,0,0
3590,0,null,0,0,0
3591,0,null,0,0,0
3592,0,null,0,0,0
3593,0,null,0,0,0
3594,0,null,0,0,0
3595,0,null,0,0,0
3596,0,null,0,0,0
3597,0,null,0,0,0
3598,0,null,0,0,0
3599,0,null,0,0,0
3600,0,null,0,0,0
3601,0,null,0,0,0
3602,0,null,0,0,0
3603,0,null,0,0,0
3604,0,null,0,0,0
3605,0,null,0,0,0
3606,0,null,0,0,0
3607,0,null,0,0,0
3608,0,null,0,0,0
3609,0,null,0,0,0
3610,0,null,0,0,0
3611,0,null,0,0,0
3612,0,null,0,0,0
3613,0,null,0,0,0
3614,0,null,0,0,0
3615,0,null,0,0,0
3616,0,null,0,0,0
3617,0,null,0,0,0
3618,0,null,0,0,0
3619,0,null,0,0,0
3620,0,null,0,0,0
3621,0,null,0,0,0
3622,0,null,0,0,0
3623,0,null,0,0,0
3624,0,null,0,0,0
3625,0,null,0,0,0
3626,0,null,0,0,0
3627,0,null,0,0,0
3628,0,null,0,0,0
3629,12,pi-,1,1,1
3630,0,null,0,0,0
3631,0,null,0,0,0
3632,0,null,0,0,0
3633,0,null,0,0,0
3634,0,null,0,0,0
3635,0,null,0,0,0
3636,0,null,0,0,0
3637,0,null,0,0,0
3638,0,null,0,0,0
3639,0,null,0,0,0
3640,0,null,0,0,0
3641,0,null,0,0,0
3642,0,null,0,0,0
3643,0,null,0,0,0
3644,0,null,0,0,0
3645,0,null,0,0,0
3646,0,null,0,0,0
3647,0,null,0,0,0
3648,0,null,0,0,0
3649,0,null,0,0,0
3650,0,null,0,0,0
3651,0,null,0,0,0
3652,0,null,0,0,0
3653,0,null,0,0,0
3654,0,null,0,0,0
3655,0,null,0,0,0
3656,4,pi+,1,1,1
3657,0,null,0,0,0
3658,0,null,0,0,0
3659,0,null,0,0,0
3660,0,null,0,0,0
3661,0,null,0,0,0
3662,0,null,0,0,0
3663,0,null,0,0,0
3664,0,null,0,0,0
3665,0,null,0,0,0
3666,1,primary_proton,1,1,1
3667,0,null,0,0,0
3668,0,null,0,0,0
3669,0,null,0,0,0
3670,0,null,0,0,0
3671,0,null,0,0,0
3672,0,null,0,0,0
3673,0,null,0,0,0
3674,0,null,0,0,0
3675,0,null,0,0,0
3676,0,null,0,0,0
3677,0,null,0,0,0
3678,0,null,0,0,0
3679,0,null,0,0,0
3680,0,null,0,0,0
3681,0,null,0,0,0
3682,0,null,0,0,0
3683,0,null,0,0,0
3684,0,null,0,0,0
3479,0,null,0,0,0
3480,0,null,0,0,0
3481,0,null,0,0,0
3482,0,null,0,0,0
3483,0,null,0,0,0
3484,0,null,0,0,0
3485,0,null,0,0,0
3486,0,null,0,0,0
3487,0,null,0,0,0
3488,0,null,0,0,0
3489,0,null,0,0,0
3490,0,null,0,0,0
3491,0,null,0,0,0
3492,0,null,0,0,0
3493,0,null,0,0,0
3494,0,null,0,0,0
3495,0,null,0,0,0
3496,1,primary_proton,1,1,1
3497,0,null,0,0,0
3498,0,null,0,0,0
3499,0,null,0,0,0
3500,0,null,0,0,0
3501,0,null,0,0,0
3502,0,null,0,0,0
3503,0,null,0,0,0
3504,0,null,0,0,0
3505,0,null,0,0,0
3506,0,null,0,0,0
3507,0,null,0,0,0
3508,7,pi+,1,1,1
3509,0,null,0,0,0
3510,0,null,0,0,0
3511,0,null,0,0,0
3512,0,null,0,0,0
3513,0,null,0,0,0
3514,0,null,0,0,0
3515,0,null,0,0,0
3516,1332,e-,1,1,1
3517,0,null,0,0,0
3518,0,null,0,0,0
3519,0,null,0,0,0
3520,0,null,0,0,0
3521,0,null,0,0,0
3522,1,primary_proton,1,1,1
3523,0,null,0,0,0
3524,0,null,0,0,0
3525,0,null,0,0,0
3526,0,null,0,0,0
3527,0,null,0,0,0
3528,0,null,0,0,0
3529,0,null,0,0,0
3530,0,null,0,0,0
3531,0,null,0,0,0
3532,0,null,0,0,0
3533,0,null,0,0,0
3534,0,null,0,0,0
3535,0,null,0,0,0
3536,0,null,0,0,0
3537,0,null,0,0,0
3538,1160,secondary_proton,1,0,0
3539,0,null,0,0,0
3540,0,null,0,0,0
3541,0,null,0,0,0
3542,0,null,0,0,0
3543,0,null,0,0,0
3544,14,kaon+,1,1,1
3545,0,null,0,0,0
3546,0,null,0,0,0
3547,0,null,0,0,0
3548,0,null,0,0,0
3549,0,null,0,0,0
3550,13,secondary_proton,1,1,1
3551,0,null,0,0,0
3552,0,null,0,0,0
3553,0,null,0,0,0
3554,0,null,0,0,0
3555,0,null,0,0,0
3556,0,null,0,0,0
3557,0,null,0,0,0
3558,0,null,0,0,0
3559,0,null,0,0,0
3560,0,null,0,0,0
3561,0,null,0,0,0
3562,0,null,0,0,0
3563,0,null,0,0,0
3564,0,null,0,0,0
3565,1,primary_proton,1,1,1
3566,0,null,0,0,0
3567,0,null,0,0,0
3568,0,null,0,0,0
3569,0,null,0,0,0
3710,1,primary_proton,1,1,1
3711,0,null,0,0,0
3712,0,null,0,0,0
3713,0,null,0,0,0
3714,0,null,0,0,0
3715,0,null,0,0,0
3716,0,null,0,0,0
3717,0,null,0,0,0
3718,0,null,0,0,0
3719,0,null,0,0,0
3720,0,null,0,0,0
3721,0,null,0,0,0
3722,0,null,0,0,0
3723,0,null,0,0,0
3724,0,null,0,0,0
3725,0,null,0,0,0
3726,0,null,0,0,0
3727,0,null,0,0,0
3728,0,null,0,0,0
3729,0,null,0,0,0
3730,0,null,0,0,0
3731,0,null,0,0,0
3732,0,null,0,0,0
3733,0,null,0,0,0
3734,0,null,0,0,0
3735,0,null,0,0,0
3736,0,null,0,0,0
3737,0,null,0,0,0
3738,0,null,0,0,0
3739,0,null,0,0,0
3740,7,pi-,1,1,1
3741,0,null,0,0,0
3742,0,null,0,0,0
3743,0,null,0,0,0
3744,0,null,0,0,0
3745,0,null,0,0,0
3746,1,primary_proton,1,1,1
3747,0,null,0,0,0
3748,0,null,0,0,0
3749,0,null,0,0,0
3750,0,null,0,0,0
3751,0,null,0,0,0
3752,0,null,0,0,0
3753,1950,secondary_proton,1,1,1
3754,0,null,0,0,0
3755,0,null,0,0,0
3756,0,null,0,0,0
3757,0,null,0,0,0
3758,0,null,0,0,0
3759,0,null,0,0,0
3760,0,null,0,0,0
3761,0,null,0,0,0
3762,0,null,0,0,0
3763,0,null,0,0,0
3764,0,null,0,0,0
3765,0,null,0,0,0
3766,0,null,0,0,0
3767,0,null,0,0,0
3768,0,null,0,0,0
3769,0,null,0,0,0
3770,0,null,0,0,0
3771,0,null,0,0,0
3772,0,null,0,0,0
3773,0,null,0,0,0
3774,0,null,0,0,0
3775,0,null,0,0,0
3776,0,null,0,0,0
3777,0,null,0,0,0
3778,0,null,0,0,0
3779,0,null,0,0,0
3850,0,null,0,0,0
3851,0,null,0,0,0
3852,3725,e-,1,1,0
3853,0,null,0,0,0
3854,0,null,0,0,0
3855,0,null,0,0,0
3856,0,null,0,0,0
3857,0,null,0,0,0
3858,0,null,0,0,0
3859,0,null,0,0,0
3860,0,null,0,0,0
3861,0,null,0,0,0
3862,1,primary_proton,1,1,1
3863,0,null,0,0,0
3864,0,null,0,0,0
3865,0,null,0,0,0
3866,0,null,0,0,0
3867,0,null,0,0,0
3868,0,null,0,0,0
3869,0,null,0,0,0
3870,0,null,0,0,0
3871,0,null,0,0,0
3872,0,null,0,0,0
3873,0,null,0,0,0
3874,0,null,0,0,0
3875,0,null,0,0,0
3876,0,null,0,0,0
3877,0,null,0,0,0
3878,0,null,0,0,0
3879,0,null,0,0,0
3880,0,null,0,0,0
3881,0,null,0,0,0
3882,1,primary_proton,1,1,1
3883,0,null,0,0,0
3884,1,primary_proton,1,1,1
3885,0,null,0,0,0
3886,0,null,0,0,0
3887,0,null,0,0,0
3888,0,null,0,0,0
3889,1,primary_proton,1,1,1
3890,0,null,0,0,0
3891,0,null,0,0,0
3892,0,null,0,0,0
3893,0,null,0,0,0
3894,0,null,0,0,0
3895,0,null,0,0,0
3896,0,null,0,0,0
3897,0,null,0,0,0
3898,0,null,0,0,0
3899,0,null,0,0,0
3900,0,null,0,0,0
3901,0,null,0,0,0
3902,0,null,0,0,0
3903,0,null,0,0,0
3904,0,null,0,0,0
3905,0,null,0,0,0
3906,0,null,0,0,0
3907,0,null,0,0,0
3686,0,null,0,0,0
3687,0,null,0,0,0
3688,0,null,0,0,0
3689,0,null,0,0,0
3690,0,null,0,0,0
3691,0,null,0,0,0
3692,0,null,0,0,0
3693,0,null,0,0,0
3694,0,null,0,0,0
3695,3935,e-,0,1,1
3696,0,null,0,0,0
3697,0,null,0,0,0
3698,0,null,0,0,0
3699,0,null,0,0,0
3700,0,null,0,0,0
3701,0,null,0,0,0
3702,0,null,0,0,0
3703,15,pi-,1,1,1
3704,0,null,0,0,0
3705,0,null,0,0,0
3706,0,null,0,0,0
3707,23,pi+,1,1,1
3708,0,null,0,0,0
3709,0,null,0,0,0
3780,0,null,0,0,0
3781,1,primary_proton,1,1,1
3782,0,null,0,0,0
3783,0,null,0,0,0
3784,0,null,0,0,0
3785,1,primary_proton,1,1,1
3786,0,null,0,0,0
3787,0,null,0,0,0
3788,0,null,0,0,0
3789,0,null,0,0,0
3790,0,null,0,0,0
3791,0,null,0,0,0
3792,0,null,0,0,0
3793,0,null,0,0,0
3794,0,null,0,0,0
3795,0,null,0,0,0
3796,0,null,0,0,0
3797,0,null,0,0,0
3798,0,null,0,0,0
3799,0,null,0,0,0
3800,0,null,0,0,0
3801,0,null,0,0,0
3802,0,null,0,0,0
3803,0,null,0,0,0
3804,0,null,0,0,0
3805,0,null,0,0,0
3806,0,null,0,0,0
3807,0,null,0,0,0
3808,0,null,0,0,0
3809,0,null,0,0,0
3810,0,null,0,0,0
3811,0,null,0,0,0
3812,0,null,0,0,0
3813,0,null,0,0,0
3814,0,null,0,0,0
3815,0,null,0,0,0
3816,0,null,0,0,0
3817,0,null,0,0,0
3818,0,null,0,0,0
3819,0,null,0,0,0
3820,0,null,0,0,0
3821,0,null,0,0,0
3822,0,null,0,0,0
3823,0,null,0,0,0
3824,0,null,0,0,0
3825,0,null,0,0,0
3826,0,null,0,0,0
3827,0,null,0,0,0
3828,0,null,0,0,0
3829,0,null,0,0,0
3830,0,null,0,0,0
3831,0,null,0,0,0
3832,0,null,0,0,0
3833,0,null,0,0,0
3834,0,null,0,0,0
3835,0,null,0,0,0
3836,0,null,0,0,0
3837,0,null,0,0,0
3838,0,null,0,0,0
3839,0,null,0,0,0
3840,0,null,0,0,0
3841,0,null,0,0,0
3842,0,null,0,0,0
3843,0,null,0,0,0
3844,0,null,0,0,0
3845,0,null,0,0,0
3846,34,pi-,1,1,1
3847,0,null,0,0,0
3848,0,null,0,0,0
3849,4,pi+,1,1,1
3920,0,null,0,0,0
3921,0,null,0,0,0
3922,0,null,0,0,0
3923,0,null,0,0,0
3924,0,null,0,0,0
3925,0,null,0,0,0
3926,0,null,0,0,0
3927,0,null,0,0,0
3928,0,null,0,0,0
3929,0,null,0,0,0
3930,0,null,0,0,0
3931,0,null,0,0,0
3932,0,null,0,0,0
3933,0,null,0,0,0
3934,0,null,0,0,0
3935,0,null,0,0,0
3936,0,null,0,0,0
3937,0,null,0,0,0
3938,0,null,0,0,0
3939,0,null,0,0,0
3940,0,null,0,0,0
3941,0,null,0,0,0
3942,1,primary_proton,1,1,1
3943,6,pi-,1,1,0
3944,0,null,0,0,0
3945,1,primary_proton,1,1,1
3946,0,null,0,0,0
3947,0,null,0,0,0
3948,0,null,0,0,0
3949,0,null,0,0,0
3950,0,null,0,0,0
3951,0,null,0,0,0
3952,0,null,0,0,0
3953,0,null,0,0,0
3954,2118,e-,1,0,0
3955,0,null,0,0,0
3956,0,null,0,0,0
3957,0,null,0,0,0
3958,0,null,0,0,0
3959,0,null,0,0,0
3960,0,null,0,0,0
3961,0,null,0,0,0
3962,0,null,0,0,0
3963,0,null,0,0,0
3964,0,null,0,0,0
3965,0,null,0,0,0
3966,0,null,0,0,0
3967,0,null,0,0,0
3968,0,null,0,0,0
3969,13,pi-,1,1,1
3970,0,null,0,0,0
3971,0,null,0,0,0
3972,0,null,0,0,0
3973,0,null,0,0,0
3974,10,secondary_proton,1,1,1
3975,0,null,0,0,0
3976,0,null,0,0,0
3977,0,null,0,0,0
3978,0,null,0,0,0
3979,0,null,0,0,0
3980,0,null,0,0,0
3981,0,null,0,0,0
3982,0,null,0,0,0
3983,0,null,0,0,0
3984,0,null,0,0,0
3985,0,null,0,0,0
3986,0,null,0,0,0
3987,0,null,0,0,0
3988,0,null,0,0,0
3989,0,null,0,0,0
4060,0,null,0,0,0
4061,0,null,0,0,0
4062,8,secondary_proton,1,1,1
4063,0,null,0,0,0
4064,0,null,0,0,0
4065,1,primary_proton,1,1,1
4066,0,null,0,0,0
4067,0,null,0,0,0
4068,0,null,0,0,0
4069,0,null,0,0,0
4070,0,null,0,0,0
4071,0,null,0,0,0
4072,0,null,0,0,0
4073,0,null,0,0,0
4074,0,null,0,0,0
4075,0,null,0,0,0
4076,0,null,0,0,0
4077,0,null,0,0,0
4078,0,null,0,0,0
4079,0,null,0,0,0
4080,0,null,0,0,0
4081,0,null,0,0,0
4082,0,null,0,0,0
4083,0,null,0,0,0
4084,0,null,0,0,0
4085,0,null,0,0,0
4086,0,null,0,0,0
4087,0,null,0,0,0
4088,0,null,0,0,0
4089,0,null,0,0,0
4090,0,null,0,0,0
4091,0,null,0,0,0
4092,10,secondary_proton,1,1,1
4093,0,null,0,0,0
4094,0,null,0,0,0
4095,0,null,0,0,0
4096,0,null,0,0,0
4097,0,null,0,0,0
4098,0,null,0,0,0
4099,0,null,0,0,0
4100,0,null,0,0,0
4101,0,null,0,0,0
4102,0,null,0,0,0
4103,0,null,0,0,0
4104,0,null,0,0,0
4105,0,null,0,0,0
4106,0,null,0,0,0
4107,0,null,0,0,0
4108,0,null,0,0,0
4109,0,null,0,0,0
4110,0,null,0,0,0
4111,0,null,0,0,0
4112,0,null,0,0,0
4113,0,null,0,0,0
4114,0,null,0,0,0
4115,0,null,0,0,0
4116,5,secondary_proton,1,0,0
3909,8,pi+,1,0,0
3910,0,null,0,0,0
3911,0,null,0,0,0
3912,0,null,0,0,0
3913,10,pi+,1,1,1
3914,0,null,0,0,0
3915,0,null,0,0,0
3916,0,null,0,0,0
3917,0,null,0,0,0
3918,0,null,0,0,0
3919,0,null,0,0,0
3990,0,null,0,0,0
3991,0,null,0,0,0
3992,1,primary_proton,1,1,1
3993,0,null,0,0,0
3994,0,null,0,0,0
3995,0,null,0,0,0
3996,0,null,0,0,0
3997,0,null,0,0,0
3998,0,null,0,0,0
3999,0,null,0,0,0
4000,0,null,0,0,0
4001,0,null,0,0,0
4002,0,null,0,0,0
4003,0,null,0,0,0
4004,0,null,0,0,0
4005,0,null,0,0,0
4006,1,primary_proton,1,1,1
4007,0,null,0,0,0
4008,0,null,0,0,0
4009,0,null,0,0,0
4010,0,null,0,0,0
4011,0,null,0,0,0
4012,0,null,0,0,0
4013,0,null,0,0,0
4014,0,null,0,0,0
4015,0,null,0,0,0
4016,0,null,0,0,0
4017,1,primary_proton,1,1,0
4018,0,null,0,0,0
4019,0,null,0,0,0
4020,0,null,0,0,0
4021,0,null,0,0,0
4022,0,null,0,0,0
4023,0,null,0,0,0
4024,0,null,0,0,0
4025,0,null,0,0,0
4026,0,null,0,0,0
4027,0,null,0,0,0
4028,0,null,0,0,0
4029,0,null,0,0,0
4030,0,null,0,0,0
4031,0,null,0,0,0
4032,0,null,0,0,0
4033,0,null,0,0,0
4034,0,null,0,0,0
4035,0,null,0,0,0
4036,0,null,0,0,0
4037,0,null,0,0,0
4038,0,null,0,0,0
4039,0,null,0,0,0
4040,0,null,0,0,0
4041,0,null,0,0,0
4042,0,null,0,0,0
4043,16,pi-,1,1,1
4044,0,null,0,0,0
4045,0,null,0,0,0
4046,0,null,0,0,0
4047,0,null,0,0,0
4048,0,null,0,0,0
4049,0,null,0,0,0
4050,0,null,0,0,0
4051,0,null,0,0,0
4052,0,null,0,0,0
4053,0,null,0,0,0
4054,0,null,0,0,0
4055,0,null,0,0,0
4056,0,null,0,0,0
4057,0,null,0,0,0
4058,0,null,0,0,0
4059,0,null,0,0,0
4130,0,null,0,0,0
4131,0,null,0,0,0
4132,0,null,0,0,0
4133,0,null,0,0,0
4134,0,null,0,0,0
4135,0,null,0,0,0
4136,0,null,0,0,0
4137,0,null,0,0,0
4138,0,null,0,0,0
4139,0,null,0,0,0
4140,0,null,0,0,0
4141,0,null,0,0,0
4142,0,null,0,0,0
4143,0,null,0,0,0
4144,0,null,0,0,0
4145,0,null,0,0,0
4146,0,null,0,0,0
4147,0,null,0,0,0
4148,0,null,0,0,0
4149,0,null,0,0,0
4150,0,null,0,0,0
4151,0,null,0,0,0
4152,0,null,0,0,0
4153,0,null,0,0,0
4154,0,null,0,0,0
4155,0,null,0,0,0
4156,0,null,0,0,0
4157,0,null,0,0,0
4158,0,null,0,0,0
4159,0,null,0,0,0
4160,0,null,0,0,0
4161,1,primary_proton,1,1,1
4162,0,null,0,0,0
4163,0,null,0,0,0
4164,6,pi-,1,0,0
4165,0,null,0,0,0
4166,6,pi-,1,1,0
4167,0,null,0,0,0
4168,0,null,0,0,0
4169,0,null,0,0,0
4170,0,null,0,0,0
4171,0,null,0,0,0
4172,0,null,0,0,0
4173,0,null,0,0,0
4174,0,null,0,0,0
4175,0,null,0,0,0
4176,0,null,0,0,0
4177,0,null,0,0,0
4178,0,null,0,0,0
4179,0,null,0,0,0
4180,0,null,0,0,0
4181,0,null,0,0,0
4182,0,null,0,0,0
4183,0,null,0,0,0
4184,0,null,0,0,0
4185,0,null,0,0,0
4186,0,null,0,0,0
4187,0,null,0,0,0
4188,0,null,0,0,0
4189,0,null,0,0,0
4190,0,null,0,0,0
4191,0,null,0,0,0
4192,0,null,0,0,0
4193,1,primary_proton,1,1,1
4194,0,null,0,0,0
4195,0,null,0,0,0
4196,9,kaon+,1,1,1
4197,0,null,0,0,0
4198,0,null,0,0,0
4199,0,null,0,0,0
4270,0,null,0,0,0
4271,0,null,0,0,0
4272,0,null,0,0,0
4273,10,pi+,1,0,0
4274,0,null,0,0,0
4275,0,null,0,0,0
4276,0,null,0,0,0
4277,0,null,0,0,0
4278,474,secondary_proton,1,0,0
4279,0,null,0,0,0
4280,0,null,0,0,0
4281,0,null,0,0,0
4282,0,null,0,0,0
4283,0,null,0,0,0
4284,0,null,0,0,0
4285,0,null,0,0,0
4286,0,null,0,0,0
4287,0,null,0,0,0
4288,0,null,0,0,0
4289,0,null,0,0,0
4290,0,null,0,0,0
4291,0,null,0,0,0
4292,0,null,0,0,0
4293,0,null,0,0,0
4294,0,null,0,0,0
4295,0,null,0,0,0
4296,0,null,0,0,0
4297,0,null,0,0,0
4298,0,null,0,0,0
4299,0,null,0,0,0
4300,0,null,0,0,0
4301,0,null,0,0,0
4302,0,null,0,0,0
4303,1,primary_proton,1,1,1
4304,0,null,0,0,0
4305,0,null,0,0,0
4306,0,null,0,0,0
4307,0,null,0,0,0
4308,0,null,0,0,0
4309,0,null,0,0,0
4310,0,null,0,0,0
4311,0,null,0,0,0
4312,0,null,0,0,0
4313,0,null,0,0,0
4314,0,null,0,0,0
4315,0,null,0,0,0
4316,0,null,0,0,0
4317,0,null,0,0,0
4318,0,null,0,0,0
4319,0,null,0,0,0
4320,0,null,0,0,0
4321,0,null,0,0,0
4322,0,null,0,0,0
4323,0,null,0,0,0
4324,0,null,0,0,0
4325,0,null,0,0,0
4326,0,null,0,0,0
4327,0,null,0,0,0
4328,0,null,0,0,0
4329,0,null,0,0,0
4330,0,null,0,0,0
4331,0,null,0,0,0
4332,0,null,0,0,0
4333,0,null,0,0,0
4334,0,null,0,0,0
4335,0,null,0,0,0
4336,0,null,0,0,0
4337,0,null,0,0,0
4338,0,null,0,0,0
4339,0,null,0,0,0
4410,0,null,0,0,0
4118,0,null,0,0,0
4119,0,null,0,0,0
4120,0,null,0,0,0
4121,0,null,0,0,0
4122,0,null,0,0,0
4123,0,null,0,0,0
4124,0,null,0,0,0
4125,0,null,0,0,0
4126,0,null,0,0,0
4127,0,null,0,0,0
4128,0,null,0,0,0
4129,0,null,0,0,0
4200,0,null,0,0,0
4201,0,null,0,0,0
4202,0,null,0,0,0
4203,0,null,0,0,0
4204,0,null,0,0,0
4205,0,null,0,0,0
4206,0,null,0,0,0
4207,0,null,0,0,0
4208,0,null,0,0,0
4209,0,null,0,0,0
4210,0,null,0,0,0
4211,0,null,0,0,0
4212,9,secondary_proton,1,1,1
4213,0,null,0,0,0
4214,0,null,0,0,0
4215,0,null,0,0,0
4216,0,null,0,0,0
4217,0,null,0,0,0
4218,2,secondary_proton,1,1,1
4219,0,null,0,0,0
4220,0,null,0,0,0
4221,0,null,0,0,0
4222,0,null,0,0,0
4223,0,null,0,0,0
4224,4,pi+,1,1,1
4225,2220,e+,1,1,1
4226,0,null,0,0,0
4227,0,null,0,0,0
4228,30,pi+,1,0,0
4229,0,null,0,0,0
4230,0,null,0,0,0
4231,0,null,0,0,0
4232,0,null,0,0,0
4233,0,null,0,0,0
4234,0,null,0,0,0
4235,0,null,0,0,0
4236,0,null,0,0,0
4237,0,null,0,0,0
4238,0,null,0,0,0
4239,0,null,0,0,0
4240,0,null,0,0,0
4241,0,null,0,0,0
4242,0,null,0,0,0
4243,0,null,0,0,0
4244,0,null,0,0,0
4245,0,null,0,0,0
4246,0,null,0,0,0
4247,0,null,0,0,0
4248,0,null,0,0,0
4249,0,null,0,0,0
4250,0,null,0,0,0
4251,0,null,0,0,0
4252,0,null,0,0,0
4253,0,null,0,0,0
4254,0,null,0,0,0
4255,0,null,0,0,0
4256,0,null,0,0,0
4257,0,null,0,0,0
4258,0,null,0,0,0
4259,0,null,0,0,0
4260,0,null,0,0,0
4261,0,null,0,0,0
4262,0,null,0,0,0
4263,0,null,0,0,0
4264,0,null,0,0,0
4265,0,null,0,0,0
4266,0,null,0,0,0
4267,0,null,0,0,0
4268,0,null,0,0,0
4269,0,null,0,0,0
4340,0,null,0,0,0
4341,0,null,0,0,0
4342,0,null,0,0,0
4343,0,null,0,0,0
4344,0,null,0,0,0
4345,0,null,0,0,0
4346,0,null,0,0,0
4347,0,null,0,0,0
4348,0,null,0,0,0
4349,0,null,0,0,0
4350,0,null,0,0,0
4351,0,null,0,0,0
4352,0,null,0,0,0
4353,0,null,0,0,0
4354,0,null,0,0,0
4355,0,null,0,0,0
4356,0,null,0,0,0
4357,0,null,0,0,0
4358,0,null,0,0,0
4359,0,null,0,0,0
4360,0,null,0,0,0
4361,0,null,0,0,0
4362,32,pi-,1,1,1
4363,0,null,0,0,0
4364,0,null,0,0,0
4365,0,null,0,0,0
4366,0,null,0,0,0
4367,0,null,0,0,0
4368,0,null,0,0,0
4369,0,null,0,0,0
4370,0,null,0,0,0
4371,0,null,0,0,0
4372,0,null,0,0,0
4373,0,null,0,0,0
4374,0,null,0,0,0
4375,0,null,0,0,0
4376,10,pi+,1,1,1
4377,0,null,0,0,0
4378,0,null,0,0,0
4379,0,null,0,0,0
4380,0,null,0,0,0
4381,0,null,0,0,0
4382,0,null,0,0,0
4383,0,null,0,0,0
4384,0,null,0,0,0
4385,0,null,0,0,0
4386,0,null,0,0,0
4387,0,null,0,0,0
4388,0,null,0,0,0
4389,0,null,0,0,0
4390,0,null,0,0,0
4391,1,primary_proton,1,1,1
4392,0,null,0,0,0
4393,0,null,0,0,0
4394,0,null,0,0,0
4395,0,null,0,0,0
4396,0,null,0,0,0
4397,0,null,0,0,0
4398,0,null,0,0,0
4399,0,null,0,0,0
4400,0,null,0,0,0
4401,0,null,0,0,0
4402,0,null,0,0,0
4403,0,null,0,0,0
4404,0,null,0,0,0
4405,0,null,0,0,0
4406,0,null,0,0,0
4407,0,null,0,0,0
4408,0,null,0,0,0
4409,0,null,0,0,0
4480,0,null,0,0,0
4481,0,null,0,0,0
4482,0,null,0,0,0
4483,0,null,0,0,0
4484,0,null,0,0,0
4485,0,null,0,0,0
4486,0,null,0,0,0
4487,1,primary_proton,1,1,1
4488,0,null,0,0,0
4489,0,null,0,0,0
4490,0,null,0,0,0
4491,0,null,0,0,0
4492,0,null,0,0,0
4493,0,null,0,0,0
4494,0,null,0,0,0
4495,0,null,0,0,0
4496,0,null,0,0,0
4497,1,primary_proton,1,1,1
4498,0,null,0,0,0
4499,0,null,0,0,0
4500,0,null,0,0,0
4501,0,null,0,0,0
4502,0,null,0,0,0
4503,0,null,0,0,0
4504,0,null,0,0,0
4505,0,null,0,0,0
4506,0,null,0,0,0
4507,0,null,0,0,0
4508,0,null,0,0,0
4509,0,null,0,0,0
4510,0,null,0,0,0
4511,0,null,0,0,0
4512,0,null,0,0,0
4513,0,null,0,0,0
4514,69,e-,1,0,0
4515,0,null,0,0,0
4516,2331,e-,1,1,1
4517,13,pi-,1,1,0
4518,0,null,0,0,0
4519,1,primary_proton,1,1,1
4520,0,null,0,0,0
4521,0,null,0,0,0
4522,0,null,0,0,0
4523,0,null,0,0,0
4524,0,null,0,0,0
4525,0,null,0,0,0
4526,0,null,0,0,0
4527,0,null,0,0,0
4528,0,null,0,0,0
4529,0,null,0,0,0
4530,26,pi+,1,1,1
4531,0,null,0,0,0
4532,0,null,0,0,0
4533,0,null,0,0,0
4534,0,null,0,0,0
4535,0,null,0,0,0
4536,0,null,0,0,0
4537,0,null,0,0,0
4538,0,null,0,0,0
4539,0,null,0,0,0
4540,0,null,0,0,0
4541,0,null,0,0,0
4542,0,null,0,0,0
4543,0,null,0,0,0
4544,0,null,0,0,0
4545,0,null,0,0,0
4546,1,primary_proton,1,1,1
4547,0,null,0,0,0
4548,11,pi+,1,1,1
4549,0,null,0,0,0
4621,0,null,0,0,0
4622,0,null,0,0,0
4623,0,null,0,0,0
4624,0,null,0,0,0
4625,0,null,0,0,0
4626,0,null,0,0,0
4627,0,null,0,0,0
4628,0,null,0,0,0
4629,0,null,0,0,0
4630,0,null,0,0,0
4631,0,null,0,0,0
4632,0,null,0,0,0
4633,0,null,0,0,0
4634,0,null,0,0,0
4635,0,null,0,0,0
4636,0,null,0,0,0
4637,0,null,0,0,0
4638,0,null,0,0,0
4639,0,null,0,0,0
4640,0,null,0,0,0
4641,0,null,0,0,0
4642,0,null,0,0,0
4643,0,null,0,0,0
4644,0,null,0,0,0
4645,0,null,0,0,0
4646,0,null,0,0,0
4647,0,null,0,0,0
4648,18,pi-,1,1,1
4649,0,null,0,0,0
4650,507,e-,1,1,1
4651,0,null,0,0,0
4652,10,secondary_proton,1,1,1
4653,0,null,0,0,0
4654,0,null,0,0,0
4655,0,null,0,0,0
4656,0,null,0,0,0
4657,0,null,0,0,0
4658,0,null,0,0,0
4659,0,null,0,0,0
4660,0,null,0,0,0
4661,2618,pi-,1,1,0
4662,0,null,0,0,0
4663,0,null,0,0,0
4664,0,null,0,0,0
4665,0,null,0,0,0
4666,0,null,0,0,0
4667,0,null,0,0,0
4668,14,pi-,1,1,1
4669,0,null,0,0,0
4670,0,null,0,0,0
4671,0,null,0,0,0
4672,0,null,0,0,0
4673,0,null,0,0,0
4674,0,null,0,0,0
4675,0,null,0,0,0
4676,0,null,0,0,0
4677,0,null,0,0,0
4678,0,null,0,0,0
4679,0,null,0,0,0
4680,0,null,0,0,0
4681,0,null,0,0,0
4682,0,null,0,0,0
4683,0,null,0,0,0
4684,0,null,0,0,0
4685,0,null,0,0,0
4686,0,null,0,0,0
4687,0,null,0,0,0
4688,0,null,0,0,0
4689,0,null,0,0,0
4690,0,null,0,0,0
4691,0,null,0,0,0
4692,0,null,0,0,0
4693,0,null,0,0,0
4694,0,null,0,0,0
4695,0,null,0,0,0
4696,0,null,0,0,0
4697,0,null,0,0,0
4698,0,null,0,0,0
4699,0,null,0,0,0
4700,0,null,0,0,0
4701,0,null,0,0,0
4702,0,null,0,0,0
4703,0,null,0,0,0
4704,1,primary_proton,1,1,1
4705,0,null,0,0,0
4706,0,null,0,0,0
4707,0,null,0,0,0
4708,0,null,0,0,0
4709,0,null,0,0,0
4710,0,null,0,0,0
4711,0,null,0,0,0
4712,0,null,0,0,0
4713,0,null,0,0,0
4714,0,null,0,0,0
4715,0,null,0,0,0
4716,0,null,0,0,0
4717,0,null,0,0,0
4718,0,null,0,0,0
4719,0,null,0,0,0
4720,0,null,0,0,0
4721,0,null,0,0,0
4722,0,null,0,0,0
4723,10,pi+,1,1,1
4724,0,null,0,0,0
4725,0,null,0,0,0
4726,0,null,0,0,0
4727,0,null,0,0,0
4728,0,null,0,0,0
4729,0,null,0,0,0
4730,0,null,0,0,0
4731,0,null,0,0,0
4732,0,null,0,0,0
4733,0,null,0,0,0
4734,0,null,0,0,0
4735,10,secondary_proton,1,0,0
4736,0,null,0,0,0
4737,0,null,0,0,0
4738,0,null,0,0,0
4739,0,null,0,0,0
4740,0,null,0,0,0
4741,0,null,0,0,0
4742,0,null,0,0,0
4743,0,null,0,0,0
4744,0,null,0,0,0
4745,0,null,0,0,0
4746,0,null,0,0,0
4747,1,primary_proton,1,1,1
4748,19,pi+,1,1,1
4749,0,null,0,0,0
4750,0,null,0,0,0
4751,0,null,0,0,0
4752,0,null,0,0,0
4753,0,null,0,0,0
4754,25,secondary_proton,1,1,1
4755,0,null,0,0,0
4756,0,null,0,0,0
4757,0,null,0,0,0
4758,0,null,0,0,0
4759,0,null,0,0,0
4830,0,null,0,0,0
4831,0,null,0,0,0
4832,0,null,0,0,0
4833,1,primary_proton,1,1,1
4834,0,null,0,0,0
4835,0,null,0,0,0
4836,0,null,0,0,0
4837,0,null,0,0,0
4838,0,null,0,0,0
4839,0,null,0,0,0
4840,0,null,0,0,0
4841,0,null,0,0,0
4842,0,null,0,0,0
4843,14,pi-,1,0,0
4844,0,null,0,0,0
4845,0,null,0,0,0
4846,0,null,0,0,0
4847,0,null,0,0,0
4848,0,null,0,0,0
4849,0,null,0,0,0
4850,0,null,0,0,0
4851,0,null,0,0,0
4852,0,null,0,0,0
4853,0,null,0,0,0
4854,0,null,0,0,0
4855,1,primary_proton,1,1,1
4856,0,null,0,0,0
4857,0,null,0,0,0
4858,0,null,0,0,0
4859,0,null,0,0,0
4860,0,null,0,0,0
4861,0,null,0,0,0
4862,0,null,0,0,0
4863,0,null,0,0,0
4864,0,null,0,0,0
4865,0,null,0,0,0
4866,0,null,0,0,0
4867,1,primary_proton,1,1,1
4868,0,null,0,0,0
4869,0,null,0,0,0
4870,0,null,0,0,0
4871,0,null,0,0,0
4872,0,null,0,0,0
4873,0,null,0,0,0
4874,0,null,0,0,0
4875,0,null,0,0,0
4876,0,null,0,0,0
4877,0,null,0,0,0
4878,0,null,0,0,0
4879,0,null,0,0,0
4880,0,null,0,0,0
4881,0,null,0,0,0
4882,0,null,0,0,0
4883,0,null,0,0,0
4884,0,null,0,0,0
4885,0,null,0,0,0
4886,0,null,0,0,0
4887,0,null,0,0,0
4888,0,null,0,0,0
4889,0,null,0,0,0
4890,0,null,0,0,0
4891,1,primary_proton,1,1,1
4892,0,null,0,0,0
4893,0,null,0,0,0
4894,0,null,0,0,0
4895,0,null,0,0,0
4896,0,null,0,0,0
4897,0,null,0,0,0
4898,0,null,0,0,0
4899,0,null,0,0,0
4900,0,null,0,0,0
4901,0,null,0,0,0
4902,0,null,0,0,0
4903,0,null,0,0,0
4904,0,null,0,0,0
4905,0,null,0,0,0
4906,0,null,0,0,0
4907,0,null,0,0,0
4908,0,null,0,0,0
4909,0,null,0,0,0
4910,0,null,0,0,0
4911,0,null,0,0,0
4412,0,null,0,0,0
4413,0,null,0,0,0
4414,0,null,0,0,0
4415,0,null,0,0,0
4416,0,null,0,0,0
4417,0,null,0,0,0
4418,0,null,0,0,0
4419,0,null,0,0,0
4420,0,null,0,0,0
4421,0,null,0,0,0
4422,0,null,0,0,0
4423,0,null,0,0,0
4424,0,null,0,0,0
4425,0,null,0,0,0
4426,0,null,0,0,0
4427,0,null,0,0,0
4428,0,null,0,0,0
4429,0,null,0,0,0
4430,0,null,0,0,0
4431,0,null,0,0,0
4432,0,null,0,0,0
4433,0,null,0,0,0
4434,0,null,0,0,0
4435,0,null,0,0,0
4436,0,null,0,0,0
4437,1443,e-,1,1,1
4438,0,null,0,0,0
4439,0,null,0,0,0
4440,0,null,0,0,0
4441,0,null,0,0,0
4442,0,null,0,0,0
4443,1,primary_proton,1,1,1
4444,0,null,0,0,0
4445,0,null,0,0,0
4446,0,null,0,0,0
4447,0,null,0,0,0
4448,0,null,0,0,0
4449,0,null,0,0,0
4450,0,null,0,0,0
4451,0,null,0,0,0
4452,0,null,0,0,0
4453,0,null,0,0,0
4454,0,null,0,0,0
4455,0,null,0,0,0
4456,0,null,0,0,0
4457,0,null,0,0,0
4458,0,null,0,0,0
4459,0,null,0,0,0
4460,0,null,0,0,0
4461,0,null,0,0,0
4462,0,null,0,0,0
4463,0,null,0,0,0
4464,7,secondary_proton,1,1,1
4465,0,null,0,0,0
4466,0,null,0,0,0
4467,0,null,0,0,0
4468,1,primary_proton,1,1,1
4469,0,null,0,0,0
4470,0,null,0,0,0
4471,8,pi-,1,1,1
4472,0,null,0,0,0
4473,0,null,0,0,0
4474,0,null,0,0,0
4475,0,null,0,0,0
4476,0,null,0,0,0
4477,0,null,0,0,0
4478,0,null,0,0,0
4479,0,null,0,0,0
4550,0,null,0,0,0
4551,0,null,0,0,0
4552,0,null,0,0,0
4553,0,null,0,0,0
4554,1,primary_proton,1,1,1
4555,0,null,0,0,0
4556,9,kaon+,1,1,1
4557,0,null,0,0,0
4558,0,null,0,0,0
4559,7,secondary_proton,1,1,1
4560,0,null,0,0,0
4561,0,null,0,0,0
4562,0,null,0,0,0
4563,0,null,0,0,0
4564,0,null,0,0,0
4565,0,null,0,0,0
4566,0,null,0,0,0
4567,0,null,0,0,0
4568,0,null,0,0,0
4569,0,null,0,0,0
4570,0,null,0,0,0
4571,0,null,0,0,0
4572,0,null,0,0,0
4573,0,null,0,0,0
4574,0,null,0,0,0
4575,0,null,0,0,0
4576,0,null,0,0,0
4577,1,primary_proton,1,1,1
4578,0,null,0,0,0
4579,0,null,0,0,0
4580,0,null,0,0,0
4581,0,null,0,0,0
4582,715,e+,1,1,1
4583,4,pi-,1,1,1
4584,0,null,0,0,0
4585,0,null,0,0,0
4586,0,null,0,0,0
4587,0,null,0,0,0
4588,0,null,0,0,0
4589,0,null,0,0,0
4590,6,pi-,1,0,0
4591,0,null,0,0,0
4592,0,null,0,0,0
4593,0,null,0,0,0
4594,0,null,0,0,0
4595,0,null,0,0,0
4596,0,null,0,0,0
4597,0,null,0,0,0
4598,0,null,0,0,0
4599,2,secondary_proton,1,1,1
4600,1,primary_proton,1,1,1
4601,0,null,0,0,0
4602,0,null,0,0,0
4603,0,null,0,0,0
4604,0,null,0,0,0
4605,142,e-,1,1,1
4606,0,null,0,0,0
4607,0,null,0,0,0
4608,0,null,0,0,0
4609,0,null,0,0,0
4610,0,null,0,0,0
4611,0,null,0,0,0
4612,0,null,0,0,0
4613,0,null,0,0,0
4614,0,null,0,0,0
4615,0,null,0,0,0
4616,0,null,0,0,0
4617,0,null,0,0,0
4618,0,null,0,0,0
4619,0,null,0,0,0
4760,0,null,0,0,0
4761,0,null,0,0,0
4762,0,null,0,0,0
4763,0,null,0,0,0
4764,0,null,0,0,0
4765,0,null,0,0,0
4766,0,null,0,0,0
4767,0,null,0,0,0
4768,0,null,0,0,0
4769,0,null,0,0,0
4770,0,null,0,0,0
4771,0,null,0,0,0
4772,0,null,0,0,0
4773,0,null,0,0,0
4774,1,primary_proton,1,1,1
4775,0,null,0,0,0
4776,0,null,0,0,0
4777,0,null,0,0,0
4778,0,null,0,0,0
4779,0,null,0,0,0
4780,0,null,0,0,0
4781,1,primary_proton,1,1,1
4782,0,null,0,0,0
4783,0,null,0,0,0
4784,0,null,0,0,0
4785,560,pi-,1,1,1
4786,0,null,0,0,0
4787,0,null,0,0,0
4788,0,null,0,0,0
4789,0,null,0,0,0
4790,0,null,0,0,0
4791,0,null,0,0,0
4792,0,null,0,0,0
4793,0,null,0,0,0
4794,0,null,0,0,0
4795,0,null,0,0,0
4796,0,null,0,0,0
4797,0,null,0,0,0
4798,0,null,0,0,0
4799,0,null,0,0,0
4800,0,null,0,0,0
4801,0,null,0,0,0
4802,0,null,0,0,0
4803,0,null,0,0,0
4804,0,null,0,0,0
4805,0,null,0,0,0
4806,0,null,0,0,0
4807,0,null,0,0,0
4808,0,null,0,0,0
4809,0,null,0,0,0
4810,0,null,0,0,0
4811,0,null,0,0,0
4812,0,null,0,0,0
4813,0,null,0,0,0
4814,3,pi+,1,1,1
4815,0,null,0,0,0
4816,0,null,0,0,0
4817,1,primary_proton,1,0,0
4818,0,null,0,0,0
4819,0,null,0,0,0
4820,0,null,0,0,0
4821,0,null,0,0,0
4822,0,null,0,0,0
4823,0,null,0,0,0
4824,0,null,0,0,0
4825,0,null,0,0,0
4826,0,null,0,0,0
4827,0,null,0,0,0
4828,0,null,0,0,0
4829,0,null,0,0,0
4970,0,null,0,0,0
4971,0,null,0,0,0
4972,0,null,0,0,0
4973,0,null,0,0,0
4974,0,null,0,0,0
4975,0,null,0,0,0
4976,0,null,0,0,0
4977,0,null,0,0,0
4978,0,null,0,0,0
4979,15,pi+,1,1,1
4980,0,null,0,0,0
4981,0,null,0,0,0
4982,0,null,0,0,0
4913,36,secondary_proton,1,1,0
4914,0,null,0,0,0
4915,0,null,0,0,0
4916,0,null,0,0,0
4917,0,null,0,0,0
4918,0,null,0,0,0
4919,0,null,0,0,0
4920,0,null,0,0,0
4921,0,null,0,0,0
4922,1,primary_proton,1,1,1
4923,0,null,0,0,0
4924,0,null,0,0,0
4925,0,null,0,0,0
4926,0,null,0,0,0
4927,0,null,0,0,0
4928,0,null,0,0,0
4929,0,null,0,0,0
4930,0,null,0,0,0
4931,0,null,0,0,0
4932,0,null,0,0,0
4933,0,null,0,0,0
4934,0,null,0,0,0
4935,0,null,0,0,0
4936,0,null,0,0,0
4937,0,null,0,0,0
4938,0,null,0,0,0
4939,0,null,0,0,0
4940,0,null,0,0,0
4941,0,null,0,0,0
4942,9,secondary_proton,1,1,1
4943,0,null,0,0,0
4944,0,null,0,0,0
4945,0,null,0,0,0
4946,0,null,0,0,0
4947,0,null,0,0,0
4948,0,null,0,0,0
4949,0,null,0,0,0
4950,0,null,0,0,0
4951,13,pi+,1,1,1
4952,0,null,0,0,0
4953,0,null,0,0,0
4954,0,null,0,0,0
4955,0,null,0,0,0
4956,0,null,0,0,0
4957,0,null,0,0,0
4958,0,null,0,0,0
4959,0,null,0,0,0
4960,0,null,0,0,0
4961,0,null,0,0,0
4962,4846,e-,0,0,1
4963,0,null,0,0,0
4964,0,null,0,0,0
4965,0,null,0,0,0
4966,0,null,0,0,0
4967,0,null,0,0,0
4968,0,null,0,0,0
4969,0,null,0,0,0
983,0,null,0,0,0
4984,0,null,0,0,0
4985,0,null,0,0,0
4986,0,null,0,0,0
4987,0,null,0,0,0
4988,0,null,0,0,0
4989,0,null,0,0,0
4990,0,null,0,0,0
4991,1,primary_proton,1,1,1
4992,0,null,0,0,0
4993,0,null,0,0,0
4994,0,null,0,0,0
4995,0,null,0,0,0
4996,0,null,0,0,0
4997,0,null,0,0,0
4998,0,null,0,0,0
4999,0,null,0,0,0
1,0,null,0,0,0
2,0,null,0,0,0
3,0,null,0,0,0
4,0,null,0,0,0
5,0,null,0,0,0
6,0,null,0,0,0
7,548,e+,1,1,1
8,0,null,0,0,0
9,0,null,0,0,0
10,0,null,0,0,0
11,0,null,0,0,0
12,0,null,0,0,0
13,0,null,0,0,0
14,0,null,0,0,0
15,0,null,0,0,0
16,4687,pi+,1,1,1
17,0,null,0,0,0
18,0,null,0,0,0
19,0,null,0,0,0
20,0,null,0,0,0
21,0,null,0,0,0
22,0,null,0,0,0
23,0,null,0,0,0
24,0,null,0,0,0
25,0,null,0,0,0
26,0,null,0,0,0
27,5,pi-,1,1,1
28,0,null,0,0,0
29,0,null,0,0,0
30,0,null,0,0,0
31,6,secondary_proton,1,1,1
32,0,null,0,0,0
33,0,null,0,0,0
34,0,null,0,0,0
35,0,null,0,0,0
36,0,null,0,0,0
37,0,null,0,0,0
38,0,null,0,0,0
39,0,null,0,0,0
40,0,null,0,0,0
41,0,null,0,0,0
42,0,null,0,0,0
43,0,null,0,0,0
44,10,pi-,1,1,1
45,0,null,0,0,0
46,0,null,0,0,0
47,0,null,0,0,0
48,3311,pi+,1,1,0
49,0,null,0,0,0
50,0,null,0,0,0
51,0,null,0,0,0
52,0,null,0,0,0
53,0,null,0,0,0
54,0,null,0,0,0
55,0,null,0,0,0
56,0,null,0,0,0
57,0,null,0,0,0
58,0,null,0,0,0
59,0,null,0,0,0
60,0,null,0,0,0
61,0,null,0,0,0
62,0,null,0,0,0
63,0,null,0,0,0
64,0,null,0,0,0
65,0,null,0,0,0
66,0,null,0,0,0
67,0,null,0,0,0
68,0,null,0,0,0
69,0,null,0,0,0
140,0,null,0,0,0
141,0,null,0,0,0
142,0,null,0,0,0
143,0,null,0,0,0
144,0,null,0,0,0
145,0,null,0,0,0
146,0,null,0,0,0
147,8,pi+,1,1,1
148,0,null,0,0,0
149,0,null,0,0,0
150,0,null,0,0,0
151,0,null,0,0,0
152,0,null,0,0,0
153,0,null,0,0,0
154,0,null,0,0,0
155,0,null,0,0,0
156,0,null,0,0,0
157,0,null,0,0,0
158,0,null,0,0,0
159,0,null,0,0,0
160,0,null,0,0,0
161,0,null,0,0,0
162,0,null,0,0,0
163,1,primary_proton,1,1,1
164,0,null,0,0,0
165,0,null,0,0,0
166,0,null,0,0,0
167,0,null,0,0,0
168,0,null,0,0,0
169,0,null,0,0,0
170,0,null,0,0,0
171,0,null,0,0,0
172,0,null,0,0,0
173,0,null,0,0,0
174,0,null,0,0,0
175,0,null,0,0,0
176,0,null,0,0,0
177,0,null,0,0,0
178,0,null,0,0,0
179,6,pi+,1,1,1
180,0,null,0,0,0
181,0,null,0,0,0
182,0,null,0,0,0
183,0,null,0,0,0
184,0,null,0,0,0
185,0,null,0,0,0
186,0,null,0,0,0
187,0,null,0,0,0
188,0,null,0,0,0
189,0,null,0,0,0
190,0,null,0,0,0
191,0,null,0,0,0
192,0,null,0,0,0
193,0,null,0,0,0
194,0,null,0,0,0
195,0,null,0,0,0
196,0,null,0,0,0
197,0,null,0,0,0
198,0,null,0,0,0
199,0,null,0,0,0
200,0,null,0,0,0
201,0,null,0,0,0
202,0,null,0,0,0
203,0,null,0,0,0
204,0,null,0,0,0
205,0,null,0,0,0
206,0,null,0,0,0
207,0,null,0,0,0
208,0,null,0,0,0
209,0,null,0,0,0
280,0,null,0,0,0
281,0,null,0,0,0
282,0,null,0,0,0
283,0,null,0,0,0
284,0,null,0,0,0
285,0,null,0,0,0
286,0,null,0,0,0
287,0,null,0,0,0
288,0,null,0,0,0
289,0,null,0,0,0
290,0,null,0,0,0
291,6,pi-,1,1,1
292,0,null,0,0,0
293,0,null,0,0,0
294,0,null,0,0,0
295,0,null,0,0,0
296,0,null,0,0,0
297,0,null,0,0,0
298,0,null,0,0,0
299,0,null,0,0,0
300,0,null,0,0,0
301,1,primary_proton,1,1,1
302,0,null,0,0,0
303,0,null,0,0,0
304,0,null,0,0,0
305,0,null,0,0,0
306,0,null,0,0,0
307,0,null,0,0,0
308,0,null,0,0,0
309,0,null,0,0,0
310,0,null,0,0,0
311,0,null,0,0,0
312,0,null,0,0,0
313,0,null,0,0,0
314,0,null,0,0,0
315,0,null,0,0,0
316,0,null,0,0,0
317,0,null,0,0,0
318,0,null,0,0,0
319,0,null,0,0,0
320,0,null,0,0,0
321,1604,e-,1,1,1
322,0,null,0,0,0
323,0,null,0,0,0
324,0,null,0,0,0
325,0,null,0,0,0
326,0,null,0,0,0
327,0,null,0,0,0
328,0,null,0,0,0
329,0,null,0,0,0
330,0,null,0,0,0
331,1,primary_proton,1,1,1
332,0,null,0,0,0
333,0,null,0,0,0
334,0,null,0,0,0
335,0,null,0,0,0
336,0,null,0,0,0
337,0,null,0,0,0
338,0,null,0,0,0
339,0,null,0,0,0
340,0,null,0,0,0
341,0,null,0,0,0
342,0,null,0,0,0
343,0,null,0,0,0
344,0,null,0,0,0
345,0,null,0,0,0
346,0,null,0,0,0
347,0,null,0,0,0
348,0,null,0,0,0
349,0,null,0,0,0
420,0,null,0,0,0
421,0,null,0,0,0
422,0,null,0,0,0
423,0,null,0,0,0
424,0,null,0,0,0
425,0,null,0,0,0
426,0,null,0,0,0
427,0,null,0,0,0
428,0,null,0,0,0
429,0,null,0,0,0
430,0,null,0,0,0
431,0,null,0,0,0
432,0,null,0,0,0
433,0,null,0,0,0
434,0,null,0,0,0
435,0,null,0,0,0
436,0,null,0,0,0
437,0,null,0,0,0
438,0,null,0,0,0
439,0,null,0,0,0
440,0,null,0,0,0
441,0,null,0,0,0
442,0,null,0,0,0
443,0,null,0,0,0
444,0,null,0,0,0
445,0,null,0,0,0
446,0,null,0,0,0
447,0,null,0,0,0
448,0,null,0,0,0
449,0,null,0,0,0
450,0,null,0,0,0
451,0,null,0,0,0
452,0,null,0,0,0
71,0,null,0,0,0
72,0,null,0,0,0
73,0,null,0,0,0
74,0,null,0,0,0
75,0,null,0,0,0
76,0,null,0,0,0
77,1,primary_proton,1,1,1
78,0,null,0,0,0
79,0,null,0,0,0
80,0,null,0,0,0
81,0,null,0,0,0
82,8,pi+,1,1,1
83,0,null,0,0,0
84,0,null,0,0,0
85,0,null,0,0,0
86,0,null,0,0,0
87,0,null,0,0,0
88,0,null,0,0,0
89,0,null,0,0,0
90,0,null,0,0,0
91,0,null,0,0,0
92,0,null,0,0,0
93,0,null,0,0,0
94,0,null,0,0,0
95,0,null,0,0,0
96,0,null,0,0,0
97,0,null,0,0,0
98,0,null,0,0,0
99,0,null,0,0,0
100,0,null,0,0,0
101,1,primary_proton,1,1,1
102,31,pi+,1,1,1
103,0,null,0,0,0
104,0,null,0,0,0
105,0,null,0,0,0
106,841,secondary_proton,1,1,1
107,0,null,0,0,0
108,0,null,0,0,0
109,0,null,0,0,0
110,0,null,0,0,0
111,0,null,0,0,0
112,0,null,0,0,0
113,0,null,0,0,0
114,0,null,0,0,0
115,0,null,0,0,0
116,9,pi-,1,1,1
117,0,null,0,0,0
118,0,null,0,0,0
119,0,null,0,0,0
120,0,null,0,0,0
121,0,null,0,0,0
122,0,null,0,0,0
123,0,null,0,0,0
124,0,null,0,0,0
125,0,null,0,0,0
126,0,null,0,0,0
127,0,null,0,0,0
128,0,null,0,0,0
129,0,null,0,0,0
130,0,null,0,0,0
131,0,null,0,0,0
132,0,null,0,0,0
133,0,null,0,0,0
134,0,null,0,0,0
135,0,null,0,0,0
136,0,null,0,0,0
137,0,null,0,0,0
138,0,null,0,0,0
139,5,pi-,1,1,1
210,0,null,0,0,0
211,0,null,0,0,0
212,0,null,0,0,0
213,0,null,0,0,0
214,0,null,0,0,0
215,0,null,0,0,0
216,0,null,0,0,0
217,0,null,0,0,0
218,0,null,0,0,0
219,0,null,0,0,0
220,0,null,0,0,0
221,0,null,0,0,0
222,0,null,0,0,0
223,0,null,0,0,0
224,0,null,0,0,0
225,0,null,0,0,0
226,0,null,0,0,0
227,0,null,0,0,0
228,0,null,0,0,0
229,0,null,0,0,0
230,0,null,0,0,0
231,0,null,0,0,0
232,0,null,0,0,0
233,1,primary_proton,1,1,1
234,0,null,0,0,0
235,11,secondary_proton,1,1,1
236,0,null,0,0,0
237,0,null,0,0,0
238,0,null,0,0,0
239,0,null,0,0,0
240,0,null,0,0,0
241,0,null,0,0,0
242,0,null,0,0,0
243,0,null,0,0,0
244,1,primary_proton,1,1,1
245,0,null,0,0,0
246,0,null,0,0,0
247,0,null,0,0,0
248,0,null,0,0,0
249,0,null,0,0,0
250,8,secondary_proton,1,1,1
251,0,null,0,0,0
252,0,null,0,0,0
253,0,null,0,0,0
254,0,null,0,0,0
255,0,null,0,0,0
256,0,null,0,0,0
257,0,null,0,0,0
258,0,null,0,0,0
259,0,null,0,0,0
260,0,null,0,0,0
261,0,null,0,0,0
262,1,primary_proton,1,1,1
263,1,primary_proton,1,1,1
264,0,null,0,0,0
265,0,null,0,0,0
266,0,null,0,0,0
267,0,null,0,0,0
268,0,null,0,0,0
269,0,null,0,0,0
270,0,null,0,0,0
271,0,null,0,0,0
272,0,null,0,0,0
273,0,null,0,0,0
274,0,null,0,0,0
275,0,null,0,0,0
276,9,pi-,1,1,1
277,0,null,0,0,0
278,0,null,0,0,0
279,0,null,0,0,0
350,0,null,0,0,0
351,0,null,0,0,0
352,0,null,0,0,0
353,0,null,0,0,0
354,0,null,0,0,0
355,0,null,0,0,0
356,0,null,0,0,0
357,0,null,0,0,0
358,1,primary_proton,1,1,1
359,0,null,0,0,0
360,0,null,0,0,0
361,0,null,0,0,0
362,0,null,0,0,0
363,0,null,0,0,0
364,0,null,0,0,0
365,1,primary_proton,1,1,1
366,0,null,0,0,0
367,0,null,0,0,0
368,1,primary_proton,1,1,1
369,1,primary_proton,1,1,1
370,4,pi-,1,1,0
371,0,null,0,0,0
372,0,null,0,0,0
373,0,null,0,0,0
374,0,null,0,0,0
375,3,kaon+,1,1,0
376,0,null,0,0,0
377,1,primary_proton,1,1,1
378,0,null,0,0,0
379,1,primary_proton,1,1,1
380,0,null,0,0,0
381,0,null,0,0,0
382,0,null,0,0,0
383,0,null,0,0,0
384,5,secondary_proton,1,1,1
385,0,null,0,0,0
386,0,null,0,0,0
387,0,null,0,0,0
388,0,null,0,0,0
389,0,null,0,0,0
390,0,null,0,0,0
391,0,null,0,0,0
392,0,null,0,0,0
393,0,null,0,0,0
394,0,null,0,0,0
395,0,null,0,0,0
396,0,null,0,0,0
397,0,null,0,0,0
398,0,null,0,0,0
399,0,null,0,0,0
400,0,null,0,0,0
401,0,null,0,0,0
402,0,null,0,0,0
403,0,null,0,0,0
404,0,null,0,0,0
405,0,null,0,0,0
406,0,null,0,0,0
407,0,null,0,0,0
408,0,null,0,0,0
409,0,null,0,0,0
410,0,null,0,0,0
411,0,null,0,0,0
412,6,secondary_proton,1,1,1
413,0,null,0,0,0
414,0,null,0,0,0
415,0,null,0,0,0
416,0,null,0,0,0
417,0,null,0,0,0
418,0,null,0,0,0
419,0,null,0,0,0
630,11,pi-,1,0,0
631,0,null,0,0,0
632,0,null,0,0,0
633,0,null,0,0,0
634,0,null,0,0,0
635,0,null,0,0,0
636,0,null,0,0,0
637,0,null,0,0,0
638,0,null,0,0,0
639,0,null,0,0,0
640,0,null,0,0,0
641,0,null,0,0,0
642,0,null,0,0,0
643,0,null,0,0,0
644,0,null,0,0,0
645,0,null,0,0,0
646,0,null,0,0,0
647,0,null,0,0,0
648,0,null,0,0,0
649,0,null,0,0,0
650,0,null,0,0,0
651,0,null,0,0,0
454,0,null,0,0,0
455,0,null,0,0,0
456,0,null,0,0,0
457,0,null,0,0,0
458,0,null,0,0,0
459,0,null,0,0,0
460,0,null,0,0,0
461,0,null,0,0,0
462,0,null,0,0,0
463,0,null,0,0,0
464,0,null,0,0,0
465,0,null,0,0,0
466,0,null,0,0,0
467,0,null,0,0,0
468,0,null,0,0,0
469,0,null,0,0,0
470,0,null,0,0,0
471,0,null,0,0,0
472,0,null,0,0,0
473,0,null,0,0,0
474,0,null,0,0,0
475,0,null,0,0,0
476,0,null,0,0,0
477,0,null,0,0,0
478,0,null,0,0,0
479,0,null,0,0,0
480,0,null,0,0,0
481,0,null,0,0,0
482,0,null,0,0,0
483,0,null,0,0,0
484,0,null,0,0,0
485,0,null,0,0,0
486,0,null,0,0,0
487,463,kaon-,1,1,1
488,0,null,0,0,0
489,0,null,0,0,0
490,0,null,0,0,0
491,0,null,0,0,0
492,0,null,0,0,0
493,0,null,0,0,0
494,5,secondary_proton,1,1,1
495,0,null,0,0,0
496,0,null,0,0,0
497,0,null,0,0,0
498,0,null,0,0,0
499,0,null,0,0,0
500,35,secondary_proton,1,1,1
501,0,null,0,0,0
502,0,null,0,0,0
503,0,null,0,0,0
504,0,null,0,0,0
505,0,null,0,0,0
506,0,null,0,0,0
507,0,null,0,0,0
508,0,null,0,0,0
509,0,null,0,0,0
510,0,null,0,0,0
511,0,null,0,0,0
512,0,null,0,0,0
513,0,null,0,0,0
514,0,null,0,0,0
515,0,null,0,0,0
516,0,null,0,0,0
517,0,null,0,0,0
518,0,null,0,0,0
519,0,null,0,0,0
520,0,null,0,0,0
521,0,null,0,0,0
522,0,null,0,0,0
523,0,null,0,0,0
524,0,null,0,0,0
525,0,null,0,0,0
526,0,null,0,0,0
527,0,null,0,0,0
528,0,null,0,0,0
529,0,null,0,0,0
530,0,null,0,0,0
531,0,null,0,0,0
532,0,null,0,0,0
533,0,null,0,0,0
534,1,primary_proton,1,1,1
535,0,null,0,0,0
536,0,null,0,0,0
537,0,null,0,0,0
538,0,null,0,0,0
539,0,null,0,0,0
540,0,null,0,0,0
541,0,null,0,0,0
542,0,null,0,0,0
543,1,primary_proton,1,1,1
544,0,null,0,0,0
545,0,null,0,0,0
546,0,null,0,0,0
547,0,null,0,0,0
548,0,null,0,0,0
549,0,null,0,0,0
550,0,null,0,0,0
551,0,null,0,0,0
552,0,null,0,0,0
553,0,null,0,0,0
554,0,null,0,0,0
555,0,null,0,0,0
556,0,null,0,0,0
557,0,null,0,0,0
558,0,null,0,0,0
559,0,null,0,0,0
560,0,null,0,0,0
561,0,null,0,0,0
562,0,null,0,0,0
563,0,null,0,0,0
564,0,null,0,0,0
565,0,null,0,0,0
566,29,pi-,1,1,1
567,0,null,0,0,0
568,0,null,0,0,0
569,0,null,0,0,0
570,0,null,0,0,0
571,0,null,0,0,0
572,0,null,0,0,0
573,0,null,0,0,0
574,0,null,0,0,0
575,0,null,0,0,0
576,0,null,0,0,0
577,0,null,0,0,0
578,0,null,0,0,0
579,0,null,0,0,0
580,0,null,0,0,0
581,0,null,0,0,0
582,0,null,0,0,0
583,0,null,0,0,0
584,0,null,0,0,0
585,0,null,0,0,0
586,0,null,0,0,0
587,0,null,0,0,0
588,0,null,0,0,0
589,0,null,0,0,0
590,0,null,0,0,0
591,0,null,0,0,0
592,0,null,0,0,0
593,0,null,0,0,0
594,0,null,0,0,0
595,0,null,0,0,0
596,0,null,0,0,0
597,0,null,0,0,0
598,0,null,0,0,0
599,2,secondary_proton,1,0,0
600,0,null,0,0,0
601,0,null,0,0,0
602,0,null,0,0,0
603,0,null,0,0,0
604,0,null,0,0,0
605,0,null,0,0,0
606,0,null,0,0,0
607,0,null,0,0,0
608,0,null,0,0,0
609,0,null,0,0,0
610,0,null,0,0,0
611,1,primary_proton,1,1,1
612,0,null,0,0,0
613,0,null,0,0,0
614,1276,e-,1,0,0
615,0,null,0,0,0
616,0,null,0,0,0
617,0,null,0,0,0
618,0,null,0,0,0
619,0,null,0,0,0
620,0,null,0,0,0
621,0,null,0,0,0
622,0,null,0,0,0
623,0,null,0,0,0
624,0,null,0,0,0
625,0,null,0,0,0
626,0,null,0,0,0
627,0,null,0,0,0
628,0,null,0,0,0
629,0,null,0,0,0
700,0,null,0,0,0
701,0,null,0,0,0
702,0,null,0,0,0
703,0,null,0,0,0
704,0,null,0,0,0
705,0,null,0,0,0
706,0,null,0,0,0
707,0,null,0,0,0
708,0,null,0,0,0
709,0,null,0,0,0
710,0,null,0,0,0
711,0,null,0,0,0
712,0,null,0,0,0
713,0,null,0,0,0
714,9,pi-,1,1,1
715,0,null,0,0,0
716,0,null,0,0,0
717,0,null,0,0,0
718,0,null,0,0,0
719,0,null,0,0,0
720,0,null,0,0,0
721,0,null,0,0,0
722,0,null,0,0,0
723,0,null,0,0,0
724,1,primary_proton,1,1,1
725,0,null,0,0,0
726,0,null,0,0,0
727,0,null,0,0,0
728,0,null,0,0,0
729,0,null,0,0,0
730,38,pi-,1,1,1
731,0,null,0,0,0
732,0,null,0,0,0
733,0,null,0,0,0
734,0,null,0,0,0
735,0,null,0,0,0
736,0,null,0,0,0
737,0,null,0,0,0
738,1,primary_proton,1,1,1
739,0,null,0,0,0
740,0,null,0,0,0
741,0,null,0,0,0
742,0,null,0,0,0
743,1,primary_proton,1,1,1
744,0,null,0,0,0
745,0,null,0,0,0
746,0,null,0,0,0
747,0,null,0,0,0
748,0,null,0,0,0
749,0,null,0,0,0
750,0,null,0,0,0
751,0,null,0,0,0
752,0,null,0,0,0
753,0,null,0,0,0
754,0,null,0,0,0
755,0,null,0,0,0
756,28,pi-,1,0,0
757,0,null,0,0,0
653,0,null,0,0,0
654,0,null,0,0,0
655,0,null,0,0,0
656,0,null,0,0,0
657,0,null,0,0,0
658,0,null,0,0,0
659,0,null,0,0,0
660,126,pi-,0,0,1
661,0,null,0,0,0
662,0,null,0,0,0
663,0,null,0,0,0
664,0,null,0,0,0
665,0,null,0,0,0
666,0,null,0,0,0
667,0,null,0,0,0
668,0,null,0,0,0
669,0,null,0,0,0
670,0,null,0,0,0
671,0,null,0,0,0
672,0,null,0,0,0
673,19,pi+,1,1,1
674,0,null,0,0,0
675,0,null,0,0,0
676,0,null,0,0,0
677,1352,secondary_proton,1,1,1
678,0,null,0,0,0
679,22,pi+,1,1,1
680,0,null,0,0,0
681,0,null,0,0,0
682,0,null,0,0,0
683,0,null,0,0,0
684,0,null,0,0,0
685,0,null,0,0,0
686,0,null,0,0,0
687,7,secondary_proton,1,1,1
688,0,null,0,0,0
689,0,null,0,0,0
690,0,null,0,0,0
691,0,null,0,0,0
692,0,null,0,0,0
693,0,null,0,0,0
694,0,null,0,0,0
695,0,null,0,0,0
696,0,null,0,0,0
697,0,null,0,0,0
698,0,null,0,0,0
699,0,null,0,0,0
770,2,secondary_proton,1,1,1
771,0,null,0,0,0
772,0,null,0,0,0
773,0,null,0,0,0
774,0,null,0,0,0
775,0,null,0,0,0
776,0,null,0,0,0
777,0,null,0,0,0
778,0,null,0,0,0
779,0,null,0,0,0
780,0,null,0,0,0
781,0,null,0,0,0
782,0,null,0,0,0
783,0,null,0,0,0
784,0,null,0,0,0
785,0,null,0,0,0
786,0,null,0,0,0
787,0,null,0,0,0
788,10,pi+,1,1,1
789,0,null,0,0,0
790,0,null,0,0,0
791,0,null,0,0,0
792,1,primary_proton,1,1,1
793,0,null,0,0,0
794,0,null,0,0,0
795,0,null,0,0,0
796,1,primary_proton,1,1,1
797,0,null,0,0,0
798,0,null,0,0,0
799,0,null,0,0,0
800,0,null,0,0,0
801,9,pi+,1,1,1
802,0,null,0,0,0
803,0,null,0,0,0
804,0,null,0,0,0
805,0,null,0,0,0
806,0,null,0,0,0
807,0,null,0,0,0
808,0,null,0,0,0
809,0,null,0,0,0
810,0,null,0,0,0
811,0,null,0,0,0
812,0,null,0,0,0
813,0,null,0,0,0
814,0,null,0,0,0
815,0,null,0,0,0
816,0,null,0,0,0
817,0,null,0,0,0
818,6,pi+,1,1,1
819,0,null,0,0,0
820,0,null,0,0,0
821,0,null,0,0,0
822,212,pi+,1,1,1
823,0,null,0,0,0
824,0,null,0,0,0
825,0,null,0,0,0
826,0,null,0,0,0
827,0,null,0,0,0
828,0,null,0,0,0
829,0,null,0,0,0
830,0,null,0,0,0
831,0,null,0,0,0
832,0,null,0,0,0
833,0,null,0,0,0
834,0,null,0,0,0
835,0,null,0,0,0
836,0,null,0,0,0
837,0,null,0,0,0
838,0,null,0,0,0
839,0,null,0,0,0
910,1,primary_proton,1,1,1
911,0,null,0,0,0
912,6,secondary_proton,1,1,1
913,0,null,0,0,0
914,0,null,0,0,0
915,2,secondary_proton,1,1,1
916,0,null,0,0,0
917,0,null,0,0,0
918,0,null,0,0,0
919,5,pi-,1,1,1
920,0,null,0,0,0
921,0,null,0,0,0
922,0,null,0,0,0
923,0,null,0,0,0
924,0,null,0,0,0
925,0,null,0,0,0
926,0,null,0,0,0
927,0,null,0,0,0
928,0,null,0,0,0
929,0,null,0,0,0
930,0,null,0,0,0
931,0,null,0,0,0
932,0,null,0,0,0
933,0,null,0,0,0
934,0,null,0,0,0
935,0,null,0,0,0
936,0,null,0,0,0
937,0,null,0,0,0
938,0,null,0,0,0
939,0,null,0,0,0
940,0,null,0,0,0
941,0,null,0,0,0
942,0,null,0,0,0
943,0,null,0,0,0
944,0,null,0,0,0
945,0,null,0,0,0
946,1,primary_proton,1,1,1
947,0,null,0,0,0
948,0,null,0,0,0
949,0,null,0,0,0
950,0,null,0,0,0
951,0,null,0,0,0
952,0,null,0,0,0
953,0,null,0,0,0
954,0,null,0,0,0
955,0,null,0,0,0
956,0,null,0,0,0
957,0,null,0,0,0
958,1,primary_proton,1,1,1
959,0,null,0,0,0
960,0,null,0,0,0
961,0,null,0,0,0
962,0,null,0,0,0
963,0,null,0,0,0
964,0,null,0,0,0
965,0,null,0,0,0
966,2588,pi-,1,0,0
967,0,null,0,0,0
968,0,null,0,0,0
969,0,null,0,0,0
970,0,null,0,0,0
971,0,null,0,0,0
972,0,null,0,0,0
973,0,null,0,0,0
974,0,null,0,0,0
975,1,primary_proton,1,1,1
976,0,null,0,0,0
977,1,primary_proton,1,1,1
978,0,null,0,0,0
979,0,null,0,0,0
1050,0,null,0,0,0
1051,0,null,0,0,0
1052,0,null,0,0,0
1053,0,null,0,0,0
1054,0,null,0,0,0
1055,0,null,0,0,0
1056,0,null,0,0,0
1057,0,null,0,0,0
1058,0,null,0,0,0
1059,0,null,0,0,0
1060,0,null,0,0,0
1061,0,null,0,0,0
1062,0,null,0,0,0
1063,0,null,0,0,0
1064,0,null,0,0,0
1065,0,null,0,0,0
1066,0,null,0,0,0
1067,0,null,0,0,0
1068,0,null,0,0,0
1069,0,null,0,0,0
1070,0,null,0,0,0
1071,0,null,0,0,0
1072,0,null,0,0,0
1073,0,null,0,0,0
1074,0,null,0,0,0
1075,0,null,0,0,0
1076,0,null,0,0,0
1077,0,null,0,0,0
1078,0,null,0,0,0
1079,0,null,0,0,0
1080,0,null,0,0,0
1081,0,null,0,0,0
1082,0,null,0,0,0
1083,0,null,0,0,0
1084,0,null,0,0,0
1085,0,null,0,0,0
1086,0,null,0,0,0
1087,0,null,0,0,0
1088,0,null,0,0,0
1089,0,null,0,0,0
1090,0,null,0,0,0
1091,1,primary_proton,1,1,1
759,0,null,0,0,0
760,0,null,0,0,0
761,0,null,0,0,0
762,0,null,0,0,0
763,0,null,0,0,0
764,0,null,0,0,0
765,0,null,0,0,0
766,0,null,0,0,0
767,0,null,0,0,0
768,0,null,0,0,0
769,0,null,0,0,0
840,0,null,0,0,0
841,0,null,0,0,0
842,0,null,0,0,0
843,0,null,0,0,0
844,0,null,0,0,0
845,0,null,0,0,0
846,0,null,0,0,0
847,0,null,0,0,0
848,0,null,0,0,0
849,0,null,0,0,0
850,0,null,0,0,0
851,0,null,0,0,0
852,0,null,0,0,0
853,0,null,0,0,0
854,0,null,0,0,0
855,0,null,0,0,0
856,0,null,0,0,0
857,0,null,0,0,0
858,0,null,0,0,0
859,0,null,0,0,0
860,0,null,0,0,0
861,0,null,0,0,0
862,12,kaon-,1,1,1
863,0,null,0,0,0
864,0,null,0,0,0
865,0,null,0,0,0
866,0,null,0,0,0
867,0,null,0,0,0
868,0,null,0,0,0
869,0,null,0,0,0
870,0,null,0,0,0
871,10,pi+,1,1,1
872,1,primary_proton,1,1,1
873,0,null,0,0,0
874,0,null,0,0,0
875,0,null,0,0,0
876,0,null,0,0,0
877,0,null,0,0,0
878,0,null,0,0,0
879,0,null,0,0,0
880,0,null,0,0,0
881,0,null,0,0,0
882,0,null,0,0,0
883,0,null,0,0,0
884,0,null,0,0,0
885,0,null,0,0,0
886,0,null,0,0,0
887,0,null,0,0,0
888,0,null,0,0,0
889,0,null,0,0,0
890,0,null,0,0,0
891,0,null,0,0,0
892,0,null,0,0,0
893,0,null,0,0,0
894,0,null,0,0,0
895,0,null,0,0,0
896,0,null,0,0,0
897,0,null,0,0,0
898,0,null,0,0,0
899,0,null,0,0,0
900,0,null,0,0,0
901,0,null,0,0,0
902,0,null,0,0,0
903,0,null,0,0,0
904,0,null,0,0,0
905,15,pi+,1,1,1
906,0,null,0,0,0
907,0,null,0,0,0
908,0,null,0,0,0
909,0,null,0,0,0
980,0,null,0,0,0
981,0,null,0,0,0
982,0,null,0,0,0
983,0,null,0,0,0
984,0,null,0,0,0
985,0,null,0,0,0
986,0,null,0,0,0
987,0,null,0,0,0
988,0,null,0,0,0
989,0,null,0,0,0
990,0,null,0,0,0
991,0,null,0,0,0
992,0,null,0,0,0
993,0,null,0,0,0
994,0,null,0,0,0
995,0,null,0,0,0
996,0,null,0,0,0
997,0,null,0,0,0
998,0,null,0,0,0
999,0,null,0,0,0
1000,8,pi+,1,1,1
1001,0,null,0,0,0
1002,0,null,0,0,0
1003,0,null,0,0,0
1004,0,null,0,0,0
1005,0,null,0,0,0
1006,0,null,0,0,0
1007,0,null,0,0,0
1008,0,null,0,0,0
1009,0,null,0,0,0
1010,39,secondary_proton,1,1,1
1011,0,null,0,0,0
1012,0,null,0,0,0
1013,0,null,0,0,0
1014,0,null,0,0,0
1015,0,null,0,0,0
1016,0,null,0,0,0
1017,0,null,0,0,0
1018,0,null,0,0,0
1019,0,null,0,0,0
1020,0,null,0,0,0
1021,1,primary_proton,1,1,1
1022,0,null,0,0,0
1023,0,null,0,0,0
1024,0,null,0,0,0
1025,0,null,0,0,0
1026,1,primary_proton,1,1,1
1027,6,secondary_proton,1,1,1
1028,0,null,0,0,0
1029,0,null,0,0,0
1030,11,pi+,1,0,0
1031,0,null,0,0,0
1032,0,null,0,0,0
1033,0,null,0,0,0
1034,0,null,0,0,0
1035,0,null,0,0,0
1036,0,null,0,0,0
1037,15,pi-,1,1,1
1038,0,null,0,0,0
1039,1,primary_proton,1,1,1
1040,0,null,0,0,0
1041,0,null,0,0,0
1042,0,null,0,0,0
1043,0,null,0,0,0
1044,0,null,0,0,0
1045,0,null,0,0,0
1046,0,null,0,0,0
1047,0,null,0,0,0
1048,0,null,0,0,0
1049,0,null,0,0,0
1190,0,null,0,0,0
1191,0,null,0,0,0
1192,0,null,0,0,0
1193,0,null,0,0,0
1194,0,null,0,0,0
1195,0,null,0,0,0
1196,0,null,0,0,0
1197,0,null,0,0,0
1198,0,null,0,0,0
1199,11,pi+,1,0,0
1200,0,null,0,0,0
1201,0,null,0,0,0
1202,0,null,0,0,0
1203,0,null,0,0,0
1204,3813,secondary_proton,1,1,1
1205,0,null,0,0,0
1206,0,null,0,0,0
1207,3,pi-,1,0,0
1208,0,null,0,0,0
1209,0,null,0,0,0
1210,0,null,0,0,0
1211,0,null,0,0,0
1212,0,null,0,0,0
1213,0,null,0,0,0
1214,0,null,0,0,0
1215,0,null,0,0,0
1216,0,null,0,0,0
1217,1,primary_proton,1,1,1
1218,0,null,0,0,0
1219,0,null,0,0,0
1220,0,null,0,0,0
1221,0,null,0,0,0
1222,0,null,0,0,0
1223,0,null,0,0,0
1224,0,null,0,0,0
1225,0,null,0,0,0
1226,0,null,0,0,0
1227,0,null,0,0,0
1228,0,null,0,0,0
1229,0,null,0,0,0
1230,0,null,0,0,0
1231,0,null,0,0,0
1232,0,null,0,0,0
1233,0,null,0,0,0
1234,8,pi-,1,1,1
1235,0,null,0,0,0
1236,0,null,0,0,0
1237,0,null,0,0,0
1238,0,null,0,0,0
1239,0,null,0,0,0
1240,0,null,0,0,0
1241,0,null,0,0,0
1242,0,null,0,0,0
1243,0,null,0,0,0
1244,0,null,0,0,0
1245,0,null,0,0,0
1246,0,null,0,0,0
1247,0,null,0,0,0
1248,0,null,0,0,0
1249,0,null,0,0,0
1250,0,null,0,0,0
1251,1,primary_proton,1,1,1
1252,0,null,0,0,0
1253,0,null,0,0,0
1254,0,null,0,0,0
1255,0,null,0,0,0
1256,0,null,0,0,0
1257,0,null,0,0,0
1258,0,null,0,0,0
1259,776,e-,1,0,0
1330,0,null,0,0,0
1331,0,null,0,0,0
1332,1981,e-,0,0,1
1333,0,null,0,0,0
1334,0,null,0,0,0
1093,0,null,0,0,0
1094,0,null,0,0,0
1095,0,null,0,0,0
1096,0,null,0,0,0
1097,8,secondary_proton,1,1,1
1098,0,null,0,0,0
1099,0,null,0,0,0
1100,0,null,0,0,0
1101,0,null,0,0,0
1102,0,null,0,0,0
1103,0,null,0,0,0
1104,0,null,0,0,0
1105,0,null,0,0,0
1106,0,null,0,0,0
1107,0,null,0,0,0
1108,0,null,0,0,0
1109,0,null,0,0,0
1110,0,null,0,0,0
1111,0,null,0,0,0
1112,0,null,0,0,0
1113,0,null,0,0,0
1114,12,kaon+,1,1,1
1115,2,secondary_proton,1,1,1
1116,0,null,0,0,0
1117,0,null,0,0,0
1118,0,null,0,0,0
1119,0,null,0,0,0
1120,0,null,0,0,0
1121,0,null,0,0,0
1122,0,null,0,0,0
1123,0,null,0,0,0
1124,0,null,0,0,0
1125,0,null,0,0,0
1126,0,null,0,0,0
1127,0,null,0,0,0
1128,0,null,0,0,0
1129,0,null,0,0,0
1130,0,null,0,0,0
1131,0,null,0,0,0
1132,0,null,0,0,0
1133,0,null,0,0,0
1134,0,null,0,0,0
1135,0,null,0,0,0
1136,0,null,0,0,0
1137,0,null,0,0,0
1138,0,null,0,0,0
1139,0,null,0,0,0
1140,0,null,0,0,0
1141,0,null,0,0,0
1142,0,null,0,0,0
1143,0,null,0,0,0
1144,0,null,0,0,0
1145,0,null,0,0,0
1146,0,null,0,0,0
1147,0,null,0,0,0
1148,9,pi-,1,1,1
1149,0,null,0,0,0
1150,0,null,0,0,0
1151,0,null,0,0,0
1152,0,null,0,0,0
1153,0,null,0,0,0
1154,0,null,0,0,0
1155,0,null,0,0,0
1156,0,null,0,0,0
1157,0,null,0,0,0
1158,0,null,0,0,0
1159,0,null,0,0,0
1160,0,null,0,0,0
1161,0,null,0,0,0
1162,0,null,0,0,0
1163,0,null,0,0,0
1164,0,null,0,0,0
1165,0,null,0,0,0
1166,0,null,0,0,0
1167,0,null,0,0,0
1168,0,null,0,0,0
1169,0,null,0,0,0
1170,0,null,0,0,0
1171,0,null,0,0,0
1172,0,null,0,0,0
1173,0,null,0,0,0
1174,0,null,0,0,0
1175,0,null,0,0,0
1176,0,null,0,0,0
1177,32,pi+,1,1,1
1178,0,null,0,0,0
1179,0,null,0,0,0
1180,0,null,0,0,0
1181,0,null,0,0,0
1182,0,null,0,0,0
1183,0,null,0,0,0
1184,0,null,0,0,0
1185,0,null,0,0,0
1186,0,null,0,0,0
1187,0,null,0,0,0
1188,0,null,0,0,0
1189,0,null,0,0,0
1260,0,null,0,0,0
1261,0,null,0,0,0
1262,7,pi-,1,1,1
1263,0,null,0,0,0
1264,0,null,0,0,0
1265,0,null,0,0,0
1266,0,null,0,0,0
1267,0,null,0,0,0
1268,0,null,0,0,0
1269,0,null,0,0,0
1270,0,null,0,0,0
1271,0,null,0,0,0
1272,0,null,0,0,0
1273,0,null,0,0,0
1274,0,null,0,0,0
1275,0,null,0,0,0
1276,0,null,0,0,0
1277,0,null,0,0,0
1278,0,null,0,0,0
1279,0,null,0,0,0
1280,0,null,0,0,0
1281,160,pi+,1,1,1
1282,7,secondary_proton,1,1,1
1283,0,null,0,0,0
1284,0,null,0,0,0
1285,0,null,0,0,0
1286,0,null,0,0,0
1287,0,null,0,0,0
1288,0,null,0,0,0
1289,0,null,0,0,0
1290,0,null,0,0,0
1291,0,null,0,0,0
1292,0,null,0,0,0
1293,0,null,0,0,0
1294,0,null,0,0,0
1295,0,null,0,0,0
1296,0,null,0,0,0
1297,4763,e+,1,1,0
1298,0,null,0,0,0
1299,0,null,0,0,0
1300,0,null,0,0,0
1301,0,null,0,0,0
1302,25,pi+,1,1,1
1303,32,pi+,1,1,1
1304,0,null,0,0,0
1305,0,null,0,0,0
1306,0,null,0,0,0
1307,0,null,0,0,0
1308,0,null,0,0,0
1309,6,secondary_proton,1,1,1
1310,0,null,0,0,0
1311,0,null,0,0,0
1312,11,pi-,1,1,1
1313,0,null,0,0,0
1314,0,null,0,0,0
1315,1,primary_proton,1,1,1
1316,0,null,0,0,0
1317,0,null,0,0,0
1318,0,null,0,0,0
1319,0,null,0,0,0
1320,11,sigma+,1,1,1
1321,0,null,0,0,0
1322,0,null,0,0,0
1323,0,null,0,0,0
1324,1671,e-,1,1,0
1325,0,null,0,0,0
1326,0,null,0,0,0
1327,0,null,0,0,0
1328,0,null,0,0,0
1329,0,null,0,0,0
1470,0,null,0,0,0
1471,0,null,0,0,0
1472,0,null,0,0,0
1473,0,null,0,0,0
1474,0,null,0,0,0
1475,0,null,0,0,0
1476,0,null,0,0,0
1477,0,null,0,0,0
1478,0,null,0,0,0
1479,0,null,0,0,0
1480,0,null,0,0,0
1481,0,null,0,0,0
1482,0,null,0,0,0
1483,0,null,0,0,0
1484,0,null,0,0,0
1485,0,null,0,0,0
1486,0,null,0,0,0
1487,0,null,0,0,0
1488,19,pi-,1,0,0
1489,0,null,0,0,0
1490,0,null,0,0,0
1491,0,null,0,0,0
1492,0,null,0,0,0
1493,0,null,0,0,0
1494,1,primary_proton,1,1,1
1495,0,null,0,0,0
1496,0,null,0,0,0
1497,0,null,0,0,0
1498,0,null,0,0,0
1499,0,null,0,0,0
1500,0,null,0,0,0
1501,0,null,0,0,0
1502,0,null,0,0,0
1503,0,null,0,0,0
1504,0,null,0,0,0
1505,0,null,0,0,0
1506,1,primary_proton,1,1,1
1507,0,null,0,0,0
1508,0,null,0,0,0
1509,0,null,0,0,0
1510,0,null,0,0,0
1511,0,null,0,0,0
1512,0,null,0,0,0
1513,0,null,0,0,0
1514,0,null,0,0,0
1515,0,null,0,0,0
1516,0,null,0,0,0
1517,0,null,0,0,0
1518,0,null,0,0,0
1519,0,null,0,0,0
1520,0,null,0,0,0
1521,0,null,0,0,0
1522,21,kaon+,1,1,1
1523,0,null,0,0,0
1336,0,null,0,0,0
1337,0,null,0,0,0
1338,0,null,0,0,0
1339,0,null,0,0,0
1340,0,null,0,0,0
1341,0,null,0,0,0
1342,0,null,0,0,0
1343,0,null,0,0,0
1344,0,null,0,0,0
1345,0,null,0,0,0
1346,0,null,0,0,0
1347,0,null,0,0,0
1348,0,null,0,0,0
1349,0,null,0,0,0
1350,0,null,0,0,0
1351,0,null,0,0,0
1352,0,null,0,0,0
1353,0,null,0,0,0
1354,0,null,0,0,0
1355,0,null,0,0,0
1356,0,null,0,0,0
1357,0,null,0,0,0
1358,0,null,0,0,0
1359,0,null,0,0,0
1360,0,null,0,0,0
1361,0,null,0,0,0
1362,83,secondary_proton,1,1,1
1363,0,null,0,0,0
1364,0,null,0,0,0
1365,2,secondary_proton,1,1,1
1366,0,null,0,0,0
1367,0,null,0,0,0
1368,0,null,0,0,0
1369,0,null,0,0,0
1370,0,null,0,0,0
1371,0,null,0,0,0
1372,0,null,0,0,0
1373,0,null,0,0,0
1374,0,null,0,0,0
1375,0,null,0,0,0
1376,0,null,0,0,0
1377,0,null,0,0,0
1378,1,primary_proton,1,1,1
1379,0,null,0,0,0
1380,0,null,0,0,0
1381,0,null,0,0,0
1382,0,null,0,0,0
1383,0,null,0,0,0
1384,0,null,0,0,0
1385,0,null,0,0,0
1386,0,null,0,0,0
1387,0,null,0,0,0
1388,0,null,0,0,0
1389,11,pi-,1,1,1
1390,0,null,0,0,0
1391,0,null,0,0,0
1392,1,primary_proton,1,1,1
1393,0,null,0,0,0
1394,0,null,0,0,0
1395,0,null,0,0,0
1396,0,null,0,0,0
1397,0,null,0,0,0
1398,0,null,0,0,0
1399,0,null,0,0,0
1400,0,null,0,0,0
1401,0,null,0,0,0
1402,0,null,0,0,0
1403,0,null,0,0,0
1404,0,null,0,0,0
1405,0,null,0,0,0
1406,0,null,0,0,0
1407,0,null,0,0,0
1408,0,null,0,0,0
1409,0,null,0,0,0
1410,0,null,0,0,0
1411,0,null,0,0,0
1412,0,null,0,0,0
1413,0,null,0,0,0
1414,0,null,0,0,0
1415,0,null,0,0,0
1416,0,null,0,0,0
1417,0,null,0,0,0
1418,0,null,0,0,0
1419,0,null,0,0,0
1420,0,null,0,0,0
1421,0,null,0,0,0
1422,0,null,0,0,0
1423,0,null,0,0,0
1424,0,null,0,0,0
1425,0,null,0,0,0
1426,0,null,0,0,0
1427,0,null,0,0,0
1428,0,null,0,0,0
1429,0,null,0,0,0
1430,0,null,0,0,0
1431,0,null,0,0,0
1432,0,null,0,0,0
1433,0,null,0,0,0
1434,0,null,0,0,0
1435,0,null,0,0,0
1436,0,null,0,0,0
1437,0,null,0,0,0
1438,0,null,0,0,0
1439,0,null,0,0,0
1440,7,secondary_proton,1,1,1
1441,1,primary_proton,1,1,1
1442,0,null,0,0,0
1443,0,null,0,0,0
1444,0,null,0,0,0
1445,1,primary_proton,1,1,1
1446,0,null,0,0,0
1447,0,null,0,0,0
1448,0,null,0,0,0
1449,0,null,0,0,0
1450,0,null,0,0,0
1451,0,null,0,0,0
1452,0,null,0,0,0
1453,0,null,0,0,0
1454,1,primary_proton,1,1,1
1455,0,null,0,0,0
1456,0,null,0,0,0
1457,0,null,0,0,0
1458,0,null,0,0,0
1459,0,null,0,0,0
1460,0,null,0,0,0
1461,0,null,0,0,0
1462,0,null,0,0,0
1463,0,null,0,0,0
1464,0,null,0,0,0
1465,0,null,0,0,0
1466,0,null,0,0,0
1467,0,null,0,0,0
1468,0,null,0,0,0
1469,0,null,0,0,0
1540,0,null,0,0,0
1541,0,null,0,0,0
1542,0,null,0,0,0
1543,0,null,0,0,0
1544,0,null,0,0,0
1545,0,null,0,0,0
1546,0,null,0,0,0
1547,0,null,0,0,0
1548,1,primary_proton,1,1,1
1549,0,null,0,0,0
1550,0,null,0,0,0
1551,0,null,0,0,0
1552,0,null,0,0,0
1553,0,null,0,0,0
1554,0,null,0,0,0
1555,0,null,0,0,0
1556,0,null,0,0,0
1557,0,null,0,0,0
1558,0,null,0,0,0
1559,0,null,0,0,0
1560,0,null,0,0,0
1561,0,null,0,0,0
1562,0,null,0,0,0
1563,0,null,0,0,0
1564,0,null,0,0,0
1565,0,null,0,0,0
1566,0,null,0,0,0
1567,8,kaon-,1,0,0
1568,0,null,0,0,0
1569,0,null,0,0,0
1570,0,null,0,0,0
1571,0,null,0,0,0
1572,0,null,0,0,0
1573,0,null,0,0,0
1574,0,null,0,0,0
1575,0,null,0,0,0
1576,0,null,0,0,0
1577,0,null,0,0,0
1578,0,null,0,0,0
1579,0,null,0,0,0
1580,0,null,0,0,0
1581,0,null,0,0,0
1582,0,null,0,0,0
1583,0,null,0,0,0
1584,0,null,0,0,0
1585,0,null,0,0,0
1586,0,null,0,0,0
1587,0,null,0,0,0
1588,0,null,0,0,0
1589,0,null,0,0,0
1590,0,null,0,0,0
1591,0,null,0,0,0
1592,0,null,0,0,0
1593,0,null,0,0,0
1594,0,null,0,0,0
1595,0,null,0,0,0
1596,0,null,0,0,0
1597,0,null,0,0,0
1598,0,null,0,0,0
1599,0,null,0,0,0
1600,0,null,0,0,0
1601,16,pi+,1,1,1
1602,0,null,0,0,0
1603,0,null,0,0,0
1604,0,null,0,0,0
1605,0,null,0,0,0
1606,0,null,0,0,0
1607,0,null,0,0,0
1608,0,null,0,0,0
1609,0,null,0,0,0
1680,0,null,0,0,0
1681,0,null,0,0,0
1682,0,null,0,0,0
1683,0,null,0,0,0
1684,1,primary_proton,1,1,1
1685,0,null,0,0,0
1686,0,null,0,0,0
1687,0,null,0,0,0
1688,0,null,0,0,0
1689,21,pi+,1,1,0
1690,0,null,0,0,0
1691,0,null,0,0,0
1692,0,null,0,0,0
1693,10,pi+,1,1,1
1694,0,null,0,0,0
1695,0,null,0,0,0
1696,0,null,0,0,0
1525,0,null,0,0,0
1526,0,null,0,0,0
1527,7,pi+,1,1,1
1528,0,null,0,0,0
1529,0,null,0,0,0
1530,0,null,0,0,0
1531,2,secondary_proton,1,1,1
1532,0,null,0,0,0
1533,0,null,0,0,0
1534,0,null,0,0,0
1535,0,null,0,0,0
1536,0,null,0,0,0
1537,0,null,0,0,0
1538,0,null,0,0,0
1539,0,null,0,0,0
1610,0,null,0,0,0
1611,1,primary_proton,1,1,1
1612,0,null,0,0,0
1613,0,null,0,0,0
1614,169,pi-,1,1,1
1615,0,null,0,0,0
1616,0,null,0,0,0
1617,0,null,0,0,0
1618,0,null,0,0,0
1619,0,null,0,0,0
1620,0,null,0,0,0
1621,0,null,0,0,0
1622,0,null,0,0,0
1623,0,null,0,0,0
1624,0,null,0,0,0
1625,0,null,0,0,0
1626,0,null,0,0,0
1627,0,null,0,0,0
1628,0,null,0,0,0
1629,0,null,0,0,0
1630,0,null,0,0,0
1631,0,null,0,0,0
1632,0,null,0,0,0
1633,0,null,0,0,0
1634,0,null,0,0,0
1635,0,null,0,0,0
1636,0,null,0,0,0
1637,0,null,0,0,0
1638,0,null,0,0,0
1639,0,null,0,0,0
1640,0,null,0,0,0
1641,0,null,0,0,0
1642,0,null,0,0,0
1643,0,null,0,0,0
1644,0,null,0,0,0
1645,0,null,0,0,0
1646,0,null,0,0,0
1647,0,null,0,0,0
1648,0,null,0,0,0
1649,0,null,0,0,0
1650,0,null,0,0,0
1651,0,null,0,0,0
1652,7,pi-,1,1,1
1653,0,null,0,0,0
1654,0,null,0,0,0
1655,0,null,0,0,0
1656,0,null,0,0,0
1657,0,null,0,0,0
1658,2751,e-,1,0,0
1659,1,primary_proton,1,1,1
1660,0,null,0,0,0
1661,0,null,0,0,0
1662,0,null,0,0,0
1663,0,null,0,0,0
1664,0,null,0,0,0
1665,0,null,0,0,0
1666,0,null,0,0,0
1667,0,null,0,0,0
1668,7,secondary_proton,1,1,1
1669,0,null,0,0,0
1670,0,null,0,0,0
1671,0,null,0,0,0
1672,0,null,0,0,0
1673,0,null,0,0,0
1674,0,null,0,0,0
1675,0,null,0,0,0
1676,0,null,0,0,0
1677,0,null,0,0,0
1678,0,null,0,0,0
1679,0,null,0,0,0
1750,0,null,0,0,0
1751,0,null,0,0,0
1752,0,null,0,0,0
1753,0,null,0,0,0
1754,0,null,0,0,0
1755,0,null,0,0,0
1756,0,null,0,0,0
1757,0,null,0,0,0
1758,0,null,0,0,0
1759,0,null,0,0,0
1760,0,null,0,0,0
1761,0,null,0,0,0
1762,0,null,0,0,0
1763,0,null,0,0,0
1764,0,null,0,0,0
1765,0,null,0,0,0
1766,0,null,0,0,0
1767,0,null,0,0,0
1768,0,null,0,0,0
1769,0,null,0,0,0
1770,0,null,0,0,0
1771,0,null,0,0,0
1772,0,null,0,0,0
1773,0,null,0,0,0
1774,0,null,0,0,0
1775,0,null,0,0,0
1776,0,null,0,0,0
1777,0,null,0,0,0
1778,0,null,0,0,0
1779,0,null,0,0,0
1780,0,null,0,0,0
1781,0,null,0,0,0
1782,0,null,0,0,0
1783,0,null,0,0,0
1784,0,null,0,0,0
1785,0,null,0,0,0
1786,0,null,0,0,0
1787,0,null,0,0,0
1788,0,null,0,0,0
1789,1,primary_proton,1,1,1
1790,0,null,0,0,0
1791,0,null,0,0,0
1792,0,null,0,0,0
1793,0,null,0,0,0
1794,0,null,0,0,0
1795,0,null,0,0,0
1796,0,null,0,0,0
1797,0,null,0,0,0
1798,5,pi+,1,1,0
1799,0,null,0,0,0
1800,0,null,0,0,0
1801,0,null,0,0,0
1802,7,secondary_proton,1,1,1
1803,0,null,0,0,0
1804,0,null,0,0,0
1805,0,null,0,0,0
1806,0,null,0,0,0
1807,0,null,0,0,0
1808,0,null,0,0,0
1809,0,null,0,0,0
1810,0,null,0,0,0
1811,0,null,0,0,0
1812,0,null,0,0,0
1813,0,null,0,0,0
1814,0,null,0,0,0
1815,0,null,0,0,0
1816,0,null,0,0,0
1817,0,null,0,0,0
1818,0,null,0,0,0
1819,0,null,0,0,0
1890,0,null,0,0,0
1891,0,null,0,0,0
1892,0,null,0,0,0
1893,0,null,0,0,0
1894,0,null,0,0,0
1895,0,null,0,0,0
1896,0,null,0,0,0
1897,0,null,0,0,0
1898,0,null,0,0,0
1899,0,null,0,0,0
1900,0,null,0,0,0
1901,0,null,0,0,0
1902,1,primary_proton,1,1,1
1903,0,null,0,0,0
1904,0,null,0,0,0
1905,1674,e-,1,1,1
1906,0,null,0,0,0
1907,0,null,0,0,0
1908,0,null,0,0,0
1909,0,null,0,0,0
1910,0,null,0,0,0
1911,0,null,0,0,0
1912,0,null,0,0,0
1913,0,null,0,0,0
1914,0,null,0,0,0
1915,0,null,0,0,0
1916,0,null,0,0,0
1917,0,null,0,0,0
1918,0,null,0,0,0
1919,0,null,0,0,0
1920,0,null,0,0,0
1921,0,null,0,0,0
1922,0,null,0,0,0
1923,0,null,0,0,0
1924,0,null,0,0,0
1925,0,null,0,0,0
1926,0,null,0,0,0
1927,0,null,0,0,0
1928,0,null,0,0,0
1929,0,null,0,0,0
1930,1812,e-,0,1,0
1931,0,null,0,0,0
1932,0,null,0,0,0
1933,0,null,0,0,0
1934,0,null,0,0,0
1935,0,null,0,0,0
1936,0,null,0,0,0
1937,0,null,0,0,0
1938,0,null,0,0,0
1939,0,null,0,0,0
1940,0,null,0,0,0
1941,0,null,0,0,0
1942,0,null,0,0,0
1943,0,null,0,0,0
1944,0,null,0,0,0
1945,0,null,0,0,0
1946,0,null,0,0,0
1947,0,null,0,0,0
1948,0,null,0,0,0
1949,0,null,0,0,0
1950,10,secondary_proton,1,1,1
1951,0,null,0,0,0
1952,0,null,0,0,0
1953,0,null,0,0,0
1954,0,null,0,0,0
1955,0,null,0,0,0
1956,0,null,0,0,0
1698,0,null,0,0,0
1699,0,null,0,0,0
1700,0,null,0,0,0
1701,0,null,0,0,0
1702,0,null,0,0,0
1703,0,null,0,0,0
1704,0,null,0,0,0
1705,0,null,0,0,0
1706,0,null,0,0,0
1707,0,null,0,0,0
1708,1,primary_proton,1,1,1
1709,0,null,0,0,0
1710,0,null,0,0,0
1711,0,null,0,0,0
1712,0,null,0,0,0
1713,0,null,0,0,0
1714,0,null,0,0,0
1715,0,null,0,0,0
1716,7,secondary_proton,1,1,1
1717,0,null,0,0,0
1718,0,null,0,0,0
1719,0,null,0,0,0
1720,0,null,0,0,0
1721,0,null,0,0,0
1722,1,primary_proton,1,1,1
1723,0,null,0,0,0
1724,0,null,0,0,0
1725,0,null,0,0,0
1726,0,null,0,0,0
1727,0,null,0,0,0
1728,0,null,0,0,0
1729,0,null,0,0,0
1730,0,null,0,0,0
1731,0,null,0,0,0
1732,0,null,0,0,0
1733,0,null,0,0,0
1734,6,pi+,1,1,0
1735,0,null,0,0,0
1736,0,null,0,0,0
1737,0,null,0,0,0
1738,0,null,0,0,0
1739,0,null,0,0,0
1740,1,primary_proton,1,1,1
1741,0,null,0,0,0
1742,0,null,0,0,0
1743,0,null,0,0,0
1744,0,null,0,0,0
1745,0,null,0,0,0
1746,0,null,0,0,0
1747,0,null,0,0,0
1748,0,null,0,0,0
1749,0,null,0,0,0
1820,0,null,0,0,0
1821,0,null,0,0,0
1822,0,null,0,0,0
1823,0,null,0,0,0
1824,0,null,0,0,0
1825,0,null,0,0,0
1826,0,null,0,0,0
1827,0,null,0,0,0
1828,0,null,0,0,0
1829,0,null,0,0,0
1830,0,null,0,0,0
1831,0,null,0,0,0
1832,0,null,0,0,0
1833,0,null,0,0,0
1834,0,null,0,0,0
1835,0,null,0,0,0
1836,0,null,0,0,0
1837,0,null,0,0,0
1838,0,null,0,0,0
1839,0,null,0,0,0
1840,0,null,0,0,0
1841,0,null,0,0,0
1842,0,null,0,0,0
1843,0,null,0,0,0
1844,0,null,0,0,0
1845,0,null,0,0,0
1846,0,null,0,0,0
1847,0,null,0,0,0
1848,0,null,0,0,0
1849,0,null,0,0,0
1850,0,null,0,0,0
1851,0,null,0,0,0
1852,0,null,0,0,0
1853,0,null,0,0,0
1854,0,null,0,0,0
1855,0,null,0,0,0
1856,0,null,0,0,0
1857,688,secondary_proton,1,1,1
1858,0,null,0,0,0
1859,1,primary_proton,1,1,1
1860,0,null,0,0,0
1861,0,null,0,0,0
1862,0,null,0,0,0
1863,0,null,0,0,0
1864,0,null,0,0,0
1865,0,null,0,0,0
1866,0,null,0,0,0
1867,0,null,0,0,0
1868,0,null,0,0,0
1869,0,null,0,0,0
1870,0,null,0,0,0
1871,0,null,0,0,0
1872,0,null,0,0,0
1873,0,null,0,0,0
1874,0,null,0,0,0
1875,0,null,0,0,0
1876,0,null,0,0,0
1877,0,null,0,0,0
1878,0,null,0,0,0
1879,0,null,0,0,0
1880,0,null,0,0,0
1881,0,null,0,0,0
1882,0,null,0,0,0
1883,0,null,0,0,0
1884,0,null,0,0,0
1885,0,null,0,0,0
1886,0,null,0,0,0
1887,0,null,0,0,0
1888,0,null,0,0,0
1889,0,null,0,0,0
1960,0,null,0,0,0
1961,0,null,0,0,0
1962,9,pi-,1,0,1
1963,0,null,0,0,0
1964,0,null,0,0,0
1965,0,null,0,0,0
1966,0,null,0,0,0
1967,0,null,0,0,0
1968,0,null,0,0,0
1969,0,null,0,0,0
1970,0,null,0,0,0
1971,0,null,0,0,0
1972,0,null,0,0,0
1973,0,null,0,0,0
1974,0,null,0,0,0
1975,0,null,0,0,0
1976,0,null,0,0,0
1977,0,null,0,0,0
1978,0,null,0,0,0
1979,0,null,0,0,0
1980,0,null,0,0,0
1981,0,null,0,0,0
1982,0,null,0,0,0
1983,0,null,0,0,0
1984,0,null,0,0,0
1985,0,null,0,0,0
1986,0,null,0,0,0
1987,0,null,0,0,0
1988,3802,pi-,1,1,0
1989,0,null,0,0,0
1990,10,secondary_proton,1,1,1
1991,0,null,0,0,0
1992,0,null,0,0,0
1993,0,null,0,0,0
1994,0,null,0,0,0
1995,0,null,0,0,0
1996,0,null,0,0,0
1997,0,null,0,0,0
1998,0,null,0,0,0
1999,0,null,0,0,0
2000,0,null,0,0,0
2001,0,null,0,0,0
2002,0,null,0,0,0
2003,0,null,0,0,0
2004,0,null,0,0,0
2005,0,null,0,0,0
2006,0,null,0,0,0
2007,0,null,0,0,0
2008,0,null,0,0,0
2009,0,null,0,0,0
2010,0,null,0,0,0
2011,0,null,0,0,0
2012,1,primary_proton,1,1,1
2013,0,null,0,0,0
2014,0,null,0,0,0
2015,0,null,0,0,0
2016,0,null,0,0,0
2017,0,null,0,0,0
2018,0,null,0,0,0
2019,0,null,0,0,0
2020,0,null,0,0,0
2021,0,null,0,0,0
2022,0,null,0,0,0
2023,0,null,0,0,0
2024,0,null,0,0,0
2025,0,null,0,0,0
2026,0,null,0,0,0
2027,0,null,0,0,0
2028,0,null,0,0,0
2029,0,null,0,0,0
2100,0,null,0,0,0
2101,12,pi+,1,1,1
2102,0,null,0,0,0
2103,0,null,0,0,0
2104,0,null,0,0,0
2105,0,null,0,0,0
2106,0,null,0,0,0
2107,0,null,0,0,0
2108,0,null,0,0,0
2109,0,null,0,0,0
2110,0,null,0,0,0
2111,0,null,0,0,0
2112,1,primary_proton,1,1,1
2113,0,null,0,0,0
2114,0,null,0,0,0
2115,1,primary_proton,1,1,1
2116,0,null,0,0,0
2117,0,null,0,0,0
2118,0,null,0,0,0
2119,0,null,0,0,0
2120,0,null,0,0,0
2121,0,null,0,0,0
2122,0,null,0,0,0
2123,0,null,0,0,0
2124,0,null,0,0,0
2125,0,null,0,0,0
2126,0,null,0,0,0
2127,0,null,0,0,0
1958,0,null,0,0,0
1959,0,null,0,0,0
2030,0,null,0,0,0
2031,0,null,0,0,0
2032,0,null,0,0,0
2033,0,null,0,0,0
2034,0,null,0,0,0
2035,0,null,0,0,0
2036,0,null,0,0,0
2037,0,null,0,0,0
2038,0,null,0,0,0
2039,0,null,0,0,0
2040,0,null,0,0,0
2041,0,null,0,0,0
2042,0,null,0,0,0
2043,0,null,0,0,0
2044,0,null,0,0,0
2045,9,secondary_proton,1,1,1
2046,0,null,0,0,0
2047,0,null,0,0,0
2048,0,null,0,0,0
2049,0,null,0,0,0
2050,0,null,0,0,0
2051,0,null,0,0,0
2052,0,null,0,0,0
2053,10,secondary_proton,1,1,1
2054,0,null,0,0,0
2055,10,pi+,1,1,1
2056,0,null,0,0,0
2057,0,null,0,0,0
2058,0,null,0,0,0
2059,0,null,0,0,0
2060,0,null,0,0,0
2061,0,null,0,0,0
2062,0,null,0,0,0
2063,0,null,0,0,0
2064,0,null,0,0,0
2065,0,null,0,0,0
2066,0,null,0,0,0
2067,0,null,0,0,0
2068,0,null,0,0,0
2069,0,null,0,0,0
2070,0,null,0,0,0
2071,0,null,0,0,0
2072,0,null,0,0,0
2073,0,null,0,0,0
2074,0,null,0,0,0
2075,0,null,0,0,0
2076,0,null,0,0,0
2077,0,null,0,0,0
2078,0,null,0,0,0
2079,0,null,0,0,0
2080,0,null,0,0,0
2081,0,null,0,0,0
2082,0,null,0,0,0
2083,5,pi-,1,1,1
2084,0,null,0,0,0
2085,3,pi+,1,1,1
2086,0,null,0,0,0
2087,0,null,0,0,0
2088,0,null,0,0,0
2089,0,null,0,0,0
2090,0,null,0,0,0
2091,0,null,0,0,0
2092,0,null,0,0,0
2093,0,null,0,0,0
2094,0,null,0,0,0
2095,0,null,0,0,0
2096,0,null,0,0,0
2097,0,null,0,0,0
2098,0,null,0,0,0
2099,1,primary_proton,1,1,1
2170,1,primary_proton,1,1,1
2171,0,null,0,0,0
2172,0,null,0,0,0
2173,0,null,0,0,0
2174,0,null,0,0,0
2175,0,null,0,0,0
2176,0,null,0,0,0
2177,0,null,0,0,0
2178,0,null,0,0,0
2179,0,null,0,0,0
2180,0,null,0,0,0
2181,0,null,0,0,0
2182,0,null,0,0,0
2183,0,null,0,0,0
2184,3,secondary_proton,1,1,1
2185,0,null,0,0,0
2186,0,null,0,0,0
2187,0,null,0,0,0
2188,0,null,0,0,0
2189,0,null,0,0,0
2190,0,null,0,0,0
2191,0,null,0,0,0
2192,0,null,0,0,0
2193,1,primary_proton,1,1,1
2194,0,null,0,0,0
2195,0,null,0,0,0
2196,0,null,0,0,0
2197,0,null,0,0,0
2198,1731,secondary_proton,1,1,1
2199,0,null,0,0,0
2200,0,null,0,0,0
2201,0,null,0,0,0
2202,0,null,0,0,0
2203,1,primary_proton,1,1,1
2204,0,null,0,0,0
2205,0,null,0,0,0
2206,0,null,0,0,0
2207,0,null,0,0,0
2208,0,null,0,0,0
2209,0,null,0,0,0
2210,0,null,0,0,0
2211,0,null,0,0,0
2212,0,null,0,0,0
2213,0,null,0,0,0
2214,0,null,0,0,0
2215,1,primary_proton,1,1,1
2216,0,null,0,0,0
2217,0,null,0,0,0
2218,0,null,0,0,0
2219,0,null,0,0,0
2220,0,null,0,0,0
2221,0,null,0,0,0
2222,0,null,0,0,0
2223,0,null,0,0,0
2224,0,null,0,0,0
2225,0,null,0,0,0
2226,0,null,0,0,0
2227,0,null,0,0,0
2228,0,null,0,0,0
2229,0,null,0,0,0
2230,0,null,0,0,0
2231,0,null,0,0,0
2232,0,null,0,0,0
2233,0,null,0,0,0
2234,0,null,0,0,0
2235,0,null,0,0,0
2236,0,null,0,0,0
2237,1,primary_proton,1,1,1
2238,0,null,0,0,0
2239,0,null,0,0,0
2310,0,null,0,0,0
2311,0,null,0,0,0
2312,0,null,0,0,0
2313,71,pi-,1,1,1
2314,0,null,0,0,0
2315,0,null,0,0,0
2316,0,null,0,0,0
2317,0,null,0,0,0
2318,0,null,0,0,0
2319,0,null,0,0,0
2320,0,null,0,0,0
2321,0,null,0,0,0
2322,0,null,0,0,0
2323,0,null,0,0,0
2324,0,null,0,0,0
2325,0,null,0,0,0
2326,0,null,0,0,0
2327,0,null,0,0,0
2328,0,null,0,0,0
2329,0,null,0,0,0
2330,0,null,0,0,0
2331,0,null,0,0,0
2332,0,null,0,0,0
2333,0,null,0,0,0
2334,0,null,0,0,0
2335,0,null,0,0,0
2336,0,null,0,0,0
2337,0,null,0,0,0
2338,0,null,0,0,0
2339,0,null,0,0,0
2340,0,null,0,0,0
2341,0,null,0,0,0
2342,0,null,0,0,0
2343,0,null,0,0,0
2344,0,null,0,0,0
2345,0,null,0,0,0
2346,0,null,0,0,0
2347,0,null,0,0,0
2348,0,null,0,0,0
2349,0,null,0,0,0
2350,0,null,0,0,0
2351,0,null,0,0,0
2352,1,primary_proton,1,1,1
2353,0,null,0,0,0
2354,0,null,0,0,0
2355,0,null,0,0,0
2356,23,pi-,1,1,1
2357,0,null,0,0,0
2358,0,null,0,0,0
2359,0,null,0,0,0
2360,52,secondary_proton,1,1,1
2361,0,null,0,0,0
2362,0,null,0,0,0
2363,0,null,0,0,0
2364,0,null,0,0,0
2365,0,null,0,0,0
2366,0,null,0,0,0
2367,0,null,0,0,0
2368,0,null,0,0,0
2369,0,null,0,0,0
2370,0,null,0,0,0
2371,0,null,0,0,0
2372,0,null,0,0,0
2373,1,primary_proton,1,1,1
2374,0,null,0,0,0
2375,0,null,0,0,0
2376,0,null,0,0,0
2377,0,null,0,0,0
2378,0,null,0,0,0
2379,0,null,0,0,0
2450,0,null,0,0,0
2451,0,null,0,0,0
2452,0,null,0,0,0
2453,0,null,0,0,0
2454,1,primary_proton,1,1,1
2455,0,null,0,0,0
2129,0,null,0,0,0
2130,0,null,0,0,0
2131,0,null,0,0,0
2132,0,null,0,0,0
2133,0,null,0,0,0
2134,0,null,0,0,0
2135,0,null,0,0,0
2136,0,null,0,0,0
2137,0,null,0,0,0
2138,0,null,0,0,0
2139,0,null,0,0,0
2140,0,null,0,0,0
2141,0,null,0,0,0
2142,0,null,0,0,0
2143,0,null,0,0,0
2144,0,null,0,0,0
2145,0,null,0,0,0
2146,0,null,0,0,0
2147,0,null,0,0,0
2148,0,null,0,0,0
2149,0,null,0,0,0
2150,0,null,0,0,0
2151,0,null,0,0,0
2152,0,null,0,0,0
2153,0,null,0,0,0
2154,0,null,0,0,0
2155,0,null,0,0,0
2156,0,null,0,0,0
2157,0,null,0,0,0
2158,0,null,0,0,0
2159,0,null,0,0,0
2160,0,null,0,0,0
2161,0,null,0,0,0
2162,0,null,0,0,0
2163,0,null,0,0,0
2164,0,null,0,0,0
2165,0,null,0,0,0
2166,0,null,0,0,0
2167,15,pi+,1,1,1
2168,0,null,0,0,0
2169,0,null,0,0,0
2240,0,null,0,0,0
2241,0,null,0,0,0
2242,0,null,0,0,0
2243,0,null,0,0,0
2244,0,null,0,0,0
2245,0,null,0,0,0
2246,0,null,0,0,0
2247,0,null,0,0,0
2248,0,null,0,0,0
2249,0,null,0,0,0
2250,0,null,0,0,0
2251,0,null,0,0,0
2252,0,null,0,0,0
2253,0,null,0,0,0
2254,0,null,0,0,0
2255,0,null,0,0,0
2256,0,null,0,0,0
2257,0,null,0,0,0
2258,0,null,0,0,0
2259,0,null,0,0,0
2260,0,null,0,0,0
2261,0,null,0,0,0
2262,0,null,0,0,0
2263,0,null,0,0,0
2264,0,null,0,0,0
2265,0,null,0,0,0
2266,0,null,0,0,0
2267,1,primary_proton,1,1,1
2268,0,null,0,0,0
2269,0,null,0,0,0
2270,0,null,0,0,0
2271,0,null,0,0,0
2272,0,null,0,0,0
2273,0,null,0,0,0
2274,0,null,0,0,0
2275,0,null,0,0,0
2276,4,secondary_proton,1,1,1
2277,0,null,0,0,0
2278,0,null,0,0,0
2279,0,null,0,0,0
2280,14,pi-,1,1,1
2281,3,secondary_proton,1,1,1
2282,0,null,0,0,0
2283,0,null,0,0,0
2284,0,null,0,0,0
2285,0,null,0,0,0
2286,0,null,0,0,0
2287,0,null,0,0,0
2288,0,null,0,0,0
2289,0,null,0,0,0
2290,1,primary_proton,1,1,1
2291,0,null,0,0,0
2292,0,null,0,0,0
2293,0,null,0,0,0
2294,0,null,0,0,0
2295,0,null,0,0,0
2296,0,null,0,0,0
2297,6,pi-,1,1,0
2298,0,null,0,0,0
2299,0,null,0,0,0
2300,0,null,0,0,0
2301,0,null,0,0,0
2302,0,null,0,0,0
2303,1,primary_proton,1,1,1
2304,0,null,0,0,0
2305,0,null,0,0,0
2306,0,null,0,0,0
2307,0,null,0,0,0
2308,0,null,0,0,0
2309,0,null,0,0,0
2380,0,null,0,0,0
2381,0,null,0,0,0
2382,0,null,0,0,0
2383,0,null,0,0,0
2384,0,null,0,0,0
2385,8,pi-,1,1,1
2386,0,null,0,0,0
2387,0,null,0,0,0
2388,0,null,0,0,0
2389,0,null,0,0,0
2390,0,null,0,0,0
2391,0,null,0,0,0
2392,0,null,0,0,0
2393,0,null,0,0,0
2394,0,null,0,0,0
2395,0,null,0,0,0
2396,5,pi-,1,0,0
2397,0,null,0,0,0
2398,0,null,0,0,0
2399,0,null,0,0,0
2400,0,null,0,0,0
2401,0,null,0,0,0
2402,0,null,0,0,0
2403,0,null,0,0,0
2404,0,null,0,0,0
2405,0,null,0,0,0
2406,0,null,0,0,0
2407,0,null,0,0,0
2408,0,null,0,0,0
2409,0,null,0,0,0
2410,1,primary_proton,1,1,1
2411,0,null,0,0,0
2412,0,null,0,0,0
2413,8875,e-,1,0,0
2414,0,null,0,0,0
2415,0,null,0,0,0
2416,0,null,0,0,0
2417,0,null,0,0,0
2418,0,null,0,0,0
2419,0,null,0,0,0
2420,0,null,0,0,0
2421,0,null,0,0,0
2422,0,null,0,0,0
2423,0,null,0,0,0
2424,0,null,0,0,0
2425,0,null,0,0,0
2426,0,null,0,0,0
2427,0,null,0,0,0
2428,1,primary_proton,1,1,1
2429,0,null,0,0,0
2430,0,null,0,0,0
2431,0,null,0,0,0
2432,0,null,0,0,0
2433,0,null,0,0,0
2434,0,null,0,0,0
2435,0,null,0,0,0
2436,0,null,0,0,0
2437,0,null,0,0,0
2438,0,null,0,0,0
2439,0,null,0,0,0
2440,0,null,0,0,0
2441,0,null,0,0,0
2442,0,null,0,0,0
2443,1334,e-,1,0,0
2444,0,null,0,0,0
2445,0,null,0,0,0
2446,0,null,0,0,0
2447,0,null,0,0,0
2448,0,null,0,0,0
2449,0,null,0,0,0
2520,0,null,0,0,0
2521,0,null,0,0,0
2522,0,null,0,0,0
2523,0,null,0,0,0
2524,0,null,0,0,0
2525,0,null,0,0,0
2526,0,null,0,0,0
2527,0,null,0,0,0
2528,0,null,0,0,0
2529,0,null,0,0,0
2530,0,null,0,0,0
2531,0,null,0,0,0
2532,0,null,0,0,0
2533,0,null,0,0,0
2534,0,null,0,0,0
2535,0,null,0,0,0
2536,0,null,0,0,0
2537,0,null,0,0,0
2538,0,null,0,0,0
2539,0,null,0,0,0
2540,0,null,0,0,0
2541,0,null,0,0,0
2542,0,null,0,0,0
2543,0,null,0,0,0
2544,0,null,0,0,0
2545,0,null,0,0,0
2546,1,primary_proton,1,1,1
2547,0,null,0,0,0
2548,0,null,0,0,0
2549,0,null,0,0,0
2550,0,null,0,0,0
2551,0,null,0,0,0
2552,0,null,0,0,0
2553,0,null,0,0,0
2554,8,pi+,1,1,1
2555,0,null,0,0,0
2556,0,null,0,0,0
2557,0,null,0,0,0
2558,0,null,0,0,0
2559,0,null,0,0,0
2560,0,null,0,0,0
2457,0,null,0,0,0
2458,0,null,0,0,0
2459,0,null,0,0,0
2460,0,null,0,0,0
2461,0,null,0,0,0
2462,0,null,0,0,0
2463,0,null,0,0,0
2464,0,null,0,0,0
2465,0,null,0,0,0
2466,0,null,0,0,0
2467,0,null,0,0,0
2468,0,null,0,0,0
2469,0,null,0,0,0
2470,1,primary_proton,1,1,1
2471,0,null,0,0,0
2472,0,null,0,0,0
2473,0,null,0,0,0
2474,0,null,0,0,0
2475,0,null,0,0,0
2476,16,pi+,1,0,0
2477,0,null,0,0,0
2478,0,null,0,0,0
2479,0,null,0,0,0
2480,0,null,0,0,0
2481,0,null,0,0,0
2482,1,primary_proton,1,1,1
2483,0,null,0,0,0
2484,1,primary_proton,1,1,1
2485,0,null,0,0,0
2486,0,null,0,0,0
2487,0,null,0,0,0
2488,0,null,0,0,0
2489,0,null,0,0,0
2490,0,null,0,0,0
2491,0,null,0,0,0
2492,0,null,0,0,0
2493,0,null,0,0,0
2494,0,null,0,0,0
2495,0,null,0,0,0
2496,0,null,0,0,0
2497,0,null,0,0,0
2498,0,null,0,0,0
2499,0,null,0,0,0
2500,0,null,0,0,0
2501,0,null,0,0,0
2502,1,primary_proton,1,1,1
2503,0,null,0,0,0
2504,0,null,0,0,0
2505,0,null,0,0,0
2506,0,null,0,0,0
2507,0,null,0,0,0
2508,0,null,0,0,0
2509,0,null,0,0,0
2510,0,null,0,0,0
2511,0,null,0,0,0
2512,1,primary_proton,1,1,1
2513,0,null,0,0,0
2514,0,null,0,0,0
2515,1,primary_proton,1,1,1
2516,0,null,0,0,0
2517,1,primary_proton,1,1,1
2518,0,null,0,0,0
2519,0,null,0,0,0
2660,0,null,0,0,0
2661,0,null,0,0,0
2662,11,pi+,1,1,1
2663,0,null,0,0,0
2664,0,null,0,0,0
2665,0,null,0,0,0
2666,0,null,0,0,0
2667,0,null,0,0,0
2668,0,null,0,0,0
2669,0,null,0,0,0
2670,0,null,0,0,0
2671,5122,pi+,1,1,1
2672,0,null,0,0,0
2673,0,null,0,0,0
2674,0,null,0,0,0
2675,0,null,0,0,0
2676,0,null,0,0,0
2677,0,null,0,0,0
2678,0,null,0,0,0
2679,0,null,0,0,0
2680,0,null,0,0,0
2681,0,null,0,0,0
2682,0,null,0,0,0
2683,0,null,0,0,0
2684,0,null,0,0,0
2685,0,null,0,0,0
2686,0,null,0,0,0
2687,0,null,0,0,0
2688,0,null,0,0,0
2689,0,null,0,0,0
2690,0,null,0,0,0
2691,0,null,0,0,0
2692,1,primary_proton,1,1,1
2693,0,null,0,0,0
2694,0,null,0,0,0
2695,18,pi-,1,1,0
2696,0,null,0,0,0
2697,0,null,0,0,0
2698,0,null,0,0,0
2699,4,secondary_proton,1,1,1
2700,12,secondary_proton,1,1,0
2701,0,null,0,0,0
2702,0,null,0,0,0
2703,0,null,0,0,0
2704,0,null,0,0,0
2705,0,null,0,0,0
2706,0,null,0,0,0
2707,0,null,0,0,0
2708,0,null,0,0,0
2709,0,null,0,0,0
2710,0,null,0,0,0
2711,0,null,0,0,0
2712,0,null,0,0,0
2713,0,null,0,0,0
2714,0,null,0,0,0
2715,1,primary_proton,1,1,1
2716,0,null,0,0,0
2717,0,null,0,0,0
2718,0,null,0,0,0
2719,0,null,0,0,0
2720,0,null,0,0,0
2721,0,null,0,0,0
2722,0,null,0,0,0
2723,0,null,0,0,0
2724,0,null,0,0,0
2725,0,null,0,0,0
2726,24,pi-,1,1,1
2727,0,null,0,0,0
2728,0,null,0,0,0
2729,0,null,0,0,0
2730,0,null,0,0,0
2731,0,null,0,0,0
2732,0,null,0,0,0
2733,9,secondary_proton,1,1,1
2734,1,primary_proton,1,1,1
2735,0,null,0,0,0
2736,0,null,0,0,0
2737,0,null,0,0,0
2738,0,null,0,0,0
2739,1,primary_proton,1,1,1
2740,0,null,0,0,0
2741,0,null,0,0,0
2742,0,null,0,0,0
2743,0,null,0,0,0
2744,0,null,0,0,0
2745,0,null,0,0,0
2746,0,null,0,0,0
2747,0,null,0,0,0
2748,0,null,0,0,0
2749,0,null,0,0,0
2750,0,null,0,0,0
2751,0,null,0,0,0
2752,0,null,0,0,0
2753,18,pi-,1,1,1
2754,0,null,0,0,0
2755,0,null,0,0,0
2756,0,null,0,0,0
2757,0,null,0,0,0
2758,0,null,0,0,0
2759,0,null,0,0,0
2760,0,null,0,0,0
2761,0,null,0,0,0
2762,0,null,0,0,0
2763,11,pi+,1,1,1
2764,0,null,0,0,0
2765,0,null,0,0,0
2766,0,null,0,0,0
2767,0,null,0,0,0
2768,0,null,0,0,0
2769,8,pi-,1,1,1
2770,0,null,0,0,0
2771,0,null,0,0,0
2772,0,null,0,0,0
2773,0,null,0,0,0
2774,0,null,0,0,0
2775,0,null,0,0,0
2776,1,primary_proton,1,1,1
2777,22,pi-,1,0,1
2778,0,null,0,0,0
2779,0,null,0,0,0
2780,0,null,0,0,0
2781,0,null,0,0,0
2782,0,null,0,0,0
2783,0,null,0,0,0
2784,0,null,0,0,0
2785,0,null,0,0,0
2786,0,null,0,0,0
2787,0,null,0,0,0
2788,0,null,0,0,0
2789,0,null,0,0,0
2790,0,null,0,0,0
2791,0,null,0,0,0
2792,0,null,0,0,0
2793,0,null,0,0,0
2794,8,pi-,1,1,1
2795,0,null,0,0,0
2796,0,null,0,0,0
2797,0,null,0,0,0
2798,0,null,0,0,0
2799,0,null,0,0,0
2870,0,null,0,0,0
2871,1,primary_proton,1,1,1
2872,0,null,0,0,0
2873,0,null,0,0,0
2874,0,null,0,0,0
2875,0,null,0,0,0
2876,0,null,0,0,0
2877,0,null,0,0,0
2878,0,null,0,0,0
2879,0,null,0,0,0
2880,0,null,0,0,0
2881,0,null,0,0,0
2882,7474,e-,1,0,0
2562,0,null,0,0,0
2563,0,null,0,0,0
2564,0,null,0,0,0
2565,0,null,0,0,0
2566,0,null,0,0,0
2567,0,null,0,0,0
2568,0,null,0,0,0
2569,0,null,0,0,0
2570,0,null,0,0,0
2571,0,null,0,0,0
2572,0,null,0,0,0
2573,0,null,0,0,0
2574,0,null,0,0,0
2575,0,null,0,0,0
2576,0,null,0,0,0
2577,0,null,0,0,0
2578,0,null,0,0,0
2579,0,null,0,0,0
2580,0,null,0,0,0
2581,0,null,0,0,0
2582,0,null,0,0,0
2583,0,null,0,0,0
2584,0,null,0,0,0
2585,0,null,0,0,0
2586,15,kaon+,1,0,0
2587,0,null,0,0,0
2588,0,null,0,0,0
2589,0,null,0,0,0
2590,0,null,0,0,0
2591,0,null,0,0,0
2592,0,null,0,0,0
2593,0,null,0,0,0
2594,0,null,0,0,0
2595,0,null,0,0,0
2596,0,null,0,0,0
2597,0,null,0,0,0
2598,0,null,0,0,0
2599,0,null,0,0,0
2600,0,null,0,0,0
2601,0,null,0,0,0
2602,0,null,0,0,0
2603,0,null,0,0,0
2604,0,null,0,0,0
2605,0,null,0,0,0
2606,0,null,0,0,0
2607,0,null,0,0,0
2608,9,pi+,1,1,1
2609,0,null,0,0,0
2610,0,null,0,0,0
2611,0,null,0,0,0
2612,0,null,0,0,0
2613,0,null,0,0,0
2614,0,null,0,0,0
2615,0,null,0,0,0
2616,0,null,0,0,0
2617,0,null,0,0,0
2618,0,null,0,0,0
2619,0,null,0,0,0
2620,0,null,0,0,0
2621,287,e-,1,1,1
2622,0,null,0,0,0
2623,0,null,0,0,0
2624,0,null,0,0,0
2625,1,primary_proton,1,1,1
2626,0,null,0,0,0
2627,0,null,0,0,0
2628,12,pi+,1,0,0
2629,0,null,0,0,0
2630,0,null,0,0,0
2631,0,null,0,0,0
2632,0,null,0,0,0
2633,0,null,0,0,0
2634,0,null,0,0,0
2635,0,null,0,0,0
2636,11,pi-,1,1,1
2637,0,null,0,0,0
2638,0,null,0,0,0
2639,0,null,0,0,0
2640,0,null,0,0,0
2641,0,null,0,0,0
2642,0,null,0,0,0
2643,0,null,0,0,0
2644,0,null,0,0,0
2645,0,null,0,0,0
2646,0,null,0,0,0
2647,0,null,0,0,0
2648,0,null,0,0,0
2649,0,null,0,0,0
2650,0,null,0,0,0
2651,0,null,0,0,0
2652,0,null,0,0,0
2653,0,null,0,0,0
2654,0,null,0,0,0
2655,0,null,0,0,0
2656,0,null,0,0,0
2657,0,null,0,0,0
2658,1,primary_proton,1,1,1
2659,0,null,0,0,0
2800,0,null,0,0,0
2801,0,null,0,0,0
2802,0,null,0,0,0
2803,459,pi+,1,1,1
2804,0,null,0,0,0
2805,0,null,0,0,0
2806,0,null,0,0,0
2807,0,null,0,0,0
2808,0,null,0,0,0
2809,0,null,0,0,0
2810,0,null,0,0,0
2811,0,null,0,0,0
2812,0,null,0,0,0
2813,0,null,0,0,0
2814,0,null,0,0,0
2815,0,null,0,0,0
2816,0,null,0,0,0
2817,0,null,0,0,0
2818,0,null,0,0,0
2819,0,null,0,0,0
2820,0,null,0,0,0
2821,0,null,0,0,0
2822,0,null,0,0,0
2823,1,primary_proton,1,1,1
2824,0,null,0,0,0
2825,0,null,0,0,0
2826,0,null,0,0,0
2827,0,null,0,0,0
2828,0,null,0,0,0
2829,0,null,0,0,0
2830,0,null,0,0,0
2831,0,null,0,0,0
2832,0,null,0,0,0
2833,0,null,0,0,0
2834,0,null,0,0,0
2835,0,null,0,0,0
2836,0,null,0,0,0
2837,8,pi+,1,1,1
2838,2,secondary_proton,1,1,1
2839,1,primary_proton,1,1,1
2840,0,null,0,0,0
2841,0,null,0,0,0
2842,0,null,0,0,0
2843,0,null,0,0,0
2844,1,primary_proton,1,1,1
2845,0,null,0,0,0
2846,0,null,0,0,0
2847,0,null,0,0,0
2848,0,null,0,0,0
2849,0,null,0,0,0
2850,0,null,0,0,0
2851,0,null,0,0,0
2852,0,null,0,0,0
2853,0,null,0,0,0
2854,0,null,0,0,0
2855,0,null,0,0,0
2856,0,null,0,0,0
2857,0,null,0,0,0
2858,0,null,0,0,0
2859,0,null,0,0,0
2860,0,null,0,0,0
2861,0,null,0,0,0
2862,0,null,0,0,0
2863,0,null,0,0,0
2864,0,null,0,0,0
2865,0,null,0,0,0
2866,1,primary_proton,1,1,1
2867,0,null,0,0,0
2868,0,null,0,0,0
2869,0,null,0,0,0
2940,0,null,0,0,0
2941,0,null,0,0,0
2942,0,null,0,0,0
2943,0,null,0,0,0
2944,0,null,0,0,0
2945,0,null,0,0,0
2946,0,null,0,0,0
2947,0,null,0,0,0
2948,0,null,0,0,0
2949,0,null,0,0,0
2950,0,null,0,0,0
2951,0,null,0,0,0
2952,0,null,0,0,0
2953,0,null,0,0,0
2954,0,null,0,0,0
2955,0,null,0,0,0
2956,0,null,0,0,0
2957,0,null,0,0,0
2958,0,null,0,0,0
2959,0,null,0,0,0
2960,0,null,0,0,0
2961,0,null,0,0,0
2962,0,null,0,0,0
2963,0,null,0,0,0
2964,0,null,0,0,0
2965,0,null,0,0,0
2966,0,null,0,0,0
2967,0,null,0,0,0
2968,0,null,0,0,0
2969,0,null,0,0,0
2970,0,null,0,0,0
2971,0,null,0,0,0
2972,0,null,0,0,0
2973,0,null,0,0,0
2974,0,null,0,0,0
2975,16,secondary_proton,1,0,1
2976,0,null,0,0,0
2977,0,null,0,0,0
2978,0,null,0,0,0
2979,0,null,0,0,0
2980,0,null,0,0,0
2981,0,null,0,0,0
2982,0,null,0,0,0
2983,0,null,0,0,0
2984,0,null,0,0,0
2985,0,null,0,0,0
2986,0,null,0,0,0
2987,0,null,0,0,0
2988,0,null,0,0,0
2989,0,null,0,0,0
2990,0,null,0,0,0
2991,0,null,0,0,0
2992,3523,e-,0,1,1
2993,0,null,0,0,0
2884,0,null,0,0,0
2885,0,null,0,0,0
2886,0,null,0,0,0
2887,0,null,0,0,0
2888,0,null,0,0,0
2889,0,null,0,0,0
2890,0,null,0,0,0
2891,0,null,0,0,0
2892,0,null,0,0,0
2893,0,null,0,0,0
2894,0,null,0,0,0
2895,0,null,0,0,0
2896,0,null,0,0,0
2897,0,null,0,0,0
2898,1,primary_proton,1,1,1
2899,0,null,0,0,0
2900,0,null,0,0,0
2901,0,null,0,0,0
2902,12,pi+,1,1,1
2903,0,null,0,0,0
2904,0,null,0,0,0
2905,0,null,0,0,0
2906,0,null,0,0,0
2907,10,secondary_proton,1,1,1
2908,0,null,0,0,0
2909,0,null,0,0,0
2910,0,null,0,0,0
2911,0,null,0,0,0
2912,0,null,0,0,0
2913,18,pi+,1,1,1
2914,0,null,0,0,0
2915,0,null,0,0,0
2916,0,null,0,0,0
2917,0,null,0,0,0
2918,0,null,0,0,0
2919,0,null,0,0,0
2920,0,null,0,0,0
2921,0,null,0,0,0
2922,0,null,0,0,0
2923,0,null,0,0,0
2924,0,null,0,0,0
2925,10,pi+,1,1,1
2926,0,null,0,0,0
2927,0,null,0,0,0
2928,0,null,0,0,0
2929,0,null,0,0,0
2930,0,null,0,0,0
2931,0,null,0,0,0
2932,0,null,0,0,0
2933,0,null,0,0,0
2934,0,null,0,0,0
2935,0,null,0,0,0
2936,0,null,0,0,0
2937,0,null,0,0,0
2938,0,null,0,0,0
2939,1,primary_proton,1,1,1
3150,0,null,0,0,0
3151,0,null,0,0,0
3152,0,null,0,0,0
3153,0,null,0,0,0
3154,0,null,0,0,0
3155,0,null,0,0,0
3156,14,pi-,1,1,1
3157,0,null,0,0,0
3158,0,null,0,0,0
3159,0,null,0,0,0
3160,0,null,0,0,0
3161,0,null,0,0,0
3162,0,null,0,0,0
3163,0,null,0,0,0
3164,0,null,0,0,0
3165,0,null,0,0,0
3166,0,null,0,0,0
3167,0,null,0,0,0
3168,0,null,0,0,0
3169,0,null,0,0,0
3170,0,null,0,0,0
3171,0,null,0,0,0
3172,0,null,0,0,0
3173,0,null,0,0,0
3174,0,null,0,0,0
3175,0,null,0,0,0
3176,0,null,0,0,0
3177,0,null,0,0,0
3178,0,null,0,0,0
3179,0,null,0,0,0
3180,0,null,0,0,0
3181,0,null,0,0,0
3182,0,null,0,0,0
3183,0,null,0,0,0
3184,0,null,0,0,0
3185,0,null,0,0,0
3186,0,null,0,0,0
3187,0,null,0,0,0
3188,0,null,0,0,0
3189,0,null,0,0,0
3190,0,null,0,0,0
3191,0,null,0,0,0
3192,0,null,0,0,0
3193,0,null,0,0,0
3194,0,null,0,0,0
3195,0,null,0,0,0
3196,0,null,0,0,0
3197,0,null,0,0,0
3198,0,null,0,0,0
3199,0,null,0,0,0
3200,0,null,0,0,0
3201,18,pi+,1,1,0
3202,0,null,0,0,0
3203,0,null,0,0,0
3204,0,null,0,0,0
3205,0,null,0,0,0
3206,0,null,0,0,0
3207,0,null,0,0,0
3208,0,null,0,0,0
3209,0,null,0,0,0
3210,0,null,0,0,0
3211,20,secondary_proton,1,0,0
3212,0,null,0,0,0
3213,0,null,0,0,0
3214,0,null,0,0,0
3215,0,null,0,0,0
3216,0,null,0,0,0
3217,0,null,0,0,0
3218,0,null,0,0,0
3219,0,null,0,0,0
3290,0,null,0,0,0
3291,0,null,0,0,0
3292,0,null,0,0,0
3293,0,null,0,0,0
3294,0,null,0,0,0
3295,0,null,0,0,0
3296,0,null,0,0,0
3297,0,null,0,0,0
3298,0,null,0,0,0
3299,0,null,0,0,0
3300,0,null,0,0,0
3301,0,null,0,0,0
3302,0,null,0,0,0
3303,0,null,0,0,0
3304,0,null,0,0,0
3305,0,null,0,0,0
3306,0,null,0,0,0
3307,0,null,0,0,0
3308,0,null,0,0,0
3309,0,null,0,0,0
3310,0,null,0,0,0
3311,0,null,0,0,0
3312,0,null,0,0,0
3313,0,null,0,0,0
3314,0,null,0,0,0
3315,0,null,0,0,0
3316,0,null,0,0,0
3317,0,null,0,0,0
3318,0,null,0,0,0
3319,0,null,0,0,0
3320,0,null,0,0,0
3321,1,primary_proton,1,1,1
3322,0,null,0,0,0
3323,0,null,0,0,0
3324,0,null,0,0,0
3325,0,null,0,0,0
3326,1,primary_proton,1,1,1
3327,0,null,0,0,0
3328,0,null,0,0,0
3329,0,null,0,0,0
3330,0,null,0,0,0
3331,0,null,0,0,0
3332,0,null,0,0,0
3333,0,null,0,0,0
3334,0,null,0,0,0
3335,0,null,0,0,0
3336,0,null,0,0,0
3337,0,null,0,0,0
3338,0,null,0,0,0
3339,0,null,0,0,0
3340,0,null,0,0,0
3341,0,null,0,0,0
3342,0,null,0,0,0
3343,0,null,0,0,0
3344,0,null,0,0,0
3345,0,null,0,0,0
3346,0,null,0,0,0
3347,0,null,0,0,0
3348,0,null,0,0,0
3349,0,null,0,0,0
3350,0,null,0,0,0
3351,0,null,0,0,0
3352,0,null,0,0,0
3353,0,null,0,0,0
3354,375,mu+,1,1,1
3355,0,null,0,0,0
3356,0,null,0,0,0
3357,0,null,0,0,0
3358,0,null,0,0,0
3359,0,null,0,0,0
3360,0,null,0,0,0
3361,0,null,0,0,0
3362,0,null,0,0,0
3363,0,null,0,0,0
3364,0,null,0,0,0
3365,0,null,0,0,0
3366,0,null,0,0,0
3367,0,null,0,0,0
3368,0,null,0,0,0
3369,0,null,0,0,0
3370,0,null,0,0,0
3371,0,null,0,0,0
3372,0,null,0,0,0
3373,0,null,0,0,0
3374,0,null,0,0,0
3375,0,null,0,0,0
3376,0,null,0,0,0
3377,0,null,0,0,0
3378,0,null,0,0,0
3379,0,null,0,0,0
3380,0,null,0,0,0
3381,0,null,0,0,0
3382,0,null,0,0,0
3383,0,null,0,0,0
3384,0,null,0,0,0
3385,0,null,0,0,0
3386,0,null,0,0,0
2995,0,null,0,0,0
2996,0,null,0,0,0
2997,0,null,0,0,0
2998,0,null,0,0,0
2999,0,null,0,0,0
3000,0,null,0,0,0
3001,0,null,0,0,0
3002,0,null,0,0,0
3003,0,null,0,0,0
3004,0,null,0,0,0
3005,0,null,0,0,0
3006,0,null,0,0,0
3007,0,null,0,0,0
3008,0,null,0,0,0
3009,0,null,0,0,0
3010,0,null,0,0,0
3011,0,null,0,0,0
3012,0,null,0,0,0
3013,0,null,0,0,0
3014,0,null,0,0,0
3015,0,null,0,0,0
3016,0,null,0,0,0
3017,0,null,0,0,0
3018,0,null,0,0,0
3019,0,null,0,0,0
3020,0,null,0,0,0
3021,0,null,0,0,0
3022,0,null,0,0,0
3023,0,null,0,0,0
3024,0,null,0,0,0
3025,0,null,0,0,0
3026,0,null,0,0,0
3027,0,null,0,0,0
3028,0,null,0,0,0
3029,0,null,0,0,0
3030,0,null,0,0,0
3031,0,null,0,0,0
3032,0,null,0,0,0
3033,0,null,0,0,0
3034,1,primary_proton,1,1,1
3035,0,null,0,0,0
3036,0,null,0,0,0
3037,0,null,0,0,0
3038,0,null,0,0,0
3039,0,null,0,0,0
3040,0,null,0,0,0
3041,0,null,0,0,0
3042,0,null,0,0,0
3043,0,null,0,0,0
3044,0,null,0,0,0
3045,0,null,0,0,0
3046,0,null,0,0,0
3047,0,null,0,0,0
3048,0,null,0,0,0
3049,0,null,0,0,0
3050,0,null,0,0,0
3051,0,null,0,0,0
3052,0,null,0,0,0
3053,0,null,0,0,0
3054,0,null,0,0,0
3055,0,null,0,0,0
3056,0,null,0,0,0
3057,0,null,0,0,0
3058,0,null,0,0,0
3059,0,null,0,0,0
3060,0,null,0,0,0
3061,0,null,0,0,0
3062,0,null,0,0,0
3063,0,null,0,0,0
3064,24,pi-,1,1,1
3065,0,null,0,0,0
3066,0,null,0,0,0
3067,0,null,0,0,0
3068,0,null,0,0,0
3069,0,null,0,0,0
3070,0,null,0,0,0
3071,0,null,0,0,0
3072,0,null,0,0,0
3073,0,null,0,0,0
3074,0,null,0,0,0
3075,0,null,0,0,0
3076,0,null,0,0,0
3077,0,null,0,0,0
3078,0,null,0,0,0
3079,0,null,0,0,0
3080,0,null,0,0,0
3081,0,null,0,0,0
3082,0,null,0,0,0
3083,0,null,0,0,0
3084,0,null,0,0,0
3085,0,null,0,0,0
3086,0,null,0,0,0
3087,0,null,0,0,0
3088,0,null,0,0,0
3089,0,null,0,0,0
3090,0,null,0,0,0
3091,0,null,0,0,0
3092,0,null,0,0,0
3093,0,null,0,0,0
3094,0,null,0,0,0
3095,0,null,0,0,0
3096,0,null,0,0,0
3097,0,null,0,0,0
3098,0,null,0,0,0
3099,0,null,0,0,0
3100,0,null,0,0,0
3101,0,null,0,0,0
3102,0,null,0,0,0
3103,0,null,0,0,0
3104,0,null,0,0,0
3105,0,null,0,0,0
3106,0,null,0,0,0
3107,0,null,0,0,0
3108,0,null,0,0,0
3109,0,null,0,0,0
3110,0,null,0,0,0
3111,0,null,0,0,0
3112,0,null,0,0,0
3113,293,secondary_proton,1,1,1
3114,0,null,0,0,0
3115,0,null,0,0,0
3116,16,secondary_proton,1,1,1
3117,0,null,0,0,0
3118,0,null,0,0,0
3119,0,null,0,0,0
3120,0,null,0,0,0
3121,0,null,0,0,0
3122,0,null,0,0,0
3123,0,null,0,0,0
3124,0,null,0,0,0
3125,1,primary_proton,1,1,1
3126,0,null,0,0,0
3127,0,null,0,0,0
3128,1,primary_proton,1,1,1
3129,0,null,0,0,0
3130,0,null,0,0,0
3131,0,null,0,0,0
3132,0,null,0,0,0
3133,0,null,0,0,0
3134,0,null,0,0,0
3135,0,null,0,0,0
3136,0,null,0,0,0
3137,0,null,0,0,0
3138,58,e+,1,1,1
3139,0,null,0,0,0
3140,0,null,0,0,0
3141,0,null,0,0,0
3142,0,null,0,0,0
3143,0,null,0,0,0
3144,0,null,0,0,0
3145,0,null,0,0,0
3146,0,null,0,0,0
3147,0,null,0,0,0
3148,11,pi-,1,1,1
3149,0,null,0,0,0
3220,0,null,0,0,0
3221,0,null,0,0,0
3222,0,null,0,0,0
3223,0,null,0,0,0
3224,0,null,0,0,0
3225,3840,pi-,1,1,0
3226,0,null,0,0,0
3227,0,null,0,0,0
3228,0,null,0,0,0
3229,842,pi-,1,1,1
3230,0,null,0,0,0
3231,0,null,0,0,0
3232,0,null,0,0,0
3233,0,null,0,0,0
3234,0,null,0,0,0
3235,0,null,0,0,0
3236,0,null,0,0,0
3237,0,null,0,0,0
3238,0,null,0,0,0
3239,0,null,0,0,0
3240,1,primary_proton,1,1,1
3241,0,null,0,0,0
3242,0,null,0,0,0
3243,0,null,0,0,0
3244,0,null,0,0,0
3245,0,null,0,0,0
3246,0,null,0,0,0
3247,0,null,0,0,0
3248,0,null,0,0,0
3249,0,null,0,0,0
3250,0,null,0,0,0
3251,0,null,0,0,0
3252,0,null,0,0,0
3253,0,null,0,0,0
3254,0,null,0,0,0
3255,0,null,0,0,0
3256,0,null,0,0,0
3257,0,null,0,0,0
3258,11,secondary_proton,1,1,1
3259,0,null,0,0,0
3260,0,null,0,0,0
3261,0,null,0,0,0
3262,0,null,0,0,0
3263,0,null,0,0,0
3264,0,null,0,0,0
3265,0,null,0,0,0
3266,0,null,0,0,0
3267,0,null,0,0,0
3268,0,null,0,0,0
3269,0,null,0,0,0
3270,0,null,0,0,0
3271,0,null,0,0,0
3272,36,pi+,1,1,1
3273,0,null,0,0,0
3274,0,null,0,0,0
3275,0,null,0,0,0
3276,0,null,0,0,0
3277,0,null,0,0,0
3278,0,null,0,0,0
3279,5238,pi+,1,0,0
3280,0,null,0,0,0
3281,0,null,0,0,0
3282,0,null,0,0,0
3283,0,null,0,0,0
3284,0,null,0,0,0
3285,0,null,0,0,0
3388,0,null,0,0,0
3389,0,null,0,0,0
3390,0,null,0,0,0
3391,0,null,0,0,0
3392,0,null,0,0,0
3393,0,null,0,0,0
3394,0,null,0,0,0
3395,0,null,0,0,0
3396,0,null,0,0,0
3397,1,primary_proton,1,1,1
3398,0,null,0,0,0
3399,0,null,0,0,0
3400,0,null,0,0,0
3401,0,null,0,0,0
3402,0,null,0,0,0
3403,0,null,0,0,0
3404,0,null,0,0,0
3405,0,null,0,0,0
3406,0,null,0,0,0
3407,0,null,0,0,0
3408,0,null,0,0,0
3409,0,null,0,0,0
3410,0,null,0,0,0
3411,0,null,0,0,0
3412,7,pi-,1,1,1
3413,0,null,0,0,0
3414,0,null,0,0,0
3415,0,null,0,0,0
3416,0,null,0,0,0
3417,0,null,0,0,0
3418,0,null,0,0,0
3419,0,null,0,0,0
3420,0,null,0,0,0
3421,0,null,0,0,0
3422,0,null,0,0,0
3423,0,null,0,0,0
3424,0,null,0,0,0
3425,0,null,0,0,0
3426,0,null,0,0,0
3427,0,null,0,0,0
3428,0,null,0,0,0
3429,0,null,0,0,0
3500,0,null,0,0,0
3501,0,null,0,0,0
3502,0,null,0,0,0
3503,0,null,0,0,0
3504,0,null,0,0,0
3505,0,null,0,0,0
3506,0,null,0,0,0
3507,0,null,0,0,0
3508,0,null,0,0,0
3509,0,null,0,0,0
3510,0,null,0,0,0
3511,0,null,0,0,0
3512,0,null,0,0,0
3513,2,pi-,1,1,1
3514,0,null,0,0,0
3515,0,null,0,0,0
3516,0,null,0,0,0
3517,0,null,0,0,0
3518,0,null,0,0,0
3519,0,null,0,0,0
3520,10,pi+,1,1,1
3521,0,null,0,0,0
3522,0,null,0,0,0
3523,0,null,0,0,0
3524,0,null,0,0,0
3525,0,null,0,0,0
3526,0,null,0,0,0
3527,0,null,0,0,0
3528,0,null,0,0,0
3529,0,null,0,0,0
3530,0,null,0,0,0
3531,15,pi+,1,1,1
3532,0,null,0,0,0
3533,21,pi+,1,1,1
3534,0,null,0,0,0
3535,0,null,0,0,0
3536,0,null,0,0,0
3537,0,null,0,0,0
3538,9514,e-,0,0,1
3539,0,null,0,0,0
3540,0,null,0,0,0
3541,0,null,0,0,0
3542,0,null,0,0,0
3543,0,null,0,0,0
3544,0,null,0,0,0
3545,0,null,0,0,0
3546,0,null,0,0,0
3547,0,null,0,0,0
3548,0,null,0,0,0
3549,0,null,0,0,0
3550,0,null,0,0,0
3551,0,null,0,0,0
3552,0,null,0,0,0
3553,0,null,0,0,0
3554,0,null,0,0,0
3555,0,null,0,0,0
3556,0,null,0,0,0
3557,1,primary_proton,1,1,1
3558,0,null,0,0,0
3559,0,null,0,0,0
3560,0,null,0,0,0
3561,0,null,0,0,0
3562,0,null,0,0,0
3563,0,null,0,0,0
3564,0,null,0,0,0
3565,0,null,0,0,0
3566,0,null,0,0,0
3567,0,null,0,0,0
3568,0,null,0,0,0
3569,0,null,0,0,0
3570,0,null,0,0,0
3571,0,null,0,0,0
3572,0,null,0,0,0
3573,0,null,0,0,0
3574,0,null,0,0,0
3575,0,null,0,0,0
3576,0,null,0,0,0
3577,0,null,0,0,0
3578,0,null,0,0,0
3579,0,null,0,0,0
3580,0,null,0,0,0
3581,591,e-,1,1,0
3582,0,null,0,0,0
3583,0,null,0,0,0
3584,0,null,0,0,0
3585,0,null,0,0,0
3586,0,null,0,0,0
3587,0,null,0,0,0
3588,0,null,0,0,0
3589,0,null,0,0,0
3590,0,null,0,0,0
3591,0,null,0,0,0
3592,0,null,0,0,0
3593,0,null,0,0,0
3594,0,null,0,0,0
3595,0,null,0,0,0
3596,0,null,0,0,0
3597,0,null,0,0,0
3598,0,null,0,0,0
3599,0,null,0,0,0
3600,0,null,0,0,0
3601,1,primary_proton,1,1,1
3602,0,null,0,0,0
3603,4,pi-,1,1,0
3604,0,null,0,0,0
3605,0,null,0,0,0
3606,0,null,0,0,0
3607,0,null,0,0,0
3608,0,null,0,0,0
3609,0,null,0,0,0
3610,0,null,0,0,0
3611,0,null,0,0,0
3612,0,null,0,0,0
3613,0,null,0,0,0
3614,0,null,0,0,0
3615,0,null,0,0,0
3616,0,null,0,0,0
3617,0,null,0,0,0
3618,2,secondary_proton,1,1,1
3619,0,null,0,0,0
3620,0,null,0,0,0
3621,0,null,0,0,0
3622,0,null,0,0,0
3623,0,null,0,0,0
3624,0,null,0,0,0
3625,1,primary_proton,1,1,1
3626,0,null,0,0,0
3627,0,null,0,0,0
3628,0,null,0,0,0
3629,0,null,0,0,0
3630,0,null,0,0,0
3631,0,null,0,0,0
3632,0,null,0,0,0
3633,0,null,0,0,0
3634,0,null,0,0,0
3635,1,primary_proton,1,1,1
3636,0,null,0,0,0
3637,0,null,0,0,0
3638,0,null,0,0,0
3639,0,null,0,0,0
3640,0,null,0,0,0
3641,0,null,0,0,0
3642,0,null,0,0,0
3643,0,null,0,0,0
3644,0,null,0,0,0
3645,0,null,0,0,0
3646,0,null,0,0,0
3647,1,primary_proton,1,1,1
3648,0,null,0,0,0
3649,0,null,0,0,0
3650,0,null,0,0,0
3651,0,null,0,0,0
3652,0,null,0,0,0
3653,0,null,0,0,0
3654,0,null,0,0,0
3655,0,null,0,0,0
3656,0,null,0,0,0
3657,0,null,0,0,0
3658,0,null,0,0,0
3659,0,null,0,0,0
3660,0,null,0,0,0
3661,0,null,0,0,0
3662,0,null,0,0,0
3663,7,pi-,1,1,1
3664,0,null,0,0,0
3665,0,null,0,0,0
3666,0,null,0,0,0
3667,0,null,0,0,0
3668,0,null,0,0,0
3669,0,null,0,0,0
3670,0,null,0,0,0
3671,0,null,0,0,0
3672,0,null,0,0,0
3673,0,null,0,0,0
3674,0,null,0,0,0
3675,0,null,0,0,0
3676,0,null,0,0,0
3677,0,null,0,0,0
3678,0,null,0,0,0
3679,0,null,0,0,0
3680,0,null,0,0,0
3287,0,null,0,0,0
3288,0,null,0,0,0
3289,0,null,0,0,0
3430,0,null,0,0,0
3431,0,null,0,0,0
3432,0,null,0,0,0
3433,0,null,0,0,0
3434,0,null,0,0,0
3435,0,null,0,0,0
3436,0,null,0,0,0
3437,0,null,0,0,0
3438,0,null,0,0,0
3439,0,null,0,0,0
3440,0,null,0,0,0
3441,0,null,0,0,0
3442,0,null,0,0,0
3443,0,null,0,0,0
3444,0,null,0,0,0
3445,0,null,0,0,0
3446,5,pi+,1,1,1
3447,0,null,0,0,0
3448,0,null,0,0,0
3449,0,null,0,0,0
3450,0,null,0,0,0
3451,0,null,0,0,0
3452,0,null,0,0,0
3453,787,pi+,1,1,1
3454,0,null,0,0,0
3455,0,null,0,0,0
3456,0,null,0,0,0
3457,306,e-,1,1,1
3458,0,null,0,0,0
3459,0,null,0,0,0
3460,0,null,0,0,0
3461,0,null,0,0,0
3462,0,null,0,0,0
3463,0,null,0,0,0
3464,0,null,0,0,0
3465,0,null,0,0,0
3466,0,null,0,0,0
3467,0,null,0,0,0
3468,0,null,0,0,0
3469,0,null,0,0,0
3470,0,null,0,0,0
3471,0,null,0,0,0
3472,11,pi+,1,1,1
3473,0,null,0,0,0
3474,0,null,0,0,0
3475,0,null,0,0,0
3476,0,null,0,0,0
3477,0,null,0,0,0
3478,0,null,0,0,0
3479,0,null,0,0,0
3480,0,null,0,0,0
3481,1433,e-,1,1,1
3482,0,null,0,0,0
3483,0,null,0,0,0
3484,0,null,0,0,0
3485,0,null,0,0,0
3486,0,null,0,0,0
3487,0,null,0,0,0
3488,0,null,0,0,0
3489,0,null,0,0,0
3490,0,null,0,0,0
3491,0,null,0,0,0
3492,0,null,0,0,0
3493,18,pi+,1,1,1
3494,0,null,0,0,0
3495,0,null,0,0,0
3496,0,null,0,0,0
3497,0,null,0,0,0
3498,0,null,0,0,0
3499,0,null,0,0,0
3710,0,null,0,0,0
3711,0,null,0,0,0
3712,0,null,0,0,0
3713,0,null,0,0,0
3714,0,null,0,0,0
3715,0,null,0,0,0
3716,1,primary_proton,1,1,1
3717,0,null,0,0,0
3718,0,null,0,0,0
3719,0,null,0,0,0
3720,0,null,0,0,0
3721,0,null,0,0,0
3722,0,null,0,0,0
3723,0,null,0,0,0
3724,0,null,0,0,0
3725,0,null,0,0,0
3726,0,null,0,0,0
3727,0,null,0,0,0
3728,0,null,0,0,0
3729,0,null,0,0,0
3730,0,null,0,0,0
3731,0,null,0,0,0
3732,0,null,0,0,0
3733,0,null,0,0,0
3734,0,null,0,0,0
3735,0,null,0,0,0
3736,0,null,0,0,0
3737,0,null,0,0,0
3738,0,null,0,0,0
3739,0,null,0,0,0
3740,18,pi-,1,1,1
3741,0,null,0,0,0
3742,0,null,0,0,0
3743,0,null,0,0,0
3744,1,primary_proton,1,1,1
3745,0,null,0,0,0
3746,0,null,0,0,0
3747,0,null,0,0,0
3748,0,null,0,0,0
3749,0,null,0,0,0
3750,6,secondary_proton,1,1,1
3751,0,null,0,0,0
3752,0,null,0,0,0
3753,0,null,0,0,0
3754,10,pi-,1,1,0
3755,7,secondary_proton,1,1,1
3756,0,null,0,0,0
3757,0,null,0,0,0
3758,0,null,0,0,0
3759,0,null,0,0,0
3760,0,null,0,0,0
3761,7,secondary_proton,1,1,1
3762,0,null,0,0,0
3763,0,null,0,0,0
3764,0,null,0,0,0
3765,0,null,0,0,0
3766,0,null,0,0,0
3767,0,null,0,0,0
3768,0,null,0,0,0
3769,16,pi-,1,1,0
3770,0,null,0,0,0
3771,0,null,0,0,0
3772,0,null,0,0,0
3773,0,null,0,0,0
3774,0,null,0,0,0
3775,0,null,0,0,0
3776,0,null,0,0,0
3777,0,null,0,0,0
3778,0,null,0,0,0
3779,0,null,0,0,0
3920,0,null,0,0,0
3921,0,null,0,0,0
3922,0,null,0,0,0
3923,0,null,0,0,0
3924,0,null,0,0,0
3925,0,null,0,0,0
3926,0,null,0,0,0
3927,0,null,0,0,0
3928,0,null,0,0,0
3929,0,null,0,0,0
3930,0,null,0,0,0
3931,0,null,0,0,0
3932,0,null,0,0,0
3933,0,null,0,0,0
3934,0,null,0,0,0
3935,2,secondary_proton,1,1,1
3936,0,null,0,0,0
3937,0,null,0,0,0
3938,1,primary_proton,1,1,1
3939,0,null,0,0,0
3940,0,null,0,0,0
3941,0,null,0,0,0
3942,0,null,0,0,0
3943,0,null,0,0,0
3944,0,null,0,0,0
3945,5,pi+,1,1,1
3946,0,null,0,0,0
3947,0,null,0,0,0
3948,0,null,0,0,0
3949,0,null,0,0,0
3950,0,null,0,0,0
3951,0,null,0,0,0
3952,0,null,0,0,0
3953,9,pi+,1,1,1
3954,0,null,0,0,0
3955,0,null,0,0,0
3956,0,null,0,0,0
3957,0,null,0,0,0
3958,0,null,0,0,0
3959,749,e-,1,0,1
3960,0,null,0,0,0
3961,0,null,0,0,0
3962,0,null,0,0,0
3963,0,null,0,0,0
3964,0,null,0,0,0
3965,0,null,0,0,0
3966,0,null,0,0,0
3967,0,null,0,0,0
3968,0,null,0,0,0
3969,0,null,0,0,0
3970,0,null,0,0,0
3971,0,null,0,0,0
3972,13,secondary_proton,1,1,1
3973,0,null,0,0,0
3974,0,null,0,0,0
3975,0,null,0,0,0
3976,0,null,0,0,0
3977,0,null,0,0,0
3978,0,null,0,0,0
3979,0,null,0,0,0
3980,0,null,0,0,0
3981,0,null,0,0,0
3982,0,null,0,0,0
3983,0,null,0,0,0
3984,0,null,0,0,0
3985,0,null,0,0,0
3986,0,null,0,0,0
3987,0,null,0,0,0
3988,0,null,0,0,0
3989,0,null,0,0,0
3990,0,null,0,0,0
3991,0,null,0,0,0
3992,0,null,0,0,0
3993,0,null,0,0,0
3994,0,null,0,0,0
3995,0,null,0,0,0
3996,0,null,0,0,0
3997,0,null,0,0,0
3682,0,null,0,0,0
3683,0,null,0,0,0
3684,0,null,0,0,0
3685,0,null,0,0,0
3686,0,null,0,0,0
3687,0,null,0,0,0
3688,0,null,0,0,0
3689,0,null,0,0,0
3690,0,null,0,0,0
3691,0,null,0,0,0
3692,0,null,0,0,0
3693,0,null,0,0,0
3694,0,null,0,0,0
3695,9,secondary_proton,1,1,1
3696,0,null,0,0,0
3697,0,null,0,0,0
3698,0,null,0,0,0
3699,0,null,0,0,0
3700,0,null,0,0,0
3701,0,null,0,0,0
3702,0,null,0,0,0
3703,0,null,0,0,0
3704,0,null,0,0,0
3705,0,null,0,0,0
3706,0,null,0,0,0
3707,0,null,0,0,0
3708,0,null,0,0,0
3709,0,null,0,0,0
3780,0,null,0,0,0
3781,0,null,0,0,0
3782,0,null,0,0,0
3783,0,null,0,0,0
3784,0,null,0,0,0
3785,0,null,0,0,0
3786,0,null,0,0,0
3787,0,null,0,0,0
3788,0,null,0,0,0
3789,1,primary_proton,1,1,1
3790,1,primary_proton,1,1,1
3791,0,null,0,0,0
3792,0,null,0,0,0
3793,0,null,0,0,0
3794,0,null,0,0,0
3795,0,null,0,0,0
3796,0,null,0,0,0
3797,0,null,0,0,0
3798,0,null,0,0,0
3799,0,null,0,0,0
3800,0,null,0,0,0
3801,0,null,0,0,0
3802,0,null,0,0,0
3803,15,pi+,1,1,1
3804,0,null,0,0,0
3805,0,null,0,0,0
3806,0,null,0,0,0
3807,8452,e-,1,0,0
3808,0,null,0,0,0
3809,0,null,0,0,0
3810,0,null,0,0,0
3811,0,null,0,0,0
3812,0,null,0,0,0
3813,0,null,0,0,0
3814,0,null,0,0,0
3815,470,pi-,1,1,1
3816,0,null,0,0,0
3817,0,null,0,0,0
3818,0,null,0,0,0
3819,0,null,0,0,0
3820,0,null,0,0,0
3821,0,null,0,0,0
3822,0,null,0,0,0
3823,0,null,0,0,0
3824,0,null,0,0,0
3825,0,null,0,0,0
3826,0,null,0,0,0
3827,0,null,0,0,0
3828,0,null,0,0,0
3829,0,null,0,0,0
3830,0,null,0,0,0
3831,0,null,0,0,0
3832,0,null,0,0,0
3833,0,null,0,0,0
3834,0,null,0,0,0
3835,1,primary_proton,1,1,1
3836,0,null,0,0,0
3837,0,null,0,0,0
3838,0,null,0,0,0
3839,0,null,0,0,0
3840,0,null,0,0,0
3841,0,null,0,0,0
3842,0,null,0,0,0
3843,0,null,0,0,0
3844,0,null,0,0,0
3845,0,null,0,0,0
3846,0,null,0,0,0
3847,0,null,0,0,0
3848,0,null,0,0,0
3849,0,null,0,0,0
3850,0,null,0,0,0
3851,0,null,0,0,0
3852,0,null,0,0,0
3853,0,null,0,0,0
3854,0,null,0,0,0
3855,0,null,0,0,0
3856,0,null,0,0,0
3857,0,null,0,0,0
3858,0,null,0,0,0
3859,0,null,0,0,0
3860,0,null,0,0,0
3861,0,null,0,0,0
3862,0,null,0,0,0
3863,0,null,0,0,0
3864,0,null,0,0,0
3865,0,null,0,0,0
3866,0,null,0,0,0
3867,2730,e+,1,0,0
3868,0,null,0,0,0
3869,0,null,0,0,0
3870,0,null,0,0,0
3871,0,null,0,0,0
3872,0,null,0,0,0
3873,0,null,0,0,0
3874,0,null,0,0,0
3875,0,null,0,0,0
3876,0,null,0,0,0
3877,0,null,0,0,0
3878,0,null,0,0,0
3879,0,null,0,0,0
3880,0,null,0,0,0
3881,0,null,0,0,0
3882,0,null,0,0,0
3883,1,primary_proton,1,1,1
3884,0,null,0,0,0
3885,0,null,0,0,0
3886,0,null,0,0,0
3887,11,pi+,1,1,1
3888,0,null,0,0,0
3889,0,null,0,0,0
3890,0,null,0,0,0
3891,0,null,0,0,0
3892,0,null,0,0,0
3893,0,null,0,0,0
3894,0,null,0,0,0
3895,0,null,0,0,0
3896,0,null,0,0,0
3897,0,null,0,0,0
3898,0,null,0,0,0
3899,0,null,0,0,0
3900,0,null,0,0,0
3901,0,null,0,0,0
3902,0,null,0,0,0
3903,0,null,0,0,0
3904,0,null,0,0,0
3905,0,null,0,0,0
3906,0,null,0,0,0
3907,0,null,0,0,0
3908,0,null,0,0,0
3909,0,null,0,0,0
3910,0,null,0,0,0
3911,0,null,0,0,0
3912,0,null,0,0,0
3913,0,null,0,0,0
3914,1,primary_proton,1,1,1
3915,1,primary_proton,1,0,0
3916,0,null,0,0,0
3917,0,null,0,0,0
3918,0,null,0,0,0
3919,7,secondary_proton,1,1,1
4060,0,null,0,0,0
4061,0,null,0,0,0
4062,0,null,0,0,0
4063,0,null,0,0,0
4064,0,null,0,0,0
4065,0,null,0,0,0
4066,0,null,0,0,0
4067,0,null,0,0,0
4068,0,null,0,0,0
4069,0,null,0,0,0
4070,0,null,0,0,0
4071,0,null,0,0,0
4072,0,null,0,0,0
4073,0,null,0,0,0
4074,0,null,0,0,0
4075,1,primary_proton,1,1,1
4076,0,null,0,0,0
4077,0,null,0,0,0
4078,0,null,0,0,0
4079,0,null,0,0,0
4080,0,null,0,0,0
4081,0,null,0,0,0
4082,0,null,0,0,0
4083,0,null,0,0,0
4084,0,null,0,0,0
4085,0,null,0,0,0
4086,0,null,0,0,0
4087,0,null,0,0,0
4088,0,null,0,0,0
4089,0,null,0,0,0
4090,0,null,0,0,0
4091,0,null,0,0,0
4092,0,null,0,0,0
4093,7,pi+,1,1,0
4094,3,secondary_proton,1,1,1
4095,0,null,0,0,0
4096,0,null,0,0,0
4097,0,null,0,0,0
4098,0,null,0,0,0
4099,0,null,0,0,0
4100,0,null,0,0,0
4101,0,null,0,0,0
4102,0,null,0,0,0
4103,0,null,0,0,0
4104,0,null,0,0,0
4105,0,null,0,0,0
4106,0,null,0,0,0
4107,0,null,0,0,0
4108,0,null,0,0,0
4109,0,null,0,0,0
4110,7,pi+,1,1,1
4111,0,null,0,0,0
4113,1,primary_proton,1,1,1
4114,0,null,0,0,0
4115,0,null,0,0,0
4116,0,null,0,0,0
4117,0,null,0,0,0
4118,0,null,0,0,0
4119,0,null,0,0,0
4120,0,null,0,0,0
4121,0,null,0,0,0
4122,0,null,0,0,0
4123,2,secondary_proton,1,1,1
4124,0,null,0,0,0
4125,0,null,0,0,0
4126,0,null,0,0,0
4127,0,null,0,0,0
4128,0,null,0,0,0
4129,0,null,0,0,0
4130,0,null,0,0,0
4131,0,null,0,0,0
4132,0,null,0,0,0
4133,0,null,0,0,0
4134,0,null,0,0,0
4135,0,null,0,0,0
4136,0,null,0,0,0
4137,27,pi+,1,1,1
4138,0,null,0,0,0
4139,0,null,0,0,0
4140,0,null,0,0,0
4141,0,null,0,0,0
4142,0,null,0,0,0
4143,0,null,0,0,0
4144,0,null,0,0,0
4145,0,null,0,0,0
4146,0,null,0,0,0
4147,0,null,0,0,0
4148,0,null,0,0,0
4149,0,null,0,0,0
4150,0,null,0,0,0
4151,0,null,0,0,0
4152,1,primary_proton,1,1,1
4153,0,null,0,0,0
4154,5,secondary_proton,1,1,1
4155,0,null,0,0,0
4156,0,null,0,0,0
4157,0,null,0,0,0
4158,0,null,0,0,0
4159,0,null,0,0,0
4160,0,null,0,0,0
4161,0,null,0,0,0
4162,0,null,0,0,0
4163,0,null,0,0,0
4164,0,null,0,0,0
4165,0,null,0,0,0
4166,0,null,0,0,0
4167,13,pi-,1,0,0
4168,0,null,0,0,0
4169,0,null,0,0,0
4170,0,null,0,0,0
4171,0,null,0,0,0
4172,0,null,0,0,0
4173,0,null,0,0,0
4174,0,null,0,0,0
4175,6,secondary_proton,1,1,1
4176,0,null,0,0,0
4177,0,null,0,0,0
4178,0,null,0,0,0
4179,0,null,0,0,0
4180,0,null,0,0,0
4181,0,null,0,0,0
4182,0,null,0,0,0
4183,0,null,0,0,0
4184,0,null,0,0,0
4185,0,null,0,0,0
4186,0,null,0,0,0
4187,0,null,0,0,0
4188,4,pi-,1,0,0
4189,0,null,0,0,0
4190,0,null,0,0,0
4191,0,null,0,0,0
4192,0,null,0,0,0
4193,0,null,0,0,0
4194,0,null,0,0,0
4195,0,null,0,0,0
4196,0,null,0,0,0
4197,0,null,0,0,0
4198,0,null,0,0,0
4199,0,null,0,0,0
4270,0,null,0,0,0
4271,0,null,0,0,0
4272,0,null,0,0,0
4273,0,null,0,0,0
4274,0,null,0,0,0
4275,0,null,0,0,0
4276,0,null,0,0,0
4277,0,null,0,0,0
4278,0,null,0,0,0
4279,0,null,0,0,0
4280,0,null,0,0,0
4281,0,null,0,0,0
4282,0,null,0,0,0
4283,0,null,0,0,0
4284,0,null,0,0,0
4285,0,null,0,0,0
4286,0,null,0,0,0
4287,0,null,0,0,0
4288,0,null,0,0,0
4289,0,null,0,0,0
4290,0,null,0,0,0
4291,0,null,0,0,0
4292,0,null,0,0,0
4293,0,null,0,0,0
4294,0,null,0,0,0
4295,0,null,0,0,0
4296,0,null,0,0,0
4297,1,primary_proton,1,1,1
4298,0,null,0,0,0
4299,0,null,0,0,0
4300,0,null,0,0,0
4301,0,null,0,0,0
4302,0,null,0,0,0
4303,0,null,0,0,0
4304,0,null,0,0,0
4305,0,null,0,0,0
4306,0,null,0,0,0
4307,0,null,0,0,0
4308,0,null,0,0,0
4309,0,null,0,0,0
4310,0,null,0,0,0
4311,0,null,0,0,0
4312,0,null,0,0,0
4313,0,null,0,0,0
4314,8,pi+,1,1,1
4315,0,null,0,0,0
4316,0,null,0,0,0
4317,0,null,0,0,0
4318,0,null,0,0,0
4319,0,null,0,0,0
4320,0,null,0,0,0
4321,0,null,0,0,0
4322,6,secondary_proton,1,1,0
4323,0,null,0,0,0
4324,0,null,0,0,0
4325,0,null,0,0,0
4326,1,primary_proton,1,1,1
4327,0,null,0,0,0
4328,0,null,0,0,0
4329,0,null,0,0,0
4330,0,null,0,0,0
4331,0,null,0,0,0
4332,0,null,0,0,0
4333,0,null,0,0,0
4334,0,null,0,0,0
4335,0,null,0,0,0
4336,0,null,0,0,0
4337,0,null,0,0,0
4338,0,null,0,0,0
4339,18,pi-,1,0,0
4410,0,null,0,0,0
4411,0,null,0,0,0
4412,0,null,0,0,0
4413,1,primary_proton,1,1,1
4414,0,null,0,0,0
4415,0,null,0,0,0
4416,0,null,0,0,0
4417,0,null,0,0,0
4418,0,null,0,0,0
4419,0,null,0,0,0
4420,0,null,0,0,0
4421,0,null,0,0,0
4422,0,null,0,0,0
4423,0,null,0,0,0
4424,0,null,0,0,0
4425,0,null,0,0,0
4426,0,null,0,0,0
4427,22,secondary_proton,1,1,1
4428,0,null,0,0,0
4429,0,null,0,0,0
4430,0,null,0,0,0
4431,0,null,0,0,0
4432,9,pi+,1,1,1
4433,0,null,0,0,0
4434,0,null,0,0,0
4435,0,null,0,0,0
4436,0,null,0,0,0
4437,0,null,0,0,0
4438,0,null,0,0,0
4439,0,null,0,0,0
4440,6,secondary_proton,1,1,1
4441,0,null,0,0,0
4442,10,pi+,1,1,1
4443,0,null,0,0,0
4444,1,primary_proton,1,1,1
4445,0,null,0,0,0
4446,0,null,0,0,0
4447,0,null,0,0,0
4448,0,null,0,0,0
4449,0,null,0,0,0
4450,0,null,0,0,0
4451,0,null,0,0,0
4452,0,null,0,0,0
4453,0,null,0,0,0
4454,0,null,0,0,0
4455,0,null,0,0,0
4456,0,null,0,0,0
4457,0,null,0,0,0
4458,0,null,0,0,0
4459,0,null,0,0,0
4460,0,null,0,0,0
4461,0,null,0,0,0
4462,0,null,0,0,0
4463,0,null,0,0,0
4464,0,null,0,0,0
4465,1,primary_proton,1,1,1
4466,0,null,0,0,0
4467,0,null,0,0,0
4468,0,null,0,0,0
4469,1,primary_proton,1,1,1
4470,0,null,0,0,0
4471,0,null,0,0,0
3999,0,null,0,0,0
4000,0,null,0,0,0
4001,0,null,0,0,0
4002,8,secondary_proton,1,1,1
4003,0,null,0,0,0
4004,0,null,0,0,0
4005,0,null,0,0,0
4006,0,null,0,0,0
4007,1,primary_proton,1,1,1
4008,0,null,0,0,0
4009,0,null,0,0,0
4010,0,null,0,0,0
4011,0,null,0,0,0
4012,0,null,0,0,0
4013,0,null,0,0,0
4014,0,null,0,0,0
4015,0,null,0,0,0
4016,0,null,0,0,0
4017,0,null,0,0,0
4018,0,null,0,0,0
4019,0,null,0,0,0
4020,0,null,0,0,0
4021,0,null,0,0,0
4022,0,null,0,0,0
4023,0,null,0,0,0
4024,0,null,0,0,0
4025,0,null,0,0,0
4026,0,null,0,0,0
4027,0,null,0,0,0
4028,0,null,0,0,0
4029,0,null,0,0,0
4030,7,pi-,1,0,0
4031,0,null,0,0,0
4032,0,null,0,0,0
4033,0,null,0,0,0
4034,0,null,0,0,0
4035,1,primary_proton,1,1,1
4036,0,null,0,0,0
4037,0,null,0,0,0
4038,0,null,0,0,0
4039,0,null,0,0,0
4040,8,pi-,1,1,1
4041,12,pi+,1,1,1
4042,0,null,0,0,0
4043,7378,e-,1,0,0
4044,0,null,0,0,0
4045,0,null,0,0,0
4046,0,null,0,0,0
4047,0,null,0,0,0
4048,0,null,0,0,0
4049,0,null,0,0,0
4050,0,null,0,0,0
4051,0,null,0,0,0
4052,0,null,0,0,0
4053,7,secondary_proton,1,1,1
4054,0,null,0,0,0
4055,0,null,0,0,0
4056,0,null,0,0,0
4057,0,null,0,0,0
4058,0,null,0,0,0
4059,0,null,0,0,0
4200,0,null,0,0,0
4201,0,null,0,0,0
4202,0,null,0,0,0
4203,0,null,0,0,0
4204,0,null,0,0,0
4205,0,null,0,0,0
4206,0,null,0,0,0
4207,0,null,0,0,0
4208,0,null,0,0,0
4209,0,null,0,0,0
4210,1365,secondary_proton,1,1,1
4211,0,null,0,0,0
4212,0,null,0,0,0
4213,0,null,0,0,0
4214,0,null,0,0,0
4215,0,null,0,0,0
4216,0,null,0,0,0
4217,0,null,0,0,0
4218,0,null,0,0,0
4219,0,null,0,0,0
4220,0,null,0,0,0
4221,0,null,0,0,0
4222,0,null,0,0,0
4223,0,null,0,0,0
4224,554,secondary_proton,1,1,1
4225,0,null,0,0,0
4226,0,null,0,0,0
4227,0,null,0,0,0
4228,0,null,0,0,0
4229,0,null,0,0,0
4230,0,null,0,0,0
4231,0,null,0,0,0
4232,0,null,0,0,0
4233,0,null,0,0,0
4234,0,null,0,0,0
4235,0,null,0,0,0
4236,0,null,0,0,0
4237,0,null,0,0,0
4238,0,null,0,0,0
4239,0,null,0,0,0
4240,0,null,0,0,0
4241,1,primary_proton,1,1,1
4242,0,null,0,0,0
4243,0,null,0,0,0
4244,0,null,0,0,0
4245,0,null,0,0,0
4246,0,null,0,0,0
4247,24,pi-,1,1,0
4248,0,null,0,0,0
4249,0,null,0,0,0
4250,0,null,0,0,0
4251,0,null,0,0,0
4252,0,null,0,0,0
4253,0,null,0,0,0
4254,0,null,0,0,0
4255,0,null,0,0,0
4256,0,null,0,0,0
4257,0,null,0,0,0
4258,0,null,0,0,0
4259,0,null,0,0,0
4260,0,null,0,0,0
4261,0,null,0,0,0
4262,0,null,0,0,0
4263,0,null,0,0,0
4264,0,null,0,0,0
4265,0,null,0,0,0
4266,0,null,0,0,0
4267,0,null,0,0,0
4268,0,null,0,0,0
4269,234,pi-,1,1,1
4340,0,null,0,0,0
4341,0,null,0,0,0
4342,0,null,0,0,0
4343,0,null,0,0,0
4344,0,null,0,0,0
4345,0,null,0,0,0
4346,0,null,0,0,0
4347,4498,secondary_proton,1,1,0
4348,0,null,0,0,0
4349,0,null,0,0,0
4350,0,null,0,0,0
4351,0,null,0,0,0
4352,0,null,0,0,0
4353,0,null,0,0,0
4354,0,null,0,0,0
4355,6,secondary_proton,1,1,1
4356,6,secondary_proton,1,1,1
4357,0,null,0,0,0
4358,0,null,0,0,0
4359,0,null,0,0,0
4360,0,null,0,0,0
4361,0,null,0,0,0
4362,0,null,0,0,0
4363,1,primary_proton,1,1,1
4364,0,null,0,0,0
4365,0,null,0,0,0
4366,0,null,0,0,0
4367,0,null,0,0,0
4368,0,null,0,0,0
4369,0,null,0,0,0
4370,323,pi+,1,0,0
4371,0,null,0,0,0
4372,0,null,0,0,0
4373,0,null,0,0,0
4374,0,null,0,0,0
4375,0,null,0,0,0
4376,0,null,0,0,0
4377,0,null,0,0,0
4378,0,null,0,0,0
4379,0,null,0,0,0
4380,0,null,0,0,0
4381,0,null,0,0,0
4382,0,null,0,0,0
4383,0,null,0,0,0
4384,0,null,0,0,0
4385,0,null,0,0,0
4386,0,null,0,0,0
4387,0,null,0,0,0
4388,0,null,0,0,0
4389,0,null,0,0,0
4390,0,null,0,0,0
4391,0,null,0,0,0
4392,0,null,0,0,0
4393,0,null,0,0,0
4394,0,null,0,0,0
4395,0,null,0,0,0
4396,0,null,0,0,0
4397,9,secondary_proton,1,1,1
4398,0,null,0,0,0
4399,0,null,0,0,0
4400,0,null,0,0,0
4401,0,null,0,0,0
4402,0,null,0,0,0
4403,0,null,0,0,0
4404,0,null,0,0,0
4405,0,null,0,0,0
4406,0,null,0,0,0
4407,0,null,0,0,0
4408,0,null,0,0,0
4409,0,null,0,0,0
4480,0,null,0,0,0
4481,0,null,0,0,0
4482,4259,e+,1,0,0
4483,0,null,0,0,0
4484,0,null,0,0,0
4485,0,null,0,0,0
4486,0,null,0,0,0
4487,0,null,0,0,0
4488,17,pi+,1,1,1
4489,0,null,0,0,0
4490,0,null,0,0,0
4491,0,null,0,0,0
4492,0,null,0,0,0
4493,0,null,0,0,0
4494,0,null,0,0,0
4495,0,null,0,0,0
4496,0,null,0,0,0
4497,0,null,0,0,0
4473,0,null,0,0,0
4474,0,null,0,0,0
4475,0,null,0,0,0
4476,0,null,0,0,0
4477,0,null,0,0,0
4478,0,null,0,0,0
4479,0,null,0,0,0
4550,0,null,0,0,0
4551,0,null,0,0,0
4552,0,null,0,0,0
4553,0,null,0,0,0
4554,0,null,0,0,0
4555,0,null,0,0,0
4556,0,null,0,0,0
4557,0,null,0,0,0
4558,0,null,0,0,0
4559,0,null,0,0,0
4560,0,null,0,0,0
4561,582,secondary_proton,1,1,1
4562,0,null,0,0,0
4563,0,null,0,0,0
4564,496,e-,1,0,0
4565,0,null,0,0,0
4566,0,null,0,0,0
4567,0,null,0,0,0
4568,0,null,0,0,0
4569,0,null,0,0,0
4570,0,null,0,0,0
4571,0,null,0,0,0
4572,13,pi-,1,1,1
4573,0,null,0,0,0
4574,0,null,0,0,0
4575,0,null,0,0,0
4576,0,null,0,0,0
4577,0,null,0,0,0
4578,0,null,0,0,0
4579,0,null,0,0,0
4580,0,null,0,0,0
4581,1,primary_proton,1,1,1
4582,0,null,0,0,0
4583,6,secondary_proton,1,1,1
4584,1,primary_proton,1,1,1
4585,14,pi-,1,1,1
4586,0,null,0,0,0
4587,0,null,0,0,0
4588,0,null,0,0,0
4589,0,null,0,0,0
4590,0,null,0,0,0
4591,0,null,0,0,0
4592,0,null,0,0,0
4593,0,null,0,0,0
4594,0,null,0,0,0
4595,0,null,0,0,0
4596,0,null,0,0,0
4597,0,null,0,0,0
4598,0,null,0,0,0
4599,0,null,0,0,0
4600,0,null,0,0,0
4601,0,null,0,0,0
4602,0,null,0,0,0
4603,0,null,0,0,0
4604,0,null,0,0,0
4605,0,null,0,0,0
4606,0,null,0,0,0
4607,8933,secondary_proton,1,0,0
4608,0,null,0,0,0
4609,0,null,0,0,0
4610,0,null,0,0,0
4611,0,null,0,0,0
4612,0,null,0,0,0
4613,0,null,0,0,0
4614,0,null,0,0,0
4615,0,null,0,0,0
4616,0,null,0,0,0
4617,0,null,0,0,0
4618,0,null,0,0,0
4619,0,null,0,0,0
4760,0,null,0,0,0
4761,0,null,0,0,0
4762,0,null,0,0,0
4763,0,null,0,0,0
4764,0,null,0,0,0
4765,0,null,0,0,0
4766,0,null,0,0,0
4767,0,null,0,0,0
4768,0,null,0,0,0
4769,0,null,0,0,0
4770,0,null,0,0,0
4771,0,null,0,0,0
4772,0,null,0,0,0
4773,0,null,0,0,0
4774,6,secondary_proton,1,1,1
4775,0,null,0,0,0
4776,0,null,0,0,0
4777,0,null,0,0,0
4778,0,null,0,0,0
4779,0,null,0,0,0
4780,0,null,0,0,0
4781,0,null,0,0,0
4782,0,null,0,0,0
4783,0,null,0,0,0
4784,1,primary_proton,1,1,1
4785,0,null,0,0,0
4786,0,null,0,0,0
4787,0,null,0,0,0
4788,0,null,0,0,0
4789,0,null,0,0,0
4790,586,pi-,1,1,1
4791,0,null,0,0,0
4792,0,null,0,0,0
4793,0,null,0,0,0
4794,0,null,0,0,0
4795,0,null,0,0,0
4796,0,null,0,0,0
4797,0,null,0,0,0
4798,0,null,0,0,0
4799,0,null,0,0,0
4800,0,null,0,0,0
4801,0,null,0,0,0
4802,0,null,0,0,0
4803,0,null,0,0,0
4804,0,null,0,0,0
4805,0,null,0,0,0
4806,0,null,0,0,0
4807,1,primary_proton,1,1,1
4808,0,null,0,0,0
4809,0,null,0,0,0
4810,0,null,0,0,0
4811,0,null,0,0,0
4812,0,null,0,0,0
4813,0,null,0,0,0
4814,1,primary_proton,1,1,1
4815,0,null,0,0,0
4816,0,null,0,0,0
4817,0,null,0,0,0
4818,0,null,0,0,0
4819,0,null,0,0,0
4820,0,null,0,0,0
4821,0,null,0,0,0
4822,0,null,0,0,0
4823,0,null,0,0,0
4824,9,pi+,1,0,0
4825,0,null,0,0,0
4826,0,null,0,0,0
4827,0,null,0,0,0
4828,0,null,0,0,0
4829,0,null,0,0,0
4830,0,null,0,0,0
4831,0,null,0,0,0
4832,0,null,0,0,0
4833,0,null,0,0,0
4834,0,null,0,0,0
4835,0,null,0,0,0
4836,0,null,0,0,0
4837,0,null,0,0,0
4838,0,null,0,0,0
4839,0,null,0,0,0
4840,0,null,0,0,0
4841,0,null,0,0,0
4842,0,null,0,0,0
4843,0,null,0,0,0
4844,0,null,0,0,0
4845,0,null,0,0,0
4846,0,null,0,0,0
4847,0,null,0,0,0
4848,0,null,0,0,0
4849,3,pi+,1,1,1
4850,0,null,0,0,0
4851,0,null,0,0,0
4852,0,null,0,0,0
4853,0,null,0,0,0
4854,0,null,0,0,0
4855,1,primary_proton,1,1,1
4856,0,null,0,0,0
4857,0,null,0,0,0
4858,0,null,0,0,0
4859,0,null,0,0,0
4860,0,null,0,0,0
4861,0,null,0,0,0
4862,0,null,0,0,0
4863,4,secondary_proton,1,0,0
4864,0,null,0,0,0
4865,0,null,0,0,0
4866,0,null,0,0,0
4867,0,null,0,0,0
4868,0,null,0,0,0
4869,0,null,0,0,0
4870,0,null,0,0,0
4871,0,null,0,0,0
4872,0,null,0,0,0
4873,0,null,0,0,0
4874,0,null,0,0,0
4875,0,null,0,0,0
4876,0,null,0,0,0
4877,0,null,0,0,0
4878,0,null,0,0,0
4879,0,null,0,0,0
4880,0,null,0,0,0
4881,0,null,0,0,0
4882,0,null,0,0,0
4883,0,null,0,0,0
4884,0,null,0,0,0
4885,0,null,0,0,0
4886,0,null,0,0,0
4887,0,null,0,0,0
4888,1615,e-,1,0,0
4889,0,null,0,0,0
4890,0,null,0,0,0
4891,0,null,0,0,0
4892,0,null,0,0,0
4893,0,null,0,0,0
4894,0,null,0,0,0
4895,0,null,0,0,0
4896,0,null,0,0,0
4897,0,null,0,0,0
4898,0,null,0,0,0
4899,0,null,0,0,0
4900,0,null,0,0,0
4901,21,pi+,1,1,1
4499,0,null,0,0,0
4500,0,null,0,0,0
4501,0,null,0,0,0
4502,0,null,0,0,0
4503,0,null,0,0,0
4504,3,secondary_proton,1,1,1
4505,0,null,0,0,0
4506,0,null,0,0,0
4507,0,null,0,0,0
4508,0,null,0,0,0
4509,0,null,0,0,0
4510,5111,pi-,1,0,0
4511,0,null,0,0,0
4512,0,null,0,0,0
4513,0,null,0,0,0
4514,0,null,0,0,0
4515,0,null,0,0,0
4516,0,null,0,0,0
4517,0,null,0,0,0
4518,0,null,0,0,0
4519,0,null,0,0,0
4520,0,null,0,0,0
4521,0,null,0,0,0
4522,1,primary_proton,1,1,1
4523,0,null,0,0,0
4524,0,null,0,0,0
4525,0,null,0,0,0
4526,0,null,0,0,0
4527,0,null,0,0,0
4528,1,primary_proton,1,1,1
4529,0,null,0,0,0
4530,0,null,0,0,0
4531,0,null,0,0,0
4532,0,null,0,0,0
4533,0,null,0,0,0
4534,0,null,0,0,0
4535,0,null,0,0,0
4536,0,null,0,0,0
4537,0,null,0,0,0
4538,0,null,0,0,0
4539,0,null,0,0,0
4540,0,null,0,0,0
4541,0,null,0,0,0
4542,0,null,0,0,0
4543,0,null,0,0,0
4544,0,null,0,0,0
4545,0,null,0,0,0
4546,0,null,0,0,0
4547,0,null,0,0,0
4548,0,null,0,0,0
4549,0,null,0,0,0
4620,0,null,0,0,0
4621,12,pi-,1,1,1
4622,0,null,0,0,0
4623,0,null,0,0,0
4624,0,null,0,0,0
4625,0,null,0,0,0
4626,0,null,0,0,0
4627,0,null,0,0,0
4628,0,null,0,0,0
4629,0,null,0,0,0
4630,0,null,0,0,0
4631,0,null,0,0,0
4632,0,null,0,0,0
4633,0,null,0,0,0
4634,0,null,0,0,0
4635,0,null,0,0,0
4636,0,null,0,0,0
4637,0,null,0,0,0
4638,0,null,0,0,0
4639,0,null,0,0,0
4640,0,null,0,0,0
4641,0,null,0,0,0
4642,1,primary_proton,1,1,1
4643,0,null,0,0,0
4644,0,null,0,0,0
4645,0,null,0,0,0
4646,0,null,0,0,0
4647,0,null,0,0,0
4648,0,null,0,0,0
4649,0,null,0,0,0
4650,0,null,0,0,0
4651,0,null,0,0,0
4652,0,null,0,0,0
4653,0,null,0,0,0
4654,0,null,0,0,0
4655,0,null,0,0,0
4656,0,null,0,0,0
4657,0,null,0,0,0
4658,0,null,0,0,0
4659,0,null,0,0,0
4660,16,secondary_proton,1,1,1
4661,0,null,0,0,0
4662,0,null,0,0,0
4663,0,null,0,0,0
4664,0,null,0,0,0
4665,0,null,0,0,0
4666,0,null,0,0,0
4667,0,null,0,0,0
4668,0,null,0,0,0
4669,0,null,0,0,0
4670,1,primary_proton,1,1,1
4671,0,null,0,0,0
4672,1,primary_proton,1,1,1
4673,0,null,0,0,0
4674,0,null,0,0,0
4675,0,null,0,0,0
4676,0,null,0,0,0
4677,0,null,0,0,0
4678,0,null,0,0,0
4679,0,null,0,0,0
4680,0,null,0,0,0
4681,0,null,0,0,0
4682,0,null,0,0,0
4683,0,null,0,0,0
4684,0,null,0,0,0
4685,0,null,0,0,0
4686,0,null,0,0,0
4687,0,null,0,0,0
4688,0,null,0,0,0
4689,0,null,0,0,0
4690,0,null,0,0,0
4691,0,null,0,0,0
4692,0,null,0,0,0
4693,0,null,0,0,0
4694,0,null,0,0,0
4695,0,null,0,0,0
4696,10,pi+,1,1,1
4697,0,null,0,0,0
4698,0,null,0,0,0
4699,1,primary_proton,1,1,1
4700,3052,secondary_proton,1,0,0
4701,0,null,0,0,0
4702,9702,secondary_proton,1,1,1
4703,0,null,0,0,0
4704,0,null,0,0,0
4705,0,null,0,0,0
4706,0,null,0,0,0
4707,0,null,0,0,0
4708,0,null,0,0,0
4709,0,null,0,0,0
4710,0,null,0,0,0
4711,0,null,0,0,0
4712,0,null,0,0,0
4713,0,null,0,0,0
4714,0,null,0,0,0
4715,0,null,0,0,0
4716,0,null,0,0,0
4717,0,null,0,0,0
4718,0,null,0,0,0
4719,0,null,0,0,0
4720,0,null,0,0,0
4721,0,null,0,0,0
4722,0,null,0,0,0
4723,0,null,0,0,0
4724,0,null,0,0,0
4725,0,null,0,0,0
4726,0,null,0,0,0
4727,0,null,0,0,0
4728,0,null,0,0,0
4729,6712,secondary_proton,1,1,1
4730,6,pi+,1,1,1
4731,0,null,0,0,0
4732,32,pi+,1,1,1
4733,0,null,0,0,0
4734,0,null,0,0,0
4735,0,null,0,0,0
4736,0,null,0,0,0
4737,0,null,0,0,0
4738,0,null,0,0,0
4739,0,null,0,0,0
4740,0,null,0,0,0
4741,0,null,0,0,0
4742,0,null,0,0,0
4743,0,null,0,0,0
4744,0,null,0,0,0
4745,0,null,0,0,0
4746,0,null,0,0,0
4747,0,null,0,0,0
4748,0,null,0,0,0
4749,0,null,0,0,0
4750,0,null,0,0,0
4751,0,null,0,0,0
4752,0,null,0,0,0
4753,0,null,0,0,0
4754,0,null,0,0,0
4755,0,null,0,0,0
4756,0,null,0,0,0
4757,0,null,0,0,0
4758,0,null,0,0,0
4759,0,null,0,0,0
4970,8,pi+,1,1,1
4971,0,null,0,0,0
4972,0,null,0,0,0
4973,0,null,0,0,0
4974,0,null,0,0,0
4975,0,null,0,0,0
4976,0,null,0,0,0
4977,0,null,0,0,0
4978,0,null,0,0,0
4979,0,null,0,0,0
4980,13,pi+,1,1,1
4981,0,null,0,0,0
4982,0,null,0,0,0
4983,0,null,0,0,0
4984,8,secondary_proton,1,1,1
4985,2105,e-,1,1,1
4986,0,null,0,0,0
4987,7,secondary_proton,1,1,1
4988,0,null,0,0,0
4989,0,null,0,0,0
4990,1,primary_proton,1,1,1
4991,0,null,0,0,0
4992,1,primary_proton,1,1,1
4993,0,null,0,0,0
4994,1,primary_proton,1,1,1
4996,0,null,0,0,0
4997,0,null,0,0,0
4998,0,null,0,0,0
4999,0,null,0,0,0
4903,0,null,0,0,0
4904,0,null,0,0,0
4905,0,null,0,0,0
4906,0,null,0,0,0
4907,0,null,0,0,0
4908,0,null,0,0,0
4909,0,null,0,0,0
4910,0,null,0,0,0
4911,0,null,0,0,0
4912,0,null,0,0,0
4913,0,null,0,0,0
4914,0,null,0,0,0
4915,0,null,0,0,0
4916,0,null,0,0,0
4917,0,null,0,0,0
4918,0,null,0,0,0
4919,0,null,0,0,0
4920,0,null,0,0,0
4921,0,null,0,0,0
4922,0,null,0,0,0
4923,0,null,0,0,0
4924,1,primary_proton,1,1,1
4925,0,null,0,0,0
4926,0,null,0,0,0
4927,0,null,0,0,0
4928,0,null,0,0,0
4929,0,null,0,0,0
4930,0,null,0,0,0
4931,0,null,0,0,0
4932,0,null,0,0,0
4933,0,null,0,0,0
4934,0,null,0,0,0
4935,0,null,0,0,0
4936,10,pi-,1,1,1
4937,4,pi-,1,1,0
4938,0,null,0,0,0
4939,0,null,0,0,0
4940,0,null,0,0,0
4941,0,null,0,0,0
4942,0,null,0,0,0
4943,0,null,0,0,0
4944,1,primary_proton,1,1,1
4945,0,null,0,0,0
4946,0,null,0,0,0
4947,10,secondary_proton,1,1,1
4948,0,null,0,0,0
4949,0,null,0,0,0
4950,1789,e-,1,1,1
4951,16,pi+,1,0,0
4952,0,null,0,0,0
4953,0,null,0,0,0
4954,0,null,0,0,0
4955,0,null,0,0,0
4956,1,primary_proton,1,1,1
4957,0,null,0,0,0
4958,0,null,0,0,0
4959,0,null,0,0,0
4960,0,null,0,0,0
4961,0,null,0,0,0
4962,0,null,0,0,0
4963,0,null,0,0,0
4964,0,null,0,0,0
4965,0,null,0,0,0
4966,0,null,0,0,0
4967,0,null,0,0,0
4968,0,null,0,0,0
4969,0,null,0,0,0
