event,track,particle,d1,d2,d3
1,0,null,0,0,0
2,0,null,0,0,0
3,0,null,0,0,0
4,0,null,0,0,0
5,0,null,0,0,0
6,0,null,0,0,0
7,0,null,0,0,0
8,0,null,0,0,0
9,0,null,0,0,0
10,9,pi-,1,1,1
11,0,null,0,0,0
12,0,null,0,0,0
13,0,null,0,0,0
14,0,null,0,0,0
15,1829,e-,1,0,0
16,0,null,0,0,0
17,0,null,0,0,0
18,0,null,0,0,0
19,0,null,0,0,0
20,0,null,0,0,0
21,0,null,0,0,0
22,0,null,0,0,0
23,0,null,0,0,0
24,0,null,0,0,0
25,0,null,0,0,0
26,0,null,0,0,0
27,0,null,0,0,0
28,0,null,0,0,0
29,0,null,0,0,0
30,0,null,0,0,0
31,0,null,0,0,0
32,0,null,0,0,0
33,1,primary_proton,1,0,0
34,0,null,0,0,0
35,0,null,0,0,0
36,0,null,0,0,0
37,0,null,0,0,0
38,0,null,0,0,0
39,0,null,0,0,0
40,0,null,0,0,0
41,0,null,0,0,0
42,1,primary_proton,1,1,1
43,0,null,0,0,0
44,0,null,0,0,0
45,0,null,0,0,0
46,0,null,0,0,0
47,0,null,0,0,0
48,0,null,0,0,0
49,0,null,0,0,0
50,1,primary_proton,1,1,1
51,0,null,0,0,0
52,0,null,0,0,0
53,0,null,0,0,0
54,0,null,0,0,0
55,0,null,0,0,0
56,22,secondary_proton,1,1,1
57,0,null,0,0,0
58,0,null,0,0,0
59,0,null,0,0,0
60,0,null,0,0,0
61,0,null,0,0,0
62,0,null,0,0,0
63,0,null,0,0,0
64,0,null,0,0,0
65,0,null,0,0,0
66,0,null,0,0,0
67,0,null,0,0,0
68,0,null,0,0,0
69,0,null,0,0,0
70,0,null,0,0,0
71,0,null,0,0,0
72,0,null,0,0,0
73,0,null,0,0,0
74,0,null,0,0,0
75,0,null,0,0,0
76,0,null,0,0,0
77,0,null,0,0,0
78,0,null,0,0,0
79,0,null,0,0,0
80,0,null,0,0,0
81,0,null,0,0,0
82,0,null,0,0,0
83,0,null,0,0,0
84,0,null,0,0,0
85,0,null,0,0,0
86,0,null,0,0,0
87,0,null,0,0,0
88,0,null,0,0,0
89,0,null,0,0,0
90,0,null,0,0,0
91,0,null,0,0,0
92,0,null,0,0,0
93,0,null,0,0,0
94,0,null,0,0,0
95,0,null,0,0,0
96,0,null,0,0,0
97,0,null,0,0,0
98,0,null,0,0,0
99,0,null,0,0,0
100,0,null,0,0,0
101,0,null,0,0,0
102,0,null,0,0,0
103,0,null,0,0,0
104,0,null,0,0,0
105,0,null,0,0,0
106,0,null,0,0,0
107,0,null,0,0,0
108,0,null,0,0,0
109,0,null,0,0,0
110,0,null,0,0,0
111,0,null,0,0,0
112,0,null,0,0,0
113,0,null,0,0,0
114,0,null,0,0,0
115,0,null,0,0,0
116,0,null,0,0,0
117,0,null,0,0,0
118,0,null,0,0,0
119,0,null,0,0,0
120,1,primary_proton,1,1,1
121,0,null,0,0,0
122,0,null,0,0,0
123,0,null,0,0,0
124,0,null,0,0,0
125,0,null,0,0,0
126,0,null,0,0,0
127,0,null,0,0,0
128,1,primary_proton,1,1,1
129,0,null,0,0,0
130,1,primary_proton,1,1,1
131,0,null,0,0,0
132,1245,pi+,1,1,1
133,0,null,0,0,0
134,0,null,0,0,0
135,0,null,0,0,0
136,0,null,0,0,0
137,0,null,0,0,0
138,0,null,0,0,0
139,0,null,0,0,0
140,0,null,0,0,0
141,0,null,0,0,0
142,0,null,0,0,0
143,0,null,0,0,0
144,0,null,0,0,0
145,0,null,0,0,0
146,0,null,0,0,0
147,0,null,0,0,0
148,0,null,0,0,0
149,1,primary_proton,1,1,1
150,0,null,0,0,0
151,0,null,0,0,0
152,0,null,0,0,0
153,0,null,0,0,0
154,0,null,0,0,0
155,0,null,0,0,0
156,1341,e-,1,0,0
157,0,null,0,0,0
158,0,null,0,0,0
159,0,null,0,0,0
160,0,null,0,0,0
161,0,null,0,0,0
162,0,null,0,0,0
163,0,null,0,0,0
164,0,null,0,0,0
165,0,null,0,0,0
166,0,null,0,0,0
167,1,primary_proton,1,1,1
168,0,null,0,0,0
169,0,null,0,0,0
170,0,null,0,0,0
171,0,null,0,0,0
172,0,null,0,0,0
173,0,null,0,0,0
174,0,null,0,0,0
175,0,null,0,0,0
176,0,null,0,0,0
177,0,null,0,0,0
178,0,null,0,0,0
179,0,null,0,0,0
180,0,null,0,0,0
181,3852,e-,1,0,1
182,0,null,0,0,0
183,0,null,0,0,0
184,0,null,0,0,0
185,0,null,0,0,0
186,0,null,0,0,0
187,0,null,0,0,0
188,0,null,0,0,0
189,0,null,0,0,0
190,0,null,0,0,0
191,0,null,0,0,0
192,0,null,0,0,0
193,0,null,0,0,0
194,1,primary_proton,1,1,1
195,0,null,0,0,0
196,0,null,0,0,0
197,0,null,0,0,0
198,0,null,0,0,0
199,0,null,0,0,0
200,9,pi-,1,1,1
201,0,null,0,0,0
202,0,null,0,0,0
203,0,null,0,0,0
204,0,null,0,0,0
205,0,null,0,0,0
206,0,null,0,0,0
207,0,null,0,0,0
208,4,secondary_proton,1,0,0
209,0,null,0,0,0
210,18,pi+,1,1,1
211,0,null,0,0,0
212,0,null,0,0,0
213,0,null,0,0,0
214,0,null,0,0,0
215,0,null,0,0,0
216,0,null,0,0,0
217,0,null,0,0,0
218,0,null,0,0,0
219,0,null,0,0,0
220,0,null,0,0,0
221,0,null,0,0,0
222,0,null,0,0,0
223,0,null,0,0,0
224,0,null,0,0,0
225,0,null,0,0,0
226,0,null,0,0,0
227,0,null,0,0,0
228,0,null,0,0,0
229,0,null,0,0,0
230,0,null,0,0,0
231,0,null,0,0,0
232,0,null,0,0,0
233,0,null,0,0,0
234,0,null,0,0,0
235,0,null,0,0,0
236,0,null,0,0,0
237,0,null,0,0,0
238,0,null,0,0,0
239,0,null,0,0,0
241,0,null,0,0,0
242,0,null,0,0,0
243,0,null,0,0,0
244,0,null,0,0,0
245,0,null,0,0,0
246,0,null,0,0,0
247,0,null,0,0,0
248,0,null,0,0,0
249,0,null,0,0,0
250,0,null,0,0,0
251,0,null,0,0,0
252,0,null,0,0,0
253,0,null,0,0,0
254,0,null,0,0,0
255,0,null,0,0,0
256,0,null,0,0,0
257,0,null,0,0,0
258,0,null,0,0,0
259,0,null,0,0,0
260,0,null,0,0,0
261,0,null,0,0,0
262,0,null,0,0,0
263,0,null,0,0,0
264,0,null,0,0,0
265,0,null,0,0,0
266,0,null,0,0,0
267,0,null,0,0,0
268,0,null,0,0,0
269,0,null,0,0,0
270,0,null,0,0,0
271,0,null,0,0,0
272,0,null,0,0,0
273,0,null,0,0,0
274,0,null,0,0,0
275,0,null,0,0,0
276,0,null,0,0,0
277,0,null,0,0,0
278,0,null,0,0,0
279,0,null,0,0,0
280,0,null,0,0,0
281,0,null,0,0,0
282,0,null,0,0,0
283,0,null,0,0,0
284,0,null,0,0,0
285,0,null,0,0,0
286,0,null,0,0,0
287,0,null,0,0,0
288,0,null,0,0,0
289,0,null,0,0,0
290,0,null,0,0,0
291,0,null,0,0,0
292,0,null,0,0,0
293,0,null,0,0,0
294,0,null,0,0,0
295,0,null,0,0,0
296,0,null,0,0,0
297,1,primary_proton,1,1,1
298,0,null,0,0,0
299,0,null,0,0,0
300,0,null,0,0,0
301,0,null,0,0,0
302,0,null,0,0,0
303,0,null,0,0,0
304,0,null,0,0,0
305,0,null,0,0,0
306,0,null,0,0,0
307,0,null,0,0,0
308,0,null,0,0,0
309,0,null,0,0,0
310,0,null,0,0,0
311,0,null,0,0,0
312,0,null,0,0,0
313,1,primary_proton,1,1,1
314,0,null,0,0,0
315,0,null,0,0,0
316,0,null,0,0,0
317,0,null,0,0,0
318,0,null,0,0,0
319,0,null,0,0,0
320,0,null,0,0,0
321,0,null,0,0,0
322,0,null,0,0,0
323,0,null,0,0,0
324,0,null,0,0,0
325,0,null,0,0,0
326,0,null,0,0,0
327,0,null,0,0,0
328,0,null,0,0,0
329,0,null,0,0,0
330,0,null,0,0,0
331,0,null,0,0,0
332,0,null,0,0,0
333,8,pi-,1,1,0
334,0,null,0,0,0
335,0,null,0,0,0
336,0,null,0,0,0
337,0,null,0,0,0
338,0,null,0,0,0
339,0,null,0,0,0
340,0,null,0,0,0
341,0,null,0,0,0
342,0,null,0,0,0
343,0,null,0,0,0
344,0,null,0,0,0
345,0,null,0,0,0
346,0,null,0,0,0
347,0,null,0,0,0
348,0,null,0,0,0
349,0,null,0,0,0
350,0,null,0,0,0
351,0,null,0,0,0
352,0,null,0,0,0
353,0,null,0,0,0
354,0,null,0,0,0
355,0,null,0,0,0
356,0,null,0,0,0
357,0,null,0,0,0
358,0,null,0,0,0
359,0,null,0,0,0
360,0,null,0,0,0
361,0,null,0,0,0
362,0,null,0,0,0
363,1,primary_proton,1,1,1
364,0,null,0,0,0
365,0,null,0,0,0
366,0,null,0,0,0
367,0,null,0,0,0
368,1944,e-,1,1,1
369,0,null,0,0,0
370,0,null,0,0,0
371,0,null,0,0,0
372,0,null,0,0,0
373,0,null,0,0,0
374,0,null,0,0,0
375,0,null,0,0,0
376,0,null,0,0,0
377,0,null,0,0,0
378,0,null,0,0,0
379,0,null,0,0,0
380,0,null,0,0,0
381,0,null,0,0,0
382,0,null,0,0,0
383,0,null,0,0,0
384,0,null,0,0,0
385,0,null,0,0,0
386,0,null,0,0,0
387,0,null,0,0,0
388,0,null,0,0,0
389,0,null,0,0,0
390,0,null,0,0,0
391,18,pi-,1,1,1
392,0,null,0,0,0
393,0,null,0,0,0
394,0,null,0,0,0
395,0,null,0,0,0
396,0,null,0,0,0
397,0,null,0,0,0
398,0,null,0,0,0
399,0,null,0,0,0
400,0,null,0,0,0
401,0,null,0,0,0
402,0,null,0,0,0
403,0,null,0,0,0
404,0,null,0,0,0
405,0,null,0,0,0
406,0,null,0,0,0
407,0,null,0,0,0
408,0,null,0,0,0
409,0,null,0,0,0
410,0,null,0,0,0
411,0,null,0,0,0
412,0,null,0,0,0
413,0,null,0,0,0
414,0,null,0,0,0
415,0,null,0,0,0
416,0,null,0,0,0
417,0,null,0,0,0
418,0,null,0,0,0
419,0,null,0,0,0
420,0,null,0,0,0
421,1,primary_proton,1,1,1
422,1,primary_proton,1,1,1
423,0,null,0,0,0
424,0,null,0,0,0
425,0,null,0,0,0
426,0,null,0,0,0
427,0,null,0,0,0
428,0,null,0,0,0
429,1,primary_proton,1,1,1
430,0,null,0,0,0
431,0,null,0,0,0
432,0,null,0,0,0
433,239,pi+,1,1,0
434,0,null,0,0,0
435,0,null,0,0,0
436,0,null,0,0,0
437,0,null,0,0,0
438,1,primary_proton,1,1,1
439,0,null,0,0,0
440,0,null,0,0,0
441,0,null,0,0,0
442,0,null,0,0,0
443,0,null,0,0,0
444,0,null,0,0,0
445,0,null,0,0,0
446,0,null,0,0,0
447,0,null,0,0,0
448,0,null,0,0,0
449,0,null,0,0,0
450,0,null,0,0,0
451,1,primary_proton,1,1,1
452,0,null,0,0,0
453,0,null,0,0,0
454,0,null,0,0,0
455,0,null,0,0,0
456,0,null,0,0,0
457,0,null,0,0,0
458,0,null,0,0,0
459,0,null,0,0,0
460,0,null,0,0,0
461,0,null,0,0,0
462,0,null,0,0,0
463,0,null,0,0,0
464,0,null,0,0,0
465,0,null,0,0,0
466,0,null,0,0,0
467,0,null,0,0,0
468,0,null,0,0,0
469,0,null,0,0,0
470,0,null,0,0,0
471,0,null,0,0,0
472,1,primary_proton,1,1,1
473,0,null,0,0,0
474,0,null,0,0,0
476,0,null,0,0,0
477,0,null,0,0,0
478,0,null,0,0,0
479,0,null,0,0,0
480,0,null,0,0,0
481,0,null,0,0,0
482,0,null,0,0,0
483,0,null,0,0,0
484,0,null,0,0,0
485,0,null,0,0,0
486,0,null,0,0,0
487,0,null,0,0,0
488,0,null,0,0,0
489,0,null,0,0,0
490,0,null,0,0,0
491,0,null,0,0,0
492,0,null,0,0,0
493,0,null,0,0,0
494,0,null,0,0,0
495,0,null,0,0,0
496,0,null,0,0,0
497,0,null,0,0,0
498,0,null,0,0,0
499,0,null,0,0,0
500,0,null,0,0,0
501,4,secondary_proton,1,1,1
502,0,null,0,0,0
503,0,null,0,0,0
504,0,null,0,0,0
505,1,primary_proton,1,1,1
506,0,null,0,0,0
507,0,null,0,0,0
508,0,null,0,0,0
509,0,null,0,0,0
510,0,null,0,0,0
511,0,null,0,0,0
512,0,null,0,0,0
513,0,null,0,0,0
514,0,null,0,0,0
515,0,null,0,0,0
516,0,null,0,0,0
517,0,null,0,0,0
518,0,null,0,0,0
519,0,null,0,0,0
520,0,null,0,0,0
521,0,null,0,0,0
522,0,null,0,0,0
523,0,null,0,0,0
524,0,null,0,0,0
525,0,null,0,0,0
526,0,null,0,0,0
527,0,null,0,0,0
528,0,null,0,0,0
529,0,null,0,0,0
530,0,null,0,0,0
531,0,null,0,0,0
532,0,null,0,0,0
533,3,secondary_proton,1,1,0
534,0,null,0,0,0
535,0,null,0,0,0
536,0,null,0,0,0
537,0,null,0,0,0
538,0,null,0,0,0
539,1,primary_proton,1,1,1
540,0,null,0,0,0
541,0,null,0,0,0
542,0,null,0,0,0
543,0,null,0,0,0
544,0,null,0,0,0
545,0,null,0,0,0
546,8,secondary_proton,1,1,1
547,0,null,0,0,0
548,0,null,0,0,0
549,0,null,0,0,0
550,0,null,0,0,0
551,0,null,0,0,0
552,0,null,0,0,0
553,0,null,0,0,0
554,0,null,0,0,0
555,0,null,0,0,0
556,0,null,0,0,0
557,0,null,0,0,0
558,0,null,0,0,0
559,0,null,0,0,0
560,0,null,0,0,0
561,0,null,0,0,0
562,0,null,0,0,0
563,0,null,0,0,0
564,0,null,0,0,0
565,0,null,0,0,0
566,0,null,0,0,0
567,0,null,0,0,0
568,0,null,0,0,0
569,0,null,0,0,0
570,0,null,0,0,0
571,0,null,0,0,0
572,5,secondary_proton,1,1,1
573,0,null,0,0,0
574,0,null,0,0,0
575,0,null,0,0,0
576,0,null,0,0,0
577,0,null,0,0,0
578,0,null,0,0,0
579,1,primary_proton,1,1,1
580,0,null,0,0,0
581,0,null,0,0,0
582,0,null,0,0,0
583,0,null,0,0,0
584,0,null,0,0,0
585,0,null,0,0,0
586,0,null,0,0,0
587,0,null,0,0,0
588,0,null,0,0,0
589,0,null,0,0,0
590,0,null,0,0,0
591,0,null,0,0,0
592,0,null,0,0,0
593,0,null,0,0,0
594,0,null,0,0,0
595,0,null,0,0,0
596,0,null,0,0,0
597,0,null,0,0,0
598,0,null,0,0,0
599,0,null,0,0,0
600,0,null,0,0,0
601,0,null,0,0,0
602,0,null,0,0,0
603,0,null,0,0,0
604,0,null,0,0,0
605,0,null,0,0,0
606,0,null,0,0,0
607,0,null,0,0,0
608,0,null,0,0,0
609,982,e-,1,0,0
610,0,null,0,0,0
611,0,null,0,0,0
612,0,null,0,0,0
613,0,null,0,0,0
614,0,null,0,0,0
615,0,null,0,0,0
616,0,null,0,0,0
617,0,null,0,0,0
618,0,null,0,0,0
619,0,null,0,0,0
620,4,secondary_proton,1,1,1
621,3548,e-,0,1,1
622,0,null,0,0,0
623,0,null,0,0,0
624,4,secondary_proton,1,1,1
625,0,null,0,0,0
626,0,null,0,0,0
627,0,null,0,0,0
628,0,null,0,0,0
629,1,primary_proton,1,1,1
630,0,null,0,0,0
631,0,null,0,0,0
632,0,null,0,0,0
633,0,null,0,0,0
634,0,null,0,0,0
635,13,secondary_proton,1,1,1
636,0,null,0,0,0
637,0,null,0,0,0
638,0,null,0,0,0
639,0,null,0,0,0
640,0,null,0,0,0
641,0,null,0,0,0
642,0,null,0,0,0
643,0,null,0,0,0
644,0,null,0,0,0
645,0,null,0,0,0
646,0,null,0,0,0
647,0,null,0,0,0
648,0,null,0,0,0
649,0,null,0,0,0
650,3,pi+,1,1,1
651,0,null,0,0,0
652,0,null,0,0,0
653,0,null,0,0,0
654,0,null,0,0,0
655,0,null,0,0,0
656,0,null,0,0,0
657,0,null,0,0,0
658,0,null,0,0,0
659,0,null,0,0,0
660,1,primary_proton,1,1,1
661,0,null,0,0,0
662,0,null,0,0,0
663,0,null,0,0,0
664,0,null,0,0,0
665,0,null,0,0,0
666,0,null,0,0,0
667,0,null,0,0,0
668,0,null,0,0,0
669,0,null,0,0,0
670,0,null,0,0,0
671,0,null,0,0,0
672,0,null,0,0,0
673,0,null,0,0,0
674,0,null,0,0,0
675,0,null,0,0,0
676,0,null,0,0,0
677,0,null,0,0,0
678,0,null,0,0,0
679,0,null,0,0,0
680,0,null,0,0,0
681,1,primary_proton,1,1,1
682,0,null,0,0,0
683,0,null,0,0,0
684,0,null,0,0,0
685,0,null,0,0,0
686,1216,pi-,0,0,1
687,0,null,0,0,0
688,0,null,0,0,0
689,0,null,0,0,0
690,0,null,0,0,0
691,0,null,0,0,0
692,0,null,0,0,0
693,0,null,0,0,0
694,0,null,0,0,0
695,0,null,0,0,0
696,0,null,0,0,0
697,0,null,0,0,0
698,0,null,0,0,0
699,0,null,0,0,0
700,0,null,0,0,0
701,0,null,0,0,0
702,3514,pi+,1,1,0
703,0,null,0,0,0
704,0,null,0,0,0
705,0,null,0,0,0
706,8,pi-,1,1,1
707,0,null,0,0,0
709,0,null,0,0,0
710,1,primary_proton,1,1,1
711,0,null,0,0,0
712,0,null,0,0,0
713,0,null,0,0,0
714,0,null,0,0,0
715,0,null,0,0,0
716,0,null,0,0,0
717,0,null,0,0,0
718,0,null,0,0,0
719,0,null,0,0,0
720,0,null,0,0,0
721,658,e+,1,1,1
722,0,null,0,0,0
723,0,null,0,0,0
724,0,null,0,0,0
725,0,null,0,0,0
726,0,null,0,0,0
727,0,null,0,0,0
728,0,null,0,0,0
729,0,null,0,0,0
730,1,primary_proton,1,1,1
731,0,null,0,0,0
732,0,null,0,0,0
733,0,null,0,0,0
734,0,null,0,0,0
735,0,null,0,0,0
736,0,null,0,0,0
737,0,null,0,0,0
738,0,null,0,0,0
739,0,null,0,0,0
740,12,pi-,1,1,1
741,0,null,0,0,0
742,0,null,0,0,0
743,0,null,0,0,0
744,0,null,0,0,0
745,1060,e-,0,1,0
746,0,null,0,0,0
747,0,null,0,0,0
748,0,null,0,0,0
749,0,null,0,0,0
750,0,null,0,0,0
751,0,null,0,0,0
752,0,null,0,0,0
753,0,null,0,0,0
754,0,null,0,0,0
755,0,null,0,0,0
756,0,null,0,0,0
757,0,null,0,0,0
758,0,null,0,0,0
759,0,null,0,0,0
760,0,null,0,0,0
761,0,null,0,0,0
762,0,null,0,0,0
763,0,null,0,0,0
764,0,null,0,0,0
765,0,null,0,0,0
766,0,null,0,0,0
767,0,null,0,0,0
768,0,null,0,0,0
769,0,null,0,0,0
770,0,null,0,0,0
771,0,null,0,0,0
772,0,null,0,0,0
773,0,null,0,0,0
774,0,null,0,0,0
775,0,null,0,0,0
776,0,null,0,0,0
777,0,null,0,0,0
778,0,null,0,0,0
779,0,null,0,0,0
780,0,null,0,0,0
781,0,null,0,0,0
782,0,null,0,0,0
783,1,primary_proton,1,1,1
784,0,null,0,0,0
785,0,null,0,0,0
786,0,null,0,0,0
787,0,null,0,0,0
788,0,null,0,0,0
789,0,null,0,0,0
790,1,primary_proton,1,1,1
791,0,null,0,0,0
792,1,primary_proton,1,1,1
793,0,null,0,0,0
794,0,null,0,0,0
795,0,null,0,0,0
796,0,null,0,0,0
797,0,null,0,0,0
798,0,null,0,0,0
799,0,null,0,0,0
800,7,pi-,1,1,1
801,0,null,0,0,0
802,0,null,0,0,0
803,0,null,0,0,0
804,0,null,0,0,0
805,0,null,0,0,0
806,0,null,0,0,0
807,0,null,0,0,0
808,0,null,0,0,0
809,0,null,0,0,0
810,0,null,0,0,0
811,0,null,0,0,0
812,0,null,0,0,0
813,0,null,0,0,0
814,0,null,0,0,0
815,0,null,0,0,0
816,0,null,0,0,0
817,0,null,0,0,0
818,0,null,0,0,0
819,0,null,0,0,0
820,0,null,0,0,0
821,0,null,0,0,0
822,7,pi-,1,0,0
823,0,null,0,0,0
824,0,null,0,0,0
825,0,null,0,0,0
826,0,null,0,0,0
827,0,null,0,0,0
828,29,secondary_proton,1,1,1
829,0,null,0,0,0
830,0,null,0,0,0
831,8,pi+,1,1,1
832,0,null,0,0,0
833,0,null,0,0,0
834,0,null,0,0,0
835,0,null,0,0,0
836,0,null,0,0,0
837,0,null,0,0,0
838,0,null,0,0,0
839,0,null,0,0,0
840,0,null,0,0,0
841,0,null,0,0,0
842,0,null,0,0,0
843,0,null,0,0,0
844,0,null,0,0,0
845,0,null,0,0,0
846,0,null,0,0,0
847,0,null,0,0,0
848,0,null,0,0,0
849,0,null,0,0,0
850,0,null,0,0,0
851,0,null,0,0,0
852,0,null,0,0,0
853,11,pi+,1,1,0
854,0,null,0,0,0
855,0,null,0,0,0
856,0,null,0,0,0
857,0,null,0,0,0
858,0,null,0,0,0
859,0,null,0,0,0
860,0,null,0,0,0
861,0,null,0,0,0
862,0,null,0,0,0
863,0,null,0,0,0
864,0,null,0,0,0
865,0,null,0,0,0
866,0,null,0,0,0
867,0,null,0,0,0
868,0,null,0,0,0
869,0,null,0,0,0
870,0,null,0,0,0
871,0,null,0,0,0
872,0,null,0,0,0
873,5,secondary_proton,1,1,1
874,0,null,0,0,0
875,0,null,0,0,0
876,0,null,0,0,0
877,0,null,0,0,0
878,0,null,0,0,0
879,0,null,0,0,0
880,0,null,0,0,0
881,0,null,0,0,0
882,0,null,0,0,0
883,0,null,0,0,0
884,0,null,0,0,0
885,0,null,0,0,0
886,0,null,0,0,0
887,0,null,0,0,0
888,0,null,0,0,0
889,0,null,0,0,0
890,0,null,0,0,0
891,0,null,0,0,0
892,0,null,0,0,0
893,0,null,0,0,0
894,0,null,0,0,0
895,0,null,0,0,0
896,0,null,0,0,0
897,0,null,0,0,0
898,0,null,0,0,0
899,0,null,0,0,0
900,0,null,0,0,0
901,0,null,0,0,0
902,0,null,0,0,0
903,0,null,0,0,0
904,0,null,0,0,0
905,0,null,0,0,0
906,0,null,0,0,0
907,0,null,0,0,0
908,0,null,0,0,0
909,14,pi-,1,1,1
910,0,null,0,0,0
911,0,null,0,0,0
912,0,null,0,0,0
913,0,null,0,0,0
914,0,null,0,0,0
915,0,null,0,0,0
916,0,null,0,0,0
917,0,null,0,0,0
918,0,null,0,0,0
919,0,null,0,0,0
920,0,null,0,0,0
921,0,null,0,0,0
922,0,null,0,0,0
923,0,null,0,0,0
924,0,null,0,0,0
925,0,null,0,0,0
926,0,null,0,0,0
927,0,null,0,0,0
928,0,null,0,0,0
929,0,null,0,0,0
930,335,e+,1,1,1
931,0,null,0,0,0
932,0,null,0,0,0
933,0,null,0,0,0
934,0,null,0,0,0
935,0,null,0,0,0
936,0,null,0,0,0
937,6,secondary_proton,1,1,1
938,0,null,0,0,0
939,0,null,0,0,0
940,0,null,0,0,0
941,0,null,0,0,0
942,0,null,0,0,0
943,0,null,0,0,0
945,0,null,0,0,0
946,0,null,0,0,0
947,0,null,0,0,0
948,0,null,0,0,0
949,0,null,0,0,0
950,0,null,0,0,0
951,0,null,0,0,0
952,0,null,0,0,0
953,0,null,0,0,0
954,0,null,0,0,0
955,0,null,0,0,0
956,0,null,0,0,0
957,0,null,0,0,0
958,0,null,0,0,0
959,0,null,0,0,0
960,0,null,0,0,0
961,1,primary_proton,1,1,1
962,0,null,0,0,0
963,0,null,0,0,0
964,0,null,0,0,0
965,0,null,0,0,0
966,0,null,0,0,0
967,0,null,0,0,0
968,0,null,0,0,0
969,1568,e-,1,1,0
970,0,null,0,0,0
971,0,null,0,0,0
972,0,null,0,0,0
973,3532,secondary_proton,1,0,0
974,0,null,0,0,0
975,0,null,0,0,0
976,0,null,0,0,0
977,0,null,0,0,0
978,0,null,0,0,0
979,0,null,0,0,0
980,0,null,0,0,0
981,0,null,0,0,0
982,0,null,0,0,0
983,0,null,0,0,0
984,0,null,0,0,0
985,0,null,0,0,0
986,0,null,0,0,0
987,0,null,0,0,0
988,0,null,0,0,0
989,0,null,0,0,0
990,0,null,0,0,0
991,0,null,0,0,0
992,0,null,0,0,0
993,0,null,0,0,0
994,0,null,0,0,0
995,0,null,0,0,0
996,0,null,0,0,0
997,0,null,0,0,0
998,0,null,0,0,0
999,0,null,0,0,0
1000,0,null,0,0,0
1001,0,null,0,0,0
1002,0,null,0,0,0
1003,6,pi+,1,0,0
1004,0,null,0,0,0
1005,0,null,0,0,0
1006,0,null,0,0,0
1007,0,null,0,0,0
1008,0,null,0,0,0
1009,1,primary_proton,1,1,1
1010,0,null,0,0,0
1011,0,null,0,0,0
1012,0,null,0,0,0
1013,0,null,0,0,0
1014,0,null,0,0,0
1015,0,null,0,0,0
1016,0,null,0,0,0
1017,0,null,0,0,0
1018,0,null,0,0,0
1019,0,null,0,0,0
1020,0,null,0,0,0
1021,0,null,0,0,0
1022,0,null,0,0,0
1023,0,null,0,0,0
1024,0,null,0,0,0
1025,0,null,0,0,0
1026,0,null,0,0,0
1027,0,null,0,0,0
1028,0,null,0,0,0
1029,0,null,0,0,0
1030,0,null,0,0,0
1031,0,null,0,0,0
1032,0,null,0,0,0
1033,0,null,0,0,0
1034,0,null,0,0,0
1035,0,null,0,0,0
1036,0,null,0,0,0
1037,0,null,0,0,0
1038,0,null,0,0,0
1039,0,null,0,0,0
1040,0,null,0,0,0
1041,0,null,0,0,0
1042,0,null,0,0,0
1043,0,null,0,0,0
1044,0,null,0,0,0
1045,0,null,0,0,0
1046,0,null,0,0,0
1047,0,null,0,0,0
1048,0,null,0,0,0
1049,1,primary_proton,1,1,1
1050,0,null,0,0,0
1051,0,null,0,0,0
1052,0,null,0,0,0
1053,0,null,0,0,0
1054,0,null,0,0,0
1055,0,null,0,0,0
1056,0,null,0,0,0
1057,0,null,0,0,0
1058,0,null,0,0,0
1059,0,null,0,0,0
1060,0,null,0,0,0
1061,0,null,0,0,0
1062,0,null,0,0,0
1063,0,null,0,0,0
1064,0,null,0,0,0
1065,0,null,0,0,0
1066,0,null,0,0,0
1067,0,null,0,0,0
1068,0,null,0,0,0
1069,0,null,0,0,0
1070,0,null,0,0,0
1071,0,null,0,0,0
1072,0,null,0,0,0
1073,0,null,0,0,0
1074,0,null,0,0,0
1075,0,null,0,0,0
1076,0,null,0,0,0
1077,1,primary_proton,1,1,1
1078,0,null,0,0,0
1079,0,null,0,0,0
1080,0,null,0,0,0
1081,0,null,0,0,0
1082,0,null,0,0,0
1083,0,null,0,0,0
1084,0,null,0,0,0
1085,0,null,0,0,0
1086,0,null,0,0,0
1087,0,null,0,0,0
1088,0,null,0,0,0
1089,0,null,0,0,0
1090,0,null,0,0,0
1091,0,null,0,0,0
1092,0,null,0,0,0
1093,15,secondary_proton,1,1,1
1094,0,null,0,0,0
1095,0,null,0,0,0
1096,0,null,0,0,0
1097,0,null,0,0,0
1098,0,null,0,0,0
1099,0,null,0,0,0
1100,3,pi+,1,1,1
1101,0,null,0,0,0
1102,0,null,0,0,0
1103,0,null,0,0,0
1104,0,null,0,0,0
1105,0,null,0,0,0
1106,0,null,0,0,0
1107,0,null,0,0,0
1108,0,null,0,0,0
1109,0,null,0,0,0
1110,0,null,0,0,0
1111,0,null,0,0,0
1112,0,null,0,0,0
1113,0,null,0,0,0
1114,0,null,0,0,0
1115,0,null,0,0,0
1116,27,secondary_proton,1,1,1
1117,0,null,0,0,0
1118,0,null,0,0,0
1119,0,null,0,0,0
1120,0,null,0,0,0
1121,0,null,0,0,0
1122,0,null,0,0,0
1123,2623,secondary_proton,1,1,1
1124,0,null,0,0,0
1125,0,null,0,0,0
1126,0,null,0,0,0
1127,0,null,0,0,0
1128,0,null,0,0,0
1129,0,null,0,0,0
1130,3,secondary_proton,1,1,1
1131,0,null,0,0,0
1132,0,null,0,0,0
1133,0,null,0,0,0
1134,0,null,0,0,0
1135,0,null,0,0,0
1136,0,null,0,0,0
1137,0,null,0,0,0
1138,0,null,0,0,0
1139,0,null,0,0,0
1140,1,primary_proton,1,1,1
1141,0,null,0,0,0
1142,0,null,0,0,0
1143,0,null,0,0,0
1144,0,null,0,0,0
1145,0,null,0,0,0
1146,0,null,0,0,0
1147,0,null,0,0,0
1148,0,null,0,0,0
1149,0,null,0,0,0
1150,0,null,0,0,0
1151,1,primary_proton,1,1,1
1152,0,null,0,0,0
1153,0,null,0,0,0
1154,0,null,0,0,0
1155,0,null,0,0,0
1156,0,null,0,0,0
1157,0,null,0,0,0
1158,0,null,0,0,0
1159,0,null,0,0,0
1160,0,null,0,0,0
1161,0,null,0,0,0
1162,0,null,0,0,0
1163,0,null,0,0,0
1164,0,null,0,0,0
1165,0,null,0,0,0
1166,0,null,0,0,0
1168,0,null,0,0,0
1169,0,null,0,0,0
1170,0,null,0,0,0
1171,0,null,0,0,0
1172,0,null,0,0,0
1173,0,null,0,0,0
1174,0,null,0,0,0
1175,0,null,0,0,0
1176,0,null,0,0,0
1177,0,null,0,0,0
1178,0,null,0,0,0
1179,0,null,0,0,0
1180,0,null,0,0,0
1181,0,null,0,0,0
1182,18,pi-,1,1,1
1183,0,null,0,0,0
1184,1,primary_proton,1,1,1
1185,0,null,0,0,0
1186,0,null,0,0,0
1187,0,null,0,0,0
1188,0,null,0,0,0
1189,371,e-,1,1,1
1190,0,null,0,0,0
1191,0,null,0,0,0
1192,0,null,0,0,0
1193,0,null,0,0,0
1194,0,null,0,0,0
1195,0,null,0,0,0
1196,0,null,0,0,0
1197,0,null,0,0,0
1198,6,secondary_proton,1,1,1
1199,0,null,0,0,0
1200,11,pi+,1,1,1
1201,0,null,0,0,0
1202,0,null,0,0,0
1203,0,null,0,0,0
1204,0,null,0,0,0
1205,0,null,0,0,0
1206,0,null,0,0,0
1207,0,null,0,0,0
1208,0,null,0,0,0
1209,0,null,0,0,0
1210,0,null,0,0,0
1211,0,null,0,0,0
1212,0,null,0,0,0
1213,0,null,0,0,0
1214,0,null,0,0,0
1215,0,null,0,0,0
1216,16,secondary_proton,1,1,1
1217,0,null,0,0,0
1218,1,primary_proton,1,1,1
1219,0,null,0,0,0
1220,0,null,0,0,0
1221,0,null,0,0,0
1222,0,null,0,0,0
1223,0,null,0,0,0
1224,0,null,0,0,0
1225,0,null,0,0,0
1226,0,null,0,0,0
1227,0,null,0,0,0
1228,0,null,0,0,0
1229,9300,e-,1,0,0
1230,0,null,0,0,0
1231,0,null,0,0,0
1232,0,null,0,0,0
1233,0,null,0,0,0
1234,0,null,0,0,0
1235,0,null,0,0,0
1236,0,null,0,0,0
1237,0,null,0,0,0
1238,0,null,0,0,0
1239,0,null,0,0,0
1240,0,null,0,0,0
1241,0,null,0,0,0
1242,0,null,0,0,0
1243,0,null,0,0,0
1244,0,null,0,0,0
1245,0,null,0,0,0
1246,0,null,0,0,0
1247,0,null,0,0,0
1248,0,null,0,0,0
1249,0,null,0,0,0
1250,0,null,0,0,0
1251,0,null,0,0,0
1252,0,null,0,0,0
1253,0,null,0,0,0
1254,0,null,0,0,0
1255,0,null,0,0,0
1256,0,null,0,0,0
1257,0,null,0,0,0
1258,0,null,0,0,0
1259,1,primary_proton,1,1,1
1260,0,null,0,0,0
1261,0,null,0,0,0
1262,0,null,0,0,0
1263,0,null,0,0,0
1264,0,null,0,0,0
1265,0,null,0,0,0
1266,0,null,0,0,0
1267,0,null,0,0,0
1268,3495,secondary_proton,1,1,1
1269,0,null,0,0,0
1270,0,null,0,0,0
1271,0,null,0,0,0
1272,1,primary_proton,1,1,1
1273,0,null,0,0,0
1274,0,null,0,0,0
1275,0,null,0,0,0
1276,0,null,0,0,0
1277,0,null,0,0,0
1278,0,null,0,0,0
1279,0,null,0,0,0
1280,0,null,0,0,0
1281,0,null,0,0,0
1282,0,null,0,0,0
1283,0,null,0,0,0
1284,0,null,0,0,0
1285,0,null,0,0,0
1286,0,null,0,0,0
1287,0,null,0,0,0
1288,0,null,0,0,0
1289,0,null,0,0,0
1290,0,null,0,0,0
1291,0,null,0,0,0
1292,1,primary_proton,1,1,1
1293,0,null,0,0,0
1294,0,null,0,0,0
1295,0,null,0,0,0
1296,0,null,0,0,0
1297,1,primary_proton,1,1,1
1298,0,null,0,0,0
1299,0,null,0,0,0
1300,0,null,0,0,0
1301,0,null,0,0,0
1302,0,null,0,0,0
1303,0,null,0,0,0
1304,0,null,0,0,0
1305,0,null,0,0,0
1306,0,null,0,0,0
1307,0,null,0,0,0
1308,0,null,0,0,0
1309,0,null,0,0,0
1310,0,null,0,0,0
1311,0,null,0,0,0
1312,1,primary_proton,1,1,1
1313,0,null,0,0,0
1314,0,null,0,0,0
1315,0,null,0,0,0
1316,0,null,0,0,0
1317,0,null,0,0,0
1318,0,null,0,0,0
1319,0,null,0,0,0
1320,0,null,0,0,0
1321,0,null,0,0,0
1322,0,null,0,0,0
1323,0,null,0,0,0
1324,0,null,0,0,0
1325,0,null,0,0,0
1326,1,primary_proton,1,1,1
1327,0,null,0,0,0
1328,0,null,0,0,0
1329,0,null,0,0,0
1330,0,null,0,0,0
1331,0,null,0,0,0
1332,0,null,0,0,0
1333,0,null,0,0,0
1334,0,null,0,0,0
1335,0,null,0,0,0
1336,0,null,0,0,0
1337,0,null,0,0,0
1338,0,null,0,0,0
1339,0,null,0,0,0
1340,0,null,0,0,0
1341,0,null,0,0,0
1342,6,secondary_proton,1,1,1
1343,0,null,0,0,0
1344,0,null,0,0,0
1345,0,null,0,0,0
1346,0,null,0,0,0
1347,0,null,0,0,0
1348,0,null,0,0,0
1349,0,null,0,0,0
1350,0,null,0,0,0
1351,0,null,0,0,0
1352,0,null,0,0,0
1353,0,null,0,0,0
1354,0,null,0,0,0
1355,0,null,0,0,0
1356,0,null,0,0,0
1357,0,null,0,0,0
1358,0,null,0,0,0
1359,0,null,0,0,0
1360,0,null,0,0,0
1361,0,null,0,0,0
1362,0,null,0,0,0
1363,0,null,0,0,0
1364,0,null,0,0,0
1365,0,null,0,0,0
1366,0,null,0,0,0
1367,0,null,0,0,0
1368,0,null,0,0,0
1369,0,null,0,0,0
1370,0,null,0,0,0
1371,0,null,0,0,0
1372,0,null,0,0,0
1373,1,primary_proton,1,1,1
1374,0,null,0,0,0
1375,0,null,0,0,0
1376,0,null,0,0,0
1377,0,null,0,0,0
1378,0,null,0,0,0
1379,0,null,0,0,0
1380,1831,e-,1,1,0
1381,0,null,0,0,0
1382,0,null,0,0,0
1383,0,null,0,0,0
1384,0,null,0,0,0
1385,0,null,0,0,0
1386,0,null,0,0,0
1388,0,null,0,0,0
1389,0,null,0,0,0
1390,0,null,0,0,0
1391,0,null,0,0,0
1392,0,null,0,0,0
1393,0,null,0,0,0
1394,0,null,0,0,0
1395,0,null,0,0,0
1396,0,null,0,0,0
1397,0,null,0,0,0
1398,0,null,0,0,0
1399,0,null,0,0,0
1400,0,null,0,0,0
1401,0,null,0,0,0
1402,0,null,0,0,0
1403,0,null,0,0,0
1404,0,null,0,0,0
1405,8,pi-,1,1,1
1406,0,null,0,0,0
1407,0,null,0,0,0
1408,0,null,0,0,0
1409,0,null,0,0,0
1410,0,null,0,0,0
1411,0,null,0,0,0
1412,0,null,0,0,0
1413,0,null,0,0,0
1414,0,null,0,0,0
1415,0,null,0,0,0
1416,0,null,0,0,0
1417,0,null,0,0,0
1418,0,null,0,0,0
1419,0,null,0,0,0
1420,0,null,0,0,0
1421,0,null,0,0,0
1422,0,null,0,0,0
1423,0,null,0,0,0
1424,0,null,0,0,0
1425,0,null,0,0,0
1426,0,null,0,0,0
1427,0,null,0,0,0
1428,0,null,0,0,0
1429,0,null,0,0,0
1430,0,null,0,0,0
1431,0,null,0,0,0
1432,0,null,0,0,0
1433,0,null,0,0,0
1434,0,null,0,0,0
1435,0,null,0,0,0
1436,0,null,0,0,0
1437,0,null,0,0,0
1438,0,null,0,0,0
1439,0,null,0,0,0
1440,0,null,0,0,0
1441,0,null,0,0,0
1442,0,null,0,0,0
1443,0,null,0,0,0
1444,0,null,0,0,0
1445,0,null,0,0,0
1446,0,null,0,0,0
1447,0,null,0,0,0
1448,0,null,0,0,0
1449,0,null,0,0,0
1450,0,null,0,0,0
1451,0,null,0,0,0
1452,0,null,0,0,0
1453,0,null,0,0,0
1454,0,null,0,0,0
1455,0,null,0,0,0
1456,0,null,0,0,0
1457,0,null,0,0,0
1458,0,null,0,0,0
1459,0,null,0,0,0
1460,0,null,0,0,0
1461,2,secondary_proton,1,1,1
1462,0,null,0,0,0
1463,0,null,0,0,0
1464,0,null,0,0,0
1465,0,null,0,0,0
1466,0,null,0,0,0
1467,0,null,0,0,0
1468,0,null,0,0,0
1469,0,null,0,0,0
1470,0,null,0,0,0
1471,0,null,0,0,0
1472,0,null,0,0,0
1473,0,null,0,0,0
1474,0,null,0,0,0
1475,0,null,0,0,0
1476,0,null,0,0,0
1477,0,null,0,0,0
1478,0,null,0,0,0
1479,0,null,0,0,0
1480,0,null,0,0,0
1481,0,null,0,0,0
1482,0,null,0,0,0
1483,0,null,0,0,0
1484,0,null,0,0,0
1485,1,primary_proton,1,1,1
1486,0,null,0,0,0
1487,0,null,0,0,0
1488,0,null,0,0,0
1489,0,null,0,0,0
1490,0,null,0,0,0
1491,0,null,0,0,0
1492,11,pi+,1,1,1
1493,0,null,0,0,0
1494,0,null,0,0,0
1495,0,null,0,0,0
1496,0,null,0,0,0
1497,0,null,0,0,0
1498,0,null,0,0,0
1499,0,null,0,0,0
1500,0,null,0,0,0
1501,0,null,0,0,0
1502,0,null,0,0,0
1503,0,null,0,0,0
1504,0,null,0,0,0
1505,0,null,0,0,0
1506,0,null,0,0,0
1507,0,null,0,0,0
1508,12,pi-,1,1,0
1509,0,null,0,0,0
1510,1,primary_proton,1,1,1
1511,0,null,0,0,0
1512,2215,secondary_proton,1,1,1
1513,0,null,0,0,0
1514,0,null,0,0,0
1515,0,null,0,0,0
1516,0,null,0,0,0
1517,0,null,0,0,0
1518,0,null,0,0,0
1519,0,null,0,0,0
1520,0,null,0,0,0
1521,4,secondary_proton,1,0,0
1522,0,null,0,0,0
1523,0,null,0,0,0
1524,0,null,0,0,0
1525,0,null,0,0,0
1526,0,null,0,0,0
1527,464,e+,1,0,1
1528,0,null,0,0,0
1529,0,null,0,0,0
1530,0,null,0,0,0
1531,0,null,0,0,0
1532,0,null,0,0,0
1533,0,null,0,0,0
1534,0,null,0,0,0
1535,0,null,0,0,0
1536,1,primary_proton,1,1,1
1537,0,null,0,0,0
1538,0,null,0,0,0
1539,0,null,0,0,0
1540,0,null,0,0,0
1541,6,pi-,1,1,1
1542,0,null,0,0,0
1543,0,null,0,0,0
1544,10,pi-,1,0,0
1545,0,null,0,0,0
1546,0,null,0,0,0
1547,0,null,0,0,0
1548,0,null,0,0,0
1549,0,null,0,0,0
1550,0,null,0,0,0
1551,0,null,0,0,0
1552,0,null,0,0,0
1553,0,null,0,0,0
1554,0,null,0,0,0
1555,0,null,0,0,0
1556,0,null,0,0,0
1557,3647,e-,1,0,0
1558,0,null,0,0,0
1559,0,null,0,0,0
1560,0,null,0,0,0
1561,0,null,0,0,0
1562,0,null,0,0,0
1563,0,null,0,0,0
1564,0,null,0,0,0
1565,0,null,0,0,0
1566,0,null,0,0,0
1567,0,null,0,0,0
1568,4,pi+,1,1,1
1569,0,null,0,0,0
1570,0,null,0,0,0
1571,0,null,0,0,0
1572,0,null,0,0,0
1573,0,null,0,0,0
1574,0,null,0,0,0
1575,6,secondary_proton,1,1,0
1576,0,null,0,0,0
1577,0,null,0,0,0
1578,0,null,0,0,0
1579,0,null,0,0,0
1580,0,null,0,0,0
1581,0,null,0,0,0
1582,0,null,0,0,0
1583,0,null,0,0,0
1584,0,null,0,0,0
1585,0,null,0,0,0
1586,0,null,0,0,0
1587,0,null,0,0,0
1588,0,null,0,0,0
1589,0,null,0,0,0
1590,0,null,0,0,0
1591,457,e-,1,0,0
1592,0,null,0,0,0
1593,0,null,0,0,0
1594,0,null,0,0,0
1595,0,null,0,0,0
1596,0,null,0,0,0
1597,0,null,0,0,0
1598,0,null,0,0,0
1599,0,null,0,0,0
1600,0,null,0,0,0
1601,0,null,0,0,0
1602,0,null,0,0,0
1603,0,null,0,0,0
1604,0,null,0,0,0
1605,0,null,0,0,0
1606,0,null,0,0,0
1607,0,null,0,0,0
1608,0,null,0,0,0
1609,0,null,0,0,0
1611,0,null,0,0,0
1612,0,null,0,0,0
1613,0,null,0,0,0
1614,0,null,0,0,0
1615,0,null,0,0,0
1616,0,null,0,0,0
1617,2,secondary_proton,1,1,1
1618,0,null,0,0,0
1619,0,null,0,0,0
1620,0,null,0,0,0
1621,0,null,0,0,0
1622,0,null,0,0,0
1623,0,null,0,0,0
1624,0,null,0,0,0
1625,0,null,0,0,0
1626,8,secondary_proton,1,0,0
1627,0,null,0,0,0
1628,9,secondary_proton,1,1,1
1629,0,null,0,0,0
1630,0,null,0,0,0
1631,0,null,0,0,0
1632,0,null,0,0,0
1633,0,null,0,0,0
1634,0,null,0,0,0
1635,0,null,0,0,0
1636,0,null,0,0,0
1637,0,null,0,0,0
1638,0,null,0,0,0
1639,0,null,0,0,0
1640,0,null,0,0,0
1641,0,null,0,0,0
1642,0,null,0,0,0
1643,0,null,0,0,0
1644,0,null,0,0,0
1645,0,null,0,0,0
1646,0,null,0,0,0
1647,0,null,0,0,0
1648,0,null,0,0,0
1649,0,null,0,0,0
1650,0,null,0,0,0
1651,0,null,0,0,0
1652,0,null,0,0,0
1653,0,null,0,0,0
1654,0,null,0,0,0
1655,0,null,0,0,0
1656,0,null,0,0,0
1657,0,null,0,0,0
1658,0,null,0,0,0
1659,0,null,0,0,0
1660,0,null,0,0,0
1661,0,null,0,0,0
1662,0,null,0,0,0
1663,0,null,0,0,0
1664,0,null,0,0,0
1665,0,null,0,0,0
1666,0,null,0,0,0
1667,0,null,0,0,0
1668,0,null,0,0,0
1669,0,null,0,0,0
1670,0,null,0,0,0
1671,0,null,0,0,0
1672,0,null,0,0,0
1673,0,null,0,0,0
1674,0,null,0,0,0
1675,0,null,0,0,0
1676,0,null,0,0,0
1677,0,null,0,0,0
1678,0,null,0,0,0
1679,0,null,0,0,0
1680,0,null,0,0,0
1681,0,null,0,0,0
1682,0,null,0,0,0
1683,0,null,0,0,0
1684,0,null,0,0,0
1685,0,null,0,0,0
1686,0,null,0,0,0
1687,0,null,0,0,0
1688,0,null,0,0,0
1689,0,null,0,0,0
1690,0,null,0,0,0
1691,0,null,0,0,0
1692,0,null,0,0,0
1693,90,pi+,1,0,0
1694,0,null,0,0,0
1695,0,null,0,0,0
1696,0,null,0,0,0
1697,0,null,0,0,0
1698,0,null,0,0,0
1699,0,null,0,0,0
1700,0,null,0,0,0
1701,0,null,0,0,0
1702,0,null,0,0,0
1703,0,null,0,0,0
1704,0,null,0,0,0
1705,0,null,0,0,0
1706,0,null,0,0,0
1707,1,primary_proton,1,1,1
1708,0,null,0,0,0
1709,0,null,0,0,0
1710,0,null,0,0,0
1711,0,null,0,0,0
1712,0,null,0,0,0
1713,0,null,0,0,0
1714,0,null,0,0,0
1715,0,null,0,0,0
1716,0,null,0,0,0
1717,1,primary_proton,1,1,1
1718,0,null,0,0,0
1719,0,null,0,0,0
1720,0,null,0,0,0
1721,1,primary_proton,1,1,1
1722,0,null,0,0,0
1723,0,null,0,0,0
1724,0,null,0,0,0
1725,0,null,0,0,0
1726,0,null,0,0,0
1727,0,null,0,0,0
1728,0,null,0,0,0
1729,0,null,0,0,0
1730,0,null,0,0,0
1731,109,pi-,1,1,1
1732,0,null,0,0,0
1733,0,null,0,0,0
1734,11,pi+,1,1,1
1735,0,null,0,0,0
1736,0,null,0,0,0
1737,0,null,0,0,0
1738,0,null,0,0,0
1739,0,null,0,0,0
1740,0,null,0,0,0
1741,0,null,0,0,0
1742,0,null,0,0,0
1743,0,null,0,0,0
1744,0,null,0,0,0
1745,0,null,0,0,0
1746,0,null,0,0,0
1747,0,null,0,0,0
1748,0,null,0,0,0
1749,0,null,0,0,0
1750,0,null,0,0,0
1751,0,null,0,0,0
1752,0,null,0,0,0
1753,0,null,0,0,0
1754,0,null,0,0,0
1755,0,null,0,0,0
1756,0,null,0,0,0
1757,0,null,0,0,0
1758,2,pi+,1,1,1
1759,0,null,0,0,0
1760,0,null,0,0,0
1761,1496,e-,0,1,0
1762,0,null,0,0,0
1763,0,null,0,0,0
1764,0,null,0,0,0
1765,0,null,0,0,0
1766,0,null,0,0,0
1767,0,null,0,0,0
1768,0,null,0,0,0
1769,0,null,0,0,0
1770,0,null,0,0,0
1771,0,null,0,0,0
1772,0,null,0,0,0
1773,0,null,0,0,0
1774,0,null,0,0,0
1775,0,null,0,0,0
1776,0,null,0,0,0
1777,798,e-,1,0,0
1778,0,null,0,0,0
1779,0,null,0,0,0
1780,0,null,0,0,0
1781,0,null,0,0,0
1782,0,null,0,0,0
1783,0,null,0,0,0
1784,0,null,0,0,0
1785,0,null,0,0,0
1786,1,primary_proton,1,1,1
1787,0,null,0,0,0
1788,0,null,0,0,0
1789,0,null,0,0,0
1790,0,null,0,0,0
1791,0,null,0,0,0
1792,0,null,0,0,0
1793,0,null,0,0,0
1794,0,null,0,0,0
1795,0,null,0,0,0
1796,0,null,0,0,0
1797,0,null,0,0,0
1798,12,pi+,1,1,1
1799,0,null,0,0,0
1800,0,null,0,0,0
1801,0,null,0,0,0
1802,0,null,0,0,0
1803,0,null,0,0,0
1804,0,null,0,0,0
1805,0,null,0,0,0
1806,0,null,0,0,0
1807,0,null,0,0,0
1808,0,null,0,0,0
1809,0,null,0,0,0
1810,0,null,0,0,0
1811,0,null,0,0,0
1812,0,null,0,0,0
1813,0,null,0,0,0
1814,0,null,0,0,0
1815,11,secondary_proton,1,1,1
1816,0,null,0,0,0
1817,0,null,0,0,0
1818,0,null,0,0,0
1819,0,null,0,0,0
1820,0,null,0,0,0
1821,0,null,0,0,0
1822,0,null,0,0,0
1823,0,null,0,0,0
1824,3,secondary_proton,1,1,1
1825,0,null,0,0,0
1826,0,null,0,0,0
1827,0,null,0,0,0
1828,0,null,0,0,0
1829,0,null,0,0,0
1830,0,null,0,0,0
1831,0,null,0,0,0
1833,0,null,0,0,0
1834,0,null,0,0,0
1835,0,null,0,0,0
1836,163,secondary_proton,1,0,0
1837,0,null,0,0,0
1838,0,null,0,0,0
1839,0,null,0,0,0
1840,0,null,0,0,0
1841,0,null,0,0,0
1842,0,null,0,0,0
1843,0,null,0,0,0
1844,0,null,0,0,0
1845,0,null,0,0,0
1846,0,null,0,0,0
1847,0,null,0,0,0
1848,5,secondary_proton,1,1,1
1849,0,null,0,0,0
1850,0,null,0,0,0
1851,0,null,0,0,0
1852,1031,pi+,1,0,0
1853,7,pi+,1,1,1
1854,0,null,0,0,0
1855,0,null,0,0,0
1856,0,null,0,0,0
1857,0,null,0,0,0
1858,0,null,0,0,0
1859,0,null,0,0,0
1860,0,null,0,0,0
1861,0,null,0,0,0
1862,0,null,0,0,0
1863,0,null,0,0,0
1864,1,primary_proton,1,1,1
1865,0,null,0,0,0
1866,0,null,0,0,0
1867,0,null,0,0,0
1868,0,null,0,0,0
1869,0,null,0,0,0
1870,0,null,0,0,0
1871,0,null,0,0,0
1872,0,null,0,0,0
1873,0,null,0,0,0
1874,0,null,0,0,0
1875,0,null,0,0,0
1876,0,null,0,0,0
1877,0,null,0,0,0
1878,0,null,0,0,0
1879,0,null,0,0,0
1880,0,null,0,0,0
1881,0,null,0,0,0
1882,0,null,0,0,0
1883,0,null,0,0,0
1884,0,null,0,0,0
1885,0,null,0,0,0
1886,0,null,0,0,0
1887,0,null,0,0,0
1888,0,null,0,0,0
1889,3,secondary_proton,1,1,1
1890,0,null,0,0,0
1891,1,primary_proton,1,1,1
1892,0,null,0,0,0
1893,0,null,0,0,0
1894,0,null,0,0,0
1895,0,null,0,0,0
1896,0,null,0,0,0
1897,0,null,0,0,0
1898,0,null,0,0,0
1899,0,null,0,0,0
1900,0,null,0,0,0
1901,0,null,0,0,0
1902,0,null,0,0,0
1903,0,null,0,0,0
1904,0,null,0,0,0
1905,0,null,0,0,0
1906,0,null,0,0,0
1907,0,null,0,0,0
1908,0,null,0,0,0
1909,0,null,0,0,0
1910,0,null,0,0,0
1911,0,null,0,0,0
1912,0,null,0,0,0
1913,0,null,0,0,0
1914,0,null,0,0,0
1915,0,null,0,0,0
1916,0,null,0,0,0
1917,0,null,0,0,0
1918,0,null,0,0,0
1919,0,null,0,0,0
1920,0,null,0,0,0
1921,0,null,0,0,0
1922,0,null,0,0,0
1923,0,null,0,0,0
1924,23,pi+,1,1,1
1925,29,secondary_proton,1,0,0
1926,0,null,0,0,0
1927,0,null,0,0,0
1928,0,null,0,0,0
1929,0,null,0,0,0
1930,0,null,0,0,0
1931,0,null,0,0,0
1932,0,null,0,0,0
1933,0,null,0,0,0
1934,0,null,0,0,0
1935,0,null,0,0,0
1936,0,null,0,0,0
1937,0,null,0,0,0
1938,0,null,0,0,0
1939,0,null,0,0,0
1940,0,null,0,0,0
1941,0,null,0,0,0
1942,0,null,0,0,0
1943,0,null,0,0,0
1944,0,null,0,0,0
1945,0,null,0,0,0
1946,0,null,0,0,0
1947,0,null,0,0,0
1948,0,null,0,0,0
1949,1,primary_proton,1,1,1
1950,0,null,0,0,0
1951,0,null,0,0,0
1952,0,null,0,0,0
1953,0,null,0,0,0
1954,0,null,0,0,0
1955,0,null,0,0,0
1956,0,null,0,0,0
1957,10,pi+,1,1,1
1958,0,null,0,0,0
1959,0,null,0,0,0
1960,0,null,0,0,0
1961,0,null,0,0,0
1962,0,null,0,0,0
1963,0,null,0,0,0
1964,0,null,0,0,0
1965,0,null,0,0,0
1966,0,null,0,0,0
1967,0,null,0,0,0
1968,0,null,0,0,0
1969,0,null,0,0,0
1970,0,null,0,0,0
1971,0,null,0,0,0
1972,0,null,0,0,0
1973,0,null,0,0,0
1974,0,null,0,0,0
1975,0,null,0,0,0
1976,0,null,0,0,0
1977,1,primary_proton,1,1,1
1978,0,null,0,0,0
1979,0,null,0,0,0
1980,0,null,0,0,0
1981,0,null,0,0,0
1982,0,null,0,0,0
1983,0,null,0,0,0
1984,0,null,0,0,0
1985,0,null,0,0,0
1986,0,null,0,0,0
1987,0,null,0,0,0
1988,0,null,0,0,0
1989,0,null,0,0,0
1990,1,primary_proton,1,1,1
1991,0,null,0,0,0
1992,0,null,0,0,0
1993,0,null,0,0,0
1994,0,null,0,0,0
1995,0,null,0,0,0
1996,0,null,0,0,0
1997,0,null,0,0,0
1998,0,null,0,0,0
1999,0,null,0,0,0
2000,0,null,0,0,0
2001,0,null,0,0,0
2002,0,null,0,0,0
2003,0,null,0,0,0
2004,0,null,0,0,0
2005,0,null,0,0,0
2006,0,null,0,0,0
2007,1,primary_proton,1,1,1
2008,0,null,0,0,0
2009,0,null,0,0,0
2010,0,null,0,0,0
2011,0,null,0,0,0
2012,0,null,0,0,0
2013,0,null,0,0,0
2014,0,null,0,0,0
2015,0,null,0,0,0
2016,1,primary_proton,1,1,1
2017,0,null,0,0,0
2018,0,null,0,0,0
2019,0,null,0,0,0
2020,0,null,0,0,0
2021,0,null,0,0,0
2022,0,null,0,0,0
2023,0,null,0,0,0
2024,0,null,0,0,0
2025,0,null,0,0,0
2026,0,null,0,0,0
2027,0,null,0,0,0
2028,0,null,0,0,0
2029,0,null,0,0,0
2030,0,null,0,0,0
2031,0,null,0,0,0
2032,0,null,0,0,0
2033,0,null,0,0,0
2034,0,null,0,0,0
2035,0,null,0,0,0
2036,0,null,0,0,0
2037,0,null,0,0,0
2038,1,primary_proton,1,1,1
2039,10,secondary_proton,1,1,1
2040,0,null,0,0,0
2041,0,null,0,0,0
2042,0,null,0,0,0
2043,0,null,0,0,0
2044,0,null,0,0,0
2045,0,null,0,0,0
2046,11,pi-,1,1,1
2047,0,null,0,0,0
2048,0,null,0,0,0
2049,0,null,0,0,0
2050,0,null,0,0,0
2052,0,null,0,0,0
2053,0,null,0,0,0
2054,0,null,0,0,0
2055,0,null,0,0,0
2056,0,null,0,0,0
2057,0,null,0,0,0
2058,0,null,0,0,0
2059,0,null,0,0,0
2060,0,null,0,0,0
2061,0,null,0,0,0
2062,0,null,0,0,0
2063,0,null,0,0,0
2064,0,null,0,0,0
2065,0,null,0,0,0
2066,0,null,0,0,0
2067,0,null,0,0,0
2068,0,null,0,0,0
2069,0,null,0,0,0
2070,0,null,0,0,0
2071,0,null,0,0,0
2072,0,null,0,0,0
2073,0,null,0,0,0
2074,0,null,0,0,0
2075,742,e-,1,0,0
2076,0,null,0,0,0
2077,0,null,0,0,0
2078,0,null,0,0,0
2079,0,null,0,0,0
2080,0,null,0,0,0
2081,0,null,0,0,0
2082,0,null,0,0,0
2083,0,null,0,0,0
2084,0,null,0,0,0
2085,0,null,0,0,0
2086,0,null,0,0,0
2087,0,null,0,0,0
2088,0,null,0,0,0
2089,0,null,0,0,0
2090,0,null,0,0,0
2091,0,null,0,0,0
2092,1,primary_proton,1,1,1
2093,0,null,0,0,0
2094,0,null,0,0,0
2095,0,null,0,0,0
2096,0,null,0,0,0
2097,0,null,0,0,0
2098,0,null,0,0,0
2099,0,null,0,0,0
2100,0,null,0,0,0
2101,0,null,0,0,0
2102,0,null,0,0,0
2103,0,null,0,0,0
2104,0,null,0,0,0
2105,1,primary_proton,1,1,1
2106,6,pi+,1,1,1
2107,0,null,0,0,0
2108,0,null,0,0,0
2109,0,null,0,0,0
2110,0,null,0,0,0
2111,1,primary_proton,1,1,1
2112,9,secondary_proton,1,1,1
2113,0,null,0,0,0
2114,0,null,0,0,0
2115,0,null,0,0,0
2116,0,null,0,0,0
2117,0,null,0,0,0
2118,0,null,0,0,0
2119,0,null,0,0,0
2120,0,null,0,0,0
2121,0,null,0,0,0
2122,0,null,0,0,0
2123,0,null,0,0,0
2124,0,null,0,0,0
2125,0,null,0,0,0
2126,0,null,0,0,0
2127,0,null,0,0,0
2128,0,null,0,0,0
2129,0,null,0,0,0
2130,0,null,0,0,0
2131,0,null,0,0,0
2132,0,null,0,0,0
2133,0,null,0,0,0
2134,164,pi-,1,1,0
2135,0,null,0,0,0
2136,0,null,0,0,0
2137,7,secondary_proton,1,1,1
2138,0,null,0,0,0
2139,0,null,0,0,0
2140,0,null,0,0,0
2141,0,null,0,0,0
2142,0,null,0,0,0
2143,498,secondary_proton,1,0,0
2144,0,null,0,0,0
2145,0,null,0,0,0
2146,0,null,0,0,0
2147,0,null,0,0,0
2148,0,null,0,0,0
2149,0,null,0,0,0
2150,3,secondary_proton,1,1,1
2151,0,null,0,0,0
2152,0,null,0,0,0
2153,0,null,0,0,0
2154,0,null,0,0,0
2155,0,null,0,0,0
2156,0,null,0,0,0
2157,0,null,0,0,0
2158,0,null,0,0,0
2159,0,null,0,0,0
2160,0,null,0,0,0
2161,0,null,0,0,0
2162,0,null,0,0,0
2163,0,null,0,0,0
2164,0,null,0,0,0
2165,0,null,0,0,0
2166,0,null,0,0,0
2167,0,null,0,0,0
2168,0,null,0,0,0
2169,0,null,0,0,0
2170,0,null,0,0,0
2171,0,null,0,0,0
2172,0,null,0,0,0
2173,0,null,0,0,0
2174,0,null,0,0,0
2175,0,null,0,0,0
2176,0,null,0,0,0
2177,0,null,0,0,0
2178,0,null,0,0,0
2179,0,null,0,0,0
2180,0,null,0,0,0
2181,0,null,0,0,0
2182,0,null,0,0,0
2183,0,null,0,0,0
2184,0,null,0,0,0
2185,0,null,0,0,0
2186,0,null,0,0,0
2187,0,null,0,0,0
2188,0,null,0,0,0
2189,0,null,0,0,0
2190,0,null,0,0,0
2191,0,null,0,0,0
2192,0,null,0,0,0
2193,0,null,0,0,0
2194,12,secondary_proton,1,1,0
2195,0,null,0,0,0
2196,0,null,0,0,0
2197,0,null,0,0,0
2198,0,null,0,0,0
2199,0,null,0,0,0
2200,0,null,0,0,0
2201,0,null,0,0,0
2202,0,null,0,0,0
2203,0,null,0,0,0
2204,0,null,0,0,0
2205,0,null,0,0,0
2206,0,null,0,0,0
2207,0,null,0,0,0
2208,0,null,0,0,0
2209,0,null,0,0,0
2210,0,null,0,0,0
2211,0,null,0,0,0
2212,0,null,0,0,0
2213,0,null,0,0,0
2214,0,null,0,0,0
2215,0,null,0,0,0
2216,0,null,0,0,0
2217,0,null,0,0,0
2218,0,null,0,0,0
2219,0,null,0,0,0
2220,0,null,0,0,0
2221,0,null,0,0,0
2222,0,null,0,0,0
2223,0,null,0,0,0
2224,0,null,0,0,0
2225,0,null,0,0,0
2226,0,null,0,0,0
2227,0,null,0,0,0
2228,0,null,0,0,0
2229,7,pi+,1,1,1
2230,0,null,0,0,0
2231,0,null,0,0,0
2232,0,null,0,0,0
2233,0,null,0,0,0
2234,1,primary_proton,1,1,1
2235,1,primary_proton,1,1,1
2236,0,null,0,0,0
2237,0,null,0,0,0
2238,0,null,0,0,0
2239,0,null,0,0,0
2240,5,pi+,1,1,1
2241,0,null,0,0,0
2242,0,null,0,0,0
2243,0,null,0,0,0
2244,0,null,0,0,0
2245,0,null,0,0,0
2246,0,null,0,0,0
2247,0,null,0,0,0
2248,0,null,0,0,0
2249,0,null,0,0,0
2250,0,null,0,0,0
2251,0,null,0,0,0
2252,0,null,0,0,0
2253,9,pi+,1,1,1
2254,1,primary_proton,1,1,1
2255,0,null,0,0,0
2256,0,null,0,0,0
2257,0,null,0,0,0
2258,0,null,0,0,0
2259,0,null,0,0,0
2260,0,null,0,0,0
2261,0,null,0,0,0
2262,0,null,0,0,0
2263,0,null,0,0,0
2264,0,null,0,0,0
2265,0,null,0,0,0
2266,0,null,0,0,0
2267,0,null,0,0,0
2268,0,null,0,0,0
2269,0,null,0,0,0
2270,0,null,0,0,0
2271,0,null,0,0,0
2273,0,null,0,0,0
2274,0,null,0,0,0
2275,0,null,0,0,0
2276,0,null,0,0,0
2277,0,null,0,0,0
2278,0,null,0,0,0
2279,0,null,0,0,0
2280,0,null,0,0,0
2281,0,null,0,0,0
2282,0,null,0,0,0
2283,0,null,0,0,0
2284,0,null,0,0,0
2285,1,primary_proton,1,1,1
2286,0,null,0,0,0
2287,0,null,0,0,0
2288,0,null,0,0,0
2289,0,null,0,0,0
2290,0,null,0,0,0
2291,0,null,0,0,0
2292,0,null,0,0,0
2293,0,null,0,0,0
2294,0,null,0,0,0
2295,0,null,0,0,0
2296,0,null,0,0,0
2297,0,null,0,0,0
2298,0,null,0,0,0
2299,0,null,0,0,0
2300,0,null,0,0,0
2301,0,null,0,0,0
2302,7,pi+,1,1,0
2303,0,null,0,0,0
2304,0,null,0,0,0
2305,0,null,0,0,0
2306,1,primary_proton,1,1,1
2307,0,null,0,0,0
2308,0,null,0,0,0
2309,0,null,0,0,0
2310,0,null,0,0,0
2311,0,null,0,0,0
2312,0,null,0,0,0
2313,0,null,0,0,0
2314,1,primary_proton,1,1,1
2315,0,null,0,0,0
2316,0,null,0,0,0
2317,0,null,0,0,0
2318,0,null,0,0,0
2319,0,null,0,0,0
2320,0,null,0,0,0
2321,0,null,0,0,0
2322,0,null,0,0,0
2323,0,null,0,0,0
2324,0,null,0,0,0
2325,10,pi+,1,1,0
2326,0,null,0,0,0
2327,0,null,0,0,0
2328,0,null,0,0,0
2329,0,null,0,0,0
2330,0,null,0,0,0
2331,0,null,0,0,0
2332,0,null,0,0,0
2333,0,null,0,0,0
2334,0,null,0,0,0
2335,0,null,0,0,0
2336,0,null,0,0,0
2337,12,pi+,1,1,1
2338,0,null,0,0,0
2339,6,secondary_proton,1,0,0
2340,0,null,0,0,0
2341,0,null,0,0,0
2342,0,null,0,0,0
2343,0,null,0,0,0
2344,0,null,0,0,0
2345,0,null,0,0,0
2346,0,null,0,0,0
2347,0,null,0,0,0
2348,0,null,0,0,0
2349,0,null,0,0,0
2350,0,null,0,0,0
2351,0,null,0,0,0
2352,0,null,0,0,0
2353,0,null,0,0,0
2354,1,primary_proton,1,1,1
2355,0,null,0,0,0
2356,0,null,0,0,0
2357,0,null,0,0,0
2358,0,null,0,0,0
2359,0,null,0,0,0
2360,10,kaon+,1,1,1
2361,0,null,0,0,0
2362,0,null,0,0,0
2363,0,null,0,0,0
2364,0,null,0,0,0
2365,0,null,0,0,0
2366,11,pi+,1,1,1
2367,0,null,0,0,0
2368,0,null,0,0,0
2369,0,null,0,0,0
2370,0,null,0,0,0
2371,0,null,0,0,0
2372,9,secondary_proton,1,1,0
2373,0,null,0,0,0
2374,0,null,0,0,0
2375,0,null,0,0,0
2376,0,null,0,0,0
2377,0,null,0,0,0
2378,0,null,0,0,0
2379,0,null,0,0,0
2380,0,null,0,0,0
2381,0,null,0,0,0
2382,0,null,0,0,0
2383,0,null,0,0,0
2384,0,null,0,0,0
2385,0,null,0,0,0
2386,0,null,0,0,0
2387,0,null,0,0,0
2388,0,null,0,0,0
2389,0,null,0,0,0
2390,0,null,0,0,0
2391,0,null,0,0,0
2392,0,null,0,0,0
2393,0,null,0,0,0
2394,0,null,0,0,0
2395,0,null,0,0,0
2396,0,null,0,0,0
2397,0,null,0,0,0
2398,0,null,0,0,0
2399,0,null,0,0,0
2400,0,null,0,0,0
2401,0,null,0,0,0
2402,0,null,0,0,0
2403,0,null,0,0,0
2404,0,null,0,0,0
2405,0,null,0,0,0
2406,0,null,0,0,0
2407,0,null,0,0,0
2408,0,null,0,0,0
2409,0,null,0,0,0
2410,0,null,0,0,0
2411,0,null,0,0,0
2412,0,null,0,0,0
2413,0,null,0,0,0
2414,0,null,0,0,0
2415,0,null,0,0,0
2416,495,e-,1,1,0
2417,0,null,0,0,0
2418,0,null,0,0,0
2419,0,null,0,0,0
2420,0,null,0,0,0
2421,0,null,0,0,0
2422,0,null,0,0,0
2423,0,null,0,0,0
2424,0,null,0,0,0
2425,0,null,0,0,0
2426,0,null,0,0,0
2427,0,null,0,0,0
2428,0,null,0,0,0
2429,0,null,0,0,0
2430,1,primary_proton,1,1,1
2431,0,null,0,0,0
2432,0,null,0,0,0
2433,0,null,0,0,0
2434,0,null,0,0,0
2435,0,null,0,0,0
2436,0,null,0,0,0
2437,0,null,0,0,0
2438,0,null,0,0,0
2439,0,null,0,0,0
2440,223,e+,1,1,1
2441,0,null,0,0,0
2442,15,pi+,1,1,1
2443,0,null,0,0,0
2444,0,null,0,0,0
2445,0,null,0,0,0
2446,0,null,0,0,0
2447,0,null,0,0,0
2448,0,null,0,0,0
2449,0,null,0,0,0
2450,0,null,0,0,0
2451,0,null,0,0,0
2452,0,null,0,0,0
2453,0,null,0,0,0
2454,9,secondary_proton,1,1,1
2455,0,null,0,0,0
2456,0,null,0,0,0
2457,0,null,0,0,0
2458,0,null,0,0,0
2459,394,pi+,1,1,1
2460,0,null,0,0,0
2461,0,null,0,0,0
2462,0,null,0,0,0
2463,0,null,0,0,0
2464,0,null,0,0,0
2465,0,null,0,0,0
2466,0,null,0,0,0
2467,0,null,0,0,0
2468,0,null,0,0,0
2469,0,null,0,0,0
2470,0,null,0,0,0
2471,0,null,0,0,0
2472,0,null,0,0,0
2473,0,null,0,0,0
2474,0,null,0,0,0
2475,0,null,0,0,0
2476,0,null,0,0,0
2477,0,null,0,0,0
2478,0,null,0,0,0
2479,0,null,0,0,0
2480,1,primary_proton,1,1,1
2481,0,null,0,0,0
2482,0,null,0,0,0
2483,0,null,0,0,0
2484,0,null,0,0,0
2485,1,primary_proton,1,1,1
2486,0,null,0,0,0
2487,0,null,0,0,0
2488,0,null,0,0,0
2489,0,null,0,0,0
2490,0,null,0,0,0
2491,0,null,0,0,0
2492,0,null,0,0,0
2494,14,pi-,1,1,1
2495,0,null,0,0,0
2496,0,null,0,0,0
2497,5,secondary_proton,1,0,1
2498,0,null,0,0,0
2499,0,null,0,0,0
2500,0,null,0,0,0
2501,0,null,0,0,0
2502,0,null,0,0,0
2503,0,null,0,0,0
2504,0,null,0,0,0
2505,0,null,0,0,0
2506,0,null,0,0,0
2507,0,null,0,0,0
2508,7,pi+,1,1,1
2509,0,null,0,0,0
2510,0,null,0,0,0
2511,0,null,0,0,0
2512,0,null,0,0,0
2513,0,null,0,0,0
2514,0,null,0,0,0
2515,0,null,0,0,0
2516,0,null,0,0,0
2517,0,null,0,0,0
2518,0,null,0,0,0
2519,0,null,0,0,0
2520,0,null,0,0,0
2521,0,null,0,0,0
2522,0,null,0,0,0
2523,0,null,0,0,0
2524,0,null,0,0,0
2525,0,null,0,0,0
2526,0,null,0,0,0
2527,0,null,0,0,0
2528,0,null,0,0,0
2529,0,null,0,0,0
2530,0,null,0,0,0
2531,0,null,0,0,0
2532,0,null,0,0,0
2533,0,null,0,0,0
2534,0,null,0,0,0
2535,0,null,0,0,0
2536,0,null,0,0,0
2537,0,null,0,0,0
2538,0,null,0,0,0
2539,0,null,0,0,0
2540,0,null,0,0,0
2541,0,null,0,0,0
2542,0,null,0,0,0
2543,0,null,0,0,0
2544,0,null,0,0,0
2545,0,null,0,0,0
2546,0,null,0,0,0
2547,0,null,0,0,0
2548,0,null,0,0,0
2549,0,null,0,0,0
2550,0,null,0,0,0
2551,0,null,0,0,0
2552,0,null,0,0,0
2553,892,secondary_proton,1,0,0
2554,0,null,0,0,0
2555,0,null,0,0,0
2556,0,null,0,0,0
2557,0,null,0,0,0
2558,0,null,0,0,0
2559,0,null,0,0,0
2560,0,null,0,0,0
2561,0,null,0,0,0
2562,0,null,0,0,0
2563,0,null,0,0,0
2564,0,null,0,0,0
2565,0,null,0,0,0
2566,0,null,0,0,0
2567,0,null,0,0,0
2568,0,null,0,0,0
2569,0,null,0,0,0
2570,0,null,0,0,0
2571,0,null,0,0,0
2572,0,null,0,0,0
2573,0,null,0,0,0
2574,0,null,0,0,0
2575,0,null,0,0,0
2576,0,null,0,0,0
2577,0,null,0,0,0
2578,0,null,0,0,0
2579,0,null,0,0,0
2580,0,null,0,0,0
2581,0,null,0,0,0
2582,0,null,0,0,0
2583,0,null,0,0,0
2584,0,null,0,0,0
2585,0,null,0,0,0
2586,0,null,0,0,0
2587,0,null,0,0,0
2588,0,null,0,0,0
2589,0,null,0,0,0
2590,0,null,0,0,0
2591,0,null,0,0,0
2592,0,null,0,0,0
2593,0,null,0,0,0
2594,0,null,0,0,0
2595,0,null,0,0,0
2596,0,null,0,0,0
2597,0,null,0,0,0
2598,0,null,0,0,0
2599,0,null,0,0,0
2600,1284,e-,0,0,1
2601,0,null,0,0,0
2602,0,null,0,0,0
2603,0,null,0,0,0
2604,0,null,0,0,0
2605,0,null,0,0,0
2606,0,null,0,0,0
2607,0,null,0,0,0
2608,0,null,0,0,0
2609,0,null,0,0,0
2610,0,null,0,0,0
2611,1,primary_proton,1,1,1
2612,0,null,0,0,0
2613,0,null,0,0,0
2614,0,null,0,0,0
2615,0,null,0,0,0
2616,0,null,0,0,0
2617,0,null,0,0,0
2618,0,null,0,0,0
2619,0,null,0,0,0
2620,0,null,0,0,0
2621,0,null,0,0,0
2622,0,null,0,0,0
2623,0,null,0,0,0
2624,0,null,0,0,0
2625,0,null,0,0,0
2626,0,null,0,0,0
2627,0,null,0,0,0
2628,0,null,0,0,0
2629,0,null,0,0,0
2630,0,null,0,0,0
2631,0,null,0,0,0
2632,0,null,0,0,0
2633,0,null,0,0,0
2634,0,null,0,0,0
2635,0,null,0,0,0
2636,0,null,0,0,0
2637,0,null,0,0,0
2638,0,null,0,0,0
2639,0,null,0,0,0
2640,0,null,0,0,0
2641,0,null,0,0,0
2642,0,null,0,0,0
2643,0,null,0,0,0
2644,0,null,0,0,0
2645,0,null,0,0,0
2646,0,null,0,0,0
2647,0,null,0,0,0
2648,0,null,0,0,0
2649,0,null,0,0,0
2650,0,null,0,0,0
2651,898,e-,0,1,0
2652,0,null,0,0,0
2653,0,null,0,0,0
2654,0,null,0,0,0
2655,0,null,0,0,0
2656,6,secondary_proton,1,1,1
2657,0,null,0,0,0
2658,0,null,0,0,0
2659,0,null,0,0,0
2660,0,null,0,0,0
2661,0,null,0,0,0
2662,1,primary_proton,1,1,1
2663,0,null,0,0,0
2664,0,null,0,0,0
2665,0,null,0,0,0
2666,0,null,0,0,0
2667,0,null,0,0,0
2668,0,null,0,0,0
2669,0,null,0,0,0
2670,0,null,0,0,0
2671,0,null,0,0,0
2672,0,null,0,0,0
2673,0,null,0,0,0
2674,0,null,0,0,0
2675,0,null,0,0,0
2676,0,null,0,0,0
2677,0,null,0,0,0
2678,0,null,0,0,0
2679,0,null,0,0,0
2680,0,null,0,0,0
2681,0,null,0,0,0
2682,0,null,0,0,0
2683,0,null,0,0,0
2684,0,null,0,0,0
2685,0,null,0,0,0
2686,0,null,0,0,0
2687,0,null,0,0,0
2688,0,null,0,0,0
2689,0,null,0,0,0
2690,0,null,0,0,0
2691,0,null,0,0,0
2692,0,null,0,0,0
2693,0,null,0,0,0
2694,0,null,0,0,0
2695,0,null,0,0,0
2696,0,null,0,0,0
2697,0,null,0,0,0
2698,0,null,0,0,0
2699,0,null,0,0,0
2700,0,null,0,0,0
2701,0,null,0,0,0
2702,0,null,0,0,0
2703,0,null,0,0,0
2704,0,null,0,0,0
2705,0,null,0,0,0
2706,0,null,0,0,0
2707,0,null,0,0,0
2708,0,null,0,0,0
2709,0,null,0,0,0
2710,0,null,0,0,0
2711,0,null,0,0,0
2712,0,null,0,0,0
2713,0,null,0,0,0
2714,0,null,0,0,0
2715,0,null,0,0,0
2716,0,null,0,0,0
2717,0,null,0,0,0
2719,0,null,0,0,0
2720,7,secondary_proton,1,1,1
2721,0,null,0,0,0
2722,0,null,0,0,0
2723,0,null,0,0,0
2724,0,null,0,0,0
2725,0,null,0,0,0
2726,0,null,0,0,0
2727,0,null,0,0,0
2728,0,null,0,0,0
2729,1,primary_proton,1,1,1
2730,0,null,0,0,0
2731,0,null,0,0,0
2732,0,null,0,0,0
2733,0,null,0,0,0
2734,0,null,0,0,0
2735,6,secondary_proton,1,1,1
2736,0,null,0,0,0
2737,20,secondary_proton,1,1,1
2738,0,null,0,0,0
2739,14,pi-,1,1,1
2740,0,null,0,0,0
2741,0,null,0,0,0
2742,0,null,0,0,0
2743,0,null,0,0,0
2744,0,null,0,0,0
2745,0,null,0,0,0
2746,0,null,0,0,0
2747,0,null,0,0,0
2748,0,null,0,0,0
2749,0,null,0,0,0
2750,0,null,0,0,0
2751,0,null,0,0,0
2752,0,null,0,0,0
2753,0,null,0,0,0
2754,0,null,0,0,0
2755,0,null,0,0,0
2756,1,primary_proton,1,1,1
2757,0,null,0,0,0
2758,0,null,0,0,0
2759,0,null,0,0,0
2760,0,null,0,0,0
2761,0,null,0,0,0
2762,0,null,0,0,0
2763,0,null,0,0,0
2764,0,null,0,0,0
2765,0,null,0,0,0
2766,0,null,0,0,0
2767,0,null,0,0,0
2768,0,null,0,0,0
2769,0,null,0,0,0
2770,0,null,0,0,0
2771,0,null,0,0,0
2772,0,null,0,0,0
2773,0,null,0,0,0
2774,0,null,0,0,0
2775,6,e-,1,1,0
2776,0,null,0,0,0
2777,0,null,0,0,0
2778,0,null,0,0,0
2779,0,null,0,0,0
2780,0,null,0,0,0
2781,0,null,0,0,0
2782,0,null,0,0,0
2783,0,null,0,0,0
2784,0,null,0,0,0
2785,0,null,0,0,0
2786,0,null,0,0,0
2787,0,null,0,0,0
2788,0,null,0,0,0
2789,0,null,0,0,0
2790,15,secondary_proton,1,1,1
2791,0,null,0,0,0
2792,0,null,0,0,0
2793,0,null,0,0,0
2794,0,null,0,0,0
2795,0,null,0,0,0
2796,0,null,0,0,0
2797,2,secondary_proton,1,1,1
2798,0,null,0,0,0
2799,0,null,0,0,0
2800,0,null,0,0,0
2801,0,null,0,0,0
2802,0,null,0,0,0
2803,0,null,0,0,0
2804,0,null,0,0,0
2805,0,null,0,0,0
2806,0,null,0,0,0
2807,0,null,0,0,0
2808,0,null,0,0,0
2809,3154,secondary_proton,1,0,0
2810,0,null,0,0,0
2811,0,null,0,0,0
2812,0,null,0,0,0
2813,0,null,0,0,0
2814,0,null,0,0,0
2815,0,null,0,0,0
2816,0,null,0,0,0
2817,0,null,0,0,0
2818,0,null,0,0,0
2819,0,null,0,0,0
2820,0,null,0,0,0
2821,0,null,0,0,0
2822,0,null,0,0,0
2823,0,null,0,0,0
2824,0,null,0,0,0
2825,0,null,0,0,0
2826,0,null,0,0,0
2827,0,null,0,0,0
2828,0,null,0,0,0
2829,0,null,0,0,0
2830,0,null,0,0,0
2831,0,null,0,0,0
2832,0,null,0,0,0
2833,0,null,0,0,0
2834,0,null,0,0,0
2835,0,null,0,0,0
2836,0,null,0,0,0
2837,0,null,0,0,0
2838,0,null,0,0,0
2839,0,null,0,0,0
2840,1,primary_proton,1,1,1
2841,16,pi+,1,1,1
2842,0,null,0,0,0
2843,0,null,0,0,0
2844,0,null,0,0,0
2845,0,null,0,0,0
2846,0,null,0,0,0
2847,0,null,0,0,0
2848,0,null,0,0,0
2849,0,null,0,0,0
2850,0,null,0,0,0
2851,0,null,0,0,0
2852,0,null,0,0,0
2853,0,null,0,0,0
2854,0,null,0,0,0
2855,0,null,0,0,0
2856,0,null,0,0,0
2857,0,null,0,0,0
2858,0,null,0,0,0
2859,0,null,0,0,0
2860,0,null,0,0,0
2861,0,null,0,0,0
2862,0,null,0,0,0
2863,0,null,0,0,0
2864,0,null,0,0,0
2865,0,null,0,0,0
2866,0,null,0,0,0
2867,0,null,0,0,0
2868,0,null,0,0,0
2869,0,null,0,0,0
2870,0,null,0,0,0
2871,0,null,0,0,0
2872,0,null,0,0,0
2873,0,null,0,0,0
2874,0,null,0,0,0
2875,0,null,0,0,0
2876,0,null,0,0,0
2877,0,null,0,0,0
2878,0,null,0,0,0
2879,0,null,0,0,0
2880,0,null,0,0,0
2881,0,null,0,0,0
2882,0,null,0,0,0
2883,0,null,0,0,0
2884,0,null,0,0,0
2885,0,null,0,0,0
2886,0,null,0,0,0
2887,0,null,0,0,0
2888,0,null,0,0,0
2889,0,null,0,0,0
2890,0,null,0,0,0
2891,0,null,0,0,0
2892,0,null,0,0,0
2893,0,null,0,0,0
2894,0,null,0,0,0
2895,0,null,0,0,0
2896,0,null,0,0,0
2897,0,null,0,0,0
2898,0,null,0,0,0
2899,0,null,0,0,0
2900,0,null,0,0,0
2901,0,null,0,0,0
2902,0,null,0,0,0
2903,0,null,0,0,0
2904,0,null,0,0,0
2905,0,null,0,0,0
2906,541,secondary_proton,1,1,1
2907,0,null,0,0,0
2908,0,null,0,0,0
2909,0,null,0,0,0
2910,0,null,0,0,0
2911,0,null,0,0,0
2912,0,null,0,0,0
2913,0,null,0,0,0
2914,0,null,0,0,0
2915,0,null,0,0,0
2916,0,null,0,0,0
2917,0,null,0,0,0
2918,0,null,0,0,0
2919,0,null,0,0,0
2920,0,null,0,0,0
2921,0,null,0,0,0
2922,0,null,0,0,0
2923,0,null,0,0,0
2924,0,null,0,0,0
2925,0,null,0,0,0
2926,0,null,0,0,0
2927,0,null,0,0,0
2928,1,primary_proton,1,1,1
2929,0,null,0,0,0
2930,0,null,0,0,0
2931,0,null,0,0,0
2932,0,null,0,0,0
2933,0,null,0,0,0
2934,0,null,0,0,0
2935,0,null,0,0,0
2936,0,null,0,0,0
2937,0,null,0,0,0
2939,0,null,0,0,0
2940,0,null,0,0,0
2941,0,null,0,0,0
2942,0,null,0,0,0
2943,0,null,0,0,0
2944,0,null,0,0,0
2945,2,secondary_proton,1,1,1
2946,0,null,0,0,0
2947,0,null,0,0,0
2948,0,null,0,0,0
2949,0,null,0,0,0
2950,0,null,0,0,0
2951,0,null,0,0,0
2952,0,null,0,0,0
2953,0,null,0,0,0
2954,0,null,0,0,0
2955,0,null,0,0,0
2956,0,null,0,0,0
2957,0,null,0,0,0
2958,0,null,0,0,0
2959,0,null,0,0,0
2960,0,null,0,0,0
2961,0,null,0,0,0
2962,1049,e-,1,1,1
2963,0,null,0,0,0
2964,0,null,0,0,0
2965,0,null,0,0,0
2966,29,pi+,1,1,1
2967,448,pi+,1,1,1
2968,0,null,0,0,0
2969,0,null,0,0,0
2970,14,pi-,1,1,1
2971,0,null,0,0,0
2972,0,null,0,0,0
2973,0,null,0,0,0
2974,0,null,0,0,0
2975,0,null,0,0,0
2976,0,null,0,0,0
2977,0,null,0,0,0
2978,0,null,0,0,0
2979,0,null,0,0,0
2980,0,null,0,0,0
2981,0,null,0,0,0
2982,0,null,0,0,0
2983,0,null,0,0,0
2984,0,null,0,0,0
2985,0,null,0,0,0
2986,0,null,0,0,0
2987,0,null,0,0,0
2988,0,null,0,0,0
2989,0,null,0,0,0
2990,0,null,0,0,0
2991,0,null,0,0,0
2992,0,null,0,0,0
2993,0,null,0,0,0
2994,0,null,0,0,0
2995,0,null,0,0,0
2996,0,null,0,0,0
2997,0,null,0,0,0
2998,0,null,0,0,0
2999,0,null,0,0,0
3000,0,null,0,0,0
3001,0,null,0,0,0
3002,0,null,0,0,0
3003,0,null,0,0,0
3004,0,null,0,0,0
3005,0,null,0,0,0
3006,0,null,0,0,0
3007,0,null,0,0,0
3008,0,null,0,0,0
3009,0,null,0,0,0
3010,0,null,0,0,0
3011,0,null,0,0,0
3012,0,null,0,0,0
3013,0,null,0,0,0
3014,0,null,0,0,0
3015,25,pi-,1,0,1
3016,0,null,0,0,0
3017,0,null,0,0,0
3018,0,null,0,0,0
3019,0,null,0,0,0
3020,0,null,0,0,0
3021,0,null,0,0,0
3022,0,null,0,0,0
3023,1,primary_proton,1,1,1
3024,6,pi-,1,0,0
3025,0,null,0,0,0
3026,0,null,0,0,0
3027,0,null,0,0,0
3028,2949,pi+,1,0,0
3029,0,null,0,0,0
3030,0,null,0,0,0
3031,1,primary_proton,1,1,1
3032,0,null,0,0,0
3033,0,null,0,0,0
3034,0,null,0,0,0
3035,0,null,0,0,0
3036,0,null,0,0,0
3037,0,null,0,0,0
3038,0,null,0,0,0
3039,0,null,0,0,0
3040,0,null,0,0,0
3041,0,null,0,0,0
3042,0,null,0,0,0
3043,0,null,0,0,0
3044,0,null,0,0,0
3045,0,null,0,0,0
3046,0,null,0,0,0
3047,0,null,0,0,0
3048,0,null,0,0,0
3049,0,null,0,0,0
3050,0,null,0,0,0
3051,0,null,0,0,0
3052,0,null,0,0,0
3053,0,null,0,0,0
3054,0,null,0,0,0
3055,0,null,0,0,0
3056,0,null,0,0,0
3057,0,null,0,0,0
3058,0,null,0,0,0
3059,0,null,0,0,0
3060,3330,e-,0,1,0
3061,0,null,0,0,0
3062,0,null,0,0,0
3063,0,null,0,0,0
3064,0,null,0,0,0
3065,0,null,0,0,0
3066,0,null,0,0,0
3067,0,null,0,0,0
3068,0,null,0,0,0
3069,0,null,0,0,0
3070,0,null,0,0,0
3071,0,null,0,0,0
3072,0,null,0,0,0
3073,0,null,0,0,0
3074,0,null,0,0,0
3075,0,null,0,0,0
3076,0,null,0,0,0
3077,0,null,0,0,0
3078,0,null,0,0,0
3079,0,null,0,0,0
3080,0,null,0,0,0
3081,3340,secondary_proton,1,1,1
3082,0,null,0,0,0
3083,1,primary_proton,1,1,1
3084,0,null,0,0,0
3085,0,null,0,0,0
3086,0,null,0,0,0
3087,0,null,0,0,0
3088,0,null,0,0,0
3089,0,null,0,0,0
3090,0,null,0,0,0
3091,0,null,0,0,0
3092,0,null,0,0,0
3093,0,null,0,0,0
3094,24,pi-,1,1,1
3095,0,null,0,0,0
3096,0,null,0,0,0
3097,0,null,0,0,0
3098,4,secondary_proton,1,1,1
3099,0,null,0,0,0
3100,0,null,0,0,0
3101,0,null,0,0,0
3102,0,null,0,0,0
3103,1,primary_proton,1,1,1
3104,0,null,0,0,0
3105,0,null,0,0,0
3106,0,null,0,0,0
3107,0,null,0,0,0
3108,0,null,0,0,0
3109,13,secondary_proton,1,1,1
3110,0,null,0,0,0
3111,0,null,0,0,0
3112,0,null,0,0,0
3113,1,primary_proton,1,1,1
3114,0,null,0,0,0
3115,2473,secondary_proton,1,0,0
3116,0,null,0,0,0
3117,0,null,0,0,0
3118,0,null,0,0,0
3119,0,null,0,0,0
3120,0,null,0,0,0
3121,0,null,0,0,0
3122,0,null,0,0,0
3123,0,null,0,0,0
3124,0,null,0,0,0
3125,0,null,0,0,0
3126,0,null,0,0,0
3127,0,null,0,0,0
3128,0,null,0,0,0
3129,0,null,0,0,0
3130,0,null,0,0,0
3131,0,null,0,0,0
3132,0,null,0,0,0
3133,0,null,0,0,0
3134,0,null,0,0,0
3135,0,null,0,0,0
3136,0,null,0,0,0
3137,9,pi+,1,1,1
3138,0,null,0,0,0
3139,0,null,0,0,0
3140,0,null,0,0,0
3141,0,null,0,0,0
3142,0,null,0,0,0
3143,8,pi+,1,1,1
3144,0,null,0,0,0
3145,0,null,0,0,0
3146,0,null,0,0,0
3147,0,null,0,0,0
3148,0,null,0,0,0
3149,1,primary_proton,1,1,1
3150,0,null,0,0,0
3151,0,null,0,0,0
3152,0,null,0,0,0
3153,0,null,0,0,0
3154,0,null,0,0,0
3155,0,null,0,0,0
3156,0,null,0,0,0
3157,0,null,0,0,0
3159,0,null,0,0,0
3160,0,null,0,0,0
3161,0,null,0,0,0
3162,0,null,0,0,0
3163,0,null,0,0,0
3164,0,null,0,0,0
3165,0,null,0,0,0
3166,0,null,0,0,0
3167,0,null,0,0,0
3168,0,null,0,0,0
3169,15,pi-,1,0,0
3170,0,null,0,0,0
3171,0,null,0,0,0
3172,0,null,0,0,0
3173,0,null,0,0,0
3174,0,null,0,0,0
3175,0,null,0,0,0
3176,0,null,0,0,0
3177,0,null,0,0,0
3178,0,null,0,0,0
3179,0,null,0,0,0
3180,0,null,0,0,0
3181,0,null,0,0,0
3182,0,null,0,0,0
3183,0,null,0,0,0
3184,0,null,0,0,0
3185,0,null,0,0,0
3186,0,null,0,0,0
3187,0,null,0,0,0
3188,0,null,0,0,0
3189,0,null,0,0,0
3190,0,null,0,0,0
3191,0,null,0,0,0
3192,0,null,0,0,0
3193,0,null,0,0,0
3194,7,secondary_proton,1,1,1
3195,0,null,0,0,0
3196,0,null,0,0,0
3197,0,null,0,0,0
3198,0,null,0,0,0
3199,0,null,0,0,0
3200,0,null,0,0,0
3201,0,null,0,0,0
3202,0,null,0,0,0
3203,0,null,0,0,0
3204,0,null,0,0,0
3205,0,null,0,0,0
3206,0,null,0,0,0
3207,0,null,0,0,0
3208,0,null,0,0,0
3209,0,null,0,0,0
3210,0,null,0,0,0
3211,0,null,0,0,0
3212,0,null,0,0,0
3213,0,null,0,0,0
3214,0,null,0,0,0
3215,0,null,0,0,0
3216,1,primary_proton,1,1,1
3217,0,null,0,0,0
3218,0,null,0,0,0
3219,0,null,0,0,0
3220,0,null,0,0,0
3221,0,null,0,0,0
3222,0,null,0,0,0
3223,1,primary_proton,1,1,1
3224,0,null,0,0,0
3225,0,null,0,0,0
3226,0,null,0,0,0
3227,0,null,0,0,0
3228,0,null,0,0,0
3229,0,null,0,0,0
3230,0,null,0,0,0
3231,0,null,0,0,0
3232,0,null,0,0,0
3233,0,null,0,0,0
3234,0,null,0,0,0
3235,0,null,0,0,0
3236,0,null,0,0,0
3237,0,null,0,0,0
3238,0,null,0,0,0
3239,0,null,0,0,0
3240,0,null,0,0,0
3241,0,null,0,0,0
3242,9,secondary_proton,1,1,1
3243,0,null,0,0,0
3244,1,primary_proton,1,1,1
3245,0,null,0,0,0
3246,0,null,0,0,0
3247,0,null,0,0,0
3248,0,null,0,0,0
3249,4,secondary_proton,1,1,1
3250,0,null,0,0,0
3251,0,null,0,0,0
3252,0,null,0,0,0
3253,0,null,0,0,0
3254,0,null,0,0,0
3255,0,null,0,0,0
3256,1,primary_proton,1,1,1
3257,0,null,0,0,0
3258,0,null,0,0,0
3259,0,null,0,0,0
3260,0,null,0,0,0
3261,0,null,0,0,0
3262,0,null,0,0,0
3263,0,null,0,0,0
3264,0,null,0,0,0
3265,0,null,0,0,0
3266,0,null,0,0,0
3267,0,null,0,0,0
3268,0,null,0,0,0
3269,0,null,0,0,0
3270,5,pi+,1,1,1
3271,0,null,0,0,0
3272,0,null,0,0,0
3273,0,null,0,0,0
3274,0,null,0,0,0
3275,0,null,0,0,0
3276,0,null,0,0,0
3277,0,null,0,0,0
3278,0,null,0,0,0
3279,0,null,0,0,0
3280,0,null,0,0,0
3281,0,null,0,0,0
3282,0,null,0,0,0
3283,0,null,0,0,0
3284,0,null,0,0,0
3285,0,null,0,0,0
3286,0,null,0,0,0
3287,0,null,0,0,0
3288,0,null,0,0,0
3289,0,null,0,0,0
3290,0,null,0,0,0
3291,0,null,0,0,0
3292,7,secondary_proton,1,1,1
3293,0,null,0,0,0
3294,0,null,0,0,0
3295,0,null,0,0,0
3296,1,primary_proton,1,1,1
3297,0,null,0,0,0
3298,0,null,0,0,0
3299,0,null,0,0,0
3300,0,null,0,0,0
3301,481,e-,1,0,0
3302,0,null,0,0,0
3303,0,null,0,0,0
3304,0,null,0,0,0
3305,0,null,0,0,0
3306,0,null,0,0,0
3307,0,null,0,0,0
3308,0,null,0,0,0
3309,4,secondary_proton,1,1,1
3310,0,null,0,0,0
3311,0,null,0,0,0
3312,0,null,0,0,0
3313,11,secondary_proton,1,1,1
3314,0,null,0,0,0
3315,0,null,0,0,0
3316,0,null,0,0,0
3317,0,null,0,0,0
3318,0,null,0,0,0
3319,0,null,0,0,0
3320,0,null,0,0,0
3321,0,null,0,0,0
3322,0,null,0,0,0
3323,0,null,0,0,0
3324,0,null,0,0,0
3325,10,secondary_proton,1,1,1
3326,0,null,0,0,0
3327,0,null,0,0,0
3328,0,null,0,0,0
3329,0,null,0,0,0
3330,0,null,0,0,0
3331,0,null,0,0,0
3332,0,null,0,0,0
3333,4,pi-,1,1,1
3334,0,null,0,0,0
3335,0,null,0,0,0
3336,0,null,0,0,0
3337,0,null,0,0,0
3338,0,null,0,0,0
3339,0,null,0,0,0
3340,0,null,0,0,0
3341,0,null,0,0,0
3342,0,null,0,0,0
3343,0,null,0,0,0
3344,0,null,0,0,0
3345,0,null,0,0,0
3346,0,null,0,0,0
3347,0,null,0,0,0
3348,0,null,0,0,0
3349,0,null,0,0,0
3350,27,pi-,1,1,1
3351,0,null,0,0,0
3352,0,null,0,0,0
3353,0,null,0,0,0
3354,0,null,0,0,0
3355,0,null,0,0,0
3356,0,null,0,0,0
3357,0,null,0,0,0
3358,0,null,0,0,0
3359,0,null,0,0,0
3360,0,null,0,0,0
3361,0,null,0,0,0
3362,0,null,0,0,0
3363,0,null,0,0,0
3364,0,null,0,0,0
3365,0,null,0,0,0
3366,0,null,0,0,0
3367,0,null,0,0,0
3368,0,null,0,0,0
3369,0,null,0,0,0
3370,0,null,0,0,0
3371,0,null,0,0,0
3372,0,null,0,0,0
3373,0,null,0,0,0
3374,0,null,0,0,0
3375,0,null,0,0,0
3376,0,null,0,0,0
3377,0,null,0,0,0
3379,0,null,0,0,0
3380,0,null,0,0,0
3381,0,null,0,0,0
3382,0,null,0,0,0
3383,0,null,0,0,0
3384,0,null,0,0,0
3385,0,null,0,0,0
3386,0,null,0,0,0
3387,0,null,0,0,0
3388,0,null,0,0,0
3389,0,null,0,0,0
3390,0,null,0,0,0
3391,0,null,0,0,0
3392,0,null,0,0,0
3393,0,null,0,0,0
3394,0,null,0,0,0
3395,0,null,0,0,0
3396,0,null,0,0,0
3397,0,null,0,0,0
3398,0,null,0,0,0
3399,0,null,0,0,0
3400,0,null,0,0,0
3401,12,pi-,1,0,0
3402,0,null,0,0,0
3403,0,null,0,0,0
3404,0,null,0,0,0
3405,0,null,0,0,0
3406,0,null,0,0,0
3407,0,null,0,0,0
3408,0,null,0,0,0
3409,0,null,0,0,0
3410,0,null,0,0,0
3411,0,null,0,0,0
3412,0,null,0,0,0
3413,0,null,0,0,0
3414,0,null,0,0,0
3415,0,null,0,0,0
3416,0,null,0,0,0
3417,0,null,0,0,0
3418,0,null,0,0,0
3419,0,null,0,0,0
3420,0,null,0,0,0
3421,0,null,0,0,0
3422,0,null,0,0,0
3423,0,null,0,0,0
3424,0,null,0,0,0
3425,0,null,0,0,0
3426,0,null,0,0,0
3427,0,null,0,0,0
3428,0,null,0,0,0
3429,0,null,0,0,0
3430,0,null,0,0,0
3431,0,null,0,0,0
3432,0,null,0,0,0
3433,0,null,0,0,0
3434,0,null,0,0,0
3435,0,null,0,0,0
3436,0,null,0,0,0
3437,0,null,0,0,0
3438,0,null,0,0,0
3439,0,null,0,0,0
3440,0,null,0,0,0
3441,0,null,0,0,0
3442,0,null,0,0,0
3443,0,null,0,0,0
3444,1,primary_proton,1,1,1
3445,0,null,0,0,0
3446,0,null,0,0,0
3447,0,null,0,0,0
3448,0,null,0,0,0
3449,0,null,0,0,0
3450,0,null,0,0,0
3451,0,null,0,0,0
3452,0,null,0,0,0
3453,0,null,0,0,0
3454,0,null,0,0,0
3455,0,null,0,0,0
3456,0,null,0,0,0
3457,0,null,0,0,0
3458,0,null,0,0,0
3459,0,null,0,0,0
3460,7,pi-,1,0,0
3461,0,null,0,0,0
3462,0,null,0,0,0
3463,0,null,0,0,0
3464,0,null,0,0,0
3465,0,null,0,0,0
3466,3,pi+,1,1,0
3467,0,null,0,0,0
3468,0,null,0,0,0
3469,0,null,0,0,0
3470,0,null,0,0,0
3471,0,null,0,0,0
3472,0,null,0,0,0
3473,0,null,0,0,0
3474,0,null,0,0,0
3475,0,null,0,0,0
3476,0,null,0,0,0
3477,0,null,0,0,0
3478,0,null,0,0,0
3479,0,null,0,0,0
3480,0,null,0,0,0
3481,0,null,0,0,0
3482,0,null,0,0,0
3483,0,null,0,0,0
3484,0,null,0,0,0
3485,0,null,0,0,0
3486,0,null,0,0,0
3487,0,null,0,0,0
3488,0,null,0,0,0
3489,0,null,0,0,0
3490,1,primary_proton,1,1,1
3491,0,null,0,0,0
3492,0,null,0,0,0
3493,0,null,0,0,0
3494,0,null,0,0,0
3495,0,null,0,0,0
3496,0,null,0,0,0
3497,0,null,0,0,0
3498,0,null,0,0,0
3499,15,pi-,1,1,1
3500,0,null,0,0,0
3501,0,null,0,0,0
3502,0,null,0,0,0
3503,0,null,0,0,0
3504,0,null,0,0,0
3505,0,null,0,0,0
3506,0,null,0,0,0
3507,0,null,0,0,0
3508,0,null,0,0,0
3509,0,null,0,0,0
3510,0,null,0,0,0
3511,0,null,0,0,0
3512,0,null,0,0,0
3513,0,null,0,0,0
3514,0,null,0,0,0
3515,0,null,0,0,0
3516,1,primary_proton,1,1,1
3517,0,null,0,0,0
3518,0,null,0,0,0
3519,0,null,0,0,0
3520,0,null,0,0,0
3521,0,null,0,0,0
3522,0,null,0,0,0
3523,0,null,0,0,0
3524,0,null,0,0,0
3525,0,null,0,0,0
3526,0,null,0,0,0
3527,0,null,0,0,0
3528,0,null,0,0,0
3529,0,null,0,0,0
3530,25,pi-,1,0,0
3531,0,null,0,0,0
3532,0,null,0,0,0
3533,0,null,0,0,0
3534,0,null,0,0,0
3535,0,null,0,0,0
3536,0,null,0,0,0
3537,9,pi-,1,1,1
3538,0,null,0,0,0
3539,0,null,0,0,0
3540,0,null,0,0,0
3541,7,pi-,1,1,1
3542,0,null,0,0,0
3543,0,null,0,0,0
3544,0,null,0,0,0
3545,0,null,0,0,0
3546,0,null,0,0,0
3547,0,null,0,0,0
3548,0,null,0,0,0
3549,0,null,0,0,0
3550,0,null,0,0,0
3551,0,null,0,0,0
3552,0,null,0,0,0
3553,0,null,0,0,0
3554,0,null,0,0,0
3555,0,null,0,0,0
3556,0,null,0,0,0
3557,28,pi-,1,1,0
3558,0,null,0,0,0
3559,0,null,0,0,0
3560,0,null,0,0,0
3561,0,null,0,0,0
3562,0,null,0,0,0
3563,0,null,0,0,0
3564,0,null,0,0,0
3565,0,null,0,0,0
3566,0,null,0,0,0
3567,0,null,0,0,0
3568,0,null,0,0,0
3569,0,null,0,0,0
3570,0,null,0,0,0
3571,0,null,0,0,0
3572,0,null,0,0,0
3573,0,null,0,0,0
3574,0,null,0,0,0
3575,0,null,0,0,0
3576,15,pi+,1,1,0
3577,0,null,0,0,0
3578,0,null,0,0,0
3579,1,primary_proton,1,1,1
3580,0,null,0,0,0
3581,0,null,0,0,0
3582,0,null,0,0,0
3583,0,null,0,0,0
3584,4150,sigma+,1,1,0
3585,11,pi-,1,0,0
3586,0,null,0,0,0
3587,0,null,0,0,0
3588,0,null,0,0,0
3589,3,secondary_proton,1,1,1
3590,0,null,0,0,0
3591,0,null,0,0,0
3592,0,null,0,0,0
3593,0,null,0,0,0
3594,0,null,0,0,0
3595,0,null,0,0,0
3596,0,null,0,0,0
3597,0,null,0,0,0
3598,0,null,0,0,0
3599,0,null,0,0,0
3600,0,null,0,0,0
3601,0,null,0,0,0
3603,0,null,0,0,0
3604,0,null,0,0,0
3605,0,null,0,0,0
3606,1,primary_proton,1,1,1
3607,0,null,0,0,0
3608,0,null,0,0,0
3609,0,null,0,0,0
3610,0,null,0,0,0
3611,0,null,0,0,0
3612,0,null,0,0,0
3613,0,null,0,0,0
3614,0,null,0,0,0
3615,0,null,0,0,0
3616,0,null,0,0,0
3617,0,null,0,0,0
3618,0,null,0,0,0
3619,0,null,0,0,0
3620,0,null,0,0,0
3621,0,null,0,0,0
3622,0,null,0,0,0
3623,0,null,0,0,0
3624,0,null,0,0,0
3625,0,null,0,0,0
3626,0,null,0,0,0
3627,0,null,0,0,0
3628,0,null,0,0,0
3629,0,null,0,0,0
3630,0,null,0,0,0
3631,0,null,0,0,0
3632,0,null,0,0,0
3633,0,null,0,0,0
3634,0,null,0,0,0
3635,0,null,0,0,0
3636,0,null,0,0,0
3637,1,primary_proton,1,1,1
3638,0,null,0,0,0
3639,0,null,0,0,0
3640,0,null,0,0,0
3641,0,null,0,0,0
3642,0,null,0,0,0
3643,0,null,0,0,0
3644,0,null,0,0,0
3645,0,null,0,0,0
3646,0,null,0,0,0
3647,0,null,0,0,0
3648,0,null,0,0,0
3649,0,null,0,0,0
3650,1,primary_proton,1,1,1
3651,1,primary_proton,1,1,1
3652,0,null,0,0,0
3653,0,null,0,0,0
3654,0,null,0,0,0
3655,1,primary_proton,1,1,1
3656,0,null,0,0,0
3657,0,null,0,0,0
3658,0,null,0,0,0
3659,0,null,0,0,0
3660,0,null,0,0,0
3661,0,null,0,0,0
3662,0,null,0,0,0
3663,0,null,0,0,0
3664,0,null,0,0,0
3665,0,null,0,0,0
3666,0,null,0,0,0
3667,0,null,0,0,0
3668,0,null,0,0,0
3669,0,null,0,0,0
3670,0,null,0,0,0
3671,0,null,0,0,0
3672,0,null,0,0,0
3673,0,null,0,0,0
3674,0,null,0,0,0
3675,0,null,0,0,0
3676,0,null,0,0,0
3677,0,null,0,0,0
3678,0,null,0,0,0
3679,0,null,0,0,0
3680,0,null,0,0,0
3681,0,null,0,0,0
3682,0,null,0,0,0
3683,0,null,0,0,0
3684,0,null,0,0,0
3685,0,null,0,0,0
3686,0,null,0,0,0
3687,6,pi+,1,1,1
3688,1,primary_proton,1,1,1
3689,0,null,0,0,0
3690,0,null,0,0,0
3691,0,null,0,0,0
3692,0,null,0,0,0
3693,0,null,0,0,0
3694,0,null,0,0,0
3695,0,null,0,0,0
3696,0,null,0,0,0
3697,1,primary_proton,1,1,1
3698,0,null,0,0,0
3699,0,null,0,0,0
3700,0,null,0,0,0
3701,0,null,0,0,0
3702,0,null,0,0,0
3703,0,null,0,0,0
3704,0,null,0,0,0
3705,0,null,0,0,0
3706,0,null,0,0,0
3707,0,null,0,0,0
3708,0,null,0,0,0
3709,0,null,0,0,0
3710,0,null,0,0,0
3711,0,null,0,0,0
3712,0,null,0,0,0
3713,0,null,0,0,0
3714,0,null,0,0,0
3715,0,null,0,0,0
3716,0,null,0,0,0
3717,0,null,0,0,0
3718,0,null,0,0,0
3719,0,null,0,0,0
3720,0,null,0,0,0
3721,0,null,0,0,0
3722,0,null,0,0,0
3723,0,null,0,0,0
3724,0,null,0,0,0
3725,0,null,0,0,0
3726,0,null,0,0,0
3727,0,null,0,0,0
3728,0,null,0,0,0
3729,10,kaon+,1,1,1
3730,0,null,0,0,0
3731,0,null,0,0,0
3732,0,null,0,0,0
3733,0,null,0,0,0
3734,0,null,0,0,0
3735,0,null,0,0,0
3736,0,null,0,0,0
3737,0,null,0,0,0
3738,0,null,0,0,0
3739,0,null,0,0,0
3740,0,null,0,0,0
3741,0,null,0,0,0
3742,0,null,0,0,0
3743,0,null,0,0,0
3744,0,null,0,0,0
3745,0,null,0,0,0
3746,13,secondary_proton,1,1,1
3747,1,primary_proton,1,1,1
3748,0,null,0,0,0
3749,0,null,0,0,0
3750,0,null,0,0,0
3751,0,null,0,0,0
3752,0,null,0,0,0
3753,0,null,0,0,0
3754,0,null,0,0,0
3755,0,null,0,0,0
3756,0,null,0,0,0
3757,0,null,0,0,0
3758,0,null,0,0,0
3759,0,null,0,0,0
3760,1,primary_proton,1,1,1
3761,0,null,0,0,0
3762,0,null,0,0,0
3763,153,pi+,1,1,0
3764,0,null,0,0,0
3765,0,null,0,0,0
3766,0,null,0,0,0
3767,0,null,0,0,0
3768,0,null,0,0,0
3769,0,null,0,0,0
3770,0,null,0,0,0
3771,0,null,0,0,0
3772,0,null,0,0,0
3773,0,null,0,0,0
3774,0,null,0,0,0
3775,0,null,0,0,0
3776,0,null,0,0,0
3777,0,null,0,0,0
3778,0,null,0,0,0
3779,0,null,0,0,0
3780,0,null,0,0,0
3781,0,null,0,0,0
3782,0,null,0,0,0
3783,18,kaon+,1,1,1
3784,0,null,0,0,0
3785,11,pi-,1,1,1
3786,0,null,0,0,0
3787,0,null,0,0,0
3788,0,null,0,0,0
3789,0,null,0,0,0
3790,0,null,0,0,0
3791,0,null,0,0,0
3792,0,null,0,0,0
3793,0,null,0,0,0
3794,0,null,0,0,0
3795,0,null,0,0,0
3796,0,null,0,0,0
3797,0,null,0,0,0
3798,0,null,0,0,0
3799,0,null,0,0,0
3800,0,null,0,0,0
3801,0,null,0,0,0
3802,0,null,0,0,0
3803,0,null,0,0,0
3804,0,null,0,0,0
3805,0,null,0,0,0
3806,5,secondary_proton,1,1,1
3807,0,null,0,0,0
3808,0,null,0,0,0
3809,0,null,0,0,0
3810,0,null,0,0,0
3811,0,null,0,0,0
3812,0,null,0,0,0
3813,0,null,0,0,0
3814,0,null,0,0,0
3815,0,null,0,0,0
3816,0,null,0,0,0
3817,0,null,0,0,0
3818,0,null,0,0,0
3819,0,null,0,0,0
3820,0,null,0,0,0
3821,0,null,0,0,0
3822,0,null,0,0,0
3824,0,null,0,0,0
3825,0,null,0,0,0
3826,0,null,0,0,0
3827,0,null,0,0,0
3828,1,primary_proton,1,1,1
3829,0,null,0,0,0
3830,0,null,0,0,0
3831,0,null,0,0,0
3832,0,null,0,0,0
3833,0,null,0,0,0
3834,7,secondary_proton,1,1,1
3835,0,null,0,0,0
3836,0,null,0,0,0
3837,0,null,0,0,0
3838,0,null,0,0,0
3839,0,null,0,0,0
3840,0,null,0,0,0
3841,0,null,0,0,0
3842,0,null,0,0,0
3843,0,null,0,0,0
3844,0,null,0,0,0
3845,0,null,0,0,0
3846,6,pi+,1,1,1
3847,0,null,0,0,0
3848,0,null,0,0,0
3849,0,null,0,0,0
3850,0,null,0,0,0
3851,0,null,0,0,0
3852,0,null,0,0,0
3853,0,null,0,0,0
3854,0,null,0,0,0
3855,0,null,0,0,0
3856,0,null,0,0,0
3857,0,null,0,0,0
3858,0,null,0,0,0
3859,1,primary_proton,1,1,1
3860,0,null,0,0,0
3861,0,null,0,0,0
3862,4235,secondary_proton,1,0,0
3863,0,null,0,0,0
3864,0,null,0,0,0
3865,0,null,0,0,0
3866,0,null,0,0,0
3867,0,null,0,0,0
3868,7,secondary_proton,1,1,1
3869,0,null,0,0,0
3870,0,null,0,0,0
3871,1,primary_proton,1,1,1
3872,0,null,0,0,0
3873,0,null,0,0,0
3874,0,null,0,0,0
3875,0,null,0,0,0
3876,0,null,0,0,0
3877,3,pi+,1,1,0
3878,0,null,0,0,0
3879,0,null,0,0,0
3880,0,null,0,0,0
3881,0,null,0,0,0
3882,0,null,0,0,0
3883,0,null,0,0,0
3884,0,null,0,0,0
3885,0,null,0,0,0
3886,0,null,0,0,0
3887,0,null,0,0,0
3888,0,null,0,0,0
3889,0,null,0,0,0
3890,0,null,0,0,0
3891,0,null,0,0,0
3892,0,null,0,0,0
3893,0,null,0,0,0
3894,0,null,0,0,0
3895,0,null,0,0,0
3896,1,primary_proton,1,1,1
3897,0,null,0,0,0
3898,0,null,0,0,0
3899,0,null,0,0,0
3900,0,null,0,0,0
3901,16,pi-,1,1,1
3902,0,null,0,0,0
3903,0,null,0,0,0
3904,0,null,0,0,0
3905,0,null,0,0,0
3906,0,null,0,0,0
3907,0,null,0,0,0
3908,0,null,0,0,0
3909,0,null,0,0,0
3910,0,null,0,0,0
3911,0,null,0,0,0
3912,0,null,0,0,0
3913,0,null,0,0,0
3914,0,null,0,0,0
3915,0,null,0,0,0
3916,0,null,0,0,0
3917,0,null,0,0,0
3918,0,null,0,0,0
3919,0,null,0,0,0
3920,0,null,0,0,0
3921,0,null,0,0,0
3922,0,null,0,0,0
3923,0,null,0,0,0
3924,0,null,0,0,0
3925,0,null,0,0,0
3926,0,null,0,0,0
3927,0,null,0,0,0
3928,0,null,0,0,0
3929,0,null,0,0,0
3930,0,null,0,0,0
3931,0,null,0,0,0
3932,0,null,0,0,0
3933,0,null,0,0,0
3934,0,null,0,0,0
3935,0,null,0,0,0
3936,0,null,0,0,0
3937,0,null,0,0,0
3938,0,null,0,0,0
3939,0,null,0,0,0
3940,0,null,0,0,0
3941,0,null,0,0,0
3942,0,null,0,0,0
3943,0,null,0,0,0
3944,0,null,0,0,0
3945,0,null,0,0,0
3946,0,null,0,0,0
3947,1,primary_proton,1,1,1
3948,0,null,0,0,0
3949,0,null,0,0,0
3950,0,null,0,0,0
3951,0,null,0,0,0
3952,0,null,0,0,0
3953,0,null,0,0,0
3954,0,null,0,0,0
3955,0,null,0,0,0
3956,0,null,0,0,0
3957,0,null,0,0,0
3958,1,primary_proton,1,1,1
3959,0,null,0,0,0
3960,9,pi-,1,1,1
3961,0,null,0,0,0
3962,10,pi-,1,1,1
3963,0,null,0,0,0
3964,0,null,0,0,0
3965,0,null,0,0,0
3966,0,null,0,0,0
3967,0,null,0,0,0
3968,0,null,0,0,0
3969,0,null,0,0,0
3970,0,null,0,0,0
3971,0,null,0,0,0
3972,0,null,0,0,0
3973,0,null,0,0,0
3974,0,null,0,0,0
3975,0,null,0,0,0
3976,0,null,0,0,0
3977,0,null,0,0,0
3978,0,null,0,0,0
3979,0,null,0,0,0
3980,8,secondary_proton,1,1,1
3981,0,null,0,0,0
3982,0,null,0,0,0
3983,0,null,0,0,0
3984,0,null,0,0,0
3985,0,null,0,0,0
3986,0,null,0,0,0
3987,0,null,0,0,0
3988,0,null,0,0,0
3989,0,null,0,0,0
3990,0,null,0,0,0
3991,0,null,0,0,0
3992,0,null,0,0,0
3993,0,null,0,0,0
3994,316,secondary_proton,1,0,0
3995,0,null,0,0,0
3996,0,null,0,0,0
3997,0,null,0,0,0
3998,0,null,0,0,0
3999,0,null,0,0,0
4000,0,null,0,0,0
4001,1,primary_proton,1,1,1
4002,0,null,0,0,0
4003,1,primary_proton,1,1,1
4004,0,null,0,0,0
4005,1,primary_proton,1,1,1
4006,0,null,0,0,0
4007,0,null,0,0,0
4008,0,null,0,0,0
4009,29,secondary_proton,1,1,1
4010,0,null,0,0,0
4011,0,null,0,0,0
4012,0,null,0,0,0
4013,0,null,0,0,0
4014,0,null,0,0,0
4015,0,null,0,0,0
4016,0,null,0,0,0
4017,0,null,0,0,0
4018,0,null,0,0,0
4019,0,null,0,0,0
4020,0,null,0,0,0
4021,0,null,0,0,0
4022,0,null,0,0,0
4023,0,null,0,0,0
4024,0,null,0,0,0
4025,0,null,0,0,0
4026,0,null,0,0,0
4027,0,null,0,0,0
4028,0,null,0,0,0
4029,1,primary_proton,1,1,1
4030,0,null,0,0,0
4031,0,null,0,0,0
4032,0,null,0,0,0
4033,0,null,0,0,0
4034,0,null,0,0,0
4035,0,null,0,0,0
4036,0,null,0,0,0
4037,0,null,0,0,0
4038,0,null,0,0,0
4039,0,null,0,0,0
4040,0,null,0,0,0
4042,0,null,0,0,0
4043,0,null,0,0,0
4044,0,null,0,0,0
4045,0,null,0,0,0
4046,0,null,0,0,0
4047,0,null,0,0,0
4048,0,null,0,0,0
4049,0,null,0,0,0
4050,0,null,0,0,0
4051,0,null,0,0,0
4052,0,null,0,0,0
4053,0,null,0,0,0
4054,0,null,0,0,0
4055,0,null,0,0,0
4056,0,null,0,0,0
4057,0,null,0,0,0
4058,0,null,0,0,0
4059,0,null,0,0,0
4060,0,null,0,0,0
4061,0,null,0,0,0
4062,0,null,0,0,0
4063,0,null,0,0,0
4064,0,null,0,0,0
4065,0,null,0,0,0
4066,1,primary_proton,1,1,1
4067,11,pi-,1,1,1
4068,0,null,0,0,0
4069,0,null,0,0,0
4070,0,null,0,0,0
4071,0,null,0,0,0
4072,0,null,0,0,0
4073,4,pi+,1,1,1
4074,0,null,0,0,0
4075,0,null,0,0,0
4076,0,null,0,0,0
4077,1,primary_proton,1,1,1
4078,0,null,0,0,0
4079,0,null,0,0,0
4080,0,null,0,0,0
4081,0,null,0,0,0
4082,0,null,0,0,0
4083,0,null,0,0,0
4084,0,null,0,0,0
4085,0,null,0,0,0
4086,0,null,0,0,0
4087,0,null,0,0,0
4088,0,null,0,0,0
4089,0,null,0,0,0
4090,0,null,0,0,0
4091,0,null,0,0,0
4092,0,null,0,0,0
4093,0,null,0,0,0
4094,0,null,0,0,0
4095,0,null,0,0,0
4096,0,null,0,0,0
4097,0,null,0,0,0
4098,0,null,0,0,0
4099,0,null,0,0,0
4100,0,null,0,0,0
4101,0,null,0,0,0
4102,0,null,0,0,0
4103,0,null,0,0,0
4104,0,null,0,0,0
4105,0,null,0,0,0
4106,0,null,0,0,0
4107,0,null,0,0,0
4108,0,null,0,0,0
4109,0,null,0,0,0
4110,0,null,0,0,0
4111,0,null,0,0,0
4112,0,null,0,0,0
4113,27,secondary_proton,1,1,1
4114,0,null,0,0,0
4115,0,null,0,0,0
4116,0,null,0,0,0
4117,0,null,0,0,0
4118,0,null,0,0,0
4119,0,null,0,0,0
4120,0,null,0,0,0
4121,0,null,0,0,0
4122,0,null,0,0,0
4123,0,null,0,0,0
4124,0,null,0,0,0
4125,0,null,0,0,0
4126,0,null,0,0,0
4127,0,null,0,0,0
4128,0,null,0,0,0
4129,0,null,0,0,0
4130,3,secondary_proton,1,1,1
4131,0,null,0,0,0
4132,0,null,0,0,0
4133,0,null,0,0,0
4134,0,null,0,0,0
4135,0,null,0,0,0
4136,0,null,0,0,0
4137,0,null,0,0,0
4138,0,null,0,0,0
4139,0,null,0,0,0
4140,0,null,0,0,0
4141,0,null,0,0,0
4142,0,null,0,0,0
4143,7,secondary_proton,1,1,0
4144,0,null,0,0,0
4145,0,null,0,0,0
4146,0,null,0,0,0
4147,0,null,0,0,0
4148,0,null,0,0,0
4149,0,null,0,0,0
4150,0,null,0,0,0
4151,0,null,0,0,0
4152,0,null,0,0,0
4153,0,null,0,0,0
4154,0,null,0,0,0
4155,0,null,0,0,0
4156,0,null,0,0,0
4157,0,null,0,0,0
4158,0,null,0,0,0
4159,0,null,0,0,0
4160,0,null,0,0,0
4161,0,null,0,0,0
4162,0,null,0,0,0
4163,0,null,0,0,0
4164,0,null,0,0,0
4165,2110,e+,1,1,1
4166,0,null,0,0,0
4167,0,null,0,0,0
4168,1,primary_proton,1,1,1
4169,0,null,0,0,0
4170,0,null,0,0,0
4171,0,null,0,0,0
4172,0,null,0,0,0
4173,0,null,0,0,0
4174,0,null,0,0,0
4175,0,null,0,0,0
4176,302,pi+,1,1,1
4177,0,null,0,0,0
4178,0,null,0,0,0
4179,0,null,0,0,0
4180,0,null,0,0,0
4181,0,null,0,0,0
4182,1,primary_proton,1,1,1
4183,0,null,0,0,0
4184,0,null,0,0,0
4185,0,null,0,0,0
4186,0,null,0,0,0
4187,0,null,0,0,0
4188,0,null,0,0,0
4189,0,null,0,0,0
4190,0,null,0,0,0
4191,0,null,0,0,0
4192,0,null,0,0,0
4193,0,null,0,0,0
4194,0,null,0,0,0
4195,0,null,0,0,0
4196,0,null,0,0,0
4197,0,null,0,0,0
4198,0,null,0,0,0
4199,0,null,0,0,0
4200,0,null,0,0,0
4201,0,null,0,0,0
4202,0,null,0,0,0
4203,0,null,0,0,0
4204,0,null,0,0,0
4205,0,null,0,0,0
4206,0,null,0,0,0
4207,8,pi-,1,0,0
4208,1,primary_proton,1,1,1
4209,0,null,0,0,0
4210,0,null,0,0,0
4211,0,null,0,0,0
4212,0,null,0,0,0
4213,0,null,0,0,0
4214,0,null,0,0,0
4215,0,null,0,0,0
4216,0,null,0,0,0
4217,0,null,0,0,0
4218,0,null,0,0,0
4219,0,null,0,0,0
4220,0,null,0,0,0
4221,0,null,0,0,0
4222,0,null,0,0,0
4223,0,null,0,0,0
4224,0,null,0,0,0
4225,0,null,0,0,0
4226,0,null,0,0,0
4227,0,null,0,0,0
4228,7,pi-,1,1,1
4229,0,null,0,0,0
4230,0,null,0,0,0
4231,0,null,0,0,0
4232,0,null,0,0,0
4233,0,null,0,0,0
4234,0,null,0,0,0
4235,0,null,0,0,0
4236,0,null,0,0,0
4237,0,null,0,0,0
4238,0,null,0,0,0
4239,0,null,0,0,0
4240,0,null,0,0,0
4241,1154,e-,1,0,0
4242,0,null,0,0,0
4243,0,null,0,0,0
4244,0,null,0,0,0
4245,112,pi-,1,0,0
4246,1,primary_proton,1,1,1
4247,0,null,0,0,0
4248,0,null,0,0,0
4249,0,null,0,0,0
4250,0,null,0,0,0
4251,0,null,0,0,0
4252,0,null,0,0,0
4253,10,pi+,1,0,0
4254,0,null,0,0,0
4255,0,null,0,0,0
4256,0,null,0,0,0
4257,0,null,0,0,0
4258,0,null,0,0,0
4259,0,null,0,0,0
4260,0,null,0,0,0
4261,0,null,0,0,0
4262,0,null,0,0,0
4264,0,null,0,0,0
4265,0,null,0,0,0
4266,30,pi+,1,1,1
4267,0,null,0,0,0
4268,0,null,0,0,0
4269,0,null,0,0,0
4270,0,null,0,0,0
4271,0,null,0,0,0
4272,0,null,0,0,0
4273,0,null,0,0,0
4274,0,null,0,0,0
4275,0,null,0,0,0
4276,0,null,0,0,0
4277,0,null,0,0,0
4278,0,null,0,0,0
4279,0,null,0,0,0
4280,0,null,0,0,0
4281,22,pi+,1,1,1
4282,1,primary_proton,1,1,1
4283,0,null,0,0,0
4284,0,null,0,0,0
4285,0,null,0,0,0
4286,0,null,0,0,0
4287,0,null,0,0,0
4288,0,null,0,0,0
4289,0,null,0,0,0
4290,0,null,0,0,0
4291,0,null,0,0,0
4292,0,null,0,0,0
4293,1,primary_proton,1,1,1
4294,0,null,0,0,0
4295,9,pi+,1,1,0
4296,0,null,0,0,0
4297,0,null,0,0,0
4298,0,null,0,0,0
4299,0,null,0,0,0
4300,0,null,0,0,0
4301,0,null,0,0,0
4302,0,null,0,0,0
4303,0,null,0,0,0
4304,0,null,0,0,0
4305,0,null,0,0,0
4306,0,null,0,0,0
4307,0,null,0,0,0
4308,0,null,0,0,0
4309,0,null,0,0,0
4310,0,null,0,0,0
4311,0,null,0,0,0
4312,0,null,0,0,0
4313,0,null,0,0,0
4314,0,null,0,0,0
4315,0,null,0,0,0
4316,2,secondary_proton,1,1,1
4317,0,null,0,0,0
4318,0,null,0,0,0
4319,0,null,0,0,0
4320,0,null,0,0,0
4321,0,null,0,0,0
4322,0,null,0,0,0
4323,0,null,0,0,0
4324,0,null,0,0,0
4325,0,null,0,0,0
4326,0,null,0,0,0
4327,0,null,0,0,0
4328,0,null,0,0,0
4329,0,null,0,0,0
4330,0,null,0,0,0
4331,0,null,0,0,0
4332,0,null,0,0,0
4333,0,null,0,0,0
4334,0,null,0,0,0
4335,0,null,0,0,0
4336,0,null,0,0,0
4337,0,null,0,0,0
4338,0,null,0,0,0
4339,0,null,0,0,0
4340,0,null,0,0,0
4341,0,null,0,0,0
4342,0,null,0,0,0
4343,0,null,0,0,0
4344,0,null,0,0,0
4345,1,primary_proton,1,1,1
4346,0,null,0,0,0
4347,4,secondary_proton,1,1,0
4348,0,null,0,0,0
4349,0,null,0,0,0
4350,1,primary_proton,1,1,1
4351,0,null,0,0,0
4352,9,pi-,1,1,1
4353,0,null,0,0,0
4354,0,null,0,0,0
4355,0,null,0,0,0
4356,0,null,0,0,0
4357,0,null,0,0,0
4358,0,null,0,0,0
4359,0,null,0,0,0
4360,0,null,0,0,0
4361,0,null,0,0,0
4362,0,null,0,0,0
4363,0,null,0,0,0
4364,0,null,0,0,0
4365,0,null,0,0,0
4366,1,primary_proton,1,1,1
4367,0,null,0,0,0
4368,0,null,0,0,0
4369,6,pi-,1,1,1
4370,0,null,0,0,0
4371,0,null,0,0,0
4372,0,null,0,0,0
4373,0,null,0,0,0
4374,0,null,0,0,0
4375,0,null,0,0,0
4376,0,null,0,0,0
4377,709,e-,1,1,1
4378,0,null,0,0,0
4379,0,null,0,0,0
4380,0,null,0,0,0
4381,0,null,0,0,0
4382,0,null,0,0,0
4383,0,null,0,0,0
4384,0,null,0,0,0
4385,0,null,0,0,0
4386,0,null,0,0,0
4387,0,null,0,0,0
4388,0,null,0,0,0
4389,0,null,0,0,0
4390,0,null,0,0,0
4391,0,null,0,0,0
4392,0,null,0,0,0
4393,0,null,0,0,0
4394,0,null,0,0,0
4395,0,null,0,0,0
4396,0,null,0,0,0
4397,0,null,0,0,0
4398,0,null,0,0,0
4399,4,pi-,1,1,1
4400,0,null,0,0,0
4401,0,null,0,0,0
4402,0,null,0,0,0
4403,0,null,0,0,0
4404,0,null,0,0,0
4405,0,null,0,0,0
4406,0,null,0,0,0
4407,1795,secondary_proton,1,0,0
4408,0,null,0,0,0
4409,0,null,0,0,0
4410,0,null,0,0,0
4411,0,null,0,0,0
4412,0,null,0,0,0
4413,0,null,0,0,0
4414,0,null,0,0,0
4415,0,null,0,0,0
4416,0,null,0,0,0
4417,0,null,0,0,0
4418,0,null,0,0,0
4419,0,null,0,0,0
4420,0,null,0,0,0
4421,0,null,0,0,0
4422,0,null,0,0,0
4423,1,primary_proton,1,1,1
4424,0,null,0,0,0
4425,0,null,0,0,0
4426,0,null,0,0,0
4427,69,e-,1,1,1
4428,0,null,0,0,0
4429,0,null,0,0,0
4430,0,null,0,0,0
4431,0,null,0,0,0
4432,0,null,0,0,0
4433,0,null,0,0,0
4434,0,null,0,0,0
4435,0,null,0,0,0
4436,0,null,0,0,0
4437,0,null,0,0,0
4438,0,null,0,0,0
4439,0,null,0,0,0
4440,0,null,0,0,0
4441,0,null,0,0,0
4442,0,null,0,0,0
4443,0,null,0,0,0
4444,0,null,0,0,0
4445,0,null,0,0,0
4446,0,null,0,0,0
4447,0,null,0,0,0
4448,0,null,0,0,0
4449,0,null,0,0,0
4450,0,null,0,0,0
4451,0,null,0,0,0
4452,0,null,0,0,0
4453,0,null,0,0,0
4454,0,null,0,0,0
4455,0,null,0,0,0
4456,0,null,0,0,0
4457,0,null,0,0,0
4458,0,null,0,0,0
4459,1,primary_proton,1,1,1
4460,0,null,0,0,0
4461,0,null,0,0,0
4462,0,null,0,0,0
4463,0,null,0,0,0
4464,0,null,0,0,0
4465,0,null,0,0,0
4466,0,null,0,0,0
4467,0,null,0,0,0
4468,0,null,0,0,0
4469,0,null,0,0,0
4470,0,null,0,0,0
4471,0,null,0,0,0
4472,217,secondary_proton,1,1,1
4473,0,null,0,0,0
4474,0,null,0,0,0
4475,0,null,0,0,0
4476,0,null,0,0,0
4477,0,null,0,0,0
4478,0,null,0,0,0
4479,0,null,0,0,0
4480,0,null,0,0,0
4481,0,null,0,0,0
4482,0,null,0,0,0
4483,0,null,0,0,0
4485,0,null,0,0,0
4486,0,null,0,0,0
4487,0,null,0,0,0
4488,0,null,0,0,0
4489,0,null,0,0,0
4490,0,null,0,0,0
4491,0,null,0,0,0
4492,0,null,0,0,0
4493,0,null,0,0,0
4494,0,null,0,0,0
4495,0,null,0,0,0
4496,1,primary_proton,1,1,1
4497,0,null,0,0,0
4498,0,null,0,0,0
4499,0,null,0,0,0
4500,0,null,0,0,0
4501,0,null,0,0,0
4502,0,null,0,0,0
4503,0,null,0,0,0
4504,0,null,0,0,0
4505,0,null,0,0,0
4506,0,null,0,0,0
4507,0,null,0,0,0
4508,0,null,0,0,0
4509,0,null,0,0,0
4510,3912,e-,1,0,0
4511,0,null,0,0,0
4512,0,null,0,0,0
4513,6,secondary_proton,1,1,1
4514,0,null,0,0,0
4515,0,null,0,0,0
4516,0,null,0,0,0
4517,0,null,0,0,0
4518,0,null,0,0,0
4519,0,null,0,0,0
4520,0,null,0,0,0
4521,0,null,0,0,0
4522,0,null,0,0,0
4523,0,null,0,0,0
4524,0,null,0,0,0
4525,0,null,0,0,0
4526,0,null,0,0,0
4527,0,null,0,0,0
4528,0,null,0,0,0
4529,0,null,0,0,0
4530,0,null,0,0,0
4531,0,null,0,0,0
4532,0,null,0,0,0
4533,0,null,0,0,0
4534,0,null,0,0,0
4535,0,null,0,0,0
4536,0,null,0,0,0
4537,0,null,0,0,0
4538,0,null,0,0,0
4539,0,null,0,0,0
4540,0,null,0,0,0
4541,0,null,0,0,0
4542,0,null,0,0,0
4543,0,null,0,0,0
4544,0,null,0,0,0
4545,0,null,0,0,0
4546,1,primary_proton,1,1,1
4547,0,null,0,0,0
4548,0,null,0,0,0
4549,0,null,0,0,0
4550,0,null,0,0,0
4551,0,null,0,0,0
4552,0,null,0,0,0
4553,1,primary_proton,1,1,1
4554,0,null,0,0,0
4555,0,null,0,0,0
4556,0,null,0,0,0
4557,0,null,0,0,0
4558,0,null,0,0,0
4559,0,null,0,0,0
4560,0,null,0,0,0
4561,0,null,0,0,0
4562,0,null,0,0,0
4563,1,primary_proton,1,0,0
4564,0,null,0,0,0
4565,0,null,0,0,0
4566,0,null,0,0,0
4567,0,null,0,0,0
4568,1,primary_proton,1,1,1
4569,0,null,0,0,0
4570,13,pi+,1,1,1
4571,0,null,0,0,0
4572,0,null,0,0,0
4573,0,null,0,0,0
4574,0,null,0,0,0
4575,0,null,0,0,0
4576,0,null,0,0,0
4577,0,null,0,0,0
4578,1,primary_proton,1,1,1
4579,0,null,0,0,0
4580,0,null,0,0,0
4581,0,null,0,0,0
4582,0,null,0,0,0
4583,0,null,0,0,0
4584,0,null,0,0,0
4585,0,null,0,0,0
4586,0,null,0,0,0
4587,0,null,0,0,0
4588,0,null,0,0,0
4589,0,null,0,0,0
4590,0,null,0,0,0
4591,0,null,0,0,0
4592,0,null,0,0,0
4593,0,null,0,0,0
4594,0,null,0,0,0
4595,0,null,0,0,0
4596,0,null,0,0,0
4597,0,null,0,0,0
4598,0,null,0,0,0
4599,0,null,0,0,0
4600,0,null,0,0,0
4601,0,null,0,0,0
4602,0,null,0,0,0
4603,0,null,0,0,0
4604,0,null,0,0,0
4605,0,null,0,0,0
4606,0,null,0,0,0
4607,0,null,0,0,0
4608,0,null,0,0,0
4609,0,null,0,0,0
4610,0,null,0,0,0
4611,0,null,0,0,0
4612,0,null,0,0,0
4613,0,null,0,0,0
4614,0,null,0,0,0
4615,0,null,0,0,0
4616,0,null,0,0,0
4617,1,primary_proton,1,1,1
4618,0,null,0,0,0
4619,0,null,0,0,0
4620,0,null,0,0,0
4621,0,null,0,0,0
4622,0,null,0,0,0
4623,0,null,0,0,0
4624,0,null,0,0,0
4625,0,null,0,0,0
4626,0,null,0,0,0
4627,0,null,0,0,0
4628,0,null,0,0,0
4629,0,null,0,0,0
4630,0,null,0,0,0
4631,0,null,0,0,0
4632,0,null,0,0,0
4633,0,null,0,0,0
4634,0,null,0,0,0
4635,0,null,0,0,0
4636,0,null,0,0,0
4637,0,null,0,0,0
4638,0,null,0,0,0
4639,0,null,0,0,0
4640,0,null,0,0,0
4641,0,null,0,0,0
4642,0,null,0,0,0
4643,0,null,0,0,0
4644,33,secondary_proton,1,1,1
4645,0,null,0,0,0
4646,0,null,0,0,0
4647,0,null,0,0,0
4648,0,null,0,0,0
4649,0,null,0,0,0
4650,0,null,0,0,0
4651,0,null,0,0,0
4652,0,null,0,0,0
4653,0,null,0,0,0
4654,0,null,0,0,0
4655,15,pi+,1,1,0
4656,0,null,0,0,0
4657,1,primary_proton,1,1,1
4658,0,null,0,0,0
4659,0,null,0,0,0
4660,12,pi+,1,1,0
4661,0,null,0,0,0
4662,179,secondary_proton,1,1,1
4663,0,null,0,0,0
4664,0,null,0,0,0
4665,0,null,0,0,0
4666,0,null,0,0,0
4667,1,primary_proton,1,1,1
4668,0,null,0,0,0
4669,0,null,0,0,0
4670,1,primary_proton,1,1,1
4671,0,null,0,0,0
4672,1,primary_proton,1,1,1
4673,0,null,0,0,0
4674,0,null,0,0,0
4675,0,null,0,0,0
4676,5,secondary_proton,1,1,1
4677,0,null,0,0,0
4678,0,null,0,0,0
4679,0,null,0,0,0
4680,4,secondary_proton,1,1,1
4681,0,null,0,0,0
4682,0,null,0,0,0
4683,0,null,0,0,0
4684,0,null,0,0,0
4685,0,null,0,0,0
4686,0,null,0,0,0
4687,0,null,0,0,0
4688,0,null,0,0,0
4689,0,null,0,0,0
4690,0,null,0,0,0
4691,0,null,0,0,0
4692,0,null,0,0,0
4693,0,null,0,0,0
4694,0,null,0,0,0
4695,0,null,0,0,0
4696,0,null,0,0,0
4697,0,null,0,0,0
4698,0,null,0,0,0
4699,0,null,0,0,0
4700,1,primary_proton,1,1,1
4702,0,null,0,0,0
4703,0,null,0,0,0
4704,0,null,0,0,0
4705,0,null,0,0,0
4706,0,null,0,0,0
4707,0,null,0,0,0
4708,0,null,0,0,0
4709,0,null,0,0,0
4710,0,null,0,0,0
4711,11,pi+,1,1,1
4712,0,null,0,0,0
4713,0,null,0,0,0
4714,0,null,0,0,0
4715,0,null,0,0,0
4716,0,null,0,0,0
4717,0,null,0,0,0
4718,0,null,0,0,0
4719,0,null,0,0,0
4720,0,null,0,0,0
4721,0,null,0,0,0
4722,0,null,0,0,0
4723,0,null,0,0,0
4724,0,null,0,0,0
4725,8,secondary_proton,1,1,1
4726,0,null,0,0,0
4727,0,null,0,0,0
4728,0,null,0,0,0
4729,0,null,0,0,0
4730,0,null,0,0,0
4731,0,null,0,0,0
4732,0,null,0,0,0
4733,0,null,0,0,0
4734,0,null,0,0,0
4735,1,primary_proton,1,1,1
4736,0,null,0,0,0
4737,0,null,0,0,0
4738,0,null,0,0,0
4739,0,null,0,0,0
4740,0,null,0,0,0
4741,0,null,0,0,0
4742,0,null,0,0,0
4743,0,null,0,0,0
4744,0,null,0,0,0
4745,17,pi+,1,1,1
4746,0,null,0,0,0
4747,0,null,0,0,0
4748,0,null,0,0,0
4749,0,null,0,0,0
4750,0,null,0,0,0
4751,0,null,0,0,0
4752,0,null,0,0,0
4753,0,null,0,0,0
4754,1,primary_proton,1,1,1
4755,0,null,0,0,0
4756,0,null,0,0,0
4757,0,null,0,0,0
4758,0,null,0,0,0
4759,0,null,0,0,0
4760,0,null,0,0,0
4761,0,null,0,0,0
4762,0,null,0,0,0
4763,0,null,0,0,0
4764,0,null,0,0,0
4765,0,null,0,0,0
4766,0,null,0,0,0
4767,0,null,0,0,0
4768,0,null,0,0,0
4769,0,null,0,0,0
4770,0,null,0,0,0
4771,0,null,0,0,0
4772,0,null,0,0,0
4773,0,null,0,0,0
4774,0,null,0,0,0
4775,0,null,0,0,0
4776,0,null,0,0,0
4777,0,null,0,0,0
4778,0,null,0,0,0
4779,0,null,0,0,0
4780,0,null,0,0,0
4781,0,null,0,0,0
4782,0,null,0,0,0
4783,0,null,0,0,0
4784,0,null,0,0,0
4785,0,null,0,0,0
4786,0,null,0,0,0
4787,0,null,0,0,0
4788,0,null,0,0,0
4789,0,null,0,0,0
4790,0,null,0,0,0
4791,0,null,0,0,0
4792,0,null,0,0,0
4793,8,pi+,1,1,1
4794,0,null,0,0,0
4795,0,null,0,0,0
4796,0,null,0,0,0
4797,0,null,0,0,0
4798,0,null,0,0,0
4799,0,null,0,0,0
4800,0,null,0,0,0
4801,0,null,0,0,0
4802,0,null,0,0,0
4803,0,null,0,0,0
4804,0,null,0,0,0
4805,0,null,0,0,0
4806,0,null,0,0,0
4807,0,null,0,0,0
4808,0,null,0,0,0
4809,0,null,0,0,0
4810,0,null,0,0,0
4811,0,null,0,0,0
4812,0,null,0,0,0
4813,0,null,0,0,0
4814,0,null,0,0,0
4815,0,null,0,0,0
4816,0,null,0,0,0
4817,0,null,0,0,0
4818,0,null,0,0,0
4819,0,null,0,0,0
4820,0,null,0,0,0
4821,0,null,0,0,0
4822,0,null,0,0,0
4823,0,null,0,0,0
4824,0,null,0,0,0
4825,3,secondary_proton,1,1,1
4826,0,null,0,0,0
4827,0,null,0,0,0
4828,0,null,0,0,0
4829,0,null,0,0,0
4830,0,null,0,0,0
4831,0,null,0,0,0
4832,0,null,0,0,0
4833,0,null,0,0,0
4834,0,null,0,0,0
4835,0,null,0,0,0
4836,0,null,0,0,0
4837,0,null,0,0,0
4838,0,null,0,0,0
4839,0,null,0,0,0
4840,0,null,0,0,0
4841,0,null,0,0,0
4842,0,null,0,0,0
4843,0,null,0,0,0
4844,0,null,0,0,0
4845,0,null,0,0,0
4846,0,null,0,0,0
4847,0,null,0,0,0
4848,0,null,0,0,0
4849,133,secondary_proton,1,1,1
4850,0,null,0,0,0
4851,13,pi+,1,1,1
4852,0,null,0,0,0
4853,0,null,0,0,0
4854,0,null,0,0,0
4855,0,null,0,0,0
4856,0,null,0,0,0
4857,0,null,0,0,0
4858,1,primary_proton,1,1,1
4859,0,null,0,0,0
4860,0,null,0,0,0
4861,0,null,0,0,0
4862,0,null,0,0,0
4863,0,null,0,0,0
4864,0,null,0,0,0
4865,0,null,0,0,0
4866,88,e-,1,1,1
4867,0,null,0,0,0
4868,0,null,0,0,0
4869,0,null,0,0,0
4870,0,null,0,0,0
4871,0,null,0,0,0
4872,0,null,0,0,0
4873,0,null,0,0,0
4874,1987,pi+,1,1,1
4875,0,null,0,0,0
4876,1,primary_proton,1,1,1
4877,0,null,0,0,0
4878,1,primary_proton,1,1,1
4879,0,null,0,0,0
4880,1,primary_proton,1,1,1
4881,0,null,0,0,0
4882,1,primary_proton,1,1,1
4883,0,null,0,0,0
4884,0,null,0,0,0
4885,0,null,0,0,0
4886,0,null,0,0,0
4887,0,null,0,0,0
4888,0,null,0,0,0
4889,0,null,0,0,0
4890,1990,secondary_proton,1,1,1
4891,0,null,0,0,0
4892,0,null,0,0,0
4893,0,null,0,0,0
4894,0,null,0,0,0
4895,0,null,0,0,0
4896,0,null,0,0,0
4897,0,null,0,0,0
4898,0,null,0,0,0
4899,0,null,0,0,0
4900,0,null,0,0,0
4901,0,null,0,0,0
4902,0,null,0,0,0
4903,0,null,0,0,0
4904,0,null,0,0,0
4905,0,null,0,0,0
4906,0,null,0,0,0
4907,0,null,0,0,0
4908,1,primary_proton,1,1,1
4909,0,null,0,0,0
4910,0,null,0,0,0
4911,0,null,0,0,0
4912,1,primary_proton,1,1,1
4913,0,null,0,0,0
4914,0,null,0,0,0
4915,0,null,0,0,0
4916,0,null,0,0,0
4917,0,null,0,0,0
4918,0,null,0,0,0
4919,0,null,0,0,0
4920,0,null,0,0,0
4922,11,pi+,1,1,0
4923,0,null,0,0,0
4924,0,null,0,0,0
4925,0,null,0,0,0
4926,0,null,0,0,0
4927,0,null,0,0,0
4928,0,null,0,0,0
4929,0,null,0,0,0
4930,0,null,0,0,0
4931,0,null,0,0,0
4932,0,null,0,0,0
4933,0,null,0,0,0
4934,0,null,0,0,0
4935,0,null,0,0,0
4936,0,null,0,0,0
4937,0,null,0,0,0
4938,0,null,0,0,0
4939,0,null,0,0,0
4940,0,null,0,0,0
4941,0,null,0,0,0
4942,0,null,0,0,0
4943,0,null,0,0,0
4944,0,null,0,0,0
4945,0,null,0,0,0
4946,0,null,0,0,0
4947,0,null,0,0,0
4948,0,null,0,0,0
4949,0,null,0,0,0
4950,0,null,0,0,0
4951,0,null,0,0,0
4952,0,null,0,0,0
4953,0,null,0,0,0
4954,0,null,0,0,0
4955,0,null,0,0,0
4956,0,null,0,0,0
4957,0,null,0,0,0
4958,0,null,0,0,0
4959,0,null,0,0,0
4960,0,null,0,0,0
4961,0,null,0,0,0
4962,0,null,0,0,0
4963,0,null,0,0,0
4964,0,null,0,0,0
4965,0,null,0,0,0
4966,0,null,0,0,0
4967,0,null,0,0,0
4968,0,null,0,0,0
4969,0,null,0,0,0
4970,0,null,0,0,0
4971,18,secondary_proton,1,1,0
4972,0,null,0,0,0
4973,1,primary_proton,1,1,1
4974,0,null,0,0,0
4975,0,null,0,0,0
4976,0,null,0,0,0
4977,0,null,0,0,0
4978,8,secondary_proton,1,1,1
4979,0,null,0,0,0
4980,0,null,0,0,0
4981,0,null,0,0,0
4982,0,null,0,0,0
4983,0,null,0,0,0
4984,0,null,0,0,0
4985,0,null,0,0,0
4986,0,null,0,0,0
4987,0,null,0,0,0
4988,0,null,0,0,0
4989,0,null,0,0,0
4990,0,null,0,0,0
4991,0,null,0,0,0
4992,0,null,0,0,0
4993,0,null,0,0,0
4994,0,null,0,0,0
4995,0,null,0,0,0
4996,0,null,0,0,0
4997,0,null,0,0,0
4998,0,null,0,0,0
4999,0,null,0,0,0
1,0,null,0,0,0
2,0,null,0,0,0
3,0,null,0,0,0
4,0,null,0,0,0
5,0,null,0,0,0
6,0,null,0,0,0
7,0,null,0,0,0
8,0,null,0,0,0
9,0,null,0,0,0
10,0,null,0,0,0
11,0,null,0,0,0
12,0,null,0,0,0
13,0,null,0,0,0
14,0,null,0,0,0
15,0,null,0,0,0
16,0,null,0,0,0
17,0,null,0,0,0
18,0,null,0,0,0
19,0,null,0,0,0
20,0,null,0,0,0
21,0,null,0,0,0
22,10,pi-,1,0,0
23,9,secondary_proton,1,1,0
24,0,null,0,0,0
25,0,null,0,0,0
26,0,null,0,0,0
27,0,null,0,0,0
28,0,null,0,0,0
29,0,null,0,0,0
30,0,null,0,0,0
31,0,null,0,0,0
32,0,null,0,0,0
33,0,null,0,0,0
34,0,null,0,0,0
35,0,null,0,0,0
36,0,null,0,0,0
37,0,null,0,0,0
38,0,null,0,0,0
39,0,null,0,0,0
40,0,null,0,0,0
41,0,null,0,0,0
42,0,null,0,0,0
43,0,null,0,0,0
44,0,null,0,0,0
45,0,null,0,0,0
46,0,null,0,0,0
47,0,null,0,0,0
48,0,null,0,0,0
49,0,null,0,0,0
50,0,null,0,0,0
51,0,null,0,0,0
52,0,null,0,0,0
53,0,null,0,0,0
54,10,pi+,1,1,0
55,0,null,0,0,0
56,0,null,0,0,0
57,0,null,0,0,0
58,0,null,0,0,0
59,0,null,0,0,0
60,0,null,0,0,0
61,0,null,0,0,0
62,0,null,0,0,0
63,0,null,0,0,0
64,0,null,0,0,0
65,1,primary_proton,1,1,1
66,0,null,0,0,0
67,0,null,0,0,0
68,0,null,0,0,0
69,0,null,0,0,0
70,0,null,0,0,0
71,0,null,0,0,0
72,0,null,0,0,0
73,0,null,0,0,0
74,0,null,0,0,0
75,0,null,0,0,0
76,0,null,0,0,0
77,0,null,0,0,0
78,0,null,0,0,0
79,0,null,0,0,0
80,1,primary_proton,1,1,1
81,0,null,0,0,0
82,0,null,0,0,0
83,1393,e-,1,0,0
84,0,null,0,0,0
85,0,null,0,0,0
86,0,null,0,0,0
87,0,null,0,0,0
88,0,null,0,0,0
89,0,null,0,0,0
90,0,null,0,0,0
91,0,null,0,0,0
92,0,null,0,0,0
93,0,null,0,0,0
94,0,null,0,0,0
95,0,null,0,0,0
96,0,null,0,0,0
97,0,null,0,0,0
98,0,null,0,0,0
99,0,null,0,0,0
100,0,null,0,0,0
101,0,null,0,0,0
102,0,null,0,0,0
103,0,null,0,0,0
104,3,secondary_proton,1,1,1
105,1,primary_proton,1,1,1
106,0,null,0,0,0
107,1,primary_proton,1,1,1
108,0,null,0,0,0
109,0,null,0,0,0
110,0,null,0,0,0
111,0,null,0,0,0
112,0,null,0,0,0
113,0,null,0,0,0
114,0,null,0,0,0
115,0,null,0,0,0
116,0,null,0,0,0
117,0,null,0,0,0
118,0,null,0,0,0
119,0,null,0,0,0
120,0,null,0,0,0
121,0,null,0,0,0
122,0,null,0,0,0
123,0,null,0,0,0
124,0,null,0,0,0
125,0,null,0,0,0
126,0,null,0,0,0
127,0,null,0,0,0
128,0,null,0,0,0
129,0,null,0,0,0
130,0,null,0,0,0
131,0,null,0,0,0
132,0,null,0,0,0
133,0,null,0,0,0
134,7,pi+,1,1,1
135,0,null,0,0,0
136,0,null,0,0,0
137,0,null,0,0,0
138,0,null,0,0,0
139,0,null,0,0,0
140,0,null,0,0,0
141,0,null,0,0,0
142,0,null,0,0,0
143,0,null,0,0,0
144,0,null,0,0,0
145,0,null,0,0,0
146,0,null,0,0,0
147,0,null,0,0,0
148,0,null,0,0,0
149,0,null,0,0,0
150,1,primary_proton,1,1,1
151,0,null,0,0,0
152,0,null,0,0,0
153,0,null,0,0,0
154,0,null,0,0,0
155,0,null,0,0,0
156,0,null,0,0,0
157,0,null,0,0,0
158,0,null,0,0,0
159,0,null,0,0,0
160,1,primary_proton,1,1,1
161,9,pi+,1,1,1
162,0,null,0,0,0
163,0,null,0,0,0
164,0,null,0,0,0
165,0,null,0,0,0
166,0,null,0,0,0
167,18,pi-,1,1,1
168,0,null,0,0,0
169,0,null,0,0,0
170,0,null,0,0,0
171,0,null,0,0,0
172,0,null,0,0,0
173,0,null,0,0,0
174,1058,e-,0,1,0
175,0,null,0,0,0
176,0,null,0,0,0
177,0,null,0,0,0
178,0,null,0,0,0
179,0,null,0,0,0
180,0,null,0,0,0
181,32,pi+,1,0,0
182,1,primary_proton,1,1,1
183,1,primary_proton,1,1,1
184,0,null,0,0,0
185,0,null,0,0,0
186,0,null,0,0,0
187,0,null,0,0,0
188,0,null,0,0,0
189,0,null,0,0,0
190,0,null,0,0,0
191,0,null,0,0,0
192,0,null,0,0,0
193,0,null,0,0,0
194,0,null,0,0,0
195,1,primary_proton,1,1,1
196,0,null,0,0,0
197,0,null,0,0,0
198,10,secondary_proton,1,1,1
199,0,null,0,0,0
200,0,null,0,0,0
201,0,null,0,0,0
202,0,null,0,0,0
203,0,null,0,0,0
204,0,null,0,0,0
205,0,null,0,0,0
206,0,null,0,0,0
207,0,null,0,0,0
208,0,null,0,0,0
209,0,null,0,0,0
210,0,null,0,0,0
211,0,null,0,0,0
212,0,null,0,0,0
213,0,null,0,0,0
214,6,secondary_proton,1,1,1
215,0,null,0,0,0
216,0,null,0,0,0
217,0,null,0,0,0
218,1,primary_proton,1,1,1
219,0,null,0,0,0
220,0,null,0,0,0
221,0,null,0,0,0
222,0,null,0,0,0
223,0,null,0,0,0
224,0,null,0,0,0
225,0,null,0,0,0
226,0,null,0,0,0
227,0,null,0,0,0
228,0,null,0,0,0
229,0,null,0,0,0
230,0,null,0,0,0
231,0,null,0,0,0
232,0,null,0,0,0
233,0,null,0,0,0
234,0,null,0,0,0
235,0,null,0,0,0
236,0,null,0,0,0
237,0,null,0,0,0
239,0,null,0,0,0
240,0,null,0,0,0
241,0,null,0,0,0
242,0,null,0,0,0
243,0,null,0,0,0
244,0,null,0,0,0
245,0,null,0,0,0
246,0,null,0,0,0
247,0,null,0,0,0
248,0,null,0,0,0
249,0,null,0,0,0
250,0,null,0,0,0
251,0,null,0,0,0
252,0,null,0,0,0
253,0,null,0,0,0
254,0,null,0,0,0
255,0,null,0,0,0
256,0,null,0,0,0
257,0,null,0,0,0
258,0,null,0,0,0
259,0,null,0,0,0
260,2163,pi-,1,1,1
261,0,null,0,0,0
262,0,null,0,0,0
263,0,null,0,0,0
264,0,null,0,0,0
265,0,null,0,0,0
266,0,null,0,0,0
267,0,null,0,0,0
268,0,null,0,0,0
269,0,null,0,0,0
270,0,null,0,0,0
271,4541,pi-,0,1,1
272,0,null,0,0,0
273,0,null,0,0,0
274,0,null,0,0,0
275,0,null,0,0,0
276,0,null,0,0,0
277,0,null,0,0,0
278,0,null,0,0,0
279,0,null,0,0,0
280,0,null,0,0,0
281,0,null,0,0,0
282,0,null,0,0,0
283,5573,secondary_proton,1,1,1
284,0,null,0,0,0
285,0,null,0,0,0
286,0,null,0,0,0
287,0,null,0,0,0
288,0,null,0,0,0
289,14,pi+,1,1,1
290,0,null,0,0,0
291,0,null,0,0,0
292,0,null,0,0,0
293,0,null,0,0,0
294,0,null,0,0,0
295,0,null,0,0,0
296,0,null,0,0,0
297,0,null,0,0,0
298,0,null,0,0,0
299,0,null,0,0,0
300,0,null,0,0,0
301,0,null,0,0,0
302,0,null,0,0,0
303,0,null,0,0,0
304,0,null,0,0,0
305,0,null,0,0,0
306,0,null,0,0,0
307,0,null,0,0,0
308,0,null,0,0,0
309,0,null,0,0,0
310,5,secondary_proton,1,1,1
311,0,null,0,0,0
312,7,pi+,1,1,1
313,0,null,0,0,0
314,0,null,0,0,0
315,0,null,0,0,0
316,1,primary_proton,1,1,1
317,0,null,0,0,0
318,0,null,0,0,0
319,0,null,0,0,0
320,0,null,0,0,0
321,0,null,0,0,0
322,0,null,0,0,0
323,0,null,0,0,0
324,0,null,0,0,0
325,0,null,0,0,0
326,0,null,0,0,0
327,0,null,0,0,0
328,21,pi+,1,1,1
329,0,null,0,0,0
330,0,null,0,0,0
331,0,null,0,0,0
332,0,null,0,0,0
333,18,secondary_proton,1,1,1
334,0,null,0,0,0
335,0,null,0,0,0
336,0,null,0,0,0
337,0,null,0,0,0
338,1162,e-,1,0,0
339,0,null,0,0,0
340,0,null,0,0,0
341,0,null,0,0,0
342,7,secondary_proton,1,1,1
343,0,null,0,0,0
344,0,null,0,0,0
345,0,null,0,0,0
346,0,null,0,0,0
347,0,null,0,0,0
348,0,null,0,0,0
349,0,null,0,0,0
350,1,primary_proton,1,1,1
351,0,null,0,0,0
352,0,null,0,0,0
353,0,null,0,0,0
354,0,null,0,0,0
355,0,null,0,0,0
356,0,null,0,0,0
357,0,null,0,0,0
358,0,null,0,0,0
359,0,null,0,0,0
360,1,primary_proton,1,1,1
361,0,null,0,0,0
362,0,null,0,0,0
363,0,null,0,0,0
364,0,null,0,0,0
365,0,null,0,0,0
366,0,null,0,0,0
367,0,null,0,0,0
368,1,primary_proton,1,1,1
369,0,null,0,0,0
370,0,null,0,0,0
371,0,null,0,0,0
372,0,null,0,0,0
373,0,null,0,0,0
374,0,null,0,0,0
375,0,null,0,0,0
376,0,null,0,0,0
377,0,null,0,0,0
378,0,null,0,0,0
379,0,null,0,0,0
380,0,null,0,0,0
381,0,null,0,0,0
382,1761,secondary_proton,1,0,0
383,3,secondary_proton,1,1,1
384,0,null,0,0,0
385,0,null,0,0,0
386,0,null,0,0,0
387,0,null,0,0,0
388,0,null,0,0,0
389,0,null,0,0,0
390,1,primary_proton,1,1,1
391,0,null,0,0,0
392,0,null,0,0,0
393,0,null,0,0,0
394,0,null,0,0,0
395,0,null,0,0,0
396,0,null,0,0,0
397,0,null,0,0,0
398,0,null,0,0,0
399,0,null,0,0,0
400,0,null,0,0,0
401,0,null,0,0,0
402,0,null,0,0,0
403,0,null,0,0,0
404,0,null,0,0,0
405,0,null,0,0,0
406,0,null,0,0,0
407,1942,e-,1,1,1
408,0,null,0,0,0
409,0,null,0,0,0
410,0,null,0,0,0
411,0,null,0,0,0
412,0,null,0,0,0
413,0,null,0,0,0
414,0,null,0,0,0
415,0,null,0,0,0
416,0,null,0,0,0
417,0,null,0,0,0
418,0,null,0,0,0
419,0,null,0,0,0
420,0,null,0,0,0
421,0,null,0,0,0
422,0,null,0,0,0
423,0,null,0,0,0
424,1,primary_proton,1,1,1
425,0,null,0,0,0
426,0,null,0,0,0
427,0,null,0,0,0
428,0,null,0,0,0
429,0,null,0,0,0
430,0,null,0,0,0
431,0,null,0,0,0
432,0,null,0,0,0
433,1,primary_proton,1,1,1
434,0,null,0,0,0
435,1,primary_proton,1,1,1
436,0,null,0,0,0
437,0,null,0,0,0
438,0,null,0,0,0
439,0,null,0,0,0
440,0,null,0,0,0
441,0,null,0,0,0
442,0,null,0,0,0
443,0,null,0,0,0
444,0,null,0,0,0
445,4,secondary_proton,1,1,1
446,0,null,0,0,0
447,0,null,0,0,0
448,853,secondary_proton,1,0,0
449,0,null,0,0,0
450,0,null,0,0,0
451,0,null,0,0,0
452,0,null,0,0,0
453,0,null,0,0,0
454,0,null,0,0,0
455,0,null,0,0,0
456,0,null,0,0,0
457,0,null,0,0,0
458,0,null,0,0,0
459,0,null,0,0,0
460,0,null,0,0,0
461,0,null,0,0,0
462,0,null,0,0,0
463,12,pi+,1,1,1
464,0,null,0,0,0
465,0,null,0,0,0
466,0,null,0,0,0
467,0,null,0,0,0
469,0,null,0,0,0
470,0,null,0,0,0
471,0,null,0,0,0
472,0,null,0,0,0
473,1,primary_proton,1,1,1
474,0,null,0,0,0
475,0,null,0,0,0
476,1,primary_proton,1,1,1
477,0,null,0,0,0
478,1449,e-,0,0,1
479,0,null,0,0,0
480,0,null,0,0,0
481,0,null,0,0,0
482,0,null,0,0,0
483,0,null,0,0,0
484,0,null,0,0,0
485,0,null,0,0,0
486,0,null,0,0,0
487,0,null,0,0,0
488,0,null,0,0,0
489,0,null,0,0,0
490,0,null,0,0,0
491,1624,e+,1,1,1
492,0,null,0,0,0
493,0,null,0,0,0
494,0,null,0,0,0
495,1,primary_proton,1,1,1
496,0,null,0,0,0
497,0,null,0,0,0
498,0,null,0,0,0
499,0,null,0,0,0
500,0,null,0,0,0
501,0,null,0,0,0
502,0,null,0,0,0
503,0,null,0,0,0
504,0,null,0,0,0
505,0,null,0,0,0
506,0,null,0,0,0
507,0,null,0,0,0
508,0,null,0,0,0
509,0,null,0,0,0
510,0,null,0,0,0
511,0,null,0,0,0
512,0,null,0,0,0
513,0,null,0,0,0
514,0,null,0,0,0
515,0,null,0,0,0
516,0,null,0,0,0
517,0,null,0,0,0
518,0,null,0,0,0
519,0,null,0,0,0
520,585,pi+,1,1,1
521,0,null,0,0,0
522,0,null,0,0,0
523,0,null,0,0,0
524,0,null,0,0,0
525,0,null,0,0,0
526,0,null,0,0,0
527,0,null,0,0,0
528,0,null,0,0,0
529,0,null,0,0,0
530,0,null,0,0,0
531,0,null,0,0,0
532,0,null,0,0,0
533,0,null,0,0,0
534,1,primary_proton,1,1,1
535,0,null,0,0,0
536,0,null,0,0,0
537,0,null,0,0,0
538,0,null,0,0,0
539,0,null,0,0,0
540,0,null,0,0,0
541,0,null,0,0,0
542,0,null,0,0,0
543,0,null,0,0,0
544,0,null,0,0,0
545,0,null,0,0,0
546,0,null,0,0,0
547,0,null,0,0,0
548,0,null,0,0,0
549,3,secondary_proton,1,1,1
550,0,null,0,0,0
551,0,null,0,0,0
552,0,null,0,0,0
553,1,primary_proton,1,1,1
554,0,null,0,0,0
555,0,null,0,0,0
556,0,null,0,0,0
557,0,null,0,0,0
558,0,null,0,0,0
559,0,null,0,0,0
560,0,null,0,0,0
561,0,null,0,0,0
562,0,null,0,0,0
563,0,null,0,0,0
564,0,null,0,0,0
565,0,null,0,0,0
566,0,null,0,0,0
567,0,null,0,0,0
568,0,null,0,0,0
569,1,primary_proton,1,1,1
570,0,null,0,0,0
571,10,pi-,1,0,0
572,0,null,0,0,0
573,0,null,0,0,0
574,0,null,0,0,0
575,0,null,0,0,0
576,0,null,0,0,0
577,0,null,0,0,0
578,0,null,0,0,0
579,0,null,0,0,0
580,0,null,0,0,0
581,0,null,0,0,0
582,0,null,0,0,0
583,0,null,0,0,0
584,0,null,0,0,0
585,0,null,0,0,0
586,0,null,0,0,0
587,0,null,0,0,0
588,0,null,0,0,0
589,0,null,0,0,0
590,1,primary_proton,1,1,1
591,0,null,0,0,0
592,0,null,0,0,0
593,0,null,0,0,0
594,0,null,0,0,0
595,0,null,0,0,0
596,0,null,0,0,0
597,0,null,0,0,0
598,0,null,0,0,0
599,0,null,0,0,0
600,0,null,0,0,0
601,0,null,0,0,0
602,0,null,0,0,0
603,0,null,0,0,0
604,0,null,0,0,0
605,0,null,0,0,0
606,0,null,0,0,0
607,0,null,0,0,0
608,0,null,0,0,0
609,0,null,0,0,0
610,0,null,0,0,0
611,0,null,0,0,0
612,0,null,0,0,0
613,0,null,0,0,0
614,0,null,0,0,0
615,0,null,0,0,0
616,0,null,0,0,0
617,0,null,0,0,0
618,0,null,0,0,0
619,13,pi+,1,1,1
620,0,null,0,0,0
621,0,null,0,0,0
622,0,null,0,0,0
623,0,null,0,0,0
624,0,null,0,0,0
625,0,null,0,0,0
626,0,null,0,0,0
627,0,null,0,0,0
628,0,null,0,0,0
629,0,null,0,0,0
630,1,primary_proton,1,1,1
631,0,null,0,0,0
632,0,null,0,0,0
633,0,null,0,0,0
634,0,null,0,0,0
635,0,null,0,0,0
636,0,null,0,0,0
637,4813,pi+,1,1,1
638,1,primary_proton,1,1,1
639,0,null,0,0,0
640,0,null,0,0,0
641,0,null,0,0,0
642,0,null,0,0,0
643,0,null,0,0,0
644,0,null,0,0,0
645,0,null,0,0,0
646,0,null,0,0,0
647,0,null,0,0,0
648,0,null,0,0,0
649,0,null,0,0,0
650,0,null,0,0,0
651,0,null,0,0,0
652,0,null,0,0,0
653,0,null,0,0,0
654,1,primary_proton,1,1,1
655,0,null,0,0,0
656,0,null,0,0,0
657,0,null,0,0,0
658,0,null,0,0,0
659,0,null,0,0,0
660,0,null,0,0,0
661,0,null,0,0,0
662,0,null,0,0,0
663,0,null,0,0,0
664,0,null,0,0,0
665,0,null,0,0,0
666,0,null,0,0,0
667,0,null,0,0,0
668,0,null,0,0,0
669,0,null,0,0,0
670,0,null,0,0,0
671,0,null,0,0,0
672,0,null,0,0,0
673,0,null,0,0,0
674,0,null,0,0,0
675,0,null,0,0,0
676,0,null,0,0,0
677,0,null,0,0,0
678,0,null,0,0,0
679,0,null,0,0,0
680,0,null,0,0,0
681,0,null,0,0,0
682,0,null,0,0,0
683,0,null,0,0,0
684,0,null,0,0,0
685,0,null,0,0,0
686,0,null,0,0,0
687,7,secondary_proton,1,1,1
688,0,null,0,0,0
689,50,pi-,1,1,1
690,0,null,0,0,0
691,0,null,0,0,0
692,1,primary_proton,1,1,1
693,0,null,0,0,0
694,0,null,0,0,0
695,0,null,0,0,0
696,0,null,0,0,0
697,0,null,0,0,0
698,0,null,0,0,0
699,0,null,0,0,0
700,0,null,0,0,0
702,0,null,0,0,0
703,0,null,0,0,0
704,0,null,0,0,0
705,2570,e-,1,1,0
706,0,null,0,0,0
707,0,null,0,0,0
708,0,null,0,0,0
709,0,null,0,0,0
710,0,null,0,0,0
711,0,null,0,0,0
712,0,null,0,0,0
713,0,null,0,0,0
714,0,null,0,0,0
715,0,null,0,0,0
716,0,null,0,0,0
717,0,null,0,0,0
718,0,null,0,0,0
719,0,null,0,0,0
720,0,null,0,0,0
721,0,null,0,0,0
722,0,null,0,0,0
723,0,null,0,0,0
724,0,null,0,0,0
725,0,null,0,0,0
726,0,null,0,0,0
727,0,null,0,0,0
728,0,null,0,0,0
729,0,null,0,0,0
730,0,null,0,0,0
731,0,null,0,0,0
732,0,null,0,0,0
733,0,null,0,0,0
734,0,null,0,0,0
735,0,null,0,0,0
736,0,null,0,0,0
737,0,null,0,0,0
738,0,null,0,0,0
739,0,null,0,0,0
740,0,null,0,0,0
741,1,primary_proton,1,1,1
742,0,null,0,0,0
743,1,primary_proton,1,1,1
744,0,null,0,0,0
745,7,secondary_proton,1,1,1
746,0,null,0,0,0
747,0,null,0,0,0
748,0,null,0,0,0
749,0,null,0,0,0
750,0,null,0,0,0
751,0,null,0,0,0
752,0,null,0,0,0
753,0,null,0,0,0
754,0,null,0,0,0
755,0,null,0,0,0
756,0,null,0,0,0
757,0,null,0,0,0
758,0,null,0,0,0
759,0,null,0,0,0
760,0,null,0,0,0
761,0,null,0,0,0
762,0,null,0,0,0
763,0,null,0,0,0
764,0,null,0,0,0
765,0,null,0,0,0
766,0,null,0,0,0
767,0,null,0,0,0
768,0,null,0,0,0
769,0,null,0,0,0
770,0,null,0,0,0
771,0,null,0,0,0
772,0,null,0,0,0
773,0,null,0,0,0
774,0,null,0,0,0
775,0,null,0,0,0
776,0,null,0,0,0
777,0,null,0,0,0
778,0,null,0,0,0
779,0,null,0,0,0
780,0,null,0,0,0
781,0,null,0,0,0
782,0,null,0,0,0
783,0,null,0,0,0
784,0,null,0,0,0
785,0,null,0,0,0
786,0,null,0,0,0
787,0,null,0,0,0
788,0,null,0,0,0
789,0,null,0,0,0
790,0,null,0,0,0
791,0,null,0,0,0
792,0,null,0,0,0
793,26,pi-,1,1,1
794,0,null,0,0,0
795,0,null,0,0,0
796,0,null,0,0,0
797,0,null,0,0,0
798,0,null,0,0,0
799,0,null,0,0,0
800,0,null,0,0,0
801,0,null,0,0,0
802,0,null,0,0,0
803,5,secondary_proton,1,1,1
804,0,null,0,0,0
805,0,null,0,0,0
806,0,null,0,0,0
807,0,null,0,0,0
808,0,null,0,0,0
809,0,null,0,0,0
810,0,null,0,0,0
811,0,null,0,0,0
812,0,null,0,0,0
813,0,null,0,0,0
814,0,null,0,0,0
815,0,null,0,0,0
816,0,null,0,0,0
817,63,secondary_proton,1,1,1
818,0,null,0,0,0
819,0,null,0,0,0
820,0,null,0,0,0
821,0,null,0,0,0
822,0,null,0,0,0
823,0,null,0,0,0
824,0,null,0,0,0
825,0,null,0,0,0
826,0,null,0,0,0
827,0,null,0,0,0
828,10,pi-,1,1,1
829,0,null,0,0,0
830,0,null,0,0,0
831,0,null,0,0,0
832,0,null,0,0,0
833,0,null,0,0,0
834,0,null,0,0,0
835,22,secondary_proton,1,1,1
836,1,primary_proton,1,1,0
837,0,null,0,0,0
838,0,null,0,0,0
839,0,null,0,0,0
840,0,null,0,0,0
841,0,null,0,0,0
842,0,null,0,0,0
843,0,null,0,0,0
844,0,null,0,0,0
845,0,null,0,0,0
846,1,primary_proton,1,1,1
847,0,null,0,0,0
848,0,null,0,0,0
849,0,null,0,0,0
850,0,null,0,0,0
851,0,null,0,0,0
852,0,null,0,0,0
853,0,null,0,0,0
854,0,null,0,0,0
855,0,null,0,0,0
856,0,null,0,0,0
857,0,null,0,0,0
858,0,null,0,0,0
859,0,null,0,0,0
860,0,null,0,0,0
861,0,null,0,0,0
862,0,null,0,0,0
863,1,primary_proton,1,1,1
864,0,null,0,0,0
865,0,null,0,0,0
866,0,null,0,0,0
867,0,null,0,0,0
868,0,null,0,0,0
869,9,pi-,1,1,1
870,0,null,0,0,0
871,0,null,0,0,0
872,0,null,0,0,0
873,0,null,0,0,0
874,5,secondary_proton,1,1,1
875,0,null,0,0,0
876,0,null,0,0,0
877,0,null,0,0,0
878,0,null,0,0,0
879,0,null,0,0,0
880,0,null,0,0,0
881,0,null,0,0,0
882,0,null,0,0,0
883,0,null,0,0,0
884,0,null,0,0,0
885,0,null,0,0,0
886,0,null,0,0,0
887,0,null,0,0,0
888,0,null,0,0,0
889,0,null,0,0,0
890,0,null,0,0,0
891,0,null,0,0,0
892,0,null,0,0,0
893,0,null,0,0,0
894,0,null,0,0,0
895,0,null,0,0,0
896,0,null,0,0,0
897,0,null,0,0,0
898,0,null,0,0,0
899,0,null,0,0,0
900,1,primary_proton,1,1,1
901,0,null,0,0,0
902,0,null,0,0,0
903,0,null,0,0,0
904,0,null,0,0,0
905,0,null,0,0,0
906,1,primary_proton,1,1,1
907,0,null,0,0,0
908,0,null,0,0,0
909,290,e+,1,1,0
910,12,pi-,1,1,1
911,0,null,0,0,0
912,0,null,0,0,0
913,0,null,0,0,0
914,0,null,0,0,0
915,0,null,0,0,0
916,0,null,0,0,0
917,1,primary_proton,1,1,1
918,0,null,0,0,0
919,3,secondary_proton,1,1,1
920,0,null,0,0,0
921,0,null,0,0,0
922,0,null,0,0,0
923,0,null,0,0,0
924,0,null,0,0,0
925,0,null,0,0,0
926,0,null,0,0,0
927,0,null,0,0,0
928,0,null,0,0,0
929,0,null,0,0,0
930,0,null,0,0,0
931,0,null,0,0,0
933,0,null,0,0,0
934,0,null,0,0,0
935,0,null,0,0,0
936,0,null,0,0,0
937,0,null,0,0,0
938,0,null,0,0,0
939,0,null,0,0,0
940,1,primary_proton,1,1,1
941,0,null,0,0,0
942,0,null,0,0,0
943,0,null,0,0,0
944,0,null,0,0,0
945,0,null,0,0,0
946,1,primary_proton,1,1,1
947,0,null,0,0,0
948,0,null,0,0,0
949,0,null,0,0,0
950,0,null,0,0,0
951,0,null,0,0,0
952,0,null,0,0,0
953,0,null,0,0,0
954,0,null,0,0,0
955,0,null,0,0,0
956,0,null,0,0,0
957,0,null,0,0,0
958,0,null,0,0,0
959,0,null,0,0,0
960,8,pi+,1,1,1
961,0,null,0,0,0
962,0,null,0,0,0
963,5,secondary_proton,1,1,0
964,0,null,0,0,0
965,0,null,0,0,0
966,0,null,0,0,0
967,0,null,0,0,0
968,0,null,0,0,0
969,0,null,0,0,0
970,0,null,0,0,0
971,1,primary_proton,1,1,1
972,0,null,0,0,0
973,0,null,0,0,0
974,0,null,0,0,0
975,0,null,0,0,0
976,0,null,0,0,0
977,8,pi+,1,1,1
978,0,null,0,0,0
979,0,null,0,0,0
980,0,null,0,0,0
981,0,null,0,0,0
982,0,null,0,0,0
983,0,null,0,0,0
984,0,null,0,0,0
985,0,null,0,0,0
986,0,null,0,0,0
987,0,null,0,0,0
988,0,null,0,0,0
989,0,null,0,0,0
990,0,null,0,0,0
991,0,null,0,0,0
992,0,null,0,0,0
993,0,null,0,0,0
994,0,null,0,0,0
995,0,null,0,0,0
996,0,null,0,0,0
997,0,null,0,0,0
998,0,null,0,0,0
999,0,null,0,0,0
1000,0,null,0,0,0
1001,0,null,0,0,0
1002,0,null,0,0,0
1003,0,null,0,0,0
1004,0,null,0,0,0
1005,0,null,0,0,0
1006,0,null,0,0,0
1007,0,null,0,0,0
1008,0,null,0,0,0
1009,0,null,0,0,0
1010,0,null,0,0,0
1011,0,null,0,0,0
1012,0,null,0,0,0
1013,0,null,0,0,0
1014,0,null,0,0,0
1015,0,null,0,0,0
1016,0,null,0,0,0
1017,0,null,0,0,0
1018,0,null,0,0,0
1019,0,null,0,0,0
1020,0,null,0,0,0
1021,0,null,0,0,0
1022,0,null,0,0,0
1023,0,null,0,0,0
1024,0,null,0,0,0
1025,0,null,0,0,0
1026,0,null,0,0,0
1027,1,primary_proton,1,1,1
1028,0,null,0,0,0
1029,0,null,0,0,0
1030,0,null,0,0,0
1031,0,null,0,0,0
1032,0,null,0,0,0
1033,0,null,0,0,0
1034,0,null,0,0,0
1035,0,null,0,0,0
1036,0,null,0,0,0
1037,0,null,0,0,0
1038,0,null,0,0,0
1039,0,null,0,0,0
1040,0,null,0,0,0
1041,0,null,0,0,0
1042,0,null,0,0,0
1043,0,null,0,0,0
1044,0,null,0,0,0
1045,0,null,0,0,0
1046,7,pi+,1,1,1
1047,0,null,0,0,0
1048,0,null,0,0,0
1049,0,null,0,0,0
1050,0,null,0,0,0
1051,0,null,0,0,0
1052,0,null,0,0,0
1053,0,null,0,0,0
1054,0,null,0,0,0
1055,0,null,0,0,0
1056,0,null,0,0,0
1057,0,null,0,0,0
1058,0,null,0,0,0
1059,1,primary_proton,1,1,1
1060,0,null,0,0,0
1061,0,null,0,0,0
1062,0,null,0,0,0
1063,0,null,0,0,0
1064,0,null,0,0,0
1065,12,pi+,1,1,1
1066,0,null,0,0,0
1067,0,null,0,0,0
1068,0,null,0,0,0
1069,0,null,0,0,0
1070,0,null,0,0,0
1071,0,null,0,0,0
1072,0,null,0,0,0
1073,0,null,0,0,0
1074,0,null,0,0,0
1075,0,null,0,0,0
1076,0,null,0,0,0
1077,0,null,0,0,0
1078,0,null,0,0,0
1079,0,null,0,0,0
1080,0,null,0,0,0
1081,0,null,0,0,0
1082,0,null,0,0,0
1083,1,primary_proton,1,1,1
1084,0,null,0,0,0
1085,0,null,0,0,0
1086,0,null,0,0,0
1087,0,null,0,0,0
1088,0,null,0,0,0
1089,0,null,0,0,0
1090,0,null,0,0,0
1091,0,null,0,0,0
1092,0,null,0,0,0
1093,0,null,0,0,0
1094,0,null,0,0,0
1095,0,null,0,0,0
1096,0,null,0,0,0
1097,0,null,0,0,0
1098,0,null,0,0,0
1099,0,null,0,0,0
1100,0,null,0,0,0
1101,0,null,0,0,0
1102,0,null,0,0,0
1103,0,null,0,0,0
1104,0,null,0,0,0
1105,0,null,0,0,0
1106,0,null,0,0,0
1107,0,null,0,0,0
1108,0,null,0,0,0
1109,0,null,0,0,0
1110,0,null,0,0,0
1111,0,null,0,0,0
1112,0,null,0,0,0
1113,0,null,0,0,0
1114,0,null,0,0,0
1115,0,null,0,0,0
1116,0,null,0,0,0
1117,0,null,0,0,0
1118,0,null,0,0,0
1119,0,null,0,0,0
1120,0,null,0,0,0
1121,0,null,0,0,0
1122,0,null,0,0,0
1123,0,null,0,0,0
1124,0,null,0,0,0
1125,0,null,0,0,0
1126,0,null,0,0,0
1127,0,null,0,0,0
1128,0,null,0,0,0
1129,0,null,0,0,0
1130,0,null,0,0,0
1131,0,null,0,0,0
1132,0,null,0,0,0
1133,1241,pi-,1,0,0
1134,0,null,0,0,0
1135,0,null,0,0,0
1136,0,null,0,0,0
1137,0,null,0,0,0
1138,0,null,0,0,0
1139,0,null,0,0,0
1140,0,null,0,0,0
1141,0,null,0,0,0
1142,0,null,0,0,0
1143,0,null,0,0,0
1144,0,null,0,0,0
1145,0,null,0,0,0
1146,0,null,0,0,0
1147,0,null,0,0,0
1148,0,null,0,0,0
1149,0,null,0,0,0
1150,0,null,0,0,0
1151,0,null,0,0,0
1152,0,null,0,0,0
1153,0,null,0,0,0
1154,0,null,0,0,0
1155,0,null,0,0,0
1156,0,null,0,0,0
1157,0,null,0,0,0
1158,0,null,0,0,0
1159,0,null,0,0,0
1161,0,null,0,0,0
1162,0,null,0,0,0
1163,0,null,0,0,0
1164,0,null,0,0,0
1165,0,null,0,0,0
1166,0,null,0,0,0
1167,7,secondary_proton,1,1,0
1168,0,null,0,0,0
1169,0,null,0,0,0
1170,0,null,0,0,0
1171,0,null,0,0,0
1172,0,null,0,0,0
1173,0,null,0,0,0
1174,0,null,0,0,0
1175,0,null,0,0,0
1176,0,null,0,0,0
1177,0,null,0,0,0
1178,0,null,0,0,0
1179,0,null,0,0,0
1180,0,null,0,0,0
1181,0,null,0,0,0
1182,0,null,0,0,0
1183,0,null,0,0,0
1184,0,null,0,0,0
1185,0,null,0,0,0
1186,0,null,0,0,0
1187,0,null,0,0,0
1188,0,null,0,0,0
1189,0,null,0,0,0
1190,0,null,0,0,0
1191,0,null,0,0,0
1192,0,null,0,0,0
1193,0,null,0,0,0
1194,0,null,0,0,0
1195,0,null,0,0,0
1196,0,null,0,0,0
1197,8,pi+,1,1,1
1198,0,null,0,0,0
1199,0,null,0,0,0
1200,0,null,0,0,0
1201,0,null,0,0,0
1202,0,null,0,0,0
1203,0,null,0,0,0
1204,0,null,0,0,0
1205,0,null,0,0,0
1206,0,null,0,0,0
1207,0,null,0,0,0
1208,0,null,0,0,0
1209,0,null,0,0,0
1210,0,null,0,0,0
1211,0,null,0,0,0
1212,0,null,0,0,0
1213,0,null,0,0,0
1214,0,null,0,0,0
1215,0,null,0,0,0
1216,0,null,0,0,0
1217,0,null,0,0,0
1218,0,null,0,0,0
1219,0,null,0,0,0
1220,0,null,0,0,0
1221,0,null,0,0,0
1222,1,primary_proton,1,1,1
1223,0,null,0,0,0
1224,0,null,0,0,0
1225,0,null,0,0,0
1226,0,null,0,0,0
1227,0,null,0,0,0
1228,0,null,0,0,0
1229,0,null,0,0,0
1230,0,null,0,0,0
1231,0,null,0,0,0
1232,0,null,0,0,0
1233,4,secondary_proton,1,1,1
1234,0,null,0,0,0
1235,12,pi+,1,0,0
1236,0,null,0,0,0
1237,0,null,0,0,0
1238,0,null,0,0,0
1239,0,null,0,0,0
1240,0,null,0,0,0
1241,0,null,0,0,0
1242,0,null,0,0,0
1243,0,null,0,0,0
1244,0,null,0,0,0
1245,0,null,0,0,0
1246,0,null,0,0,0
1247,0,null,0,0,0
1248,0,null,0,0,0
1249,0,null,0,0,0
1250,0,null,0,0,0
1251,1,primary_proton,1,1,1
1252,0,null,0,0,0
1253,0,null,0,0,0
1254,0,null,0,0,0
1255,0,null,0,0,0
1256,0,null,0,0,0
1257,0,null,0,0,0
1258,0,null,0,0,0
1259,0,null,0,0,0
1260,0,null,0,0,0
1261,0,null,0,0,0
1262,0,null,0,0,0
1263,0,null,0,0,0
1264,0,null,0,0,0
1265,0,null,0,0,0
1266,0,null,0,0,0
1267,0,null,0,0,0
1268,0,null,0,0,0
1269,0,null,0,0,0
1270,0,null,0,0,0
1271,0,null,0,0,0
1272,0,null,0,0,0
1273,1,primary_proton,1,1,1
1274,0,null,0,0,0
1275,0,null,0,0,0
1276,0,null,0,0,0
1277,0,null,0,0,0
1278,0,null,0,0,0
1279,0,null,0,0,0
1280,0,null,0,0,0
1281,0,null,0,0,0
1282,0,null,0,0,0
1283,0,null,0,0,0
1284,0,null,0,0,0
1285,0,null,0,0,0
1286,0,null,0,0,0
1287,0,null,0,0,0
1288,0,null,0,0,0
1289,0,null,0,0,0
1290,0,null,0,0,0
1291,12,pi-,1,1,0
1292,0,null,0,0,0
1293,0,null,0,0,0
1294,0,null,0,0,0
1295,0,null,0,0,0
1296,0,null,0,0,0
1297,0,null,0,0,0
1298,0,null,0,0,0
1299,0,null,0,0,0
1300,0,null,0,0,0
1301,1,primary_proton,1,1,1
1302,0,null,0,0,0
1303,1,primary_proton,1,1,1
1304,0,null,0,0,0
1305,0,null,0,0,0
1306,0,null,0,0,0
1307,0,null,0,0,0
1308,0,null,0,0,0
1309,0,null,0,0,0
1310,0,null,0,0,0
1311,0,null,0,0,0
1312,0,null,0,0,0
1313,0,null,0,0,0
1314,0,null,0,0,0
1315,0,null,0,0,0
1316,0,null,0,0,0
1317,0,null,0,0,0
1318,0,null,0,0,0
1319,0,null,0,0,0
1320,0,null,0,0,0
1321,1,primary_proton,1,1,1
1322,0,null,0,0,0
1323,0,null,0,0,0
1324,0,null,0,0,0
1325,0,null,0,0,0
1326,1,primary_proton,1,1,1
1327,1,primary_proton,1,1,1
1328,0,null,0,0,0
1329,0,null,0,0,0
1330,0,null,0,0,0
1331,0,null,0,0,0
1332,0,null,0,0,0
1333,0,null,0,0,0
1334,0,null,0,0,0
1335,0,null,0,0,0
1336,8,pi+,1,1,1
1337,0,null,0,0,0
1338,0,null,0,0,0
1339,0,null,0,0,0
1340,0,null,0,0,0
1341,0,null,0,0,0
1342,0,null,0,0,0
1343,0,null,0,0,0
1344,0,null,0,0,0
1345,0,null,0,0,0
1346,0,null,0,0,0
1347,0,null,0,0,0
1348,0,null,0,0,0
1349,0,null,0,0,0
1350,0,null,0,0,0
1351,0,null,0,0,0
1352,0,null,0,0,0
1353,0,null,0,0,0
1354,0,null,0,0,0
1355,1,primary_proton,1,1,1
1356,0,null,0,0,0
1357,0,null,0,0,0
1358,0,null,0,0,0
1359,0,null,0,0,0
1360,0,null,0,0,0
1361,0,null,0,0,0
1362,0,null,0,0,0
1363,0,null,0,0,0
1364,0,null,0,0,0
1365,0,null,0,0,0
1366,0,null,0,0,0
1367,0,null,0,0,0
1368,0,null,0,0,0
1369,0,null,0,0,0
1370,0,null,0,0,0
1371,0,null,0,0,0
1372,0,null,0,0,0
1373,0,null,0,0,0
1374,0,null,0,0,0
1375,0,null,0,0,0
1376,0,null,0,0,0
1377,0,null,0,0,0
1378,0,null,0,0,0
1379,0,null,0,0,0
1381,0,null,0,0,0
1382,0,null,0,0,0
1383,0,null,0,0,0
1384,0,null,0,0,0
1385,0,null,0,0,0
1386,0,null,0,0,0
1387,0,null,0,0,0
1388,0,null,0,0,0
1389,0,null,0,0,0
1390,0,null,0,0,0
1391,0,null,0,0,0
1392,0,null,0,0,0
1393,0,null,0,0,0
1394,0,null,0,0,0
1395,0,null,0,0,0
1396,0,null,0,0,0
1397,0,null,0,0,0
1398,0,null,0,0,0
1399,0,null,0,0,0
1400,0,null,0,0,0
1401,0,null,0,0,0
1402,0,null,0,0,0
1403,0,null,0,0,0
1404,0,null,0,0,0
1405,0,null,0,0,0
1406,0,null,0,0,0
1407,0,null,0,0,0
1408,2290,e-,0,0,1
1409,0,null,0,0,0
1410,0,null,0,0,0
1411,0,null,0,0,0
1412,0,null,0,0,0
1413,0,null,0,0,0
1414,0,null,0,0,0
1415,0,null,0,0,0
1416,0,null,0,0,0
1417,1,primary_proton,1,1,1
1418,0,null,0,0,0
1419,0,null,0,0,0
1420,0,null,0,0,0
1421,0,null,0,0,0
1422,0,null,0,0,0
1423,1,primary_proton,1,1,1
1424,1,primary_proton,1,1,1
1425,0,null,0,0,0
1426,0,null,0,0,0
1427,0,null,0,0,0
1428,0,null,0,0,0
1429,0,null,0,0,0
1430,0,null,0,0,0
1431,0,null,0,0,0
1432,0,null,0,0,0
1433,0,null,0,0,0
1434,0,null,0,0,0
1435,0,null,0,0,0
1436,478,secondary_proton,1,0,0
1437,0,null,0,0,0
1438,0,null,0,0,0
1439,0,null,0,0,0
1440,0,null,0,0,0
1441,0,null,0,0,0
1442,0,null,0,0,0
1443,0,null,0,0,0
1444,0,null,0,0,0
1445,0,null,0,0,0
1446,0,null,0,0,0
1447,0,null,0,0,0
1448,0,null,0,0,0
1449,0,null,0,0,0
1450,0,null,0,0,0
1451,6,secondary_proton,1,1,0
1452,0,null,0,0,0
1453,0,null,0,0,0
1454,0,null,0,0,0
1455,0,null,0,0,0
1456,0,null,0,0,0
1457,0,null,0,0,0
1458,0,null,0,0,0
1459,1,primary_proton,1,1,1
1460,0,null,0,0,0
1461,0,null,0,0,0
1462,0,null,0,0,0
1463,0,null,0,0,0
1464,0,null,0,0,0
1465,0,null,0,0,0
1466,0,null,0,0,0
1467,0,null,0,0,0
1468,0,null,0,0,0
1469,0,null,0,0,0
1470,0,null,0,0,0
1471,0,null,0,0,0
1472,0,null,0,0,0
1473,0,null,0,0,0
1474,0,null,0,0,0
1475,0,null,0,0,0
1476,0,null,0,0,0
1477,0,null,0,0,0
1478,0,null,0,0,0
1479,1,primary_proton,1,1,1
1480,7,pi-,1,0,0
1481,0,null,0,0,0
1482,0,null,0,0,0
1483,0,null,0,0,0
1484,0,null,0,0,0
1485,1,primary_proton,1,1,1
1486,0,null,0,0,0
1487,0,null,0,0,0
1488,0,null,0,0,0
1489,0,null,0,0,0
1490,0,null,0,0,0
1491,0,null,0,0,0
1492,0,null,0,0,0
1493,0,null,0,0,0
1494,8,pi-,1,1,0
1495,0,null,0,0,0
1496,0,null,0,0,0
1497,9,pi+,1,1,0
1498,0,null,0,0,0
1499,0,null,0,0,0
1500,0,null,0,0,0
1501,16,pi+,1,0,0
1502,0,null,0,0,0
1503,0,null,0,0,0
1504,0,null,0,0,0
1505,0,null,0,0,0
1506,0,null,0,0,0
1507,0,null,0,0,0
1508,0,null,0,0,0
1509,0,null,0,0,0
1510,0,null,0,0,0
1511,0,null,0,0,0
1512,0,null,0,0,0
1513,0,null,0,0,0
1514,0,null,0,0,0
1515,0,null,0,0,0
1516,0,null,0,0,0
1517,0,null,0,0,0
1518,0,null,0,0,0
1519,0,null,0,0,0
1520,0,null,0,0,0
1521,0,null,0,0,0
1522,4,secondary_proton,1,1,1
1523,0,null,0,0,0
1524,0,null,0,0,0
1525,0,null,0,0,0
1526,0,null,0,0,0
1527,0,null,0,0,0
1528,0,null,0,0,0
1529,0,null,0,0,0
1530,0,null,0,0,0
1531,0,null,0,0,0
1532,0,null,0,0,0
1533,0,null,0,0,0
1534,0,null,0,0,0
1535,0,null,0,0,0
1536,0,null,0,0,0
1537,0,null,0,0,0
1538,0,null,0,0,0
1539,0,null,0,0,0
1540,0,null,0,0,0
1541,0,null,0,0,0
1542,0,null,0,0,0
1543,0,null,0,0,0
1544,0,null,0,0,0
1545,0,null,0,0,0
1546,0,null,0,0,0
1547,0,null,0,0,0
1548,0,null,0,0,0
1549,0,null,0,0,0
1550,0,null,0,0,0
1551,1,primary_proton,1,1,1
1552,0,null,0,0,0
1553,0,null,0,0,0
1554,10,pi+,1,1,1
1555,0,null,0,0,0
1556,0,null,0,0,0
1557,0,null,0,0,0
1558,0,null,0,0,0
1559,0,null,0,0,0
1560,0,null,0,0,0
1561,0,null,0,0,0
1562,0,null,0,0,0
1563,0,null,0,0,0
1564,0,null,0,0,0
1565,0,null,0,0,0
1566,0,null,0,0,0
1567,0,null,0,0,0
1568,1,primary_proton,1,1,1
1569,0,null,0,0,0
1570,0,null,0,0,0
1571,0,null,0,0,0
1572,0,null,0,0,0
1573,0,null,0,0,0
1574,0,null,0,0,0
1575,0,null,0,0,0
1576,0,null,0,0,0
1577,0,null,0,0,0
1578,0,null,0,0,0
1579,0,null,0,0,0
1580,0,null,0,0,0
1581,0,null,0,0,0
1582,0,null,0,0,0
1583,0,null,0,0,0
1584,0,null,0,0,0
1585,0,null,0,0,0
1586,0,null,0,0,0
1587,1,primary_proton,1,1,1
1588,0,null,0,0,0
1589,0,null,0,0,0
1590,1,primary_proton,1,1,1
1591,0,null,0,0,0
1592,0,null,0,0,0
1593,13,secondary_proton,1,1,1
1594,0,null,0,0,0
1595,0,null,0,0,0
1596,0,null,0,0,0
1597,0,null,0,0,0
1598,0,null,0,0,0
1600,7,pi+,1,1,0
1601,0,null,0,0,0
1602,8,secondary_proton,1,1,1
1603,0,null,0,0,0
1604,0,null,0,0,0
1605,0,null,0,0,0
1606,0,null,0,0,0
1607,0,null,0,0,0
1608,0,null,0,0,0
1609,0,null,0,0,0
1610,0,null,0,0,0
1611,0,null,0,0,0
1612,0,null,0,0,0
1613,0,null,0,0,0
1614,0,null,0,0,0
1615,0,null,0,0,0
1616,0,null,0,0,0
1617,0,null,0,0,0
1618,0,null,0,0,0
1619,0,null,0,0,0
1620,0,null,0,0,0
1621,0,null,0,0,0
1622,0,null,0,0,0
1623,0,null,0,0,0
1624,0,null,0,0,0
1625,0,null,0,0,0
1626,0,null,0,0,0
1627,0,null,0,0,0
1628,0,null,0,0,0
1629,0,null,0,0,0
1630,0,null,0,0,0
1631,0,null,0,0,0
1632,0,null,0,0,0
1633,3,secondary_proton,1,1,1
1634,0,null,0,0,0
1635,0,null,0,0,0
1636,0,null,0,0,0
1637,0,null,0,0,0
1638,0,null,0,0,0
1639,0,null,0,0,0
1640,0,null,0,0,0
1641,1,primary_proton,1,1,1
1642,0,null,0,0,0
1643,0,null,0,0,0
1644,1,primary_proton,1,1,1
1645,0,null,0,0,0
1646,0,null,0,0,0
1647,0,null,0,0,0
1648,0,null,0,0,0
1649,0,null,0,0,0
1650,0,null,0,0,0
1651,0,null,0,0,0
1652,0,null,0,0,0
1653,0,null,0,0,0
1654,0,null,0,0,0
1655,0,null,0,0,0
1656,0,null,0,0,0
1657,0,null,0,0,0
1658,0,null,0,0,0
1659,0,null,0,0,0
1660,0,null,0,0,0
1661,0,null,0,0,0
1662,0,null,0,0,0
1663,0,null,0,0,0
1664,0,null,0,0,0
1665,0,null,0,0,0
1666,0,null,0,0,0
1667,0,null,0,0,0
1668,0,null,0,0,0
1669,0,null,0,0,0
1670,0,null,0,0,0
1671,0,null,0,0,0
1672,0,null,0,0,0
1673,0,null,0,0,0
1674,766,secondary_proton,1,0,0
1675,0,null,0,0,0
1676,0,null,0,0,0
1677,0,null,0,0,0
1678,0,null,0,0,0
1679,0,null,0,0,0
1680,0,null,0,0,0
1681,0,null,0,0,0
1682,0,null,0,0,0
1683,0,null,0,0,0
1684,3081,secondary_proton,1,1,0
1685,0,null,0,0,0
1686,0,null,0,0,0
1687,0,null,0,0,0
1688,0,null,0,0,0
1689,0,null,0,0,0
1690,0,null,0,0,0
1691,0,null,0,0,0
1692,0,null,0,0,0
1693,0,null,0,0,0
1694,0,null,0,0,0
1695,0,null,0,0,0
1696,0,null,0,0,0
1697,0,null,0,0,0
1698,0,null,0,0,0
1699,0,null,0,0,0
1700,0,null,0,0,0
1701,0,null,0,0,0
1702,0,null,0,0,0
1703,0,null,0,0,0
1704,0,null,0,0,0
1705,0,null,0,0,0
1706,0,null,0,0,0
1707,0,null,0,0,0
1708,0,null,0,0,0
1709,0,null,0,0,0
1710,0,null,0,0,0
1711,0,null,0,0,0
1712,0,null,0,0,0
1713,0,null,0,0,0
1714,0,null,0,0,0
1715,0,null,0,0,0
1716,0,null,0,0,0
1717,0,null,0,0,0
1718,0,null,0,0,0
1719,0,null,0,0,0
1720,0,null,0,0,0
1721,0,null,0,0,0
1722,1,primary_proton,1,1,1
1723,0,null,0,0,0
1724,0,null,0,0,0
1725,0,null,0,0,0
1726,0,null,0,0,0
1727,0,null,0,0,0
1728,0,null,0,0,0
1729,0,null,0,0,0
1730,0,null,0,0,0
1731,0,null,0,0,0
1732,0,null,0,0,0
1733,0,null,0,0,0
1734,0,null,0,0,0
1735,0,null,0,0,0
1736,0,null,0,0,0
1737,7,pi-,1,1,1
1738,0,null,0,0,0
1739,0,null,0,0,0
1740,0,null,0,0,0
1741,578,pi+,1,1,1
1742,0,null,0,0,0
1743,0,null,0,0,0
1744,0,null,0,0,0
1745,0,null,0,0,0
1746,0,null,0,0,0
1747,0,null,0,0,0
1748,0,null,0,0,0
1749,0,null,0,0,0
1750,0,null,0,0,0
1751,0,null,0,0,0
1752,0,null,0,0,0
1753,0,null,0,0,0
1754,0,null,0,0,0
1755,0,null,0,0,0
1756,0,null,0,0,0
1757,0,null,0,0,0
1758,0,null,0,0,0
1759,0,null,0,0,0
1760,0,null,0,0,0
1761,0,null,0,0,0
1762,0,null,0,0,0
1763,0,null,0,0,0
1764,0,null,0,0,0
1765,0,null,0,0,0
1766,0,null,0,0,0
1767,0,null,0,0,0
1768,0,null,0,0,0
1769,6,pi+,1,1,1
1770,0,null,0,0,0
1771,0,null,0,0,0
1772,144,e-,1,0,0
1773,0,null,0,0,0
1774,0,null,0,0,0
1775,0,null,0,0,0
1776,0,null,0,0,0
1777,0,null,0,0,0
1778,0,null,0,0,0
1779,0,null,0,0,0
1780,0,null,0,0,0
1781,0,null,0,0,0
1782,2538,e-,0,1,0
1783,0,null,0,0,0
1784,0,null,0,0,0
1785,0,null,0,0,0
1786,0,null,0,0,0
1787,0,null,0,0,0
1788,0,null,0,0,0
1789,0,null,0,0,0
1790,0,null,0,0,0
1791,0,null,0,0,0
1792,0,null,0,0,0
1793,0,null,0,0,0
1794,0,null,0,0,0
1795,0,null,0,0,0
1796,0,null,0,0,0
1797,0,null,0,0,0
1798,0,null,0,0,0
1799,0,null,0,0,0
1800,0,null,0,0,0
1801,0,null,0,0,0
1802,0,null,0,0,0
1803,11,pi-,1,1,1
1804,0,null,0,0,0
1805,0,null,0,0,0
1806,0,null,0,0,0
1807,0,null,0,0,0
1808,0,null,0,0,0
1809,0,null,0,0,0
1810,0,null,0,0,0
1811,0,null,0,0,0
1812,0,null,0,0,0
1813,0,null,0,0,0
1814,0,null,0,0,0
1815,0,null,0,0,0
1816,0,null,0,0,0
1817,0,null,0,0,0
1818,0,null,0,0,0
1819,0,null,0,0,0
1820,0,null,0,0,0
1821,0,null,0,0,0
1823,0,null,0,0,0
1824,0,null,0,0,0
1825,0,null,0,0,0
1826,0,null,0,0,0
1827,0,null,0,0,0
1828,0,null,0,0,0
1829,0,null,0,0,0
1830,0,null,0,0,0
1831,0,null,0,0,0
1832,0,null,0,0,0
1833,1,primary_proton,1,1,1
1834,0,null,0,0,0
1835,0,null,0,0,0
1836,0,null,0,0,0
1837,0,null,0,0,0
1838,0,null,0,0,0
1839,0,null,0,0,0
1840,0,null,0,0,0
1841,0,null,0,0,0
1842,0,null,0,0,0
1843,0,null,0,0,0
1844,0,null,0,0,0
1845,0,null,0,0,0
1846,0,null,0,0,0
1847,0,null,0,0,0
1848,0,null,0,0,0
1849,0,null,0,0,0
1850,0,null,0,0,0
1851,0,null,0,0,0
1852,0,null,0,0,0
1853,0,null,0,0,0
1854,0,null,0,0,0
1855,0,null,0,0,0
1856,0,null,0,0,0
1857,0,null,0,0,0
1858,0,null,0,0,0
1859,3052,secondary_proton,1,1,0
1860,0,null,0,0,0
1861,0,null,0,0,0
1862,1,primary_proton,1,1,1
1863,0,null,0,0,0
1864,0,null,0,0,0
1865,0,null,0,0,0
1866,0,null,0,0,0
1867,0,null,0,0,0
1868,0,null,0,0,0
1869,1,primary_proton,1,1,1
1870,0,null,0,0,0
1871,0,null,0,0,0
1872,0,null,0,0,0
1873,0,null,0,0,0
1874,0,null,0,0,0
1875,0,null,0,0,0
1876,0,null,0,0,0
1877,13,pi+,1,1,1
1878,1,primary_proton,1,1,1
1879,0,null,0,0,0
1880,0,null,0,0,0
1881,0,null,0,0,0
1882,0,null,0,0,0
1883,0,null,0,0,0
1884,0,null,0,0,0
1885,0,null,0,0,0
1886,0,null,0,0,0
1887,0,null,0,0,0
1888,1,primary_proton,1,1,1
1889,0,null,0,0,0
1890,0,null,0,0,0
1891,0,null,0,0,0
1892,0,null,0,0,0
1893,0,null,0,0,0
1894,5,pi-,1,1,0
1895,0,null,0,0,0
1896,0,null,0,0,0
1897,0,null,0,0,0
1898,0,null,0,0,0
1899,0,null,0,0,0
1900,0,null,0,0,0
1901,0,null,0,0,0
1902,0,null,0,0,0
1903,4747,e-,0,1,0
1904,0,null,0,0,0
1905,0,null,0,0,0
1906,0,null,0,0,0
1907,0,null,0,0,0
1908,0,null,0,0,0
1909,0,null,0,0,0
1910,0,null,0,0,0
1911,0,null,0,0,0
1912,0,null,0,0,0
1913,0,null,0,0,0
1914,14,secondary_proton,1,1,1
1915,0,null,0,0,0
1916,0,null,0,0,0
1917,0,null,0,0,0
1918,1331,e-,1,1,0
1919,0,null,0,0,0
1920,0,null,0,0,0
1921,0,null,0,0,0
1922,0,null,0,0,0
1923,0,null,0,0,0
1924,0,null,0,0,0
1925,0,null,0,0,0
1926,0,null,0,0,0
1927,0,null,0,0,0
1928,0,null,0,0,0
1929,0,null,0,0,0
1930,0,null,0,0,0
1931,0,null,0,0,0
1932,0,null,0,0,0
1933,0,null,0,0,0
1934,0,null,0,0,0
1935,0,null,0,0,0
1936,0,null,0,0,0
1937,0,null,0,0,0
1938,3,secondary_proton,1,1,1
1939,0,null,0,0,0
1940,0,null,0,0,0
1941,0,null,0,0,0
1942,0,null,0,0,0
1943,0,null,0,0,0
1944,0,null,0,0,0
1945,0,null,0,0,0
1946,0,null,0,0,0
1947,7,pi+,1,1,1
1948,0,null,0,0,0
1949,0,null,0,0,0
1950,0,null,0,0,0
1951,0,null,0,0,0
1952,0,null,0,0,0
1953,0,null,0,0,0
1954,0,null,0,0,0
1955,0,null,0,0,0
1956,0,null,0,0,0
1957,0,null,0,0,0
1958,0,null,0,0,0
1959,0,null,0,0,0
1960,0,null,0,0,0
1961,0,null,0,0,0
1962,0,null,0,0,0
1963,0,null,0,0,0
1964,0,null,0,0,0
1965,0,null,0,0,0
1966,0,null,0,0,0
1967,0,null,0,0,0
1968,0,null,0,0,0
1969,0,null,0,0,0
1970,0,null,0,0,0
1971,6,secondary_proton,1,1,1
1972,0,null,0,0,0
1973,0,null,0,0,0
1974,0,null,0,0,0
1975,0,null,0,0,0
1976,0,null,0,0,0
1977,0,null,0,0,0
1978,1,primary_proton,1,1,1
1979,0,null,0,0,0
1980,0,null,0,0,0
1981,0,null,0,0,0
1982,0,null,0,0,0
1983,0,null,0,0,0
1984,0,null,0,0,0
1985,0,null,0,0,0
1986,0,null,0,0,0
1987,0,null,0,0,0
1988,0,null,0,0,0
1989,0,null,0,0,0
1990,0,null,0,0,0
1991,1,primary_proton,1,1,1
1992,0,null,0,0,0
1993,0,null,0,0,0
1994,0,null,0,0,0
1995,0,null,0,0,0
1996,0,null,0,0,0
1997,0,null,0,0,0
1998,0,null,0,0,0
1999,0,null,0,0,0
2000,0,null,0,0,0
2001,0,null,0,0,0
2002,0,null,0,0,0
2003,0,null,0,0,0
2004,0,null,0,0,0
2005,0,null,0,0,0
2006,0,null,0,0,0
2007,0,null,0,0,0
2008,0,null,0,0,0
2009,14,secondary_proton,1,1,1
2010,0,null,0,0,0
2011,0,null,0,0,0
2012,0,null,0,0,0
2013,0,null,0,0,0
2014,0,null,0,0,0
2015,1,primary_proton,1,1,1
2016,2291,e-,1,0,0
2017,0,null,0,0,0
2018,0,null,0,0,0
2019,0,null,0,0,0
2020,0,null,0,0,0
2021,0,null,0,0,0
2022,0,null,0,0,0
2023,0,null,0,0,0
2024,0,null,0,0,0
2025,0,null,0,0,0
2026,0,null,0,0,0
2027,1,primary_proton,1,1,1
2028,0,null,0,0,0
2029,0,null,0,0,0
2030,0,null,0,0,0
2031,0,null,0,0,0
2032,0,null,0,0,0
2033,15,pi+,1,0,0
2034,0,null,0,0,0
2035,0,null,0,0,0
2036,0,null,0,0,0
2037,0,null,0,0,0
2038,0,null,0,0,0
2039,0,null,0,0,0
2040,0,null,0,0,0
2042,0,null,0,0,0
2043,0,null,0,0,0
2044,0,null,0,0,0
2045,0,null,0,0,0
2046,0,null,0,0,0
2047,1,primary_proton,1,1,1
2048,0,null,0,0,0
2049,0,null,0,0,0
2050,0,null,0,0,0
2051,0,null,0,0,0
2052,0,null,0,0,0
2053,0,null,0,0,0
2054,0,null,0,0,0
2055,0,null,0,0,0
2056,0,null,0,0,0
2057,0,null,0,0,0
2058,0,null,0,0,0
2059,2,secondary_proton,1,1,1
2060,0,null,0,0,0
2061,0,null,0,0,0
2062,0,null,0,0,0
2063,0,null,0,0,0
2064,0,null,0,0,0
2065,0,null,0,0,0
2066,0,null,0,0,0
2067,0,null,0,0,0
2068,0,null,0,0,0
2069,0,null,0,0,0
2070,0,null,0,0,0
2071,0,null,0,0,0
2072,0,null,0,0,0
2073,0,null,0,0,0
2074,0,null,0,0,0
2075,0,null,0,0,0
2076,0,null,0,0,0
2077,0,null,0,0,0
2078,0,null,0,0,0
2079,0,null,0,0,0
2080,0,null,0,0,0
2081,0,null,0,0,0
2082,0,null,0,0,0
2083,0,null,0,0,0
2084,0,null,0,0,0
2085,0,null,0,0,0
2086,0,null,0,0,0
2087,0,null,0,0,0
2088,0,null,0,0,0
2089,0,null,0,0,0
2090,0,null,0,0,0
2091,0,null,0,0,0
2092,0,null,0,0,0
2093,0,null,0,0,0
2094,0,null,0,0,0
2095,0,null,0,0,0
2096,0,null,0,0,0
2097,0,null,0,0,0
2098,0,null,0,0,0
2099,0,null,0,0,0
2100,0,null,0,0,0
2101,0,null,0,0,0
2102,6,secondary_proton,1,1,1
2103,0,null,0,0,0
2104,0,null,0,0,0
2105,0,null,0,0,0
2106,0,null,0,0,0
2107,0,null,0,0,0
2108,0,null,0,0,0
2109,0,null,0,0,0
2110,0,null,0,0,0
2111,1,primary_proton,1,1,1
2112,0,null,0,0,0
2113,0,null,0,0,0
2114,0,null,0,0,0
2115,1,primary_proton,1,1,1
2116,0,null,0,0,0
2117,0,null,0,0,0
2118,0,null,0,0,0
2119,0,null,0,0,0
2120,0,null,0,0,0
2121,0,null,0,0,0
2122,0,null,0,0,0
2123,1,primary_proton,1,1,1
2124,0,null,0,0,0
2125,0,null,0,0,0
2126,0,null,0,0,0
2127,7,secondary_proton,1,1,1
2128,0,null,0,0,0
2129,14,secondary_proton,1,1,1
2130,0,null,0,0,0
2131,0,null,0,0,0
2132,0,null,0,0,0
2133,0,null,0,0,0
2134,0,null,0,0,0
2135,0,null,0,0,0
2136,0,null,0,0,0
2137,0,null,0,0,0
2138,0,null,0,0,0
2139,0,null,0,0,0
2140,0,null,0,0,0
2141,0,null,0,0,0
2142,0,null,0,0,0
2143,0,null,0,0,0
2144,0,null,0,0,0
2145,0,null,0,0,0
2146,0,null,0,0,0
2147,0,null,0,0,0
2148,0,null,0,0,0
2149,0,null,0,0,0
2150,0,null,0,0,0
2151,0,null,0,0,0
2152,0,null,0,0,0
2153,0,null,0,0,0
2154,0,null,0,0,0
2155,0,null,0,0,0
2156,0,null,0,0,0
2157,0,null,0,0,0
2158,0,null,0,0,0
2159,0,null,0,0,0
2160,0,null,0,0,0
2161,0,null,0,0,0
2162,0,null,0,0,0
2163,0,null,0,0,0
2164,0,null,0,0,0
2165,0,null,0,0,0
2166,0,null,0,0,0
2167,0,null,0,0,0
2168,0,null,0,0,0
2169,0,null,0,0,0
2170,0,null,0,0,0
2171,0,null,0,0,0
2172,0,null,0,0,0
2173,0,null,0,0,0
2174,0,null,0,0,0
2175,0,null,0,0,0
2176,0,null,0,0,0
2177,0,null,0,0,0
2178,0,null,0,0,0
2179,0,null,0,0,0
2180,0,null,0,0,0
2181,0,null,0,0,0
2182,0,null,0,0,0
2183,0,null,0,0,0
2184,0,null,0,0,0
2185,0,null,0,0,0
2186,0,null,0,0,0
2187,0,null,0,0,0
2188,0,null,0,0,0
2189,0,null,0,0,0
2190,0,null,0,0,0
2191,0,null,0,0,0
2192,0,null,0,0,0
2193,0,null,0,0,0
2194,0,null,0,0,0
2195,0,null,0,0,0
2196,0,null,0,0,0
2197,0,null,0,0,0
2198,0,null,0,0,0
2199,0,null,0,0,0
2200,6,pi-,1,1,1
2201,9,pi-,1,1,1
2202,0,null,0,0,0
2203,0,null,0,0,0
2204,0,null,0,0,0
2205,0,null,0,0,0
2206,0,null,0,0,0
2207,0,null,0,0,0
2208,0,null,0,0,0
2209,0,null,0,0,0
2210,0,null,0,0,0
2211,0,null,0,0,0
2212,0,null,0,0,0
2213,0,null,0,0,0
2214,0,null,0,0,0
2215,0,null,0,0,0
2216,0,null,0,0,0
2217,0,null,0,0,0
2218,0,null,0,0,0
2219,0,null,0,0,0
2220,0,null,0,0,0
2221,0,null,0,0,0
2222,0,null,0,0,0
2223,0,null,0,0,0
2224,0,null,0,0,0
2225,0,null,0,0,0
2226,0,null,0,0,0
2227,0,null,0,0,0
2228,0,null,0,0,0
2229,0,null,0,0,0
2230,9,secondary_proton,1,1,1
2231,0,null,0,0,0
2232,0,null,0,0,0
2233,0,null,0,0,0
2234,0,null,0,0,0
2235,0,null,0,0,0
2236,0,null,0,0,0
2237,0,null,0,0,0
2238,0,null,0,0,0
2239,0,null,0,0,0
2240,0,null,0,0,0
2241,0,null,0,0,0
2242,0,null,0,0,0
2243,0,null,0,0,0
2244,0,null,0,0,0
2245,0,null,0,0,0
2246,0,null,0,0,0
2247,18,pi-,1,1,1
2248,0,null,0,0,0
2249,0,null,0,0,0
2250,0,null,0,0,0
2251,0,null,0,0,0
2252,0,null,0,0,0
2253,0,null,0,0,0
2254,0,null,0,0,0
2255,0,null,0,0,0
2256,0,null,0,0,0
2257,0,null,0,0,0
2258,0,null,0,0,0
2259,1,primary_proton,1,1,1
2260,0,null,0,0,0
2261,0,null,0,0,0
2262,0,null,0,0,0
2264,2,secondary_proton,1,1,0
2265,0,null,0,0,0
2266,0,null,0,0,0
2267,0,null,0,0,0
2268,0,null,0,0,0
2269,0,null,0,0,0
2270,0,null,0,0,0
2271,0,null,0,0,0
2272,0,null,0,0,0
2273,0,null,0,0,0
2274,0,null,0,0,0
2275,0,null,0,0,0
2276,0,null,0,0,0
2277,0,null,0,0,0
2278,0,null,0,0,0
2279,0,null,0,0,0
2280,0,null,0,0,0
2281,0,null,0,0,0
2282,0,null,0,0,0
2283,0,null,0,0,0
2284,0,null,0,0,0
2285,0,null,0,0,0
2286,0,null,0,0,0
2287,0,null,0,0,0
2288,0,null,0,0,0
2289,0,null,0,0,0
2290,0,null,0,0,0
2291,0,null,0,0,0
2292,0,null,0,0,0
2293,0,null,0,0,0
2294,0,null,0,0,0
2295,0,null,0,0,0
2296,0,null,0,0,0
2297,0,null,0,0,0
2298,0,null,0,0,0
2299,1394,e+,1,0,0
2300,0,null,0,0,0
2301,0,null,0,0,0
2302,0,null,0,0,0
2303,0,null,0,0,0
2304,0,null,0,0,0
2305,0,null,0,0,0
2306,0,null,0,0,0
2307,0,null,0,0,0
2308,0,null,0,0,0
2309,0,null,0,0,0
2310,0,null,0,0,0
2311,0,null,0,0,0
2312,0,null,0,0,0
2313,0,null,0,0,0
2314,0,null,0,0,0
2315,9,pi-,1,1,1
2316,0,null,0,0,0
2317,0,null,0,0,0
2318,0,null,0,0,0
2319,0,null,0,0,0
2320,0,null,0,0,0
2321,0,null,0,0,0
2322,0,null,0,0,0
2323,0,null,0,0,0
2324,0,null,0,0,0
2325,0,null,0,0,0
2326,0,null,0,0,0
2327,0,null,0,0,0
2328,0,null,0,0,0
2329,0,null,0,0,0
2330,0,null,0,0,0
2331,0,null,0,0,0
2332,0,null,0,0,0
2333,0,null,0,0,0
2334,0,null,0,0,0
2335,0,null,0,0,0
2336,0,null,0,0,0
2337,0,null,0,0,0
2338,0,null,0,0,0
2339,0,null,0,0,0
2340,0,null,0,0,0
2341,0,null,0,0,0
2342,1,primary_proton,1,1,1
2343,0,null,0,0,0
2344,0,null,0,0,0
2345,0,null,0,0,0
2346,0,null,0,0,0
2347,0,null,0,0,0
2348,0,null,0,0,0
2349,0,null,0,0,0
2350,0,null,0,0,0
2351,0,null,0,0,0
2352,0,null,0,0,0
2353,0,null,0,0,0
2354,0,null,0,0,0
2355,0,null,0,0,0
2356,0,null,0,0,0
2357,0,null,0,0,0
2358,0,null,0,0,0
2359,0,null,0,0,0
2360,0,null,0,0,0
2361,0,null,0,0,0
2362,0,null,0,0,0
2363,0,null,0,0,0
2364,3161,pi+,1,1,1
2365,0,null,0,0,0
2366,1,primary_proton,1,1,1
2367,0,null,0,0,0
2368,0,null,0,0,0
2369,1,primary_proton,1,1,1
2370,0,null,0,0,0
2371,0,null,0,0,0
2372,1,primary_proton,1,1,1
2373,0,null,0,0,0
2374,0,null,0,0,0
2375,0,null,0,0,0
2376,0,null,0,0,0
2377,0,null,0,0,0
2378,0,null,0,0,0
2379,1,primary_proton,1,1,1
2380,0,null,0,0,0
2381,0,null,0,0,0
2382,0,null,0,0,0
2383,0,null,0,0,0
2384,0,null,0,0,0
2385,2,secondary_proton,1,1,1
2386,0,null,0,0,0
2387,0,null,0,0,0
2388,0,null,0,0,0
2389,0,null,0,0,0
2390,2,secondary_proton,1,1,1
2391,0,null,0,0,0
2392,0,null,0,0,0
2393,7,pi-,1,1,0
2394,0,null,0,0,0
2395,0,null,0,0,0
2396,0,null,0,0,0
2397,0,null,0,0,0
2398,0,null,0,0,0
2399,0,null,0,0,0
2400,0,null,0,0,0
2401,0,null,0,0,0
2402,8,secondary_proton,1,1,1
2403,0,null,0,0,0
2404,0,null,0,0,0
2405,0,null,0,0,0
2406,0,null,0,0,0
2407,0,null,0,0,0
2408,1,primary_proton,1,1,1
2409,0,null,0,0,0
2410,0,null,0,0,0
2411,13,pi+,1,1,1
2412,0,null,0,0,0
2413,0,null,0,0,0
2414,0,null,0,0,0
2415,0,null,0,0,0
2416,0,null,0,0,0
2417,0,null,0,0,0
2418,0,null,0,0,0
2419,4975,e-,1,1,1
2420,0,null,0,0,0
2421,0,null,0,0,0
2422,0,null,0,0,0
2423,0,null,0,0,0
2424,0,null,0,0,0
2425,0,null,0,0,0
2426,0,null,0,0,0
2427,0,null,0,0,0
2428,0,null,0,0,0
2429,0,null,0,0,0
2430,0,null,0,0,0
2431,0,null,0,0,0
2432,0,null,0,0,0
2433,0,null,0,0,0
2434,0,null,0,0,0
2435,0,null,0,0,0
2436,0,null,0,0,0
2437,0,null,0,0,0
2438,0,null,0,0,0
2439,0,null,0,0,0
2440,0,null,0,0,0
2441,1,primary_proton,1,1,1
2442,0,null,0,0,0
2443,0,null,0,0,0
2444,0,null,0,0,0
2445,0,null,0,0,0
2446,0,null,0,0,0
2447,0,null,0,0,0
2448,0,null,0,0,0
2449,10,pi+,1,1,1
2450,0,null,0,0,0
2451,0,null,0,0,0
2452,0,null,0,0,0
2453,0,null,0,0,0
2454,0,null,0,0,0
2455,0,null,0,0,0
2456,0,null,0,0,0
2457,0,null,0,0,0
2458,0,null,0,0,0
2459,0,null,0,0,0
2460,0,null,0,0,0
2461,0,null,0,0,0
2462,0,null,0,0,0
2463,0,null,0,0,0
2464,0,null,0,0,0
2465,0,null,0,0,0
2466,0,null,0,0,0
2467,0,null,0,0,0
2468,0,null,0,0,0
2469,0,null,0,0,0
2470,0,null,0,0,0
2471,0,null,0,0,0
2472,0,null,0,0,0
2473,0,null,0,0,0
2474,0,null,0,0,0
2475,16,secondary_proton,1,1,1
2476,0,null,0,0,0
2477,0,null,0,0,0
2478,0,null,0,0,0
2479,0,null,0,0,0
2480,0,null,0,0,0
2481,0,null,0,0,0
2482,7,kaon+,1,1,1
2484,0,null,0,0,0
2485,0,null,0,0,0
2486,0,null,0,0,0
2487,0,null,0,0,0
2488,0,null,0,0,0
2489,0,null,0,0,0
2490,0,null,0,0,0
2491,0,null,0,0,0
2492,0,null,0,0,0
2493,0,null,0,0,0
2494,0,null,0,0,0
2495,0,null,0,0,0
2496,0,null,0,0,0
2497,0,null,0,0,0
2498,0,null,0,0,0
2499,0,null,0,0,0
2500,0,null,0,0,0
2501,0,null,0,0,0
2502,0,null,0,0,0
2503,3,secondary_proton,1,1,1
2504,0,null,0,0,0
2505,0,null,0,0,0
2506,0,null,0,0,0
2507,0,null,0,0,0
2508,0,null,0,0,0
2509,3,secondary_proton,1,1,1
2510,0,null,0,0,0
2511,0,null,0,0,0
2512,0,null,0,0,0
2513,0,null,0,0,0
2514,0,null,0,0,0
2515,0,null,0,0,0
2516,0,null,0,0,0
2517,0,null,0,0,0
2518,0,null,0,0,0
2519,0,null,0,0,0
2520,0,null,0,0,0
2521,0,null,0,0,0
2522,402,e-,1,0,0
2523,0,null,0,0,0
2524,0,null,0,0,0
2525,1,primary_proton,1,1,1
2526,0,null,0,0,0
2527,0,null,0,0,0
2528,0,null,0,0,0
2529,0,null,0,0,0
2530,0,null,0,0,0
2531,0,null,0,0,0
2532,7,pi+,1,1,1
2533,0,null,0,0,0
2534,0,null,0,0,0
2535,0,null,0,0,0
2536,1,primary_proton,1,1,1
2537,0,null,0,0,0
2538,0,null,0,0,0
2539,0,null,0,0,0
2540,0,null,0,0,0
2541,0,null,0,0,0
2542,0,null,0,0,0
2543,0,null,0,0,0
2544,0,null,0,0,0
2545,0,null,0,0,0
2546,0,null,0,0,0
2547,0,null,0,0,0
2548,0,null,0,0,0
2549,0,null,0,0,0
2550,0,null,0,0,0
2551,0,null,0,0,0
2552,11,secondary_proton,1,1,0
2553,0,null,0,0,0
2554,0,null,0,0,0
2555,0,null,0,0,0
2556,0,null,0,0,0
2557,0,null,0,0,0
2558,0,null,0,0,0
2559,0,null,0,0,0
2560,0,null,0,0,0
2561,1,primary_proton,1,1,1
2562,0,null,0,0,0
2563,0,null,0,0,0
2564,0,null,0,0,0
2565,0,null,0,0,0
2566,0,null,0,0,0
2567,0,null,0,0,0
2568,0,null,0,0,0
2569,0,null,0,0,0
2570,0,null,0,0,0
2571,0,null,0,0,0
2572,0,null,0,0,0
2573,0,null,0,0,0
2574,0,null,0,0,0
2575,0,null,0,0,0
2576,15,secondary_proton,1,1,1
2577,1,primary_proton,1,1,1
2578,0,null,0,0,0
2579,0,null,0,0,0
2580,0,null,0,0,0
2581,0,null,0,0,0
2582,0,null,0,0,0
2583,0,null,0,0,0
2584,0,null,0,0,0
2585,1,primary_proton,1,1,1
2586,0,null,0,0,0
2587,0,null,0,0,0
2588,3743,e-,0,1,0
2589,0,null,0,0,0
2590,0,null,0,0,0
2591,0,null,0,0,0
2592,0,null,0,0,0
2593,0,null,0,0,0
2594,0,null,0,0,0
2595,0,null,0,0,0
2596,0,null,0,0,0
2597,1654,secondary_proton,1,1,0
2598,0,null,0,0,0
2599,5,pi+,1,1,1
2600,0,null,0,0,0
2601,0,null,0,0,0
2602,0,null,0,0,0
2603,0,null,0,0,0
2604,0,null,0,0,0
2605,0,null,0,0,0
2606,0,null,0,0,0
2607,0,null,0,0,0
2608,0,null,0,0,0
2609,0,null,0,0,0
2610,0,null,0,0,0
2611,0,null,0,0,0
2612,0,null,0,0,0
2613,0,null,0,0,0
2614,0,null,0,0,0
2615,0,null,0,0,0
2616,0,null,0,0,0
2617,0,null,0,0,0
2618,0,null,0,0,0
2619,7,pi-,1,1,1
2620,0,null,0,0,0
2621,0,null,0,0,0
2622,0,null,0,0,0
2623,0,null,0,0,0
2624,0,null,0,0,0
2625,0,null,0,0,0
2626,0,null,0,0,0
2627,0,null,0,0,0
2628,0,null,0,0,0
2629,0,null,0,0,0
2630,0,null,0,0,0
2631,2,secondary_proton,1,1,1
2632,0,null,0,0,0
2633,0,null,0,0,0
2634,0,null,0,0,0
2635,0,null,0,0,0
2636,0,null,0,0,0
2637,0,null,0,0,0
2638,0,null,0,0,0
2639,0,null,0,0,0
2640,0,null,0,0,0
2641,8,pi+,1,1,1
2642,0,null,0,0,0
2643,1,primary_proton,1,1,1
2644,0,null,0,0,0
2645,0,null,0,0,0
2646,0,null,0,0,0
2647,0,null,0,0,0
2648,0,null,0,0,0
2649,0,null,0,0,0
2650,1,primary_proton,1,1,1
2651,0,null,0,0,0
2652,0,null,0,0,0
2653,0,null,0,0,0
2654,1,primary_proton,1,1,1
2655,0,null,0,0,0
2656,0,null,0,0,0
2657,0,null,0,0,0
2658,0,null,0,0,0
2659,0,null,0,0,0
2660,0,null,0,0,0
2661,0,null,0,0,0
2662,0,null,0,0,0
2663,0,null,0,0,0
2664,0,null,0,0,0
2665,0,null,0,0,0
2666,0,null,0,0,0
2667,0,null,0,0,0
2668,0,null,0,0,0
2669,0,null,0,0,0
2670,0,null,0,0,0
2671,1575,e-,1,1,0
2672,0,null,0,0,0
2673,0,null,0,0,0
2674,0,null,0,0,0
2675,1,primary_proton,1,1,1
2676,0,null,0,0,0
2677,7,pi-,1,0,0
2678,0,null,0,0,0
2679,0,null,0,0,0
2680,0,null,0,0,0
2681,0,null,0,0,0
2682,0,null,0,0,0
2683,0,null,0,0,0
2684,0,null,0,0,0
2685,0,null,0,0,0
2686,0,null,0,0,0
2687,0,null,0,0,0
2688,0,null,0,0,0
2689,0,null,0,0,0
2690,0,null,0,0,0
2691,0,null,0,0,0
2692,0,null,0,0,0
2693,0,null,0,0,0
2694,0,null,0,0,0
2695,0,null,0,0,0
2696,0,null,0,0,0
2697,0,null,0,0,0
2698,0,null,0,0,0
2699,0,null,0,0,0
2700,0,null,0,0,0
2702,0,null,0,0,0
2703,0,null,0,0,0
2704,0,null,0,0,0
2705,0,null,0,0,0
2706,0,null,0,0,0
2707,0,null,0,0,0
2708,0,null,0,0,0
2709,0,null,0,0,0
2710,0,null,0,0,0
2711,0,null,0,0,0
2712,0,null,0,0,0
2713,0,null,0,0,0
2714,0,null,0,0,0
2715,0,null,0,0,0
2716,0,null,0,0,0
2717,0,null,0,0,0
2718,0,null,0,0,0
2719,0,null,0,0,0
2720,0,null,0,0,0
2721,0,null,0,0,0
2722,0,null,0,0,0
2723,0,null,0,0,0
2724,0,null,0,0,0
2725,0,null,0,0,0
2726,0,null,0,0,0
2727,0,null,0,0,0
2728,0,null,0,0,0
2729,0,null,0,0,0
2730,0,null,0,0,0
2731,0,null,0,0,0
2732,0,null,0,0,0
2733,4,secondary_proton,1,1,1
2734,0,null,0,0,0
2735,0,null,0,0,0
2736,0,null,0,0,0
2737,9,pi-,1,1,1
2738,0,null,0,0,0
2739,0,null,0,0,0
2740,0,null,0,0,0
2741,0,null,0,0,0
2742,0,null,0,0,0
2743,0,null,0,0,0
2744,0,null,0,0,0
2745,0,null,0,0,0
2746,0,null,0,0,0
2747,0,null,0,0,0
2748,0,null,0,0,0
2749,0,null,0,0,0
2750,0,null,0,0,0
2751,0,null,0,0,0
2752,0,null,0,0,0
2753,0,null,0,0,0
2754,0,null,0,0,0
2755,0,null,0,0,0
2756,0,null,0,0,0
2757,0,null,0,0,0
2758,0,null,0,0,0
2759,0,null,0,0,0
2760,0,null,0,0,0
2761,0,null,0,0,0
2762,0,null,0,0,0
2763,0,null,0,0,0
2764,0,null,0,0,0
2765,0,null,0,0,0
2766,0,null,0,0,0
2767,0,null,0,0,0
2768,0,null,0,0,0
2769,0,null,0,0,0
2770,0,null,0,0,0
2771,0,null,0,0,0
2772,14,secondary_proton,1,1,1
2773,0,null,0,0,0
2774,0,null,0,0,0
2775,0,null,0,0,0
2776,0,null,0,0,0
2777,0,null,0,0,0
2778,0,null,0,0,0
2779,0,null,0,0,0
2780,0,null,0,0,0
2781,0,null,0,0,0
2782,0,null,0,0,0
2783,0,null,0,0,0
2784,0,null,0,0,0
2785,1,primary_proton,1,1,1
2786,0,null,0,0,0
2787,0,null,0,0,0
2788,11,pi+,1,1,1
2789,0,null,0,0,0
2790,0,null,0,0,0
2791,0,null,0,0,0
2792,6,secondary_proton,1,1,1
2793,9,pi+,1,1,1
2794,0,null,0,0,0
2795,0,null,0,0,0
2796,0,null,0,0,0
2797,0,null,0,0,0
2798,0,null,0,0,0
2799,0,null,0,0,0
2800,0,null,0,0,0
2801,0,null,0,0,0
2802,0,null,0,0,0
2803,0,null,0,0,0
2804,0,null,0,0,0
2805,0,null,0,0,0
2806,0,null,0,0,0
2807,0,null,0,0,0
2808,0,null,0,0,0
2809,0,null,0,0,0
2810,0,null,0,0,0
2811,0,null,0,0,0
2812,0,null,0,0,0
2813,0,null,0,0,0
2814,0,null,0,0,0
2815,0,null,0,0,0
2816,0,null,0,0,0
2817,0,null,0,0,0
2818,0,null,0,0,0
2819,0,null,0,0,0
2820,0,null,0,0,0
2821,0,null,0,0,0
2822,0,null,0,0,0
2823,0,null,0,0,0
2824,0,null,0,0,0
2825,0,null,0,0,0
2826,0,null,0,0,0
2827,0,null,0,0,0
2828,0,null,0,0,0
2829,0,null,0,0,0
2830,0,null,0,0,0
2831,0,null,0,0,0
2832,0,null,0,0,0
2833,0,null,0,0,0
2834,0,null,0,0,0
2835,0,null,0,0,0
2836,0,null,0,0,0
2837,0,null,0,0,0
2838,0,null,0,0,0
2839,0,null,0,0,0
2840,0,null,0,0,0
2841,0,null,0,0,0
2842,0,null,0,0,0
2843,0,null,0,0,0
2844,0,null,0,0,0
2845,0,null,0,0,0
2846,0,null,0,0,0
2847,0,null,0,0,0
2848,0,null,0,0,0
2849,0,null,0,0,0
2850,0,null,0,0,0
2851,0,null,0,0,0
2852,0,null,0,0,0
2853,0,null,0,0,0
2854,0,null,0,0,0
2855,0,null,0,0,0
2856,0,null,0,0,0
2857,0,null,0,0,0
2858,0,null,0,0,0
2859,0,null,0,0,0
2860,0,null,0,0,0
2861,0,null,0,0,0
2862,0,null,0,0,0
2863,0,null,0,0,0
2864,0,null,0,0,0
2865,0,null,0,0,0
2866,0,null,0,0,0
2867,0,null,0,0,0
2868,0,null,0,0,0
2869,0,null,0,0,0
2870,0,null,0,0,0
2871,0,null,0,0,0
2872,0,null,0,0,0
2873,1,primary_proton,1,1,1
2874,0,null,0,0,0
2875,0,null,0,0,0
2876,0,null,0,0,0
2877,0,null,0,0,0
2878,0,null,0,0,0
2879,0,null,0,0,0
2880,0,null,0,0,0
2881,0,null,0,0,0
2882,0,null,0,0,0
2883,0,null,0,0,0
2884,0,null,0,0,0
2885,0,null,0,0,0
2886,0,null,0,0,0
2887,0,null,0,0,0
2888,2,secondary_proton,1,1,1
2889,0,null,0,0,0
2890,1,primary_proton,1,1,1
2891,0,null,0,0,0
2892,0,null,0,0,0
2893,0,null,0,0,0
2894,0,null,0,0,0
2895,1,primary_proton,1,1,1
2896,0,null,0,0,0
2897,0,null,0,0,0
2898,0,null,0,0,0
2899,0,null,0,0,0
2900,0,null,0,0,0
2901,7,secondary_proton,1,1,0
2902,0,null,0,0,0
2903,0,null,0,0,0
2904,0,null,0,0,0
2905,11,pi+,1,1,1
2906,0,null,0,0,0
2907,0,null,0,0,0
2908,0,null,0,0,0
2909,0,null,0,0,0
2910,0,null,0,0,0
2911,0,null,0,0,0
2912,0,null,0,0,0
2913,0,null,0,0,0
2914,0,null,0,0,0
2915,0,null,0,0,0
2916,0,null,0,0,0
2917,0,null,0,0,0
2918,0,null,0,0,0
2919,0,null,0,0,0
2920,6,pi+,1,1,1
2921,0,null,0,0,0
2922,0,null,0,0,0
2924,0,null,0,0,0
2925,0,null,0,0,0
2926,0,null,0,0,0
2927,0,null,0,0,0
2928,1,primary_proton,1,1,1
2929,0,null,0,0,0
2930,0,null,0,0,0
2931,0,null,0,0,0
2932,0,null,0,0,0
2933,0,null,0,0,0
2934,0,null,0,0,0
2935,0,null,0,0,0
2936,0,null,0,0,0
2937,0,null,0,0,0
2938,0,null,0,0,0
2939,0,null,0,0,0
2940,0,null,0,0,0
2941,0,null,0,0,0
2942,0,null,0,0,0
2943,0,null,0,0,0
2944,0,null,0,0,0
2945,0,null,0,0,0
2946,0,null,0,0,0
2947,2985,e-,0,1,0
2948,0,null,0,0,0
2949,1,primary_proton,1,1,1
2950,0,null,0,0,0
2951,0,null,0,0,0
2952,0,null,0,0,0
2953,0,null,0,0,0
2954,0,null,0,0,0
2955,0,null,0,0,0
2956,0,null,0,0,0
2957,0,null,0,0,0
2958,0,null,0,0,0
2959,2626,e-,1,0,0
2960,0,null,0,0,0
2961,0,null,0,0,0
2962,0,null,0,0,0
2963,0,null,0,0,0
2964,0,null,0,0,0
2965,0,null,0,0,0
2966,0,null,0,0,0
2967,0,null,0,0,0
2968,0,null,0,0,0
2969,8,pi+,1,1,0
2970,0,null,0,0,0
2971,0,null,0,0,0
2972,0,null,0,0,0
2973,0,null,0,0,0
2974,0,null,0,0,0
2975,0,null,0,0,0
2976,0,null,0,0,0
2977,0,null,0,0,0
2978,0,null,0,0,0
2979,0,null,0,0,0
2980,0,null,0,0,0
2981,0,null,0,0,0
2982,0,null,0,0,0
2983,0,null,0,0,0
2984,0,null,0,0,0
2985,0,null,0,0,0
2986,0,null,0,0,0
2987,0,null,0,0,0
2988,0,null,0,0,0
2989,0,null,0,0,0
2990,0,null,0,0,0
2991,0,null,0,0,0
2992,0,null,0,0,0
2993,0,null,0,0,0
2994,0,null,0,0,0
2995,0,null,0,0,0
2996,0,null,0,0,0
2997,0,null,0,0,0
2998,0,null,0,0,0
2999,0,null,0,0,0
3000,0,null,0,0,0
3001,1,primary_proton,1,1,1
3002,0,null,0,0,0
3003,0,null,0,0,0
3004,0,null,0,0,0
3005,0,null,0,0,0
3006,0,null,0,0,0
3007,0,null,0,0,0
3008,0,null,0,0,0
3009,0,null,0,0,0
3010,0,null,0,0,0
3011,0,null,0,0,0
3012,0,null,0,0,0
3013,0,null,0,0,0
3014,1,primary_proton,1,1,1
3015,0,null,0,0,0
3016,0,null,0,0,0
3017,0,null,0,0,0
3018,0,null,0,0,0
3019,0,null,0,0,0
3020,0,null,0,0,0
3021,0,null,0,0,0
3022,0,null,0,0,0
3023,0,null,0,0,0
3024,14,secondary_proton,1,0,0
3025,0,null,0,0,0
3026,0,null,0,0,0
3027,0,null,0,0,0
3028,0,null,0,0,0
3029,0,null,0,0,0
3030,0,null,0,0,0
3031,0,null,0,0,0
3032,0,null,0,0,0
3033,0,null,0,0,0
3034,0,null,0,0,0
3035,0,null,0,0,0
3036,0,null,0,0,0
3037,0,null,0,0,0
3038,0,null,0,0,0
3039,0,null,0,0,0
3040,0,null,0,0,0
3041,0,null,0,0,0
3042,0,null,0,0,0
3043,1,primary_proton,1,1,1
3044,0,null,0,0,0
3045,0,null,0,0,0
3046,0,null,0,0,0
3047,0,null,0,0,0
3048,1,primary_proton,1,1,1
3049,0,null,0,0,0
3050,0,null,0,0,0
3051,0,null,0,0,0
3052,0,null,0,0,0
3053,0,null,0,0,0
3054,0,null,0,0,0
3055,0,null,0,0,0
3056,0,null,0,0,0
3057,0,null,0,0,0
3058,0,null,0,0,0
3059,0,null,0,0,0
3060,0,null,0,0,0
3061,0,null,0,0,0
3062,0,null,0,0,0
3063,0,null,0,0,0
3064,0,null,0,0,0
3065,0,null,0,0,0
3066,0,null,0,0,0
3067,0,null,0,0,0
3068,0,null,0,0,0
3069,0,null,0,0,0
3070,0,null,0,0,0
3071,0,null,0,0,0
3072,0,null,0,0,0
3073,0,null,0,0,0
3074,0,null,0,0,0
3075,1,primary_proton,1,1,1
3076,0,null,0,0,0
3077,0,null,0,0,0
3078,0,null,0,0,0
3079,0,null,0,0,0
3080,0,null,0,0,0
3081,0,null,0,0,0
3082,0,null,0,0,0
3083,0,null,0,0,0
3084,0,null,0,0,0
3085,0,null,0,0,0
3086,0,null,0,0,0
3087,25,pi+,1,1,1
3088,0,null,0,0,0
3089,0,null,0,0,0
3090,0,null,0,0,0
3091,1,primary_proton,1,1,1
3092,0,null,0,0,0
3093,0,null,0,0,0
3094,0,null,0,0,0
3095,1,primary_proton,1,1,1
3096,0,null,0,0,0
3097,0,null,0,0,0
3098,0,null,0,0,0
3099,0,null,0,0,0
3100,0,null,0,0,0
3101,10,secondary_proton,1,1,1
3102,0,null,0,0,0
3103,0,null,0,0,0
3104,0,null,0,0,0
3105,0,null,0,0,0
3106,0,null,0,0,0
3107,0,null,0,0,0
3108,0,null,0,0,0
3109,1,primary_proton,1,1,1
3110,0,null,0,0,0
3111,0,null,0,0,0
3112,0,null,0,0,0
3113,0,null,0,0,0
3114,0,null,0,0,0
3115,0,null,0,0,0
3116,0,null,0,0,0
3117,0,null,0,0,0
3118,0,null,0,0,0
3119,0,null,0,0,0
3120,0,null,0,0,0
3121,0,null,0,0,0
3122,0,null,0,0,0
3123,0,null,0,0,0
3124,0,null,0,0,0
3125,0,null,0,0,0
3126,0,null,0,0,0
3127,0,null,0,0,0
3128,0,null,0,0,0
3129,0,null,0,0,0
3130,0,null,0,0,0
3131,0,null,0,0,0
3132,0,null,0,0,0
3133,0,null,0,0,0
3134,0,null,0,0,0
3135,0,null,0,0,0
3136,0,null,0,0,0
3137,0,null,0,0,0
3138,0,null,0,0,0
3139,0,null,0,0,0
3140,0,null,0,0,0
3141,0,null,0,0,0
3142,0,null,0,0,0
3143,0,null,0,0,0
3145,0,null,0,0,0
3146,0,null,0,0,0
3147,0,null,0,0,0
3148,0,null,0,0,0
3149,0,null,0,0,0
3150,0,null,0,0,0
3151,0,null,0,0,0
3152,0,null,0,0,0
3153,1,primary_proton,1,1,1
3154,0,null,0,0,0
3155,0,null,0,0,0
3156,0,null,0,0,0
3157,0,null,0,0,0
3158,0,null,0,0,0
3159,0,null,0,0,0
3160,2,secondary_proton,1,1,1
3161,0,null,0,0,0
3162,0,null,0,0,0
3163,0,null,0,0,0
3164,0,null,0,0,0
3165,0,null,0,0,0
3166,0,null,0,0,0
3167,0,null,0,0,0
3168,0,null,0,0,0
3169,0,null,0,0,0
3170,0,null,0,0,0
3171,0,null,0,0,0
3172,0,null,0,0,0
3173,0,null,0,0,0
3174,0,null,0,0,0
3175,0,null,0,0,0
3176,0,null,0,0,0
3177,0,null,0,0,0
3178,0,null,0,0,0
3179,0,null,0,0,0
3180,0,null,0,0,0
3181,0,null,0,0,0
3182,0,null,0,0,0
3183,0,null,0,0,0
3184,0,null,0,0,0
3185,0,null,0,0,0
3186,0,null,0,0,0
3187,0,null,0,0,0
3188,0,null,0,0,0
3189,0,null,0,0,0
3190,0,null,0,0,0
3191,0,null,0,0,0
3192,0,null,0,0,0
3193,0,null,0,0,0
3194,0,null,0,0,0
3195,0,null,0,0,0
3196,0,null,0,0,0
3197,6,pi+,1,1,1
3198,0,null,0,0,0
3199,0,null,0,0,0
3200,0,null,0,0,0
3201,0,null,0,0,0
3202,0,null,0,0,0
3203,0,null,0,0,0
3204,0,null,0,0,0
3205,0,null,0,0,0
3206,1239,e+,1,1,0
3207,0,null,0,0,0
3208,0,null,0,0,0
3209,0,null,0,0,0
3210,1,primary_proton,1,1,1
3211,0,null,0,0,0
3212,0,null,0,0,0
3213,0,null,0,0,0
3214,0,null,0,0,0
3215,0,null,0,0,0
3216,0,null,0,0,0
3217,9,pi-,1,1,1
3218,0,null,0,0,0
3219,0,null,0,0,0
3220,0,null,0,0,0
3221,0,null,0,0,0
3222,0,null,0,0,0
3223,0,null,0,0,0
3224,0,null,0,0,0
3225,1,primary_proton,1,1,1
3226,0,null,0,0,0
3227,0,null,0,0,0
3228,0,null,0,0,0
3229,0,null,0,0,0
3230,0,null,0,0,0
3231,0,null,0,0,0
3232,0,null,0,0,0
3233,0,null,0,0,0
3234,0,null,0,0,0
3235,1,primary_proton,1,1,1
3236,0,null,0,0,0
3237,0,null,0,0,0
3238,0,null,0,0,0
3239,0,null,0,0,0
3240,1,primary_proton,1,1,1
3241,0,null,0,0,0
3242,1,primary_proton,1,1,1
3243,0,null,0,0,0
3244,0,null,0,0,0
3245,0,null,0,0,0
3246,0,null,0,0,0
3247,0,null,0,0,0
3248,0,null,0,0,0
3249,0,null,0,0,0
3250,0,null,0,0,0
3251,0,null,0,0,0
3252,0,null,0,0,0
3253,0,null,0,0,0
3254,0,null,0,0,0
3255,0,null,0,0,0
3256,0,null,0,0,0
3257,0,null,0,0,0
3258,0,null,0,0,0
3259,0,null,0,0,0
3260,1,primary_proton,1,1,1
3261,0,null,0,0,0
3262,0,null,0,0,0
3263,0,null,0,0,0
3264,0,null,0,0,0
3265,0,null,0,0,0
3266,0,null,0,0,0
3267,10,pi+,1,1,0
3268,0,null,0,0,0
3269,0,null,0,0,0
3270,0,null,0,0,0
3271,0,null,0,0,0
3272,0,null,0,0,0
3273,0,null,0,0,0
3274,0,null,0,0,0
3275,0,null,0,0,0
3276,0,null,0,0,0
3277,0,null,0,0,0
3278,0,null,0,0,0
3279,0,null,0,0,0
3280,0,null,0,0,0
3281,0,null,0,0,0
3282,0,null,0,0,0
3283,0,null,0,0,0
3284,0,null,0,0,0
3285,0,null,0,0,0
3286,0,null,0,0,0
3287,1,primary_proton,1,1,1
3288,0,null,0,0,0
3289,0,null,0,0,0
3290,0,null,0,0,0
3291,0,null,0,0,0
3292,0,null,0,0,0
3293,0,null,0,0,0
3294,0,null,0,0,0
3295,0,null,0,0,0
3296,0,null,0,0,0
3297,0,null,0,0,0
3298,0,null,0,0,0
3299,0,null,0,0,0
3300,0,null,0,0,0
3301,0,null,0,0,0
3302,1,primary_proton,1,1,1
3303,0,null,0,0,0
3304,0,null,0,0,0
3305,0,null,0,0,0
3306,0,null,0,0,0
3307,6,secondary_proton,1,1,1
3308,0,null,0,0,0
3309,1,primary_proton,1,1,1
3310,0,null,0,0,0
3311,0,null,0,0,0
3312,0,null,0,0,0
3313,0,null,0,0,0
3314,0,null,0,0,0
3315,0,null,0,0,0
3316,0,null,0,0,0
3317,0,null,0,0,0
3318,0,null,0,0,0
3319,0,null,0,0,0
3320,0,null,0,0,0
3321,0,null,0,0,0
3322,0,null,0,0,0
3323,0,null,0,0,0
3324,0,null,0,0,0
3325,0,null,0,0,0
3326,0,null,0,0,0
3327,0,null,0,0,0
3328,0,null,0,0,0
3329,0,null,0,0,0
3330,1,primary_proton,1,1,1
3331,0,null,0,0,0
3332,0,null,0,0,0
3333,0,null,0,0,0
3334,0,null,0,0,0
3335,0,null,0,0,0
3336,0,null,0,0,0
3337,0,null,0,0,0
3338,0,null,0,0,0
3339,0,null,0,0,0
3340,0,null,0,0,0
3341,0,null,0,0,0
3342,0,null,0,0,0
3343,0,null,0,0,0
3344,0,null,0,0,0
3345,0,null,0,0,0
3346,0,null,0,0,0
3347,0,null,0,0,0
3348,0,null,0,0,0
3349,0,null,0,0,0
3350,0,null,0,0,0
3351,0,null,0,0,0
3352,0,null,0,0,0
3353,0,null,0,0,0
3354,1,primary_proton,1,1,1
3355,0,null,0,0,0
3356,1,primary_proton,1,1,1
3357,0,null,0,0,0
3358,0,null,0,0,0
3359,0,null,0,0,0
3360,0,null,0,0,0
3361,0,null,0,0,0
3362,0,null,0,0,0
3364,0,null,0,0,0
3365,0,null,0,0,0
3366,0,null,0,0,0
3367,0,null,0,0,0
3368,0,null,0,0,0
3369,0,null,0,0,0
3370,0,null,0,0,0
3371,0,null,0,0,0
3372,0,null,0,0,0
3373,0,null,0,0,0
3374,0,null,0,0,0
3375,1,primary_proton,1,1,1
3376,0,null,0,0,0
3377,0,null,0,0,0
3378,0,null,0,0,0
3379,0,null,0,0,0
3380,0,null,0,0,0
3381,0,null,0,0,0
3382,0,null,0,0,0
3383,0,null,0,0,0
3384,0,null,0,0,0
3385,0,null,0,0,0
3386,0,null,0,0,0
3387,0,null,0,0,0
3388,0,null,0,0,0
3389,0,null,0,0,0
3390,0,null,0,0,0
3391,0,null,0,0,0
3392,0,null,0,0,0
3393,0,null,0,0,0
3394,0,null,0,0,0
3395,0,null,0,0,0
3396,0,null,0,0,0
3397,0,null,0,0,0
3398,0,null,0,0,0
3399,0,null,0,0,0
3400,0,null,0,0,0
3401,0,null,0,0,0
3402,0,null,0,0,0
3403,0,null,0,0,0
3404,0,null,0,0,0
3405,0,null,0,0,0
3406,0,null,0,0,0
3407,0,null,0,0,0
3408,0,null,0,0,0
3409,0,null,0,0,0
3410,0,null,0,0,0
3411,0,null,0,0,0
3412,0,null,0,0,0
3413,0,null,0,0,0
3414,8,secondary_proton,1,1,1
3415,0,null,0,0,0
3416,0,null,0,0,0
3417,0,null,0,0,0
3418,0,null,0,0,0
3419,0,null,0,0,0
3420,0,null,0,0,0
3421,0,null,0,0,0
3422,0,null,0,0,0
3423,0,null,0,0,0
3424,0,null,0,0,0
3425,0,null,0,0,0
3426,0,null,0,0,0
3427,0,null,0,0,0
3428,0,null,0,0,0
3429,0,null,0,0,0
3430,0,null,0,0,0
3431,0,null,0,0,0
3432,0,null,0,0,0
3433,0,null,0,0,0
3434,0,null,0,0,0
3435,0,null,0,0,0
3436,10,pi-,1,1,1
3437,0,null,0,0,0
3438,0,null,0,0,0
3439,0,null,0,0,0
3440,0,null,0,0,0
3441,0,null,0,0,0
3442,0,null,0,0,0
3443,0,null,0,0,0
3444,0,null,0,0,0
3445,0,null,0,0,0
3446,0,null,0,0,0
3447,0,null,0,0,0
3448,0,null,0,0,0
3449,0,null,0,0,0
3450,0,null,0,0,0
3451,0,null,0,0,0
3452,0,null,0,0,0
3453,0,null,0,0,0
3454,0,null,0,0,0
3455,0,null,0,0,0
3456,11,pi+,1,1,1
3457,0,null,0,0,0
3458,0,null,0,0,0
3459,0,null,0,0,0
3460,0,null,0,0,0
3461,0,null,0,0,0
3462,0,null,0,0,0
3463,7,pi-,1,0,0
3464,0,null,0,0,0
3465,0,null,0,0,0
3466,0,null,0,0,0
3467,0,null,0,0,0
3468,0,null,0,0,0
3469,0,null,0,0,0
3470,0,null,0,0,0
3471,0,null,0,0,0
3472,0,null,0,0,0
3473,0,null,0,0,0
3474,0,null,0,0,0
3475,0,null,0,0,0
3476,0,null,0,0,0
3477,2058,pi+,1,0,0
3478,0,null,0,0,0
3479,0,null,0,0,0
3480,0,null,0,0,0
3481,0,null,0,0,0
3482,0,null,0,0,0
3483,0,null,0,0,0
3484,0,null,0,0,0
3485,0,null,0,0,0
3486,0,null,0,0,0
3487,0,null,0,0,0
3488,0,null,0,0,0
3489,0,null,0,0,0
3490,0,null,0,0,0
3491,0,null,0,0,0
3492,0,null,0,0,0
3493,0,null,0,0,0
3494,1,primary_proton,1,1,1
3495,0,null,0,0,0
3496,0,null,0,0,0
3497,0,null,0,0,0
3498,0,null,0,0,0
3499,0,null,0,0,0
3500,0,null,0,0,0
3501,0,null,0,0,0
3502,4,pi+,1,1,1
3503,0,null,0,0,0
3504,0,null,0,0,0
3505,0,null,0,0,0
3506,18,secondary_proton,1,1,1
3507,0,null,0,0,0
3508,0,null,0,0,0
3509,0,null,0,0,0
3510,0,null,0,0,0
3511,0,null,0,0,0
3512,0,null,0,0,0
3513,0,null,0,0,0
3514,0,null,0,0,0
3515,0,null,0,0,0
3516,0,null,0,0,0
3517,1,primary_proton,1,1,1
3518,13,pi-,1,1,0
3519,0,null,0,0,0
3520,1983,secondary_proton,1,1,1
3521,0,null,0,0,0
3522,0,null,0,0,0
3523,0,null,0,0,0
3524,0,null,0,0,0
3525,0,null,0,0,0
3526,0,null,0,0,0
3527,0,null,0,0,0
3528,0,null,0,0,0
3529,0,null,0,0,0
3530,0,null,0,0,0
3531,0,null,0,0,0
3532,0,null,0,0,0
3533,0,null,0,0,0
3534,0,null,0,0,0
3535,0,null,0,0,0
3536,0,null,0,0,0
3537,0,null,0,0,0
3538,0,null,0,0,0
3539,0,null,0,0,0
3540,9,secondary_proton,1,1,1
3541,0,null,0,0,0
3542,0,null,0,0,0
3543,0,null,0,0,0
3544,0,null,0,0,0
3545,0,null,0,0,0
3546,0,null,0,0,0
3547,0,null,0,0,0
3548,0,null,0,0,0
3549,0,null,0,0,0
3550,0,null,0,0,0
3551,0,null,0,0,0
3552,0,null,0,0,0
3553,0,null,0,0,0
3554,0,null,0,0,0
3555,0,null,0,0,0
3556,0,null,0,0,0
3557,0,null,0,0,0
3558,0,null,0,0,0
3559,0,null,0,0,0
3560,0,null,0,0,0
3561,0,null,0,0,0
3562,0,null,0,0,0
3563,0,null,0,0,0
3564,0,null,0,0,0
3565,0,null,0,0,0
3566,0,null,0,0,0
3567,0,null,0,0,0
3568,0,null,0,0,0
3569,0,null,0,0,0
3570,0,null,0,0,0
3571,0,null,0,0,0
3572,0,null,0,0,0
3573,0,null,0,0,0
3574,0,null,0,0,0
3575,0,null,0,0,0
3576,0,null,0,0,0
3577,0,null,0,0,0
3578,0,null,0,0,0
3579,0,null,0,0,0
3580,0,null,0,0,0
3581,0,null,0,0,0
3582,0,null,0,0,0
3583,0,null,0,0,0
3584,0,null,0,0,0
3586,0,null,0,0,0
3587,0,null,0,0,0
3588,0,null,0,0,0
3589,0,null,0,0,0
3590,0,null,0,0,0
3591,0,null,0,0,0
3592,0,null,0,0,0
3593,0,null,0,0,0
3594,0,null,0,0,0
3595,0,null,0,0,0
3596,0,null,0,0,0
3597,0,null,0,0,0
3598,0,null,0,0,0
3599,0,null,0,0,0
3600,0,null,0,0,0
3601,0,null,0,0,0
3602,0,null,0,0,0
3603,0,null,0,0,0
3604,0,null,0,0,0
3605,0,null,0,0,0
3606,0,null,0,0,0
3607,0,null,0,0,0
3608,0,null,0,0,0
3609,0,null,0,0,0
3610,0,null,0,0,0
3611,0,null,0,0,0
3612,0,null,0,0,0
3613,0,null,0,0,0
3614,0,null,0,0,0
3615,0,null,0,0,0
3616,0,null,0,0,0
3617,0,null,0,0,0
3618,0,null,0,0,0
3619,0,null,0,0,0
3620,0,null,0,0,0
3621,0,null,0,0,0
3622,0,null,0,0,0
3623,0,null,0,0,0
3624,0,null,0,0,0
3625,0,null,0,0,0
3626,0,null,0,0,0
3627,0,null,0,0,0
3628,0,null,0,0,0
3629,0,null,0,0,0
3630,11,pi+,1,1,1
3631,0,null,0,0,0
3632,0,null,0,0,0
3633,0,null,0,0,0
3634,0,null,0,0,0
3635,0,null,0,0,0
3636,0,null,0,0,0
3637,0,null,0,0,0
3638,0,null,0,0,0
3639,10,pi+,1,1,0
3640,0,null,0,0,0
3641,0,null,0,0,0
3642,0,null,0,0,0
3643,0,null,0,0,0
3644,0,null,0,0,0
3645,0,null,0,0,0
3646,1,primary_proton,1,1,1
3647,0,null,0,0,0
3648,7,pi+,1,1,0
3649,0,null,0,0,0
3650,0,null,0,0,0
3651,0,null,0,0,0
3652,0,null,0,0,0
3653,0,null,0,0,0
3654,0,null,0,0,0
3655,0,null,0,0,0
3656,0,null,0,0,0
3657,0,null,0,0,0
3658,1189,secondary_proton,1,1,1
3659,0,null,0,0,0
3660,0,null,0,0,0
3661,0,null,0,0,0
3662,0,null,0,0,0
3663,0,null,0,0,0
3664,0,null,0,0,0
3665,0,null,0,0,0
3666,0,null,0,0,0
3667,0,null,0,0,0
3668,0,null,0,0,0
3669,0,null,0,0,0
3670,0,null,0,0,0
3671,0,null,0,0,0
3672,0,null,0,0,0
3673,0,null,0,0,0
3674,0,null,0,0,0
3675,0,null,0,0,0
3676,0,null,0,0,0
3677,0,null,0,0,0
3678,0,null,0,0,0
3679,0,null,0,0,0
3680,0,null,0,0,0
3681,1,primary_proton,1,1,1
3682,0,null,0,0,0
3683,0,null,0,0,0
3684,0,null,0,0,0
3685,0,null,0,0,0
3686,1,primary_proton,1,1,1
3687,0,null,0,0,0
3688,0,null,0,0,0
3689,0,null,0,0,0
3690,0,null,0,0,0
3691,0,null,0,0,0
3692,0,null,0,0,0
3693,0,null,0,0,0
3694,934,e-,1,1,1
3695,0,null,0,0,0
3696,0,null,0,0,0
3697,0,null,0,0,0
3698,0,null,0,0,0
3699,0,null,0,0,0
3700,0,null,0,0,0
3701,0,null,0,0,0
3702,0,null,0,0,0
3703,0,null,0,0,0
3704,0,null,0,0,0
3705,15,pi+,1,1,1
3706,0,null,0,0,0
3707,0,null,0,0,0
3708,0,null,0,0,0
3709,0,null,0,0,0
3710,0,null,0,0,0
3711,0,null,0,0,0
3712,0,null,0,0,0
3713,0,null,0,0,0
3714,0,null,0,0,0
3715,0,null,0,0,0
3716,0,null,0,0,0
3717,1,primary_proton,1,1,1
3718,0,null,0,0,0
3719,0,null,0,0,0
3720,0,null,0,0,0
3721,0,null,0,0,0
3722,3456,e-,1,1,1
3723,0,null,0,0,0
3724,0,null,0,0,0
3725,0,null,0,0,0
3726,0,null,0,0,0
3727,0,null,0,0,0
3728,0,null,0,0,0
3729,0,null,0,0,0
3730,0,null,0,0,0
3731,0,null,0,0,0
3732,0,null,0,0,0
3733,0,null,0,0,0
3734,0,null,0,0,0
3735,0,null,0,0,0
3736,0,null,0,0,0
3737,0,null,0,0,0
3738,0,null,0,0,0
3739,0,null,0,0,0
3740,0,null,0,0,0
3741,0,null,0,0,0
3742,0,null,0,0,0
3743,0,null,0,0,0
3744,0,null,0,0,0
3745,0,null,0,0,0
3746,0,null,0,0,0
3747,0,null,0,0,0
3748,0,null,0,0,0
3749,0,null,0,0,0
3750,0,null,0,0,0
3751,0,null,0,0,0
3752,0,null,0,0,0
3753,0,null,0,0,0
3754,0,null,0,0,0
3755,0,null,0,0,0
3756,0,null,0,0,0
3757,0,null,0,0,0
3758,0,null,0,0,0
3759,0,null,0,0,0
3760,0,null,0,0,0
3761,0,null,0,0,0
3762,0,null,0,0,0
3763,0,null,0,0,0
3764,0,null,0,0,0
3765,0,null,0,0,0
3766,0,null,0,0,0
3767,0,null,0,0,0
3768,0,null,0,0,0
3769,0,null,0,0,0
3770,0,null,0,0,0
3771,0,null,0,0,0
3772,0,null,0,0,0
3773,0,null,0,0,0
3774,0,null,0,0,0
3775,0,null,0,0,0
3776,0,null,0,0,0
3777,0,null,0,0,0
3778,0,null,0,0,0
3779,0,null,0,0,0
3780,0,null,0,0,0
3781,0,null,0,0,0
3782,0,null,0,0,0
3783,0,null,0,0,0
3784,0,null,0,0,0
3785,0,null,0,0,0
3786,0,null,0,0,0
3787,2,secondary_proton,1,1,1
3788,0,null,0,0,0
3789,0,null,0,0,0
3790,0,null,0,0,0
3791,814,e-,1,0,0
3792,0,null,0,0,0
3793,0,null,0,0,0
3794,0,null,0,0,0
3795,0,null,0,0,0
3796,0,null,0,0,0
3797,0,null,0,0,0
3798,0,null,0,0,0
3799,0,null,0,0,0
3800,0,null,0,0,0
3801,0,null,0,0,0
3802,0,null,0,0,0
3803,0,null,0,0,0
3804,1,primary_proton,1,1,1
3805,0,null,0,0,0
3806,0,null,0,0,0
3807,0,null,0,0,0
3809,0,null,0,0,0
3810,0,null,0,0,0
3811,0,null,0,0,0
3812,0,null,0,0,0
3813,0,null,0,0,0
3814,0,null,0,0,0
3815,1,primary_proton,1,1,1
3816,0,null,0,0,0
3817,0,null,0,0,0
3818,0,null,0,0,0
3819,0,null,0,0,0
3820,0,null,0,0,0
3821,0,null,0,0,0
3822,0,null,0,0,0
3823,0,null,0,0,0
3824,1519,pi+,1,1,0
3825,0,null,0,0,0
3826,0,null,0,0,0
3827,0,null,0,0,0
3828,0,null,0,0,0
3829,0,null,0,0,0
3830,0,null,0,0,0
3831,0,null,0,0,0
3832,0,null,0,0,0
3833,0,null,0,0,0
3834,0,null,0,0,0
3835,0,null,0,0,0
3836,0,null,0,0,0
3837,0,null,0,0,0
3838,9,kaon+,1,1,1
3839,0,null,0,0,0
3840,0,null,0,0,0
3841,0,null,0,0,0
3842,0,null,0,0,0
3843,0,null,0,0,0
3844,0,null,0,0,0
3845,0,null,0,0,0
3846,0,null,0,0,0
3847,0,null,0,0,0
3848,0,null,0,0,0
3849,0,null,0,0,0
3850,0,null,0,0,0
3851,0,null,0,0,0
3852,0,null,0,0,0
3853,1,primary_proton,1,1,1
3854,0,null,0,0,0
3855,0,null,0,0,0
3856,0,null,0,0,0
3857,0,null,0,0,0
3858,0,null,0,0,0
3859,0,null,0,0,0
3860,0,null,0,0,0
3861,0,null,0,0,0
3862,0,null,0,0,0
3863,0,null,0,0,0
3864,0,null,0,0,0
3865,0,null,0,0,0
3866,0,null,0,0,0
3867,0,null,0,0,0
3868,1,primary_proton,1,1,1
3869,0,null,0,0,0
3870,0,null,0,0,0
3871,0,null,0,0,0
3872,0,null,0,0,0
3873,0,null,0,0,0
3874,0,null,0,0,0
3875,1,primary_proton,1,1,1
3876,0,null,0,0,0
3877,0,null,0,0,0
3878,0,null,0,0,0
3879,1,primary_proton,1,1,1
3880,0,null,0,0,0
3881,0,null,0,0,0
3882,0,null,0,0,0
3883,23,pi+,1,1,1
3884,0,null,0,0,0
3885,0,null,0,0,0
3886,0,null,0,0,0
3887,0,null,0,0,0
3888,0,null,0,0,0
3889,0,null,0,0,0
3890,0,null,0,0,0
3891,9,pi+,1,0,0
3892,10,pi-,1,1,1
3893,0,null,0,0,0
3894,0,null,0,0,0
3895,0,null,0,0,0
3896,0,null,0,0,0
3897,0,null,0,0,0
3898,0,null,0,0,0
3899,0,null,0,0,0
3900,0,null,0,0,0
3901,1,primary_proton,1,1,1
3902,0,null,0,0,0
3903,0,null,0,0,0
3904,0,null,0,0,0
3905,0,null,0,0,0
3906,0,null,0,0,0
3907,0,null,0,0,0
3908,0,null,0,0,0
3909,0,null,0,0,0
3910,0,null,0,0,0
3911,0,null,0,0,0
3912,0,null,0,0,0
3913,0,null,0,0,0
3914,0,null,0,0,0
3915,0,null,0,0,0
3916,0,null,0,0,0
3917,0,null,0,0,0
3918,0,null,0,0,0
3919,0,null,0,0,0
3920,0,null,0,0,0
3921,0,null,0,0,0
3922,0,null,0,0,0
3923,0,null,0,0,0
3924,0,null,0,0,0
3925,0,null,0,0,0
3926,0,null,0,0,0
3927,0,null,0,0,0
3928,0,null,0,0,0
3929,0,null,0,0,0
3930,0,null,0,0,0
3931,0,null,0,0,0
3932,0,null,0,0,0
3933,0,null,0,0,0
3934,0,null,0,0,0
3935,0,null,0,0,0
3936,0,null,0,0,0
3937,0,null,0,0,0
3938,0,null,0,0,0
3939,0,null,0,0,0
3940,0,null,0,0,0
3941,1,primary_proton,1,1,1
3942,0,null,0,0,0
3943,0,null,0,0,0
3944,0,null,0,0,0
3945,0,null,0,0,0
3946,3,secondary_proton,1,1,1
3947,0,null,0,0,0
3948,0,null,0,0,0
3949,11,pi-,1,1,1
3950,1,primary_proton,1,1,1
3951,0,null,0,0,0
3952,12,pi+,1,1,1
3953,0,null,0,0,0
3954,0,null,0,0,0
3955,0,null,0,0,0
3956,0,null,0,0,0
3957,0,null,0,0,0
3958,0,null,0,0,0
3959,0,null,0,0,0
3960,0,null,0,0,0
3961,0,null,0,0,0
3962,0,null,0,0,0
3963,0,null,0,0,0
3964,0,null,0,0,0
3965,0,null,0,0,0
3966,1,primary_proton,1,1,1
3967,0,null,0,0,0
3968,0,null,0,0,0
3969,0,null,0,0,0
3970,0,null,0,0,0
3971,0,null,0,0,0
3972,0,null,0,0,0
3973,0,null,0,0,0
3974,0,null,0,0,0
3975,0,null,0,0,0
3976,0,null,0,0,0
3977,0,null,0,0,0
3978,0,null,0,0,0
3979,0,null,0,0,0
3980,0,null,0,0,0
3981,0,null,0,0,0
3982,0,null,0,0,0
3983,0,null,0,0,0
3984,0,null,0,0,0
3985,0,null,0,0,0
3986,9,secondary_proton,1,1,1
3987,5,pi+,1,1,1
3988,0,null,0,0,0
3989,0,null,0,0,0
3990,0,null,0,0,0
3991,0,null,0,0,0
3992,1,primary_proton,1,1,1
3993,0,null,0,0,0
3994,0,null,0,0,0
3995,0,null,0,0,0
3996,0,null,0,0,0
3997,0,null,0,0,0
3998,0,null,0,0,0
3999,0,null,0,0,0
4000,0,null,0,0,0
4001,0,null,0,0,0
4002,0,null,0,0,0
4003,0,null,0,0,0
4004,0,null,0,0,0
4005,0,null,0,0,0
4006,0,null,0,0,0
4007,7,secondary_proton,1,1,1
4008,3,secondary_proton,1,1,0
4009,0,null,0,0,0
4010,0,null,0,0,0
4011,0,null,0,0,0
4012,0,null,0,0,0
4013,0,null,0,0,0
4014,0,null,0,0,0
4015,0,null,0,0,0
4016,0,null,0,0,0
4017,0,null,0,0,0
4018,0,null,0,0,0
4019,0,null,0,0,0
4020,0,null,0,0,0
4021,0,null,0,0,0
4022,0,null,0,0,0
4023,0,null,0,0,0
4024,264,pi-,1,0,0
4025,0,null,0,0,0
4026,0,null,0,0,0
4028,0,null,0,0,0
4029,0,null,0,0,0
4030,0,null,0,0,0
4031,0,null,0,0,0
4032,2,pi+,1,1,1
4033,0,null,0,0,0
4034,0,null,0,0,0
4035,0,null,0,0,0
4036,0,null,0,0,0
4037,0,null,0,0,0
4038,0,null,0,0,0
4039,0,null,0,0,0
4040,0,null,0,0,0
4041,0,null,0,0,0
4042,0,null,0,0,0
4043,0,null,0,0,0
4044,0,null,0,0,0
4045,0,null,0,0,0
4046,1,primary_proton,1,1,1
4047,0,null,0,0,0
4048,0,null,0,0,0
4049,0,null,0,0,0
4050,6,secondary_proton,1,1,1
4051,0,null,0,0,0
4052,0,null,0,0,0
4053,0,null,0,0,0
4054,0,null,0,0,0
4055,0,null,0,0,0
4056,0,null,0,0,0
4057,0,null,0,0,0
4058,0,null,0,0,0
4059,0,null,0,0,0
4060,0,null,0,0,0
4061,0,null,0,0,0
4062,0,null,0,0,0
4063,0,null,0,0,0
4064,0,null,0,0,0
4065,0,null,0,0,0
4066,0,null,0,0,0
4067,0,null,0,0,0
4068,0,null,0,0,0
4069,1,primary_proton,1,1,1
4070,0,null,0,0,0
4071,0,null,0,0,0
4072,0,null,0,0,0
4073,0,null,0,0,0
4074,0,null,0,0,0
4075,0,null,0,0,0
4076,0,null,0,0,0
4077,0,null,0,0,0
4078,0,null,0,0,0
4079,0,null,0,0,0
4080,0,null,0,0,0
4081,0,null,0,0,0
4082,0,null,0,0,0
4083,0,null,0,0,0
4084,0,null,0,0,0
4085,0,null,0,0,0
4086,1,primary_proton,1,1,1
4087,0,null,0,0,0
4088,0,null,0,0,0
4089,0,null,0,0,0
4090,0,null,0,0,0
4091,0,null,0,0,0
4092,0,null,0,0,0
4093,0,null,0,0,0
4094,0,null,0,0,0
4095,0,null,0,0,0
4096,0,null,0,0,0
4097,10,pi+,1,1,1
4098,0,null,0,0,0
4099,0,null,0,0,0
4100,0,null,0,0,0
4101,3,secondary_proton,1,1,1
4102,0,null,0,0,0
4103,0,null,0,0,0
4104,8,pi+,1,1,0
4105,0,null,0,0,0
4106,0,null,0,0,0
4107,0,null,0,0,0
4108,0,null,0,0,0
4109,0,null,0,0,0
4110,12,pi+,1,1,1
4111,0,null,0,0,0
4112,0,null,0,0,0
4113,0,null,0,0,0
4114,0,null,0,0,0
4115,0,null,0,0,0
4116,0,null,0,0,0
4117,427,secondary_proton,1,1,1
4118,0,null,0,0,0
4119,0,null,0,0,0
4120,0,null,0,0,0
4121,0,null,0,0,0
4122,0,null,0,0,0
4123,1,primary_proton,1,1,1
4124,0,null,0,0,0
4125,0,null,0,0,0
4126,0,null,0,0,0
4127,0,null,0,0,0
4128,0,null,0,0,0
4129,0,null,0,0,0
4130,0,null,0,0,0
4131,0,null,0,0,0
4132,0,null,0,0,0
4133,0,null,0,0,0
4134,0,null,0,0,0
4135,0,null,0,0,0
4136,0,null,0,0,0
4137,0,null,0,0,0
4138,9,pi+,1,1,1
4139,0,null,0,0,0
4140,0,null,0,0,0
4141,0,null,0,0,0
4142,0,null,0,0,0
4143,0,null,0,0,0
4144,19,pi+,1,1,1
4145,0,null,0,0,0
4146,0,null,0,0,0
4147,0,null,0,0,0
4148,0,null,0,0,0
4149,0,null,0,0,0
4150,0,null,0,0,0
4151,0,null,0,0,0
4152,0,null,0,0,0
4153,0,null,0,0,0
4154,0,null,0,0,0
4155,0,null,0,0,0
4156,0,null,0,0,0
4157,0,null,0,0,0
4158,0,null,0,0,0
4159,0,null,0,0,0
4160,0,null,0,0,0
4161,108,pi-,1,1,1
4162,0,null,0,0,0
4163,0,null,0,0,0
4164,0,null,0,0,0
4165,0,null,0,0,0
4166,0,null,0,0,0
4167,0,null,0,0,0
4168,0,null,0,0,0
4169,0,null,0,0,0
4170,315,e-,1,1,1
4171,0,null,0,0,0
4172,0,null,0,0,0
4173,0,null,0,0,0
4174,0,null,0,0,0
4175,0,null,0,0,0
4176,0,null,0,0,0
4177,0,null,0,0,0
4178,0,null,0,0,0
4179,0,null,0,0,0
4180,7,secondary_proton,1,1,1
4181,0,null,0,0,0
4182,0,null,0,0,0
4183,0,null,0,0,0
4184,0,null,0,0,0
4185,0,null,0,0,0
4186,0,null,0,0,0
4187,0,null,0,0,0
4188,0,null,0,0,0
4189,0,null,0,0,0
4190,0,null,0,0,0
4191,0,null,0,0,0
4192,0,null,0,0,0
4193,0,null,0,0,0
4194,0,null,0,0,0
4195,0,null,0,0,0
4196,0,null,0,0,0
4197,0,null,0,0,0
4198,0,null,0,0,0
4199,0,null,0,0,0
4200,0,null,0,0,0
4201,1,primary_proton,1,1,1
4202,0,null,0,0,0
4203,0,null,0,0,0
4204,0,null,0,0,0
4205,0,null,0,0,0
4206,0,null,0,0,0
4207,0,null,0,0,0
4208,0,null,0,0,0
4209,0,null,0,0,0
4210,0,null,0,0,0
4211,0,null,0,0,0
4212,0,null,0,0,0
4213,0,null,0,0,0
4214,3480,pi+,1,1,1
4215,0,null,0,0,0
4216,0,null,0,0,0
4217,0,null,0,0,0
4218,0,null,0,0,0
4219,0,null,0,0,0
4220,0,null,0,0,0
4221,0,null,0,0,0
4222,0,null,0,0,0
4223,0,null,0,0,0
4224,0,null,0,0,0
4225,1,primary_proton,1,1,1
4226,0,null,0,0,0
4227,0,null,0,0,0
4228,0,null,0,0,0
4229,0,null,0,0,0
4230,0,null,0,0,0
4231,0,null,0,0,0
4232,0,null,0,0,0
4233,0,null,0,0,0
4234,0,null,0,0,0
4235,0,null,0,0,0
4236,0,null,0,0,0
4237,0,null,0,0,0
4238,0,null,0,0,0
4239,0,null,0,0,0
4240,0,null,0,0,0
4241,0,null,0,0,0
4242,0,null,0,0,0
4243,0,null,0,0,0
4244,0,null,0,0,0
4245,0,null,0,0,0
4246,0,null,0,0,0
4247,0,null,0,0,0
4249,0,null,0,0,0
4250,0,null,0,0,0
4251,0,null,0,0,0
4252,0,null,0,0,0
4253,0,null,0,0,0
4254,0,null,0,0,0
4255,0,null,0,0,0
4256,0,null,0,0,0
4257,0,null,0,0,0
4258,1,primary_proton,1,1,1
4259,0,null,0,0,0
4260,0,null,0,0,0
4261,0,null,0,0,0
4262,0,null,0,0,0
4263,0,null,0,0,0
4264,0,null,0,0,0
4265,0,null,0,0,0
4266,0,null,0,0,0
4267,0,null,0,0,0
4268,0,null,0,0,0
4269,0,null,0,0,0
4270,0,null,0,0,0
4271,0,null,0,0,0
4272,0,null,0,0,0
4273,0,null,0,0,0
4274,0,null,0,0,0
4275,6,secondary_proton,1,1,1
4276,0,null,0,0,0
4277,0,null,0,0,0
4278,0,null,0,0,0
4279,0,null,0,0,0
4280,0,null,0,0,0
4281,0,null,0,0,0
4282,0,null,0,0,0
4283,0,null,0,0,0
4284,0,null,0,0,0
4285,0,null,0,0,0
4286,0,null,0,0,0
4287,0,null,0,0,0
4288,0,null,0,0,0
4289,0,null,0,0,0
4290,0,null,0,0,0
4291,0,null,0,0,0
4292,0,null,0,0,0
4293,0,null,0,0,0
4294,0,null,0,0,0
4295,0,null,0,0,0
4296,0,null,0,0,0
4297,0,null,0,0,0
4298,0,null,0,0,0
4299,0,null,0,0,0
4300,0,null,0,0,0
4301,595,secondary_proton,1,1,0
4302,0,null,0,0,0
4303,0,null,0,0,0
4304,0,null,0,0,0
4305,0,null,0,0,0
4306,0,null,0,0,0
4307,0,null,0,0,0
4308,0,null,0,0,0
4309,0,null,0,0,0
4310,0,null,0,0,0
4311,0,null,0,0,0
4312,0,null,0,0,0
4313,0,null,0,0,0
4314,0,null,0,0,0
4315,0,null,0,0,0
4316,0,null,0,0,0
4317,0,null,0,0,0
4318,0,null,0,0,0
4319,0,null,0,0,0
4320,0,null,0,0,0
4321,0,null,0,0,0
4322,0,null,0,0,0
4323,0,null,0,0,0
4324,0,null,0,0,0
4325,0,null,0,0,0
4326,1,primary_proton,1,1,1
4327,0,null,0,0,0
4328,11,secondary_proton,1,1,1
4329,0,null,0,0,0
4330,0,null,0,0,0
4331,0,null,0,0,0
4332,0,null,0,0,0
4333,1581,pi+,1,0,0
4334,0,null,0,0,0
4335,0,null,0,0,0
4336,0,null,0,0,0
4337,0,null,0,0,0
4338,0,null,0,0,0
4339,0,null,0,0,0
4340,0,null,0,0,0
4341,0,null,0,0,0
4342,0,null,0,0,0
4343,0,null,0,0,0
4344,0,null,0,0,0
4345,0,null,0,0,0
4346,0,null,0,0,0
4347,0,null,0,0,0
4348,1,primary_proton,1,1,1
4349,0,null,0,0,0
4350,0,null,0,0,0
4351,0,null,0,0,0
4352,0,null,0,0,0
4353,0,null,0,0,0
4354,0,null,0,0,0
4355,0,null,0,0,0
4356,0,null,0,0,0
4357,0,null,0,0,0
4358,0,null,0,0,0
4359,0,null,0,0,0
4360,0,null,0,0,0
4361,0,null,0,0,0
4362,0,null,0,0,0
4363,0,null,0,0,0
4364,0,null,0,0,0
4365,1,primary_proton,1,1,1
4366,0,null,0,0,0
4367,0,null,0,0,0
4368,0,null,0,0,0
4369,0,null,0,0,0
4370,1,primary_proton,1,0,0
4371,0,null,0,0,0
4372,0,null,0,0,0
4373,27,secondary_proton,1,0,0
4374,0,null,0,0,0
4375,0,null,0,0,0
4376,0,null,0,0,0
4377,9,secondary_proton,1,1,0
4378,0,null,0,0,0
4379,0,null,0,0,0
4380,0,null,0,0,0
4381,0,null,0,0,0
4382,0,null,0,0,0
4383,0,null,0,0,0
4384,0,null,0,0,0
4385,0,null,0,0,0
4386,0,null,0,0,0
4387,0,null,0,0,0
4388,0,null,0,0,0
4389,0,null,0,0,0
4390,0,null,0,0,0
4391,0,null,0,0,0
4392,0,null,0,0,0
4393,0,null,0,0,0
4394,0,null,0,0,0
4395,13,pi+,1,1,1
4396,26,secondary_proton,1,1,1
4397,0,null,0,0,0
4398,0,null,0,0,0
4399,0,null,0,0,0
4400,6,secondary_proton,1,1,1
4401,0,null,0,0,0
4402,0,null,0,0,0
4403,0,null,0,0,0
4404,0,null,0,0,0
4405,0,null,0,0,0
4406,1,primary_proton,1,1,1
4407,0,null,0,0,0
4408,0,null,0,0,0
4409,0,null,0,0,0
4410,4,secondary_proton,1,1,1
4411,0,null,0,0,0
4412,0,null,0,0,0
4413,0,null,0,0,0
4414,0,null,0,0,0
4415,0,null,0,0,0
4416,0,null,0,0,0
4417,0,null,0,0,0
4418,0,null,0,0,0
4419,0,null,0,0,0
4420,0,null,0,0,0
4421,0,null,0,0,0
4422,0,null,0,0,0
4423,0,null,0,0,0
4424,0,null,0,0,0
4425,0,null,0,0,0
4426,0,null,0,0,0
4427,0,null,0,0,0
4428,0,null,0,0,0
4429,0,null,0,0,0
4430,8,secondary_proton,1,0,0
4431,0,null,0,0,0
4432,0,null,0,0,0
4433,0,null,0,0,0
4434,0,null,0,0,0
4435,0,null,0,0,0
4436,0,null,0,0,0
4437,0,null,0,0,0
4438,0,null,0,0,0
4439,0,null,0,0,0
4440,0,null,0,0,0
4441,0,null,0,0,0
4442,0,null,0,0,0
4443,0,null,0,0,0
4444,0,null,0,0,0
4445,0,null,0,0,0
4446,0,null,0,0,0
4447,0,null,0,0,0
4448,0,null,0,0,0
4449,0,null,0,0,0
4450,0,null,0,0,0
4451,1,primary_proton,1,1,1
4452,0,null,0,0,0
4453,0,null,0,0,0
4454,0,null,0,0,0
4455,0,null,0,0,0
4456,0,null,0,0,0
4457,0,null,0,0,0
4458,0,null,0,0,0
4459,0,null,0,0,0
4460,0,null,0,0,0
4461,0,null,0,0,0
4462,14,secondary_proton,1,1,0
4463,0,null,0,0,0
4465,0,null,0,0,0
4466,0,null,0,0,0
4467,0,null,0,0,0
4468,0,null,0,0,0
4469,0,null,0,0,0
4470,0,null,0,0,0
4471,0,null,0,0,0
4472,0,null,0,0,0
4473,0,null,0,0,0
4474,0,null,0,0,0
4475,0,null,0,0,0
4476,0,null,0,0,0
4477,0,null,0,0,0
4478,0,null,0,0,0
4479,0,null,0,0,0
4480,0,null,0,0,0
4481,0,null,0,0,0
4482,0,null,0,0,0
4483,0,null,0,0,0
4484,0,null,0,0,0
4485,0,null,0,0,0
4486,0,null,0,0,0
4487,0,null,0,0,0
4488,0,null,0,0,0
4489,0,null,0,0,0
4490,0,null,0,0,0
4491,0,null,0,0,0
4492,0,null,0,0,0
4493,0,null,0,0,0
4494,0,null,0,0,0
4495,1,primary_proton,1,1,1
4496,0,null,0,0,0
4497,0,null,0,0,0
4498,0,null,0,0,0
4499,0,null,0,0,0
4500,0,null,0,0,0
4501,0,null,0,0,0
4502,0,null,0,0,0
4503,0,null,0,0,0
4504,0,null,0,0,0
4505,0,null,0,0,0
4506,0,null,0,0,0
4507,0,null,0,0,0
4508,0,null,0,0,0
4509,0,null,0,0,0
4510,0,null,0,0,0
4511,0,null,0,0,0
4512,0,null,0,0,0
4513,0,null,0,0,0
4514,0,null,0,0,0
4515,0,null,0,0,0
4516,0,null,0,0,0
4517,0,null,0,0,0
4518,0,null,0,0,0
4519,0,null,0,0,0
4520,0,null,0,0,0
4521,0,null,0,0,0
4522,0,null,0,0,0
4523,0,null,0,0,0
4524,0,null,0,0,0
4525,0,null,0,0,0
4526,0,null,0,0,0
4527,0,null,0,0,0
4528,0,null,0,0,0
4529,0,null,0,0,0
4530,0,null,0,0,0
4531,0,null,0,0,0
4532,0,null,0,0,0
4533,0,null,0,0,0
4534,0,null,0,0,0
4535,0,null,0,0,0
4536,0,null,0,0,0
4537,0,null,0,0,0
4538,0,null,0,0,0
4539,0,null,0,0,0
4540,0,null,0,0,0
4541,0,null,0,0,0
4542,0,null,0,0,0
4543,0,null,0,0,0
4544,0,null,0,0,0
4545,0,null,0,0,0
4546,0,null,0,0,0
4547,0,null,0,0,0
4548,0,null,0,0,0
4549,0,null,0,0,0
4550,0,null,0,0,0
4551,0,null,0,0,0
4552,0,null,0,0,0
4553,0,null,0,0,0
4554,0,null,0,0,0
4555,0,null,0,0,0
4556,0,null,0,0,0
4557,0,null,0,0,0
4558,0,null,0,0,0
4559,0,null,0,0,0
4560,0,null,0,0,0
4561,0,null,0,0,0
4562,0,null,0,0,0
4563,0,null,0,0,0
4564,0,null,0,0,0
4565,1,primary_proton,1,1,1
4566,0,null,0,0,0
4567,0,null,0,0,0
4568,0,null,0,0,0
4569,0,null,0,0,0
4570,0,null,0,0,0
4571,0,null,0,0,0
4572,0,null,0,0,0
4573,0,null,0,0,0
4574,0,null,0,0,0
4575,0,null,0,0,0
4576,14,pi-,1,1,1
4577,0,null,0,0,0
4578,0,null,0,0,0
4579,0,null,0,0,0
4580,0,null,0,0,0
4581,0,null,0,0,0
4582,0,null,0,0,0
4583,0,null,0,0,0
4584,0,null,0,0,0
4585,0,null,0,0,0
4586,0,null,0,0,0
4587,0,null,0,0,0
4588,0,null,0,0,0
4589,0,null,0,0,0
4590,0,null,0,0,0
4591,0,null,0,0,0
4592,0,null,0,0,0
4593,0,null,0,0,0
4594,0,null,0,0,0
4595,0,null,0,0,0
4596,0,null,0,0,0
4597,0,null,0,0,0
4598,0,null,0,0,0
4599,0,null,0,0,0
4600,0,null,0,0,0
4601,0,null,0,0,0
4602,0,null,0,0,0
4603,2,secondary_proton,1,1,1
4604,0,null,0,0,0
4605,0,null,0,0,0
4606,1,primary_proton,1,1,0
4607,0,null,0,0,0
4608,0,null,0,0,0
4609,0,null,0,0,0
4610,0,null,0,0,0
4611,0,null,0,0,0
4612,0,null,0,0,0
4613,0,null,0,0,0
4614,0,null,0,0,0
4615,0,null,0,0,0
4616,0,null,0,0,0
4617,0,null,0,0,0
4618,0,null,0,0,0
4619,0,null,0,0,0
4620,0,null,0,0,0
4621,0,null,0,0,0
4622,0,null,0,0,0
4623,0,null,0,0,0
4624,10,pi+,1,1,1
4625,7,pi+,1,0,0
4626,0,null,0,0,0
4627,0,null,0,0,0
4628,0,null,0,0,0
4629,0,null,0,0,0
4630,0,null,0,0,0
4631,0,null,0,0,0
4632,0,null,0,0,0
4633,0,null,0,0,0
4634,0,null,0,0,0
4635,0,null,0,0,0
4636,0,null,0,0,0
4637,0,null,0,0,0
4638,0,null,0,0,0
4639,0,null,0,0,0
4640,0,null,0,0,0
4641,0,null,0,0,0
4642,0,null,0,0,0
4643,0,null,0,0,0
4644,0,null,0,0,0
4645,0,null,0,0,0
4646,1,primary_proton,1,1,1
4647,0,null,0,0,0
4648,0,null,0,0,0
4649,0,null,0,0,0
4650,0,null,0,0,0
4651,0,null,0,0,0
4652,1,primary_proton,1,1,1
4653,0,null,0,0,0
4654,0,null,0,0,0
4655,0,null,0,0,0
4656,0,null,0,0,0
4657,0,null,0,0,0
4658,0,null,0,0,0
4659,0,null,0,0,0
4660,0,null,0,0,0
4661,0,null,0,0,0
4662,0,null,0,0,0
4663,0,null,0,0,0
4664,0,null,0,0,0
4665,0,null,0,0,0
4666,0,null,0,0,0
4667,10,pi-,1,0,0
4668,0,null,0,0,0
4669,0,null,0,0,0
4670,0,null,0,0,0
4671,12,pi+,1,1,1
4672,0,null,0,0,0
4673,0,null,0,0,0
4674,0,null,0,0,0
4675,0,null,0,0,0
4676,0,null,0,0,0
4677,0,null,0,0,0
4678,0,null,0,0,0
4679,0,null,0,0,0
4680,0,null,0,0,0
4681,0,null,0,0,0
4682,0,null,0,0,0
4683,0,null,0,0,0
4684,0,null,0,0,0
4685,0,null,0,0,0
4686,0,null,0,0,0
4687,0,null,0,0,0
4689,0,null,0,0,0
4690,1,primary_proton,1,1,1
4691,0,null,0,0,0
4692,0,null,0,0,0
4693,0,null,0,0,0
4694,0,null,0,0,0
4695,0,null,0,0,0
4696,0,null,0,0,0
4697,0,null,0,0,0
4698,1,primary_proton,1,1,1
4699,0,null,0,0,0
4700,0,null,0,0,0
4701,0,null,0,0,0
4702,0,null,0,0,0
4703,0,null,0,0,0
4704,0,null,0,0,0
4705,0,null,0,0,0
4706,0,null,0,0,0
4707,0,null,0,0,0
4708,1,primary_proton,1,1,1
4709,0,null,0,0,0
4710,0,null,0,0,0
4711,0,null,0,0,0
4712,0,null,0,0,0
4713,0,null,0,0,0
4714,0,null,0,0,0
4715,0,null,0,0,0
4716,0,null,0,0,0
4717,0,null,0,0,0
4718,0,null,0,0,0
4719,0,null,0,0,0
4720,0,null,0,0,0
4721,0,null,0,0,0
4722,0,null,0,0,0
4723,0,null,0,0,0
4724,0,null,0,0,0
4725,0,null,0,0,0
4726,0,null,0,0,0
4727,0,null,0,0,0
4728,0,null,0,0,0
4729,0,null,0,0,0
4730,0,null,0,0,0
4731,0,null,0,0,0
4732,0,null,0,0,0
4733,0,null,0,0,0
4734,0,null,0,0,0
4735,0,null,0,0,0
4736,0,null,0,0,0
4737,0,null,0,0,0
4738,0,null,0,0,0
4739,0,null,0,0,0
4740,0,null,0,0,0
4741,0,null,0,0,0
4742,0,null,0,0,0
4743,7,pi+,1,1,1
4744,0,null,0,0,0
4745,0,null,0,0,0
4746,0,null,0,0,0
4747,0,null,0,0,0
4748,8,pi-,1,1,1
4749,0,null,0,0,0
4750,0,null,0,0,0
4751,0,null,0,0,0
4752,0,null,0,0,0
4753,0,null,0,0,0
4754,0,null,0,0,0
4755,0,null,0,0,0
4756,0,null,0,0,0
4757,0,null,0,0,0
4758,0,null,0,0,0
4759,0,null,0,0,0
4760,1,primary_proton,1,1,1
4761,0,null,0,0,0
4762,0,null,0,0,0
4763,0,null,0,0,0
4764,0,null,0,0,0
4765,0,null,0,0,0
4766,0,null,0,0,0
4767,0,null,0,0,0
4768,0,null,0,0,0
4769,0,null,0,0,0
4770,0,null,0,0,0
4771,0,null,0,0,0
4772,0,null,0,0,0
4773,0,null,0,0,0
4774,0,null,0,0,0
4775,0,null,0,0,0
4776,0,null,0,0,0
4777,0,null,0,0,0
4778,0,null,0,0,0
4779,0,null,0,0,0
4780,0,null,0,0,0
4781,0,null,0,0,0
4782,0,null,0,0,0
4783,0,null,0,0,0
4784,0,null,0,0,0
4785,0,null,0,0,0
4786,0,null,0,0,0
4787,0,null,0,0,0
4788,0,null,0,0,0
4789,0,null,0,0,0
4790,0,null,0,0,0
4791,0,null,0,0,0
4792,0,null,0,0,0
4793,0,null,0,0,0
4794,0,null,0,0,0
4795,0,null,0,0,0
4796,8,pi-,1,1,1
4797,0,null,0,0,0
4798,0,null,0,0,0
4799,0,null,0,0,0
4800,0,null,0,0,0
4801,0,null,0,0,0
4802,0,null,0,0,0
4803,0,null,0,0,0
4804,0,null,0,0,0
4805,0,null,0,0,0
4806,0,null,0,0,0
4807,0,null,0,0,0
4808,9,secondary_proton,1,1,1
4809,0,null,0,0,0
4810,0,null,0,0,0
4811,0,null,0,0,0
4812,0,null,0,0,0
4813,0,null,0,0,0
4814,0,null,0,0,0
4815,0,null,0,0,0
4816,0,null,0,0,0
4817,0,null,0,0,0
4818,0,null,0,0,0
4819,0,null,0,0,0
4820,0,null,0,0,0
4821,0,null,0,0,0
4822,0,null,0,0,0
4823,1,primary_proton,1,1,1
4824,0,null,0,0,0
4825,0,null,0,0,0
4826,0,null,0,0,0
4827,0,null,0,0,0
4828,3802,e-,1,0,0
4829,0,null,0,0,0
4830,0,null,0,0,0
4831,1,primary_proton,1,1,1
4832,0,null,0,0,0
4833,0,null,0,0,0
4834,0,null,0,0,0
4835,0,null,0,0,0
4836,0,null,0,0,0
4837,0,null,0,0,0
4838,0,null,0,0,0
4839,0,null,0,0,0
4840,0,null,0,0,0
4841,0,null,0,0,0
4842,0,null,0,0,0
4843,0,null,0,0,0
4844,0,null,0,0,0
4845,0,null,0,0,0
4846,0,null,0,0,0
4847,0,null,0,0,0
4848,0,null,0,0,0
4849,1,primary_proton,1,1,1
4850,0,null,0,0,0
4851,0,null,0,0,0
4852,0,null,0,0,0
4853,0,null,0,0,0
4854,0,null,0,0,0
4855,0,null,0,0,0
4856,0,null,0,0,0
4857,0,null,0,0,0
4858,0,null,0,0,0
4859,0,null,0,0,0
4860,0,null,0,0,0
4861,0,null,0,0,0
4862,0,null,0,0,0
4863,0,null,0,0,0
4864,0,null,0,0,0
4865,0,null,0,0,0
4866,0,null,0,0,0
4867,0,null,0,0,0
4868,0,null,0,0,0
4869,0,null,0,0,0
4870,570,secondary_proton,1,1,1
4871,0,null,0,0,0
4872,0,null,0,0,0
4873,0,null,0,0,0
4874,0,null,0,0,0
4875,1,primary_proton,1,1,1
4876,0,null,0,0,0
4877,0,null,0,0,0
4878,0,null,0,0,0
4879,0,null,0,0,0
4880,13,pi+,1,1,1
4881,0,null,0,0,0
4882,0,null,0,0,0
4883,0,null,0,0,0
4884,0,null,0,0,0
4885,0,null,0,0,0
4886,0,null,0,0,0
4887,0,null,0,0,0
4888,0,null,0,0,0
4889,0,null,0,0,0
4890,0,null,0,0,0
4891,0,null,0,0,0
4892,0,null,0,0,0
4893,0,null,0,0,0
4894,0,null,0,0,0
4895,0,null,0,0,0
4896,0,null,0,0,0
4897,0,null,0,0,0
4898,0,null,0,0,0
4899,0,null,0,0,0
4900,0,null,0,0,0
4901,0,null,0,0,0
4902,0,null,0,0,0
4903,0,null,0,0,0
4904,0,null,0,0,0
4905,0,null,0,0,0
4906,0,null,0,0,0
4907,0,null,0,0,0
4908,0,null,0,0,0
4909,0,null,0,0,0
4911,0,null,0,0,0
4912,0,null,0,0,0
4913,0,null,0,0,0
4914,0,null,0,0,0
4915,0,null,0,0,0
4916,0,null,0,0,0
4917,0,null,0,0,0
4918,0,null,0,0,0
4919,0,null,0,0,0
4920,0,null,0,0,0
4921,0,null,0,0,0
4922,0,null,0,0,0
4923,0,null,0,0,0
4924,0,null,0,0,0
4925,0,null,0,0,0
4926,0,null,0,0,0
4927,0,null,0,0,0
4928,0,null,0,0,0
4929,1391,pi-,1,1,1
4930,0,null,0,0,0
4931,0,null,0,0,0
4932,0,null,0,0,0
4933,0,null,0,0,0
4934,0,null,0,0,0
4935,0,null,0,0,0
4936,0,null,0,0,0
4937,0,null,0,0,0
4938,0,null,0,0,0
4939,0,null,0,0,0
4940,0,null,0,0,0
4941,0,null,0,0,0
4942,1,primary_proton,1,1,1
4943,0,null,0,0,0
4944,0,null,0,0,0
4945,0,null,0,0,0
4946,0,null,0,0,0
4947,0,null,0,0,0
4948,0,null,0,0,0
4949,0,null,0,0,0
4950,0,null,0,0,0
4951,0,null,0,0,0
4952,0,null,0,0,0
4953,0,null,0,0,0
4954,0,null,0,0,0
4955,0,null,0,0,0
4956,1,primary_proton,1,1,1
4957,0,null,0,0,0
4958,1,primary_proton,1,1,1
4959,0,null,0,0,0
4960,0,null,0,0,0
4961,0,null,0,0,0
4962,0,null,0,0,0
4963,0,null,0,0,0
4964,1,primary_proton,1,1,1
4965,0,null,0,0,0
4966,0,null,0,0,0
4967,0,null,0,0,0
4968,0,null,0,0,0
4969,0,null,0,0,0
4970,0,null,0,0,0
4971,0,null,0,0,0
4972,0,null,0,0,0
4973,0,null,0,0,0
4974,0,null,0,0,0
4975,9,secondary_proton,1,1,1
4976,0,null,0,0,0
4977,0,null,0,0,0
4978,0,null,0,0,0
4979,0,null,0,0,0
4980,0,null,0,0,0
4981,0,null,0,0,0
4982,0,null,0,0,0
4983,0,null,0,0,0
4984,0,null,0,0,0
4985,0,null,0,0,0
4986,0,null,0,0,0
4987,0,null,0,0,0
4988,0,null,0,0,0
4989,0,null,0,0,0
4990,0,null,0,0,0
4991,0,null,0,0,0
4992,0,null,0,0,0
4993,919,secondary_proton,1,0,0
4994,0,null,0,0,0
4995,0,null,0,0,0
4996,0,null,0,0,0
4997,0,null,0,0,0
4998,0,null,0,0,0
4999,0,null,0,0,0
1,1,primary_proton,1,1,1
2,0,null,0,0,0
3,0,null,0,0,0
4,0,null,0,0,0
5,0,null,0,0,0
6,0,null,0,0,0
7,0,null,0,0,0
8,5,pi+,1,1,1
9,0,null,0,0,0
10,0,null,0,0,0
11,0,null,0,0,0
12,0,null,0,0,0
13,0,null,0,0,0
14,0,null,0,0,0
15,0,null,0,0,0
16,0,null,0,0,0
17,0,null,0,0,0
18,8,pi+,1,1,0
19,0,null,0,0,0
20,0,null,0,0,0
21,0,null,0,0,0
22,0,null,0,0,0
23,0,null,0,0,0
24,0,null,0,0,0
25,0,null,0,0,0
26,0,null,0,0,0
27,0,null,0,0,0
28,0,null,0,0,0
29,0,null,0,0,0
30,0,null,0,0,0
31,0,null,0,0,0
32,0,null,0,0,0
33,0,null,0,0,0
34,0,null,0,0,0
35,0,null,0,0,0
36,0,null,0,0,0
37,0,null,0,0,0
38,0,null,0,0,0
39,0,null,0,0,0
40,0,null,0,0,0
41,0,null,0,0,0
42,0,null,0,0,0
43,0,null,0,0,0
44,0,null,0,0,0
45,0,null,0,0,0
46,0,null,0,0,0
47,1,primary_proton,1,1,1
48,1,primary_proton,1,1,1
49,0,null,0,0,0
50,0,null,0,0,0
51,0,null,0,0,0
52,0,null,0,0,0
53,0,null,0,0,0
54,0,null,0,0,0
55,0,null,0,0,0
56,10,pi+,1,1,1
57,0,null,0,0,0
58,0,null,0,0,0
59,0,null,0,0,0
60,0,null,0,0,0
61,0,null,0,0,0
62,0,null,0,0,0
63,0,null,0,0,0
64,0,null,0,0,0
65,0,null,0,0,0
66,0,null,0,0,0
67,0,null,0,0,0
68,0,null,0,0,0
69,0,null,0,0,0
70,13,kaon+,1,1,1
71,0,null,0,0,0
72,0,null,0,0,0
73,0,null,0,0,0
74,0,null,0,0,0
75,0,null,0,0,0
76,0,null,0,0,0
77,0,null,0,0,0
78,0,null,0,0,0
79,0,null,0,0,0
80,0,null,0,0,0
81,0,null,0,0,0
82,0,null,0,0,0
83,0,null,0,0,0
84,0,null,0,0,0
85,0,null,0,0,0
86,0,null,0,0,0
87,0,null,0,0,0
88,0,null,0,0,0
89,0,null,0,0,0
90,0,null,0,0,0
91,0,null,0,0,0
92,0,null,0,0,0
93,0,null,0,0,0
94,3,secondary_proton,1,0,0
95,0,null,0,0,0
96,0,null,0,0,0
97,0,null,0,0,0
98,0,null,0,0,0
99,0,null,0,0,0
100,0,null,0,0,0
101,0,null,0,0,0
102,0,null,0,0,0
103,0,null,0,0,0
104,0,null,0,0,0
105,0,null,0,0,0
106,0,null,0,0,0
107,0,null,0,0,0
108,55,e-,1,1,0
109,0,null,0,0,0
110,6,secondary_proton,1,1,0
111,0,null,0,0,0
112,0,null,0,0,0
113,0,null,0,0,0
114,0,null,0,0,0
115,0,null,0,0,0
116,0,null,0,0,0
117,0,null,0,0,0
118,0,null,0,0,0
119,0,null,0,0,0
120,1,primary_proton,1,1,1
121,0,null,0,0,0
122,0,null,0,0,0
123,0,null,0,0,0
124,1,primary_proton,1,1,1
125,0,null,0,0,0
126,11,pi+,1,1,1
127,1,primary_proton,1,1,1
128,0,null,0,0,0
129,0,null,0,0,0
130,0,null,0,0,0
131,0,null,0,0,0
132,0,null,0,0,0
133,0,null,0,0,0
134,0,null,0,0,0
135,15,secondary_proton,1,1,1
136,859,e-,1,1,1
137,0,null,0,0,0
138,0,null,0,0,0
139,1,primary_proton,1,1,1
140,0,null,0,0,0
141,0,null,0,0,0
142,0,null,0,0,0
143,0,null,0,0,0
144,0,null,0,0,0
145,0,null,0,0,0
146,0,null,0,0,0
147,0,null,0,0,0
148,0,null,0,0,0
149,0,null,0,0,0
150,0,null,0,0,0
151,0,null,0,0,0
152,0,null,0,0,0
153,17,pi+,1,0,0
154,0,null,0,0,0
155,0,null,0,0,0
156,0,null,0,0,0
157,0,null,0,0,0
158,0,null,0,0,0
159,0,null,0,0,0
160,1,primary_proton,1,1,1
161,1,primary_proton,1,1,1
162,0,null,0,0,0
163,0,null,0,0,0
164,0,null,0,0,0
165,0,null,0,0,0
166,10,pi+,1,1,0
167,0,null,0,0,0
168,0,null,0,0,0
169,0,null,0,0,0
170,0,null,0,0,0
171,0,null,0,0,0
172,0,null,0,0,0
173,0,null,0,0,0
174,0,null,0,0,0
175,0,null,0,0,0
176,0,null,0,0,0
177,0,null,0,0,0
178,0,null,0,0,0
179,0,null,0,0,0
180,8,secondary_proton,1,1,1
181,0,null,0,0,0
182,0,null,0,0,0
183,0,null,0,0,0
184,0,null,0,0,0
185,0,null,0,0,0
186,0,null,0,0,0
187,0,null,0,0,0
188,8,pi+,1,1,0
189,0,null,0,0,0
190,0,null,0,0,0
191,0,null,0,0,0
192,0,null,0,0,0
193,0,null,0,0,0
194,0,null,0,0,0
195,0,null,0,0,0
196,0,null,0,0,0
197,0,null,0,0,0
198,0,null,0,0,0
199,0,null,0,0,0
200,0,null,0,0,0
201,0,null,0,0,0
202,0,null,0,0,0
203,0,null,0,0,0
204,0,null,0,0,0
205,0,null,0,0,0
206,0,null,0,0,0
207,0,null,0,0,0
208,0,null,0,0,0
209,0,null,0,0,0
210,0,null,0,0,0
211,0,null,0,0,0
212,0,null,0,0,0
213,0,null,0,0,0
214,0,null,0,0,0
215,0,null,0,0,0
216,0,null,0,0,0
217,0,null,0,0,0
218,0,null,0,0,0
219,0,null,0,0,0
220,0,null,0,0,0
221,0,null,0,0,0
222,0,null,0,0,0
223,0,null,0,0,0
224,0,null,0,0,0
225,0,null,0,0,0
226,0,null,0,0,0
227,0,null,0,0,0
228,0,null,0,0,0
229,469,e-,0,0,1
230,0,null,0,0,0
231,0,null,0,0,0
232,0,null,0,0,0
233,0,null,0,0,0
234,0,null,0,0,0
235,0,null,0,0,0
236,0,null,0,0,0
237,0,null,0,0,0
238,0,null,0,0,0
240,0,null,0,0,0
241,0,null,0,0,0
242,0,null,0,0,0
243,0,null,0,0,0
244,0,null,0,0,0
245,0,null,0,0,0
246,0,null,0,0,0
247,0,null,0,0,0
248,1,primary_proton,1,1,1
249,0,null,0,0,0
250,0,null,0,0,0
251,0,null,0,0,0
252,0,null,0,0,0
253,0,null,0,0,0
254,0,null,0,0,0
255,1,primary_proton,1,1,1
256,22,pi+,1,1,1
257,0,null,0,0,0
258,0,null,0,0,0
259,0,null,0,0,0
260,0,null,0,0,0
261,0,null,0,0,0
262,0,null,0,0,0
263,0,null,0,0,0
264,0,null,0,0,0
265,0,null,0,0,0
266,0,null,0,0,0
267,0,null,0,0,0
268,0,null,0,0,0
269,0,null,0,0,0
270,0,null,0,0,0
271,1,primary_proton,1,1,1
272,0,null,0,0,0
273,0,null,0,0,0
274,9,pi-,1,1,1
275,0,null,0,0,0
276,0,null,0,0,0
277,0,null,0,0,0
278,0,null,0,0,0
279,0,null,0,0,0
280,0,null,0,0,0
281,0,null,0,0,0
282,0,null,0,0,0
283,1046,pi-,1,1,1
284,0,null,0,0,0
285,0,null,0,0,0
286,0,null,0,0,0
287,0,null,0,0,0
288,0,null,0,0,0
289,0,null,0,0,0
290,0,null,0,0,0
291,0,null,0,0,0
292,0,null,0,0,0
293,0,null,0,0,0
294,0,null,0,0,0
295,0,null,0,0,0
296,0,null,0,0,0
297,0,null,0,0,0
298,0,null,0,0,0
299,0,null,0,0,0
300,0,null,0,0,0
301,0,null,0,0,0
302,0,null,0,0,0
303,0,null,0,0,0
304,0,null,0,0,0
305,0,null,0,0,0
306,0,null,0,0,0
307,0,null,0,0,0
308,0,null,0,0,0
309,0,null,0,0,0
310,0,null,0,0,0
311,0,null,0,0,0
312,0,null,0,0,0
313,0,null,0,0,0
314,0,null,0,0,0
315,0,null,0,0,0
316,0,null,0,0,0
317,0,null,0,0,0
318,0,null,0,0,0
319,0,null,0,0,0
320,0,null,0,0,0
321,0,null,0,0,0
322,0,null,0,0,0
323,0,null,0,0,0
324,0,null,0,0,0
325,0,null,0,0,0
326,0,null,0,0,0
327,0,null,0,0,0
328,0,null,0,0,0
329,0,null,0,0,0
330,1,primary_proton,1,1,1
331,0,null,0,0,0
332,0,null,0,0,0
333,0,null,0,0,0
334,0,null,0,0,0
335,0,null,0,0,0
336,0,null,0,0,0
337,0,null,0,0,0
338,0,null,0,0,0
339,0,null,0,0,0
340,0,null,0,0,0
341,0,null,0,0,0
342,0,null,0,0,0
343,0,null,0,0,0
344,0,null,0,0,0
345,0,null,0,0,0
346,0,null,0,0,0
347,0,null,0,0,0
348,0,null,0,0,0
349,0,null,0,0,0
350,0,null,0,0,0
351,0,null,0,0,0
352,0,null,0,0,0
353,0,null,0,0,0
354,0,null,0,0,0
355,0,null,0,0,0
356,0,null,0,0,0
357,0,null,0,0,0
358,1,primary_proton,1,1,1
359,0,null,0,0,0
360,0,null,0,0,0
361,0,null,0,0,0
362,0,null,0,0,0
363,0,null,0,0,0
364,0,null,0,0,0
365,0,null,0,0,0
366,0,null,0,0,0
367,0,null,0,0,0
368,0,null,0,0,0
369,0,null,0,0,0
370,1,primary_proton,1,1,1
371,0,null,0,0,0
372,0,null,0,0,0
373,0,null,0,0,0
374,0,null,0,0,0
375,2,secondary_proton,1,1,1
376,0,null,0,0,0
377,0,null,0,0,0
378,0,null,0,0,0
379,416,secondary_proton,1,0,0
380,0,null,0,0,0
381,0,null,0,0,0
382,0,null,0,0,0
383,0,null,0,0,0
384,0,null,0,0,0
385,0,null,0,0,0
386,0,null,0,0,0
387,0,null,0,0,0
388,0,null,0,0,0
389,0,null,0,0,0
390,0,null,0,0,0
391,0,null,0,0,0
392,0,null,0,0,0
393,0,null,0,0,0
394,0,null,0,0,0
395,0,null,0,0,0
396,0,null,0,0,0
397,0,null,0,0,0
398,0,null,0,0,0
399,0,null,0,0,0
400,0,null,0,0,0
401,0,null,0,0,0
402,0,null,0,0,0
403,0,null,0,0,0
404,0,null,0,0,0
405,0,null,0,0,0
406,0,null,0,0,0
407,0,null,0,0,0
408,0,null,0,0,0
409,0,null,0,0,0
410,0,null,0,0,0
411,0,null,0,0,0
412,0,null,0,0,0
413,0,null,0,0,0
414,0,null,0,0,0
415,0,null,0,0,0
416,0,null,0,0,0
417,0,null,0,0,0
418,0,null,0,0,0
419,0,null,0,0,0
420,0,null,0,0,0
421,0,null,0,0,0
422,0,null,0,0,0
423,0,null,0,0,0
424,0,null,0,0,0
425,0,null,0,0,0
426,0,null,0,0,0
427,0,null,0,0,0
428,0,null,0,0,0
429,0,null,0,0,0
430,0,null,0,0,0
431,0,null,0,0,0
432,0,null,0,0,0
433,0,null,0,0,0
434,1794,secondary_proton,1,1,1
435,11,pi+,1,1,1
436,0,null,0,0,0
437,0,null,0,0,0
438,0,null,0,0,0
439,0,null,0,0,0
440,8,secondary_proton,1,1,1
441,0,null,0,0,0
442,0,null,0,0,0
443,0,null,0,0,0
444,0,null,0,0,0
445,0,null,0,0,0
446,0,null,0,0,0
447,0,null,0,0,0
448,0,null,0,0,0
449,0,null,0,0,0
450,0,null,0,0,0
451,0,null,0,0,0
452,0,null,0,0,0
453,0,null,0,0,0
454,0,null,0,0,0
455,0,null,0,0,0
456,0,null,0,0,0
457,0,null,0,0,0
458,0,null,0,0,0
459,0,null,0,0,0
460,0,null,0,0,0
461,0,null,0,0,0
462,0,null,0,0,0
463,0,null,0,0,0
464,0,null,0,0,0
465,0,null,0,0,0
466,0,null,0,0,0
467,0,null,0,0,0
468,1,primary_proton,1,1,1
469,0,null,0,0,0
470,0,null,0,0,0
471,0,null,0,0,0
473,0,null,0,0,0
474,0,null,0,0,0
475,0,null,0,0,0
476,0,null,0,0,0
477,0,null,0,0,0
478,0,null,0,0,0
479,0,null,0,0,0
480,0,null,0,0,0
481,0,null,0,0,0
482,0,null,0,0,0
483,0,null,0,0,0
484,1,primary_proton,1,1,1
485,0,null,0,0,0
486,0,null,0,0,0
487,0,null,0,0,0
488,0,null,0,0,0
489,1,primary_proton,1,1,1
490,0,null,0,0,0
491,0,null,0,0,0
492,0,null,0,0,0
493,0,null,0,0,0
494,0,null,0,0,0
495,0,null,0,0,0
496,0,null,0,0,0
497,0,null,0,0,0
498,0,null,0,0,0
499,0,null,0,0,0
500,0,null,0,0,0
501,0,null,0,0,0
502,0,null,0,0,0
503,0,null,0,0,0
504,0,null,0,0,0
505,0,null,0,0,0
506,0,null,0,0,0
507,0,null,0,0,0
508,0,null,0,0,0
509,0,null,0,0,0
510,0,null,0,0,0
511,0,null,0,0,0
512,2,secondary_proton,1,1,1
513,0,null,0,0,0
514,0,null,0,0,0
515,0,null,0,0,0
516,0,null,0,0,0
517,0,null,0,0,0
518,0,null,0,0,0
519,0,null,0,0,0
520,0,null,0,0,0
521,0,null,0,0,0
522,0,null,0,0,0
523,0,null,0,0,0
524,0,null,0,0,0
525,0,null,0,0,0
526,0,null,0,0,0
527,0,null,0,0,0
528,0,null,0,0,0
529,0,null,0,0,0
530,0,null,0,0,0
531,0,null,0,0,0
532,0,null,0,0,0
533,0,null,0,0,0
534,0,null,0,0,0
535,0,null,0,0,0
536,0,null,0,0,0
537,0,null,0,0,0
538,0,null,0,0,0
539,0,null,0,0,0
540,0,null,0,0,0
541,0,null,0,0,0
542,0,null,0,0,0
543,0,null,0,0,0
544,0,null,0,0,0
545,0,null,0,0,0
546,0,null,0,0,0
547,0,null,0,0,0
548,0,null,0,0,0
549,0,null,0,0,0
550,0,null,0,0,0
551,0,null,0,0,0
552,0,null,0,0,0
553,0,null,0,0,0
554,0,null,0,0,0
555,0,null,0,0,0
556,0,null,0,0,0
557,0,null,0,0,0
558,0,null,0,0,0
559,0,null,0,0,0
560,0,null,0,0,0
561,0,null,0,0,0
562,0,null,0,0,0
563,0,null,0,0,0
564,5,pi-,1,1,1
565,0,null,0,0,0
566,0,null,0,0,0
567,0,null,0,0,0
568,0,null,0,0,0
569,0,null,0,0,0
570,0,null,0,0,0
571,0,null,0,0,0
572,0,null,0,0,0
573,1,primary_proton,1,1,1
574,0,null,0,0,0
575,0,null,0,0,0
576,0,null,0,0,0
577,0,null,0,0,0
578,0,null,0,0,0
579,0,null,0,0,0
580,0,null,0,0,0
581,0,null,0,0,0
582,0,null,0,0,0
583,0,null,0,0,0
584,0,null,0,0,0
585,0,null,0,0,0
586,1,primary_proton,1,1,1
587,0,null,0,0,0
588,0,null,0,0,0
589,0,null,0,0,0
590,0,null,0,0,0
591,0,null,0,0,0
592,0,null,0,0,0
593,1,primary_proton,1,1,1
594,0,null,0,0,0
595,0,null,0,0,0
596,0,null,0,0,0
597,0,null,0,0,0
598,0,null,0,0,0
599,0,null,0,0,0
600,0,null,0,0,0
601,0,null,0,0,0
602,0,null,0,0,0
603,0,null,0,0,0
604,0,null,0,0,0
605,0,null,0,0,0
606,0,null,0,0,0
607,0,null,0,0,0
608,0,null,0,0,0
609,0,null,0,0,0
610,1,primary_proton,1,1,1
611,0,null,0,0,0
612,0,null,0,0,0
613,0,null,0,0,0
614,0,null,0,0,0
615,0,null,0,0,0
616,0,null,0,0,0
617,10,pi+,1,0,0
618,0,null,0,0,0
619,0,null,0,0,0
620,0,null,0,0,0
621,0,null,0,0,0
622,0,null,0,0,0
623,0,null,0,0,0
624,0,null,0,0,0
625,0,null,0,0,0
626,0,null,0,0,0
627,0,null,0,0,0
628,0,null,0,0,0
629,0,null,0,0,0
630,0,null,0,0,0
631,0,null,0,0,0
632,0,null,0,0,0
633,0,null,0,0,0
634,1,primary_proton,1,1,1
635,498,pi-,1,0,0
636,0,null,0,0,0
637,0,null,0,0,0
638,0,null,0,0,0
639,0,null,0,0,0
640,0,null,0,0,0
641,0,null,0,0,0
642,0,null,0,0,0
643,0,null,0,0,0
644,0,null,0,0,0
645,0,null,0,0,0
646,0,null,0,0,0
647,0,null,0,0,0
648,0,null,0,0,0
649,0,null,0,0,0
650,0,null,0,0,0
651,0,null,0,0,0
652,0,null,0,0,0
653,0,null,0,0,0
654,0,null,0,0,0
655,0,null,0,0,0
656,0,null,0,0,0
657,0,null,0,0,0
658,0,null,0,0,0
659,0,null,0,0,0
660,0,null,0,0,0
661,0,null,0,0,0
662,0,null,0,0,0
663,0,null,0,0,0
664,0,null,0,0,0
665,0,null,0,0,0
666,0,null,0,0,0
667,0,null,0,0,0
668,0,null,0,0,0
669,0,null,0,0,0
670,0,null,0,0,0
671,0,null,0,0,0
672,0,null,0,0,0
673,0,null,0,0,0
674,0,null,0,0,0
675,0,null,0,0,0
676,0,null,0,0,0
677,0,null,0,0,0
678,0,null,0,0,0
679,0,null,0,0,0
680,0,null,0,0,0
681,0,null,0,0,0
682,0,null,0,0,0
683,0,null,0,0,0
684,0,null,0,0,0
685,0,null,0,0,0
686,0,null,0,0,0
687,650,e-,1,0,0
688,0,null,0,0,0
689,0,null,0,0,0
690,0,null,0,0,0
691,629,pi+,1,0,0
692,0,null,0,0,0
693,0,null,0,0,0
694,0,null,0,0,0
695,0,null,0,0,0
696,0,null,0,0,0
697,0,null,0,0,0
698,0,null,0,0,0
699,16,pi+,1,1,1
700,0,null,0,0,0
701,0,null,0,0,0
702,0,null,0,0,0
703,0,null,0,0,0
704,0,null,0,0,0
705,0,null,0,0,0
706,0,null,0,0,0
707,1,primary_proton,1,1,1
709,0,null,0,0,0
710,0,null,0,0,0
711,0,null,0,0,0
712,0,null,0,0,0
713,0,null,0,0,0
714,0,null,0,0,0
715,5,secondary_proton,1,1,0
716,0,null,0,0,0
717,0,null,0,0,0
718,0,null,0,0,0
719,0,null,0,0,0
720,0,null,0,0,0
721,0,null,0,0,0
722,0,null,0,0,0
723,0,null,0,0,0
724,9,pi+,1,0,0
725,0,null,0,0,0
726,0,null,0,0,0
727,0,null,0,0,0
728,0,null,0,0,0
729,0,null,0,0,0
730,0,null,0,0,0
731,1,primary_proton,1,1,1
732,0,null,0,0,0
733,0,null,0,0,0
734,0,null,0,0,0
735,0,null,0,0,0
736,0,null,0,0,0
737,1,primary_proton,1,1,1
738,0,null,0,0,0
739,0,null,0,0,0
740,0,null,0,0,0
741,0,null,0,0,0
742,0,null,0,0,0
743,0,null,0,0,0
744,0,null,0,0,0
745,0,null,0,0,0
746,0,null,0,0,0
747,0,null,0,0,0
748,0,null,0,0,0
749,0,null,0,0,0
750,0,null,0,0,0
751,0,null,0,0,0
752,0,null,0,0,0
753,0,null,0,0,0
754,0,null,0,0,0
755,0,null,0,0,0
756,0,null,0,0,0
757,0,null,0,0,0
758,0,null,0,0,0
759,0,null,0,0,0
760,0,null,0,0,0
761,0,null,0,0,0
762,0,null,0,0,0
763,16,pi-,1,1,1
764,0,null,0,0,0
765,0,null,0,0,0
766,0,null,0,0,0
767,0,null,0,0,0
768,0,null,0,0,0
769,0,null,0,0,0
770,0,null,0,0,0
771,0,null,0,0,0
772,0,null,0,0,0
773,0,null,0,0,0
774,0,null,0,0,0
775,0,null,0,0,0
776,0,null,0,0,0
777,0,null,0,0,0
778,0,null,0,0,0
779,0,null,0,0,0
780,0,null,0,0,0
781,0,null,0,0,0
782,6089,e-,1,0,0
783,0,null,0,0,0
784,9,pi-,1,1,1
785,0,null,0,0,0
786,0,null,0,0,0
787,0,null,0,0,0
788,0,null,0,0,0
789,998,e-,1,1,1
790,0,null,0,0,0
791,0,null,0,0,0
792,8,pi-,1,1,1
793,0,null,0,0,0
794,0,null,0,0,0
795,0,null,0,0,0
796,0,null,0,0,0
797,0,null,0,0,0
798,1,primary_proton,1,1,1
799,0,null,0,0,0
800,0,null,0,0,0
801,0,null,0,0,0
802,0,null,0,0,0
803,0,null,0,0,0
804,0,null,0,0,0
805,0,null,0,0,0
806,0,null,0,0,0
807,0,null,0,0,0
808,0,null,0,0,0
809,0,null,0,0,0
810,0,null,0,0,0
811,0,null,0,0,0
812,0,null,0,0,0
813,0,null,0,0,0
814,0,null,0,0,0
815,0,null,0,0,0
816,0,null,0,0,0
817,0,null,0,0,0
818,1,primary_proton,1,1,1
819,0,null,0,0,0
820,0,null,0,0,0
821,0,null,0,0,0
822,0,null,0,0,0
823,0,null,0,0,0
824,0,null,0,0,0
825,0,null,0,0,0
826,0,null,0,0,0
827,1,primary_proton,1,1,1
828,0,null,0,0,0
829,0,null,0,0,0
830,0,null,0,0,0
831,0,null,0,0,0
832,0,null,0,0,0
833,0,null,0,0,0
834,0,null,0,0,0
835,0,null,0,0,0
836,0,null,0,0,0
837,0,null,0,0,0
838,0,null,0,0,0
839,0,null,0,0,0
840,0,null,0,0,0
841,0,null,0,0,0
842,0,null,0,0,0
843,0,null,0,0,0
844,0,null,0,0,0
845,0,null,0,0,0
846,0,null,0,0,0
847,0,null,0,0,0
848,0,null,0,0,0
849,0,null,0,0,0
850,0,null,0,0,0
851,0,null,0,0,0
852,0,null,0,0,0
853,0,null,0,0,0
854,0,null,0,0,0
855,0,null,0,0,0
856,0,null,0,0,0
857,0,null,0,0,0
858,514,e-,1,1,1
859,0,null,0,0,0
860,0,null,0,0,0
861,0,null,0,0,0
862,0,null,0,0,0
863,0,null,0,0,0
864,0,null,0,0,0
865,0,null,0,0,0
866,0,null,0,0,0
867,0,null,0,0,0
868,0,null,0,0,0
869,0,null,0,0,0
870,0,null,0,0,0
871,0,null,0,0,0
872,0,null,0,0,0
873,0,null,0,0,0
874,0,null,0,0,0
875,0,null,0,0,0
876,0,null,0,0,0
877,0,null,0,0,0
878,0,null,0,0,0
879,0,null,0,0,0
880,0,null,0,0,0
881,0,null,0,0,0
882,0,null,0,0,0
883,0,null,0,0,0
884,0,null,0,0,0
885,1,primary_proton,1,1,1
886,0,null,0,0,0
887,0,null,0,0,0
888,0,null,0,0,0
889,0,null,0,0,0
890,0,null,0,0,0
891,0,null,0,0,0
892,0,null,0,0,0
893,0,null,0,0,0
894,0,null,0,0,0
895,0,null,0,0,0
896,1,primary_proton,1,1,1
897,0,null,0,0,0
898,0,null,0,0,0
899,0,null,0,0,0
900,0,null,0,0,0
901,0,null,0,0,0
902,0,null,0,0,0
903,0,null,0,0,0
904,0,null,0,0,0
905,0,null,0,0,0
906,0,null,0,0,0
907,1,primary_proton,1,1,1
908,0,null,0,0,0
909,0,null,0,0,0
910,0,null,0,0,0
911,0,null,0,0,0
912,0,null,0,0,0
913,0,null,0,0,0
914,0,null,0,0,0
915,0,null,0,0,0
916,0,null,0,0,0
917,0,null,0,0,0
918,0,null,0,0,0
919,0,null,0,0,0
920,0,null,0,0,0
921,0,null,0,0,0
922,0,null,0,0,0
923,0,null,0,0,0
924,13,pi-,1,1,1
925,0,null,0,0,0
926,0,null,0,0,0
927,1,primary_proton,1,1,1
928,14,secondary_proton,1,1,1
929,0,null,0,0,0
930,0,null,0,0,0
931,0,null,0,0,0
932,0,null,0,0,0
933,0,null,0,0,0
934,0,null,0,0,0
935,0,null,0,0,0
936,0,null,0,0,0
937,0,null,0,0,0
938,0,null,0,0,0
939,0,null,0,0,0
940,207,pi-,1,1,1
941,0,null,0,0,0
943,0,null,0,0,0
944,0,null,0,0,0
945,0,null,0,0,0
946,0,null,0,0,0
947,0,null,0,0,0
948,0,null,0,0,0
949,0,null,0,0,0
950,0,null,0,0,0
951,6,secondary_proton,1,1,1
952,0,null,0,0,0
953,0,null,0,0,0
954,0,null,0,0,0
955,0,null,0,0,0
956,0,null,0,0,0
957,0,null,0,0,0
958,0,null,0,0,0
959,0,null,0,0,0
960,0,null,0,0,0
961,0,null,0,0,0
962,0,null,0,0,0
963,0,null,0,0,0
964,0,null,0,0,0
965,0,null,0,0,0
966,0,null,0,0,0
967,0,null,0,0,0
968,0,null,0,0,0
969,3659,e-,1,1,0
970,0,null,0,0,0
971,19,pi-,1,1,1
972,0,null,0,0,0
973,0,null,0,0,0
974,0,null,0,0,0
975,0,null,0,0,0
976,0,null,0,0,0
977,0,null,0,0,0
978,0,null,0,0,0
979,0,null,0,0,0
980,1,primary_proton,1,1,1
981,0,null,0,0,0
982,0,null,0,0,0
983,0,null,0,0,0
984,0,null,0,0,0
985,0,null,0,0,0
986,0,null,0,0,0
987,0,null,0,0,0
988,0,null,0,0,0
989,0,null,0,0,0
990,0,null,0,0,0
991,0,null,0,0,0
992,0,null,0,0,0
993,1,primary_proton,1,1,1
994,0,null,0,0,0
995,1,primary_proton,1,1,1
996,0,null,0,0,0
997,0,null,0,0,0
998,0,null,0,0,0
999,0,null,0,0,0
1000,0,null,0,0,0
1001,0,null,0,0,0
1002,0,null,0,0,0
1003,0,null,0,0,0
1004,0,null,0,0,0
1005,0,null,0,0,0
1006,0,null,0,0,0
1007,0,null,0,0,0
1008,0,null,0,0,0
1009,0,null,0,0,0
1010,0,null,0,0,0
1011,0,null,0,0,0
1012,0,null,0,0,0
1013,0,null,0,0,0
1014,0,null,0,0,0
1015,0,null,0,0,0
1016,0,null,0,0,0
1017,0,null,0,0,0
1018,0,null,0,0,0
1019,0,null,0,0,0
1020,0,null,0,0,0
1021,0,null,0,0,0
1022,0,null,0,0,0
1023,0,null,0,0,0
1024,0,null,0,0,0
1025,0,null,0,0,0
1026,0,null,0,0,0
1027,0,null,0,0,0
1028,0,null,0,0,0
1029,0,null,0,0,0
1030,0,null,0,0,0
1031,0,null,0,0,0
1032,0,null,0,0,0
1033,0,null,0,0,0
1034,0,null,0,0,0
1035,0,null,0,0,0
1036,0,null,0,0,0
1037,0,null,0,0,0
1038,0,null,0,0,0
1039,0,null,0,0,0
1040,0,null,0,0,0
1041,0,null,0,0,0
1042,0,null,0,0,0
1043,0,null,0,0,0
1044,0,null,0,0,0
1045,0,null,0,0,0
1046,0,null,0,0,0
1047,1221,e-,1,1,1
1048,0,null,0,0,0
1049,0,null,0,0,0
1050,0,null,0,0,0
1051,6,pi+,1,1,0
1052,0,null,0,0,0
1053,0,null,0,0,0
1054,0,null,0,0,0
1055,0,null,0,0,0
1056,0,null,0,0,0
1057,1,primary_proton,1,1,1
1058,0,null,0,0,0
1059,0,null,0,0,0
1060,0,null,0,0,0
1061,0,null,0,0,0
1062,0,null,0,0,0
1063,0,null,0,0,0
1064,0,null,0,0,0
1065,0,null,0,0,0
1066,0,null,0,0,0
1067,0,null,0,0,0
1068,0,null,0,0,0
1069,0,null,0,0,0
1070,0,null,0,0,0
1071,0,null,0,0,0
1072,0,null,0,0,0
1073,0,null,0,0,0
1074,1,primary_proton,1,1,1
1075,0,null,0,0,0
1076,0,null,0,0,0
1077,0,null,0,0,0
1078,0,null,0,0,0
1079,0,null,0,0,0
1080,0,null,0,0,0
1081,0,null,0,0,0
1082,0,null,0,0,0
1083,0,null,0,0,0
1084,7,secondary_proton,1,1,1
1085,5103,e-,1,0,0
1086,0,null,0,0,0
1087,0,null,0,0,0
1088,0,null,0,0,0
1089,0,null,0,0,0
1090,0,null,0,0,0
1091,0,null,0,0,0
1092,0,null,0,0,0
1093,0,null,0,0,0
1094,0,null,0,0,0
1095,0,null,0,0,0
1096,0,null,0,0,0
1097,0,null,0,0,0
1098,0,null,0,0,0
1099,0,null,0,0,0
1100,0,null,0,0,0
1101,0,null,0,0,0
1102,0,null,0,0,0
1103,0,null,0,0,0
1104,9,pi+,1,1,1
1105,0,null,0,0,0
1106,0,null,0,0,0
1107,0,null,0,0,0
1108,0,null,0,0,0
1109,0,null,0,0,0
1110,0,null,0,0,0
1111,0,null,0,0,0
1112,0,null,0,0,0
1113,0,null,0,0,0
1114,0,null,0,0,0
1115,0,null,0,0,0
1116,0,null,0,0,0
1117,0,null,0,0,0
1118,0,null,0,0,0
1119,0,null,0,0,0
1120,0,null,0,0,0
1121,0,null,0,0,0
1122,0,null,0,0,0
1123,55,e-,0,0,1
1124,0,null,0,0,0
1125,0,null,0,0,0
1126,0,null,0,0,0
1127,0,null,0,0,0
1128,0,null,0,0,0
1129,0,null,0,0,0
1130,0,null,0,0,0
1131,0,null,0,0,0
1132,0,null,0,0,0
1133,0,null,0,0,0
1134,0,null,0,0,0
1135,0,null,0,0,0
1136,0,null,0,0,0
1137,0,null,0,0,0
1138,0,null,0,0,0
1139,0,null,0,0,0
1140,0,null,0,0,0
1141,0,null,0,0,0
1142,0,null,0,0,0
1143,0,null,0,0,0
1144,0,null,0,0,0
1145,0,null,0,0,0
1146,0,null,0,0,0
1147,0,null,0,0,0
1148,0,null,0,0,0
1149,0,null,0,0,0
1150,5,secondary_proton,1,1,1
1151,0,null,0,0,0
1152,0,null,0,0,0
1153,0,null,0,0,0
1154,16,pi-,1,1,1
1155,0,null,0,0,0
1156,7,secondary_proton,1,1,1
1157,0,null,0,0,0
1158,0,null,0,0,0
1159,0,null,0,0,0
1160,0,null,0,0,0
1161,1,primary_proton,1,1,1
1162,0,null,0,0,0
1163,0,null,0,0,0
1164,0,null,0,0,0
1165,0,null,0,0,0
1166,0,null,0,0,0
1168,0,null,0,0,0
1169,0,null,0,0,0
1170,0,null,0,0,0
1171,0,null,0,0,0
1172,0,null,0,0,0
1173,0,null,0,0,0
1174,0,null,0,0,0
1175,0,null,0,0,0
1176,0,null,0,0,0
1177,1544,e-,1,0,0
1178,0,null,0,0,0
1179,0,null,0,0,0
1180,0,null,0,0,0
1181,0,null,0,0,0
1182,0,null,0,0,0
1183,0,null,0,0,0
1184,0,null,0,0,0
1185,0,null,0,0,0
1186,0,null,0,0,0
1187,0,null,0,0,0
1188,0,null,0,0,0
1189,0,null,0,0,0
1190,0,null,0,0,0
1191,0,null,0,0,0
1192,0,null,0,0,0
1193,0,null,0,0,0
1194,0,null,0,0,0
1195,0,null,0,0,0
1196,0,null,0,0,0
1197,0,null,0,0,0
1198,0,null,0,0,0
1199,0,null,0,0,0
1200,5,pi+,1,1,1
1201,0,null,0,0,0
1202,0,null,0,0,0
1203,0,null,0,0,0
1204,0,null,0,0,0
1205,0,null,0,0,0
1206,0,null,0,0,0
1207,0,null,0,0,0
1208,0,null,0,0,0
1209,0,null,0,0,0
1210,1,primary_proton,1,1,1
1211,0,null,0,0,0
1212,0,null,0,0,0
1213,9,secondary_proton,1,1,1
1214,0,null,0,0,0
1215,0,null,0,0,0
1216,0,null,0,0,0
1217,0,null,0,0,0
1218,0,null,0,0,0
1219,0,null,0,0,0
1220,0,null,0,0,0
1221,0,null,0,0,0
1222,0,null,0,0,0
1223,0,null,0,0,0
1224,0,null,0,0,0
1225,0,null,0,0,0
1226,0,null,0,0,0
1227,11,pi+,1,1,1
1228,0,null,0,0,0
1229,0,null,0,0,0
1230,0,null,0,0,0
1231,0,null,0,0,0
1232,0,null,0,0,0
1233,0,null,0,0,0
1234,0,null,0,0,0
1235,0,null,0,0,0
1236,0,null,0,0,0
1237,0,null,0,0,0
1238,0,null,0,0,0
1239,0,null,0,0,0
1240,0,null,0,0,0
1241,0,null,0,0,0
1242,0,null,0,0,0
1243,0,null,0,0,0
1244,0,null,0,0,0
1245,0,null,0,0,0
1246,0,null,0,0,0
1247,0,null,0,0,0
1248,0,null,0,0,0
1249,0,null,0,0,0
1250,0,null,0,0,0
1251,0,null,0,0,0
1252,0,null,0,0,0
1253,0,null,0,0,0
1254,0,null,0,0,0
1255,0,null,0,0,0
1256,0,null,0,0,0
1257,0,null,0,0,0
1258,0,null,0,0,0
1259,0,null,0,0,0
1260,0,null,0,0,0
1261,0,null,0,0,0
1262,0,null,0,0,0
1263,0,null,0,0,0
1264,0,null,0,0,0
1265,0,null,0,0,0
1266,0,null,0,0,0
1267,0,null,0,0,0
1268,0,null,0,0,0
1269,0,null,0,0,0
1270,0,null,0,0,0
1271,0,null,0,0,0
1272,6,secondary_proton,1,1,1
1273,0,null,0,0,0
1274,0,null,0,0,0
1275,0,null,0,0,0
1276,0,null,0,0,0
1277,0,null,0,0,0
1278,0,null,0,0,0
1279,0,null,0,0,0
1280,0,null,0,0,0
1281,0,null,0,0,0
1282,0,null,0,0,0
1283,0,null,0,0,0
1284,0,null,0,0,0
1285,7,pi-,1,0,0
1286,0,null,0,0,0
1287,0,null,0,0,0
1288,0,null,0,0,0
1289,0,null,0,0,0
1290,0,null,0,0,0
1291,0,null,0,0,0
1292,0,null,0,0,0
1293,0,null,0,0,0
1294,0,null,0,0,0
1295,0,null,0,0,0
1296,0,null,0,0,0
1297,0,null,0,0,0
1298,0,null,0,0,0
1299,0,null,0,0,0
1300,258,pi-,1,1,1
1301,0,null,0,0,0
1302,0,null,0,0,0
1303,0,null,0,0,0
1304,0,null,0,0,0
1305,1,primary_proton,1,1,1
1306,0,null,0,0,0
1307,0,null,0,0,0
1308,0,null,0,0,0
1309,0,null,0,0,0
1310,0,null,0,0,0
1311,0,null,0,0,0
1312,0,null,0,0,0
1313,0,null,0,0,0
1314,0,null,0,0,0
1315,0,null,0,0,0
1316,0,null,0,0,0
1317,0,null,0,0,0
1318,0,null,0,0,0
1319,0,null,0,0,0
1320,0,null,0,0,0
1321,0,null,0,0,0
1322,1,primary_proton,1,1,1
1323,0,null,0,0,0
1324,0,null,0,0,0
1325,0,null,0,0,0
1326,0,null,0,0,0
1327,0,null,0,0,0
1328,0,null,0,0,0
1329,0,null,0,0,0
1330,0,null,0,0,0
1331,0,null,0,0,0
1332,0,null,0,0,0
1333,0,null,0,0,0
1334,0,null,0,0,0
1335,0,null,0,0,0
1336,0,null,0,0,0
1337,0,null,0,0,0
1338,0,null,0,0,0
1339,0,null,0,0,0
1340,0,null,0,0,0
1341,0,null,0,0,0
1342,11,secondary_proton,1,1,1
1343,0,null,0,0,0
1344,0,null,0,0,0
1345,3,pi-,1,1,1
1346,0,null,0,0,0
1347,0,null,0,0,0
1348,0,null,0,0,0
1349,0,null,0,0,0
1350,0,null,0,0,0
1351,0,null,0,0,0
1352,0,null,0,0,0
1353,0,null,0,0,0
1354,0,null,0,0,0
1355,0,null,0,0,0
1356,0,null,0,0,0
1357,7011,pi-,1,1,0
1358,0,null,0,0,0
1359,0,null,0,0,0
1360,0,null,0,0,0
1361,0,null,0,0,0
1362,0,null,0,0,0
1363,0,null,0,0,0
1364,0,null,0,0,0
1365,0,null,0,0,0
1366,0,null,0,0,0
1367,1,primary_proton,1,1,1
1368,0,null,0,0,0
1369,3,secondary_proton,1,1,1
1370,0,null,0,0,0
1371,0,null,0,0,0
1372,0,null,0,0,0
1373,0,null,0,0,0
1374,14,pi-,1,0,0
1375,0,null,0,0,0
1376,0,null,0,0,0
1377,0,null,0,0,0
1378,0,null,0,0,0
1379,0,null,0,0,0
1380,0,null,0,0,0
1381,0,null,0,0,0
1382,0,null,0,0,0
1383,0,null,0,0,0
1384,0,null,0,0,0
1385,0,null,0,0,0
1386,0,null,0,0,0
1387,0,null,0,0,0
1388,1,primary_proton,1,1,1
1390,0,null,0,0,0
1391,0,null,0,0,0
1392,0,null,0,0,0
1393,0,null,0,0,0
1394,0,null,0,0,0
1395,0,null,0,0,0
1396,0,null,0,0,0
1397,0,null,0,0,0
1398,0,null,0,0,0
1399,0,null,0,0,0
1400,0,null,0,0,0
1401,0,null,0,0,0
1402,0,null,0,0,0
1403,0,null,0,0,0
1404,0,null,0,0,0
1405,0,null,0,0,0
1406,0,null,0,0,0
1407,0,null,0,0,0
1408,0,null,0,0,0
1409,0,null,0,0,0
1410,0,null,0,0,0
1411,0,null,0,0,0
1412,0,null,0,0,0
1413,0,null,0,0,0
1414,0,null,0,0,0
1415,0,null,0,0,0
1416,0,null,0,0,0
1417,0,null,0,0,0
1418,0,null,0,0,0
1419,0,null,0,0,0
1420,0,null,0,0,0
1421,0,null,0,0,0
1422,0,null,0,0,0
1423,0,null,0,0,0
1424,0,null,0,0,0
1425,0,null,0,0,0
1426,0,null,0,0,0
1427,0,null,0,0,0
1428,0,null,0,0,0
1429,0,null,0,0,0
1430,0,null,0,0,0
1431,0,null,0,0,0
1432,1,primary_proton,1,1,1
1433,0,null,0,0,0
1434,0,null,0,0,0
1435,0,null,0,0,0
1436,0,null,0,0,0
1437,1,primary_proton,1,1,1
1438,0,null,0,0,0
1439,0,null,0,0,0
1440,0,null,0,0,0
1441,0,null,0,0,0
1442,0,null,0,0,0
1443,0,null,0,0,0
1444,0,null,0,0,0
1445,0,null,0,0,0
1446,0,null,0,0,0
1447,0,null,0,0,0
1448,0,null,0,0,0
1449,0,null,0,0,0
1450,0,null,0,0,0
1451,0,null,0,0,0
1452,0,null,0,0,0
1453,0,null,0,0,0
1454,0,null,0,0,0
1455,0,null,0,0,0
1456,0,null,0,0,0
1457,0,null,0,0,0
1458,0,null,0,0,0
1459,0,null,0,0,0
1460,0,null,0,0,0
1461,0,null,0,0,0
1462,0,null,0,0,0
1463,0,null,0,0,0
1464,1,primary_proton,1,1,1
1465,1,primary_proton,1,1,1
1466,0,null,0,0,0
1467,0,null,0,0,0
1468,0,null,0,0,0
1469,0,null,0,0,0
1470,0,null,0,0,0
1471,13,secondary_proton,1,1,1
1472,0,null,0,0,0
1473,0,null,0,0,0
1474,0,null,0,0,0
1475,1,primary_proton,1,1,1
1476,0,null,0,0,0
1477,0,null,0,0,0
1478,0,null,0,0,0
1479,4,secondary_proton,1,1,1
1480,0,null,0,0,0
1481,0,null,0,0,0
1482,0,null,0,0,0
1483,238,secondary_proton,1,1,1
1484,0,null,0,0,0
1485,0,null,0,0,0
1486,0,null,0,0,0
1487,0,null,0,0,0
1488,0,null,0,0,0
1489,0,null,0,0,0
1490,0,null,0,0,0
1491,1,primary_proton,1,1,1
1492,0,null,0,0,0
1493,0,null,0,0,0
1494,0,null,0,0,0
1495,0,null,0,0,0
1496,0,null,0,0,0
1497,0,null,0,0,0
1498,0,null,0,0,0
1499,0,null,0,0,0
1500,0,null,0,0,0
1501,1,primary_proton,1,1,1
1502,0,null,0,0,0
1503,0,null,0,0,0
1504,0,null,0,0,0
1505,0,null,0,0,0
1506,0,null,0,0,0
1507,0,null,0,0,0
1508,0,null,0,0,0
1509,0,null,0,0,0
1510,0,null,0,0,0
1511,0,null,0,0,0
1512,0,null,0,0,0
1513,0,null,0,0,0
1514,0,null,0,0,0
1515,0,null,0,0,0
1516,0,null,0,0,0
1517,0,null,0,0,0
1518,0,null,0,0,0
1519,0,null,0,0,0
1520,4,secondary_proton,1,1,1
1521,0,null,0,0,0
1522,0,null,0,0,0
1523,0,null,0,0,0
1524,0,null,0,0,0
1525,0,null,0,0,0
1526,0,null,0,0,0
1527,0,null,0,0,0
1528,0,null,0,0,0
1529,1,primary_proton,1,1,1
1530,0,null,0,0,0
1531,0,null,0,0,0
1532,0,null,0,0,0
1533,0,null,0,0,0
1534,0,null,0,0,0
1535,0,null,0,0,0
1536,0,null,0,0,0
1537,0,null,0,0,0
1538,0,null,0,0,0
1539,0,null,0,0,0
1540,0,null,0,0,0
1541,0,null,0,0,0
1542,0,null,0,0,0
1543,0,null,0,0,0
1544,0,null,0,0,0
1545,0,null,0,0,0
1546,0,null,0,0,0
1547,0,null,0,0,0
1548,0,null,0,0,0
1549,0,null,0,0,0
1550,0,null,0,0,0
1551,0,null,0,0,0
1552,1,primary_proton,1,1,1
1553,0,null,0,0,0
1554,1,primary_proton,1,1,1
1555,0,null,0,0,0
1556,0,null,0,0,0
1557,0,null,0,0,0
1558,0,null,0,0,0
1559,0,null,0,0,0
1560,0,null,0,0,0
1561,0,null,0,0,0
1562,0,null,0,0,0
1563,0,null,0,0,0
1564,0,null,0,0,0
1565,0,null,0,0,0
1566,0,null,0,0,0
1567,0,null,0,0,0
1568,0,null,0,0,0
1569,0,null,0,0,0
1570,1,primary_proton,1,1,1
1571,0,null,0,0,0
1572,0,null,0,0,0
1573,0,null,0,0,0
1574,0,null,0,0,0
1575,0,null,0,0,0
1576,0,null,0,0,0
1577,0,null,0,0,0
1578,0,null,0,0,0
1579,0,null,0,0,0
1580,0,null,0,0,0
1581,0,null,0,0,0
1582,0,null,0,0,0
1583,0,null,0,0,0
1584,0,null,0,0,0
1585,0,null,0,0,0
1586,0,null,0,0,0
1587,0,null,0,0,0
1588,0,null,0,0,0
1589,0,null,0,0,0
1590,0,null,0,0,0
1591,0,null,0,0,0
1592,0,null,0,0,0
1593,0,null,0,0,0
1594,0,null,0,0,0
1595,0,null,0,0,0
1596,0,null,0,0,0
1597,0,null,0,0,0
1598,0,null,0,0,0
1599,0,null,0,0,0
1600,0,null,0,0,0
1601,0,null,0,0,0
1602,0,null,0,0,0
1603,0,null,0,0,0
1604,19,pi+,1,0,0
1605,0,null,0,0,0
1606,0,null,0,0,0
1608,0,null,0,0,0
1609,0,null,0,0,0
1610,0,null,0,0,0
1611,0,null,0,0,0
1612,0,null,0,0,0
1613,0,null,0,0,0
1614,0,null,0,0,0
1615,0,null,0,0,0
1616,0,null,0,0,0
1617,0,null,0,0,0
1618,0,null,0,0,0
1619,0,null,0,0,0
1620,0,null,0,0,0
1621,0,null,0,0,0
1622,0,null,0,0,0
1623,0,null,0,0,0
1624,1,primary_proton,1,1,1
1625,0,null,0,0,0
1626,0,null,0,0,0
1627,0,null,0,0,0
1628,0,null,0,0,0
1629,0,null,0,0,0
1630,0,null,0,0,0
1631,0,null,0,0,0
1632,0,null,0,0,0
1633,0,null,0,0,0
1634,0,null,0,0,0
1635,0,null,0,0,0
1636,0,null,0,0,0
1637,0,null,0,0,0
1638,0,null,0,0,0
1639,0,null,0,0,0
1640,0,null,0,0,0
1641,0,null,0,0,0
1642,0,null,0,0,0
1643,0,null,0,0,0
1644,0,null,0,0,0
1645,0,null,0,0,0
1646,0,null,0,0,0
1647,0,null,0,0,0
1648,0,null,0,0,0
1649,0,null,0,0,0
1650,10,pi-,1,1,1
1651,0,null,0,0,0
1652,1,primary_proton,1,1,1
1653,0,null,0,0,0
1654,0,null,0,0,0
1655,0,null,0,0,0
1656,0,null,0,0,0
1657,0,null,0,0,0
1658,0,null,0,0,0
1659,0,null,0,0,0
1660,0,null,0,0,0
1661,0,null,0,0,0
1662,0,null,0,0,0
1663,0,null,0,0,0
1664,0,null,0,0,0
1665,0,null,0,0,0
1666,0,null,0,0,0
1667,0,null,0,0,0
1668,0,null,0,0,0
1669,0,null,0,0,0
1670,0,null,0,0,0
1671,0,null,0,0,0
1672,1,primary_proton,1,1,1
1673,0,null,0,0,0
1674,0,null,0,0,0
1675,23,secondary_proton,1,0,0
1676,0,null,0,0,0
1677,0,null,0,0,0
1678,0,null,0,0,0
1679,0,null,0,0,0
1680,0,null,0,0,0
1681,0,null,0,0,0
1682,0,null,0,0,0
1683,0,null,0,0,0
1684,0,null,0,0,0
1685,0,null,0,0,0
1686,0,null,0,0,0
1687,0,null,0,0,0
1688,0,null,0,0,0
1689,0,null,0,0,0
1690,0,null,0,0,0
1691,0,null,0,0,0
1692,0,null,0,0,0
1693,0,null,0,0,0
1694,0,null,0,0,0
1695,0,null,0,0,0
1696,0,null,0,0,0
1697,0,null,0,0,0
1698,0,null,0,0,0
1699,0,null,0,0,0
1700,0,null,0,0,0
1701,0,null,0,0,0
1702,0,null,0,0,0
1703,0,null,0,0,0
1704,0,null,0,0,0
1705,0,null,0,0,0
1706,0,null,0,0,0
1707,0,null,0,0,0
1708,0,null,0,0,0
1709,0,null,0,0,0
1710,0,null,0,0,0
1711,0,null,0,0,0
1712,0,null,0,0,0
1713,0,null,0,0,0
1714,0,null,0,0,0
1715,0,null,0,0,0
1716,0,null,0,0,0
1717,0,null,0,0,0
1718,0,null,0,0,0
1719,0,null,0,0,0
1720,0,null,0,0,0
1721,0,null,0,0,0
1722,0,null,0,0,0
1723,0,null,0,0,0
1724,0,null,0,0,0
1725,0,null,0,0,0
1726,0,null,0,0,0
1727,0,null,0,0,0
1728,0,null,0,0,0
1729,0,null,0,0,0
1730,0,null,0,0,0
1731,0,null,0,0,0
1732,0,null,0,0,0
1733,0,null,0,0,0
1734,0,null,0,0,0
1735,0,null,0,0,0
1736,0,null,0,0,0
1737,0,null,0,0,0
1738,0,null,0,0,0
1739,0,null,0,0,0
1740,0,null,0,0,0
1741,0,null,0,0,0
1742,0,null,0,0,0
1743,0,null,0,0,0
1744,0,null,0,0,0
1745,0,null,0,0,0
1746,0,null,0,0,0
1747,0,null,0,0,0
1748,0,null,0,0,0
1749,0,null,0,0,0
1750,0,null,0,0,0
1751,0,null,0,0,0
1752,0,null,0,0,0
1753,0,null,0,0,0
1754,0,null,0,0,0
1755,0,null,0,0,0
1756,0,null,0,0,0
1757,0,null,0,0,0
1758,0,null,0,0,0
1759,0,null,0,0,0
1760,0,null,0,0,0
1761,0,null,0,0,0
1762,0,null,0,0,0
1763,0,null,0,0,0
1764,0,null,0,0,0
1765,0,null,0,0,0
1766,0,null,0,0,0
1767,0,null,0,0,0
1768,0,null,0,0,0
1769,0,null,0,0,0
1770,11,secondary_proton,1,1,1
1771,0,null,0,0,0
1772,0,null,0,0,0
1773,0,null,0,0,0
1774,0,null,0,0,0
1775,0,null,0,0,0
1776,0,null,0,0,0
1777,0,null,0,0,0
1778,0,null,0,0,0
1779,0,null,0,0,0
1780,0,null,0,0,0
1781,0,null,0,0,0
1782,0,null,0,0,0
1783,0,null,0,0,0
1784,0,null,0,0,0
1785,0,null,0,0,0
1786,0,null,0,0,0
1787,0,null,0,0,0
1788,0,null,0,0,0
1789,0,null,0,0,0
1790,0,null,0,0,0
1791,0,null,0,0,0
1792,103,pi-,1,1,1
1793,0,null,0,0,0
1794,0,null,0,0,0
1795,0,null,0,0,0
1796,0,null,0,0,0
1797,0,null,0,0,0
1798,0,null,0,0,0
1799,0,null,0,0,0
1800,0,null,0,0,0
1801,0,null,0,0,0
1802,0,null,0,0,0
1803,256,secondary_proton,1,1,0
1804,0,null,0,0,0
1805,0,null,0,0,0
1806,0,null,0,0,0
1807,0,null,0,0,0
1808,0,null,0,0,0
1809,0,null,0,0,0
1810,12,secondary_proton,1,1,1
1811,0,null,0,0,0
1812,0,null,0,0,0
1813,0,null,0,0,0
1814,0,null,0,0,0
1815,0,null,0,0,0
1816,0,null,0,0,0
1817,0,null,0,0,0
1818,0,null,0,0,0
1819,1,primary_proton,1,1,1
1820,0,null,0,0,0
1821,0,null,0,0,0
1822,0,null,0,0,0
1823,188,e-,1,1,0
1824,0,null,0,0,0
1825,0,null,0,0,0
1826,0,null,0,0,0
1827,0,null,0,0,0
1828,0,null,0,0,0
1830,0,null,0,0,0
1831,0,null,0,0,0
1832,0,null,0,0,0
1833,0,null,0,0,0
1834,0,null,0,0,0
1835,0,null,0,0,0
1836,0,null,0,0,0
1837,0,null,0,0,0
1838,0,null,0,0,0
1839,0,null,0,0,0
1840,0,null,0,0,0
1841,0,null,0,0,0
1842,0,null,0,0,0
1843,4,secondary_proton,1,1,1
1844,0,null,0,0,0
1845,0,null,0,0,0
1846,0,null,0,0,0
1847,0,null,0,0,0
1848,0,null,0,0,0
1849,0,null,0,0,0
1850,0,null,0,0,0
1851,0,null,0,0,0
1852,0,null,0,0,0
1853,0,null,0,0,0
1854,0,null,0,0,0
1855,0,null,0,0,0
1856,0,null,0,0,0
1857,4,pi-,1,1,0
1858,0,null,0,0,0
1859,0,null,0,0,0
1860,0,null,0,0,0
1861,0,null,0,0,0
1862,0,null,0,0,0
1863,0,null,0,0,0
1864,0,null,0,0,0
1865,0,null,0,0,0
1866,0,null,0,0,0
1867,0,null,0,0,0
1868,0,null,0,0,0
1869,0,null,0,0,0
1870,0,null,0,0,0
1871,1,primary_proton,1,1,1
1872,0,null,0,0,0
1873,0,null,0,0,0
1874,0,null,0,0,0
1875,0,null,0,0,0
1876,0,null,0,0,0
1877,0,null,0,0,0
1878,0,null,0,0,0
1879,0,null,0,0,0
1880,1,primary_proton,1,1,1
1881,0,null,0,0,0
1882,0,null,0,0,0
1883,0,null,0,0,0
1884,0,null,0,0,0
1885,0,null,0,0,0
1886,0,null,0,0,0
1887,0,null,0,0,0
1888,0,null,0,0,0
1889,0,null,0,0,0
1890,0,null,0,0,0
1891,0,null,0,0,0
1892,0,null,0,0,0
1893,0,null,0,0,0
1894,0,null,0,0,0
1895,1,primary_proton,1,1,1
1896,0,null,0,0,0
1897,0,null,0,0,0
1898,0,null,0,0,0
1899,0,null,0,0,0
1900,0,null,0,0,0
1901,0,null,0,0,0
1902,0,null,0,0,0
1903,0,null,0,0,0
1904,0,null,0,0,0
1905,0,null,0,0,0
1906,0,null,0,0,0
1907,0,null,0,0,0
1908,0,null,0,0,0
1909,0,null,0,0,0
1910,0,null,0,0,0
1911,0,null,0,0,0
1912,0,null,0,0,0
1913,0,null,0,0,0
1914,0,null,0,0,0
1915,0,null,0,0,0
1916,0,null,0,0,0
1917,0,null,0,0,0
1918,0,null,0,0,0
1919,0,null,0,0,0
1920,0,null,0,0,0
1921,0,null,0,0,0
1922,0,null,0,0,0
1923,0,null,0,0,0
1924,0,null,0,0,0
1925,0,null,0,0,0
1926,0,null,0,0,0
1927,1,primary_proton,1,1,1
1928,0,null,0,0,0
1929,0,null,0,0,0
1930,13,pi-,1,1,1
1931,0,null,0,0,0
1932,1,primary_proton,1,1,1
1933,0,null,0,0,0
1934,0,null,0,0,0
1935,0,null,0,0,0
1936,0,null,0,0,0
1937,0,null,0,0,0
1938,0,null,0,0,0
1939,0,null,0,0,0
1940,0,null,0,0,0
1941,0,null,0,0,0
1942,0,null,0,0,0
1943,0,null,0,0,0
1944,0,null,0,0,0
1945,0,null,0,0,0
1946,0,null,0,0,0
1947,0,null,0,0,0
1948,0,null,0,0,0
1949,0,null,0,0,0
1950,0,null,0,0,0
1951,0,null,0,0,0
1952,0,null,0,0,0
1953,0,null,0,0,0
1954,5,secondary_proton,1,1,1
1955,0,null,0,0,0
1956,0,null,0,0,0
1957,0,null,0,0,0
1958,0,null,0,0,0
1959,0,null,0,0,0
1960,0,null,0,0,0
1961,0,null,0,0,0
1962,0,null,0,0,0
1963,0,null,0,0,0
1964,0,null,0,0,0
1965,0,null,0,0,0
1966,0,null,0,0,0
1967,0,null,0,0,0
1968,0,null,0,0,0
1969,0,null,0,0,0
1970,0,null,0,0,0
1971,0,null,0,0,0
1972,0,null,0,0,0
1973,0,null,0,0,0
1974,1,primary_proton,1,1,1
1975,0,null,0,0,0
1976,0,null,0,0,0
1977,0,null,0,0,0
1978,0,null,0,0,0
1979,0,null,0,0,0
1980,7,secondary_proton,1,1,1
1981,0,null,0,0,0
1982,0,null,0,0,0
1983,0,null,0,0,0
1984,0,null,0,0,0
1985,0,null,0,0,0
1986,0,null,0,0,0
1987,0,null,0,0,0
1988,0,null,0,0,0
1989,0,null,0,0,0
1990,0,null,0,0,0
1991,0,null,0,0,0
1992,0,null,0,0,0
1993,0,null,0,0,0
1994,0,null,0,0,0
1995,0,null,0,0,0
1996,0,null,0,0,0
1997,0,null,0,0,0
1998,0,null,0,0,0
1999,0,null,0,0,0
2000,0,null,0,0,0
2001,0,null,0,0,0
2002,0,null,0,0,0
2003,0,null,0,0,0
2004,1,primary_proton,1,1,1
2005,0,null,0,0,0
2006,0,null,0,0,0
2007,0,null,0,0,0
2008,0,null,0,0,0
2009,0,null,0,0,0
2010,0,null,0,0,0
2011,6,secondary_proton,1,1,1
2012,0,null,0,0,0
2013,0,null,0,0,0
2014,0,null,0,0,0
2015,0,null,0,0,0
2016,0,null,0,0,0
2017,0,null,0,0,0
2018,0,null,0,0,0
2019,694,e-,0,1,1
2020,0,null,0,0,0
2021,0,null,0,0,0
2022,0,null,0,0,0
2023,0,null,0,0,0
2024,0,null,0,0,0
2025,0,null,0,0,0
2026,0,null,0,0,0
2027,0,null,0,0,0
2028,0,null,0,0,0
2029,23,pi-,1,1,1
2030,0,null,0,0,0
2031,0,null,0,0,0
2032,0,null,0,0,0
2033,0,null,0,0,0
2034,0,null,0,0,0
2035,0,null,0,0,0
2036,13,secondary_proton,1,1,1
2037,0,null,0,0,0
2038,0,null,0,0,0
2039,0,null,0,0,0
2040,0,null,0,0,0
2041,0,null,0,0,0
2042,0,null,0,0,0
2043,0,null,0,0,0
2044,0,null,0,0,0
2045,0,null,0,0,0
2046,0,null,0,0,0
2047,0,null,0,0,0
2048,0,null,0,0,0
2049,0,null,0,0,0
2051,0,null,0,0,0
2052,0,null,0,0,0
2053,0,null,0,0,0
2054,0,null,0,0,0
2055,1,primary_proton,1,1,1
2056,0,null,0,0,0
2057,0,null,0,0,0
2058,0,null,0,0,0
2059,0,null,0,0,0
2060,0,null,0,0,0
2061,0,null,0,0,0
2062,0,null,0,0,0
2063,0,null,0,0,0
2064,0,null,0,0,0
2065,0,null,0,0,0
2066,0,null,0,0,0
2067,0,null,0,0,0
2068,0,null,0,0,0
2069,0,null,0,0,0
2070,0,null,0,0,0
2071,0,null,0,0,0
2072,0,null,0,0,0
2073,0,null,0,0,0
2074,0,null,0,0,0
2075,0,null,0,0,0
2076,0,null,0,0,0
2077,0,null,0,0,0
2078,0,null,0,0,0
2079,0,null,0,0,0
2080,0,null,0,0,0
2081,0,null,0,0,0
2082,0,null,0,0,0
2083,0,null,0,0,0
2084,0,null,0,0,0
2085,0,null,0,0,0
2086,0,null,0,0,0
2087,0,null,0,0,0
2088,0,null,0,0,0
2089,0,null,0,0,0
2090,0,null,0,0,0
2091,0,null,0,0,0
2092,0,null,0,0,0
2093,0,null,0,0,0
2094,0,null,0,0,0
2095,0,null,0,0,0
2096,0,null,0,0,0
2097,0,null,0,0,0
2098,0,null,0,0,0
2099,0,null,0,0,0
2100,0,null,0,0,0
2101,0,null,0,0,0
2102,0,null,0,0,0
2103,4,secondary_proton,1,1,1
2104,0,null,0,0,0
2105,0,null,0,0,0
2106,0,null,0,0,0
2107,4,kaon+,1,1,0
2108,0,null,0,0,0
2109,0,null,0,0,0
2110,0,null,0,0,0
2111,0,null,0,0,0
2112,0,null,0,0,0
2113,0,null,0,0,0
2114,0,null,0,0,0
2115,0,null,0,0,0
2116,0,null,0,0,0
2117,0,null,0,0,0
2118,0,null,0,0,0
2119,0,null,0,0,0
2120,0,null,0,0,0
2121,0,null,0,0,0
2122,0,null,0,0,0
2123,0,null,0,0,0
2124,0,null,0,0,0
2125,0,null,0,0,0
2126,0,null,0,0,0
2127,0,null,0,0,0
2128,0,null,0,0,0
2129,0,null,0,0,0
2130,0,null,0,0,0
2131,0,null,0,0,0
2132,0,null,0,0,0
2133,0,null,0,0,0
2134,0,null,0,0,0
2135,0,null,0,0,0
2136,1,primary_proton,1,1,1
2137,0,null,0,0,0
2138,0,null,0,0,0
2139,0,null,0,0,0
2140,0,null,0,0,0
2141,0,null,0,0,0
2142,0,null,0,0,0
2143,0,null,0,0,0
2144,0,null,0,0,0
2145,0,null,0,0,0
2146,0,null,0,0,0
2147,0,null,0,0,0
2148,5,pi-,1,1,1
2149,0,null,0,0,0
2150,0,null,0,0,0
2151,0,null,0,0,0
2152,0,null,0,0,0
2153,1,primary_proton,1,1,1
2154,0,null,0,0,0
2155,0,null,0,0,0
2156,0,null,0,0,0
2157,0,null,0,0,0
2158,0,null,0,0,0
2159,0,null,0,0,0
2160,0,null,0,0,0
2161,0,null,0,0,0
2162,0,null,0,0,0
2163,0,null,0,0,0
2164,0,null,0,0,0
2165,221,pi+,1,1,1
2166,0,null,0,0,0
2167,1,primary_proton,1,1,1
2168,0,null,0,0,0
2169,0,null,0,0,0
2170,0,null,0,0,0
2171,0,null,0,0,0
2172,0,null,0,0,0
2173,0,null,0,0,0
2174,4,secondary_proton,1,0,0
2175,0,null,0,0,0
2176,0,null,0,0,0
2177,0,null,0,0,0
2178,0,null,0,0,0
2179,0,null,0,0,0
2180,0,null,0,0,0
2181,0,null,0,0,0
2182,0,null,0,0,0
2183,0,null,0,0,0
2184,0,null,0,0,0
2185,0,null,0,0,0
2186,0,null,0,0,0
2187,1,primary_proton,1,1,1
2188,0,null,0,0,0
2189,0,null,0,0,0
2190,0,null,0,0,0
2191,0,null,0,0,0
2192,0,null,0,0,0
2193,0,null,0,0,0
2194,0,null,0,0,0
2195,0,null,0,0,0
2196,0,null,0,0,0
2197,0,null,0,0,0
2198,1,primary_proton,1,1,1
2199,0,null,0,0,0
2200,1,primary_proton,1,1,1
2201,0,null,0,0,0
2202,0,null,0,0,0
2203,0,null,0,0,0
2204,0,null,0,0,0
2205,0,null,0,0,0
2206,0,null,0,0,0
2207,0,null,0,0,0
2208,0,null,0,0,0
2209,0,null,0,0,0
2210,0,null,0,0,0
2211,0,null,0,0,0
2212,0,null,0,0,0
2213,0,null,0,0,0
2214,0,null,0,0,0
2215,0,null,0,0,0
2216,0,null,0,0,0
2217,0,null,0,0,0
2218,0,null,0,0,0
2219,0,null,0,0,0
2220,8,pi-,1,1,1
2221,0,null,0,0,0
2222,0,null,0,0,0
2223,0,null,0,0,0
2224,0,null,0,0,0
2225,0,null,0,0,0
2226,0,null,0,0,0
2227,0,null,0,0,0
2228,0,null,0,0,0
2229,0,null,0,0,0
2230,0,null,0,0,0
2231,0,null,0,0,0
2232,0,null,0,0,0
2233,0,null,0,0,0
2234,0,null,0,0,0
2235,0,null,0,0,0
2236,1,primary_proton,1,1,1
2237,0,null,0,0,0
2238,0,null,0,0,0
2239,0,null,0,0,0
2240,0,null,0,0,0
2241,0,null,0,0,0
2242,0,null,0,0,0
2243,0,null,0,0,0
2244,0,null,0,0,0
2245,0,null,0,0,0
2246,0,null,0,0,0
2247,0,null,0,0,0
2248,0,null,0,0,0
2249,0,null,0,0,0
2250,0,null,0,0,0
2251,0,null,0,0,0
2252,0,null,0,0,0
2253,0,null,0,0,0
2254,0,null,0,0,0
2255,0,null,0,0,0
2256,0,null,0,0,0
2257,0,null,0,0,0
2258,0,null,0,0,0
2259,0,null,0,0,0
2260,0,null,0,0,0
2261,0,null,0,0,0
2262,0,null,0,0,0
2263,0,null,0,0,0
2264,0,null,0,0,0
2265,0,null,0,0,0
2266,0,null,0,0,0
2267,0,null,0,0,0
2268,0,null,0,0,0
2269,0,null,0,0,0
2270,0,null,0,0,0
2272,0,null,0,0,0
2273,0,null,0,0,0
2274,0,null,0,0,0
2275,0,null,0,0,0
2276,0,null,0,0,0
2277,0,null,0,0,0
2278,0,null,0,0,0
2279,0,null,0,0,0
2280,0,null,0,0,0
2281,0,null,0,0,0
2282,0,null,0,0,0
2283,0,null,0,0,0
2284,0,null,0,0,0
2285,0,null,0,0,0
2286,0,null,0,0,0
2287,0,null,0,0,0
2288,0,null,0,0,0
2289,0,null,0,0,0
2290,0,null,0,0,0
2291,0,null,0,0,0
2292,0,null,0,0,0
2293,0,null,0,0,0
2294,0,null,0,0,0
2295,0,null,0,0,0
2296,0,null,0,0,0
2297,33,secondary_proton,1,1,1
2298,0,null,0,0,0
2299,771,e-,1,0,0
2300,0,null,0,0,0
2301,0,null,0,0,0
2302,0,null,0,0,0
2303,0,null,0,0,0
2304,0,null,0,0,0
2305,0,null,0,0,0
2306,0,null,0,0,0
2307,0,null,0,0,0
2308,0,null,0,0,0
2309,561,e-,1,0,0
2310,0,null,0,0,0
2311,0,null,0,0,0
2312,0,null,0,0,0
2313,0,null,0,0,0
2314,0,null,0,0,0
2315,0,null,0,0,0
2316,0,null,0,0,0
2317,0,null,0,0,0
2318,0,null,0,0,0
2319,0,null,0,0,0
2320,0,null,0,0,0
2321,0,null,0,0,0
2322,0,null,0,0,0
2323,0,null,0,0,0
2324,0,null,0,0,0
2325,0,null,0,0,0
2326,0,null,0,0,0
2327,0,null,0,0,0
2328,0,null,0,0,0
2329,0,null,0,0,0
2330,0,null,0,0,0
2331,0,null,0,0,0
2332,0,null,0,0,0
2333,17,secondary_proton,1,0,0
2334,0,null,0,0,0
2335,0,null,0,0,0
2336,0,null,0,0,0
2337,0,null,0,0,0
2338,0,null,0,0,0
2339,0,null,0,0,0
2340,0,null,0,0,0
2341,0,null,0,0,0
2342,0,null,0,0,0
2343,0,null,0,0,0
2344,0,null,0,0,0
2345,0,null,0,0,0
2346,0,null,0,0,0
2347,0,null,0,0,0
2348,0,null,0,0,0
2349,0,null,0,0,0
2350,0,null,0,0,0
2351,0,null,0,0,0
2352,0,null,0,0,0
2353,0,null,0,0,0
2354,0,null,0,0,0
2355,0,null,0,0,0
2356,5,secondary_proton,1,1,0
2357,0,null,0,0,0
2358,0,null,0,0,0
2359,0,null,0,0,0
2360,0,null,0,0,0
2361,1,primary_proton,1,1,1
2362,0,null,0,0,0
2363,0,null,0,0,0
2364,0,null,0,0,0
2365,0,null,0,0,0
2366,25,pi-,1,1,1
2367,0,null,0,0,0
2368,0,null,0,0,0
2369,0,null,0,0,0
2370,0,null,0,0,0
2371,0,null,0,0,0
2372,0,null,0,0,0
2373,0,null,0,0,0
2374,0,null,0,0,0
2375,0,null,0,0,0
2376,0,null,0,0,0
2377,0,null,0,0,0
2378,0,null,0,0,0
2379,0,null,0,0,0
2380,0,null,0,0,0
2381,0,null,0,0,0
2382,0,null,0,0,0
2383,0,null,0,0,0
2384,0,null,0,0,0
2385,0,null,0,0,0
2386,0,null,0,0,0
2387,0,null,0,0,0
2388,0,null,0,0,0
2389,0,null,0,0,0
2390,0,null,0,0,0
2391,0,null,0,0,0
2392,0,null,0,0,0
2393,6,secondary_proton,1,1,1
2394,12,pi-,1,0,0
2395,0,null,0,0,0
2396,0,null,0,0,0
2397,313,secondary_proton,1,1,1
2398,0,null,0,0,0
2399,0,null,0,0,0
2400,0,null,0,0,0
2401,0,null,0,0,0
2402,0,null,0,0,0
2403,0,null,0,0,0
2404,0,null,0,0,0
2405,1,primary_proton,1,1,1
2406,0,null,0,0,0
2407,0,null,0,0,0
2408,0,null,0,0,0
2409,0,null,0,0,0
2410,0,null,0,0,0
2411,0,null,0,0,0
2412,0,null,0,0,0
2413,0,null,0,0,0
2414,0,null,0,0,0
2415,0,null,0,0,0
2416,0,null,0,0,0
2417,0,null,0,0,0
2418,0,null,0,0,0
2419,0,null,0,0,0
2420,0,null,0,0,0
2421,0,null,0,0,0
2422,0,null,0,0,0
2423,0,null,0,0,0
2424,0,null,0,0,0
2425,0,null,0,0,0
2426,0,null,0,0,0
2427,0,null,0,0,0
2428,0,null,0,0,0
2429,0,null,0,0,0
2430,0,null,0,0,0
2431,0,null,0,0,0
2432,2,secondary_proton,1,0,0
2433,0,null,0,0,0
2434,0,null,0,0,0
2435,1,primary_proton,1,1,1
2436,0,null,0,0,0
2437,0,null,0,0,0
2438,0,null,0,0,0
2439,0,null,0,0,0
2440,0,null,0,0,0
2441,0,null,0,0,0
2442,0,null,0,0,0
2443,0,null,0,0,0
2444,0,null,0,0,0
2445,0,null,0,0,0
2446,0,null,0,0,0
2447,0,null,0,0,0
2448,0,null,0,0,0
2449,0,null,0,0,0
2450,0,null,0,0,0
2451,0,null,0,0,0
2452,0,null,0,0,0
2453,1,primary_proton,1,1,1
2454,9,secondary_proton,1,1,1
2455,1,primary_proton,1,1,1
2456,0,null,0,0,0
2457,0,null,0,0,0
2458,1,primary_proton,1,1,1
2459,1,primary_proton,1,1,1
2460,0,null,0,0,0
2461,0,null,0,0,0
2462,0,null,0,0,0
2463,0,null,0,0,0
2464,0,null,0,0,0
2465,0,null,0,0,0
2466,0,null,0,0,0
2467,0,null,0,0,0
2468,0,null,0,0,0
2469,0,null,0,0,0
2470,0,null,0,0,0
2471,0,null,0,0,0
2472,0,null,0,0,0
2473,0,null,0,0,0
2474,0,null,0,0,0
2475,0,null,0,0,0
2476,0,null,0,0,0
2477,0,null,0,0,0
2478,0,null,0,0,0
2479,0,null,0,0,0
2480,0,null,0,0,0
2481,0,null,0,0,0
2482,0,null,0,0,0
2483,0,null,0,0,0
2484,0,null,0,0,0
2485,0,null,0,0,0
2486,0,null,0,0,0
2487,0,null,0,0,0
2488,0,null,0,0,0
2489,1,primary_proton,1,1,1
2491,0,null,0,0,0
2492,0,null,0,0,0
2493,0,null,0,0,0
2494,0,null,0,0,0
2495,0,null,0,0,0
2496,0,null,0,0,0
2497,0,null,0,0,0
2498,0,null,0,0,0
2499,0,null,0,0,0
2500,11,pi-,1,1,1
2501,0,null,0,0,0
2502,0,null,0,0,0
2503,0,null,0,0,0
2504,0,null,0,0,0
2505,0,null,0,0,0
2506,0,null,0,0,0
2507,0,null,0,0,0
2508,0,null,0,0,0
2509,0,null,0,0,0
2510,0,null,0,0,0
2511,0,null,0,0,0
2512,0,null,0,0,0
2513,0,null,0,0,0
2514,0,null,0,0,0
2515,0,null,0,0,0
2516,0,null,0,0,0
2517,0,null,0,0,0
2518,0,null,0,0,0
2519,0,null,0,0,0
2520,15,pi+,1,1,0
2521,0,null,0,0,0
2522,0,null,0,0,0
2523,0,null,0,0,0
2524,0,null,0,0,0
2525,0,null,0,0,0
2526,0,null,0,0,0
2527,0,null,0,0,0
2528,0,null,0,0,0
2529,0,null,0,0,0
2530,0,null,0,0,0
2531,0,null,0,0,0
2532,0,null,0,0,0
2533,0,null,0,0,0
2534,0,null,0,0,0
2535,0,null,0,0,0
2536,0,null,0,0,0
2537,0,null,0,0,0
2538,0,null,0,0,0
2539,1,primary_proton,1,1,1
2540,0,null,0,0,0
2541,0,null,0,0,0
2542,0,null,0,0,0
2543,0,null,0,0,0
2544,0,null,0,0,0
2545,0,null,0,0,0
2546,0,null,0,0,0
2547,0,null,0,0,0
2548,0,null,0,0,0
2549,0,null,0,0,0
2550,1,primary_proton,1,1,1
2551,0,null,0,0,0
2552,0,null,0,0,0
2553,0,null,0,0,0
2554,0,null,0,0,0
2555,0,null,0,0,0
2556,0,null,0,0,0
2557,0,null,0,0,0
2558,6,pi+,1,0,0
2559,1629,secondary_proton,1,0,0
2560,0,null,0,0,0
2561,0,null,0,0,0
2562,0,null,0,0,0
2563,0,null,0,0,0
2564,0,null,0,0,0
2565,0,null,0,0,0
2566,0,null,0,0,0
2567,1136,e-,1,1,1
2568,0,null,0,0,0
2569,0,null,0,0,0
2570,0,null,0,0,0
2571,0,null,0,0,0
2572,0,null,0,0,0
2573,0,null,0,0,0
2574,0,null,0,0,0
2575,0,null,0,0,0
2576,0,null,0,0,0
2577,0,null,0,0,0
2578,0,null,0,0,0
2579,0,null,0,0,0
2580,0,null,0,0,0
2581,0,null,0,0,0
2582,0,null,0,0,0
2583,0,null,0,0,0
2584,0,null,0,0,0
2585,0,null,0,0,0
2586,1322,secondary_proton,1,1,1
2587,0,null,0,0,0
2588,0,null,0,0,0
2589,0,null,0,0,0
2590,0,null,0,0,0
2591,0,null,0,0,0
2592,0,null,0,0,0
2593,0,null,0,0,0
2594,0,null,0,0,0
2595,0,null,0,0,0
2596,0,null,0,0,0
2597,0,null,0,0,0
2598,0,null,0,0,0
2599,0,null,0,0,0
2600,0,null,0,0,0
2601,0,null,0,0,0
2602,0,null,0,0,0
2603,1,primary_proton,1,1,1
2604,0,null,0,0,0
2605,0,null,0,0,0
2606,0,null,0,0,0
2607,0,null,0,0,0
2608,0,null,0,0,0
2609,0,null,0,0,0
2610,0,null,0,0,0
2611,15,secondary_proton,1,1,1
2612,0,null,0,0,0
2613,0,null,0,0,0
2614,0,null,0,0,0
2615,0,null,0,0,0
2616,0,null,0,0,0
2617,0,null,0,0,0
2618,0,null,0,0,0
2619,0,null,0,0,0
2620,0,null,0,0,0
2621,0,null,0,0,0
2622,0,null,0,0,0
2623,0,null,0,0,0
2624,0,null,0,0,0
2625,0,null,0,0,0
2626,0,null,0,0,0
2627,0,null,0,0,0
2628,0,null,0,0,0
2629,0,null,0,0,0
2630,0,null,0,0,0
2631,0,null,0,0,0
2632,0,null,0,0,0
2633,0,null,0,0,0
2634,0,null,0,0,0
2635,0,null,0,0,0
2636,0,null,0,0,0
2637,0,null,0,0,0
2638,0,null,0,0,0
2639,0,null,0,0,0
2640,0,null,0,0,0
2641,0,null,0,0,0
2642,0,null,0,0,0
2643,0,null,0,0,0
2644,0,null,0,0,0
2645,0,null,0,0,0
2646,0,null,0,0,0
2647,0,null,0,0,0
2648,0,null,0,0,0
2649,1,primary_proton,1,1,1
2650,0,null,0,0,0
2651,0,null,0,0,0
2652,1,primary_proton,1,1,1
2653,0,null,0,0,0
2654,0,null,0,0,0
2655,6,pi+,1,0,0
2656,0,null,0,0,0
2657,0,null,0,0,0
2658,0,null,0,0,0
2659,0,null,0,0,0
2660,0,null,0,0,0
2661,0,null,0,0,0
2662,0,null,0,0,0
2663,0,null,0,0,0
2664,5502,e-,1,0,0
2665,0,null,0,0,0
2666,0,null,0,0,0
2667,0,null,0,0,0
2668,0,null,0,0,0
2669,0,null,0,0,0
2670,0,null,0,0,0
2671,0,null,0,0,0
2672,4675,e-,1,1,0
2673,1,primary_proton,1,1,1
2674,0,null,0,0,0
2675,0,null,0,0,0
2676,0,null,0,0,0
2677,0,null,0,0,0
2678,0,null,0,0,0
2679,0,null,0,0,0
2680,0,null,0,0,0
2681,0,null,0,0,0
2682,0,null,0,0,0
2683,0,null,0,0,0
2684,0,null,0,0,0
2685,0,null,0,0,0
2686,0,null,0,0,0
2687,0,null,0,0,0
2688,0,null,0,0,0
2689,0,null,0,0,0
2690,0,null,0,0,0
2691,0,null,0,0,0
2692,0,null,0,0,0
2693,0,null,0,0,0
2694,0,null,0,0,0
2695,0,null,0,0,0
2696,0,null,0,0,0
2697,0,null,0,0,0
2698,0,null,0,0,0
2699,0,null,0,0,0
2700,0,null,0,0,0
2701,0,null,0,0,0
2702,0,null,0,0,0
2703,0,null,0,0,0
2704,0,null,0,0,0
2705,10,secondary_proton,1,1,1
2706,0,null,0,0,0
2707,0,null,0,0,0
2708,0,null,0,0,0
2709,0,null,0,0,0
2710,0,null,0,0,0
2712,0,null,0,0,0
2713,1,primary_proton,1,1,1
2714,0,null,0,0,0
2715,0,null,0,0,0
2716,0,null,0,0,0
2717,0,null,0,0,0
2718,1,primary_proton,1,1,1
2719,0,null,0,0,0
2720,1,primary_proton,1,1,1
2721,0,null,0,0,0
2722,0,null,0,0,0
2723,0,null,0,0,0
2724,0,null,0,0,0
2725,0,null,0,0,0
2726,0,null,0,0,0
2727,0,null,0,0,0
2728,1,primary_proton,1,1,1
2729,0,null,0,0,0
2730,0,null,0,0,0
2731,0,null,0,0,0
2732,0,null,0,0,0
2733,0,null,0,0,0
2734,0,null,0,0,0
2735,0,null,0,0,0
2736,0,null,0,0,0
2737,0,null,0,0,0
2738,0,null,0,0,0
2739,0,null,0,0,0
2740,0,null,0,0,0
2741,0,null,0,0,0
2742,0,null,0,0,0
2743,0,null,0,0,0
2744,0,null,0,0,0
2745,0,null,0,0,0
2746,0,null,0,0,0
2747,0,null,0,0,0
2748,0,null,0,0,0
2749,0,null,0,0,0
2750,0,null,0,0,0
2751,0,null,0,0,0
2752,0,null,0,0,0
2753,0,null,0,0,0
2754,0,null,0,0,0
2755,0,null,0,0,0
2756,0,null,0,0,0
2757,1,primary_proton,1,1,1
2758,0,null,0,0,0
2759,0,null,0,0,0
2760,0,null,0,0,0
2761,0,null,0,0,0
2762,0,null,0,0,0
2763,0,null,0,0,0
2764,0,null,0,0,0
2765,7,pi+,1,1,1
2766,1,primary_proton,1,1,1
2767,0,null,0,0,0
2768,7,secondary_proton,1,1,1
2769,0,null,0,0,0
2770,0,null,0,0,0
2771,0,null,0,0,0
2772,0,null,0,0,0
2773,0,null,0,0,0
2774,0,null,0,0,0
2775,0,null,0,0,0
2776,0,null,0,0,0
2777,0,null,0,0,0
2778,0,null,0,0,0
2779,7,pi-,1,0,0
2780,0,null,0,0,0
2781,0,null,0,0,0
2782,0,null,0,0,0
2783,0,null,0,0,0
2784,0,null,0,0,0
2785,0,null,0,0,0
2786,0,null,0,0,0
2787,0,null,0,0,0
2788,0,null,0,0,0
2789,0,null,0,0,0
2790,0,null,0,0,0
2791,0,null,0,0,0
2792,0,null,0,0,0
2793,0,null,0,0,0
2794,0,null,0,0,0
2795,0,null,0,0,0
2796,0,null,0,0,0
2797,0,null,0,0,0
2798,0,null,0,0,0
2799,0,null,0,0,0
2800,0,null,0,0,0
2801,0,null,0,0,0
2802,0,null,0,0,0
2803,0,null,0,0,0
2804,0,null,0,0,0
2805,0,null,0,0,0
2806,0,null,0,0,0
2807,0,null,0,0,0
2808,0,null,0,0,0
2809,0,null,0,0,0
2810,0,null,0,0,0
2811,0,null,0,0,0
2812,0,null,0,0,0
2813,0,null,0,0,0
2814,0,null,0,0,0
2815,0,null,0,0,0
2816,0,null,0,0,0
2817,1,primary_proton,1,1,1
2818,0,null,0,0,0
2819,0,null,0,0,0
2820,0,null,0,0,0
2821,0,null,0,0,0
2822,0,null,0,0,0
2823,0,null,0,0,0
2824,0,null,0,0,0
2825,0,null,0,0,0
2826,0,null,0,0,0
2827,0,null,0,0,0
2828,0,null,0,0,0
2829,0,null,0,0,0
2830,0,null,0,0,0
2831,0,null,0,0,0
2832,0,null,0,0,0
2833,0,null,0,0,0
2834,0,null,0,0,0
2835,0,null,0,0,0
2836,0,null,0,0,0
2837,0,null,0,0,0
2838,0,null,0,0,0
2839,0,null,0,0,0
2840,0,null,0,0,0
2841,0,null,0,0,0
2842,0,null,0,0,0
2843,0,null,0,0,0
2844,1426,e-,1,1,0
2845,0,null,0,0,0
2846,0,null,0,0,0
2847,0,null,0,0,0
2848,0,null,0,0,0
2849,0,null,0,0,0
2850,0,null,0,0,0
2851,21,pi-,1,0,0
2852,0,null,0,0,0
2853,0,null,0,0,0
2854,0,null,0,0,0
2855,0,null,0,0,0
2856,0,null,0,0,0
2857,0,null,0,0,0
2858,1,primary_proton,1,1,1
2859,0,null,0,0,0
2860,0,null,0,0,0
2861,0,null,0,0,0
2862,64,secondary_proton,1,1,1
2863,0,null,0,0,0
2864,0,null,0,0,0
2865,0,null,0,0,0
2866,0,null,0,0,0
2867,0,null,0,0,0
2868,0,null,0,0,0
2869,0,null,0,0,0
2870,0,null,0,0,0
2871,0,null,0,0,0
2872,0,null,0,0,0
2873,0,null,0,0,0
2874,0,null,0,0,0
2875,0,null,0,0,0
2876,20,secondary_proton,1,0,0
2877,0,null,0,0,0
2878,0,null,0,0,0
2879,0,null,0,0,0
2880,0,null,0,0,0
2881,0,null,0,0,0
2882,0,null,0,0,0
2883,0,null,0,0,0
2884,0,null,0,0,0
2885,0,null,0,0,0
2886,0,null,0,0,0
2887,0,null,0,0,0
2888,0,null,0,0,0
2889,0,null,0,0,0
2890,0,null,0,0,0
2891,0,null,0,0,0
2892,0,null,0,0,0
2893,0,null,0,0,0
2894,0,null,0,0,0
2895,0,null,0,0,0
2896,0,null,0,0,0
2897,0,null,0,0,0
2898,0,null,0,0,0
2899,0,null,0,0,0
2900,0,null,0,0,0
2901,0,null,0,0,0
2902,0,null,0,0,0
2903,0,null,0,0,0
2904,0,null,0,0,0
2905,0,null,0,0,0
2906,0,null,0,0,0
2907,0,null,0,0,0
2908,0,null,0,0,0
2909,0,null,0,0,0
2910,0,null,0,0,0
2911,0,null,0,0,0
2912,0,null,0,0,0
2913,0,null,0,0,0
2914,0,null,0,0,0
2915,0,null,0,0,0
2916,0,null,0,0,0
2917,0,null,0,0,0
2918,0,null,0,0,0
2919,1,primary_proton,1,1,1
2920,0,null,0,0,0
2921,0,null,0,0,0
2922,0,null,0,0,0
2923,0,null,0,0,0
2924,0,null,0,0,0
2925,0,null,0,0,0
2926,0,null,0,0,0
2927,0,null,0,0,0
2928,0,null,0,0,0
2929,0,null,0,0,0
2930,0,null,0,0,0
2932,0,null,0,0,0
2933,0,null,0,0,0
2934,0,null,0,0,0
2935,0,null,0,0,0
2936,0,null,0,0,0
2937,0,null,0,0,0
2938,0,null,0,0,0
2939,0,null,0,0,0
2940,0,null,0,0,0
2941,0,null,0,0,0
2942,0,null,0,0,0
2943,0,null,0,0,0
2944,0,null,0,0,0
2945,0,null,0,0,0
2946,0,null,0,0,0
2947,9,pi+,1,1,1
2948,0,null,0,0,0
2949,0,null,0,0,0
2950,491,e-,1,1,1
2951,1,primary_proton,1,1,1
2952,0,null,0,0,0
2953,0,null,0,0,0
2954,0,null,0,0,0
2955,0,null,0,0,0
2956,0,null,0,0,0
2957,0,null,0,0,0
2958,0,null,0,0,0
2959,0,null,0,0,0
2960,0,null,0,0,0
2961,0,null,0,0,0
2962,1,primary_proton,1,1,1
2963,0,null,0,0,0
2964,0,null,0,0,0
2965,0,null,0,0,0
2966,0,null,0,0,0
2967,0,null,0,0,0
2968,0,null,0,0,0
2969,0,null,0,0,0
2970,0,null,0,0,0
2971,0,null,0,0,0
2972,0,null,0,0,0
2973,0,null,0,0,0
2974,1,primary_proton,1,1,1
2975,0,null,0,0,0
2976,8,pi-,1,0,0
2977,0,null,0,0,0
2978,0,null,0,0,0
2979,0,null,0,0,0
2980,0,null,0,0,0
2981,0,null,0,0,0
2982,0,null,0,0,0
2983,0,null,0,0,0
2984,0,null,0,0,0
2985,0,null,0,0,0
2986,0,null,0,0,0
2987,0,null,0,0,0
2988,0,null,0,0,0
2989,0,null,0,0,0
2990,0,null,0,0,0
2991,0,null,0,0,0
2992,0,null,0,0,0
2993,0,null,0,0,0
2994,0,null,0,0,0
2995,0,null,0,0,0
2996,0,null,0,0,0
2997,0,null,0,0,0
2998,0,null,0,0,0
2999,0,null,0,0,0
3000,0,null,0,0,0
3001,0,null,0,0,0
3002,0,null,0,0,0
3003,0,null,0,0,0
3004,0,null,0,0,0
3005,0,null,0,0,0
3006,0,null,0,0,0
3007,0,null,0,0,0
3008,0,null,0,0,0
3009,0,null,0,0,0
3010,0,null,0,0,0
3011,0,null,0,0,0
3012,1,primary_proton,1,1,1
3013,0,null,0,0,0
3014,0,null,0,0,0
3015,0,null,0,0,0
3016,0,null,0,0,0
3017,0,null,0,0,0
3018,0,null,0,0,0
3019,0,null,0,0,0
3020,0,null,0,0,0
3021,1,primary_proton,1,1,1
3022,0,null,0,0,0
3023,0,null,0,0,0
3024,0,null,0,0,0
3025,0,null,0,0,0
3026,0,null,0,0,0
3027,0,null,0,0,0
3028,0,null,0,0,0
3029,0,null,0,0,0
3030,0,null,0,0,0
3031,0,null,0,0,0
3032,0,null,0,0,0
3033,0,null,0,0,0
3034,0,null,0,0,0
3035,0,null,0,0,0
3036,0,null,0,0,0
3037,0,null,0,0,0
3038,0,null,0,0,0
3039,0,null,0,0,0
3040,0,null,0,0,0
3041,0,null,0,0,0
3042,0,null,0,0,0
3043,0,null,0,0,0
3044,0,null,0,0,0
3045,0,null,0,0,0
3046,0,null,0,0,0
3047,0,null,0,0,0
3048,0,null,0,0,0
3049,0,null,0,0,0
3050,0,null,0,0,0
3051,0,null,0,0,0
3052,0,null,0,0,0
3053,0,null,0,0,0
3054,0,null,0,0,0
3055,0,null,0,0,0
3056,0,null,0,0,0
3057,0,null,0,0,0
3058,0,null,0,0,0
3059,0,null,0,0,0
3060,0,null,0,0,0
3061,0,null,0,0,0
3062,0,null,0,0,0
3063,0,null,0,0,0
3064,0,null,0,0,0
3065,0,null,0,0,0
3066,0,null,0,0,0
3067,0,null,0,0,0
3068,0,null,0,0,0
3069,0,null,0,0,0
3070,0,null,0,0,0
3071,0,null,0,0,0
3072,0,null,0,0,0
3073,0,null,0,0,0
3074,0,null,0,0,0
3075,0,null,0,0,0
3076,0,null,0,0,0
3077,0,null,0,0,0
3078,0,null,0,0,0
3079,0,null,0,0,0
3080,0,null,0,0,0
3081,0,null,0,0,0
3082,0,null,0,0,0
3083,0,null,0,0,0
3084,0,null,0,0,0
3085,0,null,0,0,0
3086,0,null,0,0,0
3087,0,null,0,0,0
3088,0,null,0,0,0
3089,0,null,0,0,0
3090,0,null,0,0,0
3091,6,secondary_proton,1,1,1
3092,0,null,0,0,0
3093,0,null,0,0,0
3094,0,null,0,0,0
3095,0,null,0,0,0
3096,0,null,0,0,0
3097,0,null,0,0,0
3098,0,null,0,0,0
3099,0,null,0,0,0
3100,0,null,0,0,0
3101,0,null,0,0,0
3102,0,null,0,0,0
3103,0,null,0,0,0
3104,0,null,0,0,0
3105,0,null,0,0,0
3106,0,null,0,0,0
3107,0,null,0,0,0
3108,0,null,0,0,0
3109,0,null,0,0,0
3110,0,null,0,0,0
3111,0,null,0,0,0
3112,0,null,0,0,0
3113,0,null,0,0,0
3114,0,null,0,0,0
3115,0,null,0,0,0
3116,0,null,0,0,0
3117,1,primary_proton,1,1,1
3118,0,null,0,0,0
3119,0,null,0,0,0
3120,0,null,0,0,0
3121,0,null,0,0,0
3122,0,null,0,0,0
3123,0,null,0,0,0
3124,0,null,0,0,0
3125,0,null,0,0,0
3126,0,null,0,0,0
3127,0,null,0,0,0
3128,0,null,0,0,0
3129,0,null,0,0,0
3130,0,null,0,0,0
3131,0,null,0,0,0
3132,0,null,0,0,0
3133,0,null,0,0,0
3134,0,null,0,0,0
3135,21,pi-,1,0,0
3136,0,null,0,0,0
3137,0,null,0,0,0
3138,0,null,0,0,0
3139,0,null,0,0,0
3140,0,null,0,0,0
3141,0,null,0,0,0
3142,0,null,0,0,0
3143,0,null,0,0,0
3144,0,null,0,0,0
3145,0,null,0,0,0
3146,0,null,0,0,0
3147,0,null,0,0,0
3148,0,null,0,0,0
3149,0,null,0,0,0
3150,0,null,0,0,0
3151,0,null,0,0,0
3152,0,null,0,0,0
3153,0,null,0,0,0
3154,0,null,0,0,0
3156,0,null,0,0,0
3157,0,null,0,0,0
3158,0,null,0,0,0
3159,0,null,0,0,0
3160,0,null,0,0,0
3161,0,null,0,0,0
3162,1,primary_proton,1,1,1
3163,0,null,0,0,0
3164,0,null,0,0,0
3165,0,null,0,0,0
3166,1,primary_proton,1,1,1
3167,0,null,0,0,0
3168,0,null,0,0,0
3169,0,null,0,0,0
3170,0,null,0,0,0
3171,1,primary_proton,1,1,1
3172,0,null,0,0,0
3173,0,null,0,0,0
3174,0,null,0,0,0
3175,0,null,0,0,0
3176,0,null,0,0,0
3177,0,null,0,0,0
3178,0,null,0,0,0
3179,0,null,0,0,0
3180,0,null,0,0,0
3181,0,null,0,0,0
3182,0,null,0,0,0
3183,0,null,0,0,0
3184,0,null,0,0,0
3185,0,null,0,0,0
3186,0,null,0,0,0
3187,0,null,0,0,0
3188,0,null,0,0,0
3189,0,null,0,0,0
3190,0,null,0,0,0
3191,0,null,0,0,0
3192,0,null,0,0,0
3193,0,null,0,0,0
3194,0,null,0,0,0
3195,0,null,0,0,0
3196,0,null,0,0,0
3197,0,null,0,0,0
3198,0,null,0,0,0
3199,1,primary_proton,1,1,1
3200,0,null,0,0,0
3201,0,null,0,0,0
3202,0,null,0,0,0
3203,0,null,0,0,0
3204,11,pi+,1,1,1
3205,0,null,0,0,0
3206,0,null,0,0,0
3207,0,null,0,0,0
3208,0,null,0,0,0
3209,0,null,0,0,0
3210,0,null,0,0,0
3211,0,null,0,0,0
3212,0,null,0,0,0
3213,0,null,0,0,0
3214,1856,pi-,1,1,1
3215,0,null,0,0,0
3216,0,null,0,0,0
3217,0,null,0,0,0
3218,0,null,0,0,0
3219,0,null,0,0,0
3220,0,null,0,0,0
3221,0,null,0,0,0
3222,0,null,0,0,0
3223,0,null,0,0,0
3224,0,null,0,0,0
3225,0,null,0,0,0
3226,0,null,0,0,0
3227,0,null,0,0,0
3228,0,null,0,0,0
3229,0,null,0,0,0
3230,0,null,0,0,0
3231,0,null,0,0,0
3232,0,null,0,0,0
3233,0,null,0,0,0
3234,0,null,0,0,0
3235,0,null,0,0,0
3236,0,null,0,0,0
3237,0,null,0,0,0
3238,0,null,0,0,0
3239,0,null,0,0,0
3240,0,null,0,0,0
3241,0,null,0,0,0
3242,0,null,0,0,0
3243,0,null,0,0,0
3244,0,null,0,0,0
3245,5,pi-,1,0,0
3246,0,null,0,0,0
3247,0,null,0,0,0
3248,0,null,0,0,0
3249,0,null,0,0,0
3250,0,null,0,0,0
3251,0,null,0,0,0
3252,0,null,0,0,0
3253,0,null,0,0,0
3254,0,null,0,0,0
3255,0,null,0,0,0
3256,0,null,0,0,0
3257,0,null,0,0,0
3258,0,null,0,0,0
3259,0,null,0,0,0
3260,0,null,0,0,0
3261,0,null,0,0,0
3262,0,null,0,0,0
3263,0,null,0,0,0
3264,0,null,0,0,0
3265,0,null,0,0,0
3266,0,null,0,0,0
3267,0,null,0,0,0
3268,0,null,0,0,0
3269,0,null,0,0,0
3270,0,null,0,0,0
3271,0,null,0,0,0
3272,0,null,0,0,0
3273,0,null,0,0,0
3274,0,null,0,0,0
3275,0,null,0,0,0
3276,0,null,0,0,0
3277,0,null,0,0,0
3278,0,null,0,0,0
3279,0,null,0,0,0
3280,0,null,0,0,0
3281,0,null,0,0,0
3282,0,null,0,0,0
3283,0,null,0,0,0
3284,0,null,0,0,0
3285,0,null,0,0,0
3286,0,null,0,0,0
3287,0,null,0,0,0
3288,0,null,0,0,0
3289,0,null,0,0,0
3290,0,null,0,0,0
3291,0,null,0,0,0
3292,0,null,0,0,0
3293,8,pi+,1,1,1
3294,0,null,0,0,0
3295,12,pi+,1,1,1
3296,0,null,0,0,0
3297,0,null,0,0,0
3298,0,null,0,0,0
3299,0,null,0,0,0
3300,0,null,0,0,0
3301,6,pi+,1,1,1
3302,1889,e-,1,1,0
3303,0,null,0,0,0
3304,19,pi+,1,0,1
3305,0,null,0,0,0
3306,0,null,0,0,0
3307,0,null,0,0,0
3308,0,null,0,0,0
3309,0,null,0,0,0
3310,0,null,0,0,0
3311,0,null,0,0,0
3312,1,primary_proton,1,1,1
3313,0,null,0,0,0
3314,0,null,0,0,0
3315,0,null,0,0,0
3316,1285,secondary_proton,1,1,1
3317,1,primary_proton,1,1,1
3318,0,null,0,0,0
3319,0,null,0,0,0
3320,0,null,0,0,0
3321,0,null,0,0,0
3322,0,null,0,0,0
3323,0,null,0,0,0
3324,0,null,0,0,0
3325,0,null,0,0,0
3326,0,null,0,0,0
3327,0,null,0,0,0
3328,0,null,0,0,0
3329,0,null,0,0,0
3330,0,null,0,0,0
3331,0,null,0,0,0
3332,0,null,0,0,0
3333,0,null,0,0,0
3334,1,primary_proton,1,1,1
3335,0,null,0,0,0
3336,0,null,0,0,0
3337,0,null,0,0,0
3338,0,null,0,0,0
3339,0,null,0,0,0
3340,11,pi+,1,1,1
3341,0,null,0,0,0
3342,0,null,0,0,0
3343,0,null,0,0,0
3344,0,null,0,0,0
3345,0,null,0,0,0
3346,0,null,0,0,0
3347,1,primary_proton,1,1,1
3348,1,primary_proton,1,1,1
3349,3,secondary_proton,1,1,1
3350,14,secondary_proton,1,1,1
3351,0,null,0,0,0
3352,0,null,0,0,0
3353,0,null,0,0,0
3354,0,null,0,0,0
3355,0,null,0,0,0
3356,0,null,0,0,0
3357,0,null,0,0,0
3358,0,null,0,0,0
3359,0,null,0,0,0
3360,0,null,0,0,0
3361,0,null,0,0,0
3362,0,null,0,0,0
3363,0,null,0,0,0
3364,0,null,0,0,0
3365,0,null,0,0,0
3366,0,null,0,0,0
3367,0,null,0,0,0
3368,0,null,0,0,0
3369,0,null,0,0,0
3370,0,null,0,0,0
3371,0,null,0,0,0
3372,0,null,0,0,0
3373,0,null,0,0,0
3374,0,null,0,0,0
3376,0,null,0,0,0
3377,0,null,0,0,0
3378,0,null,0,0,0
3379,0,null,0,0,0
3380,0,null,0,0,0
3381,0,null,0,0,0
3382,0,null,0,0,0
3383,0,null,0,0,0
3384,0,null,0,0,0
3385,0,null,0,0,0
3386,0,null,0,0,0
3387,0,null,0,0,0
3388,0,null,0,0,0
3389,0,null,0,0,0
3390,0,null,0,0,0
3391,0,null,0,0,0
3392,0,null,0,0,0
3393,0,null,0,0,0
3394,0,null,0,0,0
3395,0,null,0,0,0
3396,0,null,0,0,0
3397,0,null,0,0,0
3398,0,null,0,0,0
3399,0,null,0,0,0
3400,0,null,0,0,0
3401,0,null,0,0,0
3402,0,null,0,0,0
3403,0,null,0,0,0
3404,0,null,0,0,0
3405,0,null,0,0,0
3406,0,null,0,0,0
3407,0,null,0,0,0
3408,0,null,0,0,0
3409,0,null,0,0,0
3410,0,null,0,0,0
3411,0,null,0,0,0
3412,1,primary_proton,1,1,1
3413,0,null,0,0,0
3414,0,null,0,0,0
3415,0,null,0,0,0
3416,5,secondary_proton,1,1,1
3417,0,null,0,0,0
3418,0,null,0,0,0
3419,0,null,0,0,0
3420,0,null,0,0,0
3421,0,null,0,0,0
3422,0,null,0,0,0
3423,0,null,0,0,0
3424,0,null,0,0,0
3425,0,null,0,0,0
3426,0,null,0,0,0
3427,0,null,0,0,0
3428,0,null,0,0,0
3429,0,null,0,0,0
3430,0,null,0,0,0
3431,0,null,0,0,0
3432,0,null,0,0,0
3433,0,null,0,0,0
3434,0,null,0,0,0
3435,0,null,0,0,0
3436,0,null,0,0,0
3437,0,null,0,0,0
3438,0,null,0,0,0
3439,0,null,0,0,0
3440,0,null,0,0,0
3441,0,null,0,0,0
3442,0,null,0,0,0
3443,0,null,0,0,0
3444,0,null,0,0,0
3445,0,null,0,0,0
3446,0,null,0,0,0
3447,0,null,0,0,0
3448,0,null,0,0,0
3449,0,null,0,0,0
3450,0,null,0,0,0
3451,0,null,0,0,0
3452,0,null,0,0,0
3453,0,null,0,0,0
3454,0,null,0,0,0
3455,0,null,0,0,0
3456,0,null,0,0,0
3457,0,null,0,0,0
3458,0,null,0,0,0
3459,0,null,0,0,0
3460,19,secondary_proton,1,1,0
3461,0,null,0,0,0
3462,0,null,0,0,0
3463,0,null,0,0,0
3464,0,null,0,0,0
3465,0,null,0,0,0
3466,0,null,0,0,0
3467,0,null,0,0,0
3468,0,null,0,0,0
3469,0,null,0,0,0
3470,0,null,0,0,0
3471,0,null,0,0,0
3472,0,null,0,0,0
3473,0,null,0,0,0
3474,0,null,0,0,0
3475,0,null,0,0,0
3476,0,null,0,0,0
3477,0,null,0,0,0
3478,0,null,0,0,0
3479,0,null,0,0,0
3480,0,null,0,0,0
3481,0,null,0,0,0
3482,0,null,0,0,0
3483,0,null,0,0,0
3484,0,null,0,0,0
3485,0,null,0,0,0
3486,0,null,0,0,0
3487,0,null,0,0,0
3488,0,null,0,0,0
3489,0,null,0,0,0
3490,0,null,0,0,0
3491,0,null,0,0,0
3492,0,null,0,0,0
3493,0,null,0,0,0
3494,0,null,0,0,0
3495,0,null,0,0,0
3496,0,null,0,0,0
3497,0,null,0,0,0
3498,0,null,0,0,0
3499,14,secondary_proton,1,1,1
3500,0,null,0,0,0
3501,0,null,0,0,0
3502,0,null,0,0,0
3503,0,null,0,0,0
3504,0,null,0,0,0
3505,0,null,0,0,0
3506,0,null,0,0,0
3507,0,null,0,0,0
3508,0,null,0,0,0
3509,0,null,0,0,0
3510,0,null,0,0,0
3511,0,null,0,0,0
3512,0,null,0,0,0
3513,0,null,0,0,0
3514,0,null,0,0,0
3515,0,null,0,0,0
3516,0,null,0,0,0
3517,0,null,0,0,0
3518,1,primary_proton,1,1,1
3519,0,null,0,0,0
3520,0,null,0,0,0
3521,0,null,0,0,0
3522,0,null,0,0,0
3523,10,pi+,1,1,1
3524,0,null,0,0,0
3525,1,primary_proton,1,1,1
3526,0,null,0,0,0
3527,0,null,0,0,0
3528,0,null,0,0,0
3529,0,null,0,0,0
3530,0,null,0,0,0
3531,0,null,0,0,0
3532,0,null,0,0,0
3533,101,secondary_proton,1,1,1
3534,0,null,0,0,0
3535,0,null,0,0,0
3536,0,null,0,0,0
3537,5,pi+,1,1,1
3538,0,null,0,0,0
3539,0,null,0,0,0
3540,0,null,0,0,0
3541,0,null,0,0,0
3542,0,null,0,0,0
3543,0,null,0,0,0
3544,0,null,0,0,0
3545,0,null,0,0,0
3546,0,null,0,0,0
3547,0,null,0,0,0
3548,0,null,0,0,0
3549,0,null,0,0,0
3550,0,null,0,0,0
3551,0,null,0,0,0
3552,0,null,0,0,0
3553,0,null,0,0,0
3554,0,null,0,0,0
3555,0,null,0,0,0
3556,0,null,0,0,0
3557,0,null,0,0,0
3558,3,secondary_proton,1,1,1
3559,0,null,0,0,0
3560,0,null,0,0,0
3561,13,pi+,1,1,1
3562,0,null,0,0,0
3563,0,null,0,0,0
3564,0,null,0,0,0
3565,0,null,0,0,0
3566,1,primary_proton,1,1,1
3567,0,null,0,0,0
3568,0,null,0,0,0
3569,0,null,0,0,0
3570,0,null,0,0,0
3571,0,null,0,0,0
3572,0,null,0,0,0
3573,0,null,0,0,0
3574,0,null,0,0,0
3575,0,null,0,0,0
3576,0,null,0,0,0
3577,0,null,0,0,0
3578,0,null,0,0,0
3579,0,null,0,0,0
3580,0,null,0,0,0
3581,0,null,0,0,0
3582,0,null,0,0,0
3583,0,null,0,0,0
3584,0,null,0,0,0
3585,0,null,0,0,0
3586,0,null,0,0,0
3587,0,null,0,0,0
3588,0,null,0,0,0
3589,0,null,0,0,0
3590,0,null,0,0,0
3591,0,null,0,0,0
3592,0,null,0,0,0
3593,0,null,0,0,0
3594,0,null,0,0,0
3595,0,null,0,0,0
3597,0,null,0,0,0
3598,0,null,0,0,0
3599,0,null,0,0,0
3600,6,secondary_proton,1,1,1
3601,0,null,0,0,0
3602,0,null,0,0,0
3603,0,null,0,0,0
3604,0,null,0,0,0
3605,0,null,0,0,0
3606,0,null,0,0,0
3607,0,null,0,0,0
3608,0,null,0,0,0
3609,0,null,0,0,0
3610,0,null,0,0,0
3611,0,null,0,0,0
3612,0,null,0,0,0
3613,0,null,0,0,0
3614,0,null,0,0,0
3615,0,null,0,0,0
3616,11,pi+,1,1,1
3617,0,null,0,0,0
3618,0,null,0,0,0
3619,0,null,0,0,0
3620,0,null,0,0,0
3621,0,null,0,0,0
3622,8,pi-,1,1,1
3623,0,null,0,0,0
3624,0,null,0,0,0
3625,0,null,0,0,0
3626,0,null,0,0,0
3627,0,null,0,0,0
3628,0,null,0,0,0
3629,0,null,0,0,0
3630,0,null,0,0,0
3631,0,null,0,0,0
3632,4,secondary_proton,1,1,1
3633,0,null,0,0,0
3634,0,null,0,0,0
3635,0,null,0,0,0
3636,0,null,0,0,0
3637,0,null,0,0,0
3638,0,null,0,0,0
3639,0,null,0,0,0
3640,0,null,0,0,0
3641,0,null,0,0,0
3642,1,primary_proton,1,0,0
3643,0,null,0,0,0
3644,0,null,0,0,0
3645,0,null,0,0,0
3646,0,null,0,0,0
3647,0,null,0,0,0
3648,0,null,0,0,0
3649,0,null,0,0,0
3650,0,null,0,0,0
3651,0,null,0,0,0
3652,0,null,0,0,0
3653,1,primary_proton,1,1,1
3654,0,null,0,0,0
3655,0,null,0,0,0
3656,0,null,0,0,0
3657,0,null,0,0,0
3658,0,null,0,0,0
3659,0,null,0,0,0
3660,0,null,0,0,0
3661,0,null,0,0,0
3662,0,null,0,0,0
3663,0,null,0,0,0
3664,0,null,0,0,0
3665,0,null,0,0,0
3666,0,null,0,0,0
3667,0,null,0,0,0
3668,0,null,0,0,0
3669,0,null,0,0,0
3670,0,null,0,0,0
3671,0,null,0,0,0
3672,12,pi+,1,0,0
3673,0,null,0,0,0
3674,0,null,0,0,0
3675,0,null,0,0,0
3676,0,null,0,0,0
3677,0,null,0,0,0
3678,0,null,0,0,0
3679,0,null,0,0,0
3680,0,null,0,0,0
3681,0,null,0,0,0
3682,1,primary_proton,1,1,1
3683,0,null,0,0,0
3684,0,null,0,0,0
3685,0,null,0,0,0
3686,0,null,0,0,0
3687,0,null,0,0,0
3688,0,null,0,0,0
3689,0,null,0,0,0
3690,0,null,0,0,0
3691,0,null,0,0,0
3692,0,null,0,0,0
3693,0,null,0,0,0
3694,0,null,0,0,0
3695,0,null,0,0,0
3696,0,null,0,0,0
3697,0,null,0,0,0
3698,0,null,0,0,0
3699,0,null,0,0,0
3700,0,null,0,0,0
3701,0,null,0,0,0
3702,0,null,0,0,0
3703,0,null,0,0,0
3704,0,null,0,0,0
3705,0,null,0,0,0
3706,0,null,0,0,0
3707,0,null,0,0,0
3708,0,null,0,0,0
3709,0,null,0,0,0
3710,0,null,0,0,0
3711,0,null,0,0,0
3712,1,primary_proton,1,1,1
3713,0,null,0,0,0
3714,0,null,0,0,0
3715,0,null,0,0,0
3716,0,null,0,0,0
3717,0,null,0,0,0
3718,0,null,0,0,0
3719,0,null,0,0,0
3720,0,null,0,0,0
3721,0,null,0,0,0
3722,0,null,0,0,0
3723,0,null,0,0,0
3724,0,null,0,0,0
3725,0,null,0,0,0
3726,0,null,0,0,0
3727,0,null,0,0,0
3728,10,pi+,1,1,1
3729,0,null,0,0,0
3730,0,null,0,0,0
3731,0,null,0,0,0
3732,0,null,0,0,0
3733,0,null,0,0,0
3734,1,primary_proton,1,1,1
3735,0,null,0,0,0
3736,0,null,0,0,0
3737,0,null,0,0,0
3738,0,null,0,0,0
3739,0,null,0,0,0
3740,0,null,0,0,0
3741,0,null,0,0,0
3742,0,null,0,0,0
3743,0,null,0,0,0
3744,0,null,0,0,0
3745,0,null,0,0,0
3746,0,null,0,0,0
3747,0,null,0,0,0
3748,0,null,0,0,0
3749,0,null,0,0,0
3750,0,null,0,0,0
3751,0,null,0,0,0
3752,0,null,0,0,0
3753,0,null,0,0,0
3754,0,null,0,0,0
3755,0,null,0,0,0
3756,0,null,0,0,0
3757,0,null,0,0,0
3758,0,null,0,0,0
3759,1,primary_proton,1,1,1
3760,0,null,0,0,0
3761,1,primary_proton,1,1,1
3762,0,null,0,0,0
3763,0,null,0,0,0
3764,0,null,0,0,0
3765,0,null,0,0,0
3766,0,null,0,0,0
3767,0,null,0,0,0
3768,1,primary_proton,1,1,1
3769,0,null,0,0,0
3770,3797,e-,1,1,1
3771,0,null,0,0,0
3772,0,null,0,0,0
3773,1,primary_proton,1,1,1
3774,0,null,0,0,0
3775,0,null,0,0,0
3776,0,null,0,0,0
3777,0,null,0,0,0
3778,0,null,0,0,0
3779,0,null,0,0,0
3780,0,null,0,0,0
3781,0,null,0,0,0
3782,0,null,0,0,0
3783,0,null,0,0,0
3784,0,null,0,0,0
3785,0,null,0,0,0
3786,1,primary_proton,1,1,1
3787,0,null,0,0,0
3788,0,null,0,0,0
3789,0,null,0,0,0
3790,0,null,0,0,0
3791,0,null,0,0,0
3792,0,null,0,0,0
3793,0,null,0,0,0
3794,0,null,0,0,0
3795,0,null,0,0,0
3796,10,secondary_proton,1,1,1
3797,0,null,0,0,0
3798,0,null,0,0,0
3799,0,null,0,0,0
3800,0,null,0,0,0
3801,0,null,0,0,0
3802,1857,pi+,1,1,1
3803,0,null,0,0,0
3804,0,null,0,0,0
3805,0,null,0,0,0
3806,0,null,0,0,0
3807,0,null,0,0,0
3808,0,null,0,0,0
3809,0,null,0,0,0
3810,0,null,0,0,0
3811,0,null,0,0,0
3812,0,null,0,0,0
3813,0,null,0,0,0
3814,0,null,0,0,0
3815,0,null,0,0,0
3817,0,null,0,0,0
3818,0,null,0,0,0
3819,1480,e-,1,0,0
3820,0,null,0,0,0
3821,0,null,0,0,0
3822,0,null,0,0,0
3823,0,null,0,0,0
3824,0,null,0,0,0
3825,0,null,0,0,0
3826,0,null,0,0,0
3827,0,null,0,0,0
3828,0,null,0,0,0
3829,0,null,0,0,0
3830,0,null,0,0,0
3831,0,null,0,0,0
3832,0,null,0,0,0
3833,0,null,0,0,0
3834,1,primary_proton,1,1,1
3835,0,null,0,0,0
3836,0,null,0,0,0
3837,0,null,0,0,0
3838,0,null,0,0,0
3839,0,null,0,0,0
3840,0,null,0,0,0
3841,0,null,0,0,0
3842,0,null,0,0,0
3843,1,primary_proton,1,1,1
3844,0,null,0,0,0
3845,0,null,0,0,0
3846,0,null,0,0,0
3847,1,primary_proton,1,1,1
3848,0,null,0,0,0
3849,0,null,0,0,0
3850,0,null,0,0,0
3851,0,null,0,0,0
3852,0,null,0,0,0
3853,0,null,0,0,0
3854,0,null,0,0,0
3855,0,null,0,0,0
3856,0,null,0,0,0
3857,15,pi-,1,1,1
3858,0,null,0,0,0
3859,0,null,0,0,0
3860,0,null,0,0,0
3861,0,null,0,0,0
3862,1364,secondary_proton,1,1,1
3863,0,null,0,0,0
3864,0,null,0,0,0
3865,0,null,0,0,0
3866,0,null,0,0,0
3867,0,null,0,0,0
3868,0,null,0,0,0
3869,0,null,0,0,0
3870,0,null,0,0,0
3871,0,null,0,0,0
3872,0,null,0,0,0
3873,0,null,0,0,0
3874,0,null,0,0,0
3875,0,null,0,0,0
3876,0,null,0,0,0
3877,1,primary_proton,1,1,1
3878,0,null,0,0,0
3879,0,null,0,0,0
3880,0,null,0,0,0
3881,0,null,0,0,0
3882,0,null,0,0,0
3883,0,null,0,0,0
3884,0,null,0,0,0
3885,0,null,0,0,0
3886,0,null,0,0,0
3887,0,null,0,0,0
3888,0,null,0,0,0
3889,0,null,0,0,0
3890,0,null,0,0,0
3891,0,null,0,0,0
3892,0,null,0,0,0
3893,0,null,0,0,0
3894,0,null,0,0,0
3895,0,null,0,0,0
3896,0,null,0,0,0
3897,0,null,0,0,0
3898,0,null,0,0,0
3899,0,null,0,0,0
3900,0,null,0,0,0
3901,0,null,0,0,0
3902,0,null,0,0,0
3903,0,null,0,0,0
3904,0,null,0,0,0
3905,0,null,0,0,0
3906,0,null,0,0,0
3907,0,null,0,0,0
3908,0,null,0,0,0
3909,0,null,0,0,0
3910,0,null,0,0,0
3911,30,secondary_proton,1,1,1
3912,5,secondary_proton,1,1,1
3913,0,null,0,0,0
3914,0,null,0,0,0
3915,0,null,0,0,0
3916,0,null,0,0,0
3917,0,null,0,0,0
3918,0,null,0,0,0
3919,0,null,0,0,0
3920,0,null,0,0,0
3921,0,null,0,0,0
3922,1,primary_proton,1,1,1
3923,0,null,0,0,0
3924,0,null,0,0,0
3925,0,null,0,0,0
3926,0,null,0,0,0
3927,0,null,0,0,0
3928,0,null,0,0,0
3929,1,primary_proton,1,1,1
3930,0,null,0,0,0
3931,0,null,0,0,0
3932,0,null,0,0,0
3933,0,null,0,0,0
3934,0,null,0,0,0
3935,0,null,0,0,0
3936,0,null,0,0,0
3937,0,null,0,0,0
3938,0,null,0,0,0
3939,0,null,0,0,0
3940,0,null,0,0,0
3941,0,null,0,0,0
3942,0,null,0,0,0
3943,0,null,0,0,0
3944,0,null,0,0,0
3945,0,null,0,0,0
3946,0,null,0,0,0
3947,0,null,0,0,0
3948,0,null,0,0,0
3949,0,null,0,0,0
3950,0,null,0,0,0
3951,0,null,0,0,0
3952,0,null,0,0,0
3953,0,null,0,0,0
3954,0,null,0,0,0
3955,0,null,0,0,0
3956,0,null,0,0,0
3957,0,null,0,0,0
3958,0,null,0,0,0
3959,0,null,0,0,0
3960,0,null,0,0,0
3961,0,null,0,0,0
3962,0,null,0,0,0
3963,0,null,0,0,0
3964,0,null,0,0,0
3965,0,null,0,0,0
3966,0,null,0,0,0
3967,0,null,0,0,0
3968,0,null,0,0,0
3969,0,null,0,0,0
3970,0,null,0,0,0
3971,0,null,0,0,0
3972,0,null,0,0,0
3973,0,null,0,0,0
3974,0,null,0,0,0
3975,0,null,0,0,0
3976,0,null,0,0,0
3977,0,null,0,0,0
3978,0,null,0,0,0
3979,0,null,0,0,0
3980,0,null,0,0,0
3981,0,null,0,0,0
3982,0,null,0,0,0
3983,0,null,0,0,0
3984,0,null,0,0,0
3985,5,secondary_proton,1,1,1
3986,0,null,0,0,0
3987,0,null,0,0,0
3988,0,null,0,0,0
3989,0,null,0,0,0
3990,0,null,0,0,0
3991,0,null,0,0,0
3992,0,null,0,0,0
3993,0,null,0,0,0
3994,0,null,0,0,0
3995,1,primary_proton,1,1,1
3996,0,null,0,0,0
3997,0,null,0,0,0
3998,0,null,0,0,0
3999,0,null,0,0,0
4000,0,null,0,0,0
4001,0,null,0,0,0
4002,0,null,0,0,0
4003,1,primary_proton,1,1,1
4004,0,null,0,0,0
4005,0,null,0,0,0
4006,5,secondary_proton,1,1,1
4007,0,null,0,0,0
4008,0,null,0,0,0
4009,0,null,0,0,0
4010,0,null,0,0,0
4011,0,null,0,0,0
4012,0,null,0,0,0
4013,0,null,0,0,0
4014,0,null,0,0,0
4015,0,null,0,0,0
4016,0,null,0,0,0
4017,1,primary_proton,1,1,1
4018,0,null,0,0,0
4019,2369,e-,1,0,0
4020,0,null,0,0,0
4021,0,null,0,0,0
4022,0,null,0,0,0
4023,0,null,0,0,0
4024,0,null,0,0,0
4025,0,null,0,0,0
4026,0,null,0,0,0
4027,0,null,0,0,0
4028,0,null,0,0,0
4029,0,null,0,0,0
4030,0,null,0,0,0
4031,0,null,0,0,0
4032,0,null,0,0,0
4033,0,null,0,0,0
4034,0,null,0,0,0
4036,0,null,0,0,0
4037,0,null,0,0,0
4038,0,null,0,0,0
4039,0,null,0,0,0
4040,0,null,0,0,0
4041,0,null,0,0,0
4042,0,null,0,0,0
4043,0,null,0,0,0
4044,0,null,0,0,0
4045,0,null,0,0,0
4046,0,null,0,0,0
4047,0,null,0,0,0
4048,0,null,0,0,0
4049,0,null,0,0,0
4050,1,primary_proton,1,1,1
4051,0,null,0,0,0
4052,0,null,0,0,0
4053,0,null,0,0,0
4054,1,primary_proton,1,1,1
4055,0,null,0,0,0
4056,0,null,0,0,0
4057,0,null,0,0,0
4058,0,null,0,0,0
4059,0,null,0,0,0
4060,0,null,0,0,0
4061,0,null,0,0,0
4062,0,null,0,0,0
4063,0,null,0,0,0
4064,0,null,0,0,0
4065,0,null,0,0,0
4066,1,primary_proton,1,1,1
4067,0,null,0,0,0
4068,0,null,0,0,0
4069,0,null,0,0,0
4070,0,null,0,0,0
4071,0,null,0,0,0
4072,0,null,0,0,0
4073,1,primary_proton,1,1,1
4074,0,null,0,0,0
4075,0,null,0,0,0
4076,0,null,0,0,0
4077,0,null,0,0,0
4078,0,null,0,0,0
4079,0,null,0,0,0
4080,0,null,0,0,0
4081,1,primary_proton,1,1,1
4082,0,null,0,0,0
4083,0,null,0,0,0
4084,0,null,0,0,0
4085,0,null,0,0,0
4086,0,null,0,0,0
4087,0,null,0,0,0
4088,0,null,0,0,0
4089,4,secondary_proton,1,1,1
4090,0,null,0,0,0
4091,0,null,0,0,0
4092,0,null,0,0,0
4093,0,null,0,0,0
4094,0,null,0,0,0
4095,1,primary_proton,1,1,1
4096,0,null,0,0,0
4097,0,null,0,0,0
4098,0,null,0,0,0
4099,0,null,0,0,0
4100,0,null,0,0,0
4101,0,null,0,0,0
4102,0,null,0,0,0
4103,0,null,0,0,0
4104,0,null,0,0,0
4105,0,null,0,0,0
4106,0,null,0,0,0
4107,0,null,0,0,0
4108,0,null,0,0,0
4109,0,null,0,0,0
4110,0,null,0,0,0
4111,0,null,0,0,0
4112,0,null,0,0,0
4113,0,null,0,0,0
4114,0,null,0,0,0
4115,0,null,0,0,0
4116,0,null,0,0,0
4117,0,null,0,0,0
4118,0,null,0,0,0
4119,0,null,0,0,0
4120,1,primary_proton,1,1,1
4121,0,null,0,0,0
4122,0,null,0,0,0
4123,0,null,0,0,0
4124,0,null,0,0,0
4125,0,null,0,0,0
4126,0,null,0,0,0
4127,0,null,0,0,0
4128,0,null,0,0,0
4129,0,null,0,0,0
4130,0,null,0,0,0
4131,0,null,0,0,0
4132,0,null,0,0,0
4133,4527,secondary_proton,1,1,1
4134,0,null,0,0,0
4135,0,null,0,0,0
4136,0,null,0,0,0
4137,0,null,0,0,0
4138,0,null,0,0,0
4139,0,null,0,0,0
4140,0,null,0,0,0
4141,0,null,0,0,0
4142,0,null,0,0,0
4143,0,null,0,0,0
4144,0,null,0,0,0
4145,0,null,0,0,0
4146,0,null,0,0,0
4147,1,primary_proton,1,1,1
4148,0,null,0,0,0
4149,0,null,0,0,0
4150,0,null,0,0,0
4151,0,null,0,0,0
4152,0,null,0,0,0
4153,9,pi+,1,1,0
4154,0,null,0,0,0
4155,0,null,0,0,0
4156,12,pi+,1,1,1
4157,0,null,0,0,0
4158,0,null,0,0,0
4159,1,primary_proton,1,1,1
4160,0,null,0,0,0
4161,0,null,0,0,0
4162,0,null,0,0,0
4163,0,null,0,0,0
4164,0,null,0,0,0
4165,0,null,0,0,0
4166,0,null,0,0,0
4167,0,null,0,0,0
4168,0,null,0,0,0
4169,0,null,0,0,0
4170,0,null,0,0,0
4171,0,null,0,0,0
4172,0,null,0,0,0
4173,0,null,0,0,0
4174,0,null,0,0,0
4175,0,null,0,0,0
4176,0,null,0,0,0
4177,0,null,0,0,0
4178,0,null,0,0,0
4179,0,null,0,0,0
4180,7,pi-,1,1,0
4181,0,null,0,0,0
4182,0,null,0,0,0
4183,0,null,0,0,0
4184,0,null,0,0,0
4185,0,null,0,0,0
4186,0,null,0,0,0
4187,0,null,0,0,0
4188,0,null,0,0,0
4189,0,null,0,0,0
4190,1,primary_proton,1,1,1
4191,0,null,0,0,0
4192,0,null,0,0,0
4193,0,null,0,0,0
4194,0,null,0,0,0
4195,0,null,0,0,0
4196,0,null,0,0,0
4197,4,secondary_proton,1,1,0
4198,0,null,0,0,0
4199,0,null,0,0,0
4200,0,null,0,0,0
4201,0,null,0,0,0
4202,0,null,0,0,0
4203,0,null,0,0,0
4204,1,primary_proton,1,1,1
4205,0,null,0,0,0
4206,0,null,0,0,0
4207,0,null,0,0,0
4208,0,null,0,0,0
4209,0,null,0,0,0
4210,0,null,0,0,0
4211,0,null,0,0,0
4212,1,primary_proton,1,1,1
4213,0,null,0,0,0
4214,0,null,0,0,0
4215,0,null,0,0,0
4216,0,null,0,0,0
4217,0,null,0,0,0
4218,0,null,0,0,0
4219,0,null,0,0,0
4220,0,null,0,0,0
4221,0,null,0,0,0
4222,0,null,0,0,0
4223,0,null,0,0,0
4224,0,null,0,0,0
4225,0,null,0,0,0
4226,1933,e+,1,1,1
4227,0,null,0,0,0
4228,0,null,0,0,0
4229,0,null,0,0,0
4230,0,null,0,0,0
4231,0,null,0,0,0
4232,0,null,0,0,0
4233,0,null,0,0,0
4234,7,pi-,1,1,1
4235,0,null,0,0,0
4236,8,pi+,1,1,1
4237,0,null,0,0,0
4238,0,null,0,0,0
4239,11,pi-,1,1,1
4240,0,null,0,0,0
4241,1,primary_proton,1,1,1
4242,0,null,0,0,0
4243,0,null,0,0,0
4244,0,null,0,0,0
4245,0,null,0,0,0
4246,0,null,0,0,0
4247,0,null,0,0,0
4248,0,null,0,0,0
4249,0,null,0,0,0
4250,1,primary_proton,1,1,1
4251,0,null,0,0,0
4253,0,null,0,0,0
4254,0,null,0,0,0
4255,0,null,0,0,0
4256,0,null,0,0,0
4257,0,null,0,0,0
4258,0,null,0,0,0
4259,0,null,0,0,0
4260,0,null,0,0,0
4261,0,null,0,0,0
4262,0,null,0,0,0
4263,0,null,0,0,0
4264,0,null,0,0,0
4265,0,null,0,0,0
4266,0,null,0,0,0
4267,0,null,0,0,0
4268,0,null,0,0,0
4269,0,null,0,0,0
4270,0,null,0,0,0
4271,0,null,0,0,0
4272,0,null,0,0,0
4273,0,null,0,0,0
4274,0,null,0,0,0
4275,0,null,0,0,0
4276,0,null,0,0,0
4277,0,null,0,0,0
4278,0,null,0,0,0
4279,0,null,0,0,0
4280,0,null,0,0,0
4281,0,null,0,0,0
4282,0,null,0,0,0
4283,0,null,0,0,0
4284,0,null,0,0,0
4285,0,null,0,0,0
4286,0,null,0,0,0
4287,0,null,0,0,0
4288,0,null,0,0,0
4289,0,null,0,0,0
4290,0,null,0,0,0
4291,0,null,0,0,0
4292,0,null,0,0,0
4293,0,null,0,0,0
4294,0,null,0,0,0
4295,0,null,0,0,0
4296,0,null,0,0,0
4297,7,pi-,1,0,0
4298,0,null,0,0,0
4299,0,null,0,0,0
4300,0,null,0,0,0
4301,59,pi+,1,1,0
4302,0,null,0,0,0
4303,0,null,0,0,0
4304,0,null,0,0,0
4305,0,null,0,0,0
4306,0,null,0,0,0
4307,0,null,0,0,0
4308,0,null,0,0,0
4309,0,null,0,0,0
4310,0,null,0,0,0
4311,0,null,0,0,0
4312,0,null,0,0,0
4313,0,null,0,0,0
4314,0,null,0,0,0
4315,0,null,0,0,0
4316,0,null,0,0,0
4317,3076,e-,1,0,0
4318,0,null,0,0,0
4319,15,pi-,1,0,0
4320,1695,e-,1,0,0
4321,0,null,0,0,0
4322,0,null,0,0,0
4323,0,null,0,0,0
4324,0,null,0,0,0
4325,0,null,0,0,0
4326,0,null,0,0,0
4327,0,null,0,0,0
4328,0,null,0,0,0
4329,0,null,0,0,0
4330,0,null,0,0,0
4331,0,null,0,0,0
4332,0,null,0,0,0
4333,0,null,0,0,0
4334,0,null,0,0,0
4335,0,null,0,0,0
4336,0,null,0,0,0
4337,0,null,0,0,0
4338,0,null,0,0,0
4339,0,null,0,0,0
4340,0,null,0,0,0
4341,5,secondary_proton,1,1,1
4342,0,null,0,0,0
4343,0,null,0,0,0
4344,0,null,0,0,0
4345,0,null,0,0,0
4346,0,null,0,0,0
4347,0,null,0,0,0
4348,0,null,0,0,0
4349,0,null,0,0,0
4350,0,null,0,0,0
4351,0,null,0,0,0
4352,0,null,0,0,0
4353,0,null,0,0,0
4354,0,null,0,0,0
4355,0,null,0,0,0
4356,0,null,0,0,0
4357,0,null,0,0,0
4358,0,null,0,0,0
4359,0,null,0,0,0
4360,0,null,0,0,0
4361,1,primary_proton,1,1,1
4362,1,primary_proton,1,1,1
4363,0,null,0,0,0
4364,0,null,0,0,0
4365,0,null,0,0,0
4366,0,null,0,0,0
4367,0,null,0,0,0
4368,0,null,0,0,0
4369,0,null,0,0,0
4370,0,null,0,0,0
4371,0,null,0,0,0
4372,0,null,0,0,0
4373,0,null,0,0,0
4374,0,null,0,0,0
4375,0,null,0,0,0
4376,0,null,0,0,0
4377,0,null,0,0,0
4378,0,null,0,0,0
4379,121,secondary_proton,1,1,1
4380,0,null,0,0,0
4381,0,null,0,0,0
4382,0,null,0,0,0
4383,0,null,0,0,0
4384,0,null,0,0,0
4385,0,null,0,0,0
4386,0,null,0,0,0
4387,0,null,0,0,0
4388,0,null,0,0,0
4389,0,null,0,0,0
4390,0,null,0,0,0
4391,0,null,0,0,0
4392,0,null,0,0,0
4393,9,pi-,1,1,0
4394,0,null,0,0,0
4395,0,null,0,0,0
4396,0,null,0,0,0
4397,0,null,0,0,0
4398,0,null,0,0,0
4399,0,null,0,0,0
4400,0,null,0,0,0
4401,0,null,0,0,0
4402,0,null,0,0,0
4403,0,null,0,0,0
4404,0,null,0,0,0
4405,0,null,0,0,0
4406,0,null,0,0,0
4407,0,null,0,0,0
4408,0,null,0,0,0
4409,1,primary_proton,1,1,1
4410,0,null,0,0,0
4411,0,null,0,0,0
4412,0,null,0,0,0
4413,0,null,0,0,0
4414,0,null,0,0,0
4415,0,null,0,0,0
4416,0,null,0,0,0
4417,0,null,0,0,0
4418,0,null,0,0,0
4419,0,null,0,0,0
4420,0,null,0,0,0
4421,0,null,0,0,0
4422,0,null,0,0,0
4423,0,null,0,0,0
4424,0,null,0,0,0
4425,0,null,0,0,0
4426,0,null,0,0,0
4427,0,null,0,0,0
4428,0,null,0,0,0
4429,0,null,0,0,0
4430,0,null,0,0,0
4431,0,null,0,0,0
4432,0,null,0,0,0
4433,0,null,0,0,0
4434,0,null,0,0,0
4435,0,null,0,0,0
4436,0,null,0,0,0
4437,0,null,0,0,0
4438,1,primary_proton,1,1,1
4439,0,null,0,0,0
4440,0,null,0,0,0
4441,0,null,0,0,0
4442,0,null,0,0,0
4443,0,null,0,0,0
4444,0,null,0,0,0
4445,0,null,0,0,0
4446,0,null,0,0,0
4447,0,null,0,0,0
4448,0,null,0,0,0
4449,7,secondary_proton,1,1,1
4450,0,null,0,0,0
4451,0,null,0,0,0
4452,0,null,0,0,0
4453,0,null,0,0,0
4454,0,null,0,0,0
4455,0,null,0,0,0
4456,0,null,0,0,0
4457,0,null,0,0,0
4458,0,null,0,0,0
4459,2,pi+,1,1,1
4460,0,null,0,0,0
4461,0,null,0,0,0
4462,0,null,0,0,0
4463,0,null,0,0,0
4464,0,null,0,0,0
4465,0,null,0,0,0
4466,0,null,0,0,0
4467,0,null,0,0,0
4468,0,null,0,0,0
4469,1,primary_proton,1,1,1
4470,0,null,0,0,0
4471,0,null,0,0,0
4472,0,null,0,0,0
4473,0,null,0,0,0
4474,1,primary_proton,1,1,1
4476,0,null,0,0,0
4477,0,null,0,0,0
4478,0,null,0,0,0
4479,0,null,0,0,0
4480,0,null,0,0,0
4481,0,null,0,0,0
4482,0,null,0,0,0
4483,9,pi-,1,1,1
4484,0,null,0,0,0
4485,0,null,0,0,0
4486,1,primary_proton,1,1,1
4487,0,null,0,0,0
4488,0,null,0,0,0
4489,0,null,0,0,0
4490,0,null,0,0,0
4491,0,null,0,0,0
4492,0,null,0,0,0
4493,0,null,0,0,0
4494,0,null,0,0,0
4495,0,null,0,0,0
4496,0,null,0,0,0
4497,0,null,0,0,0
4498,0,null,0,0,0
4499,5,secondary_proton,1,1,1
4500,0,null,0,0,0
4501,0,null,0,0,0
4502,0,null,0,0,0
4503,0,null,0,0,0
4504,0,null,0,0,0
4505,0,null,0,0,0
4506,0,null,0,0,0
4507,0,null,0,0,0
4508,0,null,0,0,0
4509,0,null,0,0,0
4510,0,null,0,0,0
4511,0,null,0,0,0
4512,0,null,0,0,0
4513,0,null,0,0,0
4514,0,null,0,0,0
4515,0,null,0,0,0
4516,0,null,0,0,0
4517,6,secondary_proton,1,1,1
4518,0,null,0,0,0
4519,0,null,0,0,0
4520,0,null,0,0,0
4521,0,null,0,0,0
4522,0,null,0,0,0
4523,0,null,0,0,0
4524,0,null,0,0,0
4525,0,null,0,0,0
4526,836,e-,0,0,1
4527,0,null,0,0,0
4528,0,null,0,0,0
4529,0,null,0,0,0
4530,0,null,0,0,0
4531,0,null,0,0,0
4532,0,null,0,0,0
4533,137,e-,1,1,1
4534,0,null,0,0,0
4535,0,null,0,0,0
4536,3,secondary_proton,1,1,0
4537,0,null,0,0,0
4538,0,null,0,0,0
4539,16,pi-,1,1,1
4540,0,null,0,0,0
4541,0,null,0,0,0
4542,0,null,0,0,0
4543,0,null,0,0,0
4544,0,null,0,0,0
4545,0,null,0,0,0
4546,0,null,0,0,0
4547,0,null,0,0,0
4548,2825,e-,1,1,0
4549,0,null,0,0,0
4550,0,null,0,0,0
4551,0,null,0,0,0
4552,0,null,0,0,0
4553,0,null,0,0,0
4554,0,null,0,0,0
4555,0,null,0,0,0
4556,0,null,0,0,0
4557,0,null,0,0,0
4558,0,null,0,0,0
4559,0,null,0,0,0
4560,11,pi-,1,1,1
4561,1,primary_proton,1,1,1
4562,0,null,0,0,0
4563,0,null,0,0,0
4564,0,null,0,0,0
4565,0,null,0,0,0
4566,0,null,0,0,0
4567,0,null,0,0,0
4568,0,null,0,0,0
4569,0,null,0,0,0
4570,0,null,0,0,0
4571,0,null,0,0,0
4572,0,null,0,0,0
4573,259,secondary_proton,1,1,1
4574,0,null,0,0,0
4575,9,pi+,1,1,1
4576,0,null,0,0,0
4577,0,null,0,0,0
4578,0,null,0,0,0
4579,0,null,0,0,0
4580,0,null,0,0,0
4581,0,null,0,0,0
4582,0,null,0,0,0
4583,0,null,0,0,0
4584,0,null,0,0,0
4585,0,null,0,0,0
4586,0,null,0,0,0
4587,0,null,0,0,0
4588,0,null,0,0,0
4589,0,null,0,0,0
4590,0,null,0,0,0
4591,0,null,0,0,0
4592,0,null,0,0,0
4593,0,null,0,0,0
4594,0,null,0,0,0
4595,0,null,0,0,0
4596,0,null,0,0,0
4597,0,null,0,0,0
4598,0,null,0,0,0
4599,0,null,0,0,0
4600,0,null,0,0,0
4601,0,null,0,0,0
4602,0,null,0,0,0
4603,0,null,0,0,0
4604,0,null,0,0,0
4605,0,null,0,0,0
4606,0,null,0,0,0
4607,0,null,0,0,0
4608,0,null,0,0,0
4609,0,null,0,0,0
4610,0,null,0,0,0
4611,0,null,0,0,0
4612,0,null,0,0,0
4613,0,null,0,0,0
4614,0,null,0,0,0
4615,0,null,0,0,0
4616,0,null,0,0,0
4617,0,null,0,0,0
4618,0,null,0,0,0
4619,0,null,0,0,0
4620,0,null,0,0,0
4621,0,null,0,0,0
4622,0,null,0,0,0
4623,0,null,0,0,0
4624,0,null,0,0,0
4625,0,null,0,0,0
4626,0,null,0,0,0
4627,0,null,0,0,0
4628,0,null,0,0,0
4629,11,pi+,1,0,0
4630,0,null,0,0,0
4631,0,null,0,0,0
4632,0,null,0,0,0
4633,0,null,0,0,0
4634,0,null,0,0,0
4635,0,null,0,0,0
4636,0,null,0,0,0
4637,1663,e-,1,1,1
4638,0,null,0,0,0
4639,0,null,0,0,0
4640,0,null,0,0,0
4641,0,null,0,0,0
4642,0,null,0,0,0
4643,1,primary_proton,1,1,1
4644,15,kaon+,1,0,0
4645,0,null,0,0,0
4646,1,primary_proton,1,1,1
4647,0,null,0,0,0
4648,0,null,0,0,0
4649,0,null,0,0,0
4650,1,primary_proton,1,1,1
4651,0,null,0,0,0
4652,0,null,0,0,0
4653,0,null,0,0,0
4654,0,null,0,0,0
4655,0,null,0,0,0
4656,0,null,0,0,0
4657,0,null,0,0,0
4658,0,null,0,0,0
4659,0,null,0,0,0
4660,0,null,0,0,0
4661,0,null,0,0,0
4662,0,null,0,0,0
4663,0,null,0,0,0
4664,0,null,0,0,0
4665,0,null,0,0,0
4666,0,null,0,0,0
4667,0,null,0,0,0
4668,0,null,0,0,0
4669,0,null,0,0,0
4670,0,null,0,0,0
4671,0,null,0,0,0
4672,0,null,0,0,0
4673,0,null,0,0,0
4674,0,null,0,0,0
4675,0,null,0,0,0
4676,0,null,0,0,0
4677,0,null,0,0,0
4678,0,null,0,0,0
4679,0,null,0,0,0
4680,0,null,0,0,0
4681,0,null,0,0,0
4682,0,null,0,0,0
4683,0,null,0,0,0
4684,0,null,0,0,0
4685,2220,e-,0,1,0
4686,0,null,0,0,0
4687,0,null,0,0,0
4688,0,null,0,0,0
4689,0,null,0,0,0
4690,0,null,0,0,0
4691,0,null,0,0,0
4692,0,null,0,0,0
4693,595,secondary_proton,1,1,0
4694,0,null,0,0,0
4695,0,null,0,0,0
4697,0,null,0,0,0
4698,0,null,0,0,0
4699,0,null,0,0,0
4700,0,null,0,0,0
4701,0,null,0,0,0
4702,0,null,0,0,0
4703,0,null,0,0,0
4704,0,null,0,0,0
4705,0,null,0,0,0
4706,0,null,0,0,0
4707,0,null,0,0,0
4708,0,null,0,0,0
4709,0,null,0,0,0
4710,0,null,0,0,0
4711,0,null,0,0,0
4712,0,null,0,0,0
4713,0,null,0,0,0
4714,0,null,0,0,0
4715,0,null,0,0,0
4716,0,null,0,0,0
4717,1,primary_proton,1,1,1
4718,0,null,0,0,0
4719,0,null,0,0,0
4720,0,null,0,0,0
4721,0,null,0,0,0
4722,0,null,0,0,0
4723,0,null,0,0,0
4724,0,null,0,0,0
4725,0,null,0,0,0
4726,11,secondary_proton,1,1,1
4727,0,null,0,0,0
4728,0,null,0,0,0
4729,0,null,0,0,0
4730,0,null,0,0,0
4731,0,null,0,0,0
4732,0,null,0,0,0
4733,0,null,0,0,0
4734,1218,pi-,1,0,0
4735,0,null,0,0,0
4736,14,pi-,1,1,1
4737,0,null,0,0,0
4738,0,null,0,0,0
4739,0,null,0,0,0
4740,0,null,0,0,0
4741,3,secondary_proton,1,1,1
4742,0,null,0,0,0
4743,0,null,0,0,0
4744,1,primary_proton,1,1,1
4745,0,null,0,0,0
4746,0,null,0,0,0
4747,0,null,0,0,0
4748,0,null,0,0,0
4749,0,null,0,0,0
4750,0,null,0,0,0
4751,0,null,0,0,0
4752,5,secondary_proton,1,1,1
4753,0,null,0,0,0
4754,0,null,0,0,0
4755,0,null,0,0,0
4756,0,null,0,0,0
4757,0,null,0,0,0
4758,0,null,0,0,0
4759,0,null,0,0,0
4760,0,null,0,0,0
4761,0,null,0,0,0
4762,0,null,0,0,0
4763,0,null,0,0,0
4764,0,null,0,0,0
4765,0,null,0,0,0
4766,0,null,0,0,0
4767,0,null,0,0,0
4768,0,null,0,0,0
4769,0,null,0,0,0
4770,0,null,0,0,0
4771,0,null,0,0,0
4772,0,null,0,0,0
4773,0,null,0,0,0
4774,16,secondary_proton,1,0,0
4775,0,null,0,0,0
4776,0,null,0,0,0
4777,0,null,0,0,0
4778,0,null,0,0,0
4779,0,null,0,0,0
4780,0,null,0,0,0
4781,0,null,0,0,0
4782,0,null,0,0,0
4783,5,pi+,1,1,0
4784,0,null,0,0,0
4785,0,null,0,0,0
4786,0,null,0,0,0
4787,0,null,0,0,0
4788,0,null,0,0,0
4789,0,null,0,0,0
4790,0,null,0,0,0
4791,0,null,0,0,0
4792,0,null,0,0,0
4793,0,null,0,0,0
4794,0,null,0,0,0
4795,0,null,0,0,0
4796,0,null,0,0,0
4797,0,null,0,0,0
4798,0,null,0,0,0
4799,0,null,0,0,0
4800,0,null,0,0,0
4801,0,null,0,0,0
4802,0,null,0,0,0
4803,0,null,0,0,0
4804,0,null,0,0,0
4805,0,null,0,0,0
4806,0,null,0,0,0
4807,0,null,0,0,0
4808,0,null,0,0,0
4809,0,null,0,0,0
4810,0,null,0,0,0
4811,0,null,0,0,0
4812,0,null,0,0,0
4813,0,null,0,0,0
4814,0,null,0,0,0
4815,0,null,0,0,0
4816,0,null,0,0,0
4817,0,null,0,0,0
4818,0,null,0,0,0
4819,0,null,0,0,0
4820,6,secondary_proton,1,1,0
4821,0,null,0,0,0
4822,0,null,0,0,0
4823,0,null,0,0,0
4824,0,null,0,0,0
4825,8,secondary_proton,1,1,1
4826,0,null,0,0,0
4827,0,null,0,0,0
4828,0,null,0,0,0
4829,5313,pi-,1,0,0
4830,0,null,0,0,0
4831,0,null,0,0,0
4832,0,null,0,0,0
4833,0,null,0,0,0
4834,0,null,0,0,0
4835,0,null,0,0,0
4836,0,null,0,0,0
4837,0,null,0,0,0
4838,0,null,0,0,0
4839,1,primary_proton,1,1,1
4840,0,null,0,0,0
4841,0,null,0,0,0
4842,0,null,0,0,0
4843,0,null,0,0,0
4844,0,null,0,0,0
4845,0,null,0,0,0
4846,0,null,0,0,0
4847,0,null,0,0,0
4848,0,null,0,0,0
4849,0,null,0,0,0
4850,0,null,0,0,0
4851,0,null,0,0,0
4852,0,null,0,0,0
4853,0,null,0,0,0
4854,0,null,0,0,0
4855,0,null,0,0,0
4856,0,null,0,0,0
4857,0,null,0,0,0
4858,1,primary_proton,1,1,1
4859,0,null,0,0,0
4860,0,null,0,0,0
4861,0,null,0,0,0
4862,0,null,0,0,0
4863,0,null,0,0,0
4864,1,primary_proton,1,1,1
4865,0,null,0,0,0
4866,0,null,0,0,0
4867,0,null,0,0,0
4868,0,null,0,0,0
4869,0,null,0,0,0
4870,0,null,0,0,0
4871,0,null,0,0,0
4872,0,null,0,0,0
4873,0,null,0,0,0
4874,0,null,0,0,0
4875,0,null,0,0,0
4876,0,null,0,0,0
4877,0,null,0,0,0
4878,0,null,0,0,0
4879,0,null,0,0,0
4880,0,null,0,0,0
4881,0,null,0,0,0
4882,0,null,0,0,0
4883,0,null,0,0,0
4884,0,null,0,0,0
4885,0,null,0,0,0
4886,0,null,0,0,0
4887,0,null,0,0,0
4888,0,null,0,0,0
4889,0,null,0,0,0
4890,0,null,0,0,0
4891,0,null,0,0,0
4892,0,null,0,0,0
4893,0,null,0,0,0
4894,0,null,0,0,0
4895,0,null,0,0,0
4896,0,null,0,0,0
4897,0,null,0,0,0
4898,0,null,0,0,0
4899,0,null,0,0,0
4900,0,null,0,0,0
4901,0,null,0,0,0
4902,0,null,0,0,0
4903,0,null,0,0,0
4904,0,null,0,0,0
4905,0,null,0,0,0
4906,0,null,0,0,0
4907,0,null,0,0,0
4908,0,null,0,0,0
4909,0,null,0,0,0
4910,0,null,0,0,0
4911,0,null,0,0,0
4912,0,null,0,0,0
4913,0,null,0,0,0
4914,0,null,0,0,0
4915,0,null,0,0,0
4917,0,null,0,0,0
4918,446,pi-,1,1,1
4919,0,null,0,0,0
4920,0,null,0,0,0
4921,0,null,0,0,0
4922,0,null,0,0,0
4923,0,null,0,0,0
4924,0,null,0,0,0
4925,13,pi+,1,1,1
4926,1262,pi-,1,1,1
4927,0,null,0,0,0
4928,0,null,0,0,0
4929,0,null,0,0,0
4930,0,null,0,0,0
4931,0,null,0,0,0
4932,0,null,0,0,0
4933,0,null,0,0,0
4934,0,null,0,0,0
4935,0,null,0,0,0
4936,1,primary_proton,1,1,1
4937,0,null,0,0,0
4938,0,null,0,0,0
4939,0,null,0,0,0
4940,0,null,0,0,0
4941,0,null,0,0,0
4942,0,null,0,0,0
4943,0,null,0,0,0
4944,0,null,0,0,0
4945,0,null,0,0,0
4946,0,null,0,0,0
4947,1,primary_proton,1,1,1
4948,0,null,0,0,0
4949,0,null,0,0,0
4950,0,null,0,0,0
4951,0,null,0,0,0
4952,0,null,0,0,0
4953,0,null,0,0,0
4954,0,null,0,0,0
4955,0,null,0,0,0
4956,0,null,0,0,0
4957,0,null,0,0,0
4958,0,null,0,0,0
4959,0,null,0,0,0
4960,0,null,0,0,0
4961,0,null,0,0,0
4962,0,null,0,0,0
4963,0,null,0,0,0
4964,7,secondary_proton,1,1,1
4965,0,null,0,0,0
4966,0,null,0,0,0
4967,0,null,0,0,0
4968,0,null,0,0,0
4969,0,null,0,0,0
4970,0,null,0,0,0
4971,0,null,0,0,0
4972,0,null,0,0,0
4973,0,null,0,0,0
4974,0,null,0,0,0
4975,0,null,0,0,0
4976,0,null,0,0,0
4977,0,null,0,0,0
4978,0,null,0,0,0
4979,0,null,0,0,0
4980,1,primary_proton,1,1,1
4981,0,null,0,0,0
4982,0,null,0,0,0
4983,0,null,0,0,0
4984,0,null,0,0,0
4985,0,null,0,0,0
4986,0,null,0,0,0
4987,0,null,0,0,0
4988,0,null,0,0,0
4989,0,null,0,0,0
4990,0,null,0,0,0
4991,0,null,0,0,0
4992,0,null,0,0,0
4993,0,null,0,0,0
4994,0,null,0,0,0
4995,0,null,0,0,0
4996,0,null,0,0,0
4997,0,null,0,0,0
4998,9,pi+,1,1,1
4999,0,null,0,0,0
1,0,null,0,0,0
2,0,null,0,0,0
3,0,null,0,0,0
4,0,null,0,0,0
5,0,null,0,0,0
6,0,null,0,0,0
7,9,pi-,1,1,0
8,0,null,0,0,0
9,0,null,0,0,0
10,0,null,0,0,0
11,0,null,0,0,0
12,9,pi+,1,1,1
13,0,null,0,0,0
14,0,null,0,0,0
15,0,null,0,0,0
16,0,null,0,0,0
17,0,null,0,0,0
18,0,null,0,0,0
19,1,primary_proton,1,1,1
20,0,null,0,0,0
21,0,null,0,0,0
22,1,primary_proton,1,1,1
23,0,null,0,0,0
24,0,null,0,0,0
25,0,null,0,0,0
26,0,null,0,0,0
27,1,primary_proton,1,1,1
28,0,null,0,0,0
29,0,null,0,0,0
30,0,null,0,0,0
31,0,null,0,0,0
32,0,null,0,0,0
33,0,null,0,0,0
34,0,null,0,0,0
35,0,null,0,0,0
36,1,primary_proton,1,1,1
37,0,null,0,0,0
38,0,null,0,0,0
39,0,null,0,0,0
40,1,primary_proton,1,1,1
41,0,null,0,0,0
42,1,primary_proton,1,1,1
43,0,null,0,0,0
44,0,null,0,0,0
45,0,null,0,0,0
46,0,null,0,0,0
47,0,null,0,0,0
48,0,null,0,0,0
49,0,null,0,0,0
50,0,null,0,0,0
51,0,null,0,0,0
52,0,null,0,0,0
53,0,null,0,0,0
54,0,null,0,0,0
55,0,null,0,0,0
56,0,null,0,0,0
57,0,null,0,0,0
58,0,null,0,0,0
59,0,null,0,0,0
60,0,null,0,0,0
61,0,null,0,0,0
62,0,null,0,0,0
63,0,null,0,0,0
64,0,null,0,0,0
65,0,null,0,0,0
66,0,null,0,0,0
67,0,null,0,0,0
68,0,null,0,0,0
69,0,null,0,0,0
70,0,null,0,0,0
71,0,null,0,0,0
72,0,null,0,0,0
73,0,null,0,0,0
74,0,null,0,0,0
75,0,null,0,0,0
76,0,null,0,0,0
77,0,null,0,0,0
78,0,null,0,0,0
79,0,null,0,0,0
80,0,null,0,0,0
81,0,null,0,0,0
82,0,null,0,0,0
83,0,null,0,0,0
84,0,null,0,0,0
85,0,null,0,0,0
86,0,null,0,0,0
87,3,secondary_proton,1,1,1
88,0,null,0,0,0
89,0,null,0,0,0
90,0,null,0,0,0
91,0,null,0,0,0
92,0,null,0,0,0
93,0,null,0,0,0
94,0,null,0,0,0
95,0,null,0,0,0
96,1,primary_proton,1,1,1
97,0,null,0,0,0
98,0,null,0,0,0
99,0,null,0,0,0
100,0,null,0,0,0
101,0,null,0,0,0
102,0,null,0,0,0
103,0,null,0,0,0
104,0,null,0,0,0
105,0,null,0,0,0
106,0,null,0,0,0
107,0,null,0,0,0
108,0,null,0,0,0
109,0,null,0,0,0
110,0,null,0,0,0
111,0,null,0,0,0
112,0,null,0,0,0
113,3,secondary_proton,1,1,1
114,0,null,0,0,0
115,0,null,0,0,0
116,0,null,0,0,0
117,0,null,0,0,0
118,0,null,0,0,0
119,0,null,0,0,0
120,0,null,0,0,0
121,0,null,0,0,0
122,0,null,0,0,0
123,0,null,0,0,0
124,0,null,0,0,0
125,0,null,0,0,0
126,0,null,0,0,0
127,723,pi-,1,0,1
128,0,null,0,0,0
129,1,primary_proton,1,1,1
130,0,null,0,0,0
131,0,null,0,0,0
132,0,null,0,0,0
133,0,null,0,0,0
134,0,null,0,0,0
135,0,null,0,0,0
136,0,null,0,0,0
137,0,null,0,0,0
138,0,null,0,0,0
139,0,null,0,0,0
140,0,null,0,0,0
141,1,primary_proton,1,1,1
142,0,null,0,0,0
143,0,null,0,0,0
144,0,null,0,0,0
145,0,null,0,0,0
146,0,null,0,0,0
147,0,null,0,0,0
148,0,null,0,0,0
149,0,null,0,0,0
150,0,null,0,0,0
151,0,null,0,0,0
152,0,null,0,0,0
153,1,primary_proton,1,1,1
154,0,null,0,0,0
155,0,null,0,0,0
156,0,null,0,0,0
157,0,null,0,0,0
158,0,null,0,0,0
159,0,null,0,0,0
160,0,null,0,0,0
161,0,null,0,0,0
162,0,null,0,0,0
163,0,null,0,0,0
164,6,secondary_proton,1,1,1
165,0,null,0,0,0
166,0,null,0,0,0
167,0,null,0,0,0
168,0,null,0,0,0
169,0,null,0,0,0
170,0,null,0,0,0
171,0,null,0,0,0
172,0,null,0,0,0
173,0,null,0,0,0
174,0,null,0,0,0
175,0,null,0,0,0
176,0,null,0,0,0
177,0,null,0,0,0
178,0,null,0,0,0
179,0,null,0,0,0
180,0,null,0,0,0
181,0,null,0,0,0
182,0,null,0,0,0
183,0,null,0,0,0
184,0,null,0,0,0
185,0,null,0,0,0
186,0,null,0,0,0
187,0,null,0,0,0
188,0,null,0,0,0
189,1,primary_proton,1,1,1
190,0,null,0,0,0
191,0,null,0,0,0
192,0,null,0,0,0
193,0,null,0,0,0
194,1,primary_proton,1,1,1
195,0,null,0,0,0
196,0,null,0,0,0
197,0,null,0,0,0
198,0,null,0,0,0
199,0,null,0,0,0
200,0,null,0,0,0
201,0,null,0,0,0
202,0,null,0,0,0
203,0,null,0,0,0
204,0,null,0,0,0
205,0,null,0,0,0
206,0,null,0,0,0
207,0,null,0,0,0
208,12,secondary_proton,1,1,1
209,0,null,0,0,0
210,0,null,0,0,0
211,0,null,0,0,0
212,10,pi+,1,1,1
213,0,null,0,0,0
214,0,null,0,0,0
215,0,null,0,0,0
216,0,null,0,0,0
217,0,null,0,0,0
218,0,null,0,0,0
219,0,null,0,0,0
220,0,null,0,0,0
221,0,null,0,0,0
222,0,null,0,0,0
223,0,null,0,0,0
224,0,null,0,0,0
225,0,null,0,0,0
226,0,null,0,0,0
227,0,null,0,0,0
228,0,null,0,0,0
229,0,null,0,0,0
230,0,null,0,0,0
231,0,null,0,0,0
232,0,null,0,0,0
233,0,null,0,0,0
234,0,null,0,0,0
235,0,null,0,0,0
236,0,null,0,0,0
238,0,null,0,0,0
239,0,null,0,0,0
240,0,null,0,0,0
241,0,null,0,0,0
242,0,null,0,0,0
243,0,null,0,0,0
244,0,null,0,0,0
245,0,null,0,0,0
246,0,null,0,0,0
247,0,null,0,0,0
248,10,pi+,1,1,1
249,0,null,0,0,0
250,0,null,0,0,0
251,0,null,0,0,0
252,0,null,0,0,0
253,0,null,0,0,0
254,0,null,0,0,0
255,0,null,0,0,0
256,0,null,0,0,0
257,19,pi+,1,1,1
258,1,primary_proton,1,1,1
259,0,null,0,0,0
260,0,null,0,0,0
261,0,null,0,0,0
262,0,null,0,0,0
263,0,null,0,0,0
264,0,null,0,0,0
265,0,null,0,0,0
266,0,null,0,0,0
267,0,null,0,0,0
268,0,null,0,0,0
269,0,null,0,0,0
270,1,primary_proton,1,1,1
271,0,null,0,0,0
272,0,null,0,0,0
273,0,null,0,0,0
274,0,null,0,0,0
275,0,null,0,0,0
276,2,secondary_proton,1,1,0
277,10,secondary_proton,1,1,1
278,0,null,0,0,0
279,0,null,0,0,0
280,0,null,0,0,0
281,0,null,0,0,0
282,0,null,0,0,0
283,1,primary_proton,1,1,1
284,4,secondary_proton,1,1,1
285,0,null,0,0,0
286,0,null,0,0,0
287,2,secondary_proton,1,1,1
288,0,null,0,0,0
289,0,null,0,0,0
290,0,null,0,0,0
291,0,null,0,0,0
292,0,null,0,0,0
293,0,null,0,0,0
294,0,null,0,0,0
295,0,null,0,0,0
296,0,null,0,0,0
297,0,null,0,0,0
298,0,null,0,0,0
299,0,null,0,0,0
300,0,null,0,0,0
301,0,null,0,0,0
302,0,null,0,0,0
303,0,null,0,0,0
304,1,primary_proton,1,1,1
305,1,primary_proton,1,1,1
306,0,null,0,0,0
307,0,null,0,0,0
308,0,null,0,0,0
309,0,null,0,0,0
310,0,null,0,0,0
311,0,null,0,0,0
312,0,null,0,0,0
313,0,null,0,0,0
314,0,null,0,0,0
315,0,null,0,0,0
316,0,null,0,0,0
317,8,pi-,1,1,1
318,639,e-,1,1,1
319,0,null,0,0,0
320,0,null,0,0,0
321,0,null,0,0,0
322,0,null,0,0,0
323,0,null,0,0,0
324,0,null,0,0,0
325,0,null,0,0,0
326,0,null,0,0,0
327,0,null,0,0,0
328,0,null,0,0,0
329,0,null,0,0,0
330,0,null,0,0,0
331,0,null,0,0,0
332,0,null,0,0,0
333,0,null,0,0,0
334,0,null,0,0,0
335,0,null,0,0,0
336,0,null,0,0,0
337,0,null,0,0,0
338,0,null,0,0,0
339,0,null,0,0,0
340,0,null,0,0,0
341,0,null,0,0,0
342,0,null,0,0,0
343,0,null,0,0,0
344,0,null,0,0,0
345,0,null,0,0,0
346,0,null,0,0,0
347,0,null,0,0,0
348,0,null,0,0,0
349,0,null,0,0,0
350,0,null,0,0,0
351,1,primary_proton,1,1,1
352,0,null,0,0,0
353,0,null,0,0,0
354,0,null,0,0,0
355,0,null,0,0,0
356,0,null,0,0,0
357,0,null,0,0,0
358,0,null,0,0,0
359,0,null,0,0,0
360,0,null,0,0,0
361,0,null,0,0,0
362,0,null,0,0,0
363,0,null,0,0,0
364,0,null,0,0,0
365,0,null,0,0,0
366,0,null,0,0,0
367,0,null,0,0,0
368,0,null,0,0,0
369,0,null,0,0,0
370,0,null,0,0,0
371,0,null,0,0,0
372,0,null,0,0,0
373,0,null,0,0,0
374,0,null,0,0,0
375,0,null,0,0,0
376,0,null,0,0,0
377,0,null,0,0,0
378,0,null,0,0,0
379,0,null,0,0,0
380,0,null,0,0,0
381,0,null,0,0,0
382,0,null,0,0,0
383,11,pi-,1,1,1
384,7,secondary_proton,1,1,1
385,0,null,0,0,0
386,0,null,0,0,0
387,0,null,0,0,0
388,0,null,0,0,0
389,0,null,0,0,0
390,0,null,0,0,0
391,0,null,0,0,0
392,0,null,0,0,0
393,0,null,0,0,0
394,0,null,0,0,0
395,0,null,0,0,0
396,0,null,0,0,0
397,0,null,0,0,0
398,0,null,0,0,0
399,0,null,0,0,0
400,0,null,0,0,0
401,0,null,0,0,0
402,0,null,0,0,0
403,0,null,0,0,0
404,0,null,0,0,0
405,0,null,0,0,0
406,0,null,0,0,0
407,0,null,0,0,0
408,0,null,0,0,0
409,0,null,0,0,0
410,0,null,0,0,0
411,0,null,0,0,0
412,0,null,0,0,0
413,0,null,0,0,0
414,1,primary_proton,1,1,1
415,0,null,0,0,0
416,0,null,0,0,0
417,1,primary_proton,1,1,1
418,0,null,0,0,0
419,0,null,0,0,0
420,0,null,0,0,0
421,0,null,0,0,0
422,0,null,0,0,0
423,0,null,0,0,0
424,15,pi-,1,1,1
425,0,null,0,0,0
426,0,null,0,0,0
427,0,null,0,0,0
428,0,null,0,0,0
429,0,null,0,0,0
430,0,null,0,0,0
431,0,null,0,0,0
432,0,null,0,0,0
433,0,null,0,0,0
434,0,null,0,0,0
435,266,secondary_proton,1,1,1
436,0,null,0,0,0
437,0,null,0,0,0
438,0,null,0,0,0
439,0,null,0,0,0
440,0,null,0,0,0
441,0,null,0,0,0
442,0,null,0,0,0
443,0,null,0,0,0
444,0,null,0,0,0
445,0,null,0,0,0
446,0,null,0,0,0
447,0,null,0,0,0
448,0,null,0,0,0
449,0,null,0,0,0
450,0,null,0,0,0
451,0,null,0,0,0
452,0,null,0,0,0
453,0,null,0,0,0
454,0,null,0,0,0
455,0,null,0,0,0
456,0,null,0,0,0
457,0,null,0,0,0
458,0,null,0,0,0
459,0,null,0,0,0
460,0,null,0,0,0
461,0,null,0,0,0
462,0,null,0,0,0
463,0,null,0,0,0
464,4,pi+,1,0,1
465,0,null,0,0,0
466,0,null,0,0,0
467,0,null,0,0,0
468,0,null,0,0,0
470,0,null,0,0,0
471,0,null,0,0,0
472,0,null,0,0,0
473,0,null,0,0,0
474,0,null,0,0,0
475,10,pi+,1,1,1
476,0,null,0,0,0
477,0,null,0,0,0
478,0,null,0,0,0
479,0,null,0,0,0
480,0,null,0,0,0
481,0,null,0,0,0
482,0,null,0,0,0
483,0,null,0,0,0
484,1,primary_proton,1,1,1
485,0,null,0,0,0
486,0,null,0,0,0
487,7,secondary_proton,1,1,1
488,0,null,0,0,0
489,0,null,0,0,0
490,0,null,0,0,0
491,1,primary_proton,1,1,1
492,0,null,0,0,0
493,0,null,0,0,0
494,0,null,0,0,0
495,0,null,0,0,0
496,0,null,0,0,0
497,0,null,0,0,0
498,0,null,0,0,0
499,0,null,0,0,0
500,0,null,0,0,0
501,0,null,0,0,0
502,0,null,0,0,0
503,0,null,0,0,0
504,0,null,0,0,0
505,0,null,0,0,0
506,0,null,0,0,0
507,0,null,0,0,0
508,0,null,0,0,0
509,4,pi-,1,0,0
510,0,null,0,0,0
511,0,null,0,0,0
512,0,null,0,0,0
513,0,null,0,0,0
514,0,null,0,0,0
515,11,secondary_proton,1,1,1
516,0,null,0,0,0
517,0,null,0,0,0
518,0,null,0,0,0
519,0,null,0,0,0
520,0,null,0,0,0
521,0,null,0,0,0
522,0,null,0,0,0
523,0,null,0,0,0
524,0,null,0,0,0
525,0,null,0,0,0
526,0,null,0,0,0
527,0,null,0,0,0
528,0,null,0,0,0
529,0,null,0,0,0
530,0,null,0,0,0
531,0,null,0,0,0
532,0,null,0,0,0
533,0,null,0,0,0
534,0,null,0,0,0
535,0,null,0,0,0
536,0,null,0,0,0
537,0,null,0,0,0
538,0,null,0,0,0
539,1,primary_proton,1,1,1
540,0,null,0,0,0
541,1740,pi-,1,1,0
542,0,null,0,0,0
543,16,pi+,1,1,0
544,0,null,0,0,0
545,0,null,0,0,0
546,9,pi+,1,1,0
547,0,null,0,0,0
548,0,null,0,0,0
549,0,null,0,0,0
550,0,null,0,0,0
551,0,null,0,0,0
552,0,null,0,0,0
553,0,null,0,0,0
554,0,null,0,0,0
555,0,null,0,0,0
556,0,null,0,0,0
557,0,null,0,0,0
558,0,null,0,0,0
559,0,null,0,0,0
560,794,pi-,1,0,0
561,621,e-,1,1,1
562,0,null,0,0,0
563,0,null,0,0,0
564,0,null,0,0,0
565,0,null,0,0,0
566,0,null,0,0,0
567,0,null,0,0,0
568,0,null,0,0,0
569,0,null,0,0,0
570,0,null,0,0,0
571,0,null,0,0,0
572,0,null,0,0,0
573,0,null,0,0,0
574,0,null,0,0,0
575,0,null,0,0,0
576,1,primary_proton,1,1,1
577,0,null,0,0,0
578,0,null,0,0,0
579,0,null,0,0,0
580,0,null,0,0,0
581,0,null,0,0,0
582,0,null,0,0,0
583,0,null,0,0,0
584,0,null,0,0,0
585,0,null,0,0,0
586,0,null,0,0,0
587,0,null,0,0,0
588,0,null,0,0,0
589,0,null,0,0,0
590,0,null,0,0,0
591,0,null,0,0,0
592,0,null,0,0,0
593,0,null,0,0,0
594,0,null,0,0,0
595,0,null,0,0,0
596,0,null,0,0,0
597,0,null,0,0,0
598,0,null,0,0,0
599,0,null,0,0,0
600,1,primary_proton,1,1,1
601,0,null,0,0,0
602,0,null,0,0,0
603,0,null,0,0,0
604,0,null,0,0,0
605,0,null,0,0,0
606,0,null,0,0,0
607,0,null,0,0,0
608,0,null,0,0,0
609,0,null,0,0,0
610,0,null,0,0,0
611,0,null,0,0,0
612,0,null,0,0,0
613,0,null,0,0,0
614,0,null,0,0,0
615,0,null,0,0,0
616,0,null,0,0,0
617,0,null,0,0,0
618,0,null,0,0,0
619,0,null,0,0,0
620,1,primary_proton,1,1,1
621,0,null,0,0,0
622,0,null,0,0,0
623,1,primary_proton,1,0,0
624,0,null,0,0,0
625,0,null,0,0,0
626,0,null,0,0,0
627,0,null,0,0,0
628,0,null,0,0,0
629,0,null,0,0,0
630,0,null,0,0,0
631,0,null,0,0,0
632,0,null,0,0,0
633,0,null,0,0,0
634,0,null,0,0,0
635,0,null,0,0,0
636,5,pi-,1,1,1
637,0,null,0,0,0
638,0,null,0,0,0
639,0,null,0,0,0
640,0,null,0,0,0
641,0,null,0,0,0
642,0,null,0,0,0
643,0,null,0,0,0
644,0,null,0,0,0
645,0,null,0,0,0
646,0,null,0,0,0
647,0,null,0,0,0
648,0,null,0,0,0
649,0,null,0,0,0
650,0,null,0,0,0
651,7,secondary_proton,1,1,1
652,0,null,0,0,0
653,7,pi-,1,0,0
654,0,null,0,0,0
655,0,null,0,0,0
656,0,null,0,0,0
657,0,null,0,0,0
658,0,null,0,0,0
659,0,null,0,0,0
660,0,null,0,0,0
661,0,null,0,0,0
662,0,null,0,0,0
663,0,null,0,0,0
664,0,null,0,0,0
665,0,null,0,0,0
666,0,null,0,0,0
667,0,null,0,0,0
668,0,null,0,0,0
669,0,null,0,0,0
670,0,null,0,0,0
671,0,null,0,0,0
672,0,null,0,0,0
673,0,null,0,0,0
674,0,null,0,0,0
675,0,null,0,0,0
676,0,null,0,0,0
677,0,null,0,0,0
678,0,null,0,0,0
679,0,null,0,0,0
680,0,null,0,0,0
681,0,null,0,0,0
682,0,null,0,0,0
683,0,null,0,0,0
684,0,null,0,0,0
685,0,null,0,0,0
686,0,null,0,0,0
687,0,null,0,0,0
688,0,null,0,0,0
689,0,null,0,0,0
690,0,null,0,0,0
691,0,null,0,0,0
692,0,null,0,0,0
693,0,null,0,0,0
694,1,primary_proton,1,1,1
695,0,null,0,0,0
696,0,null,0,0,0
697,0,null,0,0,0
698,0,null,0,0,0
699,0,null,0,0,0
700,0,null,0,0,0
701,57,pi-,1,1,1
702,0,null,0,0,0
704,0,null,0,0,0
705,0,null,0,0,0
706,0,null,0,0,0
707,0,null,0,0,0
708,0,null,0,0,0
709,0,null,0,0,0
710,0,null,0,0,0
711,0,null,0,0,0
712,0,null,0,0,0
713,0,null,0,0,0
714,0,null,0,0,0
715,0,null,0,0,0
716,0,null,0,0,0
717,0,null,0,0,0
718,0,null,0,0,0
719,0,null,0,0,0
720,0,null,0,0,0
721,0,null,0,0,0
722,0,null,0,0,0
723,0,null,0,0,0
724,0,null,0,0,0
725,0,null,0,0,0
726,0,null,0,0,0
727,0,null,0,0,0
728,0,null,0,0,0
729,0,null,0,0,0
730,0,null,0,0,0
731,0,null,0,0,0
732,0,null,0,0,0
733,0,null,0,0,0
734,0,null,0,0,0
735,8,pi+,1,1,0
736,0,null,0,0,0
737,0,null,0,0,0
738,0,null,0,0,0
739,0,null,0,0,0
740,0,null,0,0,0
741,0,null,0,0,0
742,0,null,0,0,0
743,1,primary_proton,1,1,1
744,0,null,0,0,0
745,0,null,0,0,0
746,0,null,0,0,0
747,0,null,0,0,0
748,0,null,0,0,0
749,0,null,0,0,0
750,0,null,0,0,0
751,0,null,0,0,0
752,0,null,0,0,0
753,0,null,0,0,0
754,0,null,0,0,0
755,0,null,0,0,0
756,0,null,0,0,0
757,0,null,0,0,0
758,0,null,0,0,0
759,0,null,0,0,0
760,0,null,0,0,0
761,0,null,0,0,0
762,1,primary_proton,1,1,1
763,0,null,0,0,0
764,0,null,0,0,0
765,0,null,0,0,0
766,0,null,0,0,0
767,0,null,0,0,0
768,0,null,0,0,0
769,1,primary_proton,1,1,1
770,0,null,0,0,0
771,0,null,0,0,0
772,0,null,0,0,0
773,0,null,0,0,0
774,0,null,0,0,0
775,0,null,0,0,0
776,0,null,0,0,0
777,0,null,0,0,0
778,0,null,0,0,0
779,0,null,0,0,0
780,17,pi-,1,1,1
781,0,null,0,0,0
782,0,null,0,0,0
783,0,null,0,0,0
784,0,null,0,0,0
785,0,null,0,0,0
786,1,primary_proton,1,1,1
787,0,null,0,0,0
788,0,null,0,0,0
789,0,null,0,0,0
790,0,null,0,0,0
791,0,null,0,0,0
792,0,null,0,0,0
793,0,null,0,0,0
794,1,primary_proton,1,1,1
795,0,null,0,0,0
796,0,null,0,0,0
797,0,null,0,0,0
798,1,primary_proton,1,1,1
799,0,null,0,0,0
800,0,null,0,0,0
801,0,null,0,0,0
802,0,null,0,0,0
803,0,null,0,0,0
804,0,null,0,0,0
805,0,null,0,0,0
806,0,null,0,0,0
807,0,null,0,0,0
808,9,secondary_proton,1,1,1
809,0,null,0,0,0
810,0,null,0,0,0
811,0,null,0,0,0
812,0,null,0,0,0
813,0,null,0,0,0
814,0,null,0,0,0
815,0,null,0,0,0
816,0,null,0,0,0
817,0,null,0,0,0
818,0,null,0,0,0
819,0,null,0,0,0
820,0,null,0,0,0
821,1,primary_proton,1,1,1
822,0,null,0,0,0
823,0,null,0,0,0
824,0,null,0,0,0
825,1,primary_proton,1,1,1
826,0,null,0,0,0
827,0,null,0,0,0
828,0,null,0,0,0
829,0,null,0,0,0
830,0,null,0,0,0
831,0,null,0,0,0
832,0,null,0,0,0
833,0,null,0,0,0
834,11,pi-,1,0,0
835,22,pi-,1,1,0
836,0,null,0,0,0
837,0,null,0,0,0
838,0,null,0,0,0
839,0,null,0,0,0
840,0,null,0,0,0
841,7,secondary_proton,1,1,0
842,0,null,0,0,0
843,0,null,0,0,0
844,0,null,0,0,0
845,0,null,0,0,0
846,0,null,0,0,0
847,0,null,0,0,0
848,0,null,0,0,0
849,0,null,0,0,0
850,0,null,0,0,0
851,0,null,0,0,0
852,0,null,0,0,0
853,0,null,0,0,0
854,0,null,0,0,0
855,0,null,0,0,0
856,0,null,0,0,0
857,0,null,0,0,0
858,0,null,0,0,0
859,0,null,0,0,0
860,0,null,0,0,0
861,0,null,0,0,0
862,0,null,0,0,0
863,0,null,0,0,0
864,0,null,0,0,0
865,0,null,0,0,0
866,0,null,0,0,0
867,0,null,0,0,0
868,0,null,0,0,0
869,0,null,0,0,0
870,0,null,0,0,0
871,0,null,0,0,0
872,0,null,0,0,0
873,13,pi+,1,1,1
874,0,null,0,0,0
875,0,null,0,0,0
876,1,primary_proton,1,1,1
877,0,null,0,0,0
878,1,primary_proton,1,1,1
879,0,null,0,0,0
880,0,null,0,0,0
881,0,null,0,0,0
882,0,null,0,0,0
883,0,null,0,0,0
884,0,null,0,0,0
885,0,null,0,0,0
886,0,null,0,0,0
887,0,null,0,0,0
888,0,null,0,0,0
889,0,null,0,0,0
890,0,null,0,0,0
891,0,null,0,0,0
892,0,null,0,0,0
893,0,null,0,0,0
894,0,null,0,0,0
895,0,null,0,0,0
896,0,null,0,0,0
897,0,null,0,0,0
898,0,null,0,0,0
899,0,null,0,0,0
900,0,null,0,0,0
901,0,null,0,0,0
902,0,null,0,0,0
903,0,null,0,0,0
904,0,null,0,0,0
905,0,null,0,0,0
906,0,null,0,0,0
907,0,null,0,0,0
908,0,null,0,0,0
909,0,null,0,0,0
910,0,null,0,0,0
911,0,null,0,0,0
912,0,null,0,0,0
913,0,null,0,0,0
914,0,null,0,0,0
915,0,null,0,0,0
916,0,null,0,0,0
917,0,null,0,0,0
918,0,null,0,0,0
919,0,null,0,0,0
920,0,null,0,0,0
921,0,null,0,0,0
922,0,null,0,0,0
923,0,null,0,0,0
924,0,null,0,0,0
925,7,secondary_proton,1,0,0
926,0,null,0,0,0
927,0,null,0,0,0
928,0,null,0,0,0
929,0,null,0,0,0
930,0,null,0,0,0
931,0,null,0,0,0
932,0,null,0,0,0
933,7,pi+,1,1,1
934,0,null,0,0,0
935,0,null,0,0,0
937,0,null,0,0,0
938,0,null,0,0,0
939,0,null,0,0,0
940,0,null,0,0,0
941,0,null,0,0,0
942,0,null,0,0,0
943,0,null,0,0,0
944,0,null,0,0,0
945,0,null,0,0,0
946,0,null,0,0,0
947,0,null,0,0,0
948,0,null,0,0,0
949,0,null,0,0,0
950,0,null,0,0,0
951,0,null,0,0,0
952,0,null,0,0,0
953,0,null,0,0,0
954,0,null,0,0,0
955,0,null,0,0,0
956,0,null,0,0,0
957,0,null,0,0,0
958,0,null,0,0,0
959,0,null,0,0,0
960,0,null,0,0,0
961,0,null,0,0,0
962,0,null,0,0,0
963,0,null,0,0,0
964,0,null,0,0,0
965,0,null,0,0,0
966,0,null,0,0,0
967,0,null,0,0,0
968,0,null,0,0,0
969,0,null,0,0,0
970,0,null,0,0,0
971,0,null,0,0,0
972,0,null,0,0,0
973,0,null,0,0,0
974,0,null,0,0,0
975,0,null,0,0,0
976,0,null,0,0,0
977,0,null,0,0,0
978,0,null,0,0,0
979,0,null,0,0,0
980,0,null,0,0,0
981,0,null,0,0,0
982,0,null,0,0,0
983,0,null,0,0,0
984,1,primary_proton,1,1,1
985,1,primary_proton,1,1,1
986,0,null,0,0,0
987,0,null,0,0,0
988,0,null,0,0,0
989,0,null,0,0,0
990,0,null,0,0,0
991,0,null,0,0,0
992,0,null,0,0,0
993,0,null,0,0,0
994,5,secondary_proton,1,1,1
995,0,null,0,0,0
996,0,null,0,0,0
997,0,null,0,0,0
998,0,null,0,0,0
999,0,null,0,0,0
1000,0,null,0,0,0
1001,0,null,0,0,0
1002,0,null,0,0,0
1003,0,null,0,0,0
1004,1,primary_proton,1,1,1
1005,0,null,0,0,0
1006,0,null,0,0,0
1007,0,null,0,0,0
1008,0,null,0,0,0
1009,0,null,0,0,0
1010,0,null,0,0,0
1011,0,null,0,0,0
1012,0,null,0,0,0
1013,0,null,0,0,0
1014,0,null,0,0,0
1015,0,null,0,0,0
1016,0,null,0,0,0
1017,0,null,0,0,0
1018,1,primary_proton,1,1,1
1019,0,null,0,0,0
1020,0,null,0,0,0
1021,0,null,0,0,0
1022,0,null,0,0,0
1023,0,null,0,0,0
1024,0,null,0,0,0
1025,0,null,0,0,0
1026,0,null,0,0,0
1027,0,null,0,0,0
1028,0,null,0,0,0
1029,1,primary_proton,1,1,1
1030,0,null,0,0,0
1031,0,null,0,0,0
1032,0,null,0,0,0
1033,0,null,0,0,0
1034,0,null,0,0,0
1035,0,null,0,0,0
1036,0,null,0,0,0
1037,0,null,0,0,0
1038,0,null,0,0,0
1039,0,null,0,0,0
1040,0,null,0,0,0
1041,1,primary_proton,1,1,1
1042,0,null,0,0,0
1043,0,null,0,0,0
1044,0,null,0,0,0
1045,0,null,0,0,0
1046,1,primary_proton,1,1,1
1047,0,null,0,0,0
1048,1,primary_proton,1,1,1
1049,0,null,0,0,0
1050,0,null,0,0,0
1051,0,null,0,0,0
1052,0,null,0,0,0
1053,0,null,0,0,0
1054,0,null,0,0,0
1055,0,null,0,0,0
1056,0,null,0,0,0
1057,0,null,0,0,0
1058,0,null,0,0,0
1059,0,null,0,0,0
1060,1,primary_proton,1,1,1
1061,0,null,0,0,0
1062,0,null,0,0,0
1063,0,null,0,0,0
1064,0,null,0,0,0
1065,0,null,0,0,0
1066,0,null,0,0,0
1067,0,null,0,0,0
1068,0,null,0,0,0
1069,0,null,0,0,0
1070,0,null,0,0,0
1071,0,null,0,0,0
1072,149,secondary_proton,1,1,1
1073,0,null,0,0,0
1074,0,null,0,0,0
1075,0,null,0,0,0
1076,0,null,0,0,0
1077,0,null,0,0,0
1078,0,null,0,0,0
1079,1,primary_proton,1,1,1
1080,0,null,0,0,0
1081,0,null,0,0,0
1082,0,null,0,0,0
1083,0,null,0,0,0
1084,0,null,0,0,0
1085,0,null,0,0,0
1086,0,null,0,0,0
1087,0,null,0,0,0
1088,0,null,0,0,0
1089,0,null,0,0,0
1090,0,null,0,0,0
1091,0,null,0,0,0
1092,0,null,0,0,0
1093,0,null,0,0,0
1094,0,null,0,0,0
1095,0,null,0,0,0
1096,0,null,0,0,0
1097,0,null,0,0,0
1098,0,null,0,0,0
1099,0,null,0,0,0
1100,0,null,0,0,0
1101,0,null,0,0,0
1102,0,null,0,0,0
1103,0,null,0,0,0
1104,0,null,0,0,0
1105,0,null,0,0,0
1106,0,null,0,0,0
1107,0,null,0,0,0
1108,0,null,0,0,0
1109,0,null,0,0,0
1110,0,null,0,0,0
1111,0,null,0,0,0
1112,0,null,0,0,0
1113,0,null,0,0,0
1114,0,null,0,0,0
1115,0,null,0,0,0
1116,0,null,0,0,0
1117,0,null,0,0,0
1118,0,null,0,0,0
1119,0,null,0,0,0
1120,0,null,0,0,0
1121,0,null,0,0,0
1122,0,null,0,0,0
1123,0,null,0,0,0
1124,0,null,0,0,0
1125,0,null,0,0,0
1126,0,null,0,0,0
1127,0,null,0,0,0
1128,0,null,0,0,0
1129,0,null,0,0,0
1130,7,pi-,1,1,1
1131,0,null,0,0,0
1132,0,null,0,0,0
1133,0,null,0,0,0
1134,0,null,0,0,0
1135,0,null,0,0,0
1136,0,null,0,0,0
1137,1,primary_proton,1,1,1
1138,0,null,0,0,0
1139,0,null,0,0,0
1140,0,null,0,0,0
1141,20,secondary_proton,1,1,1
1142,0,null,0,0,0
1143,0,null,0,0,0
1144,0,null,0,0,0
1145,0,null,0,0,0
1146,0,null,0,0,0
1147,0,null,0,0,0
1148,0,null,0,0,0
1149,0,null,0,0,0
1150,0,null,0,0,0
1151,0,null,0,0,0
1152,0,null,0,0,0
1153,0,null,0,0,0
1154,0,null,0,0,0
1155,0,null,0,0,0
1156,0,null,0,0,0
1157,0,null,0,0,0
1158,0,null,0,0,0
1160,17,pi-,1,1,1
1161,0,null,0,0,0
1162,0,null,0,0,0
1163,0,null,0,0,0
1164,0,null,0,0,0
1165,0,null,0,0,0
1166,0,null,0,0,0
1167,0,null,0,0,0
1168,0,null,0,0,0
1169,0,null,0,0,0
1170,0,null,0,0,0
1171,0,null,0,0,0
1172,0,null,0,0,0
1173,0,null,0,0,0
1174,0,null,0,0,0
1175,0,null,0,0,0
1176,0,null,0,0,0
1177,0,null,0,0,0
1178,0,null,0,0,0
1179,0,null,0,0,0
1180,0,null,0,0,0
1181,0,null,0,0,0
1182,0,null,0,0,0
1183,0,null,0,0,0
1184,0,null,0,0,0
1185,0,null,0,0,0
1186,0,null,0,0,0
1187,0,null,0,0,0
1188,1,primary_proton,1,1,1
1189,1,primary_proton,1,1,1
1190,0,null,0,0,0
1191,0,null,0,0,0
1192,0,null,0,0,0
1193,0,null,0,0,0
1194,0,null,0,0,0
1195,0,null,0,0,0
1196,0,null,0,0,0
1197,0,null,0,0,0
1198,0,null,0,0,0
1199,1,primary_proton,1,1,1
1200,0,null,0,0,0
1201,0,null,0,0,0
1202,0,null,0,0,0
1203,0,null,0,0,0
1204,4,pi+,1,0,0
1205,0,null,0,0,0
1206,0,null,0,0,0
1207,6,secondary_proton,1,1,1
1208,0,null,0,0,0
1209,0,null,0,0,0
1210,0,null,0,0,0
1211,0,null,0,0,0
1212,0,null,0,0,0
1213,0,null,0,0,0
1214,0,null,0,0,0
1215,0,null,0,0,0
1216,0,null,0,0,0
1217,0,null,0,0,0
1218,0,null,0,0,0
1219,0,null,0,0,0
1220,0,null,0,0,0
1221,0,null,0,0,0
1222,0,null,0,0,0
1223,1,primary_proton,1,1,1
1224,0,null,0,0,0
1225,0,null,0,0,0
1226,0,null,0,0,0
1227,0,null,0,0,0
1228,0,null,0,0,0
1229,0,null,0,0,0
1230,0,null,0,0,0
1231,3,secondary_proton,1,1,0
1232,0,null,0,0,0
1233,0,null,0,0,0
1234,0,null,0,0,0
1235,26,pi+,1,1,1
1236,0,null,0,0,0
1237,0,null,0,0,0
1238,0,null,0,0,0
1239,0,null,0,0,0
1240,0,null,0,0,0
1241,0,null,0,0,0
1242,0,null,0,0,0
1243,0,null,0,0,0
1244,0,null,0,0,0
1245,0,null,0,0,0
1246,0,null,0,0,0
1247,0,null,0,0,0
1248,0,null,0,0,0
1249,0,null,0,0,0
1250,0,null,0,0,0
1251,0,null,0,0,0
1252,0,null,0,0,0
1253,0,null,0,0,0
1254,0,null,0,0,0
1255,0,null,0,0,0
1256,0,null,0,0,0
1257,0,null,0,0,0
1258,0,null,0,0,0
1259,0,null,0,0,0
1260,0,null,0,0,0
1261,0,null,0,0,0
1262,0,null,0,0,0
1263,0,null,0,0,0
1264,0,null,0,0,0
1265,0,null,0,0,0
1266,0,null,0,0,0
1267,0,null,0,0,0
1268,0,null,0,0,0
1269,0,null,0,0,0
1270,0,null,0,0,0
1271,0,null,0,0,0
1272,0,null,0,0,0
1273,0,null,0,0,0
1274,0,null,0,0,0
1275,0,null,0,0,0
1276,0,null,0,0,0
1277,0,null,0,0,0
1278,0,null,0,0,0
1279,0,null,0,0,0
1280,0,null,0,0,0
1281,0,null,0,0,0
1282,0,null,0,0,0
1283,5,secondary_proton,1,1,1
1284,0,null,0,0,0
1285,0,null,0,0,0
1286,0,null,0,0,0
1287,0,null,0,0,0
1288,0,null,0,0,0
1289,0,null,0,0,0
1290,0,null,0,0,0
1291,0,null,0,0,0
1292,0,null,0,0,0
1293,0,null,0,0,0
1294,0,null,0,0,0
1295,0,null,0,0,0
1296,0,null,0,0,0
1297,0,null,0,0,0
1298,0,null,0,0,0
1299,0,null,0,0,0
1300,0,null,0,0,0
1301,0,null,0,0,0
1302,0,null,0,0,0
1303,0,null,0,0,0
1304,0,null,0,0,0
1305,0,null,0,0,0
1306,0,null,0,0,0
1307,0,null,0,0,0
1308,0,null,0,0,0
1309,0,null,0,0,0
1310,0,null,0,0,0
1311,0,null,0,0,0
1312,0,null,0,0,0
1313,0,null,0,0,0
1314,0,null,0,0,0
1315,0,null,0,0,0
1316,0,null,0,0,0
1317,0,null,0,0,0
1318,0,null,0,0,0
1319,0,null,0,0,0
1320,0,null,0,0,0
1321,0,null,0,0,0
1322,0,null,0,0,0
1323,16,secondary_proton,1,1,1
1324,0,null,0,0,0
1325,0,null,0,0,0
1326,0,null,0,0,0
1327,0,null,0,0,0
1328,0,null,0,0,0
1329,0,null,0,0,0
1330,0,null,0,0,0
1331,0,null,0,0,0
1332,0,null,0,0,0
1333,0,null,0,0,0
1334,0,null,0,0,0
1335,0,null,0,0,0
1336,0,null,0,0,0
1337,0,null,0,0,0
1338,0,null,0,0,0
1339,0,null,0,0,0
1340,0,null,0,0,0
1341,0,null,0,0,0
1342,0,null,0,0,0
1343,0,null,0,0,0
1344,0,null,0,0,0
1345,1,primary_proton,1,1,1
1346,0,null,0,0,0
1347,0,null,0,0,0
1348,0,null,0,0,0
1349,0,null,0,0,0
1350,0,null,0,0,0
1351,0,null,0,0,0
1352,0,null,0,0,0
1353,0,null,0,0,0
1354,0,null,0,0,0
1355,0,null,0,0,0
1356,0,null,0,0,0
1357,0,null,0,0,0
1358,0,null,0,0,0
1359,0,null,0,0,0
1360,0,null,0,0,0
1361,0,null,0,0,0
1362,0,null,0,0,0
1363,0,null,0,0,0
1364,0,null,0,0,0
1365,0,null,0,0,0
1366,0,null,0,0,0
1367,0,null,0,0,0
1368,0,null,0,0,0
1369,0,null,0,0,0
1370,0,null,0,0,0
1371,0,null,0,0,0
1372,0,null,0,0,0
1373,0,null,0,0,0
1374,0,null,0,0,0
1375,10,pi+,1,0,0
1376,0,null,0,0,0
1377,0,null,0,0,0
1378,0,null,0,0,0
1379,0,null,0,0,0
1380,0,null,0,0,0
1382,0,null,0,0,0
1383,0,null,0,0,0
1384,0,null,0,0,0
1385,0,null,0,0,0
1386,0,null,0,0,0
1387,0,null,0,0,0
1388,0,null,0,0,0
1389,0,null,0,0,0
1390,0,null,0,0,0
1391,0,null,0,0,0
1392,0,null,0,0,0
1393,0,null,0,0,0
1394,0,null,0,0,0
1395,0,null,0,0,0
1396,0,null,0,0,0
1397,0,null,0,0,0
1398,0,null,0,0,0
1399,0,null,0,0,0
1400,0,null,0,0,0
1401,0,null,0,0,0
1402,0,null,0,0,0
1403,0,null,0,0,0
1404,0,null,0,0,0
1405,0,null,0,0,0
1406,0,null,0,0,0
1407,0,null,0,0,0
1408,0,null,0,0,0
1409,0,null,0,0,0
1410,2266,e-,1,0,0
1411,0,null,0,0,0
1412,0,null,0,0,0
1413,0,null,0,0,0
1414,0,null,0,0,0
1415,0,null,0,0,0
1416,0,null,0,0,0
1417,0,null,0,0,0
1418,0,null,0,0,0
1419,0,null,0,0,0
1420,0,null,0,0,0
1421,11,pi+,1,1,1
1422,0,null,0,0,0
1423,0,null,0,0,0
1424,0,null,0,0,0
1425,0,null,0,0,0
1426,0,null,0,0,0
1427,0,null,0,0,0
1428,0,null,0,0,0
1429,0,null,0,0,0
1430,0,null,0,0,0
1431,0,null,0,0,0
1432,0,null,0,0,0
1433,0,null,0,0,0
1434,0,null,0,0,0
1435,0,null,0,0,0
1436,0,null,0,0,0
1437,0,null,0,0,0
1438,0,null,0,0,0
1439,0,null,0,0,0
1440,0,null,0,0,0
1441,0,null,0,0,0
1442,0,null,0,0,0
1443,0,null,0,0,0
1444,0,null,0,0,0
1445,0,null,0,0,0
1446,0,null,0,0,0
1447,0,null,0,0,0
1448,0,null,0,0,0
1449,0,null,0,0,0
1450,1,primary_proton,1,1,1
1451,0,null,0,0,0
1452,0,null,0,0,0
1453,0,null,0,0,0
1454,0,null,0,0,0
1455,0,null,0,0,0
1456,0,null,0,0,0
1457,0,null,0,0,0
1458,0,null,0,0,0
1459,0,null,0,0,0
1460,10,pi+,1,1,0
1461,0,null,0,0,0
1462,0,null,0,0,0
1463,0,null,0,0,0
1464,0,null,0,0,0
1465,0,null,0,0,0
1466,0,null,0,0,0
1467,0,null,0,0,0
1468,0,null,0,0,0
1469,0,null,0,0,0
1470,0,null,0,0,0
1471,0,null,0,0,0
1472,0,null,0,0,0
1473,0,null,0,0,0
1474,0,null,0,0,0
1475,0,null,0,0,0
1476,0,null,0,0,0
1477,0,null,0,0,0
1478,0,null,0,0,0
1479,1,primary_proton,1,1,1
1480,0,null,0,0,0
1481,0,null,0,0,0
1482,0,null,0,0,0
1483,0,null,0,0,0
1484,0,null,0,0,0
1485,0,null,0,0,0
1486,0,null,0,0,0
1487,0,null,0,0,0
1488,0,null,0,0,0
1489,0,null,0,0,0
1490,0,null,0,0,0
1491,0,null,0,0,0
1492,0,null,0,0,0
1493,0,null,0,0,0
1494,0,null,0,0,0
1495,0,null,0,0,0
1496,0,null,0,0,0
1497,0,null,0,0,0
1498,0,null,0,0,0
1499,0,null,0,0,0
1500,0,null,0,0,0
1501,0,null,0,0,0
1502,15,pi-,1,1,1
1503,0,null,0,0,0
1504,0,null,0,0,0
1505,0,null,0,0,0
1506,0,null,0,0,0
1507,0,null,0,0,0
1508,0,null,0,0,0
1509,0,null,0,0,0
1510,0,null,0,0,0
1511,0,null,0,0,0
1512,0,null,0,0,0
1513,0,null,0,0,0
1514,1,primary_proton,1,1,1
1515,0,null,0,0,0
1516,0,null,0,0,0
1517,6,pi+,1,1,1
1518,0,null,0,0,0
1519,0,null,0,0,0
1520,0,null,0,0,0
1521,0,null,0,0,0
1522,0,null,0,0,0
1523,0,null,0,0,0
1524,0,null,0,0,0
1525,5,secondary_proton,1,1,1
1526,0,null,0,0,0
1527,8,secondary_proton,1,1,0
1528,0,null,0,0,0
1529,0,null,0,0,0
1530,0,null,0,0,0
1531,0,null,0,0,0
1532,0,null,0,0,0
1533,0,null,0,0,0
1534,0,null,0,0,0
1535,0,null,0,0,0
1536,0,null,0,0,0
1537,0,null,0,0,0
1538,0,null,0,0,0
1539,1,primary_proton,1,1,1
1540,0,null,0,0,0
1541,0,null,0,0,0
1542,0,null,0,0,0
1543,0,null,0,0,0
1544,11,pi+,1,1,1
1545,0,null,0,0,0
1546,0,null,0,0,0
1547,0,null,0,0,0
1548,0,null,0,0,0
1549,0,null,0,0,0
1550,0,null,0,0,0
1551,0,null,0,0,0
1552,0,null,0,0,0
1553,0,null,0,0,0
1554,0,null,0,0,0
1555,0,null,0,0,0
1556,3160,e-,1,0,1
1557,0,null,0,0,0
1558,0,null,0,0,0
1559,0,null,0,0,0
1560,0,null,0,0,0
1561,0,null,0,0,0
1562,0,null,0,0,0
1563,0,null,0,0,0
1564,0,null,0,0,0
1565,0,null,0,0,0
1566,0,null,0,0,0
1567,0,null,0,0,0
1568,0,null,0,0,0
1569,0,null,0,0,0
1570,0,null,0,0,0
1571,0,null,0,0,0
1572,0,null,0,0,0
1573,0,null,0,0,0
1574,0,null,0,0,0
1575,1,primary_proton,1,1,1
1576,0,null,0,0,0
1577,0,null,0,0,0
1578,0,null,0,0,0
1579,0,null,0,0,0
1580,0,null,0,0,0
1581,0,null,0,0,0
1582,0,null,0,0,0
1583,0,null,0,0,0
1584,0,null,0,0,0
1585,0,null,0,0,0
1586,0,null,0,0,0
1587,0,null,0,0,0
1588,0,null,0,0,0
1589,0,null,0,0,0
1590,0,null,0,0,0
1591,0,null,0,0,0
1592,0,null,0,0,0
1593,0,null,0,0,0
1594,0,null,0,0,0
1595,0,null,0,0,0
1596,0,null,0,0,0
1597,0,null,0,0,0
1598,0,null,0,0,0
1599,0,null,0,0,0
1600,0,null,0,0,0
1601,0,null,0,0,0
1602,0,null,0,0,0
1603,0,null,0,0,0
1605,0,null,0,0,0
1606,0,null,0,0,0
1607,0,null,0,0,0
1608,0,null,0,0,0
1609,0,null,0,0,0
1610,4691,e-,0,1,1
1611,0,null,0,0,0
1612,0,null,0,0,0
1613,101,pi-,1,1,1
1614,0,null,0,0,0
1615,0,null,0,0,0
1616,0,null,0,0,0
1617,0,null,0,0,0
1618,0,null,0,0,0
1619,0,null,0,0,0
1620,0,null,0,0,0
1621,0,null,0,0,0
1622,0,null,0,0,0
1623,0,null,0,0,0
1624,0,null,0,0,0
1625,0,null,0,0,0
1626,0,null,0,0,0
1627,0,null,0,0,0
1628,5179,pi+,1,1,1
1629,246,e-,1,1,0
1630,0,null,0,0,0
1631,0,null,0,0,0
1632,0,null,0,0,0
1633,0,null,0,0,0
1634,0,null,0,0,0
1635,0,null,0,0,0
1636,0,null,0,0,0
1637,4,secondary_proton,1,1,1
1638,0,null,0,0,0
1639,0,null,0,0,0
1640,0,null,0,0,0
1641,0,null,0,0,0
1642,0,null,0,0,0
1643,0,null,0,0,0
1644,0,null,0,0,0
1645,0,null,0,0,0
1646,0,null,0,0,0
1647,0,null,0,0,0
1648,0,null,0,0,0
1649,0,null,0,0,0
1650,0,null,0,0,0
1651,0,null,0,0,0
1652,0,null,0,0,0
1653,0,null,0,0,0
1654,0,null,0,0,0
1655,0,null,0,0,0
1656,0,null,0,0,0
1657,0,null,0,0,0
1658,0,null,0,0,0
1659,0,null,0,0,0
1660,0,null,0,0,0
1661,0,null,0,0,0
1662,0,null,0,0,0
1663,0,null,0,0,0
1664,0,null,0,0,0
1665,0,null,0,0,0
1666,0,null,0,0,0
1667,0,null,0,0,0
1668,0,null,0,0,0
1669,0,null,0,0,0
1670,0,null,0,0,0
1671,1,primary_proton,1,1,1
1672,0,null,0,0,0
1673,0,null,0,0,0
1674,0,null,0,0,0
1675,1,primary_proton,1,1,1
1676,0,null,0,0,0
1677,0,null,0,0,0
1678,0,null,0,0,0
1679,0,null,0,0,0
1680,0,null,0,0,0
1681,0,null,0,0,0
1682,0,null,0,0,0
1683,0,null,0,0,0
1684,0,null,0,0,0
1685,0,null,0,0,0
1686,0,null,0,0,0
1687,0,null,0,0,0
1688,0,null,0,0,0
1689,0,null,0,0,0
1690,0,null,0,0,0
1691,0,null,0,0,0
1692,0,null,0,0,0
1693,0,null,0,0,0
1694,0,null,0,0,0
1695,0,null,0,0,0
1696,0,null,0,0,0
1697,0,null,0,0,0
1698,0,null,0,0,0
1699,1,primary_proton,1,1,1
1700,0,null,0,0,0
1701,0,null,0,0,0
1702,9,secondary_proton,1,1,1
1703,0,null,0,0,0
1704,0,null,0,0,0
1705,0,null,0,0,0
1706,0,null,0,0,0
1707,0,null,0,0,0
1708,0,null,0,0,0
1709,0,null,0,0,0
1710,0,null,0,0,0
1711,0,null,0,0,0
1712,0,null,0,0,0
1713,0,null,0,0,0
1714,0,null,0,0,0
1715,0,null,0,0,0
1716,0,null,0,0,0
1717,0,null,0,0,0
1718,0,null,0,0,0
1719,0,null,0,0,0
1720,0,null,0,0,0
1721,0,null,0,0,0
1722,0,null,0,0,0
1723,0,null,0,0,0
1724,0,null,0,0,0
1725,0,null,0,0,0
1726,0,null,0,0,0
1727,0,null,0,0,0
1728,0,null,0,0,0
1729,1,primary_proton,1,1,1
1730,0,null,0,0,0
1731,0,null,0,0,0
1732,0,null,0,0,0
1733,0,null,0,0,0
1734,0,null,0,0,0
1735,95,pi+,1,1,1
1736,8,pi-,1,1,1
1737,0,null,0,0,0
1738,0,null,0,0,0
1739,0,null,0,0,0
1740,0,null,0,0,0
1741,0,null,0,0,0
1742,0,null,0,0,0
1743,0,null,0,0,0
1744,0,null,0,0,0
1745,0,null,0,0,0
1746,0,null,0,0,0
1747,0,null,0,0,0
1748,0,null,0,0,0
1749,0,null,0,0,0
1750,0,null,0,0,0
1751,0,null,0,0,0
1752,0,null,0,0,0
1753,0,null,0,0,0
1754,0,null,0,0,0
1755,0,null,0,0,0
1756,19,pi+,1,1,1
1757,1,primary_proton,1,1,1
1758,0,null,0,0,0
1759,0,null,0,0,0
1760,1,primary_proton,1,1,1
1761,0,null,0,0,0
1762,0,null,0,0,0
1763,0,null,0,0,0
1764,0,null,0,0,0
1765,0,null,0,0,0
1766,0,null,0,0,0
1767,0,null,0,0,0
1768,0,null,0,0,0
1769,0,null,0,0,0
1770,0,null,0,0,0
1771,0,null,0,0,0
1772,0,null,0,0,0
1773,0,null,0,0,0
1774,0,null,0,0,0
1775,0,null,0,0,0
1776,0,null,0,0,0
1777,0,null,0,0,0
1778,0,null,0,0,0
1779,0,null,0,0,0
1780,1,primary_proton,1,1,1
1781,0,null,0,0,0
1782,0,null,0,0,0
1783,0,null,0,0,0
1784,0,null,0,0,0
1785,0,null,0,0,0
1786,5,pi-,1,1,1
1787,0,null,0,0,0
1788,0,null,0,0,0
1789,0,null,0,0,0
1790,0,null,0,0,0
1791,0,null,0,0,0
1792,0,null,0,0,0
1793,17,pi+,1,1,1
1794,0,null,0,0,0
1795,0,null,0,0,0
1796,0,null,0,0,0
1797,0,null,0,0,0
1798,0,null,0,0,0
1799,0,null,0,0,0
1800,0,null,0,0,0
1801,0,null,0,0,0
1802,0,null,0,0,0
1803,0,null,0,0,0
1804,0,null,0,0,0
1805,0,null,0,0,0
1806,0,null,0,0,0
1807,0,null,0,0,0
1808,0,null,0,0,0
1809,0,null,0,0,0
1810,0,null,0,0,0
1811,0,null,0,0,0
1812,0,null,0,0,0
1813,0,null,0,0,0
1814,0,null,0,0,0
1815,0,null,0,0,0
1816,0,null,0,0,0
1817,0,null,0,0,0
1818,0,null,0,0,0
1819,0,null,0,0,0
1820,0,null,0,0,0
1821,0,null,0,0,0
1822,0,null,0,0,0
1823,0,null,0,0,0
1824,0,null,0,0,0
1825,0,null,0,0,0
1827,0,null,0,0,0
1828,0,null,0,0,0
1829,0,null,0,0,0
1830,0,null,0,0,0
1831,0,null,0,0,0
1832,0,null,0,0,0
1833,0,null,0,0,0
1834,0,null,0,0,0
1835,0,null,0,0,0
1836,0,null,0,0,0
1837,0,null,0,0,0
1838,0,null,0,0,0
1839,0,null,0,0,0
1840,0,null,0,0,0
1841,0,null,0,0,0
1842,0,null,0,0,0
1843,0,null,0,0,0
1844,0,null,0,0,0
1845,0,null,0,0,0
1846,0,null,0,0,0
1847,0,null,0,0,0
1848,0,null,0,0,0
1849,0,null,0,0,0
1850,0,null,0,0,0
1851,0,null,0,0,0
1852,0,null,0,0,0
1853,0,null,0,0,0
1854,0,null,0,0,0
1855,0,null,0,0,0
1856,0,null,0,0,0
1857,0,null,0,0,0
1858,0,null,0,0,0
1859,0,null,0,0,0
1860,0,null,0,0,0
1861,0,null,0,0,0
1862,0,null,0,0,0
1863,0,null,0,0,0
1864,0,null,0,0,0
1865,0,null,0,0,0
1866,0,null,0,0,0
1867,17,pi+,1,1,1
1868,0,null,0,0,0
1869,0,null,0,0,0
1870,0,null,0,0,0
1871,0,null,0,0,0
1872,0,null,0,0,0
1873,10,secondary_proton,1,1,1
1874,0,null,0,0,0
1875,0,null,0,0,0
1876,0,null,0,0,0
1877,0,null,0,0,0
1878,0,null,0,0,0
1879,0,null,0,0,0
1880,0,null,0,0,0
1881,0,null,0,0,0
1882,0,null,0,0,0
1883,0,null,0,0,0
1884,0,null,0,0,0
1885,0,null,0,0,0
1886,0,null,0,0,0
1887,0,null,0,0,0
1888,0,null,0,0,0
1889,0,null,0,0,0
1890,0,null,0,0,0
1891,0,null,0,0,0
1892,0,null,0,0,0
1893,0,null,0,0,0
1894,0,null,0,0,0
1895,0,null,0,0,0
1896,0,null,0,0,0
1897,0,null,0,0,0
1898,0,null,0,0,0
1899,9,secondary_proton,1,1,1
1900,0,null,0,0,0
1901,0,null,0,0,0
1902,0,null,0,0,0
1903,0,null,0,0,0
1904,0,null,0,0,0
1905,0,null,0,0,0
1906,0,null,0,0,0
1907,0,null,0,0,0
1908,0,null,0,0,0
1909,0,null,0,0,0
1910,0,null,0,0,0
1911,0,null,0,0,0
1912,0,null,0,0,0
1913,0,null,0,0,0
1914,0,null,0,0,0
1915,0,null,0,0,0
1916,0,null,0,0,0
1917,0,null,0,0,0
1918,0,null,0,0,0
1919,0,null,0,0,0
1920,0,null,0,0,0
1921,0,null,0,0,0
1922,0,null,0,0,0
1923,1,primary_proton,1,1,1
1924,0,null,0,0,0
1925,0,null,0,0,0
1926,0,null,0,0,0
1927,0,null,0,0,0
1928,0,null,0,0,0
1929,0,null,0,0,0
1930,0,null,0,0,0
1931,0,null,0,0,0
1932,0,null,0,0,0
1933,792,secondary_proton,1,0,0
1934,0,null,0,0,0
1935,0,null,0,0,0
1936,0,null,0,0,0
1937,0,null,0,0,0
1938,0,null,0,0,0
1939,0,null,0,0,0
1940,0,null,0,0,0
1941,0,null,0,0,0
1942,0,null,0,0,0
1943,1,primary_proton,1,1,1
1944,7,pi+,1,0,0
1945,0,null,0,0,0
1946,0,null,0,0,0
1947,0,null,0,0,0
1948,0,null,0,0,0
1949,0,null,0,0,0
1950,0,null,0,0,0
1951,0,null,0,0,0
1952,0,null,0,0,0
1953,0,null,0,0,0
1954,0,null,0,0,0
1955,0,null,0,0,0
1956,0,null,0,0,0
1957,0,null,0,0,0
1958,0,null,0,0,0
1959,0,null,0,0,0
1960,0,null,0,0,0
1961,0,null,0,0,0
1962,0,null,0,0,0
1963,0,null,0,0,0
1964,0,null,0,0,0
1965,0,null,0,0,0
1966,0,null,0,0,0
1967,1,primary_proton,1,1,1
1968,0,null,0,0,0
1969,0,null,0,0,0
1970,0,null,0,0,0
1971,0,null,0,0,0
1972,0,null,0,0,0
1973,0,null,0,0,0
1974,0,null,0,0,0
1975,0,null,0,0,0
1976,0,null,0,0,0
1977,0,null,0,0,0
1978,0,null,0,0,0
1979,0,null,0,0,0
1980,0,null,0,0,0
1981,0,null,0,0,0
1982,0,null,0,0,0
1983,0,null,0,0,0
1984,0,null,0,0,0
1985,0,null,0,0,0
1986,0,null,0,0,0
1987,1,primary_proton,1,1,1
1988,0,null,0,0,0
1989,0,null,0,0,0
1990,0,null,0,0,0
1991,0,null,0,0,0
1992,0,null,0,0,0
1993,0,null,0,0,0
1994,0,null,0,0,0
1995,0,null,0,0,0
1996,0,null,0,0,0
1997,5,secondary_proton,1,1,0
1998,0,null,0,0,0
1999,4,secondary_proton,1,1,1
2000,0,null,0,0,0
2001,0,null,0,0,0
2002,2682,pi-,1,1,1
2003,0,null,0,0,0
2004,0,null,0,0,0
2005,0,null,0,0,0
2006,0,null,0,0,0
2007,0,null,0,0,0
2008,0,null,0,0,0
2009,0,null,0,0,0
2010,0,null,0,0,0
2011,0,null,0,0,0
2012,0,null,0,0,0
2013,0,null,0,0,0
2014,0,null,0,0,0
2015,0,null,0,0,0
2016,0,null,0,0,0
2017,0,null,0,0,0
2018,0,null,0,0,0
2019,0,null,0,0,0
2020,0,null,0,0,0
2021,0,null,0,0,0
2022,0,null,0,0,0
2023,0,null,0,0,0
2024,0,null,0,0,0
2025,0,null,0,0,0
2026,0,null,0,0,0
2027,0,null,0,0,0
2028,0,null,0,0,0
2029,0,null,0,0,0
2030,0,null,0,0,0
2031,0,null,0,0,0
2032,0,null,0,0,0
2033,0,null,0,0,0
2034,0,null,0,0,0
2035,0,null,0,0,0
2036,0,null,0,0,0
2037,0,null,0,0,0
2038,0,null,0,0,0
2039,0,null,0,0,0
2040,0,null,0,0,0
2041,0,null,0,0,0
2042,0,null,0,0,0
2043,0,null,0,0,0
2044,0,null,0,0,0
2045,0,null,0,0,0
2046,0,null,0,0,0
2047,0,null,0,0,0
2049,0,null,0,0,0
2050,0,null,0,0,0
2051,0,null,0,0,0
2052,0,null,0,0,0
2053,1,primary_proton,1,1,1
2054,7,secondary_proton,1,1,1
2055,0,null,0,0,0
2056,0,null,0,0,0
2057,0,null,0,0,0
2058,0,null,0,0,0
2059,0,null,0,0,0
2060,0,null,0,0,0
2061,0,null,0,0,0
2062,0,null,0,0,0
2063,0,null,0,0,0
2064,1,primary_proton,1,1,1
2065,0,null,0,0,0
2066,0,null,0,0,0
2067,0,null,0,0,0
2068,0,null,0,0,0
2069,0,null,0,0,0
2070,0,null,0,0,0
2071,0,null,0,0,0
2072,0,null,0,0,0
2073,0,null,0,0,0
2074,5,pi-,1,1,0
2075,0,null,0,0,0
2076,0,null,0,0,0
2077,0,null,0,0,0
2078,0,null,0,0,0
2079,0,null,0,0,0
2080,0,null,0,0,0
2081,0,null,0,0,0
2082,0,null,0,0,0
2083,0,null,0,0,0
2084,0,null,0,0,0
2085,0,null,0,0,0
2086,0,null,0,0,0
2087,0,null,0,0,0
2088,0,null,0,0,0
2089,0,null,0,0,0
2090,0,null,0,0,0
2091,0,null,0,0,0
2092,0,null,0,0,0
2093,0,null,0,0,0
2094,0,null,0,0,0
2095,0,null,0,0,0
2096,0,null,0,0,0
2097,6,secondary_proton,1,1,1
2098,0,null,0,0,0
2099,743,e-,1,0,0
2100,0,null,0,0,0
2101,0,null,0,0,0
2102,0,null,0,0,0
2103,0,null,0,0,0
2104,0,null,0,0,0
2105,0,null,0,0,0
2106,0,null,0,0,0
2107,0,null,0,0,0
2108,0,null,0,0,0
2109,1,primary_proton,1,1,1
2110,0,null,0,0,0
2111,0,null,0,0,0
2112,0,null,0,0,0
2113,0,null,0,0,0
2114,0,null,0,0,0
2115,0,null,0,0,0
2116,0,null,0,0,0
2117,0,null,0,0,0
2118,0,null,0,0,0
2119,0,null,0,0,0
2120,0,null,0,0,0
2121,0,null,0,0,0
2122,0,null,0,0,0
2123,0,null,0,0,0
2124,1,primary_proton,1,1,1
2125,0,null,0,0,0
2126,0,null,0,0,0
2127,0,null,0,0,0
2128,0,null,0,0,0
2129,0,null,0,0,0
2130,0,null,0,0,0
2131,0,null,0,0,0
2132,0,null,0,0,0
2133,0,null,0,0,0
2134,0,null,0,0,0
2135,0,null,0,0,0
2136,0,null,0,0,0
2137,0,null,0,0,0
2138,0,null,0,0,0
2139,0,null,0,0,0
2140,0,null,0,0,0
2141,0,null,0,0,0
2142,0,null,0,0,0
2143,0,null,0,0,0
2144,0,null,0,0,0
2145,0,null,0,0,0
2146,0,null,0,0,0
2147,0,null,0,0,0
2148,0,null,0,0,0
2149,0,null,0,0,0
2150,0,null,0,0,0
2151,0,null,0,0,0
2152,0,null,0,0,0
2153,0,null,0,0,0
2154,0,null,0,0,0
2155,0,null,0,0,0
2156,1,primary_proton,1,1,1
2157,0,null,0,0,0
2158,0,null,0,0,0
2159,15,pi-,1,1,0
2160,0,null,0,0,0
2161,0,null,0,0,0
2162,0,null,0,0,0
2163,0,null,0,0,0
2164,0,null,0,0,0
2165,0,null,0,0,0
2166,0,null,0,0,0
2167,0,null,0,0,0
2168,0,null,0,0,0
2169,0,null,0,0,0
2170,0,null,0,0,0
2171,0,null,0,0,0
2172,0,null,0,0,0
2173,19,secondary_proton,1,1,1
2174,10,pi-,1,0,0
2175,0,null,0,0,0
2176,0,null,0,0,0
2177,0,null,0,0,0
2178,0,null,0,0,0
2179,0,null,0,0,0
2180,0,null,0,0,0
2181,0,null,0,0,0
2182,0,null,0,0,0
2183,0,null,0,0,0
2184,0,null,0,0,0
2185,0,null,0,0,0
2186,0,null,0,0,0
2187,0,null,0,0,0
2188,0,null,0,0,0
2189,0,null,0,0,0
2190,0,null,0,0,0
2191,0,null,0,0,0
2192,0,null,0,0,0
2193,0,null,0,0,0
2194,0,null,0,0,0
2195,0,null,0,0,0
2196,0,null,0,0,0
2197,0,null,0,0,0
2198,0,null,0,0,0
2199,0,null,0,0,0
2200,0,null,0,0,0
2201,0,null,0,0,0
2202,0,null,0,0,0
2203,0,null,0,0,0
2204,0,null,0,0,0
2205,0,null,0,0,0
2206,0,null,0,0,0
2207,0,null,0,0,0
2208,0,null,0,0,0
2209,0,null,0,0,0
2210,0,null,0,0,0
2211,0,null,0,0,0
2212,0,null,0,0,0
2213,0,null,0,0,0
2214,0,null,0,0,0
2215,0,null,0,0,0
2216,0,null,0,0,0
2217,1,primary_proton,1,1,1
2218,0,null,0,0,0
2219,0,null,0,0,0
2220,0,null,0,0,0
2221,1,primary_proton,1,1,1
2222,0,null,0,0,0
2223,0,null,0,0,0
2224,0,null,0,0,0
2225,0,null,0,0,0
2226,0,null,0,0,0
2227,0,null,0,0,0
2228,0,null,0,0,0
2229,0,null,0,0,0
2230,0,null,0,0,0
2231,0,null,0,0,0
2232,0,null,0,0,0
2233,0,null,0,0,0
2234,0,null,0,0,0
2235,0,null,0,0,0
2236,0,null,0,0,0
2237,0,null,0,0,0
2238,0,null,0,0,0
2239,0,null,0,0,0
2240,0,null,0,0,0
2241,4,pi-,1,1,1
2242,0,null,0,0,0
2243,0,null,0,0,0
2244,0,null,0,0,0
2245,0,null,0,0,0
2246,0,null,0,0,0
2247,0,null,0,0,0
2248,0,null,0,0,0
2249,0,null,0,0,0
2250,0,null,0,0,0
2251,0,null,0,0,0
2252,0,null,0,0,0
2253,0,null,0,0,0
2254,0,null,0,0,0
2255,0,null,0,0,0
2256,0,null,0,0,0
2257,0,null,0,0,0
2258,0,null,0,0,0
2259,0,null,0,0,0
2260,0,null,0,0,0
2261,0,null,0,0,0
2262,0,null,0,0,0
2263,0,null,0,0,0
2264,0,null,0,0,0
2265,0,null,0,0,0
2266,0,null,0,0,0
2267,0,null,0,0,0
2268,0,null,0,0,0
2269,0,null,0,0,0
2271,0,null,0,0,0
2272,0,null,0,0,0
2273,1,primary_proton,1,1,1
2274,0,null,0,0,0
2275,0,null,0,0,0
2276,1,primary_proton,1,1,1
2277,0,null,0,0,0
2278,0,null,0,0,0
2279,0,null,0,0,0
2280,0,null,0,0,0
2281,1,primary_proton,1,1,1
2282,0,null,0,0,0
2283,0,null,0,0,0
2284,0,null,0,0,0
2285,0,null,0,0,0
2286,0,null,0,0,0
2287,0,null,0,0,0
2288,0,null,0,0,0
2289,0,null,0,0,0
2290,0,null,0,0,0
2291,0,null,0,0,0
2292,0,null,0,0,0
2293,0,null,0,0,0
2294,0,null,0,0,0
2295,0,null,0,0,0
2296,0,null,0,0,0
2297,0,null,0,0,0
2298,0,null,0,0,0
2299,0,null,0,0,0
2300,0,null,0,0,0
2301,0,null,0,0,0
2302,0,null,0,0,0
2303,0,null,0,0,0
2304,3708,secondary_proton,1,1,1
2305,0,null,0,0,0
2306,0,null,0,0,0
2307,0,null,0,0,0
2308,0,null,0,0,0
2309,2,pi+,1,1,1
2310,0,null,0,0,0
2311,0,null,0,0,0
2312,0,null,0,0,0
2313,0,null,0,0,0
2314,0,null,0,0,0
2315,0,null,0,0,0
2316,0,null,0,0,0
2317,0,null,0,0,0
2318,0,null,0,0,0
2319,0,null,0,0,0
2320,0,null,0,0,0
2321,0,null,0,0,0
2322,0,null,0,0,0
2323,0,null,0,0,0
2324,0,null,0,0,0
2325,0,null,0,0,0
2326,0,null,0,0,0
2327,0,null,0,0,0
2328,0,null,0,0,0
2329,0,null,0,0,0
2330,0,null,0,0,0
2331,0,null,0,0,0
2332,0,null,0,0,0
2333,0,null,0,0,0
2334,0,null,0,0,0
2335,0,null,0,0,0
2336,0,null,0,0,0
2337,0,null,0,0,0
2338,0,null,0,0,0
2339,0,null,0,0,0
2340,0,null,0,0,0
2341,10,pi-,1,1,1
2342,0,null,0,0,0
2343,0,null,0,0,0
2344,0,null,0,0,0
2345,0,null,0,0,0
2346,0,null,0,0,0
2347,0,null,0,0,0
2348,0,null,0,0,0
2349,0,null,0,0,0
2350,0,null,0,0,0
2351,0,null,0,0,0
2352,0,null,0,0,0
2353,0,null,0,0,0
2354,0,null,0,0,0
2355,0,null,0,0,0
2356,0,null,0,0,0
2357,0,null,0,0,0
2358,0,null,0,0,0
2359,0,null,0,0,0
2360,0,null,0,0,0
2361,0,null,0,0,0
2362,0,null,0,0,0
2363,0,null,0,0,0
2364,0,null,0,0,0
2365,0,null,0,0,0
2366,27,pi-,1,1,1
2367,0,null,0,0,0
2368,0,null,0,0,0
2369,0,null,0,0,0
2370,0,null,0,0,0
2371,0,null,0,0,0
2372,0,null,0,0,0
2373,0,null,0,0,0
2374,0,null,0,0,0
2375,0,null,0,0,0
2376,0,null,0,0,0
2377,0,null,0,0,0
2378,0,null,0,0,0
2379,0,null,0,0,0
2380,0,null,0,0,0
2381,0,null,0,0,0
2382,1,primary_proton,1,1,1
2383,2,secondary_proton,1,1,1
2384,0,null,0,0,0
2385,0,null,0,0,0
2386,0,null,0,0,0
2387,0,null,0,0,0
2388,0,null,0,0,0
2389,0,null,0,0,0
2390,0,null,0,0,0
2391,0,null,0,0,0
2392,0,null,0,0,0
2393,0,null,0,0,0
2394,0,null,0,0,0
2395,0,null,0,0,0
2396,0,null,0,0,0
2397,0,null,0,0,0
2398,0,null,0,0,0
2399,6,pi-,1,1,1
2400,0,null,0,0,0
2401,0,null,0,0,0
2402,0,null,0,0,0
2403,0,null,0,0,0
2404,0,null,0,0,0
2405,0,null,0,0,0
2406,0,null,0,0,0
2407,0,null,0,0,0
2408,0,null,0,0,0
2409,0,null,0,0,0
2410,0,null,0,0,0
2411,0,null,0,0,0
2412,7,secondary_proton,1,1,1
2413,1,primary_proton,1,1,1
2414,0,null,0,0,0
2415,0,null,0,0,0
2416,0,null,0,0,0
2417,0,null,0,0,0
2418,0,null,0,0,0
2419,0,null,0,0,0
2420,0,null,0,0,0
2421,0,null,0,0,0
2422,0,null,0,0,0
2423,0,null,0,0,0
2424,0,null,0,0,0
2425,0,null,0,0,0
2426,0,null,0,0,0
2427,2977,e-,1,0,0
2428,0,null,0,0,0
2429,0,null,0,0,0
2430,0,null,0,0,0
2431,0,null,0,0,0
2432,204,pi+,1,1,1
2433,0,null,0,0,0
2434,0,null,0,0,0
2435,0,null,0,0,0
2436,0,null,0,0,0
2437,0,null,0,0,0
2438,1,primary_proton,1,1,1
2439,0,null,0,0,0
2440,0,null,0,0,0
2441,0,null,0,0,0
2442,0,null,0,0,0
2443,0,null,0,0,0
2444,0,null,0,0,0
2445,0,null,0,0,0
2446,0,null,0,0,0
2447,0,null,0,0,0
2448,0,null,0,0,0
2449,0,null,0,0,0
2450,0,null,0,0,0
2451,0,null,0,0,0
2452,0,null,0,0,0
2453,0,null,0,0,0
2454,0,null,0,0,0
2455,0,null,0,0,0
2456,0,null,0,0,0
2457,0,null,0,0,0
2458,0,null,0,0,0
2459,0,null,0,0,0
2460,0,null,0,0,0
2461,0,null,0,0,0
2462,2,secondary_proton,1,1,1
2463,0,null,0,0,0
2464,0,null,0,0,0
2465,0,null,0,0,0
2466,0,null,0,0,0
2467,0,null,0,0,0
2468,0,null,0,0,0
2469,0,null,0,0,0
2470,0,null,0,0,0
2471,0,null,0,0,0
2472,0,null,0,0,0
2473,0,null,0,0,0
2474,0,null,0,0,0
2475,0,null,0,0,0
2476,0,null,0,0,0
2477,0,null,0,0,0
2478,0,null,0,0,0
2479,0,null,0,0,0
2480,0,null,0,0,0
2481,0,null,0,0,0
2482,0,null,0,0,0
2483,0,null,0,0,0
2484,0,null,0,0,0
2485,0,null,0,0,0
2486,0,null,0,0,0
2487,0,null,0,0,0
2488,0,null,0,0,0
2489,0,null,0,0,0
2490,0,null,0,0,0
2492,0,null,0,0,0
2493,0,null,0,0,0
2494,0,null,0,0,0
2495,0,null,0,0,0
2496,1,primary_proton,1,1,1
2497,0,null,0,0,0
2498,0,null,0,0,0
2499,0,null,0,0,0
2500,0,null,0,0,0
2501,0,null,0,0,0
2502,0,null,0,0,0
2503,0,null,0,0,0
2504,0,null,0,0,0
2505,0,null,0,0,0
2506,0,null,0,0,0
2507,0,null,0,0,0
2508,0,null,0,0,0
2509,0,null,0,0,0
2510,1,primary_proton,1,1,1
2511,0,null,0,0,0
2512,0,null,0,0,0
2513,0,null,0,0,0
2514,0,null,0,0,0
2515,0,null,0,0,0
2516,0,null,0,0,0
2517,0,null,0,0,0
2518,0,null,0,0,0
2519,0,null,0,0,0
2520,0,null,0,0,0
2521,0,null,0,0,0
2522,0,null,0,0,0
2523,0,null,0,0,0
2524,0,null,0,0,0
2525,0,null,0,0,0
2526,0,null,0,0,0
2527,0,null,0,0,0
2528,0,null,0,0,0
2529,0,null,0,0,0
2530,0,null,0,0,0
2531,0,null,0,0,0
2532,0,null,0,0,0
2533,0,null,0,0,0
2534,0,null,0,0,0
2535,0,null,0,0,0
2536,0,null,0,0,0
2537,0,null,0,0,0
2538,0,null,0,0,0
2539,0,null,0,0,0
2540,0,null,0,0,0
2541,0,null,0,0,0
2542,0,null,0,0,0
2543,0,null,0,0,0
2544,0,null,0,0,0
2545,0,null,0,0,0
2546,13,pi-,1,1,1
2547,0,null,0,0,0
2548,0,null,0,0,0
2549,0,null,0,0,0
2550,0,null,0,0,0
2551,0,null,0,0,0
2552,0,null,0,0,0
2553,0,null,0,0,0
2554,0,null,0,0,0
2555,0,null,0,0,0
2556,0,null,0,0,0
2557,0,null,0,0,0
2558,0,null,0,0,0
2559,0,null,0,0,0
2560,0,null,0,0,0
2561,10,pi-,1,1,1
2562,0,null,0,0,0
2563,0,null,0,0,0
2564,0,null,0,0,0
2565,0,null,0,0,0
2566,0,null,0,0,0
2567,0,null,0,0,0
2568,0,null,0,0,0
2569,0,null,0,0,0
2570,0,null,0,0,0
2571,0,null,0,0,0
2572,0,null,0,0,0
2573,0,null,0,0,0
2574,0,null,0,0,0
2575,0,null,0,0,0
2576,0,null,0,0,0
2577,0,null,0,0,0
2578,0,null,0,0,0
2579,0,null,0,0,0
2580,0,null,0,0,0
2581,0,null,0,0,0
2582,1,primary_proton,1,1,1
2583,0,null,0,0,0
2584,0,null,0,0,0
2585,0,null,0,0,0
2586,0,null,0,0,0
2587,0,null,0,0,0
2588,0,null,0,0,0
2589,0,null,0,0,0
2590,0,null,0,0,0
2591,0,null,0,0,0
2592,0,null,0,0,0
2593,0,null,0,0,0
2594,0,null,0,0,0
2595,0,null,0,0,0
2596,0,null,0,0,0
2597,0,null,0,0,0
2598,0,null,0,0,0
2599,0,null,0,0,0
2600,0,null,0,0,0
2601,0,null,0,0,0
2602,0,null,0,0,0
2603,0,null,0,0,0
2604,0,null,0,0,0
2605,0,null,0,0,0
2606,0,null,0,0,0
2607,0,null,0,0,0
2608,0,null,0,0,0
2609,0,null,0,0,0
2610,0,null,0,0,0
2611,0,null,0,0,0
2612,0,null,0,0,0
2613,0,null,0,0,0
2614,0,null,0,0,0
2615,0,null,0,0,0
2616,0,null,0,0,0
2617,0,null,0,0,0
2618,0,null,0,0,0
2619,0,null,0,0,0
2620,11,pi-,1,1,1
2621,0,null,0,0,0
2622,1,primary_proton,1,1,1
2623,0,null,0,0,0
2624,0,null,0,0,0
2625,0,null,0,0,0
2626,0,null,0,0,0
2627,0,null,0,0,0
2628,0,null,0,0,0
2629,0,null,0,0,0
2630,0,null,0,0,0
2631,0,null,0,0,0
2632,0,null,0,0,0
2633,0,null,0,0,0
2634,0,null,0,0,0
2635,0,null,0,0,0
2636,0,null,0,0,0
2637,0,null,0,0,0
2638,0,null,0,0,0
2639,0,null,0,0,0
2640,0,null,0,0,0
2641,0,null,0,0,0
2642,0,null,0,0,0
2643,0,null,0,0,0
2644,0,null,0,0,0
2645,0,null,0,0,0
2646,0,null,0,0,0
2647,0,null,0,0,0
2648,1,primary_proton,1,1,1
2649,0,null,0,0,0
2650,0,null,0,0,0
2651,0,null,0,0,0
2652,0,null,0,0,0
2653,0,null,0,0,0
2654,0,null,0,0,0
2655,145,pi-,1,0,0
2656,0,null,0,0,0
2657,0,null,0,0,0
2658,0,null,0,0,0
2659,0,null,0,0,0
2660,0,null,0,0,0
2661,0,null,0,0,0
2662,0,null,0,0,0
2663,0,null,0,0,0
2664,0,null,0,0,0
2665,0,null,0,0,0
2666,0,null,0,0,0
2667,0,null,0,0,0
2668,0,null,0,0,0
2669,0,null,0,0,0
2670,0,null,0,0,0
2671,0,null,0,0,0
2672,0,null,0,0,0
2673,0,null,0,0,0
2674,0,null,0,0,0
2675,0,null,0,0,0
2676,0,null,0,0,0
2677,0,null,0,0,0
2678,0,null,0,0,0
2679,0,null,0,0,0
2680,0,null,0,0,0
2681,0,null,0,0,0
2682,1,primary_proton,1,1,1
2683,0,null,0,0,0
2684,0,null,0,0,0
2685,0,null,0,0,0
2686,0,null,0,0,0
2687,13,pi-,1,1,1
2688,0,null,0,0,0
2689,0,null,0,0,0
2690,0,null,0,0,0
2691,0,null,0,0,0
2692,0,null,0,0,0
2693,0,null,0,0,0
2694,0,null,0,0,0
2695,0,null,0,0,0
2696,0,null,0,0,0
2697,0,null,0,0,0
2698,0,null,0,0,0
2699,1,primary_proton,1,1,1
2700,0,null,0,0,0
2701,0,null,0,0,0
2702,0,null,0,0,0
2703,0,null,0,0,0
2704,0,null,0,0,0
2705,0,null,0,0,0
2706,0,null,0,0,0
2707,0,null,0,0,0
2708,0,null,0,0,0
2709,0,null,0,0,0
2710,0,null,0,0,0
2711,0,null,0,0,0
2712,0,null,0,0,0
2713,0,null,0,0,0
2714,0,null,0,0,0
2716,0,null,0,0,0
2717,0,null,0,0,0
2718,0,null,0,0,0
2719,2,secondary_proton,1,1,1
2720,0,null,0,0,0
2721,0,null,0,0,0
2722,0,null,0,0,0
2723,0,null,0,0,0
2724,0,null,0,0,0
2725,0,null,0,0,0
2726,0,null,0,0,0
2727,0,null,0,0,0
2728,0,null,0,0,0
2729,0,null,0,0,0
2730,0,null,0,0,0
2731,0,null,0,0,0
2732,0,null,0,0,0
2733,0,null,0,0,0
2734,0,null,0,0,0
2735,0,null,0,0,0
2736,0,null,0,0,0
2737,0,null,0,0,0
2738,9,pi-,1,0,1
2739,0,null,0,0,0
2740,0,null,0,0,0
2741,0,null,0,0,0
2742,0,null,0,0,0
2743,0,null,0,0,0
2744,0,null,0,0,0
2745,0,null,0,0,0
2746,0,null,0,0,0
2747,0,null,0,0,0
2748,0,null,0,0,0
2749,0,null,0,0,0
2750,0,null,0,0,0
2751,0,null,0,0,0
2752,0,null,0,0,0
2753,0,null,0,0,0
2754,0,null,0,0,0
2755,0,null,0,0,0
2756,0,null,0,0,0
2757,0,null,0,0,0
2758,0,null,0,0,0
2759,0,null,0,0,0
2760,1,primary_proton,1,1,1
2761,0,null,0,0,0
2762,0,null,0,0,0
2763,0,null,0,0,0
2764,0,null,0,0,0
2765,0,null,0,0,0
2766,0,null,0,0,0
2767,0,null,0,0,0
2768,0,null,0,0,0
2769,0,null,0,0,0
2770,0,null,0,0,0
2771,0,null,0,0,0
2772,0,null,0,0,0
2773,0,null,0,0,0
2774,0,null,0,0,0
2775,0,null,0,0,0
2776,0,null,0,0,0
2777,0,null,0,0,0
2778,0,null,0,0,0
2779,12,pi-,1,1,1
2780,0,null,0,0,0
2781,0,null,0,0,0
2782,0,null,0,0,0
2783,0,null,0,0,0
2784,0,null,0,0,0
2785,0,null,0,0,0
2786,0,null,0,0,0
2787,0,null,0,0,0
2788,0,null,0,0,0
2789,0,null,0,0,0
2790,0,null,0,0,0
2791,0,null,0,0,0
2792,1066,e-,1,0,0
2793,0,null,0,0,0
2794,0,null,0,0,0
2795,0,null,0,0,0
2796,0,null,0,0,0
2797,0,null,0,0,0
2798,0,null,0,0,0
2799,0,null,0,0,0
2800,0,null,0,0,0
2801,0,null,0,0,0
2802,0,null,0,0,0
2803,0,null,0,0,0
2804,0,null,0,0,0
2805,0,null,0,0,0
2806,0,null,0,0,0
2807,0,null,0,0,0
2808,0,null,0,0,0
2809,1,primary_proton,1,1,1
2810,0,null,0,0,0
2811,0,null,0,0,0
2812,0,null,0,0,0
2813,0,null,0,0,0
2814,0,null,0,0,0
2815,3,secondary_proton,1,1,1
2816,0,null,0,0,0
2817,0,null,0,0,0
2818,0,null,0,0,0
2819,0,null,0,0,0
2820,0,null,0,0,0
2821,0,null,0,0,0
2822,0,null,0,0,0
2823,0,null,0,0,0
2824,0,null,0,0,0
2825,0,null,0,0,0
2826,0,null,0,0,0
2827,0,null,0,0,0
2828,0,null,0,0,0
2829,0,null,0,0,0
2830,0,null,0,0,0
2831,1,primary_proton,1,1,1
2832,0,null,0,0,0
2833,0,null,0,0,0
2834,0,null,0,0,0
2835,0,null,0,0,0
2836,0,null,0,0,0
2837,0,null,0,0,0
2838,0,null,0,0,0
2839,0,null,0,0,0
2840,0,null,0,0,0
2841,0,null,0,0,0
2842,0,null,0,0,0
2843,0,null,0,0,0
2844,0,null,0,0,0
2845,1853,secondary_proton,1,0,0
2846,0,null,0,0,0
2847,0,null,0,0,0
2848,0,null,0,0,0
2849,0,null,0,0,0
2850,0,null,0,0,0
2851,0,null,0,0,0
2852,0,null,0,0,0
2853,0,null,0,0,0
2854,0,null,0,0,0
2855,0,null,0,0,0
2856,1,primary_proton,1,1,0
2857,0,null,0,0,0
2858,0,null,0,0,0
2859,0,null,0,0,0
2860,0,null,0,0,0
2861,1,primary_proton,1,1,1
2862,0,null,0,0,0
2863,0,null,0,0,0
2864,0,null,0,0,0
2865,0,null,0,0,0
2866,0,null,0,0,0
2867,0,null,0,0,0
2868,0,null,0,0,0
2869,0,null,0,0,0
2870,0,null,0,0,0
2871,0,null,0,0,0
2872,0,null,0,0,0
2873,0,null,0,0,0
2874,0,null,0,0,0
2875,1,primary_proton,1,1,1
2876,0,null,0,0,0
2877,0,null,0,0,0
2878,0,null,0,0,0
2879,0,null,0,0,0
2880,0,null,0,0,0
2881,0,null,0,0,0
2882,0,null,0,0,0
2883,0,null,0,0,0
2884,0,null,0,0,0
2885,0,null,0,0,0
2886,0,null,0,0,0
2887,0,null,0,0,0
2888,0,null,0,0,0
2889,0,null,0,0,0
2890,0,null,0,0,0
2891,0,null,0,0,0
2892,0,null,0,0,0
2893,0,null,0,0,0
2894,0,null,0,0,0
2895,0,null,0,0,0
2896,0,null,0,0,0
2897,0,null,0,0,0
2898,0,null,0,0,0
2899,0,null,0,0,0
2900,0,null,0,0,0
2901,0,null,0,0,0
2902,0,null,0,0,0
2903,0,null,0,0,0
2904,0,null,0,0,0
2905,0,null,0,0,0
2906,0,null,0,0,0
2907,0,null,0,0,0
2908,6,pi+,1,1,1
2909,0,null,0,0,0
2910,2389,secondary_proton,1,0,0
2911,16,secondary_proton,1,1,1
2912,0,null,0,0,0
2913,0,null,0,0,0
2914,0,null,0,0,0
2915,0,null,0,0,0
2916,0,null,0,0,0
2917,0,null,0,0,0
2918,0,null,0,0,0
2919,0,null,0,0,0
2920,1,primary_proton,1,1,1
2921,0,null,0,0,0
2922,0,null,0,0,0
2923,0,null,0,0,0
2924,0,null,0,0,0
2925,0,null,0,0,0
2926,0,null,0,0,0
2927,0,null,0,0,0
2928,0,null,0,0,0
2929,1,primary_proton,1,1,1
2930,0,null,0,0,0
2931,0,null,0,0,0
2932,0,null,0,0,0
2933,0,null,0,0,0
2935,0,null,0,0,0
2936,0,null,0,0,0
2937,0,null,0,0,0
2938,0,null,0,0,0
2939,0,null,0,0,0
2940,0,null,0,0,0
2941,0,null,0,0,0
2942,0,null,0,0,0
2943,0,null,0,0,0
2944,0,null,0,0,0
2945,0,null,0,0,0
2946,0,null,0,0,0
2947,0,null,0,0,0
2948,0,null,0,0,0
2949,0,null,0,0,0
2950,0,null,0,0,0
2951,0,null,0,0,0
2952,0,null,0,0,0
2953,0,null,0,0,0
2954,1,primary_proton,1,1,1
2955,0,null,0,0,0
2956,0,null,0,0,0
2957,0,null,0,0,0
2958,0,null,0,0,0
2959,203,e-,1,1,1
2960,0,null,0,0,0
2961,0,null,0,0,0
2962,0,null,0,0,0
2963,0,null,0,0,0
2964,0,null,0,0,0
2965,0,null,0,0,0
2966,0,null,0,0,0
2967,1,primary_proton,1,1,1
2968,0,null,0,0,0
2969,0,null,0,0,0
2970,0,null,0,0,0
2971,0,null,0,0,0
2972,0,null,0,0,0
2973,0,null,0,0,0
2974,0,null,0,0,0
2975,0,null,0,0,0
2976,0,null,0,0,0
2977,0,null,0,0,0
2978,0,null,0,0,0
2979,0,null,0,0,0
2980,0,null,0,0,0
2981,0,null,0,0,0
2982,0,null,0,0,0
2983,0,null,0,0,0
2984,0,null,0,0,0
2985,0,null,0,0,0
2986,0,null,0,0,0
2987,0,null,0,0,0
2988,0,null,0,0,0
2989,0,null,0,0,0
2990,0,null,0,0,0
2991,0,null,0,0,0
2992,0,null,0,0,0
2993,0,null,0,0,0
2994,0,null,0,0,0
2995,0,null,0,0,0
2996,0,null,0,0,0
2997,0,null,0,0,0
2998,0,null,0,0,0
2999,0,null,0,0,0
3000,0,null,0,0,0
3001,0,null,0,0,0
3002,0,null,0,0,0
3003,7,secondary_proton,1,1,1
3004,0,null,0,0,0
3005,0,null,0,0,0
3006,0,null,0,0,0
3007,0,null,0,0,0
3008,0,null,0,0,0
3009,0,null,0,0,0
3010,0,null,0,0,0
3011,0,null,0,0,0
3012,0,null,0,0,0
3013,0,null,0,0,0
3014,0,null,0,0,0
3015,0,null,0,0,0
3016,0,null,0,0,0
3017,0,null,0,0,0
3018,0,null,0,0,0
3019,0,null,0,0,0
3020,0,null,0,0,0
3021,0,null,0,0,0
3022,0,null,0,0,0
3023,0,null,0,0,0
3024,0,null,0,0,0
3025,0,null,0,0,0
3026,0,null,0,0,0
3027,0,null,0,0,0
3028,0,null,0,0,0
3029,0,null,0,0,0
3030,0,null,0,0,0
3031,0,null,0,0,0
3032,0,null,0,0,0
3033,0,null,0,0,0
3034,0,null,0,0,0
3035,0,null,0,0,0
3036,0,null,0,0,0
3037,0,null,0,0,0
3038,0,null,0,0,0
3039,0,null,0,0,0
3040,0,null,0,0,0
3041,0,null,0,0,0
3042,0,null,0,0,0
3043,0,null,0,0,0
3044,0,null,0,0,0
3045,0,null,0,0,0
3046,0,null,0,0,0
3047,0,null,0,0,0
3048,0,null,0,0,0
3049,4,pi-,1,1,0
3050,0,null,0,0,0
3051,0,null,0,0,0
3052,0,null,0,0,0
3053,15,secondary_proton,1,1,1
3054,0,null,0,0,0
3055,1834,e-,1,0,0
3056,0,null,0,0,0
3057,0,null,0,0,0
3058,0,null,0,0,0
3059,0,null,0,0,0
3060,0,null,0,0,0
3061,0,null,0,0,0
3062,0,null,0,0,0
3063,0,null,0,0,0
3064,0,null,0,0,0
3065,0,null,0,0,0
3066,0,null,0,0,0
3067,0,null,0,0,0
3068,0,null,0,0,0
3069,0,null,0,0,0
3070,0,null,0,0,0
3071,0,null,0,0,0
3072,0,null,0,0,0
3073,0,null,0,0,0
3074,0,null,0,0,0
3075,0,null,0,0,0
3076,0,null,0,0,0
3077,0,null,0,0,0
3078,0,null,0,0,0
3079,0,null,0,0,0
3080,0,null,0,0,0
3081,0,null,0,0,0
3082,0,null,0,0,0
3083,10,secondary_proton,1,1,1
3084,0,null,0,0,0
3085,0,null,0,0,0
3086,0,null,0,0,0
3087,0,null,0,0,0
3088,0,null,0,0,0
3089,0,null,0,0,0
3090,0,null,0,0,0
3091,0,null,0,0,0
3092,0,null,0,0,0
3093,0,null,0,0,0
3094,0,null,0,0,0
3095,0,null,0,0,0
3096,0,null,0,0,0
3097,0,null,0,0,0
3098,0,null,0,0,0
3099,0,null,0,0,0
3100,0,null,0,0,0
3101,1,primary_proton,1,1,1
3102,0,null,0,0,0
3103,0,null,0,0,0
3104,0,null,0,0,0
3105,0,null,0,0,0
3106,0,null,0,0,0
3107,0,null,0,0,0
3108,0,null,0,0,0
3109,0,null,0,0,0
3110,0,null,0,0,0
3111,0,null,0,0,0
3112,0,null,0,0,0
3113,0,null,0,0,0
3114,0,null,0,0,0
3115,0,null,0,0,0
3116,0,null,0,0,0
3117,0,null,0,0,0
3118,0,null,0,0,0
3119,0,null,0,0,0
3120,0,null,0,0,0
3121,0,null,0,0,0
3122,0,null,0,0,0
3123,0,null,0,0,0
3124,0,null,0,0,0
3125,0,null,0,0,0
3126,0,null,0,0,0
3127,0,null,0,0,0
3128,0,null,0,0,0
3129,0,null,0,0,0
3130,0,null,0,0,0
3131,0,null,0,0,0
3132,0,null,0,0,0
3133,0,null,0,0,0
3134,0,null,0,0,0
3135,0,null,0,0,0
3136,0,null,0,0,0
3137,0,null,0,0,0
3138,0,null,0,0,0
3139,0,null,0,0,0
3140,0,null,0,0,0
3141,0,null,0,0,0
3142,1,primary_proton,1,1,1
3143,1,primary_proton,1,1,1
3144,0,null,0,0,0
3145,0,null,0,0,0
3146,0,null,0,0,0
3147,0,null,0,0,0
3148,0,null,0,0,0
3149,0,null,0,0,0
3150,0,null,0,0,0
3151,0,null,0,0,0
3152,0,null,0,0,0
3153,0,null,0,0,0
3154,0,null,0,0,0
3155,0,null,0,0,0
3156,0,null,0,0,0
3158,0,null,0,0,0
3159,0,null,0,0,0
3160,0,null,0,0,0
3161,0,null,0,0,0
3162,0,null,0,0,0
3163,0,null,0,0,0
3164,0,null,0,0,0
3165,0,null,0,0,0
3166,0,null,0,0,0
3167,0,null,0,0,0
3168,0,null,0,0,0
3169,0,null,0,0,0
3170,0,null,0,0,0
3171,0,null,0,0,0
3172,0,null,0,0,0
3173,0,null,0,0,0
3174,0,null,0,0,0
3175,0,null,0,0,0
3176,0,null,0,0,0
3177,0,null,0,0,0
3178,0,null,0,0,0
3179,0,null,0,0,0
3180,0,null,0,0,0
3181,1,primary_proton,1,1,1
3182,0,null,0,0,0
3183,0,null,0,0,0
3184,0,null,0,0,0
3185,0,null,0,0,0
3186,0,null,0,0,0
3187,0,null,0,0,0
3188,0,null,0,0,0
3189,0,null,0,0,0
3190,0,null,0,0,0
3191,0,null,0,0,0
3192,0,null,0,0,0
3193,0,null,0,0,0
3194,0,null,0,0,0
3195,0,null,0,0,0
3196,0,null,0,0,0
3197,0,null,0,0,0
3198,0,null,0,0,0
3199,0,null,0,0,0
3200,9,secondary_proton,1,1,1
3201,0,null,0,0,0
3202,0,null,0,0,0
3203,0,null,0,0,0
3204,0,null,0,0,0
3205,0,null,0,0,0
3206,0,null,0,0,0
3207,0,null,0,0,0
3208,0,null,0,0,0
3209,0,null,0,0,0
3210,0,null,0,0,0
3211,0,null,0,0,0
3212,0,null,0,0,0
3213,1,primary_proton,1,1,1
3214,0,null,0,0,0
3215,0,null,0,0,0
3216,0,null,0,0,0
3217,0,null,0,0,0
3218,0,null,0,0,0
3219,0,null,0,0,0
3220,0,null,0,0,0
3221,0,null,0,0,0
3222,0,null,0,0,0
3223,0,null,0,0,0
3224,0,null,0,0,0
3225,0,null,0,0,0
3226,0,null,0,0,0
3227,0,null,0,0,0
3228,0,null,0,0,0
3229,0,null,0,0,0
3230,0,null,0,0,0
3231,0,null,0,0,0
3232,0,null,0,0,0
3233,0,null,0,0,0
3234,0,null,0,0,0
3235,0,null,0,0,0
3236,0,null,0,0,0
3237,0,null,0,0,0
3238,0,null,0,0,0
3239,0,null,0,0,0
3240,0,null,0,0,0
3241,0,null,0,0,0
3242,0,null,0,0,0
3243,9,secondary_proton,1,1,1
3244,0,null,0,0,0
3245,0,null,0,0,0
3246,0,null,0,0,0
3247,0,null,0,0,0
3248,0,null,0,0,0
3249,0,null,0,0,0
3250,0,null,0,0,0
3251,0,null,0,0,0
3252,0,null,0,0,0
3253,0,null,0,0,0
3254,0,null,0,0,0
3255,0,null,0,0,0
3256,10,pi-,1,1,1
3257,0,null,0,0,0
3258,0,null,0,0,0
3259,8,secondary_proton,1,1,0
3260,0,null,0,0,0
3261,0,null,0,0,0
3262,0,null,0,0,0
3263,0,null,0,0,0
3264,0,null,0,0,0
3265,0,null,0,0,0
3266,0,null,0,0,0
3267,0,null,0,0,0
3268,0,null,0,0,0
3269,0,null,0,0,0
3270,0,null,0,0,0
3271,0,null,0,0,0
3272,0,null,0,0,0
3273,0,null,0,0,0
3274,0,null,0,0,0
3275,0,null,0,0,0
3276,0,null,0,0,0
3277,0,null,0,0,0
3278,0,null,0,0,0
3279,0,null,0,0,0
3280,0,null,0,0,0
3281,0,null,0,0,0
3282,0,null,0,0,0
3283,0,null,0,0,0
3284,0,null,0,0,0
3285,0,null,0,0,0
3286,0,null,0,0,0
3287,0,null,0,0,0
3288,0,null,0,0,0
3289,0,null,0,0,0
3290,0,null,0,0,0
3291,0,null,0,0,0
3292,0,null,0,0,0
3293,0,null,0,0,0
3294,0,null,0,0,0
3295,0,null,0,0,0
3296,0,null,0,0,0
3297,0,null,0,0,0
3298,0,null,0,0,0
3299,0,null,0,0,0
3300,0,null,0,0,0
3301,0,null,0,0,0
3302,0,null,0,0,0
3303,0,null,0,0,0
3304,1,primary_proton,1,1,1
3305,0,null,0,0,0
3306,0,null,0,0,0
3307,0,null,0,0,0
3308,0,null,0,0,0
3309,0,null,0,0,0
3310,0,null,0,0,0
3311,0,null,0,0,0
3312,0,null,0,0,0
3313,6,pi+,1,1,1
3314,0,null,0,0,0
3315,0,null,0,0,0
3316,0,null,0,0,0
3317,0,null,0,0,0
3318,1,primary_proton,1,1,1
3319,0,null,0,0,0
3320,0,null,0,0,0
3321,0,null,0,0,0
3322,0,null,0,0,0
3323,0,null,0,0,0
3324,1,primary_proton,1,1,1
3325,0,null,0,0,0
3326,0,null,0,0,0
3327,0,null,0,0,0
3328,0,null,0,0,0
3329,0,null,0,0,0
3330,0,null,0,0,0
3331,0,null,0,0,0
3332,0,null,0,0,0
3333,0,null,0,0,0
3334,0,null,0,0,0
3335,0,null,0,0,0
3336,0,null,0,0,0
3337,0,null,0,0,0
3338,0,null,0,0,0
3339,0,null,0,0,0
3340,0,null,0,0,0
3341,0,null,0,0,0
3342,0,null,0,0,0
3343,0,null,0,0,0
3344,0,null,0,0,0
3345,0,null,0,0,0
3346,0,null,0,0,0
3347,0,null,0,0,0
3348,0,null,0,0,0
3349,0,null,0,0,0
3350,0,null,0,0,0
3351,0,null,0,0,0
3352,0,null,0,0,0
3353,0,null,0,0,0
3354,0,null,0,0,0
3355,0,null,0,0,0
3356,0,null,0,0,0
3357,0,null,0,0,0
3358,0,null,0,0,0
3359,1,primary_proton,1,1,1
3360,0,null,0,0,0
3361,0,null,0,0,0
3362,0,null,0,0,0
3363,0,null,0,0,0
3364,0,null,0,0,0
3365,0,null,0,0,0
3366,0,null,0,0,0
3367,0,null,0,0,0
3368,0,null,0,0,0
3369,0,null,0,0,0
3370,0,null,0,0,0
3371,0,null,0,0,0
3372,0,null,0,0,0
3373,0,null,0,0,0
3374,0,null,0,0,0
3375,0,null,0,0,0
3376,0,null,0,0,0
3377,2,secondary_proton,1,1,1
3379,0,null,0,0,0
3380,0,null,0,0,0
3381,0,null,0,0,0
3382,0,null,0,0,0
3383,0,null,0,0,0
3384,0,null,0,0,0
3385,0,null,0,0,0
3386,0,null,0,0,0
3387,0,null,0,0,0
3388,1,primary_proton,1,1,1
3389,0,null,0,0,0
3390,0,null,0,0,0
3391,0,null,0,0,0
3392,0,null,0,0,0
3393,0,null,0,0,0
3394,0,null,0,0,0
3395,0,null,0,0,0
3396,0,null,0,0,0
3397,0,null,0,0,0
3398,0,null,0,0,0
3399,0,null,0,0,0
3400,0,null,0,0,0
3401,0,null,0,0,0
3402,0,null,0,0,0
3403,0,null,0,0,0
3404,0,null,0,0,0
3405,0,null,0,0,0
3406,0,null,0,0,0
3407,0,null,0,0,0
3408,0,null,0,0,0
3409,0,null,0,0,0
3410,0,null,0,0,0
3411,0,null,0,0,0
3412,0,null,0,0,0
3413,0,null,0,0,0
3414,0,null,0,0,0
3415,0,null,0,0,0
3416,0,null,0,0,0
3417,0,null,0,0,0
3418,0,null,0,0,0
3419,0,null,0,0,0
3420,0,null,0,0,0
3421,0,null,0,0,0
3422,0,null,0,0,0
3423,0,null,0,0,0
3424,0,null,0,0,0
3425,0,null,0,0,0
3426,0,null,0,0,0
3427,0,null,0,0,0
3428,0,null,0,0,0
3429,0,null,0,0,0
3430,0,null,0,0,0
3431,0,null,0,0,0
3432,0,null,0,0,0
3433,0,null,0,0,0
3434,0,null,0,0,0
3435,0,null,0,0,0
3436,0,null,0,0,0
3437,0,null,0,0,0
3438,0,null,0,0,0
3439,0,null,0,0,0
3440,0,null,0,0,0
3441,0,null,0,0,0
3442,0,null,0,0,0
3443,0,null,0,0,0
3444,0,null,0,0,0
3445,0,null,0,0,0
3446,0,null,0,0,0
3447,1,primary_proton,1,1,1
3448,0,null,0,0,0
3449,0,null,0,0,0
3450,0,null,0,0,0
3451,0,null,0,0,0
3452,0,null,0,0,0
3453,0,null,0,0,0
3454,1,primary_proton,1,1,1
3455,0,null,0,0,0
3456,0,null,0,0,0
3457,0,null,0,0,0
3458,0,null,0,0,0
3459,0,null,0,0,0
3460,0,null,0,0,0
3461,0,null,0,0,0
3462,0,null,0,0,0
3463,0,null,0,0,0
3464,0,null,0,0,0
3465,0,null,0,0,0
3466,1,primary_proton,1,1,1
3467,0,null,0,0,0
3468,0,null,0,0,0
3469,0,null,0,0,0
3470,0,null,0,0,0
3471,0,null,0,0,0
3472,1,primary_proton,1,1,1
3473,3209,secondary_proton,1,0,0
3474,0,null,0,0,0
3475,0,null,0,0,0
3476,0,null,0,0,0
3477,0,null,0,0,0
3478,0,null,0,0,0
3479,0,null,0,0,0
3480,0,null,0,0,0
3481,0,null,0,0,0
3482,0,null,0,0,0
3483,0,null,0,0,0
3484,0,null,0,0,0
3485,0,null,0,0,0
3486,0,null,0,0,0
3487,0,null,0,0,0
3488,0,null,0,0,0
3489,0,null,0,0,0
3490,0,null,0,0,0
3491,0,null,0,0,0
3492,1,primary_proton,1,1,1
3493,0,null,0,0,0
3494,0,null,0,0,0
3495,0,null,0,0,0
3496,0,null,0,0,0
3497,0,null,0,0,0
3498,1,primary_proton,1,1,1
3499,0,null,0,0,0
3500,0,null,0,0,0
3501,0,null,0,0,0
3502,0,null,0,0,0
3503,0,null,0,0,0
3504,1,primary_proton,1,1,1
3505,0,null,0,0,0
3506,0,null,0,0,0
3507,0,null,0,0,0
3508,0,null,0,0,0
3509,7,secondary_proton,1,1,1
3510,0,null,0,0,0
3511,0,null,0,0,0
3512,0,null,0,0,0
3513,0,null,0,0,0
3514,0,null,0,0,0
3515,0,null,0,0,0
3516,0,null,0,0,0
3517,0,null,0,0,0
3518,0,null,0,0,0
3519,0,null,0,0,0
3520,0,null,0,0,0
3521,0,null,0,0,0
3522,0,null,0,0,0
3523,0,null,0,0,0
3524,1,primary_proton,1,1,1
3525,0,null,0,0,0
3526,0,null,0,0,0
3527,0,null,0,0,0
3528,0,null,0,0,0
3529,0,null,0,0,0
3530,0,null,0,0,0
3531,0,null,0,0,0
3532,0,null,0,0,0
3533,0,null,0,0,0
3534,0,null,0,0,0
3535,0,null,0,0,0
3536,0,null,0,0,0
3537,0,null,0,0,0
3538,0,null,0,0,0
3539,0,null,0,0,0
3540,0,null,0,0,0
3541,0,null,0,0,0
3542,0,null,0,0,0
3543,0,null,0,0,0
3544,0,null,0,0,0
3545,0,null,0,0,0
3546,0,null,0,0,0
3547,0,null,0,0,0
3548,0,null,0,0,0
3549,0,null,0,0,0
3550,0,null,0,0,0
3551,0,null,0,0,0
3552,0,null,0,0,0
3553,0,null,0,0,0
3554,0,null,0,0,0
3555,0,null,0,0,0
3556,0,null,0,0,0
3557,0,null,0,0,0
3558,0,null,0,0,0
3559,1,primary_proton,1,1,1
3560,0,null,0,0,0
3561,0,null,0,0,0
3562,0,null,0,0,0
3563,0,null,0,0,0
3564,11,pi-,1,0,0
3565,0,null,0,0,0
3566,0,null,0,0,0
3567,0,null,0,0,0
3568,0,null,0,0,0
3569,0,null,0,0,0
3570,0,null,0,0,0
3571,0,null,0,0,0
3572,0,null,0,0,0
3573,0,null,0,0,0
3574,0,null,0,0,0
3575,0,null,0,0,0
3576,0,null,0,0,0
3577,0,null,0,0,0
3578,0,null,0,0,0
3579,0,null,0,0,0
3580,0,null,0,0,0
3581,0,null,0,0,0
3582,0,null,0,0,0
3583,0,null,0,0,0
3584,0,null,0,0,0
3585,0,null,0,0,0
3586,0,null,0,0,0
3587,0,null,0,0,0
3588,0,null,0,0,0
3589,0,null,0,0,0
3590,0,null,0,0,0
3591,0,null,0,0,0
3592,0,null,0,0,0
3593,0,null,0,0,0
3594,0,null,0,0,0
3595,0,null,0,0,0
3596,0,null,0,0,0
3597,0,null,0,0,0
3599,0,null,0,0,0
3600,0,null,0,0,0
3601,0,null,0,0,0
3602,0,null,0,0,0
3603,0,null,0,0,0
3604,6,pi+,1,1,1
3605,0,null,0,0,0
3606,0,null,0,0,0
3607,0,null,0,0,0
3608,1,primary_proton,1,1,1
3609,0,null,0,0,0
3610,0,null,0,0,0
3611,0,null,0,0,0
3612,0,null,0,0,0
3613,0,null,0,0,0
3614,0,null,0,0,0
3615,0,null,0,0,0
3616,0,null,0,0,0
3617,0,null,0,0,0
3618,0,null,0,0,0
3619,0,null,0,0,0
3620,0,null,0,0,0
3621,0,null,0,0,0
3622,0,null,0,0,0
3623,12,secondary_proton,1,1,1
3624,0,null,0,0,0
3625,17,secondary_proton,1,1,1
3626,0,null,0,0,0
3627,0,null,0,0,0
3628,1950,secondary_proton,1,1,1
3629,0,null,0,0,0
3630,0,null,0,0,0
3631,0,null,0,0,0
3632,0,null,0,0,0
3633,0,null,0,0,0
3634,0,null,0,0,0
3635,0,null,0,0,0
3636,0,null,0,0,0
3637,0,null,0,0,0
3638,0,null,0,0,0
3639,0,null,0,0,0
3640,0,null,0,0,0
3641,0,null,0,0,0
3642,0,null,0,0,0
3643,0,null,0,0,0
3644,0,null,0,0,0
3645,0,null,0,0,0
3646,0,null,0,0,0
3647,0,null,0,0,0
3648,1,primary_proton,1,1,1
3649,0,null,0,0,0
3650,0,null,0,0,0
3651,0,null,0,0,0
3652,0,null,0,0,0
3653,0,null,0,0,0
3654,0,null,0,0,0
3655,0,null,0,0,0
3656,1,primary_proton,1,1,1
3657,0,null,0,0,0
3658,0,null,0,0,0
3659,0,null,0,0,0
3660,0,null,0,0,0
3661,0,null,0,0,0
3662,0,null,0,0,0
3663,0,null,0,0,0
3664,1,primary_proton,1,1,1
3665,0,null,0,0,0
3666,0,null,0,0,0
3667,0,null,0,0,0
3668,0,null,0,0,0
3669,1,primary_proton,1,1,1
3670,0,null,0,0,0
3671,0,null,0,0,0
3672,0,null,0,0,0
3673,0,null,0,0,0
3674,0,null,0,0,0
3675,0,null,0,0,0
3676,0,null,0,0,0
3677,1,primary_proton,1,1,1
3678,0,null,0,0,0
3679,0,null,0,0,0
3680,0,null,0,0,0
3681,0,null,0,0,0
3682,0,null,0,0,0
3683,0,null,0,0,0
3684,0,null,0,0,0
3685,0,null,0,0,0
3686,0,null,0,0,0
3687,0,null,0,0,0
3688,0,null,0,0,0
3689,0,null,0,0,0
3690,0,null,0,0,0
3691,0,null,0,0,0
3692,0,null,0,0,0
3693,0,null,0,0,0
3694,0,null,0,0,0
3695,0,null,0,0,0
3696,0,null,0,0,0
3697,0,null,0,0,0
3698,0,null,0,0,0
3699,0,null,0,0,0
3700,0,null,0,0,0
3701,0,null,0,0,0
3702,0,null,0,0,0
3703,0,null,0,0,0
3704,1,primary_proton,1,1,1
3705,0,null,0,0,0
3706,0,null,0,0,0
3707,0,null,0,0,0
3708,0,null,0,0,0
3709,0,null,0,0,0
3710,0,null,0,0,0
3711,0,null,0,0,0
3712,0,null,0,0,0
3713,4,secondary_proton,1,1,1
3714,0,null,0,0,0
3715,0,null,0,0,0
3716,0,null,0,0,0
3717,0,null,0,0,0
3718,0,null,0,0,0
3719,0,null,0,0,0
3720,0,null,0,0,0
3721,0,null,0,0,0
3722,0,null,0,0,0
3723,0,null,0,0,0
3724,0,null,0,0,0
3725,0,null,0,0,0
3726,0,null,0,0,0
3727,0,null,0,0,0
3728,0,null,0,0,0
3729,0,null,0,0,0
3730,0,null,0,0,0
3731,0,null,0,0,0
3732,0,null,0,0,0
3733,0,null,0,0,0
3734,0,null,0,0,0
3735,0,null,0,0,0
3736,1,primary_proton,1,1,1
3737,0,null,0,0,0
3738,0,null,0,0,0
3739,0,null,0,0,0
3740,0,null,0,0,0
3741,11,pi+,1,0,0
3742,0,null,0,0,0
3743,0,null,0,0,0
3744,0,null,0,0,0
3745,0,null,0,0,0
3746,0,null,0,0,0
3747,1,primary_proton,1,1,1
3748,0,null,0,0,0
3749,0,null,0,0,0
3750,0,null,0,0,0
3751,0,null,0,0,0
3752,0,null,0,0,0
3753,0,null,0,0,0
3754,0,null,0,0,0
3755,0,null,0,0,0
3756,672,pi+,1,1,1
3757,0,null,0,0,0
3758,0,null,0,0,0
3759,0,null,0,0,0
3760,0,null,0,0,0
3761,0,null,0,0,0
3762,0,null,0,0,0
3763,12,secondary_proton,1,1,0
3764,0,null,0,0,0
3765,0,null,0,0,0
3766,0,null,0,0,0
3767,0,null,0,0,0
3768,0,null,0,0,0
3769,0,null,0,0,0
3770,0,null,0,0,0
3771,289,pi-,1,1,0
3772,0,null,0,0,0
3773,0,null,0,0,0
3774,0,null,0,0,0
3775,0,null,0,0,0
3776,0,null,0,0,0
3777,0,null,0,0,0
3778,0,null,0,0,0
3779,0,null,0,0,0
3780,0,null,0,0,0
3781,0,null,0,0,0
3782,0,null,0,0,0
3783,0,null,0,0,0
3784,0,null,0,0,0
3785,0,null,0,0,0
3786,0,null,0,0,0
3787,0,null,0,0,0
3788,0,null,0,0,0
3789,0,null,0,0,0
3790,0,null,0,0,0
3791,10,pi-,1,1,1
3792,0,null,0,0,0
3793,0,null,0,0,0
3794,0,null,0,0,0
3795,0,null,0,0,0
3796,0,null,0,0,0
3797,0,null,0,0,0
3798,0,null,0,0,0
3799,0,null,0,0,0
3800,0,null,0,0,0
3801,0,null,0,0,0
3802,1,primary_proton,1,1,1
3803,0,null,0,0,0
3804,0,null,0,0,0
3805,0,null,0,0,0
3806,0,null,0,0,0
3807,0,null,0,0,0
3808,12,pi+,1,0,0
3809,0,null,0,0,0
3810,0,null,0,0,0
3811,0,null,0,0,0
3812,0,null,0,0,0
3813,1,primary_proton,1,1,1
3814,0,null,0,0,0
3815,0,null,0,0,0
3817,0,null,0,0,0
3818,0,null,0,0,0
3819,0,null,0,0,0
3820,8,secondary_proton,1,1,1
3821,0,null,0,0,0
3822,0,null,0,0,0
3823,0,null,0,0,0
3824,0,null,0,0,0
3825,0,null,0,0,0
3826,0,null,0,0,0
3827,0,null,0,0,0
3828,0,null,0,0,0
3829,0,null,0,0,0
3830,0,null,0,0,0
3831,0,null,0,0,0
3832,0,null,0,0,0
3833,0,null,0,0,0
3834,0,null,0,0,0
3835,0,null,0,0,0
3836,0,null,0,0,0
3837,0,null,0,0,0
3838,0,null,0,0,0
3839,0,null,0,0,0
3840,0,null,0,0,0
3841,0,null,0,0,0
3842,1,primary_proton,1,1,1
3843,0,null,0,0,0
3844,0,null,0,0,0
3845,0,null,0,0,0
3846,0,null,0,0,0
3847,0,null,0,0,0
3848,9,pi+,1,0,0
3849,0,null,0,0,0
3850,0,null,0,0,0
3851,0,null,0,0,0
3852,0,null,0,0,0
3853,0,null,0,0,0
3854,8,pi+,1,1,1
3855,1,primary_proton,1,1,1
3856,0,null,0,0,0
3857,20,secondary_proton,1,1,1
3858,0,null,0,0,0
3859,0,null,0,0,0
3860,0,null,0,0,0
3861,0,null,0,0,0
3862,0,null,0,0,0
3863,0,null,0,0,0
3864,0,null,0,0,0
3865,0,null,0,0,0
3866,0,null,0,0,0
3867,0,null,0,0,0
3868,0,null,0,0,0
3869,6,pi-,1,1,1
3870,0,null,0,0,0
3871,0,null,0,0,0
3872,0,null,0,0,0
3873,0,null,0,0,0
3874,0,null,0,0,0
3875,0,null,0,0,0
3876,1,primary_proton,1,1,1
3877,0,null,0,0,0
3878,0,null,0,0,0
3879,0,null,0,0,0
3880,0,null,0,0,0
3881,0,null,0,0,0
3882,0,null,0,0,0
3883,0,null,0,0,0
3884,0,null,0,0,0
3885,0,null,0,0,0
3886,0,null,0,0,0
3887,0,null,0,0,0
3888,0,null,0,0,0
3889,1,primary_proton,1,1,1
3890,0,null,0,0,0
3891,0,null,0,0,0
3892,0,null,0,0,0
3893,0,null,0,0,0
3894,0,null,0,0,0
3895,0,null,0,0,0
3896,0,null,0,0,0
3897,0,null,0,0,0
3898,0,null,0,0,0
3899,0,null,0,0,0
3900,8,pi+,1,1,1
3901,0,null,0,0,0
3902,0,null,0,0,0
3903,0,null,0,0,0
3904,1,primary_proton,1,1,1
3905,0,null,0,0,0
3906,0,null,0,0,0
3907,0,null,0,0,0
3908,0,null,0,0,0
3909,0,null,0,0,0
3910,0,null,0,0,0
3911,0,null,0,0,0
3912,0,null,0,0,0
3913,0,null,0,0,0
3914,0,null,0,0,0
3915,0,null,0,0,0
3916,0,null,0,0,0
3917,0,null,0,0,0
3918,0,null,0,0,0
3919,0,null,0,0,0
3920,1,primary_proton,1,1,1
3921,0,null,0,0,0
3922,0,null,0,0,0
3923,0,null,0,0,0
3924,4391,secondary_proton,1,0,0
3925,0,null,0,0,0
3926,0,null,0,0,0
3927,0,null,0,0,0
3928,0,null,0,0,0
3929,0,null,0,0,0
3930,0,null,0,0,0
3931,0,null,0,0,0
3932,0,null,0,0,0
3933,0,null,0,0,0
3934,0,null,0,0,0
3935,1245,secondary_proton,1,1,1
3936,0,null,0,0,0
3937,0,null,0,0,0
3938,0,null,0,0,0
3939,0,null,0,0,0
3940,0,null,0,0,0
3941,0,null,0,0,0
3942,0,null,0,0,0
3943,0,null,0,0,0
3944,0,null,0,0,0
3945,0,null,0,0,0
3946,0,null,0,0,0
3947,0,null,0,0,0
3948,0,null,0,0,0
3949,0,null,0,0,0
3950,0,null,0,0,0
3951,0,null,0,0,0
3952,0,null,0,0,0
3953,0,null,0,0,0
3954,0,null,0,0,0
3955,0,null,0,0,0
3956,0,null,0,0,0
3957,0,null,0,0,0
3958,0,null,0,0,0
3959,2081,e-,1,0,0
3960,1,primary_proton,1,0,0
3961,0,null,0,0,0
3962,0,null,0,0,0
3963,0,null,0,0,0
3964,0,null,0,0,0
3965,0,null,0,0,0
3966,0,null,0,0,0
3967,0,null,0,0,0
3968,0,null,0,0,0
3969,0,null,0,0,0
3970,0,null,0,0,0
3971,0,null,0,0,0
3972,0,null,0,0,0
3973,0,null,0,0,0
3974,0,null,0,0,0
3975,0,null,0,0,0
3976,0,null,0,0,0
3977,0,null,0,0,0
3978,16,pi-,1,1,1
3979,0,null,0,0,0
3980,0,null,0,0,0
3981,0,null,0,0,0
3982,1,primary_proton,1,1,1
3983,0,null,0,0,0
3984,0,null,0,0,0
3985,1517,e-,1,1,1
3986,0,null,0,0,0
3987,0,null,0,0,0
3988,0,null,0,0,0
3989,0,null,0,0,0
3990,0,null,0,0,0
3991,0,null,0,0,0
3992,0,null,0,0,0
3993,6,secondary_proton,1,1,1
3994,0,null,0,0,0
3995,0,null,0,0,0
3996,0,null,0,0,0
3997,0,null,0,0,0
3998,0,null,0,0,0
3999,0,null,0,0,0
4000,0,null,0,0,0
4001,0,null,0,0,0
4002,1,primary_proton,1,1,1
4003,0,null,0,0,0
4004,0,null,0,0,0
4005,0,null,0,0,0
4006,0,null,0,0,0
4007,0,null,0,0,0
4008,0,null,0,0,0
4009,0,null,0,0,0
4010,0,null,0,0,0
4011,0,null,0,0,0
4012,0,null,0,0,0
4013,0,null,0,0,0
4014,0,null,0,0,0
4015,0,null,0,0,0
4016,0,null,0,0,0
4017,0,null,0,0,0
4018,0,null,0,0,0
4019,0,null,0,0,0
4020,0,null,0,0,0
4021,0,null,0,0,0
4022,0,null,0,0,0
4023,0,null,0,0,0
4024,0,null,0,0,0
4025,0,null,0,0,0
4026,0,null,0,0,0
4027,0,null,0,0,0
4028,0,null,0,0,0
4029,0,null,0,0,0
4030,0,null,0,0,0
4031,1,primary_proton,1,1,1
4032,0,null,0,0,0
4033,0,null,0,0,0
4035,0,null,0,0,0
4036,0,null,0,0,0
4037,1,primary_proton,1,1,1
4038,0,null,0,0,0
4039,0,null,0,0,0
4040,0,null,0,0,0
4041,0,null,0,0,0
4042,0,null,0,0,0
4043,0,null,0,0,0
4044,0,null,0,0,0
4045,0,null,0,0,0
4046,0,null,0,0,0
4047,1,primary_proton,1,1,1
4048,1986,e-,1,0,0
4049,0,null,0,0,0
4050,0,null,0,0,0
4051,0,null,0,0,0
4052,1,primary_proton,1,1,1
4053,0,null,0,0,0
4054,0,null,0,0,0
4055,0,null,0,0,0
4056,0,null,0,0,0
4057,0,null,0,0,0
4058,0,null,0,0,0
4059,0,null,0,0,0
4060,14,pi-,1,1,1
4061,0,null,0,0,0
4062,373,pi+,1,1,1
4063,0,null,0,0,0
4064,0,null,0,0,0
4065,0,null,0,0,0
4066,0,null,0,0,0
4067,0,null,0,0,0
4068,0,null,0,0,0
4069,0,null,0,0,0
4070,0,null,0,0,0
4071,0,null,0,0,0
4072,0,null,0,0,0
4073,0,null,0,0,0
4074,0,null,0,0,0
4075,1,primary_proton,1,1,1
4076,1,primary_proton,1,1,1
4077,0,null,0,0,0
4078,8,secondary_proton,1,1,1
4079,0,null,0,0,0
4080,0,null,0,0,0
4081,0,null,0,0,0
4082,0,null,0,0,0
4083,0,null,0,0,0
4084,0,null,0,0,0
4085,0,null,0,0,0
4086,0,null,0,0,0
4087,0,null,0,0,0
4088,0,null,0,0,0
4089,8,secondary_proton,1,1,1
4090,0,null,0,0,0
4091,0,null,0,0,0
4092,0,null,0,0,0
4093,0,null,0,0,0
4094,0,null,0,0,0
4095,12,pi-,1,1,1
4096,0,null,0,0,0
4097,0,null,0,0,0
4098,0,null,0,0,0
4099,0,null,0,0,0
4100,1,primary_proton,1,1,1
4101,0,null,0,0,0
4102,0,null,0,0,0
4103,0,null,0,0,0
4104,0,null,0,0,0
4105,1935,e-,1,0,0
4106,0,null,0,0,0
4107,0,null,0,0,0
4108,0,null,0,0,0
4109,0,null,0,0,0
4110,0,null,0,0,0
4111,1,primary_proton,1,0,0
4112,0,null,0,0,0
4113,0,null,0,0,0
4114,0,null,0,0,0
4115,0,null,0,0,0
4116,0,null,0,0,0
4117,0,null,0,0,0
4118,0,null,0,0,0
4119,0,null,0,0,0
4120,1,primary_proton,1,1,1
4121,0,null,0,0,0
4122,9,pi-,1,1,1
4123,0,null,0,0,0
4124,0,null,0,0,0
4125,0,null,0,0,0
4126,0,null,0,0,0
4127,0,null,0,0,0
4128,3173,e-,1,0,0
4129,0,null,0,0,0
4130,0,null,0,0,0
4131,0,null,0,0,0
4132,0,null,0,0,0
4133,0,null,0,0,0
4134,0,null,0,0,0
4135,0,null,0,0,0
4136,0,null,0,0,0
4137,0,null,0,0,0
4138,1973,secondary_proton,1,0,0
4139,0,null,0,0,0
4140,0,null,0,0,0
4141,0,null,0,0,0
4142,0,null,0,0,0
4143,0,null,0,0,0
4144,0,null,0,0,0
4145,0,null,0,0,0
4146,0,null,0,0,0
4147,0,null,0,0,0
4148,0,null,0,0,0
4149,0,null,0,0,0
4150,0,null,0,0,0
4151,0,null,0,0,0
4152,0,null,0,0,0
4153,0,null,0,0,0
4154,0,null,0,0,0
4155,0,null,0,0,0
4156,0,null,0,0,0
4157,0,null,0,0,0
4158,8,pi-,1,1,0
4159,0,null,0,0,0
4160,0,null,0,0,0
4161,1,primary_proton,1,1,1
4162,0,null,0,0,0
4163,6,pi-,1,0,0
4164,0,null,0,0,0
4165,0,null,0,0,0
4166,0,null,0,0,0
4167,0,null,0,0,0
4168,0,null,0,0,0
4169,0,null,0,0,0
4170,0,null,0,0,0
4171,16,pi-,1,0,0
4172,0,null,0,0,0
4173,0,null,0,0,0
4174,0,null,0,0,0
4175,0,null,0,0,0
4176,0,null,0,0,0
4177,0,null,0,0,0
4178,0,null,0,0,0
4179,0,null,0,0,0
4180,0,null,0,0,0
4181,0,null,0,0,0
4182,0,null,0,0,0
4183,0,null,0,0,0
4184,0,null,0,0,0
4185,0,null,0,0,0
4186,0,null,0,0,0
4187,0,null,0,0,0
4188,8,pi-,1,1,1
4189,1,primary_proton,1,1,1
4190,0,null,0,0,0
4191,0,null,0,0,0
4192,0,null,0,0,0
4193,0,null,0,0,0
4194,0,null,0,0,0
4195,0,null,0,0,0
4196,0,null,0,0,0
4197,0,null,0,0,0
4198,0,null,0,0,0
4199,0,null,0,0,0
4200,0,null,0,0,0
4201,0,null,0,0,0
4202,0,null,0,0,0
4203,0,null,0,0,0
4204,0,null,0,0,0
4205,0,null,0,0,0
4206,13,pi+,1,1,0
4207,0,null,0,0,0
4208,0,null,0,0,0
4209,0,null,0,0,0
4210,0,null,0,0,0
4211,0,null,0,0,0
4212,0,null,0,0,0
4213,0,null,0,0,0
4214,0,null,0,0,0
4215,0,null,0,0,0
4216,0,null,0,0,0
4217,0,null,0,0,0
4218,0,null,0,0,0
4219,0,null,0,0,0
4220,0,null,0,0,0
4221,0,null,0,0,0
4222,0,null,0,0,0
4223,0,null,0,0,0
4224,0,null,0,0,0
4225,0,null,0,0,0
4226,0,null,0,0,0
4227,0,null,0,0,0
4228,0,null,0,0,0
4229,0,null,0,0,0
4230,0,null,0,0,0
4231,0,null,0,0,0
4232,0,null,0,0,0
4233,0,null,0,0,0
4234,0,null,0,0,0
4235,0,null,0,0,0
4236,0,null,0,0,0
4237,0,null,0,0,0
4238,0,null,0,0,0
4239,0,null,0,0,0
4240,0,null,0,0,0
4241,0,null,0,0,0
4242,0,null,0,0,0
4243,0,null,0,0,0
4244,0,null,0,0,0
4245,0,null,0,0,0
4246,0,null,0,0,0
4247,1,primary_proton,1,1,1
4248,12,secondary_proton,1,0,0
4249,0,null,0,0,0
4250,0,null,0,0,0
4251,0,null,0,0,0
4253,0,null,0,0,0
4254,0,null,0,0,0
4255,0,null,0,0,0
4256,0,null,0,0,0
4257,0,null,0,0,0
4258,0,null,0,0,0
4259,0,null,0,0,0
4260,0,null,0,0,0
4261,0,null,0,0,0
4262,0,null,0,0,0
4263,0,null,0,0,0
4264,0,null,0,0,0
4265,0,null,0,0,0
4266,0,null,0,0,0
4267,0,null,0,0,0
4268,0,null,0,0,0
4269,0,null,0,0,0
4270,0,null,0,0,0
4271,0,null,0,0,0
4272,0,null,0,0,0
4273,0,null,0,0,0
4274,0,null,0,0,0
4275,0,null,0,0,0
4276,0,null,0,0,0
4277,0,null,0,0,0
4278,0,null,0,0,0
4279,0,null,0,0,0
4280,0,null,0,0,0
4281,0,null,0,0,0
4282,0,null,0,0,0
4283,0,null,0,0,0
4284,0,null,0,0,0
4285,0,null,0,0,0
4286,0,null,0,0,0
4287,0,null,0,0,0
4288,0,null,0,0,0
4289,0,null,0,0,0
4290,0,null,0,0,0
4291,0,null,0,0,0
4292,0,null,0,0,0
4293,0,null,0,0,0
4294,0,null,0,0,0
4295,0,null,0,0,0
4296,0,null,0,0,0
4297,0,null,0,0,0
4298,0,null,0,0,0
4299,0,null,0,0,0
4300,0,null,0,0,0
4301,0,null,0,0,0
4302,0,null,0,0,0
4303,0,null,0,0,0
4304,0,null,0,0,0
4305,0,null,0,0,0
4306,0,null,0,0,0
4307,0,null,0,0,0
4308,0,null,0,0,0
4309,0,null,0,0,0
4310,0,null,0,0,0
4311,0,null,0,0,0
4312,0,null,0,0,0
4313,0,null,0,0,0
4314,3,secondary_proton,1,1,1
4315,0,null,0,0,0
4316,0,null,0,0,0
4317,0,null,0,0,0
4318,0,null,0,0,0
4319,0,null,0,0,0
4320,0,null,0,0,0
4321,0,null,0,0,0
4322,0,null,0,0,0
4323,0,null,0,0,0
4324,0,null,0,0,0
4325,0,null,0,0,0
4326,0,null,0,0,0
4327,0,null,0,0,0
4328,3253,e-,0,1,1
4329,0,null,0,0,0
4330,0,null,0,0,0
4331,0,null,0,0,0
4332,1,primary_proton,1,1,1
4333,0,null,0,0,0
4334,0,null,0,0,0
4335,0,null,0,0,0
4336,0,null,0,0,0
4337,0,null,0,0,0
4338,0,null,0,0,0
4339,0,null,0,0,0
4340,0,null,0,0,0
4341,0,null,0,0,0
4342,0,null,0,0,0
4343,0,null,0,0,0
4344,1,primary_proton,1,1,1
4345,0,null,0,0,0
4346,0,null,0,0,0
4347,0,null,0,0,0
4348,0,null,0,0,0
4349,0,null,0,0,0
4350,16,pi+,1,1,1
4351,0,null,0,0,0
4352,0,null,0,0,0
4353,0,null,0,0,0
4354,958,e-,1,1,0
4355,0,null,0,0,0
4356,0,null,0,0,0
4357,0,null,0,0,0
4358,0,null,0,0,0
4359,1,primary_proton,1,1,1
4360,0,null,0,0,0
4361,0,null,0,0,0
4362,0,null,0,0,0
4363,0,null,0,0,0
4364,0,null,0,0,0
4365,0,null,0,0,0
4366,0,null,0,0,0
4367,0,null,0,0,0
4368,0,null,0,0,0
4369,0,null,0,0,0
4370,17,pi+,1,0,0
4371,0,null,0,0,0
4372,0,null,0,0,0
4373,0,null,0,0,0
4374,0,null,0,0,0
4375,0,null,0,0,0
4376,0,null,0,0,0
4377,0,null,0,0,0
4378,0,null,0,0,0
4379,0,null,0,0,0
4380,0,null,0,0,0
4381,0,null,0,0,0
4382,0,null,0,0,0
4383,0,null,0,0,0
4384,0,null,0,0,0
4385,0,null,0,0,0
4386,0,null,0,0,0
4387,0,null,0,0,0
4388,0,null,0,0,0
4389,0,null,0,0,0
4390,0,null,0,0,0
4391,0,null,0,0,0
4392,1,primary_proton,1,1,1
4393,0,null,0,0,0
4394,0,null,0,0,0
4395,0,null,0,0,0
4396,0,null,0,0,0
4397,0,null,0,0,0
4398,0,null,0,0,0
4399,0,null,0,0,0
4400,0,null,0,0,0
4401,0,null,0,0,0
4402,0,null,0,0,0
4403,0,null,0,0,0
4404,0,null,0,0,0
4405,0,null,0,0,0
4406,0,null,0,0,0
4407,0,null,0,0,0
4408,0,null,0,0,0
4409,0,null,0,0,0
4410,0,null,0,0,0
4411,0,null,0,0,0
4412,0,null,0,0,0
4413,0,null,0,0,0
4414,229,pi-,1,0,0
4415,10,secondary_proton,1,0,0
4416,0,null,0,0,0
4417,0,null,0,0,0
4418,0,null,0,0,0
4419,0,null,0,0,0
4420,0,null,0,0,0
4421,0,null,0,0,0
4422,0,null,0,0,0
4423,0,null,0,0,0
4424,0,null,0,0,0
4425,0,null,0,0,0
4426,0,null,0,0,0
4427,0,null,0,0,0
4428,0,null,0,0,0
4429,0,null,0,0,0
4430,0,null,0,0,0
4431,0,null,0,0,0
4432,0,null,0,0,0
4433,0,null,0,0,0
4434,0,null,0,0,0
4435,0,null,0,0,0
4436,0,null,0,0,0
4437,0,null,0,0,0
4438,1,primary_proton,1,1,1
4439,0,null,0,0,0
4440,0,null,0,0,0
4441,1,primary_proton,1,1,1
4442,0,null,0,0,0
4443,0,null,0,0,0
4444,0,null,0,0,0
4445,0,null,0,0,0
4446,1,primary_proton,1,1,1
4447,0,null,0,0,0
4448,0,null,0,0,0
4449,0,null,0,0,0
4450,0,null,0,0,0
4451,0,null,0,0,0
4452,0,null,0,0,0
4453,0,null,0,0,0
4454,0,null,0,0,0
4455,0,null,0,0,0
4456,0,null,0,0,0
4457,0,null,0,0,0
4458,0,null,0,0,0
4459,0,null,0,0,0
4460,0,null,0,0,0
4461,0,null,0,0,0
4462,0,null,0,0,0
4463,0,null,0,0,0
4464,0,null,0,0,0
4465,0,null,0,0,0
4466,0,null,0,0,0
4467,0,null,0,0,0
4468,0,null,0,0,0
4469,1,primary_proton,1,1,1
4470,0,null,0,0,0
4471,0,null,0,0,0
4472,0,null,0,0,0
4473,0,null,0,0,0
4475,0,null,0,0,0
4476,0,null,0,0,0
4477,0,null,0,0,0
4478,0,null,0,0,0
4479,0,null,0,0,0
4480,0,null,0,0,0
4481,0,null,0,0,0
4482,0,null,0,0,0
4483,0,null,0,0,0
4484,0,null,0,0,0
4485,0,null,0,0,0
4486,0,null,0,0,0
4487,0,null,0,0,0
4488,0,null,0,0,0
4489,0,null,0,0,0
4490,0,null,0,0,0
4491,0,null,0,0,0
4492,0,null,0,0,0
4493,0,null,0,0,0
4494,0,null,0,0,0
4495,0,null,0,0,0
4496,0,null,0,0,0
4497,0,null,0,0,0
4498,0,null,0,0,0
4499,0,null,0,0,0
4500,0,null,0,0,0
4501,0,null,0,0,0
4502,0,null,0,0,0
4503,0,null,0,0,0
4504,0,null,0,0,0
4505,0,null,0,0,0
4506,0,null,0,0,0
4507,0,null,0,0,0
4508,0,null,0,0,0
4509,0,null,0,0,0
4510,0,null,0,0,0
4511,10,pi+,1,1,1
4512,0,null,0,0,0
4513,0,null,0,0,0
4514,0,null,0,0,0
4515,0,null,0,0,0
4516,0,null,0,0,0
4517,0,null,0,0,0
4518,0,null,0,0,0
4519,0,null,0,0,0
4520,0,null,0,0,0
4521,0,null,0,0,0
4522,0,null,0,0,0
4523,0,null,0,0,0
4524,0,null,0,0,0
4525,0,null,0,0,0
4526,0,null,0,0,0
4527,0,null,0,0,0
4528,0,null,0,0,0
4529,0,null,0,0,0
4530,0,null,0,0,0
4531,0,null,0,0,0
4532,0,null,0,0,0
4533,0,null,0,0,0
4534,0,null,0,0,0
4535,0,null,0,0,0
4536,0,null,0,0,0
4537,0,null,0,0,0
4538,0,null,0,0,0
4539,2,secondary_proton,1,1,1
4540,0,null,0,0,0
4541,0,null,0,0,0
4542,0,null,0,0,0
4543,1,primary_proton,1,1,1
4544,0,null,0,0,0
4545,0,null,0,0,0
4546,0,null,0,0,0
4547,0,null,0,0,0
4548,0,null,0,0,0
4549,0,null,0,0,0
4550,0,null,0,0,0
4551,0,null,0,0,0
4552,0,null,0,0,0
4553,0,null,0,0,0
4554,0,null,0,0,0
4555,0,null,0,0,0
4556,0,null,0,0,0
4557,0,null,0,0,0
4558,0,null,0,0,0
4559,0,null,0,0,0
4560,0,null,0,0,0
4561,0,null,0,0,0
4562,0,null,0,0,0
4563,0,null,0,0,0
4564,0,null,0,0,0
4565,0,null,0,0,0
4566,0,null,0,0,0
4567,0,null,0,0,0
4568,0,null,0,0,0
4569,0,null,0,0,0
4570,0,null,0,0,0
4571,0,null,0,0,0
4572,0,null,0,0,0
4573,0,null,0,0,0
4574,0,null,0,0,0
4575,0,null,0,0,0
4576,0,null,0,0,0
4577,0,null,0,0,0
4578,0,null,0,0,0
4579,0,null,0,0,0
4580,6,secondary_proton,1,1,1
4581,0,null,0,0,0
4582,0,null,0,0,0
4583,0,null,0,0,0
4584,0,null,0,0,0
4585,0,null,0,0,0
4586,0,null,0,0,0
4587,0,null,0,0,0
4588,0,null,0,0,0
4589,0,null,0,0,0
4590,0,null,0,0,0
4591,0,null,0,0,0
4592,0,null,0,0,0
4593,0,null,0,0,0
4594,10,pi+,1,1,1
4595,1,primary_proton,1,1,1
4596,0,null,0,0,0
4597,0,null,0,0,0
4598,0,null,0,0,0
4599,0,null,0,0,0
4600,0,null,0,0,0
4601,0,null,0,0,0
4602,0,null,0,0,0
4603,0,null,0,0,0
4604,0,null,0,0,0
4605,0,null,0,0,0
4606,0,null,0,0,0
4607,0,null,0,0,0
4608,0,null,0,0,0
4609,0,null,0,0,0
4610,0,null,0,0,0
4611,0,null,0,0,0
4612,0,null,0,0,0
4613,0,null,0,0,0
4614,0,null,0,0,0
4615,0,null,0,0,0
4616,0,null,0,0,0
4617,0,null,0,0,0
4618,0,null,0,0,0
4619,0,null,0,0,0
4620,0,null,0,0,0
4621,0,null,0,0,0
4622,0,null,0,0,0
4623,0,null,0,0,0
4624,0,null,0,0,0
4625,0,null,0,0,0
4626,0,null,0,0,0
4627,6,pi+,1,1,1
4628,0,null,0,0,0
4629,0,null,0,0,0
4630,0,null,0,0,0
4631,0,null,0,0,0
4632,0,null,0,0,0
4633,0,null,0,0,0
4634,0,null,0,0,0
4635,0,null,0,0,0
4636,0,null,0,0,0
4637,0,null,0,0,0
4638,0,null,0,0,0
4639,0,null,0,0,0
4640,0,null,0,0,0
4641,0,null,0,0,0
4642,0,null,0,0,0
4643,0,null,0,0,0
4644,0,null,0,0,0
4645,0,null,0,0,0
4646,0,null,0,0,0
4647,0,null,0,0,0
4648,0,null,0,0,0
4649,0,null,0,0,0
4650,1,primary_proton,1,1,1
4651,0,null,0,0,0
4652,0,null,0,0,0
4653,0,null,0,0,0
4654,0,null,0,0,0
4655,0,null,0,0,0
4656,0,null,0,0,0
4657,0,null,0,0,0
4658,0,null,0,0,0
4659,0,null,0,0,0
4660,0,null,0,0,0
4661,2657,kaon+,1,0,0
4662,0,null,0,0,0
4663,0,null,0,0,0
4664,0,null,0,0,0
4665,0,null,0,0,0
4666,0,null,0,0,0
4667,0,null,0,0,0
4668,928,e-,1,0,0
4669,0,null,0,0,0
4670,0,null,0,0,0
4671,0,null,0,0,0
4672,0,null,0,0,0
4673,0,null,0,0,0
4674,683,e-,0,1,0
4675,0,null,0,0,0
4676,0,null,0,0,0
4677,0,null,0,0,0
4678,0,null,0,0,0
4679,0,null,0,0,0
4680,0,null,0,0,0
4681,0,null,0,0,0
4682,0,null,0,0,0
4683,0,null,0,0,0
4684,0,null,0,0,0
4685,0,null,0,0,0
4686,0,null,0,0,0
4687,0,null,0,0,0
4688,0,null,0,0,0
4689,0,null,0,0,0
4690,0,null,0,0,0
4691,0,null,0,0,0
4692,0,null,0,0,0
4693,0,null,0,0,0
4694,0,null,0,0,0
4695,0,null,0,0,0
4696,0,null,0,0,0
4697,0,null,0,0,0
4699,0,null,0,0,0
4700,0,null,0,0,0
4701,0,null,0,0,0
4702,0,null,0,0,0
4703,0,null,0,0,0
4704,0,null,0,0,0
4705,0,null,0,0,0
4706,2496,e+,1,0,1
4707,0,null,0,0,0
4708,0,null,0,0,0
4709,0,null,0,0,0
4710,2,secondary_proton,1,1,1
4711,0,null,0,0,0
4712,1,primary_proton,1,1,1
4713,0,null,0,0,0
4714,0,null,0,0,0
4715,0,null,0,0,0
4716,0,null,0,0,0
4717,0,null,0,0,0
4718,0,null,0,0,0
4719,0,null,0,0,0
4720,0,null,0,0,0
4721,0,null,0,0,0
4722,0,null,0,0,0
4723,0,null,0,0,0
4724,0,null,0,0,0
4725,0,null,0,0,0
4726,0,null,0,0,0
4727,0,null,0,0,0
4728,0,null,0,0,0
4729,0,null,0,0,0
4730,0,null,0,0,0
4731,0,null,0,0,0
4732,0,null,0,0,0
4733,0,null,0,0,0
4734,0,null,0,0,0
4735,0,null,0,0,0
4736,0,null,0,0,0
4737,0,null,0,0,0
4738,0,null,0,0,0
4739,0,null,0,0,0
4740,0,null,0,0,0
4741,0,null,0,0,0
4742,0,null,0,0,0
4743,0,null,0,0,0
4744,0,null,0,0,0
4745,0,null,0,0,0
4746,0,null,0,0,0
4747,0,null,0,0,0
4748,0,null,0,0,0
4749,0,null,0,0,0
4750,0,null,0,0,0
4751,0,null,0,0,0
4752,0,null,0,0,0
4753,0,null,0,0,0
4754,0,null,0,0,0
4755,0,null,0,0,0
4756,0,null,0,0,0
4757,7,secondary_proton,1,0,0
4758,0,null,0,0,0
4759,0,null,0,0,0
4760,0,null,0,0,0
4761,0,null,0,0,0
4762,0,null,0,0,0
4763,0,null,0,0,0
4764,0,null,0,0,0
4765,0,null,0,0,0
4766,0,null,0,0,0
4767,0,null,0,0,0
4768,0,null,0,0,0
4769,0,null,0,0,0
4770,0,null,0,0,0
4771,1,primary_proton,1,1,1
4772,0,null,0,0,0
4773,0,null,0,0,0
4774,0,null,0,0,0
4775,0,null,0,0,0
4776,0,null,0,0,0
4777,0,null,0,0,0
4778,0,null,0,0,0
4779,0,null,0,0,0
4780,0,null,0,0,0
4781,0,null,0,0,0
4782,0,null,0,0,0
4783,0,null,0,0,0
4784,0,null,0,0,0
4785,0,null,0,0,0
4786,0,null,0,0,0
4787,0,null,0,0,0
4788,0,null,0,0,0
4789,0,null,0,0,0
4790,0,null,0,0,0
4791,0,null,0,0,0
4792,0,null,0,0,0
4793,0,null,0,0,0
4794,0,null,0,0,0
4795,0,null,0,0,0
4796,0,null,0,0,0
4797,0,null,0,0,0
4798,0,null,0,0,0
4799,0,null,0,0,0
4800,0,null,0,0,0
4801,0,null,0,0,0
4802,0,null,0,0,0
4803,0,null,0,0,0
4804,0,null,0,0,0
4805,1,primary_proton,1,1,1
4806,0,null,0,0,0
4807,0,null,0,0,0
4808,0,null,0,0,0
4809,0,null,0,0,0
4810,0,null,0,0,0
4811,0,null,0,0,0
4812,0,null,0,0,0
4813,0,null,0,0,0
4814,0,null,0,0,0
4815,0,null,0,0,0
4816,0,null,0,0,0
4817,0,null,0,0,0
4818,0,null,0,0,0
4819,0,null,0,0,0
4820,0,null,0,0,0
4821,0,null,0,0,0
4822,0,null,0,0,0
4823,0,null,0,0,0
4824,0,null,0,0,0
4825,0,null,0,0,0
4826,0,null,0,0,0
4827,0,null,0,0,0
4828,0,null,0,0,0
4829,0,null,0,0,0
4830,0,null,0,0,0
4831,0,null,0,0,0
4832,0,null,0,0,0
4833,0,null,0,0,0
4834,0,null,0,0,0
4835,0,null,0,0,0
4836,0,null,0,0,0
4837,0,null,0,0,0
4838,0,null,0,0,0
4839,0,null,0,0,0
4840,2455,secondary_proton,1,1,1
4841,0,null,0,0,0
4842,0,null,0,0,0
4843,0,null,0,0,0
4844,0,null,0,0,0
4845,0,null,0,0,0
4846,0,null,0,0,0
4847,0,null,0,0,0
4848,0,null,0,0,0
4849,0,null,0,0,0
4850,0,null,0,0,0
4851,0,null,0,0,0
4852,0,null,0,0,0
4853,0,null,0,0,0
4854,0,null,0,0,0
4855,0,null,0,0,0
4856,0,null,0,0,0
4857,0,null,0,0,0
4858,0,null,0,0,0
4859,0,null,0,0,0
4860,0,null,0,0,0
4861,0,null,0,0,0
4862,0,null,0,0,0
4863,0,null,0,0,0
4864,0,null,0,0,0
4865,0,null,0,0,0
4866,0,null,0,0,0
4867,0,null,0,0,0
4868,0,null,0,0,0
4869,0,null,0,0,0
4870,0,null,0,0,0
4871,0,null,0,0,0
4872,0,null,0,0,0
4873,0,null,0,0,0
4874,8,pi-,1,1,1
4875,0,null,0,0,0
4876,0,null,0,0,0
4877,0,null,0,0,0
4878,0,null,0,0,0
4879,0,null,0,0,0
4880,0,null,0,0,0
4881,1235,e-,1,1,0
4882,0,null,0,0,0
4883,0,null,0,0,0
4884,0,null,0,0,0
4885,0,null,0,0,0
4886,9,pi-,1,1,0
4887,0,null,0,0,0
4888,0,null,0,0,0
4889,4,secondary_proton,1,1,1
4890,0,null,0,0,0
4891,0,null,0,0,0
4892,0,null,0,0,0
4893,0,null,0,0,0
4894,0,null,0,0,0
4895,0,null,0,0,0
4896,0,null,0,0,0
4897,0,null,0,0,0
4898,0,null,0,0,0
4899,0,null,0,0,0
4900,5,pi+,1,1,1
4901,0,null,0,0,0
4902,0,null,0,0,0
4903,0,null,0,0,0
4904,0,null,0,0,0
4905,0,null,0,0,0
4906,0,null,0,0,0
4907,88,secondary_proton,1,1,1
4908,0,null,0,0,0
4909,0,null,0,0,0
4910,0,null,0,0,0
4911,0,null,0,0,0
4912,0,null,0,0,0
4913,0,null,0,0,0
4914,0,null,0,0,0
4915,1,primary_proton,1,1,1
4916,0,null,0,0,0
4917,0,null,0,0,0
4918,0,null,0,0,0
4919,0,null,0,0,0
4921,0,null,0,0,0
4922,0,null,0,0,0
4923,0,null,0,0,0
4924,0,null,0,0,0
4925,0,null,0,0,0
4926,0,null,0,0,0
4927,0,null,0,0,0
4928,0,null,0,0,0
4929,0,null,0,0,0
4930,0,null,0,0,0
4931,0,null,0,0,0
4932,0,null,0,0,0
4933,9,secondary_proton,1,1,1
4934,0,null,0,0,0
4935,0,null,0,0,0
4936,0,null,0,0,0
4937,0,null,0,0,0
4938,0,null,0,0,0
4939,5,secondary_proton,1,1,1
4940,0,null,0,0,0
4941,0,null,0,0,0
4942,0,null,0,0,0
4943,0,null,0,0,0
4944,0,null,0,0,0
4945,0,null,0,0,0
4946,0,null,0,0,0
4947,0,null,0,0,0
4948,0,null,0,0,0
4949,0,null,0,0,0
4950,0,null,0,0,0
4951,0,null,0,0,0
4952,0,null,0,0,0
4953,0,null,0,0,0
4954,0,null,0,0,0
4955,0,null,0,0,0
4956,0,null,0,0,0
4957,0,null,0,0,0
4958,0,null,0,0,0
4959,0,null,0,0,0
4960,0,null,0,0,0
4961,0,null,0,0,0
4962,0,null,0,0,0
4963,0,null,0,0,0
4964,0,null,0,0,0
4965,0,null,0,0,0
4966,7,secondary_proton,1,1,0
4967,0,null,0,0,0
4968,0,null,0,0,0
4969,0,null,0,0,0
4970,1,primary_proton,1,1,1
4971,0,null,0,0,0
4972,0,null,0,0,0
4973,0,null,0,0,0
4974,0,null,0,0,0
4975,0,null,0,0,0
4976,0,null,0,0,0
4977,0,null,0,0,0
4978,7,pi+,1,1,1
4979,0,null,0,0,0
4980,0,null,0,0,0
4981,0,null,0,0,0
4982,0,null,0,0,0
4983,3,secondary_proton,1,1,1
4984,0,null,0,0,0
4985,0,null,0,0,0
4986,1,primary_proton,1,1,1
4987,0,null,0,0,0
4988,0,null,0,0,0
4989,0,null,0,0,0
4990,0,null,0,0,0
4991,0,null,0,0,0
4992,0,null,0,0,0
4993,0,null,0,0,0
4994,0,null,0,0,0
4995,0,null,0,0,0
4996,0,null,0,0,0
4997,0,null,0,0,0
4998,0,null,0,0,0
4999,0,null,0,0,0
1,10,secondary_proton,1,1,1
2,0,null,0,0,0
3,0,null,0,0,0
4,1,primary_proton,1,1,1
5,1,primary_proton,1,1,1
6,0,null,0,0,0
7,0,null,0,0,0
8,0,null,0,0,0
9,0,null,0,0,0
10,0,null,0,0,0
11,0,null,0,0,0
12,0,null,0,0,0
13,0,null,0,0,0
14,0,null,0,0,0
15,0,null,0,0,0
16,0,null,0,0,0
17,0,null,0,0,0
18,0,null,0,0,0
19,0,null,0,0,0
20,0,null,0,0,0
21,0,null,0,0,0
22,0,null,0,0,0
23,0,null,0,0,0
24,0,null,0,0,0
25,0,null,0,0,0
26,0,null,0,0,0
27,0,null,0,0,0
28,0,null,0,0,0
29,108,pi+,1,0,0
30,0,null,0,0,0
31,0,null,0,0,0
32,0,null,0,0,0
33,0,null,0,0,0
34,0,null,0,0,0
35,0,null,0,0,0
36,1,primary_proton,1,1,1
37,0,null,0,0,0
38,0,null,0,0,0
39,0,null,0,0,0
40,0,null,0,0,0
41,0,null,0,0,0
42,0,null,0,0,0
43,0,null,0,0,0
44,2726,e-,1,0,0
45,0,null,0,0,0
46,0,null,0,0,0
47,0,null,0,0,0
48,0,null,0,0,0
49,0,null,0,0,0
50,1,primary_proton,1,1,1
51,0,null,0,0,0
52,0,null,0,0,0
53,0,null,0,0,0
54,0,null,0,0,0
55,0,null,0,0,0
56,0,null,0,0,0
57,0,null,0,0,0
58,0,null,0,0,0
59,0,null,0,0,0
60,0,null,0,0,0
61,0,null,0,0,0
62,0,null,0,0,0
63,0,null,0,0,0
64,0,null,0,0,0
65,0,null,0,0,0
66,0,null,0,0,0
67,0,null,0,0,0
68,0,null,0,0,0
69,0,null,0,0,0
70,0,null,0,0,0
71,0,null,0,0,0
72,0,null,0,0,0
73,0,null,0,0,0
74,0,null,0,0,0
75,0,null,0,0,0
76,0,null,0,0,0
77,0,null,0,0,0
78,0,null,0,0,0
79,0,null,0,0,0
80,0,null,0,0,0
81,0,null,0,0,0
82,0,null,0,0,0
83,0,null,0,0,0
84,0,null,0,0,0
85,0,null,0,0,0
86,0,null,0,0,0
87,0,null,0,0,0
88,0,null,0,0,0
89,0,null,0,0,0
90,0,null,0,0,0
91,0,null,0,0,0
92,0,null,0,0,0
93,0,null,0,0,0
94,0,null,0,0,0
95,0,null,0,0,0
96,0,null,0,0,0
97,0,null,0,0,0
98,0,null,0,0,0
99,0,null,0,0,0
100,0,null,0,0,0
101,0,null,0,0,0
102,0,null,0,0,0
103,0,null,0,0,0
104,0,null,0,0,0
105,0,null,0,0,0
106,0,null,0,0,0
107,0,null,0,0,0
108,0,null,0,0,0
109,0,null,0,0,0
110,0,null,0,0,0
111,0,null,0,0,0
112,0,null,0,0,0
113,0,null,0,0,0
114,0,null,0,0,0
115,0,null,0,0,0
116,0,null,0,0,0
117,0,null,0,0,0
118,0,null,0,0,0
119,0,null,0,0,0
120,0,null,0,0,0
121,0,null,0,0,0
122,0,null,0,0,0
123,0,null,0,0,0
124,1,primary_proton,1,1,1
125,0,null,0,0,0
126,0,null,0,0,0
127,0,null,0,0,0
128,0,null,0,0,0
129,0,null,0,0,0
130,0,null,0,0,0
131,0,null,0,0,0
132,0,null,0,0,0
133,0,null,0,0,0
134,0,null,0,0,0
135,0,null,0,0,0
136,0,null,0,0,0
137,0,null,0,0,0
138,0,null,0,0,0
139,0,null,0,0,0
140,0,null,0,0,0
141,5,secondary_proton,1,1,1
142,0,null,0,0,0
143,6,pi-,1,1,1
144,0,null,0,0,0
145,0,null,0,0,0
146,0,null,0,0,0
147,0,null,0,0,0
148,0,null,0,0,0
149,0,null,0,0,0
150,0,null,0,0,0
151,0,null,0,0,0
152,0,null,0,0,0
153,0,null,0,0,0
154,0,null,0,0,0
155,0,null,0,0,0
156,0,null,0,0,0
157,0,null,0,0,0
158,0,null,0,0,0
159,1,primary_proton,1,1,1
160,16,secondary_proton,1,0,0
161,0,null,0,0,0
162,0,null,0,0,0
163,0,null,0,0,0
164,0,null,0,0,0
165,0,null,0,0,0
166,0,null,0,0,0
167,0,null,0,0,0
168,1,primary_proton,1,1,1
169,0,null,0,0,0
170,0,null,0,0,0
171,0,null,0,0,0
172,0,null,0,0,0
173,0,null,0,0,0
174,0,null,0,0,0
175,0,null,0,0,0
176,0,null,0,0,0
177,0,null,0,0,0
178,0,null,0,0,0
179,0,null,0,0,0
180,0,null,0,0,0
181,0,null,0,0,0
182,1,primary_proton,1,1,1
183,17,pi-,1,0,0
184,0,null,0,0,0
185,0,null,0,0,0
186,0,null,0,0,0
187,1,primary_proton,1,1,1
188,0,null,0,0,0
189,0,null,0,0,0
190,0,null,0,0,0
191,0,null,0,0,0
192,0,null,0,0,0
193,1,primary_proton,1,1,1
194,0,null,0,0,0
195,0,null,0,0,0
196,0,null,0,0,0
197,0,null,0,0,0
198,0,null,0,0,0
199,0,null,0,0,0
200,0,null,0,0,0
201,0,null,0,0,0
202,0,null,0,0,0
203,0,null,0,0,0
204,0,null,0,0,0
205,0,null,0,0,0
206,0,null,0,0,0
207,1,primary_proton,1,1,1
208,0,null,0,0,0
209,0,null,0,0,0
210,0,null,0,0,0
211,0,null,0,0,0
212,0,null,0,0,0
213,0,null,0,0,0
214,0,null,0,0,0
215,0,null,0,0,0
216,0,null,0,0,0
217,0,null,0,0,0
218,0,null,0,0,0
219,0,null,0,0,0
220,0,null,0,0,0
221,0,null,0,0,0
222,0,null,0,0,0
223,0,null,0,0,0
224,0,null,0,0,0
225,7,secondary_proton,1,0,0
226,0,null,0,0,0
227,0,null,0,0,0
228,0,null,0,0,0
229,0,null,0,0,0
230,0,null,0,0,0
231,5,secondary_proton,1,1,1
232,0,null,0,0,0
233,0,null,0,0,0
234,0,null,0,0,0
235,0,null,0,0,0
236,0,null,0,0,0
238,1,primary_proton,1,1,1
239,0,null,0,0,0
240,0,null,0,0,0
241,11,pi+,1,1,1
242,0,null,0,0,0
243,0,null,0,0,0
244,0,null,0,0,0
245,0,null,0,0,0
246,0,null,0,0,0
247,0,null,0,0,0
248,0,null,0,0,0
249,0,null,0,0,0
250,602,pi+,1,1,1
251,0,null,0,0,0
252,0,null,0,0,0
253,0,null,0,0,0
254,0,null,0,0,0
255,0,null,0,0,0
256,0,null,0,0,0
257,0,null,0,0,0
258,0,null,0,0,0
259,0,null,0,0,0
260,0,null,0,0,0
261,0,null,0,0,0
262,0,null,0,0,0
263,0,null,0,0,0
264,0,null,0,0,0
265,0,null,0,0,0
266,0,null,0,0,0
267,0,null,0,0,0
268,1193,e-,1,1,1
269,0,null,0,0,0
270,0,null,0,0,0
271,0,null,0,0,0
272,0,null,0,0,0
273,0,null,0,0,0
274,0,null,0,0,0
275,0,null,0,0,0
276,1,primary_proton,1,1,1
277,1,primary_proton,1,1,1
278,0,null,0,0,0
279,0,null,0,0,0
280,0,null,0,0,0
281,0,null,0,0,0
282,0,null,0,0,0
283,0,null,0,0,0
284,0,null,0,0,0
285,0,null,0,0,0
286,0,null,0,0,0
287,0,null,0,0,0
288,0,null,0,0,0
289,0,null,0,0,0
290,0,null,0,0,0
291,0,null,0,0,0
292,0,null,0,0,0
293,0,null,0,0,0
294,0,null,0,0,0
295,0,null,0,0,0
296,0,null,0,0,0
297,0,null,0,0,0
298,0,null,0,0,0
299,0,null,0,0,0
300,0,null,0,0,0
301,0,null,0,0,0
302,0,null,0,0,0
303,0,null,0,0,0
304,0,null,0,0,0
305,0,null,0,0,0
306,0,null,0,0,0
307,0,null,0,0,0
308,0,null,0,0,0
309,0,null,0,0,0
310,0,null,0,0,0
311,0,null,0,0,0
312,0,null,0,0,0
313,0,null,0,0,0
314,0,null,0,0,0
315,0,null,0,0,0
316,0,null,0,0,0
317,0,null,0,0,0
318,0,null,0,0,0
319,0,null,0,0,0
320,0,null,0,0,0
321,0,null,0,0,0
322,0,null,0,0,0
323,0,null,0,0,0
324,0,null,0,0,0
325,0,null,0,0,0
326,0,null,0,0,0
327,0,null,0,0,0
328,0,null,0,0,0
329,0,null,0,0,0
330,0,null,0,0,0
331,0,null,0,0,0
332,0,null,0,0,0
333,0,null,0,0,0
334,1,primary_proton,1,0,0
335,0,null,0,0,0
336,0,null,0,0,0
337,0,null,0,0,0
338,1,primary_proton,1,1,1
339,0,null,0,0,0
340,0,null,0,0,0
341,0,null,0,0,0
342,0,null,0,0,0
343,0,null,0,0,0
344,0,null,0,0,0
345,0,null,0,0,0
346,0,null,0,0,0
347,0,null,0,0,0
348,0,null,0,0,0
349,0,null,0,0,0
350,0,null,0,0,0
351,0,null,0,0,0
352,0,null,0,0,0
353,0,null,0,0,0
354,1,primary_proton,1,1,1
355,0,null,0,0,0
356,0,null,0,0,0
357,0,null,0,0,0
358,0,null,0,0,0
359,0,null,0,0,0
360,2919,e-,1,1,1
361,0,null,0,0,0
362,1,primary_proton,1,1,1
363,0,null,0,0,0
364,0,null,0,0,0
365,1,primary_proton,1,1,1
366,0,null,0,0,0
367,0,null,0,0,0
368,0,null,0,0,0
369,0,null,0,0,0
370,0,null,0,0,0
371,0,null,0,0,0
372,0,null,0,0,0
373,0,null,0,0,0
374,0,null,0,0,0
375,0,null,0,0,0
376,0,null,0,0,0
377,0,null,0,0,0
378,0,null,0,0,0
379,0,null,0,0,0
380,0,null,0,0,0
381,0,null,0,0,0
382,0,null,0,0,0
383,0,null,0,0,0
384,0,null,0,0,0
385,0,null,0,0,0
386,0,null,0,0,0
387,0,null,0,0,0
388,0,null,0,0,0
389,0,null,0,0,0
390,0,null,0,0,0
391,0,null,0,0,0
392,0,null,0,0,0
393,0,null,0,0,0
394,0,null,0,0,0
395,0,null,0,0,0
396,0,null,0,0,0
397,0,null,0,0,0
398,0,null,0,0,0
399,0,null,0,0,0
400,1,primary_proton,1,1,1
401,0,null,0,0,0
402,0,null,0,0,0
403,0,null,0,0,0
404,0,null,0,0,0
405,0,null,0,0,0
406,0,null,0,0,0
407,0,null,0,0,0
408,1,primary_proton,1,1,1
409,0,null,0,0,0
410,0,null,0,0,0
411,0,null,0,0,0
412,0,null,0,0,0
413,0,null,0,0,0
414,0,null,0,0,0
415,0,null,0,0,0
416,0,null,0,0,0
417,0,null,0,0,0
418,0,null,0,0,0
419,0,null,0,0,0
420,0,null,0,0,0
421,0,null,0,0,0
422,0,null,0,0,0
423,0,null,0,0,0
424,0,null,0,0,0
425,0,null,0,0,0
426,0,null,0,0,0
427,0,null,0,0,0
428,0,null,0,0,0
429,0,null,0,0,0
430,0,null,0,0,0
431,0,null,0,0,0
432,0,null,0,0,0
433,0,null,0,0,0
434,0,null,0,0,0
435,0,null,0,0,0
436,0,null,0,0,0
437,0,null,0,0,0
438,0,null,0,0,0
439,6,pi+,1,0,0
440,0,null,0,0,0
441,0,null,0,0,0
442,0,null,0,0,0
443,0,null,0,0,0
444,0,null,0,0,0
445,0,null,0,0,0
446,0,null,0,0,0
447,1073,e+,1,1,0
448,0,null,0,0,0
449,0,null,0,0,0
450,0,null,0,0,0
451,6,secondary_proton,1,1,0
452,0,null,0,0,0
453,0,null,0,0,0
454,0,null,0,0,0
455,0,null,0,0,0
456,0,null,0,0,0
457,0,null,0,0,0
458,0,null,0,0,0
459,0,null,0,0,0
460,0,null,0,0,0
461,0,null,0,0,0
462,0,null,0,0,0
463,0,null,0,0,0
464,1,primary_proton,1,1,1
465,0,null,0,0,0
466,0,null,0,0,0
467,0,null,0,0,0
468,5,pi-,1,1,1
469,0,null,0,0,0
471,0,null,0,0,0
472,0,null,0,0,0
473,0,null,0,0,0
474,0,null,0,0,0
475,0,null,0,0,0
476,0,null,0,0,0
477,0,null,0,0,0
478,0,null,0,0,0
479,0,null,0,0,0
480,0,null,0,0,0
481,0,null,0,0,0
482,0,null,0,0,0
483,0,null,0,0,0
484,0,null,0,0,0
485,0,null,0,0,0
486,0,null,0,0,0
487,0,null,0,0,0
488,0,null,0,0,0
489,0,null,0,0,0
490,0,null,0,0,0
491,0,null,0,0,0
492,0,null,0,0,0
493,0,null,0,0,0
494,0,null,0,0,0
495,0,null,0,0,0
496,0,null,0,0,0
497,0,null,0,0,0
498,0,null,0,0,0
499,0,null,0,0,0
500,0,null,0,0,0
501,0,null,0,0,0
502,0,null,0,0,0
503,0,null,0,0,0
504,0,null,0,0,0
505,0,null,0,0,0
506,0,null,0,0,0
507,0,null,0,0,0
508,0,null,0,0,0
509,0,null,0,0,0
510,0,null,0,0,0
511,3,secondary_proton,1,1,1
512,0,null,0,0,0
513,0,null,0,0,0
514,0,null,0,0,0
515,0,null,0,0,0
516,0,null,0,0,0
517,0,null,0,0,0
518,0,null,0,0,0
519,0,null,0,0,0
520,0,null,0,0,0
521,0,null,0,0,0
522,0,null,0,0,0
523,0,null,0,0,0
524,0,null,0,0,0
525,0,null,0,0,0
526,0,null,0,0,0
527,0,null,0,0,0
528,0,null,0,0,0
529,0,null,0,0,0
530,0,null,0,0,0
531,0,null,0,0,0
532,0,null,0,0,0
533,1,primary_proton,1,1,1
534,0,null,0,0,0
535,0,null,0,0,0
536,0,null,0,0,0
537,0,null,0,0,0
538,0,null,0,0,0
539,0,null,0,0,0
540,0,null,0,0,0
541,0,null,0,0,0
542,0,null,0,0,0
543,0,null,0,0,0
544,0,null,0,0,0
545,0,null,0,0,0
546,0,null,0,0,0
547,0,null,0,0,0
548,0,null,0,0,0
549,0,null,0,0,0
550,0,null,0,0,0
551,0,null,0,0,0
552,0,null,0,0,0
553,0,null,0,0,0
554,0,null,0,0,0
555,0,null,0,0,0
556,437,e-,1,1,0
557,0,null,0,0,0
558,0,null,0,0,0
559,0,null,0,0,0
560,0,null,0,0,0
561,0,null,0,0,0
562,0,null,0,0,0
563,0,null,0,0,0
564,0,null,0,0,0
565,0,null,0,0,0
566,0,null,0,0,0
567,0,null,0,0,0
568,0,null,0,0,0
569,0,null,0,0,0
570,8,pi-,1,1,1
571,0,null,0,0,0
572,0,null,0,0,0
573,0,null,0,0,0
574,0,null,0,0,0
575,0,null,0,0,0
576,0,null,0,0,0
577,0,null,0,0,0
578,0,null,0,0,0
579,0,null,0,0,0
580,0,null,0,0,0
581,0,null,0,0,0
582,0,null,0,0,0
583,0,null,0,0,0
584,0,null,0,0,0
585,0,null,0,0,0
586,0,null,0,0,0
587,0,null,0,0,0
588,0,null,0,0,0
589,0,null,0,0,0
590,0,null,0,0,0
591,0,null,0,0,0
592,0,null,0,0,0
593,0,null,0,0,0
594,0,null,0,0,0
595,0,null,0,0,0
596,0,null,0,0,0
597,0,null,0,0,0
598,0,null,0,0,0
599,0,null,0,0,0
600,0,null,0,0,0
601,0,null,0,0,0
602,0,null,0,0,0
603,0,null,0,0,0
604,0,null,0,0,0
605,0,null,0,0,0
606,0,null,0,0,0
607,12,secondary_proton,1,1,1
608,0,null,0,0,0
609,0,null,0,0,0
610,0,null,0,0,0
611,0,null,0,0,0
612,1,primary_proton,1,1,1
613,0,null,0,0,0
614,0,null,0,0,0
615,0,null,0,0,0
616,0,null,0,0,0
617,0,null,0,0,0
618,0,null,0,0,0
619,0,null,0,0,0
620,0,null,0,0,0
621,0,null,0,0,0
622,0,null,0,0,0
623,0,null,0,0,0
624,1918,mu-,1,1,1
625,0,null,0,0,0
626,0,null,0,0,0
627,0,null,0,0,0
628,0,null,0,0,0
629,0,null,0,0,0
630,0,null,0,0,0
631,0,null,0,0,0
632,0,null,0,0,0
633,125,pi-,1,1,1
634,0,null,0,0,0
635,0,null,0,0,0
636,0,null,0,0,0
637,0,null,0,0,0
638,0,null,0,0,0
639,0,null,0,0,0
640,0,null,0,0,0
641,8,kaon+,1,1,1
642,0,null,0,0,0
643,0,null,0,0,0
644,0,null,0,0,0
645,0,null,0,0,0
646,0,null,0,0,0
647,79,secondary_proton,1,1,1
648,144,pi-,1,1,0
649,0,null,0,0,0
650,0,null,0,0,0
651,0,null,0,0,0
652,0,null,0,0,0
653,0,null,0,0,0
654,0,null,0,0,0
655,0,null,0,0,0
656,0,null,0,0,0
657,0,null,0,0,0
658,0,null,0,0,0
659,0,null,0,0,0
660,0,null,0,0,0
661,0,null,0,0,0
662,0,null,0,0,0
663,0,null,0,0,0
664,0,null,0,0,0
665,0,null,0,0,0
666,1,primary_proton,1,1,1
667,0,null,0,0,0
668,0,null,0,0,0
669,0,null,0,0,0
670,0,null,0,0,0
671,0,null,0,0,0
672,0,null,0,0,0
673,0,null,0,0,0
674,0,null,0,0,0
675,0,null,0,0,0
676,0,null,0,0,0
677,0,null,0,0,0
678,8,pi+,1,1,1
679,0,null,0,0,0
680,0,null,0,0,0
681,0,null,0,0,0
682,0,null,0,0,0
683,0,null,0,0,0
684,0,null,0,0,0
685,0,null,0,0,0
686,0,null,0,0,0
687,0,null,0,0,0
688,0,null,0,0,0
689,0,null,0,0,0
690,0,null,0,0,0
691,0,null,0,0,0
692,0,null,0,0,0
693,0,null,0,0,0
694,0,null,0,0,0
695,1,primary_proton,1,1,1
696,1270,secondary_proton,1,1,1
697,0,null,0,0,0
698,0,null,0,0,0
699,0,null,0,0,0
700,0,null,0,0,0
701,0,null,0,0,0
702,0,null,0,0,0
703,0,null,0,0,0
704,0,null,0,0,0
705,0,null,0,0,0
707,0,null,0,0,0
708,0,null,0,0,0
709,0,null,0,0,0
710,0,null,0,0,0
711,0,null,0,0,0
712,0,null,0,0,0
713,0,null,0,0,0
714,0,null,0,0,0
715,1,primary_proton,1,1,1
716,0,null,0,0,0
717,0,null,0,0,0
718,0,null,0,0,0
719,0,null,0,0,0
720,0,null,0,0,0
721,0,null,0,0,0
722,0,null,0,0,0
723,0,null,0,0,0
724,0,null,0,0,0
725,0,null,0,0,0
726,0,null,0,0,0
727,2,secondary_proton,1,1,1
728,0,null,0,0,0
729,0,null,0,0,0
730,0,null,0,0,0
731,0,null,0,0,0
732,0,null,0,0,0
733,0,null,0,0,0
734,0,null,0,0,0
735,0,null,0,0,0
736,0,null,0,0,0
737,0,null,0,0,0
738,0,null,0,0,0
739,0,null,0,0,0
740,0,null,0,0,0
741,0,null,0,0,0
742,0,null,0,0,0
743,0,null,0,0,0
744,0,null,0,0,0
745,0,null,0,0,0
746,0,null,0,0,0
747,0,null,0,0,0
748,0,null,0,0,0
749,0,null,0,0,0
750,0,null,0,0,0
751,0,null,0,0,0
752,0,null,0,0,0
753,0,null,0,0,0
754,0,null,0,0,0
755,0,null,0,0,0
756,0,null,0,0,0
757,6,pi+,1,0,0
758,0,null,0,0,0
759,0,null,0,0,0
760,0,null,0,0,0
761,0,null,0,0,0
762,0,null,0,0,0
763,0,null,0,0,0
764,0,null,0,0,0
765,0,null,0,0,0
766,0,null,0,0,0
767,0,null,0,0,0
768,0,null,0,0,0
769,0,null,0,0,0
770,0,null,0,0,0
771,0,null,0,0,0
772,0,null,0,0,0
773,0,null,0,0,0
774,0,null,0,0,0
775,0,null,0,0,0
776,0,null,0,0,0
777,1,primary_proton,1,1,1
778,0,null,0,0,0
779,0,null,0,0,0
780,1,primary_proton,1,1,1
781,0,null,0,0,0
782,0,null,0,0,0
783,0,null,0,0,0
784,0,null,0,0,0
785,0,null,0,0,0
786,0,null,0,0,0
787,1,primary_proton,1,1,1
788,0,null,0,0,0
789,7,pi-,1,1,1
790,0,null,0,0,0
791,0,null,0,0,0
792,0,null,0,0,0
793,0,null,0,0,0
794,0,null,0,0,0
795,0,null,0,0,0
796,0,null,0,0,0
797,0,null,0,0,0
798,0,null,0,0,0
799,0,null,0,0,0
800,0,null,0,0,0
801,0,null,0,0,0
802,0,null,0,0,0
803,0,null,0,0,0
804,0,null,0,0,0
805,0,null,0,0,0
806,0,null,0,0,0
807,0,null,0,0,0
808,0,null,0,0,0
809,797,secondary_proton,1,1,1
810,0,null,0,0,0
811,4257,e-,1,0,0
812,0,null,0,0,0
813,0,null,0,0,0
814,0,null,0,0,0
815,0,null,0,0,0
816,0,null,0,0,0
817,0,null,0,0,0
818,0,null,0,0,0
819,0,null,0,0,0
820,0,null,0,0,0
821,8,secondary_proton,1,1,1
822,0,null,0,0,0
823,0,null,0,0,0
824,0,null,0,0,0
825,0,null,0,0,0
826,0,null,0,0,0
827,0,null,0,0,0
828,0,null,0,0,0
829,0,null,0,0,0
830,0,null,0,0,0
831,0,null,0,0,0
832,0,null,0,0,0
833,0,null,0,0,0
834,0,null,0,0,0
835,0,null,0,0,0
836,0,null,0,0,0
837,0,null,0,0,0
838,0,null,0,0,0
839,20,secondary_proton,1,1,1
840,0,null,0,0,0
841,0,null,0,0,0
842,0,null,0,0,0
843,0,null,0,0,0
844,0,null,0,0,0
845,4,pi+,1,1,1
846,0,null,0,0,0
847,0,null,0,0,0
848,0,null,0,0,0
849,0,null,0,0,0
850,0,null,0,0,0
851,1,primary_proton,1,1,1
852,0,null,0,0,0
853,0,null,0,0,0
854,0,null,0,0,0
855,0,null,0,0,0
856,0,null,0,0,0
857,0,null,0,0,0
858,0,null,0,0,0
859,0,null,0,0,0
860,1,primary_proton,1,1,1
861,0,null,0,0,0
862,1,primary_proton,1,1,1
863,0,null,0,0,0
864,0,null,0,0,0
865,0,null,0,0,0
866,0,null,0,0,0
867,0,null,0,0,0
868,0,null,0,0,0
869,0,null,0,0,0
870,0,null,0,0,0
871,0,null,0,0,0
872,0,null,0,0,0
873,0,null,0,0,0
874,0,null,0,0,0
875,0,null,0,0,0
876,0,null,0,0,0
877,0,null,0,0,0
878,0,null,0,0,0
879,5,secondary_proton,1,1,0
880,0,null,0,0,0
881,0,null,0,0,0
882,0,null,0,0,0
883,1,primary_proton,1,1,1
884,0,null,0,0,0
885,1,primary_proton,1,1,1
886,0,null,0,0,0
887,0,null,0,0,0
888,0,null,0,0,0
889,0,null,0,0,0
890,0,null,0,0,0
891,0,null,0,0,0
892,0,null,0,0,0
893,0,null,0,0,0
894,0,null,0,0,0
895,0,null,0,0,0
896,0,null,0,0,0
897,0,null,0,0,0
898,0,null,0,0,0
899,0,null,0,0,0
900,0,null,0,0,0
901,486,secondary_proton,1,1,1
902,0,null,0,0,0
903,0,null,0,0,0
904,0,null,0,0,0
905,0,null,0,0,0
906,0,null,0,0,0
907,0,null,0,0,0
908,0,null,0,0,0
909,2078,e-,0,1,0
910,0,null,0,0,0
911,0,null,0,0,0
912,0,null,0,0,0
913,0,null,0,0,0
914,0,null,0,0,0
915,0,null,0,0,0
916,0,null,0,0,0
917,0,null,0,0,0
918,0,null,0,0,0
919,0,null,0,0,0
920,0,null,0,0,0
921,0,null,0,0,0
922,0,null,0,0,0
923,21,pi+,1,0,0
924,0,null,0,0,0
925,0,null,0,0,0
926,0,null,0,0,0
927,0,null,0,0,0
928,0,null,0,0,0
929,0,null,0,0,0
930,0,null,0,0,0
931,0,null,0,0,0
932,0,null,0,0,0
933,0,null,0,0,0
934,0,null,0,0,0
935,15,secondary_proton,1,1,1
937,0,null,0,0,0
938,0,null,0,0,0
939,0,null,0,0,0
940,0,null,0,0,0
941,0,null,0,0,0
942,0,null,0,0,0
943,0,null,0,0,0
944,0,null,0,0,0
945,0,null,0,0,0
946,0,null,0,0,0
947,0,null,0,0,0
948,0,null,0,0,0
949,0,null,0,0,0
950,0,null,0,0,0
951,4,pi+,1,1,1
952,0,null,0,0,0
953,657,e-,1,1,1
954,0,null,0,0,0
955,0,null,0,0,0
956,0,null,0,0,0
957,0,null,0,0,0
958,0,null,0,0,0
959,0,null,0,0,0
960,0,null,0,0,0
961,0,null,0,0,0
962,0,null,0,0,0
963,0,null,0,0,0
964,0,null,0,0,0
965,0,null,0,0,0
966,0,null,0,0,0
967,0,null,0,0,0
968,0,null,0,0,0
969,1,primary_proton,1,1,1
970,0,null,0,0,0
971,0,null,0,0,0
972,0,null,0,0,0
973,0,null,0,0,0
974,0,null,0,0,0
975,0,null,0,0,0
976,0,null,0,0,0
977,0,null,0,0,0
978,0,null,0,0,0
979,0,null,0,0,0
980,0,null,0,0,0
981,0,null,0,0,0
982,0,null,0,0,0
983,0,null,0,0,0
984,1031,e-,1,0,0
985,0,null,0,0,0
986,0,null,0,0,0
987,0,null,0,0,0
988,0,null,0,0,0
989,0,null,0,0,0
990,0,null,0,0,0
991,0,null,0,0,0
992,0,null,0,0,0
993,0,null,0,0,0
994,0,null,0,0,0
995,0,null,0,0,0
996,0,null,0,0,0
997,0,null,0,0,0
998,0,null,0,0,0
999,0,null,0,0,0
1000,0,null,0,0,0
1001,0,null,0,0,0
1002,0,null,0,0,0
1003,0,null,0,0,0
1004,0,null,0,0,0
1005,0,null,0,0,0
1006,0,null,0,0,0
1007,0,null,0,0,0
1008,0,null,0,0,0
1009,0,null,0,0,0
1010,0,null,0,0,0
1011,0,null,0,0,0
1012,0,null,0,0,0
1013,0,null,0,0,0
1014,0,null,0,0,0
1015,0,null,0,0,0
1016,0,null,0,0,0
1017,0,null,0,0,0
1018,0,null,0,0,0
1019,0,null,0,0,0
1020,0,null,0,0,0
1021,0,null,0,0,0
1022,0,null,0,0,0
1023,0,null,0,0,0
1024,0,null,0,0,0
1025,0,null,0,0,0
1026,0,null,0,0,0
1027,0,null,0,0,0
1028,0,null,0,0,0
1029,0,null,0,0,0
1030,348,pi+,1,1,1
1031,0,null,0,0,0
1032,0,null,0,0,0
1033,0,null,0,0,0
1034,0,null,0,0,0
1035,0,null,0,0,0
1036,0,null,0,0,0
1037,0,null,0,0,0
1038,0,null,0,0,0
1039,0,null,0,0,0
1040,0,null,0,0,0
1041,0,null,0,0,0
1042,0,null,0,0,0
1043,0,null,0,0,0
1044,0,null,0,0,0
1045,0,null,0,0,0
1046,0,null,0,0,0
1047,0,null,0,0,0
1048,0,null,0,0,0
1049,0,null,0,0,0
1050,0,null,0,0,0
1051,0,null,0,0,0
1052,0,null,0,0,0
1053,0,null,0,0,0
1054,0,null,0,0,0
1055,0,null,0,0,0
1056,1,primary_proton,1,1,1
1057,0,null,0,0,0
1058,0,null,0,0,0
1059,0,null,0,0,0
1060,0,null,0,0,0
1061,0,null,0,0,0
1062,0,null,0,0,0
1063,0,null,0,0,0
1064,0,null,0,0,0
1065,0,null,0,0,0
1066,0,null,0,0,0
1067,0,null,0,0,0
1068,0,null,0,0,0
1069,0,null,0,0,0
1070,0,null,0,0,0
1071,0,null,0,0,0
1072,0,null,0,0,0
1073,0,null,0,0,0
1074,0,null,0,0,0
1075,0,null,0,0,0
1076,0,null,0,0,0
1077,2,secondary_proton,1,1,0
1078,7,pi-,1,1,1
1079,0,null,0,0,0
1080,0,null,0,0,0
1081,0,null,0,0,0
1082,0,null,0,0,0
1083,0,null,0,0,0
1084,0,null,0,0,0
1085,0,null,0,0,0
1086,0,null,0,0,0
1087,0,null,0,0,0
1088,0,null,0,0,0
1089,0,null,0,0,0
1090,0,null,0,0,0
1091,0,null,0,0,0
1092,0,null,0,0,0
1093,1,primary_proton,1,1,1
1094,0,null,0,0,0
1095,0,null,0,0,0
1096,0,null,0,0,0
1097,0,null,0,0,0
1098,0,null,0,0,0
1099,0,null,0,0,0
1100,0,null,0,0,0
1101,0,null,0,0,0
1102,0,null,0,0,0
1103,0,null,0,0,0
1104,0,null,0,0,0
1105,0,null,0,0,0
1106,0,null,0,0,0
1107,0,null,0,0,0
1108,0,null,0,0,0
1109,0,null,0,0,0
1110,0,null,0,0,0
1111,0,null,0,0,0
1112,0,null,0,0,0
1113,0,null,0,0,0
1114,0,null,0,0,0
1115,0,null,0,0,0
1116,0,null,0,0,0
1117,0,null,0,0,0
1118,0,null,0,0,0
1119,0,null,0,0,0
1120,0,null,0,0,0
1121,0,null,0,0,0
1122,0,null,0,0,0
1123,0,null,0,0,0
1124,0,null,0,0,0
1125,0,null,0,0,0
1126,0,null,0,0,0
1127,0,null,0,0,0
1128,0,null,0,0,0
1129,1,primary_proton,1,1,1
1130,1093,e-,1,1,1
1131,0,null,0,0,0
1132,0,null,0,0,0
1133,0,null,0,0,0
1134,0,null,0,0,0
1135,0,null,0,0,0
1136,0,null,0,0,0
1137,0,null,0,0,0
1138,9,secondary_proton,1,1,1
1139,4,secondary_proton,1,1,0
1140,0,null,0,0,0
1141,0,null,0,0,0
1142,0,null,0,0,0
1143,0,null,0,0,0
1144,0,null,0,0,0
1145,0,null,0,0,0
1146,0,null,0,0,0
1147,0,null,0,0,0
1148,0,null,0,0,0
1149,0,null,0,0,0
1150,0,null,0,0,0
1151,10,pi-,1,1,1
1152,0,null,0,0,0
1153,0,null,0,0,0
1154,0,null,0,0,0
1155,0,null,0,0,0
1156,0,null,0,0,0
1157,0,null,0,0,0
1158,0,null,0,0,0
1159,0,null,0,0,0
1160,0,null,0,0,0
1161,0,null,0,0,0
1162,0,null,0,0,0
1164,0,null,0,0,0
1165,0,null,0,0,0
1166,0,null,0,0,0
1167,0,null,0,0,0
1168,0,null,0,0,0
1169,0,null,0,0,0
1170,0,null,0,0,0
1171,0,null,0,0,0
1172,0,null,0,0,0
1173,0,null,0,0,0
1174,0,null,0,0,0
1175,0,null,0,0,0
1176,0,null,0,0,0
1177,0,null,0,0,0
1178,0,null,0,0,0
1179,0,null,0,0,0
1180,0,null,0,0,0
1181,0,null,0,0,0
1182,0,null,0,0,0
1183,0,null,0,0,0
1184,0,null,0,0,0
1185,1167,e-,0,0,1
1186,0,null,0,0,0
1187,0,null,0,0,0
1188,0,null,0,0,0
1189,0,null,0,0,0
1190,0,null,0,0,0
1191,0,null,0,0,0
1192,0,null,0,0,0
1193,0,null,0,0,0
1194,0,null,0,0,0
1195,0,null,0,0,0
1196,0,null,0,0,0
1197,0,null,0,0,0
1198,0,null,0,0,0
1199,0,null,0,0,0
1200,0,null,0,0,0
1201,0,null,0,0,0
1202,0,null,0,0,0
1203,0,null,0,0,0
1204,0,null,0,0,0
1205,0,null,0,0,0
1206,0,null,0,0,0
1207,0,null,0,0,0
1208,0,null,0,0,0
1209,0,null,0,0,0
1210,0,null,0,0,0
1211,0,null,0,0,0
1212,0,null,0,0,0
1213,0,null,0,0,0
1214,0,null,0,0,0
1215,0,null,0,0,0
1216,0,null,0,0,0
1217,0,null,0,0,0
1218,0,null,0,0,0
1219,0,null,0,0,0
1220,0,null,0,0,0
1221,0,null,0,0,0
1222,0,null,0,0,0
1223,0,null,0,0,0
1224,0,null,0,0,0
1225,1,primary_proton,1,1,1
1226,0,null,0,0,0
1227,0,null,0,0,0
1228,0,null,0,0,0
1229,0,null,0,0,0
1230,4850,pi+,1,0,0
1231,0,null,0,0,0
1232,0,null,0,0,0
1233,0,null,0,0,0
1234,0,null,0,0,0
1235,0,null,0,0,0
1236,0,null,0,0,0
1237,0,null,0,0,0
1238,0,null,0,0,0
1239,9,pi+,1,1,1
1240,0,null,0,0,0
1241,0,null,0,0,0
1242,6,pi-,1,1,1
1243,0,null,0,0,0
1244,0,null,0,0,0
1245,0,null,0,0,0
1246,0,null,0,0,0
1247,0,null,0,0,0
1248,0,null,0,0,0
1249,0,null,0,0,0
1250,0,null,0,0,0
1251,0,null,0,0,0
1252,4,secondary_proton,1,1,1
1253,0,null,0,0,0
1254,0,null,0,0,0
1255,0,null,0,0,0
1256,0,null,0,0,0
1257,7,pi-,1,1,1
1258,0,null,0,0,0
1259,0,null,0,0,0
1260,0,null,0,0,0
1261,0,null,0,0,0
1262,0,null,0,0,0
1263,0,null,0,0,0
1264,0,null,0,0,0
1265,0,null,0,0,0
1266,1,primary_proton,1,1,1
1267,0,null,0,0,0
1268,0,null,0,0,0
1269,10,secondary_proton,1,1,1
1270,0,null,0,0,0
1271,0,null,0,0,0
1272,0,null,0,0,0
1273,0,null,0,0,0
1274,0,null,0,0,0
1275,0,null,0,0,0
1276,0,null,0,0,0
1277,0,null,0,0,0
1278,0,null,0,0,0
1279,0,null,0,0,0
1280,0,null,0,0,0
1281,0,null,0,0,0
1282,0,null,0,0,0
1283,0,null,0,0,0
1284,0,null,0,0,0
1285,0,null,0,0,0
1286,1,primary_proton,1,1,1
1287,0,null,0,0,0
1288,0,null,0,0,0
1289,0,null,0,0,0
1290,0,null,0,0,0
1291,1,primary_proton,1,1,1
1292,0,null,0,0,0
1293,0,null,0,0,0
1294,0,null,0,0,0
1295,0,null,0,0,0
1296,0,null,0,0,0
1297,0,null,0,0,0
1298,0,null,0,0,0
1299,0,null,0,0,0
1300,0,null,0,0,0
1301,1,primary_proton,1,1,1
1302,0,null,0,0,0
1303,0,null,0,0,0
1304,0,null,0,0,0
1305,0,null,0,0,0
1306,0,null,0,0,0
1307,0,null,0,0,0
1308,0,null,0,0,0
1309,1,primary_proton,1,1,1
1310,0,null,0,0,0
1311,0,null,0,0,0
1312,0,null,0,0,0
1313,0,null,0,0,0
1314,0,null,0,0,0
1315,0,null,0,0,0
1316,0,null,0,0,0
1317,0,null,0,0,0
1318,0,null,0,0,0
1319,1,primary_proton,1,1,1
1320,0,null,0,0,0
1321,0,null,0,0,0
1322,0,null,0,0,0
1323,0,null,0,0,0
1324,0,null,0,0,0
1325,0,null,0,0,0
1326,0,null,0,0,0
1327,0,null,0,0,0
1328,0,null,0,0,0
1329,0,null,0,0,0
1330,0,null,0,0,0
1331,0,null,0,0,0
1332,0,null,0,0,0
1333,0,null,0,0,0
1334,0,null,0,0,0
1335,0,null,0,0,0
1336,0,null,0,0,0
1337,0,null,0,0,0
1338,0,null,0,0,0
1339,0,null,0,0,0
1340,0,null,0,0,0
1341,0,null,0,0,0
1342,0,null,0,0,0
1343,0,null,0,0,0
1344,0,null,0,0,0
1345,0,null,0,0,0
1346,1,primary_proton,1,1,1
1347,0,null,0,0,0
1348,0,null,0,0,0
1349,0,null,0,0,0
1350,0,null,0,0,0
1351,0,null,0,0,0
1352,0,null,0,0,0
1353,0,null,0,0,0
1354,0,null,0,0,0
1355,0,null,0,0,0
1356,0,null,0,0,0
1357,0,null,0,0,0
1358,0,null,0,0,0
1359,0,null,0,0,0
1360,0,null,0,0,0
1361,0,null,0,0,0
1362,0,null,0,0,0
1363,1,primary_proton,1,1,1
1364,4,pi+,1,1,1
1365,0,null,0,0,0
1366,0,null,0,0,0
1367,0,null,0,0,0
1368,0,null,0,0,0
1369,0,null,0,0,0
1370,0,null,0,0,0
1371,0,null,0,0,0
1372,0,null,0,0,0
1373,21,pi+,1,0,0
1374,0,null,0,0,0
1375,5011,e-,1,1,0
1376,0,null,0,0,0
1377,0,null,0,0,0
1378,0,null,0,0,0
1379,0,null,0,0,0
1380,0,null,0,0,0
1381,0,null,0,0,0
1382,0,null,0,0,0
1383,0,null,0,0,0
1385,0,null,0,0,0
1386,0,null,0,0,0
1387,0,null,0,0,0
1388,0,null,0,0,0
1389,0,null,0,0,0
1390,5,secondary_proton,1,1,1
1391,0,null,0,0,0
1392,0,null,0,0,0
1393,0,null,0,0,0
1394,0,null,0,0,0
1395,0,null,0,0,0
1396,0,null,0,0,0
1397,0,null,0,0,0
1398,0,null,0,0,0
1399,0,null,0,0,0
1400,0,null,0,0,0
1401,0,null,0,0,0
1402,0,null,0,0,0
1403,0,null,0,0,0
1404,1,primary_proton,1,1,1
1405,0,null,0,0,0
1406,0,null,0,0,0
1407,0,null,0,0,0
1408,0,null,0,0,0
1409,0,null,0,0,0
1410,0,null,0,0,0
1411,0,null,0,0,0
1412,9,secondary_proton,1,0,0
1413,0,null,0,0,0
1414,0,null,0,0,0
1415,0,null,0,0,0
1416,0,null,0,0,0
1417,0,null,0,0,0
1418,0,null,0,0,0
1419,0,null,0,0,0
1420,0,null,0,0,0
1421,0,null,0,0,0
1422,0,null,0,0,0
1423,0,null,0,0,0
1424,0,null,0,0,0
1425,0,null,0,0,0
1426,0,null,0,0,0
1427,0,null,0,0,0
1428,0,null,0,0,0
1429,0,null,0,0,0
1430,0,null,0,0,0
1431,29,pi+,1,1,0
1432,0,null,0,0,0
1433,0,null,0,0,0
1434,0,null,0,0,0
1435,0,null,0,0,0
1436,0,null,0,0,0
1437,0,null,0,0,0
1438,0,null,0,0,0
1439,0,null,0,0,0
1440,0,null,0,0,0
1441,0,null,0,0,0
1442,0,null,0,0,0
1443,0,null,0,0,0
1444,0,null,0,0,0
1445,0,null,0,0,0
1446,0,null,0,0,0
1447,0,null,0,0,0
1448,0,null,0,0,0
1449,0,null,0,0,0
1450,0,null,0,0,0
1451,0,null,0,0,0
1452,0,null,0,0,0
1453,0,null,0,0,0
1454,0,null,0,0,0
1455,0,null,0,0,0
1456,0,null,0,0,0
1457,0,null,0,0,0
1458,0,null,0,0,0
1459,0,null,0,0,0
1460,0,null,0,0,0
1461,0,null,0,0,0
1462,0,null,0,0,0
1463,0,null,0,0,0
1464,0,null,0,0,0
1465,0,null,0,0,0
1466,0,null,0,0,0
1467,0,null,0,0,0
1468,0,null,0,0,0
1469,0,null,0,0,0
1470,0,null,0,0,0
1471,0,null,0,0,0
1472,0,null,0,0,0
1473,0,null,0,0,0
1474,0,null,0,0,0
1475,0,null,0,0,0
1476,0,null,0,0,0
1477,0,null,0,0,0
1478,0,null,0,0,0
1479,0,null,0,0,0
1480,0,null,0,0,0
1481,0,null,0,0,0
1482,0,null,0,0,0
1483,0,null,0,0,0
1484,0,null,0,0,0
1485,0,null,0,0,0
1486,0,null,0,0,0
1487,0,null,0,0,0
1488,0,null,0,0,0
1489,0,null,0,0,0
1490,0,null,0,0,0
1491,0,null,0,0,0
1492,0,null,0,0,0
1493,0,null,0,0,0
1494,0,null,0,0,0
1495,0,null,0,0,0
1496,0,null,0,0,0
1497,1,primary_proton,1,1,1
1498,0,null,0,0,0
1499,0,null,0,0,0
1500,0,null,0,0,0
1501,0,null,0,0,0
1502,0,null,0,0,0
1503,0,null,0,0,0
1504,0,null,0,0,0
1505,0,null,0,0,0
1506,0,null,0,0,0
1507,0,null,0,0,0
1508,0,null,0,0,0
1509,8,pi+,1,1,0
1510,0,null,0,0,0
1511,0,null,0,0,0
1512,0,null,0,0,0
1513,0,null,0,0,0
1514,0,null,0,0,0
1515,0,null,0,0,0
1516,0,null,0,0,0
1517,0,null,0,0,0
1518,0,null,0,0,0
1519,0,null,0,0,0
1520,0,null,0,0,0
1521,0,null,0,0,0
1522,0,null,0,0,0
1523,0,null,0,0,0
1524,0,null,0,0,0
1525,0,null,0,0,0
1526,0,null,0,0,0
1527,0,null,0,0,0
1528,0,null,0,0,0
1529,0,null,0,0,0
1530,0,null,0,0,0
1531,0,null,0,0,0
1532,1,primary_proton,1,1,1
1533,0,null,0,0,0
1534,0,null,0,0,0
1535,0,null,0,0,0
1536,0,null,0,0,0
1537,0,null,0,0,0
1538,0,null,0,0,0
1539,0,null,0,0,0
1540,5,secondary_proton,1,1,1
1541,0,null,0,0,0
1542,0,null,0,0,0
1543,0,null,0,0,0
1544,0,null,0,0,0
1545,0,null,0,0,0
1546,0,null,0,0,0
1547,0,null,0,0,0
1548,0,null,0,0,0
1549,0,null,0,0,0
1550,0,null,0,0,0
1551,0,null,0,0,0
1552,0,null,0,0,0
1553,0,null,0,0,0
1554,0,null,0,0,0
1555,0,null,0,0,0
1556,0,null,0,0,0
1557,0,null,0,0,0
1558,0,null,0,0,0
1559,0,null,0,0,0
1560,0,null,0,0,0
1561,0,null,0,0,0
1562,0,null,0,0,0
1563,0,null,0,0,0
1564,0,null,0,0,0
1565,0,null,0,0,0
1566,0,null,0,0,0
1567,0,null,0,0,0
1568,0,null,0,0,0
1569,0,null,0,0,0
1570,0,null,0,0,0
1571,0,null,0,0,0
1572,0,null,0,0,0
1573,0,null,0,0,0
1574,0,null,0,0,0
1575,0,null,0,0,0
1576,0,null,0,0,0
1577,0,null,0,0,0
1578,0,null,0,0,0
1579,0,null,0,0,0
1580,0,null,0,0,0
1581,0,null,0,0,0
1582,0,null,0,0,0
1583,0,null,0,0,0
1584,0,null,0,0,0
1585,0,null,0,0,0
1586,0,null,0,0,0
1587,0,null,0,0,0
1588,0,null,0,0,0
1589,0,null,0,0,0
1590,0,null,0,0,0
1591,0,null,0,0,0
1592,0,null,0,0,0
1593,0,null,0,0,0
1594,0,null,0,0,0
1595,0,null,0,0,0
1596,181,pi-,1,1,1
1597,0,null,0,0,0
1598,0,null,0,0,0
1599,0,null,0,0,0
1600,0,null,0,0,0
1601,0,null,0,0,0
1602,0,null,0,0,0
1603,0,null,0,0,0
1604,0,null,0,0,0
1605,0,null,0,0,0
1606,0,null,0,0,0
1607,0,null,0,0,0
1609,0,null,0,0,0
1610,0,null,0,0,0
1611,0,null,0,0,0
1612,0,null,0,0,0
1613,0,null,0,0,0
1614,0,null,0,0,0
1615,0,null,0,0,0
1616,0,null,0,0,0
1617,0,null,0,0,0
1618,1,primary_proton,1,1,1
1619,0,null,0,0,0
1620,0,null,0,0,0
1621,0,null,0,0,0
1622,0,null,0,0,0
1623,0,null,0,0,0
1624,0,null,0,0,0
1625,0,null,0,0,0
1626,0,null,0,0,0
1627,0,null,0,0,0
1628,0,null,0,0,0
1629,0,null,0,0,0
1630,0,null,0,0,0
1631,0,null,0,0,0
1632,0,null,0,0,0
1633,0,null,0,0,0
1634,0,null,0,0,0
1635,0,null,0,0,0
1636,0,null,0,0,0
1637,0,null,0,0,0
1638,0,null,0,0,0
1639,0,null,0,0,0
1640,0,null,0,0,0
1641,0,null,0,0,0
1642,0,null,0,0,0
1643,0,null,0,0,0
1644,0,null,0,0,0
1645,0,null,0,0,0
1646,0,null,0,0,0
1647,0,null,0,0,0
1648,0,null,0,0,0
1649,0,null,0,0,0
1650,0,null,0,0,0
1651,0,null,0,0,0
1652,0,null,0,0,0
1653,11,secondary_proton,1,1,1
1654,0,null,0,0,0
1655,0,null,0,0,0
1656,0,null,0,0,0
1657,0,null,0,0,0
1658,0,null,0,0,0
1659,0,null,0,0,0
1660,0,null,0,0,0
1661,0,null,0,0,0
1662,0,null,0,0,0
1663,0,null,0,0,0
1664,0,null,0,0,0
1665,0,null,0,0,0
1666,0,null,0,0,0
1667,0,null,0,0,0
1668,0,null,0,0,0
1669,0,null,0,0,0
1670,0,null,0,0,0
1671,0,null,0,0,0
1672,0,null,0,0,0
1673,0,null,0,0,0
1674,0,null,0,0,0
1675,0,null,0,0,0
1676,0,null,0,0,0
1677,0,null,0,0,0
1678,0,null,0,0,0
1679,0,null,0,0,0
1680,0,null,0,0,0
1681,0,null,0,0,0
1682,0,null,0,0,0
1683,0,null,0,0,0
1684,0,null,0,0,0
1685,605,e-,1,1,1
1686,0,null,0,0,0
1687,0,null,0,0,0
1688,0,null,0,0,0
1689,0,null,0,0,0
1690,0,null,0,0,0
1691,0,null,0,0,0
1692,0,null,0,0,0
1693,0,null,0,0,0
1694,0,null,0,0,0
1695,0,null,0,0,0
1696,0,null,0,0,0
1697,0,null,0,0,0
1698,0,null,0,0,0
1699,0,null,0,0,0
1700,0,null,0,0,0
1701,0,null,0,0,0
1702,0,null,0,0,0
1703,0,null,0,0,0
1704,0,null,0,0,0
1705,0,null,0,0,0
1706,0,null,0,0,0
1707,1,primary_proton,1,1,1
1708,0,null,0,0,0
1709,0,null,0,0,0
1710,1,primary_proton,1,1,1
1711,0,null,0,0,0
1712,0,null,0,0,0
1713,0,null,0,0,0
1714,0,null,0,0,0
1715,0,null,0,0,0
1716,0,null,0,0,0
1717,0,null,0,0,0
1718,0,null,0,0,0
1719,0,null,0,0,0
1720,0,null,0,0,0
1721,0,null,0,0,0
1722,0,null,0,0,0
1723,0,null,0,0,0
1724,0,null,0,0,0
1725,0,null,0,0,0
1726,0,null,0,0,0
1727,0,null,0,0,0
1728,0,null,0,0,0
1729,0,null,0,0,0
1730,0,null,0,0,0
1731,0,null,0,0,0
1732,0,null,0,0,0
1733,1,primary_proton,1,1,1
1734,0,null,0,0,0
1735,0,null,0,0,0
1736,0,null,0,0,0
1737,0,null,0,0,0
1738,0,null,0,0,0
1739,1,primary_proton,1,1,1
1740,0,null,0,0,0
1741,0,null,0,0,0
1742,0,null,0,0,0
1743,0,null,0,0,0
1744,0,null,0,0,0
1745,0,null,0,0,0
1746,0,null,0,0,0
1747,0,null,0,0,0
1748,0,null,0,0,0
1749,12,pi-,1,1,0
1750,0,null,0,0,0
1751,0,null,0,0,0
1752,0,null,0,0,0
1753,0,null,0,0,0
1754,0,null,0,0,0
1755,0,null,0,0,0
1756,1,primary_proton,1,1,1
1757,0,null,0,0,0
1758,0,null,0,0,0
1759,0,null,0,0,0
1760,0,null,0,0,0
1761,0,null,0,0,0
1762,882,e-,1,1,1
1763,0,null,0,0,0
1764,0,null,0,0,0
1765,0,null,0,0,0
1766,0,null,0,0,0
1767,0,null,0,0,0
1768,0,null,0,0,0
1769,0,null,0,0,0
1770,0,null,0,0,0
1771,0,null,0,0,0
1772,0,null,0,0,0
1773,0,null,0,0,0
1774,0,null,0,0,0
1775,0,null,0,0,0
1776,0,null,0,0,0
1777,0,null,0,0,0
1778,0,null,0,0,0
1779,0,null,0,0,0
1780,0,null,0,0,0
1781,0,null,0,0,0
1782,0,null,0,0,0
1783,0,null,0,0,0
1784,0,null,0,0,0
1785,0,null,0,0,0
1786,0,null,0,0,0
1787,0,null,0,0,0
1788,0,null,0,0,0
1789,0,null,0,0,0
1790,0,null,0,0,0
1791,0,null,0,0,0
1792,0,null,0,0,0
1793,0,null,0,0,0
1794,0,null,0,0,0
1795,0,null,0,0,0
1796,0,null,0,0,0
1797,0,null,0,0,0
1798,0,null,0,0,0
1799,0,null,0,0,0
1800,0,null,0,0,0
1801,0,null,0,0,0
1802,0,null,0,0,0
1803,0,null,0,0,0
1804,0,null,0,0,0
1805,0,null,0,0,0
1806,0,null,0,0,0
1807,11,pi-,1,1,1
1808,0,null,0,0,0
1809,0,null,0,0,0
1810,0,null,0,0,0
1811,0,null,0,0,0
1812,0,null,0,0,0
1813,0,null,0,0,0
1814,0,null,0,0,0
1815,0,null,0,0,0
1816,0,null,0,0,0
1817,0,null,0,0,0
1818,0,null,0,0,0
1819,0,null,0,0,0
1820,0,null,0,0,0
1821,0,null,0,0,0
1822,0,null,0,0,0
1823,0,null,0,0,0
1824,0,null,0,0,0
1825,1,primary_proton,1,1,1
1826,1,primary_proton,1,1,1
1827,0,null,0,0,0
1828,0,null,0,0,0
1829,0,null,0,0,0
1831,0,null,0,0,0
1832,0,null,0,0,0
1833,0,null,0,0,0
1834,0,null,0,0,0
1835,0,null,0,0,0
1836,1,primary_proton,1,1,1
1837,0,null,0,0,0
1838,0,null,0,0,0
1839,0,null,0,0,0
1840,0,null,0,0,0
1841,0,null,0,0,0
1842,0,null,0,0,0
1843,0,null,0,0,0
1844,0,null,0,0,0
1845,0,null,0,0,0
1846,0,null,0,0,0
1847,0,null,0,0,0
1848,0,null,0,0,0
1849,0,null,0,0,0
1850,0,null,0,0,0
1851,0,null,0,0,0
1852,0,null,0,0,0
1853,0,null,0,0,0
1854,4,pi+,1,1,1
1855,0,null,0,0,0
1856,0,null,0,0,0
1857,0,null,0,0,0
1858,0,null,0,0,0
1859,0,null,0,0,0
1860,0,null,0,0,0
1861,0,null,0,0,0
1862,0,null,0,0,0
1863,0,null,0,0,0
1864,0,null,0,0,0
1865,0,null,0,0,0
1866,0,null,0,0,0
1867,0,null,0,0,0
1868,1,primary_proton,1,1,1
1869,0,null,0,0,0
1870,0,null,0,0,0
1871,0,null,0,0,0
1872,0,null,0,0,0
1873,0,null,0,0,0
1874,0,null,0,0,0
1875,0,null,0,0,0
1876,0,null,0,0,0
1877,0,null,0,0,0
1878,0,null,0,0,0
1879,1,primary_proton,1,1,1
1880,1,primary_proton,1,1,1
1881,0,null,0,0,0
1882,0,null,0,0,0
1883,0,null,0,0,0
1884,0,null,0,0,0
1885,0,null,0,0,0
1886,0,null,0,0,0
1887,0,null,0,0,0
1888,0,null,0,0,0
1889,0,null,0,0,0
1890,0,null,0,0,0
1891,0,null,0,0,0
1892,615,e+,1,0,0
1893,0,null,0,0,0
1894,0,null,0,0,0
1895,0,null,0,0,0
1896,0,null,0,0,0
1897,1643,secondary_proton,1,1,1
1898,13,secondary_proton,1,0,0
1899,0,null,0,0,0
1900,0,null,0,0,0
1901,0,null,0,0,0
1902,0,null,0,0,0
1903,0,null,0,0,0
1904,0,null,0,0,0
1905,0,null,0,0,0
1906,0,null,0,0,0
1907,0,null,0,0,0
1908,0,null,0,0,0
1909,0,null,0,0,0
1910,0,null,0,0,0
1911,0,null,0,0,0
1912,0,null,0,0,0
1913,0,null,0,0,0
1914,22,pi+,1,1,1
1915,0,null,0,0,0
1916,0,null,0,0,0
1917,0,null,0,0,0
1918,0,null,0,0,0
1919,0,null,0,0,0
1920,0,null,0,0,0
1921,0,null,0,0,0
1922,0,null,0,0,0
1923,0,null,0,0,0
1924,0,null,0,0,0
1925,0,null,0,0,0
1926,0,null,0,0,0
1927,0,null,0,0,0
1928,0,null,0,0,0
1929,0,null,0,0,0
1930,0,null,0,0,0
1931,0,null,0,0,0
1932,0,null,0,0,0
1933,0,null,0,0,0
1934,0,null,0,0,0
1935,0,null,0,0,0
1936,0,null,0,0,0
1937,0,null,0,0,0
1938,0,null,0,0,0
1939,0,null,0,0,0
1940,0,null,0,0,0
1941,0,null,0,0,0
1942,0,null,0,0,0
1943,0,null,0,0,0
1944,0,null,0,0,0
1945,0,null,0,0,0
1946,0,null,0,0,0
1947,0,null,0,0,0
1948,0,null,0,0,0
1949,0,null,0,0,0
1950,0,null,0,0,0
1951,0,null,0,0,0
1952,0,null,0,0,0
1953,0,null,0,0,0
1954,0,null,0,0,0
1955,0,null,0,0,0
1956,0,null,0,0,0
1957,0,null,0,0,0
1958,0,null,0,0,0
1959,0,null,0,0,0
1960,0,null,0,0,0
1961,0,null,0,0,0
1962,0,null,0,0,0
1963,0,null,0,0,0
1964,0,null,0,0,0
1965,9,pi+,1,1,1
1966,1762,e-,1,1,1
1967,0,null,0,0,0
1968,0,null,0,0,0
1969,0,null,0,0,0
1970,0,null,0,0,0
1971,0,null,0,0,0
1972,0,null,0,0,0
1973,0,null,0,0,0
1974,0,null,0,0,0
1975,0,null,0,0,0
1976,0,null,0,0,0
1977,0,null,0,0,0
1978,0,null,0,0,0
1979,0,null,0,0,0
1980,0,null,0,0,0
1981,0,null,0,0,0
1982,0,null,0,0,0
1983,9,pi-,1,1,0
1984,0,null,0,0,0
1985,0,null,0,0,0
1986,0,null,0,0,0
1987,0,null,0,0,0
1988,0,null,0,0,0
1989,0,null,0,0,0
1990,0,null,0,0,0
1991,0,null,0,0,0
1992,1,primary_proton,1,1,1
1993,0,null,0,0,0
1994,0,null,0,0,0
1995,0,null,0,0,0
1996,0,null,0,0,0
1997,0,null,0,0,0
1998,0,null,0,0,0
1999,0,null,0,0,0
2000,0,null,0,0,0
2001,0,null,0,0,0
2002,0,null,0,0,0
2003,0,null,0,0,0
2004,0,null,0,0,0
2005,0,null,0,0,0
2006,0,null,0,0,0
2007,0,null,0,0,0
2008,0,null,0,0,0
2009,0,null,0,0,0
2010,0,null,0,0,0
2011,0,null,0,0,0
2012,0,null,0,0,0
2013,0,null,0,0,0
2014,0,null,0,0,0
2015,0,null,0,0,0
2016,0,null,0,0,0
2017,0,null,0,0,0
2018,0,null,0,0,0
2019,0,null,0,0,0
2020,0,null,0,0,0
2021,0,null,0,0,0
2022,0,null,0,0,0
2023,0,null,0,0,0
2024,0,null,0,0,0
2025,0,null,0,0,0
2026,0,null,0,0,0
2027,0,null,0,0,0
2028,0,null,0,0,0
2029,0,null,0,0,0
2030,0,null,0,0,0
2031,0,null,0,0,0
2032,0,null,0,0,0
2033,0,null,0,0,0
2034,0,null,0,0,0
2035,0,null,0,0,0
2036,308,secondary_proton,1,1,1
2037,0,null,0,0,0
2038,0,null,0,0,0
2039,0,null,0,0,0
2040,0,null,0,0,0
2041,0,null,0,0,0
2042,0,null,0,0,0
2043,0,null,0,0,0
2044,0,null,0,0,0
2045,0,null,0,0,0
2046,0,null,0,0,0
2047,0,null,0,0,0
2048,0,null,0,0,0
2049,0,null,0,0,0
2050,0,null,0,0,0
2051,0,null,0,0,0
2053,0,null,0,0,0
2054,0,null,0,0,0
2055,0,null,0,0,0
2056,0,null,0,0,0
2057,0,null,0,0,0
2058,0,null,0,0,0
2059,0,null,0,0,0
2060,5,secondary_proton,1,1,1
2061,0,null,0,0,0
2062,0,null,0,0,0
2063,0,null,0,0,0
2064,0,null,0,0,0
2065,0,null,0,0,0
2066,0,null,0,0,0
2067,0,null,0,0,0
2068,0,null,0,0,0
2069,0,null,0,0,0
2070,0,null,0,0,0
2071,14,pi-,1,0,0
2072,0,null,0,0,0
2073,0,null,0,0,0
2074,0,null,0,0,0
2075,0,null,0,0,0
2076,0,null,0,0,0
2077,0,null,0,0,0
2078,0,null,0,0,0
2079,1,primary_proton,1,1,1
2080,0,null,0,0,0
2081,0,null,0,0,0
2082,0,null,0,0,0
2083,0,null,0,0,0
2084,0,null,0,0,0
2085,0,null,0,0,0
2086,0,null,0,0,0
2087,0,null,0,0,0
2088,4504,e-,0,1,0
2089,0,null,0,0,0
2090,0,null,0,0,0
2091,0,null,0,0,0
2092,0,null,0,0,0
2093,0,null,0,0,0
2094,0,null,0,0,0
2095,0,null,0,0,0
2096,0,null,0,0,0
2097,0,null,0,0,0
2098,0,null,0,0,0
2099,0,null,0,0,0
2100,0,null,0,0,0
2101,0,null,0,0,0
2102,0,null,0,0,0
2103,0,null,0,0,0
2104,0,null,0,0,0
2105,0,null,0,0,0
2106,0,null,0,0,0
2107,0,null,0,0,0
2108,0,null,0,0,0
2109,0,null,0,0,0
2110,0,null,0,0,0
2111,5,secondary_proton,1,1,1
2112,0,null,0,0,0
2113,0,null,0,0,0
2114,0,null,0,0,0
2115,0,null,0,0,0
2116,0,null,0,0,0
2117,0,null,0,0,0
2118,1176,secondary_proton,1,1,1
2119,0,null,0,0,0
2120,0,null,0,0,0
2121,0,null,0,0,0
2122,1,primary_proton,1,1,1
2123,1,primary_proton,1,1,1
2124,0,null,0,0,0
2125,0,null,0,0,0
2126,0,null,0,0,0
2127,0,null,0,0,0
2128,0,null,0,0,0
2129,0,null,0,0,0
2130,0,null,0,0,0
2131,0,null,0,0,0
2132,0,null,0,0,0
2133,0,null,0,0,0
2134,0,null,0,0,0
2135,0,null,0,0,0
2136,0,null,0,0,0
2137,0,null,0,0,0
2138,0,null,0,0,0
2139,0,null,0,0,0
2140,0,null,0,0,0
2141,0,null,0,0,0
2142,0,null,0,0,0
2143,0,null,0,0,0
2144,0,null,0,0,0
2145,0,null,0,0,0
2146,1,primary_proton,1,1,1
2147,0,null,0,0,0
2148,0,null,0,0,0
2149,0,null,0,0,0
2150,0,null,0,0,0
2151,0,null,0,0,0
2152,0,null,0,0,0
2153,0,null,0,0,0
2154,12,kaon+,1,1,1
2155,0,null,0,0,0
2156,0,null,0,0,0
2157,0,null,0,0,0
2158,0,null,0,0,0
2159,0,null,0,0,0
2160,0,null,0,0,0
2161,0,null,0,0,0
2162,1,primary_proton,1,1,1
2163,0,null,0,0,0
2164,0,null,0,0,0
2165,0,null,0,0,0
2166,0,null,0,0,0
2167,0,null,0,0,0
2168,0,null,0,0,0
2169,0,null,0,0,0
2170,0,null,0,0,0
2171,0,null,0,0,0
2172,0,null,0,0,0
2173,0,null,0,0,0
2174,0,null,0,0,0
2175,0,null,0,0,0
2176,1,primary_proton,1,1,1
2177,0,null,0,0,0
2178,0,null,0,0,0
2179,0,null,0,0,0
2180,0,null,0,0,0
2181,0,null,0,0,0
2182,0,null,0,0,0
2183,0,null,0,0,0
2184,0,null,0,0,0
2185,0,null,0,0,0
2186,0,null,0,0,0
2187,0,null,0,0,0
2188,0,null,0,0,0
2189,0,null,0,0,0
2190,0,null,0,0,0
2191,0,null,0,0,0
2192,0,null,0,0,0
2193,0,null,0,0,0
2194,0,null,0,0,0
2195,1,primary_proton,1,1,1
2196,0,null,0,0,0
2197,0,null,0,0,0
2198,0,null,0,0,0
2199,1335,e-,0,1,0
2200,0,null,0,0,0
2201,0,null,0,0,0
2202,0,null,0,0,0
2203,0,null,0,0,0
2204,0,null,0,0,0
2205,0,null,0,0,0
2206,0,null,0,0,0
2207,0,null,0,0,0
2208,0,null,0,0,0
2209,0,null,0,0,0
2210,0,null,0,0,0
2211,0,null,0,0,0
2212,0,null,0,0,0
2213,0,null,0,0,0
2214,0,null,0,0,0
2215,0,null,0,0,0
2216,0,null,0,0,0
2217,1,primary_proton,1,1,1
2218,0,null,0,0,0
2219,0,null,0,0,0
2220,0,null,0,0,0
2221,0,null,0,0,0
2222,0,null,0,0,0
2223,1,primary_proton,1,1,1
2224,0,null,0,0,0
2225,0,null,0,0,0
2226,0,null,0,0,0
2227,0,null,0,0,0
2228,0,null,0,0,0
2229,0,null,0,0,0
2230,0,null,0,0,0
2231,0,null,0,0,0
2232,0,null,0,0,0
2233,0,null,0,0,0
2234,0,null,0,0,0
2235,0,null,0,0,0
2236,0,null,0,0,0
2237,0,null,0,0,0
2238,0,null,0,0,0
2239,0,null,0,0,0
2240,0,null,0,0,0
2241,0,null,0,0,0
2242,0,null,0,0,0
2243,0,null,0,0,0
2244,0,null,0,0,0
2245,0,null,0,0,0
2246,0,null,0,0,0
2247,0,null,0,0,0
2248,1543,secondary_proton,1,1,0
2249,0,null,0,0,0
2250,0,null,0,0,0
2251,0,null,0,0,0
2252,0,null,0,0,0
2253,0,null,0,0,0
2254,0,null,0,0,0
2255,0,null,0,0,0
2256,0,null,0,0,0
2257,0,null,0,0,0
2258,2,secondary_proton,1,1,1
2259,0,null,0,0,0
2260,9,pi-,1,1,1
2261,0,null,0,0,0
2262,0,null,0,0,0
2263,0,null,0,0,0
2264,0,null,0,0,0
2265,0,null,0,0,0
2266,0,null,0,0,0
2267,0,null,0,0,0
2268,0,null,0,0,0
2269,0,null,0,0,0
2270,0,null,0,0,0
2272,0,null,0,0,0
2273,0,null,0,0,0
2274,0,null,0,0,0
2275,0,null,0,0,0
2276,0,null,0,0,0
2277,0,null,0,0,0
2278,0,null,0,0,0
2279,0,null,0,0,0
2280,0,null,0,0,0
2281,0,null,0,0,0
2282,0,null,0,0,0
2283,0,null,0,0,0
2284,0,null,0,0,0
2285,0,null,0,0,0
2286,0,null,0,0,0
2287,0,null,0,0,0
2288,0,null,0,0,0
2289,0,null,0,0,0
2290,0,null,0,0,0
2291,0,null,0,0,0
2292,0,null,0,0,0
2293,0,null,0,0,0
2294,0,null,0,0,0
2295,0,null,0,0,0
2296,0,null,0,0,0
2297,0,null,0,0,0
2298,0,null,0,0,0
2299,1518,e-,0,0,1
2300,1,primary_proton,1,1,1
2301,0,null,0,0,0
2302,0,null,0,0,0
2303,0,null,0,0,0
2304,0,null,0,0,0
2305,0,null,0,0,0
2306,0,null,0,0,0
2307,0,null,0,0,0
2308,9,pi+,1,1,1
2309,0,null,0,0,0
2310,0,null,0,0,0
2311,0,null,0,0,0
2312,0,null,0,0,0
2313,25,secondary_proton,1,1,0
2314,0,null,0,0,0
2315,0,null,0,0,0
2316,0,null,0,0,0
2317,0,null,0,0,0
2318,0,null,0,0,0
2319,0,null,0,0,0
2320,0,null,0,0,0
2321,0,null,0,0,0
2322,0,null,0,0,0
2323,0,null,0,0,0
2324,0,null,0,0,0
2325,0,null,0,0,0
2326,0,null,0,0,0
2327,0,null,0,0,0
2328,0,null,0,0,0
2329,0,null,0,0,0
2330,0,null,0,0,0
2331,0,null,0,0,0
2332,0,null,0,0,0
2333,0,null,0,0,0
2334,7,secondary_proton,1,1,1
2335,0,null,0,0,0
2336,0,null,0,0,0
2337,0,null,0,0,0
2338,0,null,0,0,0
2339,0,null,0,0,0
2340,1,primary_proton,1,1,1
2341,0,null,0,0,0
2342,0,null,0,0,0
2343,0,null,0,0,0
2344,0,null,0,0,0
2345,0,null,0,0,0
2346,0,null,0,0,0
2347,0,null,0,0,0
2348,0,null,0,0,0
2349,0,null,0,0,0
2350,0,null,0,0,0
2351,0,null,0,0,0
2352,0,null,0,0,0
2353,0,null,0,0,0
2354,0,null,0,0,0
2355,0,null,0,0,0
2356,0,null,0,0,0
2357,0,null,0,0,0
2358,0,null,0,0,0
2359,0,null,0,0,0
2360,0,null,0,0,0
2361,0,null,0,0,0
2362,2825,pi-,1,0,0
2363,0,null,0,0,0
2364,0,null,0,0,0
2365,0,null,0,0,0
2366,0,null,0,0,0
2367,9,secondary_proton,1,1,1
2368,0,null,0,0,0
2369,0,null,0,0,0
2370,0,null,0,0,0
2371,0,null,0,0,0
2372,0,null,0,0,0
2373,0,null,0,0,0
2374,0,null,0,0,0
2375,0,null,0,0,0
2376,0,null,0,0,0
2377,0,null,0,0,0
2378,0,null,0,0,0
2379,0,null,0,0,0
2380,4,secondary_proton,1,1,1
2381,0,null,0,0,0
2382,0,null,0,0,0
2383,0,null,0,0,0
2384,0,null,0,0,0
2385,0,null,0,0,0
2386,0,null,0,0,0
2387,0,null,0,0,0
2388,0,null,0,0,0
2389,0,null,0,0,0
2390,0,null,0,0,0
2391,0,null,0,0,0
2392,0,null,0,0,0
2393,0,null,0,0,0
2394,0,null,0,0,0
2395,0,null,0,0,0
2396,0,null,0,0,0
2397,0,null,0,0,0
2398,0,null,0,0,0
2399,0,null,0,0,0
2400,0,null,0,0,0
2401,0,null,0,0,0
2402,0,null,0,0,0
2403,0,null,0,0,0
2404,0,null,0,0,0
2405,0,null,0,0,0
2406,0,null,0,0,0
2407,0,null,0,0,0
2408,0,null,0,0,0
2409,0,null,0,0,0
2410,0,null,0,0,0
2411,0,null,0,0,0
2412,0,null,0,0,0
2413,0,null,0,0,0
2414,0,null,0,0,0
2415,0,null,0,0,0
2416,0,null,0,0,0
2417,0,null,0,0,0
2418,0,null,0,0,0
2419,0,null,0,0,0
2420,0,null,0,0,0
2421,0,null,0,0,0
2422,0,null,0,0,0
2423,0,null,0,0,0
2424,0,null,0,0,0
2425,0,null,0,0,0
2426,0,null,0,0,0
2427,0,null,0,0,0
2428,0,null,0,0,0
2429,0,null,0,0,0
2430,0,null,0,0,0
2431,0,null,0,0,0
2432,0,null,0,0,0
2433,0,null,0,0,0
2434,0,null,0,0,0
2435,0,null,0,0,0
2436,0,null,0,0,0
2437,0,null,0,0,0
2438,0,null,0,0,0
2439,0,null,0,0,0
2440,0,null,0,0,0
2441,0,null,0,0,0
2442,0,null,0,0,0
2443,0,null,0,0,0
2444,0,null,0,0,0
2445,0,null,0,0,0
2446,0,null,0,0,0
2447,0,null,0,0,0
2448,0,null,0,0,0
2449,0,null,0,0,0
2450,0,null,0,0,0
2451,4042,e-,1,0,0
2452,0,null,0,0,0
2453,0,null,0,0,0
2454,0,null,0,0,0
2455,0,null,0,0,0
2456,0,null,0,0,0
2457,0,null,0,0,0
2458,0,null,0,0,0
2459,0,null,0,0,0
2460,0,null,0,0,0
2461,0,null,0,0,0
2462,0,null,0,0,0
2463,0,null,0,0,0
2464,0,null,0,0,0
2465,0,null,0,0,0
2466,0,null,0,0,0
2467,0,null,0,0,0
2468,0,null,0,0,0
2469,0,null,0,0,0
2470,0,null,0,0,0
2471,0,null,0,0,0
2472,0,null,0,0,0
2473,0,null,0,0,0
2474,0,null,0,0,0
2475,0,null,0,0,0
2476,0,null,0,0,0
2477,0,null,0,0,0
2478,1810,e-,1,1,1
2479,0,null,0,0,0
2480,0,null,0,0,0
2481,0,null,0,0,0
2482,0,null,0,0,0
2483,0,null,0,0,0
2484,0,null,0,0,0
2485,7,pi+,1,1,1
2486,7,secondary_proton,1,1,1
2487,0,null,0,0,0
2488,0,null,0,0,0
2489,0,null,0,0,0
2490,0,null,0,0,0
2491,0,null,0,0,0
2492,0,null,0,0,0
2494,0,null,0,0,0
2495,0,null,0,0,0
2496,0,null,0,0,0
2497,0,null,0,0,0
2498,0,null,0,0,0
2499,406,e-,1,1,1
2500,0,null,0,0,0
2501,3,secondary_proton,1,1,0
2502,1,primary_proton,1,1,0
2503,0,null,0,0,0
2504,0,null,0,0,0
2505,0,null,0,0,0
2506,0,null,0,0,0
2507,0,null,0,0,0
2508,0,null,0,0,0
2509,0,null,0,0,0
2510,0,null,0,0,0
2511,0,null,0,0,0
2512,0,null,0,0,0
2513,0,null,0,0,0
2514,0,null,0,0,0
2515,0,null,0,0,0
2516,0,null,0,0,0
2517,0,null,0,0,0
2518,0,null,0,0,0
2519,0,null,0,0,0
2520,0,null,0,0,0
2521,0,null,0,0,0
2522,0,null,0,0,0
2523,0,null,0,0,0
2524,0,null,0,0,0
2525,0,null,0,0,0
2526,0,null,0,0,0
2527,0,null,0,0,0
2528,0,null,0,0,0
2529,0,null,0,0,0
2530,0,null,0,0,0
2531,0,null,0,0,0
2532,0,null,0,0,0
2533,0,null,0,0,0
2534,0,null,0,0,0
2535,0,null,0,0,0
2536,0,null,0,0,0
2537,0,null,0,0,0
2538,0,null,0,0,0
2539,0,null,0,0,0
2540,0,null,0,0,0
2541,0,null,0,0,0
2542,0,null,0,0,0
2543,0,null,0,0,0
2544,0,null,0,0,0
2545,0,null,0,0,0
2546,0,null,0,0,0
2547,0,null,0,0,0
2548,0,null,0,0,0
2549,0,null,0,0,0
2550,0,null,0,0,0
2551,0,null,0,0,0
2552,0,null,0,0,0
2553,0,null,0,0,0
2554,0,null,0,0,0
2555,13,secondary_proton,1,1,1
2556,0,null,0,0,0
2557,0,null,0,0,0
2558,0,null,0,0,0
2559,0,null,0,0,0
2560,0,null,0,0,0
2561,0,null,0,0,0
2562,4410,e-,1,1,0
2563,0,null,0,0,0
2564,0,null,0,0,0
2565,0,null,0,0,0
2566,0,null,0,0,0
2567,0,null,0,0,0
2568,0,null,0,0,0
2569,0,null,0,0,0
2570,0,null,0,0,0
2571,0,null,0,0,0
2572,0,null,0,0,0
2573,0,null,0,0,0
2574,0,null,0,0,0
2575,0,null,0,0,0
2576,0,null,0,0,0
2577,0,null,0,0,0
2578,1,primary_proton,1,1,1
2579,0,null,0,0,0
2580,0,null,0,0,0
2581,0,null,0,0,0
2582,0,null,0,0,0
2583,0,null,0,0,0
2584,0,null,0,0,0
2585,0,null,0,0,0
2586,0,null,0,0,0
2587,0,null,0,0,0
2588,0,null,0,0,0
2589,0,null,0,0,0
2590,0,null,0,0,0
2591,0,null,0,0,0
2592,0,null,0,0,0
2593,0,null,0,0,0
2594,0,null,0,0,0
2595,0,null,0,0,0
2596,0,null,0,0,0
2597,0,null,0,0,0
2598,0,null,0,0,0
2599,0,null,0,0,0
2600,0,null,0,0,0
2601,0,null,0,0,0
2602,0,null,0,0,0
2603,0,null,0,0,0
2604,0,null,0,0,0
2605,0,null,0,0,0
2606,0,null,0,0,0
2607,0,null,0,0,0
2608,0,null,0,0,0
2609,0,null,0,0,0
2610,0,null,0,0,0
2611,0,null,0,0,0
2612,0,null,0,0,0
2613,0,null,0,0,0
2614,0,null,0,0,0
2615,0,null,0,0,0
2616,0,null,0,0,0
2617,0,null,0,0,0
2618,0,null,0,0,0
2619,0,null,0,0,0
2620,0,null,0,0,0
2621,0,null,0,0,0
2622,0,null,0,0,0
2623,0,null,0,0,0
2624,0,null,0,0,0
2625,0,null,0,0,0
2626,0,null,0,0,0
2627,0,null,0,0,0
2628,0,null,0,0,0
2629,0,null,0,0,0
2630,0,null,0,0,0
2631,0,null,0,0,0
2632,0,null,0,0,0
2633,0,null,0,0,0
2634,0,null,0,0,0
2635,0,null,0,0,0
2636,0,null,0,0,0
2637,0,null,0,0,0
2638,0,null,0,0,0
2639,0,null,0,0,0
2640,0,null,0,0,0
2641,0,null,0,0,0
2642,0,null,0,0,0
2643,0,null,0,0,0
2644,0,null,0,0,0
2645,0,null,0,0,0
2646,0,null,0,0,0
2647,0,null,0,0,0
2648,0,null,0,0,0
2649,0,null,0,0,0
2650,0,null,0,0,0
2651,0,null,0,0,0
2652,0,null,0,0,0
2653,0,null,0,0,0
2654,0,null,0,0,0
2655,2266,e-,0,1,0
2656,0,null,0,0,0
2657,0,null,0,0,0
2658,0,null,0,0,0
2659,0,null,0,0,0
2660,0,null,0,0,0
2661,0,null,0,0,0
2662,0,null,0,0,0
2663,0,null,0,0,0
2664,13,pi-,1,1,1
2665,0,null,0,0,0
2666,0,null,0,0,0
2667,0,null,0,0,0
2668,0,null,0,0,0
2669,0,null,0,0,0
2670,0,null,0,0,0
2671,0,null,0,0,0
2672,0,null,0,0,0
2673,0,null,0,0,0
2674,0,null,0,0,0
2675,0,null,0,0,0
2676,0,null,0,0,0
2677,0,null,0,0,0
2678,0,null,0,0,0
2679,0,null,0,0,0
2680,0,null,0,0,0
2681,0,null,0,0,0
2682,0,null,0,0,0
2683,0,null,0,0,0
2684,0,null,0,0,0
2685,0,null,0,0,0
2686,501,e-,1,1,1
2687,0,null,0,0,0
2688,0,null,0,0,0
2689,0,null,0,0,0
2690,0,null,0,0,0
2691,0,null,0,0,0
2692,0,null,0,0,0
2693,0,null,0,0,0
2694,0,null,0,0,0
2695,0,null,0,0,0
2696,0,null,0,0,0
2697,0,null,0,0,0
2698,0,null,0,0,0
2699,0,null,0,0,0
2700,0,null,0,0,0
2701,0,null,0,0,0
2702,0,null,0,0,0
2703,0,null,0,0,0
2704,0,null,0,0,0
2705,1,primary_proton,1,1,1
2706,0,null,0,0,0
2707,0,null,0,0,0
2708,0,null,0,0,0
2709,9,pi+,1,1,1
2710,1,primary_proton,1,1,1
2711,0,null,0,0,0
2712,0,null,0,0,0
2713,0,null,0,0,0
2714,0,null,0,0,0
2715,0,null,0,0,0
2716,0,null,0,0,0
2718,0,null,0,0,0
2719,0,null,0,0,0
2720,0,null,0,0,0
2721,0,null,0,0,0
2722,0,null,0,0,0
2723,0,null,0,0,0
2724,0,null,0,0,0
2725,0,null,0,0,0
2726,0,null,0,0,0
2727,0,null,0,0,0
2728,0,null,0,0,0
2729,0,null,0,0,0
2730,0,null,0,0,0
2731,0,null,0,0,0
2732,0,null,0,0,0
2733,0,null,0,0,0
2734,0,null,0,0,0
2735,0,null,0,0,0
2736,0,null,0,0,0
2737,0,null,0,0,0
2738,0,null,0,0,0
2739,0,null,0,0,0
2740,0,null,0,0,0
2741,0,null,0,0,0
2742,0,null,0,0,0
2743,0,null,0,0,0
2744,0,null,0,0,0
2745,0,null,0,0,0
2746,106,pi+,1,1,1
2747,0,null,0,0,0
2748,0,null,0,0,0
2749,0,null,0,0,0
2750,0,null,0,0,0
2751,0,null,0,0,0
2752,0,null,0,0,0
2753,0,null,0,0,0
2754,0,null,0,0,0
2755,0,null,0,0,0
2756,0,null,0,0,0
2757,7,pi-,1,1,1
2758,0,null,0,0,0
2759,0,null,0,0,0
2760,0,null,0,0,0
2761,0,null,0,0,0
2762,0,null,0,0,0
2763,0,null,0,0,0
2764,0,null,0,0,0
2765,0,null,0,0,0
2766,0,null,0,0,0
2767,0,null,0,0,0
2768,0,null,0,0,0
2769,0,null,0,0,0
2770,0,null,0,0,0
2771,0,null,0,0,0
2772,0,null,0,0,0
2773,0,null,0,0,0
2774,0,null,0,0,0
2775,0,null,0,0,0
2776,7,pi-,1,0,0
2777,0,null,0,0,0
2778,5,pi+,1,1,1
2779,0,null,0,0,0
2780,0,null,0,0,0
2781,0,null,0,0,0
2782,0,null,0,0,0
2783,0,null,0,0,0
2784,0,null,0,0,0
2785,0,null,0,0,0
2786,0,null,0,0,0
2787,15,secondary_proton,1,1,1
2788,0,null,0,0,0
2789,0,null,0,0,0
2790,0,null,0,0,0
2791,0,null,0,0,0
2792,0,null,0,0,0
2793,0,null,0,0,0
2794,0,null,0,0,0
2795,0,null,0,0,0
2796,0,null,0,0,0
2797,0,null,0,0,0
2798,0,null,0,0,0
2799,0,null,0,0,0
2800,0,null,0,0,0
2801,0,null,0,0,0
2802,0,null,0,0,0
2803,0,null,0,0,0
2804,0,null,0,0,0
2805,0,null,0,0,0
2806,0,null,0,0,0
2807,0,null,0,0,0
2808,0,null,0,0,0
2809,0,null,0,0,0
2810,0,null,0,0,0
2811,0,null,0,0,0
2812,0,null,0,0,0
2813,0,null,0,0,0
2814,0,null,0,0,0
2815,0,null,0,0,0
2816,0,null,0,0,0
2817,362,e-,1,1,1
2818,0,null,0,0,0
2819,0,null,0,0,0
2820,0,null,0,0,0
2821,0,null,0,0,0
2822,0,null,0,0,0
2823,0,null,0,0,0
2824,0,null,0,0,0
2825,0,null,0,0,0
2826,0,null,0,0,0
2827,0,null,0,0,0
2828,0,null,0,0,0
2829,0,null,0,0,0
2830,0,null,0,0,0
2831,0,null,0,0,0
2832,2350,e-,1,1,1
2833,0,null,0,0,0
2834,0,null,0,0,0
2835,0,null,0,0,0
2836,0,null,0,0,0
2837,0,null,0,0,0
2838,0,null,0,0,0
2839,0,null,0,0,0
2840,0,null,0,0,0
2841,0,null,0,0,0
2842,0,null,0,0,0
2843,1,primary_proton,1,1,0
2844,0,null,0,0,0
2845,0,null,0,0,0
2846,0,null,0,0,0
2847,0,null,0,0,0
2848,0,null,0,0,0
2849,0,null,0,0,0
2850,15,pi-,1,1,1
2851,0,null,0,0,0
2852,0,null,0,0,0
2853,0,null,0,0,0
2854,0,null,0,0,0
2855,0,null,0,0,0
2856,0,null,0,0,0
2857,16,pi-,1,1,0
2858,0,null,0,0,0
2859,0,null,0,0,0
2860,0,null,0,0,0
2861,0,null,0,0,0
2862,0,null,0,0,0
2863,0,null,0,0,0
2864,0,null,0,0,0
2865,1,primary_proton,1,1,1
2866,0,null,0,0,0
2867,0,null,0,0,0
2868,0,null,0,0,0
2869,0,null,0,0,0
2870,0,null,0,0,0
2871,0,null,0,0,0
2872,0,null,0,0,0
2873,0,null,0,0,0
2874,0,null,0,0,0
2875,8,pi-,1,1,1
2876,0,null,0,0,0
2877,0,null,0,0,0
2878,0,null,0,0,0
2879,0,null,0,0,0
2880,0,null,0,0,0
2881,0,null,0,0,0
2882,0,null,0,0,0
2883,0,null,0,0,0
2884,0,null,0,0,0
2885,0,null,0,0,0
2886,0,null,0,0,0
2887,0,null,0,0,0
2888,0,null,0,0,0
2889,0,null,0,0,0
2890,0,null,0,0,0
2891,0,null,0,0,0
2892,0,null,0,0,0
2893,7,pi-,1,1,1
2894,0,null,0,0,0
2895,0,null,0,0,0
2896,0,null,0,0,0
2897,0,null,0,0,0
2898,0,null,0,0,0
2899,0,null,0,0,0
2900,0,null,0,0,0
2901,0,null,0,0,0
2902,0,null,0,0,0
2903,0,null,0,0,0
2904,0,null,0,0,0
2905,0,null,0,0,0
2906,0,null,0,0,0
2907,0,null,0,0,0
2908,0,null,0,0,0
2909,0,null,0,0,0
2910,0,null,0,0,0
2911,0,null,0,0,0
2912,0,null,0,0,0
2913,0,null,0,0,0
2914,0,null,0,0,0
2915,0,null,0,0,0
2916,0,null,0,0,0
2917,0,null,0,0,0
2918,0,null,0,0,0
2919,0,null,0,0,0
2920,0,null,0,0,0
2921,12,secondary_proton,1,0,0
2922,0,null,0,0,0
2923,0,null,0,0,0
2924,0,null,0,0,0
2925,0,null,0,0,0
2926,0,null,0,0,0
2927,0,null,0,0,0
2928,0,null,0,0,0
2929,504,e-,1,1,1
2930,0,null,0,0,0
2931,0,null,0,0,0
2932,0,null,0,0,0
2933,0,null,0,0,0
2934,0,null,0,0,0
2935,0,null,0,0,0
2936,0,null,0,0,0
2937,0,null,0,0,0
2938,0,null,0,0,0
2939,0,null,0,0,0
2940,0,null,0,0,0
2941,0,null,0,0,0
2943,0,null,0,0,0
2944,0,null,0,0,0
2945,0,null,0,0,0
2946,0,null,0,0,0
2947,0,null,0,0,0
2948,0,null,0,0,0
2949,0,null,0,0,0
2950,0,null,0,0,0
2951,0,null,0,0,0
2952,0,null,0,0,0
2953,0,null,0,0,0
2954,0,null,0,0,0
2955,0,null,0,0,0
2956,0,null,0,0,0
2957,0,null,0,0,0
2958,0,null,0,0,0
2959,0,null,0,0,0
2960,0,null,0,0,0
2961,0,null,0,0,0
2962,18,secondary_proton,1,1,1
2963,6,pi-,1,1,1
2964,0,null,0,0,0
2965,0,null,0,0,0
2966,1,primary_proton,1,1,1
2967,0,null,0,0,0
2968,0,null,0,0,0
2969,0,null,0,0,0
2970,0,null,0,0,0
2971,0,null,0,0,0
2972,0,null,0,0,0
2973,0,null,0,0,0
2974,10,secondary_proton,1,1,1
2975,0,null,0,0,0
2976,0,null,0,0,0
2977,0,null,0,0,0
2978,0,null,0,0,0
2979,0,null,0,0,0
2980,0,null,0,0,0
2981,0,null,0,0,0
2982,0,null,0,0,0
2983,0,null,0,0,0
2984,0,null,0,0,0
2985,0,null,0,0,0
2986,0,null,0,0,0
2987,0,null,0,0,0
2988,0,null,0,0,0
2989,0,null,0,0,0
2990,0,null,0,0,0
2991,0,null,0,0,0
2992,0,null,0,0,0
2993,1,primary_proton,1,1,1
2994,0,null,0,0,0
2995,3475,e-,1,0,0
2996,0,null,0,0,0
2997,0,null,0,0,0
2998,0,null,0,0,0
2999,0,null,0,0,0
3000,0,null,0,0,0
3001,0,null,0,0,0
3002,0,null,0,0,0
3003,0,null,0,0,0
3004,0,null,0,0,0
3005,0,null,0,0,0
3006,0,null,0,0,0
3007,0,null,0,0,0
3008,0,null,0,0,0
3009,0,null,0,0,0
3010,0,null,0,0,0
3011,0,null,0,0,0
3012,7,secondary_proton,1,1,1
3013,0,null,0,0,0
3014,0,null,0,0,0
3015,0,null,0,0,0
3016,0,null,0,0,0
3017,0,null,0,0,0
3018,0,null,0,0,0
3019,0,null,0,0,0
3020,0,null,0,0,0
3021,0,null,0,0,0
3022,0,null,0,0,0
3023,0,null,0,0,0
3024,0,null,0,0,0
3025,0,null,0,0,0
3026,0,null,0,0,0
3027,0,null,0,0,0
3028,0,null,0,0,0
3029,0,null,0,0,0
3030,0,null,0,0,0
3031,0,null,0,0,0
3032,0,null,0,0,0
3033,0,null,0,0,0
3034,0,null,0,0,0
3035,0,null,0,0,0
3036,0,null,0,0,0
3037,0,null,0,0,0
3038,0,null,0,0,0
3039,7,secondary_proton,1,1,1
3040,5,secondary_proton,1,1,1
3041,0,null,0,0,0
3042,0,null,0,0,0
3043,0,null,0,0,0
3044,0,null,0,0,0
3045,0,null,0,0,0
3046,0,null,0,0,0
3047,0,null,0,0,0
3048,0,null,0,0,0
3049,0,null,0,0,0
3050,0,null,0,0,0
3051,0,null,0,0,0
3052,0,null,0,0,0
3053,0,null,0,0,0
3054,1,primary_proton,1,1,1
3055,0,null,0,0,0
3056,0,null,0,0,0
3057,0,null,0,0,0
3058,0,null,0,0,0
3059,0,null,0,0,0
3060,0,null,0,0,0
3061,0,null,0,0,0
3062,0,null,0,0,0
3063,0,null,0,0,0
3064,0,null,0,0,0
3065,0,null,0,0,0
3066,0,null,0,0,0
3067,0,null,0,0,0
3068,0,null,0,0,0
3069,0,null,0,0,0
3070,0,null,0,0,0
3071,0,null,0,0,0
3072,0,null,0,0,0
3073,0,null,0,0,0
3074,0,null,0,0,0
3075,0,null,0,0,0
3076,0,null,0,0,0
3077,6,secondary_proton,1,1,1
3078,0,null,0,0,0
3079,0,null,0,0,0
3080,0,null,0,0,0
3081,0,null,0,0,0
3082,0,null,0,0,0
3083,0,null,0,0,0
3084,0,null,0,0,0
3085,0,null,0,0,0
3086,0,null,0,0,0
3087,0,null,0,0,0
3088,0,null,0,0,0
3089,0,null,0,0,0
3090,0,null,0,0,0
3091,0,null,0,0,0
3092,0,null,0,0,0
3093,0,null,0,0,0
3094,0,null,0,0,0
3095,0,null,0,0,0
3096,0,null,0,0,0
3097,0,null,0,0,0
3098,1,primary_proton,1,1,1
3099,0,null,0,0,0
3100,0,null,0,0,0
3101,4,pi+,1,1,1
3102,0,null,0,0,0
3103,0,null,0,0,0
3104,0,null,0,0,0
3105,0,null,0,0,0
3106,0,null,0,0,0
3107,0,null,0,0,0
3108,0,null,0,0,0
3109,0,null,0,0,0
3110,0,null,0,0,0
3111,0,null,0,0,0
3112,0,null,0,0,0
3113,0,null,0,0,0
3114,0,null,0,0,0
3115,0,null,0,0,0
3116,0,null,0,0,0
3117,0,null,0,0,0
3118,0,null,0,0,0
3119,0,null,0,0,0
3120,0,null,0,0,0
3121,0,null,0,0,0
3122,0,null,0,0,0
3123,0,null,0,0,0
3124,0,null,0,0,0
3125,0,null,0,0,0
3126,0,null,0,0,0
3127,0,null,0,0,0
3128,0,null,0,0,0
3129,643,secondary_proton,1,1,0
3130,0,null,0,0,0
3131,1,primary_proton,1,1,1
3132,0,null,0,0,0
3133,9,pi+,1,1,1
3134,0,null,0,0,0
3135,0,null,0,0,0
3136,0,null,0,0,0
3137,0,null,0,0,0
3138,0,null,0,0,0
3139,1,primary_proton,1,1,1
3140,0,null,0,0,0
3141,0,null,0,0,0
3142,0,null,0,0,0
3143,0,null,0,0,0
3144,0,null,0,0,0
3145,0,null,0,0,0
3146,0,null,0,0,0
3147,0,null,0,0,0
3148,0,null,0,0,0
3149,0,null,0,0,0
3150,0,null,0,0,0
3151,0,null,0,0,0
3152,0,null,0,0,0
3153,0,null,0,0,0
3154,0,null,0,0,0
3155,0,null,0,0,0
3156,0,null,0,0,0
3157,0,null,0,0,0
3158,0,null,0,0,0
3159,0,null,0,0,0
3160,0,null,0,0,0
3161,0,null,0,0,0
3163,0,null,0,0,0
3164,0,null,0,0,0
3165,0,null,0,0,0
3166,0,null,0,0,0
3167,0,null,0,0,0
3168,0,null,0,0,0
3169,0,null,0,0,0
3170,0,null,0,0,0
3171,0,null,0,0,0
3172,0,null,0,0,0
3173,0,null,0,0,0
3174,0,null,0,0,0
3175,0,null,0,0,0
3176,0,null,0,0,0
3177,0,null,0,0,0
3178,0,null,0,0,0
3179,0,null,0,0,0
3180,15,pi+,1,1,1
3181,0,null,0,0,0
3182,0,null,0,0,0
3183,0,null,0,0,0
3184,0,null,0,0,0
3185,0,null,0,0,0
3186,0,null,0,0,0
3187,0,null,0,0,0
3188,0,null,0,0,0
3189,0,null,0,0,0
3190,0,null,0,0,0
3191,0,null,0,0,0
3192,0,null,0,0,0
3193,9,secondary_proton,1,1,1
3194,0,null,0,0,0
3195,0,null,0,0,0
3196,0,null,0,0,0
3197,0,null,0,0,0
3198,0,null,0,0,0
3199,5,secondary_proton,1,1,1
3200,0,null,0,0,0
3201,0,null,0,0,0
3202,0,null,0,0,0
3203,0,null,0,0,0
3204,0,null,0,0,0
3205,0,null,0,0,0
3206,0,null,0,0,0
3207,0,null,0,0,0
3208,0,null,0,0,0
3209,0,null,0,0,0
3210,0,null,0,0,0
3211,0,null,0,0,0
3212,0,null,0,0,0
3213,0,null,0,0,0
3214,0,null,0,0,0
3215,0,null,0,0,0
3216,0,null,0,0,0
3217,0,null,0,0,0
3218,0,null,0,0,0
3219,0,null,0,0,0
3220,0,null,0,0,0
3221,0,null,0,0,0
3222,0,null,0,0,0
3223,0,null,0,0,0
3224,0,null,0,0,0
3225,0,null,0,0,0
3226,0,null,0,0,0
3227,0,null,0,0,0
3228,0,null,0,0,0
3229,0,null,0,0,0
3230,0,null,0,0,0
3231,0,null,0,0,0
3232,0,null,0,0,0
3233,0,null,0,0,0
3234,0,null,0,0,0
3235,0,null,0,0,0
3236,0,null,0,0,0
3237,0,null,0,0,0
3238,0,null,0,0,0
3239,0,null,0,0,0
3240,0,null,0,0,0
3241,0,null,0,0,0
3242,0,null,0,0,0
3243,0,null,0,0,0
3244,0,null,0,0,0
3245,0,null,0,0,0
3246,0,null,0,0,0
3247,1,primary_proton,1,1,1
3248,0,null,0,0,0
3249,0,null,0,0,0
3250,0,null,0,0,0
3251,0,null,0,0,0
3252,1,primary_proton,1,1,1
3253,0,null,0,0,0
3254,0,null,0,0,0
3255,0,null,0,0,0
3256,0,null,0,0,0
3257,0,null,0,0,0
3258,0,null,0,0,0
3259,0,null,0,0,0
3260,0,null,0,0,0
3261,0,null,0,0,0
3262,0,null,0,0,0
3263,0,null,0,0,0
3264,0,null,0,0,0
3265,0,null,0,0,0
3266,7,pi-,1,1,1
3267,0,null,0,0,0
3268,0,null,0,0,0
3269,11,pi-,1,1,1
3270,0,null,0,0,0
3271,0,null,0,0,0
3272,0,null,0,0,0
3273,0,null,0,0,0
3274,0,null,0,0,0
3275,0,null,0,0,0
3276,2353,e-,1,0,0
3277,0,null,0,0,0
3278,0,null,0,0,0
3279,0,null,0,0,0
3280,0,null,0,0,0
3281,0,null,0,0,0
3282,0,null,0,0,0
3283,0,null,0,0,0
3284,0,null,0,0,0
3285,0,null,0,0,0
3286,0,null,0,0,0
3287,5,pi+,1,1,1
3288,0,null,0,0,0
3289,0,null,0,0,0
3290,0,null,0,0,0
3291,0,null,0,0,0
3292,0,null,0,0,0
3293,0,null,0,0,0
3294,0,null,0,0,0
3295,0,null,0,0,0
3296,0,null,0,0,0
3297,0,null,0,0,0
3298,0,null,0,0,0
3299,0,null,0,0,0
3300,0,null,0,0,0
3301,0,null,0,0,0
3302,1,primary_proton,1,1,1
3303,0,null,0,0,0
3304,0,null,0,0,0
3305,0,null,0,0,0
3306,0,null,0,0,0
3307,0,null,0,0,0
3308,0,null,0,0,0
3309,1,primary_proton,1,1,1
3310,1,primary_proton,1,1,1
3311,0,null,0,0,0
3312,1,primary_proton,1,1,1
3313,68,secondary_proton,1,1,1
3314,0,null,0,0,0
3315,0,null,0,0,0
3316,0,null,0,0,0
3317,0,null,0,0,0
3318,0,null,0,0,0
3319,0,null,0,0,0
3320,0,null,0,0,0
3321,0,null,0,0,0
3322,1026,e-,1,1,1
3323,0,null,0,0,0
3324,1,primary_proton,1,1,1
3325,0,null,0,0,0
3326,0,null,0,0,0
3327,0,null,0,0,0
3328,0,null,0,0,0
3329,0,null,0,0,0
3330,0,null,0,0,0
3331,0,null,0,0,0
3332,0,null,0,0,0
3333,0,null,0,0,0
3334,0,null,0,0,0
3335,0,null,0,0,0
3336,0,null,0,0,0
3337,0,null,0,0,0
3338,0,null,0,0,0
3339,0,null,0,0,0
3340,0,null,0,0,0
3341,0,null,0,0,0
3342,0,null,0,0,0
3343,0,null,0,0,0
3344,0,null,0,0,0
3345,0,null,0,0,0
3346,0,null,0,0,0
3347,0,null,0,0,0
3348,0,null,0,0,0
3349,0,null,0,0,0
3350,0,null,0,0,0
3351,0,null,0,0,0
3352,0,null,0,0,0
3353,0,null,0,0,0
3354,0,null,0,0,0
3355,0,null,0,0,0
3356,0,null,0,0,0
3357,0,null,0,0,0
3358,3,secondary_proton,1,1,1
3359,0,null,0,0,0
3360,0,null,0,0,0
3361,1,primary_proton,1,1,1
3362,0,null,0,0,0
3363,0,null,0,0,0
3364,0,null,0,0,0
3365,0,null,0,0,0
3366,0,null,0,0,0
3367,0,null,0,0,0
3368,0,null,0,0,0
3369,13,pi+,1,1,1
3370,0,null,0,0,0
3371,0,null,0,0,0
3372,4,pi-,1,1,0
3373,0,null,0,0,0
3374,0,null,0,0,0
3375,0,null,0,0,0
3376,1,primary_proton,1,1,1
3377,0,null,0,0,0
3378,0,null,0,0,0
3379,0,null,0,0,0
3380,0,null,0,0,0
3381,0,null,0,0,0
3383,0,null,0,0,0
3384,0,null,0,0,0
3385,0,null,0,0,0
3386,0,null,0,0,0
3387,0,null,0,0,0
3388,0,null,0,0,0
3389,0,null,0,0,0
3390,0,null,0,0,0
3391,0,null,0,0,0
3392,0,null,0,0,0
3393,1177,e-,1,0,0
3394,0,null,0,0,0
3395,0,null,0,0,0
3396,0,null,0,0,0
3397,0,null,0,0,0
3398,0,null,0,0,0
3399,0,null,0,0,0
3400,0,null,0,0,0
3401,0,null,0,0,0
3402,0,null,0,0,0
3403,0,null,0,0,0
3404,0,null,0,0,0
3405,0,null,0,0,0
3406,0,null,0,0,0
3407,0,null,0,0,0
3408,0,null,0,0,0
3409,0,null,0,0,0
3410,0,null,0,0,0
3411,0,null,0,0,0
3412,0,null,0,0,0
3413,0,null,0,0,0
3414,0,null,0,0,0
3415,0,null,0,0,0
3416,0,null,0,0,0
3417,0,null,0,0,0
3418,0,null,0,0,0
3419,0,null,0,0,0
3420,2471,e-,1,1,0
3421,0,null,0,0,0
3422,0,null,0,0,0
3423,0,null,0,0,0
3424,0,null,0,0,0
3425,1,primary_proton,1,1,1
3426,0,null,0,0,0
3427,0,null,0,0,0
3428,0,null,0,0,0
3429,0,null,0,0,0
3430,0,null,0,0,0
3431,0,null,0,0,0
3432,0,null,0,0,0
3433,0,null,0,0,0
3434,0,null,0,0,0
3435,0,null,0,0,0
3436,0,null,0,0,0
3437,12,pi-,1,1,1
3438,0,null,0,0,0
3439,0,null,0,0,0
3440,0,null,0,0,0
3441,0,null,0,0,0
3442,0,null,0,0,0
3443,0,null,0,0,0
3444,0,null,0,0,0
3445,0,null,0,0,0
3446,3677,e-,1,0,0
3447,0,null,0,0,0
3448,0,null,0,0,0
3449,0,null,0,0,0
3450,0,null,0,0,0
3451,0,null,0,0,0
3452,0,null,0,0,0
3453,0,null,0,0,0
3454,0,null,0,0,0
3455,0,null,0,0,0
3456,0,null,0,0,0
3457,0,null,0,0,0
3458,0,null,0,0,0
3459,0,null,0,0,0
3460,0,null,0,0,0
3461,0,null,0,0,0
3462,15,pi-,1,1,1
3463,0,null,0,0,0
3464,0,null,0,0,0
3465,0,null,0,0,0
3466,0,null,0,0,0
3467,0,null,0,0,0
3468,0,null,0,0,0
3469,0,null,0,0,0
3470,0,null,0,0,0
3471,0,null,0,0,0
3472,0,null,0,0,0
3473,0,null,0,0,0
3474,0,null,0,0,0
3475,1,primary_proton,1,1,1
3476,0,null,0,0,0
3477,0,null,0,0,0
3478,0,null,0,0,0
3479,0,null,0,0,0
3480,0,null,0,0,0
3481,2225,pi-,0,1,1
3482,0,null,0,0,0
3483,0,null,0,0,0
3484,0,null,0,0,0
3485,0,null,0,0,0
3486,7,secondary_proton,1,0,0
3487,0,null,0,0,0
3488,0,null,0,0,0
3489,0,null,0,0,0
3490,0,null,0,0,0
3491,13,pi+,1,1,1
3492,0,null,0,0,0
3493,0,null,0,0,0
3494,0,null,0,0,0
3495,0,null,0,0,0
3496,0,null,0,0,0
3497,0,null,0,0,0
3498,0,null,0,0,0
3499,1,primary_proton,1,1,1
3500,0,null,0,0,0
3501,0,null,0,0,0
3502,0,null,0,0,0
3503,0,null,0,0,0
3504,0,null,0,0,0
3505,0,null,0,0,0
3506,0,null,0,0,0
3507,0,null,0,0,0
3508,0,null,0,0,0
3509,0,null,0,0,0
3510,0,null,0,0,0
3511,0,null,0,0,0
3512,0,null,0,0,0
3513,0,null,0,0,0
3514,0,null,0,0,0
3515,0,null,0,0,0
3516,0,null,0,0,0
3517,0,null,0,0,0
3518,0,null,0,0,0
3519,2064,e-,1,1,0
3520,0,null,0,0,0
3521,0,null,0,0,0
3522,0,null,0,0,0
3523,0,null,0,0,0
3524,0,null,0,0,0
3525,0,null,0,0,0
3526,0,null,0,0,0
3527,0,null,0,0,0
3528,0,null,0,0,0
3529,0,null,0,0,0
3530,131,secondary_proton,1,1,1
3531,0,null,0,0,0
3532,0,null,0,0,0
3533,0,null,0,0,0
3534,0,null,0,0,0
3535,0,null,0,0,0
3536,1,primary_proton,1,1,1
3537,0,null,0,0,0
3538,0,null,0,0,0
3539,0,null,0,0,0
3540,20,pi-,1,0,0
3541,0,null,0,0,0
3542,0,null,0,0,0
3543,1,primary_proton,1,1,1
3544,0,null,0,0,0
3545,0,null,0,0,0
3546,0,null,0,0,0
3547,0,null,0,0,0
3548,0,null,0,0,0
3549,0,null,0,0,0
3550,0,null,0,0,0
3551,0,null,0,0,0
3552,0,null,0,0,0
3553,0,null,0,0,0
3554,0,null,0,0,0
3555,0,null,0,0,0
3556,0,null,0,0,0
3557,221,pi-,1,1,1
3558,0,null,0,0,0
3559,0,null,0,0,0
3560,0,null,0,0,0
3561,0,null,0,0,0
3562,0,null,0,0,0
3563,0,null,0,0,0
3564,1665,secondary_proton,1,1,1
3565,0,null,0,0,0
3566,0,null,0,0,0
3567,0,null,0,0,0
3568,0,null,0,0,0
3569,0,null,0,0,0
3570,0,null,0,0,0
3571,0,null,0,0,0
3572,0,null,0,0,0
3573,0,null,0,0,0
3574,0,null,0,0,0
3575,0,null,0,0,0
3576,0,null,0,0,0
3577,667,pi-,0,0,1
3578,0,null,0,0,0
3579,0,null,0,0,0
3580,0,null,0,0,0
3581,0,null,0,0,0
3582,0,null,0,0,0
3583,0,null,0,0,0
3584,0,null,0,0,0
3585,0,null,0,0,0
3586,0,null,0,0,0
3587,0,null,0,0,0
3588,0,null,0,0,0
3589,0,null,0,0,0
3590,0,null,0,0,0
3591,0,null,0,0,0
3592,0,null,0,0,0
3593,0,null,0,0,0
3594,0,null,0,0,0
3595,0,null,0,0,0
3596,0,null,0,0,0
3597,0,null,0,0,0
3598,0,null,0,0,0
3599,0,null,0,0,0
3600,0,null,0,0,0
3601,0,null,0,0,0
3602,0,null,0,0,0
3603,0,null,0,0,0
3605,0,null,0,0,0
3606,0,null,0,0,0
3607,1,primary_proton,1,1,1
3608,0,null,0,0,0
3609,0,null,0,0,0
3610,0,null,0,0,0
3611,0,null,0,0,0
3612,0,null,0,0,0
3613,0,null,0,0,0
3614,0,null,0,0,0
3615,0,null,0,0,0
3616,0,null,0,0,0
3617,0,null,0,0,0
3618,0,null,0,0,0
3619,0,null,0,0,0
3620,0,null,0,0,0
3621,0,null,0,0,0
3622,0,null,0,0,0
3623,0,null,0,0,0
3624,0,null,0,0,0
3625,0,null,0,0,0
3626,0,null,0,0,0
3627,0,null,0,0,0
3628,0,null,0,0,0
3629,0,null,0,0,0
3630,0,null,0,0,0
3631,0,null,0,0,0
3632,0,null,0,0,0
3633,0,null,0,0,0
3634,0,null,0,0,0
3635,0,null,0,0,0
3636,0,null,0,0,0
3637,0,null,0,0,0
3638,0,null,0,0,0
3639,0,null,0,0,0
3640,0,null,0,0,0
3641,0,null,0,0,0
3642,0,null,0,0,0
3643,0,null,0,0,0
3644,0,null,0,0,0
3645,0,null,0,0,0
3646,0,null,0,0,0
3647,0,null,0,0,0
3648,6,secondary_proton,1,0,0
3649,0,null,0,0,0
3650,0,null,0,0,0
3651,0,null,0,0,0
3652,0,null,0,0,0
3653,0,null,0,0,0
3654,0,null,0,0,0
3655,0,null,0,0,0
3656,0,null,0,0,0
3657,0,null,0,0,0
3658,0,null,0,0,0
3659,0,null,0,0,0
3660,0,null,0,0,0
3661,396,pi-,1,1,1
3662,0,null,0,0,0
3663,0,null,0,0,0
3664,0,null,0,0,0
3665,0,null,0,0,0
3666,0,null,0,0,0
3667,251,pi+,1,1,0
3668,0,null,0,0,0
3669,0,null,0,0,0
3670,0,null,0,0,0
3671,0,null,0,0,0
3672,0,null,0,0,0
3673,0,null,0,0,0
3674,0,null,0,0,0
3675,0,null,0,0,0
3676,0,null,0,0,0
3677,0,null,0,0,0
3678,0,null,0,0,0
3679,0,null,0,0,0
3680,0,null,0,0,0
3681,1,primary_proton,1,1,1
3682,0,null,0,0,0
3683,0,null,0,0,0
3684,0,null,0,0,0
3685,0,null,0,0,0
3686,0,null,0,0,0
3687,0,null,0,0,0
3688,0,null,0,0,0
3689,0,null,0,0,0
3690,0,null,0,0,0
3691,0,null,0,0,0
3692,1,primary_proton,1,1,1
3693,0,null,0,0,0
3694,0,null,0,0,0
3695,7,secondary_proton,1,1,1
3696,0,null,0,0,0
3697,0,null,0,0,0
3698,0,null,0,0,0
3699,0,null,0,0,0
3700,0,null,0,0,0
3701,0,null,0,0,0
3702,0,null,0,0,0
3703,0,null,0,0,0
3704,0,null,0,0,0
3705,1,primary_proton,1,1,1
3706,1,primary_proton,1,1,1
3707,0,null,0,0,0
3708,0,null,0,0,0
3709,0,null,0,0,0
3710,0,null,0,0,0
3711,0,null,0,0,0
3712,0,null,0,0,0
3713,0,null,0,0,0
3714,0,null,0,0,0
3715,0,null,0,0,0
3716,0,null,0,0,0
3717,0,null,0,0,0
3718,0,null,0,0,0
3719,0,null,0,0,0
3720,0,null,0,0,0
3721,0,null,0,0,0
3722,0,null,0,0,0
3723,10,pi-,1,1,1
3724,0,null,0,0,0
3725,0,null,0,0,0
3726,0,null,0,0,0
3727,0,null,0,0,0
3728,0,null,0,0,0
3729,0,null,0,0,0
3730,0,null,0,0,0
3731,0,null,0,0,0
3732,0,null,0,0,0
3733,0,null,0,0,0
3734,0,null,0,0,0
3735,0,null,0,0,0
3736,0,null,0,0,0
3737,1,primary_proton,1,1,1
3738,1,primary_proton,1,1,1
3739,0,null,0,0,0
3740,0,null,0,0,0
3741,0,null,0,0,0
3742,0,null,0,0,0
3743,0,null,0,0,0
3744,1,primary_proton,1,1,1
3745,0,null,0,0,0
3746,0,null,0,0,0
3747,0,null,0,0,0
3748,0,null,0,0,0
3749,0,null,0,0,0
3750,11,pi-,1,1,1
3751,0,null,0,0,0
3752,0,null,0,0,0
3753,0,null,0,0,0
3754,0,null,0,0,0
3755,0,null,0,0,0
3756,0,null,0,0,0
3757,0,null,0,0,0
3758,1,primary_proton,1,1,1
3759,0,null,0,0,0
3760,0,null,0,0,0
3761,0,null,0,0,0
3762,0,null,0,0,0
3763,0,null,0,0,0
3764,0,null,0,0,0
3765,0,null,0,0,0
3766,0,null,0,0,0
3767,0,null,0,0,0
3768,0,null,0,0,0
3769,0,null,0,0,0
3770,0,null,0,0,0
3771,0,null,0,0,0
3772,0,null,0,0,0
3773,0,null,0,0,0
3774,0,null,0,0,0
3775,0,null,0,0,0
3776,0,null,0,0,0
3777,0,null,0,0,0
3778,0,null,0,0,0
3779,0,null,0,0,0
3780,0,null,0,0,0
3781,0,null,0,0,0
3782,0,null,0,0,0
3783,0,null,0,0,0
3784,0,null,0,0,0
3785,0,null,0,0,0
3786,0,null,0,0,0
3787,0,null,0,0,0
3788,0,null,0,0,0
3789,0,null,0,0,0
3790,0,null,0,0,0
3791,0,null,0,0,0
3792,0,null,0,0,0
3793,0,null,0,0,0
3794,0,null,0,0,0
3795,0,null,0,0,0
3796,0,null,0,0,0
3797,0,null,0,0,0
3798,0,null,0,0,0
3799,0,null,0,0,0
3800,0,null,0,0,0
3801,0,null,0,0,0
3802,0,null,0,0,0
3803,0,null,0,0,0
3804,0,null,0,0,0
3805,0,null,0,0,0
3806,0,null,0,0,0
3807,0,null,0,0,0
3808,0,null,0,0,0
3809,0,null,0,0,0
3810,3976,pi-,1,0,0
3811,0,null,0,0,0
3812,0,null,0,0,0
3813,0,null,0,0,0
3814,0,null,0,0,0
3815,0,null,0,0,0
3816,0,null,0,0,0
3817,5,secondary_proton,1,0,0
3818,0,null,0,0,0
3819,0,null,0,0,0
3820,0,null,0,0,0
3821,0,null,0,0,0
3822,0,null,0,0,0
3823,0,null,0,0,0
3825,0,null,0,0,0
3826,0,null,0,0,0
3827,0,null,0,0,0
3828,3735,secondary_proton,1,0,0
3829,0,null,0,0,0
3830,18,secondary_proton,1,1,1
3831,0,null,0,0,0
3832,0,null,0,0,0
3833,0,null,0,0,0
3834,0,null,0,0,0
3835,0,null,0,0,0
3836,0,null,0,0,0
3837,0,null,0,0,0
3838,0,null,0,0,0
3839,0,null,0,0,0
3840,0,null,0,0,0
3841,0,null,0,0,0
3842,0,null,0,0,0
3843,0,null,0,0,0
3844,0,null,0,0,0
3845,0,null,0,0,0
3846,0,null,0,0,0
3847,0,null,0,0,0
3848,0,null,0,0,0
3849,0,null,0,0,0
3850,0,null,0,0,0
3851,0,null,0,0,0
3852,0,null,0,0,0
3853,0,null,0,0,0
3854,0,null,0,0,0
3855,0,null,0,0,0
3856,4,secondary_proton,1,1,1
3857,0,null,0,0,0
3858,0,null,0,0,0
3859,0,null,0,0,0
3860,0,null,0,0,0
3861,0,null,0,0,0
3862,1,primary_proton,1,1,1
3863,0,null,0,0,0
3864,0,null,0,0,0
3865,0,null,0,0,0
3866,0,null,0,0,0
3867,0,null,0,0,0
3868,0,null,0,0,0
3869,0,null,0,0,0
3870,0,null,0,0,0
3871,0,null,0,0,0
3872,0,null,0,0,0
3873,0,null,0,0,0
3874,0,null,0,0,0
3875,0,null,0,0,0
3876,0,null,0,0,0
3877,0,null,0,0,0
3878,0,null,0,0,0
3879,0,null,0,0,0
3880,0,null,0,0,0
3881,0,null,0,0,0
3882,0,null,0,0,0
3883,0,null,0,0,0
3884,0,null,0,0,0
3885,0,null,0,0,0
3886,0,null,0,0,0
3887,0,null,0,0,0
3888,0,null,0,0,0
3889,0,null,0,0,0
3890,0,null,0,0,0
3891,1,primary_proton,1,1,1
3892,0,null,0,0,0
3893,0,null,0,0,0
3894,0,null,0,0,0
3895,1,primary_proton,1,1,1
3896,0,null,0,0,0
3897,0,null,0,0,0
3898,0,null,0,0,0
3899,0,null,0,0,0
3900,0,null,0,0,0
3901,0,null,0,0,0
3902,0,null,0,0,0
3903,0,null,0,0,0
3904,0,null,0,0,0
3905,0,null,0,0,0
3906,0,null,0,0,0
3907,0,null,0,0,0
3908,1,primary_proton,1,1,1
3909,0,null,0,0,0
3910,0,null,0,0,0
3911,0,null,0,0,0
3912,0,null,0,0,0
3913,0,null,0,0,0
3914,0,null,0,0,0
3915,0,null,0,0,0
3916,0,null,0,0,0
3917,0,null,0,0,0
3918,0,null,0,0,0
3919,0,null,0,0,0
3920,0,null,0,0,0
3921,0,null,0,0,0
3922,0,null,0,0,0
3923,0,null,0,0,0
3924,0,null,0,0,0
3925,0,null,0,0,0
3926,0,null,0,0,0
3927,0,null,0,0,0
3928,0,null,0,0,0
3929,0,null,0,0,0
3930,0,null,0,0,0
3931,0,null,0,0,0
3932,0,null,0,0,0
3933,0,null,0,0,0
3934,1,primary_proton,1,1,1
3935,0,null,0,0,0
3936,2043,e-,1,1,1
3937,0,null,0,0,0
3938,0,null,0,0,0
3939,0,null,0,0,0
3940,12,pi-,1,1,1
3941,0,null,0,0,0
3942,0,null,0,0,0
3943,0,null,0,0,0
3944,0,null,0,0,0
3945,0,null,0,0,0
3946,0,null,0,0,0
3947,1,primary_proton,1,1,1
3948,0,null,0,0,0
3949,0,null,0,0,0
3950,0,null,0,0,0
3951,0,null,0,0,0
3952,0,null,0,0,0
3953,0,null,0,0,0
3954,0,null,0,0,0
3955,0,null,0,0,0
3956,0,null,0,0,0
3957,0,null,0,0,0
3958,0,null,0,0,0
3959,0,null,0,0,0
3960,0,null,0,0,0
3961,0,null,0,0,0
3962,6521,e-,1,0,0
3963,0,null,0,0,0
3964,0,null,0,0,0
3965,0,null,0,0,0
3966,0,null,0,0,0
3967,0,null,0,0,0
3968,7,pi-,1,0,0
3969,0,null,0,0,0
3970,0,null,0,0,0
3971,0,null,0,0,0
3972,0,null,0,0,0
3973,0,null,0,0,0
3974,1,primary_proton,1,1,1
3975,0,null,0,0,0
3976,11,pi-,1,1,1
3977,0,null,0,0,0
3978,0,null,0,0,0
3979,0,null,0,0,0
3980,0,null,0,0,0
3981,0,null,0,0,0
3982,7,pi+,1,1,0
3983,0,null,0,0,0
3984,0,null,0,0,0
3985,0,null,0,0,0
3986,0,null,0,0,0
3987,0,null,0,0,0
3988,0,null,0,0,0
3989,0,null,0,0,0
3990,0,null,0,0,0
3991,0,null,0,0,0
3992,0,null,0,0,0
3993,0,null,0,0,0
3994,0,null,0,0,0
3995,0,null,0,0,0
3996,0,null,0,0,0
3997,0,null,0,0,0
3998,0,null,0,0,0
3999,0,null,0,0,0
4000,0,null,0,0,0
4001,0,null,0,0,0
4002,0,null,0,0,0
4003,0,null,0,0,0
4004,0,null,0,0,0
4005,0,null,0,0,0
4006,0,null,0,0,0
4007,0,null,0,0,0
4008,0,null,0,0,0
4009,0,null,0,0,0
4010,0,null,0,0,0
4011,0,null,0,0,0
4012,0,null,0,0,0
4013,0,null,0,0,0
4014,0,null,0,0,0
4015,0,null,0,0,0
4016,0,null,0,0,0
4017,1,primary_proton,1,1,1
4018,0,null,0,0,0
4019,0,null,0,0,0
4020,0,null,0,0,0
4021,0,null,0,0,0
4022,0,null,0,0,0
4023,0,null,0,0,0
4024,0,null,0,0,0
4025,0,null,0,0,0
4026,1,primary_proton,1,1,1
4027,0,null,0,0,0
4028,0,null,0,0,0
4029,0,null,0,0,0
4030,108,pi-,1,1,0
4031,0,null,0,0,0
4032,0,null,0,0,0
4033,0,null,0,0,0
4034,0,null,0,0,0
4035,0,null,0,0,0
4036,0,null,0,0,0
4037,0,null,0,0,0
4038,0,null,0,0,0
4039,0,null,0,0,0
4040,0,null,0,0,0
4041,0,null,0,0,0
4042,0,null,0,0,0
4043,0,null,0,0,0
4045,0,null,0,0,0
4046,0,null,0,0,0
4047,0,null,0,0,0
4048,0,null,0,0,0
4049,0,null,0,0,0
4050,43,secondary_proton,1,1,1
4051,0,null,0,0,0
4052,0,null,0,0,0
4053,0,null,0,0,0
4054,0,null,0,0,0
4055,0,null,0,0,0
4056,0,null,0,0,0
4057,0,null,0,0,0
4058,0,null,0,0,0
4059,18,secondary_proton,1,1,0
4060,12,secondary_proton,1,1,1
4061,0,null,0,0,0
4062,0,null,0,0,0
4063,0,null,0,0,0
4064,0,null,0,0,0
4065,0,null,0,0,0
4066,0,null,0,0,0
4067,0,null,0,0,0
4068,1,primary_proton,1,1,1
4069,0,null,0,0,0
4070,0,null,0,0,0
4071,0,null,0,0,0
4072,0,null,0,0,0
4073,0,null,0,0,0
4074,0,null,0,0,0
4075,0,null,0,0,0
4076,0,null,0,0,0
4077,0,null,0,0,0
4078,0,null,0,0,0
4079,0,null,0,0,0
4080,0,null,0,0,0
4081,0,null,0,0,0
4082,0,null,0,0,0
4083,0,null,0,0,0
4084,0,null,0,0,0
4085,0,null,0,0,0
4086,0,null,0,0,0
4087,0,null,0,0,0
4088,0,null,0,0,0
4089,0,null,0,0,0
4090,0,null,0,0,0
4091,0,null,0,0,0
4092,0,null,0,0,0
4093,0,null,0,0,0
4094,0,null,0,0,0
4095,0,null,0,0,0
4096,0,null,0,0,0
4097,11,pi+,1,1,1
4098,0,null,0,0,0
4099,0,null,0,0,0
4100,1,primary_proton,1,1,1
4101,0,null,0,0,0
4102,0,null,0,0,0
4103,0,null,0,0,0
4104,0,null,0,0,0
4105,0,null,0,0,0
4106,0,null,0,0,0
4107,0,null,0,0,0
4108,0,null,0,0,0
4109,0,null,0,0,0
4110,0,null,0,0,0
4111,0,null,0,0,0
4112,0,null,0,0,0
4113,0,null,0,0,0
4114,0,null,0,0,0
4115,0,null,0,0,0
4116,0,null,0,0,0
4117,1,primary_proton,1,1,1
4118,0,null,0,0,0
4119,0,null,0,0,0
4120,0,null,0,0,0
4121,0,null,0,0,0
4122,0,null,0,0,0
4123,0,null,0,0,0
4124,0,null,0,0,0
4125,0,null,0,0,0
4126,0,null,0,0,0
4127,0,null,0,0,0
4128,0,null,0,0,0
4129,0,null,0,0,0
4130,0,null,0,0,0
4131,0,null,0,0,0
4132,0,null,0,0,0
4133,0,null,0,0,0
4134,0,null,0,0,0
4135,0,null,0,0,0
4136,0,null,0,0,0
4137,0,null,0,0,0
4138,1,primary_proton,1,1,1
4139,0,null,0,0,0
4140,0,null,0,0,0
4141,110,pi+,1,1,1
4142,0,null,0,0,0
4143,0,null,0,0,0
4144,0,null,0,0,0
4145,0,null,0,0,0
4146,0,null,0,0,0
4147,0,null,0,0,0
4148,838,e-,1,0,0
4149,0,null,0,0,0
4150,0,null,0,0,0
4151,0,null,0,0,0
4152,0,null,0,0,0
4153,0,null,0,0,0
4154,0,null,0,0,0
4155,0,null,0,0,0
4156,0,null,0,0,0
4157,0,null,0,0,0
4158,0,null,0,0,0
4159,0,null,0,0,0
4160,0,null,0,0,0
4161,0,null,0,0,0
4162,0,null,0,0,0
4163,0,null,0,0,0
4164,0,null,0,0,0
4165,0,null,0,0,0
4166,0,null,0,0,0
4167,0,null,0,0,0
4168,0,null,0,0,0
4169,0,null,0,0,0
4170,0,null,0,0,0
4171,0,null,0,0,0
4172,0,null,0,0,0
4173,0,null,0,0,0
4174,0,null,0,0,0
4175,0,null,0,0,0
4176,0,null,0,0,0
4177,0,null,0,0,0
4178,0,null,0,0,0
4179,17,pi-,1,1,1
4180,0,null,0,0,0
4181,0,null,0,0,0
4182,0,null,0,0,0
4183,0,null,0,0,0
4184,0,null,0,0,0
4185,0,null,0,0,0
4186,0,null,0,0,0
4187,0,null,0,0,0
4188,1,primary_proton,1,1,1
4189,0,null,0,0,0
4190,0,null,0,0,0
4191,0,null,0,0,0
4192,0,null,0,0,0
4193,0,null,0,0,0
4194,0,null,0,0,0
4195,0,null,0,0,0
4196,0,null,0,0,0
4197,0,null,0,0,0
4198,0,null,0,0,0
4199,0,null,0,0,0
4200,0,null,0,0,0
4201,0,null,0,0,0
4202,0,null,0,0,0
4203,0,null,0,0,0
4204,0,null,0,0,0
4205,0,null,0,0,0
4206,0,null,0,0,0
4207,0,null,0,0,0
4208,0,null,0,0,0
4209,1,primary_proton,1,1,1
4210,0,null,0,0,0
4211,0,null,0,0,0
4212,0,null,0,0,0
4213,0,null,0,0,0
4214,0,null,0,0,0
4215,0,null,0,0,0
4216,1,primary_proton,1,1,1
4217,0,null,0,0,0
4218,0,null,0,0,0
4219,0,null,0,0,0
4220,0,null,0,0,0
4221,0,null,0,0,0
4222,0,null,0,0,0
4223,0,null,0,0,0
4224,0,null,0,0,0
4225,0,null,0,0,0
4226,0,null,0,0,0
4227,0,null,0,0,0
4228,0,null,0,0,0
4229,0,null,0,0,0
4230,0,null,0,0,0
4231,1,primary_proton,1,1,1
4232,0,null,0,0,0
4233,0,null,0,0,0
4234,0,null,0,0,0
4235,1,primary_proton,1,1,1
4236,0,null,0,0,0
4237,0,null,0,0,0
4238,0,null,0,0,0
4239,0,null,0,0,0
4240,0,null,0,0,0
4241,0,null,0,0,0
4242,0,null,0,0,0
4243,0,null,0,0,0
4244,0,null,0,0,0
4245,0,null,0,0,0
4246,0,null,0,0,0
4247,0,null,0,0,0
4248,0,null,0,0,0
4249,0,null,0,0,0
4250,0,null,0,0,0
4251,0,null,0,0,0
4252,0,null,0,0,0
4253,0,null,0,0,0
4254,1,primary_proton,1,1,1
4255,1,primary_proton,1,1,1
4256,0,null,0,0,0
4257,0,null,0,0,0
4258,0,null,0,0,0
4259,4,secondary_proton,1,1,1
4260,0,null,0,0,0
4261,25,pi-,1,1,1
4262,0,null,0,0,0
4264,0,null,0,0,0
4265,0,null,0,0,0
4266,0,null,0,0,0
4267,0,null,0,0,0
4268,0,null,0,0,0
4269,0,null,0,0,0
4270,0,null,0,0,0
4271,0,null,0,0,0
4272,0,null,0,0,0
4273,1613,e-,1,0,1
4274,0,null,0,0,0
4275,0,null,0,0,0
4276,0,null,0,0,0
4277,0,null,0,0,0
4278,0,null,0,0,0
4279,0,null,0,0,0
4280,0,null,0,0,0
4281,0,null,0,0,0
4282,0,null,0,0,0
4283,0,null,0,0,0
4284,0,null,0,0,0
4285,0,null,0,0,0
4286,0,null,0,0,0
4287,0,null,0,0,0
4288,0,null,0,0,0
4289,0,null,0,0,0
4290,0,null,0,0,0
4291,0,null,0,0,0
4292,0,null,0,0,0
4293,1,primary_proton,1,1,1
4294,0,null,0,0,0
4295,0,null,0,0,0
4296,0,null,0,0,0
4297,0,null,0,0,0
4298,0,null,0,0,0
4299,0,null,0,0,0
4300,0,null,0,0,0
4301,0,null,0,0,0
4302,0,null,0,0,0
4303,0,null,0,0,0
4304,0,null,0,0,0
4305,0,null,0,0,0
4306,0,null,0,0,0
4307,0,null,0,0,0
4308,0,null,0,0,0
4309,0,null,0,0,0
4310,0,null,0,0,0
4311,0,null,0,0,0
4312,0,null,0,0,0
4313,0,null,0,0,0
4314,0,null,0,0,0
4315,0,null,0,0,0
4316,0,null,0,0,0
4317,0,null,0,0,0
4318,0,null,0,0,0
4319,0,null,0,0,0
4320,0,null,0,0,0
4321,0,null,0,0,0
4322,0,null,0,0,0
4323,0,null,0,0,0
4324,0,null,0,0,0
4325,0,null,0,0,0
4326,6,pi+,1,1,0
4327,0,null,0,0,0
4328,0,null,0,0,0
4329,0,null,0,0,0
4330,8,secondary_proton,1,1,1
4331,0,null,0,0,0
4332,0,null,0,0,0
4333,0,null,0,0,0
4334,0,null,0,0,0
4335,0,null,0,0,0
4336,0,null,0,0,0
4337,0,null,0,0,0
4338,0,null,0,0,0
4339,0,null,0,0,0
4340,0,null,0,0,0
4341,0,null,0,0,0
4342,0,null,0,0,0
4343,0,null,0,0,0
4344,0,null,0,0,0
4345,0,null,0,0,0
4346,0,null,0,0,0
4347,0,null,0,0,0
4348,0,null,0,0,0
4349,0,null,0,0,0
4350,0,null,0,0,0
4351,0,null,0,0,0
4352,0,null,0,0,0
4353,0,null,0,0,0
4354,0,null,0,0,0
4355,0,null,0,0,0
4356,0,null,0,0,0
4357,0,null,0,0,0
4358,0,null,0,0,0
4359,0,null,0,0,0
4360,0,null,0,0,0
4361,0,null,0,0,0
4362,0,null,0,0,0
4363,0,null,0,0,0
4364,0,null,0,0,0
4365,0,null,0,0,0
4366,0,null,0,0,0
4367,0,null,0,0,0
4368,0,null,0,0,0
4369,0,null,0,0,0
4370,1,primary_proton,1,1,1
4371,0,null,0,0,0
4372,0,null,0,0,0
4373,0,null,0,0,0
4374,0,null,0,0,0
4375,0,null,0,0,0
4376,0,null,0,0,0
4377,0,null,0,0,0
4378,0,null,0,0,0
4379,0,null,0,0,0
4380,1,primary_proton,1,1,1
4381,0,null,0,0,0
4382,0,null,0,0,0
4383,0,null,0,0,0
4384,0,null,0,0,0
4385,0,null,0,0,0
4386,0,null,0,0,0
4387,0,null,0,0,0
4388,0,null,0,0,0
4389,0,null,0,0,0
4390,0,null,0,0,0
4391,0,null,0,0,0
4392,1,primary_proton,1,1,1
4393,0,null,0,0,0
4394,0,null,0,0,0
4395,0,null,0,0,0
4396,0,null,0,0,0
4397,0,null,0,0,0
4398,8,secondary_proton,1,1,0
4399,0,null,0,0,0
4400,0,null,0,0,0
4401,0,null,0,0,0
4402,0,null,0,0,0
4403,0,null,0,0,0
4404,0,null,0,0,0
4405,0,null,0,0,0
4406,0,null,0,0,0
4407,0,null,0,0,0
4408,0,null,0,0,0
4409,0,null,0,0,0
4410,0,null,0,0,0
4411,0,null,0,0,0
4412,0,null,0,0,0
4413,0,null,0,0,0
4414,0,null,0,0,0
4415,0,null,0,0,0
4416,0,null,0,0,0
4417,0,null,0,0,0
4418,0,null,0,0,0
4419,0,null,0,0,0
4420,0,null,0,0,0
4421,0,null,0,0,0
4422,0,null,0,0,0
4423,0,null,0,0,0
4424,0,null,0,0,0
4425,0,null,0,0,0
4426,0,null,0,0,0
4427,0,null,0,0,0
4428,0,null,0,0,0
4429,0,null,0,0,0
4430,0,null,0,0,0
4431,0,null,0,0,0
4432,0,null,0,0,0
4433,0,null,0,0,0
4434,1,primary_proton,1,1,1
4435,0,null,0,0,0
4436,0,null,0,0,0
4437,0,null,0,0,0
4438,0,null,0,0,0
4439,0,null,0,0,0
4440,0,null,0,0,0
4441,0,null,0,0,0
4442,0,null,0,0,0
4443,0,null,0,0,0
4444,0,null,0,0,0
4445,0,null,0,0,0
4446,0,null,0,0,0
4447,0,null,0,0,0
4448,0,null,0,0,0
4449,0,null,0,0,0
4450,0,null,0,0,0
4451,0,null,0,0,0
4452,0,null,0,0,0
4453,0,null,0,0,0
4454,0,null,0,0,0
4455,0,null,0,0,0
4456,0,null,0,0,0
4457,0,null,0,0,0
4458,0,null,0,0,0
4459,0,null,0,0,0
4460,0,null,0,0,0
4461,0,null,0,0,0
4462,0,null,0,0,0
4463,0,null,0,0,0
4464,7,secondary_proton,1,1,1
4465,0,null,0,0,0
4466,0,null,0,0,0
4467,0,null,0,0,0
4468,0,null,0,0,0
4469,0,null,0,0,0
4470,0,null,0,0,0
4471,0,null,0,0,0
4472,0,null,0,0,0
4473,0,null,0,0,0
4474,0,null,0,0,0
4475,0,null,0,0,0
4476,0,null,0,0,0
4477,0,null,0,0,0
4478,0,null,0,0,0
4479,0,null,0,0,0
4480,0,null,0,0,0
4481,0,null,0,0,0
4482,0,null,0,0,0
4483,1,primary_proton,1,1,1
4484,0,null,0,0,0
4486,0,null,0,0,0
4487,0,null,0,0,0
4488,0,null,0,0,0
4489,0,null,0,0,0
4490,0,null,0,0,0
4491,5,pi+,1,0,0
4492,0,null,0,0,0
4493,0,null,0,0,0
4494,0,null,0,0,0
4495,8,pi+,1,0,0
4496,0,null,0,0,0
4497,0,null,0,0,0
4498,1,primary_proton,1,1,1
4499,0,null,0,0,0
4500,0,null,0,0,0
4501,0,null,0,0,0
4502,0,null,0,0,0
4503,0,null,0,0,0
4504,0,null,0,0,0
4505,0,null,0,0,0
4506,0,null,0,0,0
4507,0,null,0,0,0
4508,0,null,0,0,0
4509,0,null,0,0,0
4510,0,null,0,0,0
4511,0,null,0,0,0
4512,0,null,0,0,0
4513,0,null,0,0,0
4514,5,secondary_proton,1,1,0
4515,0,null,0,0,0
4516,0,null,0,0,0
4517,0,null,0,0,0
4518,0,null,0,0,0
4519,0,null,0,0,0
4520,0,null,0,0,0
4521,0,null,0,0,0
4522,6,pi+,1,1,1
4523,0,null,0,0,0
4524,0,null,0,0,0
4525,0,null,0,0,0
4526,0,null,0,0,0
4527,0,null,0,0,0
4528,956,secondary_proton,1,1,1
4529,0,null,0,0,0
4530,0,null,0,0,0
4531,0,null,0,0,0
4532,0,null,0,0,0
4533,0,null,0,0,0
4534,0,null,0,0,0
4535,0,null,0,0,0
4536,0,null,0,0,0
4537,0,null,0,0,0
4538,0,null,0,0,0
4539,0,null,0,0,0
4540,0,null,0,0,0
4541,0,null,0,0,0
4542,0,null,0,0,0
4543,0,null,0,0,0
4544,0,null,0,0,0
4545,0,null,0,0,0
4546,0,null,0,0,0
4547,0,null,0,0,0
4548,0,null,0,0,0
4549,0,null,0,0,0
4550,0,null,0,0,0
4551,0,null,0,0,0
4552,0,null,0,0,0
4553,0,null,0,0,0
4554,0,null,0,0,0
4555,0,null,0,0,0
4556,0,null,0,0,0
4557,0,null,0,0,0
4558,0,null,0,0,0
4559,0,null,0,0,0
4560,0,null,0,0,0
4561,0,null,0,0,0
4562,0,null,0,0,0
4563,0,null,0,0,0
4564,1,primary_proton,1,1,1
4565,1,primary_proton,1,1,1
4566,0,null,0,0,0
4567,0,null,0,0,0
4568,0,null,0,0,0
4569,0,null,0,0,0
4570,0,null,0,0,0
4571,1,primary_proton,1,1,1
4572,0,null,0,0,0
4573,0,null,0,0,0
4574,0,null,0,0,0
4575,0,null,0,0,0
4576,1,primary_proton,1,1,1
4577,0,null,0,0,0
4578,0,null,0,0,0
4579,0,null,0,0,0
4580,0,null,0,0,0
4581,0,null,0,0,0
4582,0,null,0,0,0
4583,0,null,0,0,0
4584,0,null,0,0,0
4585,0,null,0,0,0
4586,0,null,0,0,0
4587,0,null,0,0,0
4588,0,null,0,0,0
4589,0,null,0,0,0
4590,0,null,0,0,0
4591,1,primary_proton,1,1,1
4592,0,null,0,0,0
4593,0,null,0,0,0
4594,0,null,0,0,0
4595,0,null,0,0,0
4596,0,null,0,0,0
4597,0,null,0,0,0
4598,0,null,0,0,0
4599,0,null,0,0,0
4600,0,null,0,0,0
4601,0,null,0,0,0
4602,0,null,0,0,0
4603,0,null,0,0,0
4604,0,null,0,0,0
4605,0,null,0,0,0
4606,0,null,0,0,0
4607,0,null,0,0,0
4608,0,null,0,0,0
4609,0,null,0,0,0
4610,0,null,0,0,0
4611,0,null,0,0,0
4612,9,pi-,1,1,1
4613,0,null,0,0,0
4614,0,null,0,0,0
4615,0,null,0,0,0
4616,0,null,0,0,0
4617,0,null,0,0,0
4618,0,null,0,0,0
4619,0,null,0,0,0
4620,0,null,0,0,0
4621,0,null,0,0,0
4622,0,null,0,0,0
4623,0,null,0,0,0
4624,0,null,0,0,0
4625,0,null,0,0,0
4626,0,null,0,0,0
4627,0,null,0,0,0
4628,0,null,0,0,0
4629,0,null,0,0,0
4630,0,null,0,0,0
4631,0,null,0,0,0
4632,0,null,0,0,0
4633,0,null,0,0,0
4634,0,null,0,0,0
4635,0,null,0,0,0
4636,0,null,0,0,0
4637,0,null,0,0,0
4638,0,null,0,0,0
4639,0,null,0,0,0
4640,0,null,0,0,0
4641,0,null,0,0,0
4642,0,null,0,0,0
4643,0,null,0,0,0
4644,0,null,0,0,0
4645,0,null,0,0,0
4646,0,null,0,0,0
4647,9,pi-,1,1,0
4648,1,primary_proton,1,1,1
4649,0,null,0,0,0
4650,0,null,0,0,0
4651,0,null,0,0,0
4652,0,null,0,0,0
4653,0,null,0,0,0
4654,0,null,0,0,0
4655,0,null,0,0,0
4656,0,null,0,0,0
4657,0,null,0,0,0
4658,0,null,0,0,0
4659,0,null,0,0,0
4660,0,null,0,0,0
4661,0,null,0,0,0
4662,0,null,0,0,0
4663,0,null,0,0,0
4664,0,null,0,0,0
4665,0,null,0,0,0
4666,0,null,0,0,0
4667,0,null,0,0,0
4668,0,null,0,0,0
4669,0,null,0,0,0
4670,0,null,0,0,0
4671,0,null,0,0,0
4672,0,null,0,0,0
4673,0,null,0,0,0
4674,0,null,0,0,0
4675,0,null,0,0,0
4676,0,null,0,0,0
4677,0,null,0,0,0
4678,0,null,0,0,0
4679,0,null,0,0,0
4680,0,null,0,0,0
4681,0,null,0,0,0
4682,0,null,0,0,0
4683,0,null,0,0,0
4684,0,null,0,0,0
4685,0,null,0,0,0
4686,0,null,0,0,0
4687,0,null,0,0,0
4688,0,null,0,0,0
4689,0,null,0,0,0
4690,0,null,0,0,0
4691,0,null,0,0,0
4692,0,null,0,0,0
4693,0,null,0,0,0
4694,0,null,0,0,0
4695,0,null,0,0,0
4696,0,null,0,0,0
4697,110,pi-,1,1,1
4698,1,primary_proton,1,1,1
4699,0,null,0,0,0
4700,0,null,0,0,0
4701,5,secondary_proton,1,1,1
4702,0,null,0,0,0
4703,1686,secondary_proton,1,0,0
4704,0,null,0,0,0
4706,0,null,0,0,0
4707,0,null,0,0,0
4708,0,null,0,0,0
4709,0,null,0,0,0
4710,0,null,0,0,0
4711,0,null,0,0,0
4712,0,null,0,0,0
4713,0,null,0,0,0
4714,0,null,0,0,0
4715,0,null,0,0,0
4716,0,null,0,0,0
4717,0,null,0,0,0
4718,0,null,0,0,0
4719,0,null,0,0,0
4720,0,null,0,0,0
4721,0,null,0,0,0
4722,0,null,0,0,0
4723,0,null,0,0,0
4724,0,null,0,0,0
4725,0,null,0,0,0
4726,0,null,0,0,0
4727,10,pi+,1,1,1
4728,0,null,0,0,0
4729,0,null,0,0,0
4730,0,null,0,0,0
4731,0,null,0,0,0
4732,0,null,0,0,0
4733,0,null,0,0,0
4734,0,null,0,0,0
4735,161,e-,1,1,1
4736,0,null,0,0,0
4737,0,null,0,0,0
4738,18,pi-,1,1,1
4739,0,null,0,0,0
4740,0,null,0,0,0
4741,0,null,0,0,0
4742,0,null,0,0,0
4743,0,null,0,0,0
4744,0,null,0,0,0
4745,0,null,0,0,0
4746,0,null,0,0,0
4747,1,primary_proton,1,1,1
4748,0,null,0,0,0
4749,0,null,0,0,0
4750,0,null,0,0,0
4751,0,null,0,0,0
4752,0,null,0,0,0
4753,0,null,0,0,0
4754,0,null,0,0,0
4755,0,null,0,0,0
4756,0,null,0,0,0
4757,0,null,0,0,0
4758,0,null,0,0,0
4759,205,secondary_proton,1,1,1
4760,0,null,0,0,0
4761,0,null,0,0,0
4762,0,null,0,0,0
4763,0,null,0,0,0
4764,0,null,0,0,0
4765,0,null,0,0,0
4766,0,null,0,0,0
4767,0,null,0,0,0
4768,0,null,0,0,0
4769,0,null,0,0,0
4770,0,null,0,0,0
4771,0,null,0,0,0
4772,0,null,0,0,0
4773,0,null,0,0,0
4774,0,null,0,0,0
4775,0,null,0,0,0
4776,0,null,0,0,0
4777,0,null,0,0,0
4778,0,null,0,0,0
4779,9,pi-,1,1,1
4780,0,null,0,0,0
4781,0,null,0,0,0
4782,0,null,0,0,0
4783,0,null,0,0,0
4784,0,null,0,0,0
4785,0,null,0,0,0
4786,0,null,0,0,0
4787,0,null,0,0,0
4788,0,null,0,0,0
4789,0,null,0,0,0
4790,0,null,0,0,0
4791,0,null,0,0,0
4792,0,null,0,0,0
4793,0,null,0,0,0
4794,0,null,0,0,0
4795,0,null,0,0,0
4796,0,null,0,0,0
4797,0,null,0,0,0
4798,0,null,0,0,0
4799,0,null,0,0,0
4800,0,null,0,0,0
4801,0,null,0,0,0
4802,0,null,0,0,0
4803,0,null,0,0,0
4804,0,null,0,0,0
4805,0,null,0,0,0
4806,0,null,0,0,0
4807,0,null,0,0,0
4808,0,null,0,0,0
4809,0,null,0,0,0
4810,1,primary_proton,1,1,1
4811,0,null,0,0,0
4812,0,null,0,0,0
4813,9,secondary_proton,1,0,0
4814,0,null,0,0,0
4815,0,null,0,0,0
4816,0,null,0,0,0
4817,0,null,0,0,0
4818,0,null,0,0,0
4819,0,null,0,0,0
4820,0,null,0,0,0
4821,0,null,0,0,0
4822,0,null,0,0,0
4823,0,null,0,0,0
4824,0,null,0,0,0
4825,0,null,0,0,0
4826,0,null,0,0,0
4827,0,null,0,0,0
4828,0,null,0,0,0
4829,0,null,0,0,0
4830,0,null,0,0,0
4831,0,null,0,0,0
4832,0,null,0,0,0
4833,0,null,0,0,0
4834,0,null,0,0,0
4835,0,null,0,0,0
4836,0,null,0,0,0
4837,0,null,0,0,0
4838,0,null,0,0,0
4839,0,null,0,0,0
4840,0,null,0,0,0
4841,0,null,0,0,0
4842,0,null,0,0,0
4843,0,null,0,0,0
4844,0,null,0,0,0
4845,0,null,0,0,0
4846,0,null,0,0,0
4847,0,null,0,0,0
4848,1,primary_proton,1,1,1
4849,0,null,0,0,0
4850,0,null,0,0,0
4851,0,null,0,0,0
4852,0,null,0,0,0
4853,0,null,0,0,0
4854,0,null,0,0,0
4855,0,null,0,0,0
4856,0,null,0,0,0
4857,0,null,0,0,0
4858,0,null,0,0,0
4859,0,null,0,0,0
4860,0,null,0,0,0
4861,0,null,0,0,0
4862,0,null,0,0,0
4863,0,null,0,0,0
4864,0,null,0,0,0
4865,0,null,0,0,0
4866,0,null,0,0,0
4867,0,null,0,0,0
4868,0,null,0,0,0
4869,0,null,0,0,0
4870,0,null,0,0,0
4871,0,null,0,0,0
4872,0,null,0,0,0
4873,0,null,0,0,0
4874,0,null,0,0,0
4875,0,null,0,0,0
4876,0,null,0,0,0
4877,0,null,0,0,0
4878,0,null,0,0,0
4879,0,null,0,0,0
4880,0,null,0,0,0
4881,0,null,0,0,0
4882,1,primary_proton,1,1,1
4883,0,null,0,0,0
4884,0,null,0,0,0
4885,0,null,0,0,0
4886,0,null,0,0,0
4887,0,null,0,0,0
4888,0,null,0,0,0
4889,9,secondary_proton,1,1,1
4890,0,null,0,0,0
4891,0,null,0,0,0
4892,0,null,0,0,0
4893,0,null,0,0,0
4894,0,null,0,0,0
4895,0,null,0,0,0
4896,0,null,0,0,0
4897,0,null,0,0,0
4898,0,null,0,0,0
4899,0,null,0,0,0
4900,0,null,0,0,0
4901,7,secondary_proton,1,1,1
4902,0,null,0,0,0
4903,0,null,0,0,0
4904,0,null,0,0,0
4905,0,null,0,0,0
4906,0,null,0,0,0
4907,0,null,0,0,0
4908,0,null,0,0,0
4909,0,null,0,0,0
4910,0,null,0,0,0
4911,0,null,0,0,0
4912,0,null,0,0,0
4913,0,null,0,0,0
4914,0,null,0,0,0
4915,0,null,0,0,0
4916,0,null,0,0,0
4917,0,null,0,0,0
4918,0,null,0,0,0
4919,2,secondary_proton,1,1,1
4920,0,null,0,0,0
4921,0,null,0,0,0
4922,5,secondary_proton,1,1,1
4923,0,null,0,0,0
4924,9,pi-,1,1,0
4925,0,null,0,0,0
4927,0,null,0,0,0
4928,0,null,0,0,0
4929,0,null,0,0,0
4930,0,null,0,0,0
4931,0,null,0,0,0
4932,0,null,0,0,0
4933,0,null,0,0,0
4934,0,null,0,0,0
4935,0,null,0,0,0
4936,0,null,0,0,0
4937,0,null,0,0,0
4938,0,null,0,0,0
4939,0,null,0,0,0
4940,0,null,0,0,0
4941,0,null,0,0,0
4942,0,null,0,0,0
4943,0,null,0,0,0
4944,0,null,0,0,0
4945,1,primary_proton,1,1,1
4946,0,null,0,0,0
4947,0,null,0,0,0
4948,0,null,0,0,0
4949,0,null,0,0,0
4950,0,null,0,0,0
4951,0,null,0,0,0
4952,0,null,0,0,0
4953,0,null,0,0,0
4954,0,null,0,0,0
4955,0,null,0,0,0
4956,0,null,0,0,0
4957,0,null,0,0,0
4958,0,null,0,0,0
4959,0,null,0,0,0
4960,0,null,0,0,0
4961,0,null,0,0,0
4962,0,null,0,0,0
4963,0,null,0,0,0
4964,0,null,0,0,0
4965,0,null,0,0,0
4966,0,null,0,0,0
4967,0,null,0,0,0
4968,0,null,0,0,0
4969,0,null,0,0,0
4970,0,null,0,0,0
4971,0,null,0,0,0
4972,0,null,0,0,0
4973,0,null,0,0,0
4974,0,null,0,0,0
4975,0,null,0,0,0
4976,0,null,0,0,0
4977,0,null,0,0,0
4978,0,null,0,0,0
4979,0,null,0,0,0
4980,0,null,0,0,0
4981,0,null,0,0,0
4982,0,null,0,0,0
4983,0,null,0,0,0
4984,1,primary_proton,1,1,1
4985,0,null,0,0,0
4986,0,null,0,0,0
4987,0,null,0,0,0
4988,0,null,0,0,0
4989,0,null,0,0,0
4990,0,null,0,0,0
4991,0,null,0,0,0
4992,0,null,0,0,0
4993,0,null,0,0,0
4994,0,null,0,0,0
4995,0,null,0,0,0
4996,0,null,0,0,0
4997,0,null,0,0,0
4998,0,null,0,0,0
4999,0,null,0,0,0
1,0,null,0,0,0
2,0,null,0,0,0
3,0,null,0,0,0
4,0,null,0,0,0
5,0,null,0,0,0
6,0,null,0,0,0
7,0,null,0,0,0
8,0,null,0,0,0
9,0,null,0,0,0
10,0,null,0,0,0
11,1,primary_proton,1,1,1
12,0,null,0,0,0
13,0,null,0,0,0
14,0,null,0,0,0
15,0,null,0,0,0
16,0,null,0,0,0
17,0,null,0,0,0
18,1,primary_proton,1,1,1
19,0,null,0,0,0
20,0,null,0,0,0
21,0,null,0,0,0
22,0,null,0,0,0
23,0,null,0,0,0
24,0,null,0,0,0
25,0,null,0,0,0
26,13,pi-,1,1,1
27,0,null,0,0,0
28,0,null,0,0,0
29,0,null,0,0,0
30,0,null,0,0,0
31,0,null,0,0,0
32,0,null,0,0,0
33,0,null,0,0,0
34,0,null,0,0,0
35,0,null,0,0,0
36,0,null,0,0,0
37,0,null,0,0,0
38,0,null,0,0,0
39,1,primary_proton,1,1,1
40,0,null,0,0,0
41,0,null,0,0,0
42,0,null,0,0,0
43,0,null,0,0,0
44,0,null,0,0,0
45,0,null,0,0,0
46,0,null,0,0,0
47,0,null,0,0,0
48,0,null,0,0,0
49,5,secondary_proton,1,0,0
50,0,null,0,0,0
51,0,null,0,0,0
52,0,null,0,0,0
53,0,null,0,0,0
54,0,null,0,0,0
55,0,null,0,0,0
56,0,null,0,0,0
57,0,null,0,0,0
58,0,null,0,0,0
59,0,null,0,0,0
60,0,null,0,0,0
61,0,null,0,0,0
62,0,null,0,0,0
63,0,null,0,0,0
64,0,null,0,0,0
65,0,null,0,0,0
66,0,null,0,0,0
67,0,null,0,0,0
68,0,null,0,0,0
69,0,null,0,0,0
70,0,null,0,0,0
71,0,null,0,0,0
72,0,null,0,0,0
73,0,null,0,0,0
74,8,secondary_proton,1,1,1
75,1,primary_proton,1,1,1
76,0,null,0,0,0
77,0,null,0,0,0
78,0,null,0,0,0
79,0,null,0,0,0
80,0,null,0,0,0
81,0,null,0,0,0
82,0,null,0,0,0
83,0,null,0,0,0
84,0,null,0,0,0
85,0,null,0,0,0
86,0,null,0,0,0
87,26,pi+,1,1,1
88,0,null,0,0,0
89,0,null,0,0,0
90,0,null,0,0,0
91,0,null,0,0,0
92,0,null,0,0,0
93,0,null,0,0,0
94,0,null,0,0,0
95,0,null,0,0,0
96,0,null,0,0,0
97,0,null,0,0,0
98,0,null,0,0,0
99,0,null,0,0,0
100,0,null,0,0,0
101,0,null,0,0,0
102,0,null,0,0,0
103,0,null,0,0,0
104,0,null,0,0,0
105,0,null,0,0,0
106,6,pi+,1,1,0
107,0,null,0,0,0
108,0,null,0,0,0
109,0,null,0,0,0
110,0,null,0,0,0
111,0,null,0,0,0
112,0,null,0,0,0
113,0,null,0,0,0
114,1,primary_proton,1,1,1
115,12,pi-,1,1,1
116,0,null,0,0,0
117,125,secondary_proton,1,1,1
118,0,null,0,0,0
119,0,null,0,0,0
120,0,null,0,0,0
121,0,null,0,0,0
122,0,null,0,0,0
123,0,null,0,0,0
124,0,null,0,0,0
125,0,null,0,0,0
126,0,null,0,0,0
127,0,null,0,0,0
128,9,pi+,1,1,1
129,0,null,0,0,0
130,0,null,0,0,0
131,0,null,0,0,0
132,0,null,0,0,0
133,9,pi+,1,0,0
134,0,null,0,0,0
135,0,null,0,0,0
136,0,null,0,0,0
137,0,null,0,0,0
138,0,null,0,0,0
139,0,null,0,0,0
140,0,null,0,0,0
141,0,null,0,0,0
142,0,null,0,0,0
143,0,null,0,0,0
144,0,null,0,0,0
145,0,null,0,0,0
146,0,null,0,0,0
147,0,null,0,0,0
148,0,null,0,0,0
149,0,null,0,0,0
150,0,null,0,0,0
151,0,null,0,0,0
152,0,null,0,0,0
153,0,null,0,0,0
154,0,null,0,0,0
155,0,null,0,0,0
156,0,null,0,0,0
157,0,null,0,0,0
158,1252,e-,1,1,0
159,0,null,0,0,0
160,0,null,0,0,0
161,0,null,0,0,0
162,0,null,0,0,0
163,0,null,0,0,0
164,0,null,0,0,0
165,0,null,0,0,0
166,0,null,0,0,0
167,0,null,0,0,0
168,0,null,0,0,0
169,0,null,0,0,0
170,0,null,0,0,0
171,0,null,0,0,0
172,0,null,0,0,0
173,0,null,0,0,0
174,0,null,0,0,0
175,0,null,0,0,0
176,0,null,0,0,0
177,0,null,0,0,0
178,0,null,0,0,0
179,0,null,0,0,0
180,0,null,0,0,0
181,0,null,0,0,0
182,0,null,0,0,0
183,0,null,0,0,0
184,0,null,0,0,0
185,0,null,0,0,0
186,0,null,0,0,0
187,0,null,0,0,0
188,0,null,0,0,0
189,0,null,0,0,0
190,0,null,0,0,0
191,0,null,0,0,0
192,0,null,0,0,0
193,0,null,0,0,0
194,0,null,0,0,0
195,1,primary_proton,1,1,1
196,1,primary_proton,1,1,1
197,0,null,0,0,0
198,0,null,0,0,0
199,0,null,0,0,0
200,0,null,0,0,0
201,0,null,0,0,0
202,1,primary_proton,1,1,1
203,0,null,0,0,0
204,3,pi-,1,1,1
205,0,null,0,0,0
206,0,null,0,0,0
207,0,null,0,0,0
208,0,null,0,0,0
209,0,null,0,0,0
210,0,null,0,0,0
211,0,null,0,0,0
212,0,null,0,0,0
213,0,null,0,0,0
214,0,null,0,0,0
215,6,secondary_proton,1,1,0
216,0,null,0,0,0
217,0,null,0,0,0
218,0,null,0,0,0
219,0,null,0,0,0
220,0,null,0,0,0
221,0,null,0,0,0
222,0,null,0,0,0
223,0,null,0,0,0
224,0,null,0,0,0
225,0,null,0,0,0
226,0,null,0,0,0
227,0,null,0,0,0
228,0,null,0,0,0
229,0,null,0,0,0
230,0,null,0,0,0
231,0,null,0,0,0
232,0,null,0,0,0
233,0,null,0,0,0
234,0,null,0,0,0
235,76,secondary_proton,1,1,0
236,0,null,0,0,0
237,0,null,0,0,0
238,0,null,0,0,0
240,0,null,0,0,0
241,0,null,0,0,0
242,0,null,0,0,0
243,0,null,0,0,0
244,0,null,0,0,0
245,9,pi+,1,1,1
246,0,null,0,0,0
247,0,null,0,0,0
248,0,null,0,0,0
249,0,null,0,0,0
250,0,null,0,0,0
251,0,null,0,0,0
252,0,null,0,0,0
253,6,pi-,1,1,1
254,1,primary_proton,1,1,1
255,0,null,0,0,0
256,0,null,0,0,0
257,10,secondary_proton,1,1,1
258,0,null,0,0,0
259,0,null,0,0,0
260,0,null,0,0,0
261,0,null,0,0,0
262,0,null,0,0,0
263,0,null,0,0,0
264,0,null,0,0,0
265,0,null,0,0,0
266,0,null,0,0,0
267,0,null,0,0,0
268,0,null,0,0,0
269,0,null,0,0,0
270,0,null,0,0,0
271,0,null,0,0,0
272,0,null,0,0,0
273,0,null,0,0,0
274,0,null,0,0,0
275,0,null,0,0,0
276,4698,secondary_proton,1,1,0
277,0,null,0,0,0
278,1,primary_proton,1,1,1
279,0,null,0,0,0
280,0,null,0,0,0
281,0,null,0,0,0
282,0,null,0,0,0
283,0,null,0,0,0
284,0,null,0,0,0
285,0,null,0,0,0
286,0,null,0,0,0
287,0,null,0,0,0
288,0,null,0,0,0
289,0,null,0,0,0
290,0,null,0,0,0
291,0,null,0,0,0
292,0,null,0,0,0
293,0,null,0,0,0
294,0,null,0,0,0
295,0,null,0,0,0
296,0,null,0,0,0
297,0,null,0,0,0
298,3,pi-,1,1,0
299,0,null,0,0,0
300,0,null,0,0,0
301,0,null,0,0,0
302,0,null,0,0,0
303,0,null,0,0,0
304,0,null,0,0,0
305,0,null,0,0,0
306,0,null,0,0,0
307,0,null,0,0,0
308,0,null,0,0,0
309,0,null,0,0,0
310,0,null,0,0,0
311,0,null,0,0,0
312,0,null,0,0,0
313,0,null,0,0,0
314,0,null,0,0,0
315,0,null,0,0,0
316,0,null,0,0,0
317,0,null,0,0,0
318,0,null,0,0,0
319,1,primary_proton,1,1,1
320,0,null,0,0,0
321,0,null,0,0,0
322,0,null,0,0,0
323,0,null,0,0,0
324,1,primary_proton,1,1,1
325,6,secondary_proton,1,1,1
326,0,null,0,0,0
327,0,null,0,0,0
328,0,null,0,0,0
329,0,null,0,0,0
330,0,null,0,0,0
331,0,null,0,0,0
332,0,null,0,0,0
333,0,null,0,0,0
334,0,null,0,0,0
335,0,null,0,0,0
336,0,null,0,0,0
337,0,null,0,0,0
338,0,null,0,0,0
339,0,null,0,0,0
340,0,null,0,0,0
341,0,null,0,0,0
342,0,null,0,0,0
343,0,null,0,0,0
344,0,null,0,0,0
345,0,null,0,0,0
346,0,null,0,0,0
347,0,null,0,0,0
348,0,null,0,0,0
349,1,primary_proton,1,1,1
350,0,null,0,0,0
351,0,null,0,0,0
352,0,null,0,0,0
353,4,secondary_proton,1,1,1
354,0,null,0,0,0
355,0,null,0,0,0
356,0,null,0,0,0
357,0,null,0,0,0
358,0,null,0,0,0
359,0,null,0,0,0
360,0,null,0,0,0
361,0,null,0,0,0
362,8,pi-,1,1,0
363,1,primary_proton,1,1,1
364,0,null,0,0,0
365,0,null,0,0,0
366,0,null,0,0,0
367,0,null,0,0,0
368,0,null,0,0,0
369,0,null,0,0,0
370,0,null,0,0,0
371,0,null,0,0,0
372,0,null,0,0,0
373,0,null,0,0,0
374,0,null,0,0,0
375,0,null,0,0,0
376,0,null,0,0,0
377,0,null,0,0,0
378,1,primary_proton,1,1,1
379,0,null,0,0,0
380,0,null,0,0,0
381,0,null,0,0,0
382,0,null,0,0,0
383,0,null,0,0,0
384,0,null,0,0,0
385,0,null,0,0,0
386,0,null,0,0,0
387,0,null,0,0,0
388,0,null,0,0,0
389,0,null,0,0,0
390,0,null,0,0,0
391,0,null,0,0,0
392,0,null,0,0,0
393,0,null,0,0,0
394,0,null,0,0,0
395,0,null,0,0,0
396,1,primary_proton,1,1,1
397,0,null,0,0,0
398,0,null,0,0,0
399,0,null,0,0,0
400,7,secondary_proton,1,1,1
401,0,null,0,0,0
402,0,null,0,0,0
403,0,null,0,0,0
404,0,null,0,0,0
405,0,null,0,0,0
406,0,null,0,0,0
407,0,null,0,0,0
408,0,null,0,0,0
409,0,null,0,0,0
410,0,null,0,0,0
411,0,null,0,0,0
412,0,null,0,0,0
413,0,null,0,0,0
414,0,null,0,0,0
415,0,null,0,0,0
416,0,null,0,0,0
417,0,null,0,0,0
418,0,null,0,0,0
419,0,null,0,0,0
420,1,primary_proton,1,1,1
421,0,null,0,0,0
422,0,null,0,0,0
423,0,null,0,0,0
424,0,null,0,0,0
425,0,null,0,0,0
426,1,primary_proton,1,1,1
427,0,null,0,0,0
428,0,null,0,0,0
429,0,null,0,0,0
430,1,primary_proton,1,1,1
431,0,null,0,0,0
432,0,null,0,0,0
433,0,null,0,0,0
434,0,null,0,0,0
435,9,pi-,1,1,1
436,0,null,0,0,0
437,0,null,0,0,0
438,0,null,0,0,0
439,0,null,0,0,0
440,0,null,0,0,0
441,0,null,0,0,0
442,0,null,0,0,0
443,0,null,0,0,0
444,0,null,0,0,0
445,0,null,0,0,0
446,0,null,0,0,0
447,0,null,0,0,0
448,0,null,0,0,0
449,1,primary_proton,1,1,1
450,0,null,0,0,0
451,0,null,0,0,0
452,0,null,0,0,0
453,0,null,0,0,0
454,0,null,0,0,0
455,0,null,0,0,0
456,0,null,0,0,0
457,0,null,0,0,0
458,0,null,0,0,0
459,0,null,0,0,0
460,0,null,0,0,0
461,0,null,0,0,0
462,0,null,0,0,0
463,0,null,0,0,0
464,1,primary_proton,1,1,1
465,0,null,0,0,0
466,11,secondary_proton,1,1,1
467,0,null,0,0,0
469,1,primary_proton,1,1,1
470,0,null,0,0,0
471,0,null,0,0,0
472,9,pi+,1,1,1
473,0,null,0,0,0
474,0,null,0,0,0
475,0,null,0,0,0
476,0,null,0,0,0
477,0,null,0,0,0
478,0,null,0,0,0
479,0,null,0,0,0
480,0,null,0,0,0
481,0,null,0,0,0
482,0,null,0,0,0
483,0,null,0,0,0
484,0,null,0,0,0
485,11,pi+,1,1,1
486,13,pi+,1,1,1
487,0,null,0,0,0
488,1,primary_proton,1,1,1
489,0,null,0,0,0
490,0,null,0,0,0
491,1,primary_proton,1,1,1
492,0,null,0,0,0
493,0,null,0,0,0
494,0,null,0,0,0
495,0,null,0,0,0
496,0,null,0,0,0
497,0,null,0,0,0
498,0,null,0,0,0
499,0,null,0,0,0
500,5,secondary_proton,1,1,1
501,0,null,0,0,0
502,1,primary_proton,1,1,1
503,0,null,0,0,0
504,0,null,0,0,0
505,0,null,0,0,0
506,0,null,0,0,0
507,0,null,0,0,0
508,0,null,0,0,0
509,9,secondary_proton,1,1,1
510,0,null,0,0,0
511,0,null,0,0,0
512,7,pi+,1,1,1
513,0,null,0,0,0
514,0,null,0,0,0
515,0,null,0,0,0
516,0,null,0,0,0
517,0,null,0,0,0
518,0,null,0,0,0
519,0,null,0,0,0
520,0,null,0,0,0
521,0,null,0,0,0
522,0,null,0,0,0
523,0,null,0,0,0
524,0,null,0,0,0
525,0,null,0,0,0
526,0,null,0,0,0
527,0,null,0,0,0
528,0,null,0,0,0
529,4,secondary_proton,1,1,1
530,0,null,0,0,0
531,0,null,0,0,0
532,0,null,0,0,0
533,0,null,0,0,0
534,0,null,0,0,0
535,0,null,0,0,0
536,0,null,0,0,0
537,0,null,0,0,0
538,0,null,0,0,0
539,0,null,0,0,0
540,0,null,0,0,0
541,0,null,0,0,0
542,0,null,0,0,0
543,0,null,0,0,0
544,0,null,0,0,0
545,0,null,0,0,0
546,0,null,0,0,0
547,0,null,0,0,0
548,0,null,0,0,0
549,0,null,0,0,0
550,0,null,0,0,0
551,1,primary_proton,1,1,1
552,0,null,0,0,0
553,0,null,0,0,0
554,1,primary_proton,1,1,1
555,0,null,0,0,0
556,0,null,0,0,0
557,0,null,0,0,0
558,0,null,0,0,0
559,0,null,0,0,0
560,0,null,0,0,0
561,0,null,0,0,0
562,0,null,0,0,0
563,1,primary_proton,1,1,1
564,1,primary_proton,1,1,1
565,0,null,0,0,0
566,0,null,0,0,0
567,0,null,0,0,0
568,0,null,0,0,0
569,0,null,0,0,0
570,0,null,0,0,0
571,0,null,0,0,0
572,0,null,0,0,0
573,0,null,0,0,0
574,0,null,0,0,0
575,0,null,0,0,0
576,900,e-,1,0,0
577,0,null,0,0,0
578,0,null,0,0,0
579,0,null,0,0,0
580,0,null,0,0,0
581,0,null,0,0,0
582,0,null,0,0,0
583,0,null,0,0,0
584,0,null,0,0,0
585,0,null,0,0,0
586,0,null,0,0,0
587,0,null,0,0,0
588,0,null,0,0,0
589,0,null,0,0,0
590,0,null,0,0,0
591,0,null,0,0,0
592,0,null,0,0,0
593,0,null,0,0,0
594,0,null,0,0,0
595,0,null,0,0,0
596,0,null,0,0,0
597,0,null,0,0,0
598,0,null,0,0,0
599,0,null,0,0,0
600,0,null,0,0,0
601,0,null,0,0,0
602,0,null,0,0,0
603,0,null,0,0,0
604,0,null,0,0,0
605,0,null,0,0,0
606,0,null,0,0,0
607,0,null,0,0,0
608,0,null,0,0,0
609,0,null,0,0,0
610,0,null,0,0,0
611,0,null,0,0,0
612,0,null,0,0,0
613,0,null,0,0,0
614,0,null,0,0,0
615,0,null,0,0,0
616,0,null,0,0,0
617,0,null,0,0,0
618,0,null,0,0,0
619,0,null,0,0,0
620,0,null,0,0,0
621,0,null,0,0,0
622,0,null,0,0,0
623,0,null,0,0,0
624,0,null,0,0,0
625,0,null,0,0,0
626,0,null,0,0,0
627,0,null,0,0,0
628,0,null,0,0,0
629,0,null,0,0,0
630,0,null,0,0,0
631,0,null,0,0,0
632,0,null,0,0,0
633,0,null,0,0,0
634,0,null,0,0,0
635,0,null,0,0,0
636,0,null,0,0,0
637,0,null,0,0,0
638,0,null,0,0,0
639,0,null,0,0,0
640,0,null,0,0,0
641,0,null,0,0,0
642,0,null,0,0,0
643,0,null,0,0,0
644,0,null,0,0,0
645,0,null,0,0,0
646,0,null,0,0,0
647,0,null,0,0,0
648,0,null,0,0,0
649,0,null,0,0,0
650,0,null,0,0,0
651,0,null,0,0,0
652,0,null,0,0,0
653,0,null,0,0,0
654,0,null,0,0,0
655,0,null,0,0,0
656,0,null,0,0,0
657,0,null,0,0,0
658,0,null,0,0,0
659,0,null,0,0,0
660,0,null,0,0,0
661,0,null,0,0,0
662,0,null,0,0,0
663,0,null,0,0,0
664,0,null,0,0,0
665,0,null,0,0,0
666,0,null,0,0,0
667,0,null,0,0,0
668,0,null,0,0,0
669,0,null,0,0,0
670,0,null,0,0,0
671,0,null,0,0,0
672,0,null,0,0,0
673,0,null,0,0,0
674,0,null,0,0,0
675,0,null,0,0,0
676,0,null,0,0,0
677,0,null,0,0,0
678,0,null,0,0,0
679,14,pi+,1,1,1
680,0,null,0,0,0
681,0,null,0,0,0
682,0,null,0,0,0
683,0,null,0,0,0
684,0,null,0,0,0
685,0,null,0,0,0
686,0,null,0,0,0
687,0,null,0,0,0
688,0,null,0,0,0
689,0,null,0,0,0
690,0,null,0,0,0
691,0,null,0,0,0
692,0,null,0,0,0
693,0,null,0,0,0
694,0,null,0,0,0
695,0,null,0,0,0
696,0,null,0,0,0
697,0,null,0,0,0
698,0,null,0,0,0
699,0,null,0,0,0
700,0,null,0,0,0
701,0,null,0,0,0
703,0,null,0,0,0
704,0,null,0,0,0
705,0,null,0,0,0
706,0,null,0,0,0
707,0,null,0,0,0
708,0,null,0,0,0
709,0,null,0,0,0
710,669,e-,1,1,1
711,1525,e-,1,1,1
712,0,null,0,0,0
713,0,null,0,0,0
714,0,null,0,0,0
715,5012,e-,1,0,0
716,0,null,0,0,0
717,0,null,0,0,0
718,6,secondary_proton,1,1,1
719,0,null,0,0,0
720,0,null,0,0,0
721,0,null,0,0,0
722,0,null,0,0,0
723,0,null,0,0,0
724,0,null,0,0,0
725,0,null,0,0,0
726,0,null,0,0,0
727,0,null,0,0,0
728,0,null,0,0,0
729,0,null,0,0,0
730,0,null,0,0,0
731,0,null,0,0,0
732,0,null,0,0,0
733,0,null,0,0,0
734,0,null,0,0,0
735,0,null,0,0,0
736,0,null,0,0,0
737,0,null,0,0,0
738,0,null,0,0,0
739,0,null,0,0,0
740,1,primary_proton,1,1,1
741,0,null,0,0,0
742,10,secondary_proton,1,1,0
743,0,null,0,0,0
744,0,null,0,0,0
745,0,null,0,0,0
746,0,null,0,0,0
747,0,null,0,0,0
748,0,null,0,0,0
749,0,null,0,0,0
750,0,null,0,0,0
751,0,null,0,0,0
752,0,null,0,0,0
753,0,null,0,0,0
754,0,null,0,0,0
755,0,null,0,0,0
756,0,null,0,0,0
757,0,null,0,0,0
758,0,null,0,0,0
759,0,null,0,0,0
760,0,null,0,0,0
761,0,null,0,0,0
762,0,null,0,0,0
763,0,null,0,0,0
764,0,null,0,0,0
765,3,secondary_proton,1,1,1
766,0,null,0,0,0
767,0,null,0,0,0
768,0,null,0,0,0
769,0,null,0,0,0
770,0,null,0,0,0
771,0,null,0,0,0
772,0,null,0,0,0
773,0,null,0,0,0
774,0,null,0,0,0
775,0,null,0,0,0
776,0,null,0,0,0
777,0,null,0,0,0
778,0,null,0,0,0
779,0,null,0,0,0
780,0,null,0,0,0
781,0,null,0,0,0
782,0,null,0,0,0
783,0,null,0,0,0
784,0,null,0,0,0
785,0,null,0,0,0
786,0,null,0,0,0
787,0,null,0,0,0
788,986,e-,1,0,0
789,0,null,0,0,0
790,1,primary_proton,1,1,1
791,0,null,0,0,0
792,0,null,0,0,0
793,0,null,0,0,0
794,0,null,0,0,0
795,0,null,0,0,0
796,0,null,0,0,0
797,0,null,0,0,0
798,0,null,0,0,0
799,0,null,0,0,0
800,0,null,0,0,0
801,17,secondary_proton,1,1,1
802,0,null,0,0,0
803,0,null,0,0,0
804,0,null,0,0,0
805,0,null,0,0,0
806,0,null,0,0,0
807,0,null,0,0,0
808,0,null,0,0,0
809,0,null,0,0,0
810,0,null,0,0,0
811,0,null,0,0,0
812,1,primary_proton,1,1,1
813,0,null,0,0,0
814,0,null,0,0,0
815,1,primary_proton,1,1,0
816,0,null,0,0,0
817,0,null,0,0,0
818,0,null,0,0,0
819,0,null,0,0,0
820,0,null,0,0,0
821,0,null,0,0,0
822,0,null,0,0,0
823,0,null,0,0,0
824,0,null,0,0,0
825,0,null,0,0,0
826,0,null,0,0,0
827,0,null,0,0,0
828,0,null,0,0,0
829,0,null,0,0,0
830,0,null,0,0,0
831,0,null,0,0,0
832,0,null,0,0,0
833,16,pi-,1,0,0
834,0,null,0,0,0
835,0,null,0,0,0
836,0,null,0,0,0
837,0,null,0,0,0
838,0,null,0,0,0
839,0,null,0,0,0
840,0,null,0,0,0
841,0,null,0,0,0
842,0,null,0,0,0
843,0,null,0,0,0
844,0,null,0,0,0
845,0,null,0,0,0
846,0,null,0,0,0
847,0,null,0,0,0
848,0,null,0,0,0
849,0,null,0,0,0
850,0,null,0,0,0
851,0,null,0,0,0
852,0,null,0,0,0
853,0,null,0,0,0
854,0,null,0,0,0
855,0,null,0,0,0
856,0,null,0,0,0
857,8,secondary_proton,1,1,1
858,0,null,0,0,0
859,1914,e-,1,0,0
860,0,null,0,0,0
861,0,null,0,0,0
862,0,null,0,0,0
863,0,null,0,0,0
864,0,null,0,0,0
865,0,null,0,0,0
866,0,null,0,0,0
867,0,null,0,0,0
868,0,null,0,0,0
869,7,pi-,1,1,1
870,0,null,0,0,0
871,0,null,0,0,0
872,0,null,0,0,0
873,0,null,0,0,0
874,0,null,0,0,0
875,0,null,0,0,0
876,0,null,0,0,0
877,0,null,0,0,0
878,0,null,0,0,0
879,0,null,0,0,0
880,0,null,0,0,0
881,0,null,0,0,0
882,0,null,0,0,0
883,0,null,0,0,0
884,0,null,0,0,0
885,0,null,0,0,0
886,0,null,0,0,0
887,0,null,0,0,0
888,0,null,0,0,0
889,0,null,0,0,0
890,0,null,0,0,0
891,0,null,0,0,0
892,0,null,0,0,0
893,0,null,0,0,0
894,0,null,0,0,0
895,0,null,0,0,0
896,0,null,0,0,0
897,0,null,0,0,0
898,0,null,0,0,0
899,0,null,0,0,0
900,0,null,0,0,0
901,0,null,0,0,0
902,0,null,0,0,0
903,0,null,0,0,0
904,0,null,0,0,0
905,0,null,0,0,0
906,0,null,0,0,0
907,0,null,0,0,0
908,0,null,0,0,0
909,0,null,0,0,0
910,0,null,0,0,0
911,0,null,0,0,0
912,0,null,0,0,0
913,0,null,0,0,0
914,1,primary_proton,1,1,1
915,0,null,0,0,0
916,0,null,0,0,0
917,0,null,0,0,0
918,0,null,0,0,0
919,0,null,0,0,0
920,0,null,0,0,0
921,0,null,0,0,0
922,0,null,0,0,0
923,0,null,0,0,0
924,0,null,0,0,0
925,0,null,0,0,0
926,0,null,0,0,0
927,0,null,0,0,0
928,0,null,0,0,0
929,0,null,0,0,0
930,0,null,0,0,0
931,0,null,0,0,0
932,0,null,0,0,0
933,0,null,0,0,0
934,0,null,0,0,0
935,0,null,0,0,0
937,0,null,0,0,0
938,0,null,0,0,0
939,0,null,0,0,0
940,0,null,0,0,0
941,0,null,0,0,0
942,0,null,0,0,0
943,1,primary_proton,1,1,1
944,0,null,0,0,0
945,0,null,0,0,0
946,0,null,0,0,0
947,0,null,0,0,0
948,0,null,0,0,0
949,0,null,0,0,0
950,0,null,0,0,0
951,0,null,0,0,0
952,0,null,0,0,0
953,0,null,0,0,0
954,0,null,0,0,0
955,0,null,0,0,0
956,0,null,0,0,0
957,0,null,0,0,0
958,0,null,0,0,0
959,0,null,0,0,0
960,0,null,0,0,0
961,0,null,0,0,0
962,69,pi+,1,1,1
963,0,null,0,0,0
964,0,null,0,0,0
965,0,null,0,0,0
966,0,null,0,0,0
967,0,null,0,0,0
968,0,null,0,0,0
969,0,null,0,0,0
970,0,null,0,0,0
971,0,null,0,0,0
972,0,null,0,0,0
973,0,null,0,0,0
974,0,null,0,0,0
975,0,null,0,0,0
976,0,null,0,0,0
977,0,null,0,0,0
978,0,null,0,0,0
979,0,null,0,0,0
980,0,null,0,0,0
981,0,null,0,0,0
982,0,null,0,0,0
983,0,null,0,0,0
984,2555,e-,1,1,1
985,0,null,0,0,0
986,0,null,0,0,0
987,0,null,0,0,0
988,0,null,0,0,0
989,1,primary_proton,1,1,1
990,0,null,0,0,0
991,0,null,0,0,0
992,0,null,0,0,0
993,0,null,0,0,0
994,0,null,0,0,0
995,0,null,0,0,0
996,0,null,0,0,0
997,0,null,0,0,0
998,0,null,0,0,0
999,0,null,0,0,0
1000,3,secondary_proton,1,1,1
1001,0,null,0,0,0
1002,0,null,0,0,0
1003,0,null,0,0,0
1004,0,null,0,0,0
1005,0,null,0,0,0
1006,0,null,0,0,0
1007,0,null,0,0,0
1008,138,pi+,1,1,1
1009,0,null,0,0,0
1010,0,null,0,0,0
1011,0,null,0,0,0
1012,0,null,0,0,0
1013,0,null,0,0,0
1014,0,null,0,0,0
1015,0,null,0,0,0
1016,0,null,0,0,0
1017,0,null,0,0,0
1018,0,null,0,0,0
1019,0,null,0,0,0
1020,0,null,0,0,0
1021,0,null,0,0,0
1022,0,null,0,0,0
1023,0,null,0,0,0
1024,0,null,0,0,0
1025,0,null,0,0,0
1026,0,null,0,0,0
1027,0,null,0,0,0
1028,0,null,0,0,0
1029,0,null,0,0,0
1030,0,null,0,0,0
1031,0,null,0,0,0
1032,0,null,0,0,0
1033,0,null,0,0,0
1034,0,null,0,0,0
1035,0,null,0,0,0
1036,0,null,0,0,0
1037,0,null,0,0,0
1038,0,null,0,0,0
1039,0,null,0,0,0
1040,0,null,0,0,0
1041,0,null,0,0,0
1042,0,null,0,0,0
1043,281,e-,0,1,0
1044,0,null,0,0,0
1045,0,null,0,0,0
1046,0,null,0,0,0
1047,0,null,0,0,0
1048,0,null,0,0,0
1049,0,null,0,0,0
1050,0,null,0,0,0
1051,7,secondary_proton,1,1,1
1052,0,null,0,0,0
1053,0,null,0,0,0
1054,0,null,0,0,0
1055,0,null,0,0,0
1056,0,null,0,0,0
1057,0,null,0,0,0
1058,0,null,0,0,0
1059,0,null,0,0,0
1060,0,null,0,0,0
1061,0,null,0,0,0
1062,0,null,0,0,0
1063,0,null,0,0,0
1064,0,null,0,0,0
1065,0,null,0,0,0
1066,0,null,0,0,0
1067,0,null,0,0,0
1068,0,null,0,0,0
1069,0,null,0,0,0
1070,0,null,0,0,0
1071,0,null,0,0,0
1072,0,null,0,0,0
1073,0,null,0,0,0
1074,0,null,0,0,0
1075,0,null,0,0,0
1076,0,null,0,0,0
1077,0,null,0,0,0
1078,0,null,0,0,0
1079,0,null,0,0,0
1080,0,null,0,0,0
1081,0,null,0,0,0
1082,12,pi-,1,1,0
1083,0,null,0,0,0
1084,1,primary_proton,1,1,1
1085,0,null,0,0,0
1086,0,null,0,0,0
1087,0,null,0,0,0
1088,0,null,0,0,0
1089,0,null,0,0,0
1090,0,null,0,0,0
1091,1,primary_proton,1,1,1
1092,0,null,0,0,0
1093,0,null,0,0,0
1094,1,primary_proton,1,1,1
1095,0,null,0,0,0
1096,0,null,0,0,0
1097,0,null,0,0,0
1098,0,null,0,0,0
1099,0,null,0,0,0
1100,0,null,0,0,0
1101,0,null,0,0,0
1102,0,null,0,0,0
1103,0,null,0,0,0
1104,0,null,0,0,0
1105,0,null,0,0,0
1106,0,null,0,0,0
1107,0,null,0,0,0
1108,0,null,0,0,0
1109,0,null,0,0,0
1110,0,null,0,0,0
1111,0,null,0,0,0
1112,0,null,0,0,0
1113,0,null,0,0,0
1114,0,null,0,0,0
1115,0,null,0,0,0
1116,0,null,0,0,0
1117,0,null,0,0,0
1118,0,null,0,0,0
1119,0,null,0,0,0
1120,0,null,0,0,0
1121,0,null,0,0,0
1122,3,secondary_proton,1,1,1
1123,0,null,0,0,0
1124,0,null,0,0,0
1125,0,null,0,0,0
1126,0,null,0,0,0
1127,0,null,0,0,0
1128,0,null,0,0,0
1129,0,null,0,0,0
1130,0,null,0,0,0
1131,0,null,0,0,0
1132,0,null,0,0,0
1133,0,null,0,0,0
1134,0,null,0,0,0
1135,0,null,0,0,0
1136,0,null,0,0,0
1137,0,null,0,0,0
1138,0,null,0,0,0
1139,0,null,0,0,0
1140,0,null,0,0,0
1141,0,null,0,0,0
1142,0,null,0,0,0
1143,0,null,0,0,0
1144,15,secondary_proton,1,1,1
1145,1,primary_proton,1,1,1
1146,1,primary_proton,1,1,1
1147,0,null,0,0,0
1148,0,null,0,0,0
1149,0,null,0,0,0
1150,0,null,0,0,0
1151,0,null,0,0,0
1152,0,null,0,0,0
1153,0,null,0,0,0
1154,0,null,0,0,0
1155,0,null,0,0,0
1156,0,null,0,0,0
1157,0,null,0,0,0
1158,0,null,0,0,0
1159,0,null,0,0,0
1161,0,null,0,0,0
1162,0,null,0,0,0
1163,10,secondary_proton,1,1,1
1164,0,null,0,0,0
1165,0,null,0,0,0
1166,0,null,0,0,0
1167,0,null,0,0,0
1168,0,null,0,0,0
1169,0,null,0,0,0
1170,0,null,0,0,0
1171,0,null,0,0,0
1172,0,null,0,0,0
1173,0,null,0,0,0
1174,0,null,0,0,0
1175,0,null,0,0,0
1176,0,null,0,0,0
1177,0,null,0,0,0
1178,1,primary_proton,1,1,1
1179,0,null,0,0,0
1180,0,null,0,0,0
1181,0,null,0,0,0
1182,0,null,0,0,0
1183,0,null,0,0,0
1184,0,null,0,0,0
1185,0,null,0,0,0
1186,0,null,0,0,0
1187,0,null,0,0,0
1188,0,null,0,0,0
1189,0,null,0,0,0
1190,0,null,0,0,0
1191,0,null,0,0,0
1192,0,null,0,0,0
1193,0,null,0,0,0
1194,0,null,0,0,0
1195,0,null,0,0,0
1196,0,null,0,0,0
1197,1,primary_proton,1,1,1
1198,0,null,0,0,0
1199,0,null,0,0,0
1200,0,null,0,0,0
1201,0,null,0,0,0
1202,0,null,0,0,0
1203,0,null,0,0,0
1204,0,null,0,0,0
1205,0,null,0,0,0
1206,0,null,0,0,0
1207,0,null,0,0,0
1208,0,null,0,0,0
1209,0,null,0,0,0
1210,0,null,0,0,0
1211,0,null,0,0,0
1212,0,null,0,0,0
1213,0,null,0,0,0
1214,0,null,0,0,0
1215,0,null,0,0,0
1216,0,null,0,0,0
1217,0,null,0,0,0
1218,0,null,0,0,0
1219,0,null,0,0,0
1220,0,null,0,0,0
1221,0,null,0,0,0
1222,0,null,0,0,0
1223,0,null,0,0,0
1224,0,null,0,0,0
1225,0,null,0,0,0
1226,0,null,0,0,0
1227,9,pi-,1,1,1
1228,0,null,0,0,0
1229,0,null,0,0,0
1230,0,null,0,0,0
1231,0,null,0,0,0
1232,0,null,0,0,0
1233,0,null,0,0,0
1234,0,null,0,0,0
1235,0,null,0,0,0
1236,0,null,0,0,0
1237,0,null,0,0,0
1238,1,primary_proton,1,1,1
1239,0,null,0,0,0
1240,0,null,0,0,0
1241,0,null,0,0,0
1242,0,null,0,0,0
1243,0,null,0,0,0
1244,0,null,0,0,0
1245,0,null,0,0,0
1246,0,null,0,0,0
1247,0,null,0,0,0
1248,1,primary_proton,1,1,1
1249,0,null,0,0,0
1250,0,null,0,0,0
1251,0,null,0,0,0
1252,0,null,0,0,0
1253,0,null,0,0,0
1254,0,null,0,0,0
1255,0,null,0,0,0
1256,0,null,0,0,0
1257,0,null,0,0,0
1258,0,null,0,0,0
1259,0,null,0,0,0
1260,0,null,0,0,0
1261,0,null,0,0,0
1262,0,null,0,0,0
1263,0,null,0,0,0
1264,0,null,0,0,0
1265,0,null,0,0,0
1266,0,null,0,0,0
1267,0,null,0,0,0
1268,0,null,0,0,0
1269,0,null,0,0,0
1270,0,null,0,0,0
1271,0,null,0,0,0
1272,0,null,0,0,0
1273,0,null,0,0,0
1274,11,pi+,1,1,1
1275,0,null,0,0,0
1276,1,primary_proton,1,1,1
1277,0,null,0,0,0
1278,0,null,0,0,0
1279,0,null,0,0,0
1280,0,null,0,0,0
1281,0,null,0,0,0
1282,0,null,0,0,0
1283,0,null,0,0,0
1284,0,null,0,0,0
1285,0,null,0,0,0
1286,0,null,0,0,0
1287,12,pi+,1,1,1
1288,0,null,0,0,0
1289,0,null,0,0,0
1290,0,null,0,0,0
1291,0,null,0,0,0
1292,0,null,0,0,0
1293,0,null,0,0,0
1294,0,null,0,0,0
1295,0,null,0,0,0
1296,0,null,0,0,0
1297,0,null,0,0,0
1298,0,null,0,0,0
1299,0,null,0,0,0
1300,0,null,0,0,0
1301,0,null,0,0,0
1302,0,null,0,0,0
1303,0,null,0,0,0
1304,0,null,0,0,0
1305,0,null,0,0,0
1306,0,null,0,0,0
1307,0,null,0,0,0
1308,0,null,0,0,0
1309,0,null,0,0,0
1310,0,null,0,0,0
1311,0,null,0,0,0
1312,0,null,0,0,0
1313,0,null,0,0,0
1314,0,null,0,0,0
1315,0,null,0,0,0
1316,0,null,0,0,0
1317,0,null,0,0,0
1318,0,null,0,0,0
1319,0,null,0,0,0
1320,0,null,0,0,0
1321,0,null,0,0,0
1322,0,null,0,0,0
1323,0,null,0,0,0
1324,0,null,0,0,0
1325,0,null,0,0,0
1326,0,null,0,0,0
1327,0,null,0,0,0
1328,0,null,0,0,0
1329,0,null,0,0,0
1330,0,null,0,0,0
1331,0,null,0,0,0
1332,0,null,0,0,0
1333,0,null,0,0,0
1334,0,null,0,0,0
1335,0,null,0,0,0
1336,0,null,0,0,0
1337,0,null,0,0,0
1338,0,null,0,0,0
1339,0,null,0,0,0
1340,0,null,0,0,0
1341,0,null,0,0,0
1342,0,null,0,0,0
1343,0,null,0,0,0
1344,0,null,0,0,0
1345,0,null,0,0,0
1346,2,secondary_proton,1,1,1
1347,0,null,0,0,0
1348,0,null,0,0,0
1349,0,null,0,0,0
1350,0,null,0,0,0
1351,0,null,0,0,0
1352,0,null,0,0,0
1353,0,null,0,0,0
1354,945,pi-,1,0,0
1355,0,null,0,0,0
1356,0,null,0,0,0
1357,0,null,0,0,0
1358,0,null,0,0,0
1359,0,null,0,0,0
1360,0,null,0,0,0
1361,0,null,0,0,0
1362,0,null,0,0,0
1363,0,null,0,0,0
1364,1,primary_proton,1,1,1
1365,0,null,0,0,0
1366,0,null,0,0,0
1367,0,null,0,0,0
1368,0,null,0,0,0
1369,0,null,0,0,0
1370,0,null,0,0,0
1371,0,null,0,0,0
1372,0,null,0,0,0
1373,0,null,0,0,0
1374,0,null,0,0,0
1375,0,null,0,0,0
1376,0,null,0,0,0
1377,998,pi-,1,0,0
1378,0,null,0,0,0
1379,0,null,0,0,0
1380,0,null,0,0,0
1381,0,null,0,0,0
1382,0,null,0,0,0
1384,0,null,0,0,0
1385,0,null,0,0,0
1386,0,null,0,0,0
1387,0,null,0,0,0
1388,0,null,0,0,0
1389,0,null,0,0,0
1390,0,null,0,0,0
1391,0,null,0,0,0
1392,0,null,0,0,0
1393,0,null,0,0,0
1394,0,null,0,0,0
1395,0,null,0,0,0
1396,0,null,0,0,0
1397,1,primary_proton,1,1,1
1398,0,null,0,0,0
1399,1,primary_proton,1,1,1
1400,0,null,0,0,0
1401,0,null,0,0,0
1402,0,null,0,0,0
1403,0,null,0,0,0
1404,0,null,0,0,0
1405,0,null,0,0,0
1406,0,null,0,0,0
1407,0,null,0,0,0
1408,1,primary_proton,1,1,1
1409,0,null,0,0,0
1410,0,null,0,0,0
1411,0,null,0,0,0
1412,0,null,0,0,0
1413,0,null,0,0,0
1414,0,null,0,0,0
1415,0,null,0,0,0
1416,0,null,0,0,0
1417,0,null,0,0,0
1418,0,null,0,0,0
1419,0,null,0,0,0
1420,0,null,0,0,0
1421,0,null,0,0,0
1422,0,null,0,0,0
1423,0,null,0,0,0
1424,0,null,0,0,0
1425,0,null,0,0,0
1426,0,null,0,0,0
1427,0,null,0,0,0
1428,0,null,0,0,0
1429,0,null,0,0,0
1430,0,null,0,0,0
1431,0,null,0,0,0
1432,0,null,0,0,0
1433,0,null,0,0,0
1434,0,null,0,0,0
1435,117,pi-,1,1,1
1436,0,null,0,0,0
1437,0,null,0,0,0
1438,0,null,0,0,0
1439,0,null,0,0,0
1440,0,null,0,0,0
1441,0,null,0,0,0
1442,0,null,0,0,0
1443,6,pi-,1,0,0
1444,0,null,0,0,0
1445,1,primary_proton,1,1,1
1446,0,null,0,0,0
1447,0,null,0,0,0
1448,0,null,0,0,0
1449,0,null,0,0,0
1450,8,secondary_proton,1,1,1
1451,0,null,0,0,0
1452,0,null,0,0,0
1453,0,null,0,0,0
1454,0,null,0,0,0
1455,0,null,0,0,0
1456,0,null,0,0,0
1457,0,null,0,0,0
1458,0,null,0,0,0
1459,0,null,0,0,0
1460,0,null,0,0,0
1461,0,null,0,0,0
1462,0,null,0,0,0
1463,0,null,0,0,0
1464,0,null,0,0,0
1465,0,null,0,0,0
1466,0,null,0,0,0
1467,0,null,0,0,0
1468,0,null,0,0,0
1469,0,null,0,0,0
1470,0,null,0,0,0
1471,0,null,0,0,0
1472,0,null,0,0,0
1473,0,null,0,0,0
1474,850,e-,1,0,0
1475,0,null,0,0,0
1476,0,null,0,0,0
1477,0,null,0,0,0
1478,0,null,0,0,0
1479,0,null,0,0,0
1480,0,null,0,0,0
1481,0,null,0,0,0
1482,0,null,0,0,0
1483,0,null,0,0,0
1484,0,null,0,0,0
1485,0,null,0,0,0
1486,0,null,0,0,0
1487,0,null,0,0,0
1488,0,null,0,0,0
1489,0,null,0,0,0
1490,0,null,0,0,0
1491,0,null,0,0,0
1492,1,primary_proton,1,1,1
1493,0,null,0,0,0
1494,0,null,0,0,0
1495,3708,e-,0,1,0
1496,0,null,0,0,0
1497,0,null,0,0,0
1498,0,null,0,0,0
1499,0,null,0,0,0
1500,0,null,0,0,0
1501,0,null,0,0,0
1502,0,null,0,0,0
1503,0,null,0,0,0
1504,0,null,0,0,0
1505,0,null,0,0,0
1506,0,null,0,0,0
1507,0,null,0,0,0
1508,0,null,0,0,0
1509,0,null,0,0,0
1510,0,null,0,0,0
1511,0,null,0,0,0
1512,1601,e-,1,1,1
1513,0,null,0,0,0
1514,0,null,0,0,0
1515,0,null,0,0,0
1516,0,null,0,0,0
1517,0,null,0,0,0
1518,0,null,0,0,0
1519,0,null,0,0,0
1520,0,null,0,0,0
1521,0,null,0,0,0
1522,0,null,0,0,0
1523,0,null,0,0,0
1524,0,null,0,0,0
1525,0,null,0,0,0
1526,0,null,0,0,0
1527,0,null,0,0,0
1528,0,null,0,0,0
1529,0,null,0,0,0
1530,0,null,0,0,0
1531,0,null,0,0,0
1532,0,null,0,0,0
1533,0,null,0,0,0
1534,0,null,0,0,0
1535,405,e-,1,1,1
1536,0,null,0,0,0
1537,0,null,0,0,0
1538,0,null,0,0,0
1539,0,null,0,0,0
1540,0,null,0,0,0
1541,0,null,0,0,0
1542,0,null,0,0,0
1543,0,null,0,0,0
1544,0,null,0,0,0
1545,0,null,0,0,0
1546,0,null,0,0,0
1547,3,secondary_proton,1,1,1
1548,0,null,0,0,0
1549,0,null,0,0,0
1550,0,null,0,0,0
1551,0,null,0,0,0
1552,0,null,0,0,0
1553,0,null,0,0,0
1554,0,null,0,0,0
1555,4,pi-,1,1,1
1556,0,null,0,0,0
1557,0,null,0,0,0
1558,0,null,0,0,0
1559,0,null,0,0,0
1560,0,null,0,0,0
1561,0,null,0,0,0
1562,0,null,0,0,0
1563,0,null,0,0,0
1564,0,null,0,0,0
1565,0,null,0,0,0
1566,0,null,0,0,0
1567,0,null,0,0,0
1568,0,null,0,0,0
1569,0,null,0,0,0
1570,0,null,0,0,0
1571,0,null,0,0,0
1572,0,null,0,0,0
1573,0,null,0,0,0
1574,0,null,0,0,0
1575,0,null,0,0,0
1576,0,null,0,0,0
1577,0,null,0,0,0
1578,0,null,0,0,0
1579,0,null,0,0,0
1580,0,null,0,0,0
1581,0,null,0,0,0
1582,0,null,0,0,0
1583,0,null,0,0,0
1584,0,null,0,0,0
1585,0,null,0,0,0
1586,0,null,0,0,0
1587,0,null,0,0,0
1588,0,null,0,0,0
1589,0,null,0,0,0
1590,0,null,0,0,0
1591,0,null,0,0,0
1592,0,null,0,0,0
1593,0,null,0,0,0
1594,0,null,0,0,0
1595,0,null,0,0,0
1596,0,null,0,0,0
1597,0,null,0,0,0
1598,0,null,0,0,0
1599,0,null,0,0,0
1600,0,null,0,0,0
1601,0,null,0,0,0
1602,0,null,0,0,0
1603,0,null,0,0,0
1604,0,null,0,0,0
1605,0,null,0,0,0
1607,0,null,0,0,0
1608,0,null,0,0,0
1609,0,null,0,0,0
1610,0,null,0,0,0
1611,0,null,0,0,0
1612,0,null,0,0,0
1613,0,null,0,0,0
1614,0,null,0,0,0
1615,0,null,0,0,0
1616,0,null,0,0,0
1617,0,null,0,0,0
1618,0,null,0,0,0
1619,0,null,0,0,0
1620,0,null,0,0,0
1621,0,null,0,0,0
1622,0,null,0,0,0
1623,0,null,0,0,0
1624,0,null,0,0,0
1625,0,null,0,0,0
1626,0,null,0,0,0
1627,0,null,0,0,0
1628,0,null,0,0,0
1629,0,null,0,0,0
1630,0,null,0,0,0
1631,0,null,0,0,0
1632,0,null,0,0,0
1633,0,null,0,0,0
1634,0,null,0,0,0
1635,0,null,0,0,0
1636,1,primary_proton,1,1,1
1637,0,null,0,0,0
1638,0,null,0,0,0
1639,0,null,0,0,0
1640,0,null,0,0,0
1641,0,null,0,0,0
1642,0,null,0,0,0
1643,0,null,0,0,0
1644,0,null,0,0,0
1645,0,null,0,0,0
1646,0,null,0,0,0
1647,0,null,0,0,0
1648,0,null,0,0,0
1649,0,null,0,0,0
1650,0,null,0,0,0
1651,0,null,0,0,0
1652,0,null,0,0,0
1653,0,null,0,0,0
1654,0,null,0,0,0
1655,0,null,0,0,0
1656,0,null,0,0,0
1657,0,null,0,0,0
1658,0,null,0,0,0
1659,0,null,0,0,0
1660,0,null,0,0,0
1661,0,null,0,0,0
1662,0,null,0,0,0
1663,0,null,0,0,0
1664,0,null,0,0,0
1665,0,null,0,0,0
1666,0,null,0,0,0
1667,0,null,0,0,0
1668,0,null,0,0,0
1669,0,null,0,0,0
1670,0,null,0,0,0
1671,0,null,0,0,0
1672,0,null,0,0,0
1673,0,null,0,0,0
1674,0,null,0,0,0
1675,0,null,0,0,0
1676,0,null,0,0,0
1677,0,null,0,0,0
1678,0,null,0,0,0
1679,0,null,0,0,0
1680,0,null,0,0,0
1681,1427,e-,1,1,1
1682,0,null,0,0,0
1683,9,pi-,1,1,1
1684,0,null,0,0,0
1685,0,null,0,0,0
1686,0,null,0,0,0
1687,0,null,0,0,0
1688,0,null,0,0,0
1689,0,null,0,0,0
1690,0,null,0,0,0
1691,0,null,0,0,0
1692,3,secondary_proton,1,1,1
1693,0,null,0,0,0
1694,1,primary_proton,1,1,1
1695,0,null,0,0,0
1696,0,null,0,0,0
1697,0,null,0,0,0
1698,0,null,0,0,0
1699,0,null,0,0,0
1700,0,null,0,0,0
1701,0,null,0,0,0
1702,0,null,0,0,0
1703,0,null,0,0,0
1704,0,null,0,0,0
1705,0,null,0,0,0
1706,0,null,0,0,0
1707,0,null,0,0,0
1708,0,null,0,0,0
1709,0,null,0,0,0
1710,0,null,0,0,0
1711,0,null,0,0,0
1712,0,null,0,0,0
1713,0,null,0,0,0
1714,0,null,0,0,0
1715,0,null,0,0,0
1716,0,null,0,0,0
1717,0,null,0,0,0
1718,0,null,0,0,0
1719,0,null,0,0,0
1720,0,null,0,0,0
1721,0,null,0,0,0
1722,0,null,0,0,0
1723,0,null,0,0,0
1724,0,null,0,0,0
1725,0,null,0,0,0
1726,0,null,0,0,0
1727,0,null,0,0,0
1728,0,null,0,0,0
1729,0,null,0,0,0
1730,0,null,0,0,0
1731,0,null,0,0,0
1732,1,primary_proton,1,1,1
1733,0,null,0,0,0
1734,0,null,0,0,0
1735,0,null,0,0,0
1736,0,null,0,0,0
1737,0,null,0,0,0
1738,0,null,0,0,0
1739,0,null,0,0,0
1740,0,null,0,0,0
1741,0,null,0,0,0
1742,0,null,0,0,0
1743,0,null,0,0,0
1744,0,null,0,0,0
1745,0,null,0,0,0
1746,0,null,0,0,0
1747,0,null,0,0,0
1748,0,null,0,0,0
1749,0,null,0,0,0
1750,0,null,0,0,0
1751,0,null,0,0,0
1752,0,null,0,0,0
1753,0,null,0,0,0
1754,0,null,0,0,0
1755,0,null,0,0,0
1756,0,null,0,0,0
1757,0,null,0,0,0
1758,0,null,0,0,0
1759,0,null,0,0,0
1760,0,null,0,0,0
1761,0,null,0,0,0
1762,0,null,0,0,0
1763,0,null,0,0,0
1764,0,null,0,0,0
1765,0,null,0,0,0
1766,0,null,0,0,0
1767,0,null,0,0,0
1768,0,null,0,0,0
1769,0,null,0,0,0
1770,0,null,0,0,0
1771,0,null,0,0,0
1772,0,null,0,0,0
1773,1,primary_proton,1,1,1
1774,0,null,0,0,0
1775,0,null,0,0,0
1776,0,null,0,0,0
1777,0,null,0,0,0
1778,0,null,0,0,0
1779,0,null,0,0,0
1780,0,null,0,0,0
1781,0,null,0,0,0
1782,0,null,0,0,0
1783,0,null,0,0,0
1784,0,null,0,0,0
1785,0,null,0,0,0
1786,0,null,0,0,0
1787,0,null,0,0,0
1788,0,null,0,0,0
1789,0,null,0,0,0
1790,0,null,0,0,0
1791,0,null,0,0,0
1792,0,null,0,0,0
1793,0,null,0,0,0
1794,0,null,0,0,0
1795,0,null,0,0,0
1796,0,null,0,0,0
1797,0,null,0,0,0
1798,0,null,0,0,0
1799,1,primary_proton,1,1,1
1800,0,null,0,0,0
1801,0,null,0,0,0
1802,0,null,0,0,0
1803,0,null,0,0,0
1804,0,null,0,0,0
1805,0,null,0,0,0
1806,0,null,0,0,0
1807,0,null,0,0,0
1808,0,null,0,0,0
1809,0,null,0,0,0
1810,0,null,0,0,0
1811,0,null,0,0,0
1812,0,null,0,0,0
1813,0,null,0,0,0
1814,0,null,0,0,0
1815,0,null,0,0,0
1816,0,null,0,0,0
1817,0,null,0,0,0
1818,0,null,0,0,0
1819,0,null,0,0,0
1820,0,null,0,0,0
1821,0,null,0,0,0
1822,0,null,0,0,0
1823,0,null,0,0,0
1824,0,null,0,0,0
1825,0,null,0,0,0
1826,0,null,0,0,0
1827,0,null,0,0,0
1828,1,primary_proton,1,1,1
1829,0,null,0,0,0
1831,0,null,0,0,0
1832,0,null,0,0,0
1833,0,null,0,0,0
1834,0,null,0,0,0
1835,0,null,0,0,0
1836,0,null,0,0,0
1837,0,null,0,0,0
1838,0,null,0,0,0
1839,0,null,0,0,0
1840,0,null,0,0,0
1841,0,null,0,0,0
1842,0,null,0,0,0
1843,0,null,0,0,0
1844,0,null,0,0,0
1845,0,null,0,0,0
1846,0,null,0,0,0
1847,0,null,0,0,0
1848,0,null,0,0,0
1849,0,null,0,0,0
1850,0,null,0,0,0
1851,0,null,0,0,0
1852,0,null,0,0,0
1853,0,null,0,0,0
1854,0,null,0,0,0
1855,0,null,0,0,0
1856,0,null,0,0,0
1857,0,null,0,0,0
1858,0,null,0,0,0
1859,1,primary_proton,1,1,1
1860,0,null,0,0,0
1861,0,null,0,0,0
1862,0,null,0,0,0
1863,0,null,0,0,0
1864,0,null,0,0,0
1865,0,null,0,0,0
1866,0,null,0,0,0
1867,0,null,0,0,0
1868,0,null,0,0,0
1869,0,null,0,0,0
1870,0,null,0,0,0
1871,0,null,0,0,0
1872,0,null,0,0,0
1873,0,null,0,0,0
1874,0,null,0,0,0
1875,0,null,0,0,0
1876,0,null,0,0,0
1877,0,null,0,0,0
1878,0,null,0,0,0
1879,0,null,0,0,0
1880,2213,e-,1,1,0
1881,0,null,0,0,0
1882,1904,e-,1,0,0
1883,0,null,0,0,0
1884,10,secondary_proton,1,0,0
1885,0,null,0,0,0
1886,0,null,0,0,0
1887,0,null,0,0,0
1888,0,null,0,0,0
1889,0,null,0,0,0
1890,0,null,0,0,0
1891,0,null,0,0,0
1892,0,null,0,0,0
1893,0,null,0,0,0
1894,0,null,0,0,0
1895,0,null,0,0,0
1896,0,null,0,0,0
1897,0,null,0,0,0
1898,9,pi-,1,1,1
1899,21,secondary_proton,1,1,1
1900,0,null,0,0,0
1901,0,null,0,0,0
1902,0,null,0,0,0
1903,0,null,0,0,0
1904,0,null,0,0,0
1905,0,null,0,0,0
1906,0,null,0,0,0
1907,0,null,0,0,0
1908,0,null,0,0,0
1909,0,null,0,0,0
1910,0,null,0,0,0
1911,0,null,0,0,0
1912,0,null,0,0,0
1913,1,primary_proton,1,1,1
1914,0,null,0,0,0
1915,0,null,0,0,0
1916,0,null,0,0,0
1917,0,null,0,0,0
1918,6,secondary_proton,1,1,1
1919,0,null,0,0,0
1920,0,null,0,0,0
1921,0,null,0,0,0
1922,0,null,0,0,0
1923,0,null,0,0,0
1924,0,null,0,0,0
1925,12,pi+,1,1,1
1926,0,null,0,0,0
1927,0,null,0,0,0
1928,0,null,0,0,0
1929,0,null,0,0,0
1930,0,null,0,0,0
1931,0,null,0,0,0
1932,0,null,0,0,0
1933,0,null,0,0,0
1934,0,null,0,0,0
1935,0,null,0,0,0
1936,0,null,0,0,0
1937,0,null,0,0,0
1938,0,null,0,0,0
1939,0,null,0,0,0
1940,0,null,0,0,0
1941,0,null,0,0,0
1942,0,null,0,0,0
1943,845,e+,1,0,0
1944,0,null,0,0,0
1945,0,null,0,0,0
1946,1732,e+,1,1,0
1947,0,null,0,0,0
1948,0,null,0,0,0
1949,0,null,0,0,0
1950,0,null,0,0,0
1951,0,null,0,0,0
1952,0,null,0,0,0
1953,0,null,0,0,0
1954,0,null,0,0,0
1955,0,null,0,0,0
1956,0,null,0,0,0
1957,0,null,0,0,0
1958,0,null,0,0,0
1959,0,null,0,0,0
1960,0,null,0,0,0
1961,7,pi-,1,1,1
1962,0,null,0,0,0
1963,0,null,0,0,0
1964,0,null,0,0,0
1965,0,null,0,0,0
1966,4,secondary_proton,1,1,1
1967,0,null,0,0,0
1968,0,null,0,0,0
1969,0,null,0,0,0
1970,0,null,0,0,0
1971,0,null,0,0,0
1972,0,null,0,0,0
1973,0,null,0,0,0
1974,0,null,0,0,0
1975,0,null,0,0,0
1976,0,null,0,0,0
1977,0,null,0,0,0
1978,0,null,0,0,0
1979,0,null,0,0,0
1980,0,null,0,0,0
1981,0,null,0,0,0
1982,0,null,0,0,0
1983,0,null,0,0,0
1984,0,null,0,0,0
1985,0,null,0,0,0
1986,0,null,0,0,0
1987,0,null,0,0,0
1988,0,null,0,0,0
1989,0,null,0,0,0
1990,0,null,0,0,0
1991,0,null,0,0,0
1992,0,null,0,0,0
1993,0,null,0,0,0
1994,1,primary_proton,1,1,1
1995,0,null,0,0,0
1996,0,null,0,0,0
1997,0,null,0,0,0
1998,0,null,0,0,0
1999,0,null,0,0,0
2000,0,null,0,0,0
2001,0,null,0,0,0
2002,0,null,0,0,0
2003,0,null,0,0,0
2004,0,null,0,0,0
2005,0,null,0,0,0
2006,1,primary_proton,1,1,1
2007,0,null,0,0,0
2008,0,null,0,0,0
2009,0,null,0,0,0
2010,0,null,0,0,0
2011,0,null,0,0,0
2012,0,null,0,0,0
2013,0,null,0,0,0
2014,0,null,0,0,0
2015,1,primary_proton,1,1,1
2016,0,null,0,0,0
2017,0,null,0,0,0
2018,0,null,0,0,0
2019,0,null,0,0,0
2020,0,null,0,0,0
2021,0,null,0,0,0
2022,879,e-,1,1,1
2023,1,primary_proton,1,1,1
2024,0,null,0,0,0
2025,0,null,0,0,0
2026,0,null,0,0,0
2027,0,null,0,0,0
2028,0,null,0,0,0
2029,0,null,0,0,0
2030,0,null,0,0,0
2031,0,null,0,0,0
2032,0,null,0,0,0
2033,0,null,0,0,0
2034,0,null,0,0,0
2035,0,null,0,0,0
2036,0,null,0,0,0
2037,0,null,0,0,0
2038,0,null,0,0,0
2039,0,null,0,0,0
2040,8,pi+,1,1,1
2041,0,null,0,0,0
2042,0,null,0,0,0
2043,0,null,0,0,0
2044,0,null,0,0,0
2045,0,null,0,0,0
2046,0,null,0,0,0
2047,3,secondary_proton,1,1,1
2048,0,null,0,0,0
2049,0,null,0,0,0
2050,0,null,0,0,0
2052,0,null,0,0,0
2053,0,null,0,0,0
2054,1,primary_proton,1,1,1
2055,0,null,0,0,0
2056,0,null,0,0,0
2057,0,null,0,0,0
2058,0,null,0,0,0
2059,0,null,0,0,0
2060,0,null,0,0,0
2061,0,null,0,0,0
2062,0,null,0,0,0
2063,0,null,0,0,0
2064,0,null,0,0,0
2065,0,null,0,0,0
2066,0,null,0,0,0
2067,0,null,0,0,0
2068,0,null,0,0,0
2069,0,null,0,0,0
2070,0,null,0,0,0
2071,0,null,0,0,0
2072,6,pi+,1,0,0
2073,0,null,0,0,0
2074,7,secondary_proton,1,1,1
2075,0,null,0,0,0
2076,0,null,0,0,0
2077,0,null,0,0,0
2078,0,null,0,0,0
2079,0,null,0,0,0
2080,0,null,0,0,0
2081,0,null,0,0,0
2082,0,null,0,0,0
2083,5,secondary_proton,1,1,1
2084,0,null,0,0,0
2085,0,null,0,0,0
2086,0,null,0,0,0
2087,0,null,0,0,0
2088,0,null,0,0,0
2089,0,null,0,0,0
2090,0,null,0,0,0
2091,0,null,0,0,0
2092,0,null,0,0,0
2093,0,null,0,0,0
2094,0,null,0,0,0
2095,0,null,0,0,0
2096,0,null,0,0,0
2097,0,null,0,0,0
2098,0,null,0,0,0
2099,360,pi-,1,1,1
2100,0,null,0,0,0
2101,0,null,0,0,0
2102,0,null,0,0,0
2103,0,null,0,0,0
2104,0,null,0,0,0
2105,0,null,0,0,0
2106,0,null,0,0,0
2107,0,null,0,0,0
2108,0,null,0,0,0
2109,0,null,0,0,0
2110,0,null,0,0,0
2111,0,null,0,0,0
2112,0,null,0,0,0
2113,0,null,0,0,0
2114,0,null,0,0,0
2115,0,null,0,0,0
2116,0,null,0,0,0
2117,0,null,0,0,0
2118,0,null,0,0,0
2119,4482,e+,1,0,0
2120,0,null,0,0,0
2121,1,primary_proton,1,1,1
2122,0,null,0,0,0
2123,0,null,0,0,0
2124,0,null,0,0,0
2125,25,pi+,1,1,1
2126,0,null,0,0,0
2127,0,null,0,0,0
2128,0,null,0,0,0
2129,0,null,0,0,0
2130,0,null,0,0,0
2131,0,null,0,0,0
2132,0,null,0,0,0
2133,0,null,0,0,0
2134,0,null,0,0,0
2135,0,null,0,0,0
2136,0,null,0,0,0
2137,0,null,0,0,0
2138,0,null,0,0,0
2139,0,null,0,0,0
2140,0,null,0,0,0
2141,0,null,0,0,0
2142,0,null,0,0,0
2143,0,null,0,0,0
2144,10,pi-,1,1,1
2145,0,null,0,0,0
2146,0,null,0,0,0
2147,0,null,0,0,0
2148,0,null,0,0,0
2149,0,null,0,0,0
2150,0,null,0,0,0
2151,1,primary_proton,1,1,1
2152,13,secondary_proton,1,1,1
2153,0,null,0,0,0
2154,0,null,0,0,0
2155,0,null,0,0,0
2156,0,null,0,0,0
2157,0,null,0,0,0
2158,0,null,0,0,0
2159,0,null,0,0,0
2160,0,null,0,0,0
2161,0,null,0,0,0
2162,0,null,0,0,0
2163,0,null,0,0,0
2164,0,null,0,0,0
2165,0,null,0,0,0
2166,0,null,0,0,0
2167,0,null,0,0,0
2168,0,null,0,0,0
2169,0,null,0,0,0
2170,0,null,0,0,0
2171,0,null,0,0,0
2172,0,null,0,0,0
2173,0,null,0,0,0
2174,0,null,0,0,0
2175,0,null,0,0,0
2176,0,null,0,0,0
2177,0,null,0,0,0
2178,0,null,0,0,0
2179,0,null,0,0,0
2180,0,null,0,0,0
2181,0,null,0,0,0
2182,0,null,0,0,0
2183,0,null,0,0,0
2184,0,null,0,0,0
2185,0,null,0,0,0
2186,0,null,0,0,0
2187,0,null,0,0,0
2188,0,null,0,0,0
2189,0,null,0,0,0
2190,0,null,0,0,0
2191,1,primary_proton,1,1,1
2192,0,null,0,0,0
2193,0,null,0,0,0
2194,0,null,0,0,0
2195,0,null,0,0,0
2196,1,primary_proton,1,1,1
2197,0,null,0,0,0
2198,0,null,0,0,0
2199,0,null,0,0,0
2200,0,null,0,0,0
2201,0,null,0,0,0
2202,0,null,0,0,0
2203,0,null,0,0,0
2204,0,null,0,0,0
2205,0,null,0,0,0
2206,0,null,0,0,0
2207,0,null,0,0,0
2208,0,null,0,0,0
2209,0,null,0,0,0
2210,0,null,0,0,0
2211,0,null,0,0,0
2212,0,null,0,0,0
2213,0,null,0,0,0
2214,0,null,0,0,0
2215,0,null,0,0,0
2216,0,null,0,0,0
2217,0,null,0,0,0
2218,0,null,0,0,0
2219,0,null,0,0,0
2220,0,null,0,0,0
2221,217,e-,1,1,1
2222,4,secondary_proton,1,1,1
2223,0,null,0,0,0
2224,0,null,0,0,0
2225,0,null,0,0,0
2226,0,null,0,0,0
2227,0,null,0,0,0
2228,0,null,0,0,0
2229,0,null,0,0,0
2230,0,null,0,0,0
2231,0,null,0,0,0
2232,0,null,0,0,0
2233,0,null,0,0,0
2234,0,null,0,0,0
2235,0,null,0,0,0
2236,0,null,0,0,0
2237,0,null,0,0,0
2238,0,null,0,0,0
2239,0,null,0,0,0
2240,0,null,0,0,0
2241,0,null,0,0,0
2242,0,null,0,0,0
2243,0,null,0,0,0
2244,0,null,0,0,0
2245,0,null,0,0,0
2246,0,null,0,0,0
2247,0,null,0,0,0
2248,0,null,0,0,0
2249,0,null,0,0,0
2250,8,pi+,1,1,0
2251,0,null,0,0,0
2252,0,null,0,0,0
2253,0,null,0,0,0
2254,0,null,0,0,0
2255,0,null,0,0,0
2256,0,null,0,0,0
2257,0,null,0,0,0
2258,0,null,0,0,0
2259,0,null,0,0,0
2260,0,null,0,0,0
2261,0,null,0,0,0
2262,0,null,0,0,0
2263,0,null,0,0,0
2264,8,secondary_proton,1,1,1
2265,0,null,0,0,0
2266,0,null,0,0,0
2267,0,null,0,0,0
2268,0,null,0,0,0
2269,0,null,0,0,0
2270,0,null,0,0,0
2271,0,null,0,0,0
2273,0,null,0,0,0
2274,0,null,0,0,0
2275,0,null,0,0,0
2276,12,pi+,1,1,1
2277,0,null,0,0,0
2278,0,null,0,0,0
2279,0,null,0,0,0
2280,0,null,0,0,0
2281,0,null,0,0,0
2282,0,null,0,0,0
2283,0,null,0,0,0
2284,0,null,0,0,0
2285,0,null,0,0,0
2286,0,null,0,0,0
2287,0,null,0,0,0
2288,0,null,0,0,0
2289,0,null,0,0,0
2290,0,null,0,0,0
2291,0,null,0,0,0
2292,0,null,0,0,0
2293,0,null,0,0,0
2294,0,null,0,0,0
2295,0,null,0,0,0
2296,0,null,0,0,0
2297,0,null,0,0,0
2298,0,null,0,0,0
2299,0,null,0,0,0
2300,0,null,0,0,0
2301,0,null,0,0,0
2302,0,null,0,0,0
2303,0,null,0,0,0
2304,1,primary_proton,1,1,1
2305,9,secondary_proton,1,1,1
2306,0,null,0,0,0
2307,0,null,0,0,0
2308,0,null,0,0,0
2309,0,null,0,0,0
2310,0,null,0,0,0
2311,0,null,0,0,0
2312,0,null,0,0,0
2313,0,null,0,0,0
2314,0,null,0,0,0
2315,0,null,0,0,0
2316,0,null,0,0,0
2317,0,null,0,0,0
2318,0,null,0,0,0
2319,0,null,0,0,0
2320,0,null,0,0,0
2321,0,null,0,0,0
2322,0,null,0,0,0
2323,0,null,0,0,0
2324,0,null,0,0,0
2325,0,null,0,0,0
2326,0,null,0,0,0
2327,0,null,0,0,0
2328,0,null,0,0,0
2329,0,null,0,0,0
2330,0,null,0,0,0
2331,0,null,0,0,0
2332,0,null,0,0,0
2333,0,null,0,0,0
2334,0,null,0,0,0
2335,0,null,0,0,0
2336,0,null,0,0,0
2337,0,null,0,0,0
2338,0,null,0,0,0
2339,0,null,0,0,0
2340,0,null,0,0,0
2341,0,null,0,0,0
2342,0,null,0,0,0
2343,0,null,0,0,0
2344,0,null,0,0,0
2345,0,null,0,0,0
2346,0,null,0,0,0
2347,0,null,0,0,0
2348,0,null,0,0,0
2349,0,null,0,0,0
2350,0,null,0,0,0
2351,0,null,0,0,0
2352,2,secondary_proton,1,1,1
2353,0,null,0,0,0
2354,0,null,0,0,0
2355,0,null,0,0,0
2356,0,null,0,0,0
2357,0,null,0,0,0
2358,0,null,0,0,0
2359,0,null,0,0,0
2360,0,null,0,0,0
2361,0,null,0,0,0
2362,0,null,0,0,0
2363,0,null,0,0,0
2364,0,null,0,0,0
2365,1,primary_proton,1,1,1
2366,0,null,0,0,0
2367,0,null,0,0,0
2368,0,null,0,0,0
2369,0,null,0,0,0
2370,0,null,0,0,0
2371,0,null,0,0,0
2372,0,null,0,0,0
2373,0,null,0,0,0
2374,0,null,0,0,0
2375,0,null,0,0,0
2376,0,null,0,0,0
2377,0,null,0,0,0
2378,0,null,0,0,0
2379,0,null,0,0,0
2380,0,null,0,0,0
2381,0,null,0,0,0
2382,1,primary_proton,1,1,1
2383,0,null,0,0,0
2384,0,null,0,0,0
2385,0,null,0,0,0
2386,1,primary_proton,1,1,1
2387,0,null,0,0,0
2388,0,null,0,0,0
2389,0,null,0,0,0
2390,0,null,0,0,0
2391,21,pi+,1,1,0
2392,0,null,0,0,0
2393,0,null,0,0,0
2394,0,null,0,0,0
2395,0,null,0,0,0
2396,0,null,0,0,0
2397,0,null,0,0,0
2398,0,null,0,0,0
2399,0,null,0,0,0
2400,0,null,0,0,0
2401,0,null,0,0,0
2402,0,null,0,0,0
2403,0,null,0,0,0
2404,0,null,0,0,0
2405,0,null,0,0,0
2406,0,null,0,0,0
2407,0,null,0,0,0
2408,0,null,0,0,0
2409,0,null,0,0,0
2410,0,null,0,0,0
2411,0,null,0,0,0
2412,0,null,0,0,0
2413,0,null,0,0,0
2414,0,null,0,0,0
2415,0,null,0,0,0
2416,0,null,0,0,0
2417,0,null,0,0,0
2418,0,null,0,0,0
2419,0,null,0,0,0
2420,1,primary_proton,1,1,1
2421,0,null,0,0,0
2422,0,null,0,0,0
2423,0,null,0,0,0
2424,0,null,0,0,0
2425,0,null,0,0,0
2426,0,null,0,0,0
2427,0,null,0,0,0
2428,0,null,0,0,0
2429,0,null,0,0,0
2430,0,null,0,0,0
2431,0,null,0,0,0
2432,0,null,0,0,0
2433,0,null,0,0,0
2434,0,null,0,0,0
2435,0,null,0,0,0
2436,0,null,0,0,0
2437,0,null,0,0,0
2438,0,null,0,0,0
2439,0,null,0,0,0
2440,0,null,0,0,0
2441,0,null,0,0,0
2442,0,null,0,0,0
2443,0,null,0,0,0
2444,0,null,0,0,0
2445,0,null,0,0,0
2446,7,pi+,1,1,1
2447,0,null,0,0,0
2448,0,null,0,0,0
2449,0,null,0,0,0
2450,0,null,0,0,0
2451,0,null,0,0,0
2452,0,null,0,0,0
2453,0,null,0,0,0
2454,0,null,0,0,0
2455,0,null,0,0,0
2456,0,null,0,0,0
2457,0,null,0,0,0
2458,0,null,0,0,0
2459,0,null,0,0,0
2460,0,null,0,0,0
2461,0,null,0,0,0
2462,0,null,0,0,0
2463,6798,secondary_proton,1,1,0
2464,0,null,0,0,0
2465,0,null,0,0,0
2466,0,null,0,0,0
2467,0,null,0,0,0
2468,0,null,0,0,0
2469,0,null,0,0,0
2470,0,null,0,0,0
2471,0,null,0,0,0
2472,0,null,0,0,0
2473,0,null,0,0,0
2474,0,null,0,0,0
2475,0,null,0,0,0
2476,0,null,0,0,0
2477,0,null,0,0,0
2478,0,null,0,0,0
2479,0,null,0,0,0
2480,0,null,0,0,0
2481,0,null,0,0,0
2482,0,null,0,0,0
2483,1620,e-,1,0,0
2484,0,null,0,0,0
2485,1,primary_proton,1,1,1
2486,0,null,0,0,0
2487,0,null,0,0,0
2488,0,null,0,0,0
2489,0,null,0,0,0
2490,1,primary_proton,1,1,1
2491,0,null,0,0,0
2492,0,null,0,0,0
2494,0,null,0,0,0
2495,0,null,0,0,0
2496,0,null,0,0,0
2497,0,null,0,0,0
2498,0,null,0,0,0
2499,0,null,0,0,0
2500,0,null,0,0,0
2501,0,null,0,0,0
2502,0,null,0,0,0
2503,0,null,0,0,0
2504,0,null,0,0,0
2505,0,null,0,0,0
2506,0,null,0,0,0
2507,10,pi+,1,1,1
2508,0,null,0,0,0
2509,0,null,0,0,0
2510,0,null,0,0,0
2511,0,null,0,0,0
2512,0,null,0,0,0
2513,0,null,0,0,0
2514,0,null,0,0,0
2515,0,null,0,0,0
2516,0,null,0,0,0
2517,0,null,0,0,0
2518,0,null,0,0,0
2519,0,null,0,0,0
2520,0,null,0,0,0
2521,0,null,0,0,0
2522,0,null,0,0,0
2523,0,null,0,0,0
2524,0,null,0,0,0
2525,0,null,0,0,0
2526,0,null,0,0,0
2527,0,null,0,0,0
2528,0,null,0,0,0
2529,0,null,0,0,0
2530,0,null,0,0,0
2531,0,null,0,0,0
2532,0,null,0,0,0
2533,1797,pi-,1,0,0
2534,0,null,0,0,0
2535,0,null,0,0,0
2536,0,null,0,0,0
2537,0,null,0,0,0
2538,0,null,0,0,0
2539,0,null,0,0,0
2540,0,null,0,0,0
2541,0,null,0,0,0
2542,0,null,0,0,0
2543,0,null,0,0,0
2544,0,null,0,0,0
2545,0,null,0,0,0
2546,0,null,0,0,0
2547,0,null,0,0,0
2548,0,null,0,0,0
2549,0,null,0,0,0
2550,0,null,0,0,0
2551,0,null,0,0,0
2552,0,null,0,0,0
2553,6,pi+,1,1,1
2554,0,null,0,0,0
2555,0,null,0,0,0
2556,0,null,0,0,0
2557,0,null,0,0,0
2558,0,null,0,0,0
2559,0,null,0,0,0
2560,0,null,0,0,0
2561,0,null,0,0,0
2562,0,null,0,0,0
2563,10,secondary_proton,1,1,1
2564,0,null,0,0,0
2565,0,null,0,0,0
2566,0,null,0,0,0
2567,0,null,0,0,0
2568,0,null,0,0,0
2569,0,null,0,0,0
2570,0,null,0,0,0
2571,0,null,0,0,0
2572,0,null,0,0,0
2573,0,null,0,0,0
2574,0,null,0,0,0
2575,0,null,0,0,0
2576,0,null,0,0,0
2577,0,null,0,0,0
2578,0,null,0,0,0
2579,0,null,0,0,0
2580,0,null,0,0,0
2581,0,null,0,0,0
2582,0,null,0,0,0
2583,0,null,0,0,0
2584,0,null,0,0,0
2585,0,null,0,0,0
2586,0,null,0,0,0
2587,0,null,0,0,0
2588,0,null,0,0,0
2589,0,null,0,0,0
2590,0,null,0,0,0
2591,0,null,0,0,0
2592,0,null,0,0,0
2593,0,null,0,0,0
2594,0,null,0,0,0
2595,0,null,0,0,0
2596,0,null,0,0,0
2597,0,null,0,0,0
2598,0,null,0,0,0
2599,0,null,0,0,0
2600,0,null,0,0,0
2601,0,null,0,0,0
2602,0,null,0,0,0
2603,0,null,0,0,0
2604,0,null,0,0,0
2605,1,primary_proton,1,1,1
2606,0,null,0,0,0
2607,0,null,0,0,0
2608,0,null,0,0,0
2609,0,null,0,0,0
2610,0,null,0,0,0
2611,0,null,0,0,0
2612,0,null,0,0,0
2613,0,null,0,0,0
2614,0,null,0,0,0
2615,1343,e-,1,0,0
2616,0,null,0,0,0
2617,0,null,0,0,0
2618,1,primary_proton,1,1,1
2619,0,null,0,0,0
2620,0,null,0,0,0
2621,0,null,0,0,0
2622,0,null,0,0,0
2623,0,null,0,0,0
2624,0,null,0,0,0
2625,0,null,0,0,0
2626,0,null,0,0,0
2627,0,null,0,0,0
2628,0,null,0,0,0
2629,0,null,0,0,0
2630,0,null,0,0,0
2631,0,null,0,0,0
2632,0,null,0,0,0
2633,0,null,0,0,0
2634,0,null,0,0,0
2635,0,null,0,0,0
2636,0,null,0,0,0
2637,0,null,0,0,0
2638,0,null,0,0,0
2639,0,null,0,0,0
2640,0,null,0,0,0
2641,0,null,0,0,0
2642,0,null,0,0,0
2643,0,null,0,0,0
2644,0,null,0,0,0
2645,0,null,0,0,0
2646,0,null,0,0,0
2647,0,null,0,0,0
2648,0,null,0,0,0
2649,0,null,0,0,0
2650,0,null,0,0,0
2651,0,null,0,0,0
2652,0,null,0,0,0
2653,0,null,0,0,0
2654,0,null,0,0,0
2655,0,null,0,0,0
2656,0,null,0,0,0
2657,0,null,0,0,0
2658,0,null,0,0,0
2659,0,null,0,0,0
2660,0,null,0,0,0
2661,0,null,0,0,0
2662,0,null,0,0,0
2663,0,null,0,0,0
2664,4437,secondary_proton,1,1,1
2665,0,null,0,0,0
2666,0,null,0,0,0
2667,0,null,0,0,0
2668,0,null,0,0,0
2669,0,null,0,0,0
2670,0,null,0,0,0
2671,0,null,0,0,0
2672,0,null,0,0,0
2673,0,null,0,0,0
2674,0,null,0,0,0
2675,0,null,0,0,0
2676,0,null,0,0,0
2677,0,null,0,0,0
2678,0,null,0,0,0
2679,0,null,0,0,0
2680,0,null,0,0,0
2681,0,null,0,0,0
2682,0,null,0,0,0
2683,0,null,0,0,0
2684,0,null,0,0,0
2685,0,null,0,0,0
2686,0,null,0,0,0
2687,0,null,0,0,0
2688,0,null,0,0,0
2689,0,null,0,0,0
2690,0,null,0,0,0
2691,0,null,0,0,0
2692,0,null,0,0,0
2693,0,null,0,0,0
2694,0,null,0,0,0
2695,0,null,0,0,0
2696,0,null,0,0,0
2697,0,null,0,0,0
2698,0,null,0,0,0
2699,0,null,0,0,0
2700,0,null,0,0,0
2701,0,null,0,0,0
2702,0,null,0,0,0
2703,0,null,0,0,0
2704,3226,e-,1,0,0
2705,0,null,0,0,0
2706,0,null,0,0,0
2707,0,null,0,0,0
2708,1,primary_proton,1,1,1
2709,0,null,0,0,0
2710,0,null,0,0,0
2711,0,null,0,0,0
2712,0,null,0,0,0
2713,0,null,0,0,0
2714,0,null,0,0,0
2715,0,null,0,0,0
2716,0,null,0,0,0
2718,0,null,0,0,0
2719,0,null,0,0,0
2720,0,null,0,0,0
2721,0,null,0,0,0
2722,0,null,0,0,0
2723,0,null,0,0,0
2724,0,null,0,0,0
2725,0,null,0,0,0
2726,1,primary_proton,1,1,1
2727,0,null,0,0,0
2728,0,null,0,0,0
2729,0,null,0,0,0
2730,0,null,0,0,0
2731,0,null,0,0,0
2732,0,null,0,0,0
2733,0,null,0,0,0
2734,0,null,0,0,0
2735,0,null,0,0,0
2736,0,null,0,0,0
2737,0,null,0,0,0
2738,0,null,0,0,0
2739,0,null,0,0,0
2740,0,null,0,0,0
2741,0,null,0,0,0
2742,0,null,0,0,0
2743,6,secondary_proton,1,1,1
2744,0,null,0,0,0
2745,0,null,0,0,0
2746,0,null,0,0,0
2747,0,null,0,0,0
2748,0,null,0,0,0
2749,7,pi+,1,1,1
2750,0,null,0,0,0
2751,0,null,0,0,0
2752,0,null,0,0,0
2753,0,null,0,0,0
2754,0,null,0,0,0
2755,0,null,0,0,0
2756,0,null,0,0,0
2757,0,null,0,0,0
2758,0,null,0,0,0
2759,0,null,0,0,0
2760,0,null,0,0,0
2761,0,null,0,0,0
2762,0,null,0,0,0
2763,0,null,0,0,0
2764,1,primary_proton,1,1,1
2765,0,null,0,0,0
2766,0,null,0,0,0
2767,2806,e-,1,1,0
2768,0,null,0,0,0
2769,0,null,0,0,0
2770,0,null,0,0,0
2771,0,null,0,0,0
2772,0,null,0,0,0
2773,0,null,0,0,0
2774,0,null,0,0,0
2775,0,null,0,0,0
2776,0,null,0,0,0
2777,0,null,0,0,0
2778,0,null,0,0,0
2779,0,null,0,0,0
2780,0,null,0,0,0
2781,0,null,0,0,0
2782,17,pi+,1,1,1
2783,0,null,0,0,0
2784,0,null,0,0,0
2785,0,null,0,0,0
2786,0,null,0,0,0
2787,1273,e-,1,1,1
2788,0,null,0,0,0
2789,0,null,0,0,0
2790,0,null,0,0,0
2791,0,null,0,0,0
2792,0,null,0,0,0
2793,0,null,0,0,0
2794,0,null,0,0,0
2795,0,null,0,0,0
2796,0,null,0,0,0
2797,0,null,0,0,0
2798,0,null,0,0,0
2799,0,null,0,0,0
2800,0,null,0,0,0
2801,1,primary_proton,1,1,1
2802,0,null,0,0,0
2803,0,null,0,0,0
2804,0,null,0,0,0
2805,12,pi-,1,1,1
2806,0,null,0,0,0
2807,0,null,0,0,0
2808,0,null,0,0,0
2809,0,null,0,0,0
2810,0,null,0,0,0
2811,0,null,0,0,0
2812,0,null,0,0,0
2813,0,null,0,0,0
2814,0,null,0,0,0
2815,0,null,0,0,0
2816,0,null,0,0,0
2817,0,null,0,0,0
2818,0,null,0,0,0
2819,0,null,0,0,0
2820,0,null,0,0,0
2821,0,null,0,0,0
2822,0,null,0,0,0
2823,0,null,0,0,0
2824,0,null,0,0,0
2825,0,null,0,0,0
2826,0,null,0,0,0
2827,0,null,0,0,0
2828,0,null,0,0,0
2829,0,null,0,0,0
2830,0,null,0,0,0
2831,0,null,0,0,0
2832,0,null,0,0,0
2833,0,null,0,0,0
2834,0,null,0,0,0
2835,0,null,0,0,0
2836,0,null,0,0,0
2837,0,null,0,0,0
2838,0,null,0,0,0
2839,0,null,0,0,0
2840,0,null,0,0,0
2841,0,null,0,0,0
2842,0,null,0,0,0
2843,0,null,0,0,0
2844,0,null,0,0,0
2845,0,null,0,0,0
2846,0,null,0,0,0
2847,0,null,0,0,0
2848,1,primary_proton,1,1,1
2849,0,null,0,0,0
2850,0,null,0,0,0
2851,0,null,0,0,0
2852,0,null,0,0,0
2853,0,null,0,0,0
2854,0,null,0,0,0
2855,0,null,0,0,0
2856,0,null,0,0,0
2857,0,null,0,0,0
2858,0,null,0,0,0
2859,0,null,0,0,0
2860,0,null,0,0,0
2861,8,secondary_proton,1,1,1
2862,0,null,0,0,0
2863,0,null,0,0,0
2864,0,null,0,0,0
2865,0,null,0,0,0
2866,0,null,0,0,0
2867,0,null,0,0,0
2868,0,null,0,0,0
2869,0,null,0,0,0
2870,0,null,0,0,0
2871,0,null,0,0,0
2872,0,null,0,0,0
2873,0,null,0,0,0
2874,0,null,0,0,0
2875,0,null,0,0,0
2876,0,null,0,0,0
2877,0,null,0,0,0
2878,0,null,0,0,0
2879,0,null,0,0,0
2880,0,null,0,0,0
2881,0,null,0,0,0
2882,0,null,0,0,0
2883,0,null,0,0,0
2884,0,null,0,0,0
2885,0,null,0,0,0
2886,0,null,0,0,0
2887,0,null,0,0,0
2888,0,null,0,0,0
2889,0,null,0,0,0
2890,0,null,0,0,0
2891,0,null,0,0,0
2892,0,null,0,0,0
2893,0,null,0,0,0
2894,995,secondary_proton,1,0,0
2895,0,null,0,0,0
2896,11,secondary_proton,1,1,0
2897,0,null,0,0,0
2898,0,null,0,0,0
2899,0,null,0,0,0
2900,0,null,0,0,0
2901,0,null,0,0,0
2902,0,null,0,0,0
2903,0,null,0,0,0
2904,0,null,0,0,0
2905,0,null,0,0,0
2906,0,null,0,0,0
2907,0,null,0,0,0
2908,0,null,0,0,0
2909,0,null,0,0,0
2910,0,null,0,0,0
2911,0,null,0,0,0
2912,0,null,0,0,0
2913,0,null,0,0,0
2914,0,null,0,0,0
2915,0,null,0,0,0
2916,0,null,0,0,0
2917,0,null,0,0,0
2918,0,null,0,0,0
2919,1,primary_proton,1,1,1
2920,0,null,0,0,0
2921,0,null,0,0,0
2922,0,null,0,0,0
2923,0,null,0,0,0
2924,0,null,0,0,0
2925,0,null,0,0,0
2926,0,null,0,0,0
2927,0,null,0,0,0
2928,0,null,0,0,0
2929,0,null,0,0,0
2930,0,null,0,0,0
2931,0,null,0,0,0
2932,0,null,0,0,0
2933,0,null,0,0,0
2934,0,null,0,0,0
2935,6,secondary_proton,1,1,1
2936,0,null,0,0,0
2937,0,null,0,0,0
2938,1004,pi+,1,1,1
2940,0,null,0,0,0
2941,1,primary_proton,1,1,1
2942,0,null,0,0,0
2943,0,null,0,0,0
2944,0,null,0,0,0
2945,0,null,0,0,0
2946,0,null,0,0,0
2947,2434,e-,1,0,0
2948,0,null,0,0,0
2949,0,null,0,0,0
2950,0,null,0,0,0
2951,0,null,0,0,0
2952,0,null,0,0,0
2953,0,null,0,0,0
2954,0,null,0,0,0
2955,0,null,0,0,0
2956,0,null,0,0,0
2957,0,null,0,0,0
2958,0,null,0,0,0
2959,0,null,0,0,0
2960,0,null,0,0,0
2961,21,pi-,1,1,1
2962,0,null,0,0,0
2963,0,null,0,0,0
2964,0,null,0,0,0
2965,0,null,0,0,0
2966,0,null,0,0,0
2967,0,null,0,0,0
2968,0,null,0,0,0
2969,0,null,0,0,0
2970,0,null,0,0,0
2971,0,null,0,0,0
2972,0,null,0,0,0
2973,0,null,0,0,0
2974,0,null,0,0,0
2975,0,null,0,0,0
2976,0,null,0,0,0
2977,0,null,0,0,0
2978,0,null,0,0,0
2979,0,null,0,0,0
2980,0,null,0,0,0
2981,0,null,0,0,0
2982,0,null,0,0,0
2983,0,null,0,0,0
2984,0,null,0,0,0
2985,1,primary_proton,1,1,0
2986,0,null,0,0,0
2987,0,null,0,0,0
2988,0,null,0,0,0
2989,0,null,0,0,0
2990,0,null,0,0,0
2991,0,null,0,0,0
2992,0,null,0,0,0
2993,0,null,0,0,0
2994,0,null,0,0,0
2995,0,null,0,0,0
2996,0,null,0,0,0
2997,0,null,0,0,0
2998,0,null,0,0,0
2999,0,null,0,0,0
3000,0,null,0,0,0
3001,0,null,0,0,0
3002,0,null,0,0,0
3003,0,null,0,0,0
3004,0,null,0,0,0
3005,5,secondary_proton,1,1,1
3006,0,null,0,0,0
3007,0,null,0,0,0
3008,0,null,0,0,0
3009,0,null,0,0,0
3010,0,null,0,0,0
3011,0,null,0,0,0
3012,0,null,0,0,0
3013,0,null,0,0,0
3014,0,null,0,0,0
3015,0,null,0,0,0
3016,0,null,0,0,0
3017,0,null,0,0,0
3018,0,null,0,0,0
3019,0,null,0,0,0
3020,0,null,0,0,0
3021,0,null,0,0,0
3022,0,null,0,0,0
3023,0,null,0,0,0
3024,1,primary_proton,1,1,1
3025,0,null,0,0,0
3026,0,null,0,0,0
3027,0,null,0,0,0
3028,0,null,0,0,0
3029,0,null,0,0,0
3030,0,null,0,0,0
3031,0,null,0,0,0
3032,0,null,0,0,0
3033,0,null,0,0,0
3034,0,null,0,0,0
3035,0,null,0,0,0
3036,0,null,0,0,0
3037,0,null,0,0,0
3038,0,null,0,0,0
3039,0,null,0,0,0
3040,1,primary_proton,1,1,1
3041,0,null,0,0,0
3042,0,null,0,0,0
3043,0,null,0,0,0
3044,0,null,0,0,0
3045,0,null,0,0,0
3046,0,null,0,0,0
3047,0,null,0,0,0
3048,0,null,0,0,0
3049,0,null,0,0,0
3050,0,null,0,0,0
3051,0,null,0,0,0
3052,0,null,0,0,0
3053,0,null,0,0,0
3054,0,null,0,0,0
3055,0,null,0,0,0
3056,0,null,0,0,0
3057,0,null,0,0,0
3058,0,null,0,0,0
3059,0,null,0,0,0
3060,0,null,0,0,0
3061,0,null,0,0,0
3062,1,primary_proton,1,1,1
3063,0,null,0,0,0
3064,0,null,0,0,0
3065,0,null,0,0,0
3066,19,pi-,1,1,0
3067,0,null,0,0,0
3068,0,null,0,0,0
3069,0,null,0,0,0
3070,0,null,0,0,0
3071,0,null,0,0,0
3072,0,null,0,0,0
3073,0,null,0,0,0
3074,0,null,0,0,0
3075,0,null,0,0,0
3076,0,null,0,0,0
3077,0,null,0,0,0
3078,0,null,0,0,0
3079,0,null,0,0,0
3080,0,null,0,0,0
3081,0,null,0,0,0
3082,0,null,0,0,0
3083,0,null,0,0,0
3084,0,null,0,0,0
3085,0,null,0,0,0
3086,0,null,0,0,0
3087,0,null,0,0,0
3088,0,null,0,0,0
3089,0,null,0,0,0
3090,0,null,0,0,0
3091,0,null,0,0,0
3092,0,null,0,0,0
3093,0,null,0,0,0
3094,0,null,0,0,0
3095,0,null,0,0,0
3096,0,null,0,0,0
3097,0,null,0,0,0
3098,1,primary_proton,1,1,1
3099,0,null,0,0,0
3100,0,null,0,0,0
3101,0,null,0,0,0
3102,0,null,0,0,0
3103,0,null,0,0,0
3104,0,null,0,0,0
3105,0,null,0,0,0
3106,0,null,0,0,0
3107,0,null,0,0,0
3108,0,null,0,0,0
3109,0,null,0,0,0
3110,0,null,0,0,0
3111,0,null,0,0,0
3112,0,null,0,0,0
3113,0,null,0,0,0
3114,0,null,0,0,0
3115,0,null,0,0,0
3116,0,null,0,0,0
3117,0,null,0,0,0
3118,0,null,0,0,0
3119,0,null,0,0,0
3120,0,null,0,0,0
3121,0,null,0,0,0
3122,0,null,0,0,0
3123,0,null,0,0,0
3124,0,null,0,0,0
3125,0,null,0,0,0
3126,0,null,0,0,0
3127,0,null,0,0,0
3128,0,null,0,0,0
3129,0,null,0,0,0
3130,0,null,0,0,0
3131,0,null,0,0,0
3132,0,null,0,0,0
3133,0,null,0,0,0
3134,0,null,0,0,0
3135,0,null,0,0,0
3136,0,null,0,0,0
3137,0,null,0,0,0
3138,0,null,0,0,0
3139,0,null,0,0,0
3140,0,null,0,0,0
3141,0,null,0,0,0
3142,0,null,0,0,0
3143,1,primary_proton,1,1,1
3144,0,null,0,0,0
3145,2,secondary_proton,1,1,1
3146,0,null,0,0,0
3147,0,null,0,0,0
3148,0,null,0,0,0
3149,0,null,0,0,0
3150,0,null,0,0,0
3151,0,null,0,0,0
3152,0,null,0,0,0
3153,0,null,0,0,0
3154,0,null,0,0,0
3155,0,null,0,0,0
3156,0,null,0,0,0
3157,0,null,0,0,0
3158,0,null,0,0,0
3159,5,pi+,1,1,1
3160,0,null,0,0,0
3162,0,null,0,0,0
3163,0,null,0,0,0
3164,0,null,0,0,0
3165,0,null,0,0,0
3166,0,null,0,0,0
3167,0,null,0,0,0
3168,0,null,0,0,0
3169,0,null,0,0,0
3170,0,null,0,0,0
3171,0,null,0,0,0
3172,0,null,0,0,0
3173,0,null,0,0,0
3174,0,null,0,0,0
3175,0,null,0,0,0
3176,1,primary_proton,1,1,1
3177,0,null,0,0,0
3178,0,null,0,0,0
3179,0,null,0,0,0
3180,0,null,0,0,0
3181,0,null,0,0,0
3182,0,null,0,0,0
3183,0,null,0,0,0
3184,0,null,0,0,0
3185,0,null,0,0,0
3186,0,null,0,0,0
3187,0,null,0,0,0
3188,0,null,0,0,0
3189,0,null,0,0,0
3190,0,null,0,0,0
3191,0,null,0,0,0
3192,0,null,0,0,0
3193,0,null,0,0,0
3194,6,secondary_proton,1,1,1
3195,0,null,0,0,0
3196,0,null,0,0,0
3197,0,null,0,0,0
3198,0,null,0,0,0
3199,0,null,0,0,0
3200,0,null,0,0,0
3201,0,null,0,0,0
3202,0,null,0,0,0
3203,0,null,0,0,0
3204,0,null,0,0,0
3205,0,null,0,0,0
3206,0,null,0,0,0
3207,0,null,0,0,0
3208,0,null,0,0,0
3209,0,null,0,0,0
3210,1,primary_proton,1,1,1
3211,0,null,0,0,0
3212,26,pi+,1,0,0
3213,0,null,0,0,0
3214,0,null,0,0,0
3215,0,null,0,0,0
3216,0,null,0,0,0
3217,0,null,0,0,0
3218,0,null,0,0,0
3219,0,null,0,0,0
3220,0,null,0,0,0
3221,0,null,0,0,0
3222,0,null,0,0,0
3223,0,null,0,0,0
3224,0,null,0,0,0
3225,1,primary_proton,1,1,1
3226,0,null,0,0,0
3227,0,null,0,0,0
3228,0,null,0,0,0
3229,10,pi+,1,1,1
3230,0,null,0,0,0
3231,0,null,0,0,0
3232,6,secondary_proton,1,1,1
3233,0,null,0,0,0
3234,0,null,0,0,0
3235,0,null,0,0,0
3236,0,null,0,0,0
3237,0,null,0,0,0
3238,0,null,0,0,0
3239,0,null,0,0,0
3240,2,secondary_proton,1,1,1
3241,0,null,0,0,0
3242,0,null,0,0,0
3243,0,null,0,0,0
3244,0,null,0,0,0
3245,0,null,0,0,0
3246,0,null,0,0,0
3247,0,null,0,0,0
3248,0,null,0,0,0
3249,0,null,0,0,0
3250,0,null,0,0,0
3251,0,null,0,0,0
3252,0,null,0,0,0
3253,0,null,0,0,0
3254,0,null,0,0,0
3255,1893,e-,1,1,0
3256,0,null,0,0,0
3257,0,null,0,0,0
3258,0,null,0,0,0
3259,0,null,0,0,0
3260,0,null,0,0,0
3261,0,null,0,0,0
3262,0,null,0,0,0
3263,0,null,0,0,0
3264,0,null,0,0,0
3265,0,null,0,0,0
3266,0,null,0,0,0
3267,0,null,0,0,0
3268,0,null,0,0,0
3269,0,null,0,0,0
3270,0,null,0,0,0
3271,0,null,0,0,0
3272,0,null,0,0,0
3273,0,null,0,0,0
3274,0,null,0,0,0
3275,0,null,0,0,0
3276,0,null,0,0,0
3277,0,null,0,0,0
3278,0,null,0,0,0
3279,0,null,0,0,0
3280,0,null,0,0,0
3281,0,null,0,0,0
3282,0,null,0,0,0
3283,0,null,0,0,0
3284,4,secondary_proton,1,1,1
3285,0,null,0,0,0
3286,0,null,0,0,0
3287,0,null,0,0,0
3288,0,null,0,0,0
3289,0,null,0,0,0
3290,0,null,0,0,0
3291,0,null,0,0,0
3292,0,null,0,0,0
3293,1,primary_proton,1,1,1
3294,0,null,0,0,0
3295,0,null,0,0,0
3296,0,null,0,0,0
3297,0,null,0,0,0
3298,0,null,0,0,0
3299,0,null,0,0,0
3300,0,null,0,0,0
3301,0,null,0,0,0
3302,0,null,0,0,0
3303,0,null,0,0,0
3304,0,null,0,0,0
3305,0,null,0,0,0
3306,0,null,0,0,0
3307,0,null,0,0,0
3308,0,null,0,0,0
3309,1,primary_proton,1,1,1
3310,0,null,0,0,0
3311,0,null,0,0,0
3312,0,null,0,0,0
3313,0,null,0,0,0
3314,0,null,0,0,0
3315,0,null,0,0,0
3316,0,null,0,0,0
3317,0,null,0,0,0
3318,0,null,0,0,0
3319,0,null,0,0,0
3320,0,null,0,0,0
3321,1,primary_proton,1,1,1
3322,0,null,0,0,0
3323,0,null,0,0,0
3324,1,primary_proton,1,1,1
3325,0,null,0,0,0
3326,0,null,0,0,0
3327,0,null,0,0,0
3328,0,null,0,0,0
3329,0,null,0,0,0
3330,0,null,0,0,0
3331,0,null,0,0,0
3332,0,null,0,0,0
3333,0,null,0,0,0
3334,0,null,0,0,0
3335,0,null,0,0,0
3336,0,null,0,0,0
3337,0,null,0,0,0
3338,0,null,0,0,0
3339,0,null,0,0,0
3340,0,null,0,0,0
3341,0,null,0,0,0
3342,1,primary_proton,1,1,1
3343,0,null,0,0,0
3344,0,null,0,0,0
3345,0,null,0,0,0
3346,0,null,0,0,0
3347,0,null,0,0,0
3348,0,null,0,0,0
3349,8,secondary_proton,1,1,0
3350,0,null,0,0,0
3351,0,null,0,0,0
3352,1,primary_proton,1,1,1
3353,0,null,0,0,0
3354,0,null,0,0,0
3355,0,null,0,0,0
3356,0,null,0,0,0
3357,0,null,0,0,0
3358,0,null,0,0,0
3359,0,null,0,0,0
3360,0,null,0,0,0
3361,1,primary_proton,1,1,1
3362,0,null,0,0,0
3363,0,null,0,0,0
3364,0,null,0,0,0
3365,0,null,0,0,0
3366,0,null,0,0,0
3367,0,null,0,0,0
3368,0,null,0,0,0
3369,0,null,0,0,0
3370,0,null,0,0,0
3371,0,null,0,0,0
3372,0,null,0,0,0
3373,0,null,0,0,0
3374,0,null,0,0,0
3375,0,null,0,0,0
3376,0,null,0,0,0
3377,0,null,0,0,0
3378,0,null,0,0,0
3380,0,null,0,0,0
3381,0,null,0,0,0
3382,0,null,0,0,0
3383,0,null,0,0,0
3384,0,null,0,0,0
3385,0,null,0,0,0
3386,0,null,0,0,0
3387,0,null,0,0,0
3388,1,primary_proton,1,1,1
3389,0,null,0,0,0
3390,0,null,0,0,0
3391,0,null,0,0,0
3392,0,null,0,0,0
3393,0,null,0,0,0
3394,0,null,0,0,0
3395,0,null,0,0,0
3396,0,null,0,0,0
3397,3233,secondary_proton,1,1,1
3398,0,null,0,0,0
3399,0,null,0,0,0
3400,0,null,0,0,0
3401,1,primary_proton,1,1,1
3402,0,null,0,0,0
3403,0,null,0,0,0
3404,0,null,0,0,0
3405,0,null,0,0,0
3406,0,null,0,0,0
3407,0,null,0,0,0
3408,0,null,0,0,0
3409,0,null,0,0,0
3410,0,null,0,0,0
3411,0,null,0,0,0
3412,0,null,0,0,0
3413,0,null,0,0,0
3414,1,primary_proton,1,1,1
3415,0,null,0,0,0
3416,0,null,0,0,0
3417,0,null,0,0,0
3418,0,null,0,0,0
3419,0,null,0,0,0
3420,12,secondary_proton,1,1,1
3421,0,null,0,0,0
3422,0,null,0,0,0
3423,0,null,0,0,0
3424,0,null,0,0,0
3425,0,null,0,0,0
3426,0,null,0,0,0
3427,0,null,0,0,0
3428,0,null,0,0,0
3429,0,null,0,0,0
3430,0,null,0,0,0
3431,0,null,0,0,0
3432,0,null,0,0,0
3433,0,null,0,0,0
3434,0,null,0,0,0
3435,0,null,0,0,0
3436,0,null,0,0,0
3437,0,null,0,0,0
3438,0,null,0,0,0
3439,0,null,0,0,0
3440,0,null,0,0,0
3441,0,null,0,0,0
3442,0,null,0,0,0
3443,0,null,0,0,0
3444,0,null,0,0,0
3445,0,null,0,0,0
3446,0,null,0,0,0
3447,0,null,0,0,0
3448,0,null,0,0,0
3449,0,null,0,0,0
3450,0,null,0,0,0
3451,0,null,0,0,0
3452,0,null,0,0,0
3453,0,null,0,0,0
3454,0,null,0,0,0
3455,0,null,0,0,0
3456,0,null,0,0,0
3457,0,null,0,0,0
3458,0,null,0,0,0
3459,1,primary_proton,1,1,1
3460,0,null,0,0,0
3461,7,pi+,1,0,0
3462,0,null,0,0,0
3463,0,null,0,0,0
3464,0,null,0,0,0
3465,0,null,0,0,0
3466,0,null,0,0,0
3467,0,null,0,0,0
3468,0,null,0,0,0
3469,0,null,0,0,0
3470,0,null,0,0,0
3471,0,null,0,0,0
3472,0,null,0,0,0
3473,1,primary_proton,1,1,1
3474,0,null,0,0,0
3475,0,null,0,0,0
3476,0,null,0,0,0
3477,0,null,0,0,0
3478,0,null,0,0,0
3479,0,null,0,0,0
3480,0,null,0,0,0
3481,0,null,0,0,0
3482,10,secondary_proton,1,1,1
3483,1,primary_proton,1,1,1
3484,0,null,0,0,0
3485,0,null,0,0,0
3486,0,null,0,0,0
3487,0,null,0,0,0
3488,0,null,0,0,0
3489,0,null,0,0,0
3490,0,null,0,0,0
3491,0,null,0,0,0
3492,0,null,0,0,0
3493,0,null,0,0,0
3494,0,null,0,0,0
3495,0,null,0,0,0
3496,0,null,0,0,0
3497,0,null,0,0,0
3498,0,null,0,0,0
3499,0,null,0,0,0
3500,1,primary_proton,1,1,1
3501,0,null,0,0,0
3502,0,null,0,0,0
3503,0,null,0,0,0
3504,0,null,0,0,0
3505,492,e-,1,0,0
3506,0,null,0,0,0
3507,0,null,0,0,0
3508,0,null,0,0,0
3509,0,null,0,0,0
3510,0,null,0,0,0
3511,0,null,0,0,0
3512,0,null,0,0,0
3513,0,null,0,0,0
3514,0,null,0,0,0
3515,0,null,0,0,0
3516,0,null,0,0,0
3517,0,null,0,0,0
3518,0,null,0,0,0
3519,0,null,0,0,0
3520,0,null,0,0,0
3521,0,null,0,0,0
3522,0,null,0,0,0
3523,0,null,0,0,0
3524,125,secondary_proton,1,1,1
3525,0,null,0,0,0
3526,0,null,0,0,0
3527,0,null,0,0,0
3528,0,null,0,0,0
3529,0,null,0,0,0
3530,0,null,0,0,0
3531,0,null,0,0,0
3532,0,null,0,0,0
3533,0,null,0,0,0
3534,0,null,0,0,0
3535,0,null,0,0,0
3536,0,null,0,0,0
3537,0,null,0,0,0
3538,0,null,0,0,0
3539,0,null,0,0,0
3540,0,null,0,0,0
3541,0,null,0,0,0
3542,0,null,0,0,0
3543,0,null,0,0,0
3544,1,primary_proton,1,1,1
3545,0,null,0,0,0
3546,0,null,0,0,0
3547,0,null,0,0,0
3548,0,null,0,0,0
3549,0,null,0,0,0
3550,0,null,0,0,0
3551,0,null,0,0,0
3552,1649,e-,1,1,1
3553,0,null,0,0,0
3554,0,null,0,0,0
3555,0,null,0,0,0
3556,0,null,0,0,0
3557,0,null,0,0,0
3558,0,null,0,0,0
3559,0,null,0,0,0
3560,1,primary_proton,1,1,1
3561,0,null,0,0,0
3562,0,null,0,0,0
3563,0,null,0,0,0
3564,0,null,0,0,0
3565,0,null,0,0,0
3566,0,null,0,0,0
3567,0,null,0,0,0
3568,10,secondary_proton,1,1,1
3569,0,null,0,0,0
3570,0,null,0,0,0
3571,0,null,0,0,0
3572,0,null,0,0,0
3573,0,null,0,0,0
3574,0,null,0,0,0
3575,0,null,0,0,0
3576,0,null,0,0,0
3577,0,null,0,0,0
3578,0,null,0,0,0
3579,0,null,0,0,0
3580,3,secondary_proton,1,1,1
3581,0,null,0,0,0
3582,0,null,0,0,0
3583,0,null,0,0,0
3584,0,null,0,0,0
3585,0,null,0,0,0
3586,0,null,0,0,0
3587,0,null,0,0,0
3588,0,null,0,0,0
3589,0,null,0,0,0
3590,0,null,0,0,0
3591,0,null,0,0,0
3592,0,null,0,0,0
3593,0,null,0,0,0
3594,0,null,0,0,0
3595,0,null,0,0,0
3596,0,null,0,0,0
3598,0,null,0,0,0
3599,0,null,0,0,0
3600,0,null,0,0,0
3601,0,null,0,0,0
3602,0,null,0,0,0
3603,0,null,0,0,0
3604,0,null,0,0,0
3605,0,null,0,0,0
3606,0,null,0,0,0
3607,0,null,0,0,0
3608,0,null,0,0,0
3609,0,null,0,0,0
3610,0,null,0,0,0
3611,0,null,0,0,0
3612,0,null,0,0,0
3613,0,null,0,0,0
3614,0,null,0,0,0
3615,0,null,0,0,0
3616,0,null,0,0,0
3617,4,secondary_proton,1,1,1
3618,0,null,0,0,0
3619,0,null,0,0,0
3620,0,null,0,0,0
3621,0,null,0,0,0
3622,0,null,0,0,0
3623,0,null,0,0,0
3624,0,null,0,0,0
3625,0,null,0,0,0
3626,0,null,0,0,0
3627,7,secondary_proton,1,1,0
3628,0,null,0,0,0
3629,0,null,0,0,0
3630,0,null,0,0,0
3631,0,null,0,0,0
3632,0,null,0,0,0
3633,0,null,0,0,0
3634,1,primary_proton,1,1,1
3635,0,null,0,0,0
3636,0,null,0,0,0
3637,8,pi+,1,1,1
3638,0,null,0,0,0
3639,0,null,0,0,0
3640,0,null,0,0,0
3641,0,null,0,0,0
3642,0,null,0,0,0
3643,0,null,0,0,0
3644,0,null,0,0,0
3645,0,null,0,0,0
3646,0,null,0,0,0
3647,0,null,0,0,0
3648,0,null,0,0,0
3649,0,null,0,0,0
3650,0,null,0,0,0
3651,0,null,0,0,0
3652,0,null,0,0,0
3653,0,null,0,0,0
3654,0,null,0,0,0
3655,0,null,0,0,0
3656,0,null,0,0,0
3657,0,null,0,0,0
3658,0,null,0,0,0
3659,0,null,0,0,0
3660,0,null,0,0,0
3661,0,null,0,0,0
3662,1,primary_proton,1,1,1
3663,0,null,0,0,0
3664,0,null,0,0,0
3665,0,null,0,0,0
3666,0,null,0,0,0
3667,0,null,0,0,0
3668,0,null,0,0,0
3669,0,null,0,0,0
3670,0,null,0,0,0
3671,0,null,0,0,0
3672,0,null,0,0,0
3673,0,null,0,0,0
3674,0,null,0,0,0
3675,0,null,0,0,0
3676,0,null,0,0,0
3677,0,null,0,0,0
3678,0,null,0,0,0
3679,0,null,0,0,0
3680,0,null,0,0,0
3681,0,null,0,0,0
3682,0,null,0,0,0
3683,0,null,0,0,0
3684,0,null,0,0,0
3685,0,null,0,0,0
3686,0,null,0,0,0
3687,0,null,0,0,0
3688,0,null,0,0,0
3689,0,null,0,0,0
3690,0,null,0,0,0
3691,0,null,0,0,0
3692,0,null,0,0,0
3693,0,null,0,0,0
3694,0,null,0,0,0
3695,0,null,0,0,0
3696,0,null,0,0,0
3697,0,null,0,0,0
3698,0,null,0,0,0
3699,2,secondary_proton,1,1,1
3700,0,null,0,0,0
3701,0,null,0,0,0
3702,0,null,0,0,0
3703,0,null,0,0,0
3704,0,null,0,0,0
3705,0,null,0,0,0
3706,0,null,0,0,0
3707,0,null,0,0,0
3708,0,null,0,0,0
3709,0,null,0,0,0
3710,0,null,0,0,0
3711,0,null,0,0,0
3712,0,null,0,0,0
3713,0,null,0,0,0
3714,0,null,0,0,0
3715,0,null,0,0,0
3716,0,null,0,0,0
3717,0,null,0,0,0
3718,8,secondary_proton,1,1,1
3719,0,null,0,0,0
3720,0,null,0,0,0
3721,0,null,0,0,0
3722,0,null,0,0,0
3723,0,null,0,0,0
3724,0,null,0,0,0
3725,0,null,0,0,0
3726,0,null,0,0,0
3727,0,null,0,0,0
3728,0,null,0,0,0
3729,3271,e-,1,1,1
3730,0,null,0,0,0
3731,0,null,0,0,0
3732,0,null,0,0,0
3733,0,null,0,0,0
3734,0,null,0,0,0
3735,0,null,0,0,0
3736,0,null,0,0,0
3737,0,null,0,0,0
3738,0,null,0,0,0
3739,0,null,0,0,0
3740,0,null,0,0,0
3741,0,null,0,0,0
3742,0,null,0,0,0
3743,0,null,0,0,0
3744,0,null,0,0,0
3745,0,null,0,0,0
3746,10,pi+,1,1,1
3747,0,null,0,0,0
3748,278,secondary_proton,1,1,1
3749,0,null,0,0,0
3750,5,secondary_proton,1,1,0
3751,0,null,0,0,0
3752,0,null,0,0,0
3753,0,null,0,0,0
3754,0,null,0,0,0
3755,0,null,0,0,0
3756,0,null,0,0,0
3757,0,null,0,0,0
3758,0,null,0,0,0
3759,0,null,0,0,0
3760,0,null,0,0,0
3761,0,null,0,0,0
3762,0,null,0,0,0
3763,0,null,0,0,0
3764,0,null,0,0,0
3765,0,null,0,0,0
3766,0,null,0,0,0
3767,0,null,0,0,0
3768,1,primary_proton,1,1,1
3769,0,null,0,0,0
3770,0,null,0,0,0
3771,0,null,0,0,0
3772,0,null,0,0,0
3773,0,null,0,0,0
3774,0,null,0,0,0
3775,0,null,0,0,0
3776,0,null,0,0,0
3777,0,null,0,0,0
3778,0,null,0,0,0
3779,0,null,0,0,0
3780,0,null,0,0,0
3781,0,null,0,0,0
3782,0,null,0,0,0
3783,0,null,0,0,0
3784,1,primary_proton,1,1,1
3785,0,null,0,0,0
3786,0,null,0,0,0
3787,0,null,0,0,0
3788,0,null,0,0,0
3789,0,null,0,0,0
3790,0,null,0,0,0
3791,0,null,0,0,0
3792,0,null,0,0,0
3793,0,null,0,0,0
3794,0,null,0,0,0
3795,20,pi-,1,1,1
3796,0,null,0,0,0
3797,0,null,0,0,0
3798,0,null,0,0,0
3799,0,null,0,0,0
3800,0,null,0,0,0
3801,0,null,0,0,0
3802,0,null,0,0,0
3803,0,null,0,0,0
3804,882,e+,1,1,1
3805,0,null,0,0,0
3806,0,null,0,0,0
3807,0,null,0,0,0
3808,0,null,0,0,0
3809,0,null,0,0,0
3810,0,null,0,0,0
3811,0,null,0,0,0
3812,0,null,0,0,0
3813,0,null,0,0,0
3814,160,secondary_proton,1,1,1
3815,0,null,0,0,0
3816,0,null,0,0,0
3817,0,null,0,0,0
3819,8,pi-,1,1,1
3820,0,null,0,0,0
3821,0,null,0,0,0
3822,0,null,0,0,0
3823,0,null,0,0,0
3824,0,null,0,0,0
3825,0,null,0,0,0
3826,0,null,0,0,0
3827,0,null,0,0,0
3828,0,null,0,0,0
3829,0,null,0,0,0
3830,0,null,0,0,0
3831,0,null,0,0,0
3832,0,null,0,0,0
3833,1,primary_proton,1,1,1
3834,0,null,0,0,0
3835,0,null,0,0,0
3836,0,null,0,0,0
3837,0,null,0,0,0
3838,0,null,0,0,0
3839,0,null,0,0,0
3840,0,null,0,0,0
3841,0,null,0,0,0
3842,0,null,0,0,0
3843,0,null,0,0,0
3844,0,null,0,0,0
3845,0,null,0,0,0
3846,0,null,0,0,0
3847,0,null,0,0,0
3848,0,null,0,0,0
3849,0,null,0,0,0
3850,0,null,0,0,0
3851,15,secondary_proton,1,1,1
3852,0,null,0,0,0
3853,0,null,0,0,0
3854,0,null,0,0,0
3855,0,null,0,0,0
3856,1,primary_proton,1,1,1
3857,0,null,0,0,0
3858,0,null,0,0,0
3859,0,null,0,0,0
3860,0,null,0,0,0
3861,0,null,0,0,0
3862,0,null,0,0,0
3863,0,null,0,0,0
3864,0,null,0,0,0
3865,0,null,0,0,0
3866,0,null,0,0,0
3867,669,e-,1,0,0
3868,0,null,0,0,0
3869,0,null,0,0,0
3870,0,null,0,0,0
3871,0,null,0,0,0
3872,0,null,0,0,0
3873,0,null,0,0,0
3874,0,null,0,0,0
3875,0,null,0,0,0
3876,0,null,0,0,0
3877,0,null,0,0,0
3878,0,null,0,0,0
3879,0,null,0,0,0
3880,0,null,0,0,0
3881,0,null,0,0,0
3882,0,null,0,0,0
3883,0,null,0,0,0
3884,0,null,0,0,0
3885,0,null,0,0,0
3886,0,null,0,0,0
3887,0,null,0,0,0
3888,0,null,0,0,0
3889,0,null,0,0,0
3890,0,null,0,0,0
3891,0,null,0,0,0
3892,0,null,0,0,0
3893,0,null,0,0,0
3894,0,null,0,0,0
3895,0,null,0,0,0
3896,0,null,0,0,0
3897,0,null,0,0,0
3898,0,null,0,0,0
3899,0,null,0,0,0
3900,0,null,0,0,0
3901,0,null,0,0,0
3902,0,null,0,0,0
3903,0,null,0,0,0
3904,0,null,0,0,0
3905,0,null,0,0,0
3906,0,null,0,0,0
3907,0,null,0,0,0
3908,0,null,0,0,0
3909,0,null,0,0,0
3910,0,null,0,0,0
3911,0,null,0,0,0
3912,0,null,0,0,0
3913,0,null,0,0,0
3914,0,null,0,0,0
3915,5,secondary_proton,1,1,1
3916,0,null,0,0,0
3917,0,null,0,0,0
3918,0,null,0,0,0
3919,0,null,0,0,0
3920,0,null,0,0,0
3921,0,null,0,0,0
3922,0,null,0,0,0
3923,0,null,0,0,0
3924,0,null,0,0,0
3925,0,null,0,0,0
3926,0,null,0,0,0
3927,0,null,0,0,0
3928,0,null,0,0,0
3929,0,null,0,0,0
3930,0,null,0,0,0
3931,0,null,0,0,0
3932,0,null,0,0,0
3933,0,null,0,0,0
3934,6,secondary_proton,1,1,0
3935,0,null,0,0,0
3936,0,null,0,0,0
3937,0,null,0,0,0
3938,0,null,0,0,0
3939,0,null,0,0,0
3940,0,null,0,0,0
3941,0,null,0,0,0
3942,0,null,0,0,0
3943,0,null,0,0,0
3944,0,null,0,0,0
3945,0,null,0,0,0
3946,0,null,0,0,0
3947,0,null,0,0,0
3948,0,null,0,0,0
3949,0,null,0,0,0
3950,0,null,0,0,0
3951,0,null,0,0,0
3952,0,null,0,0,0
3953,2,secondary_proton,1,0,0
3954,0,null,0,0,0
3955,0,null,0,0,0
3956,1,primary_proton,1,1,1
3957,0,null,0,0,0
3958,0,null,0,0,0
3959,0,null,0,0,0
3960,0,null,0,0,0
3961,0,null,0,0,0
3962,0,null,0,0,0
3963,0,null,0,0,0
3964,0,null,0,0,0
3965,0,null,0,0,0
3966,0,null,0,0,0
3967,0,null,0,0,0
3968,0,null,0,0,0
3969,0,null,0,0,0
3970,0,null,0,0,0
3971,0,null,0,0,0
3972,0,null,0,0,0
3973,0,null,0,0,0
3974,0,null,0,0,0
3975,0,null,0,0,0
3976,0,null,0,0,0
3977,0,null,0,0,0
3978,0,null,0,0,0
3979,0,null,0,0,0
3980,0,null,0,0,0
3981,0,null,0,0,0
3982,0,null,0,0,0
3983,0,null,0,0,0
3984,0,null,0,0,0
3985,0,null,0,0,0
3986,0,null,0,0,0
3987,0,null,0,0,0
3988,0,null,0,0,0
3989,0,null,0,0,0
3990,0,null,0,0,0
3991,0,null,0,0,0
3992,0,null,0,0,0
3993,0,null,0,0,0
3994,0,null,0,0,0
3995,0,null,0,0,0
3996,0,null,0,0,0
3997,0,null,0,0,0
3998,0,null,0,0,0
3999,0,null,0,0,0
4000,0,null,0,0,0
4001,0,null,0,0,0
4002,0,null,0,0,0
4003,0,null,0,0,0
4004,0,null,0,0,0
4005,0,null,0,0,0
4006,0,null,0,0,0
4007,0,null,0,0,0
4008,0,null,0,0,0
4009,0,null,0,0,0
4010,0,null,0,0,0
4011,8,pi-,1,1,1
4012,1,primary_proton,1,1,1
4013,0,null,0,0,0
4014,0,null,0,0,0
4015,0,null,0,0,0
4016,0,null,0,0,0
4017,0,null,0,0,0
4018,0,null,0,0,0
4019,0,null,0,0,0
4020,0,null,0,0,0
4021,0,null,0,0,0
4022,0,null,0,0,0
4023,0,null,0,0,0
4024,0,null,0,0,0
4025,0,null,0,0,0
4026,0,null,0,0,0
4027,0,null,0,0,0
4028,47,pi-,1,0,0
4029,0,null,0,0,0
4030,0,null,0,0,0
4031,4,pi-,1,0,0
4032,0,null,0,0,0
4033,0,null,0,0,0
4034,1,primary_proton,1,1,1
4035,0,null,0,0,0
4036,0,null,0,0,0
4037,0,null,0,0,0
4038,1,primary_proton,1,1,1
4040,0,null,0,0,0
4041,1,primary_proton,1,1,1
4042,0,null,0,0,0
4043,16,pi+,1,1,1
4044,0,null,0,0,0
4045,0,null,0,0,0
4046,0,null,0,0,0
4047,0,null,0,0,0
4048,0,null,0,0,0
4049,0,null,0,0,0
4050,0,null,0,0,0
4051,0,null,0,0,0
4052,0,null,0,0,0
4053,0,null,0,0,0
4054,0,null,0,0,0
4055,0,null,0,0,0
4056,0,null,0,0,0
4057,0,null,0,0,0
4058,0,null,0,0,0
4059,0,null,0,0,0
4060,0,null,0,0,0
4061,0,null,0,0,0
4062,0,null,0,0,0
4063,0,null,0,0,0
4064,0,null,0,0,0
4065,1222,deuteron,0,1,1
4066,0,null,0,0,0
4067,0,null,0,0,0
4068,0,null,0,0,0
4069,0,null,0,0,0
4070,0,null,0,0,0
4071,0,null,0,0,0
4072,213,e-,1,1,1
4073,0,null,0,0,0
4074,0,null,0,0,0
4075,0,null,0,0,0
4076,0,null,0,0,0
4077,0,null,0,0,0
4078,0,null,0,0,0
4079,0,null,0,0,0
4080,0,null,0,0,0
4081,0,null,0,0,0
4082,0,null,0,0,0
4083,0,null,0,0,0
4084,0,null,0,0,0
4085,0,null,0,0,0
4086,0,null,0,0,0
4087,0,null,0,0,0
4088,4,pi-,1,1,1
4089,0,null,0,0,0
4090,0,null,0,0,0
4091,0,null,0,0,0
4092,0,null,0,0,0
4093,0,null,0,0,0
4094,0,null,0,0,0
4095,0,null,0,0,0
4096,0,null,0,0,0
4097,0,null,0,0,0
4098,0,null,0,0,0
4099,170,secondary_proton,1,1,1
4100,0,null,0,0,0
4101,0,null,0,0,0
4102,0,null,0,0,0
4103,0,null,0,0,0
4104,0,null,0,0,0
4105,0,null,0,0,0
4106,0,null,0,0,0
4107,0,null,0,0,0
4108,0,null,0,0,0
4109,0,null,0,0,0
4110,12,pi-,1,1,0
4111,0,null,0,0,0
4112,0,null,0,0,0
4113,0,null,0,0,0
4114,9,secondary_proton,1,1,1
4115,0,null,0,0,0
4116,0,null,0,0,0
4117,0,null,0,0,0
4118,0,null,0,0,0
4119,0,null,0,0,0
4120,0,null,0,0,0
4121,0,null,0,0,0
4122,0,null,0,0,0
4123,0,null,0,0,0
4124,0,null,0,0,0
4125,0,null,0,0,0
4126,0,null,0,0,0
4127,0,null,0,0,0
4128,5835,e-,0,1,0
4129,0,null,0,0,0
4130,0,null,0,0,0
4131,0,null,0,0,0
4132,0,null,0,0,0
4133,0,null,0,0,0
4134,0,null,0,0,0
4135,0,null,0,0,0
4136,0,null,0,0,0
4137,0,null,0,0,0
4138,0,null,0,0,0
4139,0,null,0,0,0
4140,0,null,0,0,0
4141,0,null,0,0,0
4142,0,null,0,0,0
4143,0,null,0,0,0
4144,0,null,0,0,0
4145,0,null,0,0,0
4146,0,null,0,0,0
4147,0,null,0,0,0
4148,0,null,0,0,0
4149,0,null,0,0,0
4150,0,null,0,0,0
4151,0,null,0,0,0
4152,0,null,0,0,0
4153,1,primary_proton,1,1,1
4154,0,null,0,0,0
4155,0,null,0,0,0
4156,0,null,0,0,0
4157,7362,e-,1,0,0
4158,0,null,0,0,0
4159,0,null,0,0,0
4160,1,primary_proton,1,1,1
4161,0,null,0,0,0
4162,0,null,0,0,0
4163,0,null,0,0,0
4164,11,pi+,1,1,1
4165,0,null,0,0,0
4166,14,pi+,1,1,1
4167,0,null,0,0,0
4168,0,null,0,0,0
4169,0,null,0,0,0
4170,0,null,0,0,0
4171,1,primary_proton,1,1,1
4172,0,null,0,0,0
4173,0,null,0,0,0
4174,14,pi+,1,0,0
4175,0,null,0,0,0
4176,0,null,0,0,0
4177,0,null,0,0,0
4178,0,null,0,0,0
4179,0,null,0,0,0
4180,0,null,0,0,0
4181,0,null,0,0,0
4182,4,secondary_proton,1,1,1
4183,0,null,0,0,0
4184,0,null,0,0,0
4185,0,null,0,0,0
4186,0,null,0,0,0
4187,0,null,0,0,0
4188,0,null,0,0,0
4189,0,null,0,0,0
4190,0,null,0,0,0
4191,0,null,0,0,0
4192,0,null,0,0,0
4193,0,null,0,0,0
4194,0,null,0,0,0
4195,0,null,0,0,0
4196,0,null,0,0,0
4197,0,null,0,0,0
4198,0,null,0,0,0
4199,0,null,0,0,0
4200,0,null,0,0,0
4201,0,null,0,0,0
4202,0,null,0,0,0
4203,0,null,0,0,0
4204,0,null,0,0,0
4205,0,null,0,0,0
4206,0,null,0,0,0
4207,0,null,0,0,0
4208,1,primary_proton,1,1,1
4209,0,null,0,0,0
4210,0,null,0,0,0
4211,0,null,0,0,0
4212,0,null,0,0,0
4213,0,null,0,0,0
4214,0,null,0,0,0
4215,0,null,0,0,0
4216,0,null,0,0,0
4217,0,null,0,0,0
4218,0,null,0,0,0
4219,0,null,0,0,0
4220,0,null,0,0,0
4221,0,null,0,0,0
4222,0,null,0,0,0
4223,0,null,0,0,0
4224,1,primary_proton,1,1,1
4225,0,null,0,0,0
4226,0,null,0,0,0
4227,0,null,0,0,0
4228,0,null,0,0,0
4229,0,null,0,0,0
4230,0,null,0,0,0
4231,0,null,0,0,0
4232,0,null,0,0,0
4233,0,null,0,0,0
4234,0,null,0,0,0
4235,0,null,0,0,0
4236,0,null,0,0,0
4237,0,null,0,0,0
4238,0,null,0,0,0
4239,0,null,0,0,0
4240,0,null,0,0,0
4241,0,null,0,0,0
4242,7,pi-,1,1,1
4243,0,null,0,0,0
4244,0,null,0,0,0
4245,0,null,0,0,0
4246,0,null,0,0,0
4247,0,null,0,0,0
4248,0,null,0,0,0
4249,0,null,0,0,0
4250,0,null,0,0,0
4251,0,null,0,0,0
4252,0,null,0,0,0
4253,0,null,0,0,0
4254,0,null,0,0,0
4255,0,null,0,0,0
4256,0,null,0,0,0
4257,0,null,0,0,0
4258,0,null,0,0,0
4259,1,primary_proton,1,1,1
4260,0,null,0,0,0
4262,0,null,0,0,0
4263,0,null,0,0,0
4264,0,null,0,0,0
4265,0,null,0,0,0
4266,0,null,0,0,0
4267,0,null,0,0,0
4268,0,null,0,0,0
4269,0,null,0,0,0
4270,377,pi-,1,1,0
4271,0,null,0,0,0
4272,0,null,0,0,0
4273,0,null,0,0,0
4274,0,null,0,0,0
4275,1,primary_proton,1,1,1
4276,0,null,0,0,0
4277,0,null,0,0,0
4278,0,null,0,0,0
4279,0,null,0,0,0
4280,0,null,0,0,0
4281,0,null,0,0,0
4282,0,null,0,0,0
4283,0,null,0,0,0
4284,0,null,0,0,0
4285,0,null,0,0,0
4286,0,null,0,0,0
4287,0,null,0,0,0
4288,0,null,0,0,0
4289,0,null,0,0,0
4290,0,null,0,0,0
4291,0,null,0,0,0
4292,0,null,0,0,0
4293,0,null,0,0,0
4294,0,null,0,0,0
4295,0,null,0,0,0
4296,0,null,0,0,0
4297,0,null,0,0,0
4298,0,null,0,0,0
4299,0,null,0,0,0
4300,1,primary_proton,1,1,1
4301,0,null,0,0,0
4302,0,null,0,0,0
4303,0,null,0,0,0
4304,0,null,0,0,0
4305,0,null,0,0,0
4306,0,null,0,0,0
4307,0,null,0,0,0
4308,0,null,0,0,0
4309,1,primary_proton,1,1,1
4310,0,null,0,0,0
4311,9,pi-,1,1,1
4312,0,null,0,0,0
4313,0,null,0,0,0
4314,0,null,0,0,0
4315,0,null,0,0,0
4316,0,null,0,0,0
4317,0,null,0,0,0
4318,0,null,0,0,0
4319,0,null,0,0,0
4320,0,null,0,0,0
4321,0,null,0,0,0
4322,0,null,0,0,0
4323,0,null,0,0,0
4324,0,null,0,0,0
4325,0,null,0,0,0
4326,0,null,0,0,0
4327,1,primary_proton,1,1,1
4328,0,null,0,0,0
4329,0,null,0,0,0
4330,0,null,0,0,0
4331,0,null,0,0,0
4332,0,null,0,0,0
4333,0,null,0,0,0
4334,0,null,0,0,0
4335,0,null,0,0,0
4336,0,null,0,0,0
4337,0,null,0,0,0
4338,0,null,0,0,0
4339,0,null,0,0,0
4340,0,null,0,0,0
4341,0,null,0,0,0
4342,0,null,0,0,0
4343,0,null,0,0,0
4344,0,null,0,0,0
4345,0,null,0,0,0
4346,8,secondary_proton,1,1,1
4347,0,null,0,0,0
4348,0,null,0,0,0
4349,0,null,0,0,0
4350,0,null,0,0,0
4351,0,null,0,0,0
4352,0,null,0,0,0
4353,0,null,0,0,0
4354,0,null,0,0,0
4355,1,primary_proton,1,1,1
4356,0,null,0,0,0
4357,0,null,0,0,0
4358,0,null,0,0,0
4359,0,null,0,0,0
4360,0,null,0,0,0
4361,0,null,0,0,0
4362,0,null,0,0,0
4363,0,null,0,0,0
4364,0,null,0,0,0
4365,9,secondary_proton,1,0,0
4366,0,null,0,0,0
4367,0,null,0,0,0
4368,0,null,0,0,0
4369,0,null,0,0,0
4370,0,null,0,0,0
4371,0,null,0,0,0
4372,0,null,0,0,0
4373,0,null,0,0,0
4374,0,null,0,0,0
4375,13,secondary_proton,1,1,1
4376,0,null,0,0,0
4377,0,null,0,0,0
4378,0,null,0,0,0
4379,0,null,0,0,0
4380,0,null,0,0,0
4381,0,null,0,0,0
4382,0,null,0,0,0
4383,0,null,0,0,0
4384,15,pi-,1,1,1
4385,0,null,0,0,0
4386,0,null,0,0,0
4387,0,null,0,0,0
4388,0,null,0,0,0
4389,0,null,0,0,0
4390,0,null,0,0,0
4391,0,null,0,0,0
4392,0,null,0,0,0
4393,5,secondary_proton,1,1,1
4394,0,null,0,0,0
4395,0,null,0,0,0
4396,0,null,0,0,0
4397,0,null,0,0,0
4398,0,null,0,0,0
4399,0,null,0,0,0
4400,0,null,0,0,0
4401,0,null,0,0,0
4402,0,null,0,0,0
4403,0,null,0,0,0
4404,0,null,0,0,0
4405,0,null,0,0,0
4406,0,null,0,0,0
4407,0,null,0,0,0
4408,0,null,0,0,0
4409,0,null,0,0,0
4410,0,null,0,0,0
4411,20,pi-,1,1,1
4412,0,null,0,0,0
4413,0,null,0,0,0
4414,0,null,0,0,0
4415,0,null,0,0,0
4416,0,null,0,0,0
4417,0,null,0,0,0
4418,0,null,0,0,0
4419,0,null,0,0,0
4420,0,null,0,0,0
4421,0,null,0,0,0
4422,0,null,0,0,0
4423,0,null,0,0,0
4424,0,null,0,0,0
4425,0,null,0,0,0
4426,0,null,0,0,0
4427,0,null,0,0,0
4428,0,null,0,0,0
4429,0,null,0,0,0
4430,0,null,0,0,0
4431,0,null,0,0,0
4432,0,null,0,0,0
4433,0,null,0,0,0
4434,0,null,0,0,0
4435,0,null,0,0,0
4436,0,null,0,0,0
4437,0,null,0,0,0
4438,1,primary_proton,1,1,1
4439,0,null,0,0,0
4440,0,null,0,0,0
4441,0,null,0,0,0
4442,0,null,0,0,0
4443,0,null,0,0,0
4444,0,null,0,0,0
4445,1,primary_proton,1,1,1
4446,0,null,0,0,0
4447,0,null,0,0,0
4448,0,null,0,0,0
4449,0,null,0,0,0
4450,0,null,0,0,0
4451,0,null,0,0,0
4452,0,null,0,0,0
4453,0,null,0,0,0
4454,0,null,0,0,0
4455,0,null,0,0,0
4456,0,null,0,0,0
4457,0,null,0,0,0
4458,0,null,0,0,0
4459,0,null,0,0,0
4460,0,null,0,0,0
4461,0,null,0,0,0
4462,0,null,0,0,0
4463,0,null,0,0,0
4464,0,null,0,0,0
4465,0,null,0,0,0
4466,0,null,0,0,0
4467,0,null,0,0,0
4468,0,null,0,0,0
4469,0,null,0,0,0
4470,0,null,0,0,0
4471,0,null,0,0,0
4472,0,null,0,0,0
4473,0,null,0,0,0
4474,0,null,0,0,0
4475,0,null,0,0,0
4476,0,null,0,0,0
4477,0,null,0,0,0
4478,0,null,0,0,0
4479,0,null,0,0,0
4480,0,null,0,0,0
4482,0,null,0,0,0
4483,0,null,0,0,0
4484,0,null,0,0,0
4485,0,null,0,0,0
4486,0,null,0,0,0
4487,0,null,0,0,0
4488,0,null,0,0,0
4489,0,null,0,0,0
4490,0,null,0,0,0
4491,1,primary_proton,1,1,1
4492,0,null,0,0,0
4493,0,null,0,0,0
4494,1,primary_proton,1,1,1
4495,0,null,0,0,0
4496,0,null,0,0,0
4497,0,null,0,0,0
4498,0,null,0,0,0
4499,0,null,0,0,0
4500,0,null,0,0,0
4501,0,null,0,0,0
4502,0,null,0,0,0
4503,0,null,0,0,0
4504,0,null,0,0,0
4505,1,primary_proton,1,1,1
4506,0,null,0,0,0
4507,0,null,0,0,0
4508,0,null,0,0,0
4509,0,null,0,0,0
4510,0,null,0,0,0
4511,0,null,0,0,0
4512,0,null,0,0,0
4513,0,null,0,0,0
4514,0,null,0,0,0
4515,0,null,0,0,0
4516,0,null,0,0,0
4517,0,null,0,0,0
4518,0,null,0,0,0
4519,0,null,0,0,0
4520,0,null,0,0,0
4521,0,null,0,0,0
4522,0,null,0,0,0
4523,0,null,0,0,0
4524,0,null,0,0,0
4525,0,null,0,0,0
4526,0,null,0,0,0
4527,0,null,0,0,0
4528,0,null,0,0,0
4529,0,null,0,0,0
4530,0,null,0,0,0
4531,0,null,0,0,0
4532,0,null,0,0,0
4533,0,null,0,0,0
4534,0,null,0,0,0
4535,0,null,0,0,0
4536,0,null,0,0,0
4537,0,null,0,0,0
4538,0,null,0,0,0
4539,0,null,0,0,0
4540,0,null,0,0,0
4541,2,secondary_proton,1,1,1
4542,0,null,0,0,0
4543,0,null,0,0,0
4544,15,secondary_proton,1,1,1
4545,0,null,0,0,0
4546,0,null,0,0,0
4547,0,null,0,0,0
4548,0,null,0,0,0
4549,0,null,0,0,0
4550,0,null,0,0,0
4551,0,null,0,0,0
4552,0,null,0,0,0
4553,0,null,0,0,0
4554,0,null,0,0,0
4555,0,null,0,0,0
4556,0,null,0,0,0
4557,0,null,0,0,0
4558,0,null,0,0,0
4559,0,null,0,0,0
4560,0,null,0,0,0
4561,0,null,0,0,0
4562,0,null,0,0,0
4563,0,null,0,0,0
4564,12,secondary_proton,1,1,1
4565,0,null,0,0,0
4566,0,null,0,0,0
4567,0,null,0,0,0
4568,0,null,0,0,0
4569,0,null,0,0,0
4570,19,pi-,1,1,0
4571,0,null,0,0,0
4572,0,null,0,0,0
4573,0,null,0,0,0
4574,0,null,0,0,0
4575,0,null,0,0,0
4576,0,null,0,0,0
4577,0,null,0,0,0
4578,0,null,0,0,0
4579,0,null,0,0,0
4580,0,null,0,0,0
4581,0,null,0,0,0
4582,0,null,0,0,0
4583,0,null,0,0,0
4584,0,null,0,0,0
4585,0,null,0,0,0
4586,0,null,0,0,0
4587,0,null,0,0,0
4588,0,null,0,0,0
4589,0,null,0,0,0
4590,0,null,0,0,0
4591,0,null,0,0,0
4592,0,null,0,0,0
4593,0,null,0,0,0
4594,0,null,0,0,0
4595,0,null,0,0,0
4596,0,null,0,0,0
4597,0,null,0,0,0
4598,0,null,0,0,0
4599,0,null,0,0,0
4600,0,null,0,0,0
4601,0,null,0,0,0
4602,0,null,0,0,0
4603,0,null,0,0,0
4604,0,null,0,0,0
4605,0,null,0,0,0
4606,3465,e-,1,0,0
4607,0,null,0,0,0
4608,0,null,0,0,0
4609,0,null,0,0,0
4610,0,null,0,0,0
4611,1,primary_proton,1,1,1
4612,0,null,0,0,0
4613,0,null,0,0,0
4614,13,pi-,1,1,1
4615,0,null,0,0,0
4616,0,null,0,0,0
4617,0,null,0,0,0
4618,0,null,0,0,0
4619,0,null,0,0,0
4620,0,null,0,0,0
4621,0,null,0,0,0
4622,0,null,0,0,0
4623,0,null,0,0,0
4624,0,null,0,0,0
4625,0,null,0,0,0
4626,0,null,0,0,0
4627,0,null,0,0,0
4628,0,null,0,0,0
4629,0,null,0,0,0
4630,0,null,0,0,0
4631,0,null,0,0,0
4632,0,null,0,0,0
4633,0,null,0,0,0
4634,0,null,0,0,0
4635,0,null,0,0,0
4636,0,null,0,0,0
4637,0,null,0,0,0
4638,0,null,0,0,0
4639,0,null,0,0,0
4640,0,null,0,0,0
4641,0,null,0,0,0
4642,0,null,0,0,0
4643,0,null,0,0,0
4644,0,null,0,0,0
4645,0,null,0,0,0
4646,0,null,0,0,0
4647,0,null,0,0,0
4648,0,null,0,0,0
4649,0,null,0,0,0
4650,9,secondary_proton,1,1,1
4651,0,null,0,0,0
4652,0,null,0,0,0
4653,0,null,0,0,0
4654,0,null,0,0,0
4655,0,null,0,0,0
4656,0,null,0,0,0
4657,0,null,0,0,0
4658,1,primary_proton,1,1,0
4659,0,null,0,0,0
4660,0,null,0,0,0
4661,0,null,0,0,0
4662,0,null,0,0,0
4663,0,null,0,0,0
4664,0,null,0,0,0
4665,0,null,0,0,0
4666,0,null,0,0,0
4667,0,null,0,0,0
4668,0,null,0,0,0
4669,0,null,0,0,0
4670,11,secondary_proton,1,1,1
4671,0,null,0,0,0
4672,0,null,0,0,0
4673,0,null,0,0,0
4674,0,null,0,0,0
4675,3325,e-,1,0,0
4676,0,null,0,0,0
4677,0,null,0,0,0
4678,0,null,0,0,0
4679,0,null,0,0,0
4680,0,null,0,0,0
4681,9,pi-,1,0,0
4682,0,null,0,0,0
4683,0,null,0,0,0
4684,0,null,0,0,0
4685,0,null,0,0,0
4686,0,null,0,0,0
4687,0,null,0,0,0
4688,0,null,0,0,0
4689,0,null,0,0,0
4690,0,null,0,0,0
4691,0,null,0,0,0
4692,0,null,0,0,0
4693,0,null,0,0,0
4694,0,null,0,0,0
4695,15,pi+,1,0,0
4696,0,null,0,0,0
4697,0,null,0,0,0
4698,0,null,0,0,0
4699,0,null,0,0,0
4700,0,null,0,0,0
4701,1,primary_proton,1,1,1
4703,0,null,0,0,0
4704,0,null,0,0,0
4705,0,null,0,0,0
4706,0,null,0,0,0
4707,0,null,0,0,0
4708,0,null,0,0,0
4709,0,null,0,0,0
4710,0,null,0,0,0
4711,0,null,0,0,0
4712,0,null,0,0,0
4713,0,null,0,0,0
4714,0,null,0,0,0
4715,0,null,0,0,0
4716,0,null,0,0,0
4717,0,null,0,0,0
4718,0,null,0,0,0
4719,0,null,0,0,0
4720,0,null,0,0,0
4721,1,primary_proton,1,1,1
4722,0,null,0,0,0
4723,0,null,0,0,0
4724,0,null,0,0,0
4725,0,null,0,0,0
4726,0,null,0,0,0
4727,0,null,0,0,0
4728,0,null,0,0,0
4729,0,null,0,0,0
4730,0,null,0,0,0
4731,0,null,0,0,0
4732,0,null,0,0,0
4733,0,null,0,0,0
4734,0,null,0,0,0
4735,0,null,0,0,0
4736,0,null,0,0,0
4737,0,null,0,0,0
4738,0,null,0,0,0
4739,1,primary_proton,1,1,1
4740,1,primary_proton,1,1,1
4741,0,null,0,0,0
4742,0,null,0,0,0
4743,1,primary_proton,1,1,1
4744,0,null,0,0,0
4745,0,null,0,0,0
4746,0,null,0,0,0
4747,0,null,0,0,0
4748,0,null,0,0,0
4749,0,null,0,0,0
4750,0,null,0,0,0
4751,0,null,0,0,0
4752,0,null,0,0,0
4753,0,null,0,0,0
4754,0,null,0,0,0
4755,0,null,0,0,0
4756,0,null,0,0,0
4757,0,null,0,0,0
4758,1,primary_proton,1,1,1
4759,18,kaon+,1,1,1
4760,0,null,0,0,0
4761,0,null,0,0,0
4762,0,null,0,0,0
4763,0,null,0,0,0
4764,0,null,0,0,0
4765,0,null,0,0,0
4766,0,null,0,0,0
4767,0,null,0,0,0
4768,0,null,0,0,0
4769,0,null,0,0,0
4770,1,primary_proton,1,1,1
4771,0,null,0,0,0
4772,0,null,0,0,0
4773,0,null,0,0,0
4774,0,null,0,0,0
4775,0,null,0,0,0
4776,0,null,0,0,0
4777,0,null,0,0,0
4778,0,null,0,0,0
4779,0,null,0,0,0
4780,0,null,0,0,0
4781,0,null,0,0,0
4782,0,null,0,0,0
4783,0,null,0,0,0
4784,0,null,0,0,0
4785,0,null,0,0,0
4786,0,null,0,0,0
4787,0,null,0,0,0
4788,0,null,0,0,0
4789,1,primary_proton,1,1,1
4790,0,null,0,0,0
4791,0,null,0,0,0
4792,0,null,0,0,0
4793,0,null,0,0,0
4794,0,null,0,0,0
4795,0,null,0,0,0
4796,0,null,0,0,0
4797,16,pi+,1,1,1
4798,0,null,0,0,0
4799,0,null,0,0,0
4800,0,null,0,0,0
4801,0,null,0,0,0
4802,0,null,0,0,0
4803,0,null,0,0,0
4804,0,null,0,0,0
4805,0,null,0,0,0
4806,1,primary_proton,1,1,1
4807,0,null,0,0,0
4808,0,null,0,0,0
4809,0,null,0,0,0
4810,0,null,0,0,0
4811,0,null,0,0,0
4812,0,null,0,0,0
4813,0,null,0,0,0
4814,1,primary_proton,1,1,1
4815,0,null,0,0,0
4816,0,null,0,0,0
4817,0,null,0,0,0
4818,0,null,0,0,0
4819,0,null,0,0,0
4820,0,null,0,0,0
4821,0,null,0,0,0
4822,0,null,0,0,0
4823,0,null,0,0,0
4824,0,null,0,0,0
4825,0,null,0,0,0
4826,0,null,0,0,0
4827,0,null,0,0,0
4828,13,pi+,1,1,1
4829,0,null,0,0,0
4830,0,null,0,0,0
4831,0,null,0,0,0
4832,0,null,0,0,0
4833,0,null,0,0,0
4834,0,null,0,0,0
4835,0,null,0,0,0
4836,0,null,0,0,0
4837,0,null,0,0,0
4838,0,null,0,0,0
4839,0,null,0,0,0
4840,0,null,0,0,0
4841,0,null,0,0,0
4842,0,null,0,0,0
4843,0,null,0,0,0
4844,0,null,0,0,0
4845,0,null,0,0,0
4846,0,null,0,0,0
4847,0,null,0,0,0
4848,0,null,0,0,0
4849,0,null,0,0,0
4850,0,null,0,0,0
4851,0,null,0,0,0
4852,0,null,0,0,0
4853,1,primary_proton,1,1,1
4854,25,pi-,1,1,1
4855,0,null,0,0,0
4856,0,null,0,0,0
4857,0,null,0,0,0
4858,0,null,0,0,0
4859,0,null,0,0,0
4860,0,null,0,0,0
4861,0,null,0,0,0
4862,0,null,0,0,0
4863,0,null,0,0,0
4864,0,null,0,0,0
4865,0,null,0,0,0
4866,0,null,0,0,0
4867,0,null,0,0,0
4868,0,null,0,0,0
4869,0,null,0,0,0
4870,0,null,0,0,0
4871,0,null,0,0,0
4872,0,null,0,0,0
4873,1,primary_proton,1,1,1
4874,0,null,0,0,0
4875,0,null,0,0,0
4876,0,null,0,0,0
4877,0,null,0,0,0
4878,0,null,0,0,0
4879,0,null,0,0,0
4880,0,null,0,0,0
4881,0,null,0,0,0
4882,0,null,0,0,0
4883,5,pi+,1,1,1
4884,0,null,0,0,0
4885,0,null,0,0,0
4886,0,null,0,0,0
4887,4,secondary_proton,1,1,1
4888,0,null,0,0,0
4889,0,null,0,0,0
4890,8,secondary_proton,1,1,1
4891,0,null,0,0,0
4892,0,null,0,0,0
4893,0,null,0,0,0
4894,0,null,0,0,0
4895,0,null,0,0,0
4896,1,primary_proton,1,1,1
4897,0,null,0,0,0
4898,0,null,0,0,0
4899,0,null,0,0,0
4900,6,secondary_proton,1,1,1
4901,0,null,0,0,0
4902,0,null,0,0,0
4903,0,null,0,0,0
4904,0,null,0,0,0
4905,0,null,0,0,0
4906,0,null,0,0,0
4907,0,null,0,0,0
4908,0,null,0,0,0
4909,0,null,0,0,0
4910,0,null,0,0,0
4911,0,null,0,0,0
4912,0,null,0,0,0
4913,0,null,0,0,0
4914,0,null,0,0,0
4915,0,null,0,0,0
4916,0,null,0,0,0
4917,0,null,0,0,0
4918,0,null,0,0,0
4919,0,null,0,0,0
4920,0,null,0,0,0
4922,0,null,0,0,0
4923,0,null,0,0,0
4924,0,null,0,0,0
4925,0,null,0,0,0
4926,0,null,0,0,0
4927,0,null,0,0,0
4928,0,null,0,0,0
4929,0,null,0,0,0
4930,0,null,0,0,0
4931,0,null,0,0,0
4932,0,null,0,0,0
4933,0,null,0,0,0
4934,1319,secondary_proton,1,1,0
4935,0,null,0,0,0
4936,0,null,0,0,0
4937,0,null,0,0,0
4938,4767,secondary_proton,1,1,1
4939,0,null,0,0,0
4940,0,null,0,0,0
4941,0,null,0,0,0
4942,0,null,0,0,0
4943,1,primary_proton,1,1,1
4944,0,null,0,0,0
4945,0,null,0,0,0
4946,0,null,0,0,0
4947,0,null,0,0,0
4948,0,null,0,0,0
4949,1,primary_proton,1,1,1
4950,0,null,0,0,0
4951,0,null,0,0,0
4952,0,null,0,0,0
4953,0,null,0,0,0
4954,0,null,0,0,0
4955,0,null,0,0,0
4956,0,null,0,0,0
4957,0,null,0,0,0
4958,0,null,0,0,0
4959,0,null,0,0,0
4960,0,null,0,0,0
4961,0,null,0,0,0
4962,0,null,0,0,0
4963,0,null,0,0,0
4964,0,null,0,0,0
4965,11,secondary_proton,1,1,1
4966,0,null,0,0,0
4967,0,null,0,0,0
4968,0,null,0,0,0
4969,0,null,0,0,0
4970,0,null,0,0,0
4971,0,null,0,0,0
4972,0,null,0,0,0
4973,0,null,0,0,0
4974,0,null,0,0,0
4975,0,null,0,0,0
4976,0,null,0,0,0
4977,0,null,0,0,0
4978,0,null,0,0,0
4979,0,null,0,0,0
4980,0,null,0,0,0
4981,0,null,0,0,0
4982,0,null,0,0,0
4983,0,null,0,0,0
4984,0,null,0,0,0
4985,0,null,0,0,0
4986,0,null,0,0,0
4987,0,null,0,0,0
4988,0,null,0,0,0
4989,0,null,0,0,0
4990,0,null,0,0,0
4991,0,null,0,0,0
4992,0,null,0,0,0
4993,0,null,0,0,0
4994,0,null,0,0,0
4995,0,null,0,0,0
4996,0,null,0,0,0
4997,0,null,0,0,0
4998,0,null,0,0,0
4999,0,null,0,0,0
1,1,primary_proton,1,1,1
2,0,null,0,0,0
3,0,null,0,0,0
4,0,null,0,0,0
5,0,null,0,0,0
6,0,null,0,0,0
7,0,null,0,0,0
8,0,null,0,0,0
9,0,null,0,0,0
10,0,null,0,0,0
11,0,null,0,0,0
12,0,null,0,0,0
13,0,null,0,0,0
14,0,null,0,0,0
15,0,null,0,0,0
16,0,null,0,0,0
17,0,null,0,0,0
18,0,null,0,0,0
19,0,null,0,0,0
20,0,null,0,0,0
21,0,null,0,0,0
22,0,null,0,0,0
23,1,primary_proton,1,1,1
24,0,null,0,0,0
25,20,kaon+,1,1,1
26,0,null,0,0,0
27,0,null,0,0,0
28,0,null,0,0,0
29,0,null,0,0,0
30,0,null,0,0,0
31,0,null,0,0,0
32,0,null,0,0,0
33,0,null,0,0,0
34,0,null,0,0,0
35,0,null,0,0,0
36,0,null,0,0,0
37,0,null,0,0,0
38,0,null,0,0,0
39,0,null,0,0,0
40,0,null,0,0,0
41,0,null,0,0,0
42,952,pi-,1,1,1
43,0,null,0,0,0
44,1,primary_proton,1,1,1
45,0,null,0,0,0
46,0,null,0,0,0
47,0,null,0,0,0
48,0,null,0,0,0
49,0,null,0,0,0
50,0,null,0,0,0
51,0,null,0,0,0
52,0,null,0,0,0
53,1,primary_proton,1,1,1
54,0,null,0,0,0
55,0,null,0,0,0
56,0,null,0,0,0
57,0,null,0,0,0
58,0,null,0,0,0
59,0,null,0,0,0
60,0,null,0,0,0
61,0,null,0,0,0
62,0,null,0,0,0
63,0,null,0,0,0
64,0,null,0,0,0
65,0,null,0,0,0
66,0,null,0,0,0
67,0,null,0,0,0
68,0,null,0,0,0
69,0,null,0,0,0
70,0,null,0,0,0
71,0,null,0,0,0
72,0,null,0,0,0
73,0,null,0,0,0
74,0,null,0,0,0
75,0,null,0,0,0
76,2369,e-,1,1,0
77,0,null,0,0,0
78,0,null,0,0,0
79,0,null,0,0,0
80,0,null,0,0,0
81,0,null,0,0,0
82,0,null,0,0,0
83,0,null,0,0,0
84,0,null,0,0,0
85,0,null,0,0,0
86,0,null,0,0,0
87,0,null,0,0,0
88,0,null,0,0,0
89,0,null,0,0,0
90,0,null,0,0,0
91,0,null,0,0,0
92,0,null,0,0,0
93,0,null,0,0,0
94,9,pi+,1,1,1
95,0,null,0,0,0
96,0,null,0,0,0
97,0,null,0,0,0
98,0,null,0,0,0
99,0,null,0,0,0
100,0,null,0,0,0
101,1,primary_proton,1,1,1
102,0,null,0,0,0
103,0,null,0,0,0
104,0,null,0,0,0
105,0,null,0,0,0
106,0,null,0,0,0
107,0,null,0,0,0
108,0,null,0,0,0
109,0,null,0,0,0
110,0,null,0,0,0
111,0,null,0,0,0
112,0,null,0,0,0
113,0,null,0,0,0
114,0,null,0,0,0
115,0,null,0,0,0
116,0,null,0,0,0
117,0,null,0,0,0
118,0,null,0,0,0
119,0,null,0,0,0
120,3,secondary_proton,1,1,1
121,0,null,0,0,0
122,0,null,0,0,0
123,0,null,0,0,0
124,0,null,0,0,0
125,0,null,0,0,0
126,0,null,0,0,0
127,0,null,0,0,0
128,4479,pi+,0,1,1
129,0,null,0,0,0
130,0,null,0,0,0
131,0,null,0,0,0
132,0,null,0,0,0
133,0,null,0,0,0
134,0,null,0,0,0
135,0,null,0,0,0
136,0,null,0,0,0
137,0,null,0,0,0
138,0,null,0,0,0
139,1,primary_proton,1,1,1
140,0,null,0,0,0
141,0,null,0,0,0
142,0,null,0,0,0
143,1,primary_proton,1,1,1
144,0,null,0,0,0
145,0,null,0,0,0
146,0,null,0,0,0
147,0,null,0,0,0
148,0,null,0,0,0
149,0,null,0,0,0
150,0,null,0,0,0
151,0,null,0,0,0
152,0,null,0,0,0
153,0,null,0,0,0
154,0,null,0,0,0
155,0,null,0,0,0
156,0,null,0,0,0
157,0,null,0,0,0
158,0,null,0,0,0
159,0,null,0,0,0
160,0,null,0,0,0
161,0,null,0,0,0
162,0,null,0,0,0
163,0,null,0,0,0
164,0,null,0,0,0
165,0,null,0,0,0
166,0,null,0,0,0
167,0,null,0,0,0
168,0,null,0,0,0
169,0,null,0,0,0
170,0,null,0,0,0
171,0,null,0,0,0
172,0,null,0,0,0
173,0,null,0,0,0
174,0,null,0,0,0
175,0,null,0,0,0
176,0,null,0,0,0
177,0,null,0,0,0
178,0,null,0,0,0
179,0,null,0,0,0
180,0,null,0,0,0
181,0,null,0,0,0
182,0,null,0,0,0
183,0,null,0,0,0
184,0,null,0,0,0
185,0,null,0,0,0
186,0,null,0,0,0
187,1,primary_proton,1,1,1
188,0,null,0,0,0
189,0,null,0,0,0
190,0,null,0,0,0
191,0,null,0,0,0
192,0,null,0,0,0
193,0,null,0,0,0
194,0,null,0,0,0
195,0,null,0,0,0
196,0,null,0,0,0
197,0,null,0,0,0
198,0,null,0,0,0
199,0,null,0,0,0
200,0,null,0,0,0
201,0,null,0,0,0
202,0,null,0,0,0
203,0,null,0,0,0
204,0,null,0,0,0
205,0,null,0,0,0
206,0,null,0,0,0
207,0,null,0,0,0
208,0,null,0,0,0
209,0,null,0,0,0
210,4,secondary_proton,1,1,1
211,0,null,0,0,0
212,0,null,0,0,0
213,0,null,0,0,0
214,0,null,0,0,0
215,0,null,0,0,0
216,6,secondary_proton,1,1,1
217,0,null,0,0,0
218,0,null,0,0,0
219,0,null,0,0,0
220,0,null,0,0,0
221,0,null,0,0,0
222,0,null,0,0,0
223,0,null,0,0,0
224,0,null,0,0,0
225,0,null,0,0,0
226,0,null,0,0,0
227,0,null,0,0,0
228,0,null,0,0,0
229,7,pi+,1,1,1
230,0,null,0,0,0
231,0,null,0,0,0
232,0,null,0,0,0
233,0,null,0,0,0
234,0,null,0,0,0
235,0,null,0,0,0
236,0,null,0,0,0
237,8,secondary_proton,1,1,1
238,0,null,0,0,0
240,0,null,0,0,0
241,0,null,0,0,0
242,0,null,0,0,0
243,0,null,0,0,0
244,0,null,0,0,0
245,0,null,0,0,0
246,0,null,0,0,0
247,0,null,0,0,0
248,0,null,0,0,0
249,0,null,0,0,0
250,0,null,0,0,0
251,0,null,0,0,0
252,0,null,0,0,0
253,0,null,0,0,0
254,0,null,0,0,0
255,0,null,0,0,0
256,0,null,0,0,0
257,0,null,0,0,0
258,0,null,0,0,0
259,0,null,0,0,0
260,0,null,0,0,0
261,0,null,0,0,0
262,0,null,0,0,0
263,0,null,0,0,0
264,0,null,0,0,0
265,0,null,0,0,0
266,0,null,0,0,0
267,0,null,0,0,0
268,0,null,0,0,0
269,0,null,0,0,0
270,1,primary_proton,1,1,1
271,0,null,0,0,0
272,0,null,0,0,0
273,0,null,0,0,0
274,0,null,0,0,0
275,0,null,0,0,0
276,0,null,0,0,0
277,0,null,0,0,0
278,0,null,0,0,0
279,0,null,0,0,0
280,0,null,0,0,0
281,0,null,0,0,0
282,0,null,0,0,0
283,0,null,0,0,0
284,0,null,0,0,0
285,0,null,0,0,0
286,0,null,0,0,0
287,0,null,0,0,0
288,0,null,0,0,0
289,0,null,0,0,0
290,0,null,0,0,0
291,0,null,0,0,0
292,0,null,0,0,0
293,0,null,0,0,0
294,1,primary_proton,1,1,1
295,0,null,0,0,0
296,0,null,0,0,0
297,1,primary_proton,1,1,1
298,0,null,0,0,0
299,0,null,0,0,0
300,0,null,0,0,0
301,0,null,0,0,0
302,0,null,0,0,0
303,0,null,0,0,0
304,0,null,0,0,0
305,0,null,0,0,0
306,8,secondary_proton,1,1,1
307,0,null,0,0,0
308,0,null,0,0,0
309,0,null,0,0,0
310,0,null,0,0,0
311,0,null,0,0,0
312,0,null,0,0,0
313,0,null,0,0,0
314,7,pi+,1,1,1
315,0,null,0,0,0
316,0,null,0,0,0
317,0,null,0,0,0
318,0,null,0,0,0
319,0,null,0,0,0
320,0,null,0,0,0
321,0,null,0,0,0
322,0,null,0,0,0
323,0,null,0,0,0
324,0,null,0,0,0
325,0,null,0,0,0
326,0,null,0,0,0
327,0,null,0,0,0
328,0,null,0,0,0
329,0,null,0,0,0
330,0,null,0,0,0
331,0,null,0,0,0
332,0,null,0,0,0
333,0,null,0,0,0
334,0,null,0,0,0
335,0,null,0,0,0
336,0,null,0,0,0
337,0,null,0,0,0
338,0,null,0,0,0
339,0,null,0,0,0
340,0,null,0,0,0
341,0,null,0,0,0
342,0,null,0,0,0
343,0,null,0,0,0
344,0,null,0,0,0
345,0,null,0,0,0
346,0,null,0,0,0
347,1,primary_proton,1,1,1
348,0,null,0,0,0
349,0,null,0,0,0
350,0,null,0,0,0
351,0,null,0,0,0
352,0,null,0,0,0
353,1,primary_proton,1,1,1
354,0,null,0,0,0
355,0,null,0,0,0
356,0,null,0,0,0
357,0,null,0,0,0
358,0,null,0,0,0
359,0,null,0,0,0
360,0,null,0,0,0
361,0,null,0,0,0
362,0,null,0,0,0
363,0,null,0,0,0
364,0,null,0,0,0
365,0,null,0,0,0
366,0,null,0,0,0
367,0,null,0,0,0
368,10,pi-,1,1,1
369,0,null,0,0,0
370,0,null,0,0,0
371,0,null,0,0,0
372,0,null,0,0,0
373,0,null,0,0,0
374,0,null,0,0,0
375,0,null,0,0,0
376,0,null,0,0,0
377,0,null,0,0,0
378,0,null,0,0,0
379,0,null,0,0,0
380,0,null,0,0,0
381,0,null,0,0,0
382,0,null,0,0,0
383,0,null,0,0,0
384,0,null,0,0,0
385,0,null,0,0,0
386,0,null,0,0,0
387,0,null,0,0,0
388,0,null,0,0,0
389,0,null,0,0,0
390,0,null,0,0,0
391,0,null,0,0,0
392,0,null,0,0,0
393,0,null,0,0,0
394,0,null,0,0,0
395,0,null,0,0,0
396,0,null,0,0,0
397,0,null,0,0,0
398,0,null,0,0,0
399,11,pi-,1,1,1
400,0,null,0,0,0
401,0,null,0,0,0
402,0,null,0,0,0
403,0,null,0,0,0
404,0,null,0,0,0
405,0,null,0,0,0
406,0,null,0,0,0
407,0,null,0,0,0
408,0,null,0,0,0
409,0,null,0,0,0
410,0,null,0,0,0
411,0,null,0,0,0
412,0,null,0,0,0
413,0,null,0,0,0
414,1472,e-,1,0,0
415,0,null,0,0,0
416,0,null,0,0,0
417,0,null,0,0,0
418,848,secondary_proton,1,0,0
419,0,null,0,0,0
420,0,null,0,0,0
421,1,primary_proton,1,1,1
422,0,null,0,0,0
423,0,null,0,0,0
424,0,null,0,0,0
425,0,null,0,0,0
426,0,null,0,0,0
427,0,null,0,0,0
428,0,null,0,0,0
429,0,null,0,0,0
430,0,null,0,0,0
431,0,null,0,0,0
432,0,null,0,0,0
433,0,null,0,0,0
434,0,null,0,0,0
435,0,null,0,0,0
436,0,null,0,0,0
437,0,null,0,0,0
438,0,null,0,0,0
439,0,null,0,0,0
440,0,null,0,0,0
441,0,null,0,0,0
442,1,primary_proton,1,1,1
443,0,null,0,0,0
444,0,null,0,0,0
445,0,null,0,0,0
446,0,null,0,0,0
447,0,null,0,0,0
448,24,pi+,1,1,1
449,0,null,0,0,0
450,0,null,0,0,0
451,0,null,0,0,0
452,0,null,0,0,0
453,0,null,0,0,0
454,0,null,0,0,0
455,0,null,0,0,0
456,0,null,0,0,0
457,1,primary_proton,1,1,1
458,0,null,0,0,0
459,0,null,0,0,0
460,0,null,0,0,0
461,0,null,0,0,0
462,0,null,0,0,0
463,0,null,0,0,0
464,0,null,0,0,0
465,0,null,0,0,0
466,0,null,0,0,0
467,0,null,0,0,0
468,0,null,0,0,0
469,0,null,0,0,0
470,0,null,0,0,0
471,0,null,0,0,0
472,0,null,0,0,0
474,0,null,0,0,0
475,0,null,0,0,0
476,0,null,0,0,0
477,0,null,0,0,0
478,0,null,0,0,0
479,0,null,0,0,0
480,0,null,0,0,0
481,0,null,0,0,0
482,0,null,0,0,0
483,0,null,0,0,0
484,0,null,0,0,0
485,0,null,0,0,0
486,0,null,0,0,0
487,0,null,0,0,0
488,0,null,0,0,0
489,3,secondary_proton,1,1,1
490,0,null,0,0,0
491,0,null,0,0,0
492,0,null,0,0,0
493,0,null,0,0,0
494,0,null,0,0,0
495,0,null,0,0,0
496,0,null,0,0,0
497,0,null,0,0,0
498,8,pi-,1,1,1
499,1,primary_proton,1,1,1
500,0,null,0,0,0
501,0,null,0,0,0
502,0,null,0,0,0
503,0,null,0,0,0
504,0,null,0,0,0
505,0,null,0,0,0
506,0,null,0,0,0
507,0,null,0,0,0
508,0,null,0,0,0
509,0,null,0,0,0
510,0,null,0,0,0
511,0,null,0,0,0
512,0,null,0,0,0
513,0,null,0,0,0
514,0,null,0,0,0
515,0,null,0,0,0
516,0,null,0,0,0
517,0,null,0,0,0
518,0,null,0,0,0
519,0,null,0,0,0
520,0,null,0,0,0
521,0,null,0,0,0
522,1,primary_proton,1,1,1
523,0,null,0,0,0
524,0,null,0,0,0
525,0,null,0,0,0
526,0,null,0,0,0
527,0,null,0,0,0
528,0,null,0,0,0
529,0,null,0,0,0
530,0,null,0,0,0
531,0,null,0,0,0
532,0,null,0,0,0
533,0,null,0,0,0
534,0,null,0,0,0
535,0,null,0,0,0
536,0,null,0,0,0
537,0,null,0,0,0
538,0,null,0,0,0
539,0,null,0,0,0
540,0,null,0,0,0
541,0,null,0,0,0
542,0,null,0,0,0
543,0,null,0,0,0
544,1,primary_proton,1,1,1
545,0,null,0,0,0
546,0,null,0,0,0
547,0,null,0,0,0
548,0,null,0,0,0
549,0,null,0,0,0
550,0,null,0,0,0
551,0,null,0,0,0
552,0,null,0,0,0
553,0,null,0,0,0
554,0,null,0,0,0
555,0,null,0,0,0
556,0,null,0,0,0
557,0,null,0,0,0
558,0,null,0,0,0
559,0,null,0,0,0
560,1893,secondary_proton,1,1,1
561,0,null,0,0,0
562,0,null,0,0,0
563,0,null,0,0,0
564,0,null,0,0,0
565,0,null,0,0,0
566,0,null,0,0,0
567,0,null,0,0,0
568,0,null,0,0,0
569,0,null,0,0,0
570,0,null,0,0,0
571,0,null,0,0,0
572,0,null,0,0,0
573,0,null,0,0,0
574,0,null,0,0,0
575,0,null,0,0,0
576,0,null,0,0,0
577,0,null,0,0,0
578,0,null,0,0,0
579,0,null,0,0,0
580,0,null,0,0,0
581,0,null,0,0,0
582,0,null,0,0,0
583,0,null,0,0,0
584,0,null,0,0,0
585,0,null,0,0,0
586,0,null,0,0,0
587,0,null,0,0,0
588,0,null,0,0,0
589,0,null,0,0,0
590,0,null,0,0,0
591,0,null,0,0,0
592,0,null,0,0,0
593,0,null,0,0,0
594,0,null,0,0,0
595,0,null,0,0,0
596,0,null,0,0,0
597,0,null,0,0,0
598,0,null,0,0,0
599,0,null,0,0,0
600,0,null,0,0,0
601,0,null,0,0,0
602,0,null,0,0,0
603,0,null,0,0,0
604,0,null,0,0,0
605,0,null,0,0,0
606,0,null,0,0,0
607,20,pi+,1,1,0
608,0,null,0,0,0
609,0,null,0,0,0
610,0,null,0,0,0
611,0,null,0,0,0
612,0,null,0,0,0
613,0,null,0,0,0
614,0,null,0,0,0
615,1,primary_proton,1,1,1
616,0,null,0,0,0
617,0,null,0,0,0
618,0,null,0,0,0
619,0,null,0,0,0
620,0,null,0,0,0
621,0,null,0,0,0
622,0,null,0,0,0
623,0,null,0,0,0
624,8,pi+,1,1,0
625,0,null,0,0,0
626,0,null,0,0,0
627,2103,e-,1,1,1
628,0,null,0,0,0
629,0,null,0,0,0
630,0,null,0,0,0
631,0,null,0,0,0
632,0,null,0,0,0
633,0,null,0,0,0
634,0,null,0,0,0
635,0,null,0,0,0
636,0,null,0,0,0
637,5642,e-,0,1,0
638,0,null,0,0,0
639,0,null,0,0,0
640,0,null,0,0,0
641,0,null,0,0,0
642,15,pi-,1,1,1
643,0,null,0,0,0
644,0,null,0,0,0
645,0,null,0,0,0
646,0,null,0,0,0
647,0,null,0,0,0
648,0,null,0,0,0
649,0,null,0,0,0
650,0,null,0,0,0
651,0,null,0,0,0
652,0,null,0,0,0
653,0,null,0,0,0
654,0,null,0,0,0
655,0,null,0,0,0
656,0,null,0,0,0
657,0,null,0,0,0
658,0,null,0,0,0
659,0,null,0,0,0
660,0,null,0,0,0
661,0,null,0,0,0
662,0,null,0,0,0
663,0,null,0,0,0
664,0,null,0,0,0
665,0,null,0,0,0
666,0,null,0,0,0
667,0,null,0,0,0
668,0,null,0,0,0
669,0,null,0,0,0
670,0,null,0,0,0
671,0,null,0,0,0
672,0,null,0,0,0
673,0,null,0,0,0
674,0,null,0,0,0
675,0,null,0,0,0
676,0,null,0,0,0
677,0,null,0,0,0
678,0,null,0,0,0
679,0,null,0,0,0
680,0,null,0,0,0
681,0,null,0,0,0
682,0,null,0,0,0
683,0,null,0,0,0
684,0,null,0,0,0
685,0,null,0,0,0
686,0,null,0,0,0
687,0,null,0,0,0
688,0,null,0,0,0
689,0,null,0,0,0
690,0,null,0,0,0
691,0,null,0,0,0
692,0,null,0,0,0
693,0,null,0,0,0
694,10,pi-,1,1,1
695,0,null,0,0,0
696,0,null,0,0,0
697,0,null,0,0,0
698,0,null,0,0,0
699,0,null,0,0,0
700,0,null,0,0,0
701,0,null,0,0,0
702,0,null,0,0,0
703,0,null,0,0,0
704,0,null,0,0,0
705,0,null,0,0,0
706,0,null,0,0,0
707,0,null,0,0,0
708,0,null,0,0,0
709,0,null,0,0,0
711,0,null,0,0,0
712,0,null,0,0,0
713,0,null,0,0,0
714,0,null,0,0,0
715,0,null,0,0,0
716,0,null,0,0,0
717,0,null,0,0,0
718,0,null,0,0,0
719,0,null,0,0,0
720,0,null,0,0,0
721,0,null,0,0,0
722,1,primary_proton,1,1,1
723,0,null,0,0,0
724,0,null,0,0,0
725,0,null,0,0,0
726,0,null,0,0,0
727,0,null,0,0,0
728,0,null,0,0,0
729,0,null,0,0,0
730,0,null,0,0,0
731,0,null,0,0,0
732,0,null,0,0,0
733,0,null,0,0,0
734,0,null,0,0,0
735,0,null,0,0,0
736,0,null,0,0,0
737,0,null,0,0,0
738,0,null,0,0,0
739,0,null,0,0,0
740,0,null,0,0,0
741,0,null,0,0,0
742,0,null,0,0,0
743,0,null,0,0,0
744,0,null,0,0,0
745,0,null,0,0,0
746,0,null,0,0,0
747,0,null,0,0,0
748,0,null,0,0,0
749,0,null,0,0,0
750,0,null,0,0,0
751,0,null,0,0,0
752,0,null,0,0,0
753,0,null,0,0,0
754,0,null,0,0,0
755,0,null,0,0,0
756,0,null,0,0,0
757,0,null,0,0,0
758,0,null,0,0,0
759,0,null,0,0,0
760,0,null,0,0,0
761,0,null,0,0,0
762,0,null,0,0,0
763,0,null,0,0,0
764,0,null,0,0,0
765,0,null,0,0,0
766,0,null,0,0,0
767,1,primary_proton,1,1,1
768,0,null,0,0,0
769,0,null,0,0,0
770,0,null,0,0,0
771,0,null,0,0,0
772,0,null,0,0,0
773,0,null,0,0,0
774,0,null,0,0,0
775,0,null,0,0,0
776,0,null,0,0,0
777,0,null,0,0,0
778,0,null,0,0,0
779,0,null,0,0,0
780,1,primary_proton,1,1,1
781,0,null,0,0,0
782,0,null,0,0,0
783,1,primary_proton,1,1,1
784,0,null,0,0,0
785,6,pi-,1,1,1
786,0,null,0,0,0
787,0,null,0,0,0
788,0,null,0,0,0
789,0,null,0,0,0
790,0,null,0,0,0
791,0,null,0,0,0
792,0,null,0,0,0
793,0,null,0,0,0
794,0,null,0,0,0
795,0,null,0,0,0
796,0,null,0,0,0
797,0,null,0,0,0
798,0,null,0,0,0
799,0,null,0,0,0
800,0,null,0,0,0
801,0,null,0,0,0
802,0,null,0,0,0
803,0,null,0,0,0
804,0,null,0,0,0
805,0,null,0,0,0
806,0,null,0,0,0
807,0,null,0,0,0
808,0,null,0,0,0
809,0,null,0,0,0
810,0,null,0,0,0
811,0,null,0,0,0
812,0,null,0,0,0
813,0,null,0,0,0
814,0,null,0,0,0
815,0,null,0,0,0
816,0,null,0,0,0
817,0,null,0,0,0
818,0,null,0,0,0
819,0,null,0,0,0
820,0,null,0,0,0
821,0,null,0,0,0
822,0,null,0,0,0
823,0,null,0,0,0
824,0,null,0,0,0
825,0,null,0,0,0
826,0,null,0,0,0
827,0,null,0,0,0
828,0,null,0,0,0
829,0,null,0,0,0
830,0,null,0,0,0
831,0,null,0,0,0
832,0,null,0,0,0
833,0,null,0,0,0
834,0,null,0,0,0
835,1,primary_proton,1,1,1
836,0,null,0,0,0
837,0,null,0,0,0
838,0,null,0,0,0
839,0,null,0,0,0
840,0,null,0,0,0
841,0,null,0,0,0
842,0,null,0,0,0
843,0,null,0,0,0
844,0,null,0,0,0
845,0,null,0,0,0
846,0,null,0,0,0
847,1,primary_proton,1,1,1
848,0,null,0,0,0
849,0,null,0,0,0
850,0,null,0,0,0
851,0,null,0,0,0
852,0,null,0,0,0
853,0,null,0,0,0
854,0,null,0,0,0
855,0,null,0,0,0
856,1,primary_proton,1,1,1
857,0,null,0,0,0
858,0,null,0,0,0
859,0,null,0,0,0
860,0,null,0,0,0
861,0,null,0,0,0
862,0,null,0,0,0
863,0,null,0,0,0
864,0,null,0,0,0
865,0,null,0,0,0
866,0,null,0,0,0
867,0,null,0,0,0
868,0,null,0,0,0
869,0,null,0,0,0
870,4,pi+,1,1,1
871,0,null,0,0,0
872,0,null,0,0,0
873,0,null,0,0,0
874,0,null,0,0,0
875,0,null,0,0,0
876,0,null,0,0,0
877,0,null,0,0,0
878,0,null,0,0,0
879,0,null,0,0,0
880,0,null,0,0,0
881,13,pi+,1,1,1
882,0,null,0,0,0
883,1,primary_proton,1,1,1
884,0,null,0,0,0
885,1,primary_proton,1,1,1
886,0,null,0,0,0
887,0,null,0,0,0
888,0,null,0,0,0
889,0,null,0,0,0
890,0,null,0,0,0
891,0,null,0,0,0
892,0,null,0,0,0
893,0,null,0,0,0
894,0,null,0,0,0
895,0,null,0,0,0
896,0,null,0,0,0
897,0,null,0,0,0
898,0,null,0,0,0
899,0,null,0,0,0
900,0,null,0,0,0
901,0,null,0,0,0
902,0,null,0,0,0
903,0,null,0,0,0
904,0,null,0,0,0
905,0,null,0,0,0
906,0,null,0,0,0
907,0,null,0,0,0
908,0,null,0,0,0
909,6,pi+,1,1,1
910,0,null,0,0,0
911,0,null,0,0,0
912,0,null,0,0,0
913,0,null,0,0,0
914,0,null,0,0,0
915,0,null,0,0,0
916,0,null,0,0,0
917,0,null,0,0,0
918,0,null,0,0,0
919,294,pi+,1,0,0
920,0,null,0,0,0
921,0,null,0,0,0
922,0,null,0,0,0
923,0,null,0,0,0
924,0,null,0,0,0
925,0,null,0,0,0
926,0,null,0,0,0
927,0,null,0,0,0
928,0,null,0,0,0
929,0,null,0,0,0
930,0,null,0,0,0
931,0,null,0,0,0
932,0,null,0,0,0
933,0,null,0,0,0
934,0,null,0,0,0
935,0,null,0,0,0
936,0,null,0,0,0
937,0,null,0,0,0
938,0,null,0,0,0
939,0,null,0,0,0
940,0,null,0,0,0
941,0,null,0,0,0
942,0,null,0,0,0
943,0,null,0,0,0
944,0,null,0,0,0
945,0,null,0,0,0
947,0,null,0,0,0
948,0,null,0,0,0
949,0,null,0,0,0
950,0,null,0,0,0
951,0,null,0,0,0
952,0,null,0,0,0
953,0,null,0,0,0
954,0,null,0,0,0
955,0,null,0,0,0
956,0,null,0,0,0
957,0,null,0,0,0
958,0,null,0,0,0
959,0,null,0,0,0
960,0,null,0,0,0
961,0,null,0,0,0
962,0,null,0,0,0
963,0,null,0,0,0
964,0,null,0,0,0
965,0,null,0,0,0
966,0,null,0,0,0
967,1,primary_proton,1,1,1
968,0,null,0,0,0
969,0,null,0,0,0
970,0,null,0,0,0
971,0,null,0,0,0
972,0,null,0,0,0
973,0,null,0,0,0
974,12,pi-,1,1,1
975,0,null,0,0,0
976,0,null,0,0,0
977,0,null,0,0,0
978,0,null,0,0,0
979,7,secondary_proton,1,1,1
980,1,primary_proton,1,1,1
981,0,null,0,0,0
982,1,primary_proton,1,1,1
983,0,null,0,0,0
984,0,null,0,0,0
985,0,null,0,0,0
986,0,null,0,0,0
987,0,null,0,0,0
988,0,null,0,0,0
989,0,null,0,0,0
990,0,null,0,0,0
991,0,null,0,0,0
992,0,null,0,0,0
993,0,null,0,0,0
994,0,null,0,0,0
995,0,null,0,0,0
996,0,null,0,0,0
997,0,null,0,0,0
998,0,null,0,0,0
999,6,secondary_proton,1,1,0
1000,0,null,0,0,0
1001,0,null,0,0,0
1002,0,null,0,0,0
1003,0,null,0,0,0
1004,0,null,0,0,0
1005,0,null,0,0,0
1006,0,null,0,0,0
1007,0,null,0,0,0
1008,0,null,0,0,0
1009,0,null,0,0,0
1010,0,null,0,0,0
1011,0,null,0,0,0
1012,0,null,0,0,0
1013,0,null,0,0,0
1014,0,null,0,0,0
1015,0,null,0,0,0
1016,0,null,0,0,0
1017,0,null,0,0,0
1018,0,null,0,0,0
1019,0,null,0,0,0
1020,0,null,0,0,0
1021,395,e-,1,0,0
1022,0,null,0,0,0
1023,0,null,0,0,0
1024,0,null,0,0,0
1025,0,null,0,0,0
1026,0,null,0,0,0
1027,0,null,0,0,0
1028,0,null,0,0,0
1029,0,null,0,0,0
1030,0,null,0,0,0
1031,0,null,0,0,0
1032,0,null,0,0,0
1033,0,null,0,0,0
1034,0,null,0,0,0
1035,686,e-,1,1,1
1036,0,null,0,0,0
1037,0,null,0,0,0
1038,7,pi+,1,1,1
1039,0,null,0,0,0
1040,0,null,0,0,0
1041,0,null,0,0,0
1042,0,null,0,0,0
1043,0,null,0,0,0
1044,0,null,0,0,0
1045,0,null,0,0,0
1046,0,null,0,0,0
1047,0,null,0,0,0
1048,0,null,0,0,0
1049,0,null,0,0,0
1050,0,null,0,0,0
1051,0,null,0,0,0
1052,0,null,0,0,0
1053,0,null,0,0,0
1054,0,null,0,0,0
1055,0,null,0,0,0
1056,0,null,0,0,0
1057,0,null,0,0,0
1058,0,null,0,0,0
1059,0,null,0,0,0
1060,0,null,0,0,0
1061,0,null,0,0,0
1062,0,null,0,0,0
1063,0,null,0,0,0
1064,0,null,0,0,0
1065,0,null,0,0,0
1066,0,null,0,0,0
1067,0,null,0,0,0
1068,0,null,0,0,0
1069,0,null,0,0,0
1070,0,null,0,0,0
1071,0,null,0,0,0
1072,0,null,0,0,0
1073,0,null,0,0,0
1074,1,primary_proton,1,1,1
1075,0,null,0,0,0
1076,0,null,0,0,0
1077,0,null,0,0,0
1078,0,null,0,0,0
1079,0,null,0,0,0
1080,0,null,0,0,0
1081,0,null,0,0,0
1082,0,null,0,0,0
1083,0,null,0,0,0
1084,0,null,0,0,0
1085,0,null,0,0,0
1086,0,null,0,0,0
1087,0,null,0,0,0
1088,0,null,0,0,0
1089,0,null,0,0,0
1090,0,null,0,0,0
1091,0,null,0,0,0
1092,0,null,0,0,0
1093,0,null,0,0,0
1094,0,null,0,0,0
1095,0,null,0,0,0
1096,0,null,0,0,0
1097,0,null,0,0,0
1098,0,null,0,0,0
1099,0,null,0,0,0
1100,0,null,0,0,0
1101,0,null,0,0,0
1102,0,null,0,0,0
1103,0,null,0,0,0
1104,0,null,0,0,0
1105,0,null,0,0,0
1106,0,null,0,0,0
1107,0,null,0,0,0
1108,0,null,0,0,0
1109,0,null,0,0,0
1110,6,secondary_proton,1,1,1
1111,0,null,0,0,0
1112,0,null,0,0,0
1113,0,null,0,0,0
1114,0,null,0,0,0
1115,0,null,0,0,0
1116,0,null,0,0,0
1117,0,null,0,0,0
1118,0,null,0,0,0
1119,0,null,0,0,0
1120,0,null,0,0,0
1121,0,null,0,0,0
1122,0,null,0,0,0
1123,0,null,0,0,0
1124,0,null,0,0,0
1125,0,null,0,0,0
1126,0,null,0,0,0
1127,0,null,0,0,0
1128,0,null,0,0,0
1129,0,null,0,0,0
1130,0,null,0,0,0
1131,0,null,0,0,0
1132,0,null,0,0,0
1133,0,null,0,0,0
1134,0,null,0,0,0
1135,0,null,0,0,0
1136,0,null,0,0,0
1137,0,null,0,0,0
1138,0,null,0,0,0
1139,0,null,0,0,0
1140,0,null,0,0,0
1141,0,null,0,0,0
1142,0,null,0,0,0
1143,0,null,0,0,0
1144,0,null,0,0,0
1145,128,secondary_proton,1,1,1
1146,0,null,0,0,0
1147,0,null,0,0,0
1148,0,null,0,0,0
1149,0,null,0,0,0
1150,0,null,0,0,0
1151,0,null,0,0,0
1152,0,null,0,0,0
1153,0,null,0,0,0
1154,0,null,0,0,0
1155,0,null,0,0,0
1156,0,null,0,0,0
1157,0,null,0,0,0
1158,0,null,0,0,0
1159,0,null,0,0,0
1160,0,null,0,0,0
1161,0,null,0,0,0
1162,0,null,0,0,0
1163,0,null,0,0,0
1164,0,null,0,0,0
1165,0,null,0,0,0
1166,0,null,0,0,0
1167,0,null,0,0,0
1168,5,secondary_proton,1,1,1
1169,0,null,0,0,0
1170,0,null,0,0,0
1172,0,null,0,0,0
1173,1,primary_proton,1,1,1
1174,0,null,0,0,0
1175,0,null,0,0,0
1176,0,null,0,0,0
1177,0,null,0,0,0
1178,0,null,0,0,0
1179,0,null,0,0,0
1180,0,null,0,0,0
1181,0,null,0,0,0
1182,0,null,0,0,0
1183,0,null,0,0,0
1184,0,null,0,0,0
1185,0,null,0,0,0
1186,0,null,0,0,0
1187,2562,secondary_proton,1,1,1
1188,0,null,0,0,0
1189,0,null,0,0,0
1190,0,null,0,0,0
1191,0,null,0,0,0
1192,0,null,0,0,0
1193,0,null,0,0,0
1194,0,null,0,0,0
1195,0,null,0,0,0
1196,265,pi-,1,0,0
1197,0,null,0,0,0
1198,0,null,0,0,0
1199,2,secondary_proton,1,1,1
1200,0,null,0,0,0
1201,0,null,0,0,0
1202,0,null,0,0,0
1203,0,null,0,0,0
1204,0,null,0,0,0
1205,0,null,0,0,0
1206,0,null,0,0,0
1207,0,null,0,0,0
1208,0,null,0,0,0
1209,0,null,0,0,0
1210,0,null,0,0,0
1211,0,null,0,0,0
1212,0,null,0,0,0
1213,0,null,0,0,0
1214,0,null,0,0,0
1215,0,null,0,0,0
1216,17,secondary_proton,1,1,0
1217,0,null,0,0,0
1218,0,null,0,0,0
1219,0,null,0,0,0
1220,0,null,0,0,0
1221,0,null,0,0,0
1222,0,null,0,0,0
1223,1,primary_proton,1,1,1
1224,0,null,0,0,0
1225,0,null,0,0,0
1226,17,secondary_proton,1,1,1
1227,0,null,0,0,0
1228,0,null,0,0,0
1229,0,null,0,0,0
1230,0,null,0,0,0
1231,0,null,0,0,0
1232,1,primary_proton,1,1,1
1233,0,null,0,0,0
1234,0,null,0,0,0
1235,0,null,0,0,0
1236,0,null,0,0,0
1237,0,null,0,0,0
1238,0,null,0,0,0
1239,0,null,0,0,0
1240,0,null,0,0,0
1241,0,null,0,0,0
1242,0,null,0,0,0
1243,0,null,0,0,0
1244,0,null,0,0,0
1245,2,secondary_proton,1,1,1
1246,0,null,0,0,0
1247,0,null,0,0,0
1248,0,null,0,0,0
1249,0,null,0,0,0
1250,0,null,0,0,0
1251,0,null,0,0,0
1252,0,null,0,0,0
1253,0,null,0,0,0
1254,0,null,0,0,0
1255,0,null,0,0,0
1256,0,null,0,0,0
1257,0,null,0,0,0
1258,0,null,0,0,0
1259,12,pi+,1,1,1
1260,0,null,0,0,0
1261,0,null,0,0,0
1262,0,null,0,0,0
1263,0,null,0,0,0
1264,0,null,0,0,0
1265,0,null,0,0,0
1266,0,null,0,0,0
1267,0,null,0,0,0
1268,0,null,0,0,0
1269,0,null,0,0,0
1270,0,null,0,0,0
1271,0,null,0,0,0
1272,3,secondary_proton,1,1,1
1273,0,null,0,0,0
1274,0,null,0,0,0
1275,0,null,0,0,0
1276,0,null,0,0,0
1277,0,null,0,0,0
1278,0,null,0,0,0
1279,0,null,0,0,0
1280,0,null,0,0,0
1281,0,null,0,0,0
1282,0,null,0,0,0
1283,0,null,0,0,0
1284,0,null,0,0,0
1285,0,null,0,0,0
1286,0,null,0,0,0
1287,0,null,0,0,0
1288,0,null,0,0,0
1289,0,null,0,0,0
1290,0,null,0,0,0
1291,1,primary_proton,1,1,1
1292,0,null,0,0,0
1293,0,null,0,0,0
1294,0,null,0,0,0
1295,0,null,0,0,0
1296,0,null,0,0,0
1297,0,null,0,0,0
1298,0,null,0,0,0
1299,0,null,0,0,0
1300,0,null,0,0,0
1301,0,null,0,0,0
1302,0,null,0,0,0
1303,0,null,0,0,0
1304,0,null,0,0,0
1305,1,primary_proton,1,1,1
1306,0,null,0,0,0
1307,0,null,0,0,0
1308,0,null,0,0,0
1309,0,null,0,0,0
1310,0,null,0,0,0
1311,0,null,0,0,0
1312,0,null,0,0,0
1313,0,null,0,0,0
1314,0,null,0,0,0
1315,0,null,0,0,0
1316,0,null,0,0,0
1317,0,null,0,0,0
1318,0,null,0,0,0
1319,0,null,0,0,0
1320,0,null,0,0,0
1321,0,null,0,0,0
1322,0,null,0,0,0
1323,0,null,0,0,0
1324,0,null,0,0,0
1325,0,null,0,0,0
1326,0,null,0,0,0
1327,0,null,0,0,0
1328,0,null,0,0,0
1329,0,null,0,0,0
1330,0,null,0,0,0
1331,0,null,0,0,0
1332,0,null,0,0,0
1333,0,null,0,0,0
1334,0,null,0,0,0
1335,0,null,0,0,0
1336,0,null,0,0,0
1337,0,null,0,0,0
1338,0,null,0,0,0
1339,0,null,0,0,0
1340,0,null,0,0,0
1341,0,null,0,0,0
1342,0,null,0,0,0
1343,0,null,0,0,0
1344,0,null,0,0,0
1345,0,null,0,0,0
1346,0,null,0,0,0
1347,0,null,0,0,0
1348,0,null,0,0,0
1349,0,null,0,0,0
1350,0,null,0,0,0
1351,0,null,0,0,0
1352,0,null,0,0,0
1353,0,null,0,0,0
1354,0,null,0,0,0
1355,10,secondary_proton,1,0,0
1356,0,null,0,0,0
1357,0,null,0,0,0
1358,0,null,0,0,0
1359,0,null,0,0,0
1360,0,null,0,0,0
1361,0,null,0,0,0
1362,0,null,0,0,0
1363,0,null,0,0,0
1364,0,null,0,0,0
1365,164,pi-,1,1,0
1366,0,null,0,0,0
1367,0,null,0,0,0
1368,0,null,0,0,0
1369,0,null,0,0,0
1370,0,null,0,0,0
1371,0,null,0,0,0
1372,0,null,0,0,0
1373,0,null,0,0,0
1374,1455,pi-,1,1,1
1375,0,null,0,0,0
1376,0,null,0,0,0
1377,0,null,0,0,0
1378,0,null,0,0,0
1379,0,null,0,0,0
1380,0,null,0,0,0
1381,0,null,0,0,0
1382,0,null,0,0,0
1383,0,null,0,0,0
1384,0,null,0,0,0
1385,0,null,0,0,0
1386,1,primary_proton,1,1,1
1387,0,null,0,0,0
1388,0,null,0,0,0
1389,0,null,0,0,0
1391,0,null,0,0,0
1392,0,null,0,0,0
1393,0,null,0,0,0
1394,0,null,0,0,0
1395,0,null,0,0,0
1396,0,null,0,0,0
1397,0,null,0,0,0
1398,0,null,0,0,0
1399,0,null,0,0,0
1400,0,null,0,0,0
1401,0,null,0,0,0
1402,0,null,0,0,0
1403,0,null,0,0,0
1404,0,null,0,0,0
1405,0,null,0,0,0
1406,0,null,0,0,0
1407,0,null,0,0,0
1408,0,null,0,0,0
1409,0,null,0,0,0
1410,0,null,0,0,0
1411,0,null,0,0,0
1412,0,null,0,0,0
1413,0,null,0,0,0
1414,0,null,0,0,0
1415,0,null,0,0,0
1416,0,null,0,0,0
1417,0,null,0,0,0
1418,0,null,0,0,0
1419,0,null,0,0,0
1420,0,null,0,0,0
1421,0,null,0,0,0
1422,0,null,0,0,0
1423,0,null,0,0,0
1424,0,null,0,0,0
1425,1,primary_proton,1,1,0
1426,0,null,0,0,0
1427,0,null,0,0,0
1428,0,null,0,0,0
1429,0,null,0,0,0
1430,0,null,0,0,0
1431,0,null,0,0,0
1432,0,null,0,0,0
1433,0,null,0,0,0
1434,0,null,0,0,0
1435,0,null,0,0,0
1436,0,null,0,0,0
1437,0,null,0,0,0
1438,0,null,0,0,0
1439,0,null,0,0,0
1440,0,null,0,0,0
1441,0,null,0,0,0
1442,0,null,0,0,0
1443,0,null,0,0,0
1444,0,null,0,0,0
1445,0,null,0,0,0
1446,0,null,0,0,0
1447,0,null,0,0,0
1448,0,null,0,0,0
1449,0,null,0,0,0
1450,0,null,0,0,0
1451,0,null,0,0,0
1452,1,primary_proton,1,1,1
1453,0,null,0,0,0
1454,0,null,0,0,0
1455,0,null,0,0,0
1456,0,null,0,0,0
1457,0,null,0,0,0
1458,0,null,0,0,0
1459,0,null,0,0,0
1460,0,null,0,0,0
1461,0,null,0,0,0
1462,0,null,0,0,0
1463,0,null,0,0,0
1464,0,null,0,0,0
1465,0,null,0,0,0
1466,0,null,0,0,0
1467,0,null,0,0,0
1468,0,null,0,0,0
1469,0,null,0,0,0
1470,0,null,0,0,0
1471,0,null,0,0,0
1472,0,null,0,0,0
1473,0,null,0,0,0
1474,0,null,0,0,0
1475,0,null,0,0,0
1476,0,null,0,0,0
1477,0,null,0,0,0
1478,0,null,0,0,0
1479,0,null,0,0,0
1480,0,null,0,0,0
1481,0,null,0,0,0
1482,8,pi-,1,0,0
1483,0,null,0,0,0
1484,0,null,0,0,0
1485,0,null,0,0,0
1486,0,null,0,0,0
1487,6,pi+,1,1,1
1488,0,null,0,0,0
1489,0,null,0,0,0
1490,0,null,0,0,0
1491,0,null,0,0,0
1492,0,null,0,0,0
1493,0,null,0,0,0
1494,0,null,0,0,0
1495,0,null,0,0,0
1496,0,null,0,0,0
1497,0,null,0,0,0
1498,0,null,0,0,0
1499,0,null,0,0,0
1500,0,null,0,0,0
1501,0,null,0,0,0
1502,0,null,0,0,0
1503,1,primary_proton,1,1,1
1504,0,null,0,0,0
1505,0,null,0,0,0
1506,0,null,0,0,0
1507,0,null,0,0,0
1508,0,null,0,0,0
1509,0,null,0,0,0
1510,0,null,0,0,0
1511,0,null,0,0,0
1512,0,null,0,0,0
1513,0,null,0,0,0
1514,0,null,0,0,0
1515,0,null,0,0,0
1516,0,null,0,0,0
1517,0,null,0,0,0
1518,0,null,0,0,0
1519,0,null,0,0,0
1520,0,null,0,0,0
1521,0,null,0,0,0
1522,0,null,0,0,0
1523,0,null,0,0,0
1524,0,null,0,0,0
1525,0,null,0,0,0
1526,0,null,0,0,0
1527,0,null,0,0,0
1528,0,null,0,0,0
1529,0,null,0,0,0
1530,0,null,0,0,0
1531,0,null,0,0,0
1532,0,null,0,0,0
1533,0,null,0,0,0
1534,0,null,0,0,0
1535,0,null,0,0,0
1536,0,null,0,0,0
1537,0,null,0,0,0
1538,0,null,0,0,0
1539,0,null,0,0,0
1540,0,null,0,0,0
1541,0,null,0,0,0
1542,0,null,0,0,0
1543,0,null,0,0,0
1544,0,null,0,0,0
1545,0,null,0,0,0
1546,0,null,0,0,0
1547,0,null,0,0,0
1548,0,null,0,0,0
1549,0,null,0,0,0
1550,0,null,0,0,0
1551,0,null,0,0,0
1552,0,null,0,0,0
1553,0,null,0,0,0
1554,3,secondary_proton,1,1,1
1555,0,null,0,0,0
1556,0,null,0,0,0
1557,0,null,0,0,0
1558,1,primary_proton,1,1,1
1559,0,null,0,0,0
1560,1,primary_proton,1,1,1
1561,6,secondary_proton,1,1,1
1562,0,null,0,0,0
1563,0,null,0,0,0
1564,0,null,0,0,0
1565,0,null,0,0,0
1566,0,null,0,0,0
1567,0,null,0,0,0
1568,0,null,0,0,0
1569,0,null,0,0,0
1570,0,null,0,0,0
1571,0,null,0,0,0
1572,0,null,0,0,0
1573,0,null,0,0,0
1574,0,null,0,0,0
1575,0,null,0,0,0
1576,22,pi+,1,1,1
1577,0,null,0,0,0
1578,0,null,0,0,0
1579,0,null,0,0,0
1580,0,null,0,0,0
1581,0,null,0,0,0
1582,0,null,0,0,0
1583,0,null,0,0,0
1584,0,null,0,0,0
1585,0,null,0,0,0
1586,0,null,0,0,0
1587,0,null,0,0,0
1588,0,null,0,0,0
1589,0,null,0,0,0
1590,0,null,0,0,0
1591,1,primary_proton,1,1,1
1592,0,null,0,0,0
1593,0,null,0,0,0
1594,0,null,0,0,0
1595,0,null,0,0,0
1596,0,null,0,0,0
1597,0,null,0,0,0
1598,0,null,0,0,0
1599,0,null,0,0,0
1600,0,null,0,0,0
1601,0,null,0,0,0
1602,0,null,0,0,0
1603,0,null,0,0,0
1604,0,null,0,0,0
1605,0,null,0,0,0
1606,0,null,0,0,0
1607,0,null,0,0,0
1608,0,null,0,0,0
1609,7,pi-,1,1,1
1610,0,null,0,0,0
1611,0,null,0,0,0
1612,0,null,0,0,0
1614,3,secondary_proton,1,1,1
1615,0,null,0,0,0
1616,0,null,0,0,0
1617,0,null,0,0,0
1618,0,null,0,0,0
1619,0,null,0,0,0
1620,0,null,0,0,0
1621,0,null,0,0,0
1622,19,pi-,1,1,1
1623,0,null,0,0,0
1624,0,null,0,0,0
1625,0,null,0,0,0
1626,0,null,0,0,0
1627,0,null,0,0,0
1628,0,null,0,0,0
1629,0,null,0,0,0
1630,0,null,0,0,0
1631,0,null,0,0,0
1632,0,null,0,0,0
1633,5,pi-,1,1,0
1634,0,null,0,0,0
1635,0,null,0,0,0
1636,0,null,0,0,0
1637,0,null,0,0,0
1638,0,null,0,0,0
1639,0,null,0,0,0
1640,0,null,0,0,0
1641,0,null,0,0,0
1642,0,null,0,0,0
1643,0,null,0,0,0
1644,0,null,0,0,0
1645,0,null,0,0,0
1646,0,null,0,0,0
1647,0,null,0,0,0
1648,0,null,0,0,0
1649,0,null,0,0,0
1650,0,null,0,0,0
1651,0,null,0,0,0
1652,0,null,0,0,0
1653,0,null,0,0,0
1654,9,pi+,1,1,0
1655,0,null,0,0,0
1656,0,null,0,0,0
1657,0,null,0,0,0
1658,0,null,0,0,0
1659,0,null,0,0,0
1660,0,null,0,0,0
1661,0,null,0,0,0
1662,0,null,0,0,0
1663,0,null,0,0,0
1664,0,null,0,0,0
1665,0,null,0,0,0
1666,0,null,0,0,0
1667,0,null,0,0,0
1668,0,null,0,0,0
1669,0,null,0,0,0
1670,0,null,0,0,0
1671,0,null,0,0,0
1672,0,null,0,0,0
1673,0,null,0,0,0
1674,0,null,0,0,0
1675,0,null,0,0,0
1676,0,null,0,0,0
1677,0,null,0,0,0
1678,1,primary_proton,1,1,1
1679,0,null,0,0,0
1680,0,null,0,0,0
1681,0,null,0,0,0
1682,0,null,0,0,0
1683,0,null,0,0,0
1684,0,null,0,0,0
1685,0,null,0,0,0
1686,0,null,0,0,0
1687,0,null,0,0,0
1688,0,null,0,0,0
1689,0,null,0,0,0
1690,0,null,0,0,0
1691,0,null,0,0,0
1692,0,null,0,0,0
1693,0,null,0,0,0
1694,0,null,0,0,0
1695,0,null,0,0,0
1696,0,null,0,0,0
1697,0,null,0,0,0
1698,0,null,0,0,0
1699,0,null,0,0,0
1700,0,null,0,0,0
1701,0,null,0,0,0
1702,179,e-,1,1,1
1703,0,null,0,0,0
1704,1,primary_proton,1,1,1
1705,0,null,0,0,0
1706,0,null,0,0,0
1707,0,null,0,0,0
1708,0,null,0,0,0
1709,10,secondary_proton,1,1,1
1710,0,null,0,0,0
1711,1,primary_proton,1,1,1
1712,0,null,0,0,0
1713,0,null,0,0,0
1714,0,null,0,0,0
1715,0,null,0,0,0
1716,0,null,0,0,0
1717,0,null,0,0,0
1718,0,null,0,0,0
1719,0,null,0,0,0
1720,0,null,0,0,0
1721,0,null,0,0,0
1722,0,null,0,0,0
1723,0,null,0,0,0
1724,0,null,0,0,0
1725,1,primary_proton,1,1,1
1726,0,null,0,0,0
1727,0,null,0,0,0
1728,0,null,0,0,0
1729,0,null,0,0,0
1730,0,null,0,0,0
1731,0,null,0,0,0
1732,0,null,0,0,0
1733,0,null,0,0,0
1734,0,null,0,0,0
1735,0,null,0,0,0
1736,0,null,0,0,0
1737,0,null,0,0,0
1738,0,null,0,0,0
1739,0,null,0,0,0
1740,0,null,0,0,0
1741,0,null,0,0,0
1742,0,null,0,0,0
1743,0,null,0,0,0
1744,0,null,0,0,0
1745,0,null,0,0,0
1746,0,null,0,0,0
1747,0,null,0,0,0
1748,0,null,0,0,0
1749,0,null,0,0,0
1750,0,null,0,0,0
1751,0,null,0,0,0
1752,0,null,0,0,0
1753,0,null,0,0,0
1754,0,null,0,0,0
1755,0,null,0,0,0
1756,0,null,0,0,0
1757,0,null,0,0,0
1758,0,null,0,0,0
1759,0,null,0,0,0
1760,0,null,0,0,0
1761,0,null,0,0,0
1762,0,null,0,0,0
1763,0,null,0,0,0
1764,0,null,0,0,0
1765,0,null,0,0,0
1766,0,null,0,0,0
1767,0,null,0,0,0
1768,0,null,0,0,0
1769,0,null,0,0,0
1770,0,null,0,0,0
1771,0,null,0,0,0
1772,1,primary_proton,1,1,1
1773,0,null,0,0,0
1774,0,null,0,0,0
1775,0,null,0,0,0
1776,0,null,0,0,0
1777,0,null,0,0,0
1778,0,null,0,0,0
1779,0,null,0,0,0
1780,0,null,0,0,0
1781,1,primary_proton,1,1,1
1782,0,null,0,0,0
1783,0,null,0,0,0
1784,0,null,0,0,0
1785,0,null,0,0,0
1786,0,null,0,0,0
1787,0,null,0,0,0
1788,0,null,0,0,0
1789,0,null,0,0,0
1790,0,null,0,0,0
1791,1,primary_proton,1,1,1
1792,1,primary_proton,1,1,1
1793,0,null,0,0,0
1794,0,null,0,0,0
1795,0,null,0,0,0
1796,0,null,0,0,0
1797,0,null,0,0,0
1798,0,null,0,0,0
1799,0,null,0,0,0
1800,0,null,0,0,0
1801,0,null,0,0,0
1802,0,null,0,0,0
1803,0,null,0,0,0
1804,0,null,0,0,0
1805,0,null,0,0,0
1806,0,null,0,0,0
1807,0,null,0,0,0
1808,0,null,0,0,0
1809,0,null,0,0,0
1810,0,null,0,0,0
1811,0,null,0,0,0
1812,0,null,0,0,0
1813,0,null,0,0,0
1814,0,null,0,0,0
1815,0,null,0,0,0
1816,0,null,0,0,0
1817,0,null,0,0,0
1818,0,null,0,0,0
1819,0,null,0,0,0
1820,0,null,0,0,0
1821,0,null,0,0,0
1822,0,null,0,0,0
1823,0,null,0,0,0
1824,0,null,0,0,0
1825,0,null,0,0,0
1826,0,null,0,0,0
1827,0,null,0,0,0
1828,0,null,0,0,0
1829,0,null,0,0,0
1830,10,pi-,1,1,1
1831,0,null,0,0,0
1832,0,null,0,0,0
1833,0,null,0,0,0
1835,0,null,0,0,0
1836,0,null,0,0,0
1837,0,null,0,0,0
1838,0,null,0,0,0
1839,0,null,0,0,0
1840,0,null,0,0,0
1841,0,null,0,0,0
1842,0,null,0,0,0
1843,0,null,0,0,0
1844,0,null,0,0,0
1845,0,null,0,0,0
1846,0,null,0,0,0
1847,0,null,0,0,0
1848,0,null,0,0,0
1849,0,null,0,0,0
1850,0,null,0,0,0
1851,0,null,0,0,0
1852,0,null,0,0,0
1853,0,null,0,0,0
1854,0,null,0,0,0
1855,0,null,0,0,0
1856,0,null,0,0,0
1857,1,primary_proton,1,1,1
1858,0,null,0,0,0
1859,0,null,0,0,0
1860,0,null,0,0,0
1861,0,null,0,0,0
1862,0,null,0,0,0
1863,0,null,0,0,0
1864,0,null,0,0,0
1865,0,null,0,0,0
1866,0,null,0,0,0
1867,0,null,0,0,0
1868,7,secondary_proton,1,1,1
1869,0,null,0,0,0
1870,1,primary_proton,1,1,1
1871,0,null,0,0,0
1872,0,null,0,0,0
1873,0,null,0,0,0
1874,0,null,0,0,0
1875,0,null,0,0,0
1876,0,null,0,0,0
1877,0,null,0,0,0
1878,0,null,0,0,0
1879,0,null,0,0,0
1880,0,null,0,0,0
1881,0,null,0,0,0
1882,0,null,0,0,0
1883,0,null,0,0,0
1884,0,null,0,0,0
1885,0,null,0,0,0
1886,0,null,0,0,0
1887,0,null,0,0,0
1888,0,null,0,0,0
1889,0,null,0,0,0
1890,0,null,0,0,0
1891,15,pi+,1,0,0
1892,0,null,0,0,0
1893,0,null,0,0,0
1894,0,null,0,0,0
1895,0,null,0,0,0
1896,0,null,0,0,0
1897,0,null,0,0,0
1898,9,pi+,1,1,0
1899,0,null,0,0,0
1900,0,null,0,0,0
1901,0,null,0,0,0
1902,0,null,0,0,0
1903,0,null,0,0,0
1904,0,null,0,0,0
1905,0,null,0,0,0
1906,0,null,0,0,0
1907,0,null,0,0,0
1908,0,null,0,0,0
1909,0,null,0,0,0
1910,0,null,0,0,0
1911,0,null,0,0,0
1912,0,null,0,0,0
1913,0,null,0,0,0
1914,0,null,0,0,0
1915,0,null,0,0,0
1916,0,null,0,0,0
1917,0,null,0,0,0
1918,0,null,0,0,0
1919,0,null,0,0,0
1920,0,null,0,0,0
1921,0,null,0,0,0
1922,1,primary_proton,1,1,1
1923,14,pi+,1,0,0
1924,0,null,0,0,0
1925,0,null,0,0,0
1926,0,null,0,0,0
1927,0,null,0,0,0
1928,0,null,0,0,0
1929,0,null,0,0,0
1930,0,null,0,0,0
1931,0,null,0,0,0
1932,0,null,0,0,0
1933,0,null,0,0,0
1934,0,null,0,0,0
1935,0,null,0,0,0
1936,1,primary_proton,1,1,1
1937,0,null,0,0,0
1938,0,null,0,0,0
1939,0,null,0,0,0
1940,0,null,0,0,0
1941,0,null,0,0,0
1942,0,null,0,0,0
1943,1,primary_proton,1,1,1
1944,0,null,0,0,0
1945,0,null,0,0,0
1946,0,null,0,0,0
1947,0,null,0,0,0
1948,0,null,0,0,0
1949,0,null,0,0,0
1950,0,null,0,0,0
1951,0,null,0,0,0
1952,0,null,0,0,0
1953,0,null,0,0,0
1954,0,null,0,0,0
1955,0,null,0,0,0
1956,0,null,0,0,0
1957,0,null,0,0,0
1958,0,null,0,0,0
1959,0,null,0,0,0
1960,0,null,0,0,0
1961,0,null,0,0,0
1962,0,null,0,0,0
1963,0,null,0,0,0
1964,0,null,0,0,0
1965,0,null,0,0,0
1966,0,null,0,0,0
1967,0,null,0,0,0
1968,0,null,0,0,0
1969,0,null,0,0,0
1970,0,null,0,0,0
1971,0,null,0,0,0
1972,0,null,0,0,0
1973,0,null,0,0,0
1974,0,null,0,0,0
1975,0,null,0,0,0
1976,0,null,0,0,0
1977,0,null,0,0,0
1978,0,null,0,0,0
1979,5,secondary_proton,1,1,1
1980,0,null,0,0,0
1981,0,null,0,0,0
1982,0,null,0,0,0
1983,0,null,0,0,0
1984,0,null,0,0,0
1985,0,null,0,0,0
1986,0,null,0,0,0
1987,0,null,0,0,0
1988,0,null,0,0,0
1989,0,null,0,0,0
1990,0,null,0,0,0
1991,0,null,0,0,0
1992,0,null,0,0,0
1993,0,null,0,0,0
1994,0,null,0,0,0
1995,1,primary_proton,1,1,1
1996,0,null,0,0,0
1997,0,null,0,0,0
1998,0,null,0,0,0
1999,0,null,0,0,0
2000,0,null,0,0,0
2001,0,null,0,0,0
2002,0,null,0,0,0
2003,0,null,0,0,0
2004,0,null,0,0,0
2005,0,null,0,0,0
2006,0,null,0,0,0
2007,0,null,0,0,0
2008,0,null,0,0,0
2009,0,null,0,0,0
2010,0,null,0,0,0
2011,0,null,0,0,0
2012,0,null,0,0,0
2013,0,null,0,0,0
2014,0,null,0,0,0
2015,0,null,0,0,0
2016,8,pi-,1,1,1
2017,0,null,0,0,0
2018,0,null,0,0,0
2019,0,null,0,0,0
2020,0,null,0,0,0
2021,0,null,0,0,0
2022,0,null,0,0,0
2023,0,null,0,0,0
2024,0,null,0,0,0
2025,7,secondary_proton,1,1,1
2026,0,null,0,0,0
2027,0,null,0,0,0
2028,0,null,0,0,0
2029,0,null,0,0,0
2030,0,null,0,0,0
2031,0,null,0,0,0
2032,0,null,0,0,0
2033,2401,e-,1,0,0
2034,0,null,0,0,0
2035,0,null,0,0,0
2036,0,null,0,0,0
2037,0,null,0,0,0
2038,0,null,0,0,0
2039,0,null,0,0,0
2040,0,null,0,0,0
2041,0,null,0,0,0
2042,0,null,0,0,0
2043,0,null,0,0,0
2044,0,null,0,0,0
2045,0,null,0,0,0
2046,0,null,0,0,0
2047,0,null,0,0,0
2048,0,null,0,0,0
2049,0,null,0,0,0
2050,0,null,0,0,0
2051,6,pi-,1,1,1
2052,0,null,0,0,0
2053,0,null,0,0,0
2054,0,null,0,0,0
2055,0,null,0,0,0
2056,0,null,0,0,0
2058,0,null,0,0,0
2059,0,null,0,0,0
2060,0,null,0,0,0
2061,0,null,0,0,0
2062,0,null,0,0,0
2063,0,null,0,0,0
2064,0,null,0,0,0
2065,0,null,0,0,0
2066,0,null,0,0,0
2067,0,null,0,0,0
2068,0,null,0,0,0
2069,0,null,0,0,0
2070,0,null,0,0,0
2071,0,null,0,0,0
2072,0,null,0,0,0
2073,0,null,0,0,0
2074,0,null,0,0,0
2075,9,secondary_proton,1,1,1
2076,0,null,0,0,0
2077,0,null,0,0,0
2078,0,null,0,0,0
2079,0,null,0,0,0
2080,0,null,0,0,0
2081,0,null,0,0,0
2082,0,null,0,0,0
2083,0,null,0,0,0
2084,0,null,0,0,0
2085,0,null,0,0,0
2086,0,null,0,0,0
2087,0,null,0,0,0
2088,0,null,0,0,0
2089,0,null,0,0,0
2090,0,null,0,0,0
2091,0,null,0,0,0
2092,0,null,0,0,0
2093,0,null,0,0,0
2094,0,null,0,0,0
2095,0,null,0,0,0
2096,0,null,0,0,0
2097,0,null,0,0,0
2098,0,null,0,0,0
2099,0,null,0,0,0
2100,0,null,0,0,0
2101,0,null,0,0,0
2102,0,null,0,0,0
2103,0,null,0,0,0
2104,0,null,0,0,0
2105,0,null,0,0,0
2106,0,null,0,0,0
2107,0,null,0,0,0
2108,0,null,0,0,0
2109,0,null,0,0,0
2110,0,null,0,0,0
2111,0,null,0,0,0
2112,0,null,0,0,0
2113,0,null,0,0,0
2114,0,null,0,0,0
2115,0,null,0,0,0
2116,0,null,0,0,0
2117,1,primary_proton,1,1,1
2118,0,null,0,0,0
2119,0,null,0,0,0
2120,0,null,0,0,0
2121,0,null,0,0,0
2122,0,null,0,0,0
2123,0,null,0,0,0
2124,0,null,0,0,0
2125,0,null,0,0,0
2126,0,null,0,0,0
2127,0,null,0,0,0
2128,0,null,0,0,0
2129,0,null,0,0,0
2130,0,null,0,0,0
2131,0,null,0,0,0
2132,0,null,0,0,0
2133,0,null,0,0,0
2134,0,null,0,0,0
2135,0,null,0,0,0
2136,0,null,0,0,0
2137,0,null,0,0,0
2138,0,null,0,0,0
2139,0,null,0,0,0
2140,0,null,0,0,0
2141,0,null,0,0,0
2142,12,pi-,1,1,1
2143,0,null,0,0,0
2144,0,null,0,0,0
2145,0,null,0,0,0
2146,0,null,0,0,0
2147,0,null,0,0,0
2148,0,null,0,0,0
2149,0,null,0,0,0
2150,0,null,0,0,0
2151,0,null,0,0,0
2152,17,secondary_proton,1,1,1
2153,0,null,0,0,0
2154,0,null,0,0,0
2155,0,null,0,0,0
2156,0,null,0,0,0
2157,8,pi+,1,1,1
2158,0,null,0,0,0
2159,0,null,0,0,0
2160,0,null,0,0,0
2161,0,null,0,0,0
2162,0,null,0,0,0
2163,0,null,0,0,0
2164,0,null,0,0,0
2165,1,primary_proton,1,1,1
2166,0,null,0,0,0
2167,0,null,0,0,0
2168,16,pi-,1,0,0
2169,0,null,0,0,0
2170,0,null,0,0,0
2171,0,null,0,0,0
2172,0,null,0,0,0
2173,0,null,0,0,0
2174,0,null,0,0,0
2175,0,null,0,0,0
2176,0,null,0,0,0
2177,0,null,0,0,0
2178,0,null,0,0,0
2179,0,null,0,0,0
2180,0,null,0,0,0
2181,0,null,0,0,0
2182,0,null,0,0,0
2183,0,null,0,0,0
2184,0,null,0,0,0
2185,0,null,0,0,0
2186,0,null,0,0,0
2187,0,null,0,0,0
2188,0,null,0,0,0
2189,0,null,0,0,0
2190,0,null,0,0,0
2191,0,null,0,0,0
2192,0,null,0,0,0
2193,0,null,0,0,0
2194,12,secondary_proton,1,1,1
2195,0,null,0,0,0
2196,1,primary_proton,1,1,1
2197,0,null,0,0,0
2198,0,null,0,0,0
2199,0,null,0,0,0
2200,0,null,0,0,0
2201,0,null,0,0,0
2202,0,null,0,0,0
2203,0,null,0,0,0
2204,0,null,0,0,0
2205,0,null,0,0,0
2206,0,null,0,0,0
2207,0,null,0,0,0
2208,0,null,0,0,0
2209,0,null,0,0,0
2210,0,null,0,0,0
2211,0,null,0,0,0
2212,0,null,0,0,0
2213,0,null,0,0,0
2214,0,null,0,0,0
2215,0,null,0,0,0
2216,0,null,0,0,0
2217,0,null,0,0,0
2218,0,null,0,0,0
2219,0,null,0,0,0
2220,0,null,0,0,0
2221,0,null,0,0,0
2222,0,null,0,0,0
2223,0,null,0,0,0
2224,0,null,0,0,0
2225,4,secondary_proton,1,1,1
2226,0,null,0,0,0
2227,0,null,0,0,0
2228,0,null,0,0,0
2229,0,null,0,0,0
2230,0,null,0,0,0
2231,0,null,0,0,0
2232,0,null,0,0,0
2233,0,null,0,0,0
2234,0,null,0,0,0
2235,0,null,0,0,0
2236,0,null,0,0,0
2237,0,null,0,0,0
2238,0,null,0,0,0
2239,0,null,0,0,0
2240,1,primary_proton,1,1,1
2241,0,null,0,0,0
2242,23,pi+,1,1,1
2243,0,null,0,0,0
2244,0,null,0,0,0
2245,0,null,0,0,0
2246,0,null,0,0,0
2247,0,null,0,0,0
2248,0,null,0,0,0
2249,0,null,0,0,0
2250,0,null,0,0,0
2251,1,primary_proton,1,1,1
2252,0,null,0,0,0
2253,1255,secondary_proton,1,1,0
2254,0,null,0,0,0
2255,0,null,0,0,0
2256,0,null,0,0,0
2257,0,null,0,0,0
2258,0,null,0,0,0
2259,0,null,0,0,0
2260,0,null,0,0,0
2261,0,null,0,0,0
2262,0,null,0,0,0
2263,0,null,0,0,0
2264,0,null,0,0,0
2265,0,null,0,0,0
2266,0,null,0,0,0
2267,0,null,0,0,0
2268,0,null,0,0,0
2269,0,null,0,0,0
2270,0,null,0,0,0
2271,7,secondary_proton,1,1,1
2272,0,null,0,0,0
2273,0,null,0,0,0
2274,0,null,0,0,0
2275,0,null,0,0,0
2276,0,null,0,0,0
2278,1,primary_proton,1,1,1
2279,0,null,0,0,0
2280,0,null,0,0,0
2281,0,null,0,0,0
2282,7,secondary_proton,1,1,1
2283,0,null,0,0,0
2284,0,null,0,0,0
2285,0,null,0,0,0
2286,0,null,0,0,0
2287,0,null,0,0,0
2288,0,null,0,0,0
2289,0,null,0,0,0
2290,0,null,0,0,0
2291,0,null,0,0,0
2292,0,null,0,0,0
2293,0,null,0,0,0
2294,0,null,0,0,0
2295,0,null,0,0,0
2296,0,null,0,0,0
2297,0,null,0,0,0
2298,0,null,0,0,0
2299,0,null,0,0,0
2300,0,null,0,0,0
2301,0,null,0,0,0
2302,0,null,0,0,0
2303,0,null,0,0,0
2304,0,null,0,0,0
2305,0,null,0,0,0
2306,0,null,0,0,0
2307,0,null,0,0,0
2308,13,pi-,1,1,0
2309,0,null,0,0,0
2310,0,null,0,0,0
2311,0,null,0,0,0
2312,0,null,0,0,0
2313,0,null,0,0,0
2314,0,null,0,0,0
2315,0,null,0,0,0
2316,0,null,0,0,0
2317,0,null,0,0,0
2318,0,null,0,0,0
2319,0,null,0,0,0
2320,0,null,0,0,0
2321,0,null,0,0,0
2322,0,null,0,0,0
2323,0,null,0,0,0
2324,1453,pi-,1,0,0
2325,0,null,0,0,0
2326,0,null,0,0,0
2327,0,null,0,0,0
2328,0,null,0,0,0
2329,0,null,0,0,0
2330,0,null,0,0,0
2331,0,null,0,0,0
2332,0,null,0,0,0
2333,0,null,0,0,0
2334,0,null,0,0,0
2335,0,null,0,0,0
2336,0,null,0,0,0
2337,0,null,0,0,0
2338,0,null,0,0,0
2339,0,null,0,0,0
2340,0,null,0,0,0
2341,0,null,0,0,0
2342,0,null,0,0,0
2343,0,null,0,0,0
2344,0,null,0,0,0
2345,0,null,0,0,0
2346,0,null,0,0,0
2347,0,null,0,0,0
2348,0,null,0,0,0
2349,0,null,0,0,0
2350,1,primary_proton,1,1,1
2351,0,null,0,0,0
2352,0,null,0,0,0
2353,0,null,0,0,0
2354,0,null,0,0,0
2355,0,null,0,0,0
2356,0,null,0,0,0
2357,0,null,0,0,0
2358,0,null,0,0,0
2359,0,null,0,0,0
2360,0,null,0,0,0
2361,0,null,0,0,0
2362,0,null,0,0,0
2363,10,secondary_proton,1,1,1
2364,0,null,0,0,0
2365,0,null,0,0,0
2366,8,secondary_proton,1,1,1
2367,0,null,0,0,0
2368,0,null,0,0,0
2369,0,null,0,0,0
2370,0,null,0,0,0
2371,0,null,0,0,0
2372,0,null,0,0,0
2373,0,null,0,0,0
2374,0,null,0,0,0
2375,0,null,0,0,0
2376,0,null,0,0,0
2377,0,null,0,0,0
2378,0,null,0,0,0
2379,0,null,0,0,0
2380,11,secondary_proton,1,1,1
2381,0,null,0,0,0
2382,0,null,0,0,0
2383,0,null,0,0,0
2384,0,null,0,0,0
2385,0,null,0,0,0
2386,0,null,0,0,0
2387,0,null,0,0,0
2388,0,null,0,0,0
2389,0,null,0,0,0
2390,0,null,0,0,0
2391,0,null,0,0,0
2392,0,null,0,0,0
2393,0,null,0,0,0
2394,0,null,0,0,0
2395,0,null,0,0,0
2396,0,null,0,0,0
2397,0,null,0,0,0
2398,0,null,0,0,0
2399,0,null,0,0,0
2400,0,null,0,0,0
2401,0,null,0,0,0
2402,0,null,0,0,0
2403,0,null,0,0,0
2404,0,null,0,0,0
2405,0,null,0,0,0
2406,0,null,0,0,0
2407,0,null,0,0,0
2408,0,null,0,0,0
2409,0,null,0,0,0
2410,1,primary_proton,1,1,1
2411,0,null,0,0,0
2412,0,null,0,0,0
2413,0,null,0,0,0
2414,0,null,0,0,0
2415,0,null,0,0,0
2416,0,null,0,0,0
2417,14,pi+,1,1,1
2418,0,null,0,0,0
2419,30,secondary_proton,1,1,1
2420,0,null,0,0,0
2421,0,null,0,0,0
2422,0,null,0,0,0
2423,0,null,0,0,0
2424,0,null,0,0,0
2425,0,null,0,0,0
2426,0,null,0,0,0
2427,0,null,0,0,0
2428,0,null,0,0,0
2429,0,null,0,0,0
2430,0,null,0,0,0
2431,0,null,0,0,0
2432,0,null,0,0,0
2433,0,null,0,0,0
2434,0,null,0,0,0
2435,0,null,0,0,0
2436,0,null,0,0,0
2437,0,null,0,0,0
2438,0,null,0,0,0
2439,0,null,0,0,0
2440,16,pi+,1,1,1
2441,0,null,0,0,0
2442,0,null,0,0,0
2443,0,null,0,0,0
2444,0,null,0,0,0
2445,0,null,0,0,0
2446,0,null,0,0,0
2447,0,null,0,0,0
2448,23,pi-,1,1,1
2449,0,null,0,0,0
2450,0,null,0,0,0
2451,0,null,0,0,0
2452,0,null,0,0,0
2453,0,null,0,0,0
2454,0,null,0,0,0
2455,0,null,0,0,0
2456,0,null,0,0,0
2457,0,null,0,0,0
2458,0,null,0,0,0
2459,0,null,0,0,0
2460,0,null,0,0,0
2461,0,null,0,0,0
2462,0,null,0,0,0
2463,0,null,0,0,0
2464,0,null,0,0,0
2465,0,null,0,0,0
2466,0,null,0,0,0
2467,0,null,0,0,0
2468,0,null,0,0,0
2469,0,null,0,0,0
2470,0,null,0,0,0
2471,0,null,0,0,0
2472,7,secondary_proton,1,1,1
2473,0,null,0,0,0
2474,0,null,0,0,0
2475,0,null,0,0,0
2476,0,null,0,0,0
2477,0,null,0,0,0
2478,0,null,0,0,0
2479,0,null,0,0,0
2480,0,null,0,0,0
2481,0,null,0,0,0
2482,1,primary_proton,1,1,1
2483,10,pi+,1,1,1
2484,0,null,0,0,0
2485,0,null,0,0,0
2486,0,null,0,0,0
2487,0,null,0,0,0
2488,3,secondary_proton,1,1,1
2489,0,null,0,0,0
2490,0,null,0,0,0
2491,0,null,0,0,0
2492,0,null,0,0,0
2493,0,null,0,0,0
2494,0,null,0,0,0
2495,0,null,0,0,0
2496,0,null,0,0,0
2498,0,null,0,0,0
2499,1,primary_proton,1,1,1
2500,0,null,0,0,0
2501,0,null,0,0,0
2502,0,null,0,0,0
2503,0,null,0,0,0
2504,0,null,0,0,0
2505,0,null,0,0,0
2506,0,null,0,0,0
2507,0,null,0,0,0
2508,0,null,0,0,0
2509,0,null,0,0,0
2510,10,pi-,1,1,1
2511,0,null,0,0,0
2512,0,null,0,0,0
2513,0,null,0,0,0
2514,0,null,0,0,0
2515,0,null,0,0,0
2516,6,pi-,1,1,0
2517,0,null,0,0,0
2518,0,null,0,0,0
2519,0,null,0,0,0
2520,0,null,0,0,0
2521,0,null,0,0,0
2522,0,null,0,0,0
2523,0,null,0,0,0
2524,8,pi+,1,0,0
2525,0,null,0,0,0
2526,0,null,0,0,0
2527,0,null,0,0,0
2528,0,null,0,0,0
2529,0,null,0,0,0
2530,0,null,0,0,0
2531,0,null,0,0,0
2532,0,null,0,0,0
2533,0,null,0,0,0
2534,0,null,0,0,0
2535,0,null,0,0,0
2536,0,null,0,0,0
2537,0,null,0,0,0
2538,0,null,0,0,0
2539,0,null,0,0,0
2540,0,null,0,0,0
2541,0,null,0,0,0
2542,0,null,0,0,0
2543,1,primary_proton,1,1,1
2544,0,null,0,0,0
2545,0,null,0,0,0
2546,1,primary_proton,1,1,1
2547,0,null,0,0,0
2548,0,null,0,0,0
2549,0,null,0,0,0
2550,0,null,0,0,0
2551,0,null,0,0,0
2552,0,null,0,0,0
2553,0,null,0,0,0
2554,0,null,0,0,0
2555,0,null,0,0,0
2556,0,null,0,0,0
2557,0,null,0,0,0
2558,0,null,0,0,0
2559,0,null,0,0,0
2560,0,null,0,0,0
2561,0,null,0,0,0
2562,0,null,0,0,0
2563,0,null,0,0,0
2564,0,null,0,0,0
2565,0,null,0,0,0
2566,0,null,0,0,0
2567,0,null,0,0,0
2568,0,null,0,0,0
2569,0,null,0,0,0
2570,0,null,0,0,0
2571,0,null,0,0,0
2572,0,null,0,0,0
2573,0,null,0,0,0
2574,0,null,0,0,0
2575,0,null,0,0,0
2576,0,null,0,0,0
2577,0,null,0,0,0
2578,0,null,0,0,0
2579,0,null,0,0,0
2580,0,null,0,0,0
2581,0,null,0,0,0
2582,0,null,0,0,0
2583,5,secondary_proton,1,1,1
2584,0,null,0,0,0
2585,0,null,0,0,0
2586,0,null,0,0,0
2587,0,null,0,0,0
2588,0,null,0,0,0
2589,0,null,0,0,0
2590,0,null,0,0,0
2591,0,null,0,0,0
2592,3,secondary_proton,1,1,1
2593,0,null,0,0,0
2594,0,null,0,0,0
2595,0,null,0,0,0
2596,0,null,0,0,0
2597,0,null,0,0,0
2598,0,null,0,0,0
2599,0,null,0,0,0
2600,0,null,0,0,0
2601,0,null,0,0,0
2602,0,null,0,0,0
2603,0,null,0,0,0
2604,0,null,0,0,0
2605,0,null,0,0,0
2606,0,null,0,0,0
2607,0,null,0,0,0
2608,0,null,0,0,0
2609,0,null,0,0,0
2610,0,null,0,0,0
2611,0,null,0,0,0
2612,0,null,0,0,0
2613,1,primary_proton,1,1,1
2614,0,null,0,0,0
2615,9,secondary_proton,1,0,0
2616,0,null,0,0,0
2617,0,null,0,0,0
2618,0,null,0,0,0
2619,0,null,0,0,0
2620,0,null,0,0,0
2621,0,null,0,0,0
2622,0,null,0,0,0
2623,0,null,0,0,0
2624,0,null,0,0,0
2625,0,null,0,0,0
2626,0,null,0,0,0
2627,0,null,0,0,0
2628,0,null,0,0,0
2629,0,null,0,0,0
2630,0,null,0,0,0
2631,0,null,0,0,0
2632,0,null,0,0,0
2633,0,null,0,0,0
2634,19,pi+,1,1,1
2635,0,null,0,0,0
2636,0,null,0,0,0
2637,0,null,0,0,0
2638,0,null,0,0,0
2639,0,null,0,0,0
2640,0,null,0,0,0
2641,0,null,0,0,0
2642,0,null,0,0,0
2643,0,null,0,0,0
2644,0,null,0,0,0
2645,0,null,0,0,0
2646,0,null,0,0,0
2647,0,null,0,0,0
2648,0,null,0,0,0
2649,0,null,0,0,0
2650,1,primary_proton,1,1,1
2651,0,null,0,0,0
2652,0,null,0,0,0
2653,0,null,0,0,0
2654,0,null,0,0,0
2655,0,null,0,0,0
2656,0,null,0,0,0
2657,0,null,0,0,0
2658,0,null,0,0,0
2659,0,null,0,0,0
2660,0,null,0,0,0
2661,0,null,0,0,0
2662,4,secondary_proton,1,0,0
2663,0,null,0,0,0
2664,0,null,0,0,0
2665,0,null,0,0,0
2666,0,null,0,0,0
2667,0,null,0,0,0
2668,0,null,0,0,0
2669,0,null,0,0,0
2670,0,null,0,0,0
2671,0,null,0,0,0
2672,0,null,0,0,0
2673,0,null,0,0,0
2674,0,null,0,0,0
2675,0,null,0,0,0
2676,0,null,0,0,0
2677,0,null,0,0,0
2678,0,null,0,0,0
2679,0,null,0,0,0
2680,0,null,0,0,0
2681,0,null,0,0,0
2682,0,null,0,0,0
2683,1,primary_proton,1,1,1
2684,0,null,0,0,0
2685,0,null,0,0,0
2686,0,null,0,0,0
2687,0,null,0,0,0
2688,0,null,0,0,0
2689,0,null,0,0,0
2690,0,null,0,0,0
2691,0,null,0,0,0
2692,0,null,0,0,0
2693,0,null,0,0,0
2694,0,null,0,0,0
2695,0,null,0,0,0
2696,0,null,0,0,0
2697,0,null,0,0,0
2698,0,null,0,0,0
2699,0,null,0,0,0
2700,0,null,0,0,0
2701,5,secondary_proton,1,1,1
2702,0,null,0,0,0
2703,0,null,0,0,0
2704,0,null,0,0,0
2705,0,null,0,0,0
2706,0,null,0,0,0
2707,0,null,0,0,0
2708,0,null,0,0,0
2709,0,null,0,0,0
2710,0,null,0,0,0
2711,0,null,0,0,0
2712,0,null,0,0,0
2713,0,null,0,0,0
2714,0,null,0,0,0
2715,0,null,0,0,0
2716,0,null,0,0,0
2717,0,null,0,0,0
2719,1,primary_proton,1,1,1
2720,0,null,0,0,0
2721,0,null,0,0,0
2722,0,null,0,0,0
2723,0,null,0,0,0
2724,0,null,0,0,0
2725,1,primary_proton,1,1,1
2726,0,null,0,0,0
2727,0,null,0,0,0
2728,0,null,0,0,0
2729,12,pi-,1,1,0
2730,0,null,0,0,0
2731,0,null,0,0,0
2732,0,null,0,0,0
2733,0,null,0,0,0
2734,0,null,0,0,0
2735,0,null,0,0,0
2736,0,null,0,0,0
2737,1,primary_proton,1,1,1
2738,0,null,0,0,0
2739,0,null,0,0,0
2740,0,null,0,0,0
2741,0,null,0,0,0
2742,0,null,0,0,0
2743,0,null,0,0,0
2744,0,null,0,0,0
2745,0,null,0,0,0
2746,1716,pi-,1,1,0
2747,0,null,0,0,0
2748,0,null,0,0,0
2749,0,null,0,0,0
2750,0,null,0,0,0
2751,0,null,0,0,0
2752,0,null,0,0,0
2753,0,null,0,0,0
2754,0,null,0,0,0
2755,0,null,0,0,0
2756,0,null,0,0,0
2757,0,null,0,0,0
2758,0,null,0,0,0
2759,0,null,0,0,0
2760,0,null,0,0,0
2761,0,null,0,0,0
2762,0,null,0,0,0
2763,0,null,0,0,0
2764,0,null,0,0,0
2765,0,null,0,0,0
2766,0,null,0,0,0
2767,0,null,0,0,0
2768,2155,e-,1,0,0
2769,0,null,0,0,0
2770,0,null,0,0,0
2771,0,null,0,0,0
2772,0,null,0,0,0
2773,0,null,0,0,0
2774,0,null,0,0,0
2775,0,null,0,0,0
2776,0,null,0,0,0
2777,0,null,0,0,0
2778,0,null,0,0,0
2779,0,null,0,0,0
2780,0,null,0,0,0
2781,0,null,0,0,0
2782,0,null,0,0,0
2783,0,null,0,0,0
2784,0,null,0,0,0
2785,0,null,0,0,0
2786,0,null,0,0,0
2787,1895,e-,1,0,0
2788,0,null,0,0,0
2789,0,null,0,0,0
2790,0,null,0,0,0
2791,0,null,0,0,0
2792,0,null,0,0,0
2793,0,null,0,0,0
2794,0,null,0,0,0
2795,0,null,0,0,0
2796,0,null,0,0,0
2797,0,null,0,0,0
2798,0,null,0,0,0
2799,0,null,0,0,0
2800,0,null,0,0,0
2801,0,null,0,0,0
2802,0,null,0,0,0
2803,0,null,0,0,0
2804,0,null,0,0,0
2805,9,secondary_proton,1,1,1
2806,0,null,0,0,0
2807,0,null,0,0,0
2808,0,null,0,0,0
2809,0,null,0,0,0
2810,0,null,0,0,0
2811,0,null,0,0,0
2812,0,null,0,0,0
2813,0,null,0,0,0
2814,0,null,0,0,0
2815,0,null,0,0,0
2816,0,null,0,0,0
2817,0,null,0,0,0
2818,0,null,0,0,0
2819,1,primary_proton,1,1,1
2820,0,null,0,0,0
2821,0,null,0,0,0
2822,0,null,0,0,0
2823,0,null,0,0,0
2824,0,null,0,0,0
2825,0,null,0,0,0
2826,0,null,0,0,0
2827,0,null,0,0,0
2828,0,null,0,0,0
2829,0,null,0,0,0
2830,0,null,0,0,0
2831,11,pi+,1,0,0
2832,0,null,0,0,0
2833,0,null,0,0,0
2834,0,null,0,0,0
2835,0,null,0,0,0
2836,0,null,0,0,0
2837,0,null,0,0,0
2838,0,null,0,0,0
2839,0,null,0,0,0
2840,0,null,0,0,0
2841,0,null,0,0,0
2842,0,null,0,0,0
2843,0,null,0,0,0
2844,0,null,0,0,0
2845,0,null,0,0,0
2846,0,null,0,0,0
2847,0,null,0,0,0
2848,0,null,0,0,0
2849,0,null,0,0,0
2850,35,pi-,1,1,1
2851,0,null,0,0,0
2852,0,null,0,0,0
2853,0,null,0,0,0
2854,0,null,0,0,0
2855,0,null,0,0,0
2856,0,null,0,0,0
2857,0,null,0,0,0
2858,0,null,0,0,0
2859,0,null,0,0,0
2860,0,null,0,0,0
2861,274,secondary_proton,1,0,0
2862,0,null,0,0,0
2863,0,null,0,0,0
2864,0,null,0,0,0
2865,0,null,0,0,0
2866,0,null,0,0,0
2867,0,null,0,0,0
2868,0,null,0,0,0
2869,0,null,0,0,0
2870,0,null,0,0,0
2871,0,null,0,0,0
2872,0,null,0,0,0
2873,0,null,0,0,0
2874,0,null,0,0,0
2875,1,primary_proton,1,1,1
2876,0,null,0,0,0
2877,0,null,0,0,0
2878,0,null,0,0,0
2879,0,null,0,0,0
2880,1,primary_proton,1,1,1
2881,0,null,0,0,0
2882,0,null,0,0,0
2883,0,null,0,0,0
2884,0,null,0,0,0
2885,0,null,0,0,0
2886,0,null,0,0,0
2887,0,null,0,0,0
2888,0,null,0,0,0
2889,0,null,0,0,0
2890,0,null,0,0,0
2891,0,null,0,0,0
2892,0,null,0,0,0
2893,0,null,0,0,0
2894,0,null,0,0,0
2895,0,null,0,0,0
2896,0,null,0,0,0
2897,10,pi+,1,1,1
2898,0,null,0,0,0
2899,0,null,0,0,0
2900,0,null,0,0,0
2901,0,null,0,0,0
2902,0,null,0,0,0
2903,0,null,0,0,0
2904,0,null,0,0,0
2905,0,null,0,0,0
2906,0,null,0,0,0
2907,0,null,0,0,0
2908,0,null,0,0,0
2909,0,null,0,0,0
2910,0,null,0,0,0
2911,0,null,0,0,0
2912,0,null,0,0,0
2913,0,null,0,0,0
2914,0,null,0,0,0
2915,1,primary_proton,1,1,1
2916,0,null,0,0,0
2917,0,null,0,0,0
2918,0,null,0,0,0
2919,0,null,0,0,0
2920,0,null,0,0,0
2921,0,null,0,0,0
2922,0,null,0,0,0
2923,0,null,0,0,0
2924,0,null,0,0,0
2925,0,null,0,0,0
2926,0,null,0,0,0
2927,0,null,0,0,0
2928,0,null,0,0,0
2929,0,null,0,0,0
2930,0,null,0,0,0
2931,0,null,0,0,0
2932,0,null,0,0,0
2933,0,null,0,0,0
2934,0,null,0,0,0
2935,0,null,0,0,0
2936,0,null,0,0,0
2937,0,null,0,0,0
2938,0,null,0,0,0
2939,0,null,0,0,0
2941,0,null,0,0,0
2942,0,null,0,0,0
2943,2385,e-,1,1,0
2944,0,null,0,0,0
2945,0,null,0,0,0
2946,0,null,0,0,0
2947,0,null,0,0,0
2948,0,null,0,0,0
2949,0,null,0,0,0
2950,0,null,0,0,0
2951,0,null,0,0,0
2952,0,null,0,0,0
2953,0,null,0,0,0
2954,0,null,0,0,0
2955,9,pi-,1,1,1
2956,0,null,0,0,0
2957,0,null,0,0,0
2958,0,null,0,0,0
2959,0,null,0,0,0
2960,0,null,0,0,0
2961,0,null,0,0,0
2962,0,null,0,0,0
2963,0,null,0,0,0
2964,0,null,0,0,0
2965,0,null,0,0,0
2966,0,null,0,0,0
2967,0,null,0,0,0
2968,0,null,0,0,0
2969,0,null,0,0,0
2970,0,null,0,0,0
2971,9,pi-,1,1,0
2972,0,null,0,0,0
2973,0,null,0,0,0
2974,0,null,0,0,0
2975,0,null,0,0,0
2976,0,null,0,0,0
2977,0,null,0,0,0
2978,0,null,0,0,0
2979,0,null,0,0,0
2980,0,null,0,0,0
2981,6,secondary_proton,1,1,0
2982,0,null,0,0,0
2983,0,null,0,0,0
2984,0,null,0,0,0
2985,0,null,0,0,0
2986,0,null,0,0,0
2987,0,null,0,0,0
2988,0,null,0,0,0
2989,5,pi+,1,0,0
2990,0,null,0,0,0
2991,0,null,0,0,0
2992,1,primary_proton,1,1,1
2993,0,null,0,0,0
2994,0,null,0,0,0
2995,0,null,0,0,0
2996,0,null,0,0,0
2997,0,null,0,0,0
2998,0,null,0,0,0
2999,0,null,0,0,0
3000,0,null,0,0,0
3001,0,null,0,0,0
3002,0,null,0,0,0
3003,0,null,0,0,0
3004,0,null,0,0,0
3005,1,primary_proton,1,1,1
3006,0,null,0,0,0
3007,0,null,0,0,0
3008,0,null,0,0,0
3009,0,null,0,0,0
3010,0,null,0,0,0
3011,0,null,0,0,0
3012,0,null,0,0,0
3013,0,null,0,0,0
3014,0,null,0,0,0
3015,0,null,0,0,0
3016,0,null,0,0,0
3017,0,null,0,0,0
3018,0,null,0,0,0
3019,4,secondary_proton,1,1,1
3020,0,null,0,0,0
3021,0,null,0,0,0
3022,1,primary_proton,1,1,1
3023,0,null,0,0,0
3024,0,null,0,0,0
3025,0,null,0,0,0
3026,0,null,0,0,0
3027,0,null,0,0,0
3028,8,pi+,1,1,0
3029,0,null,0,0,0
3030,0,null,0,0,0
3031,0,null,0,0,0
3032,0,null,0,0,0
3033,0,null,0,0,0
3034,1,primary_proton,1,1,1
3035,0,null,0,0,0
3036,0,null,0,0,0
3037,0,null,0,0,0
3038,0,null,0,0,0
3039,0,null,0,0,0
3040,0,null,0,0,0
3041,0,null,0,0,0
3042,0,null,0,0,0
3043,0,null,0,0,0
3044,0,null,0,0,0
3045,0,null,0,0,0
3046,0,null,0,0,0
3047,5,secondary_proton,1,1,1
3048,0,null,0,0,0
3049,0,null,0,0,0
3050,0,null,0,0,0
3051,0,null,0,0,0
3052,0,null,0,0,0
3053,0,null,0,0,0
3054,0,null,0,0,0
3055,0,null,0,0,0
3056,0,null,0,0,0
3057,0,null,0,0,0
3058,0,null,0,0,0
3059,0,null,0,0,0
3060,0,null,0,0,0
3061,0,null,0,0,0
3062,0,null,0,0,0
3063,0,null,0,0,0
3064,0,null,0,0,0
3065,0,null,0,0,0
3066,0,null,0,0,0
3067,1,primary_proton,1,1,1
3068,0,null,0,0,0
3069,0,null,0,0,0
3070,0,null,0,0,0
3071,0,null,0,0,0
3072,0,null,0,0,0
3073,0,null,0,0,0
3074,0,null,0,0,0
3075,0,null,0,0,0
3076,0,null,0,0,0
3077,0,null,0,0,0
3078,0,null,0,0,0
3079,0,null,0,0,0
3080,0,null,0,0,0
3081,0,null,0,0,0
3082,0,null,0,0,0
3083,1,primary_proton,1,1,1
3084,151,e-,1,1,1
3085,0,null,0,0,0
3086,0,null,0,0,0
3087,0,null,0,0,0
3088,0,null,0,0,0
3089,0,null,0,0,0
3090,0,null,0,0,0
3091,0,null,0,0,0
3092,0,null,0,0,0
3093,1,primary_proton,1,1,1
3094,0,null,0,0,0
3095,0,null,0,0,0
3096,0,null,0,0,0
3097,0,null,0,0,0
3098,0,null,0,0,0
3099,0,null,0,0,0
3100,0,null,0,0,0
3101,0,null,0,0,0
3102,0,null,0,0,0
3103,0,null,0,0,0
3104,0,null,0,0,0
3105,0,null,0,0,0
3106,0,null,0,0,0
3107,0,null,0,0,0
3108,0,null,0,0,0
3109,0,null,0,0,0
3110,1,primary_proton,1,0,0
3111,0,null,0,0,0
3112,0,null,0,0,0
3113,0,null,0,0,0
3114,0,null,0,0,0
3115,0,null,0,0,0
3116,6,secondary_proton,1,0,0
3117,0,null,0,0,0
3118,0,null,0,0,0
3119,0,null,0,0,0
3120,0,null,0,0,0
3121,0,null,0,0,0
3122,0,null,0,0,0
3123,0,null,0,0,0
3124,0,null,0,0,0
3125,0,null,0,0,0
3126,0,null,0,0,0
3127,0,null,0,0,0
3128,0,null,0,0,0
3129,5,secondary_proton,1,1,1
3130,0,null,0,0,0
3131,0,null,0,0,0
3132,1,primary_proton,1,1,1
3133,0,null,0,0,0
3134,0,null,0,0,0
3135,0,null,0,0,0
3136,0,null,0,0,0
3137,0,null,0,0,0
3138,0,null,0,0,0
3139,0,null,0,0,0
3140,0,null,0,0,0
3141,1,primary_proton,1,1,1
3142,0,null,0,0,0
3143,0,null,0,0,0
3144,0,null,0,0,0
3145,0,null,0,0,0
3146,0,null,0,0,0
3147,0,null,0,0,0
3148,0,null,0,0,0
3149,0,null,0,0,0
3150,0,null,0,0,0
3151,0,null,0,0,0
3152,0,null,0,0,0
3153,0,null,0,0,0
3154,0,null,0,0,0
3155,1,primary_proton,1,1,1
3156,0,null,0,0,0
3157,0,null,0,0,0
3159,0,null,0,0,0
3160,0,null,0,0,0
3161,0,null,0,0,0
3162,0,null,0,0,0
3163,0,null,0,0,0
3164,0,null,0,0,0
3165,0,null,0,0,0
3166,0,null,0,0,0
3167,0,null,0,0,0
3168,0,null,0,0,0
3169,0,null,0,0,0
3170,0,null,0,0,0
3171,0,null,0,0,0
3172,0,null,0,0,0
3173,0,null,0,0,0
3174,0,null,0,0,0
3175,0,null,0,0,0
3176,0,null,0,0,0
3177,0,null,0,0,0
3178,0,null,0,0,0
3179,0,null,0,0,0
3180,0,null,0,0,0
3181,0,null,0,0,0
3182,0,null,0,0,0
3183,1,primary_proton,1,1,1
3184,0,null,0,0,0
3185,0,null,0,0,0
3186,0,null,0,0,0
3187,0,null,0,0,0
3188,0,null,0,0,0
3189,0,null,0,0,0
3190,0,null,0,0,0
3191,0,null,0,0,0
3192,0,null,0,0,0
3193,0,null,0,0,0
3194,4,pi+,1,0,0
3195,2656,e-,0,1,0
3196,5,secondary_proton,1,1,1
3197,0,null,0,0,0
3198,0,null,0,0,0
3199,0,null,0,0,0
3200,0,null,0,0,0
3201,0,null,0,0,0
3202,0,null,0,0,0
3203,0,null,0,0,0
3204,0,null,0,0,0
3205,0,null,0,0,0
3206,0,null,0,0,0
3207,0,null,0,0,0
3208,11,secondary_proton,1,1,1
3209,9,secondary_proton,1,1,1
3210,0,null,0,0,0
3211,0,null,0,0,0
3212,0,null,0,0,0
3213,0,null,0,0,0
3214,0,null,0,0,0
3215,0,null,0,0,0
3216,0,null,0,0,0
3217,0,null,0,0,0
3218,16,pi+,1,1,1
3219,0,null,0,0,0
3220,0,null,0,0,0
3221,0,null,0,0,0
3222,0,null,0,0,0
3223,0,null,0,0,0
3224,0,null,0,0,0
3225,0,null,0,0,0
3226,0,null,0,0,0
3227,0,null,0,0,0
3228,0,null,0,0,0
3229,0,null,0,0,0
3230,0,null,0,0,0
3231,0,null,0,0,0
3232,0,null,0,0,0
3233,0,null,0,0,0
3234,0,null,0,0,0
3235,0,null,0,0,0
3236,0,null,0,0,0
3237,0,null,0,0,0
3238,3061,pi+,1,1,0
3239,0,null,0,0,0
3240,0,null,0,0,0
3241,0,null,0,0,0
3242,0,null,0,0,0
3243,0,null,0,0,0
3244,0,null,0,0,0
3245,0,null,0,0,0
3246,0,null,0,0,0
3247,0,null,0,0,0
3248,0,null,0,0,0
3249,0,null,0,0,0
3250,0,null,0,0,0
3251,0,null,0,0,0
3252,0,null,0,0,0
3253,0,null,0,0,0
3254,0,null,0,0,0
3255,0,null,0,0,0
3256,0,null,0,0,0
3257,0,null,0,0,0
3258,0,null,0,0,0
3259,0,null,0,0,0
3260,0,null,0,0,0
3261,0,null,0,0,0
3262,0,null,0,0,0
3263,0,null,0,0,0
3264,0,null,0,0,0
3265,0,null,0,0,0
3266,0,null,0,0,0
3267,0,null,0,0,0
3268,0,null,0,0,0
3269,0,null,0,0,0
3270,0,null,0,0,0
3271,0,null,0,0,0
3272,0,null,0,0,0
3273,0,null,0,0,0
3274,0,null,0,0,0
3275,0,null,0,0,0
3276,0,null,0,0,0
3277,0,null,0,0,0
3278,0,null,0,0,0
3279,0,null,0,0,0
3280,0,null,0,0,0
3281,0,null,0,0,0
3282,0,null,0,0,0
3283,0,null,0,0,0
3284,1,primary_proton,1,1,1
3285,0,null,0,0,0
3286,0,null,0,0,0
3287,0,null,0,0,0
3288,0,null,0,0,0
3289,0,null,0,0,0
3290,0,null,0,0,0
3291,0,null,0,0,0
3292,0,null,0,0,0
3293,0,null,0,0,0
3294,0,null,0,0,0
3295,0,null,0,0,0
3296,0,null,0,0,0
3297,0,null,0,0,0
3298,0,null,0,0,0
3299,0,null,0,0,0
3300,0,null,0,0,0
3301,0,null,0,0,0
3302,0,null,0,0,0
3303,0,null,0,0,0
3304,0,null,0,0,0
3305,0,null,0,0,0
3306,0,null,0,0,0
3307,0,null,0,0,0
3308,0,null,0,0,0
3309,0,null,0,0,0
3310,0,null,0,0,0
3311,0,null,0,0,0
3312,0,null,0,0,0
3313,0,null,0,0,0
3314,0,null,0,0,0
3315,0,null,0,0,0
3316,0,null,0,0,0
3317,0,null,0,0,0
3318,0,null,0,0,0
3319,0,null,0,0,0
3320,0,null,0,0,0
3321,0,null,0,0,0
3322,0,null,0,0,0
3323,0,null,0,0,0
3324,148,secondary_proton,1,1,1
3325,0,null,0,0,0
3326,0,null,0,0,0
3327,0,null,0,0,0
3328,1,primary_proton,1,1,1
3329,0,null,0,0,0
3330,0,null,0,0,0
3331,0,null,0,0,0
3332,1,primary_proton,1,1,1
3333,0,null,0,0,0
3334,0,null,0,0,0
3335,0,null,0,0,0
3336,0,null,0,0,0
3337,0,null,0,0,0
3338,0,null,0,0,0
3339,8,pi-,1,0,0
3340,0,null,0,0,0
3341,0,null,0,0,0
3342,0,null,0,0,0
3343,0,null,0,0,0
3344,0,null,0,0,0
3345,0,null,0,0,0
3346,0,null,0,0,0
3347,0,null,0,0,0
3348,0,null,0,0,0
3349,0,null,0,0,0
3350,0,null,0,0,0
3351,0,null,0,0,0
3352,0,null,0,0,0
3353,0,null,0,0,0
3354,0,null,0,0,0
3355,0,null,0,0,0
3356,0,null,0,0,0
3357,0,null,0,0,0
3358,0,null,0,0,0
3359,0,null,0,0,0
3360,0,null,0,0,0
3361,0,null,0,0,0
3362,0,null,0,0,0
3363,0,null,0,0,0
3364,0,null,0,0,0
3365,0,null,0,0,0
3366,0,null,0,0,0
3367,0,null,0,0,0
3368,8,pi+,1,0,0
3369,0,null,0,0,0
3370,0,null,0,0,0
3371,6,secondary_proton,1,1,1
3372,7,secondary_proton,1,1,1
3373,0,null,0,0,0
3374,0,null,0,0,0
3375,0,null,0,0,0
3376,0,null,0,0,0
3377,0,null,0,0,0
3378,0,null,0,0,0
3380,0,null,0,0,0
3381,0,null,0,0,0
3382,0,null,0,0,0
3383,0,null,0,0,0
3384,0,null,0,0,0
3385,0,null,0,0,0
3386,0,null,0,0,0
3387,0,null,0,0,0
3388,0,null,0,0,0
3389,1,primary_proton,1,0,0
3390,0,null,0,0,0
3391,0,null,0,0,0
3392,0,null,0,0,0
3393,2,secondary_proton,1,1,1
3394,0,null,0,0,0
3395,0,null,0,0,0
3396,0,null,0,0,0
3397,0,null,0,0,0
3398,0,null,0,0,0
3399,0,null,0,0,0
3400,0,null,0,0,0
3401,0,null,0,0,0
3402,0,null,0,0,0
3403,0,null,0,0,0
3404,0,null,0,0,0
3405,0,null,0,0,0
3406,5,pi+,1,1,1
3407,0,null,0,0,0
3408,0,null,0,0,0
3409,0,null,0,0,0
3410,0,null,0,0,0
3411,0,null,0,0,0
3412,0,null,0,0,0
3413,0,null,0,0,0
3414,0,null,0,0,0
3415,0,null,0,0,0
3416,0,null,0,0,0
3417,0,null,0,0,0
3418,0,null,0,0,0
3419,0,null,0,0,0
3420,0,null,0,0,0
3421,0,null,0,0,0
3422,0,null,0,0,0
3423,14,pi-,1,1,1
3424,0,null,0,0,0
3425,0,null,0,0,0
3426,0,null,0,0,0
3427,0,null,0,0,0
3428,0,null,0,0,0
3429,0,null,0,0,0
3430,0,null,0,0,0
3431,0,null,0,0,0
3432,1,primary_proton,1,1,1
3433,0,null,0,0,0
3434,0,null,0,0,0
3435,0,null,0,0,0
3436,0,null,0,0,0
3437,0,null,0,0,0
3438,0,null,0,0,0
3439,0,null,0,0,0
3440,0,null,0,0,0
3441,0,null,0,0,0
3442,4,pi-,1,1,1
3443,0,null,0,0,0
3444,0,null,0,0,0
3445,0,null,0,0,0
3446,11,pi+,1,1,1
3447,1,primary_proton,1,1,1
3448,0,null,0,0,0
3449,0,null,0,0,0
3450,0,null,0,0,0
3451,0,null,0,0,0
3452,0,null,0,0,0
3453,5,secondary_proton,1,1,1
3454,0,null,0,0,0
3455,0,null,0,0,0
3456,0,null,0,0,0
3457,0,null,0,0,0
3458,0,null,0,0,0
3459,0,null,0,0,0
3460,0,null,0,0,0
3461,0,null,0,0,0
3462,0,null,0,0,0
3463,0,null,0,0,0
3464,0,null,0,0,0
3465,0,null,0,0,0
3466,0,null,0,0,0
3467,1,primary_proton,1,1,1
3468,0,null,0,0,0
3469,0,null,0,0,0
3470,0,null,0,0,0
3471,0,null,0,0,0
3472,0,null,0,0,0
3473,0,null,0,0,0
3474,0,null,0,0,0
3475,0,null,0,0,0
3476,0,null,0,0,0
3477,0,null,0,0,0
3478,0,null,0,0,0
3479,0,null,0,0,0
3480,0,null,0,0,0
3481,0,null,0,0,0
3482,0,null,0,0,0
3483,0,null,0,0,0
3484,0,null,0,0,0
3485,0,null,0,0,0
3486,0,null,0,0,0
3487,0,null,0,0,0
3488,1,primary_proton,1,1,1
3489,0,null,0,0,0
3490,0,null,0,0,0
3491,0,null,0,0,0
3492,0,null,0,0,0
3493,0,null,0,0,0
3494,0,null,0,0,0
3495,0,null,0,0,0
3496,0,null,0,0,0
3497,0,null,0,0,0
3498,0,null,0,0,0
3499,0,null,0,0,0
3500,0,null,0,0,0
3501,0,null,0,0,0
3502,0,null,0,0,0
3503,0,null,0,0,0
3504,0,null,0,0,0
3505,0,null,0,0,0
3506,0,null,0,0,0
3507,0,null,0,0,0
3508,0,null,0,0,0
3509,0,null,0,0,0
3510,0,null,0,0,0
3511,0,null,0,0,0
3512,0,null,0,0,0
3513,0,null,0,0,0
3514,0,null,0,0,0
3515,0,null,0,0,0
3516,0,null,0,0,0
3517,0,null,0,0,0
3518,0,null,0,0,0
3519,0,null,0,0,0
3520,0,null,0,0,0
3521,0,null,0,0,0
3522,0,null,0,0,0
3523,0,null,0,0,0
3524,0,null,0,0,0
3525,10,pi-,1,1,1
3526,0,null,0,0,0
3527,1,primary_proton,1,1,1
3528,0,null,0,0,0
3529,0,null,0,0,0
3530,919,e-,1,0,0
3531,0,null,0,0,0
3532,0,null,0,0,0
3533,0,null,0,0,0
3534,0,null,0,0,0
3535,0,null,0,0,0
3536,0,null,0,0,0
3537,0,null,0,0,0
3538,0,null,0,0,0
3539,0,null,0,0,0
3540,0,null,0,0,0
3541,0,null,0,0,0
3542,0,null,0,0,0
3543,0,null,0,0,0
3544,0,null,0,0,0
3545,0,null,0,0,0
3546,0,null,0,0,0
3547,0,null,0,0,0
3548,0,null,0,0,0
3549,0,null,0,0,0
3550,0,null,0,0,0
3551,0,null,0,0,0
3552,1,primary_proton,1,1,1
3553,0,null,0,0,0
3554,1,primary_proton,1,1,1
3555,0,null,0,0,0
3556,0,null,0,0,0
3557,0,null,0,0,0
3558,0,null,0,0,0
3559,3,secondary_proton,1,1,1
3560,0,null,0,0,0
3561,0,null,0,0,0
3562,0,null,0,0,0
3563,0,null,0,0,0
3564,0,null,0,0,0
3565,9,secondary_proton,1,1,1
3566,0,null,0,0,0
3567,1,primary_proton,1,1,1
3568,0,null,0,0,0
3569,0,null,0,0,0
3570,0,null,0,0,0
3571,0,null,0,0,0
3572,0,null,0,0,0
3573,0,null,0,0,0
3574,3069,e+,1,1,1
3575,0,null,0,0,0
3576,0,null,0,0,0
3577,0,null,0,0,0
3578,0,null,0,0,0
3579,0,null,0,0,0
3580,0,null,0,0,0
3581,0,null,0,0,0
3582,0,null,0,0,0
3583,0,null,0,0,0
3584,0,null,0,0,0
3585,0,null,0,0,0
3586,0,null,0,0,0
3587,8,secondary_proton,1,1,1
3588,0,null,0,0,0
3589,0,null,0,0,0
3590,0,null,0,0,0
3591,0,null,0,0,0
3592,0,null,0,0,0
3593,0,null,0,0,0
3594,0,null,0,0,0
3595,0,null,0,0,0
3596,0,null,0,0,0
3597,0,null,0,0,0
3599,0,null,0,0,0
3600,0,null,0,0,0
3601,0,null,0,0,0
3602,0,null,0,0,0
3603,9,pi-,1,1,1
3604,0,null,0,0,0
3605,0,null,0,0,0
3606,0,null,0,0,0
3607,0,null,0,0,0
3608,0,null,0,0,0
3609,0,null,0,0,0
3610,0,null,0,0,0
3611,0,null,0,0,0
3612,0,null,0,0,0
3613,0,null,0,0,0
3614,0,null,0,0,0
3615,0,null,0,0,0
3616,2,secondary_proton,1,1,1
3617,0,null,0,0,0
3618,0,null,0,0,0
3619,0,null,0,0,0
3620,0,null,0,0,0
3621,0,null,0,0,0
3622,0,null,0,0,0
3623,0,null,0,0,0
3624,0,null,0,0,0
3625,0,null,0,0,0
3626,0,null,0,0,0
3627,3,secondary_proton,1,1,1
3628,0,null,0,0,0
3629,0,null,0,0,0
3630,0,null,0,0,0
3631,0,null,0,0,0
3632,1,primary_proton,1,1,1
3633,0,null,0,0,0
3634,0,null,0,0,0
3635,0,null,0,0,0
3636,0,null,0,0,0
3637,0,null,0,0,0
3638,0,null,0,0,0
3639,0,null,0,0,0
3640,1,primary_proton,1,0,0
3641,0,null,0,0,0
3642,0,null,0,0,0
3643,0,null,0,0,0
3644,0,null,0,0,0
3645,0,null,0,0,0
3646,0,null,0,0,0
3647,0,null,0,0,0
3648,0,null,0,0,0
3649,0,null,0,0,0
3650,0,null,0,0,0
3651,0,null,0,0,0
3652,0,null,0,0,0
3653,0,null,0,0,0
3654,0,null,0,0,0
3655,0,null,0,0,0
3656,0,null,0,0,0
3657,0,null,0,0,0
3658,0,null,0,0,0
3659,0,null,0,0,0
3660,0,null,0,0,0
3661,7,pi+,1,1,1
3662,0,null,0,0,0
3663,0,null,0,0,0
3664,0,null,0,0,0
3665,0,null,0,0,0
3666,0,null,0,0,0
3667,0,null,0,0,0
3668,0,null,0,0,0
3669,0,null,0,0,0
3670,0,null,0,0,0
3671,0,null,0,0,0
3672,0,null,0,0,0
3673,0,null,0,0,0
3674,0,null,0,0,0
3675,0,null,0,0,0
3676,0,null,0,0,0
3677,0,null,0,0,0
3678,0,null,0,0,0
3679,0,null,0,0,0
3680,0,null,0,0,0
3681,0,null,0,0,0
3682,0,null,0,0,0
3683,0,null,0,0,0
3684,0,null,0,0,0
3685,0,null,0,0,0
3686,0,null,0,0,0
3687,0,null,0,0,0
3688,4,secondary_proton,1,1,1
3689,1,primary_proton,1,0,0
3690,0,null,0,0,0
3691,0,null,0,0,0
3692,0,null,0,0,0
3693,0,null,0,0,0
3694,0,null,0,0,0
3695,0,null,0,0,0
3696,7,pi-,1,1,1
3697,0,null,0,0,0
3698,0,null,0,0,0
3699,3847,e-,1,0,0
3700,0,null,0,0,0
3701,0,null,0,0,0
3702,0,null,0,0,0
3703,0,null,0,0,0
3704,0,null,0,0,0
3705,0,null,0,0,0
3706,0,null,0,0,0
3707,0,null,0,0,0
3708,0,null,0,0,0
3709,0,null,0,0,0
3710,0,null,0,0,0
3711,0,null,0,0,0
3712,0,null,0,0,0
3713,1,primary_proton,1,1,1
3714,0,null,0,0,0
3715,0,null,0,0,0
3716,0,null,0,0,0
3717,0,null,0,0,0
3718,0,null,0,0,0
3719,0,null,0,0,0
3720,0,null,0,0,0
3721,0,null,0,0,0
3722,0,null,0,0,0
3723,0,null,0,0,0
3724,705,pi-,1,1,0
3725,12,secondary_proton,1,1,1
3726,0,null,0,0,0
3727,0,null,0,0,0
3728,0,null,0,0,0
3729,0,null,0,0,0
3730,0,null,0,0,0
3731,0,null,0,0,0
3732,0,null,0,0,0
3733,0,null,0,0,0
3734,0,null,0,0,0
3735,0,null,0,0,0
3736,3,secondary_proton,1,1,1
3737,0,null,0,0,0
3738,0,null,0,0,0
3739,0,null,0,0,0
3740,0,null,0,0,0
3741,0,null,0,0,0
3742,0,null,0,0,0
3743,0,null,0,0,0
3744,0,null,0,0,0
3745,0,null,0,0,0
3746,0,null,0,0,0
3747,0,null,0,0,0
3748,0,null,0,0,0
3749,0,null,0,0,0
3750,0,null,0,0,0
3751,0,null,0,0,0
3752,0,null,0,0,0
3753,1,primary_proton,1,1,1
3754,0,null,0,0,0
3755,0,null,0,0,0
3756,0,null,0,0,0
3757,0,null,0,0,0
3758,17,pi-,1,1,1
3759,0,null,0,0,0
3760,0,null,0,0,0
3761,0,null,0,0,0
3762,0,null,0,0,0
3763,0,null,0,0,0
3764,0,null,0,0,0
3765,0,null,0,0,0
3766,0,null,0,0,0
3767,0,null,0,0,0
3768,0,null,0,0,0
3769,0,null,0,0,0
3770,0,null,0,0,0
3771,0,null,0,0,0
3772,0,null,0,0,0
3773,0,null,0,0,0
3774,0,null,0,0,0
3775,0,null,0,0,0
3776,0,null,0,0,0
3777,0,null,0,0,0
3778,0,null,0,0,0
3779,0,null,0,0,0
3780,4,pi+,1,0,0
3781,10,pi-,1,1,1
3782,0,null,0,0,0
3783,0,null,0,0,0
3784,0,null,0,0,0
3785,0,null,0,0,0
3786,0,null,0,0,0
3787,0,null,0,0,0
3788,0,null,0,0,0
3789,0,null,0,0,0
3790,0,null,0,0,0
3791,0,null,0,0,0
3792,7,pi+,1,1,1
3793,0,null,0,0,0
3794,0,null,0,0,0
3795,0,null,0,0,0
3796,0,null,0,0,0
3797,0,null,0,0,0
3798,0,null,0,0,0
3799,0,null,0,0,0
3800,0,null,0,0,0
3801,0,null,0,0,0
3802,0,null,0,0,0
3803,0,null,0,0,0
3804,0,null,0,0,0
3805,0,null,0,0,0
3806,0,null,0,0,0
3807,0,null,0,0,0
3808,0,null,0,0,0
3809,11,secondary_proton,1,1,1
3810,399,e-,1,1,1
3811,0,null,0,0,0
3812,0,null,0,0,0
3813,0,null,0,0,0
3814,0,null,0,0,0
3815,0,null,0,0,0
3816,0,null,0,0,0
3817,0,null,0,0,0
3818,0,null,0,0,0
3820,0,null,0,0,0
3821,0,null,0,0,0
3822,1,primary_proton,1,1,1
3823,0,null,0,0,0
3824,0,null,0,0,0
3825,0,null,0,0,0
3826,0,null,0,0,0
3827,0,null,0,0,0
3828,0,null,0,0,0
3829,0,null,0,0,0
3830,0,null,0,0,0
3831,0,null,0,0,0
3832,0,null,0,0,0
3833,0,null,0,0,0
3834,0,null,0,0,0
3835,0,null,0,0,0
3836,1,primary_proton,1,1,1
3837,0,null,0,0,0
3838,0,null,0,0,0
3839,0,null,0,0,0
3840,0,null,0,0,0
3841,0,null,0,0,0
3842,0,null,0,0,0
3843,0,null,0,0,0
3844,0,null,0,0,0
3845,0,null,0,0,0
3846,0,null,0,0,0
3847,0,null,0,0,0
3848,0,null,0,0,0
3849,0,null,0,0,0
3850,1,primary_proton,1,1,1
3851,0,null,0,0,0
3852,0,null,0,0,0
3853,0,null,0,0,0
3854,0,null,0,0,0
3855,0,null,0,0,0
3856,0,null,0,0,0
3857,0,null,0,0,0
3858,0,null,0,0,0
3859,0,null,0,0,0
3860,0,null,0,0,0
3861,0,null,0,0,0
3862,248,e-,1,1,1
3863,1,primary_proton,1,1,1
3864,0,null,0,0,0
3865,0,null,0,0,0
3866,0,null,0,0,0
3867,0,null,0,0,0
3868,0,null,0,0,0
3869,0,null,0,0,0
3870,0,null,0,0,0
3871,0,null,0,0,0
3872,1,primary_proton,1,1,1
3873,1,primary_proton,1,1,1
3874,0,null,0,0,0
3875,0,null,0,0,0
3876,1,primary_proton,1,1,1
3877,0,null,0,0,0
3878,0,null,0,0,0
3879,0,null,0,0,0
3880,0,null,0,0,0
3881,0,null,0,0,0
3882,0,null,0,0,0
3883,0,null,0,0,0
3884,0,null,0,0,0
3885,0,null,0,0,0
3886,0,null,0,0,0
3887,0,null,0,0,0
3888,0,null,0,0,0
3889,10,pi+,1,1,1
3890,0,null,0,0,0
3891,0,null,0,0,0
3892,0,null,0,0,0
3893,5,pi+,1,0,0
3894,0,null,0,0,0
3895,0,null,0,0,0
3896,0,null,0,0,0
3897,0,null,0,0,0
3898,0,null,0,0,0
3899,0,null,0,0,0
3900,0,null,0,0,0
3901,0,null,0,0,0
3902,0,null,0,0,0
3903,0,null,0,0,0
3904,0,null,0,0,0
3905,0,null,0,0,0
3906,0,null,0,0,0
3907,8522,e-,0,0,1
3908,0,null,0,0,0
3909,0,null,0,0,0
3910,0,null,0,0,0
3911,0,null,0,0,0
3912,0,null,0,0,0
3913,0,null,0,0,0
3914,0,null,0,0,0
3915,0,null,0,0,0
3916,0,null,0,0,0
3917,0,null,0,0,0
3918,0,null,0,0,0
3919,0,null,0,0,0
3920,0,null,0,0,0
3921,0,null,0,0,0
3922,0,null,0,0,0
3923,0,null,0,0,0
3924,1,primary_proton,1,1,1
3925,0,null,0,0,0
3926,0,null,0,0,0
3927,0,null,0,0,0
3928,0,null,0,0,0
3929,0,null,0,0,0
3930,0,null,0,0,0
3931,0,null,0,0,0
3932,0,null,0,0,0
3933,0,null,0,0,0
3934,0,null,0,0,0
3935,0,null,0,0,0
3936,0,null,0,0,0
3937,0,null,0,0,0
3938,0,null,0,0,0
3939,0,null,0,0,0
3940,0,null,0,0,0
3941,0,null,0,0,0
3942,0,null,0,0,0
3943,0,null,0,0,0
3944,0,null,0,0,0
3945,0,null,0,0,0
3946,0,null,0,0,0
3947,0,null,0,0,0
3948,0,null,0,0,0
3949,0,null,0,0,0
3950,0,null,0,0,0
3951,0,null,0,0,0
3952,0,null,0,0,0
3953,0,null,0,0,0
3954,0,null,0,0,0
3955,0,null,0,0,0
3956,0,null,0,0,0
3957,0,null,0,0,0
3958,0,null,0,0,0
3959,0,null,0,0,0
3960,0,null,0,0,0
3961,0,null,0,0,0
3962,0,null,0,0,0
3963,0,null,0,0,0
3964,0,null,0,0,0
3965,0,null,0,0,0
3966,0,null,0,0,0
3967,0,null,0,0,0
3968,21,pi+,1,0,0
3969,0,null,0,0,0
3970,0,null,0,0,0
3971,0,null,0,0,0
3972,0,null,0,0,0
3973,0,null,0,0,0
3974,0,null,0,0,0
3975,0,null,0,0,0
3976,0,null,0,0,0
3977,0,null,0,0,0
3978,0,null,0,0,0
3979,0,null,0,0,0
3980,0,null,0,0,0
3981,0,null,0,0,0
3982,0,null,0,0,0
3983,0,null,0,0,0
3984,0,null,0,0,0
3985,0,null,0,0,0
3986,0,null,0,0,0
3987,0,null,0,0,0
3988,0,null,0,0,0
3989,0,null,0,0,0
3990,0,null,0,0,0
3991,0,null,0,0,0
3992,0,null,0,0,0
3993,0,null,0,0,0
3994,0,null,0,0,0
3995,0,null,0,0,0
3996,0,null,0,0,0
3997,0,null,0,0,0
3998,0,null,0,0,0
3999,0,null,0,0,0
4000,0,null,0,0,0
4001,0,null,0,0,0
4002,0,null,0,0,0
4003,0,null,0,0,0
4004,0,null,0,0,0
4005,0,null,0,0,0
4006,0,null,0,0,0
4007,0,null,0,0,0
4008,0,null,0,0,0
4009,0,null,0,0,0
4010,0,null,0,0,0
4011,0,null,0,0,0
4012,0,null,0,0,0
4013,0,null,0,0,0
4014,0,null,0,0,0
4015,0,null,0,0,0
4016,0,null,0,0,0
4017,0,null,0,0,0
4018,0,null,0,0,0
4019,0,null,0,0,0
4020,0,null,0,0,0
4021,0,null,0,0,0
4022,0,null,0,0,0
4023,0,null,0,0,0
4024,0,null,0,0,0
4025,0,null,0,0,0
4026,0,null,0,0,0
4027,0,null,0,0,0
4028,0,null,0,0,0
4029,0,null,0,0,0
4030,1769,e-,1,1,1
4031,0,null,0,0,0
4032,0,null,0,0,0
4033,0,null,0,0,0
4034,0,null,0,0,0
4035,0,null,0,0,0
4036,0,null,0,0,0
4037,0,null,0,0,0
4038,0,null,0,0,0
4039,0,null,0,0,0
4040,0,null,0,0,0
4041,0,null,0,0,0
4043,0,null,0,0,0
4044,0,null,0,0,0
4045,0,null,0,0,0
4046,0,null,0,0,0
4047,0,null,0,0,0
4048,0,null,0,0,0
4049,0,null,0,0,0
4050,0,null,0,0,0
4051,0,null,0,0,0
4052,1,primary_proton,1,1,1
4053,0,null,0,0,0
4054,0,null,0,0,0
4055,0,null,0,0,0
4056,0,null,0,0,0
4057,0,null,0,0,0
4058,1,primary_proton,1,1,1
4059,0,null,0,0,0
4060,0,null,0,0,0
4061,0,null,0,0,0
4062,0,null,0,0,0
4063,0,null,0,0,0
4064,1,primary_proton,1,1,1
4065,0,null,0,0,0
4066,0,null,0,0,0
4067,0,null,0,0,0
4068,0,null,0,0,0
4069,0,null,0,0,0
4070,0,null,0,0,0
4071,0,null,0,0,0
4072,115,secondary_proton,1,1,1
4073,0,null,0,0,0
4074,0,null,0,0,0
4075,0,null,0,0,0
4076,0,null,0,0,0
4077,0,null,0,0,0
4078,0,null,0,0,0
4079,0,null,0,0,0
4080,0,null,0,0,0
4081,0,null,0,0,0
4082,0,null,0,0,0
4083,0,null,0,0,0
4084,0,null,0,0,0
4085,0,null,0,0,0
4086,1,primary_proton,1,1,1
4087,0,null,0,0,0
4088,0,null,0,0,0
4089,0,null,0,0,0
4090,0,null,0,0,0
4091,0,null,0,0,0
4092,0,null,0,0,0
4093,0,null,0,0,0
4094,0,null,0,0,0
4095,0,null,0,0,0
4096,0,null,0,0,0
4097,0,null,0,0,0
4098,0,null,0,0,0
4099,0,null,0,0,0
4100,0,null,0,0,0
4101,0,null,0,0,0
4102,0,null,0,0,0
4103,0,null,0,0,0
4104,0,null,0,0,0
4105,0,null,0,0,0
4106,0,null,0,0,0
4107,0,null,0,0,0
4108,0,null,0,0,0
4109,0,null,0,0,0
4110,0,null,0,0,0
4111,0,null,0,0,0
4112,0,null,0,0,0
4113,0,null,0,0,0
4114,0,null,0,0,0
4115,0,null,0,0,0
4116,0,null,0,0,0
4117,0,null,0,0,0
4118,0,null,0,0,0
4119,0,null,0,0,0
4120,0,null,0,0,0
4121,0,null,0,0,0
4122,0,null,0,0,0
4123,0,null,0,0,0
4124,0,null,0,0,0
4125,0,null,0,0,0
4126,0,null,0,0,0
4127,0,null,0,0,0
4128,0,null,0,0,0
4129,0,null,0,0,0
4130,0,null,0,0,0
4131,0,null,0,0,0
4132,0,null,0,0,0
4133,0,null,0,0,0
4134,1,primary_proton,1,1,1
4135,1674,e-,1,1,0
4136,0,null,0,0,0
4137,0,null,0,0,0
4138,0,null,0,0,0
4139,0,null,0,0,0
4140,0,null,0,0,0
4141,0,null,0,0,0
4142,0,null,0,0,0
4143,0,null,0,0,0
4144,0,null,0,0,0
4145,0,null,0,0,0
4146,0,null,0,0,0
4147,0,null,0,0,0
4148,0,null,0,0,0
4149,0,null,0,0,0
4150,0,null,0,0,0
4151,1509,e-,1,1,1
4152,0,null,0,0,0
4153,0,null,0,0,0
4154,1,primary_proton,1,1,1
4155,0,null,0,0,0
4156,1,primary_proton,1,1,1
4157,0,null,0,0,0
4158,13,pi-,1,1,1
4159,0,null,0,0,0
4160,0,null,0,0,0
4161,0,null,0,0,0
4162,0,null,0,0,0
4163,0,null,0,0,0
4164,0,null,0,0,0
4165,0,null,0,0,0
4166,0,null,0,0,0
4167,13,secondary_proton,1,1,1
4168,0,null,0,0,0
4169,0,null,0,0,0
4170,0,null,0,0,0
4171,0,null,0,0,0
4172,0,null,0,0,0
4173,0,null,0,0,0
4174,0,null,0,0,0
4175,0,null,0,0,0
4176,0,null,0,0,0
4177,0,null,0,0,0
4178,0,null,0,0,0
4179,0,null,0,0,0
4180,6,secondary_proton,1,1,1
4181,0,null,0,0,0
4182,0,null,0,0,0
4183,0,null,0,0,0
4184,0,null,0,0,0
4185,0,null,0,0,0
4186,0,null,0,0,0
4187,0,null,0,0,0
4188,0,null,0,0,0
4189,0,null,0,0,0
4190,0,null,0,0,0
4191,0,null,0,0,0
4192,1,primary_proton,1,1,1
4193,0,null,0,0,0
4194,0,null,0,0,0
4195,0,null,0,0,0
4196,0,null,0,0,0
4197,0,null,0,0,0
4198,0,null,0,0,0
4199,0,null,0,0,0
4200,0,null,0,0,0
4201,0,null,0,0,0
4202,0,null,0,0,0
4203,0,null,0,0,0
4204,0,null,0,0,0
4205,0,null,0,0,0
4206,0,null,0,0,0
4207,1,primary_proton,1,1,1
4208,0,null,0,0,0
4209,0,null,0,0,0
4210,0,null,0,0,0
4211,0,null,0,0,0
4212,0,null,0,0,0
4213,0,null,0,0,0
4214,0,null,0,0,0
4215,0,null,0,0,0
4216,0,null,0,0,0
4217,0,null,0,0,0
4218,0,null,0,0,0
4219,0,null,0,0,0
4220,0,null,0,0,0
4221,0,null,0,0,0
4222,0,null,0,0,0
4223,0,null,0,0,0
4224,0,null,0,0,0
4225,0,null,0,0,0
4226,0,null,0,0,0
4227,0,null,0,0,0
4228,0,null,0,0,0
4229,0,null,0,0,0
4230,0,null,0,0,0
4231,1,primary_proton,1,1,1
4232,0,null,0,0,0
4233,0,null,0,0,0
4234,0,null,0,0,0
4235,0,null,0,0,0
4236,0,null,0,0,0
4237,1,primary_proton,1,1,1
4238,0,null,0,0,0
4239,0,null,0,0,0
4240,0,null,0,0,0
4241,0,null,0,0,0
4242,0,null,0,0,0
4243,0,null,0,0,0
4244,0,null,0,0,0
4245,0,null,0,0,0
4246,0,null,0,0,0
4247,0,null,0,0,0
4248,0,null,0,0,0
4249,0,null,0,0,0
4250,1,primary_proton,1,1,1
4251,0,null,0,0,0
4252,0,null,0,0,0
4253,0,null,0,0,0
4254,0,null,0,0,0
4255,0,null,0,0,0
4256,0,null,0,0,0
4257,0,null,0,0,0
4258,0,null,0,0,0
4259,0,null,0,0,0
4260,0,null,0,0,0
4262,0,null,0,0,0
4263,0,null,0,0,0
4264,0,null,0,0,0
4265,0,null,0,0,0
4266,0,null,0,0,0
4267,0,null,0,0,0
4268,0,null,0,0,0
4269,0,null,0,0,0
4270,0,null,0,0,0
4271,0,null,0,0,0
4272,0,null,0,0,0
4273,0,null,0,0,0
4274,0,null,0,0,0
4275,0,null,0,0,0
4276,0,null,0,0,0
4277,1432,e-,1,0,0
4278,0,null,0,0,0
4279,0,null,0,0,0
4280,7,kaon+,1,1,1
4281,0,null,0,0,0
4282,0,null,0,0,0
4283,0,null,0,0,0
4284,0,null,0,0,0
4285,0,null,0,0,0
4286,0,null,0,0,0
4287,0,null,0,0,0
4288,0,null,0,0,0
4289,0,null,0,0,0
4290,0,null,0,0,0
4291,0,null,0,0,0
4292,0,null,0,0,0
4293,0,null,0,0,0
4294,0,null,0,0,0
4295,0,null,0,0,0
4296,0,null,0,0,0
4297,0,null,0,0,0
4298,0,null,0,0,0
4299,0,null,0,0,0
4300,0,null,0,0,0
4301,0,null,0,0,0
4302,0,null,0,0,0
4303,0,null,0,0,0
4304,1,primary_proton,1,1,1
4305,0,null,0,0,0
4306,0,null,0,0,0
4307,0,null,0,0,0
4308,0,null,0,0,0
4309,0,null,0,0,0
4310,0,null,0,0,0
4311,0,null,0,0,0
4312,0,null,0,0,0
4313,0,null,0,0,0
4314,0,null,0,0,0
4315,0,null,0,0,0
4316,0,null,0,0,0
4317,0,null,0,0,0
4318,0,null,0,0,0
4319,0,null,0,0,0
4320,0,null,0,0,0
4321,0,null,0,0,0
4322,0,null,0,0,0
4323,0,null,0,0,0
4324,0,null,0,0,0
4325,0,null,0,0,0
4326,0,null,0,0,0
4327,0,null,0,0,0
4328,0,null,0,0,0
4329,0,null,0,0,0
4330,0,null,0,0,0
4331,0,null,0,0,0
4332,0,null,0,0,0
4333,0,null,0,0,0
4334,0,null,0,0,0
4335,0,null,0,0,0
4336,0,null,0,0,0
4337,0,null,0,0,0
4338,0,null,0,0,0
4339,0,null,0,0,0
4340,0,null,0,0,0
4341,0,null,0,0,0
4342,0,null,0,0,0
4343,0,null,0,0,0
4344,0,null,0,0,0
4345,0,null,0,0,0
4346,0,null,0,0,0
4347,0,null,0,0,0
4348,0,null,0,0,0
4349,0,null,0,0,0
4350,0,null,0,0,0
4351,0,null,0,0,0
4352,13,pi+,1,1,1
4353,0,null,0,0,0
4354,0,null,0,0,0
4355,0,null,0,0,0
4356,0,null,0,0,0
4357,0,null,0,0,0
4358,0,null,0,0,0
4359,0,null,0,0,0
4360,1,primary_proton,1,1,1
4361,0,null,0,0,0
4362,0,null,0,0,0
4363,0,null,0,0,0
4364,1,primary_proton,1,1,1
4365,0,null,0,0,0
4366,0,null,0,0,0
4367,0,null,0,0,0
4368,0,null,0,0,0
4369,0,null,0,0,0
4370,0,null,0,0,0
4371,0,null,0,0,0
4372,0,null,0,0,0
4373,0,null,0,0,0
4374,0,null,0,0,0
4375,0,null,0,0,0
4376,0,null,0,0,0
4377,0,null,0,0,0
4378,0,null,0,0,0
4379,0,null,0,0,0
4380,0,null,0,0,0
4381,0,null,0,0,0
4382,0,null,0,0,0
4383,0,null,0,0,0
4384,0,null,0,0,0
4385,0,null,0,0,0
4386,0,null,0,0,0
4387,0,null,0,0,0
4388,0,null,0,0,0
4389,0,null,0,0,0
4390,0,null,0,0,0
4391,0,null,0,0,0
4392,0,null,0,0,0
4393,0,null,0,0,0
4394,0,null,0,0,0
4395,0,null,0,0,0
4396,0,null,0,0,0
4397,0,null,0,0,0
4398,0,null,0,0,0
4399,0,null,0,0,0
4400,0,null,0,0,0
4401,0,null,0,0,0
4402,0,null,0,0,0
4403,0,null,0,0,0
4404,0,null,0,0,0
4405,0,null,0,0,0
4406,0,null,0,0,0
4407,0,null,0,0,0
4408,0,null,0,0,0
4409,0,null,0,0,0
4410,0,null,0,0,0
4411,0,null,0,0,0
4412,0,null,0,0,0
4413,0,null,0,0,0
4414,0,null,0,0,0
4415,0,null,0,0,0
4416,0,null,0,0,0
4417,0,null,0,0,0
4418,0,null,0,0,0
4419,0,null,0,0,0
4420,0,null,0,0,0
4421,0,null,0,0,0
4422,0,null,0,0,0
4423,0,null,0,0,0
4424,0,null,0,0,0
4425,0,null,0,0,0
4426,0,null,0,0,0
4427,0,null,0,0,0
4428,0,null,0,0,0
4429,0,null,0,0,0
4430,0,null,0,0,0
4431,4,pi+,1,1,1
4432,0,null,0,0,0
4433,0,null,0,0,0
4434,0,null,0,0,0
4435,0,null,0,0,0
4436,0,null,0,0,0
4437,0,null,0,0,0
4438,0,null,0,0,0
4439,0,null,0,0,0
4440,0,null,0,0,0
4441,0,null,0,0,0
4442,0,null,0,0,0
4443,1,primary_proton,1,1,1
4444,0,null,0,0,0
4445,0,null,0,0,0
4446,0,null,0,0,0
4447,0,null,0,0,0
4448,0,null,0,0,0
4449,0,null,0,0,0
4450,6,pi+,1,1,1
4451,0,null,0,0,0
4452,0,null,0,0,0
4453,5544,e-,1,0,0
4454,0,null,0,0,0
4455,0,null,0,0,0
4456,0,null,0,0,0
4457,0,null,0,0,0
4458,0,null,0,0,0
4459,0,null,0,0,0
4460,0,null,0,0,0
4461,10,pi-,1,1,1
4462,0,null,0,0,0
4463,0,null,0,0,0
4464,0,null,0,0,0
4465,0,null,0,0,0
4466,0,null,0,0,0
4467,0,null,0,0,0
4468,0,null,0,0,0
4469,0,null,0,0,0
4470,0,null,0,0,0
4471,0,null,0,0,0
4472,0,null,0,0,0
4473,0,null,0,0,0
4474,0,null,0,0,0
4475,0,null,0,0,0
4476,0,null,0,0,0
4477,0,null,0,0,0
4478,0,null,0,0,0
4479,0,null,0,0,0
4480,0,null,0,0,0
4481,0,null,0,0,0
4482,0,null,0,0,0
4483,0,null,0,0,0
4484,0,null,0,0,0
4485,0,null,0,0,0
4487,0,null,0,0,0
4488,0,null,0,0,0
4489,0,null,0,0,0
4490,0,null,0,0,0
4491,0,null,0,0,0
4492,1,primary_proton,1,1,1
4493,0,null,0,0,0
4494,0,null,0,0,0
4495,0,null,0,0,0
4496,0,null,0,0,0
4497,0,null,0,0,0
4498,0,null,0,0,0
4499,0,null,0,0,0
4500,0,null,0,0,0
4501,0,null,0,0,0
4502,0,null,0,0,0
4503,0,null,0,0,0
4504,0,null,0,0,0
4505,0,null,0,0,0
4506,0,null,0,0,0
4507,0,null,0,0,0
4508,24,pi+,1,1,1
4509,0,null,0,0,0
4510,3199,secondary_proton,1,0,0
4511,0,null,0,0,0
4512,0,null,0,0,0
4513,0,null,0,0,0
4514,0,null,0,0,0
4515,0,null,0,0,0
4516,0,null,0,0,0
4517,0,null,0,0,0
4518,1,primary_proton,1,1,1
4519,0,null,0,0,0
4520,0,null,0,0,0
4521,6,pi-,1,1,1
4522,7,secondary_proton,1,1,1
4523,0,null,0,0,0
4524,1,primary_proton,1,1,1
4525,0,null,0,0,0
4526,0,null,0,0,0
4527,0,null,0,0,0
4528,0,null,0,0,0
4529,0,null,0,0,0
4530,0,null,0,0,0
4531,0,null,0,0,0
4532,0,null,0,0,0
4533,0,null,0,0,0
4534,0,null,0,0,0
4535,0,null,0,0,0
4536,0,null,0,0,0
4537,0,null,0,0,0
4538,0,null,0,0,0
4539,0,null,0,0,0
4540,0,null,0,0,0
4541,0,null,0,0,0
4542,0,null,0,0,0
4543,0,null,0,0,0
4544,0,null,0,0,0
4545,0,null,0,0,0
4546,0,null,0,0,0
4547,0,null,0,0,0
4548,0,null,0,0,0
4549,22,secondary_proton,1,0,0
4550,0,null,0,0,0
4551,0,null,0,0,0
4552,0,null,0,0,0
4553,0,null,0,0,0
4554,0,null,0,0,0
4555,0,null,0,0,0
4556,0,null,0,0,0
4557,0,null,0,0,0
4558,0,null,0,0,0
4559,0,null,0,0,0
4560,0,null,0,0,0
4561,0,null,0,0,0
4562,0,null,0,0,0
4563,0,null,0,0,0
4564,0,null,0,0,0
4565,0,null,0,0,0
4566,0,null,0,0,0
4567,0,null,0,0,0
4568,0,null,0,0,0
4569,0,null,0,0,0
4570,0,null,0,0,0
4571,16,pi-,1,1,0
4572,12,secondary_proton,1,1,1
4573,1,primary_proton,1,1,1
4574,0,null,0,0,0
4575,0,null,0,0,0
4576,0,null,0,0,0
4577,1,primary_proton,1,1,1
4578,0,null,0,0,0
4579,0,null,0,0,0
4580,0,null,0,0,0
4581,0,null,0,0,0
4582,0,null,0,0,0
4583,0,null,0,0,0
4584,0,null,0,0,0
4585,0,null,0,0,0
4586,0,null,0,0,0
4587,0,null,0,0,0
4588,2,secondary_proton,1,1,1
4589,0,null,0,0,0
4590,0,null,0,0,0
4591,0,null,0,0,0
4592,519,e-,1,1,1
4593,0,null,0,0,0
4594,0,null,0,0,0
4595,0,null,0,0,0
4596,0,null,0,0,0
4597,0,null,0,0,0
4598,0,null,0,0,0
4599,1,primary_proton,1,1,1
4600,0,null,0,0,0
4601,0,null,0,0,0
4602,0,null,0,0,0
4603,0,null,0,0,0
4604,0,null,0,0,0
4605,0,null,0,0,0
4606,0,null,0,0,0
4607,0,null,0,0,0
4608,0,null,0,0,0
4609,1,primary_proton,1,1,1
4610,0,null,0,0,0
4611,0,null,0,0,0
4612,0,null,0,0,0
4613,0,null,0,0,0
4614,0,null,0,0,0
4615,0,null,0,0,0
4616,0,null,0,0,0
4617,0,null,0,0,0
4618,0,null,0,0,0
4619,0,null,0,0,0
4620,0,null,0,0,0
4621,0,null,0,0,0
4622,0,null,0,0,0
4623,0,null,0,0,0
4624,1,primary_proton,1,1,1
4625,0,null,0,0,0
4626,0,null,0,0,0
4627,0,null,0,0,0
4628,0,null,0,0,0
4629,0,null,0,0,0
4630,992,e-,1,1,1
4631,0,null,0,0,0
4632,0,null,0,0,0
4633,0,null,0,0,0
4634,0,null,0,0,0
4635,0,null,0,0,0
4636,0,null,0,0,0
4637,0,null,0,0,0
4638,0,null,0,0,0
4639,0,null,0,0,0
4640,0,null,0,0,0
4641,0,null,0,0,0
4642,0,null,0,0,0
4643,0,null,0,0,0
4644,1,primary_proton,1,1,1
4645,0,null,0,0,0
4646,0,null,0,0,0
4647,0,null,0,0,0
4648,0,null,0,0,0
4649,0,null,0,0,0
4650,0,null,0,0,0
4651,0,null,0,0,0
4652,1,primary_proton,1,1,1
4653,0,null,0,0,0
4654,0,null,0,0,0
4655,0,null,0,0,0
4656,0,null,0,0,0
4657,0,null,0,0,0
4658,0,null,0,0,0
4659,0,null,0,0,0
4660,0,null,0,0,0
4661,0,null,0,0,0
4662,0,null,0,0,0
4663,0,null,0,0,0
4664,0,null,0,0,0
4665,0,null,0,0,0
4666,0,null,0,0,0
4667,0,null,0,0,0
4668,0,null,0,0,0
4669,0,null,0,0,0
4670,0,null,0,0,0
4671,0,null,0,0,0
4672,0,null,0,0,0
4673,0,null,0,0,0
4674,0,null,0,0,0
4675,0,null,0,0,0
4676,0,null,0,0,0
4677,0,null,0,0,0
4678,0,null,0,0,0
4679,0,null,0,0,0
4680,0,null,0,0,0
4681,0,null,0,0,0
4682,0,null,0,0,0
4683,1,primary_proton,1,1,1
4684,0,null,0,0,0
4685,0,null,0,0,0
4686,0,null,0,0,0
4687,0,null,0,0,0
4688,0,null,0,0,0
4689,14,pi+,1,1,1
4690,0,null,0,0,0
4691,0,null,0,0,0
4692,0,null,0,0,0
4693,0,null,0,0,0
4694,0,null,0,0,0
4695,0,null,0,0,0
4696,0,null,0,0,0
4697,0,null,0,0,0
4698,0,null,0,0,0
4699,0,null,0,0,0
4700,0,null,0,0,0
4701,9,secondary_proton,1,1,1
4703,0,null,0,0,0
4704,0,null,0,0,0
4705,0,null,0,0,0
4706,0,null,0,0,0
4707,0,null,0,0,0
4708,0,null,0,0,0
4709,1,primary_proton,1,1,1
4710,0,null,0,0,0
4711,0,null,0,0,0
4712,0,null,0,0,0
4713,0,null,0,0,0
4714,12,pi+,1,1,1
4715,0,null,0,0,0
4716,0,null,0,0,0
4717,1,primary_proton,1,1,1
4718,0,null,0,0,0
4719,0,null,0,0,0
4720,0,null,0,0,0
4721,0,null,0,0,0
4722,0,null,0,0,0
4723,0,null,0,0,0
4724,0,null,0,0,0
4725,0,null,0,0,0
4726,0,null,0,0,0
4727,0,null,0,0,0
4728,0,null,0,0,0
4729,0,null,0,0,0
4730,0,null,0,0,0
4731,0,null,0,0,0
4732,0,null,0,0,0
4733,0,null,0,0,0
4734,0,null,0,0,0
4735,0,null,0,0,0
4736,0,null,0,0,0
4737,0,null,0,0,0
4738,0,null,0,0,0
4739,1,primary_proton,1,1,1
4740,0,null,0,0,0
4741,0,null,0,0,0
4742,0,null,0,0,0
4743,0,null,0,0,0
4744,0,null,0,0,0
4745,4,secondary_proton,1,1,1
4746,0,null,0,0,0
4747,0,null,0,0,0
4748,0,null,0,0,0
4749,0,null,0,0,0
4750,4,pi+,1,1,1
4751,0,null,0,0,0
4752,766,e-,0,1,1
4753,0,null,0,0,0
4754,0,null,0,0,0
4755,0,null,0,0,0
4756,7,pi-,1,1,1
4757,0,null,0,0,0
4758,0,null,0,0,0
4759,0,null,0,0,0
4760,0,null,0,0,0
4761,0,null,0,0,0
4762,0,null,0,0,0
4763,0,null,0,0,0
4764,0,null,0,0,0
4765,0,null,0,0,0
4766,0,null,0,0,0
4767,0,null,0,0,0
4768,0,null,0,0,0
4769,0,null,0,0,0
4770,0,null,0,0,0
4771,0,null,0,0,0
4772,0,null,0,0,0
4773,0,null,0,0,0
4774,0,null,0,0,0
4775,0,null,0,0,0
4776,0,null,0,0,0
4777,0,null,0,0,0
4778,0,null,0,0,0
4779,0,null,0,0,0
4780,0,null,0,0,0
4781,0,null,0,0,0
4782,0,null,0,0,0
4783,0,null,0,0,0
4784,0,null,0,0,0
4785,1734,e-,1,0,0
4786,0,null,0,0,0
4787,1,primary_proton,1,1,1
4788,0,null,0,0,0
4789,0,null,0,0,0
4790,0,null,0,0,0
4791,0,null,0,0,0
4792,0,null,0,0,0
4793,0,null,0,0,0
4794,0,null,0,0,0
4795,0,null,0,0,0
4796,0,null,0,0,0
4797,0,null,0,0,0
4798,0,null,0,0,0
4799,0,null,0,0,0
4800,0,null,0,0,0
4801,0,null,0,0,0
4802,0,null,0,0,0
4803,0,null,0,0,0
4804,0,null,0,0,0
4805,0,null,0,0,0
4806,0,null,0,0,0
4807,0,null,0,0,0
4808,0,null,0,0,0
4809,0,null,0,0,0
4810,0,null,0,0,0
4811,0,null,0,0,0
4812,0,null,0,0,0
4813,0,null,0,0,0
4814,0,null,0,0,0
4815,0,null,0,0,0
4816,0,null,0,0,0
4817,0,null,0,0,0
4818,0,null,0,0,0
4819,0,null,0,0,0
4820,0,null,0,0,0
4821,0,null,0,0,0
4822,0,null,0,0,0
4823,0,null,0,0,0
4824,0,null,0,0,0
4825,0,null,0,0,0
4826,0,null,0,0,0
4827,0,null,0,0,0
4828,0,null,0,0,0
4829,0,null,0,0,0
4830,14,secondary_proton,1,1,1
4831,0,null,0,0,0
4832,0,null,0,0,0
4833,0,null,0,0,0
4834,0,null,0,0,0
4835,0,null,0,0,0
4836,0,null,0,0,0
4837,0,null,0,0,0
4838,0,null,0,0,0
4839,0,null,0,0,0
4840,0,null,0,0,0
4841,0,null,0,0,0
4842,0,null,0,0,0
4843,0,null,0,0,0
4844,0,null,0,0,0
4845,0,null,0,0,0
4846,0,null,0,0,0
4847,0,null,0,0,0
4848,0,null,0,0,0
4849,0,null,0,0,0
4850,0,null,0,0,0
4851,0,null,0,0,0
4852,5,secondary_proton,1,1,1
4853,0,null,0,0,0
4854,0,null,0,0,0
4855,0,null,0,0,0
4856,0,null,0,0,0
4857,4,secondary_proton,1,1,1
4858,0,null,0,0,0
4859,0,null,0,0,0
4860,0,null,0,0,0
4861,0,null,0,0,0
4862,0,null,0,0,0
4863,0,null,0,0,0
4864,0,null,0,0,0
4865,0,null,0,0,0
4866,0,null,0,0,0
4867,0,null,0,0,0
4868,0,null,0,0,0
4869,0,null,0,0,0
4870,0,null,0,0,0
4871,0,null,0,0,0
4872,0,null,0,0,0
4873,0,null,0,0,0
4874,0,null,0,0,0
4875,0,null,0,0,0
4876,0,null,0,0,0
4877,0,null,0,0,0
4878,0,null,0,0,0
4879,0,null,0,0,0
4880,0,null,0,0,0
4881,0,null,0,0,0
4882,0,null,0,0,0
4883,0,null,0,0,0
4884,0,null,0,0,0
4885,0,null,0,0,0
4886,0,null,0,0,0
4887,0,null,0,0,0
4888,0,null,0,0,0
4889,0,null,0,0,0
4890,0,null,0,0,0
4891,0,null,0,0,0
4892,0,null,0,0,0
4893,0,null,0,0,0
4894,0,null,0,0,0
4895,1,primary_proton,1,1,1
4896,0,null,0,0,0
4897,0,null,0,0,0
4898,0,null,0,0,0
4899,0,null,0,0,0
4900,0,null,0,0,0
4901,0,null,0,0,0
4902,0,null,0,0,0
4903,0,null,0,0,0
4904,0,null,0,0,0
4905,0,null,0,0,0
4906,0,null,0,0,0
4907,0,null,0,0,0
4908,0,null,0,0,0
4909,0,null,0,0,0
4910,0,null,0,0,0
4911,0,null,0,0,0
4912,0,null,0,0,0
4913,1,primary_proton,1,1,1
4914,0,null,0,0,0
4915,0,null,0,0,0
4916,0,null,0,0,0
4917,0,null,0,0,0
4918,1483,e-,1,1,1
4919,0,null,0,0,0
4920,0,null,0,0,0
4921,0,null,0,0,0
4922,0,null,0,0,0
4923,0,null,0,0,0
4925,0,null,0,0,0
4926,0,null,0,0,0
4927,0,null,0,0,0
4928,0,null,0,0,0
4929,0,null,0,0,0
4930,0,null,0,0,0
4931,0,null,0,0,0
4932,0,null,0,0,0
4933,0,null,0,0,0
4934,0,null,0,0,0
4935,0,null,0,0,0
4936,0,null,0,0,0
4937,0,null,0,0,0
4938,12,pi-,1,1,1
4939,0,null,0,0,0
4940,0,null,0,0,0
4941,0,null,0,0,0
4942,0,null,0,0,0
4943,0,null,0,0,0
4944,0,null,0,0,0
4945,7,secondary_proton,1,1,1
4946,0,null,0,0,0
4947,0,null,0,0,0
4948,0,null,0,0,0
4949,0,null,0,0,0
4950,0,null,0,0,0
4951,0,null,0,0,0
4952,0,null,0,0,0
4953,0,null,0,0,0
4954,0,null,0,0,0
4955,0,null,0,0,0
4956,0,null,0,0,0
4957,0,null,0,0,0
4958,0,null,0,0,0
4959,0,null,0,0,0
4960,0,null,0,0,0
4961,0,null,0,0,0
4962,0,null,0,0,0
4963,0,null,0,0,0
4964,0,null,0,0,0
4965,0,null,0,0,0
4966,0,null,0,0,0
4967,5468,e-,0,0,1
4968,0,null,0,0,0
4969,0,null,0,0,0
4970,0,null,0,0,0
4971,0,null,0,0,0
4972,230,secondary_proton,1,1,1
4973,0,null,0,0,0
4974,0,null,0,0,0
4975,0,null,0,0,0
4976,0,null,0,0,0
4977,0,null,0,0,0
4978,1,primary_proton,1,1,1
4979,0,null,0,0,0
4980,0,null,0,0,0
4981,0,null,0,0,0
4982,0,null,0,0,0
4983,0,null,0,0,0
4984,0,null,0,0,0
4985,0,null,0,0,0
4986,0,null,0,0,0
4987,0,null,0,0,0
4988,0,null,0,0,0
4989,0,null,0,0,0
4990,0,null,0,0,0
4991,0,null,0,0,0
4992,0,null,0,0,0
4993,0,null,0,0,0
4994,0,null,0,0,0
4995,0,null,0,0,0
4996,0,null,0,0,0
4997,0,null,0,0,0
4998,0,null,0,0,0
4999,0,null,0,0,0
1,0,null,0,0,0
2,0,null,0,0,0
3,0,null,0,0,0
4,0,null,0,0,0
5,0,null,0,0,0
6,0,null,0,0,0
7,0,null,0,0,0
8,0,null,0,0,0
9,0,null,0,0,0
10,0,null,0,0,0
11,0,null,0,0,0
12,0,null,0,0,0
13,0,null,0,0,0
14,0,null,0,0,0
15,0,null,0,0,0
16,0,null,0,0,0
17,0,null,0,0,0
18,0,null,0,0,0
19,0,null,0,0,0
20,0,null,0,0,0
21,0,null,0,0,0
22,1,primary_proton,1,1,1
23,0,null,0,0,0
24,1,primary_proton,1,1,1
25,0,null,0,0,0
26,0,null,0,0,0
27,0,null,0,0,0
28,0,null,0,0,0
29,511,pi-,1,1,1
30,0,null,0,0,0
31,0,null,0,0,0
32,0,null,0,0,0
33,0,null,0,0,0
34,0,null,0,0,0
35,0,null,0,0,0
36,0,null,0,0,0
37,20,pi-,1,1,1
38,0,null,0,0,0
39,0,null,0,0,0
40,0,null,0,0,0
41,0,null,0,0,0
42,0,null,0,0,0
43,0,null,0,0,0
44,872,pi-,1,1,0
45,0,null,0,0,0
46,0,null,0,0,0
47,0,null,0,0,0
48,11,pi-,1,1,1
49,0,null,0,0,0
50,0,null,0,0,0
51,0,null,0,0,0
52,0,null,0,0,0
53,0,null,0,0,0
54,0,null,0,0,0
55,0,null,0,0,0
56,0,null,0,0,0
57,0,null,0,0,0
58,0,null,0,0,0
59,0,null,0,0,0
60,0,null,0,0,0
61,0,null,0,0,0
62,0,null,0,0,0
63,1,primary_proton,1,1,1
64,0,null,0,0,0
65,7,secondary_proton,1,1,1
66,0,null,0,0,0
67,0,null,0,0,0
68,0,null,0,0,0
69,0,null,0,0,0
70,0,null,0,0,0
71,0,null,0,0,0
72,0,null,0,0,0
73,0,null,0,0,0
74,13,pi+,1,1,1
75,0,null,0,0,0
76,0,null,0,0,0
77,0,null,0,0,0
78,0,null,0,0,0
79,0,null,0,0,0
80,0,null,0,0,0
81,0,null,0,0,0
82,0,null,0,0,0
83,0,null,0,0,0
84,0,null,0,0,0
85,0,null,0,0,0
86,0,null,0,0,0
87,0,null,0,0,0
88,22,secondary_proton,1,1,1
89,0,null,0,0,0
90,0,null,0,0,0
91,6169,secondary_proton,1,0,0
92,0,null,0,0,0
93,0,null,0,0,0
94,0,null,0,0,0
95,0,null,0,0,0
96,0,null,0,0,0
97,0,null,0,0,0
98,0,null,0,0,0
99,0,null,0,0,0
100,0,null,0,0,0
101,0,null,0,0,0
102,0,null,0,0,0
103,0,null,0,0,0
104,0,null,0,0,0
105,2013,e-,1,1,1
106,0,null,0,0,0
107,0,null,0,0,0
108,0,null,0,0,0
109,0,null,0,0,0
110,0,null,0,0,0
111,0,null,0,0,0
112,0,null,0,0,0
113,0,null,0,0,0
114,0,null,0,0,0
115,0,null,0,0,0
116,11,pi+,1,1,1
117,0,null,0,0,0
118,0,null,0,0,0
119,0,null,0,0,0
120,0,null,0,0,0
121,0,null,0,0,0
122,0,null,0,0,0
123,0,null,0,0,0
124,0,null,0,0,0
125,0,null,0,0,0
126,0,null,0,0,0
127,0,null,0,0,0
128,0,null,0,0,0
129,0,null,0,0,0
130,0,null,0,0,0
131,0,null,0,0,0
132,0,null,0,0,0
133,0,null,0,0,0
134,0,null,0,0,0
135,0,null,0,0,0
136,0,null,0,0,0
137,0,null,0,0,0
138,0,null,0,0,0
139,0,null,0,0,0
140,0,null,0,0,0
141,0,null,0,0,0
142,0,null,0,0,0
143,0,null,0,0,0
144,0,null,0,0,0
145,0,null,0,0,0
146,0,null,0,0,0
147,0,null,0,0,0
148,0,null,0,0,0
149,0,null,0,0,0
150,0,null,0,0,0
151,0,null,0,0,0
152,1,primary_proton,1,1,1
153,0,null,0,0,0
154,0,null,0,0,0
155,0,null,0,0,0
156,0,null,0,0,0
157,16,secondary_proton,1,1,1
158,5,secondary_proton,1,1,1
159,1933,e-,1,1,0
160,0,null,0,0,0
161,0,null,0,0,0
162,0,null,0,0,0
163,0,null,0,0,0
164,0,null,0,0,0
165,0,null,0,0,0
166,0,null,0,0,0
167,0,null,0,0,0
168,0,null,0,0,0
169,0,null,0,0,0
170,0,null,0,0,0
171,0,null,0,0,0
172,0,null,0,0,0
173,0,null,0,0,0
174,0,null,0,0,0
175,0,null,0,0,0
176,0,null,0,0,0
177,0,null,0,0,0
178,0,null,0,0,0
179,0,null,0,0,0
180,0,null,0,0,0
181,0,null,0,0,0
182,0,null,0,0,0
183,0,null,0,0,0
184,0,null,0,0,0
185,0,null,0,0,0
186,0,null,0,0,0
187,0,null,0,0,0
188,0,null,0,0,0
189,0,null,0,0,0
190,0,null,0,0,0
191,0,null,0,0,0
192,0,null,0,0,0
193,0,null,0,0,0
194,0,null,0,0,0
195,0,null,0,0,0
196,0,null,0,0,0
197,0,null,0,0,0
198,0,null,0,0,0
199,0,null,0,0,0
200,0,null,0,0,0
201,0,null,0,0,0
202,0,null,0,0,0
203,0,null,0,0,0
204,0,null,0,0,0
205,0,null,0,0,0
206,0,null,0,0,0
207,0,null,0,0,0
208,0,null,0,0,0
209,0,null,0,0,0
210,0,null,0,0,0
211,0,null,0,0,0
212,0,null,0,0,0
213,0,null,0,0,0
214,0,null,0,0,0
215,0,null,0,0,0
216,12,pi-,1,0,0
217,0,null,0,0,0
218,0,null,0,0,0
219,4,secondary_proton,1,1,1
220,0,null,0,0,0
221,1,primary_proton,1,1,1
222,0,null,0,0,0
223,0,null,0,0,0
224,0,null,0,0,0
225,0,null,0,0,0
226,0,null,0,0,0
227,0,null,0,0,0
228,0,null,0,0,0
229,0,null,0,0,0
230,0,null,0,0,0
231,0,null,0,0,0
232,0,null,0,0,0
233,0,null,0,0,0
234,0,null,0,0,0
235,0,null,0,0,0
236,0,null,0,0,0
237,0,null,0,0,0
238,0,null,0,0,0
240,0,null,0,0,0
241,0,null,0,0,0
242,0,null,0,0,0
243,0,null,0,0,0
244,1,primary_proton,1,1,1
245,12,secondary_proton,1,1,1
246,0,null,0,0,0
247,0,null,0,0,0
248,0,null,0,0,0
249,0,null,0,0,0
250,0,null,0,0,0
251,0,null,0,0,0
252,0,null,0,0,0
253,0,null,0,0,0
254,0,null,0,0,0
255,0,null,0,0,0
256,0,null,0,0,0
257,0,null,0,0,0
258,0,null,0,0,0
259,0,null,0,0,0
260,0,null,0,0,0
261,0,null,0,0,0
262,0,null,0,0,0
263,0,null,0,0,0
264,0,null,0,0,0
265,0,null,0,0,0
266,0,null,0,0,0
267,0,null,0,0,0
268,0,null,0,0,0
269,0,null,0,0,0
270,0,null,0,0,0
271,0,null,0,0,0
272,0,null,0,0,0
273,0,null,0,0,0
274,0,null,0,0,0
275,0,null,0,0,0
276,0,null,0,0,0
277,0,null,0,0,0
278,3,secondary_proton,1,1,1
279,0,null,0,0,0
280,0,null,0,0,0
281,0,null,0,0,0
282,0,null,0,0,0
283,0,null,0,0,0
284,0,null,0,0,0
285,0,null,0,0,0
286,0,null,0,0,0
287,0,null,0,0,0
288,1,primary_proton,1,1,1
289,13,pi+,1,0,0
290,0,null,0,0,0
291,0,null,0,0,0
292,0,null,0,0,0
293,0,null,0,0,0
294,0,null,0,0,0
295,995,pi+,1,1,1
296,0,null,0,0,0
297,0,null,0,0,0
298,0,null,0,0,0
299,0,null,0,0,0
300,0,null,0,0,0
301,0,null,0,0,0
302,1,primary_proton,1,1,1
303,0,null,0,0,0
304,0,null,0,0,0
305,0,null,0,0,0
306,0,null,0,0,0
307,0,null,0,0,0
308,0,null,0,0,0
309,0,null,0,0,0
310,0,null,0,0,0
311,0,null,0,0,0
312,0,null,0,0,0
313,0,null,0,0,0
314,0,null,0,0,0
315,0,null,0,0,0
316,0,null,0,0,0
317,0,null,0,0,0
318,0,null,0,0,0
319,0,null,0,0,0
320,0,null,0,0,0
321,0,null,0,0,0
322,0,null,0,0,0
323,0,null,0,0,0
324,0,null,0,0,0
325,0,null,0,0,0
326,8,pi+,1,0,0
327,0,null,0,0,0
328,0,null,0,0,0
329,0,null,0,0,0
330,1,primary_proton,1,1,1
331,0,null,0,0,0
332,0,null,0,0,0
333,0,null,0,0,0
334,0,null,0,0,0
335,0,null,0,0,0
336,0,null,0,0,0
337,0,null,0,0,0
338,0,null,0,0,0
339,0,null,0,0,0
340,0,null,0,0,0
341,0,null,0,0,0
342,0,null,0,0,0
343,0,null,0,0,0
344,0,null,0,0,0
345,0,null,0,0,0
346,0,null,0,0,0
347,0,null,0,0,0
348,0,null,0,0,0
349,0,null,0,0,0
350,10,secondary_proton,1,1,1
351,0,null,0,0,0
352,0,null,0,0,0
353,0,null,0,0,0
354,0,null,0,0,0
355,0,null,0,0,0
356,0,null,0,0,0
357,0,null,0,0,0
358,0,null,0,0,0
359,0,null,0,0,0
360,0,null,0,0,0
361,0,null,0,0,0
362,0,null,0,0,0
363,0,null,0,0,0
364,0,null,0,0,0
365,0,null,0,0,0
366,0,null,0,0,0
367,0,null,0,0,0
368,0,null,0,0,0
369,0,null,0,0,0
370,3135,pi-,1,0,0
371,0,null,0,0,0
372,0,null,0,0,0
373,0,null,0,0,0
374,1816,e-,1,1,0
375,0,null,0,0,0
376,0,null,0,0,0
377,0,null,0,0,0
378,0,null,0,0,0
379,0,null,0,0,0
380,0,null,0,0,0
381,0,null,0,0,0
382,0,null,0,0,0
383,19,pi+,1,1,1
384,0,null,0,0,0
385,0,null,0,0,0
386,12,pi-,1,1,1
387,0,null,0,0,0
388,0,null,0,0,0
389,0,null,0,0,0
390,23,pi-,1,0,0
391,0,null,0,0,0
392,0,null,0,0,0
393,0,null,0,0,0
394,0,null,0,0,0
395,0,null,0,0,0
396,0,null,0,0,0
397,0,null,0,0,0
398,1,primary_proton,1,1,1
399,0,null,0,0,0
400,0,null,0,0,0
401,0,null,0,0,0
402,0,null,0,0,0
403,0,null,0,0,0
404,0,null,0,0,0
405,0,null,0,0,0
406,0,null,0,0,0
407,0,null,0,0,0
408,0,null,0,0,0
409,1,primary_proton,1,1,0
410,0,null,0,0,0
411,2870,e-,1,0,0
412,0,null,0,0,0
413,0,null,0,0,0
414,0,null,0,0,0
415,0,null,0,0,0
416,0,null,0,0,0
417,0,null,0,0,0
418,0,null,0,0,0
419,0,null,0,0,0
420,0,null,0,0,0
421,0,null,0,0,0
422,12,pi-,1,1,1
423,0,null,0,0,0
424,0,null,0,0,0
425,0,null,0,0,0
426,0,null,0,0,0
427,0,null,0,0,0
428,0,null,0,0,0
429,0,null,0,0,0
430,7,secondary_proton,1,1,1
431,0,null,0,0,0
432,0,null,0,0,0
433,0,null,0,0,0
434,0,null,0,0,0
435,0,null,0,0,0
436,0,null,0,0,0
437,0,null,0,0,0
438,0,null,0,0,0
439,0,null,0,0,0
440,0,null,0,0,0
441,0,null,0,0,0
442,6,pi-,1,1,0
443,0,null,0,0,0
444,0,null,0,0,0
445,0,null,0,0,0
446,0,null,0,0,0
447,0,null,0,0,0
448,0,null,0,0,0
449,0,null,0,0,0
450,1,primary_proton,1,1,1
451,0,null,0,0,0
452,0,null,0,0,0
453,0,null,0,0,0
454,0,null,0,0,0
455,0,null,0,0,0
456,0,null,0,0,0
457,0,null,0,0,0
458,0,null,0,0,0
459,0,null,0,0,0
460,0,null,0,0,0
461,0,null,0,0,0
462,0,null,0,0,0
463,0,null,0,0,0
464,0,null,0,0,0
465,0,null,0,0,0
466,0,null,0,0,0
467,0,null,0,0,0
468,0,null,0,0,0
469,0,null,0,0,0
470,0,null,0,0,0
471,0,null,0,0,0
472,0,null,0,0,0
474,0,null,0,0,0
475,0,null,0,0,0
476,0,null,0,0,0
477,0,null,0,0,0
478,0,null,0,0,0
479,0,null,0,0,0
480,0,null,0,0,0
481,0,null,0,0,0
482,0,null,0,0,0
483,0,null,0,0,0
484,0,null,0,0,0
485,0,null,0,0,0
486,0,null,0,0,0
487,0,null,0,0,0
488,0,null,0,0,0
489,0,null,0,0,0
490,0,null,0,0,0
491,10,pi+,1,1,0
492,0,null,0,0,0
493,0,null,0,0,0
494,0,null,0,0,0
495,0,null,0,0,0
496,0,null,0,0,0
497,0,null,0,0,0
498,0,null,0,0,0
499,0,null,0,0,0
500,0,null,0,0,0
501,0,null,0,0,0
502,0,null,0,0,0
503,137,pi-,1,1,1
504,0,null,0,0,0
505,0,null,0,0,0
506,0,null,0,0,0
507,0,null,0,0,0
508,0,null,0,0,0
509,0,null,0,0,0
510,0,null,0,0,0
511,0,null,0,0,0
512,0,null,0,0,0
513,0,null,0,0,0
514,0,null,0,0,0
515,0,null,0,0,0
516,0,null,0,0,0
517,0,null,0,0,0
518,0,null,0,0,0
519,0,null,0,0,0
520,0,null,0,0,0
521,0,null,0,0,0
522,0,null,0,0,0
523,0,null,0,0,0
524,0,null,0,0,0
525,0,null,0,0,0
526,0,null,0,0,0
527,0,null,0,0,0
528,0,null,0,0,0
529,0,null,0,0,0
530,0,null,0,0,0
531,0,null,0,0,0
532,0,null,0,0,0
533,0,null,0,0,0
534,0,null,0,0,0
535,0,null,0,0,0
536,0,null,0,0,0
537,0,null,0,0,0
538,0,null,0,0,0
539,0,null,0,0,0
540,0,null,0,0,0
541,0,null,0,0,0
542,0,null,0,0,0
543,0,null,0,0,0
544,0,null,0,0,0
545,0,null,0,0,0
546,0,null,0,0,0
547,0,null,0,0,0
548,0,null,0,0,0
549,0,null,0,0,0
550,0,null,0,0,0
551,0,null,0,0,0
552,0,null,0,0,0
553,0,null,0,0,0
554,0,null,0,0,0
555,0,null,0,0,0
556,9,secondary_proton,1,1,1
557,0,null,0,0,0
558,0,null,0,0,0
559,0,null,0,0,0
560,0,null,0,0,0
561,0,null,0,0,0
562,0,null,0,0,0
563,1,primary_proton,1,1,1
564,0,null,0,0,0
565,0,null,0,0,0
566,0,null,0,0,0
567,0,null,0,0,0
568,0,null,0,0,0
569,0,null,0,0,0
570,0,null,0,0,0
571,0,null,0,0,0
572,0,null,0,0,0
573,0,null,0,0,0
574,0,null,0,0,0
575,0,null,0,0,0
576,0,null,0,0,0
577,14,secondary_proton,1,0,0
578,0,null,0,0,0
579,0,null,0,0,0
580,13,pi-,1,1,1
581,0,null,0,0,0
582,0,null,0,0,0
583,0,null,0,0,0
584,0,null,0,0,0
585,0,null,0,0,0
586,0,null,0,0,0
587,0,null,0,0,0
588,0,null,0,0,0
589,0,null,0,0,0
590,0,null,0,0,0
591,0,null,0,0,0
592,1,primary_proton,1,1,1
593,0,null,0,0,0
594,0,null,0,0,0
595,1,primary_proton,1,1,1
596,0,null,0,0,0
597,0,null,0,0,0
598,0,null,0,0,0
599,0,null,0,0,0
600,0,null,0,0,0
601,0,null,0,0,0
602,0,null,0,0,0
603,0,null,0,0,0
604,0,null,0,0,0
605,0,null,0,0,0
606,0,null,0,0,0
607,0,null,0,0,0
608,0,null,0,0,0
609,0,null,0,0,0
610,0,null,0,0,0
611,0,null,0,0,0
612,0,null,0,0,0
613,143,secondary_proton,1,1,1
614,0,null,0,0,0
615,0,null,0,0,0
616,0,null,0,0,0
617,0,null,0,0,0
618,0,null,0,0,0
619,0,null,0,0,0
620,0,null,0,0,0
621,0,null,0,0,0
622,0,null,0,0,0
623,0,null,0,0,0
624,0,null,0,0,0
625,0,null,0,0,0
626,0,null,0,0,0
627,0,null,0,0,0
628,0,null,0,0,0
629,0,null,0,0,0
630,0,null,0,0,0
631,0,null,0,0,0
632,0,null,0,0,0
633,0,null,0,0,0
634,0,null,0,0,0
635,0,null,0,0,0
636,0,null,0,0,0
637,0,null,0,0,0
638,7,secondary_proton,1,1,1
639,0,null,0,0,0
640,0,null,0,0,0
641,0,null,0,0,0
642,0,null,0,0,0
643,0,null,0,0,0
644,0,null,0,0,0
645,0,null,0,0,0
646,0,null,0,0,0
647,0,null,0,0,0
648,0,null,0,0,0
649,0,null,0,0,0
650,0,null,0,0,0
651,0,null,0,0,0
652,0,null,0,0,0
653,0,null,0,0,0
654,0,null,0,0,0
655,0,null,0,0,0
656,7,secondary_proton,1,1,1
657,0,null,0,0,0
658,0,null,0,0,0
659,0,null,0,0,0
660,0,null,0,0,0
661,0,null,0,0,0
662,0,null,0,0,0
663,0,null,0,0,0
664,0,null,0,0,0
665,870,e-,1,0,0
666,0,null,0,0,0
667,0,null,0,0,0
668,0,null,0,0,0
669,0,null,0,0,0
670,0,null,0,0,0
671,0,null,0,0,0
672,0,null,0,0,0
673,0,null,0,0,0
674,0,null,0,0,0
675,0,null,0,0,0
676,0,null,0,0,0
677,0,null,0,0,0
678,0,null,0,0,0
679,0,null,0,0,0
680,0,null,0,0,0
681,0,null,0,0,0
682,0,null,0,0,0
683,2,secondary_proton,1,1,1
684,0,null,0,0,0
685,0,null,0,0,0
686,1,primary_proton,1,1,1
687,0,null,0,0,0
688,0,null,0,0,0
689,0,null,0,0,0
690,0,null,0,0,0
691,0,null,0,0,0
692,0,null,0,0,0
693,0,null,0,0,0
694,0,null,0,0,0
695,0,null,0,0,0
696,2,secondary_proton,1,1,1
697,0,null,0,0,0
698,0,null,0,0,0
699,0,null,0,0,0
700,0,null,0,0,0
701,31,secondary_proton,1,1,1
702,0,null,0,0,0
703,0,null,0,0,0
704,0,null,0,0,0
706,0,null,0,0,0
707,615,e-,1,1,1
708,0,null,0,0,0
709,0,null,0,0,0
710,0,null,0,0,0
711,0,null,0,0,0
712,0,null,0,0,0
713,0,null,0,0,0
714,0,null,0,0,0
715,0,null,0,0,0
716,0,null,0,0,0
717,0,null,0,0,0
718,0,null,0,0,0
719,0,null,0,0,0
720,0,null,0,0,0
721,0,null,0,0,0
722,0,null,0,0,0
723,0,null,0,0,0
724,0,null,0,0,0
725,0,null,0,0,0
726,0,null,0,0,0
727,0,null,0,0,0
728,0,null,0,0,0
729,0,null,0,0,0
730,0,null,0,0,0
731,0,null,0,0,0
732,23,secondary_proton,1,1,1
733,0,null,0,0,0
734,0,null,0,0,0
735,0,null,0,0,0
736,0,null,0,0,0
737,0,null,0,0,0
738,0,null,0,0,0
739,0,null,0,0,0
740,0,null,0,0,0
741,0,null,0,0,0
742,0,null,0,0,0
743,0,null,0,0,0
744,0,null,0,0,0
745,0,null,0,0,0
746,0,null,0,0,0
747,0,null,0,0,0
748,0,null,0,0,0
749,0,null,0,0,0
750,0,null,0,0,0
751,0,null,0,0,0
752,0,null,0,0,0
753,0,null,0,0,0
754,0,null,0,0,0
755,0,null,0,0,0
756,0,null,0,0,0
757,0,null,0,0,0
758,0,null,0,0,0
759,0,null,0,0,0
760,0,null,0,0,0
761,1,primary_proton,1,1,1
762,0,null,0,0,0
763,0,null,0,0,0
764,0,null,0,0,0
765,0,null,0,0,0
766,0,null,0,0,0
767,0,null,0,0,0
768,0,null,0,0,0
769,0,null,0,0,0
770,0,null,0,0,0
771,0,null,0,0,0
772,0,null,0,0,0
773,0,null,0,0,0
774,0,null,0,0,0
775,0,null,0,0,0
776,0,null,0,0,0
777,1,primary_proton,1,1,1
778,0,null,0,0,0
779,0,null,0,0,0
780,0,null,0,0,0
781,1083,e-,0,0,1
782,0,null,0,0,0
783,0,null,0,0,0
784,0,null,0,0,0
785,0,null,0,0,0
786,0,null,0,0,0
787,0,null,0,0,0
788,0,null,0,0,0
789,0,null,0,0,0
790,0,null,0,0,0
791,0,null,0,0,0
792,0,null,0,0,0
793,0,null,0,0,0
794,0,null,0,0,0
795,0,null,0,0,0
796,0,null,0,0,0
797,0,null,0,0,0
798,0,null,0,0,0
799,0,null,0,0,0
800,0,null,0,0,0
801,0,null,0,0,0
802,2268,e+,1,0,0
803,1,primary_proton,1,1,1
804,0,null,0,0,0
805,0,null,0,0,0
806,0,null,0,0,0
807,0,null,0,0,0
808,0,null,0,0,0
809,0,null,0,0,0
810,0,null,0,0,0
811,1,primary_proton,1,1,1
812,0,null,0,0,0
813,0,null,0,0,0
814,0,null,0,0,0
815,0,null,0,0,0
816,0,null,0,0,0
817,13,secondary_proton,1,1,1
818,0,null,0,0,0
819,0,null,0,0,0
820,0,null,0,0,0
821,0,null,0,0,0
822,0,null,0,0,0
823,0,null,0,0,0
824,1859,e-,1,0,0
825,2,secondary_proton,1,1,1
826,1,primary_proton,1,1,1
827,0,null,0,0,0
828,0,null,0,0,0
829,0,null,0,0,0
830,0,null,0,0,0
831,0,null,0,0,0
832,0,null,0,0,0
833,0,null,0,0,0
834,0,null,0,0,0
835,0,null,0,0,0
836,0,null,0,0,0
837,0,null,0,0,0
838,0,null,0,0,0
839,0,null,0,0,0
840,0,null,0,0,0
841,0,null,0,0,0
842,0,null,0,0,0
843,0,null,0,0,0
844,0,null,0,0,0
845,0,null,0,0,0
846,0,null,0,0,0
847,0,null,0,0,0
848,0,null,0,0,0
849,0,null,0,0,0
850,0,null,0,0,0
851,0,null,0,0,0
852,0,null,0,0,0
853,0,null,0,0,0
854,0,null,0,0,0
855,877,e-,1,1,0
856,0,null,0,0,0
857,0,null,0,0,0
858,0,null,0,0,0
859,0,null,0,0,0
860,0,null,0,0,0
861,0,null,0,0,0
862,0,null,0,0,0
863,0,null,0,0,0
864,0,null,0,0,0
865,0,null,0,0,0
866,0,null,0,0,0
867,0,null,0,0,0
868,0,null,0,0,0
869,0,null,0,0,0
870,0,null,0,0,0
871,1,primary_proton,1,1,1
872,1,primary_proton,1,1,1
873,0,null,0,0,0
874,0,null,0,0,0
875,0,null,0,0,0
876,0,null,0,0,0
877,0,null,0,0,0
878,0,null,0,0,0
879,0,null,0,0,0
880,0,null,0,0,0
881,0,null,0,0,0
882,0,null,0,0,0
883,0,null,0,0,0
884,0,null,0,0,0
885,0,null,0,0,0
886,0,null,0,0,0
887,0,null,0,0,0
888,0,null,0,0,0
889,0,null,0,0,0
890,0,null,0,0,0
891,0,null,0,0,0
892,0,null,0,0,0
893,0,null,0,0,0
894,0,null,0,0,0
895,0,null,0,0,0
896,0,null,0,0,0
897,0,null,0,0,0
898,0,null,0,0,0
899,0,null,0,0,0
900,0,null,0,0,0
901,0,null,0,0,0
902,1,primary_proton,1,1,1
903,0,null,0,0,0
904,0,null,0,0,0
905,0,null,0,0,0
906,0,null,0,0,0
907,0,null,0,0,0
908,0,null,0,0,0
909,0,null,0,0,0
910,0,null,0,0,0
911,0,null,0,0,0
912,0,null,0,0,0
913,0,null,0,0,0
914,0,null,0,0,0
915,0,null,0,0,0
916,0,null,0,0,0
917,1,primary_proton,1,1,1
918,0,null,0,0,0
919,0,null,0,0,0
920,0,null,0,0,0
921,0,null,0,0,0
922,1339,pi+,1,1,1
923,0,null,0,0,0
924,0,null,0,0,0
925,0,null,0,0,0
926,0,null,0,0,0
927,0,null,0,0,0
928,0,null,0,0,0
929,0,null,0,0,0
930,0,null,0,0,0
931,0,null,0,0,0
932,0,null,0,0,0
933,0,null,0,0,0
934,0,null,0,0,0
935,0,null,0,0,0
936,0,null,0,0,0
937,0,null,0,0,0
939,0,null,0,0,0
940,0,null,0,0,0
941,0,null,0,0,0
942,11,pi-,1,1,1
943,0,null,0,0,0
944,0,null,0,0,0
945,0,null,0,0,0
946,10,secondary_proton,1,1,1
947,0,null,0,0,0
948,0,null,0,0,0
949,0,null,0,0,0
950,1,primary_proton,1,1,1
951,0,null,0,0,0
952,0,null,0,0,0
953,0,null,0,0,0
954,0,null,0,0,0
955,0,null,0,0,0
956,0,null,0,0,0
957,0,null,0,0,0
958,0,null,0,0,0
959,0,null,0,0,0
960,0,null,0,0,0
961,0,null,0,0,0
962,1,primary_proton,1,1,1
963,0,null,0,0,0
964,0,null,0,0,0
965,0,null,0,0,0
966,0,null,0,0,0
967,0,null,0,0,0
968,0,null,0,0,0
969,0,null,0,0,0
970,0,null,0,0,0
971,0,null,0,0,0
972,0,null,0,0,0
973,0,null,0,0,0
974,0,null,0,0,0
975,0,null,0,0,0
976,0,null,0,0,0
977,0,null,0,0,0
978,0,null,0,0,0
979,0,null,0,0,0
980,0,null,0,0,0
981,0,null,0,0,0
982,1,primary_proton,1,1,1
983,0,null,0,0,0
984,0,null,0,0,0
985,12,secondary_proton,1,1,1
986,0,null,0,0,0
987,0,null,0,0,0
988,0,null,0,0,0
989,0,null,0,0,0
990,0,null,0,0,0
991,0,null,0,0,0
992,0,null,0,0,0
993,0,null,0,0,0
994,0,null,0,0,0
995,0,null,0,0,0
996,0,null,0,0,0
997,0,null,0,0,0
998,0,null,0,0,0
999,0,null,0,0,0
1000,0,null,0,0,0
1001,0,null,0,0,0
1002,0,null,0,0,0
1003,0,null,0,0,0
1004,0,null,0,0,0
1005,0,null,0,0,0
1006,0,null,0,0,0
1007,0,null,0,0,0
1008,0,null,0,0,0
1009,0,null,0,0,0
1010,0,null,0,0,0
1011,0,null,0,0,0
1012,0,null,0,0,0
1013,0,null,0,0,0
1014,0,null,0,0,0
1015,0,null,0,0,0
1016,0,null,0,0,0
1017,0,null,0,0,0
1018,0,null,0,0,0
1019,0,null,0,0,0
1020,0,null,0,0,0
1021,16,pi-,1,1,1
1022,15,secondary_proton,1,1,1
1023,0,null,0,0,0
1024,1897,pi+,1,1,1
1025,0,null,0,0,0
1026,0,null,0,0,0
1027,8,pi-,1,0,0
1028,5109,e-,1,0,0
1029,0,null,0,0,0
1030,0,null,0,0,0
1031,0,null,0,0,0
1032,0,null,0,0,0
1033,0,null,0,0,0
1034,0,null,0,0,0
1035,6,secondary_proton,1,1,1
1036,0,null,0,0,0
1037,0,null,0,0,0
1038,0,null,0,0,0
1039,0,null,0,0,0
1040,0,null,0,0,0
1041,0,null,0,0,0
1042,0,null,0,0,0
1043,0,null,0,0,0
1044,0,null,0,0,0
1045,0,null,0,0,0
1046,0,null,0,0,0
1047,0,null,0,0,0
1048,0,null,0,0,0
1049,6,pi+,1,1,1
1050,0,null,0,0,0
1051,0,null,0,0,0
1052,0,null,0,0,0
1053,0,null,0,0,0
1054,0,null,0,0,0
1055,1,primary_proton,1,1,1
1056,0,null,0,0,0
1057,0,null,0,0,0
1058,0,null,0,0,0
1059,0,null,0,0,0
1060,0,null,0,0,0
1061,0,null,0,0,0
1062,0,null,0,0,0
1063,0,null,0,0,0
1064,0,null,0,0,0
1065,0,null,0,0,0
1066,0,null,0,0,0
1067,0,null,0,0,0
1068,0,null,0,0,0
1069,0,null,0,0,0
1070,0,null,0,0,0
1071,0,null,0,0,0
1072,0,null,0,0,0
1073,0,null,0,0,0
1074,0,null,0,0,0
1075,0,null,0,0,0
1076,0,null,0,0,0
1077,0,null,0,0,0
1078,1,primary_proton,1,1,1
1079,0,null,0,0,0
1080,0,null,0,0,0
1081,0,null,0,0,0
1082,0,null,0,0,0
1083,0,null,0,0,0
1084,0,null,0,0,0
1085,0,null,0,0,0
1086,0,null,0,0,0
1087,0,null,0,0,0
1088,0,null,0,0,0
1089,0,null,0,0,0
1090,0,null,0,0,0
1091,0,null,0,0,0
1092,0,null,0,0,0
1093,0,null,0,0,0
1094,0,null,0,0,0
1095,0,null,0,0,0
1096,1,primary_proton,1,1,1
1097,0,null,0,0,0
1098,0,null,0,0,0
1099,0,null,0,0,0
1100,0,null,0,0,0
1101,0,null,0,0,0
1102,0,null,0,0,0
1103,0,null,0,0,0
1104,0,null,0,0,0
1105,0,null,0,0,0
1106,0,null,0,0,0
1107,0,null,0,0,0
1108,0,null,0,0,0
1109,0,null,0,0,0
1110,0,null,0,0,0
1111,0,null,0,0,0
1112,14,pi+,1,1,1
1113,0,null,0,0,0
1114,0,null,0,0,0
1115,0,null,0,0,0
1116,0,null,0,0,0
1117,0,null,0,0,0
1118,0,null,0,0,0
1119,22,pi+,1,1,1
1120,1660,e-,1,0,0
1121,8,pi+,1,1,1
1122,0,null,0,0,0
1123,0,null,0,0,0
1124,0,null,0,0,0
1125,0,null,0,0,0
1126,0,null,0,0,0
1127,0,null,0,0,0
1128,0,null,0,0,0
1129,0,null,0,0,0
1130,0,null,0,0,0
1131,0,null,0,0,0
1132,0,null,0,0,0
1133,0,null,0,0,0
1134,0,null,0,0,0
1135,0,null,0,0,0
1136,0,null,0,0,0
1137,0,null,0,0,0
1138,0,null,0,0,0
1139,0,null,0,0,0
1140,0,null,0,0,0
1141,0,null,0,0,0
1142,0,null,0,0,0
1143,9,secondary_proton,1,1,1
1144,0,null,0,0,0
1145,0,null,0,0,0
1146,0,null,0,0,0
1147,0,null,0,0,0
1148,0,null,0,0,0
1149,0,null,0,0,0
1150,0,null,0,0,0
1151,0,null,0,0,0
1152,0,null,0,0,0
1153,0,null,0,0,0
1154,0,null,0,0,0
1155,1,primary_proton,1,1,1
1156,1,primary_proton,1,1,1
1157,0,null,0,0,0
1158,0,null,0,0,0
1159,0,null,0,0,0
1160,0,null,0,0,0
1162,0,null,0,0,0
1163,0,null,0,0,0
1164,0,null,0,0,0
1165,0,null,0,0,0
1166,0,null,0,0,0
1167,0,null,0,0,0
1168,0,null,0,0,0
1169,0,null,0,0,0
1170,0,null,0,0,0
1171,0,null,0,0,0
1172,0,null,0,0,0
1173,0,null,0,0,0
1174,0,null,0,0,0
1175,0,null,0,0,0
1176,0,null,0,0,0
1177,0,null,0,0,0
1178,0,null,0,0,0
1179,0,null,0,0,0
1180,0,null,0,0,0
1181,0,null,0,0,0
1182,0,null,0,0,0
1183,0,null,0,0,0
1184,0,null,0,0,0
1185,0,null,0,0,0
1186,0,null,0,0,0
1187,0,null,0,0,0
1188,0,null,0,0,0
1189,0,null,0,0,0
1190,0,null,0,0,0
1191,0,null,0,0,0
1192,0,null,0,0,0
1193,0,null,0,0,0
1194,0,null,0,0,0
1195,0,null,0,0,0
1196,0,null,0,0,0
1197,0,null,0,0,0
1198,0,null,0,0,0
1199,0,null,0,0,0
1200,0,null,0,0,0
1201,0,null,0,0,0
1202,0,null,0,0,0
1203,0,null,0,0,0
1204,0,null,0,0,0
1205,0,null,0,0,0
1206,9,pi+,1,1,0
1207,0,null,0,0,0
1208,0,null,0,0,0
1209,0,null,0,0,0
1210,0,null,0,0,0
1211,0,null,0,0,0
1212,0,null,0,0,0
1213,0,null,0,0,0
1214,0,null,0,0,0
1215,0,null,0,0,0
1216,0,null,0,0,0
1217,0,null,0,0,0
1218,0,null,0,0,0
1219,0,null,0,0,0
1220,0,null,0,0,0
1221,0,null,0,0,0
1222,1,primary_proton,1,1,1
1223,18,pi+,1,0,0
1224,0,null,0,0,0
1225,0,null,0,0,0
1226,8,pi-,1,1,0
1227,0,null,0,0,0
1228,0,null,0,0,0
1229,0,null,0,0,0
1230,0,null,0,0,0
1231,0,null,0,0,0
1232,0,null,0,0,0
1233,0,null,0,0,0
1234,0,null,0,0,0
1235,0,null,0,0,0
1236,0,null,0,0,0
1237,0,null,0,0,0
1238,0,null,0,0,0
1239,0,null,0,0,0
1240,0,null,0,0,0
1241,0,null,0,0,0
1242,0,null,0,0,0
1243,0,null,0,0,0
1244,0,null,0,0,0
1245,0,null,0,0,0
1246,0,null,0,0,0
1247,0,null,0,0,0
1248,0,null,0,0,0
1249,0,null,0,0,0
1250,0,null,0,0,0
1251,0,null,0,0,0
1252,0,null,0,0,0
1253,0,null,0,0,0
1254,11,pi-,1,1,1
1255,0,null,0,0,0
1256,0,null,0,0,0
1257,0,null,0,0,0
1258,0,null,0,0,0
1259,0,null,0,0,0
1260,0,null,0,0,0
1261,0,null,0,0,0
1262,0,null,0,0,0
1263,0,null,0,0,0
1264,8,secondary_proton,1,1,1
1265,0,null,0,0,0
1266,0,null,0,0,0
1267,0,null,0,0,0
1268,0,null,0,0,0
1269,0,null,0,0,0
1270,0,null,0,0,0
1271,0,null,0,0,0
1272,0,null,0,0,0
1273,0,null,0,0,0
1274,0,null,0,0,0
1275,0,null,0,0,0
1276,0,null,0,0,0
1277,0,null,0,0,0
1278,0,null,0,0,0
1279,0,null,0,0,0
1280,0,null,0,0,0
1281,0,null,0,0,0
1282,0,null,0,0,0
1283,0,null,0,0,0
1284,0,null,0,0,0
1285,0,null,0,0,0
1286,1,primary_proton,1,1,1
1287,0,null,0,0,0
1288,0,null,0,0,0
1289,0,null,0,0,0
1290,0,null,0,0,0
1291,0,null,0,0,0
1292,0,null,0,0,0
1293,0,null,0,0,0
1294,0,null,0,0,0
1295,0,null,0,0,0
1296,0,null,0,0,0
1297,0,null,0,0,0
1298,0,null,0,0,0
1299,0,null,0,0,0
1300,0,null,0,0,0
1301,0,null,0,0,0
1302,0,null,0,0,0
1303,0,null,0,0,0
1304,0,null,0,0,0
1305,0,null,0,0,0
1306,0,null,0,0,0
1307,0,null,0,0,0
1308,0,null,0,0,0
1309,1688,e-,1,0,0
1310,0,null,0,0,0
1311,0,null,0,0,0
1312,0,null,0,0,0
1313,0,null,0,0,0
1314,0,null,0,0,0
1315,0,null,0,0,0
1316,0,null,0,0,0
1317,0,null,0,0,0
1318,0,null,0,0,0
1319,0,null,0,0,0
1320,0,null,0,0,0
1321,0,null,0,0,0
1322,1,primary_proton,1,1,1
1323,3220,e-,1,0,0
1324,0,null,0,0,0
1325,0,null,0,0,0
1326,0,null,0,0,0
1327,0,null,0,0,0
1328,0,null,0,0,0
1329,0,null,0,0,0
1330,0,null,0,0,0
1331,0,null,0,0,0
1332,0,null,0,0,0
1333,0,null,0,0,0
1334,0,null,0,0,0
1335,1,primary_proton,1,1,1
1336,0,null,0,0,0
1337,0,null,0,0,0
1338,0,null,0,0,0
1339,0,null,0,0,0
1340,0,null,0,0,0
1341,0,null,0,0,0
1342,0,null,0,0,0
1343,0,null,0,0,0
1344,0,null,0,0,0
1345,0,null,0,0,0
1346,0,null,0,0,0
1347,0,null,0,0,0
1348,0,null,0,0,0
1349,0,null,0,0,0
1350,0,null,0,0,0
1351,0,null,0,0,0
1352,0,null,0,0,0
1353,1,primary_proton,1,1,1
1354,0,null,0,0,0
1355,0,null,0,0,0
1356,0,null,0,0,0
1357,0,null,0,0,0
1358,0,null,0,0,0
1359,0,null,0,0,0
1360,0,null,0,0,0
1361,0,null,0,0,0
1362,1,primary_proton,1,1,1
1363,0,null,0,0,0
1364,0,null,0,0,0
1365,0,null,0,0,0
1366,0,null,0,0,0
1367,0,null,0,0,0
1368,0,null,0,0,0
1369,0,null,0,0,0
1370,0,null,0,0,0
1371,0,null,0,0,0
1372,0,null,0,0,0
1373,0,null,0,0,0
1374,19,pi+,1,1,1
1375,0,null,0,0,0
1376,0,null,0,0,0
1377,1,primary_proton,1,1,1
1378,0,null,0,0,0
1379,0,null,0,0,0
1380,0,null,0,0,0
1381,0,null,0,0,0
1382,0,null,0,0,0
1383,0,null,0,0,0
1385,0,null,0,0,0
1386,0,null,0,0,0
1387,0,null,0,0,0
1388,0,null,0,0,0
1389,0,null,0,0,0
1390,0,null,0,0,0
1391,0,null,0,0,0
1392,0,null,0,0,0
1393,0,null,0,0,0
1394,17,pi+,1,1,0
1395,0,null,0,0,0
1396,0,null,0,0,0
1397,0,null,0,0,0
1398,0,null,0,0,0
1399,8,pi-,1,1,1
1400,0,null,0,0,0
1401,0,null,0,0,0
1402,0,null,0,0,0
1403,0,null,0,0,0
1404,0,null,0,0,0
1405,0,null,0,0,0
1406,0,null,0,0,0
1407,0,null,0,0,0
1408,0,null,0,0,0
1409,0,null,0,0,0
1410,0,null,0,0,0
1411,0,null,0,0,0
1412,0,null,0,0,0
1413,0,null,0,0,0
1414,0,null,0,0,0
1415,0,null,0,0,0
1416,0,null,0,0,0
1417,0,null,0,0,0
1418,0,null,0,0,0
1419,0,null,0,0,0
1420,0,null,0,0,0
1421,0,null,0,0,0
1422,0,null,0,0,0
1423,0,null,0,0,0
1424,0,null,0,0,0
1425,0,null,0,0,0
1426,0,null,0,0,0
1427,0,null,0,0,0
1428,0,null,0,0,0
1429,0,null,0,0,0
1430,3,pi+,1,1,0
1431,0,null,0,0,0
1432,0,null,0,0,0
1433,0,null,0,0,0
1434,0,null,0,0,0
1435,0,null,0,0,0
1436,0,null,0,0,0
1437,0,null,0,0,0
1438,0,null,0,0,0
1439,0,null,0,0,0
1440,0,null,0,0,0
1441,0,null,0,0,0
1442,0,null,0,0,0
1443,0,null,0,0,0
1444,0,null,0,0,0
1445,0,null,0,0,0
1446,0,null,0,0,0
1447,0,null,0,0,0
1448,0,null,0,0,0
1449,0,null,0,0,0
1450,0,null,0,0,0
1451,0,null,0,0,0
1452,0,null,0,0,0
1453,0,null,0,0,0
1454,0,null,0,0,0
1455,0,null,0,0,0
1456,0,null,0,0,0
1457,0,null,0,0,0
1458,0,null,0,0,0
1459,0,null,0,0,0
1460,0,null,0,0,0
1461,0,null,0,0,0
1462,13,pi+,1,0,0
1463,0,null,0,0,0
1464,0,null,0,0,0
1465,0,null,0,0,0
1466,1,primary_proton,1,1,1
1467,0,null,0,0,0
1468,14,pi+,1,1,1
1469,0,null,0,0,0
1470,0,null,0,0,0
1471,0,null,0,0,0
1472,0,null,0,0,0
1473,0,null,0,0,0
1474,0,null,0,0,0
1475,0,null,0,0,0
1476,5929,e-,0,1,0
1477,0,null,0,0,0
1478,0,null,0,0,0
1479,0,null,0,0,0
1480,0,null,0,0,0
1481,0,null,0,0,0
1482,0,null,0,0,0
1483,0,null,0,0,0
1484,0,null,0,0,0
1485,0,null,0,0,0
1486,0,null,0,0,0
1487,0,null,0,0,0
1488,0,null,0,0,0
1489,0,null,0,0,0
1490,0,null,0,0,0
1491,0,null,0,0,0
1492,0,null,0,0,0
1493,0,null,0,0,0
1494,0,null,0,0,0
1495,0,null,0,0,0
1496,0,null,0,0,0
1497,0,null,0,0,0
1498,0,null,0,0,0
1499,0,null,0,0,0
1500,0,null,0,0,0
1501,0,null,0,0,0
1502,0,null,0,0,0
1503,0,null,0,0,0
1504,0,null,0,0,0
1505,0,null,0,0,0
1506,0,null,0,0,0
1507,0,null,0,0,0
1508,0,null,0,0,0
1509,0,null,0,0,0
1510,0,null,0,0,0
1511,0,null,0,0,0
1512,0,null,0,0,0
1513,0,null,0,0,0
1514,0,null,0,0,0
1515,0,null,0,0,0
1516,0,null,0,0,0
1517,0,null,0,0,0
1518,0,null,0,0,0
1519,0,null,0,0,0
1520,0,null,0,0,0
1521,0,null,0,0,0
1522,0,null,0,0,0
1523,0,null,0,0,0
1524,0,null,0,0,0
1525,0,null,0,0,0
1526,0,null,0,0,0
1527,0,null,0,0,0
1528,0,null,0,0,0
1529,0,null,0,0,0
1530,0,null,0,0,0
1531,0,null,0,0,0
1532,0,null,0,0,0
1533,0,null,0,0,0
1534,0,null,0,0,0
1535,0,null,0,0,0
1536,0,null,0,0,0
1537,0,null,0,0,0
1538,0,null,0,0,0
1539,0,null,0,0,0
1540,0,null,0,0,0
1541,0,null,0,0,0
1542,0,null,0,0,0
1543,1,primary_proton,1,1,1
1544,0,null,0,0,0
1545,6,secondary_proton,1,1,1
1546,0,null,0,0,0
1547,0,null,0,0,0
1548,0,null,0,0,0
1549,0,null,0,0,0
1550,0,null,0,0,0
1551,0,null,0,0,0
1552,18,secondary_proton,1,1,0
1553,0,null,0,0,0
1554,0,null,0,0,0
1555,0,null,0,0,0
1556,205,secondary_proton,1,1,1
1557,0,null,0,0,0
1558,0,null,0,0,0
1559,0,null,0,0,0
1560,0,null,0,0,0
1561,0,null,0,0,0
1562,0,null,0,0,0
1563,1,primary_proton,1,1,1
1564,0,null,0,0,0
1565,10,pi-,1,1,0
1566,0,null,0,0,0
1567,0,null,0,0,0
1568,0,null,0,0,0
1569,0,null,0,0,0
1570,0,null,0,0,0
1571,0,null,0,0,0
1572,0,null,0,0,0
1573,0,null,0,0,0
1574,0,null,0,0,0
1575,0,null,0,0,0
1576,0,null,0,0,0
1577,0,null,0,0,0
1578,0,null,0,0,0
1579,0,null,0,0,0
1580,0,null,0,0,0
1581,0,null,0,0,0
1582,0,null,0,0,0
1583,0,null,0,0,0
1584,0,null,0,0,0
1585,0,null,0,0,0
1586,0,null,0,0,0
1587,0,null,0,0,0
1588,0,null,0,0,0
1589,0,null,0,0,0
1590,0,null,0,0,0
1591,0,null,0,0,0
1592,0,null,0,0,0
1593,0,null,0,0,0
1594,0,null,0,0,0
1595,0,null,0,0,0
1596,0,null,0,0,0
1597,0,null,0,0,0
1598,0,null,0,0,0
1599,0,null,0,0,0
1600,0,null,0,0,0
1601,0,null,0,0,0
1602,0,null,0,0,0
1603,0,null,0,0,0
1604,0,null,0,0,0
1605,0,null,0,0,0
1606,0,null,0,0,0
1607,0,null,0,0,0
1609,0,null,0,0,0
1610,0,null,0,0,0
1611,0,null,0,0,0
1612,0,null,0,0,0
1613,0,null,0,0,0
1614,0,null,0,0,0
1615,0,null,0,0,0
1616,0,null,0,0,0
1617,0,null,0,0,0
1618,0,null,0,0,0
1619,0,null,0,0,0
1620,0,null,0,0,0
1621,0,null,0,0,0
1622,0,null,0,0,0
1623,0,null,0,0,0
1624,0,null,0,0,0
1625,0,null,0,0,0
1626,0,null,0,0,0
1627,0,null,0,0,0
1628,0,null,0,0,0
1629,0,null,0,0,0
1630,1,primary_proton,1,1,1
1631,0,null,0,0,0
1632,0,null,0,0,0
1633,0,null,0,0,0
1634,0,null,0,0,0
1635,0,null,0,0,0
1636,0,null,0,0,0
1637,0,null,0,0,0
1638,0,null,0,0,0
1639,0,null,0,0,0
1640,0,null,0,0,0
1641,0,null,0,0,0
1642,0,null,0,0,0
1643,0,null,0,0,0
1644,0,null,0,0,0
1645,0,null,0,0,0
1646,0,null,0,0,0
1647,0,null,0,0,0
1648,0,null,0,0,0
1649,0,null,0,0,0
1650,0,null,0,0,0
1651,0,null,0,0,0
1652,0,null,0,0,0
1653,0,null,0,0,0
1654,6,secondary_proton,1,1,1
1655,0,null,0,0,0
1656,0,null,0,0,0
1657,0,null,0,0,0
1658,0,null,0,0,0
1659,0,null,0,0,0
1660,0,null,0,0,0
1661,0,null,0,0,0
1662,0,null,0,0,0
1663,0,null,0,0,0
1664,0,null,0,0,0
1665,0,null,0,0,0
1666,0,null,0,0,0
1667,0,null,0,0,0
1668,0,null,0,0,0
1669,0,null,0,0,0
1670,0,null,0,0,0
1671,0,null,0,0,0
1672,0,null,0,0,0
1673,0,null,0,0,0
1674,0,null,0,0,0
1675,0,null,0,0,0
1676,0,null,0,0,0
1677,0,null,0,0,0
1678,0,null,0,0,0
1679,0,null,0,0,0
1680,0,null,0,0,0
1681,0,null,0,0,0
1682,0,null,0,0,0
1683,0,null,0,0,0
1684,0,null,0,0,0
1685,0,null,0,0,0
1686,0,null,0,0,0
1687,0,null,0,0,0
1688,0,null,0,0,0
1689,0,null,0,0,0
1690,0,null,0,0,0
1691,0,null,0,0,0
1692,0,null,0,0,0
1693,0,null,0,0,0
1694,0,null,0,0,0
1695,0,null,0,0,0
1696,0,null,0,0,0
1697,0,null,0,0,0
1698,0,null,0,0,0
1699,0,null,0,0,0
1700,0,null,0,0,0
1701,2,secondary_proton,1,1,1
1702,0,null,0,0,0
1703,0,null,0,0,0
1704,0,null,0,0,0
1705,0,null,0,0,0
1706,0,null,0,0,0
1707,0,null,0,0,0
1708,0,null,0,0,0
1709,0,null,0,0,0
1710,0,null,0,0,0
1711,0,null,0,0,0
1712,0,null,0,0,0
1713,0,null,0,0,0
1714,0,null,0,0,0
1715,0,null,0,0,0
1716,0,null,0,0,0
1717,0,null,0,0,0
1718,0,null,0,0,0
1719,0,null,0,0,0
1720,0,null,0,0,0
1721,0,null,0,0,0
1722,0,null,0,0,0
1723,0,null,0,0,0
1724,0,null,0,0,0
1725,0,null,0,0,0
1726,0,null,0,0,0
1727,0,null,0,0,0
1728,0,null,0,0,0
1729,0,null,0,0,0
1730,0,null,0,0,0
1731,0,null,0,0,0
1732,0,null,0,0,0
1733,0,null,0,0,0
1734,0,null,0,0,0
1735,0,null,0,0,0
1736,0,null,0,0,0
1737,0,null,0,0,0
1738,0,null,0,0,0
1739,0,null,0,0,0
1740,1,primary_proton,1,1,1
1741,0,null,0,0,0
1742,0,null,0,0,0
1743,0,null,0,0,0
1744,0,null,0,0,0
1745,0,null,0,0,0
1746,0,null,0,0,0
1747,0,null,0,0,0
1748,0,null,0,0,0
1749,0,null,0,0,0
1750,0,null,0,0,0
1751,0,null,0,0,0
1752,0,null,0,0,0
1753,0,null,0,0,0
1754,0,null,0,0,0
1755,0,null,0,0,0
1756,0,null,0,0,0
1757,0,null,0,0,0
1758,0,null,0,0,0
1759,0,null,0,0,0
1760,0,null,0,0,0
1761,0,null,0,0,0
1762,0,null,0,0,0
1763,0,null,0,0,0
1764,0,null,0,0,0
1765,0,null,0,0,0
1766,0,null,0,0,0
1767,0,null,0,0,0
1768,0,null,0,0,0
1769,0,null,0,0,0
1770,0,null,0,0,0
1771,1605,pi+,1,0,0
1772,0,null,0,0,0
1773,0,null,0,0,0
1774,0,null,0,0,0
1775,892,e-,1,0,0
1776,1,primary_proton,1,1,1
1777,0,null,0,0,0
1778,0,null,0,0,0
1779,0,null,0,0,0
1780,0,null,0,0,0
1781,0,null,0,0,0
1782,0,null,0,0,0
1783,0,null,0,0,0
1784,0,null,0,0,0
1785,0,null,0,0,0
1786,0,null,0,0,0
1787,0,null,0,0,0
1788,0,null,0,0,0
1789,0,null,0,0,0
1790,0,null,0,0,0
1791,0,null,0,0,0
1792,0,null,0,0,0
1793,0,null,0,0,0
1794,0,null,0,0,0
1795,0,null,0,0,0
1796,0,null,0,0,0
1797,0,null,0,0,0
1798,0,null,0,0,0
1799,0,null,0,0,0
1800,0,null,0,0,0
1801,0,null,0,0,0
1802,0,null,0,0,0
1803,1,primary_proton,1,1,1
1804,11,pi+,1,1,1
1805,0,null,0,0,0
1806,0,null,0,0,0
1807,0,null,0,0,0
1808,0,null,0,0,0
1809,0,null,0,0,0
1810,0,null,0,0,0
1811,0,null,0,0,0
1812,0,null,0,0,0
1813,0,null,0,0,0
1814,0,null,0,0,0
1815,0,null,0,0,0
1816,0,null,0,0,0
1817,0,null,0,0,0
1818,0,null,0,0,0
1819,0,null,0,0,0
1820,0,null,0,0,0
1821,0,null,0,0,0
1822,0,null,0,0,0
1823,0,null,0,0,0
1824,0,null,0,0,0
1825,0,null,0,0,0
1826,0,null,0,0,0
1827,0,null,0,0,0
1828,9,secondary_proton,1,1,1
1829,0,null,0,0,0
1830,0,null,0,0,0
1832,0,null,0,0,0
1833,10,secondary_proton,1,1,1
1834,0,null,0,0,0
1835,0,null,0,0,0
1836,27,pi+,1,1,1
1837,0,null,0,0,0
1838,0,null,0,0,0
1839,0,null,0,0,0
1840,0,null,0,0,0
1841,0,null,0,0,0
1842,0,null,0,0,0
1843,0,null,0,0,0
1844,0,null,0,0,0
1845,0,null,0,0,0
1846,0,null,0,0,0
1847,0,null,0,0,0
1848,0,null,0,0,0
1849,1,primary_proton,1,1,1
1850,0,null,0,0,0
1851,0,null,0,0,0
1852,0,null,0,0,0
1853,0,null,0,0,0
1854,0,null,0,0,0
1855,0,null,0,0,0
1856,0,null,0,0,0
1857,0,null,0,0,0
1858,0,null,0,0,0
1859,0,null,0,0,0
1860,0,null,0,0,0
1861,0,null,0,0,0
1862,0,null,0,0,0
1863,0,null,0,0,0
1864,11,pi+,1,0,0
1865,0,null,0,0,0
1866,0,null,0,0,0
1867,0,null,0,0,0
1868,0,null,0,0,0
1869,0,null,0,0,0
1870,0,null,0,0,0
1871,0,null,0,0,0
1872,0,null,0,0,0
1873,0,null,0,0,0
1874,0,null,0,0,0
1875,0,null,0,0,0
1876,0,null,0,0,0
1877,0,null,0,0,0
1878,0,null,0,0,0
1879,0,null,0,0,0
1880,0,null,0,0,0
1881,0,null,0,0,0
1882,0,null,0,0,0
1883,0,null,0,0,0
1884,0,null,0,0,0
1885,0,null,0,0,0
1886,0,null,0,0,0
1887,0,null,0,0,0
1888,0,null,0,0,0
1889,0,null,0,0,0
1890,0,null,0,0,0
1891,0,null,0,0,0
1892,0,null,0,0,0
1893,0,null,0,0,0
1894,0,null,0,0,0
1895,7,secondary_proton,1,1,0
1896,0,null,0,0,0
1897,0,null,0,0,0
1898,0,null,0,0,0
1899,0,null,0,0,0
1900,0,null,0,0,0
1901,0,null,0,0,0
1902,0,null,0,0,0
1903,0,null,0,0,0
1904,0,null,0,0,0
1905,0,null,0,0,0
1906,0,null,0,0,0
1907,0,null,0,0,0
1908,0,null,0,0,0
1909,0,null,0,0,0
1910,0,null,0,0,0
1911,0,null,0,0,0
1912,0,null,0,0,0
1913,0,null,0,0,0
1914,0,null,0,0,0
1915,0,null,0,0,0
1916,0,null,0,0,0
1917,0,null,0,0,0
1918,0,null,0,0,0
1919,0,null,0,0,0
1920,0,null,0,0,0
1921,0,null,0,0,0
1922,0,null,0,0,0
1923,0,null,0,0,0
1924,0,null,0,0,0
1925,0,null,0,0,0
1926,0,null,0,0,0
1927,0,null,0,0,0
1928,9,secondary_proton,1,1,1
1929,0,null,0,0,0
1930,0,null,0,0,0
1931,0,null,0,0,0
1932,1223,e-,1,0,0
1933,0,null,0,0,0
1934,0,null,0,0,0
1935,0,null,0,0,0
1936,0,null,0,0,0
1937,0,null,0,0,0
1938,1,primary_proton,1,1,1
1939,10,pi-,1,1,1
1940,0,null,0,0,0
1941,0,null,0,0,0
1942,1,primary_proton,1,1,1
1943,0,null,0,0,0
1944,0,null,0,0,0
1945,0,null,0,0,0
1946,0,null,0,0,0
1947,0,null,0,0,0
1948,0,null,0,0,0
1949,0,null,0,0,0
1950,0,null,0,0,0
1951,0,null,0,0,0
1952,0,null,0,0,0
1953,0,null,0,0,0
1954,0,null,0,0,0
1955,0,null,0,0,0
1956,0,null,0,0,0
1957,0,null,0,0,0
1958,0,null,0,0,0
1959,0,null,0,0,0
1960,0,null,0,0,0
1961,0,null,0,0,0
1962,0,null,0,0,0
1963,0,null,0,0,0
1964,0,null,0,0,0
1965,0,null,0,0,0
1966,5438,secondary_proton,1,1,1
1967,0,null,0,0,0
1968,0,null,0,0,0
1969,0,null,0,0,0
1970,0,null,0,0,0
1971,0,null,0,0,0
1972,0,null,0,0,0
1973,0,null,0,0,0
1974,0,null,0,0,0
1975,0,null,0,0,0
1976,0,null,0,0,0
1977,0,null,0,0,0
1978,0,null,0,0,0
1979,0,null,0,0,0
1980,0,null,0,0,0
1981,0,null,0,0,0
1982,0,null,0,0,0
1983,0,null,0,0,0
1984,0,null,0,0,0
1985,0,null,0,0,0
1986,0,null,0,0,0
1987,0,null,0,0,0
1988,0,null,0,0,0
1989,0,null,0,0,0
1990,0,null,0,0,0
1991,0,null,0,0,0
1992,0,null,0,0,0
1993,0,null,0,0,0
1994,0,null,0,0,0
1995,0,null,0,0,0
1996,0,null,0,0,0
1997,0,null,0,0,0
1998,0,null,0,0,0
1999,0,null,0,0,0
2000,0,null,0,0,0
2001,0,null,0,0,0
2002,0,null,0,0,0
2003,0,null,0,0,0
2004,0,null,0,0,0
2005,0,null,0,0,0
2006,3,secondary_proton,1,1,1
2007,0,null,0,0,0
2008,0,null,0,0,0
2009,0,null,0,0,0
2010,0,null,0,0,0
2011,0,null,0,0,0
2012,0,null,0,0,0
2013,0,null,0,0,0
2014,0,null,0,0,0
2015,0,null,0,0,0
2016,0,null,0,0,0
2017,0,null,0,0,0
2018,0,null,0,0,0
2019,0,null,0,0,0
2020,0,null,0,0,0
2021,0,null,0,0,0
2022,23,pi-,1,0,0
2023,0,null,0,0,0
2024,0,null,0,0,0
2025,0,null,0,0,0
2026,0,null,0,0,0
2027,0,null,0,0,0
2028,0,null,0,0,0
2029,0,null,0,0,0
2030,0,null,0,0,0
2031,0,null,0,0,0
2032,0,null,0,0,0
2033,0,null,0,0,0
2034,0,null,0,0,0
2035,4,secondary_proton,1,1,1
2036,0,null,0,0,0
2037,0,null,0,0,0
2038,0,null,0,0,0
2039,0,null,0,0,0
2040,0,null,0,0,0
2041,0,null,0,0,0
2042,0,null,0,0,0
2043,5,secondary_proton,1,1,1
2044,0,null,0,0,0
2045,0,null,0,0,0
2046,0,null,0,0,0
2047,0,null,0,0,0
2048,0,null,0,0,0
2049,0,null,0,0,0
2050,0,null,0,0,0
2051,0,null,0,0,0
2053,0,null,0,0,0
2054,0,null,0,0,0
2055,0,null,0,0,0
2056,0,null,0,0,0
2057,0,null,0,0,0
2058,0,null,0,0,0
2059,0,null,0,0,0
2060,0,null,0,0,0
2061,0,null,0,0,0
2062,0,null,0,0,0
2063,0,null,0,0,0
2064,0,null,0,0,0
2065,0,null,0,0,0
2066,0,null,0,0,0
2067,1,primary_proton,1,1,1
2068,0,null,0,0,0
2069,0,null,0,0,0
2070,0,null,0,0,0
2071,0,null,0,0,0
2072,0,null,0,0,0
2073,0,null,0,0,0
2074,0,null,0,0,0
2075,0,null,0,0,0
2076,0,null,0,0,0
2077,0,null,0,0,0
2078,0,null,0,0,0
2079,0,null,0,0,0
2080,0,null,0,0,0
2081,0,null,0,0,0
2082,0,null,0,0,0
2083,1,primary_proton,1,1,0
2084,0,null,0,0,0
2085,0,null,0,0,0
2086,0,null,0,0,0
2087,0,null,0,0,0
2088,0,null,0,0,0
2089,0,null,0,0,0
2090,0,null,0,0,0
2091,0,null,0,0,0
2092,0,null,0,0,0
2093,0,null,0,0,0
2094,0,null,0,0,0
2095,0,null,0,0,0
2096,0,null,0,0,0
2097,0,null,0,0,0
2098,0,null,0,0,0
2099,0,null,0,0,0
2100,0,null,0,0,0
2101,0,null,0,0,0
2102,0,null,0,0,0
2103,0,null,0,0,0
2104,0,null,0,0,0
2105,0,null,0,0,0
2106,0,null,0,0,0
2107,0,null,0,0,0
2108,0,null,0,0,0
2109,0,null,0,0,0
2110,0,null,0,0,0
2111,0,null,0,0,0
2112,0,null,0,0,0
2113,0,null,0,0,0
2114,0,null,0,0,0
2115,0,null,0,0,0
2116,0,null,0,0,0
2117,0,null,0,0,0
2118,0,null,0,0,0
2119,0,null,0,0,0
2120,1621,e-,1,1,1
2121,0,null,0,0,0
2122,0,null,0,0,0
2123,0,null,0,0,0
2124,0,null,0,0,0
2125,0,null,0,0,0
2126,0,null,0,0,0
2127,0,null,0,0,0
2128,3627,secondary_proton,1,1,1
2129,0,null,0,0,0
2130,0,null,0,0,0
2131,1,primary_proton,1,1,1
2132,17,pi-,1,1,1
2133,0,null,0,0,0
2134,0,null,0,0,0
2135,1,primary_proton,1,1,1
2136,0,null,0,0,0
2137,0,null,0,0,0
2138,0,null,0,0,0
2139,0,null,0,0,0
2140,0,null,0,0,0
2141,0,null,0,0,0
2142,0,null,0,0,0
2143,12,pi+,1,0,1
2144,20,secondary_proton,1,1,1
2145,0,null,0,0,0
2146,0,null,0,0,0
2147,0,null,0,0,0
2148,0,null,0,0,0
2149,0,null,0,0,0
2150,0,null,0,0,0
2151,7,secondary_proton,1,0,0
2152,0,null,0,0,0
2153,0,null,0,0,0
2154,12,pi-,1,1,1
2155,0,null,0,0,0
2156,0,null,0,0,0
2157,0,null,0,0,0
2158,0,null,0,0,0
2159,0,null,0,0,0
2160,0,null,0,0,0
2161,0,null,0,0,0
2162,0,null,0,0,0
2163,0,null,0,0,0
2164,0,null,0,0,0
2165,33,pi-,1,1,0
2166,0,null,0,0,0
2167,0,null,0,0,0
2168,0,null,0,0,0
2169,0,null,0,0,0
2170,0,null,0,0,0
2171,0,null,0,0,0
2172,0,null,0,0,0
2173,0,null,0,0,0
2174,0,null,0,0,0
2175,1,primary_proton,1,1,1
2176,0,null,0,0,0
2177,0,null,0,0,0
2178,0,null,0,0,0
2179,0,null,0,0,0
2180,0,null,0,0,0
2181,0,null,0,0,0
2182,0,null,0,0,0
2183,0,null,0,0,0
2184,0,null,0,0,0
2185,0,null,0,0,0
2186,0,null,0,0,0
2187,0,null,0,0,0
2188,0,null,0,0,0
2189,0,null,0,0,0
2190,0,null,0,0,0
2191,0,null,0,0,0
2192,0,null,0,0,0
2193,0,null,0,0,0
2194,0,null,0,0,0
2195,0,null,0,0,0
2196,0,null,0,0,0
2197,0,null,0,0,0
2198,0,null,0,0,0
2199,0,null,0,0,0
2200,0,null,0,0,0
2201,0,null,0,0,0
2202,0,null,0,0,0
2203,0,null,0,0,0
2204,0,null,0,0,0
2205,1,primary_proton,1,1,1
2206,0,null,0,0,0
2207,0,null,0,0,0
2208,0,null,0,0,0
2209,0,null,0,0,0
2210,0,null,0,0,0
2211,0,null,0,0,0
2212,0,null,0,0,0
2213,0,null,0,0,0
2214,0,null,0,0,0
2215,0,null,0,0,0
2216,0,null,0,0,0
2217,0,null,0,0,0
2218,0,null,0,0,0
2219,0,null,0,0,0
2220,0,null,0,0,0
2221,0,null,0,0,0
2222,0,null,0,0,0
2223,0,null,0,0,0
2224,0,null,0,0,0
2225,0,null,0,0,0
2226,3,secondary_proton,1,1,1
2227,0,null,0,0,0
2228,1010,secondary_proton,1,1,0
2229,0,null,0,0,0
2230,0,null,0,0,0
2231,0,null,0,0,0
2232,1,primary_proton,1,1,1
2233,0,null,0,0,0
2234,0,null,0,0,0
2235,0,null,0,0,0
2236,1,primary_proton,1,1,1
2237,0,null,0,0,0
2238,0,null,0,0,0
2239,0,null,0,0,0
2240,0,null,0,0,0
2241,0,null,0,0,0
2242,0,null,0,0,0
2243,0,null,0,0,0
2244,0,null,0,0,0
2245,0,null,0,0,0
2246,0,null,0,0,0
2247,0,null,0,0,0
2248,0,null,0,0,0
2249,0,null,0,0,0
2250,0,null,0,0,0
2251,0,null,0,0,0
2252,0,null,0,0,0
2253,0,null,0,0,0
2254,0,null,0,0,0
2255,0,null,0,0,0
2256,0,null,0,0,0
2257,0,null,0,0,0
2258,0,null,0,0,0
2259,0,null,0,0,0
2260,0,null,0,0,0
2261,0,null,0,0,0
2262,0,null,0,0,0
2263,0,null,0,0,0
2264,0,null,0,0,0
2265,0,null,0,0,0
2266,0,null,0,0,0
2267,0,null,0,0,0
2268,0,null,0,0,0
2269,0,null,0,0,0
2270,0,null,0,0,0
2272,0,null,0,0,0
2273,0,null,0,0,0
2274,0,null,0,0,0
2275,0,null,0,0,0
2276,0,null,0,0,0
2277,0,null,0,0,0
2278,0,null,0,0,0
2279,0,null,0,0,0
2280,0,null,0,0,0
2281,0,null,0,0,0
2282,0,null,0,0,0
2283,0,null,0,0,0
2284,0,null,0,0,0
2285,0,null,0,0,0
2286,0,null,0,0,0
2287,0,null,0,0,0
2288,0,null,0,0,0
2289,0,null,0,0,0
2290,0,null,0,0,0
2291,0,null,0,0,0
2292,0,null,0,0,0
2293,0,null,0,0,0
2294,0,null,0,0,0
2295,0,null,0,0,0
2296,0,null,0,0,0
2297,0,null,0,0,0
2298,0,null,0,0,0
2299,0,null,0,0,0
2300,0,null,0,0,0
2301,0,null,0,0,0
2302,0,null,0,0,0
2303,0,null,0,0,0
2304,0,null,0,0,0
2305,0,null,0,0,0
2306,0,null,0,0,0
2307,0,null,0,0,0
2308,0,null,0,0,0
2309,0,null,0,0,0
2310,0,null,0,0,0
2311,0,null,0,0,0
2312,0,null,0,0,0
2313,0,null,0,0,0
2314,0,null,0,0,0
2315,0,null,0,0,0
2316,0,null,0,0,0
2317,0,null,0,0,0
2318,0,null,0,0,0
2319,0,null,0,0,0
2320,0,null,0,0,0
2321,0,null,0,0,0
2322,0,null,0,0,0
2323,0,null,0,0,0
2324,0,null,0,0,0
2325,0,null,0,0,0
2326,0,null,0,0,0
2327,0,null,0,0,0
2328,0,null,0,0,0
2329,0,null,0,0,0
2330,0,null,0,0,0
2331,0,null,0,0,0
2332,0,null,0,0,0
2333,0,null,0,0,0
2334,0,null,0,0,0
2335,0,null,0,0,0
2336,0,null,0,0,0
2337,0,null,0,0,0
2338,0,null,0,0,0
2339,0,null,0,0,0
2340,0,null,0,0,0
2341,0,null,0,0,0
2342,0,null,0,0,0
2343,0,null,0,0,0
2344,0,null,0,0,0
2345,0,null,0,0,0
2346,0,null,0,0,0
2347,1,primary_proton,1,1,1
2348,0,null,0,0,0
2349,0,null,0,0,0
2350,0,null,0,0,0
2351,0,null,0,0,0
2352,0,null,0,0,0
2353,0,null,0,0,0
2354,0,null,0,0,0
2355,0,null,0,0,0
2356,0,null,0,0,0
2357,0,null,0,0,0
2358,0,null,0,0,0
2359,10,secondary_proton,1,1,1
2360,0,null,0,0,0
2361,0,null,0,0,0
2362,0,null,0,0,0
2363,0,null,0,0,0
2364,0,null,0,0,0
2365,0,null,0,0,0
2366,0,null,0,0,0
2367,0,null,0,0,0
2368,0,null,0,0,0
2369,0,null,0,0,0
2370,0,null,0,0,0
2371,0,null,0,0,0
2372,18,pi-,1,1,1
2373,0,null,0,0,0
2374,0,null,0,0,0
2375,0,null,0,0,0
2376,0,null,0,0,0
2377,0,null,0,0,0
2378,0,null,0,0,0
2379,0,null,0,0,0
2380,8,pi-,1,0,0
2381,0,null,0,0,0
2382,0,null,0,0,0
2383,0,null,0,0,0
2384,0,null,0,0,0
2385,0,null,0,0,0
2386,0,null,0,0,0
2387,0,null,0,0,0
2388,0,null,0,0,0
2389,0,null,0,0,0
2390,0,null,0,0,0
2391,0,null,0,0,0
2392,0,null,0,0,0
2393,0,null,0,0,0
2394,0,null,0,0,0
2395,0,null,0,0,0
2396,1,primary_proton,1,1,1
2397,0,null,0,0,0
2398,0,null,0,0,0
2399,0,null,0,0,0
2400,0,null,0,0,0
2401,0,null,0,0,0
2402,0,null,0,0,0
2403,0,null,0,0,0
2404,0,null,0,0,0
2405,0,null,0,0,0
2406,0,null,0,0,0
2407,0,null,0,0,0
2408,0,null,0,0,0
2409,0,null,0,0,0
2410,0,null,0,0,0
2411,0,null,0,0,0
2412,1,primary_proton,1,1,1
2413,0,null,0,0,0
2414,0,null,0,0,0
2415,0,null,0,0,0
2416,0,null,0,0,0
2417,0,null,0,0,0
2418,0,null,0,0,0
2419,0,null,0,0,0
2420,0,null,0,0,0
2421,0,null,0,0,0
2422,0,null,0,0,0
2423,0,null,0,0,0
2424,0,null,0,0,0
2425,0,null,0,0,0
2426,0,null,0,0,0
2427,0,null,0,0,0
2428,0,null,0,0,0
2429,1,primary_proton,1,1,1
2430,0,null,0,0,0
2431,0,null,0,0,0
2432,0,null,0,0,0
2433,0,null,0,0,0
2434,0,null,0,0,0
2435,1,primary_proton,1,1,1
2436,0,null,0,0,0
2437,0,null,0,0,0
2438,0,null,0,0,0
2439,0,null,0,0,0
2440,0,null,0,0,0
2441,0,null,0,0,0
2442,0,null,0,0,0
2443,0,null,0,0,0
2444,0,null,0,0,0
2445,0,null,0,0,0
2446,0,null,0,0,0
2447,0,null,0,0,0
2448,0,null,0,0,0
2449,0,null,0,0,0
2450,1,primary_proton,1,1,1
2451,1,primary_proton,1,1,1
2452,0,null,0,0,0
2453,0,null,0,0,0
2454,0,null,0,0,0
2455,0,null,0,0,0
2456,0,null,0,0,0
2457,0,null,0,0,0
2458,0,null,0,0,0
2459,0,null,0,0,0
2460,0,null,0,0,0
2461,0,null,0,0,0
2462,0,null,0,0,0
2463,0,null,0,0,0
2464,0,null,0,0,0
2465,0,null,0,0,0
2466,0,null,0,0,0
2467,0,null,0,0,0
2468,0,null,0,0,0
2469,0,null,0,0,0
2470,0,null,0,0,0
2471,0,null,0,0,0
2472,0,null,0,0,0
2473,0,null,0,0,0
2474,0,null,0,0,0
2475,0,null,0,0,0
2476,0,null,0,0,0
2477,0,null,0,0,0
2478,0,null,0,0,0
2479,0,null,0,0,0
2480,0,null,0,0,0
2481,0,null,0,0,0
2482,0,null,0,0,0
2483,0,null,0,0,0
2484,0,null,0,0,0
2485,0,null,0,0,0
2486,0,null,0,0,0
2487,0,null,0,0,0
2488,0,null,0,0,0
2489,0,null,0,0,0
2490,0,null,0,0,0
2491,0,null,0,0,0
2492,0,null,0,0,0
2493,0,null,0,0,0
2495,0,null,0,0,0
2496,0,null,0,0,0
2497,0,null,0,0,0
2498,0,null,0,0,0
2499,0,null,0,0,0
2500,0,null,0,0,0
2501,0,null,0,0,0
2502,0,null,0,0,0
2503,0,null,0,0,0
2504,0,null,0,0,0
2505,1,primary_proton,1,1,1
2506,0,null,0,0,0
2507,0,null,0,0,0
2508,0,null,0,0,0
2509,0,null,0,0,0
2510,0,null,0,0,0
2511,0,null,0,0,0
2512,0,null,0,0,0
2513,0,null,0,0,0
2514,0,null,0,0,0
2515,0,null,0,0,0
2516,0,null,0,0,0
2517,0,null,0,0,0
2518,0,null,0,0,0
2519,0,null,0,0,0
2520,0,null,0,0,0
2521,0,null,0,0,0
2522,0,null,0,0,0
2523,0,null,0,0,0
2524,0,null,0,0,0
2525,0,null,0,0,0
2526,0,null,0,0,0
2527,0,null,0,0,0
2528,0,null,0,0,0
2529,0,null,0,0,0
2530,1,primary_proton,1,1,1
2531,0,null,0,0,0
2532,0,null,0,0,0
2533,0,null,0,0,0
2534,0,null,0,0,0
2535,0,null,0,0,0
2536,0,null,0,0,0
2537,0,null,0,0,0
2538,0,null,0,0,0
2539,0,null,0,0,0
2540,0,null,0,0,0
2541,0,null,0,0,0
2542,0,null,0,0,0
2543,0,null,0,0,0
2544,936,e-,1,0,0
2545,0,null,0,0,0
2546,0,null,0,0,0
2547,0,null,0,0,0
2548,0,null,0,0,0
2549,0,null,0,0,0
2550,0,null,0,0,0
2551,0,null,0,0,0
2552,2745,pi-,1,0,0
2553,0,null,0,0,0
2554,0,null,0,0,0
2555,0,null,0,0,0
2556,0,null,0,0,0
2557,0,null,0,0,0
2558,0,null,0,0,0
2559,0,null,0,0,0
2560,0,null,0,0,0
2561,0,null,0,0,0
2562,0,null,0,0,0
2563,0,null,0,0,0
2564,0,null,0,0,0
2565,0,null,0,0,0
2566,0,null,0,0,0
2567,0,null,0,0,0
2568,0,null,0,0,0
2569,0,null,0,0,0
2570,0,null,0,0,0
2571,0,null,0,0,0
2572,0,null,0,0,0
2573,0,null,0,0,0
2574,0,null,0,0,0
2575,0,null,0,0,0
2576,0,null,0,0,0
2577,0,null,0,0,0
2578,0,null,0,0,0
2579,0,null,0,0,0
2580,0,null,0,0,0
2581,0,null,0,0,0
2582,9,pi-,1,1,1
2583,0,null,0,0,0
2584,0,null,0,0,0
2585,0,null,0,0,0
2586,0,null,0,0,0
2587,0,null,0,0,0
2588,0,null,0,0,0
2589,0,null,0,0,0
2590,0,null,0,0,0
2591,0,null,0,0,0
2592,1877,e+,1,0,0
2593,0,null,0,0,0
2594,0,null,0,0,0
2595,0,null,0,0,0
2596,0,null,0,0,0
2597,1347,e+,1,1,0
2598,0,null,0,0,0
2599,0,null,0,0,0
2600,0,null,0,0,0
2601,0,null,0,0,0
2602,0,null,0,0,0
2603,0,null,0,0,0
2604,0,null,0,0,0
2605,0,null,0,0,0
2606,0,null,0,0,0
2607,0,null,0,0,0
2608,0,null,0,0,0
2609,0,null,0,0,0
2610,0,null,0,0,0
2611,0,null,0,0,0
2612,0,null,0,0,0
2613,0,null,0,0,0
2614,0,null,0,0,0
2615,0,null,0,0,0
2616,0,null,0,0,0
2617,2101,e-,1,0,0
2618,0,null,0,0,0
2619,0,null,0,0,0
2620,0,null,0,0,0
2621,2,secondary_proton,1,1,1
2622,0,null,0,0,0
2623,0,null,0,0,0
2624,0,null,0,0,0
2625,0,null,0,0,0
2626,0,null,0,0,0
2627,0,null,0,0,0
2628,0,null,0,0,0
2629,0,null,0,0,0
2630,0,null,0,0,0
2631,0,null,0,0,0
2632,0,null,0,0,0
2633,0,null,0,0,0
2634,0,null,0,0,0
2635,0,null,0,0,0
2636,0,null,0,0,0
2637,0,null,0,0,0
2638,0,null,0,0,0
2639,0,null,0,0,0
2640,0,null,0,0,0
2641,1,primary_proton,1,1,1
2642,0,null,0,0,0
2643,0,null,0,0,0
2644,0,null,0,0,0
2645,0,null,0,0,0
2646,0,null,0,0,0
2647,0,null,0,0,0
2648,0,null,0,0,0
2649,0,null,0,0,0
2650,0,null,0,0,0
2651,0,null,0,0,0
2652,0,null,0,0,0
2653,0,null,0,0,0
2654,0,null,0,0,0
2655,0,null,0,0,0
2656,0,null,0,0,0
2657,0,null,0,0,0
2658,0,null,0,0,0
2659,0,null,0,0,0
2660,0,null,0,0,0
2661,0,null,0,0,0
2662,0,null,0,0,0
2663,0,null,0,0,0
2664,0,null,0,0,0
2665,0,null,0,0,0
2666,0,null,0,0,0
2667,1,primary_proton,1,1,1
2668,0,null,0,0,0
2669,0,null,0,0,0
2670,0,null,0,0,0
2671,0,null,0,0,0
2672,0,null,0,0,0
2673,0,null,0,0,0
2674,0,null,0,0,0
2675,0,null,0,0,0
2676,0,null,0,0,0
2677,0,null,0,0,0
2678,0,null,0,0,0
2679,0,null,0,0,0
2680,9,secondary_proton,1,0,0
2681,1,primary_proton,1,1,1
2682,0,null,0,0,0
2683,0,null,0,0,0
2684,0,null,0,0,0
2685,0,null,0,0,0
2686,0,null,0,0,0
2687,0,null,0,0,0
2688,0,null,0,0,0
2689,0,null,0,0,0
2690,0,null,0,0,0
2691,0,null,0,0,0
2692,0,null,0,0,0
2693,0,null,0,0,0
2694,0,null,0,0,0
2695,0,null,0,0,0
2696,0,null,0,0,0
2697,0,null,0,0,0
2698,0,null,0,0,0
2699,0,null,0,0,0
2700,0,null,0,0,0
2701,0,null,0,0,0
2702,0,null,0,0,0
2703,0,null,0,0,0
2704,0,null,0,0,0
2705,0,null,0,0,0
2706,0,null,0,0,0
2707,0,null,0,0,0
2708,0,null,0,0,0
2709,0,null,0,0,0
2710,0,null,0,0,0
2711,0,null,0,0,0
2712,0,null,0,0,0
2713,0,null,0,0,0
2714,0,null,0,0,0
2715,0,null,0,0,0
2716,0,null,0,0,0
2718,0,null,0,0,0
2719,0,null,0,0,0
2720,0,null,0,0,0
2721,0,null,0,0,0
2722,0,null,0,0,0
2723,0,null,0,0,0
2724,0,null,0,0,0
2725,0,null,0,0,0
2726,0,null,0,0,0
2727,0,null,0,0,0
2728,0,null,0,0,0
2729,0,null,0,0,0
2730,0,null,0,0,0
2731,0,null,0,0,0
2732,0,null,0,0,0
2733,1,primary_proton,1,1,1
2734,0,null,0,0,0
2735,0,null,0,0,0
2736,0,null,0,0,0
2737,0,null,0,0,0
2738,0,null,0,0,0
2739,0,null,0,0,0
2740,0,null,0,0,0
2741,0,null,0,0,0
2742,0,null,0,0,0
2743,0,null,0,0,0
2744,0,null,0,0,0
2745,0,null,0,0,0
2746,0,null,0,0,0
2747,0,null,0,0,0
2748,0,null,0,0,0
2749,0,null,0,0,0
2750,0,null,0,0,0
2751,0,null,0,0,0
2752,0,null,0,0,0
2753,8,pi-,1,1,1
2754,0,null,0,0,0
2755,0,null,0,0,0
2756,0,null,0,0,0
2757,140,pi+,1,0,0
2758,0,null,0,0,0
2759,0,null,0,0,0
2760,0,null,0,0,0
2761,0,null,0,0,0
2762,0,null,0,0,0
2763,0,null,0,0,0
2764,0,null,0,0,0
2765,0,null,0,0,0
2766,0,null,0,0,0
2767,0,null,0,0,0
2768,3,secondary_proton,1,1,1
2769,0,null,0,0,0
2770,0,null,0,0,0
2771,0,null,0,0,0
2772,0,null,0,0,0
2773,0,null,0,0,0
2774,0,null,0,0,0
2775,1,primary_proton,1,1,1
2776,0,null,0,0,0
2777,0,null,0,0,0
2778,0,null,0,0,0
2779,0,null,0,0,0
2780,0,null,0,0,0
2781,0,null,0,0,0
2782,0,null,0,0,0
2783,0,null,0,0,0
2784,0,null,0,0,0
2785,0,null,0,0,0
2786,0,null,0,0,0
2787,0,null,0,0,0
2788,0,null,0,0,0
2789,0,null,0,0,0
2790,0,null,0,0,0
2791,0,null,0,0,0
2792,0,null,0,0,0
2793,0,null,0,0,0
2794,0,null,0,0,0
2795,0,null,0,0,0
2796,0,null,0,0,0
2797,0,null,0,0,0
2798,0,null,0,0,0
2799,0,null,0,0,0
2800,0,null,0,0,0
2801,0,null,0,0,0
2802,0,null,0,0,0
2803,0,null,0,0,0
2804,0,null,0,0,0
2805,0,null,0,0,0
2806,0,null,0,0,0
2807,0,null,0,0,0
2808,0,null,0,0,0
2809,1,primary_proton,1,1,1
2810,0,null,0,0,0
2811,0,null,0,0,0
2812,0,null,0,0,0
2813,0,null,0,0,0
2814,0,null,0,0,0
2815,1,primary_proton,1,1,1
2816,0,null,0,0,0
2817,0,null,0,0,0
2818,0,null,0,0,0
2819,0,null,0,0,0
2820,0,null,0,0,0
2821,0,null,0,0,0
2822,0,null,0,0,0
2823,0,null,0,0,0
2824,0,null,0,0,0
2825,0,null,0,0,0
2826,0,null,0,0,0
2827,0,null,0,0,0
2828,0,null,0,0,0
2829,0,null,0,0,0
2830,0,null,0,0,0
2831,0,null,0,0,0
2832,0,null,0,0,0
2833,0,null,0,0,0
2834,0,null,0,0,0
2835,0,null,0,0,0
2836,0,null,0,0,0
2837,0,null,0,0,0
2838,0,null,0,0,0
2839,0,null,0,0,0
2840,0,null,0,0,0
2841,0,null,0,0,0
2842,0,null,0,0,0
2843,0,null,0,0,0
2844,0,null,0,0,0
2845,0,null,0,0,0
2846,1,primary_proton,1,1,1
2847,0,null,0,0,0
2848,0,null,0,0,0
2849,0,null,0,0,0
2850,1,primary_proton,1,1,1
2851,0,null,0,0,0
2852,0,null,0,0,0
2853,0,null,0,0,0
2854,0,null,0,0,0
2855,1,primary_proton,1,1,1
2856,0,null,0,0,0
2857,0,null,0,0,0
2858,0,null,0,0,0
2859,0,null,0,0,0
2860,0,null,0,0,0
2861,0,null,0,0,0
2862,0,null,0,0,0
2863,0,null,0,0,0
2864,0,null,0,0,0
2865,0,null,0,0,0
2866,0,null,0,0,0
2867,0,null,0,0,0
2868,8,secondary_proton,1,1,1
2869,0,null,0,0,0
2870,0,null,0,0,0
2871,0,null,0,0,0
2872,0,null,0,0,0
2873,0,null,0,0,0
2874,0,null,0,0,0
2875,1,primary_proton,1,1,1
2876,0,null,0,0,0
2877,0,null,0,0,0
2878,0,null,0,0,0
2879,0,null,0,0,0
2880,0,null,0,0,0
2881,0,null,0,0,0
2882,0,null,0,0,0
2883,0,null,0,0,0
2884,0,null,0,0,0
2885,0,null,0,0,0
2886,0,null,0,0,0
2887,0,null,0,0,0
2888,0,null,0,0,0
2889,0,null,0,0,0
2890,0,null,0,0,0
2891,0,null,0,0,0
2892,0,null,0,0,0
2893,0,null,0,0,0
2894,0,null,0,0,0
2895,0,null,0,0,0
2896,0,null,0,0,0
2897,0,null,0,0,0
2898,0,null,0,0,0
2899,0,null,0,0,0
2900,0,null,0,0,0
2901,0,null,0,0,0
2902,0,null,0,0,0
2903,24,pi-,1,1,1
2904,0,null,0,0,0
2905,0,null,0,0,0
2906,0,null,0,0,0
2907,0,null,0,0,0
2908,0,null,0,0,0
2909,0,null,0,0,0
2910,0,null,0,0,0
2911,0,null,0,0,0
2912,0,null,0,0,0
2913,0,null,0,0,0
2914,0,null,0,0,0
2915,0,null,0,0,0
2916,0,null,0,0,0
2917,0,null,0,0,0
2918,0,null,0,0,0
2919,0,null,0,0,0
2920,0,null,0,0,0
2921,0,null,0,0,0
2922,0,null,0,0,0
2923,18,pi+,1,1,1
2924,0,null,0,0,0
2925,0,null,0,0,0
2926,0,null,0,0,0
2927,0,null,0,0,0
2928,0,null,0,0,0
2929,0,null,0,0,0
2930,0,null,0,0,0
2931,0,null,0,0,0
2932,0,null,0,0,0
2933,0,null,0,0,0
2934,0,null,0,0,0
2935,0,null,0,0,0
2936,0,null,0,0,0
2937,0,null,0,0,0
2938,0,null,0,0,0
2940,0,null,0,0,0
2941,0,null,0,0,0
2942,0,null,0,0,0
2943,0,null,0,0,0
2944,0,null,0,0,0
2945,1,primary_proton,1,1,1
2946,0,null,0,0,0
2947,0,null,0,0,0
2948,0,null,0,0,0
2949,0,null,0,0,0
2950,5,pi+,1,1,1
2951,0,null,0,0,0
2952,0,null,0,0,0
2953,0,null,0,0,0
2954,0,null,0,0,0
2955,0,null,0,0,0
2956,12,pi-,1,1,0
2957,0,null,0,0,0
2958,0,null,0,0,0
2959,0,null,0,0,0
2960,0,null,0,0,0
2961,0,null,0,0,0
2962,0,null,0,0,0
2963,0,null,0,0,0
2964,0,null,0,0,0
2965,0,null,0,0,0
2966,0,null,0,0,0
2967,0,null,0,0,0
2968,0,null,0,0,0
2969,0,null,0,0,0
2970,0,null,0,0,0
2971,0,null,0,0,0
2972,0,null,0,0,0
2973,0,null,0,0,0
2974,0,null,0,0,0
2975,0,null,0,0,0
2976,0,null,0,0,0
2977,0,null,0,0,0
2978,0,null,0,0,0
2979,0,null,0,0,0
2980,0,null,0,0,0
2981,0,null,0,0,0
2982,0,null,0,0,0
2983,0,null,0,0,0
2984,0,null,0,0,0
2985,0,null,0,0,0
2986,0,null,0,0,0
2987,0,null,0,0,0
2988,0,null,0,0,0
2989,0,null,0,0,0
2990,0,null,0,0,0
2991,2365,e-,1,0,0
2992,0,null,0,0,0
2993,0,null,0,0,0
2994,0,null,0,0,0
2995,0,null,0,0,0
2996,0,null,0,0,0
2997,0,null,0,0,0
2998,0,null,0,0,0
2999,5,secondary_proton,1,1,1
3000,0,null,0,0,0
3001,0,null,0,0,0
3002,0,null,0,0,0
3003,0,null,0,0,0
3004,1,primary_proton,1,1,1
3005,0,null,0,0,0
3006,0,null,0,0,0
3007,10,secondary_proton,1,1,1
3008,0,null,0,0,0
3009,0,null,0,0,0
3010,0,null,0,0,0
3011,0,null,0,0,0
3012,0,null,0,0,0
3013,0,null,0,0,0
3014,0,null,0,0,0
3015,174,pi+,1,1,0
3016,0,null,0,0,0
3017,0,null,0,0,0
3018,0,null,0,0,0
3019,0,null,0,0,0
3020,0,null,0,0,0
3021,0,null,0,0,0
3022,0,null,0,0,0
3023,0,null,0,0,0
3024,1,primary_proton,1,1,1
3025,0,null,0,0,0
3026,0,null,0,0,0
3027,0,null,0,0,0
3028,0,null,0,0,0
3029,1,primary_proton,1,1,1
3030,0,null,0,0,0
3031,0,null,0,0,0
3032,0,null,0,0,0
3033,0,null,0,0,0
3034,0,null,0,0,0
3035,0,null,0,0,0
3036,0,null,0,0,0
3037,0,null,0,0,0
3038,0,null,0,0,0
3039,0,null,0,0,0
3040,0,null,0,0,0
3041,0,null,0,0,0
3042,0,null,0,0,0
3043,0,null,0,0,0
3044,0,null,0,0,0
3045,0,null,0,0,0
3046,0,null,0,0,0
3047,0,null,0,0,0
3048,0,null,0,0,0
3049,0,null,0,0,0
3050,0,null,0,0,0
3051,0,null,0,0,0
3052,1,primary_proton,1,1,1
3053,0,null,0,0,0
3054,0,null,0,0,0
3055,5,secondary_proton,1,1,1
3056,0,null,0,0,0
3057,0,null,0,0,0
3058,0,null,0,0,0
3059,0,null,0,0,0
3060,0,null,0,0,0
3061,0,null,0,0,0
3062,0,null,0,0,0
3063,0,null,0,0,0
3064,0,null,0,0,0
3065,0,null,0,0,0
3066,0,null,0,0,0
3067,0,null,0,0,0
3068,0,null,0,0,0
3069,0,null,0,0,0
3070,0,null,0,0,0
3071,1,primary_proton,1,1,1
3072,0,null,0,0,0
3073,0,null,0,0,0
3074,0,null,0,0,0
3075,0,null,0,0,0
3076,0,null,0,0,0
3077,0,null,0,0,0
3078,0,null,0,0,0
3079,0,null,0,0,0
3080,0,null,0,0,0
3081,0,null,0,0,0
3082,0,null,0,0,0
3083,0,null,0,0,0
3084,0,null,0,0,0
3085,0,null,0,0,0
3086,0,null,0,0,0
3087,0,null,0,0,0
3088,30,secondary_proton,1,1,1
3089,0,null,0,0,0
3090,0,null,0,0,0
3091,4,secondary_proton,1,1,1
3092,0,null,0,0,0
3093,0,null,0,0,0
3094,0,null,0,0,0
3095,0,null,0,0,0
3096,0,null,0,0,0
3097,0,null,0,0,0
3098,0,null,0,0,0
3099,0,null,0,0,0
3100,1,primary_proton,1,1,1
3101,0,null,0,0,0
3102,0,null,0,0,0
3103,0,null,0,0,0
3104,0,null,0,0,0
3105,0,null,0,0,0
3106,0,null,0,0,0
3107,0,null,0,0,0
3108,0,null,0,0,0
3109,1,primary_proton,1,1,1
3110,0,null,0,0,0
3111,0,null,0,0,0
3112,0,null,0,0,0
3113,0,null,0,0,0
3114,0,null,0,0,0
3115,0,null,0,0,0
3116,0,null,0,0,0
3117,0,null,0,0,0
3118,0,null,0,0,0
3119,0,null,0,0,0
3120,0,null,0,0,0
3121,0,null,0,0,0
3122,0,null,0,0,0
3123,0,null,0,0,0
3124,0,null,0,0,0
3125,0,null,0,0,0
3126,0,null,0,0,0
3127,0,null,0,0,0
3128,0,null,0,0,0
3129,0,null,0,0,0
3130,0,null,0,0,0
3131,0,null,0,0,0
3132,0,null,0,0,0
3133,0,null,0,0,0
3134,0,null,0,0,0
3135,0,null,0,0,0
3136,1,primary_proton,1,1,1
3137,0,null,0,0,0
3138,0,null,0,0,0
3139,0,null,0,0,0
3140,0,null,0,0,0
3141,0,null,0,0,0
3142,28,secondary_proton,1,1,0
3143,0,null,0,0,0
3144,0,null,0,0,0
3145,0,null,0,0,0
3146,0,null,0,0,0
3147,0,null,0,0,0
3148,0,null,0,0,0
3149,0,null,0,0,0
3150,0,null,0,0,0
3151,0,null,0,0,0
3152,0,null,0,0,0
3153,0,null,0,0,0
3154,0,null,0,0,0
3155,10,pi-,1,1,1
3156,0,null,0,0,0
3158,0,null,0,0,0
3159,0,null,0,0,0
3160,0,null,0,0,0
3161,0,null,0,0,0
3162,0,null,0,0,0
3163,0,null,0,0,0
3164,0,null,0,0,0
3165,0,null,0,0,0
3166,0,null,0,0,0
3167,0,null,0,0,0
3168,0,null,0,0,0
3169,0,null,0,0,0
3170,0,null,0,0,0
3171,0,null,0,0,0
3172,0,null,0,0,0
3173,0,null,0,0,0
3174,0,null,0,0,0
3175,3,pi+,1,0,0
3176,0,null,0,0,0
3177,0,null,0,0,0
3178,0,null,0,0,0
3179,0,null,0,0,0
3180,0,null,0,0,0
3181,1,primary_proton,1,1,1
3182,0,null,0,0,0
3183,0,null,0,0,0
3184,0,null,0,0,0
3185,0,null,0,0,0
3186,0,null,0,0,0
3187,0,null,0,0,0
3188,0,null,0,0,0
3189,0,null,0,0,0
3190,6,pi-,1,1,1
3191,0,null,0,0,0
3192,0,null,0,0,0
3193,0,null,0,0,0
3194,0,null,0,0,0
3195,0,null,0,0,0
3196,0,null,0,0,0
3197,0,null,0,0,0
3198,0,null,0,0,0
3199,0,null,0,0,0
3200,0,null,0,0,0
3201,0,null,0,0,0
3202,0,null,0,0,0
3203,0,null,0,0,0
3204,0,null,0,0,0
3205,0,null,0,0,0
3206,0,null,0,0,0
3207,0,null,0,0,0
3208,0,null,0,0,0
3209,1,primary_proton,1,1,1
3210,0,null,0,0,0
3211,0,null,0,0,0
3212,0,null,0,0,0
3213,0,null,0,0,0
3214,0,null,0,0,0
3215,0,null,0,0,0
3216,0,null,0,0,0
3217,0,null,0,0,0
3218,0,null,0,0,0
3219,0,null,0,0,0
3220,1,primary_proton,1,1,1
3221,0,null,0,0,0
3222,958,e-,1,0,0
3223,0,null,0,0,0
3224,0,null,0,0,0
3225,0,null,0,0,0
3226,0,null,0,0,0
3227,0,null,0,0,0
3228,0,null,0,0,0
3229,0,null,0,0,0
3230,0,null,0,0,0
3231,0,null,0,0,0
3232,0,null,0,0,0
3233,0,null,0,0,0
3234,0,null,0,0,0
3235,0,null,0,0,0
3236,0,null,0,0,0
3237,0,null,0,0,0
3238,0,null,0,0,0
3239,0,null,0,0,0
3240,0,null,0,0,0
3241,0,null,0,0,0
3242,0,null,0,0,0
3243,0,null,0,0,0
3244,0,null,0,0,0
3245,0,null,0,0,0
3246,0,null,0,0,0
3247,0,null,0,0,0
3248,0,null,0,0,0
3249,11,pi+,1,1,1
3250,0,null,0,0,0
3251,0,null,0,0,0
3252,0,null,0,0,0
3253,1,primary_proton,1,1,1
3254,1,primary_proton,1,1,1
3255,0,null,0,0,0
3256,0,null,0,0,0
3257,0,null,0,0,0
3258,0,null,0,0,0
3259,0,null,0,0,0
3260,0,null,0,0,0
3261,0,null,0,0,0
3262,0,null,0,0,0
3263,0,null,0,0,0
3264,0,null,0,0,0
3265,1,primary_proton,1,1,1
3266,0,null,0,0,0
3267,2716,pi-,1,1,1
3268,0,null,0,0,0
3269,0,null,0,0,0
3270,0,null,0,0,0
3271,0,null,0,0,0
3272,0,null,0,0,0
3273,0,null,0,0,0
3274,0,null,0,0,0
3275,0,null,0,0,0
3276,0,null,0,0,0
3277,12,pi-,1,1,1
3278,0,null,0,0,0
3279,0,null,0,0,0
3280,0,null,0,0,0
3281,0,null,0,0,0
3282,0,null,0,0,0
3283,0,null,0,0,0
3284,0,null,0,0,0
3285,0,null,0,0,0
3286,0,null,0,0,0
3287,0,null,0,0,0
3288,0,null,0,0,0
3289,0,null,0,0,0
3290,0,null,0,0,0
3291,0,null,0,0,0
3292,0,null,0,0,0
3293,0,null,0,0,0
3294,0,null,0,0,0
3295,0,null,0,0,0
3296,0,null,0,0,0
3297,0,null,0,0,0
3298,0,null,0,0,0
3299,0,null,0,0,0
3300,0,null,0,0,0
3301,0,null,0,0,0
3302,0,null,0,0,0
3303,0,null,0,0,0
3304,0,null,0,0,0
3305,0,null,0,0,0
3306,0,null,0,0,0
3307,0,null,0,0,0
3308,0,null,0,0,0
3309,0,null,0,0,0
3310,0,null,0,0,0
3311,0,null,0,0,0
3312,0,null,0,0,0
3313,0,null,0,0,0
3314,0,null,0,0,0
3315,0,null,0,0,0
3316,0,null,0,0,0
3317,0,null,0,0,0
3318,0,null,0,0,0
3319,2,secondary_proton,1,1,1
3320,0,null,0,0,0
3321,0,null,0,0,0
3322,0,null,0,0,0
3323,0,null,0,0,0
3324,1,primary_proton,1,1,1
3325,0,null,0,0,0
3326,0,null,0,0,0
3327,0,null,0,0,0
3328,1,primary_proton,1,1,1
3329,0,null,0,0,0
3330,0,null,0,0,0
3331,0,null,0,0,0
3332,0,null,0,0,0
3333,0,null,0,0,0
3334,0,null,0,0,0
3335,0,null,0,0,0
3336,0,null,0,0,0
3337,0,null,0,0,0
3338,0,null,0,0,0
3339,0,null,0,0,0
3340,0,null,0,0,0
3341,0,null,0,0,0
3342,0,null,0,0,0
3343,0,null,0,0,0
3344,0,null,0,0,0
3345,0,null,0,0,0
3346,0,null,0,0,0
3347,0,null,0,0,0
3348,0,null,0,0,0
3349,0,null,0,0,0
3350,0,null,0,0,0
3351,0,null,0,0,0
3352,0,null,0,0,0
3353,0,null,0,0,0
3354,0,null,0,0,0
3355,0,null,0,0,0
3356,0,null,0,0,0
3357,0,null,0,0,0
3358,0,null,0,0,0
3359,0,null,0,0,0
3360,0,null,0,0,0
3361,1,primary_proton,1,1,1
3362,0,null,0,0,0
3363,0,null,0,0,0
3364,0,null,0,0,0
3365,0,null,0,0,0
3366,0,null,0,0,0
3367,12,pi-,1,1,1
3368,0,null,0,0,0
3369,0,null,0,0,0
3370,0,null,0,0,0
3371,0,null,0,0,0
3372,0,null,0,0,0
3373,0,null,0,0,0
3374,0,null,0,0,0
3375,0,null,0,0,0
3376,0,null,0,0,0
3377,0,null,0,0,0
3379,0,null,0,0,0
3380,0,null,0,0,0
3381,0,null,0,0,0
3382,0,null,0,0,0
3383,0,null,0,0,0
3384,4,pi-,1,1,1
3385,0,null,0,0,0
3386,0,null,0,0,0
3387,0,null,0,0,0
3388,0,null,0,0,0
3389,0,null,0,0,0
3390,0,null,0,0,0
3391,0,null,0,0,0
3392,0,null,0,0,0
3393,10,pi-,1,1,1
3394,0,null,0,0,0
3395,0,null,0,0,0
3396,0,null,0,0,0
3397,0,null,0,0,0
3398,0,null,0,0,0
3399,0,null,0,0,0
3400,0,null,0,0,0
3401,0,null,0,0,0
3402,0,null,0,0,0
3403,0,null,0,0,0
3404,0,null,0,0,0
3405,0,null,0,0,0
3406,0,null,0,0,0
3407,0,null,0,0,0
3408,0,null,0,0,0
3409,0,null,0,0,0
3410,0,null,0,0,0
3411,1,primary_proton,1,1,1
3412,0,null,0,0,0
3413,0,null,0,0,0
3414,0,null,0,0,0
3415,0,null,0,0,0
3416,0,null,0,0,0
3417,0,null,0,0,0
3418,0,null,0,0,0
3419,1,primary_proton,1,1,1
3420,0,null,0,0,0
3421,0,null,0,0,0
3422,0,null,0,0,0
3423,0,null,0,0,0
3424,0,null,0,0,0
3425,1,primary_proton,1,1,1
3426,4,pi-,1,1,1
3427,0,null,0,0,0
3428,0,null,0,0,0
3429,0,null,0,0,0
3430,0,null,0,0,0
3431,0,null,0,0,0
3432,0,null,0,0,0
3433,0,null,0,0,0
3434,0,null,0,0,0
3435,0,null,0,0,0
3436,0,null,0,0,0
3437,0,null,0,0,0
3438,0,null,0,0,0
3439,0,null,0,0,0
3440,0,null,0,0,0
3441,0,null,0,0,0
3442,1,primary_proton,1,1,1
3443,0,null,0,0,0
3444,0,null,0,0,0
3445,0,null,0,0,0
3446,0,null,0,0,0
3447,589,secondary_proton,1,1,1
3448,0,null,0,0,0
3449,0,null,0,0,0
3450,0,null,0,0,0
3451,0,null,0,0,0
3452,0,null,0,0,0
3453,0,null,0,0,0
3454,0,null,0,0,0
3455,0,null,0,0,0
3456,0,null,0,0,0
3457,1,primary_proton,1,1,1
3458,0,null,0,0,0
3459,0,null,0,0,0
3460,0,null,0,0,0
3461,1,primary_proton,1,1,1
3462,0,null,0,0,0
3463,0,null,0,0,0
3464,0,null,0,0,0
3465,0,null,0,0,0
3466,0,null,0,0,0
3467,0,null,0,0,0
3468,0,null,0,0,0
3469,0,null,0,0,0
3470,0,null,0,0,0
3471,0,null,0,0,0
3472,0,null,0,0,0
3473,0,null,0,0,0
3474,0,null,0,0,0
3475,0,null,0,0,0
3476,0,null,0,0,0
3477,0,null,0,0,0
3478,0,null,0,0,0
3479,0,null,0,0,0
3480,0,null,0,0,0
3481,0,null,0,0,0
3482,8,pi-,1,1,0
3483,0,null,0,0,0
3484,0,null,0,0,0
3485,0,null,0,0,0
3486,210,secondary_proton,1,1,1
3487,0,null,0,0,0
3488,0,null,0,0,0
3489,0,null,0,0,0
3490,0,null,0,0,0
3491,0,null,0,0,0
3492,0,null,0,0,0
3493,0,null,0,0,0
3494,0,null,0,0,0
3495,0,null,0,0,0
3496,0,null,0,0,0
3497,0,null,0,0,0
3498,0,null,0,0,0
3499,0,null,0,0,0
3500,0,null,0,0,0
3501,0,null,0,0,0
3502,0,null,0,0,0
3503,0,null,0,0,0
3504,0,null,0,0,0
3505,11,pi+,1,1,1
3506,0,null,0,0,0
3507,0,null,0,0,0
3508,0,null,0,0,0
3509,0,null,0,0,0
3510,0,null,0,0,0
3511,0,null,0,0,0
3512,0,null,0,0,0
3513,0,null,0,0,0
3514,0,null,0,0,0
3515,0,null,0,0,0
3516,0,null,0,0,0
3517,0,null,0,0,0
3518,0,null,0,0,0
3519,0,null,0,0,0
3520,1,primary_proton,1,1,1
3521,0,null,0,0,0
3522,0,null,0,0,0
3523,0,null,0,0,0
3524,0,null,0,0,0
3525,0,null,0,0,0
3526,0,null,0,0,0
3527,0,null,0,0,0
3528,0,null,0,0,0
3529,0,null,0,0,0
3530,0,null,0,0,0
3531,0,null,0,0,0
3532,0,null,0,0,0
3533,0,null,0,0,0
3534,0,null,0,0,0
3535,0,null,0,0,0
3536,0,null,0,0,0
3537,0,null,0,0,0
3538,0,null,0,0,0
3539,0,null,0,0,0
3540,0,null,0,0,0
3541,0,null,0,0,0
3542,0,null,0,0,0
3543,0,null,0,0,0
3544,9,pi+,1,0,0
3545,0,null,0,0,0
3546,0,null,0,0,0
3547,0,null,0,0,0
3548,10,pi-,1,1,1
3549,0,null,0,0,0
3550,0,null,0,0,0
3551,0,null,0,0,0
3552,0,null,0,0,0
3553,0,null,0,0,0
3554,0,null,0,0,0
3555,0,null,0,0,0
3556,0,null,0,0,0
3557,0,null,0,0,0
3558,0,null,0,0,0
3559,0,null,0,0,0
3560,0,null,0,0,0
3561,0,null,0,0,0
3562,0,null,0,0,0
3563,1,primary_proton,1,1,1
3564,0,null,0,0,0
3565,0,null,0,0,0
3566,0,null,0,0,0
3567,0,null,0,0,0
3568,9,secondary_proton,1,1,1
3569,0,null,0,0,0
3570,0,null,0,0,0
3571,0,null,0,0,0
3572,0,null,0,0,0
3573,11,pi-,1,1,0
3574,0,null,0,0,0
3575,0,null,0,0,0
3576,0,null,0,0,0
3577,0,null,0,0,0
3578,0,null,0,0,0
3579,0,null,0,0,0
3580,0,null,0,0,0
3581,1,primary_proton,1,1,1
3582,4,secondary_proton,1,1,1
3583,0,null,0,0,0
3584,0,null,0,0,0
3585,0,null,0,0,0
3586,0,null,0,0,0
3587,0,null,0,0,0
3588,0,null,0,0,0
3589,0,null,0,0,0
3590,0,null,0,0,0
3591,0,null,0,0,0
3592,0,null,0,0,0
3593,3,secondary_proton,1,1,1
3594,0,null,0,0,0
3595,0,null,0,0,0
3596,6,pi+,1,0,0
3598,0,null,0,0,0
3599,578,pi+,1,0,0
3600,0,null,0,0,0
3601,0,null,0,0,0
3602,0,null,0,0,0
3603,0,null,0,0,0
3604,0,null,0,0,0
3605,0,null,0,0,0
3606,0,null,0,0,0
3607,0,null,0,0,0
3608,0,null,0,0,0
3609,0,null,0,0,0
3610,0,null,0,0,0
3611,9,secondary_proton,1,1,1
3612,0,null,0,0,0
3613,0,null,0,0,0
3614,0,null,0,0,0
3615,0,null,0,0,0
3616,17,pi-,1,0,0
3617,0,null,0,0,0
3618,0,null,0,0,0
3619,0,null,0,0,0
3620,0,null,0,0,0
3621,1,primary_proton,1,1,1
3622,0,null,0,0,0
3623,0,null,0,0,0
3624,0,null,0,0,0
3625,0,null,0,0,0
3626,0,null,0,0,0
3627,1,primary_proton,1,1,1
3628,0,null,0,0,0
3629,0,null,0,0,0
3630,0,null,0,0,0
3631,0,null,0,0,0
3632,0,null,0,0,0
3633,0,null,0,0,0
3634,0,null,0,0,0
3635,0,null,0,0,0
3636,0,null,0,0,0
3637,0,null,0,0,0
3638,0,null,0,0,0
3639,1,primary_proton,1,1,1
3640,0,null,0,0,0
3641,0,null,0,0,0
3642,0,null,0,0,0
3643,0,null,0,0,0
3644,0,null,0,0,0
3645,0,null,0,0,0
3646,1043,e+,1,1,1
3647,0,null,0,0,0
3648,0,null,0,0,0
3649,0,null,0,0,0
3650,0,null,0,0,0
3651,0,null,0,0,0
3652,0,null,0,0,0
3653,0,null,0,0,0
3654,0,null,0,0,0
3655,0,null,0,0,0
3656,0,null,0,0,0
3657,1,primary_proton,1,1,1
3658,0,null,0,0,0
3659,0,null,0,0,0
3660,0,null,0,0,0
3661,0,null,0,0,0
3662,0,null,0,0,0
3663,0,null,0,0,0
3664,0,null,0,0,0
3665,0,null,0,0,0
3666,0,null,0,0,0
3667,0,null,0,0,0
3668,0,null,0,0,0
3669,0,null,0,0,0
3670,0,null,0,0,0
3671,0,null,0,0,0
3672,0,null,0,0,0
3673,0,null,0,0,0
3674,0,null,0,0,0
3675,0,null,0,0,0
3676,0,null,0,0,0
3677,0,null,0,0,0
3678,0,null,0,0,0
3679,0,null,0,0,0
3680,0,null,0,0,0
3681,0,null,0,0,0
3682,0,null,0,0,0
3683,0,null,0,0,0
3684,0,null,0,0,0
3685,0,null,0,0,0
3686,0,null,0,0,0
3687,0,null,0,0,0
3688,0,null,0,0,0
3689,0,null,0,0,0
3690,0,null,0,0,0
3691,0,null,0,0,0
3692,0,null,0,0,0
3693,0,null,0,0,0
3694,0,null,0,0,0
3695,0,null,0,0,0
3696,0,null,0,0,0
3697,0,null,0,0,0
3698,0,null,0,0,0
3699,0,null,0,0,0
3700,0,null,0,0,0
3701,0,null,0,0,0
3702,0,null,0,0,0
3703,0,null,0,0,0
3704,0,null,0,0,0
3705,0,null,0,0,0
3706,0,null,0,0,0
3707,0,null,0,0,0
3708,0,null,0,0,0
3709,8,pi-,1,1,0
3710,0,null,0,0,0
3711,0,null,0,0,0
3712,0,null,0,0,0
3713,0,null,0,0,0
3714,0,null,0,0,0
3715,0,null,0,0,0
3716,0,null,0,0,0
3717,0,null,0,0,0
3718,0,null,0,0,0
3719,0,null,0,0,0
3720,0,null,0,0,0
3721,0,null,0,0,0
3722,0,null,0,0,0
3723,0,null,0,0,0
3724,0,null,0,0,0
3725,0,null,0,0,0
3726,0,null,0,0,0
3727,0,null,0,0,0
3728,0,null,0,0,0
3729,0,null,0,0,0
3730,0,null,0,0,0
3731,0,null,0,0,0
3732,0,null,0,0,0
3733,0,null,0,0,0
3734,0,null,0,0,0
3735,0,null,0,0,0
3736,0,null,0,0,0
3737,2,secondary_proton,1,1,0
3738,0,null,0,0,0
3739,6,pi+,1,1,1
3740,0,null,0,0,0
3741,0,null,0,0,0
3742,0,null,0,0,0
3743,0,null,0,0,0
3744,0,null,0,0,0
3745,0,null,0,0,0
3746,0,null,0,0,0
3747,0,null,0,0,0
3748,0,null,0,0,0
3749,0,null,0,0,0
3750,0,null,0,0,0
3751,0,null,0,0,0
3752,0,null,0,0,0
3753,0,null,0,0,0
3754,0,null,0,0,0
3755,0,null,0,0,0
3756,0,null,0,0,0
3757,5,pi-,1,1,1
3758,0,null,0,0,0
3759,0,null,0,0,0
3760,0,null,0,0,0
3761,0,null,0,0,0
3762,0,null,0,0,0
3763,0,null,0,0,0
3764,0,null,0,0,0
3765,0,null,0,0,0
3766,0,null,0,0,0
3767,0,null,0,0,0
3768,0,null,0,0,0
3769,0,null,0,0,0
3770,0,null,0,0,0
3771,0,null,0,0,0
3772,0,null,0,0,0
3773,0,null,0,0,0
3774,0,null,0,0,0
3775,0,null,0,0,0
3776,0,null,0,0,0
3777,5,pi+,1,1,1
3778,0,null,0,0,0
3779,0,null,0,0,0
3780,262,secondary_proton,1,1,1
3781,0,null,0,0,0
3782,0,null,0,0,0
3783,0,null,0,0,0
3784,0,null,0,0,0
3785,0,null,0,0,0
3786,0,null,0,0,0
3787,0,null,0,0,0
3788,0,null,0,0,0
3789,0,null,0,0,0
3790,0,null,0,0,0
3791,0,null,0,0,0
3792,0,null,0,0,0
3793,0,null,0,0,0
3794,0,null,0,0,0
3795,308,e-,1,1,1
3796,0,null,0,0,0
3797,0,null,0,0,0
3798,0,null,0,0,0
3799,0,null,0,0,0
3800,0,null,0,0,0
3801,0,null,0,0,0
3802,0,null,0,0,0
3803,16,pi+,1,1,1
3804,0,null,0,0,0
3805,0,null,0,0,0
3806,0,null,0,0,0
3807,0,null,0,0,0
3808,0,null,0,0,0
3809,0,null,0,0,0
3810,0,null,0,0,0
3811,0,null,0,0,0
3812,0,null,0,0,0
3813,0,null,0,0,0
3814,0,null,0,0,0
3815,0,null,0,0,0
3816,0,null,0,0,0
3817,0,null,0,0,0
3818,0,null,0,0,0
3819,6,pi+,1,1,1
3820,0,null,0,0,0
3822,12,pi-,1,1,1
3823,0,null,0,0,0
3824,0,null,0,0,0
3825,0,null,0,0,0
3826,0,null,0,0,0
3827,0,null,0,0,0
3828,0,null,0,0,0
3829,0,null,0,0,0
3830,0,null,0,0,0
3831,1,primary_proton,1,1,1
3832,0,null,0,0,0
3833,0,null,0,0,0
3834,0,null,0,0,0
3835,0,null,0,0,0
3836,0,null,0,0,0
3837,0,null,0,0,0
3838,0,null,0,0,0
3839,0,null,0,0,0
3840,0,null,0,0,0
3841,0,null,0,0,0
3842,0,null,0,0,0
3843,0,null,0,0,0
3844,0,null,0,0,0
3845,0,null,0,0,0
3846,0,null,0,0,0
3847,0,null,0,0,0
3848,0,null,0,0,0
3849,1,primary_proton,1,1,1
3850,1,primary_proton,1,1,1
3851,0,null,0,0,0
3852,0,null,0,0,0
3853,0,null,0,0,0
3854,0,null,0,0,0
3855,0,null,0,0,0
3856,0,null,0,0,0
3857,0,null,0,0,0
3858,0,null,0,0,0
3859,0,null,0,0,0
3860,0,null,0,0,0
3861,0,null,0,0,0
3862,0,null,0,0,0
3863,0,null,0,0,0
3864,0,null,0,0,0
3865,0,null,0,0,0
3866,0,null,0,0,0
3867,0,null,0,0,0
3868,0,null,0,0,0
3869,0,null,0,0,0
3870,0,null,0,0,0
3871,0,null,0,0,0
3872,0,null,0,0,0
3873,0,null,0,0,0
3874,0,null,0,0,0
3875,0,null,0,0,0
3876,0,null,0,0,0
3877,0,null,0,0,0
3878,0,null,0,0,0
3879,0,null,0,0,0
3880,0,null,0,0,0
3881,0,null,0,0,0
3882,0,null,0,0,0
3883,0,null,0,0,0
3884,0,null,0,0,0
3885,0,null,0,0,0
3886,0,null,0,0,0
3887,0,null,0,0,0
3888,0,null,0,0,0
3889,0,null,0,0,0
3890,0,null,0,0,0
3891,0,null,0,0,0
3892,0,null,0,0,0
3893,9,pi+,1,1,1
3894,0,null,0,0,0
3895,1,primary_proton,1,1,1
3896,0,null,0,0,0
3897,0,null,0,0,0
3898,0,null,0,0,0
3899,0,null,0,0,0
3900,0,null,0,0,0
3901,0,null,0,0,0
3902,0,null,0,0,0
3903,0,null,0,0,0
3904,0,null,0,0,0
3905,0,null,0,0,0
3906,0,null,0,0,0
3907,0,null,0,0,0
3908,0,null,0,0,0
3909,0,null,0,0,0
3910,0,null,0,0,0
3911,0,null,0,0,0
3912,0,null,0,0,0
3913,7,pi-,1,1,0
3914,0,null,0,0,0
3915,0,null,0,0,0
3916,0,null,0,0,0
3917,0,null,0,0,0
3918,0,null,0,0,0
3919,0,null,0,0,0
3920,0,null,0,0,0
3921,0,null,0,0,0
3922,0,null,0,0,0
3923,0,null,0,0,0
3924,0,null,0,0,0
3925,0,null,0,0,0
3926,0,null,0,0,0
3927,0,null,0,0,0
3928,0,null,0,0,0
3929,0,null,0,0,0
3930,0,null,0,0,0
3931,0,null,0,0,0
3932,9,pi-,1,1,1
3933,0,null,0,0,0
3934,9,secondary_proton,1,1,1
3935,0,null,0,0,0
3936,0,null,0,0,0
3937,0,null,0,0,0
3938,0,null,0,0,0
3939,0,null,0,0,0
3940,0,null,0,0,0
3941,0,null,0,0,0
3942,0,null,0,0,0
3943,0,null,0,0,0
3944,0,null,0,0,0
3945,6,pi+,1,1,1
3946,0,null,0,0,0
3947,9,pi-,1,1,0
3948,0,null,0,0,0
3949,0,null,0,0,0
3950,0,null,0,0,0
3951,0,null,0,0,0
3952,0,null,0,0,0
3953,0,null,0,0,0
3954,0,null,0,0,0
3955,0,null,0,0,0
3956,0,null,0,0,0
3957,0,null,0,0,0
3958,0,null,0,0,0
3959,0,null,0,0,0
3960,0,null,0,0,0
3961,0,null,0,0,0
3962,0,null,0,0,0
3963,0,null,0,0,0
3964,0,null,0,0,0
3965,0,null,0,0,0
3966,0,null,0,0,0
3967,0,null,0,0,0
3968,0,null,0,0,0
3969,0,null,0,0,0
3970,0,null,0,0,0
3971,0,null,0,0,0
3972,0,null,0,0,0
3973,0,null,0,0,0
3974,0,null,0,0,0
3975,0,null,0,0,0
3976,0,null,0,0,0
3977,0,null,0,0,0
3978,0,null,0,0,0
3979,0,null,0,0,0
3980,0,null,0,0,0
3981,0,null,0,0,0
3982,0,null,0,0,0
3983,0,null,0,0,0
3984,0,null,0,0,0
3985,0,null,0,0,0
3986,0,null,0,0,0
3987,0,null,0,0,0
3988,0,null,0,0,0
3989,0,null,0,0,0
3990,0,null,0,0,0
3991,2173,e-,1,1,1
3992,0,null,0,0,0
3993,0,null,0,0,0
3994,0,null,0,0,0
3995,0,null,0,0,0
3996,0,null,0,0,0
3997,0,null,0,0,0
3998,0,null,0,0,0
3999,6,pi+,1,1,1
4000,0,null,0,0,0
4001,0,null,0,0,0
4002,0,null,0,0,0
4003,0,null,0,0,0
4004,0,null,0,0,0
4005,0,null,0,0,0
4006,0,null,0,0,0
4007,1363,pi+,1,1,1
4008,0,null,0,0,0
4009,0,null,0,0,0
4010,0,null,0,0,0
4011,0,null,0,0,0
4012,0,null,0,0,0
4013,0,null,0,0,0
4014,0,null,0,0,0
4015,0,null,0,0,0
4016,0,null,0,0,0
4017,0,null,0,0,0
4018,0,null,0,0,0
4019,0,null,0,0,0
4020,0,null,0,0,0
4021,0,null,0,0,0
4022,0,null,0,0,0
4023,0,null,0,0,0
4024,0,null,0,0,0
4025,0,null,0,0,0
4026,0,null,0,0,0
4027,1,primary_proton,1,1,1
4028,0,null,0,0,0
4029,0,null,0,0,0
4030,0,null,0,0,0
4031,0,null,0,0,0
4032,0,null,0,0,0
4033,0,null,0,0,0
4034,0,null,0,0,0
4035,0,null,0,0,0
4036,0,null,0,0,0
4037,0,null,0,0,0
4038,0,null,0,0,0
4039,0,null,0,0,0
4040,1,primary_proton,1,1,1
4041,0,null,0,0,0
4042,0,null,0,0,0
4043,0,null,0,0,0
4045,0,null,0,0,0
4046,0,null,0,0,0
4047,0,null,0,0,0
4048,0,null,0,0,0
4049,0,null,0,0,0
4050,0,null,0,0,0
4051,0,null,0,0,0
4052,0,null,0,0,0
4053,0,null,0,0,0
4054,0,null,0,0,0
4055,0,null,0,0,0
4056,0,null,0,0,0
4057,0,null,0,0,0
4058,0,null,0,0,0
4059,62,pi-,1,1,0
4060,0,null,0,0,0
4061,0,null,0,0,0
4062,0,null,0,0,0
4063,0,null,0,0,0
4064,1,primary_proton,1,1,1
4065,0,null,0,0,0
4066,0,null,0,0,0
4067,0,null,0,0,0
4068,0,null,0,0,0
4069,0,null,0,0,0
4070,0,null,0,0,0
4071,0,null,0,0,0
4072,0,null,0,0,0
4073,0,null,0,0,0
4074,0,null,0,0,0
4075,0,null,0,0,0
4076,0,null,0,0,0
4077,0,null,0,0,0
4078,0,null,0,0,0
4079,0,null,0,0,0
4080,0,null,0,0,0
4081,0,null,0,0,0
4082,0,null,0,0,0
4083,0,null,0,0,0
4084,0,null,0,0,0
4085,0,null,0,0,0
4086,0,null,0,0,0
4087,568,pi+,1,1,0
4088,0,null,0,0,0
4089,0,null,0,0,0
4090,0,null,0,0,0
4091,0,null,0,0,0
4092,0,null,0,0,0
4093,0,null,0,0,0
4094,0,null,0,0,0
4095,1972,pi-,1,1,1
4096,0,null,0,0,0
4097,0,null,0,0,0
4098,0,null,0,0,0
4099,0,null,0,0,0
4100,0,null,0,0,0
4101,0,null,0,0,0
4102,0,null,0,0,0
4103,0,null,0,0,0
4104,0,null,0,0,0
4105,0,null,0,0,0
4106,0,null,0,0,0
4107,0,null,0,0,0
4108,0,null,0,0,0
4109,0,null,0,0,0
4110,0,null,0,0,0
4111,0,null,0,0,0
4112,0,null,0,0,0
4113,0,null,0,0,0
4114,0,null,0,0,0
4115,0,null,0,0,0
4116,0,null,0,0,0
4117,0,null,0,0,0
4118,0,null,0,0,0
4119,0,null,0,0,0
4120,0,null,0,0,0
4121,0,null,0,0,0
4122,0,null,0,0,0
4123,0,null,0,0,0
4124,0,null,0,0,0
4125,0,null,0,0,0
4126,0,null,0,0,0
4127,0,null,0,0,0
4128,0,null,0,0,0
4129,0,null,0,0,0
4130,0,null,0,0,0
4131,0,null,0,0,0
4132,0,null,0,0,0
4133,0,null,0,0,0
4134,0,null,0,0,0
4135,1,primary_proton,1,1,1
4136,0,null,0,0,0
4137,0,null,0,0,0
4138,1,primary_proton,1,1,1
4139,0,null,0,0,0
4140,0,null,0,0,0
4141,0,null,0,0,0
4142,0,null,0,0,0
4143,0,null,0,0,0
4144,0,null,0,0,0
4145,0,null,0,0,0
4146,0,null,0,0,0
4147,0,null,0,0,0
4148,0,null,0,0,0
4149,0,null,0,0,0
4150,0,null,0,0,0
4151,0,null,0,0,0
4152,0,null,0,0,0
4153,0,null,0,0,0
4154,0,null,0,0,0
4155,0,null,0,0,0
4156,0,null,0,0,0
4157,0,null,0,0,0
4158,0,null,0,0,0
4159,8,secondary_proton,1,1,1
4160,0,null,0,0,0
4161,12,kaon+,1,0,0
4162,0,null,0,0,0
4163,0,null,0,0,0
4164,0,null,0,0,0
4165,0,null,0,0,0
4166,0,null,0,0,0
4167,0,null,0,0,0
4168,0,null,0,0,0
4169,0,null,0,0,0
4170,0,null,0,0,0
4171,0,null,0,0,0
4172,0,null,0,0,0
4173,0,null,0,0,0
4174,0,null,0,0,0
4175,0,null,0,0,0
4176,0,null,0,0,0
4177,0,null,0,0,0
4178,0,null,0,0,0
4179,0,null,0,0,0
4180,0,null,0,0,0
4181,0,null,0,0,0
4182,0,null,0,0,0
4183,0,null,0,0,0
4184,0,null,0,0,0
4185,0,null,0,0,0
4186,4723,e-,1,1,1
4187,0,null,0,0,0
4188,0,null,0,0,0
4189,0,null,0,0,0
4190,0,null,0,0,0
4191,0,null,0,0,0
4192,0,null,0,0,0
4193,0,null,0,0,0
4194,0,null,0,0,0
4195,0,null,0,0,0
4196,0,null,0,0,0
4197,0,null,0,0,0
4198,0,null,0,0,0
4199,0,null,0,0,0
4200,0,null,0,0,0
4201,0,null,0,0,0
4202,0,null,0,0,0
4203,8,pi-,1,1,1
4204,0,null,0,0,0
4205,0,null,0,0,0
4206,0,null,0,0,0
4207,0,null,0,0,0
4208,0,null,0,0,0
4209,0,null,0,0,0
4210,0,null,0,0,0
4211,0,null,0,0,0
4212,0,null,0,0,0
4213,0,null,0,0,0
4214,1,primary_proton,1,1,1
4215,0,null,0,0,0
4216,0,null,0,0,0
4217,0,null,0,0,0
4218,0,null,0,0,0
4219,0,null,0,0,0
4220,0,null,0,0,0
4221,0,null,0,0,0
4222,0,null,0,0,0
4223,0,null,0,0,0
4224,0,null,0,0,0
4225,0,null,0,0,0
4226,0,null,0,0,0
4227,0,null,0,0,0
4228,0,null,0,0,0
4229,2,secondary_proton,1,1,1
4230,0,null,0,0,0
4231,0,null,0,0,0
4232,0,null,0,0,0
4233,0,null,0,0,0
4234,0,null,0,0,0
4235,0,null,0,0,0
4236,0,null,0,0,0
4237,0,null,0,0,0
4238,0,null,0,0,0
4239,0,null,0,0,0
4240,0,null,0,0,0
4241,1,primary_proton,1,1,1
4242,0,null,0,0,0
4243,0,null,0,0,0
4244,0,null,0,0,0
4245,0,null,0,0,0
4246,0,null,0,0,0
4247,0,null,0,0,0
4248,1,primary_proton,1,1,1
4249,0,null,0,0,0
4250,0,null,0,0,0
4251,0,null,0,0,0
4252,0,null,0,0,0
4253,0,null,0,0,0
4254,0,null,0,0,0
4255,0,null,0,0,0
4256,0,null,0,0,0
4257,0,null,0,0,0
4258,0,null,0,0,0
4259,0,null,0,0,0
4260,0,null,0,0,0
4261,0,null,0,0,0
4262,1615,secondary_proton,1,1,1
4263,0,null,0,0,0
4264,4,secondary_proton,1,1,1
4266,0,null,0,0,0
4267,0,null,0,0,0
4268,0,null,0,0,0
4269,0,null,0,0,0
4270,0,null,0,0,0
4271,0,null,0,0,0
4272,0,null,0,0,0
4273,0,null,0,0,0
4274,0,null,0,0,0
4275,23,pi-,1,1,1
4276,0,null,0,0,0
4277,0,null,0,0,0
4278,0,null,0,0,0
4279,0,null,0,0,0
4280,0,null,0,0,0
4281,0,null,0,0,0
4282,0,null,0,0,0
4283,0,null,0,0,0
4284,0,null,0,0,0
4285,0,null,0,0,0
4286,764,e-,1,0,0
4287,0,null,0,0,0
4288,0,null,0,0,0
4289,0,null,0,0,0
4290,0,null,0,0,0
4291,0,null,0,0,0
4292,0,null,0,0,0
4293,0,null,0,0,0
4294,0,null,0,0,0
4295,0,null,0,0,0
4296,0,null,0,0,0
4297,0,null,0,0,0
4298,0,null,0,0,0
4299,0,null,0,0,0
4300,0,null,0,0,0
4301,0,null,0,0,0
4302,0,null,0,0,0
4303,0,null,0,0,0
4304,0,null,0,0,0
4305,0,null,0,0,0
4306,0,null,0,0,0
4307,0,null,0,0,0
4308,0,null,0,0,0
4309,0,null,0,0,0
4310,0,null,0,0,0
4311,0,null,0,0,0
4312,0,null,0,0,0
4313,0,null,0,0,0
4314,0,null,0,0,0
4315,0,null,0,0,0
4316,0,null,0,0,0
4317,0,null,0,0,0
4318,0,null,0,0,0
4319,0,null,0,0,0
4320,0,null,0,0,0
4321,0,null,0,0,0
4322,0,null,0,0,0
4323,0,null,0,0,0
4324,0,null,0,0,0
4325,1,primary_proton,1,1,1
4326,0,null,0,0,0
4327,0,null,0,0,0
4328,0,null,0,0,0
4329,0,null,0,0,0
4330,0,null,0,0,0
4331,0,null,0,0,0
4332,0,null,0,0,0
4333,0,null,0,0,0
4334,0,null,0,0,0
4335,0,null,0,0,0
4336,0,null,0,0,0
4337,0,null,0,0,0
4338,0,null,0,0,0
4339,0,null,0,0,0
4340,0,null,0,0,0
4341,0,null,0,0,0
4342,0,null,0,0,0
4343,0,null,0,0,0
4344,0,null,0,0,0
4345,0,null,0,0,0
4346,0,null,0,0,0
4347,0,null,0,0,0
4348,0,null,0,0,0
4349,0,null,0,0,0
4350,0,null,0,0,0
4351,0,null,0,0,0
4352,0,null,0,0,0
4353,0,null,0,0,0
4354,0,null,0,0,0
4355,0,null,0,0,0
4356,0,null,0,0,0
4357,0,null,0,0,0
4358,0,null,0,0,0
4359,0,null,0,0,0
4360,0,null,0,0,0
4361,0,null,0,0,0
4362,0,null,0,0,0
4363,0,null,0,0,0
4364,0,null,0,0,0
4365,7,secondary_proton,1,1,1
4366,0,null,0,0,0
4367,1,primary_proton,1,1,1
4368,0,null,0,0,0
4369,0,null,0,0,0
4370,0,null,0,0,0
4371,0,null,0,0,0
4372,0,null,0,0,0
4373,0,null,0,0,0
4374,0,null,0,0,0
4375,0,null,0,0,0
4376,9,pi-,1,1,1
4377,1,primary_proton,1,1,1
4378,0,null,0,0,0
4379,0,null,0,0,0
4380,0,null,0,0,0
4381,0,null,0,0,0
4382,0,null,0,0,0
4383,19,pi+,1,1,0
4384,0,null,0,0,0
4385,0,null,0,0,0
4386,0,null,0,0,0
4387,0,null,0,0,0
4388,0,null,0,0,0
4389,0,null,0,0,0
4390,0,null,0,0,0
4391,0,null,0,0,0
4392,0,null,0,0,0
4393,0,null,0,0,0
4394,0,null,0,0,0
4395,0,null,0,0,0
4396,0,null,0,0,0
4397,0,null,0,0,0
4398,0,null,0,0,0
4399,0,null,0,0,0
4400,0,null,0,0,0
4401,0,null,0,0,0
4402,0,null,0,0,0
4403,0,null,0,0,0
4404,0,null,0,0,0
4405,0,null,0,0,0
4406,0,null,0,0,0
4407,0,null,0,0,0
4408,0,null,0,0,0
4409,5,pi-,1,0,0
4410,0,null,0,0,0
4411,0,null,0,0,0
4412,0,null,0,0,0
4413,0,null,0,0,0
4414,0,null,0,0,0
4415,0,null,0,0,0
4416,0,null,0,0,0
4417,0,null,0,0,0
4418,770,e-,1,0,0
4419,0,null,0,0,0
4420,0,null,0,0,0
4421,0,null,0,0,0
4422,0,null,0,0,0
4423,0,null,0,0,0
4424,0,null,0,0,0
4425,0,null,0,0,0
4426,0,null,0,0,0
4427,0,null,0,0,0
4428,0,null,0,0,0
4429,0,null,0,0,0
4430,0,null,0,0,0
4431,0,null,0,0,0
4432,0,null,0,0,0
4433,0,null,0,0,0
4434,0,null,0,0,0
4435,0,null,0,0,0
4436,0,null,0,0,0
4437,0,null,0,0,0
4438,0,null,0,0,0
4439,0,null,0,0,0
4440,0,null,0,0,0
4441,0,null,0,0,0
4442,0,null,0,0,0
4443,0,null,0,0,0
4444,0,null,0,0,0
4445,0,null,0,0,0
4446,0,null,0,0,0
4447,0,null,0,0,0
4448,0,null,0,0,0
4449,0,null,0,0,0
4450,0,null,0,0,0
4451,0,null,0,0,0
4452,3639,e-,0,1,0
4453,1,primary_proton,1,1,1
4454,0,null,0,0,0
4455,0,null,0,0,0
4456,0,null,0,0,0
4457,0,null,0,0,0
4458,0,null,0,0,0
4459,4,secondary_proton,1,1,1
4460,0,null,0,0,0
4461,0,null,0,0,0
4462,0,null,0,0,0
4463,0,null,0,0,0
4464,0,null,0,0,0
4465,0,null,0,0,0
4466,0,null,0,0,0
4467,0,null,0,0,0
4468,0,null,0,0,0
4469,0,null,0,0,0
4470,0,null,0,0,0
4471,6,secondary_proton,1,1,1
4472,0,null,0,0,0
4473,0,null,0,0,0
4474,0,null,0,0,0
4475,0,null,0,0,0
4476,0,null,0,0,0
4477,0,null,0,0,0
4478,0,null,0,0,0
4479,0,null,0,0,0
4480,0,null,0,0,0
4481,0,null,0,0,0
4482,0,null,0,0,0
4483,0,null,0,0,0
4484,0,null,0,0,0
4485,1,primary_proton,1,1,1
4486,0,null,0,0,0
4487,0,null,0,0,0
4489,0,null,0,0,0
4490,0,null,0,0,0
4491,0,null,0,0,0
4492,0,null,0,0,0
4493,0,null,0,0,0
4494,0,null,0,0,0
4495,0,null,0,0,0
4496,0,null,0,0,0
4497,0,null,0,0,0
4498,7,secondary_proton,1,1,1
4499,0,null,0,0,0
4500,0,null,0,0,0
4501,0,null,0,0,0
4502,0,null,0,0,0
4503,0,null,0,0,0
4504,0,null,0,0,0
4505,0,null,0,0,0
4506,0,null,0,0,0
4507,1,primary_proton,1,1,1
4508,0,null,0,0,0
4509,0,null,0,0,0
4510,0,null,0,0,0
4511,0,null,0,0,0
4512,0,null,0,0,0
4513,0,null,0,0,0
4514,0,null,0,0,0
4515,0,null,0,0,0
4516,0,null,0,0,0
4517,0,null,0,0,0
4518,0,null,0,0,0
4519,0,null,0,0,0
4520,0,null,0,0,0
4521,0,null,0,0,0
4522,0,null,0,0,0
4523,0,null,0,0,0
4524,0,null,0,0,0
4525,182,e+,1,1,1
4526,0,null,0,0,0
4527,0,null,0,0,0
4528,0,null,0,0,0
4529,0,null,0,0,0
4530,0,null,0,0,0
4531,0,null,0,0,0
4532,0,null,0,0,0
4533,0,null,0,0,0
4534,0,null,0,0,0
4535,0,null,0,0,0
4536,0,null,0,0,0
4537,0,null,0,0,0
4538,0,null,0,0,0
4539,0,null,0,0,0
4540,0,null,0,0,0
4541,0,null,0,0,0
4542,0,null,0,0,0
4543,0,null,0,0,0
4544,0,null,0,0,0
4545,0,null,0,0,0
4546,0,null,0,0,0
4547,0,null,0,0,0
4548,0,null,0,0,0
4549,0,null,0,0,0
4550,0,null,0,0,0
4551,0,null,0,0,0
4552,0,null,0,0,0
4553,0,null,0,0,0
4554,0,null,0,0,0
4555,0,null,0,0,0
4556,0,null,0,0,0
4557,0,null,0,0,0
4558,0,null,0,0,0
4559,0,null,0,0,0
4560,0,null,0,0,0
4561,0,null,0,0,0
4562,0,null,0,0,0
4563,0,null,0,0,0
4564,0,null,0,0,0
4565,0,null,0,0,0
4566,0,null,0,0,0
4567,0,null,0,0,0
4568,0,null,0,0,0
4569,0,null,0,0,0
4570,5,secondary_proton,1,0,1
4571,0,null,0,0,0
4572,0,null,0,0,0
4573,0,null,0,0,0
4574,0,null,0,0,0
4575,3,secondary_proton,1,1,1
4576,0,null,0,0,0
4577,0,null,0,0,0
4578,0,null,0,0,0
4579,0,null,0,0,0
4580,0,null,0,0,0
4581,0,null,0,0,0
4582,0,null,0,0,0
4583,0,null,0,0,0
4584,0,null,0,0,0
4585,0,null,0,0,0
4586,0,null,0,0,0
4587,0,null,0,0,0
4588,0,null,0,0,0
4589,0,null,0,0,0
4590,0,null,0,0,0
4591,0,null,0,0,0
4592,0,null,0,0,0
4593,0,null,0,0,0
4594,0,null,0,0,0
4595,0,null,0,0,0
4596,0,null,0,0,0
4597,0,null,0,0,0
4598,0,null,0,0,0
4599,0,null,0,0,0
4600,0,null,0,0,0
4601,0,null,0,0,0
4602,0,null,0,0,0
4603,0,null,0,0,0
4604,0,null,0,0,0
4605,0,null,0,0,0
4606,0,null,0,0,0
4607,0,null,0,0,0
4608,0,null,0,0,0
4609,0,null,0,0,0
4610,0,null,0,0,0
4611,0,null,0,0,0
4612,0,null,0,0,0
4613,0,null,0,0,0
4614,0,null,0,0,0
4615,0,null,0,0,0
4616,0,null,0,0,0
4617,0,null,0,0,0
4618,0,null,0,0,0
4619,0,null,0,0,0
4620,0,null,0,0,0
4621,0,null,0,0,0
4622,0,null,0,0,0
4623,0,null,0,0,0
4624,0,null,0,0,0
4625,0,null,0,0,0
4626,0,null,0,0,0
4627,5,pi+,1,1,1
4628,0,null,0,0,0
4629,1,primary_proton,1,1,1
4630,0,null,0,0,0
4631,0,null,0,0,0
4632,0,null,0,0,0
4633,9,secondary_proton,1,1,1
4634,0,null,0,0,0
4635,0,null,0,0,0
4636,0,null,0,0,0
4637,0,null,0,0,0
4638,0,null,0,0,0
4639,0,null,0,0,0
4640,0,null,0,0,0
4641,0,null,0,0,0
4642,0,null,0,0,0
4643,0,null,0,0,0
4644,0,null,0,0,0
4645,0,null,0,0,0
4646,8,pi-,1,1,1
4647,0,null,0,0,0
4648,0,null,0,0,0
4649,0,null,0,0,0
4650,0,null,0,0,0
4651,0,null,0,0,0
4652,0,null,0,0,0
4653,0,null,0,0,0
4654,6,pi-,1,1,0
4655,0,null,0,0,0
4656,0,null,0,0,0
4657,0,null,0,0,0
4658,0,null,0,0,0
4659,0,null,0,0,0
4660,0,null,0,0,0
4661,0,null,0,0,0
4662,0,null,0,0,0
4663,0,null,0,0,0
4664,0,null,0,0,0
4665,0,null,0,0,0
4666,0,null,0,0,0
4667,0,null,0,0,0
4668,0,null,0,0,0
4669,0,null,0,0,0
4670,0,null,0,0,0
4671,0,null,0,0,0
4672,0,null,0,0,0
4673,0,null,0,0,0
4674,0,null,0,0,0
4675,0,null,0,0,0
4676,0,null,0,0,0
4677,0,null,0,0,0
4678,0,null,0,0,0
4679,0,null,0,0,0
4680,0,null,0,0,0
4681,0,null,0,0,0
4682,0,null,0,0,0
4683,0,null,0,0,0
4684,0,null,0,0,0
4685,0,null,0,0,0
4686,0,null,0,0,0
4687,0,null,0,0,0
4688,0,null,0,0,0
4689,0,null,0,0,0
4690,0,null,0,0,0
4691,0,null,0,0,0
4692,0,null,0,0,0
4693,0,null,0,0,0
4694,0,null,0,0,0
4695,0,null,0,0,0
4696,0,null,0,0,0
4697,9,pi-,1,1,1
4698,0,null,0,0,0
4699,0,null,0,0,0
4700,0,null,0,0,0
4701,0,null,0,0,0
4702,0,null,0,0,0
4703,0,null,0,0,0
4704,0,null,0,0,0
4705,0,null,0,0,0
4706,0,null,0,0,0
4707,0,null,0,0,0
4708,0,null,0,0,0
4709,0,null,0,0,0
4710,0,null,0,0,0
4711,0,null,0,0,0
4713,0,null,0,0,0
4714,0,null,0,0,0
4715,0,null,0,0,0
4716,0,null,0,0,0
4717,2,secondary_proton,1,1,0
4718,0,null,0,0,0
4719,0,null,0,0,0
4720,0,null,0,0,0
4721,0,null,0,0,0
4722,0,null,0,0,0
4723,0,null,0,0,0
4724,0,null,0,0,0
4725,0,null,0,0,0
4726,0,null,0,0,0
4727,6,secondary_proton,1,1,1
4728,0,null,0,0,0
4729,0,null,0,0,0
4730,0,null,0,0,0
4731,0,null,0,0,0
4732,3133,secondary_proton,1,1,1
4733,0,null,0,0,0
4734,0,null,0,0,0
4735,0,null,0,0,0
4736,0,null,0,0,0
4737,0,null,0,0,0
4738,0,null,0,0,0
4739,0,null,0,0,0
4740,2157,secondary_proton,1,0,0
4741,0,null,0,0,0
4742,0,null,0,0,0
4743,0,null,0,0,0
4744,0,null,0,0,0
4745,0,null,0,0,0
4746,0,null,0,0,0
4747,0,null,0,0,0
4748,1,primary_proton,1,1,1
4749,0,null,0,0,0
4750,0,null,0,0,0
4751,0,null,0,0,0
4752,6,pi+,1,0,0
4753,0,null,0,0,0
4754,0,null,0,0,0
4755,0,null,0,0,0
4756,0,null,0,0,0
4757,0,null,0,0,0
4758,0,null,0,0,0
4759,0,null,0,0,0
4760,0,null,0,0,0
4761,0,null,0,0,0
4762,0,null,0,0,0
4763,0,null,0,0,0
4764,6,pi+,1,0,0
4765,0,null,0,0,0
4766,0,null,0,0,0
4767,0,null,0,0,0
4768,0,null,0,0,0
4769,0,null,0,0,0
4770,0,null,0,0,0
4771,1428,pi-,1,1,1
4772,0,null,0,0,0
4773,0,null,0,0,0
4774,0,null,0,0,0
4775,0,null,0,0,0
4776,0,null,0,0,0
4777,0,null,0,0,0
4778,0,null,0,0,0
4779,0,null,0,0,0
4780,0,null,0,0,0
4781,0,null,0,0,0
4782,0,null,0,0,0
4783,0,null,0,0,0
4784,0,null,0,0,0
4785,7580,secondary_proton,1,1,0
4786,0,null,0,0,0
4787,0,null,0,0,0
4788,0,null,0,0,0
4789,0,null,0,0,0
4790,0,null,0,0,0
4791,0,null,0,0,0
4792,0,null,0,0,0
4793,0,null,0,0,0
4794,0,null,0,0,0
4795,0,null,0,0,0
4796,0,null,0,0,0
4797,0,null,0,0,0
4798,0,null,0,0,0
4799,0,null,0,0,0
4800,0,null,0,0,0
4801,0,null,0,0,0
4802,0,null,0,0,0
4803,0,null,0,0,0
4804,0,null,0,0,0
4805,0,null,0,0,0
4806,0,null,0,0,0
4807,0,null,0,0,0
4808,0,null,0,0,0
4809,0,null,0,0,0
4810,0,null,0,0,0
4811,0,null,0,0,0
4812,0,null,0,0,0
4813,0,null,0,0,0
4814,0,null,0,0,0
4815,0,null,0,0,0
4816,0,null,0,0,0
4817,0,null,0,0,0
4818,11,secondary_proton,1,1,0
4819,0,null,0,0,0
4820,0,null,0,0,0
4821,0,null,0,0,0
4822,0,null,0,0,0
4823,0,null,0,0,0
4824,0,null,0,0,0
4825,0,null,0,0,0
4826,0,null,0,0,0
4827,1,primary_proton,1,1,1
4828,0,null,0,0,0
4829,0,null,0,0,0
4830,0,null,0,0,0
4831,0,null,0,0,0
4832,0,null,0,0,0
4833,0,null,0,0,0
4834,0,null,0,0,0
4835,0,null,0,0,0
4836,0,null,0,0,0
4837,0,null,0,0,0
4838,0,null,0,0,0
4839,0,null,0,0,0
4840,0,null,0,0,0
4841,0,null,0,0,0
4842,0,null,0,0,0
4843,0,null,0,0,0
4844,0,null,0,0,0
4845,0,null,0,0,0
4846,0,null,0,0,0
4847,0,null,0,0,0
4848,0,null,0,0,0
4849,0,null,0,0,0
4850,0,null,0,0,0
4851,0,null,0,0,0
4852,0,null,0,0,0
4853,0,null,0,0,0
4854,0,null,0,0,0
4855,0,null,0,0,0
4856,0,null,0,0,0
4857,0,null,0,0,0
4858,0,null,0,0,0
4859,0,null,0,0,0
4860,0,null,0,0,0
4861,0,null,0,0,0
4862,0,null,0,0,0
4863,0,null,0,0,0
4864,0,null,0,0,0
4865,0,null,0,0,0
4866,0,null,0,0,0
4867,0,null,0,0,0
4868,0,null,0,0,0
4869,0,null,0,0,0
4870,0,null,0,0,0
4871,0,null,0,0,0
4872,0,null,0,0,0
4873,293,secondary_proton,1,1,1
4874,0,null,0,0,0
4875,0,null,0,0,0
4876,1589,e-,0,1,1
4877,0,null,0,0,0
4878,0,null,0,0,0
4879,0,null,0,0,0
4880,0,null,0,0,0
4881,0,null,0,0,0
4882,0,null,0,0,0
4883,0,null,0,0,0
4884,0,null,0,0,0
4885,0,null,0,0,0
4886,0,null,0,0,0
4887,1,primary_proton,1,1,1
4888,0,null,0,0,0
4889,1,primary_proton,1,1,1
4890,0,null,0,0,0
4891,0,null,0,0,0
4892,0,null,0,0,0
4893,1297,e-,1,1,1
4894,0,null,0,0,0
4895,0,null,0,0,0
4896,0,null,0,0,0
4897,1,primary_proton,1,1,1
4898,0,null,0,0,0
4899,0,null,0,0,0
4900,0,null,0,0,0
4901,0,null,0,0,0
4902,0,null,0,0,0
4903,0,null,0,0,0
4904,0,null,0,0,0
4905,0,null,0,0,0
4906,0,null,0,0,0
4907,0,null,0,0,0
4908,0,null,0,0,0
4909,0,null,0,0,0
4910,0,null,0,0,0
4911,0,null,0,0,0
4912,0,null,0,0,0
4913,0,null,0,0,0
4914,0,null,0,0,0
4915,0,null,0,0,0
4916,0,null,0,0,0
4917,0,null,0,0,0
4918,0,null,0,0,0
4919,0,null,0,0,0
4920,6263,e-,1,0,0
4921,0,null,0,0,0
4922,0,null,0,0,0
4923,0,null,0,0,0
4924,0,null,0,0,0
4925,0,null,0,0,0
4926,0,null,0,0,0
4927,0,null,0,0,0
4928,0,null,0,0,0
4929,0,null,0,0,0
4930,0,null,0,0,0
4932,0,null,0,0,0
4933,0,null,0,0,0
4934,0,null,0,0,0
4935,0,null,0,0,0
4936,0,null,0,0,0
4937,0,null,0,0,0
4938,0,null,0,0,0
4939,0,null,0,0,0
4940,0,null,0,0,0
4941,0,null,0,0,0
4942,0,null,0,0,0
4943,0,null,0,0,0
4944,0,null,0,0,0
4945,0,null,0,0,0
4946,0,null,0,0,0
4947,0,null,0,0,0
4948,4,secondary_proton,1,0,0
4949,0,null,0,0,0
4950,0,null,0,0,0
4951,0,null,0,0,0
4952,0,null,0,0,0
4953,0,null,0,0,0
4954,0,null,0,0,0
4955,0,null,0,0,0
4956,0,null,0,0,0
4957,0,null,0,0,0
4958,0,null,0,0,0
4959,0,null,0,0,0
4960,0,null,0,0,0
4961,0,null,0,0,0
4962,0,null,0,0,0
4963,0,null,0,0,0
4964,0,null,0,0,0
4965,0,null,0,0,0
4966,0,null,0,0,0
4967,0,null,0,0,0
4968,0,null,0,0,0
4969,0,null,0,0,0
4970,0,null,0,0,0
4971,0,null,0,0,0
4972,8,pi+,1,1,0
4973,0,null,0,0,0
4974,0,null,0,0,0
4975,0,null,0,0,0
4976,0,null,0,0,0
4977,11,secondary_proton,1,1,0
4978,0,null,0,0,0
4979,0,null,0,0,0
4980,0,null,0,0,0
4981,0,null,0,0,0
4982,0,null,0,0,0
4983,0,null,0,0,0
4984,0,null,0,0,0
4985,0,null,0,0,0
4986,0,null,0,0,0
4987,0,null,0,0,0
4988,0,null,0,0,0
4989,0,null,0,0,0
4990,0,null,0,0,0
4991,0,null,0,0,0
4992,0,null,0,0,0
4993,0,null,0,0,0
4994,0,null,0,0,0
4995,0,null,0,0,0
4996,0,null,0,0,0
4997,0,null,0,0,0
4998,0,null,0,0,0
4999,0,null,0,0,0
1,0,null,0,0,0
2,0,null,0,0,0
3,0,null,0,0,0
4,0,null,0,0,0
5,0,null,0,0,0
6,0,null,0,0,0
7,0,null,0,0,0
8,0,null,0,0,0
9,0,null,0,0,0
10,0,null,0,0,0
11,0,null,0,0,0
12,0,null,0,0,0
13,0,null,0,0,0
14,0,null,0,0,0
15,8,secondary_proton,1,1,1
16,0,null,0,0,0
17,0,null,0,0,0
18,0,null,0,0,0
19,0,null,0,0,0
20,0,null,0,0,0
21,0,null,0,0,0
22,0,null,0,0,0
23,0,null,0,0,0
24,0,null,0,0,0
25,0,null,0,0,0
26,0,null,0,0,0
27,0,null,0,0,0
28,0,null,0,0,0
29,0,null,0,0,0
30,0,null,0,0,0
31,0,null,0,0,0
32,0,null,0,0,0
33,0,null,0,0,0
34,9,pi+,1,1,1
35,0,null,0,0,0
36,0,null,0,0,0
37,0,null,0,0,0
38,305,pi+,1,1,0
39,0,null,0,0,0
40,0,null,0,0,0
41,0,null,0,0,0
42,0,null,0,0,0
43,0,null,0,0,0
44,0,null,0,0,0
45,0,null,0,0,0
46,0,null,0,0,0
47,0,null,0,0,0
48,0,null,0,0,0
49,0,null,0,0,0
50,0,null,0,0,0
51,0,null,0,0,0
52,0,null,0,0,0
53,0,null,0,0,0
54,0,null,0,0,0
55,0,null,0,0,0
56,0,null,0,0,0
57,0,null,0,0,0
58,10,secondary_proton,1,1,1
59,1,primary_proton,1,1,1
60,0,null,0,0,0
61,0,null,0,0,0
62,0,null,0,0,0
63,0,null,0,0,0
64,0,null,0,0,0
65,0,null,0,0,0
66,0,null,0,0,0
67,0,null,0,0,0
68,0,null,0,0,0
69,0,null,0,0,0
70,0,null,0,0,0
71,0,null,0,0,0
72,141,secondary_proton,1,1,1
73,0,null,0,0,0
74,11,pi+,1,1,1
75,0,null,0,0,0
76,0,null,0,0,0
77,0,null,0,0,0
78,0,null,0,0,0
79,0,null,0,0,0
80,0,null,0,0,0
81,0,null,0,0,0
82,0,null,0,0,0
83,0,null,0,0,0
84,0,null,0,0,0
85,0,null,0,0,0
86,13,pi-,1,1,1
87,0,null,0,0,0
88,0,null,0,0,0
89,0,null,0,0,0
90,0,null,0,0,0
91,0,null,0,0,0
92,0,null,0,0,0
93,0,null,0,0,0
94,0,null,0,0,0
95,1,primary_proton,1,1,1
96,0,null,0,0,0
97,0,null,0,0,0
98,0,null,0,0,0
99,0,null,0,0,0
100,0,null,0,0,0
101,0,null,0,0,0
102,0,null,0,0,0
103,0,null,0,0,0
104,0,null,0,0,0
105,0,null,0,0,0
106,0,null,0,0,0
107,0,null,0,0,0
108,394,pi-,1,1,1
109,0,null,0,0,0
110,0,null,0,0,0
111,0,null,0,0,0
112,0,null,0,0,0
113,0,null,0,0,0
114,0,null,0,0,0
115,0,null,0,0,0
116,0,null,0,0,0
117,0,null,0,0,0
118,8,pi+,1,0,0
119,0,null,0,0,0
120,0,null,0,0,0
121,0,null,0,0,0
122,0,null,0,0,0
123,0,null,0,0,0
124,1,primary_proton,1,1,1
125,0,null,0,0,0
126,0,null,0,0,0
127,0,null,0,0,0
128,0,null,0,0,0
129,0,null,0,0,0
130,0,null,0,0,0
131,0,null,0,0,0
132,0,null,0,0,0
133,0,null,0,0,0
134,0,null,0,0,0
135,0,null,0,0,0
136,0,null,0,0,0
137,0,null,0,0,0
138,0,null,0,0,0
139,0,null,0,0,0
140,0,null,0,0,0
141,0,null,0,0,0
142,0,null,0,0,0
143,0,null,0,0,0
144,0,null,0,0,0
145,0,null,0,0,0
146,3,secondary_proton,1,1,0
147,0,null,0,0,0
148,0,null,0,0,0
149,0,null,0,0,0
150,0,null,0,0,0
151,0,null,0,0,0
152,0,null,0,0,0
153,0,null,0,0,0
154,0,null,0,0,0
155,0,null,0,0,0
156,7,secondary_proton,1,1,1
157,0,null,0,0,0
158,0,null,0,0,0
159,0,null,0,0,0
160,0,null,0,0,0
161,0,null,0,0,0
162,0,null,0,0,0
163,0,null,0,0,0
164,0,null,0,0,0
165,0,null,0,0,0
166,0,null,0,0,0
167,0,null,0,0,0
168,0,null,0,0,0
169,0,null,0,0,0
170,0,null,0,0,0
171,12,secondary_proton,1,1,1
172,12,secondary_proton,1,1,1
173,0,null,0,0,0
174,0,null,0,0,0
175,0,null,0,0,0
176,0,null,0,0,0
177,0,null,0,0,0
178,0,null,0,0,0
179,0,null,0,0,0
180,0,null,0,0,0
181,0,null,0,0,0
182,0,null,0,0,0
183,0,null,0,0,0
184,0,null,0,0,0
185,0,null,0,0,0
186,0,null,0,0,0
187,0,null,0,0,0
188,0,null,0,0,0
189,0,null,0,0,0
190,0,null,0,0,0
191,1,primary_proton,1,1,1
192,0,null,0,0,0
193,0,null,0,0,0
194,0,null,0,0,0
195,0,null,0,0,0
196,0,null,0,0,0
197,0,null,0,0,0
198,0,null,0,0,0
199,0,null,0,0,0
200,0,null,0,0,0
201,0,null,0,0,0
202,0,null,0,0,0
203,0,null,0,0,0
204,0,null,0,0,0
205,0,null,0,0,0
206,0,null,0,0,0
207,0,null,0,0,0
208,0,null,0,0,0
209,0,null,0,0,0
210,0,null,0,0,0
211,0,null,0,0,0
212,0,null,0,0,0
213,674,pi-,1,1,0
214,0,null,0,0,0
215,0,null,0,0,0
216,0,null,0,0,0
217,0,null,0,0,0
218,0,null,0,0,0
219,0,null,0,0,0
220,0,null,0,0,0
221,0,null,0,0,0
222,0,null,0,0,0
223,0,null,0,0,0
224,1709,e+,1,1,1
225,0,null,0,0,0
226,0,null,0,0,0
227,1,primary_proton,1,1,1
228,0,null,0,0,0
229,0,null,0,0,0
230,0,null,0,0,0
231,0,null,0,0,0
232,0,null,0,0,0
233,0,null,0,0,0
234,0,null,0,0,0
235,0,null,0,0,0
236,0,null,0,0,0
237,0,null,0,0,0
238,0,null,0,0,0
240,0,null,0,0,0
241,0,null,0,0,0
242,5,pi+,1,1,1
243,0,null,0,0,0
244,0,null,0,0,0
245,0,null,0,0,0
246,0,null,0,0,0
247,0,null,0,0,0
248,0,null,0,0,0
249,0,null,0,0,0
250,0,null,0,0,0
251,0,null,0,0,0
252,0,null,0,0,0
253,0,null,0,0,0
254,0,null,0,0,0
255,0,null,0,0,0
256,0,null,0,0,0
257,0,null,0,0,0
258,0,null,0,0,0
259,0,null,0,0,0
260,0,null,0,0,0
261,0,null,0,0,0
262,0,null,0,0,0
263,0,null,0,0,0
264,0,null,0,0,0
265,0,null,0,0,0
266,0,null,0,0,0
267,0,null,0,0,0
268,0,null,0,0,0
269,0,null,0,0,0
270,0,null,0,0,0
271,0,null,0,0,0
272,0,null,0,0,0
273,0,null,0,0,0
274,0,null,0,0,0
275,0,null,0,0,0
276,0,null,0,0,0
277,2358,e-,0,1,0
278,0,null,0,0,0
279,0,null,0,0,0
280,0,null,0,0,0
281,0,null,0,0,0
282,0,null,0,0,0
283,0,null,0,0,0
284,0,null,0,0,0
285,0,null,0,0,0
286,0,null,0,0,0
287,0,null,0,0,0
288,0,null,0,0,0
289,0,null,0,0,0
290,0,null,0,0,0
291,0,null,0,0,0
292,0,null,0,0,0
293,1,primary_proton,1,1,1
294,0,null,0,0,0
295,0,null,0,0,0
296,0,null,0,0,0
297,0,null,0,0,0
298,0,null,0,0,0
299,0,null,0,0,0
300,0,null,0,0,0
301,0,null,0,0,0
302,0,null,0,0,0
303,0,null,0,0,0
304,0,null,0,0,0
305,3833,secondary_proton,1,0,0
306,0,null,0,0,0
307,0,null,0,0,0
308,0,null,0,0,0
309,8,pi+,1,1,1
310,0,null,0,0,0
311,0,null,0,0,0
312,1,primary_proton,1,1,1
313,0,null,0,0,0
314,0,null,0,0,0
315,1,primary_proton,1,1,1
316,0,null,0,0,0
317,0,null,0,0,0
318,0,null,0,0,0
319,0,null,0,0,0
320,0,null,0,0,0
321,0,null,0,0,0
322,0,null,0,0,0
323,0,null,0,0,0
324,0,null,0,0,0
325,0,null,0,0,0
326,0,null,0,0,0
327,0,null,0,0,0
328,0,null,0,0,0
329,0,null,0,0,0
330,0,null,0,0,0
331,0,null,0,0,0
332,0,null,0,0,0
333,0,null,0,0,0
334,0,null,0,0,0
335,0,null,0,0,0
336,0,null,0,0,0
337,0,null,0,0,0
338,0,null,0,0,0
339,0,null,0,0,0
340,0,null,0,0,0
341,0,null,0,0,0
342,0,null,0,0,0
343,0,null,0,0,0
344,0,null,0,0,0
345,10,pi-,1,1,1
346,0,null,0,0,0
347,0,null,0,0,0
348,0,null,0,0,0
349,0,null,0,0,0
350,0,null,0,0,0
351,1,primary_proton,1,1,1
352,0,null,0,0,0
353,0,null,0,0,0
354,0,null,0,0,0
355,0,null,0,0,0
356,0,null,0,0,0
357,0,null,0,0,0
358,0,null,0,0,0
359,0,null,0,0,0
360,0,null,0,0,0
361,0,null,0,0,0
362,0,null,0,0,0
363,0,null,0,0,0
364,195,secondary_proton,1,1,1
365,0,null,0,0,0
366,0,null,0,0,0
367,0,null,0,0,0
368,1,primary_proton,1,1,1
369,0,null,0,0,0
370,0,null,0,0,0
371,0,null,0,0,0
372,702,e+,1,1,1
373,0,null,0,0,0
374,0,null,0,0,0
375,0,null,0,0,0
376,0,null,0,0,0
377,0,null,0,0,0
378,0,null,0,0,0
379,1,primary_proton,1,1,1
380,0,null,0,0,0
381,0,null,0,0,0
382,0,null,0,0,0
383,0,null,0,0,0
384,0,null,0,0,0
385,0,null,0,0,0
386,0,null,0,0,0
387,0,null,0,0,0
388,11,pi+,1,1,0
389,0,null,0,0,0
390,0,null,0,0,0
391,5,pi-,1,1,0
392,0,null,0,0,0
393,0,null,0,0,0
394,0,null,0,0,0
395,0,null,0,0,0
396,0,null,0,0,0
397,1,primary_proton,1,1,1
398,0,null,0,0,0
399,0,null,0,0,0
400,0,null,0,0,0
401,0,null,0,0,0
402,0,null,0,0,0
403,0,null,0,0,0
404,0,null,0,0,0
405,0,null,0,0,0
406,0,null,0,0,0
407,0,null,0,0,0
408,0,null,0,0,0
409,0,null,0,0,0
410,0,null,0,0,0
411,0,null,0,0,0
412,3,secondary_proton,1,1,1
413,0,null,0,0,0
414,0,null,0,0,0
415,0,null,0,0,0
416,0,null,0,0,0
417,0,null,0,0,0
418,0,null,0,0,0
419,0,null,0,0,0
420,0,null,0,0,0
421,0,null,0,0,0
422,0,null,0,0,0
423,0,null,0,0,0
424,0,null,0,0,0
425,0,null,0,0,0
426,0,null,0,0,0
427,0,null,0,0,0
428,0,null,0,0,0
429,0,null,0,0,0
430,0,null,0,0,0
431,0,null,0,0,0
432,951,e-,1,1,0
433,0,null,0,0,0
434,0,null,0,0,0
435,0,null,0,0,0
436,0,null,0,0,0
437,0,null,0,0,0
438,0,null,0,0,0
439,0,null,0,0,0
440,0,null,0,0,0
441,1,primary_proton,1,1,1
442,0,null,0,0,0
443,0,null,0,0,0
444,0,null,0,0,0
445,0,null,0,0,0
446,2,pi-,1,1,1
447,0,null,0,0,0
448,0,null,0,0,0
449,0,null,0,0,0
450,0,null,0,0,0
451,0,null,0,0,0
452,0,null,0,0,0
453,0,null,0,0,0
454,0,null,0,0,0
455,0,null,0,0,0
456,0,null,0,0,0
457,0,null,0,0,0
458,0,null,0,0,0
459,0,null,0,0,0
460,0,null,0,0,0
461,0,null,0,0,0
462,0,null,0,0,0
463,15,secondary_proton,1,1,1
464,0,null,0,0,0
465,0,null,0,0,0
466,0,null,0,0,0
467,0,null,0,0,0
468,0,null,0,0,0
469,0,null,0,0,0
470,0,null,0,0,0
472,0,null,0,0,0
473,12,secondary_proton,1,1,1
474,8,secondary_proton,1,0,0
475,0,null,0,0,0
476,0,null,0,0,0
477,0,null,0,0,0
478,0,null,0,0,0
479,0,null,0,0,0
480,0,null,0,0,0
481,0,null,0,0,0
482,0,null,0,0,0
483,0,null,0,0,0
484,0,null,0,0,0
485,0,null,0,0,0
486,905,secondary_proton,1,1,1
487,0,null,0,0,0
488,0,null,0,0,0
489,0,null,0,0,0
490,0,null,0,0,0
491,0,null,0,0,0
492,0,null,0,0,0
493,0,null,0,0,0
494,0,null,0,0,0
495,0,null,0,0,0
496,0,null,0,0,0
497,0,null,0,0,0
498,0,null,0,0,0
499,569,secondary_proton,1,0,0
500,0,null,0,0,0
501,0,null,0,0,0
502,0,null,0,0,0
503,1,primary_proton,1,1,1
504,1,primary_proton,1,1,1
505,0,null,0,0,0
506,0,null,0,0,0
507,0,null,0,0,0
508,0,null,0,0,0
509,0,null,0,0,0
510,0,null,0,0,0
511,1,primary_proton,1,1,1
512,0,null,0,0,0
513,0,null,0,0,0
514,0,null,0,0,0
515,0,null,0,0,0
516,0,null,0,0,0
517,0,null,0,0,0
518,1,primary_proton,1,1,1
519,0,null,0,0,0
520,0,null,0,0,0
521,0,null,0,0,0
522,0,null,0,0,0
523,0,null,0,0,0
524,0,null,0,0,0
525,4,secondary_proton,1,1,1
526,0,null,0,0,0
527,0,null,0,0,0
528,0,null,0,0,0
529,0,null,0,0,0
530,0,null,0,0,0
531,0,null,0,0,0
532,0,null,0,0,0
533,0,null,0,0,0
534,0,null,0,0,0
535,0,null,0,0,0
536,0,null,0,0,0
537,0,null,0,0,0
538,0,null,0,0,0
539,0,null,0,0,0
540,0,null,0,0,0
541,0,null,0,0,0
542,0,null,0,0,0
543,0,null,0,0,0
544,0,null,0,0,0
545,0,null,0,0,0
546,1,primary_proton,1,1,1
547,0,null,0,0,0
548,0,null,0,0,0
549,1,primary_proton,1,0,0
550,0,null,0,0,0
551,0,null,0,0,0
552,0,null,0,0,0
553,0,null,0,0,0
554,0,null,0,0,0
555,1,primary_proton,1,1,1
556,0,null,0,0,0
557,5,secondary_proton,1,0,0
558,0,null,0,0,0
559,0,null,0,0,0
560,1,primary_proton,1,1,1
561,0,null,0,0,0
562,0,null,0,0,0
563,0,null,0,0,0
564,0,null,0,0,0
565,0,null,0,0,0
566,0,null,0,0,0
567,0,null,0,0,0
568,1,primary_proton,1,1,1
569,0,null,0,0,0
570,0,null,0,0,0
571,0,null,0,0,0
572,0,null,0,0,0
573,0,null,0,0,0
574,0,null,0,0,0
575,0,null,0,0,0
576,0,null,0,0,0
577,0,null,0,0,0
578,0,null,0,0,0
579,0,null,0,0,0
580,0,null,0,0,0
581,0,null,0,0,0
582,0,null,0,0,0
583,0,null,0,0,0
584,0,null,0,0,0
585,0,null,0,0,0
586,0,null,0,0,0
587,0,null,0,0,0
588,0,null,0,0,0
589,4,pi+,1,1,1
590,0,null,0,0,0
591,0,null,0,0,0
592,0,null,0,0,0
593,0,null,0,0,0
594,0,null,0,0,0
595,0,null,0,0,0
596,0,null,0,0,0
597,0,null,0,0,0
598,0,null,0,0,0
599,0,null,0,0,0
600,0,null,0,0,0
601,0,null,0,0,0
602,0,null,0,0,0
603,0,null,0,0,0
604,0,null,0,0,0
605,0,null,0,0,0
606,0,null,0,0,0
607,0,null,0,0,0
608,0,null,0,0,0
609,0,null,0,0,0
610,1,primary_proton,1,1,1
611,0,null,0,0,0
612,0,null,0,0,0
613,0,null,0,0,0
614,0,null,0,0,0
615,0,null,0,0,0
616,0,null,0,0,0
617,0,null,0,0,0
618,0,null,0,0,0
619,0,null,0,0,0
620,0,null,0,0,0
621,0,null,0,0,0
622,0,null,0,0,0
623,0,null,0,0,0
624,0,null,0,0,0
625,0,null,0,0,0
626,0,null,0,0,0
627,0,null,0,0,0
628,0,null,0,0,0
629,0,null,0,0,0
630,1,primary_proton,1,1,1
631,0,null,0,0,0
632,0,null,0,0,0
633,0,null,0,0,0
634,0,null,0,0,0
635,0,null,0,0,0
636,0,null,0,0,0
637,0,null,0,0,0
638,0,null,0,0,0
639,1,primary_proton,1,1,1
640,0,null,0,0,0
641,0,null,0,0,0
642,0,null,0,0,0
643,0,null,0,0,0
644,0,null,0,0,0
645,0,null,0,0,0
646,0,null,0,0,0
647,0,null,0,0,0
648,0,null,0,0,0
649,0,null,0,0,0
650,1,primary_proton,1,1,1
651,0,null,0,0,0
652,0,null,0,0,0
653,0,null,0,0,0
654,0,null,0,0,0
655,0,null,0,0,0
656,0,null,0,0,0
657,0,null,0,0,0
658,0,null,0,0,0
659,0,null,0,0,0
660,0,null,0,0,0
661,0,null,0,0,0
662,0,null,0,0,0
663,0,null,0,0,0
664,0,null,0,0,0
665,0,null,0,0,0
666,0,null,0,0,0
667,0,null,0,0,0
668,0,null,0,0,0
669,0,null,0,0,0
670,0,null,0,0,0
671,0,null,0,0,0
672,0,null,0,0,0
673,0,null,0,0,0
674,0,null,0,0,0
675,0,null,0,0,0
676,0,null,0,0,0
677,12,pi-,1,1,1
678,0,null,0,0,0
679,0,null,0,0,0
680,0,null,0,0,0
681,0,null,0,0,0
682,0,null,0,0,0
683,0,null,0,0,0
684,0,null,0,0,0
685,0,null,0,0,0
686,0,null,0,0,0
687,0,null,0,0,0
688,0,null,0,0,0
689,0,null,0,0,0
690,0,null,0,0,0
691,0,null,0,0,0
692,0,null,0,0,0
693,0,null,0,0,0
694,0,null,0,0,0
695,0,null,0,0,0
696,0,null,0,0,0
697,0,null,0,0,0
698,0,null,0,0,0
699,0,null,0,0,0
701,0,null,0,0,0
702,0,null,0,0,0
703,1,primary_proton,1,1,1
704,0,null,0,0,0
705,0,null,0,0,0
706,0,null,0,0,0
707,0,null,0,0,0
708,0,null,0,0,0
709,0,null,0,0,0
710,0,null,0,0,0
711,0,null,0,0,0
712,0,null,0,0,0
713,0,null,0,0,0
714,0,null,0,0,0
715,0,null,0,0,0
716,0,null,0,0,0
717,0,null,0,0,0
718,22,pi-,1,1,1
719,0,null,0,0,0
720,1,primary_proton,1,1,1
721,1,primary_proton,1,1,1
722,0,null,0,0,0
723,0,null,0,0,0
724,0,null,0,0,0
725,0,null,0,0,0
726,0,null,0,0,0
727,0,null,0,0,0
728,0,null,0,0,0
729,0,null,0,0,0
730,0,null,0,0,0
731,0,null,0,0,0
732,0,null,0,0,0
733,0,null,0,0,0
734,0,null,0,0,0
735,0,null,0,0,0
736,0,null,0,0,0
737,0,null,0,0,0
738,0,null,0,0,0
739,0,null,0,0,0
740,0,null,0,0,0
741,0,null,0,0,0
742,0,null,0,0,0
743,0,null,0,0,0
744,0,null,0,0,0
745,0,null,0,0,0
746,0,null,0,0,0
747,0,null,0,0,0
748,0,null,0,0,0
749,0,null,0,0,0
750,0,null,0,0,0
751,0,null,0,0,0
752,0,null,0,0,0
753,0,null,0,0,0
754,0,null,0,0,0
755,0,null,0,0,0
756,0,null,0,0,0
757,2,secondary_proton,1,0,0
758,0,null,0,0,0
759,0,null,0,0,0
760,0,null,0,0,0
761,0,null,0,0,0
762,2237,e-,1,1,1
763,0,null,0,0,0
764,0,null,0,0,0
765,0,null,0,0,0
766,9,secondary_proton,1,1,1
767,0,null,0,0,0
768,0,null,0,0,0
769,0,null,0,0,0
770,0,null,0,0,0
771,0,null,0,0,0
772,0,null,0,0,0
773,0,null,0,0,0
774,0,null,0,0,0
775,0,null,0,0,0
776,3,pi+,1,1,1
777,0,null,0,0,0
778,0,null,0,0,0
779,0,null,0,0,0
780,0,null,0,0,0
781,0,null,0,0,0
782,0,null,0,0,0
783,0,null,0,0,0
784,0,null,0,0,0
785,0,null,0,0,0
786,0,null,0,0,0
787,0,null,0,0,0
788,0,null,0,0,0
789,0,null,0,0,0
790,1,primary_proton,1,1,1
791,0,null,0,0,0
792,0,null,0,0,0
793,0,null,0,0,0
794,0,null,0,0,0
795,0,null,0,0,0
796,0,null,0,0,0
797,6,secondary_proton,1,1,1
798,0,null,0,0,0
799,0,null,0,0,0
800,0,null,0,0,0
801,0,null,0,0,0
802,0,null,0,0,0
803,0,null,0,0,0
804,0,null,0,0,0
805,0,null,0,0,0
806,0,null,0,0,0
807,0,null,0,0,0
808,0,null,0,0,0
809,0,null,0,0,0
810,0,null,0,0,0
811,0,null,0,0,0
812,0,null,0,0,0
813,0,null,0,0,0
814,0,null,0,0,0
815,0,null,0,0,0
816,0,null,0,0,0
817,0,null,0,0,0
818,0,null,0,0,0
819,0,null,0,0,0
820,0,null,0,0,0
821,0,null,0,0,0
822,2652,e-,1,1,0
823,0,null,0,0,0
824,0,null,0,0,0
825,0,null,0,0,0
826,0,null,0,0,0
827,0,null,0,0,0
828,0,null,0,0,0
829,0,null,0,0,0
830,0,null,0,0,0
831,0,null,0,0,0
832,0,null,0,0,0
833,0,null,0,0,0
834,0,null,0,0,0
835,0,null,0,0,0
836,0,null,0,0,0
837,0,null,0,0,0
838,1,primary_proton,1,1,1
839,0,null,0,0,0
840,0,null,0,0,0
841,0,null,0,0,0
842,0,null,0,0,0
843,0,null,0,0,0
844,0,null,0,0,0
845,0,null,0,0,0
846,10,secondary_proton,1,1,1
847,0,null,0,0,0
848,0,null,0,0,0
849,0,null,0,0,0
850,0,null,0,0,0
851,0,null,0,0,0
852,0,null,0,0,0
853,0,null,0,0,0
854,0,null,0,0,0
855,0,null,0,0,0
856,0,null,0,0,0
857,0,null,0,0,0
858,0,null,0,0,0
859,0,null,0,0,0
860,0,null,0,0,0
861,0,null,0,0,0
862,0,null,0,0,0
863,0,null,0,0,0
864,0,null,0,0,0
865,0,null,0,0,0
866,0,null,0,0,0
867,0,null,0,0,0
868,0,null,0,0,0
869,0,null,0,0,0
870,0,null,0,0,0
871,0,null,0,0,0
872,0,null,0,0,0
873,0,null,0,0,0
874,4,secondary_proton,1,1,0
875,0,null,0,0,0
876,0,null,0,0,0
877,0,null,0,0,0
878,0,null,0,0,0
879,0,null,0,0,0
880,0,null,0,0,0
881,0,null,0,0,0
882,0,null,0,0,0
883,0,null,0,0,0
884,0,null,0,0,0
885,0,null,0,0,0
886,0,null,0,0,0
887,0,null,0,0,0
888,0,null,0,0,0
889,0,null,0,0,0
890,0,null,0,0,0
891,0,null,0,0,0
892,1,primary_proton,1,1,1
893,0,null,0,0,0
894,0,null,0,0,0
895,0,null,0,0,0
896,0,null,0,0,0
897,0,null,0,0,0
898,0,null,0,0,0
899,0,null,0,0,0
900,0,null,0,0,0
901,0,null,0,0,0
902,0,null,0,0,0
903,0,null,0,0,0
904,0,null,0,0,0
905,0,null,0,0,0
906,0,null,0,0,0
907,0,null,0,0,0
908,0,null,0,0,0
909,0,null,0,0,0
910,0,null,0,0,0
911,0,null,0,0,0
912,0,null,0,0,0
913,1,primary_proton,1,1,1
914,0,null,0,0,0
915,0,null,0,0,0
916,0,null,0,0,0
917,0,null,0,0,0
918,0,null,0,0,0
919,0,null,0,0,0
920,12,pi+,1,1,1
921,0,null,0,0,0
922,0,null,0,0,0
923,0,null,0,0,0
924,0,null,0,0,0
925,0,null,0,0,0
926,0,null,0,0,0
927,0,null,0,0,0
928,0,null,0,0,0
929,0,null,0,0,0
930,0,null,0,0,0
931,0,null,0,0,0
932,0,null,0,0,0
934,0,null,0,0,0
935,0,null,0,0,0
936,2,secondary_proton,1,1,1
937,0,null,0,0,0
938,1,primary_proton,1,1,1
939,0,null,0,0,0
940,0,null,0,0,0
941,0,null,0,0,0
942,0,null,0,0,0
943,0,null,0,0,0
944,0,null,0,0,0
945,0,null,0,0,0
946,0,null,0,0,0
947,0,null,0,0,0
948,0,null,0,0,0
949,0,null,0,0,0
950,0,null,0,0,0
951,1,primary_proton,1,1,1
952,0,null,0,0,0
953,0,null,0,0,0
954,0,null,0,0,0
955,0,null,0,0,0
956,0,null,0,0,0
957,0,null,0,0,0
958,0,null,0,0,0
959,8,secondary_proton,1,1,1
960,0,null,0,0,0
961,0,null,0,0,0
962,0,null,0,0,0
963,0,null,0,0,0
964,0,null,0,0,0
965,0,null,0,0,0
966,0,null,0,0,0
967,0,null,0,0,0
968,0,null,0,0,0
969,0,null,0,0,0
970,0,null,0,0,0
971,0,null,0,0,0
972,0,null,0,0,0
973,0,null,0,0,0
974,0,null,0,0,0
975,0,null,0,0,0
976,0,null,0,0,0
977,0,null,0,0,0
978,0,null,0,0,0
979,0,null,0,0,0
980,1,primary_proton,1,1,1
981,0,null,0,0,0
982,0,null,0,0,0
983,6,pi+,1,0,0
984,0,null,0,0,0
985,0,null,0,0,0
986,0,null,0,0,0
987,0,null,0,0,0
988,0,null,0,0,0
989,0,null,0,0,0
990,1,primary_proton,1,1,1
991,0,null,0,0,0
992,0,null,0,0,0
993,0,null,0,0,0
994,0,null,0,0,0
995,0,null,0,0,0
996,0,null,0,0,0
997,0,null,0,0,0
998,0,null,0,0,0
999,0,null,0,0,0
1000,0,null,0,0,0
1001,0,null,0,0,0
1002,0,null,0,0,0
1003,0,null,0,0,0
1004,0,null,0,0,0
1005,0,null,0,0,0
1006,1,primary_proton,1,1,1
1007,0,null,0,0,0
1008,0,null,0,0,0
1009,0,null,0,0,0
1010,0,null,0,0,0
1011,6,secondary_proton,1,1,1
1012,0,null,0,0,0
1013,0,null,0,0,0
1014,0,null,0,0,0
1015,0,null,0,0,0
1016,0,null,0,0,0
1017,0,null,0,0,0
1018,0,null,0,0,0
1019,0,null,0,0,0
1020,0,null,0,0,0
1021,0,null,0,0,0
1022,0,null,0,0,0
1023,0,null,0,0,0
1024,0,null,0,0,0
1025,1,primary_proton,1,1,1
1026,0,null,0,0,0
1027,0,null,0,0,0
1028,0,null,0,0,0
1029,0,null,0,0,0
1030,0,null,0,0,0
1031,0,null,0,0,0
1032,0,null,0,0,0
1033,0,null,0,0,0
1034,0,null,0,0,0
1035,0,null,0,0,0
1036,0,null,0,0,0
1037,0,null,0,0,0
1038,0,null,0,0,0
1039,0,null,0,0,0
1040,0,null,0,0,0
1041,0,null,0,0,0
1042,0,null,0,0,0
1043,0,null,0,0,0
1044,0,null,0,0,0
1045,0,null,0,0,0
1046,0,null,0,0,0
1047,0,null,0,0,0
1048,0,null,0,0,0
1049,0,null,0,0,0
1050,4445,pi+,1,0,0
1051,0,null,0,0,0
1052,0,null,0,0,0
1053,0,null,0,0,0
1054,0,null,0,0,0
1055,0,null,0,0,0
1056,0,null,0,0,0
1057,0,null,0,0,0
1058,0,null,0,0,0
1059,0,null,0,0,0
1060,0,null,0,0,0
1061,0,null,0,0,0
1062,0,null,0,0,0
1063,0,null,0,0,0
1064,0,null,0,0,0
1065,0,null,0,0,0
1066,0,null,0,0,0
1067,0,null,0,0,0
1068,14,secondary_proton,1,0,0
1069,0,null,0,0,0
1070,0,null,0,0,0
1071,0,null,0,0,0
1072,0,null,0,0,0
1073,0,null,0,0,0
1074,0,null,0,0,0
1075,0,null,0,0,0
1076,0,null,0,0,0
1077,0,null,0,0,0
1078,0,null,0,0,0
1079,0,null,0,0,0
1080,0,null,0,0,0
1081,0,null,0,0,0
1082,0,null,0,0,0
1083,0,null,0,0,0
1084,0,null,0,0,0
1085,0,null,0,0,0
1086,0,null,0,0,0
1087,0,null,0,0,0
1088,0,null,0,0,0
1089,1,primary_proton,1,1,1
1090,0,null,0,0,0
1091,0,null,0,0,0
1092,0,null,0,0,0
1093,1,primary_proton,1,1,1
1094,0,null,0,0,0
1095,0,null,0,0,0
1096,0,null,0,0,0
1097,0,null,0,0,0
1098,0,null,0,0,0
1099,0,null,0,0,0
1100,0,null,0,0,0
1101,0,null,0,0,0
1102,0,null,0,0,0
1103,0,null,0,0,0
1104,0,null,0,0,0
1105,0,null,0,0,0
1106,21,secondary_proton,1,1,0
1107,0,null,0,0,0
1108,0,null,0,0,0
1109,0,null,0,0,0
1110,0,null,0,0,0
1111,0,null,0,0,0
1112,0,null,0,0,0
1113,0,null,0,0,0
1114,0,null,0,0,0
1115,2740,e-,1,0,0
1116,1,primary_proton,1,1,1
1117,0,null,0,0,0
1118,0,null,0,0,0
1119,0,null,0,0,0
1120,0,null,0,0,0
1121,0,null,0,0,0
1122,0,null,0,0,0
1123,0,null,0,0,0
1124,0,null,0,0,0
1125,0,null,0,0,0
1126,0,null,0,0,0
1127,0,null,0,0,0
1128,0,null,0,0,0
1129,0,null,0,0,0
1130,0,null,0,0,0
1131,0,null,0,0,0
1132,0,null,0,0,0
1133,0,null,0,0,0
1134,0,null,0,0,0
1135,0,null,0,0,0
1136,0,null,0,0,0
1137,0,null,0,0,0
1138,0,null,0,0,0
1139,0,null,0,0,0
1140,0,null,0,0,0
1141,0,null,0,0,0
1142,0,null,0,0,0
1143,0,null,0,0,0
1144,0,null,0,0,0
1145,0,null,0,0,0
1146,0,null,0,0,0
1147,0,null,0,0,0
1148,0,null,0,0,0
1149,0,null,0,0,0
1150,0,null,0,0,0
1151,0,null,0,0,0
1152,0,null,0,0,0
1153,0,null,0,0,0
1154,0,null,0,0,0
1155,0,null,0,0,0
1157,0,null,0,0,0
1158,0,null,0,0,0
1159,0,null,0,0,0
1160,0,null,0,0,0
1161,0,null,0,0,0
1162,0,null,0,0,0
1163,0,null,0,0,0
1164,0,null,0,0,0
1165,0,null,0,0,0
1166,0,null,0,0,0
1167,0,null,0,0,0
1168,0,null,0,0,0
1169,0,null,0,0,0
1170,0,null,0,0,0
1171,13,pi-,1,1,1
1172,0,null,0,0,0
1173,0,null,0,0,0
1174,0,null,0,0,0
1175,0,null,0,0,0
1176,0,null,0,0,0
1177,0,null,0,0,0
1178,0,null,0,0,0
1179,0,null,0,0,0
1180,0,null,0,0,0
1181,0,null,0,0,0
1182,0,null,0,0,0
1183,993,e-,1,1,1
1184,0,null,0,0,0
1185,0,null,0,0,0
1186,0,null,0,0,0
1187,0,null,0,0,0
1188,1,primary_proton,1,1,1
1189,0,null,0,0,0
1190,0,null,0,0,0
1191,0,null,0,0,0
1192,0,null,0,0,0
1193,0,null,0,0,0
1194,0,null,0,0,0
1195,0,null,0,0,0
1196,0,null,0,0,0
1197,0,null,0,0,0
1198,0,null,0,0,0
1199,0,null,0,0,0
1200,0,null,0,0,0
1201,0,null,0,0,0
1202,0,null,0,0,0
1203,0,null,0,0,0
1204,0,null,0,0,0
1205,0,null,0,0,0
1206,0,null,0,0,0
1207,0,null,0,0,0
1208,0,null,0,0,0
1209,0,null,0,0,0
1210,0,null,0,0,0
1211,0,null,0,0,0
1212,0,null,0,0,0
1213,0,null,0,0,0
1214,0,null,0,0,0
1215,0,null,0,0,0
1216,0,null,0,0,0
1217,0,null,0,0,0
1218,0,null,0,0,0
1219,0,null,0,0,0
1220,0,null,0,0,0
1221,0,null,0,0,0
1222,0,null,0,0,0
1223,0,null,0,0,0
1224,0,null,0,0,0
1225,0,null,0,0,0
1226,18,pi-,1,1,1
1227,0,null,0,0,0
1228,0,null,0,0,0
1229,0,null,0,0,0
1230,0,null,0,0,0
1231,0,null,0,0,0
1232,0,null,0,0,0
1233,0,null,0,0,0
1234,0,null,0,0,0
1235,0,null,0,0,0
1236,0,null,0,0,0
1237,0,null,0,0,0
1238,6,pi-,1,1,1
1239,0,null,0,0,0
1240,0,null,0,0,0
1241,0,null,0,0,0
1242,0,null,0,0,0
1243,0,null,0,0,0
1244,0,null,0,0,0
1245,0,null,0,0,0
1246,0,null,0,0,0
1247,0,null,0,0,0
1248,0,null,0,0,0
1249,0,null,0,0,0
1250,0,null,0,0,0
1251,0,null,0,0,0
1252,0,null,0,0,0
1253,0,null,0,0,0
1254,0,null,0,0,0
1255,0,null,0,0,0
1256,0,null,0,0,0
1257,0,null,0,0,0
1258,0,null,0,0,0
1259,0,null,0,0,0
1260,0,null,0,0,0
1261,0,null,0,0,0
1262,0,null,0,0,0
1263,0,null,0,0,0
1264,5,secondary_proton,1,1,1
1265,0,null,0,0,0
1266,1,primary_proton,1,1,1
1267,0,null,0,0,0
1268,0,null,0,0,0
1269,0,null,0,0,0
1270,5098,e-,1,0,0
1271,0,null,0,0,0
1272,0,null,0,0,0
1273,0,null,0,0,0
1274,0,null,0,0,0
1275,0,null,0,0,0
1276,0,null,0,0,0
1277,0,null,0,0,0
1278,0,null,0,0,0
1279,0,null,0,0,0
1280,0,null,0,0,0
1281,0,null,0,0,0
1282,0,null,0,0,0
1283,0,null,0,0,0
1284,0,null,0,0,0
1285,11,pi+,1,1,1
1286,0,null,0,0,0
1287,0,null,0,0,0
1288,1,primary_proton,1,1,1
1289,0,null,0,0,0
1290,0,null,0,0,0
1291,0,null,0,0,0
1292,0,null,0,0,0
1293,0,null,0,0,0
1294,0,null,0,0,0
1295,0,null,0,0,0
1296,0,null,0,0,0
1297,0,null,0,0,0
1298,0,null,0,0,0
1299,1,primary_proton,1,1,1
1300,0,null,0,0,0
1301,0,null,0,0,0
1302,0,null,0,0,0
1303,0,null,0,0,0
1304,0,null,0,0,0
1305,0,null,0,0,0
1306,0,null,0,0,0
1307,0,null,0,0,0
1308,0,null,0,0,0
1309,0,null,0,0,0
1310,0,null,0,0,0
1311,0,null,0,0,0
1312,0,null,0,0,0
1313,0,null,0,0,0
1314,0,null,0,0,0
1315,0,null,0,0,0
1316,0,null,0,0,0
1317,0,null,0,0,0
1318,0,null,0,0,0
1319,0,null,0,0,0
1320,0,null,0,0,0
1321,0,null,0,0,0
1322,0,null,0,0,0
1323,0,null,0,0,0
1324,0,null,0,0,0
1325,0,null,0,0,0
1326,0,null,0,0,0
1327,0,null,0,0,0
1328,0,null,0,0,0
1329,0,null,0,0,0
1330,0,null,0,0,0
1331,0,null,0,0,0
1332,0,null,0,0,0
1333,0,null,0,0,0
1334,0,null,0,0,0
1335,0,null,0,0,0
1336,0,null,0,0,0
1337,0,null,0,0,0
1338,0,null,0,0,0
1339,12,pi+,1,1,1
1340,0,null,0,0,0
1341,0,null,0,0,0
1342,0,null,0,0,0
1343,0,null,0,0,0
1344,1,primary_proton,1,1,1
1345,0,null,0,0,0
1346,0,null,0,0,0
1347,0,null,0,0,0
1348,0,null,0,0,0
1349,0,null,0,0,0
1350,0,null,0,0,0
1351,0,null,0,0,0
1352,0,null,0,0,0
1353,0,null,0,0,0
1354,0,null,0,0,0
1355,0,null,0,0,0
1356,0,null,0,0,0
1357,0,null,0,0,0
1358,0,null,0,0,0
1359,0,null,0,0,0
1360,0,null,0,0,0
1361,0,null,0,0,0
1362,0,null,0,0,0
1363,0,null,0,0,0
1364,0,null,0,0,0
1365,1,primary_proton,1,1,1
1366,0,null,0,0,0
1367,0,null,0,0,0
1368,0,null,0,0,0
1369,0,null,0,0,0
1370,0,null,0,0,0
1371,1,primary_proton,1,1,1
1372,1,primary_proton,1,1,1
1373,0,null,0,0,0
1374,0,null,0,0,0
1375,0,null,0,0,0
1376,0,null,0,0,0
1377,0,null,0,0,0
1379,0,null,0,0,0
1380,0,null,0,0,0
1381,0,null,0,0,0
1382,0,null,0,0,0
1383,1,primary_proton,1,1,1
1384,0,null,0,0,0
1385,0,null,0,0,0
1386,0,null,0,0,0
1387,0,null,0,0,0
1388,0,null,0,0,0
1389,0,null,0,0,0
1390,0,null,0,0,0
1391,0,null,0,0,0
1392,0,null,0,0,0
1393,0,null,0,0,0
1394,0,null,0,0,0
1395,0,null,0,0,0
1396,0,null,0,0,0
1397,0,null,0,0,0
1398,0,null,0,0,0
1399,0,null,0,0,0
1400,0,null,0,0,0
1401,0,null,0,0,0
1402,0,null,0,0,0
1403,0,null,0,0,0
1404,0,null,0,0,0
1405,0,null,0,0,0
1406,0,null,0,0,0
1407,0,null,0,0,0
1408,0,null,0,0,0
1409,0,null,0,0,0
1410,0,null,0,0,0
1411,0,null,0,0,0
1412,0,null,0,0,0
1413,0,null,0,0,0
1414,0,null,0,0,0
1415,0,null,0,0,0
1416,1,primary_proton,1,1,1
1417,0,null,0,0,0
1418,0,null,0,0,0
1419,0,null,0,0,0
1420,0,null,0,0,0
1421,0,null,0,0,0
1422,0,null,0,0,0
1423,17,pi-,1,1,1
1424,0,null,0,0,0
1425,0,null,0,0,0
1426,0,null,0,0,0
1427,0,null,0,0,0
1428,0,null,0,0,0
1429,0,null,0,0,0
1430,0,null,0,0,0
1431,0,null,0,0,0
1432,0,null,0,0,0
1433,1,primary_proton,1,1,1
1434,0,null,0,0,0
1435,0,null,0,0,0
1436,0,null,0,0,0
1437,0,null,0,0,0
1438,0,null,0,0,0
1439,0,null,0,0,0
1440,81,secondary_proton,1,0,0
1441,2012,secondary_proton,1,1,1
1442,0,null,0,0,0
1443,0,null,0,0,0
1444,0,null,0,0,0
1445,0,null,0,0,0
1446,1,primary_proton,1,1,1
1447,0,null,0,0,0
1448,0,null,0,0,0
1449,0,null,0,0,0
1450,0,null,0,0,0
1451,0,null,0,0,0
1452,0,null,0,0,0
1453,0,null,0,0,0
1454,0,null,0,0,0
1455,0,null,0,0,0
1456,0,null,0,0,0
1457,0,null,0,0,0
1458,0,null,0,0,0
1459,0,null,0,0,0
1460,0,null,0,0,0
1461,0,null,0,0,0
1462,0,null,0,0,0
1463,0,null,0,0,0
1464,0,null,0,0,0
1465,0,null,0,0,0
1466,0,null,0,0,0
1467,38,pi+,1,1,1
1468,0,null,0,0,0
1469,0,null,0,0,0
1470,0,null,0,0,0
1471,0,null,0,0,0
1472,0,null,0,0,0
1473,0,null,0,0,0
1474,0,null,0,0,0
1475,0,null,0,0,0
1476,0,null,0,0,0
1477,0,null,0,0,0
1478,0,null,0,0,0
1479,0,null,0,0,0
1480,0,null,0,0,0
1481,0,null,0,0,0
1482,0,null,0,0,0
1483,0,null,0,0,0
1484,0,null,0,0,0
1485,0,null,0,0,0
1486,0,null,0,0,0
1487,0,null,0,0,0
1488,0,null,0,0,0
1489,0,null,0,0,0
1490,0,null,0,0,0
1491,0,null,0,0,0
1492,0,null,0,0,0
1493,0,null,0,0,0
1494,0,null,0,0,0
1495,0,null,0,0,0
1496,0,null,0,0,0
1497,0,null,0,0,0
1498,0,null,0,0,0
1499,0,null,0,0,0
1500,0,null,0,0,0
1501,0,null,0,0,0
1502,0,null,0,0,0
1503,0,null,0,0,0
1504,0,null,0,0,0
1505,0,null,0,0,0
1506,0,null,0,0,0
1507,0,null,0,0,0
1508,0,null,0,0,0
1509,18,pi+,1,0,0
1510,0,null,0,0,0
1511,0,null,0,0,0
1512,0,null,0,0,0
1513,5,pi-,1,1,1
1514,0,null,0,0,0
1515,0,null,0,0,0
1516,0,null,0,0,0
1517,0,null,0,0,0
1518,0,null,0,0,0
1519,0,null,0,0,0
1520,0,null,0,0,0
1521,0,null,0,0,0
1522,1,primary_proton,1,1,1
1523,0,null,0,0,0
1524,0,null,0,0,0
1525,0,null,0,0,0
1526,0,null,0,0,0
1527,0,null,0,0,0
1528,0,null,0,0,0
1529,0,null,0,0,0
1530,0,null,0,0,0
1531,1,primary_proton,1,1,1
1532,0,null,0,0,0
1533,0,null,0,0,0
1534,0,null,0,0,0
1535,0,null,0,0,0
1536,0,null,0,0,0
1537,0,null,0,0,0
1538,0,null,0,0,0
1539,0,null,0,0,0
1540,1,primary_proton,1,1,1
1541,0,null,0,0,0
1542,0,null,0,0,0
1543,0,null,0,0,0
1544,0,null,0,0,0
1545,0,null,0,0,0
1546,0,null,0,0,0
1547,0,null,0,0,0
1548,0,null,0,0,0
1549,13,pi-,1,1,0
1550,0,null,0,0,0
1551,0,null,0,0,0
1552,0,null,0,0,0
1553,0,null,0,0,0
1554,0,null,0,0,0
1555,0,null,0,0,0
1556,0,null,0,0,0
1557,0,null,0,0,0
1558,1,primary_proton,1,1,1
1559,0,null,0,0,0
1560,0,null,0,0,0
1561,0,null,0,0,0
1562,0,null,0,0,0
1563,0,null,0,0,0
1564,0,null,0,0,0
1565,0,null,0,0,0
1566,0,null,0,0,0
1567,0,null,0,0,0
1568,0,null,0,0,0
1569,0,null,0,0,0
1570,0,null,0,0,0
1571,0,null,0,0,0
1572,0,null,0,0,0
1573,0,null,0,0,0
1574,0,null,0,0,0
1575,0,null,0,0,0
1576,0,null,0,0,0
1577,0,null,0,0,0
1578,0,null,0,0,0
1579,0,null,0,0,0
1580,0,null,0,0,0
1581,0,null,0,0,0
1582,0,null,0,0,0
1583,0,null,0,0,0
1584,0,null,0,0,0
1585,0,null,0,0,0
1586,0,null,0,0,0
1587,0,null,0,0,0
1588,0,null,0,0,0
1589,0,null,0,0,0
1590,0,null,0,0,0
1591,0,null,0,0,0
1592,0,null,0,0,0
1593,0,null,0,0,0
1594,0,null,0,0,0
1595,7,secondary_proton,1,1,0
1596,0,null,0,0,0
1597,0,null,0,0,0
1598,0,null,0,0,0
1600,0,null,0,0,0
1601,0,null,0,0,0
1602,1,primary_proton,1,1,1
1603,0,null,0,0,0
1604,0,null,0,0,0
1605,0,null,0,0,0
1606,0,null,0,0,0
1607,0,null,0,0,0
1608,0,null,0,0,0
1609,0,null,0,0,0
1610,0,null,0,0,0
1611,3,secondary_proton,1,1,1
1612,0,null,0,0,0
1613,0,null,0,0,0
1614,0,null,0,0,0
1615,0,null,0,0,0
1616,0,null,0,0,0
1617,0,null,0,0,0
1618,6,secondary_proton,1,1,1
1619,0,null,0,0,0
1620,0,null,0,0,0
1621,0,null,0,0,0
1622,0,null,0,0,0
1623,0,null,0,0,0
1624,0,null,0,0,0
1625,0,null,0,0,0
1626,0,null,0,0,0
1627,0,null,0,0,0
1628,0,null,0,0,0
1629,0,null,0,0,0
1630,0,null,0,0,0
1631,0,null,0,0,0
1632,1,primary_proton,1,1,1
1633,0,null,0,0,0
1634,0,null,0,0,0
1635,0,null,0,0,0
1636,0,null,0,0,0
1637,0,null,0,0,0
1638,1,primary_proton,1,1,0
1639,0,null,0,0,0
1640,0,null,0,0,0
1641,0,null,0,0,0
1642,0,null,0,0,0
1643,0,null,0,0,0
1644,0,null,0,0,0
1645,0,null,0,0,0
1646,0,null,0,0,0
1647,0,null,0,0,0
1648,1,primary_proton,1,1,1
1649,0,null,0,0,0
1650,0,null,0,0,0
1651,2553,e-,0,1,0
1652,0,null,0,0,0
1653,0,null,0,0,0
1654,0,null,0,0,0
1655,0,null,0,0,0
1656,0,null,0,0,0
1657,0,null,0,0,0
1658,0,null,0,0,0
1659,0,null,0,0,0
1660,0,null,0,0,0
1661,0,null,0,0,0
1662,0,null,0,0,0
1663,0,null,0,0,0
1664,0,null,0,0,0
1665,0,null,0,0,0
1666,0,null,0,0,0
1667,1,primary_proton,1,1,1
1668,0,null,0,0,0
1669,0,null,0,0,0
1670,0,null,0,0,0
1671,0,null,0,0,0
1672,0,null,0,0,0
1673,0,null,0,0,0
1674,0,null,0,0,0
1675,0,null,0,0,0
1676,0,null,0,0,0
1677,0,null,0,0,0
1678,0,null,0,0,0
1679,0,null,0,0,0
1680,0,null,0,0,0
1681,0,null,0,0,0
1682,0,null,0,0,0
1683,0,null,0,0,0
1684,0,null,0,0,0
1685,0,null,0,0,0
1686,0,null,0,0,0
1687,0,null,0,0,0
1688,0,null,0,0,0
1689,0,null,0,0,0
1690,0,null,0,0,0
1691,0,null,0,0,0
1692,0,null,0,0,0
1693,0,null,0,0,0
1694,0,null,0,0,0
1695,0,null,0,0,0
1696,0,null,0,0,0
1697,6,secondary_proton,1,1,1
1698,0,null,0,0,0
1699,0,null,0,0,0
1700,0,null,0,0,0
1701,0,null,0,0,0
1702,0,null,0,0,0
1703,0,null,0,0,0
1704,0,null,0,0,0
1705,0,null,0,0,0
1706,0,null,0,0,0
1707,0,null,0,0,0
1708,0,null,0,0,0
1709,0,null,0,0,0
1710,0,null,0,0,0
1711,1092,secondary_proton,1,1,1
1712,0,null,0,0,0
1713,0,null,0,0,0
1714,0,null,0,0,0
1715,0,null,0,0,0
1716,0,null,0,0,0
1717,0,null,0,0,0
1718,0,null,0,0,0
1719,0,null,0,0,0
1720,0,null,0,0,0
1721,0,null,0,0,0
1722,0,null,0,0,0
1723,0,null,0,0,0
1724,0,null,0,0,0
1725,0,null,0,0,0
1726,0,null,0,0,0
1727,0,null,0,0,0
1728,0,null,0,0,0
1729,0,null,0,0,0
1730,0,null,0,0,0
1731,0,null,0,0,0
1732,0,null,0,0,0
1733,0,null,0,0,0
1734,0,null,0,0,0
1735,0,null,0,0,0
1736,0,null,0,0,0
1737,0,null,0,0,0
1738,0,null,0,0,0
1739,0,null,0,0,0
1740,0,null,0,0,0
1741,0,null,0,0,0
1742,3460,e-,1,0,1
1743,0,null,0,0,0
1744,1,primary_proton,1,1,1
1745,0,null,0,0,0
1746,12,pi-,1,1,1
1747,0,null,0,0,0
1748,0,null,0,0,0
1749,0,null,0,0,0
1750,0,null,0,0,0
1751,0,null,0,0,0
1752,0,null,0,0,0
1753,0,null,0,0,0
1754,0,null,0,0,0
1755,0,null,0,0,0
1756,0,null,0,0,0
1757,0,null,0,0,0
1758,0,null,0,0,0
1759,0,null,0,0,0
1760,0,null,0,0,0
1761,1,primary_proton,1,1,1
1762,0,null,0,0,0
1763,0,null,0,0,0
1764,0,null,0,0,0
1765,0,null,0,0,0
1766,0,null,0,0,0
1767,0,null,0,0,0
1768,0,null,0,0,0
1769,0,null,0,0,0
1770,0,null,0,0,0
1771,0,null,0,0,0
1772,0,null,0,0,0
1773,0,null,0,0,0
1774,0,null,0,0,0
1775,0,null,0,0,0
1776,0,null,0,0,0
1777,1,primary_proton,1,1,1
1778,0,null,0,0,0
1779,0,null,0,0,0
1780,0,null,0,0,0
1781,0,null,0,0,0
1782,0,null,0,0,0
1783,0,null,0,0,0
1784,0,null,0,0,0
1785,0,null,0,0,0
1786,0,null,0,0,0
1787,0,null,0,0,0
1788,0,null,0,0,0
1789,0,null,0,0,0
1790,0,null,0,0,0
1791,0,null,0,0,0
1792,0,null,0,0,0
1793,0,null,0,0,0
1794,0,null,0,0,0
1795,267,secondary_proton,1,1,1
1796,0,null,0,0,0
1797,0,null,0,0,0
1798,0,null,0,0,0
1799,0,null,0,0,0
1800,0,null,0,0,0
1801,0,null,0,0,0
1802,0,null,0,0,0
1803,0,null,0,0,0
1804,0,null,0,0,0
1805,0,null,0,0,0
1806,0,null,0,0,0
1807,0,null,0,0,0
1808,0,null,0,0,0
1809,0,null,0,0,0
1810,0,null,0,0,0
1811,0,null,0,0,0
1812,0,null,0,0,0
1813,0,null,0,0,0
1814,0,null,0,0,0
1815,0,null,0,0,0
1816,0,null,0,0,0
1817,0,null,0,0,0
1819,0,null,0,0,0
1820,0,null,0,0,0
1821,1,primary_proton,1,1,1
1822,0,null,0,0,0
1823,1,primary_proton,1,1,1
1824,0,null,0,0,0
1825,0,null,0,0,0
1826,0,null,0,0,0
1827,0,null,0,0,0
1828,0,null,0,0,0
1829,0,null,0,0,0
1830,1,primary_proton,1,1,1
1831,0,null,0,0,0
1832,0,null,0,0,0
1833,0,null,0,0,0
1834,0,null,0,0,0
1835,0,null,0,0,0
1836,0,null,0,0,0
1837,0,null,0,0,0
1838,0,null,0,0,0
1839,0,null,0,0,0
1840,4652,pi+,1,0,0
1841,0,null,0,0,0
1842,0,null,0,0,0
1843,0,null,0,0,0
1844,0,null,0,0,0
1845,0,null,0,0,0
1846,0,null,0,0,0
1847,0,null,0,0,0
1848,0,null,0,0,0
1849,0,null,0,0,0
1850,0,null,0,0,0
1851,0,null,0,0,0
1852,20,pi-,1,1,1
1853,0,null,0,0,0
1854,0,null,0,0,0
1855,0,null,0,0,0
1856,0,null,0,0,0
1857,0,null,0,0,0
1858,0,null,0,0,0
1859,0,null,0,0,0
1860,0,null,0,0,0
1861,0,null,0,0,0
1862,0,null,0,0,0
1863,0,null,0,0,0
1864,0,null,0,0,0
1865,0,null,0,0,0
1866,0,null,0,0,0
1867,0,null,0,0,0
1868,0,null,0,0,0
1869,1,primary_proton,1,1,1
1870,0,null,0,0,0
1871,0,null,0,0,0
1872,0,null,0,0,0
1873,0,null,0,0,0
1874,0,null,0,0,0
1875,0,null,0,0,0
1876,0,null,0,0,0
1877,7,pi+,1,1,1
1878,0,null,0,0,0
1879,0,null,0,0,0
1880,0,null,0,0,0
1881,0,null,0,0,0
1882,0,null,0,0,0
1883,0,null,0,0,0
1884,0,null,0,0,0
1885,0,null,0,0,0
1886,0,null,0,0,0
1887,0,null,0,0,0
1888,0,null,0,0,0
1889,0,null,0,0,0
1890,0,null,0,0,0
1891,0,null,0,0,0
1892,0,null,0,0,0
1893,0,null,0,0,0
1894,0,null,0,0,0
1895,0,null,0,0,0
1896,0,null,0,0,0
1897,0,null,0,0,0
1898,0,null,0,0,0
1899,0,null,0,0,0
1900,0,null,0,0,0
1901,0,null,0,0,0
1902,0,null,0,0,0
1903,0,null,0,0,0
1904,0,null,0,0,0
1905,0,null,0,0,0
1906,0,null,0,0,0
1907,0,null,0,0,0
1908,0,null,0,0,0
1909,0,null,0,0,0
1910,0,null,0,0,0
1911,0,null,0,0,0
1912,0,null,0,0,0
1913,762,e-,0,1,1
1914,0,null,0,0,0
1915,0,null,0,0,0
1916,0,null,0,0,0
1917,0,null,0,0,0
1918,0,null,0,0,0
1919,0,null,0,0,0
1920,0,null,0,0,0
1921,587,e-,0,1,1
1922,0,null,0,0,0
1923,0,null,0,0,0
1924,0,null,0,0,0
1925,0,null,0,0,0
1926,0,null,0,0,0
1927,0,null,0,0,0
1928,0,null,0,0,0
1929,0,null,0,0,0
1930,0,null,0,0,0
1931,0,null,0,0,0
1932,0,null,0,0,0
1933,0,null,0,0,0
1934,0,null,0,0,0
1935,0,null,0,0,0
1936,0,null,0,0,0
1937,0,null,0,0,0
1938,0,null,0,0,0
1939,0,null,0,0,0
1940,0,null,0,0,0
1941,0,null,0,0,0
1942,0,null,0,0,0
1943,0,null,0,0,0
1944,0,null,0,0,0
1945,0,null,0,0,0
1946,0,null,0,0,0
1947,0,null,0,0,0
1948,0,null,0,0,0
1949,0,null,0,0,0
1950,0,null,0,0,0
1951,0,null,0,0,0
1952,0,null,0,0,0
1953,0,null,0,0,0
1954,0,null,0,0,0
1955,0,null,0,0,0
1956,0,null,0,0,0
1957,0,null,0,0,0
1958,0,null,0,0,0
1959,0,null,0,0,0
1960,0,null,0,0,0
1961,0,null,0,0,0
1962,0,null,0,0,0
1963,0,null,0,0,0
1964,0,null,0,0,0
1965,0,null,0,0,0
1966,0,null,0,0,0
1967,10,secondary_proton,1,1,0
1968,0,null,0,0,0
1969,0,null,0,0,0
1970,1,primary_proton,1,1,1
1971,0,null,0,0,0
1972,0,null,0,0,0
1973,0,null,0,0,0
1974,10,pi-,1,1,1
1975,0,null,0,0,0
1976,0,null,0,0,0
1977,1,primary_proton,1,1,1
1978,0,null,0,0,0
1979,0,null,0,0,0
1980,0,null,0,0,0
1981,0,null,0,0,0
1982,0,null,0,0,0
1983,0,null,0,0,0
1984,0,null,0,0,0
1985,0,null,0,0,0
1986,0,null,0,0,0
1987,0,null,0,0,0
1988,0,null,0,0,0
1989,0,null,0,0,0
1990,0,null,0,0,0
1991,0,null,0,0,0
1992,0,null,0,0,0
1993,0,null,0,0,0
1994,0,null,0,0,0
1995,0,null,0,0,0
1996,0,null,0,0,0
1997,0,null,0,0,0
1998,0,null,0,0,0
1999,0,null,0,0,0
2000,0,null,0,0,0
2001,0,null,0,0,0
2002,0,null,0,0,0
2003,0,null,0,0,0
2004,12,pi+,1,1,0
2005,0,null,0,0,0
2006,0,null,0,0,0
2007,0,null,0,0,0
2008,0,null,0,0,0
2009,0,null,0,0,0
2010,0,null,0,0,0
2011,1,primary_proton,1,1,1
2012,0,null,0,0,0
2013,0,null,0,0,0
2014,0,null,0,0,0
2015,0,null,0,0,0
2016,0,null,0,0,0
2017,0,null,0,0,0
2018,0,null,0,0,0
2019,0,null,0,0,0
2020,0,null,0,0,0
2021,0,null,0,0,0
2022,0,null,0,0,0
2023,0,null,0,0,0
2024,0,null,0,0,0
2025,0,null,0,0,0
2026,0,null,0,0,0
2027,0,null,0,0,0
2028,0,null,0,0,0
2029,1,primary_proton,1,1,1
2030,0,null,0,0,0
2031,0,null,0,0,0
2032,0,null,0,0,0
2033,0,null,0,0,0
2034,0,null,0,0,0
2035,0,null,0,0,0
2036,0,null,0,0,0
2037,0,null,0,0,0
2038,0,null,0,0,0
2039,0,null,0,0,0
2041,0,null,0,0,0
2042,0,null,0,0,0
2043,0,null,0,0,0
2044,0,null,0,0,0
2045,0,null,0,0,0
2046,0,null,0,0,0
2047,0,null,0,0,0
2048,0,null,0,0,0
2049,0,null,0,0,0
2050,0,null,0,0,0
2051,0,null,0,0,0
2052,0,null,0,0,0
2053,0,null,0,0,0
2054,0,null,0,0,0
2055,0,null,0,0,0
2056,0,null,0,0,0
2057,0,null,0,0,0
2058,0,null,0,0,0
2059,0,null,0,0,0
2060,0,null,0,0,0
2061,0,null,0,0,0
2062,0,null,0,0,0
2063,0,null,0,0,0
2064,0,null,0,0,0
2065,0,null,0,0,0
2066,0,null,0,0,0
2067,0,null,0,0,0
2068,0,null,0,0,0
2069,0,null,0,0,0
2070,0,null,0,0,0
2071,0,null,0,0,0
2072,0,null,0,0,0
2073,0,null,0,0,0
2074,0,null,0,0,0
2075,0,null,0,0,0
2076,0,null,0,0,0
2077,0,null,0,0,0
2078,0,null,0,0,0
2079,0,null,0,0,0
2080,0,null,0,0,0
2081,0,null,0,0,0
2082,0,null,0,0,0
2083,0,null,0,0,0
2084,0,null,0,0,0
2085,0,null,0,0,0
2086,0,null,0,0,0
2087,0,null,0,0,0
2088,0,null,0,0,0
2089,0,null,0,0,0
2090,0,null,0,0,0
2091,0,null,0,0,0
2092,0,null,0,0,0
2093,0,null,0,0,0
2094,0,null,0,0,0
2095,0,null,0,0,0
2096,0,null,0,0,0
2097,0,null,0,0,0
2098,0,null,0,0,0
2099,0,null,0,0,0
2100,0,null,0,0,0
2101,0,null,0,0,0
2102,0,null,0,0,0
2103,0,null,0,0,0
2104,0,null,0,0,0
2105,0,null,0,0,0
2106,0,null,0,0,0
2107,0,null,0,0,0
2108,0,null,0,0,0
2109,0,null,0,0,0
2110,0,null,0,0,0
2111,0,null,0,0,0
2112,0,null,0,0,0
2113,0,null,0,0,0
2114,0,null,0,0,0
2115,4,secondary_proton,1,1,1
2116,0,null,0,0,0
2117,0,null,0,0,0
2118,0,null,0,0,0
2119,0,null,0,0,0
2120,1,primary_proton,1,1,1
2121,0,null,0,0,0
2122,0,null,0,0,0
2123,0,null,0,0,0
2124,0,null,0,0,0
2125,0,null,0,0,0
2126,0,null,0,0,0
2127,0,null,0,0,0
2128,0,null,0,0,0
2129,0,null,0,0,0
2130,0,null,0,0,0
2131,0,null,0,0,0
2132,0,null,0,0,0
2133,0,null,0,0,0
2134,0,null,0,0,0
2135,0,null,0,0,0
2136,0,null,0,0,0
2137,0,null,0,0,0
2138,0,null,0,0,0
2139,0,null,0,0,0
2140,0,null,0,0,0
2141,0,null,0,0,0
2142,0,null,0,0,0
2143,0,null,0,0,0
2144,0,null,0,0,0
2145,0,null,0,0,0
2146,0,null,0,0,0
2147,0,null,0,0,0
2148,0,null,0,0,0
2149,0,null,0,0,0
2150,1,primary_proton,1,1,1
2151,0,null,0,0,0
2152,0,null,0,0,0
2153,0,null,0,0,0
2154,0,null,0,0,0
2155,0,null,0,0,0
2156,17,pi-,1,1,1
2157,0,null,0,0,0
2158,0,null,0,0,0
2159,0,null,0,0,0
2160,7,secondary_proton,1,1,1
2161,0,null,0,0,0
2162,0,null,0,0,0
2163,0,null,0,0,0
2164,0,null,0,0,0
2165,0,null,0,0,0
2166,0,null,0,0,0
2167,13,secondary_proton,1,1,1
2168,0,null,0,0,0
2169,0,null,0,0,0
2170,1,primary_proton,1,1,1
2171,0,null,0,0,0
2172,0,null,0,0,0
2173,0,null,0,0,0
2174,0,null,0,0,0
2175,0,null,0,0,0
2176,0,null,0,0,0
2177,0,null,0,0,0
2178,0,null,0,0,0
2179,0,null,0,0,0
2180,0,null,0,0,0
2181,0,null,0,0,0
2182,0,null,0,0,0
2183,0,null,0,0,0
2184,0,null,0,0,0
2185,0,null,0,0,0
2186,0,null,0,0,0
2187,0,null,0,0,0
2188,0,null,0,0,0
2189,0,null,0,0,0
2190,0,null,0,0,0
2191,0,null,0,0,0
2192,0,null,0,0,0
2193,1,primary_proton,1,1,1
2194,0,null,0,0,0
2195,0,null,0,0,0
2196,0,null,0,0,0
2197,0,null,0,0,0
2198,0,null,0,0,0
2199,0,null,0,0,0
2200,0,null,0,0,0
2201,0,null,0,0,0
2202,0,null,0,0,0
2203,0,null,0,0,0
2204,0,null,0,0,0
2205,0,null,0,0,0
2206,0,null,0,0,0
2207,0,null,0,0,0
2208,0,null,0,0,0
2209,0,null,0,0,0
2210,0,null,0,0,0
2211,0,null,0,0,0
2212,0,null,0,0,0
2213,0,null,0,0,0
2214,0,null,0,0,0
2215,0,null,0,0,0
2216,0,null,0,0,0
2217,0,null,0,0,0
2218,0,null,0,0,0
2219,0,null,0,0,0
2220,0,null,0,0,0
2221,0,null,0,0,0
2222,0,null,0,0,0
2223,0,null,0,0,0
2224,0,null,0,0,0
2225,0,null,0,0,0
2226,0,null,0,0,0
2227,0,null,0,0,0
2228,0,null,0,0,0
2229,1,primary_proton,1,1,1
2230,0,null,0,0,0
2231,0,null,0,0,0
2232,0,null,0,0,0
2233,0,null,0,0,0
2234,0,null,0,0,0
2235,0,null,0,0,0
2236,0,null,0,0,0
2237,0,null,0,0,0
2238,0,null,0,0,0
2239,0,null,0,0,0
2240,0,null,0,0,0
2241,0,null,0,0,0
2242,0,null,0,0,0
2243,0,null,0,0,0
2244,0,null,0,0,0
2245,0,null,0,0,0
2246,0,null,0,0,0
2247,0,null,0,0,0
2248,0,null,0,0,0
2249,0,null,0,0,0
2250,0,null,0,0,0
2251,0,null,0,0,0
2252,0,null,0,0,0
2253,0,null,0,0,0
2254,0,null,0,0,0
2255,0,null,0,0,0
2256,0,null,0,0,0
2257,0,null,0,0,0
2258,0,null,0,0,0
2259,0,null,0,0,0
2260,0,null,0,0,0
2261,0,null,0,0,0
2262,0,null,0,0,0
2264,0,null,0,0,0
2265,0,null,0,0,0
2266,0,null,0,0,0
2267,0,null,0,0,0
2268,0,null,0,0,0
2269,0,null,0,0,0
2270,0,null,0,0,0
2271,0,null,0,0,0
2272,0,null,0,0,0
2273,0,null,0,0,0
2274,0,null,0,0,0
2275,1,primary_proton,1,1,1
2276,0,null,0,0,0
2277,0,null,0,0,0
2278,0,null,0,0,0
2279,0,null,0,0,0
2280,0,null,0,0,0
2281,4,secondary_proton,1,1,1
2282,0,null,0,0,0
2283,0,null,0,0,0
2284,0,null,0,0,0
2285,0,null,0,0,0
2286,0,null,0,0,0
2287,0,null,0,0,0
2288,0,null,0,0,0
2289,0,null,0,0,0
2290,0,null,0,0,0
2291,0,null,0,0,0
2292,0,null,0,0,0
2293,1,primary_proton,1,1,1
2294,0,null,0,0,0
2295,0,null,0,0,0
2296,0,null,0,0,0
2297,0,null,0,0,0
2298,0,null,0,0,0
2299,0,null,0,0,0
2300,0,null,0,0,0
2301,0,null,0,0,0
2302,0,null,0,0,0
2303,0,null,0,0,0
2304,0,null,0,0,0
2305,0,null,0,0,0
2306,0,null,0,0,0
2307,0,null,0,0,0
2308,0,null,0,0,0
2309,0,null,0,0,0
2310,0,null,0,0,0
2311,0,null,0,0,0
2312,0,null,0,0,0
2313,0,null,0,0,0
2314,0,null,0,0,0
2315,0,null,0,0,0
2316,0,null,0,0,0
2317,0,null,0,0,0
2318,0,null,0,0,0
2319,0,null,0,0,0
2320,0,null,0,0,0
2321,0,null,0,0,0
2322,0,null,0,0,0
2323,0,null,0,0,0
2324,0,null,0,0,0
2325,0,null,0,0,0
2326,5,secondary_proton,1,1,1
2327,0,null,0,0,0
2328,0,null,0,0,0
2329,0,null,0,0,0
2330,0,null,0,0,0
2331,0,null,0,0,0
2332,0,null,0,0,0
2333,0,null,0,0,0
2334,0,null,0,0,0
2335,0,null,0,0,0
2336,0,null,0,0,0
2337,0,null,0,0,0
2338,0,null,0,0,0
2339,0,null,0,0,0
2340,0,null,0,0,0
2341,0,null,0,0,0
2342,0,null,0,0,0
2343,0,null,0,0,0
2344,0,null,0,0,0
2345,0,null,0,0,0
2346,0,null,0,0,0
2347,0,null,0,0,0
2348,0,null,0,0,0
2349,0,null,0,0,0
2350,0,null,0,0,0
2351,0,null,0,0,0
2352,0,null,0,0,0
2353,1,primary_proton,1,1,1
2354,0,null,0,0,0
2355,0,null,0,0,0
2356,0,null,0,0,0
2357,0,null,0,0,0
2358,0,null,0,0,0
2359,0,null,0,0,0
2360,0,null,0,0,0
2361,0,null,0,0,0
2362,0,null,0,0,0
2363,0,null,0,0,0
2364,0,null,0,0,0
2365,0,null,0,0,0
2366,0,null,0,0,0
2367,0,null,0,0,0
2368,0,null,0,0,0
2369,0,null,0,0,0
2370,0,null,0,0,0
2371,0,null,0,0,0
2372,0,null,0,0,0
2373,0,null,0,0,0
2374,0,null,0,0,0
2375,0,null,0,0,0
2376,0,null,0,0,0
2377,0,null,0,0,0
2378,0,null,0,0,0
2379,0,null,0,0,0
2380,0,null,0,0,0
2381,0,null,0,0,0
2382,0,null,0,0,0
2383,0,null,0,0,0
2384,0,null,0,0,0
2385,0,null,0,0,0
2386,0,null,0,0,0
2387,0,null,0,0,0
2388,0,null,0,0,0
2389,0,null,0,0,0
2390,0,null,0,0,0
2391,0,null,0,0,0
2392,0,null,0,0,0
2393,0,null,0,0,0
2394,0,null,0,0,0
2395,0,null,0,0,0
2396,0,null,0,0,0
2397,0,null,0,0,0
2398,0,null,0,0,0
2399,0,null,0,0,0
2400,1,primary_proton,1,1,1
2401,0,null,0,0,0
2402,0,null,0,0,0
2403,0,null,0,0,0
2404,1,primary_proton,1,1,1
2405,0,null,0,0,0
2406,0,null,0,0,0
2407,0,null,0,0,0
2408,0,null,0,0,0
2409,0,null,0,0,0
2410,3332,pi+,1,0,0
2411,0,null,0,0,0
2412,0,null,0,0,0
2413,0,null,0,0,0
2414,0,null,0,0,0
2415,1154,secondary_proton,1,0,0
2416,0,null,0,0,0
2417,0,null,0,0,0
2418,0,null,0,0,0
2419,0,null,0,0,0
2420,0,null,0,0,0
2421,0,null,0,0,0
2422,0,null,0,0,0
2423,0,null,0,0,0
2424,0,null,0,0,0
2425,0,null,0,0,0
2426,0,null,0,0,0
2427,0,null,0,0,0
2428,0,null,0,0,0
2429,0,null,0,0,0
2430,0,null,0,0,0
2431,0,null,0,0,0
2432,0,null,0,0,0
2433,0,null,0,0,0
2434,0,null,0,0,0
2435,0,null,0,0,0
2436,0,null,0,0,0
2437,0,null,0,0,0
2438,0,null,0,0,0
2439,0,null,0,0,0
2440,0,null,0,0,0
2441,0,null,0,0,0
2442,6,secondary_proton,1,1,1
2443,0,null,0,0,0
2444,1,primary_proton,1,1,1
2445,0,null,0,0,0
2446,0,null,0,0,0
2447,0,null,0,0,0
2448,0,null,0,0,0
2449,0,null,0,0,0
2450,0,null,0,0,0
2451,0,null,0,0,0
2452,0,null,0,0,0
2453,0,null,0,0,0
2454,0,null,0,0,0
2455,0,null,0,0,0
2456,0,null,0,0,0
2457,0,null,0,0,0
2458,0,null,0,0,0
2459,0,null,0,0,0
2460,1,primary_proton,1,1,1
2461,0,null,0,0,0
2462,0,null,0,0,0
2463,0,null,0,0,0
2464,1,primary_proton,1,1,1
2465,0,null,0,0,0
2466,0,null,0,0,0
2467,0,null,0,0,0
2468,0,null,0,0,0
2469,0,null,0,0,0
2470,0,null,0,0,0
2471,0,null,0,0,0
2472,0,null,0,0,0
2473,0,null,0,0,0
2474,0,null,0,0,0
2475,0,null,0,0,0
2476,0,null,0,0,0
2477,0,null,0,0,0
2478,0,null,0,0,0
2479,0,null,0,0,0
2480,0,null,0,0,0
2481,0,null,0,0,0
2482,0,null,0,0,0
2484,0,null,0,0,0
2485,0,null,0,0,0
2486,0,null,0,0,0
2487,0,null,0,0,0
2488,0,null,0,0,0
2489,0,null,0,0,0
2490,0,null,0,0,0
2491,0,null,0,0,0
2492,0,null,0,0,0
2493,0,null,0,0,0
2494,0,null,0,0,0
2495,0,null,0,0,0
2496,0,null,0,0,0
2497,0,null,0,0,0
2498,0,null,0,0,0
2499,0,null,0,0,0
2500,0,null,0,0,0
2501,0,null,0,0,0
2502,0,null,0,0,0
2503,0,null,0,0,0
2504,0,null,0,0,0
2505,0,null,0,0,0
2506,0,null,0,0,0
2507,0,null,0,0,0
2508,0,null,0,0,0
2509,0,null,0,0,0
2510,0,null,0,0,0
2511,0,null,0,0,0
2512,0,null,0,0,0
2513,0,null,0,0,0
2514,534,e+,1,1,1
2515,0,null,0,0,0
2516,0,null,0,0,0
2517,0,null,0,0,0
2518,0,null,0,0,0
2519,0,null,0,0,0
2520,0,null,0,0,0
2521,0,null,0,0,0
2522,0,null,0,0,0
2523,0,null,0,0,0
2524,0,null,0,0,0
2525,0,null,0,0,0
2526,0,null,0,0,0
2527,0,null,0,0,0
2528,0,null,0,0,0
2529,0,null,0,0,0
2530,0,null,0,0,0
2531,0,null,0,0,0
2532,0,null,0,0,0
2533,0,null,0,0,0
2534,0,null,0,0,0
2535,0,null,0,0,0
2536,0,null,0,0,0
2537,0,null,0,0,0
2538,0,null,0,0,0
2539,0,null,0,0,0
2540,0,null,0,0,0
2541,0,null,0,0,0
2542,0,null,0,0,0
2543,0,null,0,0,0
2544,0,null,0,0,0
2545,0,null,0,0,0
2546,0,null,0,0,0
2547,0,null,0,0,0
2548,0,null,0,0,0
2549,0,null,0,0,0
2550,10,pi-,1,1,1
2551,2,secondary_proton,1,1,1
2552,0,null,0,0,0
2553,0,null,0,0,0
2554,0,null,0,0,0
2555,0,null,0,0,0
2556,0,null,0,0,0
2557,0,null,0,0,0
2558,0,null,0,0,0
2559,0,null,0,0,0
2560,0,null,0,0,0
2561,0,null,0,0,0
2562,0,null,0,0,0
2563,0,null,0,0,0
2564,0,null,0,0,0
2565,0,null,0,0,0
2566,0,null,0,0,0
2567,0,null,0,0,0
2568,0,null,0,0,0
2569,0,null,0,0,0
2570,0,null,0,0,0
2571,0,null,0,0,0
2572,0,null,0,0,0
2573,0,null,0,0,0
2574,0,null,0,0,0
2575,0,null,0,0,0
2576,0,null,0,0,0
2577,0,null,0,0,0
2578,0,null,0,0,0
2579,0,null,0,0,0
2580,0,null,0,0,0
2581,0,null,0,0,0
2582,0,null,0,0,0
2583,0,null,0,0,0
2584,0,null,0,0,0
2585,0,null,0,0,0
2586,0,null,0,0,0
2587,0,null,0,0,0
2588,0,null,0,0,0
2589,0,null,0,0,0
2590,0,null,0,0,0
2591,0,null,0,0,0
2592,0,null,0,0,0
2593,0,null,0,0,0
2594,0,null,0,0,0
2595,1,primary_proton,1,1,1
2596,0,null,0,0,0
2597,0,null,0,0,0
2598,0,null,0,0,0
2599,0,null,0,0,0
2600,0,null,0,0,0
2601,0,null,0,0,0
2602,0,null,0,0,0
2603,0,null,0,0,0
2604,0,null,0,0,0
2605,0,null,0,0,0
2606,0,null,0,0,0
2607,0,null,0,0,0
2608,0,null,0,0,0
2609,0,null,0,0,0
2610,0,null,0,0,0
2611,0,null,0,0,0
2612,0,null,0,0,0
2613,0,null,0,0,0
2614,0,null,0,0,0
2615,0,null,0,0,0
2616,0,null,0,0,0
2617,0,null,0,0,0
2618,0,null,0,0,0
2619,0,null,0,0,0
2620,0,null,0,0,0
2621,0,null,0,0,0
2622,0,null,0,0,0
2623,0,null,0,0,0
2624,0,null,0,0,0
2625,0,null,0,0,0
2626,0,null,0,0,0
2627,1,primary_proton,1,1,1
2628,0,null,0,0,0
2629,0,null,0,0,0
2630,0,null,0,0,0
2631,0,null,0,0,0
2632,0,null,0,0,0
2633,0,null,0,0,0
2634,0,null,0,0,0
2635,0,null,0,0,0
2636,0,null,0,0,0
2637,1,primary_proton,1,1,1
2638,0,null,0,0,0
2639,0,null,0,0,0
2640,0,null,0,0,0
2641,0,null,0,0,0
2642,0,null,0,0,0
2643,0,null,0,0,0
2644,0,null,0,0,0
2645,0,null,0,0,0
2646,0,null,0,0,0
2647,0,null,0,0,0
2648,0,null,0,0,0
2649,0,null,0,0,0
2650,0,null,0,0,0
2651,4,secondary_proton,1,1,1
2652,0,null,0,0,0
2653,0,null,0,0,0
2654,0,null,0,0,0
2655,0,null,0,0,0
2656,0,null,0,0,0
2657,0,null,0,0,0
2658,0,null,0,0,0
2659,0,null,0,0,0
2660,0,null,0,0,0
2661,0,null,0,0,0
2662,0,null,0,0,0
2663,0,null,0,0,0
2664,0,null,0,0,0
2665,0,null,0,0,0
2666,0,null,0,0,0
2667,0,null,0,0,0
2668,11,secondary_proton,1,1,1
2669,0,null,0,0,0
2670,0,null,0,0,0
2671,0,null,0,0,0
2672,0,null,0,0,0
2673,0,null,0,0,0
2674,0,null,0,0,0
2675,0,null,0,0,0
2676,0,null,0,0,0
2677,0,null,0,0,0
2678,0,null,0,0,0
2679,0,null,0,0,0
2680,0,null,0,0,0
2681,0,null,0,0,0
2682,0,null,0,0,0
2683,0,null,0,0,0
2684,0,null,0,0,0
2685,0,null,0,0,0
2686,0,null,0,0,0
2687,0,null,0,0,0
2688,0,null,0,0,0
2689,0,null,0,0,0
2690,0,null,0,0,0
2691,0,null,0,0,0
2692,0,null,0,0,0
2693,0,null,0,0,0
2694,0,null,0,0,0
2695,0,null,0,0,0
2696,0,null,0,0,0
2697,0,null,0,0,0
2698,1,primary_proton,1,1,1
2699,0,null,0,0,0
2700,0,null,0,0,0
2701,0,null,0,0,0
2702,0,null,0,0,0
2703,16,pi-,1,1,1
2704,0,null,0,0,0
2705,0,null,0,0,0
2707,0,null,0,0,0
2708,0,null,0,0,0
2709,0,null,0,0,0
2710,0,null,0,0,0
2711,0,null,0,0,0
2712,0,null,0,0,0
2713,0,null,0,0,0
2714,0,null,0,0,0
2715,0,null,0,0,0
2716,0,null,0,0,0
2717,0,null,0,0,0
2718,0,null,0,0,0
2719,0,null,0,0,0
2720,7,secondary_proton,1,1,0
2721,0,null,0,0,0
2722,0,null,0,0,0
2723,0,null,0,0,0
2724,0,null,0,0,0
2725,1284,e-,1,1,1
2726,0,null,0,0,0
2727,0,null,0,0,0
2728,0,null,0,0,0
2729,0,null,0,0,0
2730,0,null,0,0,0
2731,0,null,0,0,0
2732,0,null,0,0,0
2733,0,null,0,0,0
2734,1,primary_proton,1,1,1
2735,0,null,0,0,0
2736,0,null,0,0,0
2737,0,null,0,0,0
2738,0,null,0,0,0
2739,0,null,0,0,0
2740,0,null,0,0,0
2741,0,null,0,0,0
2742,0,null,0,0,0
2743,0,null,0,0,0
2744,0,null,0,0,0
2745,0,null,0,0,0
2746,0,null,0,0,0
2747,1,primary_proton,1,1,1
2748,0,null,0,0,0
2749,0,null,0,0,0
2750,0,null,0,0,0
2751,0,null,0,0,0
2752,0,null,0,0,0
2753,0,null,0,0,0
2754,0,null,0,0,0
2755,0,null,0,0,0
2756,0,null,0,0,0
2757,7,secondary_proton,1,1,1
2758,0,null,0,0,0
2759,0,null,0,0,0
2760,0,null,0,0,0
2761,0,null,0,0,0
2762,0,null,0,0,0
2763,0,null,0,0,0
2764,0,null,0,0,0
2765,0,null,0,0,0
2766,0,null,0,0,0
2767,0,null,0,0,0
2768,0,null,0,0,0
2769,0,null,0,0,0
2770,0,null,0,0,0
2771,0,null,0,0,0
2772,17,pi+,1,0,0
2773,0,null,0,0,0
2774,0,null,0,0,0
2775,2453,e-,0,0,1
2776,0,null,0,0,0
2777,0,null,0,0,0
2778,0,null,0,0,0
2779,0,null,0,0,0
2780,0,null,0,0,0
2781,0,null,0,0,0
2782,0,null,0,0,0
2783,0,null,0,0,0
2784,0,null,0,0,0
2785,0,null,0,0,0
2786,0,null,0,0,0
2787,0,null,0,0,0
2788,0,null,0,0,0
2789,0,null,0,0,0
2790,0,null,0,0,0
2791,0,null,0,0,0
2792,0,null,0,0,0
2793,0,null,0,0,0
2794,0,null,0,0,0
2795,0,null,0,0,0
2796,0,null,0,0,0
2797,4,secondary_proton,1,1,1
2798,0,null,0,0,0
2799,0,null,0,0,0
2800,0,null,0,0,0
2801,0,null,0,0,0
2802,7,pi-,1,1,1
2803,0,null,0,0,0
2804,0,null,0,0,0
2805,0,null,0,0,0
2806,5,pi-,1,1,1
2807,0,null,0,0,0
2808,0,null,0,0,0
2809,0,null,0,0,0
2810,0,null,0,0,0
2811,0,null,0,0,0
2812,0,null,0,0,0
2813,0,null,0,0,0
2814,0,null,0,0,0
2815,0,null,0,0,0
2816,0,null,0,0,0
2817,0,null,0,0,0
2818,0,null,0,0,0
2819,0,null,0,0,0
2820,0,null,0,0,0
2821,0,null,0,0,0
2822,0,null,0,0,0
2823,0,null,0,0,0
2824,0,null,0,0,0
2825,0,null,0,0,0
2826,165,e-,1,1,0
2827,0,null,0,0,0
2828,0,null,0,0,0
2829,0,null,0,0,0
2830,0,null,0,0,0
2831,0,null,0,0,0
2832,0,null,0,0,0
2833,0,null,0,0,0
2834,1,primary_proton,1,1,1
2835,0,null,0,0,0
2836,0,null,0,0,0
2837,0,null,0,0,0
2838,0,null,0,0,0
2839,4,secondary_proton,1,1,1
2840,0,null,0,0,0
2841,0,null,0,0,0
2842,0,null,0,0,0
2843,0,null,0,0,0
2844,0,null,0,0,0
2845,0,null,0,0,0
2846,0,null,0,0,0
2847,0,null,0,0,0
2848,0,null,0,0,0
2849,0,null,0,0,0
2850,0,null,0,0,0
2851,0,null,0,0,0
2852,0,null,0,0,0
2853,0,null,0,0,0
2854,0,null,0,0,0
2855,0,null,0,0,0
2856,0,null,0,0,0
2857,0,null,0,0,0
2858,0,null,0,0,0
2859,0,null,0,0,0
2860,0,null,0,0,0
2861,0,null,0,0,0
2862,0,null,0,0,0
2863,0,null,0,0,0
2864,0,null,0,0,0
2865,0,null,0,0,0
2866,0,null,0,0,0
2867,0,null,0,0,0
2868,0,null,0,0,0
2869,0,null,0,0,0
2870,0,null,0,0,0
2871,0,null,0,0,0
2872,0,null,0,0,0
2873,0,null,0,0,0
2874,0,null,0,0,0
2875,0,null,0,0,0
2876,0,null,0,0,0
2877,0,null,0,0,0
2878,0,null,0,0,0
2879,0,null,0,0,0
2880,0,null,0,0,0
2881,0,null,0,0,0
2882,0,null,0,0,0
2883,0,null,0,0,0
2884,0,null,0,0,0
2885,0,null,0,0,0
2886,0,null,0,0,0
2887,0,null,0,0,0
2888,0,null,0,0,0
2889,0,null,0,0,0
2890,0,null,0,0,0
2891,0,null,0,0,0
2892,0,null,0,0,0
2893,0,null,0,0,0
2894,0,null,0,0,0
2895,0,null,0,0,0
2896,0,null,0,0,0
2897,0,null,0,0,0
2898,0,null,0,0,0
2899,1,primary_proton,1,1,1
2900,0,null,0,0,0
2901,0,null,0,0,0
2902,0,null,0,0,0
2903,0,null,0,0,0
2904,0,null,0,0,0
2905,4,secondary_proton,1,1,1
2906,1,primary_proton,1,1,1
2907,0,null,0,0,0
2908,0,null,0,0,0
2909,0,null,0,0,0
2910,32,pi+,1,1,1
2911,0,null,0,0,0
2912,0,null,0,0,0
2913,0,null,0,0,0
2914,1,primary_proton,1,1,1
2915,0,null,0,0,0
2916,0,null,0,0,0
2917,0,null,0,0,0
2918,3,secondary_proton,1,1,1
2919,0,null,0,0,0
2920,0,null,0,0,0
2921,0,null,0,0,0
2922,0,null,0,0,0
2923,0,null,0,0,0
2924,0,null,0,0,0
2925,0,null,0,0,0
2927,0,null,0,0,0
2928,0,null,0,0,0
2929,0,null,0,0,0
2930,0,null,0,0,0
2931,0,null,0,0,0
2932,0,null,0,0,0
2933,0,null,0,0,0
2934,0,null,0,0,0
2935,0,null,0,0,0
2936,0,null,0,0,0
2937,0,null,0,0,0
2938,0,null,0,0,0
2939,0,null,0,0,0
2940,6,secondary_proton,1,1,1
2941,0,null,0,0,0
2942,0,null,0,0,0
2943,66,secondary_proton,1,1,1
2944,0,null,0,0,0
2945,0,null,0,0,0
2946,0,null,0,0,0
2947,0,null,0,0,0
2948,0,null,0,0,0
2949,0,null,0,0,0
2950,0,null,0,0,0
2951,0,null,0,0,0
2952,0,null,0,0,0
2953,0,null,0,0,0
2954,0,null,0,0,0
2955,0,null,0,0,0
2956,0,null,0,0,0
2957,0,null,0,0,0
2958,0,null,0,0,0
2959,0,null,0,0,0
2960,0,null,0,0,0
2961,1424,secondary_proton,1,0,0
2962,0,null,0,0,0
2963,0,null,0,0,0
2964,0,null,0,0,0
2965,0,null,0,0,0
2966,8,pi-,1,1,1
2967,0,null,0,0,0
2968,0,null,0,0,0
2969,0,null,0,0,0
2970,0,null,0,0,0
2971,0,null,0,0,0
2972,7,pi+,1,0,0
2973,0,null,0,0,0
2974,0,null,0,0,0
2975,0,null,0,0,0
2976,0,null,0,0,0
2977,0,null,0,0,0
2978,0,null,0,0,0
2979,0,null,0,0,0
2980,0,null,0,0,0
2981,0,null,0,0,0
2982,0,null,0,0,0
2983,0,null,0,0,0
2984,0,null,0,0,0
2985,0,null,0,0,0
2986,0,null,0,0,0
2987,0,null,0,0,0
2988,0,null,0,0,0
2989,0,null,0,0,0
2990,0,null,0,0,0
2991,1,primary_proton,1,1,1
2992,431,pi+,1,1,1
2993,0,null,0,0,0
2994,0,null,0,0,0
2995,0,null,0,0,0
2996,0,null,0,0,0
2997,0,null,0,0,0
2998,0,null,0,0,0
2999,0,null,0,0,0
3000,0,null,0,0,0
3001,0,null,0,0,0
3002,0,null,0,0,0
3003,0,null,0,0,0
3004,0,null,0,0,0
3005,0,null,0,0,0
3006,0,null,0,0,0
3007,0,null,0,0,0
3008,0,null,0,0,0
3009,0,null,0,0,0
3010,0,null,0,0,0
3011,0,null,0,0,0
3012,0,null,0,0,0
3013,0,null,0,0,0
3014,0,null,0,0,0
3015,0,null,0,0,0
3016,0,null,0,0,0
3017,0,null,0,0,0
3018,0,null,0,0,0
3019,0,null,0,0,0
3020,0,null,0,0,0
3021,0,null,0,0,0
3022,0,null,0,0,0
3023,0,null,0,0,0
3024,0,null,0,0,0
3025,0,null,0,0,0
3026,1,primary_proton,1,1,1
3027,0,null,0,0,0
3028,0,null,0,0,0
3029,1,primary_proton,1,1,1
3030,0,null,0,0,0
3031,0,null,0,0,0
3032,0,null,0,0,0
3033,0,null,0,0,0
3034,0,null,0,0,0
3035,0,null,0,0,0
3036,0,null,0,0,0
3037,0,null,0,0,0
3038,0,null,0,0,0
3039,0,null,0,0,0
3040,0,null,0,0,0
3041,0,null,0,0,0
3042,0,null,0,0,0
3043,0,null,0,0,0
3044,0,null,0,0,0
3045,0,null,0,0,0
3046,0,null,0,0,0
3047,0,null,0,0,0
3048,0,null,0,0,0
3049,0,null,0,0,0
3050,0,null,0,0,0
3051,0,null,0,0,0
3052,0,null,0,0,0
3053,0,null,0,0,0
3054,0,null,0,0,0
3055,0,null,0,0,0
3056,0,null,0,0,0
3057,0,null,0,0,0
3058,0,null,0,0,0
3059,0,null,0,0,0
3060,0,null,0,0,0
3061,0,null,0,0,0
3062,0,null,0,0,0
3063,0,null,0,0,0
3064,0,null,0,0,0
3065,0,null,0,0,0
3066,0,null,0,0,0
3067,0,null,0,0,0
3068,0,null,0,0,0
3069,0,null,0,0,0
3070,0,null,0,0,0
3071,0,null,0,0,0
3072,0,null,0,0,0
3073,0,null,0,0,0
3074,0,null,0,0,0
3075,0,null,0,0,0
3076,0,null,0,0,0
3077,0,null,0,0,0
3078,0,null,0,0,0
3079,0,null,0,0,0
3080,0,null,0,0,0
3081,0,null,0,0,0
3082,0,null,0,0,0
3083,0,null,0,0,0
3084,0,null,0,0,0
3085,0,null,0,0,0
3086,0,null,0,0,0
3087,0,null,0,0,0
3088,0,null,0,0,0
3089,1,primary_proton,1,1,1
3090,0,null,0,0,0
3091,0,null,0,0,0
3092,0,null,0,0,0
3093,0,null,0,0,0
3094,0,null,0,0,0
3095,0,null,0,0,0
3096,0,null,0,0,0
3097,0,null,0,0,0
3098,0,null,0,0,0
3099,0,null,0,0,0
3100,0,null,0,0,0
3101,0,null,0,0,0
3102,0,null,0,0,0
3103,0,null,0,0,0
3104,0,null,0,0,0
3105,0,null,0,0,0
3106,0,null,0,0,0
3107,0,null,0,0,0
3108,0,null,0,0,0
3109,0,null,0,0,0
3110,0,null,0,0,0
3111,0,null,0,0,0
3112,0,null,0,0,0
3113,0,null,0,0,0
3114,0,null,0,0,0
3115,0,null,0,0,0
3116,0,null,0,0,0
3117,0,null,0,0,0
3118,0,null,0,0,0
3119,0,null,0,0,0
3120,0,null,0,0,0
3121,0,null,0,0,0
3122,0,null,0,0,0
3123,0,null,0,0,0
3124,0,null,0,0,0
3125,0,null,0,0,0
3126,0,null,0,0,0
3127,0,null,0,0,0
3128,0,null,0,0,0
3129,0,null,0,0,0
3130,0,null,0,0,0
3131,0,null,0,0,0
3132,0,null,0,0,0
3133,0,null,0,0,0
3134,0,null,0,0,0
3135,9,secondary_proton,1,1,0
3136,0,null,0,0,0
3137,0,null,0,0,0
3138,0,null,0,0,0
3139,23,pi-,1,1,1
3140,0,null,0,0,0
3141,0,null,0,0,0
3142,0,null,0,0,0
3143,0,null,0,0,0
3144,0,null,0,0,0
3145,0,null,0,0,0
3146,0,null,0,0,0
3147,0,null,0,0,0
3149,0,null,0,0,0
3150,0,null,0,0,0
3151,0,null,0,0,0
3152,0,null,0,0,0
3153,0,null,0,0,0
3154,0,null,0,0,0
3155,0,null,0,0,0
3156,0,null,0,0,0
3157,0,null,0,0,0
3158,0,null,0,0,0
3159,0,null,0,0,0
3160,0,null,0,0,0
3161,0,null,0,0,0
3162,0,null,0,0,0
3163,0,null,0,0,0
3164,0,null,0,0,0
3165,0,null,0,0,0
3166,0,null,0,0,0
3167,0,null,0,0,0
3168,0,null,0,0,0
3169,0,null,0,0,0
3170,0,null,0,0,0
3171,0,null,0,0,0
3172,0,null,0,0,0
3173,0,null,0,0,0
3174,0,null,0,0,0
3175,0,null,0,0,0
3176,0,null,0,0,0
3177,0,null,0,0,0
3178,0,null,0,0,0
3179,0,null,0,0,0
3180,0,null,0,0,0
3181,1,primary_proton,1,1,1
3182,0,null,0,0,0
3183,0,null,0,0,0
3184,0,null,0,0,0
3185,0,null,0,0,0
3186,0,null,0,0,0
3187,0,null,0,0,0
3188,0,null,0,0,0
3189,0,null,0,0,0
3190,0,null,0,0,0
3191,0,null,0,0,0
3192,0,null,0,0,0
3193,0,null,0,0,0
3194,0,null,0,0,0
3195,0,null,0,0,0
3196,0,null,0,0,0
3197,0,null,0,0,0
3198,0,null,0,0,0
3199,0,null,0,0,0
3200,0,null,0,0,0
3201,0,null,0,0,0
3202,0,null,0,0,0
3203,0,null,0,0,0
3204,0,null,0,0,0
3205,0,null,0,0,0
3206,0,null,0,0,0
3207,0,null,0,0,0
3208,0,null,0,0,0
3209,0,null,0,0,0
3210,0,null,0,0,0
3211,0,null,0,0,0
3212,0,null,0,0,0
3213,0,null,0,0,0
3214,0,null,0,0,0
3215,0,null,0,0,0
3216,0,null,0,0,0
3217,0,null,0,0,0
3218,0,null,0,0,0
3219,0,null,0,0,0
3220,0,null,0,0,0
3221,10,secondary_proton,1,1,1
3222,0,null,0,0,0
3223,0,null,0,0,0
3224,0,null,0,0,0
3225,0,null,0,0,0
3226,0,null,0,0,0
3227,0,null,0,0,0
3228,0,null,0,0,0
3229,0,null,0,0,0
3230,0,null,0,0,0
3231,0,null,0,0,0
3232,0,null,0,0,0
3233,0,null,0,0,0
3234,0,null,0,0,0
3235,0,null,0,0,0
3236,0,null,0,0,0
3237,0,null,0,0,0
3238,0,null,0,0,0
3239,0,null,0,0,0
3240,0,null,0,0,0
3241,0,null,0,0,0
3242,0,null,0,0,0
3243,0,null,0,0,0
3244,0,null,0,0,0
3245,0,null,0,0,0
3246,0,null,0,0,0
3247,0,null,0,0,0
3248,0,null,0,0,0
3249,0,null,0,0,0
3250,0,null,0,0,0
3251,0,null,0,0,0
3252,0,null,0,0,0
3253,0,null,0,0,0
3254,0,null,0,0,0
3255,0,null,0,0,0
3256,0,null,0,0,0
3257,0,null,0,0,0
3258,0,null,0,0,0
3259,0,null,0,0,0
3260,0,null,0,0,0
3261,0,null,0,0,0
3262,0,null,0,0,0
3263,763,e-,1,1,1
3264,1,primary_proton,1,1,1
3265,0,null,0,0,0
3266,0,null,0,0,0
3267,0,null,0,0,0
3268,0,null,0,0,0
3269,0,null,0,0,0
3270,0,null,0,0,0
3271,0,null,0,0,0
3272,0,null,0,0,0
3273,0,null,0,0,0
3274,11,pi+,1,1,1
3275,0,null,0,0,0
3276,0,null,0,0,0
3277,0,null,0,0,0
3278,0,null,0,0,0
3279,0,null,0,0,0
3280,0,null,0,0,0
3281,0,null,0,0,0
3282,0,null,0,0,0
3283,0,null,0,0,0
3284,0,null,0,0,0
3285,0,null,0,0,0
3286,0,null,0,0,0
3287,0,null,0,0,0
3288,0,null,0,0,0
3289,0,null,0,0,0
3290,0,null,0,0,0
3291,0,null,0,0,0
3292,0,null,0,0,0
3293,0,null,0,0,0
3294,0,null,0,0,0
3295,6,secondary_proton,1,1,1
3296,0,null,0,0,0
3297,1,primary_proton,1,1,1
3298,0,null,0,0,0
3299,0,null,0,0,0
3300,0,null,0,0,0
3301,7,pi-,1,0,0
3302,0,null,0,0,0
3303,0,null,0,0,0
3304,0,null,0,0,0
3305,0,null,0,0,0
3306,0,null,0,0,0
3307,1,primary_proton,1,1,1
3308,0,null,0,0,0
3309,0,null,0,0,0
3310,0,null,0,0,0
3311,0,null,0,0,0
3312,0,null,0,0,0
3313,0,null,0,0,0
3314,0,null,0,0,0
3315,0,null,0,0,0
3316,0,null,0,0,0
3317,0,null,0,0,0
3318,0,null,0,0,0
3319,0,null,0,0,0
3320,0,null,0,0,0
3321,0,null,0,0,0
3322,0,null,0,0,0
3323,0,null,0,0,0
3324,0,null,0,0,0
3325,0,null,0,0,0
3326,0,null,0,0,0
3327,0,null,0,0,0
3328,0,null,0,0,0
3329,0,null,0,0,0
3330,0,null,0,0,0
3331,4,pi+,1,0,0
3332,1,primary_proton,1,1,1
3333,7,secondary_proton,1,1,1
3334,0,null,0,0,0
3335,0,null,0,0,0
3336,0,null,0,0,0
3337,0,null,0,0,0
3338,1,primary_proton,1,1,1
3339,0,null,0,0,0
3340,0,null,0,0,0
3341,0,null,0,0,0
3342,0,null,0,0,0
3343,0,null,0,0,0
3344,0,null,0,0,0
3345,0,null,0,0,0
3346,0,null,0,0,0
3347,1,primary_proton,1,1,1
3348,1,primary_proton,1,1,1
3349,0,null,0,0,0
3350,0,null,0,0,0
3351,0,null,0,0,0
3352,0,null,0,0,0
3353,0,null,0,0,0
3354,0,null,0,0,0
3355,0,null,0,0,0
3356,0,null,0,0,0
3357,0,null,0,0,0
3358,0,null,0,0,0
3359,0,null,0,0,0
3360,0,null,0,0,0
3361,0,null,0,0,0
3362,0,null,0,0,0
3363,0,null,0,0,0
3364,0,null,0,0,0
3365,0,null,0,0,0
3366,0,null,0,0,0
3367,0,null,0,0,0
3368,0,null,0,0,0
3370,0,null,0,0,0
3371,0,null,0,0,0
3372,0,null,0,0,0
3373,0,null,0,0,0
3374,0,null,0,0,0
3375,0,null,0,0,0
3376,0,null,0,0,0
3377,0,null,0,0,0
3378,0,null,0,0,0
3379,0,null,0,0,0
3380,0,null,0,0,0
3381,0,null,0,0,0
3382,0,null,0,0,0
3383,0,null,0,0,0
3384,0,null,0,0,0
3385,0,null,0,0,0
3386,0,null,0,0,0
3387,0,null,0,0,0
3388,0,null,0,0,0
3389,276,secondary_proton,1,1,1
3390,0,null,0,0,0
3391,0,null,0,0,0
3392,0,null,0,0,0
3393,14,pi+,1,1,1
3394,1,primary_proton,1,1,1
3395,0,null,0,0,0
3396,0,null,0,0,0
3397,0,null,0,0,0
3398,0,null,0,0,0
3399,0,null,0,0,0
3400,0,null,0,0,0
3401,0,null,0,0,0
3402,0,null,0,0,0
3403,0,null,0,0,0
3404,0,null,0,0,0
3405,0,null,0,0,0
3406,0,null,0,0,0
3407,0,null,0,0,0
3408,0,null,0,0,0
3409,436,pi+,1,1,1
3410,0,null,0,0,0
3411,0,null,0,0,0
3412,0,null,0,0,0
3413,0,null,0,0,0
3414,0,null,0,0,0
3415,0,null,0,0,0
3416,0,null,0,0,0
3417,0,null,0,0,0
3418,0,null,0,0,0
3419,0,null,0,0,0
3420,0,null,0,0,0
3421,0,null,0,0,0
3422,0,null,0,0,0
3423,0,null,0,0,0
3424,0,null,0,0,0
3425,0,null,0,0,0
3426,13,pi-,1,1,1
3427,0,null,0,0,0
3428,0,null,0,0,0
3429,0,null,0,0,0
3430,0,null,0,0,0
3431,0,null,0,0,0
3432,4014,secondary_proton,1,0,0
3433,0,null,0,0,0
3434,0,null,0,0,0
3435,0,null,0,0,0
3436,0,null,0,0,0
3437,0,null,0,0,0
3438,0,null,0,0,0
3439,0,null,0,0,0
3440,0,null,0,0,0
3441,0,null,0,0,0
3442,0,null,0,0,0
3443,0,null,0,0,0
3444,0,null,0,0,0
3445,0,null,0,0,0
3446,0,null,0,0,0
3447,0,null,0,0,0
3448,0,null,0,0,0
3449,0,null,0,0,0
3450,0,null,0,0,0
3451,0,null,0,0,0
3452,0,null,0,0,0
3453,0,null,0,0,0
3454,0,null,0,0,0
3455,0,null,0,0,0
3456,3835,e-,0,0,1
3457,5,pi+,1,1,1
3458,0,null,0,0,0
3459,0,null,0,0,0
3460,0,null,0,0,0
3461,0,null,0,0,0
3462,0,null,0,0,0
3463,0,null,0,0,0
3464,0,null,0,0,0
3465,0,null,0,0,0
3466,0,null,0,0,0
3467,0,null,0,0,0
3468,0,null,0,0,0
3469,0,null,0,0,0
3470,0,null,0,0,0
3471,0,null,0,0,0
3472,1,primary_proton,1,1,1
3473,0,null,0,0,0
3474,0,null,0,0,0
3475,0,null,0,0,0
3476,0,null,0,0,0
3477,0,null,0,0,0
3478,0,null,0,0,0
3479,0,null,0,0,0
3480,0,null,0,0,0
3481,0,null,0,0,0
3482,0,null,0,0,0
3483,0,null,0,0,0
3484,0,null,0,0,0
3485,0,null,0,0,0
3486,0,null,0,0,0
3487,0,null,0,0,0
3488,0,null,0,0,0
3489,0,null,0,0,0
3490,0,null,0,0,0
3491,0,null,0,0,0
3492,0,null,0,0,0
3493,0,null,0,0,0
3494,0,null,0,0,0
3495,0,null,0,0,0
3496,0,null,0,0,0
3497,0,null,0,0,0
3498,0,null,0,0,0
3499,0,null,0,0,0
3500,0,null,0,0,0
3501,0,null,0,0,0
3502,0,null,0,0,0
3503,0,null,0,0,0
3504,0,null,0,0,0
3505,0,null,0,0,0
3506,0,null,0,0,0
3507,0,null,0,0,0
3508,0,null,0,0,0
3509,0,null,0,0,0
3510,0,null,0,0,0
3511,0,null,0,0,0
3512,0,null,0,0,0
3513,0,null,0,0,0
3514,0,null,0,0,0
3515,0,null,0,0,0
3516,0,null,0,0,0
3517,0,null,0,0,0
3518,0,null,0,0,0
3519,0,null,0,0,0
3520,0,null,0,0,0
3521,0,null,0,0,0
3522,18,pi-,1,1,0
3523,0,null,0,0,0
3524,0,null,0,0,0
3525,0,null,0,0,0
3526,0,null,0,0,0
3527,0,null,0,0,0
3528,0,null,0,0,0
3529,0,null,0,0,0
3530,0,null,0,0,0
3531,0,null,0,0,0
3532,0,null,0,0,0
3533,0,null,0,0,0
3534,0,null,0,0,0
3535,0,null,0,0,0
3536,0,null,0,0,0
3537,0,null,0,0,0
3538,0,null,0,0,0
3539,0,null,0,0,0
3540,0,null,0,0,0
3541,0,null,0,0,0
3542,0,null,0,0,0
3543,0,null,0,0,0
3544,0,null,0,0,0
3545,0,null,0,0,0
3546,0,null,0,0,0
3547,0,null,0,0,0
3548,0,null,0,0,0
3549,0,null,0,0,0
3550,0,null,0,0,0
3551,0,null,0,0,0
3552,0,null,0,0,0
3553,1,primary_proton,1,1,1
3554,0,null,0,0,0
3555,0,null,0,0,0
3556,7,secondary_proton,1,1,1
3557,0,null,0,0,0
3558,0,null,0,0,0
3559,0,null,0,0,0
3560,0,null,0,0,0
3561,0,null,0,0,0
3562,0,null,0,0,0
3563,0,null,0,0,0
3564,2,secondary_proton,1,1,1
3565,0,null,0,0,0
3566,0,null,0,0,0
3567,0,null,0,0,0
3568,0,null,0,0,0
3569,7,secondary_proton,1,1,1
3570,0,null,0,0,0
3571,0,null,0,0,0
3572,0,null,0,0,0
3573,0,null,0,0,0
3574,9,pi-,1,1,1
3575,0,null,0,0,0
3576,0,null,0,0,0
3577,0,null,0,0,0
3578,0,null,0,0,0
3579,0,null,0,0,0
3580,0,null,0,0,0
3581,0,null,0,0,0
3582,0,null,0,0,0
3583,0,null,0,0,0
3584,0,null,0,0,0
3585,0,null,0,0,0
3586,0,null,0,0,0
3587,0,null,0,0,0
3588,0,null,0,0,0
3589,0,null,0,0,0
3590,0,null,0,0,0
3592,0,null,0,0,0
3593,0,null,0,0,0
3594,0,null,0,0,0
3595,0,null,0,0,0
3596,0,null,0,0,0
3597,0,null,0,0,0
3598,0,null,0,0,0
3599,0,null,0,0,0
3600,0,null,0,0,0
3601,0,null,0,0,0
3602,0,null,0,0,0
3603,0,null,0,0,0
3604,0,null,0,0,0
3605,0,null,0,0,0
3606,0,null,0,0,0
3607,0,null,0,0,0
3608,0,null,0,0,0
3609,1,primary_proton,1,1,1
3610,0,null,0,0,0
3611,0,null,0,0,0
3612,0,null,0,0,0
3613,0,null,0,0,0
3614,0,null,0,0,0
3615,0,null,0,0,0
3616,0,null,0,0,0
3617,0,null,0,0,0
3618,0,null,0,0,0
3619,0,null,0,0,0
3620,1,primary_proton,1,1,1
3621,0,null,0,0,0
3622,0,null,0,0,0
3623,0,null,0,0,0
3624,0,null,0,0,0
3625,11,pi+,1,1,1
3626,1,primary_proton,1,1,1
3627,0,null,0,0,0
3628,0,null,0,0,0
3629,0,null,0,0,0
3630,0,null,0,0,0
3631,0,null,0,0,0
3632,0,null,0,0,0
3633,0,null,0,0,0
3634,0,null,0,0,0
3635,0,null,0,0,0
3636,0,null,0,0,0
3637,0,null,0,0,0
3638,0,null,0,0,0
3639,0,null,0,0,0
3640,0,null,0,0,0
3641,0,null,0,0,0
3642,0,null,0,0,0
3643,0,null,0,0,0
3644,0,null,0,0,0
3645,0,null,0,0,0
3646,0,null,0,0,0
3647,0,null,0,0,0
3648,0,null,0,0,0
3649,0,null,0,0,0
3650,0,null,0,0,0
3651,0,null,0,0,0
3652,1,primary_proton,1,1,1
3653,0,null,0,0,0
3654,0,null,0,0,0
3655,1,primary_proton,1,1,1
3656,0,null,0,0,0
3657,0,null,0,0,0
3658,0,null,0,0,0
3659,0,null,0,0,0
3660,0,null,0,0,0
3661,0,null,0,0,0
3662,0,null,0,0,0
3663,0,null,0,0,0
3664,0,null,0,0,0
3665,0,null,0,0,0
3666,0,null,0,0,0
3667,0,null,0,0,0
3668,0,null,0,0,0
3669,0,null,0,0,0
3670,0,null,0,0,0
3671,0,null,0,0,0
3672,0,null,0,0,0
3673,1,primary_proton,1,1,1
3674,0,null,0,0,0
3675,0,null,0,0,0
3676,0,null,0,0,0
3677,0,null,0,0,0
3678,0,null,0,0,0
3679,0,null,0,0,0
3680,0,null,0,0,0
3681,0,null,0,0,0
3682,0,null,0,0,0
3683,0,null,0,0,0
3684,0,null,0,0,0
3685,0,null,0,0,0
3686,0,null,0,0,0
3687,0,null,0,0,0
3688,0,null,0,0,0
3689,2,secondary_proton,1,1,1
3690,1,primary_proton,1,1,1
3691,0,null,0,0,0
3692,1,primary_proton,1,0,0
3693,0,null,0,0,0
3694,0,null,0,0,0
3695,0,null,0,0,0
3696,0,null,0,0,0
3697,0,null,0,0,0
3698,0,null,0,0,0
3699,0,null,0,0,0
3700,0,null,0,0,0
3701,0,null,0,0,0
3702,0,null,0,0,0
3703,0,null,0,0,0
3704,0,null,0,0,0
3705,0,null,0,0,0
3706,0,null,0,0,0
3707,0,null,0,0,0
3708,0,null,0,0,0
3709,0,null,0,0,0
3710,0,null,0,0,0
3711,0,null,0,0,0
3712,0,null,0,0,0
3713,0,null,0,0,0
3714,0,null,0,0,0
3715,0,null,0,0,0
3716,0,null,0,0,0
3717,0,null,0,0,0
3718,0,null,0,0,0
3719,0,null,0,0,0
3720,0,null,0,0,0
3721,0,null,0,0,0
3722,0,null,0,0,0
3723,0,null,0,0,0
3724,0,null,0,0,0
3725,0,null,0,0,0
3726,0,null,0,0,0
3727,0,null,0,0,0
3728,0,null,0,0,0
3729,0,null,0,0,0
3730,0,null,0,0,0
3731,1,primary_proton,1,1,1
3732,0,null,0,0,0
3733,0,null,0,0,0
3734,0,null,0,0,0
3735,0,null,0,0,0
3736,0,null,0,0,0
3737,1,primary_proton,1,1,1
3738,0,null,0,0,0
3739,8,secondary_proton,1,0,0
3740,0,null,0,0,0
3741,0,null,0,0,0
3742,0,null,0,0,0
3743,0,null,0,0,0
3744,0,null,0,0,0
3745,0,null,0,0,0
3746,0,null,0,0,0
3747,0,null,0,0,0
3748,0,null,0,0,0
3749,0,null,0,0,0
3750,0,null,0,0,0
3751,0,null,0,0,0
3752,0,null,0,0,0
3753,0,null,0,0,0
3754,0,null,0,0,0
3755,0,null,0,0,0
3756,0,null,0,0,0
3757,0,null,0,0,0
3758,0,null,0,0,0
3759,0,null,0,0,0
3760,0,null,0,0,0
3761,0,null,0,0,0
3762,0,null,0,0,0
3763,0,null,0,0,0
3764,0,null,0,0,0
3765,0,null,0,0,0
3766,0,null,0,0,0
3767,0,null,0,0,0
3768,0,null,0,0,0
3769,0,null,0,0,0
3770,0,null,0,0,0
3771,0,null,0,0,0
3772,0,null,0,0,0
3773,0,null,0,0,0
3774,0,null,0,0,0
3775,0,null,0,0,0
3776,0,null,0,0,0
3777,0,null,0,0,0
3778,0,null,0,0,0
3779,0,null,0,0,0
3780,0,null,0,0,0
3781,0,null,0,0,0
3782,0,null,0,0,0
3783,0,null,0,0,0
3784,0,null,0,0,0
3785,0,null,0,0,0
3786,0,null,0,0,0
3787,0,null,0,0,0
3788,0,null,0,0,0
3789,0,null,0,0,0
3790,0,null,0,0,0
3791,0,null,0,0,0
3792,0,null,0,0,0
3793,0,null,0,0,0
3794,0,null,0,0,0
3795,0,null,0,0,0
3796,0,null,0,0,0
3797,0,null,0,0,0
3798,0,null,0,0,0
3799,0,null,0,0,0
3800,0,null,0,0,0
3801,0,null,0,0,0
3802,0,null,0,0,0
3803,0,null,0,0,0
3804,0,null,0,0,0
3805,0,null,0,0,0
3806,0,null,0,0,0
3807,0,null,0,0,0
3808,0,null,0,0,0
3809,1,primary_proton,1,1,1
3810,0,null,0,0,0
3812,0,null,0,0,0
3813,0,null,0,0,0
3814,0,null,0,0,0
3815,0,null,0,0,0
3816,0,null,0,0,0
3817,0,null,0,0,0
3818,0,null,0,0,0
3819,0,null,0,0,0
3820,0,null,0,0,0
3821,0,null,0,0,0
3822,0,null,0,0,0
3823,0,null,0,0,0
3824,0,null,0,0,0
3825,0,null,0,0,0
3826,0,null,0,0,0
3827,0,null,0,0,0
3828,0,null,0,0,0
3829,1,primary_proton,1,1,1
3830,0,null,0,0,0
3831,0,null,0,0,0
3832,0,null,0,0,0
3833,0,null,0,0,0
3834,0,null,0,0,0
3835,0,null,0,0,0
3836,0,null,0,0,0
3837,0,null,0,0,0
3838,0,null,0,0,0
3839,0,null,0,0,0
3840,0,null,0,0,0
3841,4,secondary_proton,1,1,1
3842,0,null,0,0,0
3843,0,null,0,0,0
3844,0,null,0,0,0
3845,0,null,0,0,0
3846,0,null,0,0,0
3847,0,null,0,0,0
3848,0,null,0,0,0
3849,11,pi-,1,1,0
3850,0,null,0,0,0
3851,0,null,0,0,0
3852,0,null,0,0,0
3853,0,null,0,0,0
3854,4,secondary_proton,1,1,1
3855,5877,e-,0,1,0
3856,0,null,0,0,0
3857,0,null,0,0,0
3858,0,null,0,0,0
3859,0,null,0,0,0
3860,0,null,0,0,0
3861,0,null,0,0,0
3862,0,null,0,0,0
3863,0,null,0,0,0
3864,0,null,0,0,0
3865,0,null,0,0,0
3866,0,null,0,0,0
3867,0,null,0,0,0
3868,0,null,0,0,0
3869,0,null,0,0,0
3870,0,null,0,0,0
3871,0,null,0,0,0
3872,0,null,0,0,0
3873,0,null,0,0,0
3874,0,null,0,0,0
3875,0,null,0,0,0
3876,0,null,0,0,0
3877,0,null,0,0,0
3878,0,null,0,0,0
3879,0,null,0,0,0
3880,0,null,0,0,0
3881,0,null,0,0,0
3882,0,null,0,0,0
3883,0,null,0,0,0
3884,0,null,0,0,0
3885,0,null,0,0,0
3886,0,null,0,0,0
3887,0,null,0,0,0
3888,0,null,0,0,0
3889,0,null,0,0,0
3890,0,null,0,0,0
3891,1,primary_proton,1,1,1
3892,0,null,0,0,0
3893,0,null,0,0,0
3894,0,null,0,0,0
3895,0,null,0,0,0
3896,0,null,0,0,0
3897,0,null,0,0,0
3898,0,null,0,0,0
3899,10,pi+,1,1,1
3900,0,null,0,0,0
3901,0,null,0,0,0
3902,0,null,0,0,0
3903,0,null,0,0,0
3904,0,null,0,0,0
3905,0,null,0,0,0
3906,0,null,0,0,0
3907,0,null,0,0,0
3908,0,null,0,0,0
3909,0,null,0,0,0
3910,0,null,0,0,0
3911,0,null,0,0,0
3912,0,null,0,0,0
3913,0,null,0,0,0
3914,0,null,0,0,0
3915,0,null,0,0,0
3916,0,null,0,0,0
3917,0,null,0,0,0
3918,0,null,0,0,0
3919,0,null,0,0,0
3920,0,null,0,0,0
3921,0,null,0,0,0
3922,0,null,0,0,0
3923,0,null,0,0,0
3924,0,null,0,0,0
3925,0,null,0,0,0
3926,0,null,0,0,0
3927,0,null,0,0,0
3928,0,null,0,0,0
3929,0,null,0,0,0
3930,0,null,0,0,0
3931,0,null,0,0,0
3932,0,null,0,0,0
3933,0,null,0,0,0
3934,0,null,0,0,0
3935,0,null,0,0,0
3936,0,null,0,0,0
3937,0,null,0,0,0
3938,0,null,0,0,0
3939,0,null,0,0,0
3940,0,null,0,0,0
3941,0,null,0,0,0
3942,0,null,0,0,0
3943,0,null,0,0,0
3944,0,null,0,0,0
3945,0,null,0,0,0
3946,0,null,0,0,0
3947,0,null,0,0,0
3948,0,null,0,0,0
3949,0,null,0,0,0
3950,0,null,0,0,0
3951,0,null,0,0,0
3952,0,null,0,0,0
3953,0,null,0,0,0
3954,1,primary_proton,1,1,1
3955,0,null,0,0,0
3956,0,null,0,0,0
3957,0,null,0,0,0
3958,0,null,0,0,0
3959,0,null,0,0,0
3960,0,null,0,0,0
3961,0,null,0,0,0
3962,5688,e-,1,0,0
3963,0,null,0,0,0
3964,0,null,0,0,0
3965,0,null,0,0,0
3966,0,null,0,0,0
3967,0,null,0,0,0
3968,0,null,0,0,0
3969,0,null,0,0,0
3970,0,null,0,0,0
3971,0,null,0,0,0
3972,0,null,0,0,0
3973,0,null,0,0,0
3974,1,primary_proton,1,1,1
3975,0,null,0,0,0
3976,0,null,0,0,0
3977,1,primary_proton,1,1,1
3978,0,null,0,0,0
3979,0,null,0,0,0
3980,0,null,0,0,0
3981,0,null,0,0,0
3982,0,null,0,0,0
3983,0,null,0,0,0
3984,0,null,0,0,0
3985,0,null,0,0,0
3986,0,null,0,0,0
3987,0,null,0,0,0
3988,10,pi+,1,1,0
3989,0,null,0,0,0
3990,0,null,0,0,0
3991,0,null,0,0,0
3992,0,null,0,0,0
3993,0,null,0,0,0
3994,0,null,0,0,0
3995,0,null,0,0,0
3996,0,null,0,0,0
3997,0,null,0,0,0
3998,0,null,0,0,0
3999,0,null,0,0,0
4000,15,pi-,1,0,0
4001,0,null,0,0,0
4002,0,null,0,0,0
4003,0,null,0,0,0
4004,0,null,0,0,0
4005,0,null,0,0,0
4006,0,null,0,0,0
4007,0,null,0,0,0
4008,0,null,0,0,0
4009,1,primary_proton,1,1,1
4010,629,e-,0,1,1
4011,0,null,0,0,0
4012,0,null,0,0,0
4013,0,null,0,0,0
4014,0,null,0,0,0
4015,0,null,0,0,0
4016,0,null,0,0,0
4017,11,pi+,1,1,1
4018,0,null,0,0,0
4019,0,null,0,0,0
4020,0,null,0,0,0
4021,0,null,0,0,0
4022,0,null,0,0,0
4023,0,null,0,0,0
4024,0,null,0,0,0
4025,0,null,0,0,0
4026,0,null,0,0,0
4027,0,null,0,0,0
4028,0,null,0,0,0
4029,0,null,0,0,0
4030,0,null,0,0,0
4031,0,null,0,0,0
4032,0,null,0,0,0
4033,0,null,0,0,0
4035,0,null,0,0,0
4036,0,null,0,0,0
4037,0,null,0,0,0
4038,0,null,0,0,0
4039,0,null,0,0,0
4040,0,null,0,0,0
4041,0,null,0,0,0
4042,5,pi+,1,1,1
4043,0,null,0,0,0
4044,0,null,0,0,0
4045,0,null,0,0,0
4046,0,null,0,0,0
4047,0,null,0,0,0
4048,0,null,0,0,0
4049,0,null,0,0,0
4050,0,null,0,0,0
4051,0,null,0,0,0
4052,0,null,0,0,0
4053,0,null,0,0,0
4054,0,null,0,0,0
4055,0,null,0,0,0
4056,0,null,0,0,0
4057,0,null,0,0,0
4058,0,null,0,0,0
4059,0,null,0,0,0
4060,0,null,0,0,0
4061,0,null,0,0,0
4062,0,null,0,0,0
4063,0,null,0,0,0
4064,0,null,0,0,0
4065,0,null,0,0,0
4066,0,null,0,0,0
4067,0,null,0,0,0
4068,0,null,0,0,0
4069,0,null,0,0,0
4070,0,null,0,0,0
4071,0,null,0,0,0
4072,0,null,0,0,0
4073,0,null,0,0,0
4074,0,null,0,0,0
4075,0,null,0,0,0
4076,0,null,0,0,0
4077,0,null,0,0,0
4078,0,null,0,0,0
4079,0,null,0,0,0
4080,0,null,0,0,0
4081,0,null,0,0,0
4082,0,null,0,0,0
4083,0,null,0,0,0
4084,0,null,0,0,0
4085,0,null,0,0,0
4086,0,null,0,0,0
4087,0,null,0,0,0
4088,0,null,0,0,0
4089,0,null,0,0,0
4090,0,null,0,0,0
4091,0,null,0,0,0
4092,0,null,0,0,0
4093,0,null,0,0,0
4094,0,null,0,0,0
4095,0,null,0,0,0
4096,0,null,0,0,0
4097,0,null,0,0,0
4098,0,null,0,0,0
4099,0,null,0,0,0
4100,0,null,0,0,0
4101,4,secondary_proton,1,1,1
4102,0,null,0,0,0
4103,0,null,0,0,0
4104,0,null,0,0,0
4105,0,null,0,0,0
4106,0,null,0,0,0
4107,0,null,0,0,0
4108,0,null,0,0,0
4109,2569,pi-,1,1,1
4110,0,null,0,0,0
4111,0,null,0,0,0
4112,0,null,0,0,0
4113,0,null,0,0,0
4114,0,null,0,0,0
4115,0,null,0,0,0
4116,0,null,0,0,0
4117,0,null,0,0,0
4118,0,null,0,0,0
4119,1,primary_proton,1,1,1
4120,0,null,0,0,0
4121,1939,pi+,1,1,1
4122,0,null,0,0,0
4123,0,null,0,0,0
4124,0,null,0,0,0
4125,0,null,0,0,0
4126,0,null,0,0,0
4127,0,null,0,0,0
4128,0,null,0,0,0
4129,0,null,0,0,0
4130,0,null,0,0,0
4131,0,null,0,0,0
4132,0,null,0,0,0
4133,0,null,0,0,0
4134,0,null,0,0,0
4135,0,null,0,0,0
4136,0,null,0,0,0
4137,2899,e-,1,0,0
4138,0,null,0,0,0
4139,0,null,0,0,0
4140,0,null,0,0,0
4141,0,null,0,0,0
4142,21,pi+,1,1,0
4143,0,null,0,0,0
4144,0,null,0,0,0
4145,0,null,0,0,0
4146,0,null,0,0,0
4147,0,null,0,0,0
4148,0,null,0,0,0
4149,0,null,0,0,0
4150,0,null,0,0,0
4151,0,null,0,0,0
4152,0,null,0,0,0
4153,0,null,0,0,0
4154,0,null,0,0,0
4155,0,null,0,0,0
4156,0,null,0,0,0
4157,0,null,0,0,0
4158,0,null,0,0,0
4159,1,primary_proton,1,1,1
4160,0,null,0,0,0
4161,0,null,0,0,0
4162,0,null,0,0,0
4163,0,null,0,0,0
4164,0,null,0,0,0
4165,1,primary_proton,1,1,1
4166,0,null,0,0,0
4167,0,null,0,0,0
4168,0,null,0,0,0
4169,0,null,0,0,0
4170,0,null,0,0,0
4171,0,null,0,0,0
4172,0,null,0,0,0
4173,0,null,0,0,0
4174,1,primary_proton,1,1,1
4175,0,null,0,0,0
4176,0,null,0,0,0
4177,0,null,0,0,0
4178,15,pi+,1,1,1
4179,0,null,0,0,0
4180,0,null,0,0,0
4181,0,null,0,0,0
4182,0,null,0,0,0
4183,0,null,0,0,0
4184,0,null,0,0,0
4185,0,null,0,0,0
4186,0,null,0,0,0
4187,0,null,0,0,0
4188,0,null,0,0,0
4189,0,null,0,0,0
4190,1,primary_proton,1,1,1
4191,0,null,0,0,0
4192,0,null,0,0,0
4193,0,null,0,0,0
4194,0,null,0,0,0
4195,0,null,0,0,0
4196,0,null,0,0,0
4197,0,null,0,0,0
4198,0,null,0,0,0
4199,0,null,0,0,0
4200,0,null,0,0,0
4201,0,null,0,0,0
4202,0,null,0,0,0
4203,0,null,0,0,0
4204,0,null,0,0,0
4205,0,null,0,0,0
4206,0,null,0,0,0
4207,0,null,0,0,0
4208,0,null,0,0,0
4209,0,null,0,0,0
4210,0,null,0,0,0
4211,8,secondary_proton,1,1,1
4212,0,null,0,0,0
4213,0,null,0,0,0
4214,0,null,0,0,0
4215,0,null,0,0,0
4216,0,null,0,0,0
4217,5,secondary_proton,1,1,1
4218,0,null,0,0,0
4219,0,null,0,0,0
4220,7,pi+,1,1,1
4221,0,null,0,0,0
4222,0,null,0,0,0
4223,0,null,0,0,0
4224,0,null,0,0,0
4225,0,null,0,0,0
4226,0,null,0,0,0
4227,0,null,0,0,0
4228,0,null,0,0,0
4229,0,null,0,0,0
4230,0,null,0,0,0
4231,0,null,0,0,0
4232,0,null,0,0,0
4233,0,null,0,0,0
4234,7,pi-,1,1,1
4235,1,primary_proton,1,1,1
4236,0,null,0,0,0
4237,0,null,0,0,0
4238,0,null,0,0,0
4239,1,primary_proton,1,1,1
4240,0,null,0,0,0
4241,0,null,0,0,0
4242,0,null,0,0,0
4243,0,null,0,0,0
4244,0,null,0,0,0
4245,0,null,0,0,0
4246,0,null,0,0,0
4247,0,null,0,0,0
4248,0,null,0,0,0
4249,0,null,0,0,0
4250,0,null,0,0,0
4251,0,null,0,0,0
4252,0,null,0,0,0
4253,0,null,0,0,0
4254,0,null,0,0,0
4255,0,null,0,0,0
4257,0,null,0,0,0
4258,0,null,0,0,0
4259,0,null,0,0,0
4260,0,null,0,0,0
4261,0,null,0,0,0
4262,0,null,0,0,0
4263,0,null,0,0,0
4264,0,null,0,0,0
4265,0,null,0,0,0
4266,0,null,0,0,0
4267,0,null,0,0,0
4268,0,null,0,0,0
4269,0,null,0,0,0
4270,0,null,0,0,0
4271,0,null,0,0,0
4272,0,null,0,0,0
4273,0,null,0,0,0
4274,0,null,0,0,0
4275,0,null,0,0,0
4276,0,null,0,0,0
4277,0,null,0,0,0
4278,0,null,0,0,0
4279,0,null,0,0,0
4280,0,null,0,0,0
4281,0,null,0,0,0
4282,0,null,0,0,0
4283,0,null,0,0,0
4284,0,null,0,0,0
4285,0,null,0,0,0
4286,0,null,0,0,0
4287,0,null,0,0,0
4288,0,null,0,0,0
4289,0,null,0,0,0
4290,0,null,0,0,0
4291,0,null,0,0,0
4292,5,pi+,1,0,0
4293,0,null,0,0,0
4294,0,null,0,0,0
4295,0,null,0,0,0
4296,0,null,0,0,0
4297,0,null,0,0,0
4298,0,null,0,0,0
4299,0,null,0,0,0
4300,0,null,0,0,0
4301,0,null,0,0,0
4302,0,null,0,0,0
4303,0,null,0,0,0
4304,0,null,0,0,0
4305,0,null,0,0,0
4306,0,null,0,0,0
4307,0,null,0,0,0
4308,0,null,0,0,0
4309,0,null,0,0,0
4310,0,null,0,0,0
4311,0,null,0,0,0
4312,0,null,0,0,0
4313,0,null,0,0,0
4314,0,null,0,0,0
4315,0,null,0,0,0
4316,0,null,0,0,0
4317,0,null,0,0,0
4318,0,null,0,0,0
4319,0,null,0,0,0
4320,0,null,0,0,0
4321,1,primary_proton,1,1,1
4322,0,null,0,0,0
4323,0,null,0,0,0
4324,0,null,0,0,0
4325,0,null,0,0,0
4326,0,null,0,0,0
4327,701,e-,1,1,1
4328,0,null,0,0,0
4329,0,null,0,0,0
4330,0,null,0,0,0
4331,0,null,0,0,0
4332,0,null,0,0,0
4333,0,null,0,0,0
4334,0,null,0,0,0
4335,0,null,0,0,0
4336,0,null,0,0,0
4337,0,null,0,0,0
4338,0,null,0,0,0
4339,8,pi+,1,1,1
4340,0,null,0,0,0
4341,0,null,0,0,0
4342,0,null,0,0,0
4343,0,null,0,0,0
4344,0,null,0,0,0
4345,0,null,0,0,0
4346,0,null,0,0,0
4347,0,null,0,0,0
4348,0,null,0,0,0
4349,0,null,0,0,0
4350,0,null,0,0,0
4351,6,secondary_proton,1,1,1
4352,0,null,0,0,0
4353,0,null,0,0,0
4354,0,null,0,0,0
4355,0,null,0,0,0
4356,0,null,0,0,0
4357,0,null,0,0,0
4358,0,null,0,0,0
4359,0,null,0,0,0
4360,0,null,0,0,0
4361,1,primary_proton,1,1,1
4362,0,null,0,0,0
4363,0,null,0,0,0
4364,0,null,0,0,0
4365,0,null,0,0,0
4366,0,null,0,0,0
4367,0,null,0,0,0
4368,0,null,0,0,0
4369,0,null,0,0,0
4370,0,null,0,0,0
4371,0,null,0,0,0
4372,10,pi+,1,1,0
4373,0,null,0,0,0
4374,0,null,0,0,0
4375,0,null,0,0,0
4376,0,null,0,0,0
4377,1,primary_proton,1,1,1
4378,0,null,0,0,0
4379,0,null,0,0,0
4380,0,null,0,0,0
4381,0,null,0,0,0
4382,0,null,0,0,0
4383,0,null,0,0,0
4384,0,null,0,0,0
4385,0,null,0,0,0
4386,1,primary_proton,1,1,1
4387,0,null,0,0,0
4388,0,null,0,0,0
4389,0,null,0,0,0
4390,0,null,0,0,0
4391,0,null,0,0,0
4392,0,null,0,0,0
4393,0,null,0,0,0
4394,8,secondary_proton,1,0,0
4395,0,null,0,0,0
4396,0,null,0,0,0
4397,0,null,0,0,0
4398,0,null,0,0,0
4399,0,null,0,0,0
4400,0,null,0,0,0
4401,0,null,0,0,0
4402,0,null,0,0,0
4403,0,null,0,0,0
4404,0,null,0,0,0
4405,0,null,0,0,0
4406,0,null,0,0,0
4407,0,null,0,0,0
4408,0,null,0,0,0
4409,0,null,0,0,0
4410,0,null,0,0,0
4411,0,null,0,0,0
4412,0,null,0,0,0
4413,0,null,0,0,0
4414,0,null,0,0,0
4415,0,null,0,0,0
4416,1,primary_proton,1,1,1
4417,0,null,0,0,0
4418,899,e-,1,1,0
4419,0,null,0,0,0
4420,0,null,0,0,0
4421,0,null,0,0,0
4422,0,null,0,0,0
4423,0,null,0,0,0
4424,5,secondary_proton,1,1,1
4425,0,null,0,0,0
4426,0,null,0,0,0
4427,0,null,0,0,0
4428,0,null,0,0,0
4429,0,null,0,0,0
4430,0,null,0,0,0
4431,0,null,0,0,0
4432,1,primary_proton,1,1,1
4433,0,null,0,0,0
4434,0,null,0,0,0
4435,0,null,0,0,0
4436,0,null,0,0,0
4437,0,null,0,0,0
4438,0,null,0,0,0
4439,0,null,0,0,0
4440,0,null,0,0,0
4441,0,null,0,0,0
4442,0,null,0,0,0
4443,0,null,0,0,0
4444,0,null,0,0,0
4445,1,primary_proton,1,1,1
4446,0,null,0,0,0
4447,0,null,0,0,0
4448,5,secondary_proton,1,1,1
4449,0,null,0,0,0
4450,0,null,0,0,0
4451,0,null,0,0,0
4452,0,null,0,0,0
4453,0,null,0,0,0
4454,1788,secondary_proton,1,0,0
4455,0,null,0,0,0
4456,0,null,0,0,0
4457,0,null,0,0,0
4458,0,null,0,0,0
4459,0,null,0,0,0
4460,0,null,0,0,0
4461,0,null,0,0,0
4462,10,pi-,1,0,0
4463,0,null,0,0,0
4464,0,null,0,0,0
4465,0,null,0,0,0
4466,0,null,0,0,0
4467,0,null,0,0,0
4468,0,null,0,0,0
4469,0,null,0,0,0
4470,0,null,0,0,0
4471,0,null,0,0,0
4472,0,null,0,0,0
4473,10,secondary_proton,1,1,1
4474,1,primary_proton,1,1,1
4476,0,null,0,0,0
4477,0,null,0,0,0
4478,0,null,0,0,0
4479,0,null,0,0,0
4480,0,null,0,0,0
4481,0,null,0,0,0
4482,0,null,0,0,0
4483,0,null,0,0,0
4484,0,null,0,0,0
4485,2464,secondary_proton,1,1,0
4486,0,null,0,0,0
4487,0,null,0,0,0
4488,0,null,0,0,0
4489,0,null,0,0,0
4490,0,null,0,0,0
4491,0,null,0,0,0
4492,0,null,0,0,0
4493,0,null,0,0,0
4494,0,null,0,0,0
4495,0,null,0,0,0
4496,0,null,0,0,0
4497,0,null,0,0,0
4498,0,null,0,0,0
4499,30,pi-,1,0,0
4500,0,null,0,0,0
4501,0,null,0,0,0
4502,0,null,0,0,0
4503,0,null,0,0,0
4504,0,null,0,0,0
4505,0,null,0,0,0
4506,0,null,0,0,0
4507,1664,pi+,1,1,1
4508,0,null,0,0,0
4509,0,null,0,0,0
4510,0,null,0,0,0
4511,0,null,0,0,0
4512,0,null,0,0,0
4513,0,null,0,0,0
4514,0,null,0,0,0
4515,0,null,0,0,0
4516,0,null,0,0,0
4517,0,null,0,0,0
4518,0,null,0,0,0
4519,0,null,0,0,0
4520,0,null,0,0,0
4521,0,null,0,0,0
4522,0,null,0,0,0
4523,0,null,0,0,0
4524,0,null,0,0,0
4525,0,null,0,0,0
4526,0,null,0,0,0
4527,12,pi-,1,0,0
4528,0,null,0,0,0
4529,0,null,0,0,0
4530,0,null,0,0,0
4531,0,null,0,0,0
4532,0,null,0,0,0
4533,0,null,0,0,0
4534,0,null,0,0,0
4535,0,null,0,0,0
4536,0,null,0,0,0
4537,0,null,0,0,0
4538,0,null,0,0,0
4539,0,null,0,0,0
4540,0,null,0,0,0
4541,0,null,0,0,0
4542,0,null,0,0,0
4543,0,null,0,0,0
4544,0,null,0,0,0
4545,0,null,0,0,0
4546,0,null,0,0,0
4547,0,null,0,0,0
4548,0,null,0,0,0
4549,0,null,0,0,0
4550,0,null,0,0,0
4551,0,null,0,0,0
4552,0,null,0,0,0
4553,0,null,0,0,0
4554,0,null,0,0,0
4555,0,null,0,0,0
4556,0,null,0,0,0
4557,5,secondary_proton,1,1,1
4558,0,null,0,0,0
4559,0,null,0,0,0
4560,0,null,0,0,0
4561,0,null,0,0,0
4562,0,null,0,0,0
4563,0,null,0,0,0
4564,0,null,0,0,0
4565,0,null,0,0,0
4566,0,null,0,0,0
4567,0,null,0,0,0
4568,1395,e-,1,1,1
4569,0,null,0,0,0
4570,0,null,0,0,0
4571,848,e-,0,1,0
4572,0,null,0,0,0
4573,0,null,0,0,0
4574,0,null,0,0,0
4575,0,null,0,0,0
4576,0,null,0,0,0
4577,0,null,0,0,0
4578,0,null,0,0,0
4579,0,null,0,0,0
4580,0,null,0,0,0
4581,0,null,0,0,0
4582,0,null,0,0,0
4583,0,null,0,0,0
4584,0,null,0,0,0
4585,0,null,0,0,0
4586,0,null,0,0,0
4587,0,null,0,0,0
4588,0,null,0,0,0
4589,0,null,0,0,0
4590,0,null,0,0,0
4591,1,primary_proton,1,1,1
4592,0,null,0,0,0
4593,0,null,0,0,0
4594,0,null,0,0,0
4595,0,null,0,0,0
4596,0,null,0,0,0
4597,0,null,0,0,0
4598,0,null,0,0,0
4599,0,null,0,0,0
4600,0,null,0,0,0
4601,0,null,0,0,0
4602,0,null,0,0,0
4603,0,null,0,0,0
4604,0,null,0,0,0
4605,0,null,0,0,0
4606,0,null,0,0,0
4607,0,null,0,0,0
4608,0,null,0,0,0
4609,0,null,0,0,0
4610,0,null,0,0,0
4611,0,null,0,0,0
4612,1,primary_proton,1,1,1
4613,0,null,0,0,0
4614,0,null,0,0,0
4615,0,null,0,0,0
4616,0,null,0,0,0
4617,0,null,0,0,0
4618,0,null,0,0,0
4619,0,null,0,0,0
4620,0,null,0,0,0
4621,0,null,0,0,0
4622,0,null,0,0,0
4623,0,null,0,0,0
4624,0,null,0,0,0
4625,0,null,0,0,0
4626,0,null,0,0,0
4627,0,null,0,0,0
4628,5,pi-,1,1,1
4629,0,null,0,0,0
4630,0,null,0,0,0
4631,0,null,0,0,0
4632,1,primary_proton,1,1,1
4633,0,null,0,0,0
4634,0,null,0,0,0
4635,0,null,0,0,0
4636,0,null,0,0,0
4637,0,null,0,0,0
4638,0,null,0,0,0
4639,0,null,0,0,0
4640,0,null,0,0,0
4641,0,null,0,0,0
4642,0,null,0,0,0
4643,0,null,0,0,0
4644,0,null,0,0,0
4645,11,pi+,1,1,1
4646,0,null,0,0,0
4647,0,null,0,0,0
4648,0,null,0,0,0
4649,0,null,0,0,0
4650,0,null,0,0,0
4651,0,null,0,0,0
4652,0,null,0,0,0
4653,0,null,0,0,0
4654,0,null,0,0,0
4655,2100,secondary_proton,1,1,0
4656,0,null,0,0,0
4657,0,null,0,0,0
4658,0,null,0,0,0
4659,0,null,0,0,0
4660,0,null,0,0,0
4661,0,null,0,0,0
4662,0,null,0,0,0
4663,0,null,0,0,0
4664,0,null,0,0,0
4665,0,null,0,0,0
4666,0,null,0,0,0
4667,0,null,0,0,0
4668,0,null,0,0,0
4669,0,null,0,0,0
4670,0,null,0,0,0
4671,0,null,0,0,0
4672,0,null,0,0,0
4673,0,null,0,0,0
4674,0,null,0,0,0
4675,0,null,0,0,0
4676,0,null,0,0,0
4677,0,null,0,0,0
4678,0,null,0,0,0
4679,0,null,0,0,0
4680,0,null,0,0,0
4681,0,null,0,0,0
4682,0,null,0,0,0
4683,0,null,0,0,0
4684,0,null,0,0,0
4685,0,null,0,0,0
4686,0,null,0,0,0
4687,15,pi-,1,1,1
4688,0,null,0,0,0
4689,0,null,0,0,0
4690,0,null,0,0,0
4691,0,null,0,0,0
4692,1664,e-,1,0,0
4693,0,null,0,0,0
4694,0,null,0,0,0
4695,0,null,0,0,0
4696,0,null,0,0,0
4697,0,null,0,0,0
4699,0,null,0,0,0
4700,0,null,0,0,0
4701,0,null,0,0,0
4702,0,null,0,0,0
4703,0,null,0,0,0
4704,0,null,0,0,0
4705,0,null,0,0,0
4706,0,null,0,0,0
4707,0,null,0,0,0
4708,0,null,0,0,0
4709,0,null,0,0,0
4710,0,null,0,0,0
4711,0,null,0,0,0
4712,0,null,0,0,0
4713,0,null,0,0,0
4714,0,null,0,0,0
4715,148,secondary_proton,1,0,0
4716,0,null,0,0,0
4717,0,null,0,0,0
4718,0,null,0,0,0
4719,0,null,0,0,0
4720,0,null,0,0,0
4721,0,null,0,0,0
4722,0,null,0,0,0
4723,0,null,0,0,0
4724,0,null,0,0,0
4725,0,null,0,0,0
4726,0,null,0,0,0
4727,0,null,0,0,0
4728,0,null,0,0,0
4729,0,null,0,0,0
4730,0,null,0,0,0
4731,0,null,0,0,0
4732,0,null,0,0,0
4733,0,null,0,0,0
4734,0,null,0,0,0
4735,0,null,0,0,0
4736,0,null,0,0,0
4737,0,null,0,0,0
4738,0,null,0,0,0
4739,0,null,0,0,0
4740,0,null,0,0,0
4741,0,null,0,0,0
4742,0,null,0,0,0
4743,0,null,0,0,0
4744,0,null,0,0,0
4745,0,null,0,0,0
4746,0,null,0,0,0
4747,0,null,0,0,0
4748,0,null,0,0,0
4749,0,null,0,0,0
4750,0,null,0,0,0
4751,0,null,0,0,0
4752,0,null,0,0,0
4753,0,null,0,0,0
4754,0,null,0,0,0
4755,0,null,0,0,0
4756,0,null,0,0,0
4757,0,null,0,0,0
4758,0,null,0,0,0
4759,0,null,0,0,0
4760,0,null,0,0,0
4761,0,null,0,0,0
4762,0,null,0,0,0
4763,0,null,0,0,0
4764,253,e-,1,0,0
4765,0,null,0,0,0
4766,0,null,0,0,0
4767,0,null,0,0,0
4768,0,null,0,0,0
4769,0,null,0,0,0
4770,0,null,0,0,0
4771,0,null,0,0,0
4772,0,null,0,0,0
4773,0,null,0,0,0
4774,0,null,0,0,0
4775,0,null,0,0,0
4776,0,null,0,0,0
4777,0,null,0,0,0
4778,0,null,0,0,0
4779,0,null,0,0,0
4780,0,null,0,0,0
4781,0,null,0,0,0
4782,11,secondary_proton,1,1,1
4783,0,null,0,0,0
4784,0,null,0,0,0
4785,0,null,0,0,0
4786,0,null,0,0,0
4787,0,null,0,0,0
4788,1,primary_proton,1,1,1
4789,0,null,0,0,0
4790,0,null,0,0,0
4791,316,pi-,1,0,0
4792,0,null,0,0,0
4793,0,null,0,0,0
4794,0,null,0,0,0
4795,0,null,0,0,0
4796,0,null,0,0,0
4797,0,null,0,0,0
4798,0,null,0,0,0
4799,0,null,0,0,0
4800,0,null,0,0,0
4801,13,pi+,1,1,1
4802,0,null,0,0,0
4803,0,null,0,0,0
4804,0,null,0,0,0
4805,0,null,0,0,0
4806,0,null,0,0,0
4807,0,null,0,0,0
4808,0,null,0,0,0
4809,18,secondary_proton,1,1,1
4810,0,null,0,0,0
4811,0,null,0,0,0
4812,0,null,0,0,0
4813,0,null,0,0,0
4814,0,null,0,0,0
4815,0,null,0,0,0
4816,0,null,0,0,0
4817,0,null,0,0,0
4818,0,null,0,0,0
4819,0,null,0,0,0
4820,0,null,0,0,0
4821,0,null,0,0,0
4822,0,null,0,0,0
4823,0,null,0,0,0
4824,0,null,0,0,0
4825,0,null,0,0,0
4826,1,primary_proton,1,1,1
4827,0,null,0,0,0
4828,0,null,0,0,0
4829,0,null,0,0,0
4830,0,null,0,0,0
4831,0,null,0,0,0
4832,0,null,0,0,0
4833,0,null,0,0,0
4834,12,pi-,1,1,1
4835,0,null,0,0,0
4836,0,null,0,0,0
4837,0,null,0,0,0
4838,0,null,0,0,0
4839,0,null,0,0,0
4840,0,null,0,0,0
4841,19,pi+,1,1,1
4842,0,null,0,0,0
4843,0,null,0,0,0
4844,0,null,0,0,0
4845,0,null,0,0,0
4846,0,null,0,0,0
4847,0,null,0,0,0
4848,0,null,0,0,0
4849,0,null,0,0,0
4850,0,null,0,0,0
4851,0,null,0,0,0
4852,0,null,0,0,0
4853,0,null,0,0,0
4854,0,null,0,0,0
4855,0,null,0,0,0
4856,0,null,0,0,0
4857,0,null,0,0,0
4858,0,null,0,0,0
4859,0,null,0,0,0
4860,0,null,0,0,0
4861,0,null,0,0,0
4862,0,null,0,0,0
4863,0,null,0,0,0
4864,0,null,0,0,0
4865,0,null,0,0,0
4866,0,null,0,0,0
4867,0,null,0,0,0
4868,0,null,0,0,0
4869,0,null,0,0,0
4870,0,null,0,0,0
4871,0,null,0,0,0
4872,1,primary_proton,1,1,1
4873,0,null,0,0,0
4874,0,null,0,0,0
4875,0,null,0,0,0
4876,0,null,0,0,0
4877,6,pi+,1,1,1
4878,0,null,0,0,0
4879,0,null,0,0,0
4880,1,primary_proton,1,1,1
4881,0,null,0,0,0
4882,0,null,0,0,0
4883,0,null,0,0,0
4884,0,null,0,0,0
4885,0,null,0,0,0
4886,0,null,0,0,0
4887,133,secondary_proton,1,1,1
4888,0,null,0,0,0
4889,0,null,0,0,0
4890,0,null,0,0,0
4891,0,null,0,0,0
4892,0,null,0,0,0
4893,0,null,0,0,0
4894,0,null,0,0,0
4895,0,null,0,0,0
4896,0,null,0,0,0
4897,0,null,0,0,0
4898,0,null,0,0,0
4899,1606,e-,0,1,0
4900,0,null,0,0,0
4901,0,null,0,0,0
4902,0,null,0,0,0
4903,0,null,0,0,0
4904,0,null,0,0,0
4905,0,null,0,0,0
4906,0,null,0,0,0
4907,0,null,0,0,0
4908,0,null,0,0,0
4909,0,null,0,0,0
4910,0,null,0,0,0
4911,0,null,0,0,0
4912,0,null,0,0,0
4913,0,null,0,0,0
4914,0,null,0,0,0
4915,0,null,0,0,0
4916,0,null,0,0,0
4917,0,null,0,0,0
4918,0,null,0,0,0
4919,0,null,0,0,0
20,0,null,0,0,0
4921,0,null,0,0,0
4922,0,null,0,0,0
4923,1,primary_proton,1,1,1
4924,0,null,0,0,0
4925,0,null,0,0,0
4926,0,null,0,0,0
4927,0,null,0,0,0
4928,0,null,0,0,0
4929,0,null,0,0,0
4930,0,null,0,0,0
4931,0,null,0,0,0
4932,0,null,0,0,0
4933,0,null,0,0,0
4934,0,null,0,0,0
4935,0,null,0,0,0
4936,0,null,0,0,0
4937,0,null,0,0,0
4938,0,null,0,0,0
4939,0,null,0,0,0
4940,0,null,0,0,0
4941,0,null,0,0,0
4942,0,null,0,0,0
4943,0,null,0,0,0
4944,0,null,0,0,0
4945,0,null,0,0,0
4946,0,null,0,0,0
4947,0,null,0,0,0
4948,0,null,0,0,0
4949,0,null,0,0,0
4950,0,null,0,0,0
4951,0,null,0,0,0
4952,0,null,0,0,0
4953,0,null,0,0,0
4954,7671,secondary_proton,1,0,0
4955,0,null,0,0,0
4956,0,null,0,0,0
4957,0,null,0,0,0
4958,0,null,0,0,0
4959,0,null,0,0,0
4960,0,null,0,0,0
4961,0,null,0,0,0
4962,21,pi+,1,1,1
4963,0,null,0,0,0
4964,0,null,0,0,0
4965,0,null,0,0,0
4966,0,null,0,0,0
4967,0,null,0,0,0
4968,0,null,0,0,0
4969,0,null,0,0,0
4970,7,pi+,1,1,1
4971,0,null,0,0,0
4972,0,null,0,0,0
4973,0,null,0,0,0
4974,0,null,0,0,0
4975,517,e-,1,1,1
4976,0,null,0,0,0
4977,0,null,0,0,0
4978,0,null,0,0,0
4979,0,null,0,0,0
4980,0,null,0,0,0
4981,0,null,0,0,0
4982,0,null,0,0,0
4983,35,kaon+,1,1,1
4984,0,null,0,0,0
4985,0,null,0,0,0
4986,0,null,0,0,0
4987,0,null,0,0,0
4988,0,null,0,0,0
4989,0,null,0,0,0
4990,0,null,0,0,0
4991,0,null,0,0,0
4992,0,null,0,0,0
4993,0,null,0,0,0
4994,0,null,0,0,0
4995,1,primary_proton,1,1,1
4996,0,null,0,0,0
4997,0,null,0,0,0
4998,0,null,0,0,0
4999,0,null,0,0,0
1,0,null,0,0,0
2,0,null,0,0,0
3,0,null,0,0,0
4,0,null,0,0,0
5,0,null,0,0,0
6,1,primary_proton,1,1,1
7,0,null,0,0,0
8,0,null,0,0,0
9,0,null,0,0,0
10,0,null,0,0,0
11,0,null,0,0,0
12,97,secondary_proton,1,1,1
13,0,null,0,0,0
14,0,null,0,0,0
15,0,null,0,0,0
16,0,null,0,0,0
17,0,null,0,0,0
18,0,null,0,0,0
19,0,null,0,0,0
20,0,null,0,0,0
21,0,null,0,0,0
22,0,null,0,0,0
23,0,null,0,0,0
24,0,null,0,0,0
25,0,null,0,0,0
26,0,null,0,0,0
27,0,null,0,0,0
28,0,null,0,0,0
29,1,primary_proton,1,1,1
30,0,null,0,0,0
31,0,null,0,0,0
32,0,null,0,0,0
33,0,null,0,0,0
34,0,null,0,0,0
35,0,null,0,0,0
36,0,null,0,0,0
37,0,null,0,0,0
38,0,null,0,0,0
39,1,primary_proton,1,0,0
40,0,null,0,0,0
41,0,null,0,0,0
42,0,null,0,0,0
43,0,null,0,0,0
44,1,primary_proton,1,1,1
45,0,null,0,0,0
46,0,null,0,0,0
47,0,null,0,0,0
48,0,null,0,0,0
49,0,null,0,0,0
50,0,null,0,0,0
51,0,null,0,0,0
52,0,null,0,0,0
53,0,null,0,0,0
54,0,null,0,0,0
55,0,null,0,0,0
56,0,null,0,0,0
57,0,null,0,0,0
58,0,null,0,0,0
59,0,null,0,0,0
60,1,primary_proton,1,1,1
61,0,null,0,0,0
62,0,null,0,0,0
63,0,null,0,0,0
64,0,null,0,0,0
65,0,null,0,0,0
66,0,null,0,0,0
67,0,null,0,0,0
68,0,null,0,0,0
69,0,null,0,0,0
70,0,null,0,0,0
71,0,null,0,0,0
72,0,null,0,0,0
73,0,null,0,0,0
74,9,pi-,1,0,0
75,0,null,0,0,0
76,0,null,0,0,0
77,0,null,0,0,0
78,0,null,0,0,0
79,0,null,0,0,0
80,0,null,0,0,0
81,1,primary_proton,1,1,1
82,0,null,0,0,0
83,0,null,0,0,0
84,0,null,0,0,0
85,0,null,0,0,0
86,0,null,0,0,0
87,0,null,0,0,0
88,0,null,0,0,0
89,0,null,0,0,0
90,0,null,0,0,0
91,0,null,0,0,0
92,0,null,0,0,0
93,8,pi+,1,1,1
94,0,null,0,0,0
95,0,null,0,0,0
96,0,null,0,0,0
97,26,secondary_proton,1,1,1
98,11,pi-,1,1,0
99,0,null,0,0,0
100,0,null,0,0,0
101,0,null,0,0,0
102,0,null,0,0,0
103,0,null,0,0,0
104,0,null,0,0,0
105,557,pi-,1,0,0
106,6,secondary_proton,1,1,1
107,0,null,0,0,0
108,0,null,0,0,0
109,0,null,0,0,0
110,0,null,0,0,0
111,0,null,0,0,0
112,0,null,0,0,0
113,0,null,0,0,0
114,0,null,0,0,0
115,0,null,0,0,0
116,0,null,0,0,0
117,0,null,0,0,0
118,0,null,0,0,0
119,0,null,0,0,0
120,0,null,0,0,0
121,0,null,0,0,0
122,0,null,0,0,0
123,0,null,0,0,0
124,1,primary_proton,1,1,1
125,0,null,0,0,0
126,0,null,0,0,0
127,0,null,0,0,0
128,0,null,0,0,0
129,0,null,0,0,0
130,0,null,0,0,0
131,0,null,0,0,0
132,0,null,0,0,0
133,0,null,0,0,0
134,0,null,0,0,0
135,12,pi+,1,0,0
136,0,null,0,0,0
137,0,null,0,0,0
138,3,secondary_proton,1,1,1
139,0,null,0,0,0
140,0,null,0,0,0
141,0,null,0,0,0
142,0,null,0,0,0
143,0,null,0,0,0
144,0,null,0,0,0
145,0,null,0,0,0
146,0,null,0,0,0
147,0,null,0,0,0
148,0,null,0,0,0
149,0,null,0,0,0
150,0,null,0,0,0
151,0,null,0,0,0
152,5,secondary_proton,1,1,1
153,0,null,0,0,0
154,0,null,0,0,0
155,0,null,0,0,0
156,0,null,0,0,0
157,0,null,0,0,0
158,0,null,0,0,0
159,0,null,0,0,0
160,0,null,0,0,0
161,0,null,0,0,0
162,0,null,0,0,0
163,0,null,0,0,0
164,0,null,0,0,0
165,0,null,0,0,0
166,1,primary_proton,1,1,1
167,0,null,0,0,0
168,0,null,0,0,0
169,1,primary_proton,1,1,1
170,0,null,0,0,0
171,0,null,0,0,0
172,0,null,0,0,0
173,0,null,0,0,0
174,0,null,0,0,0
175,0,null,0,0,0
176,0,null,0,0,0
177,0,null,0,0,0
178,0,null,0,0,0
179,0,null,0,0,0
180,0,null,0,0,0
181,0,null,0,0,0
182,0,null,0,0,0
183,0,null,0,0,0
184,0,null,0,0,0
185,0,null,0,0,0
186,0,null,0,0,0
187,0,null,0,0,0
188,0,null,0,0,0
189,0,null,0,0,0
190,0,null,0,0,0
191,0,null,0,0,0
192,0,null,0,0,0
193,0,null,0,0,0
194,0,null,0,0,0
195,1,primary_proton,1,1,1
196,0,null,0,0,0
197,0,null,0,0,0
198,0,null,0,0,0
199,0,null,0,0,0
200,0,null,0,0,0
201,0,null,0,0,0
202,9,pi+,1,1,1
203,0,null,0,0,0
204,0,null,0,0,0
205,0,null,0,0,0
206,0,null,0,0,0
207,0,null,0,0,0
208,0,null,0,0,0
209,0,null,0,0,0
210,0,null,0,0,0
211,0,null,0,0,0
212,0,null,0,0,0
213,0,null,0,0,0
214,0,null,0,0,0
215,0,null,0,0,0
216,0,null,0,0,0
217,0,null,0,0,0
218,0,null,0,0,0
219,0,null,0,0,0
220,29,secondary_proton,1,1,1
221,0,null,0,0,0
222,0,null,0,0,0
223,0,null,0,0,0
224,0,null,0,0,0
225,0,null,0,0,0
226,0,null,0,0,0
227,0,null,0,0,0
228,0,null,0,0,0
229,0,null,0,0,0
230,0,null,0,0,0
231,0,null,0,0,0
232,0,null,0,0,0
233,0,null,0,0,0
234,0,null,0,0,0
235,0,null,0,0,0
237,0,null,0,0,0
238,0,null,0,0,0
239,0,null,0,0,0
240,0,null,0,0,0
241,0,null,0,0,0
242,0,null,0,0,0
243,0,null,0,0,0
244,0,null,0,0,0
245,0,null,0,0,0
246,0,null,0,0,0
247,0,null,0,0,0
248,0,null,0,0,0
249,0,null,0,0,0
250,0,null,0,0,0
251,0,null,0,0,0
252,0,null,0,0,0
253,0,null,0,0,0
254,0,null,0,0,0
255,0,null,0,0,0
256,0,null,0,0,0
257,0,null,0,0,0
258,0,null,0,0,0
259,0,null,0,0,0
260,0,null,0,0,0
261,0,null,0,0,0
262,0,null,0,0,0
263,10,pi+,1,1,1
264,0,null,0,0,0
265,0,null,0,0,0
266,0,null,0,0,0
267,0,null,0,0,0
268,0,null,0,0,0
269,0,null,0,0,0
270,0,null,0,0,0
271,0,null,0,0,0
272,0,null,0,0,0
273,0,null,0,0,0
274,0,null,0,0,0
275,0,null,0,0,0
276,0,null,0,0,0
277,0,null,0,0,0
278,0,null,0,0,0
279,0,null,0,0,0
280,0,null,0,0,0
281,0,null,0,0,0
282,0,null,0,0,0
283,0,null,0,0,0
284,0,null,0,0,0
285,0,null,0,0,0
286,0,null,0,0,0
287,0,null,0,0,0
288,0,null,0,0,0
289,0,null,0,0,0
290,0,null,0,0,0
291,0,null,0,0,0
292,0,null,0,0,0
293,0,null,0,0,0
294,0,null,0,0,0
295,0,null,0,0,0
296,0,null,0,0,0
297,0,null,0,0,0
298,0,null,0,0,0
299,0,null,0,0,0
300,0,null,0,0,0
301,0,null,0,0,0
302,1,primary_proton,1,1,1
303,0,null,0,0,0
304,0,null,0,0,0
305,0,null,0,0,0
306,0,null,0,0,0
307,0,null,0,0,0
308,0,null,0,0,0
309,0,null,0,0,0
310,0,null,0,0,0
311,0,null,0,0,0
312,0,null,0,0,0
313,0,null,0,0,0
314,0,null,0,0,0
315,0,null,0,0,0
316,0,null,0,0,0
317,0,null,0,0,0
318,0,null,0,0,0
319,0,null,0,0,0
320,0,null,0,0,0
321,0,null,0,0,0
322,0,null,0,0,0
323,0,null,0,0,0
324,0,null,0,0,0
325,0,null,0,0,0
326,0,null,0,0,0
327,0,null,0,0,0
328,0,null,0,0,0
329,0,null,0,0,0
330,0,null,0,0,0
331,0,null,0,0,0
332,0,null,0,0,0
333,0,null,0,0,0
334,0,null,0,0,0
335,0,null,0,0,0
336,0,null,0,0,0
337,0,null,0,0,0
338,1,primary_proton,1,1,1
339,0,null,0,0,0
340,0,null,0,0,0
341,0,null,0,0,0
342,0,null,0,0,0
343,0,null,0,0,0
344,6,secondary_proton,1,1,1
345,0,null,0,0,0
346,0,null,0,0,0
347,0,null,0,0,0
348,0,null,0,0,0
349,0,null,0,0,0
350,0,null,0,0,0
351,0,null,0,0,0
352,0,null,0,0,0
353,0,null,0,0,0
354,0,null,0,0,0
355,0,null,0,0,0
356,0,null,0,0,0
357,0,null,0,0,0
358,1,primary_proton,1,1,1
359,0,null,0,0,0
360,0,null,0,0,0
361,694,e-,1,1,1
362,0,null,0,0,0
363,14,pi+,1,1,1
364,0,null,0,0,0
365,0,null,0,0,0
366,0,null,0,0,0
367,0,null,0,0,0
368,0,null,0,0,0
369,0,null,0,0,0
370,0,null,0,0,0
371,0,null,0,0,0
372,0,null,0,0,0
373,0,null,0,0,0
374,0,null,0,0,0
375,0,null,0,0,0
376,0,null,0,0,0
377,0,null,0,0,0
378,0,null,0,0,0
379,0,null,0,0,0
380,0,null,0,0,0
381,0,null,0,0,0
382,0,null,0,0,0
383,0,null,0,0,0
384,0,null,0,0,0
385,0,null,0,0,0
386,0,null,0,0,0
387,0,null,0,0,0
388,0,null,0,0,0
389,0,null,0,0,0
390,0,null,0,0,0
391,0,null,0,0,0
392,0,null,0,0,0
393,0,null,0,0,0
394,1,primary_proton,1,1,1
395,0,null,0,0,0
396,0,null,0,0,0
397,0,null,0,0,0
398,0,null,0,0,0
399,0,null,0,0,0
400,0,null,0,0,0
401,1,primary_proton,1,1,1
402,0,null,0,0,0
403,0,null,0,0,0
404,0,null,0,0,0
405,0,null,0,0,0
406,0,null,0,0,0
407,0,null,0,0,0
408,1,primary_proton,1,1,1
409,0,null,0,0,0
410,0,null,0,0,0
411,0,null,0,0,0
412,0,null,0,0,0
413,0,null,0,0,0
414,0,null,0,0,0
415,0,null,0,0,0
416,0,null,0,0,0
417,0,null,0,0,0
418,0,null,0,0,0
419,0,null,0,0,0
420,0,null,0,0,0
421,0,null,0,0,0
422,0,null,0,0,0
423,0,null,0,0,0
424,1,primary_proton,1,1,1
425,0,null,0,0,0
426,0,null,0,0,0
427,0,null,0,0,0
428,0,null,0,0,0
429,0,null,0,0,0
430,0,null,0,0,0
431,0,null,0,0,0
432,0,null,0,0,0
433,0,null,0,0,0
434,0,null,0,0,0
435,1,primary_proton,1,1,1
436,1,primary_proton,1,1,1
437,0,null,0,0,0
438,0,null,0,0,0
439,0,null,0,0,0
440,0,null,0,0,0
441,0,null,0,0,0
442,0,null,0,0,0
443,0,null,0,0,0
444,0,null,0,0,0
445,0,null,0,0,0
446,0,null,0,0,0
447,0,null,0,0,0
448,0,null,0,0,0
449,0,null,0,0,0
450,0,null,0,0,0
451,0,null,0,0,0
452,0,null,0,0,0
453,0,null,0,0,0
454,0,null,0,0,0
455,0,null,0,0,0
456,10,pi-,1,1,1
457,0,null,0,0,0
458,0,null,0,0,0
459,0,null,0,0,0
460,0,null,0,0,0
461,0,null,0,0,0
462,0,null,0,0,0
463,0,null,0,0,0
464,0,null,0,0,0
465,0,null,0,0,0
466,0,null,0,0,0
467,0,null,0,0,0
468,0,null,0,0,0
469,0,null,0,0,0
470,2186,e+,1,1,0
472,0,null,0,0,0
473,7,pi-,1,1,0
474,0,null,0,0,0
475,0,null,0,0,0
476,2368,e-,1,0,0
477,0,null,0,0,0
478,0,null,0,0,0
479,0,null,0,0,0
480,0,null,0,0,0
481,0,null,0,0,0
482,0,null,0,0,0
483,0,null,0,0,0
484,0,null,0,0,0
485,0,null,0,0,0
486,0,null,0,0,0
487,0,null,0,0,0
488,0,null,0,0,0
489,0,null,0,0,0
490,0,null,0,0,0
491,0,null,0,0,0
492,0,null,0,0,0
493,1,primary_proton,1,1,1
494,0,null,0,0,0
495,0,null,0,0,0
496,0,null,0,0,0
497,0,null,0,0,0
498,0,null,0,0,0
499,0,null,0,0,0
500,0,null,0,0,0
501,0,null,0,0,0
502,0,null,0,0,0
503,0,null,0,0,0
504,0,null,0,0,0
505,0,null,0,0,0
506,0,null,0,0,0
507,0,null,0,0,0
508,0,null,0,0,0
509,0,null,0,0,0
510,0,null,0,0,0
511,0,null,0,0,0
512,0,null,0,0,0
513,0,null,0,0,0
514,0,null,0,0,0
515,0,null,0,0,0
516,0,null,0,0,0
517,0,null,0,0,0
518,0,null,0,0,0
519,0,null,0,0,0
520,0,null,0,0,0
521,0,null,0,0,0
522,0,null,0,0,0
523,0,null,0,0,0
524,0,null,0,0,0
525,0,null,0,0,0
526,0,null,0,0,0
527,0,null,0,0,0
528,0,null,0,0,0
529,0,null,0,0,0
530,1,primary_proton,1,1,1
531,0,null,0,0,0
532,0,null,0,0,0
533,0,null,0,0,0
534,0,null,0,0,0
535,0,null,0,0,0
536,0,null,0,0,0
537,0,null,0,0,0
538,0,null,0,0,0
539,0,null,0,0,0
540,0,null,0,0,0
541,0,null,0,0,0
542,0,null,0,0,0
543,0,null,0,0,0
544,0,null,0,0,0
545,0,null,0,0,0
546,0,null,0,0,0
547,0,null,0,0,0
548,0,null,0,0,0
549,0,null,0,0,0
550,0,null,0,0,0
551,0,null,0,0,0
552,0,null,0,0,0
553,0,null,0,0,0
554,0,null,0,0,0
555,0,null,0,0,0
556,0,null,0,0,0
557,0,null,0,0,0
558,8,secondary_proton,1,1,0
559,0,null,0,0,0
560,0,null,0,0,0
561,0,null,0,0,0
562,1,primary_proton,1,1,1
563,0,null,0,0,0
564,0,null,0,0,0
565,0,null,0,0,0
566,0,null,0,0,0
567,0,null,0,0,0
568,0,null,0,0,0
569,0,null,0,0,0
570,0,null,0,0,0
571,0,null,0,0,0
572,0,null,0,0,0
573,0,null,0,0,0
574,0,null,0,0,0
575,0,null,0,0,0
576,0,null,0,0,0
577,1,primary_proton,1,1,1
578,0,null,0,0,0
579,0,null,0,0,0
580,0,null,0,0,0
581,0,null,0,0,0
582,1,primary_proton,1,1,1
583,0,null,0,0,0
584,13,pi-,1,1,1
585,0,null,0,0,0
586,1,primary_proton,1,1,1
587,0,null,0,0,0
588,0,null,0,0,0
589,0,null,0,0,0
590,0,null,0,0,0
591,0,null,0,0,0
592,0,null,0,0,0
593,0,null,0,0,0
594,0,null,0,0,0
595,0,null,0,0,0
596,0,null,0,0,0
597,0,null,0,0,0
598,0,null,0,0,0
599,0,null,0,0,0
600,0,null,0,0,0
601,0,null,0,0,0
602,0,null,0,0,0
603,0,null,0,0,0
604,0,null,0,0,0
605,0,null,0,0,0
606,0,null,0,0,0
607,0,null,0,0,0
608,0,null,0,0,0
609,0,null,0,0,0
610,0,null,0,0,0
611,0,null,0,0,0
612,0,null,0,0,0
613,0,null,0,0,0
614,0,null,0,0,0
615,0,null,0,0,0
616,0,null,0,0,0
617,0,null,0,0,0
618,0,null,0,0,0
619,0,null,0,0,0
620,0,null,0,0,0
621,0,null,0,0,0
622,0,null,0,0,0
623,0,null,0,0,0
624,0,null,0,0,0
625,0,null,0,0,0
626,0,null,0,0,0
627,0,null,0,0,0
628,0,null,0,0,0
629,0,null,0,0,0
630,0,null,0,0,0
631,0,null,0,0,0
632,0,null,0,0,0
633,0,null,0,0,0
634,0,null,0,0,0
635,0,null,0,0,0
636,0,null,0,0,0
637,0,null,0,0,0
638,0,null,0,0,0
639,0,null,0,0,0
640,0,null,0,0,0
641,0,null,0,0,0
642,1,primary_proton,1,1,1
643,0,null,0,0,0
644,0,null,0,0,0
645,0,null,0,0,0
646,0,null,0,0,0
647,0,null,0,0,0
648,0,null,0,0,0
649,0,null,0,0,0
650,0,null,0,0,0
651,0,null,0,0,0
652,0,null,0,0,0
653,0,null,0,0,0
654,0,null,0,0,0
655,0,null,0,0,0
656,0,null,0,0,0
657,0,null,0,0,0
658,0,null,0,0,0
659,0,null,0,0,0
660,0,null,0,0,0
661,0,null,0,0,0
662,0,null,0,0,0
663,0,null,0,0,0
664,0,null,0,0,0
665,0,null,0,0,0
666,0,null,0,0,0
667,0,null,0,0,0
668,0,null,0,0,0
669,0,null,0,0,0
670,0,null,0,0,0
671,7,pi-,1,1,1
672,0,null,0,0,0
673,0,null,0,0,0
674,0,null,0,0,0
675,0,null,0,0,0
676,0,null,0,0,0
677,0,null,0,0,0
678,0,null,0,0,0
679,0,null,0,0,0
680,0,null,0,0,0
681,10,pi+,1,1,1
682,0,null,0,0,0
683,0,null,0,0,0
684,0,null,0,0,0
685,0,null,0,0,0
686,0,null,0,0,0
687,0,null,0,0,0
688,0,null,0,0,0
689,0,null,0,0,0
690,0,null,0,0,0
691,0,null,0,0,0
692,0,null,0,0,0
693,0,null,0,0,0
694,0,null,0,0,0
695,0,null,0,0,0
696,2,secondary_proton,1,1,1
697,1,primary_proton,1,1,1
698,0,null,0,0,0
699,0,null,0,0,0
700,1,primary_proton,1,1,1
701,0,null,0,0,0
702,0,null,0,0,0
703,0,null,0,0,0
704,0,null,0,0,0
706,0,null,0,0,0
707,0,null,0,0,0
708,0,null,0,0,0
709,13,pi+,1,1,1
710,0,null,0,0,0
711,0,null,0,0,0
712,0,null,0,0,0
713,0,null,0,0,0
714,0,null,0,0,0
715,0,null,0,0,0
716,0,null,0,0,0
717,0,null,0,0,0
718,0,null,0,0,0
719,0,null,0,0,0
720,0,null,0,0,0
721,0,null,0,0,0
722,0,null,0,0,0
723,0,null,0,0,0
724,7,pi+,1,0,0
725,0,null,0,0,0
726,0,null,0,0,0
727,0,null,0,0,0
728,1,primary_proton,1,1,1
729,0,null,0,0,0
730,3,secondary_proton,1,1,1
731,0,null,0,0,0
732,0,null,0,0,0
733,0,null,0,0,0
734,0,null,0,0,0
735,0,null,0,0,0
736,0,null,0,0,0
737,0,null,0,0,0
738,0,null,0,0,0
739,0,null,0,0,0
740,0,null,0,0,0
741,0,null,0,0,0
742,0,null,0,0,0
743,0,null,0,0,0
744,0,null,0,0,0
745,1,primary_proton,1,1,1
746,0,null,0,0,0
747,0,null,0,0,0
748,0,null,0,0,0
749,0,null,0,0,0
750,0,null,0,0,0
751,0,null,0,0,0
752,0,null,0,0,0
753,0,null,0,0,0
754,0,null,0,0,0
755,0,null,0,0,0
756,0,null,0,0,0
757,0,null,0,0,0
758,0,null,0,0,0
759,3,secondary_proton,1,1,0
760,0,null,0,0,0
761,0,null,0,0,0
762,1,primary_proton,1,1,1
763,0,null,0,0,0
764,0,null,0,0,0
765,0,null,0,0,0
766,0,null,0,0,0
767,0,null,0,0,0
768,2,pi+,1,1,1
769,0,null,0,0,0
770,0,null,0,0,0
771,0,null,0,0,0
772,0,null,0,0,0
773,0,null,0,0,0
774,0,null,0,0,0
775,0,null,0,0,0
776,18,pi-,1,1,1
777,0,null,0,0,0
778,0,null,0,0,0
779,0,null,0,0,0
780,0,null,0,0,0
781,0,null,0,0,0
782,1,primary_proton,1,1,1
783,0,null,0,0,0
784,0,null,0,0,0
785,0,null,0,0,0
786,0,null,0,0,0
787,0,null,0,0,0
788,0,null,0,0,0
789,0,null,0,0,0
790,0,null,0,0,0
791,0,null,0,0,0
792,0,null,0,0,0
793,0,null,0,0,0
794,0,null,0,0,0
795,9,pi+,1,1,1
796,0,null,0,0,0
797,0,null,0,0,0
798,0,null,0,0,0
799,2476,e-,1,1,1
800,0,null,0,0,0
801,0,null,0,0,0
802,0,null,0,0,0
803,0,null,0,0,0
804,0,null,0,0,0
805,0,null,0,0,0
806,0,null,0,0,0
807,0,null,0,0,0
808,0,null,0,0,0
809,0,null,0,0,0
810,0,null,0,0,0
811,0,null,0,0,0
812,0,null,0,0,0
813,0,null,0,0,0
814,0,null,0,0,0
815,0,null,0,0,0
816,0,null,0,0,0
817,0,null,0,0,0
818,0,null,0,0,0
819,0,null,0,0,0
820,0,null,0,0,0
821,0,null,0,0,0
822,0,null,0,0,0
823,0,null,0,0,0
824,0,null,0,0,0
825,0,null,0,0,0
826,0,null,0,0,0
827,0,null,0,0,0
828,0,null,0,0,0
829,0,null,0,0,0
830,0,null,0,0,0
831,0,null,0,0,0
832,0,null,0,0,0
833,0,null,0,0,0
834,0,null,0,0,0
835,0,null,0,0,0
836,0,null,0,0,0
837,0,null,0,0,0
838,0,null,0,0,0
839,0,null,0,0,0
840,0,null,0,0,0
841,26,secondary_proton,1,1,1
842,7,secondary_proton,1,1,1
843,0,null,0,0,0
844,0,null,0,0,0
845,0,null,0,0,0
846,0,null,0,0,0
847,0,null,0,0,0
848,0,null,0,0,0
849,0,null,0,0,0
850,0,null,0,0,0
851,0,null,0,0,0
852,0,null,0,0,0
853,0,null,0,0,0
854,0,null,0,0,0
855,0,null,0,0,0
856,0,null,0,0,0
857,0,null,0,0,0
858,0,null,0,0,0
859,0,null,0,0,0
860,0,null,0,0,0
861,0,null,0,0,0
862,0,null,0,0,0
863,0,null,0,0,0
864,0,null,0,0,0
865,0,null,0,0,0
866,0,null,0,0,0
867,0,null,0,0,0
868,0,null,0,0,0
869,0,null,0,0,0
870,0,null,0,0,0
871,0,null,0,0,0
872,0,null,0,0,0
873,0,null,0,0,0
874,0,null,0,0,0
875,0,null,0,0,0
876,0,null,0,0,0
877,0,null,0,0,0
878,0,null,0,0,0
879,0,null,0,0,0
880,0,null,0,0,0
881,0,null,0,0,0
882,0,null,0,0,0
883,0,null,0,0,0
884,0,null,0,0,0
885,0,null,0,0,0
886,0,null,0,0,0
887,0,null,0,0,0
888,0,null,0,0,0
889,0,null,0,0,0
890,0,null,0,0,0
891,0,null,0,0,0
892,2,secondary_proton,1,1,1
893,0,null,0,0,0
894,0,null,0,0,0
895,0,null,0,0,0
896,3037,pi-,1,1,1
897,0,null,0,0,0
898,0,null,0,0,0
899,0,null,0,0,0
900,0,null,0,0,0
901,0,null,0,0,0
902,8,secondary_proton,1,1,1
903,0,null,0,0,0
904,0,null,0,0,0
905,0,null,0,0,0
906,0,null,0,0,0
907,0,null,0,0,0
908,0,null,0,0,0
909,0,null,0,0,0
910,0,null,0,0,0
911,0,null,0,0,0
912,0,null,0,0,0
913,0,null,0,0,0
914,0,null,0,0,0
915,0,null,0,0,0
916,0,null,0,0,0
917,0,null,0,0,0
918,0,null,0,0,0
919,0,null,0,0,0
920,0,null,0,0,0
921,0,null,0,0,0
922,0,null,0,0,0
923,0,null,0,0,0
924,0,null,0,0,0
925,0,null,0,0,0
926,0,null,0,0,0
927,0,null,0,0,0
928,0,null,0,0,0
929,5,secondary_proton,1,1,1
930,0,null,0,0,0
931,0,null,0,0,0
932,0,null,0,0,0
933,0,null,0,0,0
934,0,null,0,0,0
935,0,null,0,0,0
936,0,null,0,0,0
937,0,null,0,0,0
938,0,null,0,0,0
940,0,null,0,0,0
941,0,null,0,0,0
942,0,null,0,0,0
943,0,null,0,0,0
944,0,null,0,0,0
945,0,null,0,0,0
946,1,primary_proton,1,1,1
947,0,null,0,0,0
948,0,null,0,0,0
949,0,null,0,0,0
950,0,null,0,0,0
951,0,null,0,0,0
952,0,null,0,0,0
953,0,null,0,0,0
954,0,null,0,0,0
955,0,null,0,0,0
956,0,null,0,0,0
957,0,null,0,0,0
958,0,null,0,0,0
959,0,null,0,0,0
960,0,null,0,0,0
961,0,null,0,0,0
962,0,null,0,0,0
963,0,null,0,0,0
964,0,null,0,0,0
965,0,null,0,0,0
966,0,null,0,0,0
967,0,null,0,0,0
968,0,null,0,0,0
969,0,null,0,0,0
970,0,null,0,0,0
971,0,null,0,0,0
972,0,null,0,0,0
973,0,null,0,0,0
974,0,null,0,0,0
975,0,null,0,0,0
976,0,null,0,0,0
977,0,null,0,0,0
978,2,secondary_proton,1,1,1
979,0,null,0,0,0
980,11,pi+,1,1,0
981,0,null,0,0,0
982,0,null,0,0,0
983,0,null,0,0,0
984,0,null,0,0,0
985,0,null,0,0,0
986,1,primary_proton,1,1,1
987,0,null,0,0,0
988,0,null,0,0,0
989,0,null,0,0,0
990,0,null,0,0,0
991,0,null,0,0,0
992,0,null,0,0,0
993,0,null,0,0,0
994,0,null,0,0,0
995,0,null,0,0,0
996,715,secondary_proton,1,1,1
997,0,null,0,0,0
998,0,null,0,0,0
999,0,null,0,0,0
1000,0,null,0,0,0
1001,0,null,0,0,0
1002,0,null,0,0,0
1003,0,null,0,0,0
1004,0,null,0,0,0
1005,0,null,0,0,0
1006,0,null,0,0,0
1007,5,secondary_proton,1,1,1
1008,0,null,0,0,0
1009,0,null,0,0,0
1010,0,null,0,0,0
1011,0,null,0,0,0
1012,0,null,0,0,0
1013,0,null,0,0,0
1014,0,null,0,0,0
1015,0,null,0,0,0
1016,0,null,0,0,0
1017,0,null,0,0,0
1018,0,null,0,0,0
1019,0,null,0,0,0
1020,0,null,0,0,0
1021,7,secondary_proton,1,1,0
1022,0,null,0,0,0
1023,0,null,0,0,0
1024,0,null,0,0,0
1025,0,null,0,0,0
1026,0,null,0,0,0
1027,0,null,0,0,0
1028,10,pi-,1,1,1
1029,0,null,0,0,0
1030,0,null,0,0,0
1031,0,null,0,0,0
1032,0,null,0,0,0
1033,1,primary_proton,1,1,1
1034,0,null,0,0,0
1035,0,null,0,0,0
1036,0,null,0,0,0
1037,0,null,0,0,0
1038,0,null,0,0,0
1039,0,null,0,0,0
1040,0,null,0,0,0
1041,0,null,0,0,0
1042,0,null,0,0,0
1043,0,null,0,0,0
1044,1651,e-,1,1,1
1045,0,null,0,0,0
1046,0,null,0,0,0
1047,1,primary_proton,1,1,1
1048,0,null,0,0,0
1049,9,pi+,1,1,1
1050,0,null,0,0,0
1051,0,null,0,0,0
1052,0,null,0,0,0
1053,0,null,0,0,0
1054,0,null,0,0,0
1055,0,null,0,0,0
1056,0,null,0,0,0
1057,0,null,0,0,0
1058,0,null,0,0,0
1059,0,null,0,0,0
1060,188,pi+,1,1,1
1061,0,null,0,0,0
1062,0,null,0,0,0
1063,0,null,0,0,0
1064,0,null,0,0,0
1065,0,null,0,0,0
1066,0,null,0,0,0
1067,0,null,0,0,0
1068,0,null,0,0,0
1069,0,null,0,0,0
1070,4042,e-,1,1,0
1071,0,null,0,0,0
1072,0,null,0,0,0
1073,0,null,0,0,0
1074,0,null,0,0,0
1075,0,null,0,0,0
1076,0,null,0,0,0
1077,0,null,0,0,0
1078,0,null,0,0,0
1079,2,secondary_proton,1,0,0
1080,0,null,0,0,0
1081,0,null,0,0,0
1082,0,null,0,0,0
1083,0,null,0,0,0
1084,0,null,0,0,0
1085,13,secondary_proton,1,1,1
1086,0,null,0,0,0
1087,0,null,0,0,0
1088,0,null,0,0,0
1089,0,null,0,0,0
1090,0,null,0,0,0
1091,0,null,0,0,0
1092,0,null,0,0,0
1093,0,null,0,0,0
1094,0,null,0,0,0
1095,0,null,0,0,0
1096,0,null,0,0,0
1097,0,null,0,0,0
1098,1,primary_proton,1,1,1
1099,0,null,0,0,0
1100,0,null,0,0,0
1101,0,null,0,0,0
1102,0,null,0,0,0
1103,0,null,0,0,0
1104,0,null,0,0,0
1105,0,null,0,0,0
1106,0,null,0,0,0
1107,0,null,0,0,0
1108,0,null,0,0,0
1109,0,null,0,0,0
1110,0,null,0,0,0
1111,0,null,0,0,0
1112,0,null,0,0,0
1113,0,null,0,0,0
1114,0,null,0,0,0
1115,0,null,0,0,0
1116,0,null,0,0,0
1117,0,null,0,0,0
1118,0,null,0,0,0
1119,0,null,0,0,0
1120,0,null,0,0,0
1121,0,null,0,0,0
1122,1687,e-,1,1,1
1123,0,null,0,0,0
1124,0,null,0,0,0
1125,1,primary_proton,1,1,1
1126,0,null,0,0,0
1127,0,null,0,0,0
1128,0,null,0,0,0
1129,0,null,0,0,0
1130,0,null,0,0,0
1131,0,null,0,0,0
1132,0,null,0,0,0
1133,0,null,0,0,0
1134,0,null,0,0,0
1135,0,null,0,0,0
1136,14,pi+,1,1,0
1137,0,null,0,0,0
1138,0,null,0,0,0
1139,0,null,0,0,0
1140,1,primary_proton,1,1,1
1141,0,null,0,0,0
1142,0,null,0,0,0
1143,0,null,0,0,0
1144,0,null,0,0,0
1145,0,null,0,0,0
1146,0,null,0,0,0
1147,20,pi+,1,1,1
1148,0,null,0,0,0
1149,0,null,0,0,0
1150,0,null,0,0,0
1151,0,null,0,0,0
1152,0,null,0,0,0
1153,0,null,0,0,0
1154,0,null,0,0,0
1155,0,null,0,0,0
1156,0,null,0,0,0
1157,0,null,0,0,0
1158,0,null,0,0,0
1159,0,null,0,0,0
1160,0,null,0,0,0
1162,0,null,0,0,0
1163,0,null,0,0,0
1164,0,null,0,0,0
1165,0,null,0,0,0
1166,0,null,0,0,0
1167,0,null,0,0,0
1168,0,null,0,0,0
1169,0,null,0,0,0
1170,0,null,0,0,0
1171,0,null,0,0,0
1172,0,null,0,0,0
1173,9,pi-,1,1,0
1174,0,null,0,0,0
1175,0,null,0,0,0
1176,0,null,0,0,0
1177,0,null,0,0,0
1178,0,null,0,0,0
1179,0,null,0,0,0
1180,0,null,0,0,0
1181,0,null,0,0,0
1182,0,null,0,0,0
1183,0,null,0,0,0
1184,0,null,0,0,0
1185,0,null,0,0,0
1186,0,null,0,0,0
1187,0,null,0,0,0
1188,1,primary_proton,1,1,1
1189,0,null,0,0,0
1190,0,null,0,0,0
1191,0,null,0,0,0
1192,0,null,0,0,0
1193,0,null,0,0,0
1194,0,null,0,0,0
1195,0,null,0,0,0
1196,0,null,0,0,0
1197,0,null,0,0,0
1198,0,null,0,0,0
1199,0,null,0,0,0
1200,0,null,0,0,0
1201,0,null,0,0,0
1202,0,null,0,0,0
1203,0,null,0,0,0
1204,0,null,0,0,0
1205,0,null,0,0,0
1206,0,null,0,0,0
1207,0,null,0,0,0
1208,0,null,0,0,0
1209,0,null,0,0,0
1210,4,secondary_proton,1,1,1
1211,0,null,0,0,0
1212,0,null,0,0,0
1213,0,null,0,0,0
1214,0,null,0,0,0
1215,0,null,0,0,0
1216,0,null,0,0,0
1217,0,null,0,0,0
1218,0,null,0,0,0
1219,0,null,0,0,0
1220,0,null,0,0,0
1221,0,null,0,0,0
1222,0,null,0,0,0
1223,0,null,0,0,0
1224,0,null,0,0,0
1225,0,null,0,0,0
1226,0,null,0,0,0
1227,0,null,0,0,0
1228,0,null,0,0,0
1229,0,null,0,0,0
1230,0,null,0,0,0
1231,0,null,0,0,0
1232,0,null,0,0,0
1233,0,null,0,0,0
1234,0,null,0,0,0
1235,0,null,0,0,0
1236,0,null,0,0,0
1237,0,null,0,0,0
1238,17,secondary_proton,1,1,1
1239,0,null,0,0,0
1240,0,null,0,0,0
1241,0,null,0,0,0
1242,0,null,0,0,0
1243,0,null,0,0,0
1244,0,null,0,0,0
1245,0,null,0,0,0
1246,0,null,0,0,0
1247,754,e-,0,1,0
1248,0,null,0,0,0
1249,0,null,0,0,0
1250,0,null,0,0,0
1251,0,null,0,0,0
1252,0,null,0,0,0
1253,0,null,0,0,0
1254,0,null,0,0,0
1255,0,null,0,0,0
1256,0,null,0,0,0
1257,0,null,0,0,0
1258,0,null,0,0,0
1259,0,null,0,0,0
1260,0,null,0,0,0
1261,0,null,0,0,0
1262,0,null,0,0,0
1263,0,null,0,0,0
1264,0,null,0,0,0
1265,0,null,0,0,0
1266,0,null,0,0,0
1267,0,null,0,0,0
1268,0,null,0,0,0
1269,0,null,0,0,0
1270,0,null,0,0,0
1271,0,null,0,0,0
1272,0,null,0,0,0
1273,0,null,0,0,0
1274,0,null,0,0,0
1275,0,null,0,0,0
1276,2102,e-,1,1,1
1277,0,null,0,0,0
1278,0,null,0,0,0
1279,0,null,0,0,0
1280,0,null,0,0,0
1281,0,null,0,0,0
1282,0,null,0,0,0
1283,0,null,0,0,0
1284,0,null,0,0,0
1285,0,null,0,0,0
1286,0,null,0,0,0
1287,0,null,0,0,0
1288,0,null,0,0,0
1289,0,null,0,0,0
1290,0,null,0,0,0
1291,26,pi-,1,1,0
1292,0,null,0,0,0
1293,0,null,0,0,0
1294,0,null,0,0,0
1295,0,null,0,0,0
1296,0,null,0,0,0
1297,0,null,0,0,0
1298,0,null,0,0,0
1299,0,null,0,0,0
1300,0,null,0,0,0
1301,0,null,0,0,0
1302,0,null,0,0,0
1303,0,null,0,0,0
1304,0,null,0,0,0
1305,0,null,0,0,0
1306,0,null,0,0,0
1307,0,null,0,0,0
1308,0,null,0,0,0
1309,0,null,0,0,0
1310,0,null,0,0,0
1311,0,null,0,0,0
1312,0,null,0,0,0
1313,0,null,0,0,0
1314,0,null,0,0,0
1315,0,null,0,0,0
1316,0,null,0,0,0
1317,0,null,0,0,0
1318,0,null,0,0,0
1319,0,null,0,0,0
1320,0,null,0,0,0
1321,0,null,0,0,0
1322,825,e-,1,1,1
1323,0,null,0,0,0
1324,0,null,0,0,0
1325,0,null,0,0,0
1326,0,null,0,0,0
1327,0,null,0,0,0
1328,0,null,0,0,0
1329,0,null,0,0,0
1330,0,null,0,0,0
1331,0,null,0,0,0
1332,0,null,0,0,0
1333,0,null,0,0,0
1334,0,null,0,0,0
1335,0,null,0,0,0
1336,0,null,0,0,0
1337,0,null,0,0,0
1338,0,null,0,0,0
1339,0,null,0,0,0
1340,0,null,0,0,0
1341,0,null,0,0,0
1342,0,null,0,0,0
1343,0,null,0,0,0
1344,0,null,0,0,0
1345,0,null,0,0,0
1346,0,null,0,0,0
1347,0,null,0,0,0
1348,0,null,0,0,0
1349,0,null,0,0,0
1350,0,null,0,0,0
1351,0,null,0,0,0
1352,0,null,0,0,0
1353,0,null,0,0,0
1354,0,null,0,0,0
1355,0,null,0,0,0
1356,0,null,0,0,0
1357,0,null,0,0,0
1358,0,null,0,0,0
1359,0,null,0,0,0
1360,0,null,0,0,0
1361,0,null,0,0,0
1362,0,null,0,0,0
1363,0,null,0,0,0
1364,0,null,0,0,0
1365,6,pi+,1,1,1
1366,0,null,0,0,0
1367,0,null,0,0,0
1368,0,null,0,0,0
1369,0,null,0,0,0
1370,0,null,0,0,0
1371,0,null,0,0,0
1372,0,null,0,0,0
1373,0,null,0,0,0
1374,0,null,0,0,0
1375,0,null,0,0,0
1376,0,null,0,0,0
1377,0,null,0,0,0
1378,0,null,0,0,0
1379,0,null,0,0,0
1380,0,null,0,0,0
1381,0,null,0,0,0
1382,0,null,0,0,0
1383,0,null,0,0,0
1384,0,null,0,0,0
1385,0,null,0,0,0
1386,0,null,0,0,0
1388,0,null,0,0,0
1389,6,pi-,1,1,1
1390,0,null,0,0,0
1391,0,null,0,0,0
1392,0,null,0,0,0
1393,1,primary_proton,1,1,1
1394,0,null,0,0,0
1395,0,null,0,0,0
1396,9,pi+,1,1,1
1397,0,null,0,0,0
1398,0,null,0,0,0
1399,0,null,0,0,0
1400,0,null,0,0,0
1401,1,primary_proton,1,1,1
1402,0,null,0,0,0
1403,0,null,0,0,0
1404,0,null,0,0,0
1405,0,null,0,0,0
1406,0,null,0,0,0
1407,0,null,0,0,0
1408,0,null,0,0,0
1409,0,null,0,0,0
1410,0,null,0,0,0
1411,0,null,0,0,0
1412,0,null,0,0,0
1413,0,null,0,0,0
1414,0,null,0,0,0
1415,0,null,0,0,0
1416,0,null,0,0,0
1417,0,null,0,0,0
1418,0,null,0,0,0
1419,0,null,0,0,0
1420,5,secondary_proton,1,1,1
1421,0,null,0,0,0
1422,0,null,0,0,0
1423,0,null,0,0,0
1424,0,null,0,0,0
1425,0,null,0,0,0
1426,0,null,0,0,0
1427,0,null,0,0,0
1428,0,null,0,0,0
1429,0,null,0,0,0
1430,0,null,0,0,0
1431,0,null,0,0,0
1432,0,null,0,0,0
1433,0,null,0,0,0
1434,0,null,0,0,0
1435,0,null,0,0,0
1436,0,null,0,0,0
1437,0,null,0,0,0
1438,0,null,0,0,0
1439,0,null,0,0,0
1440,16,pi+,1,0,0
1441,0,null,0,0,0
1442,0,null,0,0,0
1443,0,null,0,0,0
1444,0,null,0,0,0
1445,0,null,0,0,0
1446,0,null,0,0,0
1447,0,null,0,0,0
1448,0,null,0,0,0
1449,0,null,0,0,0
1450,0,null,0,0,0
1451,0,null,0,0,0
1452,0,null,0,0,0
1453,1,primary_proton,1,1,1
1454,0,null,0,0,0
1455,0,null,0,0,0
1456,0,null,0,0,0
1457,0,null,0,0,0
1458,0,null,0,0,0
1459,0,null,0,0,0
1460,0,null,0,0,0
1461,0,null,0,0,0
1462,0,null,0,0,0
1463,0,null,0,0,0
1464,0,null,0,0,0
1465,0,null,0,0,0
1466,0,null,0,0,0
1467,0,null,0,0,0
1468,0,null,0,0,0
1469,0,null,0,0,0
1470,0,null,0,0,0
1471,0,null,0,0,0
1472,0,null,0,0,0
1473,0,null,0,0,0
1474,0,null,0,0,0
1475,0,null,0,0,0
1476,0,null,0,0,0
1477,0,null,0,0,0
1478,0,null,0,0,0
1479,0,null,0,0,0
1480,0,null,0,0,0
1481,0,null,0,0,0
1482,0,null,0,0,0
1483,0,null,0,0,0
1484,1,primary_proton,1,1,1
1485,0,null,0,0,0
1486,0,null,0,0,0
1487,0,null,0,0,0
1488,0,null,0,0,0
1489,0,null,0,0,0
1490,0,null,0,0,0
1491,0,null,0,0,0
1492,0,null,0,0,0
1493,0,null,0,0,0
1494,0,null,0,0,0
1495,0,null,0,0,0
1496,0,null,0,0,0
1497,0,null,0,0,0
1498,0,null,0,0,0
1499,0,null,0,0,0
1500,0,null,0,0,0
1501,0,null,0,0,0
1502,1,primary_proton,1,1,1
1503,0,null,0,0,0
1504,0,null,0,0,0
1505,0,null,0,0,0
1506,0,null,0,0,0
1507,0,null,0,0,0
1508,0,null,0,0,0
1509,0,null,0,0,0
1510,0,null,0,0,0
1511,0,null,0,0,0
1512,0,null,0,0,0
1513,0,null,0,0,0
1514,0,null,0,0,0
1515,0,null,0,0,0
1516,0,null,0,0,0
1517,0,null,0,0,0
1518,0,null,0,0,0
1519,0,null,0,0,0
1520,1,primary_proton,1,1,1
1521,0,null,0,0,0
1522,1,primary_proton,1,1,1
1523,8,secondary_proton,1,1,1
1524,0,null,0,0,0
1525,0,null,0,0,0
1526,0,null,0,0,0
1527,0,null,0,0,0
1528,0,null,0,0,0
1529,0,null,0,0,0
1530,0,null,0,0,0
1531,0,null,0,0,0
1532,0,null,0,0,0
1533,5,pi-,1,1,1
1534,0,null,0,0,0
1535,0,null,0,0,0
1536,0,null,0,0,0
1537,0,null,0,0,0
1538,0,null,0,0,0
1539,0,null,0,0,0
1540,0,null,0,0,0
1541,0,null,0,0,0
1542,0,null,0,0,0
1543,20,secondary_proton,1,0,0
1544,0,null,0,0,0
1545,1,primary_proton,1,1,1
1546,0,null,0,0,0
1547,0,null,0,0,0
1548,0,null,0,0,0
1549,0,null,0,0,0
1550,0,null,0,0,0
1551,0,null,0,0,0
1552,0,null,0,0,0
1553,0,null,0,0,0
1554,0,null,0,0,0
1555,0,null,0,0,0
1556,8,pi-,1,1,1
1557,0,null,0,0,0
1558,0,null,0,0,0
1559,0,null,0,0,0
1560,0,null,0,0,0
1561,0,null,0,0,0
1562,0,null,0,0,0
1563,0,null,0,0,0
1564,0,null,0,0,0
1565,0,null,0,0,0
1566,0,null,0,0,0
1567,0,null,0,0,0
1568,0,null,0,0,0
1569,0,null,0,0,0
1570,0,null,0,0,0
1571,0,null,0,0,0
1572,0,null,0,0,0
1573,0,null,0,0,0
1574,0,null,0,0,0
1575,0,null,0,0,0
1576,0,null,0,0,0
1577,0,null,0,0,0
1578,0,null,0,0,0
1579,0,null,0,0,0
1580,0,null,0,0,0
1581,525,secondary_proton,1,1,0
1582,8,pi-,1,1,1
1583,0,null,0,0,0
1584,0,null,0,0,0
1585,0,null,0,0,0
1586,5,secondary_proton,1,1,1
1587,0,null,0,0,0
1588,9,pi-,1,1,1
1589,0,null,0,0,0
1590,0,null,0,0,0
1591,0,null,0,0,0
1592,0,null,0,0,0
1593,0,null,0,0,0
1594,0,null,0,0,0
1595,0,null,0,0,0
1596,0,null,0,0,0
1597,0,null,0,0,0
1598,0,null,0,0,0
1599,0,null,0,0,0
1600,0,null,0,0,0
1601,0,null,0,0,0
1602,0,null,0,0,0
1603,0,null,0,0,0
1604,0,null,0,0,0
1605,0,null,0,0,0
1607,0,null,0,0,0
1608,0,null,0,0,0
1609,0,null,0,0,0
1610,0,null,0,0,0
1611,0,null,0,0,0
1612,0,null,0,0,0
1613,0,null,0,0,0
1614,0,null,0,0,0
1615,0,null,0,0,0
1616,0,null,0,0,0
1617,0,null,0,0,0
1618,0,null,0,0,0
1619,0,null,0,0,0
1620,0,null,0,0,0
1621,0,null,0,0,0
1622,0,null,0,0,0
1623,0,null,0,0,0
1624,0,null,0,0,0
1625,0,null,0,0,0
1626,0,null,0,0,0
1627,0,null,0,0,0
1628,0,null,0,0,0
1629,0,null,0,0,0
1630,0,null,0,0,0
1631,0,null,0,0,0
1632,0,null,0,0,0
1633,1,primary_proton,1,1,1
1634,0,null,0,0,0
1635,0,null,0,0,0
1636,0,null,0,0,0
1637,0,null,0,0,0
1638,0,null,0,0,0
1639,0,null,0,0,0
1640,0,null,0,0,0
1641,0,null,0,0,0
1642,0,null,0,0,0
1643,0,null,0,0,0
1644,0,null,0,0,0
1645,0,null,0,0,0
1646,0,null,0,0,0
1647,3,kaon+,1,0,0
1648,0,null,0,0,0
1649,0,null,0,0,0
1650,0,null,0,0,0
1651,0,null,0,0,0
1652,0,null,0,0,0
1653,0,null,0,0,0
1654,0,null,0,0,0
1655,0,null,0,0,0
1656,0,null,0,0,0
1657,0,null,0,0,0
1658,0,null,0,0,0
1659,0,null,0,0,0
1660,0,null,0,0,0
1661,0,null,0,0,0
1662,0,null,0,0,0
1663,0,null,0,0,0
1664,0,null,0,0,0
1665,0,null,0,0,0
1666,0,null,0,0,0
1667,0,null,0,0,0
1668,0,null,0,0,0
1669,0,null,0,0,0
1670,0,null,0,0,0
1671,0,null,0,0,0
1672,0,null,0,0,0
1673,0,null,0,0,0
1674,0,null,0,0,0
1675,0,null,0,0,0
1676,0,null,0,0,0
1677,0,null,0,0,0
1678,0,null,0,0,0
1679,0,null,0,0,0
1680,0,null,0,0,0
1681,0,null,0,0,0
1682,0,null,0,0,0
1683,0,null,0,0,0
1684,0,null,0,0,0
1685,0,null,0,0,0
1686,0,null,0,0,0
1687,0,null,0,0,0
1688,0,null,0,0,0
1689,0,null,0,0,0
1690,0,null,0,0,0
1691,0,null,0,0,0
1692,0,null,0,0,0
1693,0,null,0,0,0
1694,0,null,0,0,0
1695,0,null,0,0,0
1696,0,null,0,0,0
1697,0,null,0,0,0
1698,0,null,0,0,0
1699,0,null,0,0,0
1700,1,primary_proton,1,1,1
1701,0,null,0,0,0
1702,0,null,0,0,0
1703,0,null,0,0,0
1704,0,null,0,0,0
1705,0,null,0,0,0
1706,0,null,0,0,0
1707,0,null,0,0,0
1708,0,null,0,0,0
1709,0,null,0,0,0
1710,0,null,0,0,0
1711,0,null,0,0,0
1712,0,null,0,0,0
1713,0,null,0,0,0
1714,0,null,0,0,0
1715,0,null,0,0,0
1716,11,pi+,1,0,0
1717,1,primary_proton,1,1,1
1718,0,null,0,0,0
1719,0,null,0,0,0
1720,0,null,0,0,0
1721,0,null,0,0,0
1722,1,primary_proton,1,1,1
1723,0,null,0,0,0
1724,0,null,0,0,0
1725,0,null,0,0,0
1726,0,null,0,0,0
1727,0,null,0,0,0
1728,0,null,0,0,0
1729,0,null,0,0,0
1730,0,null,0,0,0
1731,11,pi+,1,1,1
1732,0,null,0,0,0
1733,4,secondary_proton,1,1,0
1734,0,null,0,0,0
1735,0,null,0,0,0
1736,0,null,0,0,0
1737,0,null,0,0,0
1738,0,null,0,0,0
1739,0,null,0,0,0
1740,0,null,0,0,0
1741,0,null,0,0,0
1742,0,null,0,0,0
1743,0,null,0,0,0
1744,0,null,0,0,0
1745,1,primary_proton,1,1,1
1746,0,null,0,0,0
1747,0,null,0,0,0
1748,0,null,0,0,0
1749,0,null,0,0,0
1750,0,null,0,0,0
1751,0,null,0,0,0
1752,0,null,0,0,0
1753,0,null,0,0,0
1754,0,null,0,0,0
1755,0,null,0,0,0
1756,0,null,0,0,0
1757,0,null,0,0,0
1758,0,null,0,0,0
1759,0,null,0,0,0
1760,0,null,0,0,0
1761,0,null,0,0,0
1762,0,null,0,0,0
1763,0,null,0,0,0
1764,0,null,0,0,0
1765,0,null,0,0,0
1766,0,null,0,0,0
1767,0,null,0,0,0
1768,0,null,0,0,0
1769,0,null,0,0,0
1770,0,null,0,0,0
1771,0,null,0,0,0
1772,0,null,0,0,0
1773,0,null,0,0,0
1774,0,null,0,0,0
1775,0,null,0,0,0
1776,0,null,0,0,0
1777,1,primary_proton,1,1,1
1778,0,null,0,0,0
1779,0,null,0,0,0
1780,0,null,0,0,0
1781,0,null,0,0,0
1782,0,null,0,0,0
1783,0,null,0,0,0
1784,0,null,0,0,0
1785,0,null,0,0,0
1786,0,null,0,0,0
1787,0,null,0,0,0
1788,15,pi+,1,1,1
1789,0,null,0,0,0
1790,0,null,0,0,0
1791,0,null,0,0,0
1792,0,null,0,0,0
1793,0,null,0,0,0
1794,0,null,0,0,0
1795,0,null,0,0,0
1796,0,null,0,0,0
1797,0,null,0,0,0
1798,0,null,0,0,0
1799,0,null,0,0,0
1800,0,null,0,0,0
1801,0,null,0,0,0
1802,0,null,0,0,0
1803,0,null,0,0,0
1804,9,pi-,1,1,1
1805,0,null,0,0,0
1806,0,null,0,0,0
1807,0,null,0,0,0
1808,12,pi-,1,1,1
1809,0,null,0,0,0
1810,0,null,0,0,0
1811,0,null,0,0,0
1812,0,null,0,0,0
1813,0,null,0,0,0
1814,0,null,0,0,0
1815,0,null,0,0,0
1816,0,null,0,0,0
1817,1,primary_proton,1,1,1
1818,0,null,0,0,0
1819,10,secondary_proton,1,1,1
1820,0,null,0,0,0
1821,0,null,0,0,0
1822,0,null,0,0,0
1823,0,null,0,0,0
1824,0,null,0,0,0
1825,0,null,0,0,0
1826,0,null,0,0,0
1827,0,null,0,0,0
1828,0,null,0,0,0
1830,9,kaon+,1,0,0
1831,0,null,0,0,0
1832,0,null,0,0,0
1833,0,null,0,0,0
1834,16,pi-,1,0,0
1835,1,primary_proton,1,1,1
1836,0,null,0,0,0
1837,0,null,0,0,0
1838,0,null,0,0,0
1839,0,null,0,0,0
1840,0,null,0,0,0
1841,0,null,0,0,0
1842,0,null,0,0,0
1843,0,null,0,0,0
1844,0,null,0,0,0
1845,0,null,0,0,0
1846,0,null,0,0,0
1847,0,null,0,0,0
1848,0,null,0,0,0
1849,0,null,0,0,0
1850,0,null,0,0,0
1851,0,null,0,0,0
1852,437,e+,1,1,1
1853,0,null,0,0,0
1854,0,null,0,0,0
1855,0,null,0,0,0
1856,0,null,0,0,0
1857,0,null,0,0,0
1858,0,null,0,0,0
1859,0,null,0,0,0
1860,1,primary_proton,1,1,1
1861,0,null,0,0,0
1862,0,null,0,0,0
1863,0,null,0,0,0
1864,0,null,0,0,0
1865,0,null,0,0,0
1866,0,null,0,0,0
1867,0,null,0,0,0
1868,0,null,0,0,0
1869,0,null,0,0,0
1870,0,null,0,0,0
1871,0,null,0,0,0
1872,0,null,0,0,0
1873,0,null,0,0,0
1874,0,null,0,0,0
1875,0,null,0,0,0
1876,0,null,0,0,0
1877,0,null,0,0,0
1878,0,null,0,0,0
1879,0,null,0,0,0
1880,0,null,0,0,0
1881,0,null,0,0,0
1882,14,pi+,1,1,1
1883,0,null,0,0,0
1884,0,null,0,0,0
1885,0,null,0,0,0
1886,0,null,0,0,0
1887,0,null,0,0,0
1888,0,null,0,0,0
1889,16,pi-,1,1,1
1890,0,null,0,0,0
1891,0,null,0,0,0
1892,0,null,0,0,0
1893,0,null,0,0,0
1894,0,null,0,0,0
1895,0,null,0,0,0
1896,0,null,0,0,0
1897,0,null,0,0,0
1898,0,null,0,0,0
1899,0,null,0,0,0
1900,0,null,0,0,0
1901,0,null,0,0,0
1902,0,null,0,0,0
1903,0,null,0,0,0
1904,0,null,0,0,0
1905,0,null,0,0,0
1906,16,pi+,1,1,0
1907,0,null,0,0,0
1908,0,null,0,0,0
1909,0,null,0,0,0
1910,0,null,0,0,0
1911,0,null,0,0,0
1912,0,null,0,0,0
1913,0,null,0,0,0
1914,0,null,0,0,0
1915,0,null,0,0,0
1916,0,null,0,0,0
1917,0,null,0,0,0
1918,0,null,0,0,0
1919,1,primary_proton,1,1,1
1920,0,null,0,0,0
1921,2820,e-,1,0,0
1922,0,null,0,0,0
1923,0,null,0,0,0
1924,0,null,0,0,0
1925,0,null,0,0,0
1926,0,null,0,0,0
1927,0,null,0,0,0
1928,0,null,0,0,0
1929,0,null,0,0,0
1930,0,null,0,0,0
1931,0,null,0,0,0
1932,0,null,0,0,0
1933,0,null,0,0,0
1934,0,null,0,0,0
1935,0,null,0,0,0
1936,0,null,0,0,0
1937,0,null,0,0,0
1938,0,null,0,0,0
1939,0,null,0,0,0
1940,0,null,0,0,0
1941,0,null,0,0,0
1942,0,null,0,0,0
1943,0,null,0,0,0
1944,0,null,0,0,0
1945,0,null,0,0,0
1946,0,null,0,0,0
1947,0,null,0,0,0
1948,6,pi-,1,1,0
1949,0,null,0,0,0
1950,0,null,0,0,0
1951,0,null,0,0,0
1952,0,null,0,0,0
1953,0,null,0,0,0
1954,0,null,0,0,0
1955,0,null,0,0,0
1956,0,null,0,0,0
1957,0,null,0,0,0
1958,0,null,0,0,0
1959,0,null,0,0,0
1960,0,null,0,0,0
1961,0,null,0,0,0
1962,0,null,0,0,0
1963,0,null,0,0,0
1964,0,null,0,0,0
1965,0,null,0,0,0
1966,0,null,0,0,0
1967,1,primary_proton,1,1,1
1968,0,null,0,0,0
1969,0,null,0,0,0
1970,0,null,0,0,0
1971,0,null,0,0,0
1972,0,null,0,0,0
1973,0,null,0,0,0
1974,0,null,0,0,0
1975,784,e-,1,1,1
1976,0,null,0,0,0
1977,0,null,0,0,0
1978,0,null,0,0,0
1979,0,null,0,0,0
1980,0,null,0,0,0
1981,0,null,0,0,0
1982,12,pi-,1,1,1
1983,0,null,0,0,0
1984,0,null,0,0,0
1985,0,null,0,0,0
1986,0,null,0,0,0
1987,0,null,0,0,0
1988,1436,pi+,1,0,0
1989,7,pi-,1,1,1
1990,0,null,0,0,0
1991,0,null,0,0,0
1992,0,null,0,0,0
1993,0,null,0,0,0
1994,0,null,0,0,0
1995,0,null,0,0,0
1996,0,null,0,0,0
1997,0,null,0,0,0
1998,0,null,0,0,0
1999,0,null,0,0,0
2000,0,null,0,0,0
2001,0,null,0,0,0
2002,0,null,0,0,0
2003,0,null,0,0,0
2004,0,null,0,0,0
2005,0,null,0,0,0
2006,0,null,0,0,0
2007,0,null,0,0,0
2008,0,null,0,0,0
2009,0,null,0,0,0
2010,0,null,0,0,0
2011,0,null,0,0,0
2012,0,null,0,0,0
2013,0,null,0,0,0
2014,0,null,0,0,0
2015,0,null,0,0,0
2016,0,null,0,0,0
2017,0,null,0,0,0
2018,0,null,0,0,0
2019,0,null,0,0,0
2020,0,null,0,0,0
2021,0,null,0,0,0
2022,0,null,0,0,0
2023,0,null,0,0,0
2024,0,null,0,0,0
2025,0,null,0,0,0
2026,0,null,0,0,0
2027,0,null,0,0,0
2028,0,null,0,0,0
2029,0,null,0,0,0
2030,6,secondary_proton,1,1,1
2031,0,null,0,0,0
2032,0,null,0,0,0
2033,0,null,0,0,0
2034,0,null,0,0,0
2035,0,null,0,0,0
2036,0,null,0,0,0
2037,0,null,0,0,0
2038,0,null,0,0,0
2039,0,null,0,0,0
2040,0,null,0,0,0
2041,1,primary_proton,1,1,1
2042,0,null,0,0,0
2043,0,null,0,0,0
2044,0,null,0,0,0
2045,1,primary_proton,1,1,1
2046,0,null,0,0,0
2047,0,null,0,0,0
2048,0,null,0,0,0
2049,0,null,0,0,0
2050,0,null,0,0,0
2051,0,null,0,0,0
2053,0,null,0,0,0
2054,0,null,0,0,0
2055,0,null,0,0,0
2056,0,null,0,0,0
2057,0,null,0,0,0
2058,0,null,0,0,0
2059,0,null,0,0,0
2060,0,null,0,0,0
2061,0,null,0,0,0
2062,0,null,0,0,0
2063,0,null,0,0,0
2064,0,null,0,0,0
2065,0,null,0,0,0
2066,0,null,0,0,0
2067,0,null,0,0,0
2068,0,null,0,0,0
2069,0,null,0,0,0
2070,0,null,0,0,0
2071,0,null,0,0,0
2072,0,null,0,0,0
2073,0,null,0,0,0
2074,0,null,0,0,0
2075,0,null,0,0,0
2076,0,null,0,0,0
2077,0,null,0,0,0
2078,0,null,0,0,0
2079,0,null,0,0,0
2080,0,null,0,0,0
2081,0,null,0,0,0
2082,0,null,0,0,0
2083,0,null,0,0,0
2084,0,null,0,0,0
2085,0,null,0,0,0
2086,0,null,0,0,0
2087,0,null,0,0,0
2088,0,null,0,0,0
2089,0,null,0,0,0
2090,0,null,0,0,0
2091,1,primary_proton,1,1,1
2092,0,null,0,0,0
2093,0,null,0,0,0
2094,0,null,0,0,0
2095,0,null,0,0,0
2096,0,null,0,0,0
2097,0,null,0,0,0
2098,0,null,0,0,0
2099,0,null,0,0,0
2100,1,primary_proton,1,1,1
2101,0,null,0,0,0
2102,3014,secondary_proton,1,1,1
2103,0,null,0,0,0
2104,0,null,0,0,0
2105,0,null,0,0,0
2106,0,null,0,0,0
2107,0,null,0,0,0
2108,0,null,0,0,0
2109,0,null,0,0,0
2110,0,null,0,0,0
2111,0,null,0,0,0
2112,1,primary_proton,1,1,1
2113,0,null,0,0,0
2114,0,null,0,0,0
2115,0,null,0,0,0
2116,0,null,0,0,0
2117,0,null,0,0,0
2118,0,null,0,0,0
2119,6,pi+,1,1,1
2120,0,null,0,0,0
2121,0,null,0,0,0
2122,0,null,0,0,0
2123,0,null,0,0,0
2124,0,null,0,0,0
2125,0,null,0,0,0
2126,0,null,0,0,0
2127,0,null,0,0,0
2128,1,primary_proton,1,1,1
2129,0,null,0,0,0
2130,0,null,0,0,0
2131,0,null,0,0,0
2132,0,null,0,0,0
2133,0,null,0,0,0
2134,0,null,0,0,0
2135,0,null,0,0,0
2136,0,null,0,0,0
2137,0,null,0,0,0
2138,8,secondary_proton,1,1,1
2139,0,null,0,0,0
2140,0,null,0,0,0
2141,0,null,0,0,0
2142,0,null,0,0,0
2143,0,null,0,0,0
2144,0,null,0,0,0
2145,0,null,0,0,0
2146,0,null,0,0,0
2147,0,null,0,0,0
2148,0,null,0,0,0
2149,0,null,0,0,0
2150,0,null,0,0,0
2151,18,secondary_proton,1,1,1
2152,0,null,0,0,0
2153,0,null,0,0,0
2154,0,null,0,0,0
2155,6,secondary_proton,1,1,1
2156,0,null,0,0,0
2157,0,null,0,0,0
2158,0,null,0,0,0
2159,0,null,0,0,0
2160,0,null,0,0,0
2161,0,null,0,0,0
2162,0,null,0,0,0
2163,0,null,0,0,0
2164,0,null,0,0,0
2165,0,null,0,0,0
2166,0,null,0,0,0
2167,0,null,0,0,0
2168,0,null,0,0,0
2169,0,null,0,0,0
2170,0,null,0,0,0
2171,0,null,0,0,0
2172,0,null,0,0,0
2173,0,null,0,0,0
2174,0,null,0,0,0
2175,0,null,0,0,0
2176,0,null,0,0,0
2177,0,null,0,0,0
2178,0,null,0,0,0
2179,0,null,0,0,0
2180,0,null,0,0,0
2181,0,null,0,0,0
2182,0,null,0,0,0
2183,0,null,0,0,0
2184,1,primary_proton,1,1,1
2185,0,null,0,0,0
2186,0,null,0,0,0
2187,1,primary_proton,1,1,1
2188,0,null,0,0,0
2189,0,null,0,0,0
2190,0,null,0,0,0
2191,0,null,0,0,0
2192,0,null,0,0,0
2193,11,pi+,1,0,0
2194,0,null,0,0,0
2195,0,null,0,0,0
2196,0,null,0,0,0
2197,0,null,0,0,0
2198,0,null,0,0,0
2199,0,null,0,0,0
2200,0,null,0,0,0
2201,0,null,0,0,0
2202,0,null,0,0,0
2203,0,null,0,0,0
2204,0,null,0,0,0
2205,0,null,0,0,0
2206,0,null,0,0,0
2207,0,null,0,0,0
2208,0,null,0,0,0
2209,0,null,0,0,0
2210,1,primary_proton,1,1,1
2211,0,null,0,0,0
2212,0,null,0,0,0
2213,0,null,0,0,0
2214,0,null,0,0,0
2215,0,null,0,0,0
2216,0,null,0,0,0
2217,3,secondary_proton,1,1,1
2218,1,primary_proton,1,1,1
2219,1,primary_proton,1,0,0
2220,0,null,0,0,0
2221,0,null,0,0,0
2222,0,null,0,0,0
2223,0,null,0,0,0
2224,0,null,0,0,0
2225,0,null,0,0,0
2226,0,null,0,0,0
2227,0,null,0,0,0
2228,0,null,0,0,0
2229,1,primary_proton,1,1,1
2230,0,null,0,0,0
2231,0,null,0,0,0
2232,0,null,0,0,0
2233,0,null,0,0,0
2234,0,null,0,0,0
2235,0,null,0,0,0
2236,0,null,0,0,0
2237,0,null,0,0,0
2238,0,null,0,0,0
2239,1,primary_proton,1,1,1
2240,0,null,0,0,0
2241,0,null,0,0,0
2242,0,null,0,0,0
2243,0,null,0,0,0
2244,0,null,0,0,0
2245,0,null,0,0,0
2246,0,null,0,0,0
2247,1,primary_proton,1,1,1
2248,1,primary_proton,1,1,1
2249,0,null,0,0,0
2250,0,null,0,0,0
2251,0,null,0,0,0
2252,0,null,0,0,0
2253,0,null,0,0,0
2254,0,null,0,0,0
2255,0,null,0,0,0
2256,0,null,0,0,0
2257,0,null,0,0,0
2258,0,null,0,0,0
2259,0,null,0,0,0
2260,0,null,0,0,0
2261,0,null,0,0,0
2262,0,null,0,0,0
2263,0,null,0,0,0
2264,0,null,0,0,0
2265,0,null,0,0,0
2266,0,null,0,0,0
2267,0,null,0,0,0
2268,0,null,0,0,0
2270,0,null,0,0,0
2271,0,null,0,0,0
2272,0,null,0,0,0
2273,0,null,0,0,0
2274,0,null,0,0,0
2275,0,null,0,0,0
2276,0,null,0,0,0
2277,0,null,0,0,0
2278,0,null,0,0,0
2279,0,null,0,0,0
2280,0,null,0,0,0
2281,0,null,0,0,0
2282,0,null,0,0,0
2283,0,null,0,0,0
2284,0,null,0,0,0
2285,0,null,0,0,0
2286,0,null,0,0,0
2287,0,null,0,0,0
2288,0,null,0,0,0
2289,0,null,0,0,0
2290,0,null,0,0,0
2291,0,null,0,0,0
2292,0,null,0,0,0
2293,0,null,0,0,0
2294,0,null,0,0,0
2295,0,null,0,0,0
2296,0,null,0,0,0
2297,0,null,0,0,0
2298,1,primary_proton,1,1,1
2299,0,null,0,0,0
2300,0,null,0,0,0
2301,6,secondary_proton,1,1,1
2302,0,null,0,0,0
2303,0,null,0,0,0
2304,0,null,0,0,0
2305,0,null,0,0,0
2306,0,null,0,0,0
2307,1,primary_proton,1,1,1
2308,0,null,0,0,0
2309,0,null,0,0,0
2310,0,null,0,0,0
2311,0,null,0,0,0
2312,0,null,0,0,0
2313,16,pi+,1,1,1
2314,0,null,0,0,0
2315,0,null,0,0,0
2316,0,null,0,0,0
2317,0,null,0,0,0
2318,0,null,0,0,0
2319,0,null,0,0,0
2320,0,null,0,0,0
2321,0,null,0,0,0
2322,0,null,0,0,0
2323,0,null,0,0,0
2324,0,null,0,0,0
2325,0,null,0,0,0
2326,0,null,0,0,0
2327,0,null,0,0,0
2328,0,null,0,0,0
2329,358,secondary_proton,1,1,1
2330,0,null,0,0,0
2331,0,null,0,0,0
2332,0,null,0,0,0
2333,0,null,0,0,0
2334,0,null,0,0,0
2335,0,null,0,0,0
2336,2326,e-,1,1,1
2337,0,null,0,0,0
2338,0,null,0,0,0
2339,0,null,0,0,0
2340,0,null,0,0,0
2341,0,null,0,0,0
2342,0,null,0,0,0
2343,0,null,0,0,0
2344,1,primary_proton,1,1,1
2345,0,null,0,0,0
2346,0,null,0,0,0
2347,0,null,0,0,0
2348,0,null,0,0,0
2349,0,null,0,0,0
2350,0,null,0,0,0
2351,0,null,0,0,0
2352,0,null,0,0,0
2353,0,null,0,0,0
2354,0,null,0,0,0
2355,0,null,0,0,0
2356,0,null,0,0,0
2357,0,null,0,0,0
2358,0,null,0,0,0
2359,0,null,0,0,0
2360,0,null,0,0,0
2361,0,null,0,0,0
2362,0,null,0,0,0
2363,0,null,0,0,0
2364,0,null,0,0,0
2365,0,null,0,0,0
2366,0,null,0,0,0
2367,0,null,0,0,0
2368,0,null,0,0,0
2369,0,null,0,0,0
2370,0,null,0,0,0
2371,0,null,0,0,0
2372,0,null,0,0,0
2373,0,null,0,0,0
2374,0,null,0,0,0
2375,0,null,0,0,0
2376,0,null,0,0,0
2377,0,null,0,0,0
2378,0,null,0,0,0
2379,0,null,0,0,0
2380,0,null,0,0,0
2381,0,null,0,0,0
2382,0,null,0,0,0
2383,0,null,0,0,0
2384,0,null,0,0,0
2385,0,null,0,0,0
2386,0,null,0,0,0
2387,0,null,0,0,0
2388,0,null,0,0,0
2389,0,null,0,0,0
2390,0,null,0,0,0
2391,0,null,0,0,0
2392,0,null,0,0,0
2393,0,null,0,0,0
2394,0,null,0,0,0
2395,0,null,0,0,0
2396,0,null,0,0,0
2397,0,null,0,0,0
2398,0,null,0,0,0
2399,0,null,0,0,0
2400,0,null,0,0,0
2401,0,null,0,0,0
2402,0,null,0,0,0
2403,0,null,0,0,0
2404,0,null,0,0,0
2405,0,null,0,0,0
2406,0,null,0,0,0
2407,0,null,0,0,0
2408,0,null,0,0,0
2409,0,null,0,0,0
2410,0,null,0,0,0
2411,0,null,0,0,0
2412,30,secondary_proton,1,1,1
2413,0,null,0,0,0
2414,0,null,0,0,0
2415,0,null,0,0,0
2416,0,null,0,0,0
2417,0,null,0,0,0
2418,0,null,0,0,0
2419,0,null,0,0,0
2420,0,null,0,0,0
2421,0,null,0,0,0
2422,0,null,0,0,0
2423,0,null,0,0,0
2424,0,null,0,0,0
2425,0,null,0,0,0
2426,0,null,0,0,0
2427,0,null,0,0,0
2428,0,null,0,0,0
2429,0,null,0,0,0
2430,0,null,0,0,0
2431,6,secondary_proton,1,1,1
2432,0,null,0,0,0
2433,0,null,0,0,0
2434,0,null,0,0,0
2435,0,null,0,0,0
2436,0,null,0,0,0
2437,0,null,0,0,0
2438,0,null,0,0,0
2439,0,null,0,0,0
2440,0,null,0,0,0
2441,0,null,0,0,0
2442,0,null,0,0,0
2443,0,null,0,0,0
2444,0,null,0,0,0
2445,0,null,0,0,0
2446,0,null,0,0,0
2447,0,null,0,0,0
2448,0,null,0,0,0
2449,0,null,0,0,0
2450,0,null,0,0,0
2451,0,null,0,0,0
2452,0,null,0,0,0
2453,0,null,0,0,0
2454,0,null,0,0,0
2455,0,null,0,0,0
2456,0,null,0,0,0
2457,0,null,0,0,0
2458,5,pi+,1,1,1
2459,1,primary_proton,1,1,1
2460,0,null,0,0,0
2461,0,null,0,0,0
2462,0,null,0,0,0
2463,0,null,0,0,0
2464,0,null,0,0,0
2465,0,null,0,0,0
2466,0,null,0,0,0
2467,0,null,0,0,0
2468,0,null,0,0,0
2469,0,null,0,0,0
2470,0,null,0,0,0
2471,0,null,0,0,0
2472,0,null,0,0,0
2473,0,null,0,0,0
2474,0,null,0,0,0
2475,0,null,0,0,0
2476,0,null,0,0,0
2477,0,null,0,0,0
2478,0,null,0,0,0
2479,0,null,0,0,0
2480,0,null,0,0,0
2481,0,null,0,0,0
2482,0,null,0,0,0
2483,0,null,0,0,0
2484,0,null,0,0,0
2485,0,null,0,0,0
2486,0,null,0,0,0
2487,0,null,0,0,0
2488,0,null,0,0,0
2489,1,primary_proton,1,1,1
2490,0,null,0,0,0
2492,0,null,0,0,0
2493,0,null,0,0,0
2494,0,null,0,0,0
2495,0,null,0,0,0
2496,0,null,0,0,0
2497,0,null,0,0,0
2498,0,null,0,0,0
2499,0,null,0,0,0
2500,0,null,0,0,0
2501,0,null,0,0,0
2502,0,null,0,0,0
2503,0,null,0,0,0
2504,0,null,0,0,0
2505,0,null,0,0,0
2506,1,primary_proton,1,1,1
2507,0,null,0,0,0
2508,0,null,0,0,0
2509,0,null,0,0,0
2510,0,null,0,0,0
2511,0,null,0,0,0
2512,0,null,0,0,0
2513,0,null,0,0,0
2514,0,null,0,0,0
2515,0,null,0,0,0
2516,0,null,0,0,0
2517,0,null,0,0,0
2518,0,null,0,0,0
2519,0,null,0,0,0
2520,0,null,0,0,0
2521,0,null,0,0,0
2522,0,null,0,0,0
2523,0,null,0,0,0
2524,0,null,0,0,0
2525,0,null,0,0,0
2526,0,null,0,0,0
2527,0,null,0,0,0
2528,0,null,0,0,0
2529,7,pi+,1,1,1
2530,0,null,0,0,0
2531,0,null,0,0,0
2532,0,null,0,0,0
2533,0,null,0,0,0
2534,0,null,0,0,0
2535,0,null,0,0,0
2536,0,null,0,0,0
2537,0,null,0,0,0
2538,0,null,0,0,0
2539,0,null,0,0,0
2540,0,null,0,0,0
2541,0,null,0,0,0
2542,0,null,0,0,0
2543,0,null,0,0,0
2544,0,null,0,0,0
2545,0,null,0,0,0
2546,0,null,0,0,0
2547,0,null,0,0,0
2548,0,null,0,0,0
2549,0,null,0,0,0
2550,0,null,0,0,0
2551,0,null,0,0,0
2552,0,null,0,0,0
2553,0,null,0,0,0
2554,0,null,0,0,0
2555,0,null,0,0,0
2556,0,null,0,0,0
2557,0,null,0,0,0
2558,0,null,0,0,0
2559,0,null,0,0,0
2560,0,null,0,0,0
2561,0,null,0,0,0
2562,1483,e-,1,1,1
2563,0,null,0,0,0
2564,0,null,0,0,0
2565,0,null,0,0,0
2566,0,null,0,0,0
2567,0,null,0,0,0
2568,0,null,0,0,0
2569,0,null,0,0,0
2570,0,null,0,0,0
2571,0,null,0,0,0
2572,0,null,0,0,0
2573,0,null,0,0,0
2574,1043,e-,1,1,1
2575,0,null,0,0,0
2576,0,null,0,0,0
2577,1,primary_proton,1,0,0
2578,0,null,0,0,0
2579,0,null,0,0,0
2580,0,null,0,0,0
2581,0,null,0,0,0
2582,0,null,0,0,0
2583,0,null,0,0,0
2584,0,null,0,0,0
2585,0,null,0,0,0
2586,0,null,0,0,0
2587,0,null,0,0,0
2588,0,null,0,0,0
2589,0,null,0,0,0
2590,0,null,0,0,0
2591,0,null,0,0,0
2592,0,null,0,0,0
2593,0,null,0,0,0
2594,0,null,0,0,0
2595,0,null,0,0,0
2596,0,null,0,0,0
2597,1,primary_proton,1,1,1
2598,0,null,0,0,0
2599,0,null,0,0,0
2600,0,null,0,0,0
2601,0,null,0,0,0
2602,1,primary_proton,1,1,1
2603,0,null,0,0,0
2604,0,null,0,0,0
2605,0,null,0,0,0
2606,0,null,0,0,0
2607,0,null,0,0,0
2608,0,null,0,0,0
2609,0,null,0,0,0
2610,0,null,0,0,0
2611,0,null,0,0,0
2612,0,null,0,0,0
2613,0,null,0,0,0
2614,0,null,0,0,0
2615,0,null,0,0,0
2616,0,null,0,0,0
2617,0,null,0,0,0
2618,0,null,0,0,0
2619,0,null,0,0,0
2620,9,secondary_proton,1,1,1
2621,0,null,0,0,0
2622,0,null,0,0,0
2623,0,null,0,0,0
2624,0,null,0,0,0
2625,0,null,0,0,0
2626,0,null,0,0,0
2627,0,null,0,0,0
2628,0,null,0,0,0
2629,0,null,0,0,0
2630,0,null,0,0,0
2631,1,primary_proton,1,1,1
2632,0,null,0,0,0
2633,0,null,0,0,0
2634,0,null,0,0,0
2635,0,null,0,0,0
2636,0,null,0,0,0
2637,0,null,0,0,0
2638,0,null,0,0,0
2639,0,null,0,0,0
2640,0,null,0,0,0
2641,0,null,0,0,0
2642,0,null,0,0,0
2643,0,null,0,0,0
2644,779,e-,1,1,1
2645,3950,pi+,1,1,1
2646,0,null,0,0,0
2647,0,null,0,0,0
2648,0,null,0,0,0
2649,0,null,0,0,0
2650,0,null,0,0,0
2651,0,null,0,0,0
2652,0,null,0,0,0
2653,0,null,0,0,0
2654,0,null,0,0,0
2655,0,null,0,0,0
2656,0,null,0,0,0
2657,0,null,0,0,0
2658,0,null,0,0,0
2659,1214,e-,1,0,0
2660,0,null,0,0,0
2661,0,null,0,0,0
2662,0,null,0,0,0
2663,10,pi+,1,1,1
2664,0,null,0,0,0
2665,0,null,0,0,0
2666,0,null,0,0,0
2667,0,null,0,0,0
2668,0,null,0,0,0
2669,0,null,0,0,0
2670,0,null,0,0,0
2671,0,null,0,0,0
2672,0,null,0,0,0
2673,0,null,0,0,0
2674,0,null,0,0,0
2675,0,null,0,0,0
2676,0,null,0,0,0
2677,1755,e-,1,0,0
2678,0,null,0,0,0
2679,0,null,0,0,0
2680,1,primary_proton,1,1,1
2681,0,null,0,0,0
2682,1,primary_proton,1,1,1
2683,0,null,0,0,0
2684,0,null,0,0,0
2685,0,null,0,0,0
2686,0,null,0,0,0
2687,0,null,0,0,0
2688,0,null,0,0,0
2689,0,null,0,0,0
2690,0,null,0,0,0
2691,0,null,0,0,0
2692,0,null,0,0,0
2693,0,null,0,0,0
2694,0,null,0,0,0
2695,0,null,0,0,0
2696,0,null,0,0,0
2697,0,null,0,0,0
2698,0,null,0,0,0
2699,0,null,0,0,0
2700,0,null,0,0,0
2701,0,null,0,0,0
2702,0,null,0,0,0
2703,0,null,0,0,0
2704,0,null,0,0,0
2705,0,null,0,0,0
2706,0,null,0,0,0
2707,0,null,0,0,0
2708,0,null,0,0,0
2709,0,null,0,0,0
2710,0,null,0,0,0
2711,0,null,0,0,0
2712,0,null,0,0,0
2714,0,null,0,0,0
2715,0,null,0,0,0
2716,0,null,0,0,0
2717,0,null,0,0,0
2718,0,null,0,0,0
2719,1,primary_proton,1,1,1
2720,0,null,0,0,0
2721,0,null,0,0,0
2722,0,null,0,0,0
2723,0,null,0,0,0
2724,0,null,0,0,0
2725,0,null,0,0,0
2726,0,null,0,0,0
2727,0,null,0,0,0
2728,0,null,0,0,0
2729,1,primary_proton,1,1,1
2730,0,null,0,0,0
2731,0,null,0,0,0
2732,0,null,0,0,0
2733,0,null,0,0,0
2734,9,pi+,1,1,1
2735,0,null,0,0,0
2736,0,null,0,0,0
2737,0,null,0,0,0
2738,0,null,0,0,0
2739,0,null,0,0,0
2740,0,null,0,0,0
2741,0,null,0,0,0
2742,0,null,0,0,0
2743,0,null,0,0,0
2744,0,null,0,0,0
2745,0,null,0,0,0
2746,0,null,0,0,0
2747,0,null,0,0,0
2748,0,null,0,0,0
2749,0,null,0,0,0
2750,0,null,0,0,0
2751,0,null,0,0,0
2752,1,primary_proton,1,1,1
2753,0,null,0,0,0
2754,1609,e+,1,1,1
2755,0,null,0,0,0
2756,0,null,0,0,0
2757,0,null,0,0,0
2758,0,null,0,0,0
2759,0,null,0,0,0
2760,0,null,0,0,0
2761,0,null,0,0,0
2762,0,null,0,0,0
2763,0,null,0,0,0
2764,0,null,0,0,0
2765,0,null,0,0,0
2766,0,null,0,0,0
2767,0,null,0,0,0
2768,0,null,0,0,0
2769,0,null,0,0,0
2770,0,null,0,0,0
2771,0,null,0,0,0
2772,0,null,0,0,0
2773,1,primary_proton,1,1,1
2774,0,null,0,0,0
2775,0,null,0,0,0
2776,0,null,0,0,0
2777,0,null,0,0,0
2778,0,null,0,0,0
2779,0,null,0,0,0
2780,0,null,0,0,0
2781,0,null,0,0,0
2782,0,null,0,0,0
2783,0,null,0,0,0
2784,0,null,0,0,0
2785,0,null,0,0,0
2786,0,null,0,0,0
2787,0,null,0,0,0
2788,0,null,0,0,0
2789,0,null,0,0,0
2790,0,null,0,0,0
2791,0,null,0,0,0
2792,0,null,0,0,0
2793,0,null,0,0,0
2794,0,null,0,0,0
2795,0,null,0,0,0
2796,0,null,0,0,0
2797,0,null,0,0,0
2798,0,null,0,0,0
2799,0,null,0,0,0
2800,0,null,0,0,0
2801,0,null,0,0,0
2802,0,null,0,0,0
2803,0,null,0,0,0
2804,0,null,0,0,0
2805,0,null,0,0,0
2806,0,null,0,0,0
2807,0,null,0,0,0
2808,0,null,0,0,0
2809,0,null,0,0,0
2810,1,primary_proton,1,1,1
2811,0,null,0,0,0
2812,0,null,0,0,0
2813,0,null,0,0,0
2814,0,null,0,0,0
2815,0,null,0,0,0
2816,0,null,0,0,0
2817,0,null,0,0,0
2818,0,null,0,0,0
2819,0,null,0,0,0
2820,11,pi+,1,1,1
2821,0,null,0,0,0
2822,0,null,0,0,0
2823,0,null,0,0,0
2824,0,null,0,0,0
2825,0,null,0,0,0
2826,0,null,0,0,0
2827,0,null,0,0,0
2828,0,null,0,0,0
2829,305,e-,1,1,1
2830,0,null,0,0,0
2831,0,null,0,0,0
2832,0,null,0,0,0
2833,0,null,0,0,0
2834,0,null,0,0,0
2835,0,null,0,0,0
2836,0,null,0,0,0
2837,0,null,0,0,0
2838,0,null,0,0,0
2839,0,null,0,0,0
2840,0,null,0,0,0
2841,0,null,0,0,0
2842,0,null,0,0,0
2843,0,null,0,0,0
2844,0,null,0,0,0
2845,0,null,0,0,0
2846,0,null,0,0,0
2847,0,null,0,0,0
2848,0,null,0,0,0
2849,0,null,0,0,0
2850,0,null,0,0,0
2851,0,null,0,0,0
2852,0,null,0,0,0
2853,0,null,0,0,0
2854,0,null,0,0,0
2855,0,null,0,0,0
2856,0,null,0,0,0
2857,2,secondary_proton,1,1,1
2858,0,null,0,0,0
2859,0,null,0,0,0
2860,0,null,0,0,0
2861,0,null,0,0,0
2862,0,null,0,0,0
2863,0,null,0,0,0
2864,0,null,0,0,0
2865,0,null,0,0,0
2866,0,null,0,0,0
2867,1,primary_proton,1,1,1
2868,0,null,0,0,0
2869,0,null,0,0,0
2870,0,null,0,0,0
2871,0,null,0,0,0
2872,0,null,0,0,0
2873,1,primary_proton,1,1,1
2874,0,null,0,0,0
2875,0,null,0,0,0
2876,0,null,0,0,0
2877,0,null,0,0,0
2878,0,null,0,0,0
2879,0,null,0,0,0
2880,0,null,0,0,0
2881,0,null,0,0,0
2882,0,null,0,0,0
2883,0,null,0,0,0
2884,0,null,0,0,0
2885,0,null,0,0,0
2886,0,null,0,0,0
2887,0,null,0,0,0
2888,0,null,0,0,0
2889,0,null,0,0,0
2890,0,null,0,0,0
2891,0,null,0,0,0
2892,11,pi+,1,1,1
2893,0,null,0,0,0
2894,0,null,0,0,0
2895,0,null,0,0,0
2896,0,null,0,0,0
2897,0,null,0,0,0
2898,0,null,0,0,0
2899,0,null,0,0,0
2900,161,e-,1,1,1
2901,1,primary_proton,1,1,1
2902,0,null,0,0,0
2903,0,null,0,0,0
2904,0,null,0,0,0
2905,0,null,0,0,0
2906,0,null,0,0,0
2907,0,null,0,0,0
2908,0,null,0,0,0
2909,0,null,0,0,0
2910,0,null,0,0,0
2911,0,null,0,0,0
2912,1,primary_proton,1,1,1
2913,0,null,0,0,0
2914,4,secondary_proton,1,1,1
2915,0,null,0,0,0
2916,7,secondary_proton,1,1,1
2917,8,secondary_proton,1,1,1
2918,0,null,0,0,0
2919,0,null,0,0,0
2920,0,null,0,0,0
2921,0,null,0,0,0
2922,0,null,0,0,0
2923,0,null,0,0,0
2924,0,null,0,0,0
2925,0,null,0,0,0
2926,0,null,0,0,0
2927,0,null,0,0,0
2928,0,null,0,0,0
2929,0,null,0,0,0
2930,0,null,0,0,0
2931,0,null,0,0,0
2932,0,null,0,0,0
2934,0,null,0,0,0
2935,0,null,0,0,0
2936,0,null,0,0,0
2937,1,primary_proton,1,1,1
2938,0,null,0,0,0
2939,0,null,0,0,0
2940,0,null,0,0,0
2941,0,null,0,0,0
2942,0,null,0,0,0
2943,0,null,0,0,0
2944,0,null,0,0,0
2945,0,null,0,0,0
2946,0,null,0,0,0
2947,0,null,0,0,0
2948,0,null,0,0,0
2949,0,null,0,0,0
2950,0,null,0,0,0
2951,0,null,0,0,0
2952,0,null,0,0,0
2953,0,null,0,0,0
2954,0,null,0,0,0
2955,18,secondary_proton,1,1,1
2956,0,null,0,0,0
2957,1,primary_proton,1,1,1
2958,0,null,0,0,0
2959,0,null,0,0,0
2960,0,null,0,0,0
2961,0,null,0,0,0
2962,0,null,0,0,0
2963,1,primary_proton,1,1,1
2964,0,null,0,0,0
2965,0,null,0,0,0
2966,0,null,0,0,0
2967,0,null,0,0,0
2968,0,null,0,0,0
2969,0,null,0,0,0
2970,0,null,0,0,0
2971,1,primary_proton,1,1,1
2972,0,null,0,0,0
2973,0,null,0,0,0
2974,0,null,0,0,0
2975,0,null,0,0,0
2976,0,null,0,0,0
2977,0,null,0,0,0
2978,0,null,0,0,0
2979,0,null,0,0,0
2980,0,null,0,0,0
2981,7,pi-,1,1,0
2982,0,null,0,0,0
2983,0,null,0,0,0
2984,0,null,0,0,0
2985,0,null,0,0,0
2986,0,null,0,0,0
2987,0,null,0,0,0
2988,0,null,0,0,0
2989,0,null,0,0,0
2990,0,null,0,0,0
2991,0,null,0,0,0
2992,0,null,0,0,0
2993,0,null,0,0,0
2994,0,null,0,0,0
2995,0,null,0,0,0
2996,0,null,0,0,0
2997,13,pi-,1,1,1
2998,0,null,0,0,0
2999,0,null,0,0,0
3000,0,null,0,0,0
3001,0,null,0,0,0
3002,0,null,0,0,0
3003,0,null,0,0,0
3004,0,null,0,0,0
3005,0,null,0,0,0
3006,0,null,0,0,0
3007,0,null,0,0,0
3008,0,null,0,0,0
3009,0,null,0,0,0
3010,0,null,0,0,0
3011,0,null,0,0,0
3012,0,null,0,0,0
3013,0,null,0,0,0
3014,0,null,0,0,0
3015,0,null,0,0,0
3016,0,null,0,0,0
3017,0,null,0,0,0
3018,0,null,0,0,0
3019,0,null,0,0,0
3020,0,null,0,0,0
3021,0,null,0,0,0
3022,0,null,0,0,0
3023,0,null,0,0,0
3024,0,null,0,0,0
3025,0,null,0,0,0
3026,0,null,0,0,0
3027,0,null,0,0,0
3028,0,null,0,0,0
3029,0,null,0,0,0
3030,0,null,0,0,0
3031,1,primary_proton,1,1,1
3032,0,null,0,0,0
3033,0,null,0,0,0
3034,1,primary_proton,1,1,1
3035,0,null,0,0,0
3036,0,null,0,0,0
3037,0,null,0,0,0
3038,0,null,0,0,0
3039,0,null,0,0,0
3040,0,null,0,0,0
3041,0,null,0,0,0
3042,0,null,0,0,0
3043,0,null,0,0,0
3044,0,null,0,0,0
3045,0,null,0,0,0
3046,0,null,0,0,0
3047,0,null,0,0,0
3048,0,null,0,0,0
3049,0,null,0,0,0
3050,0,null,0,0,0
3051,0,null,0,0,0
3052,0,null,0,0,0
3053,0,null,0,0,0
3054,0,null,0,0,0
3055,0,null,0,0,0
3056,0,null,0,0,0
3057,0,null,0,0,0
3058,0,null,0,0,0
3059,0,null,0,0,0
3060,0,null,0,0,0
3061,0,null,0,0,0
3062,0,null,0,0,0
3063,0,null,0,0,0
3064,1,primary_proton,1,1,1
3065,0,null,0,0,0
3066,0,null,0,0,0
3067,0,null,0,0,0
3068,0,null,0,0,0
3069,0,null,0,0,0
3070,0,null,0,0,0
3071,0,null,0,0,0
3072,0,null,0,0,0
3073,0,null,0,0,0
3074,0,null,0,0,0
3075,0,null,0,0,0
3076,0,null,0,0,0
3077,3580,pi+,1,1,1
3078,0,null,0,0,0
3079,0,null,0,0,0
3080,0,null,0,0,0
3081,0,null,0,0,0
3082,1135,e-,1,0,0
3083,0,null,0,0,0
3084,0,null,0,0,0
3085,0,null,0,0,0
3086,0,null,0,0,0
3087,0,null,0,0,0
3088,0,null,0,0,0
3089,0,null,0,0,0
3090,0,null,0,0,0
3091,0,null,0,0,0
3092,0,null,0,0,0
3093,0,null,0,0,0
3094,0,null,0,0,0
3095,0,null,0,0,0
3096,0,null,0,0,0
3097,0,null,0,0,0
3098,1,primary_proton,1,1,1
3099,0,null,0,0,0
3100,0,null,0,0,0
3101,0,null,0,0,0
3102,0,null,0,0,0
3103,0,null,0,0,0
3104,0,null,0,0,0
3105,0,null,0,0,0
3106,0,null,0,0,0
3107,0,null,0,0,0
3108,0,null,0,0,0
3109,0,null,0,0,0
3110,0,null,0,0,0
3111,0,null,0,0,0
3112,0,null,0,0,0
3113,0,null,0,0,0
3114,0,null,0,0,0
3115,0,null,0,0,0
3116,0,null,0,0,0
3117,0,null,0,0,0
3118,11,pi+,1,0,0
3119,1,primary_proton,1,1,1
3120,0,null,0,0,0
3121,0,null,0,0,0
3122,0,null,0,0,0
3123,0,null,0,0,0
3124,463,secondary_proton,1,0,0
3125,0,null,0,0,0
3126,0,null,0,0,0
3127,0,null,0,0,0
3128,0,null,0,0,0
3129,0,null,0,0,0
3130,0,null,0,0,0
3131,0,null,0,0,0
3132,0,null,0,0,0
3133,0,null,0,0,0
3134,0,null,0,0,0
3135,12,pi-,1,1,1
3136,0,null,0,0,0
3137,0,null,0,0,0
3138,0,null,0,0,0
3139,0,null,0,0,0
3140,0,null,0,0,0
3141,0,null,0,0,0
3142,0,null,0,0,0
3143,0,null,0,0,0
3144,0,null,0,0,0
3145,0,null,0,0,0
3146,0,null,0,0,0
3147,10,secondary_proton,1,1,1
3148,0,null,0,0,0
3149,0,null,0,0,0
3150,0,null,0,0,0
3151,0,null,0,0,0
3152,0,null,0,0,0
3154,0,null,0,0,0
3155,0,null,0,0,0
3156,0,null,0,0,0
3157,0,null,0,0,0
3158,0,null,0,0,0
3159,0,null,0,0,0
3160,0,null,0,0,0
3161,0,null,0,0,0
3162,0,null,0,0,0
3163,0,null,0,0,0
3164,0,null,0,0,0
3165,0,null,0,0,0
3166,0,null,0,0,0
3167,0,null,0,0,0
3168,0,null,0,0,0
3169,0,null,0,0,0
3170,0,null,0,0,0
3171,0,null,0,0,0
3172,0,null,0,0,0
3173,0,null,0,0,0
3174,1,primary_proton,1,1,1
3175,0,null,0,0,0
3176,0,null,0,0,0
3177,10,pi+,1,1,1
3178,0,null,0,0,0
3179,0,null,0,0,0
3180,0,null,0,0,0
3181,0,null,0,0,0
3182,0,null,0,0,0
3183,0,null,0,0,0
3184,0,null,0,0,0
3185,0,null,0,0,0
3186,0,null,0,0,0
3187,0,null,0,0,0
3188,0,null,0,0,0
3189,0,null,0,0,0
3190,1,primary_proton,1,1,1
3191,0,null,0,0,0
3192,0,null,0,0,0
3193,0,null,0,0,0
3194,0,null,0,0,0
3195,0,null,0,0,0
3196,0,null,0,0,0
3197,0,null,0,0,0
3198,1,primary_proton,1,1,1
3199,0,null,0,0,0
3200,0,null,0,0,0
3201,0,null,0,0,0
3202,0,null,0,0,0
3203,0,null,0,0,0
3204,0,null,0,0,0
3205,0,null,0,0,0
3206,0,null,0,0,0
3207,0,null,0,0,0
3208,0,null,0,0,0
3209,0,null,0,0,0
3210,0,null,0,0,0
3211,0,null,0,0,0
3212,0,null,0,0,0
3213,0,null,0,0,0
3214,1,primary_proton,1,1,1
3215,0,null,0,0,0
3216,0,null,0,0,0
3217,0,null,0,0,0
3218,0,null,0,0,0
3219,0,null,0,0,0
3220,0,null,0,0,0
3221,0,null,0,0,0
3222,0,null,0,0,0
3223,0,null,0,0,0
3224,0,null,0,0,0
3225,0,null,0,0,0
3226,0,null,0,0,0
3227,1,primary_proton,1,1,1
3228,0,null,0,0,0
3229,0,null,0,0,0
3230,0,null,0,0,0
3231,0,null,0,0,0
3232,0,null,0,0,0
3233,0,null,0,0,0
3234,1,primary_proton,1,0,0
3235,0,null,0,0,0
3236,0,null,0,0,0
3237,0,null,0,0,0
3238,0,null,0,0,0
3239,0,null,0,0,0
3240,0,null,0,0,0
3241,0,null,0,0,0
3242,0,null,0,0,0
3243,0,null,0,0,0
3244,0,null,0,0,0
3245,0,null,0,0,0
3246,0,null,0,0,0
3247,1,primary_proton,1,1,1
3248,0,null,0,0,0
3249,0,null,0,0,0
3250,0,null,0,0,0
3251,0,null,0,0,0
3252,0,null,0,0,0
3253,0,null,0,0,0
3254,0,null,0,0,0
3255,0,null,0,0,0
3256,0,null,0,0,0
3257,0,null,0,0,0
3258,0,null,0,0,0
3259,0,null,0,0,0
3260,0,null,0,0,0
3261,0,null,0,0,0
3262,0,null,0,0,0
3263,0,null,0,0,0
3264,930,secondary_proton,1,0,0
3265,0,null,0,0,0
3266,0,null,0,0,0
3267,0,null,0,0,0
3268,0,null,0,0,0
3269,0,null,0,0,0
3270,42,pi+,1,1,1
3271,0,null,0,0,0
3272,0,null,0,0,0
3273,0,null,0,0,0
3274,0,null,0,0,0
3275,0,null,0,0,0
3276,0,null,0,0,0
3277,0,null,0,0,0
3278,0,null,0,0,0
3279,0,null,0,0,0
3280,0,null,0,0,0
3281,0,null,0,0,0
3282,0,null,0,0,0
3283,0,null,0,0,0
3284,0,null,0,0,0
3285,0,null,0,0,0
3286,1,primary_proton,1,1,1
3287,0,null,0,0,0
3288,0,null,0,0,0
3289,0,null,0,0,0
3290,0,null,0,0,0
3291,0,null,0,0,0
3292,0,null,0,0,0
3293,0,null,0,0,0
3294,0,null,0,0,0
3295,0,null,0,0,0
3296,0,null,0,0,0
3297,0,null,0,0,0
3298,0,null,0,0,0
3299,0,null,0,0,0
3300,0,null,0,0,0
3301,0,null,0,0,0
3302,0,null,0,0,0
3303,0,null,0,0,0
3304,0,null,0,0,0
3305,0,null,0,0,0
3306,0,null,0,0,0
3307,0,null,0,0,0
3308,0,null,0,0,0
3309,0,null,0,0,0
3310,0,null,0,0,0
3311,0,null,0,0,0
3312,0,null,0,0,0
3313,0,null,0,0,0
3314,0,null,0,0,0
3315,3,pi+,1,1,1
3316,0,null,0,0,0
3317,0,null,0,0,0
3318,0,null,0,0,0
3319,0,null,0,0,0
3320,0,null,0,0,0
3321,0,null,0,0,0
3322,0,null,0,0,0
3323,0,null,0,0,0
3324,0,null,0,0,0
3325,0,null,0,0,0
3326,0,null,0,0,0
3327,0,null,0,0,0
3328,0,null,0,0,0
3329,0,null,0,0,0
3330,0,null,0,0,0
3331,16,pi+,1,0,0
3332,0,null,0,0,0
3333,1,primary_proton,1,1,1
3334,0,null,0,0,0
3335,0,null,0,0,0
3336,0,null,0,0,0
3337,0,null,0,0,0
3338,0,null,0,0,0
3339,0,null,0,0,0
3340,0,null,0,0,0
3341,0,null,0,0,0
3342,10,secondary_proton,1,1,1
3343,0,null,0,0,0
3344,0,null,0,0,0
3345,0,null,0,0,0
3346,0,null,0,0,0
3347,0,null,0,0,0
3348,0,null,0,0,0
3349,0,null,0,0,0
3350,0,null,0,0,0
3351,0,null,0,0,0
3352,0,null,0,0,0
3353,0,null,0,0,0
3354,0,null,0,0,0
3355,0,null,0,0,0
3356,0,null,0,0,0
3357,0,null,0,0,0
3358,0,null,0,0,0
3359,0,null,0,0,0
3360,0,null,0,0,0
3361,0,null,0,0,0
3362,0,null,0,0,0
3363,0,null,0,0,0
3364,0,null,0,0,0
3365,1,primary_proton,1,1,0
3366,0,null,0,0,0
3367,0,null,0,0,0
3368,0,null,0,0,0
3369,0,null,0,0,0
3370,0,null,0,0,0
3371,0,null,0,0,0
3372,0,null,0,0,0
3373,0,null,0,0,0
3375,0,null,0,0,0
3376,0,null,0,0,0
3377,0,null,0,0,0
3378,88,secondary_proton,1,1,1
3379,0,null,0,0,0
3380,1,primary_proton,1,1,1
3381,0,null,0,0,0
3382,0,null,0,0,0
3383,0,null,0,0,0
3384,0,null,0,0,0
3385,0,null,0,0,0
3386,0,null,0,0,0
3387,0,null,0,0,0
3388,0,null,0,0,0
3389,0,null,0,0,0
3390,0,null,0,0,0
3391,0,null,0,0,0
3392,0,null,0,0,0
3393,0,null,0,0,0
3394,0,null,0,0,0
3395,0,null,0,0,0
3396,0,null,0,0,0
3397,1,primary_proton,1,1,1
3398,0,null,0,0,0
3399,0,null,0,0,0
3400,0,null,0,0,0
3401,0,null,0,0,0
3402,0,null,0,0,0
3403,0,null,0,0,0
3404,0,null,0,0,0
3405,0,null,0,0,0
3406,0,null,0,0,0
3407,0,null,0,0,0
3408,0,null,0,0,0
3409,17,pi-,1,0,0
3410,0,null,0,0,0
3411,0,null,0,0,0
3412,0,null,0,0,0
3413,0,null,0,0,0
3414,0,null,0,0,0
3415,0,null,0,0,0
3416,0,null,0,0,0
3417,0,null,0,0,0
3418,0,null,0,0,0
3419,0,null,0,0,0
3420,0,null,0,0,0
3421,0,null,0,0,0
3422,0,null,0,0,0
3423,0,null,0,0,0
3424,0,null,0,0,0
3425,1,primary_proton,1,1,1
3426,0,null,0,0,0
3427,0,null,0,0,0
3428,0,null,0,0,0
3429,0,null,0,0,0
3430,0,null,0,0,0
3431,0,null,0,0,0
3432,0,null,0,0,0
3433,0,null,0,0,0
3434,0,null,0,0,0
3435,0,null,0,0,0
3436,0,null,0,0,0
3437,12,pi-,1,1,1
3438,0,null,0,0,0
3439,0,null,0,0,0
3440,0,null,0,0,0
3441,7,secondary_proton,1,0,0
3442,0,null,0,0,0
3443,0,null,0,0,0
3444,0,null,0,0,0
3445,0,null,0,0,0
3446,0,null,0,0,0
3447,0,null,0,0,0
3448,0,null,0,0,0
3449,0,null,0,0,0
3450,0,null,0,0,0
3451,0,null,0,0,0
3452,0,null,0,0,0
3453,0,null,0,0,0
3454,0,null,0,0,0
3455,0,null,0,0,0
3456,0,null,0,0,0
3457,1,primary_proton,1,1,1
3458,0,null,0,0,0
3459,0,null,0,0,0
3460,0,null,0,0,0
3461,0,null,0,0,0
3462,0,null,0,0,0
3463,0,null,0,0,0
3464,0,null,0,0,0
3465,0,null,0,0,0
3466,0,null,0,0,0
3467,0,null,0,0,0
3468,0,null,0,0,0
3469,0,null,0,0,0
3470,0,null,0,0,0
3471,0,null,0,0,0
3472,0,null,0,0,0
3473,0,null,0,0,0
3474,0,null,0,0,0
3475,0,null,0,0,0
3476,0,null,0,0,0
3477,0,null,0,0,0
3478,0,null,0,0,0
3479,0,null,0,0,0
3480,0,null,0,0,0
3481,0,null,0,0,0
3482,0,null,0,0,0
3483,0,null,0,0,0
3484,0,null,0,0,0
3485,0,null,0,0,0
3486,0,null,0,0,0
3487,0,null,0,0,0
3488,0,null,0,0,0
3489,0,null,0,0,0
3490,0,null,0,0,0
3491,0,null,0,0,0
3492,0,null,0,0,0
3493,0,null,0,0,0
3494,0,null,0,0,0
3495,0,null,0,0,0
3496,0,null,0,0,0
3497,0,null,0,0,0
3498,0,null,0,0,0
3499,0,null,0,0,0
3500,0,null,0,0,0
3501,0,null,0,0,0
3502,0,null,0,0,0
3503,0,null,0,0,0
3504,0,null,0,0,0
3505,0,null,0,0,0
3506,0,null,0,0,0
3507,0,null,0,0,0
3508,214,pi+,1,1,1
3509,0,null,0,0,0
3510,0,null,0,0,0
3511,0,null,0,0,0
3512,0,null,0,0,0
3513,0,null,0,0,0
3514,0,null,0,0,0
3515,0,null,0,0,0
3516,0,null,0,0,0
3517,0,null,0,0,0
3518,0,null,0,0,0
3519,0,null,0,0,0
3520,0,null,0,0,0
3521,0,null,0,0,0
3522,0,null,0,0,0
3523,0,null,0,0,0
3524,0,null,0,0,0
3525,0,null,0,0,0
3526,0,null,0,0,0
3527,1,primary_proton,1,1,1
3528,0,null,0,0,0
3529,0,null,0,0,0
3530,0,null,0,0,0
3531,0,null,0,0,0
3532,0,null,0,0,0
3533,0,null,0,0,0
3534,0,null,0,0,0
3535,0,null,0,0,0
3536,0,null,0,0,0
3537,0,null,0,0,0
3538,0,null,0,0,0
3539,0,null,0,0,0
3540,0,null,0,0,0
3541,0,null,0,0,0
3542,0,null,0,0,0
3543,0,null,0,0,0
3544,0,null,0,0,0
3545,0,null,0,0,0
3546,0,null,0,0,0
3547,0,null,0,0,0
3548,0,null,0,0,0
3549,0,null,0,0,0
3550,0,null,0,0,0
3551,0,null,0,0,0
3552,0,null,0,0,0
3553,0,null,0,0,0
3554,0,null,0,0,0
3555,0,null,0,0,0
3556,0,null,0,0,0
3557,0,null,0,0,0
3558,0,null,0,0,0
3559,0,null,0,0,0
3560,0,null,0,0,0
3561,0,null,0,0,0
3562,0,null,0,0,0
3563,0,null,0,0,0
3564,0,null,0,0,0
3565,0,null,0,0,0
3566,0,null,0,0,0
3567,0,null,0,0,0
3568,0,null,0,0,0
3569,0,null,0,0,0
3570,0,null,0,0,0
3571,0,null,0,0,0
3572,0,null,0,0,0
3573,0,null,0,0,0
3574,0,null,0,0,0
3575,0,null,0,0,0
3576,0,null,0,0,0
3577,0,null,0,0,0
3578,0,null,0,0,0
3579,10,pi+,1,1,1
3580,0,null,0,0,0
3581,0,null,0,0,0
3582,0,null,0,0,0
3583,0,null,0,0,0
3584,0,null,0,0,0
3585,0,null,0,0,0
3586,0,null,0,0,0
3587,0,null,0,0,0
3588,0,null,0,0,0
3589,0,null,0,0,0
3590,0,null,0,0,0
3591,0,null,0,0,0
3592,0,null,0,0,0
3593,0,null,0,0,0
3594,0,null,0,0,0
3595,0,null,0,0,0
3596,0,null,0,0,0
3598,0,null,0,0,0
3599,0,null,0,0,0
3600,0,null,0,0,0
3601,0,null,0,0,0
3602,0,null,0,0,0
3603,0,null,0,0,0
3604,0,null,0,0,0
3605,0,null,0,0,0
3606,0,null,0,0,0
3607,0,null,0,0,0
3608,0,null,0,0,0
3609,0,null,0,0,0
3610,0,null,0,0,0
3611,0,null,0,0,0
3612,0,null,0,0,0
3613,0,null,0,0,0
3614,0,null,0,0,0
3615,0,null,0,0,0
3616,5,pi+,1,1,0
3617,0,null,0,0,0
3618,0,null,0,0,0
3619,0,null,0,0,0
3620,0,null,0,0,0
3621,0,null,0,0,0
3622,0,null,0,0,0
3623,0,null,0,0,0
3624,0,null,0,0,0
3625,0,null,0,0,0
3626,0,null,0,0,0
3627,1,primary_proton,1,1,1
3628,0,null,0,0,0
3629,0,null,0,0,0
3630,0,null,0,0,0
3631,0,null,0,0,0
3632,0,null,0,0,0
3633,0,null,0,0,0
3634,0,null,0,0,0
3635,0,null,0,0,0
3636,806,e-,1,1,1
3637,0,null,0,0,0
3638,0,null,0,0,0
3639,0,null,0,0,0
3640,0,null,0,0,0
3641,0,null,0,0,0
3642,0,null,0,0,0
3643,0,null,0,0,0
3644,0,null,0,0,0
3645,0,null,0,0,0
3646,7,pi-,1,1,1
3647,0,null,0,0,0
3648,0,null,0,0,0
3649,0,null,0,0,0
3650,0,null,0,0,0
3651,0,null,0,0,0
3652,0,null,0,0,0
3653,0,null,0,0,0
3654,0,null,0,0,0
3655,6,secondary_proton,1,1,1
3656,0,null,0,0,0
3657,0,null,0,0,0
3658,0,null,0,0,0
3659,0,null,0,0,0
3660,0,null,0,0,0
3661,0,null,0,0,0
3662,0,null,0,0,0
3663,1,primary_proton,1,1,1
3664,0,null,0,0,0
3665,4097,e-,1,0,0
3666,0,null,0,0,0
3667,0,null,0,0,0
3668,0,null,0,0,0
3669,0,null,0,0,0
3670,0,null,0,0,0
3671,0,null,0,0,0
3672,0,null,0,0,0
3673,0,null,0,0,0
3674,0,null,0,0,0
3675,0,null,0,0,0
3676,0,null,0,0,0
3677,0,null,0,0,0
3678,0,null,0,0,0
3679,0,null,0,0,0
3680,3758,e-,1,1,1
3681,0,null,0,0,0
3682,0,null,0,0,0
3683,1,primary_proton,1,1,1
3684,3,secondary_proton,1,1,1
3685,0,null,0,0,0
3686,0,null,0,0,0
3687,0,null,0,0,0
3688,0,null,0,0,0
3689,0,null,0,0,0
3690,0,null,0,0,0
3691,0,null,0,0,0
3692,0,null,0,0,0
3693,0,null,0,0,0
3694,0,null,0,0,0
3695,0,null,0,0,0
3696,7,pi+,1,1,1
3697,0,null,0,0,0
3698,0,null,0,0,0
3699,0,null,0,0,0
3700,0,null,0,0,0
3701,0,null,0,0,0
3702,0,null,0,0,0
3703,0,null,0,0,0
3704,0,null,0,0,0
3705,0,null,0,0,0
3706,0,null,0,0,0
3707,0,null,0,0,0
3708,0,null,0,0,0
3709,0,null,0,0,0
3710,0,null,0,0,0
3711,0,null,0,0,0
3712,7,secondary_proton,1,1,1
3713,1,primary_proton,1,1,1
3714,0,null,0,0,0
3715,0,null,0,0,0
3716,0,null,0,0,0
3717,1,primary_proton,1,1,1
3718,0,null,0,0,0
3719,0,null,0,0,0
3720,0,null,0,0,0
3721,0,null,0,0,0
3722,0,null,0,0,0
3723,9,kaon+,1,1,1
3724,0,null,0,0,0
3725,0,null,0,0,0
3726,0,null,0,0,0
3727,0,null,0,0,0
3728,0,null,0,0,0
3729,0,null,0,0,0
3730,0,null,0,0,0
3731,0,null,0,0,0
3732,0,null,0,0,0
3733,0,null,0,0,0
3734,0,null,0,0,0
3735,0,null,0,0,0
3736,1,primary_proton,1,1,1
3737,0,null,0,0,0
3738,0,null,0,0,0
3739,0,null,0,0,0
3740,0,null,0,0,0
3741,1,primary_proton,1,1,1
3742,0,null,0,0,0
3743,0,null,0,0,0
3744,2,secondary_proton,1,1,1
3745,0,null,0,0,0
3746,0,null,0,0,0
3747,0,null,0,0,0
3748,0,null,0,0,0
3749,0,null,0,0,0
3750,0,null,0,0,0
3751,0,null,0,0,0
3752,0,null,0,0,0
3753,0,null,0,0,0
3754,0,null,0,0,0
3755,0,null,0,0,0
3756,0,null,0,0,0
3757,0,null,0,0,0
3758,0,null,0,0,0
3759,0,null,0,0,0
3760,0,null,0,0,0
3761,0,null,0,0,0
3762,0,null,0,0,0
3763,0,null,0,0,0
3764,1,primary_proton,1,1,1
3765,0,null,0,0,0
3766,0,null,0,0,0
3767,0,null,0,0,0
3768,0,null,0,0,0
3769,0,null,0,0,0
3770,0,null,0,0,0
3771,0,null,0,0,0
3772,6,secondary_proton,1,1,1
3773,0,null,0,0,0
3774,0,null,0,0,0
3775,0,null,0,0,0
3776,0,null,0,0,0
3777,0,null,0,0,0
3778,0,null,0,0,0
3779,0,null,0,0,0
3780,0,null,0,0,0
3781,0,null,0,0,0
3782,0,null,0,0,0
3783,0,null,0,0,0
3784,0,null,0,0,0
3785,0,null,0,0,0
3786,0,null,0,0,0
3787,0,null,0,0,0
3788,0,null,0,0,0
3789,0,null,0,0,0
3790,1,primary_proton,1,1,1
3791,0,null,0,0,0
3792,0,null,0,0,0
3793,0,null,0,0,0
3794,0,null,0,0,0
3795,0,null,0,0,0
3796,0,null,0,0,0
3797,0,null,0,0,0
3798,0,null,0,0,0
3799,0,null,0,0,0
3800,0,null,0,0,0
3801,0,null,0,0,0
3802,1,primary_proton,1,1,1
3803,0,null,0,0,0
3804,0,null,0,0,0
3805,0,null,0,0,0
3806,0,null,0,0,0
3807,0,null,0,0,0
3808,0,null,0,0,0
3809,0,null,0,0,0
3810,0,null,0,0,0
3811,0,null,0,0,0
3812,0,null,0,0,0
3813,0,null,0,0,0
3814,0,null,0,0,0
3815,0,null,0,0,0
3817,0,null,0,0,0
3818,0,null,0,0,0
3819,0,null,0,0,0
3820,0,null,0,0,0
3821,0,null,0,0,0
3822,0,null,0,0,0
3823,9,pi+,1,0,0
3824,0,null,0,0,0
3825,0,null,0,0,0
3826,0,null,0,0,0
3827,0,null,0,0,0
3828,0,null,0,0,0
3829,0,null,0,0,0
3830,0,null,0,0,0
3831,0,null,0,0,0
3832,0,null,0,0,0
3833,0,null,0,0,0
3834,185,e-,1,1,1
3835,0,null,0,0,0
3836,0,null,0,0,0
3837,0,null,0,0,0
3838,0,null,0,0,0
3839,0,null,0,0,0
3840,0,null,0,0,0
3841,0,null,0,0,0
3842,25,secondary_proton,1,1,1
3843,0,null,0,0,0
3844,0,null,0,0,0
3845,0,null,0,0,0
3846,0,null,0,0,0
3847,0,null,0,0,0
3848,0,null,0,0,0
3849,0,null,0,0,0
3850,0,null,0,0,0
3851,0,null,0,0,0
3852,0,null,0,0,0
3853,0,null,0,0,0
3854,0,null,0,0,0
3855,0,null,0,0,0
3856,0,null,0,0,0
3857,5,pi+,1,1,1
3858,0,null,0,0,0
3859,0,null,0,0,0
3860,0,null,0,0,0
3861,0,null,0,0,0
3862,0,null,0,0,0
3863,0,null,0,0,0
3864,0,null,0,0,0
3865,0,null,0,0,0
3866,0,null,0,0,0
3867,0,null,0,0,0
3868,9,secondary_proton,1,1,1
3869,0,null,0,0,0
3870,0,null,0,0,0
3871,0,null,0,0,0
3872,0,null,0,0,0
3873,0,null,0,0,0
3874,0,null,0,0,0
3875,0,null,0,0,0
3876,0,null,0,0,0
3877,0,null,0,0,0
3878,0,null,0,0,0
3879,0,null,0,0,0
3880,0,null,0,0,0
3881,0,null,0,0,0
3882,0,null,0,0,0
3883,0,null,0,0,0
3884,0,null,0,0,0
3885,0,null,0,0,0
3886,0,null,0,0,0
3887,2111,secondary_proton,1,0,0
3888,0,null,0,0,0
3889,0,null,0,0,0
3890,0,null,0,0,0
3891,0,null,0,0,0
3892,0,null,0,0,0
3893,0,null,0,0,0
3894,0,null,0,0,0
3895,0,null,0,0,0
3896,1048,secondary_proton,1,0,0
3897,0,null,0,0,0
3898,0,null,0,0,0
3899,2422,e+,1,1,1
3900,0,null,0,0,0
3901,0,null,0,0,0
3902,0,null,0,0,0
3903,0,null,0,0,0
3904,0,null,0,0,0
3905,0,null,0,0,0
3906,0,null,0,0,0
3907,0,null,0,0,0
3908,0,null,0,0,0
3909,0,null,0,0,0
3910,0,null,0,0,0
3911,0,null,0,0,0
3912,0,null,0,0,0
3913,0,null,0,0,0
3914,0,null,0,0,0
3915,0,null,0,0,0
3916,0,null,0,0,0
3917,0,null,0,0,0
3918,0,null,0,0,0
3919,0,null,0,0,0
3920,0,null,0,0,0
3921,0,null,0,0,0
3922,0,null,0,0,0
3923,0,null,0,0,0
3924,0,null,0,0,0
3925,0,null,0,0,0
3926,0,null,0,0,0
3927,0,null,0,0,0
3928,0,null,0,0,0
3929,4,secondary_proton,1,1,1
3930,0,null,0,0,0
3931,0,null,0,0,0
3932,1,primary_proton,1,1,1
3933,0,null,0,0,0
3934,0,null,0,0,0
3935,0,null,0,0,0
3936,0,null,0,0,0
3937,0,null,0,0,0
3938,0,null,0,0,0
3939,0,null,0,0,0
3940,5819,secondary_proton,1,0,0
3941,0,null,0,0,0
3942,0,null,0,0,0
3943,0,null,0,0,0
3944,1,primary_proton,1,1,1
3945,0,null,0,0,0
3946,10,secondary_proton,1,0,0
3947,0,null,0,0,0
3948,0,null,0,0,0
3949,0,null,0,0,0
3950,0,null,0,0,0
3951,0,null,0,0,0
3952,0,null,0,0,0
3953,0,null,0,0,0
3954,8,pi-,1,1,1
3955,0,null,0,0,0
3956,0,null,0,0,0
3957,0,null,0,0,0
3958,5,pi-,1,1,1
3959,0,null,0,0,0
3960,0,null,0,0,0
3961,0,null,0,0,0
3962,0,null,0,0,0
3963,0,null,0,0,0
3964,0,null,0,0,0
3965,0,null,0,0,0
3966,0,null,0,0,0
3967,0,null,0,0,0
3968,0,null,0,0,0
3969,0,null,0,0,0
3970,0,null,0,0,0
3971,0,null,0,0,0
3972,0,null,0,0,0
3973,0,null,0,0,0
3974,0,null,0,0,0
3975,0,null,0,0,0
3976,0,null,0,0,0
3977,0,null,0,0,0
3978,0,null,0,0,0
3979,0,null,0,0,0
3980,0,null,0,0,0
3981,0,null,0,0,0
3982,0,null,0,0,0
3983,0,null,0,0,0
3984,0,null,0,0,0
3985,0,null,0,0,0
3986,0,null,0,0,0
3987,2438,secondary_proton,1,1,1
3988,0,null,0,0,0
3989,0,null,0,0,0
3990,0,null,0,0,0
3991,0,null,0,0,0
3992,3,secondary_proton,1,1,1
3993,0,null,0,0,0
3994,0,null,0,0,0
3995,0,null,0,0,0
3996,0,null,0,0,0
3997,0,null,0,0,0
3998,0,null,0,0,0
3999,0,null,0,0,0
4000,0,null,0,0,0
4001,0,null,0,0,0
4002,0,null,0,0,0
4003,0,null,0,0,0
4004,0,null,0,0,0
4005,0,null,0,0,0
4006,0,null,0,0,0
4007,0,null,0,0,0
4008,0,null,0,0,0
4009,0,null,0,0,0
4010,0,null,0,0,0
4011,0,null,0,0,0
4012,0,null,0,0,0
4013,1119,e-,1,0,0
4014,0,null,0,0,0
4015,0,null,0,0,0
4016,0,null,0,0,0
4017,0,null,0,0,0
4018,0,null,0,0,0
4019,0,null,0,0,0
4020,0,null,0,0,0
4021,0,null,0,0,0
4022,0,null,0,0,0
4023,0,null,0,0,0
4024,0,null,0,0,0
4025,0,null,0,0,0
4026,0,null,0,0,0
4027,12,pi-,1,1,1
4028,0,null,0,0,0
4029,0,null,0,0,0
4030,0,null,0,0,0
4031,0,null,0,0,0
4032,0,null,0,0,0
4033,0,null,0,0,0
4034,0,null,0,0,0
4036,0,null,0,0,0
4037,0,null,0,0,0
4038,0,null,0,0,0
4039,0,null,0,0,0
4040,0,null,0,0,0
4041,0,null,0,0,0
4042,0,null,0,0,0
4043,3,secondary_proton,1,1,1
4044,0,null,0,0,0
4045,0,null,0,0,0
4046,0,null,0,0,0
4047,0,null,0,0,0
4048,0,null,0,0,0
4049,0,null,0,0,0
4050,0,null,0,0,0
4051,0,null,0,0,0
4052,0,null,0,0,0
4053,0,null,0,0,0
4054,0,null,0,0,0
4055,0,null,0,0,0
4056,0,null,0,0,0
4057,0,null,0,0,0
4058,0,null,0,0,0
4059,0,null,0,0,0
4060,0,null,0,0,0
4061,0,null,0,0,0
4062,0,null,0,0,0
4063,0,null,0,0,0
4064,0,null,0,0,0
4065,0,null,0,0,0
4066,0,null,0,0,0
4067,0,null,0,0,0
4068,0,null,0,0,0
4069,0,null,0,0,0
4070,0,null,0,0,0
4071,0,null,0,0,0
4072,0,null,0,0,0
4073,0,null,0,0,0
4074,0,null,0,0,0
4075,0,null,0,0,0
4076,0,null,0,0,0
4077,0,null,0,0,0
4078,0,null,0,0,0
4079,0,null,0,0,0
4080,0,null,0,0,0
4081,0,null,0,0,0
4082,0,null,0,0,0
4083,0,null,0,0,0
4084,0,null,0,0,0
4085,0,null,0,0,0
4086,0,null,0,0,0
4087,0,null,0,0,0
4088,0,null,0,0,0
4089,0,null,0,0,0
4090,0,null,0,0,0
4091,0,null,0,0,0
4092,0,null,0,0,0
4093,0,null,0,0,0
4094,0,null,0,0,0
4095,0,null,0,0,0
4096,0,null,0,0,0
4097,0,null,0,0,0
4098,0,null,0,0,0
4099,0,null,0,0,0
4100,0,null,0,0,0
4101,0,null,0,0,0
4102,0,null,0,0,0
4103,0,null,0,0,0
4104,0,null,0,0,0
4105,0,null,0,0,0
4106,0,null,0,0,0
4107,1,primary_proton,1,1,1
4108,0,null,0,0,0
4109,0,null,0,0,0
4110,0,null,0,0,0
4111,0,null,0,0,0
4112,0,null,0,0,0
4113,0,null,0,0,0
4114,0,null,0,0,0
4115,0,null,0,0,0
4116,0,null,0,0,0
4117,0,null,0,0,0
4118,0,null,0,0,0
4119,0,null,0,0,0
4120,0,null,0,0,0
4121,0,null,0,0,0
4122,0,null,0,0,0
4123,0,null,0,0,0
4124,0,null,0,0,0
4125,0,null,0,0,0
4126,1,primary_proton,1,1,1
4127,0,null,0,0,0
4128,0,null,0,0,0
4129,0,null,0,0,0
4130,0,null,0,0,0
4131,0,null,0,0,0
4132,0,null,0,0,0
4133,0,null,0,0,0
4134,0,null,0,0,0
4135,0,null,0,0,0
4136,0,null,0,0,0
4137,0,null,0,0,0
4138,0,null,0,0,0
4139,0,null,0,0,0
4140,0,null,0,0,0
4141,0,null,0,0,0
4142,0,null,0,0,0
4143,0,null,0,0,0
4144,0,null,0,0,0
4145,0,null,0,0,0
4146,0,null,0,0,0
4147,0,null,0,0,0
4148,0,null,0,0,0
4149,11,pi-,1,1,0
4150,0,null,0,0,0
4151,0,null,0,0,0
4152,0,null,0,0,0
4153,0,null,0,0,0
4154,0,null,0,0,0
4155,0,null,0,0,0
4156,0,null,0,0,0
4157,0,null,0,0,0
4158,0,null,0,0,0
4159,0,null,0,0,0
4160,0,null,0,0,0
4161,0,null,0,0,0
4162,0,null,0,0,0
4163,0,null,0,0,0
4164,1,primary_proton,1,1,0
4165,0,null,0,0,0
4166,0,null,0,0,0
4167,0,null,0,0,0
4168,0,null,0,0,0
4169,0,null,0,0,0
4170,0,null,0,0,0
4171,0,null,0,0,0
4172,0,null,0,0,0
4173,0,null,0,0,0
4174,0,null,0,0,0
4175,0,null,0,0,0
4176,0,null,0,0,0
4177,0,null,0,0,0
4178,0,null,0,0,0
4179,0,null,0,0,0
4180,0,null,0,0,0
4181,0,null,0,0,0
4182,1,primary_proton,1,1,1
4183,0,null,0,0,0
4184,0,null,0,0,0
4185,0,null,0,0,0
4186,0,null,0,0,0
4187,0,null,0,0,0
4188,0,null,0,0,0
4189,0,null,0,0,0
4190,8,pi+,1,1,1
4191,0,null,0,0,0
4192,1,primary_proton,1,1,1
4193,0,null,0,0,0
4194,0,null,0,0,0
4195,0,null,0,0,0
4196,0,null,0,0,0
4197,0,null,0,0,0
4198,0,null,0,0,0
4199,0,null,0,0,0
4200,0,null,0,0,0
4201,0,null,0,0,0
4202,0,null,0,0,0
4203,0,null,0,0,0
4204,0,null,0,0,0
4205,2372,e-,1,0,0
4206,0,null,0,0,0
4207,0,null,0,0,0
4208,0,null,0,0,0
4209,0,null,0,0,0
4210,0,null,0,0,0
4211,0,null,0,0,0
4212,0,null,0,0,0
4213,0,null,0,0,0
4214,0,null,0,0,0
4215,0,null,0,0,0
4216,0,null,0,0,0
4217,0,null,0,0,0
4218,0,null,0,0,0
4219,0,null,0,0,0
4220,0,null,0,0,0
4221,0,null,0,0,0
4222,0,null,0,0,0
4223,0,null,0,0,0
4224,0,null,0,0,0
4225,0,null,0,0,0
4226,1,primary_proton,1,1,1
4227,0,null,0,0,0
4228,0,null,0,0,0
4229,0,null,0,0,0
4230,0,null,0,0,0
4231,0,null,0,0,0
4232,5,secondary_proton,1,1,1
4233,0,null,0,0,0
4234,0,null,0,0,0
4235,0,null,0,0,0
4236,358,pi+,1,0,0
4237,0,null,0,0,0
4238,0,null,0,0,0
4239,0,null,0,0,0
4240,0,null,0,0,0
4241,0,null,0,0,0
4242,0,null,0,0,0
4243,0,null,0,0,0
4244,0,null,0,0,0
4245,0,null,0,0,0
4246,0,null,0,0,0
4247,239,secondary_proton,1,1,1
4248,0,null,0,0,0
4249,0,null,0,0,0
4250,0,null,0,0,0
4251,0,null,0,0,0
4252,0,null,0,0,0
4253,0,null,0,0,0
4254,0,null,0,0,0
4255,0,null,0,0,0
4256,0,null,0,0,0
4258,0,null,0,0,0
4259,0,null,0,0,0
4260,0,null,0,0,0
4261,0,null,0,0,0
4262,0,null,0,0,0
4263,0,null,0,0,0
4264,0,null,0,0,0
4265,0,null,0,0,0
4266,0,null,0,0,0
4267,0,null,0,0,0
4268,0,null,0,0,0
4269,0,null,0,0,0
4270,0,null,0,0,0
4271,0,null,0,0,0
4272,0,null,0,0,0
4273,0,null,0,0,0
4274,0,null,0,0,0
4275,0,null,0,0,0
4276,0,null,0,0,0
4277,0,null,0,0,0
4278,0,null,0,0,0
4279,0,null,0,0,0
4280,0,null,0,0,0
4281,0,null,0,0,0
4282,0,null,0,0,0
4283,13,pi-,1,1,1
4284,0,null,0,0,0
4285,0,null,0,0,0
4286,0,null,0,0,0
4287,0,null,0,0,0
4288,0,null,0,0,0
4289,0,null,0,0,0
4290,0,null,0,0,0
4291,0,null,0,0,0
4292,0,null,0,0,0
4293,0,null,0,0,0
4294,0,null,0,0,0
4295,0,null,0,0,0
4296,0,null,0,0,0
4297,0,null,0,0,0
4298,0,null,0,0,0
4299,0,null,0,0,0
4300,0,null,0,0,0
4301,0,null,0,0,0
4302,0,null,0,0,0
4303,118,pi-,1,1,1
4304,0,null,0,0,0
4305,0,null,0,0,0
4306,0,null,0,0,0
4307,0,null,0,0,0
4308,0,null,0,0,0
4309,0,null,0,0,0
4310,1692,e-,1,1,0
4311,0,null,0,0,0
4312,1,primary_proton,1,1,1
4313,0,null,0,0,0
4314,0,null,0,0,0
4315,0,null,0,0,0
4316,0,null,0,0,0
4317,0,null,0,0,0
4318,0,null,0,0,0
4319,0,null,0,0,0
4320,0,null,0,0,0
4321,1,primary_proton,1,1,1
4322,0,null,0,0,0
4323,0,null,0,0,0
4324,0,null,0,0,0
4325,0,null,0,0,0
4326,0,null,0,0,0
4327,0,null,0,0,0
4328,0,null,0,0,0
4329,12,pi-,1,1,0
4330,0,null,0,0,0
4331,9,pi+,1,1,1
4332,0,null,0,0,0
4333,0,null,0,0,0
4334,0,null,0,0,0
4335,0,null,0,0,0
4336,0,null,0,0,0
4337,0,null,0,0,0
4338,7,secondary_proton,1,1,1
4339,0,null,0,0,0
4340,0,null,0,0,0
4341,0,null,0,0,0
4342,0,null,0,0,0
4343,0,null,0,0,0
4344,0,null,0,0,0
4345,0,null,0,0,0
4346,0,null,0,0,0
4347,1,primary_proton,1,1,1
4348,0,null,0,0,0
4349,0,null,0,0,0
4350,0,null,0,0,0
4351,0,null,0,0,0
4352,0,null,0,0,0
4353,0,null,0,0,0
4354,0,null,0,0,0
4355,0,null,0,0,0
4356,0,null,0,0,0
4357,0,null,0,0,0
4358,0,null,0,0,0
4359,0,null,0,0,0
4360,0,null,0,0,0
4361,0,null,0,0,0
4362,0,null,0,0,0
4363,0,null,0,0,0
4364,0,null,0,0,0
4365,0,null,0,0,0
4366,0,null,0,0,0
4367,0,null,0,0,0
4368,0,null,0,0,0
4369,0,null,0,0,0
4370,0,null,0,0,0
4371,0,null,0,0,0
4372,0,null,0,0,0
4373,0,null,0,0,0
4374,0,null,0,0,0
4375,0,null,0,0,0
4376,0,null,0,0,0
4377,0,null,0,0,0
4378,0,null,0,0,0
4379,0,null,0,0,0
4380,0,null,0,0,0
4381,0,null,0,0,0
4382,0,null,0,0,0
4383,0,null,0,0,0
4384,0,null,0,0,0
4385,0,null,0,0,0
4386,0,null,0,0,0
4387,0,null,0,0,0
4388,1,primary_proton,1,1,1
4389,0,null,0,0,0
4390,1,primary_proton,1,1,1
4391,0,null,0,0,0
4392,0,null,0,0,0
4393,0,null,0,0,0
4394,0,null,0,0,0
4395,0,null,0,0,0
4396,0,null,0,0,0
4397,0,null,0,0,0
4398,0,null,0,0,0
4399,0,null,0,0,0
4400,0,null,0,0,0
4401,0,null,0,0,0
4402,0,null,0,0,0
4403,0,null,0,0,0
4404,0,null,0,0,0
4405,0,null,0,0,0
4406,0,null,0,0,0
4407,0,null,0,0,0
4408,0,null,0,0,0
4409,0,null,0,0,0
4410,0,null,0,0,0
4411,0,null,0,0,0
4412,0,null,0,0,0
4413,0,null,0,0,0
4414,0,null,0,0,0
4415,0,null,0,0,0
4416,0,null,0,0,0
4417,0,null,0,0,0
4418,0,null,0,0,0
4419,0,null,0,0,0
4420,0,null,0,0,0
4421,0,null,0,0,0
4422,0,null,0,0,0
4423,0,null,0,0,0
4424,0,null,0,0,0
4425,0,null,0,0,0
4426,0,null,0,0,0
4427,0,null,0,0,0
4428,0,null,0,0,0
4429,0,null,0,0,0
4430,0,null,0,0,0
4431,0,null,0,0,0
4432,0,null,0,0,0
4433,0,null,0,0,0
4434,0,null,0,0,0
4435,0,null,0,0,0
4436,0,null,0,0,0
4437,0,null,0,0,0
4438,0,null,0,0,0
4439,0,null,0,0,0
4440,0,null,0,0,0
4441,0,null,0,0,0
4442,0,null,0,0,0
4443,0,null,0,0,0
4444,0,null,0,0,0
4445,0,null,0,0,0
4446,0,null,0,0,0
4447,0,null,0,0,0
4448,0,null,0,0,0
4449,0,null,0,0,0
4450,6,pi-,1,1,1
4451,0,null,0,0,0
4452,0,null,0,0,0
4453,0,null,0,0,0
4454,0,null,0,0,0
4455,0,null,0,0,0
4456,1,primary_proton,1,1,1
4457,0,null,0,0,0
4458,0,null,0,0,0
4459,0,null,0,0,0
4460,0,null,0,0,0
4461,0,null,0,0,0
4462,0,null,0,0,0
4463,0,null,0,0,0
4464,0,null,0,0,0
4465,0,null,0,0,0
4466,0,null,0,0,0
4467,0,null,0,0,0
4468,0,null,0,0,0
4469,0,null,0,0,0
4470,0,null,0,0,0
4471,0,null,0,0,0
4472,4,secondary_proton,1,1,1
4473,10,secondary_proton,1,1,0
4474,9,secondary_proton,1,1,0
4475,0,null,0,0,0
4476,0,null,0,0,0
4477,0,null,0,0,0
4479,0,null,0,0,0
4480,0,null,0,0,0
4481,0,null,0,0,0
4482,0,null,0,0,0
4483,0,null,0,0,0
4484,0,null,0,0,0
4485,0,null,0,0,0
4486,0,null,0,0,0
4487,0,null,0,0,0
4488,0,null,0,0,0
4489,0,null,0,0,0
4490,0,null,0,0,0
4491,0,null,0,0,0
4492,1,primary_proton,1,1,1
4493,0,null,0,0,0
4494,0,null,0,0,0
4495,0,null,0,0,0
4496,0,null,0,0,0
4497,0,null,0,0,0
4498,0,null,0,0,0
4499,0,null,0,0,0
4500,0,null,0,0,0
4501,1,primary_proton,1,1,1
4502,0,null,0,0,0
4503,0,null,0,0,0
4504,0,null,0,0,0
4505,0,null,0,0,0
4506,0,null,0,0,0
4507,0,null,0,0,0
4508,0,null,0,0,0
4509,0,null,0,0,0
4510,0,null,0,0,0
4511,0,null,0,0,0
4512,0,null,0,0,0
4513,0,null,0,0,0
4514,0,null,0,0,0
4515,0,null,0,0,0
4516,0,null,0,0,0
4517,0,null,0,0,0
4518,1,primary_proton,1,1,1
4519,0,null,0,0,0
4520,0,null,0,0,0
4521,0,null,0,0,0
4522,0,null,0,0,0
4523,0,null,0,0,0
4524,0,null,0,0,0
4525,0,null,0,0,0
4526,0,null,0,0,0
4527,0,null,0,0,0
4528,0,null,0,0,0
4529,0,null,0,0,0
4530,0,null,0,0,0
4531,0,null,0,0,0
4532,0,null,0,0,0
4533,0,null,0,0,0
4534,0,null,0,0,0
4535,0,null,0,0,0
4536,0,null,0,0,0
4537,0,null,0,0,0
4538,0,null,0,0,0
4539,0,null,0,0,0
4540,0,null,0,0,0
4541,0,null,0,0,0
4542,0,null,0,0,0
4543,0,null,0,0,0
4544,0,null,0,0,0
4545,0,null,0,0,0
4546,0,null,0,0,0
4547,0,null,0,0,0
4548,0,null,0,0,0
4549,0,null,0,0,0
4550,0,null,0,0,0
4551,0,null,0,0,0
4552,0,null,0,0,0
4553,0,null,0,0,0
4554,1,primary_proton,1,1,1
4555,0,null,0,0,0
4556,0,null,0,0,0
4557,0,null,0,0,0
4558,0,null,0,0,0
4559,0,null,0,0,0
4560,0,null,0,0,0
4561,0,null,0,0,0
4562,0,null,0,0,0
4563,0,null,0,0,0
4564,0,null,0,0,0
4565,0,null,0,0,0
4566,0,null,0,0,0
4567,0,null,0,0,0
4568,0,null,0,0,0
4569,0,null,0,0,0
4570,0,null,0,0,0
4571,0,null,0,0,0
4572,0,null,0,0,0
4573,0,null,0,0,0
4574,0,null,0,0,0
4575,0,null,0,0,0
4576,0,null,0,0,0
4577,0,null,0,0,0
4578,0,null,0,0,0
4579,0,null,0,0,0
4580,0,null,0,0,0
4581,0,null,0,0,0
4582,0,null,0,0,0
4583,801,pi+,1,1,1
4584,0,null,0,0,0
4585,7,secondary_proton,1,1,1
4586,0,null,0,0,0
4587,0,null,0,0,0
4588,0,null,0,0,0
4589,0,null,0,0,0
4590,0,null,0,0,0
4591,0,null,0,0,0
4592,0,null,0,0,0
4593,0,null,0,0,0
4594,0,null,0,0,0
4595,0,null,0,0,0
4596,0,null,0,0,0
4597,0,null,0,0,0
4598,0,null,0,0,0
4599,1,primary_proton,1,1,1
4600,0,null,0,0,0
4601,0,null,0,0,0
4602,0,null,0,0,0
4603,0,null,0,0,0
4604,0,null,0,0,0
4605,0,null,0,0,0
4606,0,null,0,0,0
4607,0,null,0,0,0
4608,0,null,0,0,0
4609,0,null,0,0,0
4610,0,null,0,0,0
4611,0,null,0,0,0
4612,0,null,0,0,0
4613,0,null,0,0,0
4614,8,secondary_proton,1,1,1
4615,0,null,0,0,0
4616,0,null,0,0,0
4617,0,null,0,0,0
4618,0,null,0,0,0
4619,0,null,0,0,0
4620,0,null,0,0,0
4621,0,null,0,0,0
4622,0,null,0,0,0
4623,0,null,0,0,0
4624,0,null,0,0,0
4625,0,null,0,0,0
4626,0,null,0,0,0
4627,0,null,0,0,0
4628,0,null,0,0,0
4629,0,null,0,0,0
4630,1,primary_proton,1,1,1
4631,0,null,0,0,0
4632,0,null,0,0,0
4633,0,null,0,0,0
4634,0,null,0,0,0
4635,0,null,0,0,0
4636,5,pi-,1,1,1
4637,0,null,0,0,0
4638,0,null,0,0,0
4639,0,null,0,0,0
4640,0,null,0,0,0
4641,0,null,0,0,0
4642,0,null,0,0,0
4643,0,null,0,0,0
4644,0,null,0,0,0
4645,0,null,0,0,0
4646,0,null,0,0,0
4647,1,primary_proton,1,1,1
4648,0,null,0,0,0
4649,0,null,0,0,0
4650,0,null,0,0,0
4651,0,null,0,0,0
4652,0,null,0,0,0
4653,2,secondary_proton,1,1,1
4654,0,null,0,0,0
4655,0,null,0,0,0
4656,0,null,0,0,0
4657,0,null,0,0,0
4658,1,primary_proton,1,1,1
4659,0,null,0,0,0
4660,0,null,0,0,0
4661,0,null,0,0,0
4662,0,null,0,0,0
4663,0,null,0,0,0
4664,0,null,0,0,0
4665,0,null,0,0,0
4666,0,null,0,0,0
4667,0,null,0,0,0
4668,0,null,0,0,0
4669,0,null,0,0,0
4670,0,null,0,0,0
4671,0,null,0,0,0
4672,0,null,0,0,0
4673,0,null,0,0,0
4674,0,null,0,0,0
4675,0,null,0,0,0
4676,0,null,0,0,0
4677,0,null,0,0,0
4678,0,null,0,0,0
4679,0,null,0,0,0
4680,0,null,0,0,0
4681,0,null,0,0,0
4682,0,null,0,0,0
4683,5,secondary_proton,1,1,1
4684,0,null,0,0,0
4685,0,null,0,0,0
4686,0,null,0,0,0
4687,0,null,0,0,0
4688,0,null,0,0,0
4689,0,null,0,0,0
4690,0,null,0,0,0
4691,0,null,0,0,0
4692,0,null,0,0,0
4693,0,null,0,0,0
4694,0,null,0,0,0
4695,0,null,0,0,0
4696,0,null,0,0,0
4697,0,null,0,0,0
4698,0,null,0,0,0
4700,0,null,0,0,0
4701,0,null,0,0,0
4702,0,null,0,0,0
4703,0,null,0,0,0
4704,0,null,0,0,0
4705,0,null,0,0,0
4706,0,null,0,0,0
4707,0,null,0,0,0
4708,0,null,0,0,0
4709,0,null,0,0,0
4710,0,null,0,0,0
4711,0,null,0,0,0
4712,0,null,0,0,0
4713,6,pi+,1,0,0
4714,0,null,0,0,0
4715,0,null,0,0,0
4716,0,null,0,0,0
4717,0,null,0,0,0
4718,0,null,0,0,0
4719,0,null,0,0,0
4720,0,null,0,0,0
4721,0,null,0,0,0
4722,9,pi+,1,1,0
4723,0,null,0,0,0
4724,0,null,0,0,0
4725,0,null,0,0,0
4726,0,null,0,0,0
4727,0,null,0,0,0
4728,0,null,0,0,0
4729,0,null,0,0,0
4730,0,null,0,0,0
4731,0,null,0,0,0
4732,0,null,0,0,0
4733,0,null,0,0,0
4734,0,null,0,0,0
4735,0,null,0,0,0
4736,0,null,0,0,0
4737,0,null,0,0,0
4738,0,null,0,0,0
4739,0,null,0,0,0
4740,0,null,0,0,0
4741,0,null,0,0,0
4742,0,null,0,0,0
4743,0,null,0,0,0
4744,0,null,0,0,0
4745,0,null,0,0,0
4746,0,null,0,0,0
4747,0,null,0,0,0
4748,1,primary_proton,1,1,1
4749,0,null,0,0,0
4750,0,null,0,0,0
4751,0,null,0,0,0
4752,0,null,0,0,0
4753,0,null,0,0,0
4754,1,primary_proton,1,1,1
4755,1,primary_proton,1,1,1
4756,0,null,0,0,0
4757,0,null,0,0,0
4758,0,null,0,0,0
4759,0,null,0,0,0
4760,0,null,0,0,0
4761,0,null,0,0,0
4762,0,null,0,0,0
4763,0,null,0,0,0
4764,0,null,0,0,0
4765,0,null,0,0,0
4766,24,secondary_proton,1,1,1
4767,0,null,0,0,0
4768,0,null,0,0,0
4769,0,null,0,0,0
4770,0,null,0,0,0
4771,0,null,0,0,0
4772,0,null,0,0,0
4773,0,null,0,0,0
4774,0,null,0,0,0
4775,0,null,0,0,0
4776,0,null,0,0,0
4777,0,null,0,0,0
4778,0,null,0,0,0
4779,0,null,0,0,0
4780,0,null,0,0,0
4781,0,null,0,0,0
4782,0,null,0,0,0
4783,9,pi+,1,1,0
4784,0,null,0,0,0
4785,0,null,0,0,0
4786,0,null,0,0,0
4787,0,null,0,0,0
4788,0,null,0,0,0
4789,0,null,0,0,0
4790,0,null,0,0,0
4791,0,null,0,0,0
4792,0,null,0,0,0
4793,0,null,0,0,0
4794,0,null,0,0,0
4795,0,null,0,0,0
4796,0,null,0,0,0
4797,0,null,0,0,0
4798,0,null,0,0,0
4799,0,null,0,0,0
4800,0,null,0,0,0
4801,0,null,0,0,0
4802,0,null,0,0,0
4803,0,null,0,0,0
4804,0,null,0,0,0
4805,0,null,0,0,0
4806,0,null,0,0,0
4807,0,null,0,0,0
4808,0,null,0,0,0
4809,0,null,0,0,0
4810,6,pi-,1,1,1
4811,0,null,0,0,0
4812,0,null,0,0,0
4813,0,null,0,0,0
4814,0,null,0,0,0
4815,0,null,0,0,0
4816,0,null,0,0,0
4817,0,null,0,0,0
4818,0,null,0,0,0
4819,0,null,0,0,0
4820,0,null,0,0,0
4821,0,null,0,0,0
4822,0,null,0,0,0
4823,0,null,0,0,0
4824,0,null,0,0,0
4825,0,null,0,0,0
4826,0,null,0,0,0
4827,0,null,0,0,0
4828,0,null,0,0,0
4829,0,null,0,0,0
4830,0,null,0,0,0
4831,0,null,0,0,0
4832,0,null,0,0,0
4833,0,null,0,0,0
4834,0,null,0,0,0
4835,0,null,0,0,0
4836,0,null,0,0,0
4837,0,null,0,0,0
4838,0,null,0,0,0
4839,0,null,0,0,0
4840,0,null,0,0,0
4841,15,pi+,1,1,1
4842,0,null,0,0,0
4843,0,null,0,0,0
4844,0,null,0,0,0
4845,0,null,0,0,0
4846,0,null,0,0,0
4847,0,null,0,0,0
4848,0,null,0,0,0
4849,0,null,0,0,0
4850,0,null,0,0,0
4851,0,null,0,0,0
4852,0,null,0,0,0
4853,0,null,0,0,0
4854,1,primary_proton,1,1,1
4855,0,null,0,0,0
4856,0,null,0,0,0
4857,0,null,0,0,0
4858,0,null,0,0,0
4859,0,null,0,0,0
4860,0,null,0,0,0
4861,0,null,0,0,0
4862,0,null,0,0,0
4863,9,secondary_proton,1,1,1
4864,0,null,0,0,0
4865,0,null,0,0,0
4866,0,null,0,0,0
4867,0,null,0,0,0
4868,0,null,0,0,0
4869,0,null,0,0,0
4870,0,null,0,0,0
4871,0,null,0,0,0
4872,0,null,0,0,0
4873,0,null,0,0,0
4874,0,null,0,0,0
4875,0,null,0,0,0
4876,0,null,0,0,0
4877,0,null,0,0,0
4878,0,null,0,0,0
4879,0,null,0,0,0
4880,0,null,0,0,0
4881,0,null,0,0,0
4882,0,null,0,0,0
4883,1,primary_proton,1,1,1
4884,0,null,0,0,0
4885,0,null,0,0,0
4886,0,null,0,0,0
4887,0,null,0,0,0
4888,0,null,0,0,0
4889,0,null,0,0,0
4890,0,null,0,0,0
4891,0,null,0,0,0
4892,1,primary_proton,1,1,1
4893,0,null,0,0,0
4894,0,null,0,0,0
4895,0,null,0,0,0
4896,0,null,0,0,0
4897,0,null,0,0,0
4898,0,null,0,0,0
4899,0,null,0,0,0
4900,0,null,0,0,0
4901,0,null,0,0,0
4902,0,null,0,0,0
4903,0,null,0,0,0
4904,0,null,0,0,0
4905,0,null,0,0,0
4906,0,null,0,0,0
4907,0,null,0,0,0
4908,0,null,0,0,0
4909,0,null,0,0,0
4910,0,null,0,0,0
4911,0,null,0,0,0
4912,11,secondary_proton,1,1,1
4913,0,null,0,0,0
4914,0,null,0,0,0
4915,0,null,0,0,0
4916,0,null,0,0,0
4917,0,null,0,0,0
4918,0,null,0,0,0
4919,0,null,0,0,0
4920,0,null,0,0,0
4922,0,null,0,0,0
4923,4012,secondary_proton,1,1,0
4924,0,null,0,0,0
4925,0,null,0,0,0
4926,0,null,0,0,0
4927,0,null,0,0,0
4928,0,null,0,0,0
4929,0,null,0,0,0
4930,1,primary_proton,1,1,1
4931,0,null,0,0,0
4932,0,null,0,0,0
4933,0,null,0,0,0
4934,0,null,0,0,0
4935,0,null,0,0,0
4936,0,null,0,0,0
4937,0,null,0,0,0
4938,0,null,0,0,0
4939,0,null,0,0,0
4940,0,null,0,0,0
4941,0,null,0,0,0
4942,0,null,0,0,0
4943,0,null,0,0,0
4944,0,null,0,0,0
4945,0,null,0,0,0
4946,0,null,0,0,0
4947,0,null,0,0,0
4948,0,null,0,0,0
4949,0,null,0,0,0
4950,0,null,0,0,0
4951,0,null,0,0,0
4952,0,null,0,0,0
4953,0,null,0,0,0
4954,0,null,0,0,0
4955,0,null,0,0,0
4956,0,null,0,0,0
4957,0,null,0,0,0
4958,0,null,0,0,0
4959,0,null,0,0,0
4960,0,null,0,0,0
4961,0,null,0,0,0
4962,0,null,0,0,0
4963,0,null,0,0,0
4964,0,null,0,0,0
4965,0,null,0,0,0
4966,0,null,0,0,0
4967,7,secondary_proton,1,1,0
4968,0,null,0,0,0
4969,0,null,0,0,0
4970,0,null,0,0,0
4971,0,null,0,0,0
4972,0,null,0,0,0
4973,0,null,0,0,0
4974,0,null,0,0,0
4975,0,null,0,0,0
4976,0,null,0,0,0
4977,0,null,0,0,0
4978,0,null,0,0,0
4979,0,null,0,0,0
4980,0,null,0,0,0
4981,0,null,0,0,0
4982,0,null,0,0,0
4983,0,null,0,0,0
4984,8,pi-,1,1,1
4985,0,null,0,0,0
4986,0,null,0,0,0
4987,0,null,0,0,0
4988,0,null,0,0,0
4989,0,null,0,0,0
4990,0,null,0,0,0
4991,0,null,0,0,0
4992,0,null,0,0,0
4993,0,null,0,0,0
4994,1,primary_proton,1,1,1
4995,0,null,0,0,0
4996,0,null,0,0,0
4997,0,null,0,0,0
4998,0,null,0,0,0
4999,0,null,0,0,0
